ts,open,high,low,close,volume
1721415600000,0.03628,0.03668,0.03627,0.03664,7717010.0
1721419200000,0.03665,0.03677,0.03655,0.03659,4136205.0
1721422800000,0.03659,0.03678,0.03654,0.03669,3279435.0
1721426400000,0.03671,0.03679,0.03645,0.03645,4102392.0
1721430000000,0.03644,0.03658,0.03628,0.03635,4273478.0
1721433600000,0.03635,0.03657,0.036,0.0361,8925855.0
1721437200000,0.03609,0.03628,0.03604,0.03606,3667335.0
1721440800000,0.03606,0.03628,0.03605,0.0362,2201783.0
1721444400000,0.03621,0.03657,0.0362,0.03651,4470066.0
1721448000000,0.03652,0.03656,0.03641,0.03655,3287969.0
1721451600000,0.03653,0.03654,0.03624,0.03638,2753292.0
1721455200000,0.03636,0.03648,0.03634,0.03643,2209649.0
1721458800000,0.03642,0.03662,0.03636,0.03647,3138349.0
1721462400000,0.03647,0.03649,0.03619,0.03621,3606743.0
1721466000000,0.03621,0.03643,0.03609,0.03629,4847652.0
1721469600000,0.03629,0.03639,0.0362,0.03625,2144691.0
1721473200000,0.03624,0.03626,0.03607,0.03607,2452372.0
1721476800000,0.03608,0.03626,0.03604,0.03606,2730654.0
1721480400000,0.03606,0.03613,0.03565,0.03599,6961014.0
1721484000000,0.036,0.03642,0.03594,0.03628,4603940.0
1721487600000,0.03628,0.03657,0.03628,0.03651,4133166.0
1721491200000,0.03651,0.03669,0.03632,0.03648,4083237.0
1721494800000,0.03647,0.03688,0.03641,0.03681,8156193.0
1721498400000,0.03681,0.03684,0.03646,0.03658,2648421.0
1721502000000,0.03656,0.03668,0.0364,0.03642,3634671.0
1721505600000,0.0364,0.03663,0.03639,0.0366,1674780.0
1721509200000,0.03662,0.03662,0.03628,0.03647,2491893.0
1721512800000,0.03648,0.03653,0.03626,0.03639,1928604.0
1721516400000,0.03639,0.03647,0.03636,0.03642,931250.0
1721520000000,0.03644,0.03662,0.03617,0.03624,5603027.0
1721523600000,0.03624,0.03646,0.03612,0.03641,4262897.0
1721527200000,0.0364,0.03652,0.03635,0.0364,1486168.0
1721530800000,0.03639,0.03645,0.03627,0.03634,1900586.0
1721534400000,0.03633,0.03646,0.03617,0.03617,3508202.0
1721538000000,0.03617,0.03622,0.03595,0.03617,3963315.0
1721541600000,0.03617,0.03621,0.03586,0.03591,2808853.0
1721545200000,0.03589,0.03602,0.03574,0.03592,2384496.0
1721548800000,0.03592,0.03607,0.03588,0.03599,1257131.0
1721552400000,0.03598,0.03618,0.03595,0.03611,2882530.0
1721556000000,0.0361,0.03612,0.0358,0.03585,2422602.0
1721559600000,0.03584,0.0359,0.03565,0.03578,2508188.0
1721563200000,0.03577,0.03589,0.03568,0.03581,2111917.0
1721566800000,0.0358,0.03599,0.03562,0.0357,6534196.0
1721570400000,0.03572,0.03613,0.03555,0.03611,3341799.0
1721574000000,0.03612,0.03622,0.03585,0.03599,4054792.0
1721577600000,0.036,0.03621,0.03591,0.03618,2675530.0
1721581200000,0.03619,0.0362,0.03542,0.03561,8820805.0
1721584800000,0.03561,0.03592,0.03486,0.03551,18785726.0
1721588400000,0.0355,0.03612,0.03537,0.03608,6237011.0
1721592000000,0.03607,0.03672,0.03595,0.03654,8256758.0
1721595600000,0.03656,0.03673,0.03642,0.03671,3059215.0
1721599200000,0.0367,0.0369,0.03661,0.03663,4218632.0
1721602800000,0.03663,0.03674,0.03659,0.03665,3068471.0
1721606400000,0.03667,0.03686,0.0366,0.0366,7629192.0
1721610000000,0.03659,0.0366,0.03612,0.03613,6977394.0
1721613600000,0.03614,0.03648,0.03601,0.0364,3796999.0
1721617200000,0.03641,0.03646,0.03597,0.03597,3916286.0
1721620800000,0.03598,0.03608,0.03581,0.03595,3194229.0
1721624400000,0.03594,0.03596,0.03544,0.03561,3814171.0
1721628000000,0.0356,0.03563,0.03513,0.03527,5891832.0
1721631600000,0.03527,0.03529,0.03508,0.03524,3541726.0
1721635200000,0.03522,0.03542,0.03514,0.03525,2650001.0
1721638800000,0.03525,0.03551,0.0352,0.03551,2761529.0
1721642400000,0.0355,0.03556,0.03537,0.03545,2950733.0
1721646000000,0.03545,0.03564,0.03533,0.03559,2590547.0
1721649600000,0.0356,0.03579,0.03548,0.03577,3964543.0
1721653200000,0.03577,0.03585,0.03523,0.0353,5499025.0
1721656800000,0.03531,0.03548,0.03508,0.03515,4457813.0
1721660400000,0.03516,0.03552,0.03507,0.03537,2759729.0
1721664000000,0.03538,0.03561,0.03528,0.03544,4248935.0
1721667600000,0.03545,0.03561,0.03533,0.03561,3737146.0
1721671200000,0.03561,0.03576,0.03545,0.03554,1986576.0
1721674800000,0.03554,0.03577,0.03548,0.03577,1474784.0
1721678400000,0.03578,0.03581,0.03558,0.0357,1862397.0
1721682000000,0.0357,0.0357,0.03532,0.03539,3001487.0
1721685600000,0.03539,0.0354,0.03507,0.03516,3760871.0
1721689200000,0.03516,0.03518,0.03489,0.03515,4249459.0
1721692800000,0.03514,0.03545,0.03507,0.03534,2866485.0
1721696400000,0.03536,0.03568,0.03527,0.03545,3418921.0
1721700000000,0.03545,0.03552,0.03521,0.0354,1804043.0
1721703600000,0.0354,0.03542,0.03523,0.03526,1184147.0
1721707200000,0.03525,0.03529,0.03488,0.03495,3732477.0
1721710800000,0.03492,0.03497,0.03424,0.03438,10596068.0
1721714400000,0.03438,0.03463,0.03427,0.03444,3273137.0
1721718000000,0.03446,0.03473,0.03437,0.03465,4575674.0
1721721600000,0.03464,0.03536,0.03461,0.03522,4250825.0
1721725200000,0.03525,0.03533,0.03506,0.03514,3611393.0
1721728800000,0.03515,0.03519,0.03487,0.03487,3016084.0
1721732400000,0.03487,0.03488,0.03455,0.03472,5029706.0
1721736000000,0.03472,0.03475,0.03443,0.03459,3562363.0
1721739600000,0.03458,0.03483,0.03414,0.03437,11572907.0
1721743200000,0.03437,0.03513,0.03426,0.03503,6867750.0
1721746800000,0.03503,0.03507,0.03435,0.03436,6991368.0
1721750400000,0.03436,0.03442,0.03343,0.03349,9986369.0
1721754000000,0.03349,0.03385,0.03335,0.0338,8258117.0
1721757600000,0.03381,0.03391,0.03368,0.0338,3199159.0
1721761200000,0.0338,0.03416,0.03377,0.03401,4346690.0
1721764800000,0.034,0.03421,0.03397,0.03402,4565649.0
1721768400000,0.034,0.03418,0.03389,0.03389,1485210.0
1721772000000,0.03386,0.03395,0.03359,0.03389,4722081.0
1721775600000,0.0339,0.03397,0.03371,0.03386,2521989.0
1721779200000,0.03387,0.03396,0.03352,0.03352,6965585.0
1721782800000,0.03354,0.03393,0.03354,0.0337,2843796.0
1721786400000,0.03372,0.03399,0.03361,0.03398,1594929.0
1721790000000,0.03397,0.03411,0.03393,0.03409,1268246.0
1721793600000,0.03407,0.03409,0.0339,0.03394,1701275.0
1721797200000,0.03392,0.03406,0.03385,0.03404,1711877.0
1721800800000,0.03403,0.03414,0.034,0.03414,1482386.0
1721804400000,0.03412,0.03449,0.03411,0.03448,1429680.0
1721808000000,0.03448,0.03477,0.0344,0.03476,2816418.0
1721811600000,0.03474,0.03485,0.03451,0.03481,2117609.0
1721815200000,0.03483,0.03542,0.03478,0.03534,10126612.0
1721818800000,0.03535,0.03536,0.03495,0.03502,6522580.0
1721822400000,0.03504,0.0352,0.03491,0.03501,2593163.0
1721826000000,0.03501,0.03553,0.035,0.03526,4614591.0
1721829600000,0.03526,0.03567,0.0352,0.03537,4355267.0
1721833200000,0.03535,0.03541,0.0347,0.03485,5493611.0
1721836800000,0.03484,0.03495,0.03462,0.03488,4438399.0
1721840400000,0.03487,0.03507,0.03481,0.03494,2210143.0
1721844000000,0.03493,0.03493,0.03454,0.03458,3264240.0
1721847600000,0.03459,0.03478,0.03447,0.0346,2660328.0
1721851200000,0.03461,0.03483,0.03458,0.0348,1899798.0
1721854800000,0.03479,0.0348,0.03389,0.03409,11188630.0
1721858400000,0.03408,0.0341,0.03375,0.03385,6324483.0
1721862000000,0.03386,0.03387,0.03364,0.03378,3797853.0
1721865600000,0.03376,0.03384,0.03365,0.0337,3724810.0
1721869200000,0.03368,0.03369,0.0321,0.0327,33939809.0
1721872800000,0.03269,0.03269,0.03217,0.03246,6403703.0
1721876400000,0.03245,0.03247,0.03229,0.03234,3338503.0
1721880000000,0.03234,0.03277,0.03214,0.03275,3235589.0
1721883600000,0.03273,0.0328,0.03242,0.03242,5221833.0
1721887200000,0.03242,0.03269,0.03234,0.03259,3066764.0
1721890800000,0.03258,0.03264,0.03239,0.03242,1700578.0
1721894400000,0.03244,0.03269,0.03236,0.03262,2765816.0
1721898000000,0.03263,0.03271,0.03251,0.03256,2204643.0
1721901600000,0.03258,0.03258,0.03229,0.03246,2136126.0
1721905200000,0.03244,0.03261,0.03243,0.03257,1470437.0
1721908800000,0.03256,0.03265,0.03226,0.03235,2745572.0
1721912400000,0.03235,0.03262,0.03209,0.03241,7559297.0
1721916000000,0.03241,0.03282,0.03204,0.03278,8746326.0
1721919600000,0.03278,0.03281,0.03236,0.03255,3040508.0
1721923200000,0.03256,0.03291,0.03232,0.03276,12419463.0
1721926800000,0.03276,0.03284,0.03261,0.03275,3208984.0
1721930400000,0.03275,0.03279,0.03198,0.03211,4763534.0
1721934000000,0.03211,0.03237,0.03186,0.03221,4899169.0
1721937600000,0.03222,0.03257,0.03175,0.03257,7675256.0
1721941200000,0.03258,0.03319,0.03256,0.03315,6602756.0
1721944800000,0.03316,0.03347,0.03311,0.03323,4833213.0
1721948400000,0.03323,0.03346,0.03319,0.03344,1442389.0
1721952000000,0.03343,0.03378,0.03335,0.03365,4222977.0
1721955600000,0.03364,0.03384,0.03346,0.03356,4473658.0
1721959200000,0.03357,0.03421,0.03355,0.03414,5223339.0
1721962800000,0.03413,0.03425,0.03395,0.03397,3014804.0
1721966400000,0.03397,0.03417,0.03396,0.03416,1206279.0
1721970000000,0.03417,0.03426,0.03409,0.03423,1389321.0
1721973600000,0.03423,0.0344,0.03419,0.03438,1421486.0
1721977200000,0.03437,0.03452,0.03421,0.03423,2035072.0
1721980800000,0.03424,0.0343,0.03417,0.03423,1385197.0
1721984400000,0.03423,0.03445,0.03422,0.03435,1045535.0
1721988000000,0.03435,0.03448,0.03426,0.03447,1918268.0
1721991600000,0.03447,0.03449,0.03438,0.03441,1577225.0
1721995200000,0.03441,0.03447,0.03413,0.03418,3623442.0
1721998800000,0.03418,0.03459,0.03402,0.03457,5260462.0
1722002400000,0.03456,0.03473,0.03429,0.0345,5580245.0
1722006000000,0.0345,0.03468,0.03449,0.03461,2668776.0
1722009600000,0.0346,0.03483,0.03459,0.03464,3444856.0
1722013200000,0.03466,0.03471,0.03457,0.03461,1426280.0
1722016800000,0.03459,0.03485,0.03459,0.03483,2246721.0
1722020400000,0.03484,0.03511,0.03481,0.03498,5474594.0
1722024000000,0.03497,0.03502,0.03462,0.03464,2880916.0
1722027600000,0.03465,0.03503,0.03463,0.03502,2156697.0
1722031200000,0.03501,0.03502,0.03487,0.03495,1521655.0
1722034800000,0.03496,0.03513,0.03496,0.03508,2117338.0
1722038400000,0.0351,0.03889,0.03505,0.03804,180872924.0
1722042000000,0.03803,0.03884,0.03762,0.03818,129983973.0
1722045600000,0.03818,0.03834,0.03716,0.03788,77817840.0
1722049200000,0.03788,0.03824,0.03747,0.03783,49697087.0
1722052800000,0.03783,0.03842,0.0376,0.03776,44533428.0
1722056400000,0.03777,0.03851,0.03763,0.03833,44106119.0
1722060000000,0.03833,0.03866,0.03781,0.03801,47959238.0
1722063600000,0.03801,0.0402,0.03784,0.03958,207491707.0
1722067200000,0.03957,0.04008,0.03868,0.03899,112750779.0
1722070800000,0.03899,0.03902,0.03842,0.03875,66752305.0
1722074400000,0.03874,0.03915,0.03786,0.0382,86533844.0
1722078000000,0.0382,0.03826,0.0378,0.03805,38602588.0
1722081600000,0.03804,0.03911,0.03802,0.03834,75910952.0
1722085200000,0.03833,0.04062,0.03824,0.04021,152323547.0
1722088800000,0.04021,0.04035,0.03928,0.04023,98857586.0
1722092400000,0.04023,0.04167,0.03941,0.03982,475652781.0
1722096000000,0.03983,0.03984,0.03913,0.03956,126844164.0
1722099600000,0.03957,0.04046,0.03926,0.03996,162703553.0
1722103200000,0.03996,0.04037,0.03923,0.03935,63492492.0
1722106800000,0.03935,0.0399,0.03874,0.03901,91078561.0
1722110400000,0.039,0.03965,0.03826,0.0395,100419639.0
1722114000000,0.03949,0.04027,0.0393,0.03984,66471374.0
1722117600000,0.03985,0.03999,0.03955,0.03973,33440854.0
1722121200000,0.03974,0.03989,0.03937,0.03942,29196360.0
1722124800000,0.03943,0.04043,0.03856,0.03925,205613453.0
1722128400000,0.03924,0.0399,0.03889,0.03896,59165340.0
1722132000000,0.03896,0.0393,0.03843,0.03847,36322514.0
1722135600000,0.03847,0.03849,0.03795,0.03802,33782988.0
1722139200000,0.03804,0.03841,0.03785,0.03785,21347530.0
1722142800000,0.03787,0.03802,0.03758,0.0378,23795516.0
1722146400000,0.03781,0.0381,0.03778,0.03796,14700076.0
1722150000000,0.03796,0.03809,0.03778,0.03803,12580567.0
1722153600000,0.03803,0.03809,0.03732,0.03743,36844757.0
1722157200000,0.03743,0.03758,0.03733,0.0374,19049914.0
1722160800000,0.0374,0.03776,0.03738,0.03768,16344427.0
1722164400000,0.03768,0.03804,0.03754,0.03767,20292955.0
1722168000000,0.03767,0.03786,0.0373,0.03775,25789943.0
1722171600000,0.03775,0.03792,0.03757,0.03777,13785166.0
1722175200000,0.03777,0.03802,0.03768,0.03787,18552624.0
1722178800000,0.03788,0.03869,0.03777,0.03852,43800506.0
1722182400000,0.03852,0.04011,0.03846,0.03905,117856223.0
1722186000000,0.03904,0.03908,0.03825,0.0385,39886561.0
1722189600000,0.0385,0.03957,0.0384,0.03923,36344546.0
1722193200000,0.03923,0.03971,0.03884,0.03923,38904340.0
1722196800000,0.03924,0.03924,0.03869,0.03884,30475661.0
1722200400000,0.03885,0.03904,0.03851,0.03873,18240737.0
1722204000000,0.03873,0.03877,0.03825,0.03835,18404721.0
1722207600000,0.03836,0.03871,0.03806,0.03853,28186061.0
1722211200000,0.03853,0.03864,0.03781,0.03795,49994481.0
1722214800000,0.03795,0.03808,0.03761,0.03767,13705642.0
1722218400000,0.03768,0.03831,0.0376,0.03829,19156015.0
1722222000000,0.03828,0.03832,0.0378,0.03798,24801219.0
1722225600000,0.03798,0.03822,0.0379,0.0382,12147010.0
1722229200000,0.03822,0.03988,0.03822,0.03973,60324839.0
1722232800000,0.03974,0.04047,0.03901,0.04002,68859227.0
1722236400000,0.04,0.04,0.03943,0.03983,31266096.0
1722240000000,0.03982,0.04232,0.03968,0.04229,122314232.0
1722243600000,0.04229,0.0434,0.04117,0.04191,242344174.0
1722247200000,0.04191,0.04304,0.04148,0.04203,143133442.0
1722250800000,0.04205,0.04205,0.04127,0.04169,68200525.0
1722254400000,0.04171,0.0419,0.04121,0.04155,50487781.0
1722258000000,0.04154,0.04223,0.04091,0.0411,89746626.0
1722261600000,0.04111,0.04133,0.04026,0.04047,67241164.0
1722265200000,0.04046,0.04072,0.03993,0.04012,42704972.0
1722268800000,0.0401,0.0403,0.03947,0.03962,37914904.0
1722272400000,0.03963,0.04018,0.03946,0.03993,23471337.0
1722276000000,0.03994,0.04024,0.03989,0.04002,12017088.0
1722279600000,0.04,0.04014,0.03979,0.04002,11436471.0
1722283200000,0.04002,0.04022,0.03996,0.04021,15382946.0
1722286800000,0.04021,0.04041,0.03991,0.04033,23704618.0
1722290400000,0.04032,0.0409,0.0403,0.04051,17231335.0
1722294000000,0.04049,0.04064,0.04004,0.04014,18649826.0
1722297600000,0.04015,0.04069,0.03969,0.04019,60313822.0
1722301200000,0.04019,0.04059,0.03951,0.03957,25728082.0
1722304800000,0.03957,0.03977,0.03906,0.03967,24024065.0
1722308400000,0.03967,0.04055,0.03941,0.04018,35767751.0
1722312000000,0.04019,0.04115,0.04006,0.04101,43373570.0
1722315600000,0.04101,0.04125,0.03998,0.04017,58892545.0
1722319200000,0.04017,0.04062,0.03997,0.04022,23851042.0
1722322800000,0.04024,0.04099,0.04023,0.04069,22725362.0
1722326400000,0.04069,0.04116,0.04025,0.04032,25473260.0
1722330000000,0.04032,0.04098,0.04014,0.04024,24513170.0
1722333600000,0.04023,0.04035,0.03932,0.03937,27214917.0
1722337200000,0.03936,0.03961,0.03925,0.03957,15848330.0
1722340800000,0.03957,0.03969,0.03918,0.03947,14301130.0
1722344400000,0.03947,0.03973,0.03895,0.03902,18342493.0
1722348000000,0.03902,0.03931,0.03877,0.03887,15375802.0
1722351600000,0.03886,0.03964,0.03869,0.03955,17220764.0
1722355200000,0.03955,0.03976,0.03931,0.03932,18060025.0
1722358800000,0.03933,0.03954,0.03893,0.03921,20268292.0
1722362400000,0.03921,0.03934,0.03881,0.03907,16772851.0
1722366000000,0.03907,0.03914,0.03864,0.03874,13855460.0
1722369600000,0.03876,0.03911,0.03826,0.03901,19136563.0
1722373200000,0.03901,0.03959,0.03893,0.03939,17587727.0
1722376800000,0.0394,0.0398,0.03933,0.03954,12505885.0
1722380400000,0.03954,0.03956,0.03903,0.0391,9435314.0
1722384000000,0.0391,0.03925,0.03821,0.03907,28980173.0
1722387600000,0.03907,0.03947,0.03827,0.03848,35086233.0
1722391200000,0.03847,0.03857,0.03823,0.03828,13254462.0
1722394800000,0.03828,0.03862,0.03821,0.0383,8574544.0
1722398400000,0.0383,0.03837,0.03772,0.03801,17157451.0
1722402000000,0.03801,0.03831,0.03776,0.03825,9086740.0
1722405600000,0.03824,0.03859,0.0382,0.03838,8894946.0
1722409200000,0.03839,0.03853,0.03813,0.03814,7375455.0
1722412800000,0.03813,0.03842,0.03796,0.03816,9307236.0
1722416400000,0.03816,0.0383,0.03809,0.03827,4965556.0
1722420000000,0.03826,0.03835,0.03784,0.03787,9390333.0
1722423600000,0.03789,0.03819,0.03788,0.03815,5486981.0
1722427200000,0.03815,0.03835,0.03808,0.03811,7297761.0
1722430800000,0.0381,0.03853,0.03807,0.03813,9467561.0
1722434400000,0.03813,0.0383,0.03781,0.03796,10061423.0
1722438000000,0.03796,0.03802,0.03781,0.03784,5672646.0
1722441600000,0.03784,0.03814,0.03771,0.03785,9195540.0
1722445200000,0.03782,0.03829,0.0377,0.03813,5656580.0
1722448800000,0.03814,0.03827,0.03761,0.03827,10764206.0
1722452400000,0.03828,0.03831,0.03705,0.03731,14299210.0
1722456000000,0.0373,0.03738,0.03678,0.03699,14496762.0
1722459600000,0.037,0.03754,0.0369,0.03746,13406451.0
1722463200000,0.03747,0.03757,0.03707,0.03717,5059467.0
1722466800000,0.03715,0.03735,0.03699,0.03715,4141037.0
1722470400000,0.03717,0.03766,0.03702,0.03755,12705855.0
1722474000000,0.03755,0.03835,0.03732,0.03789,39565788.0
1722477600000,0.03791,0.03885,0.03732,0.03867,24886026.0
1722481200000,0.03866,0.03948,0.03822,0.03933,108138589.0
1722484800000,0.03933,0.03996,0.0376,0.03771,116782944.0
1722488400000,0.03771,0.03946,0.03759,0.03893,53149139.0
1722492000000,0.03893,0.03934,0.0381,0.03848,89155539.0
1722495600000,0.03847,0.03899,0.0382,0.03831,33793267.0
1722499200000,0.03831,0.03865,0.03817,0.03834,15255486.0
1722502800000,0.03832,0.0386,0.03778,0.03801,24285044.0
1722506400000,0.03801,0.03884,0.03775,0.03826,27031471.0
1722510000000,0.03827,0.03849,0.03794,0.03834,15383235.0
1722513600000,0.03835,0.03852,0.038,0.03819,17144924.0
1722517200000,0.03818,0.03828,0.03794,0.03799,11980770.0
1722520800000,0.03797,0.03804,0.03703,0.03703,27248678.0
1722524400000,0.03703,0.03756,0.03666,0.0371,33732997.0
1722528000000,0.03711,0.03711,0.03602,0.03625,43658804.0
1722531600000,0.03624,0.03657,0.03579,0.03643,24511689.0
1722535200000,0.03643,0.03643,0.03541,0.03576,31121520.0
1722538800000,0.03575,0.03633,0.03568,0.03609,17780692.0
1722542400000,0.03608,0.03702,0.03582,0.03701,22014010.0
1722546000000,0.03701,0.03799,0.03691,0.03752,27419159.0
1722549600000,0.03752,0.03828,0.03752,0.03794,13840680.0
1722553200000,0.03795,0.03814,0.0376,0.03784,13099437.0
1722556800000,0.03785,0.03902,0.03785,0.03816,89881473.0
1722560400000,0.03817,0.03884,0.03807,0.03863,25032878.0
1722564000000,0.03864,0.03873,0.03776,0.03832,21863767.0
1722567600000,0.03832,0.03838,0.03797,0.03824,10768090.0
1722571200000,0.03824,0.03839,0.03763,0.03791,14077682.0
1722574800000,0.03791,0.03794,0.03729,0.03736,11800033.0
1722578400000,0.03735,0.03748,0.03667,0.03723,22378496.0
1722582000000,0.03723,0.03759,0.03688,0.03727,9916532.0
1722585600000,0.03725,0.03735,0.03676,0.03734,10567939.0
1722589200000,0.03735,0.03759,0.03727,0.03749,11346153.0
1722592800000,0.0375,0.03839,0.03749,0.03802,22556836.0
1722596400000,0.03803,0.03839,0.0379,0.03795,11293917.0
1722600000000,0.03796,0.03805,0.03728,0.03776,22040675.0
1722603600000,0.03774,0.03833,0.03737,0.03781,19952754.0
1722607200000,0.03781,0.03793,0.03618,0.03625,24621466.0
1722610800000,0.03623,0.03646,0.03522,0.03636,38469216.0
1722614400000,0.03636,0.03648,0.03576,0.0361,13948414.0
1722618000000,0.03609,0.0363,0.0356,0.03562,9162025.0
1722621600000,0.03561,0.03563,0.03518,0.03525,10321200.0
1722625200000,0.03526,0.03549,0.03492,0.03539,10503624.0
1722628800000,0.03539,0.03576,0.03507,0.03555,16963147.0
1722632400000,0.03554,0.03556,0.03469,0.03494,14935519.0
1722636000000,0.03493,0.03494,0.03396,0.03422,40094264.0
1722639600000,0.03422,0.0346,0.03416,0.0343,17204868.0
1722643200000,0.03429,0.03455,0.03326,0.03341,29386093.0
1722646800000,0.03341,0.03362,0.03249,0.03356,58485899.0
1722650400000,0.03356,0.0339,0.03339,0.0337,14493281.0
1722654000000,0.03369,0.0343,0.0336,0.03427,14343226.0
1722657600000,0.03427,0.03449,0.03395,0.03404,10357250.0
1722661200000,0.03406,0.03456,0.03397,0.03451,9384385.0
1722664800000,0.0345,0.03489,0.03449,0.03473,18826280.0
1722668400000,0.03474,0.0348,0.03432,0.03434,6370740.0
1722672000000,0.03434,0.03435,0.03377,0.03403,11320398.0
1722675600000,0.03404,0.0342,0.03382,0.03418,4421317.0
1722679200000,0.03417,0.03418,0.0339,0.03406,4247733.0
1722682800000,0.03405,0.03425,0.03393,0.03418,4687232.0
1722686400000,0.03418,0.03505,0.0341,0.03449,16161601.0
1722690000000,0.03448,0.0347,0.03425,0.03455,11145643.0
1722693600000,0.03454,0.03625,0.03441,0.03572,65515949.0
1722697200000,0.03572,0.0363,0.0343,0.03436,60970006.0
1722700800000,0.03439,0.03485,0.03376,0.03417,45349140.0
1722704400000,0.03417,0.03418,0.03345,0.03371,28479997.0
1722708000000,0.03372,0.03399,0.03336,0.03354,23523208.0
1722711600000,0.03353,0.03367,0.03292,0.03294,15411662.0
1722715200000,0.03295,0.03367,0.03276,0.03319,16331290.0
1722718800000,0.03319,0.03395,0.03297,0.03372,12012355.0
1722722400000,0.03372,0.03409,0.0336,0.03384,9961118.0
1722726000000,0.03385,0.03421,0.03359,0.03398,9372348.0
1722729600000,0.03399,0.03402,0.03351,0.03397,10850265.0
1722733200000,0.03398,0.03403,0.03334,0.03379,12351330.0
1722736800000,0.03379,0.03498,0.03374,0.03473,35968434.0
1722740400000,0.03473,0.03484,0.03428,0.03454,20855821.0
1722744000000,0.03454,0.03465,0.03415,0.03423,14001219.0
1722747600000,0.03425,0.03548,0.03424,0.03531,58453144.0
1722751200000,0.03532,0.03533,0.03473,0.0351,36513602.0
1722754800000,0.0351,0.0354,0.03445,0.03457,37083272.0
1722758400000,0.03458,0.03518,0.03423,0.03482,53495520.0
1722762000000,0.03483,0.03493,0.03436,0.03468,41847836.0
1722765600000,0.03466,0.03477,0.03436,0.03467,19338771.0
1722769200000,0.03468,0.03512,0.03454,0.03494,25516711.0
1722772800000,0.03494,0.03543,0.03466,0.03536,25346392.0
1722776400000,0.03534,0.03546,0.03481,0.0349,27035624.0
1722780000000,0.03488,0.03493,0.03361,0.03382,60167566.0
1722783600000,0.03383,0.03387,0.0328,0.03297,58524722.0
1722787200000,0.03296,0.03315,0.03214,0.03222,46103255.0
1722790800000,0.03221,0.0327,0.03159,0.03252,62727076.0
1722794400000,0.03252,0.03275,0.03205,0.0327,30951020.0
1722798000000,0.0327,0.03333,0.03233,0.03275,26496736.0
1722801600000,0.03275,0.03308,0.03229,0.03247,15695028.0
1722805200000,0.03247,0.0325,0.03209,0.03217,13474602.0
1722808800000,0.03216,0.03261,0.03205,0.03216,16051037.0
1722812400000,0.03216,0.03216,0.03149,0.0316,24303627.0
1722816000000,0.0316,0.0318,0.02954,0.02993,126345236.0
1722819600000,0.02992,0.02998,0.02634,0.02846,286367136.0
1722823200000,0.02846,0.02858,0.02761,0.02832,77926951.0
1722826800000,0.02834,0.02852,0.02773,0.02805,64728739.0
1722830400000,0.02806,0.02851,0.02791,0.02813,28843404.0
1722834000000,0.02814,0.02828,0.02707,0.02773,104921887.0
1722837600000,0.02773,0.02789,0.02523,0.02711,184920623.0
1722841200000,0.02714,0.02855,0.02696,0.02815,75476766.0
1722844800000,0.02816,0.02829,0.02752,0.02773,36854594.0
1722848400000,0.02772,0.02786,0.0271,0.02765,30184089.0
1722852000000,0.02764,0.02764,0.02648,0.02693,46356804.0
1722855600000,0.02693,0.02694,0.02605,0.0269,36978715.0
1722859200000,0.0269,0.02721,0.02619,0.02644,59820236.0
1722862800000,0.02643,0.02869,0.02624,0.02841,103280364.0
1722866400000,0.02843,0.02969,0.02839,0.02935,70609525.0
1722870000000,0.02939,0.02985,0.02906,0.02959,26657142.0
1722873600000,0.02958,0.03038,0.02943,0.02966,44306985.0
1722877200000,0.02967,0.03013,0.02958,0.02966,21557418.0
1722880800000,0.02966,0.02977,0.0288,0.02883,25587519.0
1722884400000,0.02882,0.0293,0.0286,0.02904,26866069.0
1722888000000,0.02904,0.02956,0.02901,0.02935,27540762.0
1722891600000,0.02934,0.02986,0.02814,0.02844,62715387.0
1722895200000,0.02845,0.02911,0.02845,0.02882,32844744.0
1722898800000,0.02883,0.02908,0.02845,0.02852,15242125.0
1722902400000,0.0285,0.02992,0.02843,0.02992,41901748.0
1722906000000,0.0299,0.03016,0.0294,0.02961,26389863.0
1722909600000,0.0296,0.02985,0.02947,0.02982,14455393.0
1722913200000,0.02981,0.02988,0.02951,0.02971,11684663.0
1722916800000,0.0297,0.02991,0.02956,0.02974,12274832.0
1722920400000,0.02974,0.03043,0.02964,0.03039,16989219.0
1722924000000,0.03037,0.03047,0.02996,0.03014,14733784.0
1722927600000,0.03011,0.03026,0.02982,0.03021,13235778.0
1722931200000,0.03019,0.03019,0.02907,0.02925,18668531.0
1722934800000,0.02927,0.02945,0.02902,0.0294,20991991.0
1722938400000,0.0294,0.02946,0.02905,0.02915,8790358.0
1722942000000,0.02915,0.02939,0.02904,0.02924,9951777.0
1722945600000,0.02922,0.0294,0.02891,0.029,11989620.0
1722949200000,0.02899,0.02933,0.02868,0.02917,27907253.0
1722952800000,0.02916,0.03039,0.02915,0.03,37128448.0
1722956400000,0.03,0.03025,0.02966,0.03002,16524689.0
1722960000000,0.03003,0.03045,0.02986,0.03026,15092033.0
1722963600000,0.03025,0.0304,0.02995,0.02996,9003103.0
1722967200000,0.02996,0.03036,0.02996,0.03005,7547028.0
1722970800000,0.03005,0.03014,0.02984,0.02993,4994145.0
1722974400000,0.02992,0.03006,0.02972,0.02994,6888176.0
1722978000000,0.02994,0.03,0.02976,0.02995,3759008.0
1722981600000,0.02995,0.03025,0.02967,0.02983,13475062.0
1722985200000,0.02984,0.02995,0.02952,0.02969,11209340.0
1722988800000,0.02968,0.02991,0.02929,0.02971,18858775.0
1722992400000,0.02973,0.03028,0.0294,0.03025,10805787.0
1722996000000,0.03026,0.03059,0.02989,0.03012,14962428.0
1722999600000,0.03013,0.0303,0.02997,0.03016,11158207.0
1723003200000,0.03016,0.03046,0.03011,0.03016,9113956.0
1723006800000,0.03018,0.03039,0.03008,0.03008,8565471.0
1723010400000,0.03008,0.03021,0.02997,0.03007,4924327.0
1723014000000,0.03008,0.03019,0.02987,0.03001,5789043.0
1723017600000,0.03,0.03019,0.02996,0.03009,9673157.0
1723021200000,0.03007,0.03043,0.02998,0.03022,7595816.0
1723024800000,0.03024,0.03055,0.0301,0.03014,7114137.0
1723028400000,0.03015,0.03022,0.02993,0.02999,7919197.0
1723032000000,0.02999,0.03147,0.02987,0.03109,107912666.0
1723035600000,0.03111,0.0313,0.03039,0.03052,39471428.0
1723039200000,0.03051,0.03056,0.02912,0.0296,42775823.0
1723042800000,0.0296,0.02995,0.02947,0.02974,22947100.0
1723046400000,0.02975,0.02986,0.02953,0.02969,12595474.0
1723050000000,0.02969,0.02982,0.02922,0.02942,15475488.0
1723053600000,0.02941,0.02952,0.02888,0.029,20655856.0
1723057200000,0.02901,0.02913,0.02884,0.02908,8890639.0
1723060800000,0.02907,0.02937,0.02853,0.02898,24441985.0
1723064400000,0.02899,0.02917,0.02875,0.02898,11443937.0
1723068000000,0.02898,0.02911,0.02849,0.02904,12717444.0
1723071600000,0.02904,0.02913,0.02874,0.02893,6938034.0
1723075200000,0.02892,0.03019,0.0287,0.02928,99389394.0
1723078800000,0.0293,0.03039,0.02924,0.03019,41400291.0
1723082400000,0.03018,0.03061,0.03018,0.03057,16333873.0
1723086000000,0.03057,0.03076,0.03027,0.03027,13403076.0
1723089600000,0.03028,0.03053,0.03006,0.03011,8313466.0
1723093200000,0.03011,0.03033,0.02999,0.03023,9438715.0
1723096800000,0.03023,0.03038,0.03006,0.03021,6353832.0
1723100400000,0.03021,0.03028,0.02987,0.02989,14068595.0
1723104000000,0.0299,0.0302,0.02987,0.03012,6184990.0
1723107600000,0.03014,0.03021,0.02995,0.03003,6695159.0
1723111200000,0.03004,0.03054,0.02993,0.03041,14445244.0
1723114800000,0.03041,0.03061,0.03029,0.03033,12200236.0
1723118400000,0.03032,0.03117,0.03017,0.03064,28285229.0
1723122000000,0.03065,0.03085,0.0301,0.03037,22546296.0
1723125600000,0.03035,0.03104,0.0303,0.03104,19633096.0
1723129200000,0.03104,0.03138,0.0309,0.03134,14981584.0
1723132800000,0.03134,0.03176,0.0313,0.03137,25130962.0
1723136400000,0.03138,0.03148,0.03116,0.03119,5342519.0
1723140000000,0.0312,0.03142,0.03119,0.03135,5887531.0
1723143600000,0.03135,0.03146,0.03123,0.03129,4894849.0
1723147200000,0.03128,0.03146,0.03127,0.0314,6917271.0
1723150800000,0.03137,0.03217,0.03135,0.03209,11254991.0
1723154400000,0.0321,0.03277,0.03178,0.03261,20276801.0
1723158000000,0.03261,0.03277,0.03235,0.03247,15150775.0
1723161600000,0.03247,0.03253,0.03209,0.03231,14111669.0
1723165200000,0.0323,0.03236,0.03203,0.03219,10367128.0
1723168800000,0.03219,0.03225,0.03203,0.03207,6249349.0
1723172400000,0.03209,0.03227,0.03206,0.03219,3926399.0
1723176000000,0.03219,0.03221,0.03164,0.03165,9809859.0
1723179600000,0.03164,0.03189,0.03155,0.03182,6001960.0
1723183200000,0.03181,0.03211,0.03176,0.03194,6905253.0
1723186800000,0.03193,0.0321,0.03145,0.03156,14582176.0
1723190400000,0.03155,0.03181,0.03143,0.03178,8477151.0
1723194000000,0.03178,0.03185,0.03149,0.03158,8165792.0
1723197600000,0.03158,0.03172,0.0313,0.03169,8844635.0
1723201200000,0.03169,0.03182,0.03154,0.03175,4774353.0
1723204800000,0.03175,0.03191,0.03158,0.03181,7210950.0
1723208400000,0.03179,0.03187,0.0312,0.03164,7557920.0
1723212000000,0.03162,0.03212,0.03109,0.03158,17488854.0
1723215600000,0.03158,0.03173,0.03136,0.0314,5777938.0
1723219200000,0.0314,0.03158,0.03131,0.03149,6679979.0
1723222800000,0.0315,0.03166,0.03141,0.03146,4459423.0
1723226400000,0.03147,0.03158,0.03139,0.03156,3754379.0
1723230000000,0.03156,0.03165,0.0314,0.03164,2137699.0
1723233600000,0.03164,0.03176,0.03152,0.03163,2568748.0
1723237200000,0.03163,0.0317,0.03134,0.03167,5364076.0
1723240800000,0.03166,0.03189,0.03147,0.03163,5718820.0
1723244400000,0.03164,0.03201,0.03153,0.03198,8900454.0
1723248000000,0.03198,0.03238,0.03177,0.03179,11141732.0
1723251600000,0.03179,0.03201,0.03168,0.03173,4927861.0
1723255200000,0.03172,0.03191,0.03165,0.03173,2895530.0
1723258800000,0.03172,0.0318,0.03164,0.0317,6628961.0
1723262400000,0.03168,0.03168,0.03132,0.03157,4261837.0
1723266000000,0.03157,0.03173,0.03148,0.03156,3710258.0
1723269600000,0.03156,0.03169,0.03151,0.03167,3773697.0
1723273200000,0.03168,0.03188,0.03163,0.03185,3007780.0
1723276800000,0.03185,0.03185,0.03166,0.03171,3149216.0
1723280400000,0.03171,0.03203,0.03167,0.03197,4718648.0
1723284000000,0.03196,0.03206,0.03176,0.03203,7821153.0
1723287600000,0.03204,0.0322,0.03198,0.03217,3216784.0
1723291200000,0.03217,0.03218,0.03191,0.03196,7138605.0
1723294800000,0.03198,0.03203,0.03161,0.03164,4910064.0
1723298400000,0.03164,0.03185,0.03161,0.03174,3196287.0
1723302000000,0.03174,0.03201,0.03172,0.03174,4934415.0
1723305600000,0.03174,0.0319,0.03165,0.03181,4381054.0
1723309200000,0.0318,0.03199,0.03177,0.03197,2848917.0
1723312800000,0.03196,0.03207,0.03184,0.03186,3914293.0
1723316400000,0.03187,0.03209,0.03182,0.032,3138626.0
1723320000000,0.03203,0.03217,0.03196,0.03207,2405847.0
1723323600000,0.03207,0.03221,0.03207,0.03216,1511995.0
1723327200000,0.03217,0.03218,0.03205,0.03207,2360463.0
1723330800000,0.03208,0.0321,0.03191,0.03204,2921132.0
1723334400000,0.03202,0.03213,0.03192,0.03212,3455879.0
1723338000000,0.03211,0.0322,0.03198,0.03209,4069320.0
1723341600000,0.03209,0.03215,0.03194,0.03205,2018834.0
1723345200000,0.03204,0.03232,0.03204,0.03214,4366201.0
1723348800000,0.03213,0.03215,0.03179,0.03186,7360935.0
1723352400000,0.03186,0.03199,0.03176,0.03197,3224408.0
1723356000000,0.03196,0.03207,0.03189,0.03196,2580443.0
1723359600000,0.03198,0.03211,0.03197,0.03209,2390436.0
1723363200000,0.03209,0.03229,0.03201,0.03222,1798296.0
1723366800000,0.03223,0.03251,0.03199,0.03208,6094720.0
1723370400000,0.03208,0.03218,0.03198,0.03209,2751433.0
1723374000000,0.03211,0.03211,0.03155,0.03166,7080391.0
1723377600000,0.03165,0.03177,0.03132,0.03147,4655416.0
1723381200000,0.03146,0.03146,0.0311,0.03133,5477391.0
1723384800000,0.03132,0.03142,0.03095,0.03105,5355565.0
1723388400000,0.03104,0.03118,0.03081,0.03103,5595381.0
1723392000000,0.03102,0.03109,0.03088,0.031,8209544.0
1723395600000,0.031,0.03109,0.03088,0.03093,1970352.0
1723399200000,0.03093,0.03104,0.0309,0.03099,3255480.0
1723402800000,0.03099,0.03101,0.03032,0.03033,11764784.0
1723406400000,0.03034,0.03041,0.02992,0.02997,17023634.0
1723410000000,0.02997,0.03016,0.02985,0.03013,5514397.0
1723413600000,0.03013,0.0302,0.02969,0.03005,16535469.0
1723417200000,0.03004,0.0301,0.02984,0.02996,11326026.0
1723420800000,0.02996,0.03039,0.02989,0.03018,12073072.0
1723424400000,0.03016,0.03041,0.03004,0.03027,3932406.0
1723428000000,0.03026,0.03028,0.03007,0.03021,2528030.0
1723431600000,0.0302,0.03028,0.03,0.03012,4768357.0
1723435200000,0.03011,0.03026,0.03007,0.03007,3769254.0
1723438800000,0.03006,0.03022,0.03003,0.0302,3295148.0
1723442400000,0.03019,0.03128,0.0301,0.03034,83360043.0
1723446000000,0.03033,0.03093,0.02988,0.03072,24800462.0
1723449600000,0.03071,0.03115,0.03057,0.03066,14954498.0
1723453200000,0.03065,0.0309,0.03051,0.03063,10843650.0
1723456800000,0.03063,0.03114,0.03051,0.03108,7116129.0
1723460400000,0.03108,0.03166,0.03104,0.03137,14255859.0
1723464000000,0.03138,0.03147,0.0312,0.03135,8957708.0
1723467600000,0.03135,0.03142,0.03023,0.03031,18722861.0
1723471200000,0.03032,0.03165,0.03004,0.03152,32522609.0
1723474800000,0.03153,0.03161,0.03086,0.03134,22308512.0
1723478400000,0.03135,0.03146,0.03116,0.0313,9006422.0
1723482000000,0.03131,0.03143,0.03105,0.03105,4749856.0
1723485600000,0.03107,0.03124,0.03062,0.03065,6171338.0
1723489200000,0.03066,0.03096,0.03066,0.03082,3184975.0
1723492800000,0.03083,0.03105,0.0307,0.03075,3908236.0
1723496400000,0.03075,0.03084,0.03053,0.03082,2512034.0
1723500000000,0.03082,0.031,0.03075,0.0309,3582636.0
1723503600000,0.03087,0.03149,0.03087,0.03138,13908290.0
1723507200000,0.03139,0.03175,0.03117,0.03137,20034712.0
1723510800000,0.03138,0.0316,0.03133,0.03148,9278808.0
1723514400000,0.03147,0.03147,0.03103,0.03117,5355033.0
1723518000000,0.03117,0.03119,0.03072,0.03078,7627294.0
1723521600000,0.03077,0.031,0.03066,0.03098,4461033.0
1723525200000,0.03099,0.03109,0.03092,0.03101,1669360.0
1723528800000,0.03102,0.03116,0.03088,0.03108,3023200.0
1723532400000,0.03109,0.03118,0.03098,0.03103,1624621.0
1723536000000,0.03103,0.03106,0.03081,0.03087,2189463.0
1723539600000,0.03087,0.03091,0.03064,0.0308,3555679.0
1723543200000,0.0308,0.03086,0.03053,0.03076,4284563.0
1723546800000,0.03077,0.03086,0.03064,0.03085,1550085.0
1723550400000,0.03083,0.03101,0.03071,0.03096,7280804.0
1723554000000,0.03096,0.03125,0.03082,0.03121,3668631.0
1723557600000,0.03122,0.03136,0.0309,0.03129,6535313.0
1723561200000,0.03131,0.03135,0.03106,0.03117,2700470.0
1723564800000,0.03117,0.03188,0.03115,0.03185,7473196.0
1723568400000,0.03184,0.03208,0.03176,0.03197,7753058.0
1723572000000,0.03198,0.03224,0.03197,0.03211,8252701.0
1723575600000,0.03211,0.03212,0.03169,0.03187,4960121.0
1723579200000,0.03187,0.03206,0.03185,0.03188,5181772.0
1723582800000,0.03189,0.03206,0.03176,0.03197,3964558.0
1723586400000,0.03197,0.03202,0.03176,0.03179,4669867.0
1723590000000,0.03179,0.03184,0.03159,0.03176,3199744.0
1723593600000,0.03176,0.03198,0.03161,0.03192,12917141.0
1723597200000,0.03191,0.03195,0.03152,0.03153,4733338.0
1723600800000,0.03154,0.0318,0.0315,0.03174,3310071.0
1723604400000,0.03173,0.03186,0.03169,0.03169,2953768.0
1723608000000,0.03168,0.03174,0.03154,0.03158,4034174.0
1723611600000,0.03158,0.03162,0.03112,0.03116,8025098.0
1723615200000,0.03116,0.03142,0.03095,0.03123,9316822.0
1723618800000,0.03123,0.03124,0.03106,0.03117,1887528.0
1723622400000,0.03116,0.03136,0.0311,0.03136,2787996.0
1723626000000,0.03135,0.03156,0.03129,0.03139,3548611.0
1723629600000,0.03138,0.03171,0.03138,0.0315,3337702.0
1723633200000,0.03152,0.03173,0.03137,0.03163,3112079.0
1723636800000,0.03161,0.0321,0.03147,0.03179,19938320.0
1723640400000,0.03179,0.03193,0.03084,0.03093,10288004.0
1723644000000,0.03091,0.03115,0.03056,0.03106,10124625.0
1723647600000,0.03106,0.03137,0.03088,0.03114,5456576.0
1723651200000,0.03113,0.03126,0.03087,0.03103,4803499.0
1723654800000,0.03102,0.03114,0.03097,0.03097,1240952.0
1723658400000,0.03096,0.03112,0.03084,0.03097,2132295.0
1723662000000,0.03098,0.03098,0.03074,0.03079,2003273.0
1723665600000,0.03078,0.03092,0.03074,0.03085,1387964.0
1723669200000,0.03085,0.03095,0.0308,0.03084,1427092.0
1723672800000,0.03084,0.03102,0.03062,0.03101,3072970.0
1723676400000,0.03102,0.03106,0.03088,0.031,2488825.0
1723680000000,0.03098,0.0323,0.03097,0.03183,111397665.0
1723683600000,0.03182,0.03203,0.03153,0.03173,27872144.0
1723687200000,0.03173,0.03188,0.03148,0.03151,16067345.0
1723690800000,0.03153,0.03164,0.03144,0.03155,5913988.0
1723694400000,0.03156,0.03215,0.03147,0.03181,24613719.0
1723698000000,0.03179,0.03186,0.03133,0.03135,15726115.0
1723701600000,0.03136,0.03158,0.03118,0.03141,11473825.0
1723705200000,0.03141,0.0319,0.03131,0.0317,31175036.0
1723708800000,0.0317,0.03262,0.03153,0.03199,68258605.0
1723712400000,0.032,0.03226,0.03184,0.03214,37806208.0
1723716000000,0.03214,0.0322,0.0318,0.03181,19962218.0
1723719600000,0.0318,0.03268,0.0318,0.03238,54917602.0
1723723200000,0.03236,0.03262,0.03206,0.03222,39222265.0
1723726800000,0.03222,0.03245,0.03205,0.03232,16306673.0
1723730400000,0.03231,0.03263,0.03213,0.03238,25143426.0
1723734000000,0.03239,0.03246,0.032,0.03211,14402081.0
1723737600000,0.03211,0.03238,0.03194,0.03206,11735476.0
1723741200000,0.03205,0.03207,0.03139,0.03142,10638601.0
1723744800000,0.03142,0.03142,0.03042,0.03051,42758930.0
1723748400000,0.03051,0.03073,0.03028,0.03046,21352620.0
1723752000000,0.03047,0.03055,0.03023,0.03044,14631519.0
1723755600000,0.03044,0.03047,0.03014,0.03037,11075286.0
1723759200000,0.03039,0.03098,0.03028,0.03064,12139615.0
1723762800000,0.03065,0.03085,0.03059,0.03071,4872864.0
1723766400000,0.03071,0.03161,0.03061,0.03128,50665601.0
1723770000000,0.0313,0.03145,0.03081,0.03125,21524274.0
1723773600000,0.03125,0.03195,0.03109,0.03147,29396109.0
1723777200000,0.03147,0.03171,0.03116,0.03139,14837244.0
1723780800000,0.03139,0.03158,0.03126,0.03151,11366683.0
1723784400000,0.03151,0.03164,0.03135,0.03137,7532244.0
1723788000000,0.03137,0.03173,0.03126,0.03163,6624479.0
1723791600000,0.03163,0.0317,0.03148,0.0315,8199115.0
1723795200000,0.03149,0.03155,0.03126,0.03136,4031197.0
1723798800000,0.03137,0.03143,0.03116,0.03142,4760036.0
1723802400000,0.03144,0.03146,0.03121,0.03125,3248141.0
1723806000000,0.03126,0.03164,0.03121,0.03128,9902138.0
1723809600000,0.03129,0.03138,0.0306,0.03085,14994489.0
1723813200000,0.03085,0.03137,0.03075,0.03107,19157279.0
1723816800000,0.03106,0.03118,0.03042,0.03049,10227506.0
1723820400000,0.0305,0.03069,0.03007,0.03051,16467224.0
1723824000000,0.03049,0.03098,0.03042,0.0307,10980746.0
1723827600000,0.03071,0.03118,0.03042,0.03108,8987906.0
1723831200000,0.03108,0.03135,0.03101,0.03126,8817591.0
1723834800000,0.03128,0.03134,0.03111,0.0312,3772723.0
1723838400000,0.03121,0.03138,0.0311,0.03111,3775600.0
1723842000000,0.0311,0.03114,0.03092,0.03099,4434551.0
1723845600000,0.031,0.03115,0.03091,0.03098,5426534.0
1723849200000,0.03097,0.031,0.03086,0.0309,3989413.0
1723852800000,0.0309,0.03091,0.03054,0.03077,8870428.0
1723856400000,0.03076,0.0309,0.0307,0.03077,4783399.0
1723860000000,0.03078,0.03097,0.03074,0.03084,1945817.0
1723863600000,0.03084,0.03086,0.03055,0.03062,5016721.0
1723867200000,0.03063,0.03076,0.03056,0.03073,2834935.0
1723870800000,0.03074,0.03085,0.03069,0.03079,1677935.0
1723874400000,0.03079,0.03085,0.03072,0.03079,3036820.0
1723878000000,0.03081,0.03095,0.03079,0.03092,2749206.0
1723881600000,0.03092,0.03096,0.03077,0.03087,1853768.0
1723885200000,0.03086,0.03094,0.03073,0.0309,3280580.0
1723888800000,0.0309,0.03103,0.03084,0.03099,8812684.0
1723892400000,0.03099,0.03101,0.03072,0.03078,9001487.0
1723896000000,0.03076,0.03102,0.03071,0.03101,3923218.0
1723899600000,0.03102,0.03115,0.0309,0.03098,4045052.0
1723903200000,0.03097,0.03103,0.03075,0.03093,5136794.0
1723906800000,0.03093,0.03114,0.03081,0.03083,4995338.0
1723910400000,0.03083,0.03101,0.0308,0.03097,5438582.0
1723914000000,0.03097,0.03109,0.03078,0.0308,6254493.0
1723917600000,0.03081,0.03085,0.03064,0.03074,3718402.0
1723921200000,0.03075,0.03075,0.03058,0.03059,4517756.0
1723924800000,0.03059,0.03064,0.03034,0.03049,4831755.0
1723928400000,0.03049,0.03066,0.03034,0.03064,5403615.0
1723932000000,0.03065,0.03071,0.03054,0.03065,3418914.0
1723935600000,0.03066,0.03084,0.03061,0.03084,3112718.0
1723939200000,0.03084,0.03135,0.03066,0.03108,15227273.0
1723942800000,0.03109,0.0313,0.03096,0.03099,9227201.0
1723946400000,0.031,0.03126,0.03085,0.03119,7537791.0
1723950000000,0.0312,0.03129,0.03078,0.03078,3934983.0
1723953600000,0.03078,0.03091,0.0307,0.03091,2111284.0
1723957200000,0.03091,0.03097,0.03084,0.03091,2493303.0
1723960800000,0.03091,0.03102,0.03088,0.03092,4766833.0
1723964400000,0.03093,0.03094,0.03067,0.03074,2450687.0
1723968000000,0.03076,0.0309,0.03074,0.03086,1301949.0
1723971600000,0.03084,0.03108,0.03078,0.03098,3034131.0
1723975200000,0.03099,0.0312,0.03099,0.03105,5208413.0
1723978800000,0.03103,0.0311,0.0309,0.031,2393772.0
1723982400000,0.03101,0.03117,0.03092,0.03103,2914628.0
1723986000000,0.03103,0.03123,0.03096,0.03097,3730947.0
1723989600000,0.03096,0.0311,0.03092,0.03104,3730334.0
1723993200000,0.03104,0.0312,0.03092,0.03119,3260338.0
1723996800000,0.03119,0.03149,0.03118,0.03137,6869007.0
1724000400000,0.03137,0.0314,0.03102,0.03108,5272680.0
1724004000000,0.03109,0.03119,0.03103,0.03113,2439655.0
1724007600000,0.03113,0.03133,0.03111,0.03131,1351532.0
1724011200000,0.03132,0.0314,0.03124,0.03131,2508664.0
1724014800000,0.03129,0.03132,0.03108,0.03112,1851068.0
1724018400000,0.03113,0.03122,0.03103,0.03105,3267890.0
1724022000000,0.03104,0.03105,0.03053,0.03053,8609994.0
1724025600000,0.03055,0.03093,0.03045,0.0305,17980146.0
1724029200000,0.03049,0.03098,0.03047,0.03079,16433189.0
1724032800000,0.03081,0.03103,0.03077,0.03098,3966256.0
1724036400000,0.03099,0.03101,0.0308,0.03088,2327336.0
1724040000000,0.03087,0.03088,0.03074,0.0308,1629846.0
1724043600000,0.0308,0.03081,0.03036,0.03049,6240191.0
1724047200000,0.03049,0.03064,0.03036,0.03058,3565144.0
1724050800000,0.03059,0.03074,0.0304,0.03041,2644223.0
1724054400000,0.03042,0.03068,0.03041,0.03064,2924045.0
1724058000000,0.03064,0.03081,0.03037,0.0304,6553484.0
1724061600000,0.0304,0.0306,0.03022,0.03043,6962824.0
1724065200000,0.03043,0.03082,0.03033,0.03076,4138994.0
1724068800000,0.03077,0.03084,0.03055,0.03071,3274631.0
1724072400000,0.0307,0.03089,0.03044,0.03051,7259050.0
1724076000000,0.03052,0.03063,0.03034,0.03061,5732591.0
1724079600000,0.03063,0.03071,0.03051,0.03061,3329169.0
1724083200000,0.03063,0.03068,0.03043,0.03063,2349951.0
1724086800000,0.03061,0.03121,0.03057,0.03096,7855186.0
1724090400000,0.03095,0.03114,0.03075,0.03103,3469622.0
1724094000000,0.03105,0.03117,0.03099,0.03115,1761973.0
1724097600000,0.03113,0.03125,0.03105,0.03117,1428123.0
1724101200000,0.03115,0.03128,0.03109,0.0312,1705956.0
1724104800000,0.03119,0.0313,0.03117,0.03124,2542966.0
1724108400000,0.03126,0.03136,0.03116,0.03135,2407427.0
1724112000000,0.03133,0.03179,0.03119,0.03157,10317618.0
1724115600000,0.03159,0.03176,0.03153,0.03157,5564984.0
1724119200000,0.03157,0.03162,0.03139,0.03157,3208707.0
1724122800000,0.03157,0.03158,0.03146,0.03157,2281679.0
1724126400000,0.03157,0.03176,0.03157,0.03173,2252879.0
1724130000000,0.03174,0.03194,0.0317,0.03188,4465930.0
1724133600000,0.03189,0.03193,0.03173,0.03178,2055927.0
1724137200000,0.03178,0.03184,0.03162,0.03174,3969915.0
1724140800000,0.03174,0.03182,0.03167,0.03173,2931151.0
1724144400000,0.03173,0.0319,0.03171,0.03181,2362599.0
1724148000000,0.03182,0.03193,0.03171,0.03173,3043328.0
1724151600000,0.03173,0.03181,0.0315,0.03157,3367388.0
1724155200000,0.03159,0.03198,0.03154,0.03188,7235189.0
1724158800000,0.03189,0.03309,0.03167,0.03264,88468512.0
1724162400000,0.03266,0.03286,0.03156,0.03162,49734710.0
1724166000000,0.03161,0.03163,0.03115,0.03155,20795785.0
1724169600000,0.03154,0.03166,0.03136,0.03143,9187213.0
1724173200000,0.03144,0.03157,0.03137,0.03148,3220325.0
1724176800000,0.03148,0.03188,0.03148,0.03171,9739932.0
1724180400000,0.03171,0.03189,0.03163,0.03179,3324033.0
1724184000000,0.0318,0.03197,0.03173,0.03178,2621947.0
1724187600000,0.03178,0.03196,0.03154,0.03182,5805173.0
1724191200000,0.03181,0.03202,0.03177,0.03194,2834410.0
1724194800000,0.03194,0.03226,0.03189,0.03225,5184527.0
1724198400000,0.03226,0.03429,0.03226,0.0341,168778265.0
1724202000000,0.0341,0.0341,0.03264,0.03278,88695272.0
1724205600000,0.03279,0.03314,0.03256,0.03277,21811530.0
1724209200000,0.03277,0.03303,0.03272,0.03281,9935261.0
1724212800000,0.03281,0.03302,0.03269,0.03285,9607565.0
1724216400000,0.03286,0.03301,0.03275,0.03282,7196334.0
1724220000000,0.03281,0.03308,0.03278,0.03298,7978643.0
1724223600000,0.03298,0.03326,0.03297,0.03318,8115288.0
1724227200000,0.03318,0.0333,0.03258,0.03305,22373958.0
1724230800000,0.03306,0.03348,0.0328,0.03337,25490741.0
1724234400000,0.03337,0.03337,0.03298,0.03334,17956332.0
1724238000000,0.03334,0.03343,0.03307,0.03323,12068219.0
1724241600000,0.03321,0.03456,0.03307,0.03426,171583995.0
1724245200000,0.03426,0.03427,0.03327,0.03395,84027522.0
1724248800000,0.03395,0.03407,0.03342,0.03357,33732803.0
1724252400000,0.03354,0.03404,0.03346,0.03382,21399654.0
1724256000000,0.03381,0.03393,0.03352,0.03383,11987955.0
1724259600000,0.03382,0.03415,0.0337,0.03398,11005193.0
1724263200000,0.03398,0.03424,0.03389,0.03412,9617721.0
1724266800000,0.03412,0.03448,0.03411,0.03445,12437114.0
1724270400000,0.03446,0.03458,0.03421,0.03431,12840206.0
1724274000000,0.03431,0.03444,0.03422,0.03431,6330571.0
1724277600000,0.03432,0.03447,0.03421,0.03424,6665777.0
1724281200000,0.03425,0.03433,0.03412,0.03423,4962552.0
1724284800000,0.03424,0.03476,0.03381,0.03389,46628828.0
1724288400000,0.0339,0.034,0.03378,0.03395,10946203.0
1724292000000,0.03394,0.03395,0.03334,0.03362,12641515.0
1724295600000,0.03362,0.03378,0.03352,0.03372,6912249.0
1724299200000,0.03373,0.03406,0.03365,0.03403,6485506.0
1724302800000,0.03403,0.03415,0.0339,0.03412,4273425.0
1724306400000,0.03412,0.03427,0.03398,0.0341,6652894.0
1724310000000,0.0341,0.03423,0.03385,0.03418,8266704.0
1724313600000,0.03419,0.03511,0.03415,0.03432,39169954.0
1724317200000,0.03432,0.03438,0.03401,0.0341,14405641.0
1724320800000,0.0341,0.03469,0.0341,0.0346,14386435.0
1724324400000,0.03461,0.03467,0.0344,0.03453,6441198.0
1724328000000,0.03453,0.03464,0.0342,0.03425,10775708.0
1724331600000,0.03423,0.03444,0.03416,0.03435,6541494.0
1724335200000,0.03436,0.03447,0.03419,0.03434,6861721.0
1724338800000,0.03434,0.03463,0.03403,0.03413,18786035.0
1724342400000,0.03413,0.03436,0.03406,0.03414,9116885.0
1724346000000,0.03414,0.03436,0.03409,0.03418,6395590.0
1724349600000,0.03419,0.03443,0.03417,0.0343,3303901.0
1724353200000,0.0343,0.03448,0.03426,0.03436,6203283.0
1724356800000,0.03436,0.03454,0.0343,0.03446,5105700.0
1724360400000,0.03447,0.03452,0.03432,0.03439,2353518.0
1724364000000,0.03439,0.03447,0.0342,0.03421,3775198.0
1724367600000,0.03423,0.03434,0.0341,0.0343,3879922.0
1724371200000,0.0343,0.03445,0.03406,0.03419,11222842.0
1724374800000,0.03418,0.03427,0.03395,0.03404,4854965.0
1724378400000,0.03406,0.0341,0.03393,0.03395,4175819.0
1724382000000,0.03395,0.03407,0.03394,0.03399,1388541.0
1724385600000,0.034,0.03411,0.03396,0.03411,2476779.0
1724389200000,0.0341,0.03442,0.03408,0.03433,4971565.0
1724392800000,0.03433,0.03465,0.03424,0.03457,5735027.0
1724396400000,0.03456,0.03458,0.03432,0.03438,4260261.0
1724400000000,0.03437,0.03466,0.03437,0.0345,4107147.0
1724403600000,0.03451,0.03472,0.0345,0.03462,4740461.0
1724407200000,0.0346,0.03468,0.03446,0.03451,4144219.0
1724410800000,0.0345,0.0345,0.03416,0.03419,5843005.0
1724414400000,0.03418,0.03467,0.03417,0.03463,3830790.0
1724418000000,0.03463,0.0347,0.0343,0.03442,5120371.0
1724421600000,0.03443,0.03509,0.03418,0.03444,24502336.0
1724425200000,0.03443,0.03493,0.03438,0.03485,8378175.0
1724428800000,0.03486,0.03515,0.0348,0.03495,8049378.0
1724432400000,0.03496,0.03558,0.03491,0.03556,12912897.0
1724436000000,0.03555,0.03578,0.0353,0.03548,11363683.0
1724439600000,0.03548,0.0358,0.03541,0.03568,4780673.0
1724443200000,0.03567,0.03593,0.03567,0.03579,3698877.0
1724446800000,0.03578,0.03613,0.03578,0.03597,5964849.0
1724450400000,0.03596,0.03653,0.03595,0.0363,12520614.0
1724454000000,0.0363,0.03651,0.0361,0.03619,4815876.0
1724457600000,0.0362,0.03626,0.03597,0.03614,7701899.0
1724461200000,0.03613,0.0362,0.03538,0.03571,11932432.0
1724464800000,0.0357,0.03583,0.03564,0.03576,3859919.0
1724468400000,0.03575,0.03577,0.03542,0.03546,3219912.0
1724472000000,0.03546,0.0358,0.03546,0.03563,5342192.0
1724475600000,0.03562,0.03575,0.03559,0.03575,2340180.0
1724479200000,0.03574,0.03594,0.03565,0.03581,3701535.0
1724482800000,0.0358,0.03611,0.03573,0.03607,5988312.0
1724486400000,0.03605,0.03634,0.03594,0.03631,6712380.0
1724490000000,0.03631,0.03642,0.03598,0.03624,12422107.0
1724493600000,0.03624,0.03655,0.03621,0.03644,10158289.0
1724497200000,0.03646,0.03655,0.03533,0.03535,29226784.0
1724500800000,0.03536,0.03612,0.03534,0.03598,23595925.0
1724504400000,0.03597,0.03612,0.03584,0.03602,6980960.0
1724508000000,0.03603,0.03612,0.03591,0.03609,4814120.0
1724511600000,0.03609,0.03614,0.03579,0.03586,5393885.0
1724515200000,0.03585,0.0365,0.03581,0.03646,8003139.0
1724518800000,0.03644,0.03658,0.03614,0.03624,6831754.0
1724522400000,0.03624,0.03649,0.03607,0.03633,5936497.0
1724526000000,0.03632,0.03641,0.03623,0.03626,1626325.0
1724529600000,0.03626,0.03639,0.03609,0.03611,3184907.0
1724533200000,0.03612,0.03612,0.03526,0.03534,15129148.0
1724536800000,0.03533,0.03578,0.03531,0.03565,7330940.0
1724540400000,0.03565,0.03595,0.0356,0.03592,3469972.0
1724544000000,0.03591,0.03618,0.03538,0.03543,16123132.0
1724547600000,0.03542,0.03577,0.03495,0.0352,14601309.0
1724551200000,0.0352,0.03563,0.0352,0.03556,5159158.0
1724554800000,0.03555,0.03559,0.03508,0.03541,6561333.0
1724558400000,0.03541,0.03545,0.03504,0.03543,5392550.0
1724562000000,0.03543,0.03547,0.03519,0.03526,2691576.0
1724565600000,0.03528,0.03532,0.03495,0.03498,4730049.0
1724569200000,0.03499,0.03499,0.03421,0.03446,14423596.0
1724572800000,0.03444,0.03487,0.03431,0.03478,4839618.0
1724576400000,0.03479,0.03485,0.03461,0.03475,3351437.0
1724580000000,0.03476,0.0348,0.03462,0.03472,1885241.0
1724583600000,0.03471,0.03522,0.03469,0.03508,5521159.0
1724587200000,0.03506,0.0352,0.03494,0.03511,3252532.0
1724590800000,0.0351,0.03539,0.03504,0.0351,3485134.0
1724594400000,0.03512,0.03534,0.03504,0.03526,3761296.0
1724598000000,0.03526,0.03553,0.03511,0.03524,4374779.0
1724601600000,0.03525,0.03545,0.03499,0.03502,2559476.0
1724605200000,0.03503,0.03526,0.03497,0.03519,2282149.0
1724608800000,0.03519,0.0353,0.03504,0.03509,1836812.0
1724612400000,0.03509,0.03514,0.03502,0.03505,1123873.0
1724616000000,0.03505,0.03514,0.03498,0.03501,2271797.0
1724619600000,0.03501,0.03543,0.03499,0.0353,3119352.0
1724623200000,0.03531,0.03545,0.03508,0.03517,3720218.0
1724626800000,0.03517,0.03537,0.03482,0.03488,5047847.0
1724630400000,0.03489,0.03556,0.03477,0.03494,16990602.0
1724634000000,0.03494,0.03499,0.03454,0.03463,6210788.0
1724637600000,0.03462,0.03468,0.0343,0.03456,5549003.0
1724641200000,0.03455,0.03473,0.03452,0.03472,1732592.0
1724644800000,0.03472,0.03481,0.0346,0.03473,2936847.0
1724648400000,0.03473,0.03475,0.03449,0.03455,1726148.0
1724652000000,0.03455,0.03458,0.03422,0.03427,3705235.0
1724655600000,0.03428,0.03439,0.03412,0.03425,4024868.0
1724659200000,0.03425,0.03441,0.03421,0.03428,2625674.0
1724662800000,0.03426,0.03449,0.03398,0.03449,5539794.0
1724666400000,0.03448,0.03458,0.03425,0.03426,2549317.0
1724670000000,0.03426,0.03448,0.03425,0.03428,2875008.0
1724673600000,0.03428,0.03434,0.03379,0.03388,5754963.0
1724677200000,0.03387,0.03408,0.03376,0.03398,3155112.0
1724680800000,0.03399,0.03413,0.03372,0.03398,4060448.0
1724684400000,0.03397,0.034,0.03365,0.03381,3478655.0
1724688000000,0.03381,0.034,0.03371,0.03386,2688757.0
1724691600000,0.03386,0.03389,0.0332,0.03328,7517419.0
1724695200000,0.03328,0.0335,0.03303,0.03339,6671829.0
1724698800000,0.03338,0.03342,0.03304,0.0331,3157651.0
1724702400000,0.03311,0.03337,0.03304,0.03332,3212564.0
1724706000000,0.03331,0.03331,0.03295,0.03313,4519264.0
1724709600000,0.03312,0.03321,0.03304,0.03311,2229278.0
1724713200000,0.03311,0.03332,0.03305,0.03307,3389292.0
1724716800000,0.03306,0.03335,0.03306,0.03318,3869547.0
1724720400000,0.03317,0.03359,0.03316,0.03341,2591560.0
1724724000000,0.03341,0.03356,0.03326,0.03338,1032543.0
1724727600000,0.03336,0.03345,0.03328,0.03342,767468.0
1724731200000,0.03342,0.03351,0.03336,0.03343,933888.0
1724734800000,0.03343,0.03384,0.03343,0.03376,3486723.0
1724738400000,0.03375,0.03379,0.0334,0.03344,2595384.0
1724742000000,0.03343,0.0335,0.03331,0.03345,1757805.0
1724745600000,0.03344,0.03347,0.03309,0.03327,1445270.0
1724749200000,0.03326,0.03338,0.03302,0.03305,2109472.0
1724752800000,0.03305,0.03306,0.03256,0.03263,5583809.0
1724756400000,0.03262,0.03291,0.03253,0.03273,3123896.0
1724760000000,0.03272,0.03281,0.03249,0.03278,2651460.0
1724763600000,0.03278,0.03291,0.03263,0.03276,2981521.0
1724767200000,0.03277,0.03299,0.0325,0.03272,4197853.0
1724770800000,0.03273,0.03279,0.03252,0.03263,2474355.0
1724774400000,0.03262,0.03284,0.03252,0.03253,2547579.0
1724778000000,0.03252,0.03279,0.03245,0.03278,1886628.0
1724781600000,0.03279,0.03296,0.03273,0.03292,2055308.0
1724785200000,0.03292,0.03297,0.03263,0.03271,1123716.0
1724788800000,0.03269,0.0327,0.03249,0.03252,1825316.0
1724792400000,0.03253,0.0328,0.03127,0.03195,39054308.0
1724796000000,0.03194,0.03194,0.03073,0.03129,34895144.0
1724799600000,0.03128,0.03147,0.03108,0.03128,5016664.0
1724803200000,0.03127,0.03215,0.03113,0.03154,23455989.0
1724806800000,0.03156,0.03175,0.03129,0.03159,8801489.0
1724810400000,0.03158,0.03163,0.03128,0.03138,2993692.0
1724814000000,0.03138,0.03173,0.03137,0.03171,2126038.0
1724817600000,0.0317,0.03172,0.03152,0.03156,1550190.0
1724821200000,0.03156,0.03175,0.03153,0.03161,3052068.0
1724824800000,0.03161,0.03178,0.03157,0.03164,3781219.0
1724828400000,0.03163,0.03168,0.03126,0.03128,4029504.0
1724832000000,0.03127,0.03177,0.03115,0.03168,7548316.0
1724835600000,0.03168,0.0325,0.03162,0.03244,6916588.0
1724839200000,0.03245,0.03247,0.03186,0.03189,6150596.0
1724842800000,0.03191,0.03217,0.03177,0.03201,9932989.0
1724846400000,0.03201,0.03218,0.03174,0.03174,7919236.0
1724850000000,0.03175,0.03184,0.03134,0.03135,10630748.0
1724853600000,0.03134,0.03178,0.03124,0.03144,9024418.0
1724857200000,0.03142,0.03144,0.03081,0.03104,7642141.0
1724860800000,0.03104,0.03111,0.03029,0.0311,17758013.0
1724864400000,0.0311,0.03118,0.03069,0.03069,4869011.0
1724868000000,0.0307,0.03128,0.03063,0.03127,5819778.0
1724871600000,0.03128,0.03149,0.03093,0.03099,6110012.0
1724875200000,0.03102,0.03166,0.03098,0.03131,12045621.0
1724878800000,0.0313,0.03147,0.03111,0.03119,4133428.0
1724882400000,0.03117,0.03128,0.03087,0.03112,4940481.0
1724886000000,0.03111,0.0313,0.03106,0.03119,2722204.0
1724889600000,0.03118,0.03139,0.03111,0.03136,5981282.0
1724893200000,0.03137,0.03149,0.03112,0.03122,2045441.0
1724896800000,0.03121,0.03141,0.0311,0.03139,2440342.0
1724900400000,0.03139,0.03141,0.03123,0.03127,2356465.0
1724904000000,0.03127,0.03138,0.0312,0.03128,4384963.0
1724907600000,0.03127,0.03166,0.03126,0.03162,2962189.0
1724911200000,0.03163,0.03168,0.03151,0.03159,6383203.0
1724914800000,0.0316,0.03171,0.03155,0.03157,2177464.0
1724918400000,0.03155,0.03161,0.03144,0.03158,3012480.0
1724922000000,0.03158,0.03163,0.03153,0.03154,2397510.0
1724925600000,0.03153,0.03161,0.0315,0.03153,2438126.0
1724929200000,0.03151,0.03195,0.03148,0.03172,3609397.0
1724932800000,0.03171,0.03198,0.03168,0.03189,3836758.0
1724936400000,0.03187,0.03206,0.03179,0.03205,3900389.0
1724940000000,0.03206,0.03216,0.03195,0.032,3255038.0
1724943600000,0.03201,0.0323,0.03195,0.03196,6673431.0
1724947200000,0.03197,0.03211,0.03172,0.03175,5754114.0
1724950800000,0.03175,0.03184,0.03168,0.03181,1966325.0
1724954400000,0.03181,0.03181,0.03086,0.03091,7972458.0
1724958000000,0.03092,0.03121,0.03079,0.0311,4578665.0
1724961600000,0.0311,0.03122,0.03098,0.03106,2104838.0
1724965200000,0.03108,0.03116,0.03101,0.0311,1856455.0
1724968800000,0.03108,0.03124,0.03079,0.0312,5643991.0
1724972400000,0.0312,0.03131,0.03113,0.03117,2063870.0
1724976000000,0.03116,0.03133,0.03102,0.03128,3604927.0
1724979600000,0.03127,0.0314,0.03091,0.03103,6781677.0
1724983200000,0.03104,0.03105,0.03086,0.03094,2420084.0
1724986800000,0.03094,0.03094,0.03066,0.0307,3926876.0
1724990400000,0.03071,0.03096,0.03071,0.03087,1851953.0
1724994000000,0.03087,0.03087,0.03057,0.03072,3632624.0
1724997600000,0.03073,0.03112,0.0307,0.03111,4035636.0
1725001200000,0.0311,0.0312,0.03095,0.031,4004057.0
1725004800000,0.03101,0.03125,0.03098,0.03121,2381240.0
1725008400000,0.03123,0.03136,0.03118,0.03124,1919021.0
1725012000000,0.03123,0.03133,0.03109,0.03112,1752596.0
1725015600000,0.03113,0.03119,0.03097,0.03099,2034153.0
1725019200000,0.03099,0.03129,0.03097,0.03117,4275578.0
1725022800000,0.03116,0.03127,0.03075,0.03112,3708871.0
1725026400000,0.03112,0.0313,0.03035,0.03038,6283463.0
1725030000000,0.03037,0.03049,0.02985,0.02999,15862006.0
1725033600000,0.03,0.03046,0.02982,0.03046,9228481.0
1725037200000,0.03045,0.03057,0.03032,0.03048,2251677.0
1725040800000,0.03047,0.03112,0.03041,0.03106,4194736.0
1725044400000,0.03107,0.03107,0.03065,0.03074,2868413.0
1725048000000,0.03075,0.03088,0.03074,0.03084,1305348.0
1725051600000,0.03087,0.03098,0.03079,0.03089,2207579.0
1725055200000,0.03092,0.03116,0.03091,0.03113,2076717.0
1725058800000,0.03111,0.03117,0.03101,0.03108,1932198.0
1725062400000,0.03109,0.03126,0.031,0.0311,3797374.0
1725066000000,0.03109,0.03117,0.03103,0.03108,898354.0
1725069600000,0.03107,0.0311,0.031,0.03109,1291989.0
1725073200000,0.03109,0.0312,0.03097,0.03116,2474113.0
1725076800000,0.03115,0.03127,0.0311,0.03127,2014475.0
1725080400000,0.03127,0.03129,0.03111,0.03121,2065376.0
1725084000000,0.03122,0.03128,0.03114,0.03119,1890712.0
1725087600000,0.0312,0.0312,0.03105,0.03113,2733963.0
1725091200000,0.03112,0.03119,0.03093,0.03093,2366650.0
1725094800000,0.03094,0.03102,0.03086,0.0309,2271231.0
1725098400000,0.03089,0.03116,0.03089,0.03114,1432777.0
1725102000000,0.03114,0.03118,0.03108,0.03113,2172937.0
1725105600000,0.03114,0.03118,0.03103,0.03109,2342645.0
1725109200000,0.03107,0.03113,0.03088,0.03088,1648205.0
1725112800000,0.03089,0.03101,0.03086,0.03091,2402465.0
1725116400000,0.03091,0.03098,0.03081,0.03085,2006033.0
1725120000000,0.03086,0.03094,0.03066,0.03074,2809956.0
1725123600000,0.03074,0.03074,0.03048,0.03064,3970154.0
1725127200000,0.03062,0.03083,0.03061,0.03066,2586814.0
1725130800000,0.03064,0.03067,0.03047,0.03053,1381282.0
1725134400000,0.03053,0.03059,0.03044,0.03047,2289832.0
1725138000000,0.03047,0.03074,0.03047,0.03067,1820514.0
1725141600000,0.03068,0.03072,0.03056,0.03057,1742348.0
1725145200000,0.03058,0.03063,0.0305,0.03051,1555118.0
1725148800000,0.03053,0.03067,0.03049,0.03054,2253228.0
1725152400000,0.03056,0.03059,0.03016,0.03018,8205906.0
1725156000000,0.03018,0.03021,0.02989,0.03007,5602186.0
1725159600000,0.03008,0.03027,0.03005,0.03017,1439086.0
1725163200000,0.03017,0.03029,0.03008,0.03027,1130800.0
1725166800000,0.03027,0.0303,0.02975,0.0298,5145710.0
1725170400000,0.0298,0.03014,0.0298,0.03009,2689184.0
1725174000000,0.03009,0.03025,0.03001,0.03024,1409345.0
1725177600000,0.03024,0.03025,0.02998,0.03001,1821635.0
1725181200000,0.03001,0.03014,0.02996,0.02997,1352226.0
1725184800000,0.02997,0.03002,0.02972,0.02973,4587135.0
1725188400000,0.02974,0.02993,0.02969,0.02992,2571997.0
1725192000000,0.02992,0.03009,0.02984,0.02987,3413778.0
1725195600000,0.02985,0.02994,0.02946,0.02972,5121903.0
1725199200000,0.02972,0.02976,0.02922,0.0295,10057850.0
1725202800000,0.0295,0.03002,0.02944,0.0299,5170388.0
1725206400000,0.0299,0.0301,0.0297,0.02978,3244939.0
1725210000000,0.02978,0.02989,0.02941,0.02949,3878483.0
1725213600000,0.02949,0.03016,0.02947,0.03007,6139302.0
1725217200000,0.03006,0.03026,0.02994,0.03011,2394094.0
1725220800000,0.03012,0.03029,0.03003,0.03015,3137908.0
1725224400000,0.03015,0.03016,0.02983,0.03004,3402945.0
1725228000000,0.03004,0.03004,0.02896,0.02908,10806360.0
1725231600000,0.02908,0.02943,0.02902,0.02929,5291011.0
1725235200000,0.02927,0.02965,0.02922,0.02956,6831134.0
1725238800000,0.02956,0.02966,0.02946,0.02949,2684321.0
1725242400000,0.02947,0.02966,0.02944,0.0295,3854849.0
1725246000000,0.02949,0.02964,0.02948,0.02961,1641266.0
1725249600000,0.02961,0.02969,0.0293,0.02931,2092023.0
1725253200000,0.0293,0.02975,0.02929,0.02963,1559175.0
1725256800000,0.02963,0.02975,0.02959,0.02963,2530486.0
1725260400000,0.02961,0.02974,0.02923,0.02946,3992499.0
1725264000000,0.02945,0.02978,0.0293,0.02959,7621597.0
1725267600000,0.0296,0.02997,0.02952,0.02997,4967716.0
1725271200000,0.02995,0.03024,0.02991,0.03019,5626748.0
1725274800000,0.03018,0.03031,0.03005,0.03012,4817382.0
1725278400000,0.03011,0.03029,0.03002,0.03007,4239032.0
1725282000000,0.03008,0.03013,0.02987,0.03002,4005477.0
1725285600000,0.03001,0.03045,0.02994,0.03041,11149793.0
1725289200000,0.0304,0.03069,0.03032,0.03034,8660549.0
1725292800000,0.03033,0.03054,0.03016,0.0302,2670568.0
1725296400000,0.03019,0.03048,0.03016,0.03048,2151631.0
1725300000000,0.03047,0.03054,0.03027,0.03033,2951847.0
1725303600000,0.03033,0.03035,0.03023,0.03025,1004380.0
1725307200000,0.03027,0.0308,0.03023,0.03071,3637461.0
1725310800000,0.0307,0.03081,0.0305,0.0306,3367660.0
1725314400000,0.0306,0.03067,0.03049,0.03066,2377698.0
1725318000000,0.03067,0.0307,0.03056,0.03061,2165906.0
1725321600000,0.03062,0.03099,0.03054,0.03084,13858494.0
1725325200000,0.03084,0.03096,0.03072,0.03086,2229873.0
1725328800000,0.03086,0.0311,0.03078,0.03079,3508960.0
1725332400000,0.03079,0.03087,0.03071,0.03075,1674797.0
1725336000000,0.03076,0.03082,0.03062,0.03082,2447140.0
1725339600000,0.03081,0.03095,0.03071,0.03087,1838168.0
1725343200000,0.03086,0.03088,0.0306,0.0306,2325421.0
1725346800000,0.03061,0.03075,0.03059,0.03073,2551452.0
1725350400000,0.03073,0.0308,0.03043,0.03044,3512788.0
1725354000000,0.03044,0.03056,0.03038,0.03038,1562945.0
1725357600000,0.03039,0.03058,0.03037,0.03051,2155871.0
1725361200000,0.0305,0.03056,0.03046,0.03053,919183.0
1725364800000,0.03053,0.03071,0.03052,0.03054,1953025.0
1725368400000,0.03056,0.03072,0.02991,0.03005,10516105.0
1725372000000,0.03003,0.03004,0.02973,0.02973,4476959.0
1725375600000,0.02975,0.02989,0.0296,0.02962,4070276.0
1725379200000,0.02962,0.0298,0.02955,0.02976,3697460.0
1725382800000,0.02975,0.03004,0.02974,0.02976,2498665.0
1725386400000,0.02974,0.02976,0.02963,0.02968,2585094.0
1725390000000,0.02969,0.03037,0.02967,0.03003,27020238.0
1725393600000,0.03002,0.03037,0.02999,0.03016,8904327.0
1725397200000,0.03017,0.03028,0.03011,0.03013,1909000.0
1725400800000,0.03012,0.03014,0.02999,0.03,1888814.0
1725404400000,0.03002,0.03003,0.02957,0.02964,4103751.0
1725408000000,0.02962,0.03001,0.02931,0.02936,6933830.0
1725411600000,0.02938,0.02968,0.02824,0.02961,33615430.0
1725415200000,0.02959,0.03006,0.02942,0.02983,10882610.0
1725418800000,0.02983,0.03011,0.02978,0.0299,7327633.0
1725422400000,0.0299,0.03011,0.02987,0.03004,3855429.0
1725426000000,0.03003,0.03006,0.02965,0.0297,5012519.0
1725429600000,0.02971,0.02991,0.0297,0.02976,3108492.0
1725433200000,0.02975,0.03021,0.02973,0.03004,3452896.0
1725436800000,0.03003,0.03017,0.02995,0.03007,4521997.0
1725440400000,0.03006,0.03014,0.0298,0.0298,6164233.0
1725444000000,0.02981,0.02987,0.02944,0.02946,11684114.0
1725447600000,0.02945,0.02961,0.02932,0.0294,4570986.0
1725451200000,0.02939,0.02961,0.02935,0.02953,5214552.0
1725454800000,0.02954,0.02959,0.02936,0.02956,5105278.0
1725458400000,0.02954,0.03032,0.02943,0.03021,9674048.0
1725462000000,0.03021,0.03046,0.03001,0.03043,8402558.0
1725465600000,0.03044,0.03082,0.03033,0.03064,7524151.0
1725469200000,0.03063,0.03067,0.03019,0.03021,4660938.0
1725472800000,0.0302,0.03022,0.02987,0.02993,5281917.0
1725476400000,0.02994,0.03007,0.02991,0.03003,2397888.0
1725480000000,0.03002,0.03015,0.02996,0.03008,2378632.0
1725483600000,0.03006,0.0302,0.02996,0.03019,2067121.0
1725487200000,0.03019,0.03028,0.03013,0.03024,1482397.0
1725490800000,0.03024,0.03028,0.03002,0.03013,1623264.0
1725494400000,0.03013,0.03052,0.03005,0.03017,8252435.0
1725498000000,0.03016,0.03047,0.03012,0.03032,2523918.0
1725501600000,0.03034,0.03039,0.03008,0.03009,1996116.0
1725505200000,0.03009,0.03011,0.02964,0.02973,6148664.0
1725508800000,0.02973,0.0302,0.0297,0.03007,2528793.0
1725512400000,0.03007,0.03011,0.02987,0.03002,1206141.0
1725516000000,0.03001,0.0301,0.02977,0.02995,2035603.0
1725519600000,0.02995,0.03023,0.02992,0.03016,1561322.0
1725523200000,0.03016,0.03029,0.02993,0.03003,2655322.0
1725526800000,0.03003,0.03004,0.02966,0.02978,3586729.0
1725530400000,0.0298,0.02984,0.02968,0.02982,2947319.0
1725534000000,0.02983,0.02988,0.02964,0.02967,3322477.0
1725537600000,0.02966,0.02992,0.02955,0.0298,5024076.0
1725541200000,0.02978,0.03016,0.02974,0.03012,2758284.0
1725544800000,0.03013,0.03034,0.02979,0.02981,4398306.0
1725548400000,0.02982,0.02994,0.02952,0.02967,4965197.0
1725552000000,0.02965,0.02972,0.02952,0.02963,3569412.0
1725555600000,0.02962,0.02978,0.02957,0.02977,1577283.0
1725559200000,0.02976,0.02982,0.02966,0.02968,2173188.0
1725562800000,0.02967,0.02968,0.02915,0.02924,3243471.0
1725566400000,0.02925,0.02945,0.0292,0.02932,1675846.0
1725570000000,0.02931,0.02938,0.02912,0.02931,2175610.0
1725573600000,0.02931,0.02943,0.02916,0.02939,1920351.0
1725577200000,0.0294,0.02944,0.02931,0.0294,1304111.0
1725580800000,0.02939,0.02957,0.02917,0.02931,3099369.0
1725584400000,0.02931,0.02962,0.02917,0.02962,2723869.0
1725588000000,0.02962,0.02978,0.02955,0.02965,2438989.0
1725591600000,0.02966,0.02971,0.02952,0.02955,1145136.0
1725595200000,0.02954,0.02961,0.02946,0.02948,1234352.0
1725598800000,0.02948,0.02952,0.02937,0.02947,1234680.0
1725602400000,0.02946,0.02949,0.02936,0.02945,1007115.0
1725606000000,0.02946,0.02946,0.02892,0.02924,7424646.0
1725609600000,0.02924,0.02936,0.02918,0.02935,2082664.0
1725613200000,0.02934,0.02943,0.0292,0.02942,2277403.0
1725616800000,0.02942,0.02971,0.02931,0.02967,3790532.0
1725620400000,0.02966,0.02974,0.02952,0.0296,4274680.0
1725624000000,0.0296,0.03031,0.02953,0.03029,15500906.0
1725627600000,0.03028,0.03031,0.02952,0.02954,10583271.0
1725631200000,0.02953,0.02963,0.02905,0.02922,16457812.0
1725634800000,0.02922,0.02942,0.02876,0.02921,11690857.0
1725638400000,0.02921,0.02932,0.02882,0.02902,8918092.0
1725642000000,0.029,0.02921,0.0287,0.02892,5490589.0
1725645600000,0.02893,0.02895,0.02849,0.02849,6025578.0
1725649200000,0.02848,0.02871,0.02838,0.02855,8557034.0
1725652800000,0.02854,0.02867,0.02781,0.02785,12950231.0
1725656400000,0.02785,0.02864,0.02767,0.02863,10297009.0
1725660000000,0.02863,0.02884,0.02852,0.02876,3778331.0
1725663600000,0.02876,0.02888,0.02871,0.02887,1849988.0
1725667200000,0.02887,0.029,0.02884,0.02888,4358759.0
1725670800000,0.02888,0.0289,0.02871,0.02877,2338260.0
1725674400000,0.02879,0.02898,0.02871,0.02886,1530023.0
1725678000000,0.02886,0.02896,0.02881,0.02884,1267472.0
1725681600000,0.02884,0.02901,0.0288,0.029,1347502.0
1725685200000,0.029,0.02926,0.02897,0.02918,4234479.0
1725688800000,0.02917,0.02932,0.02912,0.02927,1672593.0
1725692400000,0.02927,0.02937,0.02918,0.02933,2271328.0
1725696000000,0.02934,0.02952,0.02927,0.02949,3332714.0
1725699600000,0.02949,0.02954,0.02923,0.0293,3242065.0
1725703200000,0.02931,0.02952,0.02931,0.02947,1772189.0
1725706800000,0.02947,0.02958,0.02944,0.02956,1833343.0
1725710400000,0.02957,0.02974,0.02948,0.0296,4499708.0
1725714000000,0.02961,0.02967,0.0295,0.02952,1791622.0
1725717600000,0.02952,0.02963,0.02951,0.02962,2598745.0
1725721200000,0.02962,0.02979,0.02961,0.02969,4384330.0
1725724800000,0.02971,0.02977,0.02937,0.02937,4363680.0
1725728400000,0.02937,0.02943,0.02918,0.02929,3060322.0
1725732000000,0.02929,0.02947,0.02924,0.02942,1969074.0
1725735600000,0.02941,0.0296,0.02939,0.02959,2475281.0
1725739200000,0.0296,0.0296,0.02936,0.02936,1374252.0
1725742800000,0.02935,0.02936,0.02915,0.02918,1942882.0
1725746400000,0.02919,0.02926,0.02906,0.02909,1759809.0
1725750000000,0.0291,0.02931,0.02903,0.0293,1628494.0
1725753600000,0.02929,0.02936,0.02915,0.02923,1925081.0
1725757200000,0.02925,0.02945,0.02921,0.02941,1851627.0
1725760800000,0.0294,0.02948,0.02935,0.02939,1145706.0
1725764400000,0.0294,0.02949,0.02937,0.02944,1666521.0
1725768000000,0.02944,0.02962,0.02944,0.02957,2377696.0
1725771600000,0.02956,0.02994,0.02946,0.0299,7148735.0
1725775200000,0.0299,0.03011,0.02965,0.02966,12796307.0
1725778800000,0.02967,0.03009,0.02967,0.03006,3470456.0
1725782400000,0.03009,0.03012,0.02991,0.03,3972913.0
1725786000000,0.03,0.0301,0.0299,0.0299,3324721.0
1725789600000,0.0299,0.03002,0.02983,0.02996,2610679.0
1725793200000,0.02996,0.03081,0.02987,0.03011,43556484.0
1725796800000,0.03011,0.03072,0.03009,0.03017,22265181.0
1725800400000,0.03019,0.03049,0.03007,0.03039,8970817.0
1725804000000,0.03039,0.03084,0.03015,0.03068,24412560.0
1725807600000,0.03068,0.03113,0.02989,0.02998,48739675.0
1725811200000,0.02997,0.03024,0.02983,0.03014,12980871.0
1725814800000,0.03013,0.03031,0.03006,0.03027,7297854.0
1725818400000,0.03026,0.03048,0.03018,0.03036,6855804.0
1725822000000,0.03036,0.03038,0.03022,0.03026,3598281.0
1725825600000,0.03025,0.03032,0.03008,0.03028,3577860.0
1725829200000,0.03029,0.03046,0.03024,0.03041,4779497.0
1725832800000,0.03042,0.03085,0.03036,0.03038,14017274.0
1725836400000,0.03038,0.03065,0.03034,0.03058,7278477.0
1725840000000,0.03059,0.03185,0.03059,0.03131,77695407.0
1725843600000,0.03131,0.03167,0.03115,0.03154,15005595.0
1725847200000,0.03156,0.03172,0.0314,0.03155,9781368.0
1725850800000,0.03155,0.0317,0.03127,0.03146,10891202.0
1725854400000,0.03147,0.03149,0.0312,0.0313,8527362.0
1725858000000,0.0313,0.03135,0.03112,0.0313,8484175.0
1725861600000,0.03131,0.03142,0.03118,0.03134,6029711.0
1725865200000,0.03133,0.03174,0.03129,0.03161,8155150.0
1725868800000,0.0316,0.03177,0.03141,0.03149,10586125.0
1725872400000,0.0315,0.03167,0.03119,0.03125,11754792.0
1725876000000,0.03126,0.03138,0.03116,0.03121,5847427.0
1725879600000,0.03121,0.03126,0.0311,0.03116,6199381.0
1725883200000,0.03118,0.03125,0.03108,0.03118,5531869.0
1725886800000,0.03119,0.03127,0.03107,0.03123,6744881.0
1725890400000,0.03125,0.0313,0.03046,0.03066,21029537.0
1725894000000,0.03066,0.03111,0.03066,0.03107,7632608.0
1725897600000,0.03107,0.03149,0.03107,0.03138,12291193.0
1725901200000,0.03139,0.03156,0.03127,0.03149,7505254.0
1725904800000,0.03149,0.03164,0.03141,0.03151,6634292.0
1725908400000,0.03151,0.03171,0.03147,0.03169,5849921.0
1725912000000,0.0317,0.0317,0.03144,0.03147,2870326.0
1725915600000,0.03149,0.03194,0.03146,0.0317,10994089.0
1725919200000,0.0317,0.0318,0.03153,0.03162,2676618.0
1725922800000,0.03164,0.03173,0.03155,0.03164,3869621.0
1725926400000,0.03165,0.0321,0.03142,0.03172,21290889.0
1725930000000,0.03172,0.03178,0.03145,0.03156,2426414.0
1725933600000,0.03155,0.03157,0.03116,0.03131,6053917.0
1725937200000,0.03131,0.03135,0.03112,0.03114,2946381.0
1725940800000,0.03114,0.03128,0.03108,0.03117,2451333.0
1725944400000,0.03117,0.03146,0.03112,0.03144,4411306.0
1725948000000,0.03144,0.03147,0.03123,0.03138,3062358.0
1725951600000,0.03137,0.0316,0.03131,0.03149,5802590.0
1725955200000,0.0315,0.03195,0.03148,0.03153,8157224.0
1725958800000,0.03154,0.03171,0.03145,0.0316,4231000.0
1725962400000,0.0316,0.03172,0.03149,0.03163,5272638.0
1725966000000,0.03164,0.03194,0.03161,0.03184,12259977.0
1725969600000,0.03184,0.0319,0.03155,0.03155,5935748.0
1725973200000,0.03155,0.03157,0.03133,0.03143,8664766.0
1725976800000,0.03144,0.03169,0.03132,0.03165,8650795.0
1725980400000,0.03166,0.03189,0.03146,0.03147,8697729.0
1725984000000,0.03146,0.03158,0.03144,0.03149,5311372.0
1725987600000,0.03148,0.03178,0.03147,0.03164,4165438.0
1725991200000,0.03165,0.0319,0.03164,0.03175,9259954.0
1725994800000,0.03175,0.03186,0.03158,0.03176,4829325.0
1725998400000,0.03176,0.03183,0.03168,0.03172,4125746.0
1726002000000,0.03172,0.03176,0.03161,0.03166,4291655.0
1726005600000,0.03166,0.03178,0.0316,0.03171,4177907.0
1726009200000,0.03171,0.03196,0.03168,0.03187,5205754.0
1726012800000,0.03187,0.03256,0.03161,0.03162,23218758.0
1726016400000,0.03162,0.03174,0.03101,0.03119,10712604.0
1726020000000,0.03118,0.03143,0.03117,0.03132,3482596.0
1726023600000,0.0313,0.03135,0.03112,0.0312,2350514.0
1726027200000,0.03118,0.03118,0.03072,0.03092,8885728.0
1726030800000,0.03092,0.03093,0.03059,0.03081,4549068.0
1726034400000,0.03082,0.03101,0.0308,0.03087,2324097.0
1726038000000,0.03089,0.03114,0.03086,0.0311,3299432.0
1726041600000,0.0311,0.03115,0.03092,0.031,3621101.0
1726045200000,0.03099,0.03131,0.03098,0.03121,3859234.0
1726048800000,0.03123,0.03126,0.03102,0.03112,5152568.0
1726052400000,0.03114,0.03136,0.03113,0.03124,3817189.0
1726056000000,0.03122,0.03154,0.03113,0.03147,10941726.0
1726059600000,0.03146,0.03189,0.03085,0.03086,20535735.0
1726063200000,0.03084,0.0311,0.0307,0.03101,8679294.0
1726066800000,0.031,0.03168,0.03092,0.03147,11803504.0
1726070400000,0.03146,0.03194,0.03142,0.03186,8117686.0
1726074000000,0.03187,0.03217,0.03182,0.03196,8791044.0
1726077600000,0.03196,0.0321,0.03178,0.03187,7171599.0
1726081200000,0.03187,0.03216,0.03175,0.03213,7025706.0
1726084800000,0.03212,0.03228,0.03197,0.03202,6615156.0
1726088400000,0.03201,0.03205,0.03179,0.03188,4688622.0
1726092000000,0.03189,0.03189,0.03172,0.03188,2638823.0
1726095600000,0.03187,0.03191,0.0318,0.03181,3159855.0
1726099200000,0.0318,0.03207,0.03177,0.03183,6186685.0
1726102800000,0.03183,0.03204,0.03177,0.032,5163046.0
1726106400000,0.03201,0.03219,0.03184,0.03187,4944003.0
1726110000000,0.03187,0.03199,0.03185,0.03188,3648922.0
1726113600000,0.03189,0.03205,0.03182,0.03189,3627809.0
1726117200000,0.0319,0.03191,0.03176,0.03182,2366467.0
1726120800000,0.0318,0.03188,0.03168,0.03179,2273844.0
1726124400000,0.03179,0.03186,0.03171,0.03174,3730178.0
1726128000000,0.03175,0.03197,0.03174,0.03186,2439662.0
1726131600000,0.03186,0.03193,0.03179,0.0318,3010085.0
1726135200000,0.0318,0.03187,0.03175,0.03175,2270744.0
1726138800000,0.03174,0.03187,0.03174,0.03182,1556115.0
1726142400000,0.03183,0.03188,0.03157,0.03159,4310732.0
1726146000000,0.0316,0.0317,0.03137,0.03152,5613262.0
1726149600000,0.03152,0.03189,0.0314,0.03141,8344335.0
1726153200000,0.0314,0.03166,0.03125,0.03137,4317633.0
1726156800000,0.03137,0.03163,0.03137,0.0316,3259038.0
1726160400000,0.03159,0.03178,0.03154,0.03176,3263916.0
1726164000000,0.03175,0.03182,0.03158,0.0317,3352596.0
1726167600000,0.03169,0.03184,0.03164,0.03182,3109338.0
1726171200000,0.03182,0.03182,0.03165,0.03172,1081378.0
1726174800000,0.03171,0.03178,0.03161,0.0317,3466940.0
1726178400000,0.03169,0.0319,0.03165,0.03189,1832182.0
1726182000000,0.03188,0.0319,0.0318,0.03188,1581157.0
1726185600000,0.03188,0.03188,0.0316,0.03164,3270124.0
1726189200000,0.03164,0.03174,0.03153,0.03164,2742532.0
1726192800000,0.03164,0.03171,0.03154,0.03154,1825510.0
1726196400000,0.03154,0.03165,0.03147,0.03147,1162133.0
1726200000000,0.03147,0.03157,0.03139,0.03141,1609042.0
1726203600000,0.03141,0.03161,0.03141,0.03157,1552250.0
1726207200000,0.03156,0.03157,0.03144,0.03146,1083439.0
1726210800000,0.03146,0.03163,0.03146,0.03161,1002047.0
1726214400000,0.03161,0.03168,0.03157,0.03157,1357750.0
1726218000000,0.03157,0.03172,0.03154,0.03162,1631965.0
1726221600000,0.0316,0.03182,0.03152,0.03179,4040235.0
1726225200000,0.03177,0.03183,0.03152,0.03155,5795151.0
1726228800000,0.03157,0.03168,0.03139,0.03158,4124543.0
1726232400000,0.03158,0.03165,0.03146,0.03158,3762655.0
1726236000000,0.03159,0.03174,0.03144,0.03173,4017306.0
1726239600000,0.03174,0.03222,0.03171,0.03217,8573889.0
1726243200000,0.03218,0.03222,0.03188,0.03196,10993389.0
1726246800000,0.03197,0.03221,0.03196,0.03196,6423608.0
1726250400000,0.03198,0.03215,0.03194,0.03213,3185510.0
1726254000000,0.03211,0.03217,0.032,0.03205,2637964.0
1726257600000,0.03205,0.03216,0.03203,0.03212,1258109.0
1726261200000,0.0321,0.03232,0.03207,0.03225,4071883.0
1726264800000,0.03227,0.03243,0.03225,0.03242,3778032.0
1726268400000,0.03243,0.03269,0.03223,0.03262,5141569.0
1726272000000,0.03262,0.03311,0.03224,0.03239,24910549.0
1726275600000,0.03239,0.03279,0.03239,0.03249,7851210.0
1726279200000,0.03249,0.03259,0.03221,0.03226,6298152.0
1726282800000,0.03227,0.0324,0.03225,0.03227,3505910.0
1726286400000,0.03227,0.03234,0.03215,0.03216,2432370.0
1726290000000,0.03218,0.03224,0.03198,0.03201,3745149.0
1726293600000,0.03201,0.03213,0.03193,0.03202,2047505.0
1726297200000,0.03203,0.03217,0.03201,0.03209,1830653.0
1726300800000,0.03211,0.03215,0.03195,0.03203,1502840.0
1726304400000,0.03202,0.03209,0.03193,0.03207,722102.0
1726308000000,0.03207,0.03208,0.03188,0.03194,1697054.0
1726311600000,0.03194,0.03194,0.03174,0.03188,1727096.0
1726315200000,0.03187,0.03201,0.0318,0.03185,1322701.0
1726318800000,0.03187,0.03198,0.03185,0.03189,2187749.0
1726322400000,0.0319,0.03206,0.03185,0.03203,2043909.0
1726326000000,0.03202,0.03204,0.0319,0.03196,1524982.0
1726329600000,0.03195,0.03201,0.03191,0.03193,1057398.0
1726333200000,0.03193,0.03195,0.03183,0.03187,2203959.0
1726336800000,0.03187,0.03189,0.03155,0.0318,5293058.0
1726340400000,0.0318,0.03182,0.03173,0.03176,1465411.0
1726344000000,0.03175,0.03189,0.0317,0.03185,1508210.0
1726347600000,0.03184,0.0319,0.03176,0.03185,1132438.0
1726351200000,0.03183,0.03197,0.03178,0.03191,1778258.0
1726354800000,0.0319,0.03198,0.03189,0.03193,1276819.0
1726358400000,0.03192,0.03193,0.03177,0.03179,3656086.0
1726362000000,0.03179,0.03198,0.03178,0.0319,1434482.0
1726365600000,0.03191,0.03202,0.03185,0.032,1987637.0
1726369200000,0.032,0.0321,0.03194,0.03196,2261304.0
1726372800000,0.03196,0.03198,0.03177,0.03179,1245024.0
1726376400000,0.03177,0.03191,0.03177,0.03181,1677544.0
1726380000000,0.03183,0.03198,0.03182,0.03198,1186186.0
1726383600000,0.03197,0.03202,0.03187,0.03198,3100323.0
1726387200000,0.03198,0.032,0.03182,0.03182,1504451.0
1726390800000,0.03183,0.03186,0.0317,0.03174,1823719.0
1726394400000,0.03174,0.03177,0.03152,0.03163,2964702.0
1726398000000,0.03162,0.03172,0.03152,0.03165,2105286.0
1726401600000,0.03164,0.03177,0.0316,0.03175,1952809.0
1726405200000,0.03174,0.03188,0.03172,0.03175,2145960.0
1726408800000,0.03175,0.0318,0.03148,0.03168,5253892.0
1726412400000,0.03166,0.03176,0.03162,0.03168,2138592.0
1726416000000,0.03167,0.03169,0.03142,0.03144,4154994.0
1726419600000,0.03143,0.03147,0.03112,0.03124,5678937.0
1726423200000,0.03124,0.03142,0.03113,0.03131,4796495.0
1726426800000,0.03132,0.03143,0.03124,0.03126,1372025.0
1726430400000,0.03126,0.03126,0.03106,0.03114,2085008.0
1726434000000,0.03112,0.03113,0.03074,0.03092,6666993.0
1726437600000,0.03094,0.03095,0.03078,0.03092,1535554.0
1726441200000,0.03091,0.03094,0.03045,0.03075,7343367.0
1726444800000,0.03073,0.0308,0.03051,0.03061,4563369.0
1726448400000,0.0306,0.03066,0.03036,0.03044,4474880.0
1726452000000,0.03045,0.03048,0.03022,0.03029,4108809.0
1726455600000,0.03029,0.03063,0.03027,0.03063,3890315.0
1726459200000,0.03063,0.03076,0.03062,0.03062,3661433.0
1726462800000,0.03062,0.0309,0.03062,0.03089,2496049.0
1726466400000,0.03089,0.03094,0.03072,0.03074,2157248.0
1726470000000,0.03073,0.031,0.03069,0.03098,2105143.0
1726473600000,0.03097,0.03108,0.03082,0.03085,4342085.0
1726477200000,0.03085,0.03092,0.03053,0.03057,2141438.0
1726480800000,0.03057,0.03077,0.03046,0.03073,4688767.0
1726484400000,0.03073,0.03077,0.03063,0.03065,2251989.0
1726488000000,0.03065,0.03071,0.03041,0.03044,3684584.0
1726491600000,0.03042,0.0306,0.0302,0.03048,9447585.0
1726495200000,0.03048,0.03052,0.03001,0.03022,16089749.0
1726498800000,0.03022,0.03044,0.03019,0.03033,2381359.0
1726502400000,0.03033,0.03045,0.03026,0.0303,1910953.0
1726506000000,0.0303,0.03061,0.03006,0.03054,3359783.0
1726509600000,0.03054,0.03054,0.03018,0.03027,2834642.0
1726513200000,0.03026,0.03035,0.03017,0.03025,1244639.0
1726516800000,0.03024,0.03034,0.03006,0.03008,1172465.0
1726520400000,0.03007,0.03026,0.02999,0.03026,1741734.0
1726524000000,0.03026,0.03026,0.03007,0.03014,982721.0
1726527600000,0.03014,0.03046,0.03014,0.03034,1339250.0
1726531200000,0.03034,0.03082,0.03015,0.03015,15960833.0
1726534800000,0.03014,0.03045,0.03012,0.0304,6035755.0
1726538400000,0.0304,0.03058,0.0304,0.03046,2369972.0
1726542000000,0.03046,0.03089,0.03045,0.03073,3968201.0
1726545600000,0.03075,0.03093,0.03067,0.03089,5181686.0
1726549200000,0.0309,0.03114,0.03088,0.0311,3574448.0
1726552800000,0.03112,0.03117,0.03089,0.0309,1390412.0
1726556400000,0.03091,0.03101,0.03087,0.03097,2103115.0
1726560000000,0.03099,0.03108,0.03088,0.03089,2618778.0
1726563600000,0.0309,0.03101,0.03079,0.03093,2123703.0
1726567200000,0.03092,0.031,0.03085,0.03099,1463298.0
1726570800000,0.03099,0.03102,0.03075,0.03082,1704069.0
1726574400000,0.03082,0.03099,0.03079,0.03096,1693057.0
1726578000000,0.03097,0.03101,0.0307,0.03074,2708175.0
1726581600000,0.03074,0.03133,0.03073,0.03115,8488288.0
1726585200000,0.03118,0.03152,0.03117,0.03147,8049420.0
1726588800000,0.03149,0.03162,0.0312,0.03127,4788545.0
1726592400000,0.0313,0.03144,0.03127,0.03136,2202835.0
1726596000000,0.03137,0.03143,0.03106,0.03118,3476146.0
1726599600000,0.03117,0.03119,0.03083,0.03103,3890524.0
1726603200000,0.03103,0.03113,0.03095,0.03098,3737741.0
1726606800000,0.03098,0.03117,0.03096,0.03109,1667391.0
1726610400000,0.03109,0.0311,0.03094,0.03097,1326288.0
1726614000000,0.03095,0.03102,0.03088,0.03101,1381234.0
1726617600000,0.03101,0.03103,0.03038,0.03073,6120109.0
1726621200000,0.03072,0.03076,0.03057,0.03062,4090026.0
1726624800000,0.03061,0.03084,0.03057,0.0308,2596102.0
1726628400000,0.0308,0.03091,0.03077,0.03079,1987686.0
1726632000000,0.03078,0.03087,0.03049,0.03055,2491514.0
1726635600000,0.03055,0.03066,0.03041,0.03051,5232949.0
1726639200000,0.03053,0.03069,0.03051,0.03066,1397262.0
1726642800000,0.03065,0.03073,0.0306,0.03064,1618150.0
1726646400000,0.03062,0.03065,0.03042,0.03043,2059976.0
1726650000000,0.03043,0.03046,0.03004,0.03005,2997165.0
1726653600000,0.03004,0.03022,0.02989,0.03018,3824280.0
1726657200000,0.03018,0.0303,0.0301,0.03011,1669974.0
1726660800000,0.03011,0.03035,0.03005,0.03029,2510375.0
1726664400000,0.0303,0.03036,0.02996,0.03002,2743196.0
1726668000000,0.03003,0.0301,0.02992,0.02998,2513200.0
1726671600000,0.02998,0.03008,0.0297,0.02975,3127019.0
1726675200000,0.02974,0.03004,0.02955,0.03001,3873277.0
1726678800000,0.03003,0.03029,0.02983,0.03015,1727893.0
1726682400000,0.03014,0.03114,0.03009,0.03079,20952952.0
1726686000000,0.03077,0.03089,0.03048,0.03052,7372943.0
1726689600000,0.03053,0.03071,0.03033,0.03068,3064213.0
1726693200000,0.03069,0.03092,0.03067,0.03078,2335462.0
1726696800000,0.03077,0.03093,0.03075,0.03089,1847722.0
1726700400000,0.03091,0.03177,0.03088,0.03175,7377949.0
1726704000000,0.03175,0.03216,0.03171,0.03201,13948855.0
1726707600000,0.03201,0.03209,0.03165,0.03197,8061824.0
1726711200000,0.03197,0.03222,0.03191,0.03216,13078928.0
1726714800000,0.03216,0.03224,0.03208,0.03211,3108816.0
1726718400000,0.03212,0.03218,0.03195,0.032,4688000.0
1726722000000,0.03201,0.03206,0.03184,0.03186,2974061.0
1726725600000,0.03188,0.03192,0.0317,0.03179,4366063.0
1726729200000,0.0318,0.0321,0.03175,0.03207,3497688.0
1726732800000,0.03209,0.03221,0.03194,0.03194,3465931.0
1726736400000,0.03194,0.03211,0.03191,0.03207,2174555.0
1726740000000,0.03207,0.03223,0.03202,0.03202,2762940.0
1726743600000,0.03204,0.03222,0.03199,0.0322,1908919.0
1726747200000,0.03221,0.03241,0.03204,0.03214,8358118.0
1726750800000,0.03214,0.03249,0.03212,0.03235,6163460.0
1726754400000,0.03235,0.03255,0.03222,0.03227,7710971.0
1726758000000,0.03229,0.03247,0.03227,0.03246,2754063.0
1726761600000,0.03244,0.0329,0.03243,0.03282,6752259.0
1726765200000,0.03282,0.033,0.03274,0.03287,4121350.0
1726768800000,0.03287,0.03295,0.03278,0.03282,2887759.0
1726772400000,0.03282,0.03284,0.03253,0.03257,2420885.0
1726776000000,0.03257,0.03259,0.03239,0.03242,2728212.0
1726779600000,0.03241,0.03248,0.03232,0.03238,1685531.0
1726783200000,0.03237,0.03255,0.03224,0.03255,3902993.0
1726786800000,0.03256,0.03261,0.03249,0.03253,2409937.0
1726790400000,0.03254,0.03262,0.03215,0.03223,6974271.0
1726794000000,0.03221,0.03236,0.03201,0.03233,3655561.0
1726797600000,0.03233,0.03245,0.03225,0.03243,3031294.0
1726801200000,0.03244,0.03317,0.03241,0.03317,6511782.0
1726804800000,0.03316,0.03342,0.0331,0.03338,9084841.0
1726808400000,0.03339,0.03353,0.03306,0.03323,7143223.0
1726812000000,0.03324,0.03334,0.03302,0.03332,5767164.0
1726815600000,0.03331,0.03332,0.03295,0.03314,6261035.0
1726819200000,0.03315,0.03317,0.03269,0.03306,7101068.0
1726822800000,0.03305,0.03332,0.03302,0.03319,2966454.0
1726826400000,0.0332,0.03332,0.03313,0.03322,2737428.0
1726830000000,0.03322,0.03328,0.03281,0.03299,5233460.0
1726833600000,0.03299,0.03316,0.03293,0.03303,3805813.0
1726837200000,0.03303,0.03308,0.03253,0.03263,9253573.0
1726840800000,0.03265,0.03284,0.03238,0.03269,6553309.0
1726844400000,0.03269,0.03278,0.03249,0.03272,3082828.0
1726848000000,0.03273,0.03281,0.03242,0.03247,2562654.0
1726851600000,0.03246,0.03252,0.03232,0.03238,2518291.0
1726855200000,0.03238,0.03254,0.03219,0.03248,2257070.0
1726858800000,0.03249,0.0327,0.03245,0.03265,2839323.0
1726862400000,0.03264,0.03274,0.03259,0.0327,1218083.0
1726866000000,0.03269,0.03301,0.03269,0.03293,2505157.0
1726869600000,0.03293,0.03304,0.03288,0.03301,1739812.0
1726873200000,0.03301,0.03315,0.03283,0.03315,2538095.0
1726876800000,0.03314,0.03318,0.03276,0.03311,8323647.0
1726880400000,0.03311,0.03322,0.03263,0.03263,4319489.0
1726884000000,0.03265,0.03289,0.03264,0.03288,2049121.0
1726887600000,0.03288,0.03317,0.03284,0.03293,4352644.0
1726891200000,0.03292,0.03299,0.03267,0.03271,4281747.0
1726894800000,0.03272,0.03294,0.03264,0.03283,1610988.0
1726898400000,0.03283,0.03303,0.0328,0.03294,2324224.0
1726902000000,0.03294,0.03304,0.03292,0.03302,2374040.0
1726905600000,0.03303,0.03312,0.03292,0.0331,3463674.0
1726909200000,0.0331,0.03349,0.03308,0.03336,7156414.0
1726912800000,0.03336,0.03336,0.03309,0.03314,3086879.0
1726916400000,0.03314,0.03337,0.03313,0.03334,1511991.0
1726920000000,0.03333,0.03358,0.03326,0.03357,3465704.0
1726923600000,0.03358,0.03361,0.03338,0.03352,3362098.0
1726927200000,0.03354,0.03374,0.0334,0.03373,8316392.0
1726930800000,0.03373,0.03373,0.0334,0.03351,2572127.0
1726934400000,0.0335,0.03362,0.03347,0.0335,2299998.0
1726938000000,0.0335,0.03363,0.03348,0.0335,1655861.0
1726941600000,0.03348,0.03354,0.03342,0.03344,1490470.0
1726945200000,0.03343,0.03353,0.03342,0.03349,1118324.0
1726948800000,0.03347,0.03356,0.03341,0.03356,1572399.0
1726952400000,0.03356,0.03356,0.03343,0.03355,1084052.0
1726956000000,0.03354,0.03376,0.03351,0.03375,1682824.0
1726959600000,0.03375,0.03403,0.03369,0.03396,4037760.0
1726963200000,0.03396,0.03481,0.03339,0.03385,46763243.0
1726966800000,0.03384,0.03402,0.03351,0.03359,10442789.0
1726970400000,0.03359,0.03364,0.03305,0.03311,10478724.0
1726974000000,0.03312,0.03342,0.03311,0.03335,5308942.0
1726977600000,0.03335,0.03347,0.03329,0.03329,2883330.0
1726981200000,0.0333,0.03335,0.03307,0.0331,3806925.0
1726984800000,0.03309,0.03334,0.03308,0.03326,5796166.0
1726988400000,0.03327,0.03331,0.03318,0.03323,1795074.0
1726992000000,0.03324,0.03335,0.03321,0.03333,3211863.0
1726995600000,0.03332,0.03333,0.03272,0.03272,8238438.0
1726999200000,0.03273,0.0328,0.03248,0.03263,7358357.0
1727002800000,0.03263,0.03283,0.03253,0.03273,4627196.0
1727006400000,0.03274,0.03284,0.03265,0.03282,1840625.0
1727010000000,0.03281,0.03286,0.03247,0.03252,3260077.0
1727013600000,0.03252,0.03271,0.03246,0.0326,4570242.0
1727017200000,0.03262,0.03272,0.03252,0.03262,1731476.0
1727020800000,0.03262,0.03278,0.03245,0.03269,2395153.0
1727024400000,0.0327,0.03301,0.03269,0.03297,1335125.0
1727028000000,0.03298,0.03299,0.03272,0.03277,1649092.0
1727031600000,0.03275,0.03295,0.03262,0.03289,1625952.0
1727035200000,0.03289,0.03301,0.03283,0.03291,1802295.0
1727038800000,0.03291,0.03295,0.0324,0.03244,2214164.0
1727042400000,0.03243,0.03334,0.03215,0.03333,11228271.0
1727046000000,0.03333,0.03339,0.03306,0.03319,4758920.0
1727049600000,0.03319,0.03335,0.03237,0.03314,10317328.0
1727053200000,0.03315,0.03337,0.03306,0.03323,7761008.0
1727056800000,0.03324,0.03332,0.03296,0.03325,4421125.0
1727060400000,0.03326,0.03377,0.03324,0.03357,8678596.0
1727064000000,0.03358,0.03369,0.03322,0.03337,3390811.0
1727067600000,0.03336,0.03356,0.03324,0.03344,3266143.0
1727071200000,0.03346,0.03357,0.03336,0.03343,4076507.0
1727074800000,0.03343,0.03346,0.03314,0.03319,4334348.0
1727078400000,0.03318,0.03323,0.03293,0.03305,4156467.0
1727082000000,0.03303,0.03328,0.03302,0.03325,3002103.0
1727085600000,0.03325,0.03328,0.03295,0.03322,3777514.0
1727089200000,0.03322,0.03346,0.0331,0.03342,5005647.0
1727092800000,0.03342,0.03348,0.03302,0.03311,6305546.0
1727096400000,0.0331,0.03342,0.03305,0.0333,5095975.0
1727100000000,0.03333,0.03371,0.0333,0.03351,7942966.0
1727103600000,0.03351,0.03366,0.03331,0.03357,3197777.0
1727107200000,0.03357,0.03371,0.03327,0.03328,4115839.0
1727110800000,0.03327,0.03341,0.03322,0.03338,1555376.0
1727114400000,0.03337,0.0336,0.03336,0.03349,1076791.0
1727118000000,0.03349,0.03352,0.03335,0.03339,1329889.0
1727121600000,0.03338,0.03347,0.03331,0.03332,1928292.0
1727125200000,0.03332,0.03345,0.03316,0.03344,4535015.0
1727128800000,0.03342,0.03342,0.03331,0.03336,619767.0
1727132400000,0.03336,0.03346,0.03328,0.03345,1592143.0
1727136000000,0.03345,0.03355,0.03314,0.03315,12710995.0
1727139600000,0.03314,0.03334,0.0329,0.03299,6494259.0
1727143200000,0.03298,0.0331,0.03278,0.03306,4899313.0
1727146800000,0.03307,0.03316,0.03301,0.03315,3549279.0
1727150400000,0.03316,0.03317,0.03286,0.03291,2339561.0
1727154000000,0.03291,0.03307,0.0329,0.03306,1907981.0
1727157600000,0.03306,0.03322,0.03304,0.03317,1935194.0
1727161200000,0.03317,0.03333,0.03315,0.03327,3551099.0
1727164800000,0.03329,0.03355,0.03325,0.03347,3224023.0
1727168400000,0.03346,0.03352,0.03327,0.03327,3220293.0
1727172000000,0.03329,0.03362,0.03327,0.03354,2680125.0
1727175600000,0.03352,0.03364,0.03337,0.03356,1835115.0
1727179200000,0.03356,0.03374,0.03347,0.03348,4660164.0
1727182800000,0.03348,0.03379,0.03347,0.03358,2845675.0
1727186400000,0.03357,0.03361,0.0329,0.03328,9886730.0
1727190000000,0.03325,0.03338,0.03305,0.03314,6014943.0
1727193600000,0.03315,0.0333,0.03307,0.03323,4074136.0
1727197200000,0.03321,0.03359,0.0332,0.03349,3803257.0
1727200800000,0.03347,0.03354,0.03333,0.03335,2034717.0
1727204400000,0.03337,0.03368,0.03335,0.03367,2204034.0
1727208000000,0.03365,0.03381,0.03353,0.03372,7503256.0
1727211600000,0.03372,0.03381,0.03369,0.03377,1608542.0
1727215200000,0.03377,0.03418,0.03376,0.03409,7030432.0
1727218800000,0.0341,0.03416,0.03388,0.03399,4049375.0
1727222400000,0.03399,0.03411,0.03364,0.03397,14824287.0
1727226000000,0.03395,0.0343,0.03391,0.03418,9902026.0
1727229600000,0.03419,0.03432,0.03414,0.03422,2515961.0
1727233200000,0.03422,0.03428,0.03408,0.03426,2873842.0
1727236800000,0.03428,0.03428,0.03391,0.03408,3372655.0
1727240400000,0.03409,0.03513,0.03409,0.03479,39171664.0
1727244000000,0.03479,0.03481,0.03411,0.03415,10251691.0
1727247600000,0.03416,0.03426,0.03394,0.03413,6622422.0
1727251200000,0.03413,0.03443,0.03411,0.03428,3498860.0
1727254800000,0.03428,0.03447,0.03422,0.03424,3224143.0
1727258400000,0.03424,0.03445,0.03412,0.03426,3993571.0
1727262000000,0.03426,0.03487,0.0341,0.03454,14341432.0
1727265600000,0.03453,0.03483,0.03415,0.03419,11896532.0
1727269200000,0.03418,0.03429,0.03401,0.0342,6808478.0
1727272800000,0.03421,0.0346,0.03421,0.03456,5990284.0
1727276400000,0.03456,0.03464,0.03423,0.03423,5213348.0
1727280000000,0.03424,0.03449,0.03422,0.03438,2841925.0
1727283600000,0.03437,0.03444,0.03396,0.03405,4151627.0
1727287200000,0.03404,0.03433,0.03401,0.03429,1919270.0
1727290800000,0.03428,0.03437,0.03407,0.03409,1700008.0
1727294400000,0.03409,0.03431,0.03409,0.03427,1839308.0
1727298000000,0.03429,0.03437,0.03418,0.03427,1379607.0
1727301600000,0.03429,0.03433,0.03396,0.03414,3732875.0
1727305200000,0.03415,0.03416,0.03363,0.03386,6776915.0
1727308800000,0.03386,0.03395,0.03318,0.03335,9844798.0
1727312400000,0.03336,0.0336,0.03313,0.0336,6612463.0
1727316000000,0.03361,0.03372,0.03353,0.0337,2344884.0
1727319600000,0.0337,0.03394,0.03365,0.03389,2249398.0
1727323200000,0.03389,0.03394,0.03374,0.0338,2670436.0
1727326800000,0.03379,0.03427,0.03374,0.03422,3553397.0
1727330400000,0.03423,0.03534,0.03419,0.0348,27151578.0
1727334000000,0.03481,0.03499,0.03467,0.0347,10380808.0
1727337600000,0.03472,0.03564,0.03463,0.03515,20298536.0
1727341200000,0.03515,0.03547,0.035,0.03531,14618032.0
1727344800000,0.03531,0.03591,0.03509,0.03553,18663324.0
1727348400000,0.03553,0.03564,0.03537,0.0354,9256591.0
1727352000000,0.03541,0.03547,0.03516,0.03524,8012044.0
1727355600000,0.03526,0.03533,0.03491,0.03504,11978720.0
1727359200000,0.03505,0.03552,0.03503,0.03507,13633353.0
1727362800000,0.03507,0.03556,0.03503,0.0354,12327423.0
1727366400000,0.0354,0.03598,0.03536,0.03594,11975352.0
1727370000000,0.03595,0.03642,0.03564,0.03567,17072952.0
1727373600000,0.03567,0.03607,0.03567,0.03606,5455301.0
1727377200000,0.03607,0.03625,0.03579,0.03584,6104747.0
1727380800000,0.03582,0.03597,0.03568,0.03589,5036161.0
1727384400000,0.03589,0.03601,0.0357,0.03599,6751149.0
1727388000000,0.03599,0.03618,0.03597,0.03611,7178547.0
1727391600000,0.03611,0.03614,0.03569,0.03607,6776863.0
1727395200000,0.03606,0.03927,0.03604,0.0391,250605228.0
1727398800000,0.03909,0.03976,0.03853,0.03955,116622083.0
1727402400000,0.03955,0.0405,0.03918,0.03968,121547780.0
1727406000000,0.0397,0.03999,0.03931,0.03954,56934562.0
1727409600000,0.03954,0.0398,0.0391,0.03917,43679011.0
1727413200000,0.03915,0.0395,0.03909,0.03926,27604933.0
1727416800000,0.03928,0.03948,0.03859,0.03869,41776679.0
1727420400000,0.03871,0.03893,0.03846,0.03882,43863043.0
1727424000000,0.03884,0.03916,0.03864,0.03871,40900436.0
1727427600000,0.03873,0.03931,0.03854,0.03905,41518193.0
1727431200000,0.03905,0.03929,0.03848,0.03856,29180631.0
1727434800000,0.03857,0.03895,0.03839,0.03853,15397786.0
1727438400000,0.03852,0.03855,0.03808,0.03827,23747132.0
1727442000000,0.03826,0.03879,0.0382,0.03874,35896986.0
1727445600000,0.03873,0.03938,0.03864,0.03877,45327383.0
1727449200000,0.03879,0.03902,0.03861,0.03887,16230308.0
1727452800000,0.03887,0.03901,0.03846,0.03871,15305943.0
1727456400000,0.03873,0.03877,0.03802,0.03828,15424837.0
1727460000000,0.03827,0.0383,0.03807,0.0383,10954760.0
1727463600000,0.0383,0.03839,0.03812,0.03814,5825104.0
1727467200000,0.03816,0.03818,0.03787,0.03793,9114120.0
1727470800000,0.03792,0.03819,0.03783,0.03791,7394883.0
1727474400000,0.03791,0.0382,0.03784,0.0381,5876606.0
1727478000000,0.0381,0.03827,0.03797,0.03827,11154576.0
1727481600000,0.03825,0.03868,0.03765,0.03828,52616352.0
1727485200000,0.03827,0.03863,0.03794,0.03808,14213045.0
1727488800000,0.03808,0.03867,0.03808,0.03839,26558613.0
1727492400000,0.03838,0.0385,0.03798,0.0381,12947002.0
1727496000000,0.03809,0.03813,0.03782,0.03783,16790856.0
1727499600000,0.03783,0.0379,0.03762,0.03764,14100062.0
1727503200000,0.03766,0.03767,0.03684,0.0371,23132432.0
1727506800000,0.0371,0.03728,0.03676,0.03678,11548275.0
1727510400000,0.03679,0.03683,0.03652,0.03658,16289793.0
1727514000000,0.03657,0.03676,0.03625,0.03674,17200791.0
1727517600000,0.03674,0.03711,0.03666,0.03708,7422257.0
1727521200000,0.03707,0.03711,0.03685,0.03707,5205376.0
1727524800000,0.03707,0.03708,0.03669,0.0368,7359722.0
1727528400000,0.03678,0.03689,0.03653,0.03675,6764901.0
1727532000000,0.03675,0.03709,0.03674,0.03709,7744358.0
1727535600000,0.03709,0.03709,0.03688,0.03696,3132193.0
1727539200000,0.03696,0.03699,0.03674,0.03683,3514185.0
1727542800000,0.03683,0.0371,0.03681,0.03705,3014397.0
1727546400000,0.03705,0.03714,0.03699,0.03702,1934747.0
1727550000000,0.03702,0.03708,0.03691,0.03704,3336855.0
1727553600000,0.03703,0.03712,0.03699,0.03699,2059409.0
1727557200000,0.03699,0.03709,0.03665,0.03709,6876887.0
1727560800000,0.03709,0.03715,0.03695,0.03705,2409561.0
1727564400000,0.03706,0.0372,0.0368,0.0371,3459528.0
1727568000000,0.03711,0.03741,0.0366,0.03674,16245760.0
1727571600000,0.03675,0.03698,0.03664,0.03695,6840841.0
1727575200000,0.03696,0.03722,0.0369,0.03703,6817153.0
1727578800000,0.03705,0.03717,0.03695,0.03711,3948829.0
1727582400000,0.03711,0.03711,0.03674,0.0368,3619868.0
1727586000000,0.0368,0.03694,0.03668,0.03677,2540235.0
1727589600000,0.03677,0.03681,0.03641,0.03642,5711438.0
1727593200000,0.03644,0.03659,0.03614,0.03624,5671854.0
1727596800000,0.03623,0.03648,0.03618,0.03638,5187789.0
1727600400000,0.03641,0.03665,0.03639,0.03644,4161663.0
1727604000000,0.03646,0.03652,0.03627,0.03644,2776244.0
1727607600000,0.03645,0.03665,0.03642,0.0366,2315606.0
1727611200000,0.03661,0.03672,0.0363,0.03634,2986628.0
1727614800000,0.03633,0.03667,0.03622,0.03662,4686419.0
1727618400000,0.03664,0.03666,0.0364,0.03648,3783183.0
1727622000000,0.03647,0.03671,0.03639,0.03668,4096869.0
1727625600000,0.0367,0.03681,0.03652,0.03673,5382942.0
1727629200000,0.03674,0.03695,0.03673,0.03678,4371281.0
1727632800000,0.03678,0.03685,0.03672,0.03673,2061278.0
1727636400000,0.03672,0.03708,0.0367,0.03706,2745950.0
1727640000000,0.03705,0.03723,0.03681,0.03692,6288073.0
1727643600000,0.03692,0.03711,0.03687,0.03693,3452027.0
1727647200000,0.03691,0.03714,0.03664,0.03676,5578777.0
1727650800000,0.03676,0.03682,0.0365,0.03672,4372145.0
1727654400000,0.0367,0.03682,0.03597,0.03657,16451589.0
1727658000000,0.03658,0.03668,0.03572,0.03579,15899554.0
1727661600000,0.03577,0.03587,0.03525,0.03525,13712249.0
1727665200000,0.03525,0.03558,0.03495,0.03545,11254533.0
1727668800000,0.03547,0.0355,0.0352,0.03533,4606678.0
1727672400000,0.03533,0.0356,0.03529,0.03554,4120133.0
1727676000000,0.03555,0.03598,0.03553,0.03563,13296302.0
1727679600000,0.03562,0.03605,0.03561,0.03603,4870759.0
1727683200000,0.03603,0.03605,0.03567,0.03581,3702382.0
1727686800000,0.03582,0.03583,0.03526,0.03527,5167574.0
1727690400000,0.03525,0.03541,0.03501,0.03535,6779852.0
1727694000000,0.03533,0.03561,0.03523,0.03555,5374752.0
1727697600000,0.03555,0.0356,0.0354,0.03555,3663795.0
1727701200000,0.03555,0.03571,0.03546,0.03547,3189369.0
1727704800000,0.03545,0.03553,0.03517,0.03533,5848500.0
1727708400000,0.03533,0.03544,0.03488,0.0349,4332994.0
1727712000000,0.03491,0.0351,0.03481,0.03487,6379116.0
1727715600000,0.03487,0.03514,0.03476,0.03513,3211703.0
1727719200000,0.03514,0.03518,0.03479,0.03503,2994595.0
1727722800000,0.03504,0.03515,0.03496,0.03509,2461259.0
1727726400000,0.0351,0.03536,0.03509,0.0353,3403154.0
1727730000000,0.03532,0.03533,0.03514,0.03516,1309133.0
1727733600000,0.03515,0.03519,0.03478,0.03479,4421716.0
1727737200000,0.03479,0.03489,0.03419,0.03454,10889989.0
1727740800000,0.03452,0.03517,0.03439,0.03512,8997736.0
1727744400000,0.03511,0.0353,0.03488,0.03491,8073370.0
1727748000000,0.03492,0.03502,0.03459,0.03502,1830737.0
1727751600000,0.03501,0.03533,0.03495,0.03519,3365913.0
1727755200000,0.03519,0.03537,0.0351,0.03529,5099163.0
1727758800000,0.03528,0.0353,0.03508,0.03517,2562803.0
1727762400000,0.0352,0.03543,0.03518,0.03539,3144987.0
1727766000000,0.03539,0.03541,0.03521,0.03531,4535128.0
1727769600000,0.03529,0.03534,0.0351,0.03517,2859422.0
1727773200000,0.03516,0.03527,0.03514,0.03518,1951079.0
1727776800000,0.03518,0.03541,0.03515,0.03539,1815797.0
1727780400000,0.03538,0.03541,0.03503,0.03509,88146789.0
1727784000000,0.03509,0.0351,0.03493,0.035,12101546.0
1727787600000,0.035,0.03505,0.03397,0.03444,13901563.0
1727791200000,0.03442,0.03464,0.0336,0.03377,17365331.0
1727794800000,0.03378,0.03418,0.03299,0.03391,37870592.0
1727798400000,0.03392,0.03408,0.03319,0.03354,14954844.0
1727802000000,0.03353,0.03353,0.0317,0.0331,52998830.0
1727805600000,0.03309,0.03324,0.03262,0.03276,10320699.0
1727809200000,0.03275,0.03291,0.03253,0.0326,6019318.0
1727812800000,0.03259,0.03268,0.03198,0.03259,16997886.0
1727816400000,0.03258,0.03271,0.03229,0.03268,7485845.0
1727820000000,0.03269,0.0327,0.0323,0.03243,6132018.0
1727823600000,0.03243,0.03269,0.03239,0.03257,4754898.0
1727827200000,0.03256,0.03296,0.03245,0.03278,7008163.0
1727830800000,0.03278,0.03312,0.03274,0.03309,3851552.0
1727834400000,0.0331,0.03326,0.03305,0.03322,4321474.0
1727838000000,0.03321,0.03334,0.03317,0.03333,3453748.0
1727841600000,0.03333,0.03334,0.03315,0.03322,2654008.0
1727845200000,0.03322,0.03335,0.03314,0.03323,2509213.0
1727848800000,0.03324,0.03373,0.0331,0.03365,7484002.0
1727852400000,0.03366,0.03385,0.03348,0.03363,5245032.0
1727856000000,0.03363,0.03368,0.03346,0.03352,3568134.0
1727859600000,0.03352,0.03356,0.03251,0.03261,11846175.0
1727863200000,0.0326,0.03528,0.0324,0.03489,236603384.0
1727866800000,0.03489,0.03712,0.03456,0.03576,247392710.0
1727870400000,0.03578,0.03637,0.03472,0.03517,191460069.0
1727874000000,0.03518,0.03525,0.03388,0.03396,150622539.0
1727877600000,0.03397,0.03473,0.03391,0.03412,80267211.0
1727881200000,0.03412,0.03472,0.03393,0.0346,44908432.0
1727884800000,0.0346,0.0348,0.03392,0.03394,29676237.0
1727888400000,0.03395,0.034,0.03358,0.03389,23170420.0
1727892000000,0.03389,0.03393,0.03268,0.03271,35942772.0
1727895600000,0.03271,0.03316,0.03233,0.03294,38987768.0
1727899200000,0.03295,0.03364,0.03282,0.03347,25854359.0
1727902800000,0.03345,0.03355,0.03293,0.03295,18980950.0
1727906400000,0.03293,0.03331,0.03267,0.0333,12923231.0
1727910000000,0.0333,0.03372,0.03311,0.0337,45597635.0
1727913600000,0.03371,0.03373,0.03291,0.03358,38211291.0
1727917200000,0.03359,0.0342,0.03356,0.03362,28719531.0
1727920800000,0.03362,0.03423,0.03358,0.0342,16580208.0
1727924400000,0.0342,0.0343,0.03378,0.03423,18216233.0
1727928000000,0.03423,0.03448,0.03375,0.03441,13666774.0
1727931600000,0.03441,0.03524,0.03422,0.03439,74286149.0
1727935200000,0.0344,0.03567,0.03429,0.03504,131646386.0
1727938800000,0.03504,0.03598,0.03474,0.03528,121909113.0
1727942400000,0.03528,0.03531,0.03399,0.03432,119280980.0
1727946000000,0.03431,0.03465,0.0339,0.03458,78463449.0
1727949600000,0.03458,0.03474,0.03435,0.0345,33128408.0
1727953200000,0.03451,0.03488,0.03437,0.03473,54314427.0
1727956800000,0.0347,0.0348,0.03427,0.03477,49144036.0
1727960400000,0.03477,0.03485,0.03401,0.03441,36725350.0
1727964000000,0.0344,0.03503,0.03396,0.03402,49090556.0
1727967600000,0.03402,0.03453,0.03361,0.03441,37800734.0
1727971200000,0.0344,0.0346,0.03376,0.03395,25682838.0
1727974800000,0.03396,0.03472,0.03366,0.03465,24870007.0
1727978400000,0.03464,0.0347,0.03433,0.03435,13814248.0
1727982000000,0.03434,0.03493,0.03429,0.03491,13484853.0
1727985600000,0.0349,0.03495,0.03453,0.03459,11073978.0
1727989200000,0.0346,0.03492,0.03425,0.03486,9982445.0
1727992800000,0.03486,0.03499,0.03462,0.0348,10227948.0
1727996400000,0.0348,0.03519,0.03458,0.03515,11259259.0
1728000000000,0.03516,0.03568,0.03413,0.03416,59150158.0
1728003600000,0.03416,0.03475,0.03408,0.0347,22450253.0
1728007200000,0.03471,0.03482,0.03438,0.03439,11097013.0
1728010800000,0.0344,0.03468,0.03424,0.03434,10521102.0
1728014400000,0.03435,0.03475,0.03432,0.03447,8162126.0
1728018000000,0.03448,0.0348,0.03431,0.03458,15637198.0
1728021600000,0.03459,0.03468,0.03435,0.0344,8233367.0
1728025200000,0.0344,0.03465,0.0343,0.03457,11400011.0
1728028800000,0.03458,0.03518,0.03456,0.03484,21124301.0
1728032400000,0.03485,0.03516,0.03455,0.03465,14598777.0
1728036000000,0.03466,0.03481,0.03456,0.03461,8431711.0
1728039600000,0.03462,0.03506,0.03456,0.03491,13492473.0
1728043200000,0.03491,0.03588,0.0349,0.03568,68051059.0
1728046800000,0.03568,0.03595,0.03546,0.03557,30300623.0
1728050400000,0.03556,0.03566,0.03481,0.03511,25520909.0
1728054000000,0.0351,0.03568,0.03509,0.03557,14353497.0
1728057600000,0.03557,0.03584,0.03544,0.03575,12328970.0
1728061200000,0.03572,0.03591,0.03552,0.0358,10779524.0
1728064800000,0.0358,0.03605,0.03569,0.03593,7363789.0
1728068400000,0.03593,0.03602,0.03571,0.0359,4896800.0
1728072000000,0.03591,0.03602,0.03566,0.03598,5669378.0
1728075600000,0.03597,0.036,0.03573,0.03574,3442281.0
1728079200000,0.03575,0.03588,0.03565,0.03566,3935829.0
1728082800000,0.03567,0.03599,0.03554,0.03592,5254882.0
1728086400000,0.03594,0.0361,0.03552,0.03604,19357360.0
1728090000000,0.03605,0.03607,0.03545,0.03552,8647256.0
1728093600000,0.03554,0.03563,0.03491,0.03497,8871940.0
1728097200000,0.03497,0.0352,0.03485,0.03501,7300771.0
1728100800000,0.03502,0.03517,0.03487,0.03505,4506634.0
1728104400000,0.03504,0.03538,0.03499,0.03531,4556639.0
1728108000000,0.0353,0.03538,0.03512,0.03534,4472759.0
1728111600000,0.03533,0.03539,0.03521,0.03526,2833759.0
1728115200000,0.03525,0.03578,0.03524,0.03571,9517264.0
1728118800000,0.03572,0.03616,0.03563,0.0358,15926623.0
1728122400000,0.0358,0.03594,0.0356,0.03565,5764047.0
1728126000000,0.03565,0.03576,0.03557,0.03567,3515593.0
1728129600000,0.03566,0.0359,0.03559,0.03588,3810753.0
1728133200000,0.03588,0.03595,0.03553,0.03557,8445589.0
1728136800000,0.03558,0.03566,0.03545,0.03552,6316866.0
1728140400000,0.03553,0.03567,0.03548,0.03562,3174074.0
1728144000000,0.03561,0.03566,0.03493,0.03495,12202929.0
1728147600000,0.03496,0.03526,0.03494,0.03521,4141319.0
1728151200000,0.0352,0.0353,0.03488,0.03495,3742655.0
1728154800000,0.03494,0.03498,0.03482,0.03492,2495121.0
1728158400000,0.03492,0.03493,0.03467,0.0347,3967759.0
1728162000000,0.0347,0.03507,0.03467,0.03491,2756447.0
1728165600000,0.03491,0.0352,0.03489,0.03516,1874536.0
1728169200000,0.03516,0.03546,0.03505,0.03544,6709056.0
1728172800000,0.03546,0.03583,0.035,0.03503,28875623.0
1728176400000,0.03503,0.03535,0.03498,0.03522,9436706.0
1728180000000,0.03523,0.03525,0.03498,0.03502,3586620.0
1728183600000,0.03501,0.03512,0.03479,0.03479,2499509.0
1728187200000,0.03479,0.03496,0.03462,0.03473,4452793.0
1728190800000,0.03473,0.03492,0.03467,0.03478,3143036.0
1728194400000,0.03479,0.03493,0.03474,0.03478,2848201.0
1728198000000,0.03479,0.03493,0.03479,0.03487,2055872.0
1728201600000,0.03488,0.03508,0.03478,0.03505,4193334.0
1728205200000,0.03506,0.03518,0.03501,0.03506,3315713.0
1728208800000,0.03507,0.03511,0.03492,0.03493,2051088.0
1728212400000,0.03493,0.03513,0.03492,0.03507,2909440.0
1728216000000,0.03508,0.03525,0.03503,0.03519,4492957.0
1728219600000,0.0352,0.03534,0.03514,0.03514,3276271.0
1728223200000,0.03514,0.03578,0.03505,0.0357,7989311.0
1728226800000,0.0357,0.03577,0.03545,0.03576,4591560.0
1728230400000,0.03576,0.03598,0.03561,0.03569,13702362.0
1728234000000,0.03569,0.03587,0.03549,0.0355,3355106.0
1728237600000,0.03551,0.03562,0.03545,0.03549,3751826.0
1728241200000,0.03549,0.03567,0.03529,0.03531,3424328.0
1728244800000,0.0353,0.03548,0.03525,0.03535,2565774.0
1728248400000,0.03534,0.03545,0.03514,0.03515,3301164.0
1728252000000,0.03516,0.03549,0.03515,0.03547,2359834.0
1728255600000,0.03548,0.03587,0.03548,0.03573,6217830.0
1728259200000,0.03573,0.03609,0.03538,0.03603,15197205.0
1728262800000,0.03603,0.03612,0.03584,0.03599,8170256.0
1728266400000,0.036,0.03605,0.03572,0.03581,13783264.0
1728270000000,0.03583,0.03591,0.03556,0.03579,4090922.0
1728273600000,0.03579,0.03588,0.03559,0.03561,2772097.0
1728277200000,0.03561,0.03576,0.03554,0.03554,2774809.0
1728280800000,0.03554,0.03585,0.03554,0.03584,4506719.0
1728284400000,0.03584,0.03587,0.03559,0.03564,3946193.0
1728288000000,0.03565,0.03575,0.03559,0.03561,1994533.0
1728291600000,0.0356,0.03563,0.03504,0.03513,9118303.0
1728295200000,0.03514,0.03514,0.03463,0.0347,7448013.0
1728298800000,0.03469,0.03495,0.03443,0.03492,8239074.0
1728302400000,0.03492,0.03493,0.03468,0.03469,4274773.0
1728306000000,0.0347,0.03518,0.03467,0.03509,6288047.0
1728309600000,0.03508,0.03583,0.03507,0.03536,13852011.0
1728313200000,0.03535,0.03547,0.03508,0.03521,7827583.0
1728316800000,0.03521,0.03547,0.03509,0.03538,4327180.0
1728320400000,0.03536,0.03546,0.03524,0.03539,4408869.0
1728324000000,0.03539,0.03577,0.03467,0.03475,35755633.0
1728327600000,0.03476,0.03511,0.0347,0.03501,5703711.0
1728331200000,0.03501,0.03507,0.0348,0.03482,2152969.0
1728334800000,0.03481,0.03521,0.03478,0.03516,3521221.0
1728338400000,0.03517,0.03517,0.03456,0.03465,6499355.0
1728342000000,0.03464,0.03475,0.03414,0.03423,10987664.0
1728345600000,0.03423,0.03448,0.03412,0.03445,9859325.0
1728349200000,0.03445,0.03461,0.03426,0.03452,7732453.0
1728352800000,0.03453,0.03465,0.0343,0.0346,2833828.0
1728356400000,0.03462,0.03462,0.03442,0.03446,3630834.0
1728360000000,0.03449,0.03468,0.03432,0.03445,3838932.0
1728363600000,0.03445,0.03452,0.03392,0.03411,7121682.0
1728367200000,0.03412,0.0342,0.03382,0.03415,5614746.0
1728370800000,0.03414,0.03416,0.03367,0.03393,5341794.0
1728374400000,0.03393,0.03396,0.03372,0.03387,4272421.0
1728378000000,0.03387,0.03401,0.03368,0.03397,3246812.0
1728381600000,0.03397,0.03402,0.03384,0.03399,2239335.0
1728385200000,0.03399,0.03411,0.03393,0.03409,1717767.0
1728388800000,0.03408,0.03411,0.03379,0.03379,4110110.0
1728392400000,0.03378,0.03422,0.03362,0.03422,7203440.0
1728396000000,0.03422,0.03435,0.03373,0.03401,7803138.0
1728399600000,0.03403,0.03406,0.03335,0.03362,9666228.0
1728403200000,0.03362,0.03386,0.03335,0.03382,11180937.0
1728406800000,0.03383,0.03386,0.03346,0.03362,2996047.0
1728410400000,0.03363,0.03383,0.03341,0.03355,3839726.0
1728414000000,0.03354,0.03374,0.03338,0.03365,3550451.0
1728417600000,0.03366,0.03375,0.03355,0.03371,3007966.0
1728421200000,0.0337,0.03386,0.03364,0.03381,3025178.0
1728424800000,0.03381,0.03381,0.0335,0.0335,3564106.0
1728428400000,0.03349,0.03362,0.03336,0.03362,2826825.0
1728432000000,0.03362,0.03378,0.03344,0.03358,9429574.0
1728435600000,0.03358,0.034,0.03356,0.03382,4346259.0
1728439200000,0.03382,0.03386,0.03353,0.03353,2556199.0
1728442800000,0.03352,0.03365,0.03338,0.0336,2685423.0
1728446400000,0.03359,0.03372,0.03352,0.03357,1343738.0
1728450000000,0.03356,0.03399,0.03355,0.03394,1665951.0
1728453600000,0.03394,0.03397,0.03377,0.03384,1820495.0
1728457200000,0.03384,0.03385,0.03363,0.03374,2174390.0
1728460800000,0.03374,0.0338,0.03361,0.03363,1919964.0
1728464400000,0.03364,0.03382,0.03362,0.03378,1567689.0
1728468000000,0.03378,0.03378,0.03356,0.03364,1307822.0
1728471600000,0.03365,0.03374,0.03359,0.0337,1581612.0
1728475200000,0.03369,0.03372,0.03312,0.03332,8189170.0
1728478800000,0.03332,0.03334,0.03301,0.03301,7187617.0
1728482400000,0.03302,0.03319,0.03284,0.03293,5208185.0
1728486000000,0.03295,0.03348,0.03294,0.03339,4737641.0
1728489600000,0.03338,0.03343,0.03291,0.03299,5108721.0
1728493200000,0.03298,0.03308,0.03288,0.03299,2202698.0
1728496800000,0.03298,0.03305,0.03266,0.03273,4731364.0
1728500400000,0.03273,0.03282,0.03264,0.03275,2850758.0
1728504000000,0.03274,0.03279,0.03241,0.03249,9752395.0
1728507600000,0.03248,0.03275,0.03247,0.03274,3739221.0
1728511200000,0.03274,0.03285,0.03262,0.03283,2873082.0
1728514800000,0.03282,0.03288,0.03274,0.03278,1389361.0
1728518400000,0.03278,0.03282,0.03249,0.03267,4272386.0
1728522000000,0.03268,0.03302,0.03268,0.03286,3214943.0
1728525600000,0.03286,0.03298,0.03284,0.03291,1225110.0
1728529200000,0.0329,0.03304,0.03285,0.03286,2860380.0
1728532800000,0.03286,0.03288,0.03276,0.03277,1574418.0
1728536400000,0.03278,0.03301,0.03268,0.03293,2937759.0
1728540000000,0.03294,0.03296,0.03286,0.03291,1073042.0
1728543600000,0.03292,0.03292,0.03267,0.03267,1608813.0
1728547200000,0.03266,0.03282,0.03257,0.03258,2107001.0
1728550800000,0.03259,0.03262,0.03228,0.0325,3889110.0
1728554400000,0.03252,0.03279,0.03249,0.03272,1792293.0
1728558000000,0.03272,0.03289,0.03271,0.03289,1378539.0
1728561600000,0.03288,0.03295,0.0325,0.03265,7770564.0
1728565200000,0.03265,0.03285,0.03237,0.03258,5402021.0
1728568800000,0.03258,0.03269,0.03242,0.03265,3673512.0
1728572400000,0.03264,0.03273,0.03248,0.03272,3327019.0
1728576000000,0.03272,0.03286,0.03233,0.03236,5548742.0
1728579600000,0.03236,0.03249,0.03201,0.03211,7470800.0
1728583200000,0.0321,0.03232,0.03185,0.03231,6704943.0
1728586800000,0.0323,0.03236,0.03219,0.03233,1858940.0
1728590400000,0.03233,0.03254,0.03227,0.03248,2576681.0
1728594000000,0.03247,0.03272,0.03241,0.03271,2149083.0
1728597600000,0.03272,0.03275,0.03255,0.03271,2256738.0
1728601200000,0.03271,0.03289,0.0327,0.03286,2816928.0
1728604800000,0.03287,0.03291,0.03264,0.03271,3365322.0
1728608400000,0.0327,0.03301,0.03255,0.03287,5029909.0
1728612000000,0.03288,0.03291,0.03277,0.03288,2074836.0
1728615600000,0.03287,0.03297,0.03287,0.03292,1357685.0
1728619200000,0.03291,0.03299,0.03284,0.0329,1274243.0
1728622800000,0.03289,0.03298,0.03287,0.03292,1075416.0
1728626400000,0.03292,0.03322,0.03291,0.03314,1798453.0
1728630000000,0.03314,0.03319,0.03307,0.03312,1602636.0
1728633600000,0.03312,0.03324,0.0331,0.03315,1917318.0
1728637200000,0.03314,0.03343,0.03314,0.0334,4796950.0
1728640800000,0.0334,0.0335,0.03326,0.03336,4399891.0
1728644400000,0.03336,0.03339,0.03324,0.03333,2210692.0
1728648000000,0.03333,0.03354,0.0333,0.03351,3720093.0
1728651600000,0.0335,0.03369,0.03335,0.0336,5523998.0
1728655200000,0.03361,0.03372,0.03352,0.03363,6103376.0
1728658800000,0.03363,0.03392,0.03362,0.03384,5331310.0
1728662400000,0.03386,0.03396,0.0337,0.03377,4661169.0
1728666000000,0.03377,0.03399,0.03371,0.03398,2319235.0
1728669600000,0.03398,0.034,0.03385,0.03394,2027556.0
1728673200000,0.03394,0.03417,0.03389,0.03395,3743980.0
1728676800000,0.03395,0.03399,0.03391,0.03394,1521141.0
1728680400000,0.03394,0.03408,0.03394,0.03398,1938460.0
1728684000000,0.03399,0.03407,0.0339,0.03393,2551395.0
1728687600000,0.03393,0.0341,0.03381,0.03408,3847514.0
1728691200000,0.03408,0.03578,0.03401,0.03515,54984862.0
1728694800000,0.03515,0.03561,0.03498,0.03532,19678126.0
1728698400000,0.03532,0.03534,0.03466,0.03469,9666224.0
1728702000000,0.03469,0.035,0.03468,0.03474,9330235.0
1728705600000,0.03475,0.03486,0.03467,0.03477,4900136.0
1728709200000,0.03477,0.03493,0.03468,0.03488,5881605.0
1728712800000,0.03487,0.03501,0.03484,0.03484,3677533.0
1728716400000,0.03484,0.03529,0.0348,0.0352,7674756.0
1728720000000,0.03518,0.03519,0.03497,0.03509,5114130.0
1728723600000,0.03509,0.03529,0.03491,0.03508,10224908.0
1728727200000,0.03508,0.03592,0.03507,0.03559,28649971.0
1728730800000,0.03558,0.0359,0.03525,0.03527,15911839.0
1728734400000,0.03528,0.03543,0.03502,0.03527,10114033.0
1728738000000,0.03528,0.03537,0.035,0.03513,7918545.0
1728741600000,0.03513,0.03516,0.03497,0.03505,4105847.0
1728745200000,0.03506,0.03515,0.03482,0.03491,3809072.0
1728748800000,0.03491,0.03509,0.03483,0.03485,2524094.0
1728752400000,0.03484,0.03496,0.03483,0.03487,1703023.0
1728756000000,0.03488,0.03501,0.0348,0.03485,4538792.0
1728759600000,0.03486,0.03488,0.03474,0.03482,1935284.0
1728763200000,0.03481,0.03496,0.0348,0.03496,1996050.0
1728766800000,0.03495,0.0352,0.03493,0.03518,3570639.0
1728770400000,0.03517,0.0352,0.03503,0.03512,2724291.0
1728774000000,0.03512,0.03518,0.03505,0.03511,2669320.0
1728777600000,0.03512,0.03517,0.03467,0.03471,9222225.0
1728781200000,0.03471,0.03471,0.03418,0.03439,11300447.0
1728784800000,0.0344,0.03452,0.03435,0.03449,2967106.0
1728788400000,0.03449,0.03455,0.03423,0.03426,2807955.0
1728792000000,0.03427,0.03445,0.03425,0.03443,1768705.0
1728795600000,0.03443,0.0346,0.0344,0.03447,1725950.0
1728799200000,0.03446,0.03455,0.0344,0.03445,1513451.0
1728802800000,0.03444,0.03449,0.03427,0.03437,2921727.0
1728806400000,0.03438,0.03447,0.03428,0.03431,2069289.0
1728810000000,0.03432,0.03445,0.03431,0.03442,971834.0
1728813600000,0.03442,0.03444,0.03417,0.0342,2999904.0
1728817200000,0.0342,0.03429,0.03399,0.034,5281753.0
1728820800000,0.034,0.03435,0.03399,0.03426,5054182.0
1728824400000,0.03425,0.03446,0.03424,0.03439,1354399.0
1728828000000,0.03437,0.03438,0.03376,0.0338,3781223.0
1728831600000,0.03379,0.034,0.03351,0.0337,4836081.0
1728835200000,0.03371,0.03374,0.03337,0.03353,16648741.0
1728838800000,0.03353,0.03363,0.03319,0.03322,3586389.0
1728842400000,0.03322,0.03328,0.03304,0.03311,3661901.0
1728846000000,0.0331,0.03334,0.03307,0.03331,2133177.0
1728849600000,0.03333,0.03333,0.03319,0.03333,847877.0
1728853200000,0.03334,0.03366,0.03332,0.0336,1857424.0
1728856800000,0.03359,0.03395,0.03358,0.03379,7224562.0
1728860400000,0.03378,0.03395,0.03364,0.03391,3487635.0
1728864000000,0.03393,0.03395,0.03335,0.03337,6920420.0
1728867600000,0.03338,0.03389,0.03338,0.03365,3955046.0
1728871200000,0.03363,0.03363,0.03335,0.03346,4242378.0
1728874800000,0.03347,0.03458,0.03347,0.03452,7955988.0
1728878400000,0.03453,0.03463,0.0343,0.03439,6544228.0
1728882000000,0.03439,0.03441,0.03401,0.03419,3788888.0
1728885600000,0.03419,0.03439,0.03406,0.03434,3243110.0
1728889200000,0.03434,0.03458,0.03426,0.03458,5070399.0
1728892800000,0.03457,0.0347,0.0344,0.03442,4022922.0
1728896400000,0.03442,0.03467,0.03431,0.03454,3184077.0
1728900000000,0.03455,0.03478,0.03451,0.03465,4000778.0
1728903600000,0.03466,0.03478,0.03459,0.0347,3525851.0
1728907200000,0.03471,0.03485,0.0345,0.03485,6372049.0
1728910800000,0.03484,0.03613,0.03475,0.03608,23387546.0
1728914400000,0.0361,0.03644,0.03583,0.03596,34808166.0
1728918000000,0.03596,0.03614,0.03558,0.03564,15484645.0
1728921600000,0.03564,0.0358,0.03549,0.03558,7059231.0
1728925200000,0.03559,0.03574,0.03551,0.03565,3412001.0
1728928800000,0.03565,0.03578,0.03561,0.03566,3826747.0
1728932400000,0.03565,0.03597,0.03563,0.03593,8278150.0
1728936000000,0.03593,0.03601,0.03587,0.03588,1814291.0
1728939600000,0.03588,0.03608,0.03583,0.036,4077936.0
1728943200000,0.03598,0.03654,0.03598,0.03638,23798192.0
1728946800000,0.03639,0.03666,0.03616,0.03661,8540762.0
1728950400000,0.03662,0.0393,0.03662,0.03898,132746119.0
1728954000000,0.03895,0.03976,0.03795,0.03816,105701526.0
1728957600000,0.03817,0.03839,0.03773,0.03794,25163097.0
1728961200000,0.03794,0.03794,0.03741,0.0375,20762838.0
1728964800000,0.03751,0.03792,0.03729,0.03759,25846762.0
1728968400000,0.03759,0.0376,0.03675,0.03686,28644264.0
1728972000000,0.03688,0.03724,0.03671,0.03718,17202336.0
1728975600000,0.03718,0.0375,0.03701,0.0371,19272939.0
1728979200000,0.0371,0.03737,0.0371,0.03718,7911131.0
1728982800000,0.03719,0.03723,0.0369,0.037,9663682.0
1728986400000,0.03698,0.03718,0.03684,0.037,9585045.0
1728990000000,0.03701,0.03706,0.03638,0.03653,29012179.0
1728993600000,0.03654,0.03693,0.03622,0.03672,19734825.0
1728997200000,0.0367,0.03792,0.0366,0.03778,26972982.0
1729000800000,0.03779,0.03813,0.03633,0.03651,71482092.0
1729004400000,0.03651,0.03683,0.03576,0.03673,38153134.0
1729008000000,0.03674,0.03731,0.03673,0.03697,21260954.0
1729011600000,0.03699,0.03707,0.03667,0.03679,8812436.0
1729015200000,0.03678,0.03716,0.03676,0.03699,5728873.0
1729018800000,0.03697,0.03707,0.0368,0.03694,5707897.0
1729022400000,0.03693,0.03699,0.03634,0.03639,13635902.0
1729026000000,0.03637,0.03673,0.03631,0.03666,5545168.0
1729029600000,0.03665,0.03679,0.03657,0.03662,4986242.0
1729033200000,0.03663,0.0371,0.03661,0.03707,4431002.0
1729036800000,0.03707,0.03731,0.03619,0.03726,32732465.0
1729040400000,0.03725,0.03762,0.03641,0.03729,47559336.0
1729044000000,0.03726,0.03745,0.03666,0.03698,20450655.0
1729047600000,0.03697,0.0373,0.03677,0.03681,8659290.0
1729051200000,0.0368,0.03703,0.03647,0.03667,5235414.0
1729054800000,0.03667,0.0369,0.03655,0.03662,4844959.0
1729058400000,0.03661,0.03673,0.03623,0.03643,7706411.0
1729062000000,0.03642,0.03642,0.03607,0.03633,4963135.0
1729065600000,0.03632,0.03665,0.03625,0.03654,7991719.0
1729069200000,0.03654,0.03691,0.03648,0.03689,4526796.0
1729072800000,0.0369,0.03711,0.03682,0.0369,6502088.0
1729076400000,0.03694,0.03734,0.03668,0.0371,10743683.0
1729080000000,0.03709,0.03732,0.0368,0.0369,13561961.0
1729083600000,0.03691,0.03714,0.03643,0.03655,10034509.0
1729087200000,0.03661,0.03704,0.03651,0.03671,12809412.0
1729090800000,0.03671,0.03677,0.03648,0.03653,4503410.0
1729094400000,0.03653,0.03661,0.03624,0.03653,5789891.0
1729098000000,0.03654,0.0368,0.03645,0.03666,4435886.0
1729101600000,0.03665,0.03676,0.03651,0.03652,1831203.0
1729105200000,0.03653,0.03669,0.03647,0.0366,1865028.0
1729108800000,0.03661,0.03693,0.0366,0.03672,1847070.0
1729112400000,0.03672,0.0368,0.03659,0.03667,2904182.0
1729116000000,0.03667,0.03675,0.03661,0.03673,2822582.0
1729119600000,0.03672,0.03678,0.03653,0.03665,4765025.0
1729123200000,0.03664,0.03765,0.03662,0.03701,30023678.0
1729126800000,0.03703,0.0371,0.03651,0.03695,10387029.0
1729130400000,0.03693,0.03696,0.03644,0.03646,3679930.0
1729134000000,0.03647,0.03664,0.03646,0.03657,2702251.0
1729137600000,0.03657,0.0367,0.03602,0.03604,7686394.0
1729141200000,0.03605,0.03611,0.03566,0.03572,9283674.0
1729144800000,0.03571,0.03603,0.03553,0.03574,8839255.0
1729148400000,0.03574,0.03585,0.03547,0.0357,7094799.0
1729152000000,0.03569,0.03604,0.03557,0.0359,4834027.0
1729155600000,0.03589,0.03594,0.0356,0.0356,4158467.0
1729159200000,0.03562,0.03569,0.03521,0.03552,10004850.0
1729162800000,0.03551,0.03556,0.03518,0.0352,4590999.0
1729166400000,0.03518,0.03554,0.03514,0.03547,2999433.0
1729170000000,0.03548,0.03586,0.03532,0.0356,11897316.0
1729173600000,0.0356,0.03563,0.03533,0.03552,6854142.0
1729177200000,0.03551,0.03587,0.03537,0.03566,6666546.0
1729180800000,0.03566,0.03568,0.03542,0.03554,5290168.0
1729184400000,0.03556,0.03561,0.03517,0.03527,7672789.0
1729188000000,0.03527,0.03533,0.03503,0.03518,6681359.0
1729191600000,0.03518,0.03537,0.03514,0.03533,1638030.0
1729195200000,0.03532,0.03554,0.03531,0.0354,2580952.0
1729198800000,0.03541,0.03562,0.03538,0.03558,1621568.0
1729202400000,0.03559,0.0358,0.03559,0.03574,3175485.0
1729206000000,0.03575,0.03576,0.03564,0.03568,2062424.0
1729209600000,0.03566,0.03575,0.03533,0.03539,10376709.0
1729213200000,0.03538,0.03636,0.03538,0.03622,17422926.0
1729216800000,0.03623,0.03636,0.03609,0.03626,6608521.0
1729220400000,0.03627,0.03627,0.03584,0.03587,3364620.0
1729224000000,0.03588,0.03607,0.03587,0.03589,2511944.0
1729227600000,0.0359,0.03612,0.03585,0.03602,3537357.0
1729231200000,0.03603,0.03623,0.03594,0.03617,4086859.0
1729234800000,0.03616,0.0362,0.03601,0.03613,3737771.0
1729238400000,0.03614,0.03617,0.03601,0.03609,2301344.0
1729242000000,0.0361,0.03615,0.03593,0.03596,2509615.0
1729245600000,0.03596,0.03604,0.03591,0.03595,2741359.0
1729249200000,0.03595,0.03603,0.03576,0.03576,2338564.0
1729252800000,0.03576,0.03585,0.03552,0.03554,2810208.0
1729256400000,0.03554,0.0359,0.03554,0.03587,3443142.0
1729260000000,0.03588,0.03621,0.03569,0.03612,8606730.0
1729263600000,0.03611,0.0362,0.03603,0.0361,2868466.0
1729267200000,0.03609,0.0364,0.03599,0.03636,3822198.0
1729270800000,0.03638,0.03641,0.03612,0.03613,1858933.0
1729274400000,0.03612,0.03626,0.03603,0.03612,3636789.0
1729278000000,0.03611,0.03614,0.03595,0.03599,2035636.0
1729281600000,0.03598,0.03602,0.03591,0.03596,1078416.0
1729285200000,0.03596,0.03605,0.0359,0.03598,1558223.0
1729288800000,0.036,0.03609,0.03587,0.03605,2910033.0
1729292400000,0.03605,0.03634,0.03603,0.03629,3795339.0
1729296000000,0.03629,0.0363,0.03597,0.03601,8842628.0
1729299600000,0.03602,0.03615,0.03601,0.03606,2891694.0
1729303200000,0.03605,0.03622,0.03605,0.03617,2409405.0
1729306800000,0.03616,0.03638,0.03616,0.03628,3866939.0
1729310400000,0.03629,0.03631,0.03599,0.036,4250045.0
1729314000000,0.036,0.03614,0.03597,0.03613,2129862.0
1729317600000,0.03613,0.03614,0.03603,0.03609,1736791.0
1729321200000,0.03608,0.03609,0.03591,0.03596,2633788.0
1729324800000,0.03595,0.03608,0.03595,0.03603,1120100.0
1729328400000,0.03604,0.03609,0.03595,0.03595,3059140.0
1729332000000,0.03595,0.03598,0.03576,0.03577,2716660.0
1729335600000,0.03577,0.03587,0.03552,0.03555,5301473.0
1729339200000,0.03555,0.03593,0.03553,0.03589,3223958.0
1729342800000,0.03589,0.03594,0.03566,0.03569,2014567.0
1729346400000,0.03567,0.03592,0.03567,0.03591,1461858.0
1729350000000,0.0359,0.03594,0.03571,0.03575,1034362.0
1729353600000,0.03575,0.03579,0.03557,0.0356,3025616.0
1729357200000,0.03559,0.03571,0.03559,0.03562,1276149.0
1729360800000,0.03562,0.03574,0.03561,0.03564,969001.0
1729364400000,0.03564,0.03576,0.03556,0.03559,1351351.0
1729368000000,0.03558,0.03573,0.03557,0.03568,735646.0
1729371600000,0.03568,0.03582,0.03566,0.03569,1543550.0
1729375200000,0.0357,0.03589,0.03565,0.03586,1920298.0
1729378800000,0.03588,0.03596,0.0358,0.0359,2414572.0
1729382400000,0.03591,0.03597,0.0356,0.0356,3482805.0
1729386000000,0.0356,0.03562,0.03534,0.03534,2437776.0
1729389600000,0.03536,0.03546,0.0353,0.03539,2526263.0
1729393200000,0.03538,0.03539,0.03524,0.03538,2341805.0
1729396800000,0.03536,0.03552,0.03529,0.03536,2074215.0
1729400400000,0.03536,0.03552,0.03533,0.03538,2920832.0
1729404000000,0.03538,0.03558,0.0353,0.03557,2677044.0
1729407600000,0.03556,0.03563,0.03548,0.0355,2212208.0
1729411200000,0.03551,0.03566,0.0355,0.03552,1344437.0
1729414800000,0.03553,0.03561,0.03547,0.03559,935516.0
1729418400000,0.0356,0.03563,0.03552,0.03553,1086868.0
1729422000000,0.03553,0.03561,0.03553,0.03559,1200099.0
1729425600000,0.03559,0.03562,0.03537,0.03538,4467459.0
1729429200000,0.03536,0.03575,0.03531,0.03573,7195156.0
1729432800000,0.03573,0.03601,0.03573,0.03593,13949942.0
1729436400000,0.03593,0.03597,0.03565,0.03576,4929547.0
1729440000000,0.03575,0.03585,0.03574,0.03577,1862542.0
1729443600000,0.03576,0.03594,0.03575,0.03587,2049823.0
1729447200000,0.03587,0.03597,0.03583,0.03591,1852576.0
1729450800000,0.03591,0.03592,0.03577,0.03583,1769148.0
1729454400000,0.03584,0.0361,0.03579,0.03605,1820539.0
1729458000000,0.03604,0.03609,0.03596,0.03606,2606650.0
1729461600000,0.03607,0.03645,0.03604,0.03633,9779161.0
1729465200000,0.03633,0.03657,0.03631,0.03656,5630733.0
1729468800000,0.03656,0.0375,0.03651,0.03663,36480916.0
1729472400000,0.03664,0.03675,0.03655,0.03662,3932833.0
1729476000000,0.03663,0.03665,0.03619,0.0362,5778358.0
1729479600000,0.03621,0.03643,0.03604,0.03643,5513630.0
1729483200000,0.03643,0.0365,0.03625,0.03649,3495266.0
1729486800000,0.0365,0.03667,0.03639,0.03646,4168200.0
1729490400000,0.03647,0.03657,0.03608,0.0361,3797881.0
1729494000000,0.0361,0.03624,0.036,0.03602,4042317.0
1729497600000,0.03601,0.03613,0.03577,0.0358,5539650.0
1729501200000,0.03578,0.03592,0.03544,0.03571,7436461.0
1729504800000,0.03571,0.03575,0.0355,0.03552,7310424.0
1729508400000,0.03552,0.03562,0.03537,0.03539,10128277.0
1729512000000,0.03537,0.03552,0.03532,0.03545,4240632.0
1729515600000,0.03544,0.03553,0.0348,0.03501,11566434.0
1729519200000,0.03501,0.03521,0.03496,0.03512,4916755.0
1729522800000,0.03512,0.03523,0.03492,0.03523,3096141.0
1729526400000,0.03521,0.03521,0.03483,0.03501,4298831.0
1729530000000,0.03501,0.03532,0.03499,0.03523,2727057.0
1729533600000,0.03524,0.03525,0.03504,0.03521,2752613.0
1729537200000,0.03521,0.03545,0.03518,0.0354,1949797.0
1729540800000,0.0354,0.0354,0.03526,0.03534,1552789.0
1729544400000,0.03533,0.03546,0.03525,0.03528,1051438.0
1729548000000,0.03528,0.03534,0.03523,0.0353,1597706.0
1729551600000,0.0353,0.0353,0.03505,0.03506,3317963.0
1729555200000,0.03506,0.03517,0.03439,0.03488,13005734.0
1729558800000,0.03488,0.03507,0.03475,0.03503,4015927.0
1729562400000,0.03502,0.03516,0.03482,0.03486,1226624.0
1729566000000,0.03486,0.03504,0.03484,0.03503,1446824.0
1729569600000,0.03504,0.03504,0.03489,0.03495,1338467.0
1729573200000,0.03495,0.03511,0.0349,0.03506,1516360.0
1729576800000,0.03508,0.0352,0.03493,0.03493,3301629.0
1729580400000,0.03494,0.03496,0.03474,0.03477,2519055.0
1729584000000,0.03479,0.03479,0.03442,0.03451,5407270.0
1729587600000,0.03452,0.03456,0.0343,0.03446,6164145.0
1729591200000,0.03446,0.03462,0.03441,0.0346,1860822.0
1729594800000,0.03461,0.03479,0.03459,0.03464,1662522.0
1729598400000,0.03464,0.03477,0.03445,0.03448,2281147.0
1729602000000,0.0345,0.03459,0.03414,0.03435,6124400.0
1729605600000,0.03436,0.03479,0.03427,0.03476,5880790.0
1729609200000,0.03475,0.03481,0.03451,0.03464,4165168.0
1729612800000,0.03464,0.03467,0.03437,0.03438,3104804.0
1729616400000,0.03437,0.0347,0.03436,0.0347,3308642.0
1729620000000,0.03469,0.03478,0.03455,0.03456,1853560.0
1729623600000,0.03455,0.03475,0.03455,0.03467,2411124.0
1729627200000,0.03468,0.03475,0.03465,0.03473,1330876.0
1729630800000,0.03474,0.03475,0.03462,0.0347,1465980.0
1729634400000,0.03469,0.03494,0.03465,0.03487,2275833.0
1729638000000,0.03487,0.03495,0.03476,0.03483,2368344.0
1729641600000,0.03484,0.03492,0.03453,0.03457,5689211.0
1729645200000,0.03455,0.03461,0.03446,0.0345,1804834.0
1729648800000,0.0345,0.03452,0.03419,0.03422,2982784.0
1729652400000,0.0342,0.03433,0.03407,0.03425,3305127.0
1729656000000,0.03424,0.03438,0.03421,0.03437,2783648.0
1729659600000,0.03437,0.03437,0.03418,0.03426,1847385.0
1729663200000,0.03427,0.03444,0.03422,0.03429,1748723.0
1729666800000,0.03428,0.03432,0.03408,0.03414,2092045.0
1729670400000,0.03415,0.03423,0.03379,0.03387,7954944.0
1729674000000,0.03387,0.03404,0.03373,0.03398,2355754.0
1729677600000,0.03398,0.03411,0.03387,0.03388,1796475.0
1729681200000,0.03389,0.03398,0.03356,0.03363,2728589.0
1729684800000,0.03363,0.03379,0.03355,0.03372,4261831.0
1729688400000,0.03371,0.03391,0.03366,0.03386,3157786.0
1729692000000,0.03386,0.03394,0.03372,0.03376,3302984.0
1729695600000,0.03376,0.03378,0.03335,0.03352,6679234.0
1729699200000,0.03353,0.03361,0.03314,0.0332,3866263.0
1729702800000,0.03317,0.03349,0.03314,0.03316,2844691.0
1729706400000,0.03316,0.03342,0.03284,0.03341,10478231.0
1729710000000,0.0334,0.03369,0.03329,0.03368,3365714.0
1729713600000,0.03371,0.03371,0.03358,0.03369,2356126.0
1729717200000,0.03369,0.0337,0.03354,0.03359,2038123.0
1729720800000,0.0336,0.0337,0.03359,0.0336,1441344.0
1729724400000,0.03359,0.03407,0.03356,0.03394,4703820.0
1729728000000,0.03392,0.03443,0.03368,0.03438,28662114.0
1729731600000,0.03439,0.03451,0.03409,0.03415,6049408.0
1729735200000,0.03417,0.03427,0.03403,0.03416,4490432.0
1729738800000,0.03417,0.03419,0.03395,0.03395,2401536.0
1729742400000,0.03396,0.03418,0.03394,0.03413,1625499.0
1729746000000,0.03413,0.0342,0.03407,0.03407,956973.0
1729749600000,0.03408,0.03422,0.0339,0.0339,2125285.0
1729753200000,0.03389,0.034,0.03383,0.03386,2187086.0
1729756800000,0.03386,0.03397,0.03352,0.03352,2805950.0
1729760400000,0.03351,0.03361,0.03335,0.03342,3842409.0
1729764000000,0.03343,0.03367,0.0334,0.03357,2391168.0
1729767600000,0.03358,0.03378,0.03358,0.03376,1403170.0
1729771200000,0.03376,0.03396,0.03373,0.03394,2649707.0
1729774800000,0.03395,0.03418,0.03389,0.03414,2874508.0
1729778400000,0.03415,0.03416,0.03386,0.034,3223221.0
1729782000000,0.03402,0.0342,0.03395,0.03408,1438730.0
1729785600000,0.03409,0.03417,0.03395,0.03408,1372432.0
1729789200000,0.03408,0.03415,0.03396,0.03405,1981073.0
1729792800000,0.03404,0.03417,0.03402,0.03414,1737471.0
1729796400000,0.03412,0.03433,0.03408,0.03431,1849244.0
1729800000000,0.03432,0.03434,0.0342,0.03426,2432617.0
1729803600000,0.03427,0.03465,0.03427,0.03454,3433476.0
1729807200000,0.03453,0.03466,0.03448,0.03448,3072182.0
1729810800000,0.03448,0.03488,0.03444,0.03485,4893989.0
1729814400000,0.03486,0.03526,0.03425,0.03432,21150716.0
1729818000000,0.03433,0.03433,0.03412,0.03421,3669950.0
1729821600000,0.0342,0.03431,0.034,0.03415,3626318.0
1729825200000,0.03415,0.03428,0.03413,0.03417,2299924.0
1729828800000,0.03416,0.03421,0.03383,0.0339,3927425.0
1729832400000,0.03389,0.03402,0.03381,0.03393,1567189.0
1729836000000,0.03394,0.03405,0.03386,0.03394,1301478.0
1729839600000,0.03394,0.03406,0.03376,0.03386,6165566.0
1729843200000,0.03387,0.0341,0.03364,0.03406,4793259.0
1729846800000,0.03405,0.03433,0.03399,0.03431,2291528.0
1729850400000,0.03432,0.03438,0.03417,0.03433,2702142.0
1729854000000,0.03434,0.03441,0.03427,0.03436,2026445.0
1729857600000,0.03437,0.03451,0.03437,0.03444,3472967.0
1729861200000,0.03445,0.03455,0.03418,0.03453,4839260.0
1729864800000,0.03452,0.03473,0.03444,0.03449,2726056.0
1729868400000,0.03449,0.03455,0.03386,0.034,5477144.0
1729872000000,0.03401,0.03415,0.03377,0.03405,4314483.0
1729875600000,0.03406,0.03415,0.03356,0.03361,3678829.0
1729879200000,0.0336,0.03393,0.03308,0.03356,14375378.0
1729882800000,0.03355,0.03364,0.03338,0.03353,3670627.0
1729886400000,0.03352,0.03353,0.03332,0.03342,2010789.0
1729890000000,0.03345,0.03362,0.03341,0.03362,1927335.0
1729893600000,0.03361,0.03362,0.03323,0.03324,2029438.0
1729897200000,0.03323,0.03326,0.03107,0.03227,55707118.0
1729900800000,0.03227,0.0326,0.03178,0.0325,15050125.0
1729904400000,0.03248,0.03258,0.03227,0.03235,3532468.0
1729908000000,0.03236,0.03268,0.03212,0.03254,4390038.0
1729911600000,0.03254,0.03272,0.03249,0.03265,1894953.0
1729915200000,0.03264,0.03267,0.03239,0.03248,2560775.0
1729918800000,0.03249,0.03271,0.03248,0.03263,4219528.0
1729922400000,0.03264,0.03273,0.03256,0.03264,2332765.0
1729926000000,0.03264,0.03267,0.03247,0.03247,1597693.0
1729929600000,0.03247,0.03267,0.03247,0.03264,1512086.0
1729933200000,0.03264,0.03272,0.0326,0.03262,2562779.0
1729936800000,0.03261,0.03275,0.03258,0.03266,1766485.0
1729940400000,0.03267,0.03277,0.03263,0.03273,1509067.0
1729944000000,0.03273,0.0328,0.03253,0.03254,1829143.0
1729947600000,0.03254,0.03259,0.03224,0.03226,3542012.0
1729951200000,0.03225,0.03234,0.03192,0.03197,4412250.0
1729954800000,0.03195,0.03235,0.03194,0.0322,3863859.0
1729958400000,0.0322,0.03242,0.03214,0.03238,2073905.0
1729962000000,0.03238,0.03254,0.03232,0.03248,1011641.0
1729965600000,0.0325,0.03261,0.03246,0.03249,729112.0
1729969200000,0.0325,0.03265,0.0325,0.0326,659234.0
1729972800000,0.03262,0.03289,0.03259,0.03269,2061676.0
1729976400000,0.03269,0.03269,0.03256,0.03267,1180351.0
1729980000000,0.03266,0.0327,0.0326,0.03261,709147.0
1729983600000,0.03261,0.03262,0.03248,0.03256,2497648.0
1729987200000,0.03257,0.03261,0.03233,0.03234,2430636.0
1729990800000,0.03235,0.03254,0.0323,0.03251,2443789.0
1729994400000,0.0325,0.03259,0.03241,0.03246,1502370.0
1729998000000,0.03247,0.03271,0.03243,0.0327,1628088.0
1730001600000,0.0327,0.03272,0.03255,0.03256,1417288.0
1730005200000,0.03255,0.03262,0.03251,0.03261,898436.0
1730008800000,0.03261,0.03261,0.03247,0.03254,921810.0
1730012400000,0.03254,0.03264,0.0325,0.03254,1315687.0
1730016000000,0.03255,0.03268,0.03254,0.03259,1151848.0
1730019600000,0.03258,0.03259,0.0324,0.03249,996007.0
1730023200000,0.0325,0.03257,0.03243,0.03245,763489.0
1730026800000,0.03244,0.0326,0.03243,0.03245,3681956.0
1730030400000,0.03245,0.03265,0.03241,0.03255,2169246.0
1730034000000,0.03255,0.0328,0.03254,0.03262,3408415.0
1730037600000,0.03262,0.03275,0.03261,0.03265,2508421.0
1730041200000,0.03266,0.03284,0.03265,0.0328,1525401.0
1730044800000,0.03281,0.03294,0.03274,0.0329,1742773.0
1730048400000,0.03292,0.03298,0.0328,0.03285,1569646.0
1730052000000,0.03286,0.03288,0.03264,0.03265,1452415.0
1730055600000,0.03265,0.03273,0.03256,0.03264,2009635.0
1730059200000,0.03264,0.03272,0.03257,0.03261,889234.0
1730062800000,0.03262,0.03296,0.0326,0.03286,1578700.0
1730066400000,0.03288,0.03311,0.03288,0.03291,3288254.0
1730070000000,0.03291,0.03339,0.03288,0.03333,10181200.0
1730073600000,0.03333,0.03449,0.03316,0.03316,56344485.0
1730077200000,0.03317,0.03322,0.03283,0.03287,7006780.0
1730080800000,0.03287,0.03293,0.03276,0.03282,2662671.0
1730084400000,0.03282,0.03296,0.03248,0.03255,7046351.0
1730088000000,0.03255,0.03275,0.03247,0.03264,3974538.0
1730091600000,0.03264,0.03272,0.03241,0.03266,3960565.0
1730095200000,0.03266,0.03275,0.03255,0.03271,2649759.0
1730098800000,0.03272,0.03305,0.0327,0.03294,7015713.0
1730102400000,0.03293,0.03305,0.03291,0.03299,1950110.0
1730106000000,0.033,0.03395,0.03294,0.0338,12067461.0
1730109600000,0.03379,0.03387,0.03336,0.03339,14214265.0
1730113200000,0.03339,0.03353,0.03323,0.03351,4659910.0
1730116800000,0.03351,0.03381,0.03332,0.03371,6274241.0
1730120400000,0.03371,0.03477,0.03355,0.03466,47852201.0
1730124000000,0.03464,0.0348,0.03401,0.03412,47616472.0
1730127600000,0.03412,0.0342,0.03376,0.03408,15209768.0
1730131200000,0.03407,0.03442,0.03395,0.0342,16231054.0
1730134800000,0.03422,0.03453,0.03383,0.03426,15068659.0
1730138400000,0.03427,0.03495,0.03418,0.03471,20453120.0
1730142000000,0.03472,0.03492,0.03452,0.03472,26001955.0
1730145600000,0.03477,0.03485,0.03444,0.03459,7370010.0
1730149200000,0.03467,0.0348,0.03463,0.03474,2295296.0
1730152800000,0.03495,0.03516,0.03473,0.03488,15884322.0
1730156400000,0.03489,0.03557,0.03471,0.03541,16382025.0
1730160000000,0.0354,0.03594,0.03466,0.03502,89734337.0
1730163600000,0.03503,0.0351,0.03467,0.03493,13440181.0
1730167200000,0.03493,0.03564,0.03485,0.03536,20815215.0
1730170800000,0.03537,0.03583,0.03532,0.03541,12858962.0
1730174400000,0.03543,0.03611,0.0354,0.03595,19932786.0
1730178000000,0.03595,0.03598,0.03549,0.03555,9525934.0
1730181600000,0.03555,0.03573,0.03552,0.03567,10698980.0
1730185200000,0.03567,0.03572,0.03526,0.0353,10190813.0
1730188800000,0.03531,0.03555,0.03526,0.03543,5356625.0
1730192400000,0.03545,0.03561,0.03541,0.03561,9337764.0
1730196000000,0.0356,0.03567,0.03543,0.03547,5464880.0
1730199600000,0.03546,0.03592,0.03546,0.03563,11239230.0
1730203200000,0.03562,0.03572,0.0354,0.03541,8402134.0
1730206800000,0.03541,0.03567,0.03526,0.03564,8837771.0
1730210400000,0.03564,0.03583,0.03544,0.0357,7319713.0
1730214000000,0.0357,0.03595,0.03551,0.03594,6970843.0
1730217600000,0.03594,0.03637,0.03589,0.0362,15391497.0
1730221200000,0.03621,0.03637,0.03581,0.03591,21342650.0
1730224800000,0.03592,0.03611,0.03585,0.03608,6321230.0
1730228400000,0.03608,0.03619,0.03557,0.03564,8910914.0
1730232000000,0.03565,0.03609,0.03555,0.03601,19938420.0
1730235600000,0.036,0.03622,0.03588,0.03592,5330106.0
1730239200000,0.03593,0.03626,0.03589,0.0361,4275459.0
1730242800000,0.0361,0.03641,0.03606,0.03636,6003399.0
1730246400000,0.03638,0.03642,0.0358,0.03585,16356279.0
1730250000000,0.03586,0.03587,0.03549,0.03574,8220899.0
1730253600000,0.03574,0.03591,0.0356,0.03563,4223513.0
1730257200000,0.03562,0.03576,0.03559,0.03563,3155171.0
1730260800000,0.03564,0.03568,0.03555,0.03557,2217420.0
1730264400000,0.03557,0.03569,0.03546,0.03558,5336841.0
1730268000000,0.03558,0.03583,0.03549,0.0355,2821443.0
1730271600000,0.0355,0.0356,0.03543,0.03552,4091849.0
1730275200000,0.03553,0.03568,0.03517,0.0352,5033045.0
1730278800000,0.03521,0.03546,0.03519,0.03529,7718945.0
1730282400000,0.0353,0.03533,0.03491,0.03493,8962007.0
1730286000000,0.03494,0.03502,0.03467,0.03472,7936634.0
1730289600000,0.03472,0.03501,0.03458,0.03492,7051879.0
1730293200000,0.03493,0.03511,0.03466,0.03503,6243758.0
1730296800000,0.03503,0.03553,0.03501,0.03531,6856779.0
1730300400000,0.03532,0.03538,0.03476,0.03492,4373961.0
1730304000000,0.0349,0.03515,0.03482,0.03505,2988168.0
1730307600000,0.03503,0.03507,0.03485,0.03502,1952447.0
1730311200000,0.03502,0.03515,0.03499,0.03507,2903643.0
1730314800000,0.03504,0.03509,0.03495,0.035,1350769.0
1730318400000,0.03499,0.03528,0.03481,0.03527,4745642.0
1730322000000,0.03528,0.03532,0.03494,0.03517,2718306.0
1730325600000,0.03517,0.03519,0.03499,0.03509,2981147.0
1730329200000,0.03509,0.03519,0.03491,0.03491,2375057.0
1730332800000,0.03492,0.03496,0.03463,0.03469,3894418.0
1730336400000,0.0347,0.03542,0.03451,0.03533,6185408.0
1730340000000,0.03533,0.03571,0.03505,0.03554,20782597.0
1730343600000,0.03555,0.03591,0.03529,0.03534,11549763.0
1730347200000,0.03534,0.03547,0.03505,0.03508,4666992.0
1730350800000,0.03508,0.03532,0.03506,0.03525,3965154.0
1730354400000,0.03524,0.03524,0.03489,0.03496,9720884.0
1730358000000,0.03496,0.03511,0.03482,0.03507,4961741.0
1730361600000,0.03506,0.0354,0.03478,0.03531,10230042.0
1730365200000,0.03532,0.0359,0.03501,0.03552,12820121.0
1730368800000,0.03552,0.0363,0.0353,0.03626,17547532.0
1730372400000,0.03624,0.03631,0.03578,0.03596,34881167.0
1730376000000,0.03597,0.03626,0.03563,0.03592,24462268.0
1730379600000,0.03594,0.03604,0.0351,0.03519,24138532.0
1730383200000,0.03519,0.03527,0.03469,0.03481,21298525.0
1730386800000,0.03481,0.03512,0.03474,0.03494,6913385.0
1730390400000,0.03493,0.03503,0.03478,0.03486,6820521.0
1730394000000,0.03487,0.0351,0.03462,0.0348,6130128.0
1730397600000,0.0348,0.0348,0.03434,0.03468,11887393.0
1730401200000,0.03467,0.03481,0.03437,0.03441,4469416.0
1730404800000,0.03442,0.03459,0.03433,0.03454,4529677.0
1730408400000,0.03453,0.03485,0.03445,0.03482,3393290.0
1730412000000,0.03482,0.03509,0.03455,0.03494,12763646.0
1730415600000,0.03494,0.03507,0.03479,0.035,6776638.0
1730419200000,0.03498,0.03506,0.03425,0.03425,15773598.0
1730422800000,0.03425,0.0345,0.03379,0.03386,16421583.0
1730426400000,0.03385,0.03406,0.03358,0.03401,12850271.0
1730430000000,0.03401,0.03411,0.03387,0.03392,2895907.0
1730433600000,0.03392,0.03404,0.03387,0.03399,1582000.0
1730437200000,0.03399,0.03401,0.03379,0.03382,2401119.0
1730440800000,0.03383,0.03387,0.03352,0.03353,4732842.0
1730444400000,0.03353,0.03369,0.03342,0.03356,5574455.0
1730448000000,0.03357,0.03374,0.03351,0.03365,2983460.0
1730451600000,0.03366,0.03392,0.03361,0.03389,4252818.0
1730455200000,0.03389,0.03431,0.03386,0.0342,6378178.0
1730458800000,0.03421,0.03438,0.03417,0.03421,2792650.0
1730462400000,0.03421,0.03451,0.03415,0.03437,8930942.0
1730466000000,0.03436,0.03475,0.03418,0.03475,10731185.0
1730469600000,0.03474,0.03489,0.03451,0.03467,9080643.0
1730473200000,0.03467,0.0347,0.03341,0.03373,11739890.0
1730476800000,0.03374,0.0344,0.03363,0.03426,9099927.0
1730480400000,0.03426,0.03435,0.03402,0.03409,4638036.0
1730484000000,0.03409,0.0341,0.03393,0.03393,1723181.0
1730487600000,0.03395,0.03399,0.03374,0.0339,3740957.0
1730491200000,0.0339,0.03406,0.03384,0.03391,2364281.0
1730494800000,0.0339,0.0339,0.03347,0.03373,4206814.0
1730498400000,0.03372,0.03385,0.03358,0.03369,3402754.0
1730502000000,0.03368,0.03384,0.03362,0.03377,3000764.0
1730505600000,0.03378,0.03397,0.03367,0.03385,3402181.0
1730509200000,0.03386,0.03391,0.03376,0.03383,1477797.0
1730512800000,0.03383,0.03393,0.03379,0.03381,1297508.0
1730516400000,0.0338,0.03383,0.03361,0.03367,1952150.0
1730520000000,0.03368,0.03368,0.03349,0.03356,2063667.0
1730523600000,0.03355,0.03368,0.03334,0.03361,2957780.0
1730527200000,0.03362,0.03366,0.03351,0.03361,1148751.0
1730530800000,0.0336,0.03364,0.03351,0.03361,1304946.0
1730534400000,0.03361,0.03366,0.03343,0.03346,1711339.0
1730538000000,0.03346,0.03357,0.03341,0.03343,1370582.0
1730541600000,0.03344,0.03344,0.03326,0.03337,2516356.0
1730545200000,0.03337,0.03348,0.0333,0.03334,1422295.0
1730548800000,0.03333,0.0334,0.03291,0.03299,4148968.0
1730552400000,0.03298,0.03314,0.03283,0.03286,4735216.0
1730556000000,0.03286,0.03294,0.03275,0.03288,3621067.0
1730559600000,0.03287,0.03299,0.03267,0.0329,2059201.0
1730563200000,0.03292,0.03321,0.03287,0.03312,2130042.0
1730566800000,0.03312,0.03312,0.03287,0.03295,1555834.0
1730570400000,0.03296,0.03297,0.03276,0.03282,1341156.0
1730574000000,0.03282,0.03303,0.0328,0.03299,1050615.0
1730577600000,0.03301,0.03369,0.03297,0.03326,21911056.0
1730581200000,0.03326,0.0333,0.03312,0.03314,2255534.0
1730584800000,0.03313,0.0332,0.03295,0.03297,3136308.0
1730588400000,0.03296,0.0331,0.03281,0.03309,2670598.0
1730592000000,0.03309,0.03312,0.03288,0.03289,2102983.0
1730595600000,0.03288,0.03299,0.03272,0.03273,2313409.0
1730599200000,0.03273,0.03281,0.03185,0.03211,12585548.0
1730602800000,0.03211,0.03231,0.03188,0.03218,6234300.0
1730606400000,0.03218,0.03257,0.03217,0.03247,4218787.0
1730610000000,0.03248,0.03254,0.03218,0.03218,2119307.0
1730613600000,0.03218,0.0325,0.03218,0.0324,2460690.0
1730617200000,0.0324,0.03244,0.03226,0.03233,2274549.0
1730620800000,0.03233,0.03239,0.03224,0.03231,2991252.0
1730624400000,0.03231,0.03235,0.03192,0.03194,3862780.0
1730628000000,0.03196,0.03225,0.03195,0.0321,2020254.0
1730631600000,0.0321,0.03219,0.03183,0.03188,3455616.0
1730635200000,0.03188,0.03208,0.03188,0.03192,3835611.0
1730638800000,0.03192,0.03195,0.03136,0.03145,5371384.0
1730642400000,0.03144,0.03161,0.0313,0.03143,6536153.0
1730646000000,0.03142,0.03161,0.0312,0.0315,5636188.0
1730649600000,0.03149,0.03176,0.03138,0.03146,4490929.0
1730653200000,0.03148,0.03174,0.03146,0.03162,2202546.0
1730656800000,0.03162,0.03167,0.031,0.03108,9584164.0
1730660400000,0.03108,0.03171,0.03106,0.03166,3703683.0
1730664000000,0.03166,0.03192,0.03156,0.03187,3425152.0
1730667600000,0.03187,0.03212,0.03187,0.03203,5265069.0
1730671200000,0.03203,0.03212,0.03176,0.03183,9734437.0
1730674800000,0.03183,0.03183,0.03158,0.03174,5421479.0
1730678400000,0.03173,0.03176,0.03136,0.0316,6641204.0
1730682000000,0.03161,0.0322,0.03155,0.03205,8716683.0
1730685600000,0.03207,0.03224,0.03199,0.03221,3735027.0
1730689200000,0.03222,0.03236,0.03199,0.032,3161611.0
1730692800000,0.03201,0.03215,0.03193,0.03199,2139584.0
1730696400000,0.03199,0.03201,0.0315,0.03153,3140872.0
1730700000000,0.03154,0.03187,0.03152,0.03184,2363146.0
1730703600000,0.03183,0.03187,0.03152,0.03155,1842583.0
1730707200000,0.03154,0.03167,0.0314,0.03149,2425819.0
1730710800000,0.0315,0.03171,0.03144,0.03156,1678519.0
1730714400000,0.03157,0.03203,0.03152,0.03183,5298817.0
1730718000000,0.03182,0.03203,0.03169,0.03198,4780829.0
1730721600000,0.03198,0.03213,0.03192,0.03205,3132077.0
1730725200000,0.03204,0.03222,0.03161,0.03163,5827754.0
1730728800000,0.03163,0.03173,0.03145,0.03158,3824119.0
1730732400000,0.03157,0.03167,0.0314,0.03155,3179450.0
1730736000000,0.03156,0.03163,0.03115,0.03119,3593583.0
1730739600000,0.0312,0.03146,0.03111,0.03131,5046090.0
1730743200000,0.0313,0.03139,0.03115,0.03118,2018124.0
1730746800000,0.0312,0.03139,0.03118,0.03126,2033021.0
1730750400000,0.03126,0.03147,0.03102,0.03102,3678750.0
1730754000000,0.03103,0.03112,0.03026,0.03036,12289568.0
1730757600000,0.03035,0.03099,0.03018,0.03088,9803733.0
1730761200000,0.03087,0.03094,0.03073,0.0308,4570657.0
1730764800000,0.03081,0.03118,0.03078,0.03102,7180835.0
1730768400000,0.03103,0.03116,0.03069,0.0311,6821788.0
1730772000000,0.03112,0.03116,0.03085,0.03091,2875013.0
1730775600000,0.03092,0.03115,0.03092,0.03114,1514356.0
1730779200000,0.03114,0.03134,0.0311,0.03125,3095513.0
1730782800000,0.03127,0.03145,0.03122,0.03143,2636958.0
1730786400000,0.03143,0.03149,0.0313,0.03139,2424264.0
1730790000000,0.03138,0.03162,0.03126,0.03146,4598266.0
1730793600000,0.03147,0.03152,0.03133,0.0315,2549151.0
1730797200000,0.03151,0.03165,0.03139,0.03141,4908210.0
1730800800000,0.03141,0.03144,0.03128,0.03139,1914788.0
1730804400000,0.0314,0.03161,0.0314,0.03153,2562459.0
1730808000000,0.03154,0.03159,0.03137,0.03152,3357331.0
1730811600000,0.03153,0.03159,0.03136,0.03146,5016085.0
1730815200000,0.03145,0.03233,0.03141,0.03213,14002657.0
1730818800000,0.03213,0.03218,0.03172,0.03193,11571037.0
1730822400000,0.03194,0.03238,0.0319,0.03229,5724678.0
1730826000000,0.0323,0.0324,0.03206,0.03206,3622045.0
1730829600000,0.03207,0.03221,0.03201,0.03215,2268435.0
1730833200000,0.03215,0.03219,0.03141,0.03154,8637017.0
1730836800000,0.03155,0.03189,0.03145,0.03182,4894670.0
1730840400000,0.03183,0.03188,0.03171,0.03175,2785207.0
1730844000000,0.03176,0.03197,0.03156,0.03196,2599423.0
1730847600000,0.03197,0.03222,0.03187,0.03219,8630741.0
1730851200000,0.03219,0.03347,0.03215,0.03342,97887723.0
1730854800000,0.03343,0.03371,0.03307,0.0332,51791412.0
1730858400000,0.03322,0.03395,0.03306,0.03372,27132922.0
1730862000000,0.03372,0.03429,0.03362,0.03419,42222767.0
1730865600000,0.0342,0.03459,0.03388,0.03412,32469655.0
1730869200000,0.03413,0.03426,0.03375,0.03417,20280163.0
1730872800000,0.03418,0.03458,0.03413,0.03413,17868109.0
1730876400000,0.03413,0.03448,0.03383,0.03397,16868881.0
1730880000000,0.03398,0.03406,0.03328,0.03393,25736251.0
1730883600000,0.03393,0.03427,0.03392,0.0342,10910425.0
1730887200000,0.0342,0.0343,0.03396,0.0343,9022877.0
1730890800000,0.03429,0.03436,0.03415,0.03432,7616201.0
1730894400000,0.03432,0.03454,0.03416,0.03417,5834126.0
1730898000000,0.03418,0.03428,0.03388,0.03421,7093339.0
1730901600000,0.03421,0.03434,0.03377,0.03383,9487174.0
1730905200000,0.03383,0.03418,0.03379,0.03405,9152728.0
1730908800000,0.03406,0.03423,0.03397,0.03423,3988478.0
1730912400000,0.03422,0.03426,0.03406,0.03414,4663217.0
1730916000000,0.03413,0.03442,0.03413,0.03441,5396469.0
1730919600000,0.0344,0.03461,0.03435,0.03459,8888915.0
1730923200000,0.03459,0.03475,0.03447,0.0347,6836956.0
1730926800000,0.03469,0.03491,0.03463,0.03488,5870045.0
1730930400000,0.0349,0.03531,0.03475,0.03523,5970757.0
1730934000000,0.03524,0.0356,0.03511,0.03535,24195493.0
1730937600000,0.03534,0.03628,0.03497,0.03561,58607693.0
1730941200000,0.03561,0.0362,0.03553,0.03585,27046342.0
1730944800000,0.03585,0.03614,0.0356,0.03574,20337561.0
1730948400000,0.03573,0.03577,0.03534,0.03541,9475852.0
1730952000000,0.03542,0.03547,0.03485,0.03495,14348101.0
1730955600000,0.03494,0.03509,0.0348,0.03504,5562815.0
1730959200000,0.03503,0.03506,0.03462,0.03503,13200622.0
1730962800000,0.03505,0.0355,0.03503,0.03534,11753367.0
1730966400000,0.03533,0.03554,0.03529,0.03538,3612035.0
1730970000000,0.03538,0.03538,0.03502,0.03512,4842498.0
1730973600000,0.03511,0.03511,0.03474,0.03504,6403522.0
1730977200000,0.03504,0.03508,0.03482,0.03486,2995707.0
1730980800000,0.03485,0.03519,0.03485,0.03512,5821898.0
1730984400000,0.03513,0.0352,0.03459,0.03461,5390651.0
1730988000000,0.0346,0.03497,0.03444,0.03473,6520292.0
1730991600000,0.03474,0.03548,0.03466,0.03547,7185666.0
1730995200000,0.03547,0.03562,0.03517,0.03548,6659785.0
1730998800000,0.03547,0.03565,0.03532,0.03556,5359816.0
1731002400000,0.03557,0.03575,0.03526,0.03557,5540906.0
1731006000000,0.03556,0.03558,0.03521,0.03552,7874495.0
1731009600000,0.03553,0.03566,0.03542,0.03559,4684684.0
1731013200000,0.03561,0.03575,0.03546,0.03546,5018271.0
1731016800000,0.03547,0.03558,0.03512,0.03528,4038867.0
1731020400000,0.03529,0.0356,0.03512,0.03553,3414613.0
1731024000000,0.03553,0.03663,0.03547,0.03548,38968433.0
1731027600000,0.03549,0.03564,0.03509,0.03522,7303635.0
1731031200000,0.03519,0.03522,0.03487,0.03488,7867450.0
1731034800000,0.03488,0.03529,0.03482,0.03529,5163671.0
1731038400000,0.03528,0.03539,0.03517,0.03522,1857325.0
1731042000000,0.03521,0.03544,0.03518,0.03544,2019977.0
1731045600000,0.03543,0.03544,0.0352,0.03521,3229835.0
1731049200000,0.03521,0.03532,0.03489,0.03523,5089146.0
1731052800000,0.03522,0.03522,0.03487,0.03492,2273823.0
1731056400000,0.03492,0.03519,0.03487,0.03516,2153104.0
1731060000000,0.03515,0.03561,0.03501,0.03551,9648827.0
1731063600000,0.03552,0.03564,0.03539,0.03543,8245015.0
1731067200000,0.03542,0.03561,0.03531,0.03558,4059913.0
1731070800000,0.03558,0.03565,0.03529,0.03563,4448877.0
1731074400000,0.03563,0.03568,0.03496,0.03503,6598369.0
1731078000000,0.03503,0.03548,0.0349,0.03531,7697170.0
1731081600000,0.03531,0.03544,0.03484,0.03488,5996834.0
1731085200000,0.03487,0.03515,0.03456,0.03507,7146691.0
1731088800000,0.03507,0.03536,0.03496,0.03526,4806093.0
1731092400000,0.03525,0.03551,0.03524,0.0354,4144984.0
1731096000000,0.0354,0.03544,0.03527,0.03532,4970468.0
1731099600000,0.03532,0.03549,0.03509,0.03549,4498552.0
1731103200000,0.03548,0.03571,0.03539,0.03561,4511063.0
1731106800000,0.03562,0.03602,0.03553,0.03593,8194604.0
1731110400000,0.03594,0.03654,0.03546,0.03549,42693229.0
1731114000000,0.03549,0.03561,0.03516,0.03524,8495139.0
1731117600000,0.03524,0.03544,0.03516,0.03542,5132991.0
1731121200000,0.03541,0.03542,0.03505,0.03514,5926310.0
1731124800000,0.03516,0.03538,0.03516,0.03532,2746616.0
1731128400000,0.03534,0.03563,0.0353,0.0356,7241680.0
1731132000000,0.0356,0.03575,0.03545,0.03553,5776241.0
1731135600000,0.03552,0.03563,0.03537,0.03563,3122252.0
1731139200000,0.03564,0.03586,0.03558,0.0357,5466448.0
1731142800000,0.03569,0.03582,0.03562,0.03568,4087960.0
1731146400000,0.03569,0.03578,0.03551,0.03565,3117830.0
1731150000000,0.03564,0.03586,0.03561,0.03586,3063004.0
1731153600000,0.03585,0.03595,0.03533,0.03534,7380078.0
1731157200000,0.03533,0.03564,0.03532,0.03556,4664686.0
1731160800000,0.03556,0.03562,0.03509,0.03534,8353664.0
1731164400000,0.03533,0.03559,0.03517,0.03554,5613113.0
1731168000000,0.03554,0.03556,0.03521,0.03538,3745966.0
1731171600000,0.03538,0.0354,0.03487,0.03537,6234924.0
1731175200000,0.03536,0.03556,0.03532,0.03548,1982514.0
1731178800000,0.03548,0.03571,0.03543,0.0355,4737500.0
1731182400000,0.03549,0.03572,0.03542,0.03572,2032227.0
1731186000000,0.03571,0.03588,0.03564,0.03574,3519502.0
1731189600000,0.03575,0.03625,0.03575,0.03622,4741543.0
1731193200000,0.03622,0.03706,0.03619,0.03696,23209720.0
1731196800000,0.03696,0.03703,0.03616,0.03671,25391440.0
1731200400000,0.03671,0.03879,0.03667,0.03809,102616364.0
1731204000000,0.03809,0.03884,0.0378,0.03876,38961135.0
1731207600000,0.03876,0.03931,0.03838,0.03851,45300286.0
1731211200000,0.03852,0.03951,0.03838,0.03916,31101440.0
1731214800000,0.03917,0.03951,0.03852,0.03877,37299248.0
1731218400000,0.03876,0.03917,0.0385,0.03892,28206575.0
1731222000000,0.0389,0.03921,0.03881,0.03883,12102087.0
1731225600000,0.03884,0.03911,0.03869,0.03902,14990019.0
1731229200000,0.03902,0.0391,0.03883,0.03889,11882306.0
1731232800000,0.03891,0.03931,0.0389,0.03919,15400063.0
1731236400000,0.03919,0.03987,0.0391,0.03938,37105563.0
1731240000000,0.03935,0.03951,0.0382,0.03925,76505460.0
1731243600000,0.03925,0.03989,0.03887,0.03981,45195476.0
1731247200000,0.0398,0.04037,0.03856,0.03889,60897070.0
1731250800000,0.03887,0.03966,0.03874,0.03952,25578470.0
1731254400000,0.03952,0.03988,0.03918,0.03982,21222143.0
1731258000000,0.03981,0.04041,0.03957,0.04008,17970127.0
1731261600000,0.04008,0.04048,0.03988,0.03998,18267537.0
1731265200000,0.03998,0.04003,0.03846,0.03886,33246620.0
1731268800000,0.03887,0.03909,0.03765,0.03766,30452391.0
1731272400000,0.03767,0.03849,0.03662,0.03839,50058565.0
1731276000000,0.03838,0.03934,0.03835,0.03908,27936828.0
1731279600000,0.03906,0.0395,0.03885,0.03945,20431748.0
1731283200000,0.03944,0.04181,0.03922,0.04059,157277125.0
1731286800000,0.04059,0.04162,0.04042,0.0409,43695183.0
1731290400000,0.04094,0.04122,0.04069,0.04084,15768794.0
1731294000000,0.04084,0.04094,0.04009,0.04065,23320012.0
1731297600000,0.04066,0.04067,0.03989,0.04036,13614163.0
1731301200000,0.04035,0.04038,0.03811,0.03848,48453171.0
1731304800000,0.03847,0.03907,0.0382,0.03858,25996486.0
1731308400000,0.03858,0.03898,0.03841,0.03887,12256216.0
1731312000000,0.03887,0.03959,0.03886,0.03939,16787384.0
1731315600000,0.0394,0.03959,0.03907,0.03958,15055070.0
1731319200000,0.03957,0.03991,0.03935,0.03964,16161998.0
1731322800000,0.03963,0.04021,0.03955,0.04018,11557528.0
1731326400000,0.04016,0.04023,0.03914,0.03947,22857448.0
1731330000000,0.03948,0.03952,0.03886,0.03918,14501851.0
1731333600000,0.03919,0.03965,0.03888,0.03956,17386256.0
1731337200000,0.03954,0.04083,0.03929,0.04019,38018849.0
1731340800000,0.0402,0.04074,0.04003,0.04017,31121870.0
1731344400000,0.04017,0.04066,0.0401,0.04045,20904604.0
1731348000000,0.04045,0.04057,0.04,0.04056,13718060.0
1731351600000,0.04056,0.04258,0.04026,0.04249,86239581.0
1731355200000,0.04249,0.04467,0.04197,0.04236,180259438.0
1731358800000,0.04236,0.04395,0.04219,0.04356,49464132.0
1731362400000,0.04357,0.04724,0.04257,0.04499,432388655.0
1731366000000,0.04499,0.04582,0.04453,0.04536,111749054.0
1731369600000,0.04536,0.0455,0.04313,0.04428,113458123.0
1731373200000,0.04427,0.0445,0.04317,0.0433,58294933.0
1731376800000,0.04329,0.04375,0.04288,0.04361,33251182.0
1731380400000,0.04362,0.04383,0.04308,0.04377,19110609.0
1731384000000,0.04378,0.04439,0.04355,0.04372,39284399.0
1731387600000,0.04372,0.04391,0.04306,0.04331,35733318.0
1731391200000,0.04329,0.04396,0.04313,0.04382,28072463.0
1731394800000,0.04383,0.04384,0.0432,0.04375,24552725.0
1731398400000,0.04375,0.04395,0.04314,0.04385,31077554.0
1731402000000,0.04385,0.04403,0.04203,0.04211,65814733.0
1731405600000,0.04211,0.04251,0.03961,0.04118,181940692.0
1731409200000,0.04117,0.04174,0.04076,0.04093,58466496.0
1731412800000,0.04092,0.04144,0.04011,0.04058,53397754.0
1731416400000,0.04055,0.04077,0.03949,0.04041,61074459.0
1731420000000,0.04041,0.04068,0.03982,0.04066,32975042.0
1731423600000,0.04066,0.04081,0.04001,0.04011,24614521.0
1731427200000,0.04012,0.04021,0.03924,0.04,37484923.0
1731430800000,0.04,0.04049,0.03994,0.04008,19857242.0
1731434400000,0.04008,0.041,0.04008,0.04093,19903501.0
1731438000000,0.04093,0.04122,0.04076,0.04085,17839385.0
1731441600000,0.04085,0.04121,0.04059,0.04079,21974223.0
1731445200000,0.04079,0.04118,0.04022,0.04111,17887007.0
1731448800000,0.04112,0.04227,0.04083,0.04211,18715597.0
1731452400000,0.04212,0.04212,0.04151,0.04159,20419708.0
1731456000000,0.04159,0.04177,0.04068,0.04068,35949139.0
1731459600000,0.04068,0.04105,0.03983,0.04045,39536837.0
1731463200000,0.04046,0.04058,0.03924,0.04013,29714364.0
1731466800000,0.04015,0.04028,0.0388,0.0389,27873023.0
1731470400000,0.03889,0.03963,0.03753,0.03856,56852976.0
1731474000000,0.03855,0.03875,0.03794,0.03804,29792557.0
1731477600000,0.03804,0.0385,0.03737,0.03787,24622950.0
1731481200000,0.03789,0.03859,0.03782,0.03854,19781301.0
1731484800000,0.03854,0.03867,0.03789,0.03809,13150541.0
1731488400000,0.03807,0.03839,0.03779,0.03807,10653822.0
1731492000000,0.03809,0.03836,0.0378,0.03828,12522755.0
1731495600000,0.03828,0.03853,0.03805,0.03823,14992712.0
1731499200000,0.03822,0.03855,0.0379,0.03828,9729775.0
1731502800000,0.03831,0.03993,0.03818,0.03963,44271884.0
1731506400000,0.03963,0.04149,0.03919,0.04109,58911655.0
1731510000000,0.04109,0.04436,0.04012,0.04279,184142215.0
1731513600000,0.04277,0.04395,0.0423,0.04288,86423219.0
1731517200000,0.04289,0.04377,0.04279,0.04335,24296124.0
1731520800000,0.04334,0.04469,0.04313,0.04356,47419378.0
1731524400000,0.04358,0.04362,0.04218,0.04234,68185166.0
1731528000000,0.04234,0.04351,0.04199,0.04249,45361219.0
1731531600000,0.04249,0.04274,0.04189,0.04236,35844922.0
1731535200000,0.04237,0.04297,0.04213,0.04265,11100978.0
1731538800000,0.04263,0.04415,0.04228,0.04413,30412011.0
1731542400000,0.04413,0.04474,0.04274,0.04303,108712400.0
1731546000000,0.04302,0.0438,0.04294,0.04356,34689767.0
1731549600000,0.04355,0.04363,0.04235,0.04246,52034221.0
1731553200000,0.04247,0.04259,0.04202,0.04251,17800046.0
1731556800000,0.04251,0.04314,0.04231,0.04314,13507657.0
1731560400000,0.04313,0.04346,0.04286,0.04343,12433722.0
1731564000000,0.04342,0.04382,0.04255,0.04255,18381891.0
1731567600000,0.04254,0.04355,0.04235,0.04332,26755646.0
1731571200000,0.04332,0.04369,0.04306,0.0432,19314783.0
1731574800000,0.04318,0.04365,0.04299,0.04338,17857832.0
1731578400000,0.04337,0.04366,0.04272,0.04278,18717855.0
1731582000000,0.04278,0.04439,0.04229,0.04336,140025501.0
1731585600000,0.04336,0.04398,0.04302,0.04336,31211282.0
1731589200000,0.04335,0.04367,0.04294,0.04301,24870890.0
1731592800000,0.04301,0.04383,0.0419,0.042,45535323.0
1731596400000,0.04199,0.04293,0.04171,0.04222,37573316.0
1731600000000,0.04222,0.04331,0.04191,0.04321,22821910.0
1731603600000,0.04321,0.04322,0.0427,0.04307,10841916.0
1731607200000,0.04308,0.0435,0.04292,0.0431,6767695.0
1731610800000,0.04309,0.0433,0.04294,0.04322,7516836.0
1731614400000,0.04322,0.04322,0.04225,0.04227,11073185.0
1731618000000,0.04227,0.04275,0.04217,0.04267,12112005.0
1731621600000,0.04268,0.04311,0.04215,0.04279,21536817.0
1731625200000,0.04278,0.04284,0.042,0.04253,37894642.0
1731628800000,0.04254,0.04315,0.04195,0.04216,65318143.0
1731632400000,0.04214,0.04387,0.04205,0.0437,58271603.0
1731636000000,0.0437,0.04436,0.04307,0.04426,36587518.0
1731639600000,0.04425,0.0443,0.04332,0.0434,20444564.0
1731643200000,0.04339,0.04344,0.04209,0.04241,30030135.0
1731646800000,0.04239,0.0428,0.04214,0.04252,13253818.0
1731650400000,0.04252,0.043,0.04243,0.04277,8483773.0
1731654000000,0.04277,0.04293,0.04246,0.04248,8762034.0
1731657600000,0.04248,0.04286,0.0421,0.04282,11670560.0
1731661200000,0.0428,0.0437,0.04276,0.04341,11905224.0
1731664800000,0.0434,0.0437,0.04316,0.04362,7905791.0
1731668400000,0.04362,0.04388,0.04338,0.04378,9586142.0
1731672000000,0.04378,0.04401,0.04353,0.04372,27808819.0
1731675600000,0.04373,0.04413,0.04332,0.04367,26936730.0
1731679200000,0.04367,0.0438,0.04266,0.04305,22854773.0
1731682800000,0.04302,0.04305,0.04208,0.04257,25793787.0
1731686400000,0.04257,0.04325,0.04238,0.04284,15169136.0
1731690000000,0.04284,0.04343,0.04277,0.04304,10996418.0
1731693600000,0.04303,0.04327,0.04276,0.04322,8447972.0
1731697200000,0.04322,0.04365,0.04319,0.04346,10846043.0
1731700800000,0.04346,0.04431,0.04344,0.0443,11952204.0
1731704400000,0.04428,0.04468,0.04412,0.04446,14957857.0
1731708000000,0.04447,0.04487,0.04434,0.04449,13169033.0
1731711600000,0.04449,0.0449,0.0444,0.04486,12816396.0
1731715200000,0.04486,0.04583,0.04405,0.04414,48801836.0
1731718800000,0.04415,0.04447,0.04408,0.04419,7500016.0
1731722400000,0.04419,0.04448,0.04396,0.04407,7393297.0
1731726000000,0.04407,0.04429,0.044,0.04428,6070029.0
1731729600000,0.04427,0.04492,0.04415,0.04434,13010990.0
1731733200000,0.04435,0.04538,0.04419,0.04499,12012681.0
1731736800000,0.045,0.04547,0.04428,0.04442,16674588.0
1731740400000,0.04441,0.04481,0.04439,0.04467,8205259.0
1731744000000,0.04466,0.04531,0.04446,0.04512,15046804.0
1731747600000,0.04513,0.046,0.04484,0.04542,28117767.0
1731751200000,0.04541,0.04695,0.04526,0.0464,27853595.0
1731754800000,0.04639,0.04692,0.04573,0.04637,38923882.0
1731758400000,0.04638,0.04664,0.04558,0.04631,27899652.0
1731762000000,0.04631,0.04669,0.04594,0.04617,21887617.0
1731765600000,0.04618,0.04774,0.04612,0.04729,37304782.0
1731769200000,0.04729,0.04754,0.04565,0.04628,71850571.0
1731772800000,0.04628,0.04746,0.04583,0.04721,22500873.0
1731776400000,0.04721,0.04843,0.04704,0.04812,20056307.0
1731780000000,0.04811,0.04838,0.04766,0.04833,13747676.0
1731783600000,0.04833,0.04852,0.04764,0.0482,18539373.0
1731787200000,0.04818,0.04836,0.04734,0.04747,24735644.0
1731790800000,0.04748,0.04772,0.04733,0.04757,14209783.0
1731794400000,0.04757,0.04817,0.04716,0.04724,15471627.0
1731798000000,0.04725,0.048,0.04709,0.04758,23953765.0
1731801600000,0.04759,0.04909,0.04683,0.04831,102302575.0
1731805200000,0.04832,0.04966,0.04628,0.04669,80893590.0
1731808800000,0.04669,0.04671,0.04506,0.0461,88706113.0
1731812400000,0.0461,0.04658,0.04552,0.04651,15924315.0
1731816000000,0.04651,0.04668,0.04558,0.04593,28243450.0
1731819600000,0.04592,0.0463,0.04568,0.04573,16661335.0
1731823200000,0.04572,0.04635,0.04561,0.04615,12428491.0
1731826800000,0.04612,0.04621,0.04567,0.04586,10431945.0
1731830400000,0.04588,0.04606,0.04561,0.04574,13496887.0
1731834000000,0.04574,0.04605,0.04565,0.04588,9677362.0
1731837600000,0.04587,0.04593,0.04545,0.04559,9200541.0
1731841200000,0.0456,0.0456,0.04432,0.04437,27735364.0
1731844800000,0.04437,0.04511,0.04409,0.04507,13971417.0
1731848400000,0.04506,0.04509,0.04434,0.0447,16627978.0
1731852000000,0.0447,0.04497,0.04414,0.04446,10563618.0
1731855600000,0.04446,0.0445,0.04406,0.04431,14953769.0
1731859200000,0.04432,0.04454,0.04403,0.04453,9011918.0
1731862800000,0.04453,0.04456,0.04395,0.04427,12169357.0
1731866400000,0.04427,0.04428,0.04333,0.0434,21391267.0
1731870000000,0.0434,0.0436,0.0431,0.0435,12447052.0
1731873600000,0.04349,0.04381,0.04325,0.04355,14252198.0
1731877200000,0.04355,0.04378,0.04316,0.04317,13200622.0
1731880800000,0.0432,0.0436,0.04279,0.04323,16910049.0
1731884400000,0.04322,0.04394,0.04301,0.04387,16635012.0
1731888000000,0.04388,0.04388,0.0432,0.04362,19597390.0
1731891600000,0.04363,0.04623,0.0436,0.04545,55184709.0
1731895200000,0.04546,0.04556,0.04482,0.04495,13329884.0
1731898800000,0.04493,0.04544,0.04485,0.04539,9544817.0
1731902400000,0.04537,0.04542,0.04493,0.04502,5413975.0
1731906000000,0.04504,0.04582,0.04502,0.04575,9079398.0
1731909600000,0.04576,0.04664,0.04576,0.04649,17217696.0
1731913200000,0.0465,0.04658,0.04605,0.04625,8357736.0
1731916800000,0.04625,0.04658,0.04584,0.04623,9681919.0
1731920400000,0.04623,0.04627,0.04556,0.04569,13339214.0
1731924000000,0.04568,0.04611,0.04568,0.0458,5212322.0
1731927600000,0.04581,0.04585,0.04445,0.04473,28632646.0
1731931200000,0.04474,0.04519,0.04439,0.04508,12282013.0
1731934800000,0.04507,0.04511,0.04398,0.0441,18309559.0
1731938400000,0.04411,0.04532,0.04405,0.04504,13408237.0
1731942000000,0.04508,0.04621,0.04499,0.04606,13957136.0
1731945600000,0.04605,0.04626,0.04564,0.04598,13412935.0
1731949200000,0.04599,0.0461,0.04553,0.04595,12455783.0
1731952800000,0.04593,0.04615,0.04542,0.04564,12401126.0
1731956400000,0.04564,0.04588,0.0446,0.04525,26336754.0
1731960000000,0.04524,0.04596,0.04503,0.04565,14178551.0
1731963600000,0.04567,0.04639,0.04558,0.04596,11268146.0
1731967200000,0.04599,0.04634,0.04599,0.04615,5109125.0
1731970800000,0.04616,0.04628,0.04573,0.04618,9733237.0
1731974400000,0.04617,0.04621,0.04532,0.04555,17263269.0
1731978000000,0.04557,0.04607,0.04537,0.04539,13849363.0
1731981600000,0.04539,0.04577,0.04525,0.04573,10085968.0
1731985200000,0.04572,0.04626,0.04562,0.04588,13571488.0
1731988800000,0.04587,0.04614,0.04491,0.04518,26601560.0
1731992400000,0.04519,0.04598,0.04501,0.04585,15995047.0
1731996000000,0.04583,0.04587,0.0454,0.04558,11733212.0
1731999600000,0.04556,0.04571,0.04534,0.04546,9268943.0
1732003200000,0.04547,0.04555,0.04502,0.0453,8009078.0
1732006800000,0.04529,0.04532,0.04445,0.04475,18653968.0
1732010400000,0.04474,0.04501,0.04458,0.04498,5719586.0
1732014000000,0.04498,0.04519,0.04479,0.04499,5309657.0
1732017600000,0.04498,0.04559,0.04496,0.04544,7610848.0
1732021200000,0.04545,0.04545,0.04437,0.04444,12752779.0
1732024800000,0.04445,0.045,0.04426,0.04449,20295117.0
1732028400000,0.04451,0.04488,0.04439,0.04483,7514205.0
1732032000000,0.04484,0.0452,0.04475,0.04497,5106304.0
1732035600000,0.04498,0.04539,0.04489,0.04527,5913757.0
1732039200000,0.04527,0.04599,0.04515,0.04591,17471423.0
1732042800000,0.04593,0.04603,0.04546,0.04558,16397145.0
1732046400000,0.04559,0.04573,0.04445,0.04483,13526537.0
1732050000000,0.04482,0.0449,0.04406,0.0446,18346193.0
1732053600000,0.0446,0.04478,0.04385,0.04464,13647784.0
1732057200000,0.04464,0.04547,0.04452,0.04539,12394614.0
1732060800000,0.04537,0.04549,0.04435,0.04441,81985066.0
1732064400000,0.04439,0.04484,0.04405,0.04426,14774409.0
1732068000000,0.04425,0.04454,0.04386,0.04403,11335858.0
1732071600000,0.04403,0.04404,0.04268,0.0437,36880200.0
1732075200000,0.0437,0.04394,0.0434,0.04382,9332387.0
1732078800000,0.04381,0.04431,0.04352,0.04416,10489750.0
1732082400000,0.04415,0.04424,0.04365,0.04375,5418910.0
1732086000000,0.04374,0.04409,0.04365,0.04403,4924181.0
1732089600000,0.04401,0.04455,0.04392,0.04432,7937505.0
1732093200000,0.04431,0.0448,0.04423,0.04478,8023300.0
1732096800000,0.04475,0.04498,0.04443,0.0445,7418813.0
1732100400000,0.0445,0.04464,0.04403,0.0446,9276239.0
1732104000000,0.04462,0.04472,0.04384,0.04411,8716382.0
1732107600000,0.04413,0.04501,0.04385,0.04492,16598700.0
1732111200000,0.04494,0.04547,0.04444,0.04486,20881745.0
1732114800000,0.04488,0.04499,0.04443,0.04498,9875446.0
1732118400000,0.045,0.04502,0.04356,0.04387,27436874.0
1732122000000,0.04382,0.04413,0.04331,0.04331,14207066.0
1732125600000,0.04331,0.04356,0.04257,0.04303,38060598.0
1732129200000,0.04302,0.04309,0.04238,0.04297,11854067.0
1732132800000,0.04298,0.04368,0.04255,0.04352,10303801.0
1732136400000,0.04351,0.0441,0.04335,0.04398,6814847.0
1732140000000,0.04399,0.04426,0.04388,0.04406,7049302.0
1732143600000,0.04406,0.04493,0.04398,0.0446,20377349.0
1732147200000,0.04461,0.04585,0.04443,0.04461,158657489.0
1732150800000,0.04462,0.04489,0.0443,0.04442,21370206.0
1732154400000,0.04442,0.04444,0.04303,0.0436,29260887.0
1732158000000,0.04361,0.04564,0.04348,0.04518,66243046.0
1732161600000,0.04517,0.04811,0.04509,0.04782,266095967.0
1732165200000,0.04784,0.04987,0.0474,0.04877,325796375.0
1732168800000,0.04879,0.05047,0.04781,0.04944,256777053.0
1732172400000,0.04944,0.05005,0.04851,0.04887,175249195.0
1732176000000,0.04889,0.04944,0.04806,0.04838,99194476.0
1732179600000,0.04836,0.04886,0.04741,0.04781,136285608.0
1732183200000,0.04781,0.04827,0.04762,0.04813,49445507.0
1732186800000,0.04812,0.04866,0.04633,0.04648,153553421.0
1732190400000,0.04646,0.04669,0.04526,0.04532,137104639.0
1732194000000,0.04531,0.04585,0.04517,0.04524,75960474.0
1732197600000,0.04523,0.04535,0.04405,0.04432,80859656.0
1732201200000,0.0443,0.04433,0.0433,0.04356,82581284.0
1732204800000,0.04355,0.04406,0.04347,0.04403,32230022.0
1732208400000,0.04405,0.04418,0.04375,0.04406,25820133.0
1732212000000,0.04408,0.04417,0.04362,0.04404,35253366.0
1732215600000,0.04404,0.04423,0.04382,0.04395,22706532.0
1732219200000,0.04396,0.04432,0.04387,0.04425,21910388.0
1732222800000,0.04425,0.04444,0.04397,0.04441,25391450.0
1732226400000,0.04442,0.04478,0.04441,0.04475,21284255.0
1732230000000,0.04476,0.04493,0.04461,0.04485,18673252.0
1732233600000,0.04485,0.04496,0.0438,0.04413,79108704.0
1732237200000,0.04413,0.04482,0.04388,0.04416,65917639.0
1732240800000,0.04415,0.04449,0.04403,0.04431,21344101.0
1732244400000,0.0443,0.04496,0.04423,0.04469,19560261.0
1732248000000,0.04468,0.04506,0.04448,0.04481,20279824.0
1732251600000,0.0448,0.04487,0.04454,0.04476,15378508.0
1732255200000,0.04475,0.0449,0.04425,0.04454,21602931.0
1732258800000,0.04454,0.04498,0.04433,0.0444,27897407.0
1732262400000,0.0444,0.04466,0.04438,0.0446,18778756.0
1732266000000,0.04459,0.04462,0.04415,0.0444,20370973.0
1732269600000,0.0444,0.0445,0.0441,0.0442,14458816.0
1732273200000,0.0442,0.04461,0.04396,0.04454,21537735.0
1732276800000,0.04453,0.04474,0.04432,0.04462,21757837.0
1732280400000,0.04462,0.04463,0.04318,0.0435,78606838.0
1732284000000,0.0435,0.04387,0.04326,0.04353,24548207.0
1732287600000,0.04352,0.04402,0.04343,0.044,16100939.0
1732291200000,0.04401,0.04425,0.04364,0.04411,14084179.0
1732294800000,0.04411,0.04429,0.04396,0.04402,7505880.0
1732298400000,0.04402,0.04435,0.04372,0.04376,11833393.0
1732302000000,0.04374,0.04428,0.04371,0.04395,17422254.0
1732305600000,0.04394,0.04449,0.04382,0.04447,7575106.0
1732309200000,0.04447,0.04468,0.04423,0.04458,12645083.0
1732312800000,0.04458,0.04473,0.04441,0.04453,12984538.0
1732316400000,0.04453,0.04552,0.04453,0.04544,21208276.0
1732320000000,0.04544,0.04561,0.04469,0.04512,54280593.0
1732323600000,0.04512,0.04726,0.0451,0.04696,108346401.0
1732327200000,0.04696,0.04815,0.04577,0.04599,164967647.0
1732330800000,0.046,0.04649,0.04577,0.04638,32282017.0
1732334400000,0.04638,0.04649,0.04542,0.04597,44425579.0
1732338000000,0.04597,0.04646,0.04585,0.04638,23412283.0
1732341600000,0.0464,0.04707,0.04629,0.04691,27317884.0
1732345200000,0.04693,0.04703,0.04651,0.0467,23042651.0
1732348800000,0.04668,0.0472,0.04655,0.04698,39008618.0
1732352400000,0.04697,0.04764,0.04668,0.0476,43829624.0
1732356000000,0.04757,0.0481,0.04672,0.04703,69030126.0
1732359600000,0.04702,0.04756,0.04691,0.04696,19944463.0
1732363200000,0.04697,0.04738,0.04686,0.04702,23993674.0
1732366800000,0.047,0.04752,0.047,0.04706,22963976.0
1732370400000,0.04706,0.0475,0.04684,0.04742,26481427.0
1732374000000,0.04741,0.04754,0.04662,0.04675,35534374.0
1732377600000,0.04672,0.04713,0.04433,0.04582,151948462.0
1732381200000,0.04582,0.04598,0.04481,0.04592,44491065.0
1732384800000,0.04592,0.04601,0.04548,0.0459,17362925.0
1732388400000,0.04591,0.04608,0.04542,0.04563,17878032.0
1732392000000,0.04563,0.04564,0.04433,0.04518,55692839.0
1732395600000,0.04519,0.0459,0.04501,0.0459,14534567.0
1732399200000,0.04589,0.04619,0.04563,0.0459,10686195.0
1732402800000,0.04592,0.04616,0.04534,0.04609,16221972.0
1732406400000,0.04609,0.04746,0.04597,0.04687,82481156.0
1732410000000,0.04686,0.04733,0.04672,0.04708,24533581.0
1732413600000,0.04707,0.04739,0.04694,0.04711,19795950.0
1732417200000,0.04712,0.04778,0.04676,0.04775,37989133.0
1732420800000,0.04775,0.0478,0.04658,0.0471,39831497.0
1732424400000,0.0471,0.04751,0.04672,0.04741,19306802.0
1732428000000,0.0474,0.04805,0.04707,0.04798,35323282.0
1732431600000,0.04799,0.04814,0.04732,0.04788,32825086.0
1732435200000,0.04787,0.04813,0.04675,0.0469,42248121.0
1732438800000,0.04689,0.04739,0.04635,0.04713,39752378.0
1732442400000,0.04714,0.04728,0.04592,0.04647,32210847.0
1732446000000,0.04646,0.04664,0.045,0.04517,66425228.0
1732449600000,0.04517,0.04582,0.04318,0.04456,98620308.0
1732453200000,0.04453,0.04515,0.04415,0.0449,29709494.0
1732456800000,0.04488,0.0449,0.04384,0.04473,38364127.0
1732460400000,0.04472,0.04482,0.04345,0.04354,33152233.0
1732464000000,0.04356,0.04487,0.04334,0.04455,29431103.0
1732467600000,0.04455,0.04457,0.04385,0.04438,16810273.0
1732471200000,0.04437,0.0451,0.04428,0.04493,15326314.0
1732474800000,0.04491,0.04497,0.04441,0.04462,9726858.0
1732478400000,0.04461,0.0452,0.04446,0.0451,11431182.0
1732482000000,0.04508,0.04554,0.04481,0.04552,9726698.0
1732485600000,0.04553,0.04608,0.04542,0.046,16548696.0
1732489200000,0.046,0.04656,0.04593,0.04649,21975827.0
1732492800000,0.04649,0.04732,0.04595,0.04634,60124349.0
1732496400000,0.04633,0.04646,0.04493,0.04574,32967508.0
1732500000000,0.04573,0.04595,0.04549,0.04568,13624898.0
1732503600000,0.04567,0.04609,0.04553,0.04602,11919658.0
1732507200000,0.04601,0.04627,0.04569,0.0458,14923203.0
1732510800000,0.04582,0.04629,0.04575,0.04621,11470338.0
1732514400000,0.0462,0.04639,0.04591,0.04607,8656204.0
1732518000000,0.04605,0.04643,0.04602,0.04628,13573157.0
1732521600000,0.04628,0.04654,0.04611,0.04648,13701095.0
1732525200000,0.0465,0.04744,0.0465,0.04712,36407126.0
1732528800000,0.0471,0.04748,0.04648,0.04731,18970185.0
1732532400000,0.04731,0.04772,0.04663,0.04703,20022524.0
1732536000000,0.04703,0.04743,0.04692,0.04722,20417481.0
1732539600000,0.04719,0.04739,0.04594,0.04642,32087406.0
1732543200000,0.04641,0.0476,0.0459,0.04608,61928513.0
1732546800000,0.0461,0.04733,0.04508,0.04692,63891986.0
1732550400000,0.04692,0.04754,0.04669,0.04707,31095431.0
1732554000000,0.04706,0.04714,0.046,0.04643,26069024.0
1732557600000,0.04643,0.04696,0.04625,0.0465,11034273.0
1732561200000,0.0465,0.04703,0.04626,0.04673,10509454.0
1732564800000,0.04672,0.04724,0.0465,0.04702,14789146.0
1732568400000,0.04699,0.04711,0.04564,0.04618,21706565.0
1732572000000,0.04618,0.04651,0.04474,0.04615,33291962.0
1732575600000,0.04615,0.04618,0.04546,0.04558,25390963.0
1732579200000,0.04559,0.04637,0.04508,0.0457,40691966.0
1732582800000,0.0457,0.04661,0.04566,0.04658,14287250.0
1732586400000,0.04656,0.04723,0.04644,0.04708,27851445.0
1732590000000,0.0471,0.04751,0.04669,0.04678,40283268.0
1732593600000,0.04679,0.04682,0.04626,0.04674,13193088.0
1732597200000,0.04674,0.04736,0.04663,0.04731,11290309.0
1732600800000,0.04732,0.04766,0.04706,0.04713,22234630.0
1732604400000,0.04712,0.04712,0.04591,0.0462,32886886.0
1732608000000,0.0462,0.04623,0.04478,0.04526,45966930.0
1732611600000,0.04528,0.04587,0.04499,0.04574,19127218.0
1732615200000,0.04575,0.04589,0.04448,0.04452,24865725.0
1732618800000,0.04453,0.04497,0.04339,0.04454,49331581.0
1732622400000,0.04453,0.0448,0.04322,0.04385,64453924.0
1732626000000,0.04384,0.04415,0.04285,0.04369,72605139.0
1732629600000,0.04368,0.04483,0.04326,0.04453,26662628.0
1732633200000,0.04456,0.04467,0.04368,0.04396,18388201.0
1732636800000,0.04394,0.04517,0.04366,0.04493,16120266.0
1732640400000,0.04492,0.04504,0.04453,0.04492,8007443.0
1732644000000,0.04491,0.04496,0.04338,0.0439,20809665.0
1732647600000,0.04391,0.04435,0.04374,0.04421,22832427.0
1732651200000,0.04421,0.04508,0.0441,0.04486,15088021.0
1732654800000,0.04483,0.04505,0.04452,0.04476,9700511.0
1732658400000,0.04473,0.04547,0.04466,0.04522,9726858.0
1732662000000,0.04523,0.0457,0.04501,0.04557,12847886.0
1732665600000,0.04556,0.04594,0.04465,0.04485,36958898.0
1732669200000,0.04487,0.04568,0.04457,0.04551,21749543.0
1732672800000,0.04552,0.04575,0.04499,0.04568,21090164.0
1732676400000,0.04569,0.04577,0.04512,0.04516,17863435.0
1732680000000,0.04515,0.04598,0.0451,0.04544,17638652.0
1732683600000,0.04546,0.04569,0.04506,0.04545,9157414.0
1732687200000,0.04545,0.04623,0.04539,0.046,18340016.0
1732690800000,0.04602,0.04664,0.04588,0.04643,15414512.0
1732694400000,0.04644,0.04649,0.0459,0.04608,19973744.0
1732698000000,0.04608,0.04613,0.04547,0.04598,14452335.0
1732701600000,0.046,0.04681,0.04581,0.04671,17494299.0
1732705200000,0.04668,0.04676,0.04615,0.0464,16923333.0
1732708800000,0.04639,0.04655,0.0456,0.0464,26173707.0
1732712400000,0.04641,0.04702,0.0463,0.04697,35033906.0
1732716000000,0.04696,0.04715,0.04668,0.0469,18031353.0
1732719600000,0.0469,0.04739,0.04672,0.04728,18749350.0
1732723200000,0.0473,0.04755,0.04692,0.04703,15589187.0
1732726800000,0.04701,0.04752,0.04684,0.04744,17994824.0
1732730400000,0.04744,0.04746,0.04714,0.04722,10926699.0
1732734000000,0.04722,0.04745,0.04713,0.04732,10876730.0
1732737600000,0.04731,0.0477,0.0473,0.04737,14184911.0
1732741200000,0.04738,0.0475,0.04705,0.04741,11891181.0
1732744800000,0.04742,0.04778,0.04726,0.04766,8442371.0
1732748400000,0.04763,0.04917,0.04741,0.04876,98042087.0
1732752000000,0.04875,0.05157,0.04875,0.04996,250697889.0
1732755600000,0.04997,0.05023,0.04917,0.04941,47302494.0
1732759200000,0.04941,0.04979,0.04843,0.0485,39643005.0
1732762800000,0.04849,0.0487,0.04779,0.04842,35664949.0
1732766400000,0.04841,0.04913,0.04827,0.04897,17474391.0
1732770000000,0.04899,0.04962,0.04893,0.04939,15632725.0
1732773600000,0.04938,0.04975,0.04901,0.04929,25328107.0
1732777200000,0.0493,0.04938,0.04843,0.04867,15619766.0
1732780800000,0.04868,0.04903,0.04832,0.04895,18993112.0
1732784400000,0.04894,0.049,0.04812,0.04817,15332438.0
1732788000000,0.04818,0.04833,0.04767,0.04788,18041147.0
1732791600000,0.04788,0.04848,0.04749,0.04837,20396049.0
1732795200000,0.04836,0.04917,0.04815,0.04897,56962354.0
1732798800000,0.04896,0.0491,0.04844,0.04903,25958752.0
1732802400000,0.04903,0.04944,0.04872,0.04905,24249042.0
1732806000000,0.04906,0.0492,0.04804,0.04822,19719102.0
1732809600000,0.04824,0.04897,0.04823,0.0486,13301843.0
1732813200000,0.0486,0.04911,0.0486,0.04879,8222168.0
1732816800000,0.04879,0.04949,0.04873,0.04941,8506102.0
1732820400000,0.0494,0.04958,0.04916,0.04931,9133149.0
1732824000000,0.04932,0.04935,0.04877,0.04891,11159855.0
1732827600000,0.04893,0.04942,0.04893,0.04938,7712945.0
1732831200000,0.04938,0.04983,0.04934,0.04981,11328485.0
1732834800000,0.0498,0.04981,0.04939,0.04942,13976835.0
1732838400000,0.04941,0.04952,0.04836,0.04848,41245274.0
1732842000000,0.04847,0.04869,0.04826,0.04861,11715001.0
1732845600000,0.04859,0.04895,0.04854,0.04889,9038606.0
1732849200000,0.04891,0.04892,0.04852,0.04857,7850216.0
1732852800000,0.04858,0.04861,0.04812,0.04837,7452025.0
1732856400000,0.04835,0.04857,0.04824,0.04828,5422132.0
1732860000000,0.04826,0.04836,0.04802,0.04808,11714657.0
1732863600000,0.04809,0.04825,0.04752,0.04755,17742515.0
1732867200000,0.04756,0.04811,0.04756,0.04807,6054597.0
1732870800000,0.04809,0.04847,0.04795,0.04844,6118602.0
1732874400000,0.04844,0.04884,0.04838,0.04868,10356477.0
1732878000000,0.04869,0.04895,0.04846,0.04895,10680719.0
1732881600000,0.04896,0.04914,0.04854,0.04879,12899748.0
1732885200000,0.0488,0.04907,0.0487,0.04894,8164758.0
1732888800000,0.04895,0.0493,0.04867,0.0493,13200397.0
1732892400000,0.0493,0.04978,0.04895,0.04922,15772015.0
1732896000000,0.04923,0.04956,0.04894,0.04921,9756431.0
1732899600000,0.04923,0.04943,0.04883,0.04925,7831709.0
1732903200000,0.04925,0.04949,0.04904,0.04931,4356053.0
1732906800000,0.04931,0.04964,0.04898,0.04958,6950139.0
1732910400000,0.04959,0.0497,0.04944,0.04953,5146574.0
1732914000000,0.04953,0.04971,0.04929,0.04964,7265708.0
1732917600000,0.04965,0.0499,0.04961,0.04965,10754041.0
1732921200000,0.04965,0.04986,0.04954,0.04969,15537028.0
1732924800000,0.04968,0.05078,0.04927,0.04956,99600443.0
1732928400000,0.04956,0.04956,0.04878,0.0491,20104292.0
1732932000000,0.04909,0.04918,0.04875,0.04891,10419206.0
1732935600000,0.04892,0.0493,0.04888,0.04928,9545372.0
1732939200000,0.04928,0.04966,0.04918,0.04931,8728124.0
1732942800000,0.0493,0.04946,0.04907,0.04938,8398766.0
1732946400000,0.04936,0.04955,0.04912,0.04926,10323863.0
1732950000000,0.04925,0.04984,0.04909,0.04967,13726007.0
1732953600000,0.04968,0.0498,0.04951,0.0497,10315499.0
1732957200000,0.0497,0.04983,0.04934,0.04979,8474083.0
1732960800000,0.04979,0.05028,0.04872,0.04883,29189378.0
1732964400000,0.04883,0.04935,0.0487,0.04904,11515002.0
1732968000000,0.04902,0.04958,0.04899,0.0495,8599484.0
1732971600000,0.04951,0.04967,0.04933,0.04939,10292118.0
1732975200000,0.0494,0.04975,0.04918,0.04927,13005738.0
1732978800000,0.04927,0.05023,0.04913,0.04994,15005451.0
1732982400000,0.04994,0.05056,0.04982,0.05048,13287328.0
1732986000000,0.05047,0.05054,0.05015,0.05034,5907222.0
1732989600000,0.05035,0.05056,0.0501,0.05038,11022305.0
1732993200000,0.05038,0.05062,0.05029,0.05041,5085162.0
1732996800000,0.0504,0.05057,0.05032,0.05054,3519300.0
1733000400000,0.05054,0.0507,0.0504,0.05063,6746580.0
1733004000000,0.05062,0.05064,0.04995,0.05014,14445773.0
1733007600000,0.05012,0.0503,0.04984,0.04994,10523232.0
1733011200000,0.04994,0.05023,0.04925,0.04974,45812925.0
1733014800000,0.04978,0.04993,0.04914,0.04924,27734823.0
1733018400000,0.04925,0.04962,0.04842,0.04853,28260085.0
1733022000000,0.04853,0.04958,0.04852,0.04948,10942675.0
1733025600000,0.04948,0.04967,0.04926,0.04964,9346371.0
1733029200000,0.04966,0.05045,0.04958,0.05041,29792642.0
1733032800000,0.05041,0.05063,0.05015,0.05028,19148323.0
1733036400000,0.05028,0.05058,0.05005,0.05041,11280898.0
1733040000000,0.0504,0.05186,0.0503,0.05127,33878714.0
1733043600000,0.05129,0.05133,0.05059,0.05099,17887500.0
1733047200000,0.05099,0.05112,0.05035,0.05082,13477423.0
1733050800000,0.05082,0.05127,0.05059,0.05123,13929506.0
1733054400000,0.05122,0.0519,0.05112,0.05147,24295422.0
1733058000000,0.05147,0.05226,0.05132,0.05209,19756353.0
1733061600000,0.0521,0.05226,0.05166,0.05194,22903408.0
1733065200000,0.05195,0.05265,0.05178,0.05209,22334505.0
1733068800000,0.05209,0.05231,0.05166,0.05174,12625676.0
1733072400000,0.05173,0.0518,0.05127,0.05157,10320161.0
1733076000000,0.05156,0.05164,0.05126,0.05139,8756116.0
1733079600000,0.05139,0.05163,0.05123,0.0516,17209617.0
1733083200000,0.05159,0.05159,0.0506,0.05125,20167205.0
1733086800000,0.05124,0.05171,0.051,0.05135,18830111.0
1733090400000,0.05136,0.05187,0.05134,0.05177,6912944.0
1733094000000,0.05178,0.05241,0.05161,0.05183,14779655.0
1733097600000,0.05181,0.05321,0.05152,0.05315,50978615.0
1733101200000,0.05316,0.05332,0.0523,0.05306,57184042.0
1733104800000,0.05303,0.05358,0.05238,0.05326,28960642.0
1733108400000,0.05328,0.05344,0.05105,0.05137,50339901.0
1733112000000,0.05139,0.05196,0.05028,0.05165,68468141.0
1733115600000,0.05162,0.05195,0.05106,0.05142,20405711.0
1733119200000,0.05141,0.05145,0.05042,0.05114,27148506.0
1733122800000,0.05113,0.05144,0.05015,0.05057,25306696.0
1733126400000,0.05056,0.05069,0.04743,0.04823,114247510.0
1733130000000,0.04822,0.049,0.04796,0.04895,27706785.0
1733133600000,0.04896,0.04897,0.04716,0.04729,33264214.0
1733137200000,0.04729,0.04813,0.04698,0.04773,28829787.0
1733140800000,0.04772,0.04857,0.04754,0.04796,20250359.0
1733144400000,0.04799,0.04917,0.04798,0.04915,27107681.0
1733148000000,0.04912,0.04991,0.04877,0.04936,28611324.0
1733151600000,0.04938,0.05028,0.04899,0.05014,24656131.0
1733155200000,0.05016,0.05038,0.0485,0.04906,43255545.0
1733158800000,0.04906,0.04934,0.04768,0.04788,24045452.0
1733162400000,0.0479,0.04978,0.04785,0.04962,16866357.0
1733166000000,0.04962,0.04966,0.04881,0.0496,12682625.0
1733169600000,0.04959,0.05051,0.0495,0.05048,29610248.0
1733173200000,0.05047,0.05089,0.05004,0.05078,22755501.0
1733176800000,0.05079,0.05183,0.05052,0.05131,23650720.0
1733180400000,0.0513,0.05175,0.05118,0.05155,23854556.0
1733184000000,0.05156,0.05223,0.05093,0.05132,48696141.0
1733187600000,0.05131,0.05142,0.0502,0.0503,35463710.0
1733191200000,0.05032,0.05097,0.05014,0.05077,18137366.0
1733194800000,0.05077,0.05144,0.05066,0.05116,14306671.0
1733198400000,0.05116,0.05159,0.05088,0.05124,26396556.0
1733202000000,0.05124,0.05258,0.05124,0.05245,35654366.0
1733205600000,0.05245,0.05301,0.05087,0.05127,52052191.0
1733209200000,0.05126,0.05165,0.05053,0.05141,67094002.0
1733212800000,0.0514,0.05212,0.05133,0.0521,29446891.0
1733216400000,0.05209,0.05213,0.05129,0.05183,18230246.0
1733220000000,0.05182,0.05311,0.05154,0.05175,39502202.0
1733223600000,0.05173,0.05323,0.05162,0.05292,35398333.0
1733227200000,0.0529,0.05438,0.05221,0.05378,71528248.0
1733230800000,0.05378,0.054,0.04897,0.04985,152048615.0
1733234400000,0.04986,0.05058,0.04717,0.0493,186191694.0
1733238000000,0.04932,0.04968,0.04883,0.04918,103280048.0
1733241600000,0.04916,0.05051,0.04909,0.04931,71506765.0
1733245200000,0.04931,0.05,0.04894,0.04988,44332690.0
1733248800000,0.04988,0.05023,0.04966,0.05015,14946856.0
1733252400000,0.05016,0.05024,0.04926,0.05012,26018315.0
1733256000000,0.05013,0.05156,0.05001,0.05147,30071772.0
1733259600000,0.05146,0.05328,0.05145,0.05277,58923528.0
1733263200000,0.05276,0.05506,0.05208,0.05502,50347898.0
1733266800000,0.055,0.05758,0.05495,0.0562,137881165.0
1733270400000,0.0562,0.05632,0.05395,0.05408,86043729.0
1733274000000,0.05408,0.0553,0.05339,0.0548,65743459.0
1733277600000,0.05481,0.05483,0.05353,0.05396,55861639.0
1733281200000,0.05396,0.05502,0.05395,0.05473,38732868.0
1733284800000,0.05473,0.05561,0.05469,0.0551,27685629.0
1733288400000,0.05511,0.05558,0.05486,0.0551,25734195.0
1733292000000,0.05511,0.05573,0.05459,0.05557,32254000.0
1733295600000,0.05557,0.05566,0.05506,0.0555,21934741.0
1733299200000,0.0555,0.05568,0.05514,0.05561,24375499.0
1733302800000,0.05561,0.05647,0.05556,0.05585,42084775.0
1733306400000,0.05586,0.05599,0.0552,0.05534,21761820.0
1733310000000,0.05533,0.05708,0.05525,0.05686,34187710.0
1733313600000,0.05685,0.05689,0.05477,0.05606,65592428.0
1733317200000,0.05606,0.05656,0.05473,0.05536,44932296.0
1733320800000,0.05535,0.05608,0.05468,0.05504,37224212.0
1733324400000,0.05503,0.05603,0.05454,0.05565,34036719.0
1733328000000,0.05566,0.05569,0.05274,0.05323,71563198.0
1733331600000,0.05323,0.05401,0.05284,0.05381,47234177.0
1733335200000,0.05384,0.05487,0.05378,0.05474,24380416.0
1733338800000,0.05472,0.05573,0.05464,0.05547,22957209.0
1733342400000,0.05547,0.05837,0.05541,0.05833,108910669.0
1733346000000,0.05831,0.05904,0.05691,0.05742,146434402.0
1733349600000,0.05741,0.0585,0.05727,0.0578,41288062.0
1733353200000,0.0578,0.05898,0.05696,0.05777,109359611.0
1733356800000,0.05777,0.05789,0.05555,0.0558,80088739.0
1733360400000,0.05579,0.05583,0.05356,0.05458,102477728.0
1733364000000,0.05455,0.058,0.0544,0.05734,81106477.0
1733367600000,0.05735,0.0596,0.05527,0.05543,111583791.0
1733371200000,0.05543,0.05683,0.05537,0.05619,26677943.0
1733374800000,0.05622,0.0565,0.05532,0.05592,21561844.0
1733378400000,0.05591,0.05701,0.0553,0.05622,38559958.0
1733382000000,0.05621,0.05774,0.05595,0.05726,53480573.0
1733385600000,0.05726,0.05749,0.05651,0.05686,34092337.0
1733389200000,0.05687,0.0571,0.05651,0.05661,18640824.0
1733392800000,0.0566,0.05677,0.05636,0.05645,13296590.0
1733396400000,0.05644,0.05708,0.05643,0.05687,17754741.0
1733400000000,0.05686,0.05763,0.05672,0.05724,34535292.0
1733403600000,0.05722,0.05762,0.05682,0.05718,27258020.0
1733407200000,0.05718,0.0572,0.05585,0.05664,34490961.0
1733410800000,0.05664,0.0567,0.05537,0.05586,38243111.0
1733414400000,0.05589,0.05679,0.0556,0.05645,17485542.0
1733418000000,0.05644,0.05674,0.05606,0.0567,9286053.0
1733421600000,0.05669,0.05683,0.0562,0.05625,9129497.0
1733425200000,0.05624,0.05663,0.05495,0.05528,25313742.0
1733428800000,0.05527,0.05575,0.05423,0.05522,52568173.0
1733432400000,0.0552,0.05569,0.05506,0.05564,14003897.0
1733436000000,0.05563,0.05591,0.05263,0.05496,54541238.0
1733439600000,0.05495,0.05527,0.05406,0.05446,33594222.0
1733443200000,0.05446,0.05538,0.05365,0.05534,28523018.0
1733446800000,0.05533,0.05605,0.055,0.05543,28977240.0
1733450400000,0.05543,0.05544,0.05469,0.05472,15977437.0
1733454000000,0.05474,0.05475,0.05385,0.05447,24020703.0
1733457600000,0.05446,0.055,0.05435,0.05488,12508438.0
1733461200000,0.05486,0.05503,0.05428,0.05436,10872618.0
1733464800000,0.05436,0.05473,0.05399,0.0545,21111570.0
1733468400000,0.0545,0.05457,0.05412,0.05439,7547985.0
1733472000000,0.05438,0.05467,0.05385,0.05392,16482696.0
1733475600000,0.05391,0.05396,0.05298,0.0531,39060985.0
1733479200000,0.05311,0.05326,0.05214,0.0528,26093965.0
1733482800000,0.0528,0.05315,0.05211,0.0525,15285490.0
1733486400000,0.05251,0.053,0.05139,0.05156,23460686.0
1733490000000,0.05155,0.05304,0.05135,0.05279,31765633.0
1733493600000,0.05279,0.05363,0.05243,0.0535,21352833.0
1733497200000,0.05351,0.05387,0.05308,0.05347,23033798.0
1733500800000,0.05345,0.05425,0.05337,0.0541,17382557.0
1733504400000,0.0541,0.05513,0.05381,0.05489,26909677.0
1733508000000,0.05489,0.0552,0.05471,0.05489,13483808.0
1733511600000,0.0549,0.05509,0.0547,0.05493,10036560.0
1733515200000,0.05494,0.05521,0.05477,0.05501,9474459.0
1733518800000,0.05501,0.05513,0.05456,0.05465,7933233.0
1733522400000,0.05466,0.05506,0.0545,0.05484,7415930.0
1733526000000,0.05483,0.05507,0.05404,0.05454,15838311.0
1733529600000,0.05454,0.05505,0.05346,0.05404,26735617.0
1733533200000,0.05404,0.05457,0.05391,0.05423,19005508.0
1733536800000,0.05423,0.05435,0.05385,0.05395,11041615.0
1733540400000,0.05396,0.054,0.05306,0.0531,12630717.0
1733544000000,0.05309,0.05353,0.05288,0.05333,12876188.0
1733547600000,0.05333,0.05354,0.0529,0.05313,8258807.0
1733551200000,0.05312,0.05361,0.05297,0.05342,6463416.0
1733554800000,0.05342,0.05347,0.05232,0.05289,19893590.0
1733558400000,0.05285,0.05335,0.05252,0.05304,14189800.0
1733562000000,0.05303,0.05356,0.05301,0.05315,11655616.0
1733565600000,0.05314,0.05332,0.05281,0.05332,11485824.0
1733569200000,0.05331,0.05362,0.05329,0.05351,9314873.0
1733572800000,0.05351,0.0537,0.05316,0.05346,8355828.0
1733576400000,0.05345,0.05377,0.05331,0.05367,6091960.0
1733580000000,0.05367,0.05372,0.05294,0.05344,10623639.0
1733583600000,0.05343,0.05358,0.05318,0.05355,7622252.0
1733587200000,0.05353,0.05358,0.05309,0.05321,6401697.0
1733590800000,0.05322,0.05324,0.05256,0.05286,15351764.0
1733594400000,0.05285,0.05336,0.05283,0.05326,6012030.0
1733598000000,0.05323,0.05352,0.05301,0.05306,9993640.0
1733601600000,0.05307,0.05353,0.05302,0.0533,9772679.0
1733605200000,0.0533,0.05345,0.05299,0.05335,4749187.0
1733608800000,0.05335,0.05349,0.0531,0.05314,3960598.0
1733612400000,0.05312,0.05377,0.05309,0.05327,6012497.0
1733616000000,0.05326,0.05346,0.05288,0.05336,8596568.0
1733619600000,0.05335,0.05368,0.05318,0.05324,6464185.0
1733623200000,0.05324,0.05387,0.05312,0.05368,8954538.0
1733626800000,0.05368,0.05391,0.05359,0.0536,7564790.0
1733630400000,0.05359,0.05371,0.05298,0.05312,9466550.0
1733634000000,0.05312,0.05324,0.05259,0.05286,12463224.0
1733637600000,0.05285,0.05339,0.05257,0.05337,7200091.0
1733641200000,0.05338,0.0535,0.05323,0.05327,4971526.0
1733644800000,0.05326,0.05333,0.05245,0.05247,15604533.0
1733648400000,0.05247,0.05289,0.05179,0.05222,17258508.0
1733652000000,0.05223,0.05307,0.05221,0.053,8029095.0
1733655600000,0.05299,0.05333,0.05282,0.0533,6689353.0
1733659200000,0.0533,0.05374,0.05301,0.05371,9653120.0
1733662800000,0.05373,0.05409,0.05355,0.05395,10822764.0
1733666400000,0.05395,0.05399,0.05318,0.05325,11490874.0
1733670000000,0.05326,0.05355,0.05273,0.05342,10625596.0
1733673600000,0.05342,0.0537,0.05319,0.05327,8659417.0
1733677200000,0.05328,0.05361,0.053,0.05358,5976311.0
1733680800000,0.05358,0.0537,0.05318,0.05345,5346121.0
1733684400000,0.05346,0.05367,0.05311,0.05362,6942547.0
1733688000000,0.05365,0.05371,0.0531,0.05315,4560984.0
1733691600000,0.05314,0.05344,0.05304,0.05334,5482380.0
1733695200000,0.05333,0.0539,0.05321,0.05386,3882979.0
1733698800000,0.05385,0.05435,0.05371,0.05414,11037464.0
1733702400000,0.05414,0.05419,0.0527,0.05297,22278616.0
1733706000000,0.05297,0.05327,0.05237,0.05245,20514519.0
1733709600000,0.05244,0.05289,0.052,0.05221,12323558.0
1733713200000,0.05222,0.05246,0.051,0.05166,19004388.0
1733716800000,0.05167,0.05194,0.0509,0.05187,21293770.0
1733720400000,0.05188,0.05195,0.05151,0.0518,5845439.0
1733724000000,0.0518,0.05184,0.05074,0.05088,14900472.0
1733727600000,0.05088,0.0511,0.04995,0.05088,27546099.0
1733731200000,0.05088,0.05088,0.04891,0.04915,29883486.0
1733734800000,0.04913,0.04985,0.04862,0.0492,26648256.0
1733738400000,0.0492,0.05004,0.04917,0.04997,14473397.0
1733742000000,0.04997,0.04997,0.04843,0.04866,22604422.0
1733745600000,0.04865,0.04935,0.04806,0.04914,27391175.0
1733749200000,0.04914,0.05016,0.04885,0.04992,17331973.0
1733752800000,0.04995,0.0505,0.04954,0.05031,18632900.0
1733756400000,0.0503,0.05056,0.04865,0.04899,27174469.0
1733760000000,0.04899,0.04956,0.04874,0.04901,12791031.0
1733763600000,0.04903,0.04942,0.04862,0.04862,8171159.0
1733767200000,0.04863,0.04918,0.04861,0.04888,5192044.0
1733770800000,0.04886,0.0489,0.04834,0.04841,12848050.0
1733774400000,0.04839,0.04852,0.04505,0.04559,88971110.0
1733778000000,0.04558,0.04565,0.03783,0.04397,153082091.0
1733781600000,0.04398,0.04432,0.04017,0.04386,116951986.0
1733785200000,0.04386,0.04469,0.0434,0.04421,43175662.0
1733788800000,0.04419,0.04508,0.04295,0.0445,40509145.0
1733792400000,0.04451,0.04471,0.04334,0.04437,26657010.0
1733796000000,0.04436,0.04442,0.04237,0.04237,39661528.0
1733799600000,0.04236,0.04279,0.04042,0.04248,114063831.0
1733803200000,0.0425,0.04321,0.04143,0.0432,34842114.0
1733806800000,0.04321,0.04346,0.04276,0.04328,19678820.0
1733810400000,0.04328,0.04387,0.04295,0.04376,19465493.0
1733814000000,0.04376,0.04378,0.04301,0.04335,16877948.0
1733817600000,0.04334,0.04356,0.04262,0.04345,18088746.0
1733821200000,0.04342,0.04406,0.04319,0.04338,21467486.0
1733824800000,0.04338,0.04398,0.04336,0.04351,12299066.0
1733828400000,0.04353,0.04354,0.04264,0.04292,18736751.0
1733832000000,0.04294,0.04311,0.04127,0.04153,38172414.0
1733835600000,0.04152,0.04242,0.04147,0.04197,25558393.0
1733839200000,0.04197,0.04284,0.04182,0.04207,27702784.0
1733842800000,0.04207,0.04223,0.0396,0.03967,66906787.0
1733846400000,0.03967,0.04066,0.03907,0.04055,78923669.0
1733850000000,0.04054,0.04055,0.03869,0.03869,37298400.0
1733853600000,0.03871,0.0401,0.0384,0.03985,38948943.0
1733857200000,0.03985,0.04114,0.03981,0.04106,18196392.0
1733860800000,0.04105,0.04185,0.04079,0.04169,31311665.0
1733864400000,0.0417,0.0426,0.04165,0.04218,34850995.0
1733868000000,0.0422,0.04253,0.04187,0.04224,10531564.0
1733871600000,0.04229,0.04252,0.04191,0.04199,10845389.0
1733875200000,0.04199,0.04215,0.04065,0.04116,34443845.0
1733878800000,0.04116,0.04126,0.04001,0.04011,35632037.0
1733882400000,0.04012,0.04181,0.03992,0.04152,28389464.0
1733886000000,0.04153,0.04186,0.04122,0.04135,16241555.0
1733889600000,0.04136,0.0416,0.04118,0.04142,15117648.0
1733893200000,0.04143,0.0416,0.04109,0.04128,9774862.0
1733896800000,0.04128,0.04169,0.0411,0.0416,13523117.0
1733900400000,0.04159,0.0418,0.04095,0.041,15545091.0
1733904000000,0.04101,0.04241,0.041,0.04229,24070541.0
1733907600000,0.04229,0.04271,0.04194,0.04271,13258238.0
1733911200000,0.0427,0.04277,0.0424,0.04275,10056676.0
1733914800000,0.04273,0.04307,0.04262,0.04282,12508245.0
1733918400000,0.04281,0.04374,0.0428,0.04373,15496167.0
1733922000000,0.04373,0.04445,0.04347,0.04414,27337735.0
1733925600000,0.04413,0.04457,0.04359,0.04435,19457710.0
1733929200000,0.04436,0.04543,0.04433,0.04514,17691848.0
1733932800000,0.04513,0.04553,0.04494,0.04514,18204221.0
1733936400000,0.04514,0.04538,0.04459,0.04467,10535491.0
1733940000000,0.04469,0.04542,0.04457,0.04523,8291487.0
1733943600000,0.04522,0.04549,0.04511,0.04536,4662744.0
1733947200000,0.04539,0.04555,0.04496,0.04511,9152435.0
1733950800000,0.04513,0.04522,0.04491,0.04521,6978479.0
1733954400000,0.04522,0.04557,0.04514,0.0454,5981366.0
1733958000000,0.0454,0.04568,0.04511,0.04518,6763564.0
1733961600000,0.0452,0.04577,0.04458,0.04486,41029546.0
1733965200000,0.04487,0.04538,0.04474,0.04494,11475455.0
1733968800000,0.04494,0.04604,0.04494,0.046,12086939.0
1733972400000,0.046,0.04628,0.04559,0.04605,24533811.0
1733976000000,0.04605,0.04625,0.04583,0.04604,9497591.0
1733979600000,0.04605,0.04698,0.04597,0.04648,12458710.0
1733983200000,0.04648,0.04673,0.04609,0.04647,12845329.0
1733986800000,0.04647,0.04668,0.04618,0.04621,9233344.0
1733990400000,0.04622,0.04673,0.0462,0.0467,8044466.0
1733994000000,0.0467,0.04687,0.04606,0.04614,17808654.0
1733997600000,0.04615,0.0462,0.04536,0.04556,24946020.0
1734001200000,0.04555,0.04557,0.04472,0.0451,27363746.0
1734004800000,0.04511,0.04603,0.0451,0.04596,11463207.0
1734008400000,0.04597,0.04642,0.04522,0.04554,30466214.0
1734012000000,0.04554,0.04599,0.04521,0.04591,28709069.0
1734015600000,0.0459,0.04621,0.04531,0.04577,12287226.0
1734019200000,0.04577,0.04622,0.04559,0.04602,22737428.0
1734022800000,0.04601,0.04643,0.04598,0.04633,7070016.0
1734026400000,0.04633,0.04643,0.04573,0.04588,7584537.0
1734030000000,0.04587,0.04622,0.04449,0.04459,27795164.0
1734033600000,0.04458,0.04546,0.04454,0.04535,12474182.0
1734037200000,0.04535,0.04554,0.0449,0.04505,9571899.0
1734040800000,0.04505,0.04532,0.04449,0.0451,12254662.0
1734044400000,0.0451,0.04523,0.04477,0.04513,7844079.0
1734048000000,0.04513,0.04557,0.045,0.04508,11710843.0
1734051600000,0.04509,0.04511,0.04394,0.04468,21981225.0
1734055200000,0.04469,0.04537,0.04464,0.045,20808827.0
1734058800000,0.04499,0.04504,0.0447,0.04472,10856072.0
1734062400000,0.04472,0.04492,0.04419,0.04466,12434457.0
1734066000000,0.04464,0.04489,0.04448,0.04458,9505555.0
1734069600000,0.04457,0.04477,0.04388,0.04388,15458456.0
1734073200000,0.04388,0.04426,0.04354,0.04413,18500075.0
1734076800000,0.04413,0.04453,0.04386,0.04443,13930696.0
1734080400000,0.04445,0.0446,0.04395,0.04422,5995207.0
1734084000000,0.04422,0.04439,0.04373,0.04433,10557336.0
1734087600000,0.04433,0.04486,0.04428,0.04432,11217434.0
1734091200000,0.04433,0.04481,0.0443,0.04464,8083998.0
1734094800000,0.04465,0.04469,0.04399,0.04436,15032738.0
1734098400000,0.04436,0.04486,0.04397,0.04486,17887473.0
1734102000000,0.04487,0.04526,0.04394,0.04398,26655604.0
1734105600000,0.04398,0.04485,0.04382,0.0446,27724730.0
1734109200000,0.04461,0.04494,0.04428,0.04468,13017367.0
1734112800000,0.04469,0.04499,0.04447,0.04459,11425809.0
1734116400000,0.0446,0.04479,0.0445,0.04474,6846854.0
1734120000000,0.04474,0.04542,0.04473,0.04525,7707623.0
1734123600000,0.04524,0.04524,0.04474,0.04475,4806578.0
1734127200000,0.04477,0.04481,0.04445,0.04455,6017907.0
1734130800000,0.04453,0.04536,0.04446,0.04528,7979086.0
1734134400000,0.04528,0.04532,0.04468,0.0449,14197039.0
1734138000000,0.04489,0.0458,0.04488,0.0455,15920775.0
1734141600000,0.0455,0.04556,0.04516,0.04523,4273880.0
1734145200000,0.04525,0.04542,0.04516,0.04533,5809999.0
1734148800000,0.04533,0.04541,0.04504,0.04512,4094697.0
1734152400000,0.04513,0.04556,0.04504,0.04546,4057091.0
1734156000000,0.04545,0.04569,0.0453,0.04531,5356493.0
1734159600000,0.04531,0.04533,0.04488,0.0451,6613251.0
1734163200000,0.04508,0.04562,0.04508,0.04544,11742912.0
1734166800000,0.04544,0.04545,0.0451,0.04517,5897091.0
1734170400000,0.04517,0.0452,0.04458,0.04479,8952295.0
1734174000000,0.04479,0.04491,0.04457,0.04462,5191631.0
1734177600000,0.04462,0.04472,0.04376,0.04376,13419147.0
1734181200000,0.04375,0.04395,0.04287,0.04314,26406333.0
1734184800000,0.04314,0.04382,0.04307,0.04367,9913809.0
1734188400000,0.04366,0.04377,0.0433,0.04338,7370184.0
1734192000000,0.04336,0.04353,0.04287,0.04351,9454214.0
1734195600000,0.04351,0.04354,0.04261,0.04274,8860718.0
1734199200000,0.04272,0.04291,0.04237,0.04244,7918889.0
1734202800000,0.04243,0.04281,0.04236,0.04277,5655221.0
1734206400000,0.04276,0.04295,0.04226,0.0424,11966045.0
1734210000000,0.04241,0.04298,0.0424,0.04287,6456072.0
1734213600000,0.04287,0.04332,0.04271,0.04322,5552208.0
1734217200000,0.04322,0.04348,0.04307,0.04332,4522549.0
1734220800000,0.04331,0.04434,0.04303,0.04314,91997286.0
1734224400000,0.04315,0.04376,0.0431,0.04368,16517790.0
1734228000000,0.04368,0.04368,0.04328,0.0433,6388035.0
1734231600000,0.04329,0.04337,0.04284,0.04285,5944676.0
1734235200000,0.04285,0.04378,0.04281,0.04353,11462579.0
1734238800000,0.04352,0.04396,0.04348,0.04363,6253517.0
1734242400000,0.04364,0.04371,0.04304,0.04308,6164662.0
1734246000000,0.04308,0.04322,0.04262,0.04288,10616280.0
1734249600000,0.04286,0.04327,0.04277,0.04323,10116491.0
1734253200000,0.04324,0.04334,0.04302,0.04325,9335976.0
1734256800000,0.04324,0.04345,0.0431,0.04312,4825213.0
1734260400000,0.04311,0.04335,0.04302,0.0432,5414229.0
1734264000000,0.0432,0.04414,0.0432,0.04394,17158460.0
1734267600000,0.04393,0.04416,0.04338,0.04393,17264686.0
1734271200000,0.04395,0.04417,0.04382,0.044,12936858.0
1734274800000,0.04401,0.0441,0.04367,0.04376,12245909.0
1734278400000,0.04376,0.0439,0.04363,0.04372,10234904.0
1734282000000,0.04372,0.04374,0.04334,0.04348,7571791.0
1734285600000,0.04347,0.04357,0.04326,0.04354,7503985.0
1734289200000,0.04355,0.04375,0.04355,0.04363,5529305.0
1734292800000,0.04363,0.0437,0.04336,0.04341,4675330.0
1734296400000,0.04341,0.04343,0.04255,0.04257,23392533.0
1734300000000,0.04256,0.04326,0.04237,0.04315,11605807.0
1734303600000,0.04314,0.04455,0.04313,0.04443,26743464.0
1734307200000,0.04444,0.04616,0.04442,0.04544,94064499.0
1734310800000,0.04544,0.04555,0.04504,0.04514,8983653.0
1734314400000,0.04517,0.04519,0.04415,0.04436,16243437.0
1734318000000,0.04435,0.0446,0.04379,0.04393,13267482.0
1734321600000,0.04393,0.04407,0.04372,0.04382,9712508.0
1734325200000,0.04381,0.04397,0.04344,0.04394,11221933.0
1734328800000,0.04393,0.04412,0.04345,0.04357,8976167.0
1734332400000,0.04356,0.04395,0.04339,0.04373,8092542.0
1734336000000,0.04375,0.04384,0.04313,0.04322,8320929.0
1734339600000,0.04323,0.04338,0.04302,0.04302,9338297.0
1734343200000,0.04303,0.04309,0.04273,0.04291,10013411.0
1734346800000,0.0429,0.04293,0.04204,0.04212,12023313.0
1734350400000,0.04212,0.04241,0.0421,0.04213,7840936.0
1734354000000,0.04214,0.04266,0.04202,0.04242,7653542.0
1734357600000,0.04242,0.04325,0.04242,0.04279,12077101.0
1734361200000,0.04279,0.04335,0.04261,0.04312,14580159.0
1734364800000,0.04312,0.04395,0.04308,0.04354,14896483.0
1734368400000,0.04353,0.04413,0.04349,0.04384,11282588.0
1734372000000,0.04384,0.04416,0.04368,0.04415,10408192.0
1734375600000,0.04416,0.04417,0.04351,0.04368,15350636.0
1734379200000,0.04369,0.04392,0.04334,0.04347,9862357.0
1734382800000,0.04348,0.04387,0.04343,0.04381,6093664.0
1734386400000,0.04381,0.04388,0.04338,0.04348,4252782.0
1734390000000,0.04348,0.04361,0.04293,0.04317,7131253.0
1734393600000,0.04316,0.0432,0.04224,0.04224,18890583.0
1734397200000,0.04224,0.04271,0.04215,0.04262,8397040.0
1734400800000,0.04262,0.04284,0.04242,0.0425,6120974.0
1734404400000,0.04249,0.04272,0.04203,0.04238,20634883.0
1734408000000,0.04237,0.04239,0.04183,0.0421,10218879.0
1734411600000,0.04209,0.04233,0.04193,0.04227,5749352.0
1734415200000,0.04227,0.04237,0.04192,0.04211,5196810.0
1734418800000,0.04211,0.04245,0.04192,0.0421,8853870.0
1734422400000,0.04209,0.0423,0.04196,0.04199,5840388.0
1734426000000,0.04198,0.04262,0.04186,0.04252,11797251.0
1734429600000,0.04253,0.04275,0.04237,0.04257,9766844.0
1734433200000,0.04258,0.04298,0.0424,0.04264,10678151.0
1734436800000,0.04264,0.04307,0.04251,0.04283,9108773.0
1734440400000,0.04285,0.04287,0.04249,0.0426,7994454.0
1734444000000,0.0426,0.0426,0.04185,0.04239,17782292.0
1734447600000,0.04238,0.04238,0.04112,0.04143,25806291.0
1734451200000,0.04142,0.04196,0.04105,0.04196,9360466.0
1734454800000,0.04197,0.04277,0.04183,0.04266,9955767.0
1734458400000,0.04265,0.0427,0.04192,0.04195,8121155.0
1734462000000,0.04196,0.04218,0.04174,0.04206,4643782.0
1734465600000,0.04206,0.04225,0.04196,0.04204,5109277.0
1734469200000,0.04204,0.04219,0.04172,0.04183,5427225.0
1734472800000,0.04183,0.0419,0.04103,0.04124,10057722.0
1734476400000,0.04123,0.04124,0.04069,0.04117,13853096.0
1734480000000,0.04117,0.04163,0.04058,0.04107,33767704.0
1734483600000,0.04105,0.04153,0.04061,0.04069,10901746.0
1734487200000,0.0407,0.04124,0.04056,0.04104,7917453.0
1734490800000,0.04104,0.04109,0.04057,0.04059,7132945.0
1734494400000,0.04059,0.04064,0.03983,0.04014,20793310.0
1734498000000,0.04013,0.04049,0.03993,0.04008,9386225.0
1734501600000,0.0401,0.0404,0.03973,0.03994,11300669.0
1734505200000,0.03994,0.04031,0.03987,0.04009,5500933.0
1734508800000,0.04009,0.04023,0.03977,0.04,7481168.0
1734512400000,0.04,0.04041,0.03998,0.04036,6008163.0
1734516000000,0.04035,0.04038,0.04007,0.0403,7546007.0
1734519600000,0.0403,0.0406,0.04029,0.04044,6593789.0
1734523200000,0.04043,0.04056,0.03956,0.0398,15727391.0
1734526800000,0.03979,0.04011,0.03961,0.0399,7780029.0
1734530400000,0.03991,0.04027,0.03979,0.03984,12027636.0
1734534000000,0.03984,0.04027,0.03958,0.04,11389138.0
1734537600000,0.03999,0.04022,0.0396,0.04005,10872666.0
1734541200000,0.04005,0.0404,0.03962,0.04024,8489646.0
1734544800000,0.04024,0.04089,0.0401,0.04089,7108200.0
1734548400000,0.04087,0.04095,0.03923,0.03923,32808677.0
1734552000000,0.03924,0.03952,0.03604,0.03783,152997184.0
1734555600000,0.03782,0.03846,0.03745,0.0381,28891972.0
1734559200000,0.03808,0.03835,0.03762,0.03787,12828652.0
1734562800000,0.03788,0.0381,0.03735,0.03743,16844064.0
1734566400000,0.03742,0.03778,0.03693,0.03762,25021453.0
1734570000000,0.0376,0.03764,0.03636,0.0366,17948325.0
1734573600000,0.03661,0.03694,0.0353,0.03693,70551136.0
1734577200000,0.03694,0.03777,0.03689,0.03769,19508025.0
1734580800000,0.03769,0.03798,0.03752,0.03752,13279662.0
1734584400000,0.03753,0.0379,0.0375,0.03782,7544189.0
1734588000000,0.03781,0.03782,0.03735,0.03742,8254520.0
1734591600000,0.0374,0.0377,0.03732,0.03759,7211492.0
1734595200000,0.03758,0.03758,0.03712,0.03721,8051622.0
1734598800000,0.03721,0.0377,0.03719,0.03764,9221810.0
1734602400000,0.03763,0.03835,0.03744,0.03822,11188559.0
1734606000000,0.03822,0.03828,0.03792,0.03806,5151849.0
1734609600000,0.03806,0.03819,0.03738,0.03749,11361799.0
1734613200000,0.03749,0.03779,0.0373,0.0376,11959013.0
1734616800000,0.03759,0.03815,0.03721,0.03733,15160617.0
1734620400000,0.03733,0.03734,0.03622,0.03694,37559357.0
1734624000000,0.03694,0.03731,0.0365,0.03731,14503805.0
1734627600000,0.03732,0.03732,0.03473,0.0355,68412747.0
1734631200000,0.03549,0.03568,0.03424,0.03558,86426087.0
1734634800000,0.03558,0.03572,0.03405,0.03482,51997598.0
1734638400000,0.03484,0.03529,0.03386,0.03499,59787921.0
1734642000000,0.035,0.03577,0.03472,0.03529,25335619.0
1734645600000,0.03529,0.03566,0.03519,0.03553,12029590.0
1734649200000,0.03554,0.03555,0.0348,0.0348,12385565.0
1734652800000,0.0348,0.03552,0.03423,0.03528,28776167.0
1734656400000,0.03528,0.03547,0.03494,0.03515,14460503.0
1734660000000,0.03516,0.03643,0.03507,0.03617,27253126.0
1734663600000,0.03617,0.03623,0.03569,0.03579,10404949.0
1734667200000,0.03579,0.03618,0.03575,0.03584,7971224.0
1734670800000,0.03584,0.03594,0.0352,0.03521,8883042.0
1734674400000,0.03521,0.03555,0.03443,0.03477,18356590.0
1734678000000,0.03477,0.03569,0.03473,0.03513,21691207.0
1734681600000,0.03513,0.03517,0.03297,0.03323,49192212.0
1734685200000,0.03324,0.03358,0.03276,0.03288,50104802.0
1734688800000,0.03288,0.03309,0.03186,0.03212,73258532.0
1734692400000,0.03213,0.03258,0.03092,0.03105,73404967.0
1734696000000,0.03105,0.03301,0.03099,0.03284,50289021.0
1734699600000,0.03283,0.03361,0.03238,0.03342,47013631.0
1734703200000,0.03342,0.03385,0.03311,0.03355,19034780.0
1734706800000,0.03357,0.03472,0.03356,0.03452,23445460.0
1734710400000,0.03452,0.03502,0.03429,0.03464,19601585.0
1734714000000,0.03465,0.03524,0.03451,0.03512,11168732.0
1734717600000,0.03512,0.03537,0.03504,0.03523,10695304.0
1734721200000,0.03523,0.0361,0.0352,0.03585,9257964.0
1734724800000,0.03585,0.03586,0.03544,0.03561,10056721.0
1734728400000,0.03561,0.03578,0.03497,0.03572,11622299.0
1734732000000,0.03573,0.03636,0.03556,0.03624,7045950.0
1734735600000,0.03624,0.03634,0.03597,0.03615,9082374.0
1734739200000,0.03614,0.03626,0.03579,0.03597,15714051.0
1734742800000,0.03596,0.03655,0.03593,0.03614,17063687.0
1734746400000,0.03614,0.03631,0.03593,0.03605,7198668.0
1734750000000,0.03604,0.03618,0.03576,0.03596,7463274.0
1734753600000,0.03595,0.03634,0.03594,0.03631,6194902.0
1734757200000,0.03632,0.03714,0.03632,0.03713,11450568.0
1734760800000,0.03713,0.03753,0.037,0.03752,13833167.0
1734764400000,0.03752,0.03784,0.03735,0.0375,9377819.0
1734768000000,0.0375,0.0376,0.03662,0.03671,15958433.0
1734771600000,0.03671,0.0368,0.0364,0.03669,9663704.0
1734775200000,0.03669,0.03704,0.03648,0.03664,9421333.0
1734778800000,0.03664,0.03676,0.03613,0.03646,9724202.0
1734782400000,0.03646,0.03649,0.03526,0.03529,22253176.0
1734786000000,0.03529,0.03556,0.03422,0.03501,43626107.0
1734789600000,0.03501,0.03535,0.03469,0.03472,13161455.0
1734793200000,0.03475,0.0353,0.03473,0.03518,8523870.0
1734796800000,0.03517,0.03524,0.03451,0.03468,15084427.0
1734800400000,0.03468,0.03504,0.03433,0.03491,13383895.0
1734804000000,0.03491,0.03503,0.03427,0.03442,9605350.0
1734807600000,0.03444,0.03446,0.03382,0.03426,26760431.0
1734811200000,0.03425,0.03474,0.03407,0.03442,13180947.0
1734814800000,0.03442,0.03456,0.03389,0.0341,10112653.0
1734818400000,0.03409,0.03438,0.03377,0.03415,7234178.0
1734822000000,0.03414,0.03424,0.03376,0.03422,9290514.0
1734825600000,0.03422,0.03461,0.03386,0.03435,11145758.0
1734829200000,0.03433,0.03466,0.03399,0.03451,12548760.0
1734832800000,0.0345,0.03467,0.0341,0.03441,16744894.0
1734836400000,0.03442,0.03531,0.03422,0.03485,40119837.0
1734840000000,0.03485,0.03496,0.03402,0.03402,8054204.0
1734843600000,0.03402,0.03437,0.03363,0.03417,13626946.0
1734847200000,0.03419,0.03453,0.03403,0.0345,9880015.0
1734850800000,0.03451,0.03465,0.03415,0.03441,8954595.0
1734854400000,0.03442,0.03588,0.0344,0.0351,59703041.0
1734858000000,0.0351,0.03576,0.03479,0.03534,19570554.0
1734861600000,0.03534,0.03571,0.03527,0.03544,7962107.0
1734865200000,0.03543,0.03563,0.03526,0.0354,7204628.0
1734868800000,0.0354,0.0357,0.03508,0.03551,13681549.0
1734872400000,0.03552,0.03629,0.03546,0.03571,23345573.0
1734876000000,0.0357,0.03581,0.03457,0.03465,26073223.0
1734879600000,0.03466,0.03526,0.03465,0.03511,11540001.0
1734883200000,0.0351,0.03583,0.03468,0.03563,13277297.0
1734886800000,0.03564,0.0359,0.03546,0.0356,9404168.0
1734890400000,0.0356,0.03612,0.03545,0.03583,8963976.0
1734894000000,0.03584,0.03599,0.03476,0.0349,15770682.0
1734897600000,0.0349,0.03553,0.03445,0.03551,16745575.0
1734901200000,0.03553,0.03574,0.03529,0.03549,6953392.0
1734904800000,0.03548,0.03553,0.03488,0.03547,9796139.0
1734908400000,0.03546,0.03585,0.03527,0.03534,7972471.0
1734912000000,0.03535,0.03548,0.03463,0.0353,26942158.0
1734915600000,0.0353,0.03567,0.03451,0.03513,37195222.0
1734919200000,0.03512,0.03556,0.03477,0.03548,11895889.0
1734922800000,0.03549,0.03645,0.03533,0.03633,20135825.0
1734926400000,0.03633,0.0365,0.03607,0.03627,12430724.0
1734930000000,0.03626,0.03648,0.03589,0.03602,10909294.0
1734933600000,0.03604,0.03611,0.03522,0.03533,16719912.0
1734937200000,0.03533,0.03587,0.03532,0.03576,9446106.0
1734940800000,0.03576,0.03593,0.03553,0.0359,6124240.0
1734944400000,0.03589,0.03636,0.03588,0.03613,11323610.0
1734948000000,0.03614,0.03634,0.03598,0.03623,7304463.0
1734951600000,0.03623,0.03645,0.036,0.03609,7411299.0
1734955200000,0.03609,0.03667,0.03602,0.03652,10495577.0
1734958800000,0.0365,0.03655,0.03556,0.03571,21314399.0
1734962400000,0.03571,0.03624,0.03524,0.03557,25732692.0
1734966000000,0.03555,0.03559,0.03516,0.03521,13940646.0
1734969600000,0.03522,0.03618,0.03516,0.03599,14939485.0
1734973200000,0.03598,0.03622,0.03577,0.03585,8788411.0
1734976800000,0.03583,0.03608,0.03556,0.03563,9910721.0
1734980400000,0.0356,0.03644,0.0356,0.03624,7121214.0
1734984000000,0.03624,0.03698,0.03621,0.03683,14980655.0
1734987600000,0.03684,0.03744,0.03683,0.03683,18575887.0
1734991200000,0.03684,0.03734,0.03679,0.03729,7349027.0
1734994800000,0.0373,0.03736,0.03682,0.03696,9450149.0
1734998400000,0.03696,0.03696,0.03655,0.03683,10355290.0
1735002000000,0.03681,0.03692,0.03623,0.03629,8520354.0
1735005600000,0.03626,0.03647,0.03595,0.03629,9509108.0
1735009200000,0.03628,0.03666,0.03627,0.03665,4979585.0
1735012800000,0.03663,0.03716,0.03646,0.03716,11227081.0
1735016400000,0.03715,0.03719,0.03675,0.03689,16070022.0
1735020000000,0.0369,0.03701,0.03625,0.03629,10968186.0
1735023600000,0.0363,0.03661,0.03618,0.03649,8485215.0
1735027200000,0.03651,0.03686,0.03638,0.0368,6934394.0
1735030800000,0.03681,0.03686,0.03646,0.0365,6453103.0
1735034400000,0.03649,0.03656,0.03628,0.03637,6931623.0
1735038000000,0.03639,0.03679,0.03635,0.03677,6334352.0
1735041600000,0.03677,0.03685,0.03657,0.03674,9228789.0
1735045200000,0.03674,0.03755,0.03666,0.03753,14392473.0
1735048800000,0.03753,0.03794,0.03739,0.03793,19765988.0
1735052400000,0.03792,0.03829,0.03769,0.03804,13935414.0
1735056000000,0.03806,0.03821,0.03782,0.03795,7633559.0
1735059600000,0.03795,0.03814,0.03785,0.0379,5614075.0
1735063200000,0.03791,0.03817,0.03778,0.03788,5984419.0
1735066800000,0.03786,0.03792,0.03753,0.03754,6226860.0
1735070400000,0.03754,0.03759,0.03709,0.03725,8496870.0
1735074000000,0.03723,0.03791,0.03722,0.03787,5378709.0
1735077600000,0.03788,0.03798,0.03777,0.03795,3609303.0
1735081200000,0.03795,0.03802,0.03786,0.03794,2956174.0
1735084800000,0.03794,0.03797,0.03755,0.03768,7697660.0
1735088400000,0.03768,0.03785,0.03756,0.03771,5560284.0
1735092000000,0.03771,0.03775,0.03749,0.03767,5986636.0
1735095600000,0.03765,0.03772,0.03723,0.03739,7243566.0
1735099200000,0.03738,0.03761,0.03724,0.03741,6001656.0
1735102800000,0.03742,0.03758,0.03734,0.03749,3500241.0
1735106400000,0.03747,0.0377,0.03725,0.0373,10955378.0
1735110000000,0.03729,0.03757,0.03712,0.03721,4855686.0
1735113600000,0.03721,0.03738,0.03711,0.03721,6071964.0
1735117200000,0.03719,0.03735,0.03714,0.0373,6140789.0
1735120800000,0.0373,0.03785,0.03723,0.03741,13824925.0
1735124400000,0.03739,0.03761,0.0369,0.03698,7505440.0
1735128000000,0.037,0.03729,0.03679,0.03709,9635063.0
1735131600000,0.0371,0.03734,0.03694,0.03708,4649718.0
1735135200000,0.03709,0.03723,0.03697,0.03712,4899619.0
1735138800000,0.03713,0.03716,0.03667,0.0368,6441855.0
1735142400000,0.03678,0.03692,0.03628,0.03656,10441013.0
1735146000000,0.03655,0.03675,0.0364,0.03674,3716667.0
1735149600000,0.03673,0.0368,0.0366,0.03668,2659886.0
1735153200000,0.03667,0.03693,0.03664,0.03684,2168506.0
1735156800000,0.03684,0.03695,0.03639,0.03646,5071295.0
1735160400000,0.03646,0.0366,0.03605,0.03635,10110293.0
1735164000000,0.03634,0.03655,0.0362,0.03647,3888235.0
1735167600000,0.03645,0.03667,0.03644,0.03663,6363968.0
1735171200000,0.03662,0.0368,0.03589,0.03604,17530014.0
1735174800000,0.03604,0.03621,0.03574,0.03595,8877992.0
1735178400000,0.03593,0.03607,0.03544,0.03548,11055254.0
1735182000000,0.03548,0.03561,0.0353,0.03542,6464573.0
1735185600000,0.03541,0.03541,0.03498,0.03506,15027783.0
1735189200000,0.03505,0.03519,0.03491,0.03504,6761702.0
1735192800000,0.03502,0.03514,0.0348,0.03503,26537438.0
1735196400000,0.03502,0.03516,0.03484,0.03494,7105408.0
1735200000000,0.03494,0.035,0.034,0.03438,25342456.0
1735203600000,0.03439,0.03448,0.03423,0.03434,7487964.0
1735207200000,0.03434,0.03445,0.0342,0.03437,5902711.0
1735210800000,0.03437,0.03468,0.03437,0.03448,5171406.0
1735214400000,0.03448,0.03458,0.03419,0.03423,12013607.0
1735218000000,0.03423,0.03427,0.03391,0.03419,9065887.0
1735221600000,0.03418,0.03452,0.03398,0.03416,10944831.0
1735225200000,0.03416,0.03436,0.03403,0.03421,6224164.0
1735228800000,0.0342,0.03448,0.03416,0.03441,6436393.0
1735232400000,0.0344,0.03441,0.03376,0.03402,9660863.0
1735236000000,0.03401,0.03421,0.03388,0.03418,4061733.0
1735239600000,0.03419,0.03426,0.03403,0.03424,6331450.0
1735243200000,0.03423,0.03427,0.03392,0.03407,6222169.0
1735246800000,0.03407,0.03421,0.0338,0.03417,7189134.0
1735250400000,0.03418,0.03443,0.03417,0.03433,2796991.0
1735254000000,0.03431,0.03436,0.03402,0.03431,4890688.0
1735257600000,0.03432,0.0346,0.03407,0.03448,18403757.0
1735261200000,0.03449,0.03478,0.03432,0.03459,6356158.0
1735264800000,0.03459,0.03492,0.03439,0.03448,7677872.0
1735268400000,0.03449,0.03476,0.03443,0.03467,5916706.0
1735272000000,0.03467,0.03492,0.03455,0.0346,5038153.0
1735275600000,0.03461,0.03469,0.03433,0.03468,3177394.0
1735279200000,0.03469,0.03513,0.03463,0.03512,7151202.0
1735282800000,0.03512,0.03512,0.03412,0.03443,18539498.0
1735286400000,0.03444,0.03499,0.03442,0.03473,11631024.0
1735290000000,0.03473,0.03578,0.03472,0.03549,20258185.0
1735293600000,0.0355,0.03554,0.03492,0.03532,10419398.0
1735297200000,0.0353,0.03552,0.03523,0.03549,4541822.0
1735300800000,0.0355,0.03555,0.03537,0.0355,4635024.0
1735304400000,0.03549,0.03555,0.03508,0.03521,5148586.0
1735308000000,0.0352,0.0352,0.03451,0.03481,10536275.0
1735311600000,0.03482,0.03483,0.03422,0.03444,15893330.0
1735315200000,0.03446,0.03455,0.03411,0.03439,7165010.0
1735318800000,0.0344,0.03498,0.03425,0.03497,7461417.0
1735322400000,0.03496,0.03509,0.03485,0.03502,3323303.0
1735326000000,0.03502,0.03505,0.03478,0.03486,2968326.0
1735329600000,0.03487,0.0349,0.03459,0.03471,4257333.0
1735333200000,0.03472,0.03481,0.03437,0.03439,3575876.0
1735336800000,0.0344,0.03455,0.03419,0.03436,4117276.0
1735340400000,0.03435,0.03451,0.03423,0.0345,4851635.0
1735344000000,0.0345,0.03482,0.03443,0.03478,9089702.0
1735347600000,0.03478,0.03481,0.03438,0.03472,4632693.0
1735351200000,0.03471,0.03503,0.03468,0.03482,3552574.0
1735354800000,0.03481,0.03509,0.0348,0.03494,3391040.0
1735358400000,0.03495,0.03498,0.03472,0.03479,2601766.0
1735362000000,0.03478,0.03503,0.03478,0.035,3723648.0
1735365600000,0.035,0.03506,0.03478,0.03485,4734363.0
1735369200000,0.03485,0.03498,0.03468,0.03473,4426270.0
1735372800000,0.03473,0.03507,0.03471,0.035,4908645.0
1735376400000,0.03501,0.03511,0.03494,0.03504,2593509.0
1735380000000,0.03504,0.0351,0.03489,0.03495,3532941.0
1735383600000,0.03496,0.03532,0.03494,0.03529,4111894.0
1735387200000,0.03528,0.03532,0.0351,0.03516,4103040.0
1735390800000,0.03514,0.03575,0.03514,0.0357,9812912.0
1735394400000,0.0357,0.03604,0.03544,0.0356,13494010.0
1735398000000,0.0356,0.03589,0.03547,0.0355,14556753.0
1735401600000,0.03552,0.03584,0.03544,0.03582,6082112.0
1735405200000,0.03584,0.03606,0.03565,0.03574,11047363.0
1735408800000,0.03574,0.03581,0.0355,0.03562,5145437.0
1735412400000,0.03563,0.03573,0.03553,0.0356,3198819.0
1735416000000,0.0356,0.03573,0.03559,0.03572,5574963.0
1735419600000,0.03572,0.03582,0.03563,0.03581,2711001.0
1735423200000,0.03582,0.03623,0.03576,0.03609,4091840.0
1735426800000,0.03609,0.0361,0.03591,0.03605,3449069.0
1735430400000,0.03605,0.03611,0.03572,0.03587,7516375.0
1735434000000,0.03587,0.036,0.03555,0.03564,4564797.0
1735437600000,0.03563,0.03594,0.03562,0.03583,5218222.0
1735441200000,0.03584,0.03586,0.03564,0.03585,4018261.0
1735444800000,0.03586,0.03593,0.03563,0.03568,2872240.0
1735448400000,0.03569,0.03571,0.03555,0.03559,4014521.0
1735452000000,0.03559,0.03576,0.03546,0.03573,4240196.0
1735455600000,0.03573,0.03581,0.03559,0.03573,3669254.0
1735459200000,0.03574,0.0358,0.03551,0.03555,4925404.0
1735462800000,0.03555,0.03566,0.03548,0.03565,2899687.0
1735466400000,0.03564,0.03571,0.03556,0.03559,2880491.0
1735470000000,0.03559,0.03563,0.03543,0.03545,5597616.0
1735473600000,0.03545,0.03556,0.03519,0.03522,8506548.0
1735477200000,0.03521,0.03538,0.03504,0.03535,10505612.0
1735480800000,0.03535,0.03556,0.03475,0.03504,12629347.0
1735484400000,0.03504,0.03512,0.0349,0.035,3518560.0
1735488000000,0.035,0.03505,0.03463,0.03469,7451303.0
1735491600000,0.0347,0.03481,0.03455,0.03465,4131798.0
1735495200000,0.03465,0.03469,0.03441,0.03464,4257740.0
1735498800000,0.03465,0.03472,0.03455,0.0346,3652574.0
1735502400000,0.0346,0.0346,0.03423,0.03459,4805487.0
1735506000000,0.03457,0.03463,0.03429,0.0344,4144471.0
1735509600000,0.03439,0.03443,0.03401,0.03414,6863678.0
1735513200000,0.03414,0.03438,0.03402,0.03425,5703040.0
1735516800000,0.03425,0.0347,0.03412,0.03462,7771206.0
1735520400000,0.03461,0.0353,0.03456,0.03504,11996142.0
1735524000000,0.03504,0.03513,0.03475,0.03501,7214274.0
1735527600000,0.03501,0.03521,0.03489,0.03493,4989655.0
1735531200000,0.03492,0.03511,0.03471,0.03471,3946134.0
1735534800000,0.03469,0.03492,0.03462,0.03488,4412517.0
1735538400000,0.03487,0.03538,0.03487,0.03523,6660722.0
1735542000000,0.03523,0.03524,0.03474,0.03496,7267582.0
1735545600000,0.03497,0.03521,0.03477,0.03483,5208765.0
1735549200000,0.03484,0.03486,0.03465,0.0348,6437917.0
1735552800000,0.03479,0.03486,0.03447,0.03453,5585444.0
1735556400000,0.03452,0.03461,0.03421,0.03457,7961717.0
1735560000000,0.03457,0.03493,0.03439,0.03447,8423044.0
1735563600000,0.03446,0.03461,0.03362,0.03367,18899393.0
1735567200000,0.03367,0.03389,0.03323,0.03341,21332489.0
1735570800000,0.03341,0.03371,0.0333,0.03357,12074054.0
1735574400000,0.03355,0.03368,0.03318,0.0334,13647994.0
1735578000000,0.03341,0.03455,0.0334,0.03442,22234925.0
1735581600000,0.03441,0.03481,0.03429,0.03473,10384152.0
1735585200000,0.03474,0.03481,0.03455,0.0347,5438861.0
1735588800000,0.0347,0.03498,0.03463,0.03464,6065837.0
1735592400000,0.03463,0.03466,0.03357,0.0336,21340889.0
1735596000000,0.03359,0.034,0.03358,0.03384,7289537.0
1735599600000,0.03384,0.03402,0.03365,0.03397,4859652.0
1735603200000,0.03398,0.03399,0.03335,0.03338,17725722.0
1735606800000,0.0334,0.03357,0.03313,0.03347,11763027.0
1735610400000,0.03347,0.03358,0.03331,0.03343,6134425.0
1735614000000,0.03342,0.03349,0.03323,0.03327,5194315.0
1735617600000,0.03328,0.0335,0.03312,0.03317,4672920.0
1735621200000,0.03317,0.03343,0.03313,0.03334,5845845.0
1735624800000,0.03336,0.03365,0.03326,0.03342,7682557.0
1735628400000,0.03343,0.03353,0.03331,0.03335,7976300.0
1735632000000,0.03336,0.03417,0.03326,0.03372,18380959.0
1735635600000,0.03373,0.03401,0.03366,0.03391,6258478.0
1735639200000,0.0339,0.03391,0.03366,0.0338,4326900.0
1735642800000,0.0338,0.03391,0.03376,0.03376,3157256.0
1735646400000,0.03377,0.03399,0.03357,0.03357,5775833.0
1735650000000,0.0336,0.03444,0.03358,0.03436,10177329.0
1735653600000,0.03437,0.03466,0.03427,0.03434,10811546.0
1735657200000,0.03434,0.03443,0.03406,0.03429,7836967.0
1735660800000,0.0343,0.03441,0.03408,0.03436,6450578.0
1735664400000,0.03436,0.03437,0.03342,0.03377,13262653.0
1735668000000,0.03376,0.03385,0.03354,0.03357,5529415.0
1735671600000,0.03356,0.03365,0.03337,0.03352,5661238.0
1735675200000,0.03351,0.03366,0.0334,0.03349,3788615.0
1735678800000,0.03348,0.03368,0.03347,0.03359,6149475.0
1735682400000,0.03358,0.03358,0.03308,0.03317,9223661.0
1735686000000,0.03316,0.03332,0.03312,0.03324,4339983.0
1735689600000,0.03324,0.03384,0.0332,0.03382,12801215.0
1735693200000,0.03383,0.03385,0.03337,0.03345,4455172.0
1735696800000,0.03345,0.03372,0.03343,0.03366,3332332.0
1735700400000,0.03366,0.03369,0.03344,0.03349,3212984.0
1735704000000,0.03349,0.0335,0.0333,0.03333,3535713.0
1735707600000,0.03333,0.03348,0.03333,0.0334,3238328.0
1735711200000,0.03341,0.03345,0.03328,0.03342,2291615.0
1735714800000,0.03342,0.03349,0.03337,0.03338,2352461.0
1735718400000,0.03339,0.03349,0.03313,0.03314,4479793.0
1735722000000,0.03314,0.03319,0.0328,0.03298,9137005.0
1735725600000,0.03299,0.03308,0.03294,0.03302,3600556.0
1735729200000,0.03302,0.03341,0.03292,0.03329,4494180.0
1735732800000,0.03329,0.03351,0.03322,0.03349,7792248.0
1735736400000,0.03349,0.0337,0.03331,0.03346,8001156.0
1735740000000,0.03347,0.0337,0.03327,0.03354,8559648.0
1735743600000,0.03354,0.03381,0.03336,0.03377,6452564.0
1735747200000,0.03376,0.03387,0.03358,0.03376,8131030.0
1735750800000,0.03376,0.03386,0.03345,0.03382,4662106.0
1735754400000,0.03382,0.03413,0.03364,0.03411,7796030.0
1735758000000,0.03411,0.03436,0.03392,0.03429,5021615.0
1735761600000,0.03429,0.0344,0.0342,0.03431,7860856.0
1735765200000,0.03431,0.03438,0.03415,0.0343,5865387.0
1735768800000,0.0343,0.03439,0.03416,0.03435,4796753.0
1735772400000,0.03434,0.03445,0.03422,0.03429,3929682.0
1735776000000,0.03429,0.0349,0.03422,0.03465,15494060.0
1735779600000,0.03466,0.0348,0.03439,0.03446,5660761.0
1735783200000,0.03449,0.0346,0.03442,0.03458,5358085.0
1735786800000,0.03459,0.03466,0.03447,0.03448,3028678.0
1735790400000,0.03449,0.03488,0.03444,0.03471,11299825.0
1735794000000,0.03472,0.03477,0.03451,0.03461,9407702.0
1735797600000,0.03461,0.03471,0.03428,0.03453,11549025.0
1735801200000,0.03454,0.03468,0.03444,0.03468,4642099.0
1735804800000,0.03468,0.03489,0.03459,0.03487,6679318.0
1735808400000,0.03486,0.03512,0.0348,0.0351,6956512.0
1735812000000,0.0351,0.03515,0.03491,0.03506,6971485.0
1735815600000,0.03506,0.03512,0.0347,0.03503,23389376.0
1735819200000,0.03503,0.03512,0.0349,0.0351,9176484.0
1735822800000,0.03511,0.03512,0.0348,0.03486,6891028.0
1735826400000,0.03486,0.03539,0.03464,0.03509,20641707.0
1735830000000,0.03509,0.03513,0.03475,0.03492,11277143.0
1735833600000,0.03492,0.03527,0.0348,0.03513,6928270.0
1735837200000,0.03513,0.03523,0.03472,0.03492,7440442.0
1735840800000,0.03491,0.03517,0.0348,0.03516,6005326.0
1735844400000,0.03516,0.03519,0.03493,0.03497,3547480.0
1735848000000,0.03498,0.03512,0.0349,0.03493,5277275.0
1735851600000,0.03493,0.03499,0.03485,0.0349,2959548.0
1735855200000,0.03489,0.03491,0.03461,0.0349,2687941.0
1735858800000,0.03489,0.03517,0.03485,0.0351,4143230.0
1735862400000,0.03511,0.03515,0.0349,0.03492,8629481.0
1735866000000,0.03493,0.03507,0.03479,0.03503,5960739.0
1735869600000,0.03503,0.03529,0.03488,0.03498,9704217.0
1735873200000,0.03499,0.03508,0.03486,0.03502,7054820.0
1735876800000,0.03505,0.03512,0.03478,0.03484,10100880.0
1735880400000,0.03484,0.03488,0.03469,0.03483,4459420.0
1735884000000,0.03484,0.03502,0.03481,0.03486,7731934.0
1735887600000,0.03486,0.03488,0.0346,0.03467,5525427.0
1735891200000,0.03466,0.03488,0.03461,0.03477,7397278.0
1735894800000,0.03477,0.03519,0.03476,0.03514,8669818.0
1735898400000,0.03514,0.03519,0.03493,0.03513,5239443.0
1735902000000,0.03513,0.03556,0.03513,0.03551,5495433.0
1735905600000,0.03551,0.03565,0.03544,0.03554,6890837.0
1735909200000,0.03553,0.03579,0.03552,0.03567,11254362.0
1735912800000,0.03567,0.03606,0.03565,0.036,10157334.0
1735916400000,0.03601,0.03648,0.03593,0.03644,9920591.0
1735920000000,0.03644,0.03686,0.03638,0.03673,11240911.0
1735923600000,0.03673,0.03685,0.03667,0.03671,4601837.0
1735927200000,0.0367,0.03695,0.03667,0.03681,7972786.0
1735930800000,0.03681,0.0369,0.03674,0.03679,4200385.0
1735934400000,0.03679,0.0368,0.03648,0.03665,5760332.0
1735938000000,0.03666,0.03674,0.03655,0.03672,3491267.0
1735941600000,0.03672,0.03688,0.0367,0.03685,3454172.0
1735945200000,0.03685,0.03693,0.03664,0.03674,4182986.0
1735948800000,0.03675,0.03691,0.03648,0.03671,8266384.0
1735952400000,0.03672,0.03674,0.03631,0.03658,9331100.0
1735956000000,0.03657,0.03689,0.03651,0.03684,5898401.0
1735959600000,0.03684,0.03694,0.03668,0.03686,4510871.0
1735963200000,0.03686,0.03725,0.03665,0.03715,13565342.0
1735966800000,0.03715,0.03776,0.03688,0.03759,28157793.0
1735970400000,0.03758,0.03769,0.03725,0.03733,17651969.0
1735974000000,0.03732,0.03746,0.03728,0.03737,5509648.0
1735977600000,0.03737,0.03745,0.03691,0.03699,11776297.0
1735981200000,0.03699,0.03718,0.03686,0.03692,8234579.0
1735984800000,0.03692,0.03702,0.03667,0.03696,5374090.0
1735988400000,0.03695,0.03721,0.03682,0.03719,5030363.0
1735992000000,0.03717,0.03751,0.03711,0.03749,8442137.0
1735995600000,0.0375,0.03758,0.03735,0.03748,4707619.0
1735999200000,0.03747,0.0375,0.03731,0.03743,5110434.0
1736002800000,0.03744,0.0375,0.03652,0.03673,18468199.0
1736006400000,0.03672,0.03707,0.03672,0.0369,6931933.0
1736010000000,0.03691,0.03722,0.03685,0.03721,3174043.0
1736013600000,0.03721,0.03722,0.03703,0.03713,3079775.0
1736017200000,0.03714,0.03727,0.03705,0.03716,2237343.0
1736020800000,0.03716,0.03738,0.03715,0.03734,4604001.0
1736024400000,0.03734,0.03743,0.0372,0.03724,6206413.0
1736028000000,0.03723,0.03749,0.03719,0.03734,9219722.0
1736031600000,0.03734,0.03776,0.03726,0.03741,26004284.0
1736035200000,0.03741,0.03777,0.03696,0.03717,32536320.0
1736038800000,0.03716,0.03717,0.03674,0.03688,11623573.0
1736042400000,0.03689,0.03701,0.03685,0.03697,5851702.0
1736046000000,0.03696,0.03711,0.03687,0.03701,5489875.0
1736049600000,0.03701,0.0372,0.03701,0.0371,3536052.0
1736053200000,0.03711,0.03715,0.03691,0.03705,4493811.0
1736056800000,0.03706,0.03728,0.03699,0.03724,2666372.0
1736060400000,0.03725,0.03737,0.03716,0.03724,4765772.0
1736064000000,0.03724,0.03724,0.03674,0.03709,13707534.0
1736067600000,0.03708,0.03725,0.03677,0.03681,10230157.0
1736071200000,0.03682,0.03707,0.03669,0.03707,8329351.0
1736074800000,0.03706,0.03713,0.03688,0.03692,3446566.0
1736078400000,0.03691,0.03713,0.03684,0.03696,7812520.0
1736082000000,0.03697,0.0371,0.03679,0.03683,5226618.0
1736085600000,0.03682,0.03697,0.03652,0.0369,12736377.0
1736089200000,0.0369,0.037,0.03678,0.03694,5694721.0
1736092800000,0.03694,0.03708,0.03673,0.03688,9268309.0
1736096400000,0.03689,0.03706,0.03673,0.03681,5556089.0
1736100000000,0.03681,0.03698,0.03668,0.03697,6591591.0
1736103600000,0.03696,0.03727,0.03689,0.03725,5304187.0
1736107200000,0.03726,0.03736,0.03701,0.03707,6845044.0
1736110800000,0.03708,0.03733,0.03706,0.03729,5454640.0
1736114400000,0.0373,0.0374,0.03717,0.03732,5731667.0
1736118000000,0.03732,0.03758,0.0373,0.03742,7131681.0
1736121600000,0.03742,0.0375,0.03696,0.03702,19951878.0
1736125200000,0.03704,0.03752,0.03668,0.03733,14383642.0
1736128800000,0.03733,0.0379,0.03732,0.03773,13195012.0
1736132400000,0.03772,0.03775,0.03757,0.0376,3964999.0
1736136000000,0.03761,0.0377,0.03744,0.03754,5351353.0
1736139600000,0.03754,0.03777,0.03745,0.0377,5371170.0
1736143200000,0.0377,0.03775,0.03749,0.03753,7972224.0
1736146800000,0.03753,0.03763,0.03731,0.0376,5283167.0
1736150400000,0.03759,0.03768,0.03728,0.03732,9673851.0
1736154000000,0.03732,0.03746,0.03716,0.03727,3842785.0
1736157600000,0.03727,0.0374,0.03714,0.03735,4145387.0
1736161200000,0.03735,0.03772,0.03731,0.03769,4591030.0
1736164800000,0.03769,0.03847,0.03763,0.03823,40405348.0
1736168400000,0.03821,0.03882,0.03797,0.03839,63694246.0
1736172000000,0.03839,0.03889,0.03782,0.03869,24529344.0
1736175600000,0.0387,0.03926,0.0386,0.03879,26442136.0
1736179200000,0.0388,0.03904,0.0386,0.03888,17310429.0
1736182800000,0.03888,0.0389,0.03833,0.03858,8320021.0
1736186400000,0.03859,0.03872,0.03845,0.03853,3927137.0
1736190000000,0.03854,0.03888,0.03849,0.03876,3788602.0
1736193600000,0.03876,0.0389,0.03861,0.03871,5994477.0
1736197200000,0.03871,0.03875,0.03836,0.03842,6325402.0
1736200800000,0.03842,0.03858,0.03831,0.03855,4871678.0
1736204400000,0.03854,0.03878,0.03836,0.03876,7812650.0
1736208000000,0.03875,0.03995,0.03852,0.03913,62578580.0
1736211600000,0.03913,0.03946,0.03876,0.0393,24243092.0
1736215200000,0.0393,0.03932,0.03886,0.03896,12316750.0
1736218800000,0.03895,0.03918,0.03861,0.03871,10483889.0
1736222400000,0.03871,0.03886,0.0384,0.03841,9385593.0
1736226000000,0.0384,0.03847,0.03827,0.03841,6573272.0
1736229600000,0.03842,0.03884,0.0383,0.03879,6423742.0
1736233200000,0.03879,0.03889,0.03836,0.03844,6194886.0
1736236800000,0.03845,0.03867,0.03834,0.03862,5638075.0
1736240400000,0.03864,0.03866,0.03822,0.03832,6352082.0
1736244000000,0.03831,0.03841,0.03812,0.03826,4196162.0
1736247600000,0.03825,0.03837,0.03762,0.0379,12756787.0
1736251200000,0.03791,0.0381,0.03779,0.03801,7849477.0
1736254800000,0.03801,0.03835,0.03801,0.03812,6363696.0
1736258400000,0.03812,0.03827,0.03748,0.03762,13149872.0
1736262000000,0.03762,0.03774,0.03594,0.03633,108016261.0
1736265600000,0.03634,0.03655,0.03608,0.03622,16616081.0
1736269200000,0.03622,0.03634,0.03583,0.036,13064958.0
1736272800000,0.036,0.03614,0.03559,0.03571,10736217.0
1736276400000,0.0357,0.03587,0.03527,0.03538,9434220.0
1736280000000,0.03539,0.03546,0.035,0.03531,10944198.0
1736283600000,0.03531,0.03558,0.03501,0.03501,7725839.0
1736287200000,0.035,0.0354,0.03494,0.03539,6910807.0
1736290800000,0.03538,0.03538,0.03494,0.03495,7296166.0
1736294400000,0.03495,0.03539,0.03494,0.03532,10400371.0
1736298000000,0.0353,0.03531,0.03479,0.03502,11080896.0
1736301600000,0.03502,0.03518,0.03478,0.03479,6828440.0
1736305200000,0.03478,0.03495,0.03445,0.03486,14496786.0
1736308800000,0.03485,0.03487,0.03434,0.03435,12245039.0
1736312400000,0.03436,0.03477,0.0343,0.03441,8239968.0
1736316000000,0.03441,0.03457,0.03369,0.03372,14985608.0
1736319600000,0.0337,0.03422,0.03369,0.03413,6661367.0
1736323200000,0.03413,0.03466,0.03407,0.03449,11087300.0
1736326800000,0.03449,0.03451,0.03414,0.03417,7679569.0
1736330400000,0.03415,0.03453,0.03415,0.03442,4905216.0
1736334000000,0.03441,0.03442,0.03378,0.03411,11885134.0
1736337600000,0.03412,0.03433,0.03382,0.03384,14416592.0
1736341200000,0.03385,0.03445,0.03385,0.03419,19734677.0
1736344800000,0.03418,0.03468,0.03417,0.03449,16871737.0
1736348400000,0.03447,0.03507,0.03444,0.035,26934194.0
1736352000000,0.03501,0.03516,0.03443,0.0345,23712446.0
1736355600000,0.0345,0.03462,0.03334,0.03425,43561851.0
1736359200000,0.03425,0.03512,0.0342,0.03461,18831323.0
1736362800000,0.03462,0.0349,0.03441,0.03456,10575951.0
1736366400000,0.03457,0.03466,0.03428,0.03454,5847189.0
1736370000000,0.03455,0.03473,0.03422,0.03456,5484005.0
1736373600000,0.03455,0.03526,0.03454,0.03526,10600500.0
1736377200000,0.03526,0.03548,0.03511,0.03524,7205847.0
1736380800000,0.03523,0.03561,0.03499,0.03549,23446976.0
1736384400000,0.0355,0.03577,0.03537,0.03553,9966512.0
1736388000000,0.03553,0.03585,0.03491,0.0358,22676634.0
1736391600000,0.03581,0.03605,0.03552,0.0358,12340114.0
1736395200000,0.03581,0.03624,0.03561,0.03608,14128184.0
1736398800000,0.03609,0.03621,0.03563,0.03578,13574410.0
1736402400000,0.03577,0.03583,0.03522,0.03542,17820488.0
1736406000000,0.03541,0.03575,0.03486,0.03498,13860638.0
1736409600000,0.035,0.03553,0.03495,0.03532,28817475.0
1736413200000,0.03535,0.03583,0.03518,0.03569,11560087.0
1736416800000,0.0357,0.03598,0.0352,0.03597,17273868.0
1736420400000,0.03596,0.0366,0.03582,0.03644,21296358.0
1736424000000,0.03644,0.03652,0.03598,0.03612,13809169.0
1736427600000,0.03612,0.03667,0.03513,0.03517,28876117.0
1736431200000,0.03515,0.03577,0.03498,0.03558,17334106.0
1736434800000,0.03557,0.03647,0.0354,0.03621,20169658.0
1736438400000,0.03621,0.03659,0.03612,0.03651,17201970.0
1736442000000,0.03652,0.0366,0.03553,0.03576,13501915.0
1736445600000,0.03576,0.03628,0.03567,0.0362,13969871.0
1736449200000,0.03621,0.03623,0.03541,0.03546,10597427.0
1736452800000,0.03546,0.03565,0.03487,0.03529,17930316.0
1736456400000,0.03531,0.03577,0.03525,0.03532,6620512.0
1736460000000,0.03531,0.03616,0.03527,0.03608,7617163.0
1736463600000,0.03608,0.03609,0.03585,0.03607,6386086.0
1736467200000,0.03607,0.03616,0.0353,0.0358,32476099.0
1736470800000,0.03581,0.03617,0.03525,0.03549,20979634.0
1736474400000,0.0355,0.03572,0.03518,0.03545,12646479.0
1736478000000,0.03546,0.03578,0.03521,0.03573,10391261.0
1736481600000,0.03572,0.03618,0.03559,0.03565,21134149.0
1736485200000,0.03565,0.03613,0.03549,0.03585,16097324.0
1736488800000,0.03585,0.03605,0.03569,0.03602,9301626.0
1736492400000,0.03602,0.03622,0.03577,0.0358,14991738.0
1736496000000,0.03581,0.03602,0.0356,0.03578,10991954.0
1736499600000,0.03579,0.03591,0.0357,0.03573,9335656.0
1736503200000,0.03574,0.03597,0.03559,0.03591,5546658.0
1736506800000,0.0359,0.03612,0.0356,0.03602,11045398.0
1736510400000,0.03602,0.03706,0.0358,0.0367,51614401.0
1736514000000,0.03668,0.03943,0.03659,0.03791,428634449.0
1736517600000,0.03791,0.0389,0.03701,0.03859,153854067.0
1736521200000,0.03858,0.03918,0.03751,0.03849,122977938.0
1736524800000,0.0385,0.03896,0.038,0.03848,133324579.0
1736528400000,0.03849,0.03958,0.03761,0.03945,158235923.0
1736532000000,0.03944,0.03987,0.039,0.0391,72078069.0
1736535600000,0.03908,0.0397,0.0389,0.03943,48078266.0
1736539200000,0.03943,0.03961,0.03887,0.03888,34401860.0
1736542800000,0.03889,0.03901,0.03831,0.03832,36150639.0
1736546400000,0.03834,0.03839,0.03761,0.03793,51948228.0
1736550000000,0.03793,0.03907,0.03788,0.03868,68764649.0
1736553600000,0.03869,0.03874,0.03678,0.03721,134985571.0
1736557200000,0.03722,0.03766,0.03683,0.03706,37408796.0
1736560800000,0.03707,0.03714,0.03672,0.03698,18023182.0
1736564400000,0.03697,0.03711,0.03688,0.03705,19597157.0
1736568000000,0.03705,0.0373,0.03662,0.03673,22511494.0
1736571600000,0.03674,0.03715,0.03661,0.03701,21864740.0
1736575200000,0.037,0.03723,0.03679,0.0368,21161572.0
1736578800000,0.03679,0.03702,0.03671,0.03677,20598092.0
1736582400000,0.03677,0.03706,0.03658,0.03666,16709701.0
1736586000000,0.03667,0.03701,0.03667,0.03698,19855051.0
1736589600000,0.03699,0.03749,0.03694,0.03731,35480903.0
1736593200000,0.03731,0.03758,0.03708,0.03712,29587232.0
1736596800000,0.03711,0.03732,0.03695,0.03715,29698679.0
1736600400000,0.03715,0.03754,0.03696,0.03744,23383632.0
1736604000000,0.03743,0.03756,0.0371,0.03744,18237255.0
1736607600000,0.03743,0.03748,0.0368,0.0369,17709502.0
1736611200000,0.03689,0.03713,0.03676,0.03705,18491643.0
1736614800000,0.03705,0.03707,0.03672,0.03695,15653061.0
1736618400000,0.03695,0.03709,0.03678,0.03694,10984168.0
1736622000000,0.03694,0.03712,0.03681,0.03693,8237712.0
1736625600000,0.03693,0.03741,0.03689,0.03726,12917652.0
1736629200000,0.03725,0.03763,0.03717,0.03754,16253063.0
1736632800000,0.03755,0.03759,0.03712,0.03715,8590490.0
1736636400000,0.03715,0.03727,0.037,0.03702,9834943.0
1736640000000,0.03702,0.03719,0.03668,0.03704,22767050.0
1736643600000,0.03704,0.03722,0.03683,0.03717,7939631.0
1736647200000,0.03719,0.03722,0.03688,0.03704,6852053.0
1736650800000,0.03703,0.03712,0.03671,0.03693,5807440.0
1736654400000,0.03694,0.03703,0.03684,0.03693,4229045.0
1736658000000,0.03694,0.03725,0.03683,0.03697,8995417.0
1736661600000,0.03697,0.03723,0.03663,0.03677,10797898.0
1736665200000,0.03678,0.03688,0.03647,0.0368,13226466.0
1736668800000,0.0368,0.03694,0.03626,0.03632,16378423.0
1736672400000,0.03632,0.03644,0.03614,0.03621,11813815.0
1736676000000,0.03622,0.0363,0.03597,0.03612,12935021.0
1736679600000,0.03612,0.03626,0.03601,0.03617,8197017.0
1736683200000,0.03617,0.03711,0.03604,0.03644,28666457.0
1736686800000,0.03643,0.03666,0.03637,0.03642,11515133.0
1736690400000,0.03643,0.0365,0.03613,0.03619,9987016.0
1736694000000,0.0362,0.03658,0.0361,0.0365,12608833.0
1736697600000,0.03651,0.03707,0.03641,0.03673,20215454.0
1736701200000,0.03674,0.03697,0.03668,0.03683,6998955.0
1736704800000,0.03682,0.03707,0.03665,0.03677,7660714.0
1736708400000,0.03679,0.03684,0.03632,0.03638,12076404.0
1736712000000,0.03637,0.03644,0.03621,0.03628,6629778.0
1736715600000,0.03629,0.03632,0.03602,0.0361,6683927.0
1736719200000,0.03609,0.03609,0.03563,0.03588,11825499.0
1736722800000,0.03588,0.03619,0.03588,0.03617,5763488.0
1736726400000,0.03617,0.03679,0.03579,0.03665,39931465.0
1736730000000,0.03665,0.03673,0.03584,0.03589,17612147.0
1736733600000,0.0359,0.036,0.03508,0.03528,13957713.0
1736737200000,0.03528,0.03553,0.03501,0.03514,13344294.0
1736740800000,0.03513,0.03566,0.03504,0.03535,9086974.0
1736744400000,0.03535,0.03539,0.03476,0.03485,16191571.0
1736748000000,0.03485,0.03509,0.03418,0.03432,19437519.0
1736751600000,0.03432,0.03464,0.03423,0.03441,9421243.0
1736755200000,0.03442,0.03446,0.03384,0.03394,15384621.0
1736758800000,0.03394,0.03413,0.03353,0.03381,18172716.0
1736762400000,0.03382,0.03389,0.03336,0.0335,16510516.0
1736766000000,0.0335,0.03355,0.03293,0.03294,21867167.0
1736769600000,0.03295,0.0333,0.03275,0.03305,22850646.0
1736773200000,0.03303,0.03358,0.0329,0.03309,18412325.0
1736776800000,0.03307,0.03364,0.03213,0.03337,67614932.0
1736780400000,0.03336,0.0339,0.03323,0.03355,16642253.0
1736784000000,0.03355,0.03364,0.03299,0.03301,14790317.0
1736787600000,0.033,0.03337,0.03279,0.03294,12200602.0
1736791200000,0.03294,0.03322,0.03245,0.03292,17877304.0
1736794800000,0.03293,0.03341,0.03271,0.03323,13527524.0
1736798400000,0.03322,0.03431,0.03298,0.03425,16829881.0
1736802000000,0.03426,0.03474,0.03408,0.03473,16481492.0
1736805600000,0.03474,0.0351,0.03472,0.03476,11993879.0
1736809200000,0.03478,0.0348,0.03461,0.03465,5577614.0
1736812800000,0.03466,0.03467,0.03427,0.03435,17338598.0
1736816400000,0.03435,0.03479,0.03435,0.03449,6325166.0
1736820000000,0.03448,0.03496,0.03445,0.03454,6314646.0
1736823600000,0.03455,0.03469,0.03442,0.03445,6566379.0
1736827200000,0.03445,0.03476,0.03445,0.0347,4446927.0
1736830800000,0.03471,0.03492,0.03454,0.03457,6160160.0
1736834400000,0.03457,0.03479,0.03446,0.03473,4741224.0
1736838000000,0.03474,0.0351,0.03457,0.0346,14114484.0
1736841600000,0.03461,0.035,0.03457,0.03483,9983996.0
1736845200000,0.03483,0.03569,0.03477,0.03549,14933754.0
1736848800000,0.03549,0.03553,0.03525,0.03537,8326863.0
1736852400000,0.03538,0.0354,0.035,0.03528,7459078.0
1736856000000,0.03528,0.03537,0.035,0.03503,5297203.0
1736859600000,0.03502,0.03577,0.03493,0.0354,23565995.0
1736863200000,0.03541,0.03563,0.03519,0.03536,13447832.0
1736866800000,0.03536,0.03561,0.03529,0.03546,7242224.0
1736870400000,0.03545,0.03551,0.03506,0.0354,10925617.0
1736874000000,0.03541,0.03574,0.03535,0.03566,6437193.0
1736877600000,0.03567,0.0358,0.03559,0.03577,4325651.0
1736881200000,0.03577,0.03583,0.03563,0.03565,3759264.0
1736884800000,0.03566,0.0357,0.03538,0.03557,6550580.0
1736888400000,0.03556,0.03575,0.03554,0.03562,7029953.0
1736892000000,0.03562,0.03589,0.03562,0.03583,3623021.0
1736895600000,0.03583,0.03585,0.03567,0.03572,3023692.0
1736899200000,0.03573,0.03584,0.03549,0.03565,12594084.0
1736902800000,0.03564,0.03573,0.03518,0.03529,14608469.0
1736906400000,0.03531,0.03551,0.03495,0.03496,10436879.0
1736910000000,0.03496,0.0353,0.03493,0.03527,11284117.0
1736913600000,0.03528,0.03542,0.03513,0.03523,7759810.0
1736917200000,0.03522,0.03533,0.03508,0.03528,3605662.0
1736920800000,0.03529,0.03545,0.03514,0.03542,5687960.0
1736924400000,0.03541,0.03572,0.0354,0.03546,4732265.0
1736928000000,0.03547,0.0357,0.03541,0.03543,6033049.0
1736931600000,0.03543,0.03546,0.03492,0.03499,13007528.0
1736935200000,0.03499,0.03522,0.03496,0.03501,5936050.0
1736938800000,0.03501,0.03504,0.03469,0.03491,9658089.0
1736942400000,0.03491,0.03503,0.03469,0.03485,4895040.0
1736946000000,0.03486,0.03613,0.03485,0.03611,32878130.0
1736949600000,0.0361,0.03634,0.03575,0.03631,21680933.0
1736953200000,0.03631,0.03675,0.03624,0.03649,14803308.0
1736956800000,0.0365,0.0368,0.03637,0.03638,14468515.0
1736960400000,0.03639,0.03648,0.03603,0.03609,5429358.0
1736964000000,0.0361,0.03661,0.0361,0.03661,7401875.0
1736967600000,0.03661,0.03678,0.03652,0.03676,7048391.0
1736971200000,0.03676,0.03712,0.03666,0.03675,14982195.0
1736974800000,0.03676,0.03696,0.03676,0.03687,4575476.0
1736978400000,0.03687,0.0373,0.03681,0.0373,4463811.0
1736982000000,0.03731,0.03755,0.03721,0.03743,11550228.0
1736985600000,0.03744,0.03747,0.03654,0.03674,39622607.0
1736989200000,0.03675,0.0394,0.03672,0.03766,134887200.0
1736992800000,0.03766,0.03788,0.03723,0.03754,29595488.0
1736996400000,0.03754,0.03784,0.03736,0.03769,22143883.0
1737000000000,0.03769,0.03783,0.0375,0.03763,12317616.0
1737003600000,0.03764,0.03771,0.03735,0.03741,8944778.0
1737007200000,0.0374,0.03773,0.03737,0.03758,7827452.0
1737010800000,0.03758,0.03771,0.03747,0.03753,6734934.0
1737014400000,0.03753,0.03763,0.03671,0.03685,17153715.0
1737018000000,0.03686,0.03711,0.03671,0.03704,9872179.0
1737021600000,0.03705,0.03719,0.03696,0.03716,5804175.0
1737025200000,0.03716,0.03755,0.03695,0.03751,15260663.0
1737028800000,0.03751,0.0379,0.03731,0.03788,15984071.0
1737032400000,0.03788,0.03793,0.03731,0.03762,21908138.0
1737036000000,0.03761,0.03783,0.03669,0.03683,32437169.0
1737039600000,0.03683,0.03769,0.03669,0.03768,22768130.0
1737043200000,0.03767,0.03817,0.03763,0.03791,14295716.0
1737046800000,0.0379,0.03819,0.03771,0.03806,9050322.0
1737050400000,0.03805,0.03821,0.03776,0.0378,6026512.0
1737054000000,0.03779,0.03804,0.03767,0.03801,7749850.0
1737057600000,0.03802,0.03812,0.03773,0.03782,8238498.0
1737061200000,0.03783,0.03785,0.03744,0.03767,4718726.0
1737064800000,0.03767,0.0377,0.03702,0.03711,5203117.0
1737068400000,0.03711,0.03733,0.03699,0.0373,7027244.0
1737072000000,0.03731,0.03766,0.03725,0.03743,15323089.0
1737075600000,0.03744,0.03799,0.03739,0.03791,18107212.0
1737079200000,0.03792,0.038,0.03746,0.03765,9564452.0
1737082800000,0.03767,0.03787,0.0376,0.03775,6712685.0
1737086400000,0.03775,0.038,0.03766,0.03798,5218487.0
1737090000000,0.03798,0.03806,0.03789,0.03794,5868396.0
1737093600000,0.03793,0.03806,0.03785,0.03801,6810964.0
1737097200000,0.03801,0.03813,0.03786,0.03802,6889699.0
1737100800000,0.03802,0.03855,0.03801,0.03848,12569410.0
1737104400000,0.03848,0.03855,0.03822,0.03836,8892105.0
1737108000000,0.03836,0.03887,0.03825,0.03872,11972413.0
1737111600000,0.03872,0.03884,0.03855,0.03855,5885107.0
1737115200000,0.03855,0.03858,0.03824,0.03836,9150092.0
1737118800000,0.03837,0.03857,0.03803,0.03815,9249335.0
1737122400000,0.03815,0.03864,0.03815,0.03855,12744263.0
1737126000000,0.03855,0.03873,0.0382,0.03837,13664664.0
1737129600000,0.03839,0.03853,0.03823,0.03838,16827688.0
1737133200000,0.03838,0.0384,0.03791,0.03798,9016037.0
1737136800000,0.03797,0.03834,0.03793,0.03824,10884885.0
1737140400000,0.03824,0.03861,0.03822,0.03857,6820571.0
1737144000000,0.03857,0.03899,0.03853,0.03891,10025966.0
1737147600000,0.03889,0.03896,0.03872,0.03888,6208210.0
1737151200000,0.03886,0.03902,0.03884,0.03898,5738501.0
1737154800000,0.03898,0.03902,0.03882,0.03887,7277578.0
1737158400000,0.03887,0.0391,0.03882,0.03892,12033164.0
1737162000000,0.03891,0.03894,0.03838,0.0385,8308942.0
1737165600000,0.03851,0.0387,0.0384,0.03847,6318091.0
1737169200000,0.03846,0.03855,0.03753,0.03765,21523742.0
1737172800000,0.03764,0.03785,0.03726,0.03751,20190361.0
1737176400000,0.03752,0.03763,0.03635,0.03637,22834411.0
1737180000000,0.03636,0.03703,0.03635,0.0369,17774308.0
1737183600000,0.03689,0.0369,0.03628,0.03639,6649708.0
1737187200000,0.0364,0.03658,0.03595,0.0365,17350460.0
1737190800000,0.0365,0.03659,0.03618,0.03643,4883242.0
1737194400000,0.03642,0.03656,0.036,0.03632,13691032.0
1737198000000,0.03631,0.03691,0.03614,0.03673,7283086.0
1737201600000,0.03673,0.03681,0.03629,0.03642,11931122.0
1737205200000,0.03643,0.03678,0.03624,0.03678,8933652.0
1737208800000,0.03678,0.03679,0.03619,0.03619,7502269.0
1737212400000,0.03618,0.0366,0.03598,0.03615,9012183.0
1737216000000,0.03616,0.03635,0.03558,0.0356,27515403.0
1737219600000,0.03559,0.0359,0.0355,0.03561,11206738.0
1737223200000,0.0356,0.03592,0.03548,0.03562,9484194.0
1737226800000,0.03562,0.03604,0.03561,0.03603,7170964.0
1737230400000,0.03604,0.03606,0.03556,0.03563,6626878.0
1737234000000,0.03564,0.03591,0.03562,0.03567,5691391.0
1737237600000,0.03566,0.03603,0.0356,0.03597,5955868.0
1737241200000,0.03595,0.0365,0.03594,0.03628,7534545.0
1737244800000,0.0363,0.03682,0.03605,0.03624,34698891.0
1737248400000,0.03625,0.0366,0.03618,0.03652,7024940.0
1737252000000,0.03653,0.03676,0.03642,0.03648,6811641.0
1737255600000,0.03647,0.03653,0.03602,0.03604,11273104.0
1737259200000,0.03604,0.03606,0.03545,0.03551,16435327.0
1737262800000,0.0355,0.03554,0.03505,0.03525,15467240.0
1737266400000,0.03527,0.0353,0.03475,0.03479,18039835.0
1737270000000,0.0348,0.03499,0.03462,0.03477,12473684.0
1737273600000,0.03476,0.03477,0.0339,0.03396,30361774.0
1737277200000,0.03396,0.03418,0.03329,0.03416,57248585.0
1737280800000,0.03414,0.03434,0.03372,0.034,13704972.0
1737284400000,0.03401,0.0341,0.03311,0.03337,19478484.0
1737288000000,0.03339,0.03445,0.03329,0.03436,32545450.0
1737291600000,0.03436,0.03486,0.03421,0.03486,13558918.0
1737295200000,0.03486,0.03545,0.03471,0.03537,31182308.0
1737298800000,0.03536,0.03558,0.03502,0.03525,16942516.0
1737302400000,0.03524,0.03542,0.03493,0.03503,14703370.0
1737306000000,0.03504,0.03546,0.03483,0.03544,8696860.0
1737309600000,0.03545,0.03554,0.03523,0.03546,5874554.0
1737313200000,0.03544,0.03563,0.0353,0.03553,3523105.0
1737316800000,0.03554,0.03577,0.03504,0.03516,9696083.0
1737320400000,0.03518,0.03519,0.03331,0.0334,94564296.0
1737324000000,0.0334,0.03402,0.03224,0.03346,91534505.0
1737327600000,0.03346,0.03346,0.03229,0.03304,65150209.0
1737331200000,0.03305,0.03306,0.03196,0.03212,80445432.0
1737334800000,0.03214,0.03307,0.03214,0.03286,31706739.0
1737338400000,0.03285,0.03421,0.03276,0.03359,28786445.0
1737342000000,0.03359,0.03393,0.0334,0.0337,11295308.0
1737345600000,0.03371,0.03397,0.0333,0.03364,10353216.0
1737349200000,0.03364,0.03411,0.03352,0.0338,14952278.0
1737352800000,0.03381,0.03566,0.03379,0.0354,45051729.0
1737356400000,0.03542,0.03616,0.03502,0.03538,81878268.0
1737360000000,0.03538,0.03568,0.0352,0.03552,12527854.0
1737363600000,0.03552,0.03564,0.03482,0.035,12789114.0
1737367200000,0.035,0.03526,0.03455,0.03474,11824296.0
1737370800000,0.03472,0.03497,0.03451,0.03494,10756109.0
1737374400000,0.03496,0.03498,0.03358,0.03409,45385956.0
1737378000000,0.0341,0.03449,0.03393,0.03424,21529389.0
1737381600000,0.03424,0.03445,0.03408,0.03435,8001603.0
1737385200000,0.03434,0.03437,0.03365,0.03378,13757652.0
1737388800000,0.03378,0.03441,0.03326,0.03437,20196931.0
1737392400000,0.03437,0.03439,0.03239,0.03321,111730031.0
1737396000000,0.03322,0.03414,0.03318,0.03404,15675473.0
1737399600000,0.03404,0.03409,0.03365,0.03394,9135219.0
1737403200000,0.03395,0.03405,0.03361,0.03384,8217552.0
1737406800000,0.03382,0.03435,0.03367,0.03368,31900938.0
1737410400000,0.03368,0.03417,0.03337,0.03413,9695586.0
1737414000000,0.03414,0.03415,0.03353,0.03367,8235769.0
1737417600000,0.03366,0.03393,0.03309,0.03311,24059665.0
1737421200000,0.03312,0.03348,0.03283,0.03318,20700922.0
1737424800000,0.03318,0.03334,0.03282,0.03327,8455272.0
1737428400000,0.03327,0.03349,0.0331,0.03335,7081028.0
1737432000000,0.03334,0.03334,0.03261,0.03324,11507990.0
1737435600000,0.03323,0.03339,0.0329,0.03301,4573161.0
1737439200000,0.033,0.03337,0.03278,0.03314,6912508.0
1737442800000,0.03314,0.03357,0.033,0.03329,10385802.0
1737446400000,0.03328,0.03355,0.03308,0.03339,7461286.0
1737450000000,0.03338,0.03379,0.03336,0.03355,9724848.0
1737453600000,0.03354,0.03408,0.03354,0.03381,14613689.0
1737457200000,0.03381,0.03461,0.03362,0.03437,20246197.0
1737460800000,0.03439,0.0346,0.03422,0.03435,10697621.0
1737464400000,0.03436,0.03444,0.034,0.03418,8589524.0
1737468000000,0.03419,0.03455,0.03392,0.03404,15162791.0
1737471600000,0.03402,0.03433,0.0338,0.03428,11267562.0
1737475200000,0.03429,0.03491,0.03418,0.03474,22228786.0
1737478800000,0.03475,0.03529,0.03472,0.03521,13541805.0
1737482400000,0.03521,0.03526,0.03482,0.03504,14985656.0
1737486000000,0.03505,0.03505,0.03461,0.03492,8058753.0
1737489600000,0.03491,0.03496,0.0345,0.03464,3888758.0
1737493200000,0.03465,0.03476,0.03437,0.03472,12183426.0
1737496800000,0.03472,0.03474,0.03439,0.03442,3648325.0
1737500400000,0.03442,0.03445,0.03408,0.03428,9951113.0
1737504000000,0.03428,0.03458,0.03398,0.03434,15604154.0
1737507600000,0.03433,0.03437,0.0339,0.03397,3880111.0
1737511200000,0.03397,0.03427,0.03387,0.03419,4967091.0
1737514800000,0.03419,0.03434,0.03407,0.03415,3106575.0
1737518400000,0.03415,0.03426,0.03385,0.03407,5167651.0
1737522000000,0.03406,0.03431,0.03399,0.03401,3873849.0
1737525600000,0.03402,0.03415,0.03385,0.03415,8553971.0
1737529200000,0.03415,0.03418,0.03382,0.03385,4500494.0
1737532800000,0.03386,0.03396,0.0335,0.03388,7315321.0
1737536400000,0.03387,0.03407,0.03376,0.03393,2478879.0
1737540000000,0.03392,0.03395,0.0337,0.03388,6618636.0
1737543600000,0.03388,0.03415,0.0338,0.03408,3709949.0
1737547200000,0.03408,0.03424,0.03392,0.03405,6315659.0
1737550800000,0.03404,0.03405,0.03356,0.03362,7458792.0
1737554400000,0.03361,0.03391,0.03345,0.03371,10992214.0
1737558000000,0.03373,0.03389,0.03347,0.03364,6395548.0
1737561600000,0.03365,0.03381,0.0334,0.03373,5941141.0
1737565200000,0.03372,0.03393,0.03365,0.03389,4278758.0
1737568800000,0.03389,0.03398,0.0334,0.03345,6237405.0
1737572400000,0.03345,0.03379,0.03345,0.03358,6601505.0
1737576000000,0.03359,0.03383,0.03357,0.03362,4135669.0
1737579600000,0.03362,0.03363,0.03338,0.03351,4047469.0
1737583200000,0.0335,0.03367,0.03332,0.03333,4764342.0
1737586800000,0.03334,0.03364,0.03323,0.0334,13146984.0
1737590400000,0.03339,0.03347,0.03311,0.03323,10248930.0
1737594000000,0.03322,0.03329,0.03286,0.0329,5601369.0
1737597600000,0.03291,0.03314,0.03263,0.03307,9844098.0
1737601200000,0.03307,0.0333,0.03288,0.03303,4000177.0
1737604800000,0.03302,0.0331,0.03266,0.03278,7220404.0
1737608400000,0.03277,0.03295,0.03271,0.03283,4438067.0
1737612000000,0.03282,0.03288,0.03262,0.03268,2941374.0
1737615600000,0.03267,0.03307,0.0326,0.03304,6232081.0
1737619200000,0.03303,0.03308,0.03271,0.03277,2594760.0
1737622800000,0.03276,0.03291,0.0326,0.03267,2235228.0
1737626400000,0.03267,0.03277,0.03243,0.03255,6134440.0
1737630000000,0.03257,0.03277,0.03248,0.03263,1764078.0
1737633600000,0.03264,0.03278,0.03243,0.03248,4114423.0
1737637200000,0.03248,0.03289,0.03224,0.03284,6363581.0
1737640800000,0.03284,0.03352,0.0326,0.0333,11953428.0
1737644400000,0.0333,0.03344,0.03268,0.03327,23418022.0
1737648000000,0.03326,0.03375,0.03322,0.03324,11672359.0
1737651600000,0.03324,0.03342,0.03293,0.03339,7766299.0
1737655200000,0.0334,0.03348,0.0329,0.0329,4399487.0
1737658800000,0.03289,0.0329,0.03247,0.03258,16715921.0
1737662400000,0.03256,0.03346,0.03245,0.03288,35083685.0
1737666000000,0.03287,0.03296,0.03231,0.03247,10316520.0
1737669600000,0.03248,0.0332,0.03242,0.03319,5417543.0
1737673200000,0.0332,0.03336,0.03305,0.03318,6077859.0
1737676800000,0.03319,0.03339,0.03256,0.03257,8572573.0
1737680400000,0.03257,0.03276,0.03229,0.03236,6757889.0
1737684000000,0.03239,0.0325,0.03214,0.03223,5253691.0
1737687600000,0.03224,0.03293,0.03223,0.03277,9441012.0
1737691200000,0.03276,0.03318,0.03256,0.03315,5085939.0
1737694800000,0.03315,0.03353,0.03307,0.03351,7304749.0
1737698400000,0.03352,0.03355,0.03325,0.03333,4301563.0
1737702000000,0.03334,0.03347,0.03315,0.03328,4752974.0
1737705600000,0.03326,0.03357,0.03317,0.03352,3729285.0
1737709200000,0.03352,0.03358,0.03338,0.03355,4136114.0
1737712800000,0.03355,0.03379,0.03345,0.03379,4514086.0
1737716400000,0.03378,0.03379,0.03361,0.03372,2547651.0
1737720000000,0.03373,0.03387,0.03366,0.03386,4094444.0
1737723600000,0.03386,0.03397,0.03364,0.03373,4401719.0
1737727200000,0.03372,0.0339,0.03351,0.03374,8706986.0
1737730800000,0.03377,0.03385,0.03335,0.03352,6329057.0
1737734400000,0.03353,0.03368,0.03343,0.03343,3440112.0
1737738000000,0.03343,0.03358,0.03326,0.03348,6272490.0
1737741600000,0.03347,0.0336,0.03336,0.03341,5087288.0
1737745200000,0.0334,0.03348,0.03326,0.03331,4101406.0
1737748800000,0.03332,0.0334,0.03282,0.03283,5861488.0
1737752400000,0.03284,0.03304,0.03278,0.03291,6179991.0
1737756000000,0.03291,0.03294,0.03272,0.03273,4042689.0
1737759600000,0.03272,0.03275,0.03255,0.03272,4161788.0
1737763200000,0.03273,0.03273,0.03234,0.03236,8501440.0
1737766800000,0.03235,0.03285,0.03233,0.03275,3935496.0
1737770400000,0.03275,0.03294,0.03271,0.0329,2304201.0
1737774000000,0.03291,0.03317,0.03285,0.03314,3475552.0
1737777600000,0.03313,0.03313,0.03283,0.03286,4461190.0
1737781200000,0.03288,0.03302,0.03277,0.03285,2143614.0
1737784800000,0.03284,0.0329,0.03259,0.03265,3896618.0
1737788400000,0.03263,0.03272,0.0326,0.03267,2123492.0
1737792000000,0.03267,0.03278,0.03254,0.03262,4059542.0
1737795600000,0.03262,0.03269,0.03257,0.03263,1990057.0
1737799200000,0.03263,0.03271,0.03246,0.03268,2718869.0
1737802800000,0.03267,0.03288,0.03261,0.03285,3681222.0
1737806400000,0.03285,0.03297,0.03276,0.03297,3426198.0
1737810000000,0.03298,0.033,0.03279,0.03285,4260534.0
1737813600000,0.03285,0.03297,0.03275,0.03295,2270895.0
1737817200000,0.03295,0.03314,0.03289,0.03302,4761401.0
1737820800000,0.03301,0.03322,0.03289,0.03318,8566088.0
1737824400000,0.03319,0.03323,0.03301,0.03321,3067091.0
1737828000000,0.03322,0.0335,0.0332,0.03342,11888392.0
1737831600000,0.03343,0.03387,0.0334,0.03374,7934209.0
1737835200000,0.03375,0.03391,0.03356,0.03358,7187567.0
1737838800000,0.03359,0.03362,0.03346,0.03356,2980748.0
1737842400000,0.03358,0.03405,0.03349,0.03399,6258168.0
1737846000000,0.03399,0.03405,0.03363,0.03366,5953250.0
1737849600000,0.03368,0.03422,0.03364,0.03377,28068380.0
1737853200000,0.03377,0.03389,0.03368,0.03372,3892136.0
1737856800000,0.03372,0.03373,0.03345,0.03356,5611715.0
1737860400000,0.03357,0.03379,0.03352,0.03367,6032162.0
1737864000000,0.03366,0.03381,0.03359,0.03373,4542516.0
1737867600000,0.03374,0.03376,0.03353,0.03367,3896734.0
1737871200000,0.03368,0.03385,0.03349,0.03376,8820923.0
1737874800000,0.03376,0.03383,0.03363,0.03366,2471182.0
1737878400000,0.03366,0.03374,0.03351,0.03356,6662180.0
1737882000000,0.03357,0.03359,0.03321,0.03329,5487215.0
1737885600000,0.03328,0.0335,0.03326,0.03346,5349435.0
1737889200000,0.03346,0.03362,0.03343,0.03359,2743504.0
1737892800000,0.03359,0.03362,0.03346,0.03354,2869566.0
1737896400000,0.03354,0.03359,0.03343,0.03352,2607744.0
1737900000000,0.03353,0.03354,0.03335,0.03347,2229318.0
1737903600000,0.03348,0.03352,0.0334,0.03343,2746190.0
1737907200000,0.03344,0.03351,0.03336,0.03347,3241054.0
1737910800000,0.03347,0.03365,0.03341,0.03361,2217078.0
1737914400000,0.03361,0.0338,0.03354,0.03378,2918079.0
1737918000000,0.03378,0.03383,0.03371,0.03381,1911440.0
1737921600000,0.0338,0.03382,0.03361,0.03365,2921828.0
1737925200000,0.03365,0.03368,0.03331,0.03331,5298396.0
1737928800000,0.03331,0.03343,0.03313,0.03325,5528923.0
1737932400000,0.03323,0.03323,0.03245,0.03248,19096030.0
1737936000000,0.03248,0.03267,0.03205,0.03219,19268509.0
1737939600000,0.03219,0.03226,0.03179,0.0318,11430155.0
1737943200000,0.03181,0.03183,0.03138,0.03164,12648004.0
1737946800000,0.03165,0.03206,0.03159,0.03202,4410561.0
1737950400000,0.03202,0.03202,0.03166,0.0317,5782557.0
1737954000000,0.0317,0.03177,0.03129,0.0316,10385997.0
1737957600000,0.03161,0.03166,0.03086,0.03095,13757522.0
1737961200000,0.03095,0.03114,0.03002,0.03101,36900233.0
1737964800000,0.03099,0.03099,0.03052,0.03089,13976271.0
1737968400000,0.0309,0.03145,0.03085,0.03134,10794825.0
1737972000000,0.03135,0.03139,0.03088,0.03103,8524221.0
1737975600000,0.03103,0.03144,0.03094,0.03115,7502894.0
1737979200000,0.03115,0.03174,0.03105,0.0316,12598786.0
1737982800000,0.03161,0.03183,0.03127,0.03138,12141163.0
1737986400000,0.03137,0.03195,0.03123,0.03186,11817020.0
1737990000000,0.03185,0.03197,0.03153,0.03177,9471224.0
1737993600000,0.03177,0.03193,0.03132,0.0314,11328129.0
1737997200000,0.0314,0.03162,0.03118,0.03132,5816426.0
1738000800000,0.03132,0.03154,0.03107,0.03116,6347339.0
1738004400000,0.03117,0.03152,0.03117,0.03138,4059551.0
1738008000000,0.03138,0.03216,0.03138,0.03203,6935341.0
1738011600000,0.03202,0.03241,0.03189,0.03199,10129482.0
1738015200000,0.03199,0.03209,0.03179,0.03197,6819159.0
1738018800000,0.03196,0.0321,0.0319,0.03205,3258666.0
1738022400000,0.03205,0.03229,0.03174,0.0318,4856092.0
1738026000000,0.0318,0.03181,0.03148,0.03162,4524599.0
1738029600000,0.0316,0.03188,0.0316,0.03183,3776353.0
1738033200000,0.03183,0.03193,0.03164,0.03182,3432673.0
1738036800000,0.03182,0.03209,0.03182,0.03195,3868731.0
1738040400000,0.03196,0.03207,0.0319,0.03192,2337960.0
1738044000000,0.03193,0.03199,0.03184,0.03194,3845935.0
1738047600000,0.03193,0.03207,0.03177,0.03181,3274479.0
1738051200000,0.03182,0.03189,0.03171,0.03183,5623502.0
1738054800000,0.03183,0.03188,0.0316,0.03179,3506777.0
1738058400000,0.03178,0.0319,0.03171,0.03182,2237493.0
1738062000000,0.03182,0.03191,0.03174,0.03184,2728663.0
1738065600000,0.03184,0.03192,0.03154,0.03158,4335573.0
1738069200000,0.03159,0.03181,0.03159,0.03172,2374092.0
1738072800000,0.03169,0.03186,0.03146,0.03167,5130522.0
1738076400000,0.03166,0.03214,0.03166,0.03193,6036846.0
1738080000000,0.03193,0.03198,0.0316,0.03166,4963637.0
1738083600000,0.03166,0.03192,0.03163,0.03173,3151411.0
1738087200000,0.03173,0.03183,0.03133,0.03137,4980859.0
1738090800000,0.03136,0.0315,0.03124,0.03146,3820365.0
1738094400000,0.03146,0.03154,0.0309,0.03093,6038838.0
1738098000000,0.03092,0.03115,0.03049,0.03051,7260673.0
1738101600000,0.03051,0.03076,0.03034,0.03073,5762695.0
1738105200000,0.03073,0.03081,0.03035,0.03056,4601939.0
1738108800000,0.03056,0.03087,0.03047,0.03071,4346236.0
1738112400000,0.03071,0.031,0.03067,0.03088,4881358.0
1738116000000,0.03088,0.0312,0.03088,0.03104,4516819.0
1738119600000,0.03104,0.03124,0.03095,0.03116,3966693.0
1738123200000,0.03116,0.03126,0.03108,0.03123,3070006.0
1738126800000,0.03123,0.03135,0.03115,0.03128,3278532.0
1738130400000,0.03129,0.03151,0.03126,0.03149,2984010.0
1738134000000,0.03149,0.03157,0.03135,0.03155,1398498.0
1738137600000,0.03155,0.03169,0.0314,0.03144,2874075.0
1738141200000,0.03142,0.03146,0.0312,0.03126,3312482.0
1738144800000,0.03127,0.03154,0.03113,0.03144,2684293.0
1738148400000,0.03145,0.03151,0.03135,0.03138,1807574.0
1738152000000,0.0314,0.03144,0.03107,0.03107,3673742.0
1738155600000,0.03108,0.0311,0.03075,0.03083,4987822.0
1738159200000,0.03082,0.03098,0.03064,0.03078,3517242.0
1738162800000,0.03079,0.03102,0.03076,0.0309,2284854.0
1738166400000,0.03089,0.0309,0.03062,0.03072,3233046.0
1738170000000,0.03074,0.03109,0.03073,0.03086,6190902.0
1738173600000,0.03087,0.03127,0.03064,0.03115,3748109.0
1738177200000,0.03114,0.03167,0.03031,0.03132,34061732.0
1738180800000,0.03132,0.032,0.03101,0.03163,16428477.0
1738184400000,0.03165,0.03196,0.03137,0.03168,6014657.0
1738188000000,0.03169,0.03177,0.0314,0.03142,3446194.0
1738191600000,0.03141,0.03161,0.03123,0.03128,4894313.0
1738195200000,0.03129,0.03131,0.03085,0.03117,4035469.0
1738198800000,0.03118,0.03171,0.03112,0.03145,4932643.0
1738202400000,0.03145,0.03191,0.03128,0.0319,15851872.0
1738206000000,0.03191,0.03192,0.03167,0.03188,7604454.0
1738209600000,0.03187,0.03213,0.03182,0.03209,4124989.0
1738213200000,0.03209,0.03211,0.03191,0.03199,2645671.0
1738216800000,0.032,0.03209,0.03185,0.03187,4198128.0
1738220400000,0.03188,0.03194,0.03171,0.03189,3132138.0
1738224000000,0.03188,0.03199,0.03171,0.03193,2821201.0
1738227600000,0.03193,0.03212,0.0319,0.03205,3741669.0
1738231200000,0.03205,0.03208,0.03188,0.03207,2517754.0
1738234800000,0.03207,0.03215,0.03195,0.0321,3520375.0
1738238400000,0.03209,0.03211,0.03184,0.03194,2636765.0
1738242000000,0.03194,0.03227,0.03184,0.03208,5126052.0
1738245600000,0.03208,0.03253,0.03199,0.03245,8244164.0
1738249200000,0.03248,0.03262,0.03236,0.0324,10242452.0
1738252800000,0.03242,0.03257,0.0323,0.03255,4275606.0
1738256400000,0.03256,0.03256,0.03223,0.03234,2412335.0
1738260000000,0.03235,0.03235,0.03205,0.03224,3836481.0
1738263600000,0.03225,0.03244,0.03215,0.03243,3525082.0
1738267200000,0.03244,0.03248,0.03216,0.03218,3599592.0
1738270800000,0.03219,0.03231,0.03218,0.03226,1600552.0
1738274400000,0.03225,0.03234,0.03216,0.0322,1893203.0
1738278000000,0.03219,0.03232,0.03206,0.03208,2344324.0
1738281600000,0.03209,0.03283,0.03189,0.03212,32377931.0
1738285200000,0.03212,0.03224,0.03204,0.03218,5425947.0
1738288800000,0.03217,0.03228,0.03183,0.03184,3550891.0
1738292400000,0.03184,0.03185,0.03162,0.03177,3877363.0
1738296000000,0.03178,0.03183,0.0316,0.03166,2205713.0
1738299600000,0.03165,0.03193,0.03164,0.0319,1714009.0
1738303200000,0.03188,0.03211,0.03184,0.03206,3010652.0
1738306800000,0.03206,0.03222,0.03185,0.03195,4111046.0
1738310400000,0.03194,0.03203,0.03169,0.0318,6948520.0
1738314000000,0.0318,0.03209,0.03178,0.03201,2850888.0
1738317600000,0.032,0.03203,0.03178,0.03192,2202505.0
1738321200000,0.03193,0.03235,0.03192,0.03229,7023110.0
1738324800000,0.03231,0.03237,0.0322,0.03234,4038951.0
1738328400000,0.03233,0.03259,0.03228,0.03239,6564334.0
1738332000000,0.03238,0.03285,0.03228,0.03275,19888243.0
1738335600000,0.03274,0.03331,0.03264,0.03325,12533597.0
1738339200000,0.03325,0.03374,0.03313,0.03352,26965857.0
1738342800000,0.03352,0.03361,0.03319,0.03323,8020679.0
1738346400000,0.03323,0.0334,0.03251,0.03258,10416515.0
1738350000000,0.03259,0.03287,0.03257,0.03269,4477754.0
1738353600000,0.03268,0.03277,0.03228,0.03245,6587548.0
1738357200000,0.03243,0.03251,0.03217,0.03244,4063580.0
1738360800000,0.03242,0.03248,0.03223,0.03236,2920037.0
1738364400000,0.03235,0.03239,0.03219,0.03237,3822201.0
1738368000000,0.03236,0.03263,0.03212,0.03256,5162198.0
1738371600000,0.03257,0.03269,0.03245,0.03248,4277418.0
1738375200000,0.03248,0.03293,0.03243,0.03286,6199551.0
1738378800000,0.03286,0.03289,0.03252,0.03263,4978544.0
1738382400000,0.03263,0.03278,0.03252,0.03268,4423892.0
1738386000000,0.03268,0.03296,0.03267,0.0329,4221988.0
1738389600000,0.03289,0.03292,0.03259,0.03272,2554725.0
1738393200000,0.03272,0.03281,0.03246,0.0325,4145899.0
1738396800000,0.0325,0.03258,0.03223,0.03238,7623725.0
1738400400000,0.0324,0.03248,0.03187,0.03195,6486904.0
1738404000000,0.03195,0.03249,0.03195,0.03203,14083067.0
1738407600000,0.03203,0.03231,0.03197,0.0323,4899100.0
1738411200000,0.03228,0.03256,0.03222,0.03233,6137658.0
1738414800000,0.03233,0.03238,0.03192,0.03193,3590846.0
1738418400000,0.03195,0.03212,0.03181,0.03182,6062878.0
1738422000000,0.03182,0.03199,0.03159,0.03196,7078555.0
1738425600000,0.03196,0.03208,0.0316,0.03162,4530596.0
1738429200000,0.03163,0.03192,0.03162,0.0318,3337404.0
1738432800000,0.0318,0.03185,0.03147,0.03152,5602498.0
1738436400000,0.03152,0.03152,0.03111,0.03115,5812953.0
1738440000000,0.03114,0.03123,0.0309,0.03109,7874079.0
1738443600000,0.03108,0.03128,0.03092,0.03096,4826630.0
1738447200000,0.03096,0.03105,0.03058,0.03064,8331653.0
1738450800000,0.03064,0.03078,0.03032,0.03043,14332358.0
1738454400000,0.03044,0.03096,0.03036,0.03088,11047243.0
1738458000000,0.03088,0.03099,0.03075,0.03085,3468974.0
1738461600000,0.03086,0.03088,0.03032,0.03033,6242712.0
1738465200000,0.03033,0.03047,0.02957,0.02965,21333960.0
1738468800000,0.02964,0.03005,0.02955,0.02985,6294319.0
1738472400000,0.02986,0.03025,0.02981,0.0302,6378865.0
1738476000000,0.03018,0.03037,0.03013,0.03021,2853149.0
1738479600000,0.03021,0.03022,0.02988,0.02999,2841564.0
1738483200000,0.02999,0.0304,0.02991,0.03027,4352834.0
1738486800000,0.03026,0.0303,0.03007,0.03027,2956406.0
1738490400000,0.03026,0.03026,0.02992,0.03003,3485522.0
1738494000000,0.03004,0.03011,0.02935,0.02945,7552290.0
1738497600000,0.02942,0.02975,0.02932,0.02933,7356010.0
1738501200000,0.02934,0.02978,0.02933,0.02978,7014989.0
1738504800000,0.02978,0.02995,0.02973,0.02976,3185175.0
1738508400000,0.02975,0.02975,0.02935,0.02966,4177450.0
1738512000000,0.02965,0.02968,0.02847,0.02865,24420101.0
1738515600000,0.02865,0.02891,0.02774,0.02798,36030331.0
1738519200000,0.02798,0.02833,0.02734,0.02744,32382286.0
1738522800000,0.02743,0.0283,0.02713,0.02809,29926178.0
1738526400000,0.02809,0.02831,0.02751,0.02752,9801150.0
1738530000000,0.02752,0.02762,0.02698,0.0271,13403490.0
1738533600000,0.02711,0.02755,0.02519,0.02682,51907680.0
1738537200000,0.02682,0.02687,0.02582,0.0268,40945574.0
1738540800000,0.0268,0.02681,0.02482,0.02557,76516012.0
1738544400000,0.02558,0.02575,0.0223,0.02316,148529376.0
1738548000000,0.02317,0.02333,0.021,0.02275,205281650.0
1738551600000,0.02276,0.02396,0.02271,0.02374,38886186.0
1738555200000,0.02376,0.02404,0.0231,0.02312,28398169.0
1738558800000,0.02313,0.02456,0.0231,0.02455,26304123.0
1738562400000,0.02455,0.02486,0.02425,0.02483,20344186.0
1738566000000,0.02484,0.02547,0.02478,0.02542,18745828.0
1738569600000,0.02541,0.02541,0.02462,0.02494,17261612.0
1738573200000,0.02493,0.02523,0.02487,0.02492,20052455.0
1738576800000,0.02492,0.02574,0.02487,0.02573,13068648.0
1738580400000,0.02573,0.02574,0.02526,0.0254,9187440.0
1738584000000,0.02541,0.02595,0.02524,0.02535,14580223.0
1738587600000,0.02535,0.02554,0.02482,0.02523,18766320.0
1738591200000,0.02524,0.02617,0.02446,0.02606,106869263.0
1738594800000,0.02604,0.02689,0.02587,0.02662,50740498.0
1738598400000,0.02662,0.02703,0.02644,0.02675,19382390.0
1738602000000,0.02676,0.02704,0.02654,0.02697,11780286.0
1738605600000,0.02696,0.02707,0.02671,0.02706,8322794.0
1738609200000,0.02707,0.02738,0.02695,0.02733,23860787.0
1738612800000,0.02734,0.02734,0.02674,0.027,12164649.0
1738616400000,0.02699,0.02768,0.02698,0.02765,9343297.0
1738620000000,0.02764,0.02798,0.02753,0.02765,13724959.0
1738623600000,0.02766,0.02771,0.02728,0.02747,8666451.0
1738627200000,0.02746,0.02789,0.02724,0.02729,12146315.0
1738630800000,0.02729,0.02773,0.02725,0.02759,9246324.0
1738634400000,0.02758,0.02762,0.02712,0.02716,8459404.0
1738638000000,0.02717,0.02731,0.02688,0.02703,5341929.0
1738641600000,0.02704,0.02721,0.0268,0.02682,10276310.0
1738645200000,0.02683,0.02684,0.02564,0.02569,50568761.0
1738648800000,0.02571,0.02621,0.02569,0.02619,10383260.0
1738652400000,0.02619,0.02619,0.0253,0.02537,10944896.0
1738656000000,0.02537,0.02572,0.02524,0.0254,11917689.0
1738659600000,0.02539,0.02567,0.02539,0.02545,4527644.0
1738663200000,0.02544,0.02618,0.02543,0.02607,9362984.0
1738666800000,0.02606,0.02646,0.026,0.02611,9069846.0
1738670400000,0.02612,0.02679,0.02612,0.02659,7804225.0
1738674000000,0.02659,0.02684,0.02642,0.02649,9409144.0
1738677600000,0.02649,0.02703,0.02627,0.02686,21132898.0
1738681200000,0.02685,0.02697,0.02617,0.0266,19312900.0
1738684800000,0.0266,0.02697,0.02649,0.02662,9223030.0
1738688400000,0.02663,0.02704,0.02654,0.02673,6720283.0
1738692000000,0.02672,0.02703,0.02661,0.02695,6089913.0
1738695600000,0.02693,0.02747,0.02645,0.02645,14434749.0
1738699200000,0.02646,0.02673,0.02616,0.02626,36134736.0
1738702800000,0.02626,0.02626,0.02554,0.02559,24227498.0
1738706400000,0.02558,0.02606,0.02549,0.02596,13607426.0
1738710000000,0.02595,0.02642,0.02586,0.0261,9007655.0
1738713600000,0.02609,0.02619,0.02584,0.02597,5591828.0
1738717200000,0.02596,0.02635,0.02587,0.02588,6491354.0
1738720800000,0.0259,0.02647,0.02579,0.02632,8972905.0
1738724400000,0.0263,0.02643,0.02613,0.02624,5380790.0
1738728000000,0.02624,0.02632,0.02612,0.02615,3274715.0
1738731600000,0.02615,0.02665,0.02596,0.02657,6737981.0
1738735200000,0.02657,0.0266,0.02617,0.02621,12021451.0
1738738800000,0.02621,0.02646,0.02608,0.02642,4777732.0
1738742400000,0.02642,0.02653,0.02615,0.02637,4500431.0
1738746000000,0.02637,0.02658,0.02613,0.02625,4629384.0
1738749600000,0.02624,0.02656,0.02621,0.02643,3737131.0
1738753200000,0.02644,0.02665,0.02633,0.02634,24558625.0
1738756800000,0.02634,0.02662,0.02625,0.02638,14124215.0
1738760400000,0.02639,0.02664,0.0263,0.02661,3578297.0
1738764000000,0.02661,0.0267,0.02622,0.02628,4957798.0
1738767600000,0.02629,0.02655,0.02594,0.02632,9253634.0
1738771200000,0.02631,0.0264,0.02568,0.02604,12463871.0
1738774800000,0.02605,0.02615,0.02541,0.02553,9619767.0
1738778400000,0.02553,0.02576,0.02533,0.02547,6904331.0
1738782000000,0.02546,0.02609,0.02538,0.02597,6214179.0
1738785600000,0.02599,0.02609,0.02544,0.02574,5900679.0
1738789200000,0.02576,0.0259,0.02559,0.02564,3133908.0
1738792800000,0.02564,0.02575,0.02528,0.02546,4720484.0
1738796400000,0.02545,0.02569,0.02542,0.02566,2705349.0
1738800000000,0.02565,0.02583,0.02556,0.02558,3766536.0
1738803600000,0.02558,0.02588,0.02542,0.02575,5379590.0
1738807200000,0.02575,0.02598,0.02573,0.02591,2822600.0
1738810800000,0.0259,0.0261,0.02572,0.02599,2881905.0
1738814400000,0.02598,0.02604,0.02583,0.02599,2130323.0
1738818000000,0.02597,0.026,0.02581,0.02589,2457905.0
1738821600000,0.02588,0.02616,0.02573,0.02612,2918395.0
1738825200000,0.02613,0.02613,0.02578,0.02581,2734545.0
1738828800000,0.02583,0.02595,0.0257,0.02582,2957811.0
1738832400000,0.02582,0.02621,0.02573,0.02605,5514096.0
1738836000000,0.02604,0.02613,0.02583,0.02606,3564677.0
1738839600000,0.02607,0.02611,0.02562,0.02593,4534714.0
1738843200000,0.02592,0.02596,0.02542,0.02547,5865905.0
1738846800000,0.02548,0.02595,0.02547,0.02579,7869670.0
1738850400000,0.02579,0.02587,0.02497,0.02511,12814689.0
1738854000000,0.02512,0.02527,0.02459,0.02474,17578706.0
1738857600000,0.02476,0.02497,0.02462,0.02479,11711586.0
1738861200000,0.02479,0.02524,0.02467,0.02496,8855102.0
1738864800000,0.02494,0.025,0.02471,0.02473,8940368.0
1738868400000,0.02473,0.02512,0.02456,0.0248,7844756.0
1738872000000,0.02479,0.02523,0.02474,0.02515,3787867.0
1738875600000,0.02515,0.02519,0.02467,0.025,4500285.0
1738879200000,0.02499,0.02499,0.02464,0.02497,4009967.0
1738882800000,0.02497,0.02503,0.02455,0.02478,3041614.0
1738886400000,0.02478,0.02504,0.02467,0.02472,6882434.0
1738890000000,0.02472,0.02523,0.02471,0.02507,5110658.0
1738893600000,0.02505,0.02519,0.02495,0.02508,3667891.0
1738897200000,0.02507,0.02515,0.02483,0.02507,3255536.0
1738900800000,0.02507,0.02525,0.02503,0.0251,2110233.0
1738904400000,0.02508,0.0251,0.02483,0.02494,2472030.0
1738908000000,0.02493,0.02494,0.02449,0.02477,5347573.0
1738911600000,0.02477,0.02517,0.02475,0.02485,4759236.0
1738915200000,0.02484,0.02523,0.02472,0.02504,3746409.0
1738918800000,0.02505,0.02539,0.02501,0.02537,2945660.0
1738922400000,0.02536,0.02547,0.02527,0.02539,3300422.0
1738926000000,0.02539,0.02557,0.02535,0.02544,5130233.0
1738929600000,0.02543,0.02556,0.02522,0.02544,2793133.0
1738933200000,0.02545,0.026,0.02528,0.02596,12096356.0
1738936800000,0.02595,0.02621,0.02583,0.02612,9577554.0
1738940400000,0.02611,0.02611,0.0255,0.02568,17366323.0
1738944000000,0.0257,0.02584,0.0254,0.02551,6620239.0
1738947600000,0.02553,0.02558,0.02509,0.02536,10764495.0
1738951200000,0.02536,0.02578,0.0253,0.02562,4298716.0
1738954800000,0.02562,0.02564,0.02523,0.0253,4880692.0
1738958400000,0.0253,0.02532,0.02461,0.02466,11943574.0
1738962000000,0.02467,0.02496,0.02465,0.02476,7788158.0
1738965600000,0.02477,0.0248,0.02441,0.02474,9676561.0
1738969200000,0.02475,0.02502,0.02466,0.02498,3580221.0
1738972800000,0.02499,0.0252,0.02486,0.02503,5025716.0
1738976400000,0.02503,0.02504,0.02474,0.02474,3201529.0
1738980000000,0.02475,0.02481,0.02458,0.02476,1994287.0
1738983600000,0.02476,0.02488,0.02465,0.02474,2928459.0
1738987200000,0.02473,0.02481,0.02463,0.02472,3563093.0
1738990800000,0.02472,0.02473,0.02455,0.02468,2050014.0
1738994400000,0.02468,0.02491,0.0246,0.02472,4257750.0
1738998000000,0.02472,0.02503,0.02454,0.02486,4275360.0
1739001600000,0.02487,0.02494,0.02469,0.02471,3046835.0
1739005200000,0.02471,0.02496,0.02471,0.02495,2909542.0
1739008800000,0.02495,0.02503,0.02488,0.02498,3390978.0
1739012400000,0.02499,0.02506,0.02487,0.02503,1860588.0
1739016000000,0.02503,0.0251,0.02488,0.025,2513247.0
1739019600000,0.02501,0.02527,0.02498,0.02512,3949707.0
1739023200000,0.02511,0.02544,0.02505,0.0254,2930489.0
1739026800000,0.02541,0.02551,0.02514,0.02532,6231787.0
1739030400000,0.02532,0.02546,0.02516,0.02543,4032765.0
1739034000000,0.02543,0.02578,0.02543,0.02569,3316522.0
1739037600000,0.0257,0.02588,0.0256,0.02588,5375231.0
1739041200000,0.02588,0.026,0.0258,0.02586,3000551.0
1739044800000,0.02586,0.02592,0.02578,0.02585,2397923.0
1739048400000,0.02586,0.02601,0.02581,0.02591,2447542.0
1739052000000,0.02592,0.02599,0.02583,0.02589,1664999.0
1739055600000,0.0259,0.02605,0.0259,0.02592,2143446.0
1739059200000,0.02592,0.026,0.02577,0.0259,3501026.0
1739062800000,0.02589,0.02609,0.02581,0.02591,2466680.0
1739066400000,0.02592,0.02596,0.02576,0.0258,1832163.0
1739070000000,0.0258,0.02646,0.02574,0.02638,7945135.0
1739073600000,0.02637,0.02644,0.02611,0.0264,6337732.0
1739077200000,0.02641,0.02641,0.02616,0.02619,5031691.0
1739080800000,0.0262,0.02639,0.02611,0.02634,3805539.0
1739084400000,0.02634,0.0265,0.02625,0.02649,4971372.0
1739088000000,0.02649,0.02674,0.02644,0.02667,5413386.0
1739091600000,0.02667,0.0267,0.02647,0.02653,3619200.0
1739095200000,0.02651,0.02653,0.02631,0.02632,7426434.0
1739098800000,0.02632,0.02639,0.02614,0.02617,5453096.0
1739102400000,0.02618,0.02633,0.02607,0.02619,4976123.0
1739106000000,0.02619,0.02623,0.02579,0.02583,10565330.0
1739109600000,0.02585,0.02604,0.0258,0.02589,2965634.0
1739113200000,0.02588,0.02622,0.02588,0.02619,2341222.0
1739116800000,0.02618,0.02628,0.02612,0.02621,3258133.0
1739120400000,0.02621,0.02625,0.02597,0.02611,3045816.0
1739124000000,0.02609,0.02615,0.02599,0.02601,1617103.0
1739127600000,0.02603,0.02611,0.0257,0.02574,4369053.0
1739131200000,0.02576,0.02604,0.02573,0.02591,4501723.0
1739134800000,0.02591,0.02594,0.02494,0.02512,13389733.0
1739138400000,0.02511,0.02585,0.02488,0.02566,10439520.0
1739142000000,0.02565,0.02596,0.02558,0.02578,3788232.0
1739145600000,0.02578,0.02617,0.02578,0.02602,4874404.0
1739149200000,0.02602,0.02603,0.02522,0.0253,8097997.0
1739152800000,0.02529,0.02545,0.0251,0.0253,7160248.0
1739156400000,0.02531,0.026,0.02523,0.02575,7140961.0
1739160000000,0.02576,0.02601,0.02565,0.02577,2235743.0
1739163600000,0.02578,0.0262,0.02569,0.026,4252339.0
1739167200000,0.026,0.02606,0.02587,0.02599,1424297.0
1739170800000,0.02598,0.02607,0.02587,0.02599,3251574.0
1739174400000,0.02598,0.02629,0.02594,0.02621,4440816.0
1739178000000,0.02621,0.0263,0.02609,0.0262,3141976.0
1739181600000,0.0262,0.02623,0.02601,0.02608,2385013.0
1739185200000,0.02609,0.02621,0.02602,0.02613,1674980.0
1739188800000,0.02612,0.0262,0.02592,0.02598,1941675.0
1739192400000,0.026,0.02655,0.02598,0.02646,3024201.0
1739196000000,0.02648,0.02657,0.0261,0.02619,6280869.0
1739199600000,0.02618,0.02629,0.02598,0.02615,3613526.0
1739203200000,0.02616,0.02635,0.02614,0.02629,3659336.0
1739206800000,0.02629,0.02641,0.02617,0.02641,2607552.0
1739210400000,0.0264,0.02646,0.02627,0.02645,2545506.0
1739214000000,0.02643,0.02648,0.02621,0.02629,2066519.0
1739217600000,0.02629,0.02663,0.02629,0.02658,3861496.0
1739221200000,0.02657,0.02657,0.02637,0.02642,2262053.0
1739224800000,0.02642,0.02652,0.02631,0.02634,2752294.0
1739228400000,0.02634,0.02644,0.02629,0.02642,1389077.0
1739232000000,0.02642,0.0267,0.02637,0.02657,4288938.0
1739235600000,0.02657,0.02671,0.02652,0.02664,4129035.0
1739239200000,0.02664,0.02669,0.02637,0.02647,3685256.0
1739242800000,0.02647,0.02661,0.02639,0.0266,2742871.0
1739246400000,0.0266,0.02699,0.02654,0.02697,5284101.0
1739250000000,0.02697,0.02718,0.02683,0.02716,4096014.0
1739253600000,0.02716,0.02732,0.02697,0.02729,4219406.0
1739257200000,0.02729,0.0273,0.02701,0.02704,4885680.0
1739260800000,0.02704,0.02709,0.02693,0.02701,2970989.0
1739264400000,0.02701,0.02704,0.02677,0.02685,3924217.0
1739268000000,0.02684,0.02689,0.02669,0.02682,4325413.0
1739271600000,0.02682,0.02694,0.02671,0.0269,3614980.0
1739275200000,0.0269,0.02693,0.02654,0.02668,7927441.0
1739278800000,0.02668,0.02676,0.02619,0.02624,9760167.0
1739282400000,0.02623,0.02653,0.02619,0.02638,4445362.0
1739286000000,0.02638,0.02659,0.02621,0.02634,2976928.0
1739289600000,0.02634,0.02648,0.02621,0.02636,3438605.0
1739293200000,0.02636,0.02642,0.0262,0.02637,7068889.0
1739296800000,0.02637,0.02638,0.02594,0.02598,5453653.0
1739300400000,0.02599,0.02607,0.02566,0.02574,11727148.0
1739304000000,0.02573,0.02594,0.02566,0.02584,5273575.0
1739307600000,0.02583,0.02627,0.02581,0.02612,5697212.0
1739311200000,0.02611,0.02635,0.02592,0.02602,3879548.0
1739314800000,0.02603,0.02613,0.02593,0.02598,3826122.0
1739318400000,0.02599,0.0261,0.02574,0.02603,6181114.0
1739322000000,0.02603,0.02612,0.0258,0.02609,4726754.0
1739325600000,0.0261,0.0261,0.02566,0.0258,3156052.0
1739329200000,0.0258,0.02587,0.02561,0.02569,2961672.0
1739332800000,0.0257,0.02581,0.02548,0.02563,4915619.0
1739336400000,0.02563,0.02585,0.02553,0.02567,6592950.0
1739340000000,0.02567,0.02573,0.02543,0.0255,3150495.0
1739343600000,0.02549,0.02578,0.02547,0.02571,2700557.0
1739347200000,0.02571,0.02618,0.02569,0.02599,8003327.0
1739350800000,0.02599,0.02603,0.02578,0.02596,2685837.0
1739354400000,0.02596,0.02601,0.02572,0.02585,2630839.0
1739358000000,0.02585,0.02611,0.02585,0.02594,2063308.0
1739361600000,0.02594,0.02621,0.02593,0.02597,2634520.0
1739365200000,0.02597,0.02638,0.0251,0.02565,40117662.0
1739368800000,0.02564,0.02571,0.02516,0.02566,8277428.0
1739372400000,0.02567,0.02581,0.02543,0.02571,10738952.0
1739376000000,0.02571,0.02636,0.02559,0.02633,10460494.0
1739379600000,0.02633,0.02667,0.02631,0.02654,7558447.0
1739383200000,0.02654,0.02656,0.02629,0.02635,4545319.0
1739386800000,0.02635,0.02651,0.02619,0.02641,3632257.0
1739390400000,0.02641,0.02658,0.02635,0.02638,3286579.0
1739394000000,0.02639,0.02668,0.02632,0.02653,3588331.0
1739397600000,0.02653,0.02711,0.02648,0.02688,9994486.0
1739401200000,0.02688,0.02697,0.0267,0.02692,3889934.0
1739404800000,0.02693,0.02701,0.02663,0.02681,4429461.0
1739408400000,0.02682,0.02705,0.02678,0.02699,2580888.0
1739412000000,0.027,0.02702,0.02668,0.02674,1978957.0
1739415600000,0.02674,0.02682,0.02667,0.02676,2622752.0
1739419200000,0.02677,0.02679,0.02649,0.02658,3161606.0
1739422800000,0.02658,0.02665,0.02648,0.02655,4129819.0
1739426400000,0.02656,0.02659,0.0262,0.02626,5522857.0
1739430000000,0.02625,0.02642,0.02616,0.02627,2994078.0
1739433600000,0.02628,0.02639,0.02607,0.02609,4400144.0
1739437200000,0.02609,0.02623,0.026,0.0262,2336283.0
1739440800000,0.02621,0.02622,0.02605,0.02617,1174086.0
1739444400000,0.02618,0.02624,0.02599,0.02613,3180873.0
1739448000000,0.02614,0.02626,0.02605,0.0261,4294639.0
1739451600000,0.02612,0.02647,0.02597,0.0263,10178731.0
1739455200000,0.02629,0.02633,0.02592,0.02611,9020359.0
1739458800000,0.02609,0.02648,0.02589,0.02631,7319079.0
1739462400000,0.0263,0.02631,0.02591,0.026,4461880.0
1739466000000,0.02599,0.02626,0.02598,0.02602,2034459.0
1739469600000,0.02602,0.02624,0.02588,0.02624,3029521.0
1739473200000,0.02625,0.02635,0.02601,0.0261,3825843.0
1739476800000,0.0261,0.02633,0.02609,0.02624,1237284.0
1739480400000,0.02623,0.02655,0.02619,0.02638,4413920.0
1739484000000,0.02638,0.02652,0.02631,0.02631,2717745.0
1739487600000,0.02632,0.02651,0.02627,0.02648,1400849.0
1739491200000,0.02649,0.0267,0.02649,0.02661,3640624.0
1739494800000,0.02662,0.02667,0.0264,0.02659,3009381.0
1739498400000,0.02661,0.02669,0.02652,0.02654,3492159.0
1739502000000,0.02655,0.02672,0.02653,0.02668,2251673.0
1739505600000,0.02669,0.02676,0.02641,0.02647,2913999.0
1739509200000,0.02649,0.02654,0.02634,0.02643,1874059.0
1739512800000,0.02643,0.02648,0.02627,0.02638,3516772.0
1739516400000,0.02639,0.02654,0.02639,0.02649,1331144.0
1739520000000,0.02649,0.02678,0.02646,0.02661,2776070.0
1739523600000,0.02661,0.02695,0.02657,0.02691,3904247.0
1739527200000,0.0269,0.02699,0.02677,0.02683,6484810.0
1739530800000,0.02682,0.02689,0.02651,0.02659,4738281.0
1739534400000,0.0266,0.02664,0.02642,0.02649,2428511.0
1739538000000,0.02649,0.02678,0.02646,0.02671,5254949.0
1739541600000,0.02672,0.02712,0.02668,0.02705,4393408.0
1739545200000,0.02705,0.02709,0.02658,0.02689,4630471.0
1739548800000,0.02689,0.02712,0.0267,0.02712,3236157.0
1739552400000,0.02711,0.02732,0.02696,0.02721,7452586.0
1739556000000,0.02723,0.02736,0.02712,0.02727,7721798.0
1739559600000,0.02727,0.02744,0.02704,0.02715,3203973.0
1739563200000,0.02715,0.02718,0.02678,0.02684,2784764.0
1739566800000,0.02684,0.02697,0.02664,0.02694,4676967.0
1739570400000,0.02694,0.027,0.02645,0.02665,5456389.0
1739574000000,0.02664,0.02686,0.02658,0.02683,2924477.0
1739577600000,0.02685,0.02693,0.02666,0.02679,4089841.0
1739581200000,0.02677,0.02694,0.02668,0.02693,2271502.0
1739584800000,0.02693,0.02696,0.02671,0.02687,2591222.0
1739588400000,0.02687,0.02704,0.02687,0.0269,3880985.0
1739592000000,0.0269,0.02694,0.02665,0.02674,6756754.0
1739595600000,0.02674,0.02684,0.02671,0.02676,1027844.0
1739599200000,0.02677,0.02683,0.0265,0.02655,5154124.0
1739602800000,0.02654,0.02667,0.0265,0.02656,1957699.0
1739606400000,0.02656,0.02672,0.02655,0.02661,1134110.0
1739610000000,0.02661,0.02668,0.02649,0.02664,2003173.0
1739613600000,0.02664,0.0267,0.02652,0.02668,1170140.0
1739617200000,0.02668,0.02671,0.02644,0.02659,2152005.0
1739620800000,0.02659,0.02673,0.02655,0.02669,1679554.0
1739624400000,0.02669,0.02676,0.02659,0.02666,1730364.0
1739628000000,0.02667,0.02668,0.02624,0.02639,6061513.0
1739631600000,0.0264,0.02654,0.02633,0.0264,2598539.0
1739635200000,0.0264,0.02652,0.02624,0.02632,5519736.0
1739638800000,0.02632,0.02638,0.02611,0.02616,4718436.0
1739642400000,0.02617,0.02642,0.02616,0.02636,2316056.0
1739646000000,0.02636,0.02638,0.02619,0.0262,1232625.0
1739649600000,0.02621,0.02628,0.02605,0.02616,1629680.0
1739653200000,0.02617,0.02627,0.02614,0.02624,2716009.0
1739656800000,0.02625,0.02626,0.02606,0.02619,1708218.0
1739660400000,0.02619,0.02633,0.02615,0.02626,1059006.0
1739664000000,0.02625,0.02636,0.02618,0.02619,3009843.0
1739667600000,0.0262,0.02622,0.0261,0.02619,1518293.0
1739671200000,0.02618,0.02619,0.02594,0.02605,3233721.0
1739674800000,0.02604,0.0261,0.02594,0.02607,2012270.0
1739678400000,0.02607,0.02617,0.02602,0.02614,1191729.0
1739682000000,0.02614,0.02627,0.02597,0.02614,3214669.0
1739685600000,0.02614,0.02638,0.0261,0.02633,4410419.0
1739689200000,0.02632,0.02632,0.02602,0.02627,11290422.0
1739692800000,0.02626,0.02678,0.02618,0.02671,15355819.0
1739696400000,0.02672,0.02724,0.02669,0.02683,39179473.0
1739700000000,0.02683,0.02715,0.02678,0.02695,12630700.0
1739703600000,0.02695,0.0272,0.02694,0.02718,8895907.0
1739707200000,0.02718,0.02721,0.02697,0.02699,6765806.0
1739710800000,0.027,0.02704,0.02662,0.0269,10630482.0
1739714400000,0.02688,0.02843,0.02634,0.02645,185532288.0
1739718000000,0.02645,0.02679,0.02638,0.0264,35348537.0
1739721600000,0.02639,0.02641,0.02598,0.02631,30481951.0
1739725200000,0.02631,0.0265,0.02615,0.02624,9229296.0
1739728800000,0.02622,0.02627,0.026,0.02613,6814975.0
1739732400000,0.02613,0.0264,0.02599,0.02634,6242604.0
1739736000000,0.02634,0.0264,0.0262,0.02623,3483611.0
1739739600000,0.02621,0.02651,0.02619,0.02649,4043343.0
1739743200000,0.0265,0.0265,0.02614,0.02648,4914497.0
1739746800000,0.02648,0.02649,0.02615,0.0264,6575035.0
1739750400000,0.0264,0.02646,0.02627,0.02637,4694155.0
1739754000000,0.02638,0.02663,0.02638,0.02659,4415098.0
1739757600000,0.02658,0.02668,0.02639,0.02645,3295461.0
1739761200000,0.02644,0.02651,0.02629,0.0265,3065877.0
1739764800000,0.0265,0.0265,0.02618,0.02618,3033240.0
1739768400000,0.0262,0.02632,0.02582,0.02632,12027949.0
1739772000000,0.02633,0.02649,0.02623,0.02642,5087934.0
1739775600000,0.02642,0.02652,0.02613,0.02624,7588016.0
1739779200000,0.02623,0.02647,0.02614,0.02637,8297679.0
1739782800000,0.02638,0.02658,0.02634,0.02655,4322715.0
1739786400000,0.02656,0.02672,0.0265,0.02663,3831209.0
1739790000000,0.02662,0.02674,0.02652,0.02673,3632035.0
1739793600000,0.02672,0.02684,0.02666,0.0268,4463215.0
1739797200000,0.02679,0.02688,0.02671,0.0268,4863117.0
1739800800000,0.02681,0.02713,0.02679,0.02702,8288320.0
1739804400000,0.02703,0.02711,0.02639,0.02648,8018858.0
1739808000000,0.02647,0.02659,0.026,0.026,9775258.0
1739811600000,0.02601,0.02634,0.02597,0.02607,6788137.0
1739815200000,0.02607,0.02624,0.02569,0.02576,7735567.0
1739818800000,0.02575,0.02607,0.02565,0.026,4345598.0
1739822400000,0.02599,0.02623,0.02597,0.02614,3326204.0
1739826000000,0.02613,0.02643,0.02612,0.02642,4199407.0
1739829600000,0.02641,0.02644,0.02613,0.02619,1874082.0
1739833200000,0.0262,0.02636,0.02615,0.02622,1460038.0
1739836800000,0.02621,0.02632,0.02587,0.02601,4772316.0
1739840400000,0.02601,0.02722,0.02598,0.02717,46195767.0
1739844000000,0.02717,0.02795,0.0259,0.02597,91418179.0
1739847600000,0.02597,0.02626,0.02589,0.02621,8372711.0
1739851200000,0.02622,0.02633,0.02604,0.02618,8734065.0
1739854800000,0.02619,0.02628,0.02581,0.02583,9505802.0
1739858400000,0.02584,0.02584,0.02522,0.02525,13621523.0
1739862000000,0.02525,0.02558,0.02524,0.0254,5820230.0
1739865600000,0.02541,0.02556,0.02518,0.02526,7120797.0
1739869200000,0.02526,0.02565,0.0251,0.02563,8860216.0
1739872800000,0.02564,0.02569,0.0255,0.02553,4154074.0
1739876400000,0.02552,0.02567,0.02547,0.0256,1897516.0
1739880000000,0.02559,0.02595,0.02554,0.02592,4173868.0
1739883600000,0.02591,0.026,0.02585,0.0259,2790535.0
1739887200000,0.0259,0.02607,0.02551,0.02563,7419753.0
1739890800000,0.02563,0.02571,0.02501,0.02519,39745899.0
1739894400000,0.02519,0.02536,0.02476,0.02487,17205507.0
1739898000000,0.02487,0.02515,0.02482,0.025,17041539.0
1739901600000,0.02501,0.0253,0.02494,0.02516,4346767.0
1739905200000,0.02515,0.02525,0.02486,0.02514,17806647.0
1739908800000,0.02514,0.02522,0.02499,0.02513,2236734.0
1739912400000,0.02514,0.0254,0.02512,0.02531,3191551.0
1739916000000,0.02531,0.02548,0.02525,0.0254,2391629.0
1739919600000,0.0254,0.0256,0.02533,0.0256,2225302.0
1739923200000,0.0256,0.0257,0.02554,0.02558,3284902.0
1739926800000,0.02558,0.02559,0.02532,0.02543,2961498.0
1739930400000,0.02543,0.0257,0.02542,0.02564,3218208.0
1739934000000,0.02563,0.02568,0.02546,0.02565,3791423.0
1739937600000,0.02565,0.02568,0.0254,0.02542,1825731.0
1739941200000,0.0254,0.02564,0.02536,0.02563,2699886.0
1739944800000,0.02564,0.02579,0.02559,0.02572,2743066.0
1739948400000,0.02571,0.02593,0.02568,0.02583,2038717.0
1739952000000,0.02583,0.02596,0.02577,0.02579,3279131.0
1739955600000,0.0258,0.02598,0.02579,0.02595,2501252.0
1739959200000,0.02595,0.0261,0.02577,0.02592,12858984.0
1739962800000,0.02591,0.02598,0.02586,0.02595,3482330.0
1739966400000,0.02595,0.02599,0.02568,0.02568,4988095.0
1739970000000,0.02568,0.02592,0.02568,0.02579,3411009.0
1739973600000,0.0258,0.02595,0.02545,0.02548,4080653.0
1739977200000,0.02548,0.02571,0.02544,0.02554,4857455.0
1739980800000,0.02555,0.02584,0.02555,0.02575,2282695.0
1739984400000,0.02575,0.02587,0.02563,0.02572,3259172.0
1739988000000,0.02572,0.02575,0.02557,0.02559,1665619.0
1739991600000,0.02559,0.02582,0.0255,0.02573,2577747.0
1739995200000,0.02573,0.02583,0.02563,0.02565,2132197.0
1739998800000,0.02566,0.02575,0.02554,0.02559,1516572.0
1740002400000,0.02559,0.02582,0.02552,0.02577,2458632.0
1740006000000,0.02577,0.02588,0.02573,0.02579,2590728.0
1740009600000,0.02578,0.02592,0.02566,0.0259,8266430.0
1740013200000,0.0259,0.02596,0.02568,0.02579,5213746.0
1740016800000,0.02579,0.02603,0.02577,0.02599,4907041.0
1740020400000,0.02599,0.02609,0.0259,0.02602,2249132.0
1740024000000,0.02603,0.02613,0.02599,0.02603,2938147.0
1740027600000,0.02604,0.02608,0.0259,0.02593,2408626.0
1740031200000,0.02593,0.02598,0.0258,0.02582,2235380.0
1740034800000,0.02582,0.02584,0.02559,0.0257,4517594.0
1740038400000,0.02569,0.02579,0.02558,0.02575,4253900.0
1740042000000,0.02575,0.02576,0.02565,0.02566,1579577.0
1740045600000,0.02566,0.0259,0.02561,0.02586,2998621.0
1740049200000,0.02585,0.02586,0.02572,0.02581,2794313.0
1740052800000,0.0258,0.02598,0.0258,0.02586,4149626.0
1740056400000,0.02585,0.02597,0.02577,0.02597,2782135.0
1740060000000,0.02597,0.0262,0.02582,0.02589,6805251.0
1740063600000,0.02588,0.02597,0.02571,0.02575,4141533.0
1740067200000,0.02575,0.02602,0.02571,0.02588,3740845.0
1740070800000,0.02588,0.02605,0.02587,0.026,2111679.0
1740074400000,0.02599,0.02615,0.02596,0.02604,3168200.0
1740078000000,0.02604,0.0262,0.02603,0.02616,2893162.0
1740081600000,0.02616,0.02628,0.02611,0.0262,3515860.0
1740085200000,0.0262,0.02621,0.02603,0.02611,2530599.0
1740088800000,0.02611,0.0263,0.02609,0.02627,2516693.0
1740092400000,0.02627,0.02644,0.02626,0.02629,6214664.0
1740096000000,0.02629,0.02641,0.02611,0.0262,3518796.0
1740099600000,0.02619,0.0262,0.02602,0.02618,2359577.0
1740103200000,0.02618,0.02629,0.02609,0.02617,3359788.0
1740106800000,0.02617,0.02632,0.0261,0.02612,2384074.0
1740110400000,0.02612,0.02629,0.02612,0.02626,3382600.0
1740114000000,0.02627,0.0263,0.02615,0.02619,2608868.0
1740117600000,0.02619,0.02625,0.02615,0.02621,1276824.0
1740121200000,0.02621,0.0263,0.02616,0.02619,1965845.0
1740124800000,0.02619,0.02633,0.02616,0.02628,1788711.0
1740128400000,0.02629,0.02675,0.02629,0.02666,10180575.0
1740132000000,0.02666,0.02691,0.02663,0.0268,8112922.0
1740135600000,0.02681,0.02686,0.02662,0.02674,4298451.0
1740139200000,0.02675,0.02697,0.02672,0.02694,3052784.0
1740142800000,0.02696,0.02718,0.02694,0.02709,4257555.0
1740146400000,0.02709,0.02711,0.02666,0.0268,5187627.0
1740150000000,0.02679,0.02692,0.02591,0.02619,20604453.0
1740153600000,0.0262,0.02666,0.02611,0.02638,8502646.0
1740157200000,0.02638,0.0265,0.02579,0.0258,10092646.0
1740160800000,0.02581,0.02597,0.02572,0.02583,4317545.0
1740164400000,0.02583,0.02594,0.02521,0.02532,12373845.0
1740168000000,0.02531,0.02553,0.02523,0.02531,6843513.0
1740171600000,0.02531,0.02535,0.02505,0.02516,8848557.0
1740175200000,0.02515,0.02534,0.02506,0.02528,5694826.0
1740178800000,0.02527,0.02533,0.0252,0.0253,3995316.0
1740182400000,0.0253,0.02553,0.02518,0.0255,6021031.0
1740186000000,0.02549,0.02559,0.02546,0.02554,3676193.0
1740189600000,0.02556,0.02556,0.02538,0.02547,1668598.0
1740193200000,0.02548,0.02615,0.02545,0.02614,11614539.0
1740196800000,0.02614,0.02632,0.02609,0.02627,9458768.0
1740200400000,0.02628,0.02655,0.02617,0.02621,9067534.0
1740204000000,0.02621,0.02625,0.02604,0.02607,8824663.0
1740207600000,0.02607,0.02616,0.02597,0.026,5656583.0
1740211200000,0.026,0.02604,0.02579,0.02579,3993704.0
1740214800000,0.0258,0.02593,0.02577,0.02588,2517213.0
1740218400000,0.02589,0.02598,0.02577,0.02583,3062586.0
1740222000000,0.02583,0.02599,0.02582,0.02594,2281041.0
1740225600000,0.02594,0.02611,0.02591,0.0261,3059186.0
1740229200000,0.0261,0.02614,0.02587,0.02592,2441520.0
1740232800000,0.02592,0.02602,0.02591,0.02595,1346347.0
1740236400000,0.02595,0.02614,0.02595,0.0261,2288471.0
1740240000000,0.0261,0.02628,0.02609,0.02613,6026333.0
1740243600000,0.02614,0.02631,0.02611,0.02625,2739170.0
1740247200000,0.02625,0.02632,0.02608,0.02614,2347372.0
1740250800000,0.02614,0.02627,0.02607,0.02622,1918295.0
1740254400000,0.02622,0.02623,0.02604,0.02612,1730998.0
1740258000000,0.02613,0.0262,0.02606,0.02619,1048802.0
1740261600000,0.02619,0.02633,0.02615,0.02629,2890247.0
1740265200000,0.02629,0.02641,0.02627,0.02639,1662445.0
1740268800000,0.02639,0.02647,0.02623,0.02632,4279496.0
1740272400000,0.02632,0.0264,0.02608,0.02623,3655432.0
1740276000000,0.02623,0.02639,0.02616,0.02626,3256219.0
1740279600000,0.02626,0.02648,0.0262,0.0264,2338149.0
1740283200000,0.02641,0.02654,0.0263,0.02641,6047173.0
1740286800000,0.0264,0.02647,0.0263,0.02632,5008893.0
1740290400000,0.02632,0.02647,0.02623,0.02643,2421764.0
1740294000000,0.02643,0.02662,0.0264,0.02659,2258123.0
1740297600000,0.02659,0.02707,0.02651,0.027,17660744.0
1740301200000,0.027,0.02704,0.02673,0.02689,10483826.0
1740304800000,0.02689,0.02693,0.0266,0.02665,6715754.0
1740308400000,0.02666,0.02678,0.02652,0.02657,2760832.0
1740312000000,0.02657,0.02657,0.02619,0.02625,5717831.0
1740315600000,0.02626,0.02648,0.02625,0.02638,4873689.0
1740319200000,0.02639,0.02647,0.02616,0.02621,3419174.0
1740322800000,0.02621,0.02631,0.02593,0.02599,4712558.0
1740326400000,0.02599,0.02611,0.02594,0.02595,4218522.0
1740330000000,0.02596,0.02624,0.02595,0.02624,4127155.0
1740333600000,0.02622,0.0263,0.02616,0.02619,2734642.0
1740337200000,0.0262,0.02631,0.02619,0.02627,3292991.0
1740340800000,0.02627,0.0264,0.02606,0.02612,4565872.0
1740344400000,0.02611,0.0262,0.02605,0.02619,1538945.0
1740348000000,0.02618,0.0262,0.02599,0.02612,1970914.0
1740351600000,0.02612,0.02637,0.02612,0.0262,3611392.0
1740355200000,0.0262,0.02633,0.02602,0.02606,4112760.0
1740358800000,0.02606,0.02607,0.02565,0.02568,10317256.0
1740362400000,0.02568,0.02581,0.02556,0.02562,7318015.0
1740366000000,0.02563,0.02567,0.02531,0.02538,9741174.0
1740369600000,0.02539,0.02542,0.02501,0.02516,14862784.0
1740373200000,0.02516,0.02543,0.02511,0.0254,4297733.0
1740376800000,0.02541,0.02542,0.02529,0.02534,2590947.0
1740380400000,0.02534,0.02545,0.02532,0.02535,3102237.0
1740384000000,0.02536,0.02537,0.02493,0.02498,8728466.0
1740387600000,0.02499,0.02534,0.02498,0.02516,4192087.0
1740391200000,0.02516,0.0252,0.02481,0.02498,6250636.0
1740394800000,0.02499,0.02523,0.0249,0.02518,3522927.0
1740398400000,0.02519,0.02524,0.02506,0.02515,2519886.0
1740402000000,0.02515,0.02543,0.02502,0.02511,6729456.0
1740405600000,0.02511,0.02517,0.02461,0.02469,8050958.0
1740409200000,0.02469,0.02499,0.02456,0.02492,10804666.0
1740412800000,0.02492,0.02508,0.02486,0.02487,4478599.0
1740416400000,0.02487,0.02516,0.02485,0.02499,3256605.0
1740420000000,0.02499,0.02505,0.02478,0.02479,2604725.0
1740423600000,0.02479,0.02493,0.02443,0.02463,10902089.0
1740427200000,0.02464,0.0249,0.02455,0.02468,5892090.0
1740430800000,0.02467,0.02488,0.02449,0.02454,5497008.0
1740434400000,0.02456,0.02456,0.02337,0.02366,52617772.0
1740438000000,0.02367,0.02401,0.02359,0.02367,12441282.0
1740441600000,0.02367,0.02374,0.02294,0.02338,19909247.0
1740445200000,0.02338,0.02353,0.02297,0.02326,8843954.0
1740448800000,0.02326,0.0236,0.02303,0.02353,7324839.0
1740452400000,0.02353,0.02361,0.02326,0.02335,8936632.0
1740456000000,0.02336,0.02343,0.02301,0.02312,9078844.0
1740459600000,0.02312,0.02348,0.02304,0.02346,5290513.0
1740463200000,0.02345,0.02352,0.02299,0.02303,4442253.0
1740466800000,0.02303,0.02307,0.022,0.02255,54300849.0
1740470400000,0.02254,0.02286,0.0224,0.02266,12158232.0
1740474000000,0.02266,0.02275,0.02233,0.02244,5951512.0
1740477600000,0.02244,0.02278,0.02204,0.02265,17575792.0
1740481200000,0.02264,0.02322,0.02236,0.02318,10055388.0
1740484800000,0.02317,0.02332,0.023,0.02324,7929816.0
1740488400000,0.02326,0.02329,0.02296,0.02301,6226487.0
1740492000000,0.02302,0.02327,0.02262,0.02273,10367575.0
1740495600000,0.02272,0.02333,0.02259,0.02316,14197764.0
1740499200000,0.02317,0.02355,0.023,0.02336,8673569.0
1740502800000,0.02335,0.02352,0.02324,0.02331,4999134.0
1740506400000,0.02332,0.02347,0.02312,0.02328,3594815.0
1740510000000,0.02329,0.02358,0.02313,0.02355,4658652.0
1740513600000,0.02355,0.02389,0.02345,0.02371,4969594.0
1740517200000,0.02371,0.02382,0.02356,0.0238,7052777.0
1740520800000,0.0238,0.02399,0.02371,0.02382,5917082.0
1740524400000,0.02383,0.02393,0.02355,0.02358,6841568.0
1740528000000,0.0236,0.02365,0.02323,0.02325,9756262.0
1740531600000,0.02324,0.02347,0.02322,0.02343,4141780.0
1740535200000,0.02343,0.02368,0.02326,0.02363,3312209.0
1740538800000,0.02363,0.02368,0.02355,0.02355,2565910.0
1740542400000,0.02357,0.02371,0.0235,0.02351,2864798.0
1740546000000,0.02351,0.02356,0.02339,0.0234,6013794.0
1740549600000,0.0234,0.02357,0.0234,0.02356,2674621.0
1740553200000,0.02357,0.02369,0.0234,0.02356,3292305.0
1740556800000,0.02356,0.02361,0.02334,0.02353,7272098.0
1740560400000,0.02353,0.02384,0.0235,0.02383,6807329.0
1740564000000,0.02383,0.02384,0.02366,0.02381,2895869.0
1740567600000,0.02381,0.02384,0.02347,0.02349,7014584.0
1740571200000,0.0235,0.02356,0.02318,0.02333,8216394.0
1740574800000,0.02333,0.02352,0.02331,0.02339,6915184.0
1740578400000,0.02339,0.02378,0.02305,0.02374,18472416.0
1740582000000,0.02373,0.02403,0.02373,0.02385,11717079.0
1740585600000,0.02386,0.02393,0.02349,0.02372,8025940.0
1740589200000,0.02374,0.02381,0.02318,0.02328,9680817.0
1740592800000,0.02329,0.02348,0.02277,0.02287,32190726.0
1740596400000,0.02287,0.0232,0.02278,0.02298,11153758.0
1740600000000,0.02299,0.02351,0.0227,0.02347,11401494.0
1740603600000,0.02347,0.02367,0.02328,0.02356,11128022.0
1740607200000,0.02357,0.02387,0.02356,0.02364,6835514.0
1740610800000,0.02364,0.02372,0.02338,0.0235,3536298.0
1740614400000,0.0235,0.02358,0.02323,0.02343,4153238.0
1740618000000,0.02342,0.02377,0.02326,0.02355,5552472.0
1740621600000,0.02355,0.02382,0.0235,0.02356,3545459.0
1740625200000,0.02357,0.02384,0.02353,0.02378,2039818.0
1740628800000,0.02378,0.02386,0.02364,0.02377,5024376.0
1740632400000,0.02377,0.02409,0.02377,0.02409,4285971.0
1740636000000,0.02409,0.02432,0.02402,0.0242,8352436.0
1740639600000,0.02419,0.02426,0.0238,0.02381,27553778.0
1740643200000,0.02382,0.0239,0.02376,0.0238,7331798.0
1740646800000,0.0238,0.0239,0.02374,0.0238,2869434.0
1740650400000,0.02381,0.02406,0.02378,0.02403,3104912.0
1740654000000,0.02404,0.02405,0.02381,0.02387,2647772.0
1740657600000,0.02388,0.02392,0.02372,0.02373,2252013.0
1740661200000,0.02373,0.02381,0.02352,0.0236,5271498.0
1740664800000,0.02361,0.02375,0.02333,0.02335,6367320.0
1740668400000,0.02334,0.02353,0.02317,0.02342,6307930.0
1740672000000,0.02341,0.02354,0.02319,0.02319,2982376.0
1740675600000,0.0232,0.02339,0.02318,0.02339,2749657.0
1740679200000,0.02339,0.02352,0.02336,0.02338,2788941.0
1740682800000,0.02339,0.02345,0.02318,0.02329,6800040.0
1740686400000,0.0233,0.02332,0.02287,0.02304,10167628.0
1740690000000,0.02303,0.02333,0.02286,0.02331,4974237.0
1740693600000,0.02331,0.02349,0.02319,0.02349,4247585.0
1740697200000,0.02348,0.02361,0.02341,0.02357,2807356.0
1740700800000,0.02355,0.02356,0.02331,0.02335,3390730.0
1740704400000,0.02334,0.02343,0.02251,0.02258,30086535.0
1740708000000,0.02257,0.02277,0.02206,0.02231,26614909.0
1740711600000,0.02232,0.02255,0.02192,0.02195,13620869.0
1740715200000,0.02197,0.02214,0.02169,0.02203,26489131.0
1740718800000,0.02203,0.02212,0.02184,0.02211,8510537.0
1740722400000,0.02212,0.0222,0.02171,0.02194,12276721.0
1740726000000,0.02193,0.02226,0.0219,0.02203,7611008.0
1740729600000,0.02203,0.02214,0.0216,0.02201,14945861.0
1740733200000,0.02202,0.02229,0.02196,0.02225,9251288.0
1740736800000,0.02225,0.02229,0.02195,0.02201,3330791.0
1740740400000,0.02202,0.02231,0.02199,0.02218,4351763.0
1740744000000,0.02216,0.02229,0.02207,0.02226,4881261.0
1740747600000,0.02226,0.02273,0.02219,0.02257,20144741.0
1740751200000,0.02256,0.02279,0.02243,0.02266,8918056.0
1740754800000,0.02266,0.02312,0.02265,0.023,6876256.0
1740758400000,0.02301,0.02334,0.02291,0.0232,8131089.0
1740762000000,0.0232,0.02325,0.02308,0.02312,4160655.0
1740765600000,0.02313,0.02338,0.02305,0.02324,6255215.0
1740769200000,0.02324,0.0233,0.02315,0.02318,4899987.0
1740772800000,0.02319,0.02325,0.02301,0.02314,3138689.0
1740776400000,0.02315,0.02338,0.02312,0.02328,4379810.0
1740780000000,0.0233,0.02335,0.02313,0.0232,1877282.0
1740783600000,0.0232,0.02324,0.02314,0.0232,2218799.0
1740787200000,0.02321,0.02329,0.02297,0.023,3924314.0
1740790800000,0.023,0.02334,0.02298,0.02331,3944373.0
1740794400000,0.02329,0.02339,0.02317,0.02331,8289397.0
1740798000000,0.02331,0.02334,0.02317,0.02319,2686225.0
1740801600000,0.0232,0.02337,0.02317,0.02325,4567319.0
1740805200000,0.02324,0.02327,0.02313,0.02316,3015498.0
1740808800000,0.02317,0.02324,0.02286,0.023,7861457.0
1740812400000,0.02301,0.02301,0.02281,0.0229,4495628.0
1740816000000,0.0229,0.02311,0.0229,0.0231,4170196.0
1740819600000,0.02309,0.02311,0.02284,0.02296,7635134.0
1740823200000,0.02295,0.02296,0.02266,0.02276,7740119.0
1740826800000,0.02277,0.02278,0.02256,0.02266,4113874.0
1740830400000,0.02267,0.02268,0.02254,0.02258,3631418.0
1740834000000,0.02258,0.02265,0.0223,0.02239,5971504.0
1740837600000,0.0224,0.02253,0.02236,0.02243,3478007.0
1740841200000,0.02243,0.02266,0.02239,0.0225,5002013.0
1740844800000,0.02249,0.02265,0.02245,0.02263,2914636.0
1740848400000,0.02265,0.02265,0.02246,0.02248,3092224.0
1740852000000,0.02248,0.02262,0.02242,0.02257,3015305.0
1740855600000,0.02256,0.02272,0.02253,0.02258,3668938.0
1740859200000,0.02258,0.02262,0.02252,0.02261,2479483.0
1740862800000,0.02261,0.02284,0.02254,0.02281,2840165.0
1740866400000,0.02279,0.02299,0.02277,0.0229,5500439.0
1740870000000,0.02291,0.02297,0.02273,0.02296,4588861.0
1740873600000,0.02296,0.02296,0.02258,0.02268,12762095.0
1740877200000,0.02268,0.02282,0.02264,0.02275,4179596.0
1740880800000,0.02274,0.02283,0.02262,0.02271,5016832.0
1740884400000,0.02272,0.02282,0.02263,0.02274,2336208.0
1740888000000,0.02274,0.02281,0.02272,0.02277,1661496.0
1740891600000,0.02277,0.02287,0.02274,0.02277,2121423.0
1740895200000,0.02277,0.02284,0.02262,0.02273,2358207.0
1740898800000,0.02274,0.02279,0.02266,0.02268,2459815.0
1740902400000,0.02268,0.02279,0.0226,0.02272,3324033.0
1740906000000,0.02272,0.02295,0.0227,0.02281,3938759.0
1740909600000,0.02281,0.02292,0.02279,0.02282,3048964.0
1740913200000,0.02281,0.02284,0.02277,0.0228,4079275.0
1740916800000,0.02281,0.02283,0.02272,0.02277,2193892.0
1740920400000,0.02277,0.02277,0.02255,0.02262,5799710.0
1740924000000,0.02262,0.02267,0.0223,0.02247,9358278.0
1740927600000,0.02246,0.02342,0.02237,0.02302,50023404.0
1740931200000,0.02304,0.02439,0.02298,0.02413,56177712.0
1740934800000,0.02412,0.02499,0.02388,0.02465,36098844.0
1740938400000,0.02465,0.02484,0.02435,0.02458,15970064.0
1740942000000,0.02458,0.02486,0.02458,0.02478,9413978.0
1740945600000,0.02478,0.02496,0.02473,0.02491,4926311.0
1740949200000,0.02491,0.02501,0.0248,0.02497,7735978.0
1740952800000,0.02498,0.025,0.02481,0.02493,6377683.0
1740956400000,0.02492,0.025,0.02478,0.02496,8599445.0
1740960000000,0.02495,0.02503,0.02463,0.02466,10877290.0
1740963600000,0.02466,0.02476,0.02437,0.02446,8693847.0
1740967200000,0.02446,0.0245,0.02426,0.02445,6068773.0
1740970800000,0.02446,0.02448,0.02417,0.02428,4621287.0
1740974400000,0.02429,0.02438,0.02422,0.0243,3452130.0
1740978000000,0.02429,0.02443,0.02427,0.0244,3588319.0
1740981600000,0.02439,0.02443,0.02364,0.02375,16526798.0
1740985200000,0.02375,0.02394,0.02358,0.0239,8854151.0
1740988800000,0.02389,0.02389,0.02337,0.02351,7818588.0
1740992400000,0.02352,0.02366,0.02338,0.0236,6478975.0
1740996000000,0.02359,0.02375,0.02354,0.02369,4910759.0
1740999600000,0.02369,0.02372,0.02353,0.02365,6965583.0
1741003200000,0.02365,0.02381,0.02356,0.02369,7108995.0
1741006800000,0.02369,0.02481,0.02365,0.02464,32453338.0
1741010400000,0.02463,0.02474,0.02345,0.02349,89312343.0
1741014000000,0.0235,0.02404,0.02344,0.02362,37052882.0
1741017600000,0.02363,0.02384,0.0235,0.02377,9564649.0
1741021200000,0.02375,0.02385,0.02353,0.02358,5530475.0
1741024800000,0.02357,0.0236,0.02257,0.02266,39859721.0
1741028400000,0.02265,0.02281,0.0219,0.02208,46864138.0
1741032000000,0.02208,0.02222,0.02168,0.02192,23393302.0
1741035600000,0.02193,0.02204,0.0215,0.02152,9279041.0
1741039200000,0.02152,0.02208,0.02151,0.02192,10412785.0
1741042800000,0.02191,0.02198,0.0217,0.02172,8846964.0
1741046400000,0.02173,0.02219,0.02158,0.02199,25572671.0
1741050000000,0.02199,0.02205,0.02058,0.02077,61785982.0
1741053600000,0.02078,0.02098,0.02037,0.02081,30402210.0
1741057200000,0.02082,0.02112,0.02079,0.02096,6487263.0
1741060800000,0.02096,0.02117,0.02084,0.02086,6412913.0
1741064400000,0.02087,0.02126,0.02084,0.02092,20087216.0
1741068000000,0.02092,0.02099,0.02065,0.02084,13596428.0
1741071600000,0.02084,0.02093,0.02071,0.02076,5915269.0
1741075200000,0.02076,0.02096,0.02065,0.02077,7369098.0
1741078800000,0.02076,0.02083,0.02055,0.02066,7795910.0
1741082400000,0.02066,0.02082,0.02055,0.02072,5307618.0
1741086000000,0.02072,0.0209,0.02066,0.02071,5351123.0
1741089600000,0.02071,0.02084,0.02055,0.02074,9429264.0
1741093200000,0.02073,0.02073,0.02034,0.02049,18581568.0
1741096800000,0.0205,0.02153,0.02043,0.02087,38690862.0
1741100400000,0.02085,0.02091,0.02042,0.02081,24171295.0
1741104000000,0.02082,0.02085,0.02002,0.02072,36665899.0
1741107600000,0.02073,0.02128,0.02069,0.02112,15769353.0
1741111200000,0.02113,0.0216,0.02105,0.02153,5437169.0
1741114800000,0.02152,0.02182,0.02149,0.02173,10258340.0
1741118400000,0.02173,0.02176,0.02135,0.02137,6695943.0
1741122000000,0.02138,0.02189,0.02126,0.0216,8704287.0
1741125600000,0.0216,0.02174,0.02155,0.02155,3386498.0
1741129200000,0.02156,0.02161,0.02144,0.02151,4379359.0
1741132800000,0.02151,0.02168,0.02129,0.02134,7772739.0
1741136400000,0.02134,0.02189,0.02128,0.0218,17516930.0
1741140000000,0.02181,0.02198,0.02156,0.02178,9511574.0
1741143600000,0.02177,0.02215,0.02161,0.02162,19885734.0
1741147200000,0.02163,0.02173,0.02159,0.02169,8302211.0
1741150800000,0.02168,0.02176,0.02154,0.0217,4910262.0
1741154400000,0.0217,0.02214,0.02157,0.02208,21167207.0
1741158000000,0.02209,0.02213,0.02193,0.02205,16863510.0
1741161600000,0.02205,0.02234,0.02203,0.02222,12353020.0
1741165200000,0.02221,0.02309,0.0222,0.02277,42744699.0
1741168800000,0.02278,0.02315,0.02274,0.02289,32924224.0
1741172400000,0.02289,0.02305,0.02272,0.0228,11828381.0
1741176000000,0.02281,0.02402,0.02278,0.02334,91641691.0
1741179600000,0.02335,0.02339,0.02285,0.02312,52646178.0
1741183200000,0.02311,0.02325,0.02289,0.02309,20818749.0
1741186800000,0.02309,0.02352,0.02299,0.02352,32853126.0
1741190400000,0.02351,0.0238,0.02307,0.02326,89642907.0
1741194000000,0.02325,0.02373,0.02314,0.02337,30179046.0
1741197600000,0.02337,0.02352,0.02317,0.02349,10090645.0
1741201200000,0.0235,0.02369,0.02342,0.02348,10993043.0
1741204800000,0.02348,0.02368,0.02346,0.02352,8039115.0
1741208400000,0.02353,0.02363,0.02339,0.02355,5731415.0
1741212000000,0.02356,0.024,0.02344,0.02375,15284277.0
1741215600000,0.02376,0.02406,0.02374,0.02406,28076618.0
1741219200000,0.02407,0.02464,0.02329,0.02347,128085432.0
1741222800000,0.02347,0.02402,0.02335,0.02377,20381386.0
1741226400000,0.02378,0.02389,0.02355,0.0237,12538270.0
1741230000000,0.0237,0.02378,0.02354,0.0236,7163858.0
1741233600000,0.0236,0.02396,0.02345,0.02391,8009627.0
1741237200000,0.02391,0.02475,0.02384,0.02413,101956447.0
1741240800000,0.02412,0.02413,0.02378,0.02386,8883401.0
1741244400000,0.02386,0.02392,0.02366,0.02371,5593336.0
1741248000000,0.02373,0.02389,0.02352,0.02373,18427184.0
1741251600000,0.02373,0.02373,0.02349,0.02356,7213051.0
1741255200000,0.02356,0.02376,0.02349,0.02372,5204742.0
1741258800000,0.02371,0.02377,0.02355,0.02372,3950132.0
1741262400000,0.02372,0.02374,0.02334,0.02339,12943522.0
1741266000000,0.02338,0.0235,0.02327,0.02329,8855127.0
1741269600000,0.02328,0.02342,0.023,0.02311,17888202.0
1741273200000,0.02311,0.02358,0.02308,0.02345,11455312.0
1741276800000,0.02345,0.02358,0.02314,0.02315,5565175.0
1741280400000,0.02316,0.02321,0.02282,0.02295,13680086.0
1741284000000,0.02295,0.02299,0.02277,0.02285,4180259.0
1741287600000,0.02285,0.02306,0.02268,0.02284,8560160.0
1741291200000,0.02285,0.02306,0.0228,0.02301,4885766.0
1741294800000,0.023,0.02318,0.02297,0.02318,5405576.0
1741298400000,0.02318,0.02346,0.02316,0.02327,16027192.0
1741302000000,0.02328,0.02335,0.02316,0.02316,7868518.0
1741305600000,0.02317,0.02328,0.0219,0.02202,66528270.0
1741309200000,0.02203,0.02307,0.02193,0.02292,39364238.0
1741312800000,0.02291,0.02327,0.02288,0.02306,11633767.0
1741316400000,0.02306,0.02337,0.02298,0.02299,10509623.0
1741320000000,0.02299,0.02327,0.02296,0.02311,5631544.0
1741323600000,0.02312,0.02342,0.0231,0.02335,7110874.0
1741327200000,0.02335,0.02336,0.02307,0.02323,4791871.0
1741330800000,0.02322,0.02356,0.0232,0.02346,5955454.0
1741334400000,0.02346,0.02355,0.02309,0.02313,12009912.0
1741338000000,0.02312,0.02338,0.02308,0.02325,11350924.0
1741341600000,0.02324,0.02335,0.02317,0.0233,4253356.0
1741345200000,0.02329,0.02335,0.02313,0.02322,7841170.0
1741348800000,0.02321,0.02323,0.02291,0.023,8680762.0
1741352400000,0.023,0.02352,0.02294,0.02311,14813059.0
1741356000000,0.02311,0.02346,0.02288,0.0233,14185059.0
1741359600000,0.02331,0.02343,0.02288,0.02313,11188847.0
1741363200000,0.02314,0.02322,0.02245,0.02266,17994733.0
1741366800000,0.02266,0.02303,0.02259,0.02286,10227973.0
1741370400000,0.02288,0.02329,0.02282,0.02324,6520702.0
1741374000000,0.02325,0.02333,0.02299,0.0231,6336589.0
1741377600000,0.02309,0.02322,0.02282,0.02292,9276262.0
1741381200000,0.02291,0.02295,0.02247,0.02265,18243112.0
1741384800000,0.02264,0.02274,0.02243,0.02262,6397255.0
1741388400000,0.02262,0.02269,0.02244,0.02266,9269195.0
1741392000000,0.02265,0.02294,0.02253,0.02277,22841421.0
1741395600000,0.02277,0.02282,0.02224,0.02249,10377149.0
1741399200000,0.02248,0.0225,0.02233,0.02241,5792501.0
1741402800000,0.0224,0.02244,0.02224,0.0224,2540207.0
1741406400000,0.0224,0.0226,0.02233,0.02257,4233738.0
1741410000000,0.02257,0.0226,0.02232,0.02236,2469517.0
1741413600000,0.02237,0.02251,0.02224,0.02231,5785049.0
1741417200000,0.02232,0.0224,0.02221,0.02223,3642952.0
1741420800000,0.02224,0.02231,0.02217,0.02223,4700843.0
1741424400000,0.02224,0.02237,0.02214,0.02214,3139468.0
1741428000000,0.02215,0.02233,0.02215,0.0223,2165519.0
1741431600000,0.02229,0.02229,0.02198,0.02212,5271884.0
1741435200000,0.02213,0.02239,0.02206,0.02234,4813790.0
1741438800000,0.02233,0.02251,0.02228,0.02239,5490555.0
1741442400000,0.02238,0.02254,0.02233,0.02237,5714055.0
1741446000000,0.02238,0.02238,0.02221,0.0223,2368608.0
1741449600000,0.0223,0.02236,0.02207,0.0223,5031406.0
1741453200000,0.0223,0.02254,0.02219,0.02241,6308324.0
1741456800000,0.0224,0.02255,0.02237,0.02251,3048696.0
1741460400000,0.02252,0.02272,0.02243,0.0226,3884347.0
1741464000000,0.02261,0.02262,0.02252,0.02255,1639292.0
1741467600000,0.02254,0.02261,0.02248,0.0225,2184476.0
1741471200000,0.02249,0.0225,0.02221,0.02249,3806779.0
1741474800000,0.02249,0.02253,0.02237,0.02244,4244281.0
1741478400000,0.02246,0.02264,0.02241,0.02252,6518662.0
1741482000000,0.02251,0.02256,0.02225,0.02229,3945213.0
1741485600000,0.02228,0.02237,0.02219,0.02222,2690635.0
1741489200000,0.02222,0.02232,0.02217,0.02226,1937854.0
1741492800000,0.02228,0.02232,0.02222,0.02231,1904207.0
1741496400000,0.0223,0.02238,0.02223,0.02225,4381635.0
1741500000000,0.02225,0.02225,0.02209,0.02217,2620899.0
1741503600000,0.02218,0.02234,0.02214,0.02229,1581761.0
1741507200000,0.0223,0.0223,0.02212,0.02214,1866188.0
1741510800000,0.02215,0.02222,0.02203,0.02206,2242023.0
1741514400000,0.02207,0.02211,0.02159,0.02162,9902903.0
1741518000000,0.02162,0.02176,0.02162,0.02169,4754654.0
1741521600000,0.02169,0.02172,0.02138,0.02153,18840440.0
1741525200000,0.02154,0.02162,0.02116,0.02119,8962177.0
1741528800000,0.02118,0.0213,0.02105,0.02118,8089301.0
1741532400000,0.02119,0.02127,0.02082,0.02087,10814602.0
1741536000000,0.02087,0.02106,0.02051,0.02053,12532320.0
1741539600000,0.02054,0.02064,0.02017,0.02021,14773353.0
1741543200000,0.0202,0.02047,0.01996,0.0202,16214411.0
1741546800000,0.0202,0.02047,0.0202,0.02036,5511416.0
1741550400000,0.02036,0.02054,0.02029,0.02034,5767998.0
1741554000000,0.02035,0.02037,0.02006,0.02015,5136245.0
1741557600000,0.02014,0.02023,0.02001,0.02007,9687322.0
1741561200000,0.02009,0.02031,0.01992,0.02012,7673399.0
1741564800000,0.02013,0.0206,0.01991,0.02048,20591344.0
1741568400000,0.02049,0.02062,0.02028,0.02041,8909331.0
1741572000000,0.02042,0.02063,0.02033,0.02048,6318840.0
1741575600000,0.02048,0.02054,0.0203,0.0204,7804535.0
1741579200000,0.0204,0.02059,0.02038,0.02058,6957030.0
1741582800000,0.02056,0.02061,0.02047,0.02053,2222555.0
1741586400000,0.02054,0.02058,0.02044,0.02054,1936888.0
1741590000000,0.02054,0.02069,0.02051,0.02065,3285822.0
1741593600000,0.02065,0.02066,0.02028,0.02035,5664236.0
1741597200000,0.02034,0.02116,0.02033,0.02067,11722371.0
1741600800000,0.02067,0.02075,0.0205,0.02067,3604992.0
1741604400000,0.02068,0.02111,0.02064,0.02103,6178800.0
1741608000000,0.02104,0.0212,0.02096,0.02117,9809214.0
1741611600000,0.02116,0.02124,0.02066,0.02071,7393507.0
1741615200000,0.02071,0.02072,0.02007,0.02024,19221685.0
1741618800000,0.02025,0.02066,0.02016,0.02044,6800474.0
1741622400000,0.02043,0.0205,0.02017,0.02026,5013261.0
1741626000000,0.02027,0.02033,0.0198,0.01987,20709405.0
1741629600000,0.01986,0.02014,0.01922,0.01926,25889673.0
1741633200000,0.01926,0.01997,0.01919,0.01983,18213547.0
1741636800000,0.01982,0.01991,0.01961,0.01979,5573335.0
1741640400000,0.0198,0.02004,0.0197,0.01979,5726821.0
1741644000000,0.0198,0.01987,0.01963,0.01974,6778428.0
1741647600000,0.01974,0.01987,0.01949,0.01952,5787372.0
1741651200000,0.01953,0.01968,0.01834,0.01877,50267034.0
1741654800000,0.01876,0.0193,0.01835,0.01929,19599391.0
1741658400000,0.0193,0.01959,0.01921,0.0195,22919407.0
1741662000000,0.0195,0.01974,0.01949,0.01953,7714554.0
1741665600000,0.01954,0.01983,0.01949,0.01962,16731964.0
1741669200000,0.01962,0.02007,0.01962,0.0199,6772950.0
1741672800000,0.0199,0.02,0.01977,0.01978,5445845.0
1741676400000,0.01978,0.02003,0.01977,0.01992,6167599.0
1741680000000,0.01991,0.02006,0.01986,0.01994,3982311.0
1741683600000,0.01994,0.02009,0.01994,0.01996,2860250.0
1741687200000,0.01997,0.0202,0.01992,0.02005,8686452.0
1741690800000,0.02004,0.02012,0.01991,0.02001,3324697.0
1741694400000,0.02003,0.02005,0.01978,0.01983,6607901.0
1741698000000,0.01983,0.02048,0.01965,0.01999,26607471.0
1741701600000,0.01998,0.02012,0.01944,0.01959,15828672.0
1741705200000,0.01959,0.02019,0.01957,0.02014,8591790.0
1741708800000,0.02015,0.02055,0.02002,0.02035,12766588.0
1741712400000,0.02034,0.0204,0.01999,0.0201,6831089.0
1741716000000,0.02011,0.02082,0.02011,0.02074,14302933.0
1741719600000,0.02075,0.02088,0.02068,0.02083,4480094.0
1741723200000,0.02081,0.02083,0.02063,0.02063,2786554.0
1741726800000,0.02062,0.02077,0.02058,0.02065,3569478.0
1741730400000,0.02064,0.02077,0.02058,0.02063,7365978.0
1741734000000,0.02064,0.02065,0.02029,0.02037,15124497.0
1741737600000,0.02037,0.02046,0.02018,0.02027,6900161.0
1741741200000,0.02027,0.02062,0.02026,0.02049,4481163.0
1741744800000,0.02049,0.0205,0.02016,0.02026,4036228.0
1741748400000,0.02026,0.02032,0.02,0.02001,7444280.0
1741752000000,0.02001,0.02002,0.01978,0.01991,4912692.0
1741755600000,0.0199,0.0201,0.01987,0.02007,3474785.0
1741759200000,0.02006,0.02008,0.01989,0.02004,2911353.0
1741762800000,0.02003,0.02041,0.02002,0.02037,2970395.0
1741766400000,0.02037,0.02068,0.02023,0.02061,5259951.0
1741770000000,0.02061,0.02078,0.02044,0.02052,5574032.0
1741773600000,0.02053,0.02056,0.02036,0.02052,2166804.0
1741777200000,0.02052,0.02067,0.02052,0.02064,2987060.0
1741780800000,0.02065,0.02115,0.02056,0.02101,33831263.0
1741784400000,0.02103,0.02112,0.02053,0.02059,11673255.0
1741788000000,0.02058,0.0206,0.02023,0.02026,10614333.0
1741791600000,0.02027,0.02039,0.02001,0.02037,6355740.0
1741795200000,0.02037,0.02075,0.02033,0.02066,5807902.0
1741798800000,0.02065,0.02084,0.02058,0.02063,5918329.0
1741802400000,0.02063,0.02082,0.02059,0.02072,2704292.0
1741806000000,0.02073,0.02083,0.02062,0.02077,3685341.0
1741809600000,0.02077,0.02085,0.02072,0.02078,3672823.0
1741813200000,0.02078,0.02094,0.02076,0.02085,3757610.0
1741816800000,0.02085,0.02107,0.02084,0.02104,4912824.0
1741820400000,0.02103,0.02106,0.02095,0.02101,5309927.0
1741824000000,0.02101,0.02109,0.02092,0.02094,3892148.0
1741827600000,0.02094,0.02101,0.02077,0.02095,7179269.0
1741831200000,0.02096,0.02104,0.02075,0.02079,5488383.0
1741834800000,0.02079,0.02092,0.0207,0.02077,4617349.0
1741838400000,0.02077,0.02084,0.0206,0.02063,4198466.0
1741842000000,0.02063,0.02075,0.02051,0.02057,5805702.0
1741845600000,0.02056,0.02062,0.02043,0.02055,4008617.0
1741849200000,0.02056,0.0207,0.02051,0.02061,4809663.0
1741852800000,0.0206,0.02069,0.02039,0.02068,6950383.0
1741856400000,0.02068,0.021,0.02067,0.02093,7330755.0
1741860000000,0.02095,0.02099,0.02079,0.02091,8361302.0
1741863600000,0.02091,0.02093,0.02076,0.0209,3934642.0
1741867200000,0.0209,0.02112,0.02071,0.02076,8586016.0
1741870800000,0.02077,0.02093,0.02044,0.02048,12504615.0
1741874400000,0.02047,0.02077,0.02041,0.02069,7537204.0
1741878000000,0.0207,0.02074,0.02056,0.02061,4963065.0
1741881600000,0.0206,0.02063,0.02034,0.02043,6755307.0
1741885200000,0.02044,0.02046,0.02013,0.02016,9418275.0
1741888800000,0.02017,0.02041,0.02015,0.0204,5099246.0
1741892400000,0.02039,0.02044,0.02025,0.02033,4671115.0
1741896000000,0.02032,0.02037,0.02017,0.0202,3515691.0
1741899600000,0.02021,0.02034,0.02016,0.02034,1775348.0
1741903200000,0.02035,0.02067,0.02032,0.02067,4371435.0
1741906800000,0.02066,0.0207,0.02055,0.02059,2522062.0
1741910400000,0.02059,0.02073,0.02052,0.02068,13484130.0
1741914000000,0.02068,0.02072,0.02054,0.02063,4850849.0
1741917600000,0.02063,0.02079,0.0206,0.02078,6084154.0
1741921200000,0.02078,0.02081,0.0207,0.02079,4412995.0
1741924800000,0.02079,0.02083,0.0207,0.02073,2581122.0
1741928400000,0.02073,0.02083,0.02068,0.02082,1485794.0
1741932000000,0.02082,0.02086,0.02074,0.02085,1943147.0
1741935600000,0.02084,0.02094,0.0208,0.02083,3699195.0
1741939200000,0.02083,0.02103,0.02083,0.02095,2969860.0
1741942800000,0.02095,0.02105,0.02095,0.02102,2903635.0
1741946400000,0.02102,0.02108,0.02093,0.02101,3125826.0
1741950000000,0.02101,0.02109,0.02097,0.02104,7428840.0
1741953600000,0.02103,0.02112,0.02098,0.02109,4684406.0
1741957200000,0.02109,0.02115,0.02097,0.02105,4451735.0
1741960800000,0.02105,0.02118,0.02093,0.02114,8710971.0
1741964400000,0.02115,0.02141,0.02114,0.02125,11301144.0
1741968000000,0.02126,0.02133,0.0212,0.02131,4548151.0
1741971600000,0.02131,0.02134,0.02117,0.02121,3099697.0
1741975200000,0.0212,0.02126,0.02115,0.02121,1883982.0
1741978800000,0.0212,0.02128,0.02112,0.02117,1747018.0
1741982400000,0.02116,0.02118,0.02103,0.02108,2136033.0
1741986000000,0.0211,0.02117,0.02101,0.02112,5821219.0
1741989600000,0.02113,0.02122,0.02111,0.02122,2667172.0
1741993200000,0.02122,0.02122,0.02106,0.02109,3326126.0
1741996800000,0.02109,0.02114,0.02105,0.02109,5444287.0
1742000400000,0.02109,0.02111,0.02092,0.02101,2592858.0
1742004000000,0.021,0.02108,0.02097,0.02104,4833930.0
1742007600000,0.02104,0.0211,0.021,0.02109,3129840.0
1742011200000,0.02109,0.02123,0.02104,0.02122,6134186.0
1742014800000,0.02121,0.02122,0.02112,0.02113,3527957.0
1742018400000,0.02113,0.02118,0.02109,0.02117,1873238.0
1742022000000,0.02117,0.02118,0.02101,0.0211,3215910.0
1742025600000,0.0211,0.02123,0.02106,0.02121,11314497.0
1742029200000,0.02121,0.02136,0.02117,0.02134,5439376.0
1742032800000,0.02133,0.02134,0.02119,0.02127,3460226.0
1742036400000,0.02128,0.02131,0.02122,0.02126,1826942.0
1742040000000,0.02126,0.02132,0.02123,0.02124,3551179.0
1742043600000,0.02124,0.02131,0.02123,0.0213,2309738.0
1742047200000,0.02129,0.0213,0.02118,0.02121,2874353.0
1742050800000,0.02122,0.02131,0.02121,0.02128,2732751.0
1742054400000,0.02129,0.02146,0.02126,0.02143,5371021.0
1742058000000,0.02143,0.02156,0.02141,0.02149,8028908.0
1742061600000,0.02149,0.02154,0.02135,0.02135,4165973.0
1742065200000,0.02134,0.02138,0.02129,0.02134,3897170.0
1742068800000,0.02134,0.02153,0.02132,0.02149,8305770.0
1742072400000,0.0215,0.02153,0.0214,0.02152,4655469.0
1742076000000,0.02152,0.02153,0.02142,0.02145,2763720.0
1742079600000,0.02145,0.02148,0.02137,0.02141,2037713.0
1742083200000,0.02141,0.02147,0.02137,0.02141,2990963.0
1742086800000,0.02141,0.02142,0.02118,0.02119,4869917.0
1742090400000,0.0212,0.02126,0.02111,0.02118,3938176.0
1742094000000,0.02119,0.02135,0.02118,0.02134,1193135.0
1742097600000,0.02133,0.02136,0.02131,0.02134,741421.0
1742101200000,0.02134,0.02144,0.02133,0.02141,1549862.0
1742104800000,0.0214,0.02143,0.02133,0.02138,2202195.0
1742108400000,0.02137,0.02141,0.02131,0.02138,1373488.0
1742112000000,0.02138,0.02138,0.02125,0.02136,4756637.0
1742115600000,0.02135,0.02136,0.02113,0.02114,3076890.0
1742119200000,0.02114,0.02122,0.02105,0.02109,3465893.0
1742122800000,0.02109,0.02111,0.02072,0.02074,13129615.0
1742126400000,0.02075,0.02091,0.02075,0.02079,7997547.0
1742130000000,0.0208,0.02092,0.02058,0.0206,5606655.0
1742133600000,0.0206,0.02089,0.0206,0.02089,6859103.0
1742137200000,0.02089,0.02092,0.02078,0.02087,2921795.0
1742140800000,0.02087,0.0213,0.02086,0.02113,12163270.0
1742144400000,0.02112,0.02126,0.02111,0.02125,3905348.0
1742148000000,0.02124,0.02126,0.02109,0.02111,2749250.0
1742151600000,0.02111,0.02113,0.02084,0.02094,8110865.0
1742155200000,0.02094,0.02105,0.02094,0.02105,2401065.0
1742158800000,0.02105,0.02105,0.02098,0.02103,1948655.0
1742162400000,0.02103,0.02105,0.02085,0.02086,3413193.0
1742166000000,0.02086,0.02095,0.02077,0.02091,5260567.0
1742169600000,0.0209,0.02109,0.0209,0.02107,2921649.0
1742173200000,0.02108,0.02116,0.02101,0.02115,2743534.0
1742176800000,0.02115,0.02127,0.0211,0.02125,3812343.0
1742180400000,0.02125,0.02129,0.0212,0.02126,4120859.0
1742184000000,0.02127,0.0213,0.02121,0.02122,1478421.0
1742187600000,0.02122,0.02131,0.02115,0.0212,2265645.0
1742191200000,0.0212,0.0213,0.02103,0.02117,3192509.0
1742194800000,0.02118,0.02138,0.02117,0.02136,4860189.0
1742198400000,0.02136,0.02146,0.0213,0.02139,3734892.0
1742202000000,0.02138,0.02149,0.02133,0.0214,5169719.0
1742205600000,0.0214,0.02151,0.0213,0.02148,5638311.0
1742209200000,0.02149,0.0216,0.02145,0.02151,6853489.0
1742212800000,0.02151,0.02178,0.02149,0.02153,14573489.0
1742216400000,0.02154,0.02167,0.02147,0.02154,3498427.0
1742220000000,0.02154,0.02183,0.02146,0.02182,21265207.0
1742223600000,0.02183,0.02213,0.02181,0.02208,23899111.0
1742227200000,0.02209,0.02214,0.02175,0.02177,12480835.0
1742230800000,0.02177,0.022,0.02176,0.02198,7380330.0
1742234400000,0.02199,0.02213,0.02195,0.0221,5238200.0
1742238000000,0.02211,0.02213,0.02194,0.02197,3920277.0
1742241600000,0.02197,0.02202,0.02183,0.02188,3184122.0
1742245200000,0.02188,0.02193,0.02187,0.02188,2854814.0
1742248800000,0.02189,0.0219,0.0218,0.02183,3559407.0
1742252400000,0.02183,0.02185,0.02175,0.0218,2796463.0
1742256000000,0.02179,0.0218,0.02161,0.02167,4812505.0
1742259600000,0.02167,0.02174,0.0215,0.02157,8169841.0
1742263200000,0.02156,0.02173,0.02156,0.02169,2835831.0
1742266800000,0.02167,0.02168,0.02153,0.02155,2194456.0
1742270400000,0.02154,0.0216,0.02149,0.02154,2527955.0
1742274000000,0.02155,0.0219,0.02154,0.02184,8036203.0
1742277600000,0.02184,0.02242,0.02157,0.02163,65856922.0
1742281200000,0.02163,0.02203,0.02159,0.02198,13036629.0
1742284800000,0.02197,0.02202,0.02181,0.02191,6846957.0
1742288400000,0.02192,0.02199,0.02182,0.02183,4682253.0
1742292000000,0.02185,0.0219,0.0218,0.02185,3134788.0
1742295600000,0.02186,0.02187,0.02171,0.02175,3146857.0
1742299200000,0.02175,0.02184,0.02167,0.02169,3955474.0
1742302800000,0.02168,0.02175,0.02146,0.02154,8336386.0
1742306400000,0.02153,0.02182,0.02149,0.0217,4643299.0
1742310000000,0.02171,0.02171,0.02144,0.02148,3569720.0
1742313600000,0.02148,0.02161,0.02144,0.02153,3229879.0
1742317200000,0.02153,0.02158,0.02136,0.02137,5470175.0
1742320800000,0.02137,0.02154,0.02135,0.0215,2566933.0
1742324400000,0.0215,0.0217,0.02148,0.02169,3334471.0
1742328000000,0.02169,0.02184,0.02164,0.02183,3562001.0
1742331600000,0.02183,0.02187,0.02179,0.02186,2907811.0
1742335200000,0.02187,0.02208,0.02185,0.02201,4648946.0
1742338800000,0.02202,0.0221,0.02202,0.02208,2511211.0
1742342400000,0.02207,0.02216,0.02204,0.02212,4642720.0
1742346000000,0.02213,0.02234,0.02208,0.02211,7725242.0
1742349600000,0.02212,0.02218,0.02206,0.02208,3362096.0
1742353200000,0.02209,0.02212,0.02203,0.02208,2499173.0
1742356800000,0.0221,0.02213,0.02198,0.02199,1280399.0
1742360400000,0.02199,0.02203,0.02195,0.02202,1422919.0
1742364000000,0.02202,0.02207,0.02198,0.02203,2276979.0
1742367600000,0.02203,0.0221,0.02198,0.02199,2624414.0
1742371200000,0.022,0.02206,0.02196,0.02201,2929954.0
1742374800000,0.022,0.0221,0.02197,0.02203,3156518.0
1742378400000,0.02202,0.02234,0.022,0.02213,7191252.0
1742382000000,0.02214,0.02248,0.02209,0.02246,10174529.0
1742385600000,0.02247,0.02252,0.02222,0.0223,10942661.0
1742389200000,0.02231,0.02252,0.02207,0.02216,14300595.0
1742392800000,0.02215,0.02231,0.02212,0.02228,3152750.0
1742396400000,0.02228,0.02237,0.02218,0.02233,3264279.0
1742400000000,0.02233,0.02236,0.02221,0.02228,1985705.0
1742403600000,0.02227,0.0223,0.02201,0.02212,3591072.0
1742407200000,0.02211,0.0226,0.02197,0.02253,15655011.0
1742410800000,0.02252,0.02265,0.02238,0.02247,8565119.0
1742414400000,0.02248,0.02251,0.02233,0.02236,1894769.0
1742418000000,0.02237,0.0225,0.02237,0.02245,1949046.0
1742421600000,0.02246,0.02256,0.02242,0.02249,1936146.0
1742425200000,0.02249,0.02266,0.02244,0.02259,1930096.0
1742428800000,0.02258,0.02271,0.02236,0.02238,7507588.0
1742432400000,0.02238,0.02241,0.02225,0.0223,3662534.0
1742436000000,0.0223,0.02241,0.02225,0.02241,3492602.0
1742439600000,0.02242,0.02246,0.02227,0.02228,2283630.0
1742443200000,0.02229,0.02231,0.02224,0.02228,1595400.0
1742446800000,0.02227,0.02229,0.02213,0.02223,1860591.0
1742450400000,0.02222,0.02239,0.02209,0.0223,13846480.0
1742454000000,0.0223,0.02239,0.02227,0.02231,3305186.0
1742457600000,0.02231,0.02248,0.02226,0.02245,7778723.0
1742461200000,0.02243,0.02245,0.02227,0.0223,2321627.0
1742464800000,0.02229,0.02231,0.02192,0.02202,3751253.0
1742468400000,0.02203,0.02212,0.02201,0.02205,2153285.0
1742472000000,0.02205,0.02221,0.02202,0.0222,1279008.0
1742475600000,0.0222,0.02227,0.02209,0.02221,3327506.0
1742479200000,0.0222,0.02251,0.0222,0.0225,8356710.0
1742482800000,0.02249,0.0225,0.0221,0.02218,7423950.0
1742486400000,0.02218,0.02236,0.02185,0.02198,12714085.0
1742490000000,0.02197,0.02216,0.02196,0.0221,4632484.0
1742493600000,0.02211,0.02218,0.02205,0.02205,2325788.0
1742497200000,0.02205,0.02217,0.02201,0.02212,2791372.0
1742500800000,0.02211,0.02217,0.02207,0.02212,1795766.0
1742504400000,0.02211,0.02217,0.02205,0.02214,1102538.0
1742508000000,0.02213,0.02214,0.02199,0.02202,1407695.0
1742511600000,0.02202,0.02203,0.02196,0.02198,934802.0
1742515200000,0.02198,0.02215,0.02198,0.02212,2762419.0
1742518800000,0.02212,0.02216,0.02205,0.02215,943532.0
1742522400000,0.02214,0.02217,0.02204,0.02207,1142859.0
1742526000000,0.02207,0.02208,0.02191,0.02193,1848645.0
1742529600000,0.02192,0.022,0.02189,0.02199,1768850.0
1742533200000,0.02198,0.02199,0.02181,0.02187,1577304.0
1742536800000,0.02187,0.02188,0.02179,0.02182,3900670.0
1742540400000,0.02182,0.02187,0.02173,0.02186,4174922.0
1742544000000,0.02185,0.02193,0.02151,0.02165,7663380.0
1742547600000,0.02164,0.02172,0.02155,0.02164,2285193.0
1742551200000,0.02165,0.02175,0.02153,0.02164,2311177.0
1742554800000,0.02164,0.02166,0.02154,0.02162,1251039.0
1742558400000,0.02163,0.02175,0.02149,0.0215,3805180.0
1742562000000,0.02151,0.02161,0.0214,0.02158,5271257.0
1742565600000,0.02157,0.02165,0.02145,0.02165,9023185.0
1742569200000,0.02166,0.02176,0.0216,0.02164,3536195.0
1742572800000,0.02163,0.02175,0.02159,0.02175,1622733.0
1742576400000,0.02175,0.02181,0.02169,0.02178,1388849.0
1742580000000,0.02178,0.02188,0.02168,0.02178,9177459.0
1742583600000,0.02178,0.02179,0.0217,0.02178,2804556.0
1742587200000,0.02177,0.0218,0.02172,0.02178,1165595.0
1742590800000,0.02176,0.02183,0.02168,0.02171,2898781.0
1742594400000,0.02171,0.02171,0.02155,0.02161,1821471.0
1742598000000,0.02161,0.02165,0.02153,0.02159,1378270.0
1742601600000,0.02158,0.02167,0.02155,0.02166,2168065.0
1742605200000,0.02167,0.02171,0.02161,0.02165,1164741.0
1742608800000,0.02165,0.02173,0.02163,0.02167,1709766.0
1742612400000,0.02166,0.02176,0.02162,0.02173,1207658.0
1742616000000,0.02173,0.02186,0.02173,0.02186,1520959.0
1742619600000,0.02185,0.02202,0.02185,0.02195,4667203.0
1742623200000,0.02195,0.02197,0.02185,0.02188,845500.0
1742626800000,0.02187,0.02197,0.02187,0.0219,1285029.0
1742630400000,0.0219,0.02193,0.02185,0.0219,1380421.0
1742634000000,0.0219,0.02194,0.02187,0.02192,2411564.0
1742637600000,0.02192,0.02199,0.02186,0.02198,3618954.0
1742641200000,0.02198,0.02203,0.02194,0.022,2284093.0
1742644800000,0.022,0.02202,0.02177,0.02188,5297457.0
1742648400000,0.02188,0.02191,0.0217,0.0218,3273238.0
1742652000000,0.0218,0.0218,0.02168,0.02168,1524465.0
1742655600000,0.02169,0.02181,0.02166,0.02178,2027248.0
1742659200000,0.02178,0.02194,0.02177,0.02191,3315519.0
1742662800000,0.02192,0.02201,0.02192,0.02201,2833027.0
1742666400000,0.022,0.02204,0.02197,0.02198,1191362.0
1742670000000,0.02199,0.022,0.0219,0.02191,1317540.0
1742673600000,0.02192,0.02197,0.02189,0.02189,1512995.0
1742677200000,0.02189,0.02191,0.02181,0.02185,1662773.0
1742680800000,0.02184,0.02187,0.0217,0.02173,2737081.0
1742684400000,0.02173,0.02176,0.02165,0.02175,2507194.0
1742688000000,0.02175,0.02181,0.0217,0.02177,1868048.0
1742691600000,0.02177,0.02182,0.02172,0.02176,1254443.0
1742695200000,0.02176,0.02189,0.02169,0.02187,5091207.0
1742698800000,0.02188,0.02191,0.02183,0.02191,873446.0
1742702400000,0.02191,0.02192,0.02182,0.02183,1773204.0
1742706000000,0.02184,0.02185,0.02179,0.02185,944973.0
1742709600000,0.02185,0.02186,0.02177,0.02182,794178.0
1742713200000,0.02183,0.02191,0.02182,0.02188,835218.0
1742716800000,0.02189,0.02191,0.02183,0.02183,1748088.0
1742720400000,0.02183,0.02188,0.02182,0.02184,1189621.0
1742724000000,0.02184,0.02191,0.02181,0.02187,2881693.0
1742727600000,0.02187,0.02204,0.02186,0.02193,5139906.0
1742731200000,0.02193,0.02195,0.02184,0.02188,3411001.0
1742734800000,0.02187,0.02188,0.02179,0.02185,1548580.0
1742738400000,0.02185,0.02188,0.02175,0.02177,2639568.0
1742742000000,0.02176,0.02182,0.02175,0.02177,1014867.0
1742745600000,0.02176,0.02177,0.02159,0.02162,3566291.0
1742749200000,0.02162,0.02166,0.02152,0.02156,5561939.0
1742752800000,0.02156,0.02156,0.02145,0.02152,2506783.0
1742756400000,0.02153,0.02158,0.0215,0.02157,3195658.0
1742760000000,0.02156,0.02168,0.02156,0.02164,1170193.0
1742763600000,0.02163,0.02169,0.02157,0.02169,1293859.0
1742767200000,0.0217,0.02178,0.02161,0.02167,2017938.0
1742770800000,0.02168,0.02178,0.02165,0.02174,2389094.0
1742774400000,0.02173,0.02175,0.02163,0.02163,2546966.0
1742778000000,0.02164,0.02164,0.02139,0.02141,6406761.0
1742781600000,0.02141,0.02151,0.02138,0.02148,4436640.0
1742785200000,0.02148,0.02185,0.02147,0.02177,5578734.0
1742788800000,0.02178,0.02195,0.02178,0.02193,4359332.0
1742792400000,0.02194,0.0221,0.02192,0.02205,6026796.0
1742796000000,0.02206,0.02233,0.02206,0.02228,5623725.0
1742799600000,0.02228,0.02232,0.02214,0.02224,5142162.0
1742803200000,0.02225,0.02246,0.02225,0.02245,4420609.0
1742806800000,0.02243,0.02246,0.02233,0.0224,2518822.0
1742810400000,0.02239,0.02241,0.0223,0.02237,3524113.0
1742814000000,0.02237,0.02239,0.02207,0.02219,5833432.0
1742817600000,0.02219,0.02229,0.02217,0.02227,6718773.0
1742821200000,0.02228,0.02234,0.02219,0.02234,4750233.0
1742824800000,0.02234,0.0224,0.02212,0.02218,8884438.0
1742828400000,0.02218,0.02226,0.02212,0.02218,2096513.0
1742832000000,0.02219,0.02231,0.02213,0.02222,4132617.0
1742835600000,0.02222,0.02239,0.02219,0.02235,2670340.0
1742839200000,0.02234,0.0224,0.02231,0.02238,2225201.0
1742842800000,0.02238,0.0224,0.02227,0.02231,2382169.0
1742846400000,0.0223,0.02232,0.02221,0.02223,1212936.0
1742850000000,0.02223,0.02246,0.02222,0.02245,3168476.0
1742853600000,0.02245,0.02283,0.02234,0.02276,29241436.0
1742857200000,0.02276,0.02297,0.02245,0.02263,29816403.0
1742860800000,0.02263,0.02304,0.0226,0.02294,21434023.0
1742864400000,0.02293,0.02293,0.02254,0.02262,10837220.0
1742868000000,0.02262,0.02274,0.0226,0.02263,6270984.0
1742871600000,0.02263,0.02272,0.02242,0.02248,6026469.0
1742875200000,0.02247,0.02266,0.02246,0.02258,5007569.0
1742878800000,0.02258,0.02264,0.02252,0.0226,1960146.0
1742882400000,0.0226,0.02265,0.02258,0.02262,2407208.0
1742886000000,0.02261,0.02265,0.02246,0.0225,3308672.0
1742889600000,0.02249,0.02265,0.02248,0.02264,5089719.0
1742893200000,0.02264,0.02269,0.02261,0.02266,2864778.0
1742896800000,0.02266,0.02269,0.02256,0.02266,1507222.0
1742900400000,0.02266,0.02273,0.02261,0.02271,1320421.0
1742904000000,0.02271,0.02272,0.02253,0.02254,2878997.0
1742907600000,0.02253,0.02269,0.02241,0.02248,2951499.0
1742911200000,0.02247,0.02268,0.02239,0.02263,3168127.0
1742914800000,0.02263,0.02273,0.02256,0.0226,3034791.0
1742918400000,0.0226,0.0227,0.02254,0.02258,2156012.0
1742922000000,0.02258,0.02283,0.02258,0.02281,2845066.0
1742925600000,0.02281,0.02282,0.02251,0.02262,11803366.0
1742929200000,0.02261,0.02277,0.0226,0.02276,1886509.0
1742932800000,0.02276,0.0228,0.02265,0.02268,2536930.0
1742936400000,0.02268,0.02279,0.02268,0.02277,1604637.0
1742940000000,0.02277,0.02282,0.02267,0.02277,4003042.0
1742943600000,0.02276,0.02277,0.02266,0.02276,1669415.0
1742947200000,0.02276,0.02286,0.02266,0.02283,4342634.0
1742950800000,0.02283,0.02316,0.0228,0.02315,27466944.0
1742954400000,0.02315,0.02315,0.02293,0.02294,6683204.0
1742958000000,0.02294,0.02302,0.02288,0.02297,3802735.0
1742961600000,0.02297,0.02297,0.02279,0.02293,3482076.0
1742965200000,0.02293,0.02311,0.02287,0.02305,2501518.0
1742968800000,0.02305,0.02331,0.02301,0.0233,5231033.0
1742972400000,0.0233,0.02342,0.02319,0.02334,17526347.0
1742976000000,0.02334,0.02335,0.02315,0.02319,6325831.0
1742979600000,0.02319,0.02327,0.02314,0.02325,2351678.0
1742983200000,0.02325,0.0234,0.02323,0.02336,3830130.0
1742986800000,0.02335,0.02341,0.02324,0.02335,2098158.0
1742990400000,0.02335,0.02338,0.02312,0.02315,6703774.0
1742994000000,0.02315,0.02316,0.0227,0.02273,6512815.0
1742997600000,0.02272,0.02283,0.02254,0.02272,9368859.0
1743001200000,0.02273,0.02282,0.02265,0.02272,2853703.0
1743004800000,0.02271,0.02289,0.02266,0.02276,3139852.0
1743008400000,0.02276,0.0228,0.0225,0.0226,3638901.0
1743012000000,0.0226,0.02271,0.02247,0.0225,3273070.0
1743015600000,0.02249,0.02261,0.02231,0.02252,7783176.0
1743019200000,0.02252,0.02277,0.0225,0.02271,3088945.0
1743022800000,0.0227,0.02274,0.02247,0.02267,3933862.0
1743026400000,0.02266,0.02268,0.02251,0.02252,3227811.0
1743030000000,0.02252,0.02259,0.02243,0.02257,4127137.0
1743033600000,0.02258,0.02276,0.02255,0.02275,2521389.0
1743037200000,0.02275,0.0228,0.02271,0.02273,2730705.0
1743040800000,0.02274,0.02288,0.02274,0.02284,2082486.0
1743044400000,0.02285,0.02291,0.02283,0.02288,3553308.0
1743048000000,0.02288,0.02288,0.02275,0.02281,3563201.0
1743051600000,0.02281,0.02284,0.02278,0.02279,2287972.0
1743055200000,0.0228,0.02284,0.02271,0.02273,2473460.0
1743058800000,0.02274,0.02275,0.02262,0.02269,5059999.0
1743062400000,0.02268,0.02276,0.0226,0.02264,3495451.0
1743066000000,0.02264,0.02264,0.02257,0.02257,2661046.0
1743069600000,0.02257,0.02267,0.02257,0.02258,3882334.0
1743073200000,0.02256,0.02265,0.02242,0.02244,4171706.0
1743076800000,0.02245,0.02263,0.02243,0.02254,3620269.0
1743080400000,0.02255,0.02256,0.02198,0.0222,39120952.0
1743084000000,0.0222,0.02228,0.02181,0.02207,31811923.0
1743087600000,0.02207,0.02209,0.02192,0.02198,8533126.0
1743091200000,0.02197,0.02207,0.02164,0.02171,17391977.0
1743094800000,0.02171,0.02179,0.02156,0.02157,9142652.0
1743098400000,0.02157,0.02193,0.02156,0.02188,10722302.0
1743102000000,0.02188,0.02198,0.02182,0.02183,4998301.0
1743105600000,0.02184,0.02194,0.02166,0.02185,9119212.0
1743109200000,0.02184,0.02197,0.02177,0.02192,2953946.0
1743112800000,0.02192,0.02194,0.02187,0.02193,2026869.0
1743116400000,0.02192,0.02192,0.02184,0.02188,2495775.0
1743120000000,0.02189,0.02189,0.02162,0.02179,3951584.0
1743123600000,0.02179,0.02193,0.02174,0.02184,2164874.0
1743127200000,0.02185,0.02191,0.02171,0.02172,1932244.0
1743130800000,0.02173,0.02173,0.02139,0.02152,8513174.0
1743134400000,0.02151,0.02159,0.02091,0.02107,14345049.0
1743138000000,0.02107,0.02107,0.02084,0.02096,9042141.0
1743141600000,0.02096,0.0211,0.02087,0.02089,8008225.0
1743145200000,0.02089,0.02097,0.02079,0.02085,5637882.0
1743148800000,0.02086,0.02095,0.02049,0.02068,21754203.0
1743152400000,0.02068,0.02072,0.0206,0.02062,3472812.0
1743156000000,0.02062,0.02063,0.0205,0.02056,6326386.0
1743159600000,0.02056,0.02067,0.02042,0.02066,5913111.0
1743163200000,0.02065,0.02067,0.02044,0.02045,4269090.0
1743166800000,0.02045,0.02065,0.02044,0.02044,2959975.0
1743170400000,0.02044,0.02048,0.02002,0.02017,11391926.0
1743174000000,0.02017,0.02029,0.02013,0.02022,6553917.0
1743177600000,0.02021,0.0203,0.02007,0.02011,3498006.0
1743181200000,0.02011,0.02028,0.02011,0.02019,3002933.0
1743184800000,0.02019,0.02028,0.02013,0.02022,6047143.0
1743188400000,0.02023,0.0203,0.02006,0.02012,3206995.0
1743192000000,0.02012,0.02022,0.02005,0.02007,3489643.0
1743195600000,0.02008,0.02022,0.02004,0.02022,1783437.0
1743199200000,0.02023,0.02046,0.02021,0.02044,3037109.0
1743202800000,0.02044,0.0205,0.0204,0.02045,1916680.0
1743206400000,0.02044,0.02053,0.02039,0.0204,1663058.0
1743210000000,0.02039,0.0205,0.02037,0.02047,1691027.0
1743213600000,0.02047,0.02051,0.02024,0.02024,3148890.0
1743217200000,0.02024,0.02042,0.02008,0.02038,3859700.0
1743220800000,0.02038,0.02045,0.02029,0.02031,1327956.0
1743224400000,0.02031,0.02031,0.02016,0.02022,1956790.0
1743228000000,0.02021,0.02022,0.02002,0.02011,2853497.0
1743231600000,0.02011,0.02027,0.01994,0.02005,10545071.0
1743235200000,0.02006,0.02023,0.02002,0.02021,4417791.0
1743238800000,0.02021,0.02022,0.0199,0.02008,4991790.0
1743242400000,0.02008,0.02012,0.01996,0.02,4059829.0
1743246000000,0.02001,0.02007,0.01973,0.01986,7648577.0
1743249600000,0.01987,0.02001,0.01985,0.01999,3358950.0
1743253200000,0.01998,0.02007,0.01998,0.02005,3232880.0
1743256800000,0.02006,0.02006,0.01989,0.01997,2530736.0
1743260400000,0.01997,0.02015,0.01996,0.02014,4448287.0
1743264000000,0.02013,0.02014,0.01984,0.01986,5346258.0
1743267600000,0.01986,0.01998,0.01962,0.01981,9293490.0
1743271200000,0.01982,0.0199,0.01975,0.01976,3752120.0
1743274800000,0.01976,0.01985,0.01972,0.01985,3315014.0
1743278400000,0.01985,0.01986,0.01965,0.01966,2784636.0
1743282000000,0.01966,0.0198,0.01961,0.01974,3206550.0
1743285600000,0.01973,0.01982,0.01969,0.01977,1575321.0
1743289200000,0.01977,0.01991,0.01971,0.01988,1996472.0
1743292800000,0.01988,0.01988,0.01971,0.01986,2127275.0
1743296400000,0.01987,0.02009,0.01987,0.02006,2137767.0
1743300000000,0.02006,0.02015,0.02004,0.02014,2971660.0
1743303600000,0.02014,0.02015,0.01999,0.02,4059377.0
1743307200000,0.02,0.02013,0.02,0.02009,1719051.0
1743310800000,0.02009,0.02013,0.02005,0.02008,1087894.0
1743314400000,0.02008,0.02023,0.02001,0.02018,3905383.0
1743318000000,0.02018,0.02022,0.02014,0.02018,1453580.0
1743321600000,0.02018,0.02026,0.02013,0.02023,2415589.0
1743325200000,0.02024,0.02027,0.02017,0.02023,2122848.0
1743328800000,0.02023,0.0203,0.0201,0.02011,2567087.0
1743332400000,0.02011,0.02023,0.02006,0.02011,2718629.0
1743336000000,0.02011,0.02021,0.02008,0.02017,1376452.0
1743339600000,0.02016,0.02018,0.01987,0.0199,4687799.0
1743343200000,0.0199,0.02003,0.01984,0.01994,4491884.0
1743346800000,0.01995,0.02012,0.01995,0.02003,5383624.0
1743350400000,0.02004,0.0201,0.01978,0.01983,3874525.0
1743354000000,0.01983,0.01998,0.01977,0.01995,1913536.0
1743357600000,0.01994,0.02018,0.01994,0.02018,3230289.0
1743361200000,0.02019,0.02021,0.02007,0.02008,3787394.0
1743364800000,0.02007,0.02013,0.02002,0.02002,2750720.0
1743368400000,0.02002,0.02008,0.01989,0.01991,2338616.0
1743372000000,0.01991,0.02007,0.01966,0.01997,4772838.0
1743375600000,0.01998,0.02001,0.01981,0.01992,2457907.0
1743379200000,0.01993,0.01995,0.01944,0.01955,7358451.0
1743382800000,0.01955,0.02,0.01954,0.01999,4637191.0
1743386400000,0.01998,0.0201,0.01987,0.02,2856168.0
1743390000000,0.01999,0.02002,0.01967,0.01971,2354001.0
1743393600000,0.01971,0.01996,0.01964,0.01991,3968776.0
1743397200000,0.0199,0.01999,0.01985,0.01988,2853444.0
1743400800000,0.01989,0.01993,0.01973,0.01976,3552461.0
1743404400000,0.01977,0.01985,0.01945,0.01958,3721410.0
1743408000000,0.01959,0.01973,0.01945,0.01946,4300501.0
1743411600000,0.01946,0.01958,0.0193,0.01942,7922735.0
1743415200000,0.01942,0.01968,0.01932,0.01964,4005215.0
1743418800000,0.01965,0.0198,0.01954,0.01972,5276428.0
1743422400000,0.01972,0.02002,0.0196,0.01989,5994976.0
1743426000000,0.01989,0.01993,0.01958,0.0198,7196218.0
1743429600000,0.0198,0.02013,0.01979,0.02006,5654287.0
1743433200000,0.02007,0.02015,0.02,0.02002,3367392.0
1743436800000,0.02,0.02008,0.01993,0.01994,2186498.0
1743440400000,0.01994,0.02004,0.01974,0.01981,1999815.0
1743444000000,0.01981,0.02004,0.01979,0.01995,1713975.0
1743447600000,0.01995,0.02005,0.01981,0.01982,2092279.0
1743451200000,0.01982,0.01992,0.01977,0.01979,1358337.0
1743454800000,0.01978,0.01981,0.0197,0.01972,3950251.0
1743458400000,0.01971,0.01976,0.0196,0.01975,3980672.0
1743462000000,0.01974,0.01983,0.01972,0.01979,3323306.0
1743465600000,0.01978,0.01982,0.01971,0.01977,3175065.0
1743469200000,0.01976,0.01976,0.01964,0.01969,2262515.0
1743472800000,0.01968,0.01989,0.01967,0.01987,4773236.0
1743476400000,0.01987,0.01994,0.01981,0.01986,3547906.0
1743480000000,0.01987,0.01994,0.01985,0.01992,1889446.0
1743483600000,0.01993,0.02005,0.01989,0.01992,1837087.0
1743487200000,0.01992,0.02005,0.01986,0.02001,3862262.0
1743490800000,0.02001,0.02005,0.01994,0.01999,5103121.0
1743494400000,0.01999,0.02021,0.01999,0.02017,7370978.0
1743498000000,0.02018,0.02025,0.02017,0.0202,2671534.0
1743501600000,0.02021,0.02022,0.01992,0.01992,4158071.0
1743505200000,0.01992,0.01994,0.01977,0.01986,4761027.0
1743508800000,0.01987,0.01995,0.0198,0.01985,3169691.0
1743512400000,0.01984,0.01998,0.01979,0.01995,4080562.0
1743516000000,0.01994,0.02003,0.01962,0.01995,7373525.0
1743519600000,0.01995,0.02035,0.01995,0.02028,8556719.0
1743523200000,0.02028,0.02032,0.02014,0.02015,3742118.0
1743526800000,0.02015,0.02024,0.0201,0.0201,2647721.0
1743530400000,0.02011,0.02011,0.01989,0.01992,2114404.0
1743534000000,0.01992,0.01994,0.01986,0.01991,2749217.0
1743537600000,0.01991,0.01996,0.01975,0.01991,4117613.0
1743541200000,0.01992,0.02004,0.01991,0.01997,2069663.0
1743544800000,0.01996,0.02003,0.01992,0.01997,848673.0
1743548400000,0.01995,0.02002,0.01985,0.01988,2428503.0
1743552000000,0.01988,0.0199,0.01963,0.01964,2926457.0
1743555600000,0.01964,0.01968,0.01952,0.01959,5840662.0
1743559200000,0.01959,0.01961,0.0193,0.01943,4741510.0
1743562800000,0.01942,0.0197,0.01942,0.01965,2523253.0
1743566400000,0.01966,0.01972,0.01956,0.0196,1571427.0
1743570000000,0.01959,0.01959,0.01941,0.01948,3533845.0
1743573600000,0.01947,0.01956,0.01937,0.01939,4923374.0
1743577200000,0.01939,0.01986,0.01939,0.01957,16984040.0
1743580800000,0.01958,0.0198,0.01953,0.01971,3817327.0
1743584400000,0.01971,0.01996,0.0197,0.01985,5310842.0
1743588000000,0.01986,0.01995,0.01975,0.01977,2039968.0
1743591600000,0.01977,0.01986,0.01972,0.01972,2722380.0
1743595200000,0.01972,0.01987,0.01968,0.01983,3507818.0
1743598800000,0.01982,0.02001,0.0196,0.0198,5621800.0
1743602400000,0.01979,0.02031,0.01969,0.01991,25089938.0
1743606000000,0.01992,0.02028,0.01986,0.02011,17827679.0
1743609600000,0.02012,0.02017,0.01997,0.02002,5619520.0
1743613200000,0.02002,0.02012,0.01988,0.01997,10137339.0
1743616800000,0.01998,0.02003,0.01986,0.02001,4093122.0
1743620400000,0.02001,0.02011,0.01996,0.02011,2456015.0
1743624000000,0.02012,0.02057,0.01965,0.01985,25718369.0
1743627600000,0.01985,0.01988,0.01951,0.01967,9173727.0
1743631200000,0.01967,0.01968,0.01886,0.01893,13324053.0
1743634800000,0.01894,0.01923,0.01883,0.01915,7098723.0
1743638400000,0.01914,0.01946,0.01908,0.01942,4515857.0
1743642000000,0.01942,0.01957,0.01938,0.01953,3308157.0
1743645600000,0.01953,0.01967,0.01948,0.01965,2430903.0
1743649200000,0.01965,0.01967,0.0195,0.01951,3211057.0
1743652800000,0.01952,0.01961,0.01943,0.01956,2811185.0
1743656400000,0.01957,0.01958,0.01942,0.01942,2235878.0
1743660000000,0.01942,0.0195,0.0193,0.01931,1160189.0
1743663600000,0.01932,0.01937,0.01913,0.01924,3289135.0
1743667200000,0.01925,0.01932,0.01913,0.01924,2649008.0
1743670800000,0.01925,0.01929,0.01916,0.01917,2595578.0
1743674400000,0.01917,0.01922,0.01882,0.01886,6234526.0
1743678000000,0.01886,0.0195,0.0188,0.01921,32066024.0
1743681600000,0.01922,0.01938,0.01875,0.01885,15472104.0
1743685200000,0.01885,0.0193,0.01884,0.01927,6905049.0
1743688800000,0.01926,0.01928,0.01896,0.019,6489661.0
1743692400000,0.019,0.01936,0.01899,0.01931,5582362.0
1743696000000,0.01931,0.01942,0.01924,0.01925,5504711.0
1743699600000,0.01926,0.0194,0.01926,0.01933,1885467.0
1743703200000,0.01934,0.01955,0.01925,0.01945,3030810.0
1743706800000,0.01946,0.01957,0.01927,0.0193,3601583.0
1743710400000,0.0193,0.01934,0.01912,0.01928,6264412.0
1743714000000,0.01928,0.01942,0.01927,0.01939,1513488.0
1743717600000,0.01939,0.01944,0.01932,0.0194,1753568.0
1743721200000,0.0194,0.01945,0.01928,0.01939,1517695.0
1743724800000,0.0194,0.01943,0.01924,0.01924,2071744.0
1743728400000,0.01924,0.01941,0.0191,0.01917,4732682.0
1743732000000,0.01917,0.0194,0.01916,0.01929,2760847.0
1743735600000,0.01928,0.01937,0.01922,0.01935,2273644.0
1743739200000,0.01935,0.01939,0.01924,0.01927,1871589.0
1743742800000,0.01927,0.01948,0.01919,0.01943,3442128.0
1743746400000,0.01944,0.01947,0.01935,0.01936,3452445.0
1743750000000,0.01934,0.01954,0.01934,0.0195,2002278.0
1743753600000,0.0195,0.0196,0.01949,0.01958,1807196.0
1743757200000,0.01958,0.0196,0.01949,0.01953,1266594.0
1743760800000,0.01954,0.01957,0.0191,0.01913,6698497.0
1743764400000,0.01914,0.0192,0.01887,0.0191,7646711.0
1743768000000,0.0191,0.01933,0.019,0.0193,7775798.0
1743771600000,0.0193,0.01955,0.01915,0.0195,4807249.0
1743775200000,0.01949,0.01957,0.01926,0.01942,4869567.0
1743778800000,0.01941,0.01969,0.01933,0.01935,6484739.0
1743782400000,0.01936,0.0195,0.01931,0.01937,2515698.0
1743786000000,0.01937,0.01964,0.01929,0.01961,4979934.0
1743789600000,0.01962,0.01964,0.01944,0.01946,1874770.0
1743793200000,0.01946,0.01952,0.01941,0.01949,1294059.0
1743796800000,0.01949,0.0197,0.01947,0.01967,3605864.0
1743800400000,0.01968,0.01975,0.01963,0.01973,1732862.0
1743804000000,0.01974,0.01975,0.01964,0.01972,2056187.0
1743807600000,0.01973,0.01973,0.01959,0.01964,1628107.0
1743811200000,0.01964,0.01971,0.0196,0.01969,1513740.0
1743814800000,0.01969,0.01971,0.01961,0.01961,1041768.0
1743818400000,0.01962,0.01963,0.0195,0.01952,837156.0
1743822000000,0.01952,0.01953,0.01946,0.01947,755362.0
1743825600000,0.01948,0.01954,0.0194,0.01947,2391495.0
1743829200000,0.01946,0.01953,0.01943,0.01949,1046735.0
1743832800000,0.01949,0.01952,0.01944,0.01952,888696.0
1743836400000,0.01952,0.01958,0.01948,0.01957,974477.0
1743840000000,0.01956,0.01959,0.0195,0.01953,3033726.0
1743843600000,0.01953,0.01961,0.01938,0.01944,11926326.0
1743847200000,0.01944,0.01946,0.01888,0.01921,32483316.0
1743850800000,0.01922,0.01928,0.01916,0.0192,6296033.0
1743854400000,0.0192,0.01925,0.01909,0.01916,4132701.0
1743858000000,0.01916,0.01918,0.019,0.01901,4945222.0
1743861600000,0.01901,0.01909,0.019,0.01905,2955273.0
1743865200000,0.01906,0.01906,0.01894,0.01897,4777700.0
1743868800000,0.01897,0.01905,0.01896,0.01899,2339214.0
1743872400000,0.01899,0.01903,0.01895,0.01898,1427844.0
1743876000000,0.01899,0.01907,0.01898,0.01903,1365165.0
1743879600000,0.01904,0.01906,0.01894,0.01897,1387272.0
1743883200000,0.01898,0.01907,0.0189,0.01906,3665074.0
1743886800000,0.01906,0.0191,0.019,0.01908,1361298.0
1743890400000,0.01908,0.01916,0.01907,0.01915,4854554.0
1743894000000,0.01915,0.01933,0.01914,0.01929,3371062.0
1743897600000,0.01929,0.0193,0.0192,0.01928,3455271.0
1743901200000,0.01928,0.01931,0.01918,0.0192,1337917.0
1743904800000,0.01921,0.01922,0.01912,0.01912,1130967.0
1743908400000,0.01912,0.0192,0.01905,0.01919,2323488.0
1743912000000,0.01919,0.01919,0.01909,0.01919,1405174.0
1743915600000,0.01918,0.01935,0.01918,0.01934,1539996.0
1743919200000,0.01934,0.01935,0.01911,0.01911,3165060.0
1743922800000,0.0191,0.01915,0.01903,0.01914,3339684.0
1743926400000,0.01915,0.01923,0.01905,0.01923,2087252.0
1743930000000,0.01922,0.01923,0.01913,0.01914,1876415.0
1743933600000,0.01914,0.01916,0.019,0.01908,3432410.0
1743937200000,0.01908,0.01909,0.01898,0.01906,2432993.0
1743940800000,0.01906,0.01911,0.01893,0.01898,5792117.0
1743944400000,0.01897,0.01905,0.01839,0.01853,40506279.0
1743948000000,0.01852,0.01883,0.01847,0.01883,7273223.0
1743951600000,0.01882,0.01884,0.01869,0.01874,2605493.0
1743955200000,0.01874,0.01874,0.01845,0.01849,6351989.0
1743958800000,0.0185,0.01855,0.018,0.01811,16000110.0
1743962400000,0.01811,0.01817,0.0175,0.01762,36747737.0
1743966000000,0.01762,0.01776,0.01748,0.01767,8965037.0
1743969600000,0.01767,0.01774,0.01724,0.01738,13581822.0
1743973200000,0.01737,0.01753,0.01734,0.01737,5629379.0
1743976800000,0.01736,0.01755,0.01715,0.01724,8031895.0
1743980400000,0.01723,0.01747,0.01694,0.01742,12316268.0
1743984000000,0.01741,0.01744,0.01707,0.01727,6616358.0
1743987600000,0.01727,0.01768,0.01727,0.01748,5409967.0
1743991200000,0.01747,0.01753,0.01728,0.01735,2588922.0
1743994800000,0.01735,0.01739,0.01669,0.01695,12576794.0
1743998400000,0.01695,0.01718,0.01685,0.01696,6251180.0
1744002000000,0.01696,0.01708,0.01675,0.01679,8588473.0
1744005600000,0.01679,0.01693,0.01579,0.016,44274381.0
1744009200000,0.01599,0.01644,0.01596,0.01616,12303523.0
1744012800000,0.01615,0.01678,0.01605,0.0166,14993185.0
1744016400000,0.0166,0.01688,0.01653,0.01664,6525358.0
1744020000000,0.01665,0.017,0.01663,0.01671,5046327.0
1744023600000,0.01671,0.01689,0.01653,0.0166,5662346.0
1744027200000,0.01661,0.01715,0.01659,0.017,11011128.0
1744030800000,0.01701,0.0176,0.01671,0.01748,22678009.0
1744034400000,0.01748,0.01815,0.01727,0.01746,61095630.0
1744038000000,0.01744,0.01755,0.01715,0.01743,10784714.0
1744041600000,0.01742,0.01748,0.01712,0.01714,8054136.0
1744045200000,0.01715,0.01769,0.01715,0.01759,10515645.0
1744048800000,0.0176,0.01762,0.01742,0.01744,5487605.0
1744052400000,0.01744,0.01758,0.01732,0.01735,4623916.0
1744056000000,0.01735,0.01766,0.01734,0.01756,3464961.0
1744059600000,0.01757,0.01763,0.0174,0.01755,1697158.0
1744063200000,0.01756,0.01768,0.01752,0.01762,2813305.0
1744066800000,0.01758,0.01761,0.01749,0.0175,1550812.0
1744070400000,0.01751,0.01759,0.01741,0.01741,2567704.0
1744074000000,0.0174,0.01787,0.01738,0.01783,4173863.0
1744077600000,0.01784,0.018,0.01782,0.01785,2796729.0
1744081200000,0.01785,0.01787,0.01765,0.01769,3257529.0
1744084800000,0.0177,0.01781,0.01769,0.01775,2682230.0
1744088400000,0.01774,0.01777,0.01754,0.01763,2524889.0
1744092000000,0.01763,0.01764,0.01748,0.01748,3278482.0
1744095600000,0.01747,0.01758,0.01745,0.01756,3306947.0
1744099200000,0.01756,0.01759,0.01742,0.01754,3571827.0
1744102800000,0.01755,0.01768,0.01753,0.01762,2497082.0
1744106400000,0.01763,0.0177,0.01759,0.01766,1458900.0
1744110000000,0.01767,0.01793,0.01764,0.0179,3982232.0
1744113600000,0.01791,0.01797,0.01775,0.01782,4263581.0
1744117200000,0.01781,0.01796,0.01775,0.01785,4234270.0
1744120800000,0.01784,0.01796,0.01754,0.01754,4643429.0
1744124400000,0.01754,0.0176,0.01746,0.01757,4666303.0
1744128000000,0.01758,0.01759,0.01719,0.01724,8084867.0
1744131600000,0.01723,0.01728,0.01686,0.01713,13568704.0
1744135200000,0.01712,0.01732,0.01705,0.01711,5480130.0
1744138800000,0.01712,0.01715,0.01684,0.01691,3717735.0
1744142400000,0.01691,0.0171,0.01681,0.01706,2661117.0
1744146000000,0.01708,0.01712,0.01688,0.01703,2559972.0
1744149600000,0.01703,0.01703,0.01671,0.01688,2972510.0
1744153200000,0.01687,0.01688,0.01674,0.01682,2717322.0
1744156800000,0.01682,0.01698,0.01674,0.0168,5340972.0
1744160400000,0.0168,0.01696,0.0163,0.01694,9759650.0
1744164000000,0.01694,0.01708,0.01692,0.01696,3563140.0
1744167600000,0.01697,0.01702,0.01673,0.01687,14986226.0
1744171200000,0.01687,0.01722,0.01685,0.01711,6899623.0
1744174800000,0.0171,0.01727,0.0171,0.01722,2701570.0
1744178400000,0.01722,0.01736,0.01722,0.01726,4458501.0
1744182000000,0.01727,0.0175,0.01727,0.01745,4487805.0
1744185600000,0.01746,0.01749,0.01732,0.01745,4514310.0
1744189200000,0.01745,0.01752,0.0174,0.01748,2956453.0
1744192800000,0.01748,0.01754,0.01736,0.01747,2526318.0
1744196400000,0.01747,0.01747,0.01709,0.01719,9032234.0
1744200000000,0.01719,0.01737,0.01706,0.01729,4438974.0
1744203600000,0.01731,0.01776,0.01731,0.01765,10497775.0
1744207200000,0.01767,0.01776,0.01747,0.01748,3750837.0
1744210800000,0.01749,0.0177,0.01749,0.01761,3552189.0
1744214400000,0.01761,0.01779,0.01758,0.01776,3349038.0
1744218000000,0.01777,0.01852,0.01762,0.0185,27349510.0
1744221600000,0.01849,0.01867,0.01839,0.01849,12948772.0
1744225200000,0.01848,0.01861,0.01847,0.01854,3797556.0
1744228800000,0.01852,0.01864,0.01849,0.01863,3289964.0
1744232400000,0.01863,0.01875,0.01861,0.01874,5199077.0
1744236000000,0.01874,0.01881,0.01871,0.01872,3314743.0
1744239600000,0.01872,0.01874,0.01858,0.01862,2676878.0
1744243200000,0.01862,0.01876,0.01849,0.01867,7963692.0
1744246800000,0.01866,0.01873,0.01855,0.01857,2784151.0
1744250400000,0.01857,0.01868,0.01856,0.01858,1287233.0
1744254000000,0.01859,0.0186,0.01833,0.01848,2933541.0
1744257600000,0.01849,0.01852,0.0183,0.01851,3463566.0
1744261200000,0.01852,0.01859,0.01849,0.01855,4422221.0
1744264800000,0.01856,0.01865,0.01843,0.01854,2655805.0
1744268400000,0.01854,0.01857,0.01829,0.01836,2771148.0
1744272000000,0.01837,0.0184,0.01827,0.01835,1836488.0
1744275600000,0.01835,0.01849,0.01827,0.01848,3138893.0
1744279200000,0.01848,0.01848,0.01837,0.01844,6024435.0
1744282800000,0.01844,0.01847,0.01839,0.01845,4292356.0
1744286400000,0.01846,0.01867,0.0184,0.01846,10065715.0
1744290000000,0.01847,0.01862,0.01839,0.01849,15359275.0
1744293600000,0.01849,0.01872,0.01846,0.01865,15992736.0
1744297200000,0.01866,0.01869,0.01802,0.01809,14286266.0
1744300800000,0.01808,0.01824,0.01799,0.01822,6997785.0
1744304400000,0.01821,0.01827,0.01808,0.01823,5231087.0
1744308000000,0.01823,0.01835,0.01819,0.01834,3976622.0
1744311600000,0.01834,0.01839,0.01824,0.01834,2410594.0
1744315200000,0.01833,0.01852,0.01833,0.0185,2906704.0
1744318800000,0.0185,0.01854,0.0184,0.0185,2297900.0
1744322400000,0.0185,0.01865,0.01848,0.01858,10238838.0
1744326000000,0.01858,0.01866,0.01853,0.01863,3198713.0
1744329600000,0.01864,0.01868,0.01851,0.01853,4527136.0
1744333200000,0.01852,0.01878,0.01851,0.01877,2702352.0
1744336800000,0.01877,0.01888,0.01873,0.0188,3375593.0
1744340400000,0.01879,0.01895,0.01878,0.01895,2497651.0
1744344000000,0.01895,0.019,0.01889,0.0189,2732478.0
1744347600000,0.0189,0.01893,0.01886,0.01888,1926708.0
1744351200000,0.01888,0.01907,0.01888,0.01903,4877996.0
1744354800000,0.01903,0.01907,0.01897,0.01898,3331396.0
1744358400000,0.01898,0.01912,0.01888,0.01893,6787973.0
1744362000000,0.01893,0.01905,0.01882,0.01904,5634526.0
1744365600000,0.01904,0.01915,0.01895,0.01908,6330959.0
1744369200000,0.01908,0.01913,0.01891,0.01894,2516104.0
1744372800000,0.01894,0.01905,0.0189,0.01895,2909058.0
1744376400000,0.01895,0.01917,0.0189,0.01914,4388566.0
1744380000000,0.01913,0.01916,0.01892,0.01898,5418882.0
1744383600000,0.01898,0.01912,0.01896,0.01909,4168822.0
1744387200000,0.01911,0.01929,0.01909,0.01923,3765959.0
1744390800000,0.01923,0.01944,0.01921,0.0194,5513262.0
1744394400000,0.0194,0.01946,0.01929,0.0193,5217627.0
1744398000000,0.0193,0.01935,0.01926,0.01927,1289383.0
1744401600000,0.01928,0.01929,0.01923,0.01927,1501028.0
1744405200000,0.01927,0.01939,0.01924,0.01928,2629487.0
1744408800000,0.01929,0.01932,0.01922,0.01926,3830190.0
1744412400000,0.01926,0.01934,0.01922,0.01931,1954308.0
1744416000000,0.01932,0.01932,0.01914,0.01916,5834943.0
1744419600000,0.01915,0.0192,0.01913,0.01918,2725553.0
1744423200000,0.01919,0.01924,0.01914,0.01914,1179363.0
1744426800000,0.01913,0.01921,0.01912,0.01918,3907901.0
1744430400000,0.01918,0.01936,0.01912,0.01934,2606525.0
1744434000000,0.01935,0.01944,0.01933,0.01938,2821770.0
1744437600000,0.01939,0.0195,0.01939,0.01945,2004074.0
1744441200000,0.01944,0.01952,0.01941,0.0195,2328849.0
1744444800000,0.01949,0.01956,0.01943,0.01948,3061286.0
1744448400000,0.01948,0.01955,0.01943,0.0195,2496775.0
1744452000000,0.01951,0.01968,0.01948,0.01966,2862745.0
1744455600000,0.01967,0.0197,0.01962,0.01969,3402223.0
1744459200000,0.01969,0.01976,0.01963,0.01974,5271085.0
1744462800000,0.01973,0.01998,0.01972,0.01995,5483851.0
1744466400000,0.01996,0.02017,0.01994,0.02009,13854826.0
1744470000000,0.02009,0.02063,0.02004,0.02027,19192086.0
1744473600000,0.02026,0.02043,0.02009,0.02019,13371187.0
1744477200000,0.02018,0.02026,0.02007,0.02022,7091014.0
1744480800000,0.02021,0.02027,0.02015,0.02024,3326190.0
1744484400000,0.02024,0.02026,0.0201,0.02024,2093627.0
1744488000000,0.02024,0.0204,0.02022,0.02028,2603438.0
1744491600000,0.02027,0.02043,0.02026,0.02041,2718883.0
1744495200000,0.02041,0.02046,0.02037,0.02038,3265433.0
1744498800000,0.02039,0.02041,0.02032,0.02035,3447150.0
1744502400000,0.02036,0.02039,0.02022,0.02033,8457268.0
1744506000000,0.02035,0.02038,0.02011,0.02013,4087182.0
1744509600000,0.02013,0.02078,0.01994,0.02,34502787.0
1744513200000,0.02,0.0201,0.01997,0.02004,4053559.0
1744516800000,0.02005,0.02007,0.01978,0.0198,4850912.0
1744520400000,0.01981,0.01985,0.01971,0.01973,4371868.0
1744524000000,0.01974,0.01989,0.01973,0.0198,5721861.0
1744527600000,0.0198,0.01987,0.01978,0.01983,1884497.0
1744531200000,0.01983,0.01992,0.01973,0.01992,1954744.0
1744534800000,0.01992,0.02003,0.01987,0.02002,3939899.0
1744538400000,0.02002,0.02006,0.01988,0.02,3026473.0
1744542000000,0.02,0.02,0.01979,0.01984,2363391.0
1744545600000,0.01985,0.01992,0.0198,0.01987,2800483.0
1744549200000,0.01988,0.01994,0.01953,0.01961,8790142.0
1744552800000,0.01961,0.01974,0.01956,0.01968,6930512.0
1744556400000,0.0197,0.0197,0.01956,0.01968,6161071.0
1744560000000,0.01968,0.01983,0.01967,0.01982,1910904.0
1744563600000,0.01983,0.02014,0.01979,0.02009,7063934.0
1744567200000,0.02009,0.02013,0.01988,0.0199,4084816.0
1744570800000,0.0199,0.01991,0.01923,0.01953,16012995.0
1744574400000,0.01954,0.01973,0.01938,0.01943,9890422.0
1744578000000,0.01943,0.01952,0.01924,0.01942,8663295.0
1744581600000,0.01942,0.01951,0.01926,0.01928,4210742.0
1744585200000,0.01927,0.0195,0.01925,0.01947,7284774.0
1744588800000,0.01949,0.01982,0.01946,0.01972,8171547.0
1744592400000,0.01971,0.0199,0.01964,0.01966,8547409.0
1744596000000,0.01967,0.02018,0.01964,0.02,10365627.0
1744599600000,0.01999,0.02,0.01966,0.01968,5381358.0
1744603200000,0.01969,0.01983,0.01966,0.01977,2312177.0
1744606800000,0.01977,0.01982,0.01955,0.01956,2572940.0
1744610400000,0.01957,0.0196,0.01949,0.01954,1743128.0
1744614000000,0.01953,0.01963,0.01943,0.01962,2826793.0
1744617600000,0.01962,0.01976,0.01957,0.01971,2659367.0
1744621200000,0.01971,0.01973,0.01961,0.01969,2416093.0
1744624800000,0.01968,0.01999,0.01966,0.01996,3895341.0
1744628400000,0.01996,0.02006,0.01992,0.01998,5492360.0
1744632000000,0.01997,0.02002,0.01984,0.0199,3654520.0
1744635600000,0.0199,0.01996,0.01957,0.01967,10600411.0
1744639200000,0.01968,0.02004,0.01966,0.01993,9798794.0
1744642800000,0.01992,0.01994,0.01941,0.01949,13458422.0
1744646400000,0.01949,0.01971,0.0194,0.01955,8753455.0
1744650000000,0.01955,0.01981,0.01955,0.0198,6272948.0
1744653600000,0.01979,0.01989,0.01977,0.01984,4363354.0
1744657200000,0.01985,0.01992,0.01973,0.01975,2319749.0
1744660800000,0.01976,0.01983,0.01971,0.01982,3048164.0
1744664400000,0.01981,0.01982,0.01966,0.01979,1470484.0
1744668000000,0.0198,0.01992,0.01974,0.01986,3407187.0
1744671600000,0.01986,0.01993,0.01984,0.01986,2575687.0
1744675200000,0.01987,0.0199,0.01958,0.01971,4867156.0
1744678800000,0.01972,0.01975,0.01951,0.01973,2855335.0
1744682400000,0.01974,0.01976,0.01958,0.01974,3402689.0
1744686000000,0.01975,0.01988,0.01971,0.01983,1618182.0
1744689600000,0.01983,0.02,0.01979,0.01989,6663370.0
1744693200000,0.0199,0.01999,0.01983,0.01984,3522647.0
1744696800000,0.01984,0.01986,0.01966,0.01968,4592273.0
1744700400000,0.01967,0.01984,0.01967,0.01978,3177044.0
1744704000000,0.01979,0.0198,0.01966,0.01968,2668496.0
1744707600000,0.01968,0.0198,0.01965,0.01978,2305549.0
1744711200000,0.01978,0.01985,0.01962,0.01974,11075505.0
1744714800000,0.01974,0.01988,0.01972,0.01985,3475009.0
1744718400000,0.01986,0.01996,0.0198,0.01991,4378766.0
1744722000000,0.01991,0.02013,0.01981,0.01992,9761776.0
1744725600000,0.0199,0.02006,0.0197,0.01985,8609011.0
1744729200000,0.01985,0.01996,0.01975,0.0198,4435332.0
1744732800000,0.0198,0.01991,0.01971,0.01983,3935946.0
1744736400000,0.01983,0.01984,0.01956,0.01963,7777111.0
1744740000000,0.01963,0.01968,0.0195,0.01962,4426430.0
1744743600000,0.01962,0.01969,0.01953,0.01955,3325708.0
1744747200000,0.01955,0.01964,0.01941,0.01951,4193231.0
1744750800000,0.01951,0.01973,0.01951,0.01971,3378410.0
1744754400000,0.01972,0.01972,0.01952,0.01955,2979001.0
1744758000000,0.01956,0.0196,0.01947,0.01952,2155941.0
1744761600000,0.01951,0.01963,0.01939,0.01945,4729872.0
1744765200000,0.01944,0.0196,0.01942,0.01957,3771856.0
1744768800000,0.01957,0.01963,0.01951,0.01959,2267900.0
1744772400000,0.01958,0.01962,0.01949,0.01949,3251285.0
1744776000000,0.0195,0.01954,0.01938,0.01944,2133862.0
1744779600000,0.01944,0.01954,0.01914,0.01927,16580660.0
1744783200000,0.01927,0.01939,0.01924,0.01934,3799393.0
1744786800000,0.01934,0.01938,0.01909,0.01911,3185537.0
1744790400000,0.01911,0.0193,0.01896,0.0191,4438135.0
1744794000000,0.01911,0.01916,0.01889,0.019,8900314.0
1744797600000,0.01899,0.01919,0.01898,0.01909,5040680.0
1744801200000,0.01908,0.0192,0.01906,0.01915,3407589.0
1744804800000,0.01916,0.01922,0.01895,0.01899,6112838.0
1744808400000,0.01898,0.01909,0.01886,0.01894,11318279.0
1744812000000,0.01893,0.01929,0.01893,0.01921,4895425.0
1744815600000,0.01922,0.01947,0.01921,0.01927,7999326.0
1744819200000,0.01928,0.0193,0.019,0.01918,5747355.0
1744822800000,0.01918,0.01939,0.01868,0.0187,10359311.0
1744826400000,0.01872,0.01922,0.01871,0.01904,7320589.0
1744830000000,0.01904,0.01931,0.0189,0.01924,4453138.0
1744833600000,0.01924,0.01934,0.019,0.01906,2642830.0
1744837200000,0.01905,0.01917,0.01897,0.01914,2699837.0
1744840800000,0.01915,0.01917,0.01904,0.01911,3367661.0
1744844400000,0.01912,0.01913,0.019,0.01909,2105531.0
1744848000000,0.01909,0.01913,0.01875,0.01886,18717925.0
1744851600000,0.01887,0.01908,0.01882,0.01908,4240270.0
1744855200000,0.01906,0.01907,0.01891,0.01895,2435168.0
1744858800000,0.01895,0.01898,0.01881,0.01884,1703354.0
1744862400000,0.01885,0.019,0.01881,0.01897,1970447.0
1744866000000,0.01897,0.01915,0.01896,0.0191,2457581.0
1744869600000,0.01911,0.01924,0.01908,0.01917,2390976.0
1744873200000,0.01917,0.01924,0.01912,0.01916,1723062.0
1744876800000,0.01916,0.01922,0.01913,0.01917,3085588.0
1744880400000,0.01917,0.01922,0.01913,0.01922,2997209.0
1744884000000,0.01922,0.01922,0.0191,0.0192,2411161.0
1744887600000,0.0192,0.01927,0.01916,0.01922,1596373.0
1744891200000,0.01922,0.01932,0.01922,0.01928,3324621.0
1744894800000,0.01929,0.01929,0.01915,0.01923,3000596.0
1744898400000,0.01922,0.01924,0.01897,0.01902,4221703.0
1744902000000,0.01902,0.01927,0.01902,0.01924,5293438.0
1744905600000,0.01925,0.01957,0.01917,0.01943,8561037.0
1744909200000,0.01944,0.01959,0.01944,0.01958,2234908.0
1744912800000,0.01958,0.01963,0.01948,0.01949,2690046.0
1744916400000,0.01948,0.01953,0.01927,0.01937,2558609.0
1744920000000,0.01937,0.0195,0.01937,0.01945,3406991.0
1744923600000,0.01945,0.01954,0.01945,0.01953,1175648.0
1744927200000,0.01952,0.01963,0.01936,0.01939,1930466.0
1744930800000,0.01938,0.01951,0.01938,0.01949,1727641.0
1744934400000,0.0195,0.01952,0.01929,0.01931,3871690.0
1744938000000,0.01932,0.01948,0.01928,0.01945,3470489.0
1744941600000,0.01946,0.01954,0.01942,0.01951,2287155.0
1744945200000,0.01952,0.01973,0.0195,0.01973,5312303.0
1744948800000,0.01973,0.01997,0.01962,0.01996,7927824.0
1744952400000,0.01995,0.02002,0.01988,0.02001,5032460.0
1744956000000,0.02,0.02005,0.01988,0.01996,3577254.0
1744959600000,0.01996,0.02004,0.01988,0.02004,4936368.0
1744963200000,0.02004,0.0201,0.01986,0.01995,7981679.0
1744966800000,0.01995,0.02001,0.01989,0.01992,2855870.0
1744970400000,0.01993,0.01997,0.01989,0.01991,2700206.0
1744974000000,0.01992,0.02008,0.0199,0.02005,4264337.0
1744977600000,0.02004,0.02018,0.01999,0.02006,4932536.0
1744981200000,0.02005,0.02008,0.01991,0.01996,3161670.0
1744984800000,0.01996,0.02001,0.01988,0.01994,3538034.0
1744988400000,0.01994,0.01994,0.0198,0.01982,2881473.0
1744992000000,0.01984,0.01994,0.0198,0.01992,3255753.0
1744995600000,0.01992,0.02001,0.01989,0.02001,2052226.0
1744999200000,0.02001,0.02007,0.01996,0.02002,3001627.0
1745002800000,0.02002,0.02004,0.01995,0.02,1557473.0
1745006400000,0.02,0.02004,0.01993,0.01996,1288906.0
1745010000000,0.01995,0.02,0.01991,0.01998,1396715.0
1745013600000,0.01998,0.01998,0.01985,0.01989,1737532.0
1745017200000,0.01989,0.0199,0.01983,0.01987,2389185.0
1745020800000,0.01987,0.02002,0.01984,0.02002,2352375.0
1745024400000,0.02002,0.02009,0.02002,0.02007,2311814.0
1745028000000,0.02007,0.02017,0.02004,0.0201,2200037.0
1745031600000,0.02011,0.02022,0.0201,0.02018,1569151.0
1745035200000,0.02019,0.02021,0.02012,0.02018,3183823.0
1745038800000,0.02019,0.02022,0.0201,0.02011,3023566.0
1745042400000,0.02011,0.02014,0.02006,0.0201,1230218.0
1745046000000,0.0201,0.02026,0.0201,0.02025,2352487.0
1745049600000,0.02025,0.02026,0.02012,0.02017,2592980.0
1745053200000,0.02018,0.02022,0.02011,0.02015,1875434.0
1745056800000,0.02014,0.02015,0.02007,0.0201,2611138.0
1745060400000,0.02011,0.02013,0.02005,0.02006,1255644.0
1745064000000,0.02007,0.02009,0.01993,0.02,4133833.0
1745067600000,0.02001,0.02007,0.01996,0.02005,2316233.0
1745071200000,0.02005,0.02006,0.01996,0.02006,2078204.0
1745074800000,0.02005,0.02011,0.01999,0.02006,2788510.0
1745078400000,0.02007,0.02018,0.02002,0.02006,3433831.0
1745082000000,0.02006,0.02025,0.01999,0.02021,3001403.0
1745085600000,0.02021,0.02037,0.02019,0.02027,5859364.0
1745089200000,0.02028,0.02031,0.0202,0.02025,3283362.0
1745092800000,0.02026,0.02033,0.02022,0.02033,3135899.0
1745096400000,0.02033,0.02037,0.0203,0.02031,2103525.0
1745100000000,0.02032,0.02041,0.02026,0.02029,4501492.0
1745103600000,0.02028,0.0203,0.02022,0.02024,908037.0
1745107200000,0.02025,0.0204,0.02023,0.02025,5366214.0
1745110800000,0.02024,0.02037,0.02024,0.02036,979696.0
1745114400000,0.02037,0.02039,0.02033,0.02036,1516594.0
1745118000000,0.02037,0.02045,0.02033,0.02045,3513764.0
1745121600000,0.02044,0.02074,0.02041,0.02071,11246462.0
1745125200000,0.0207,0.0207,0.02055,0.02055,5365014.0
1745128800000,0.02054,0.02056,0.02041,0.02048,3223878.0
1745132400000,0.02048,0.02048,0.0203,0.0203,3175431.0
1745136000000,0.02031,0.02036,0.02015,0.02018,2161634.0
1745139600000,0.02018,0.02022,0.02013,0.02014,3265892.0
1745143200000,0.02014,0.02017,0.01991,0.01995,4790556.0
1745146800000,0.01996,0.02004,0.01991,0.01998,3296449.0
1745150400000,0.01998,0.02009,0.01996,0.02002,1322980.0
1745154000000,0.02003,0.02009,0.01996,0.02005,2076828.0
1745157600000,0.02006,0.02016,0.02004,0.02011,3148673.0
1745161200000,0.02011,0.02014,0.02,0.02004,1648510.0
1745164800000,0.02004,0.02032,0.02004,0.0203,4840613.0
1745168400000,0.02031,0.02042,0.02026,0.02031,6227037.0
1745172000000,0.02031,0.02037,0.02031,0.02035,1368046.0
1745175600000,0.02034,0.02042,0.02034,0.02041,954084.0
1745179200000,0.02042,0.02056,0.0204,0.02048,2288520.0
1745182800000,0.02047,0.02048,0.0204,0.0204,1008425.0
1745186400000,0.02041,0.02041,0.02024,0.0203,2842996.0
1745190000000,0.0203,0.02038,0.0203,0.02038,1443932.0
1745193600000,0.02038,0.02078,0.02036,0.02069,10660759.0
1745197200000,0.0207,0.02092,0.02069,0.02089,7444886.0
1745200800000,0.0209,0.02098,0.02066,0.02071,13790864.0
1745204400000,0.02072,0.02076,0.02062,0.02063,3141086.0
1745208000000,0.02064,0.02073,0.02055,0.02069,9728662.0
1745211600000,0.0207,0.02092,0.02066,0.02083,4716460.0
1745215200000,0.02084,0.02094,0.02084,0.02087,4699431.0
1745218800000,0.02087,0.02095,0.02083,0.02095,1380083.0
1745222400000,0.02094,0.02107,0.02093,0.02099,6876711.0
1745226000000,0.021,0.02104,0.02084,0.02093,2137709.0
1745229600000,0.02093,0.02095,0.02085,0.02094,1941079.0
1745233200000,0.02095,0.02096,0.02069,0.02078,3196379.0
1745236800000,0.02078,0.02087,0.02075,0.02076,4041447.0
1745240400000,0.02076,0.02086,0.02072,0.02074,4204711.0
1745244000000,0.02074,0.02104,0.0207,0.02098,10450108.0
1745247600000,0.02098,0.02099,0.02082,0.02086,4397240.0
1745251200000,0.02086,0.02092,0.02063,0.02066,5850732.0
1745254800000,0.02066,0.02068,0.02039,0.02061,9699130.0
1745258400000,0.0206,0.02061,0.02051,0.02051,1647476.0
1745262000000,0.02051,0.02068,0.02049,0.02064,3248218.0
1745265600000,0.02063,0.02063,0.02056,0.02062,1171515.0
1745269200000,0.02062,0.02062,0.02053,0.02056,1875684.0
1745272800000,0.02056,0.02056,0.02047,0.02054,2313522.0
1745276400000,0.02053,0.02057,0.02046,0.02057,1960472.0
1745280000000,0.02057,0.02058,0.02015,0.02039,13783147.0
1745283600000,0.0204,0.02073,0.02037,0.02069,6258757.0
1745287200000,0.02069,0.02073,0.02056,0.02061,4546899.0
1745290800000,0.02061,0.02067,0.02053,0.02067,1772252.0
1745294400000,0.02067,0.02071,0.02064,0.02065,1785507.0
1745298000000,0.02065,0.02068,0.02058,0.02068,1806265.0
1745301600000,0.02067,0.02068,0.02049,0.02057,4426419.0
1745305200000,0.02056,0.02091,0.02052,0.02086,12194341.0
1745308800000,0.02087,0.02092,0.0207,0.02078,3927802.0
1745312400000,0.02078,0.02081,0.02069,0.02078,4120948.0
1745316000000,0.02078,0.02087,0.02072,0.02087,1860020.0
1745319600000,0.02087,0.02097,0.0208,0.02092,2118360.0
1745323200000,0.02093,0.02105,0.02091,0.02102,5729764.0
1745326800000,0.02102,0.02123,0.02098,0.02123,6518901.0
1745330400000,0.02123,0.02137,0.02115,0.02132,10452764.0
1745334000000,0.02132,0.02147,0.0212,0.02129,15788564.0
1745337600000,0.0213,0.02146,0.02127,0.02144,4538480.0
1745341200000,0.02145,0.0216,0.02137,0.02159,4844206.0
1745344800000,0.02158,0.02163,0.02147,0.02159,4972794.0
1745348400000,0.02159,0.02166,0.02141,0.02149,10490636.0
1745352000000,0.02149,0.02159,0.02147,0.02153,2513367.0
1745355600000,0.02153,0.02205,0.02152,0.02196,7744519.0
1745359200000,0.02197,0.02214,0.0218,0.02194,10809402.0
1745362800000,0.02193,0.0221,0.02191,0.02203,4983802.0
1745366400000,0.02204,0.02209,0.02185,0.02187,7239861.0
1745370000000,0.02188,0.02206,0.02179,0.02181,6480429.0
1745373600000,0.0218,0.02205,0.02176,0.022,5413141.0
1745377200000,0.02201,0.02216,0.02196,0.02215,3305304.0
1745380800000,0.02215,0.0222,0.02205,0.0222,4209709.0
1745384400000,0.0222,0.0222,0.02206,0.0221,5773707.0
1745388000000,0.0221,0.02217,0.02199,0.02204,6036602.0
1745391600000,0.02205,0.02216,0.02193,0.02214,5702970.0
1745395200000,0.02214,0.02222,0.0221,0.02222,3288992.0
1745398800000,0.02222,0.02228,0.02216,0.02216,3259699.0
1745402400000,0.02216,0.02218,0.02193,0.02215,6551505.0
1745406000000,0.02216,0.02225,0.02212,0.02214,4152581.0
1745409600000,0.02215,0.02235,0.02211,0.02226,10271032.0
1745413200000,0.02227,0.02242,0.02176,0.02188,21280400.0
1745416800000,0.02189,0.02217,0.02186,0.0219,20226454.0
1745420400000,0.02189,0.02192,0.0215,0.02188,15079450.0
1745424000000,0.02187,0.02196,0.02166,0.02195,8870903.0
1745427600000,0.02194,0.02206,0.02189,0.022,6267368.0
1745431200000,0.022,0.02209,0.0219,0.02195,3862908.0
1745434800000,0.02195,0.02195,0.02164,0.02177,15747969.0
1745438400000,0.02176,0.02189,0.02176,0.02187,5332919.0
1745442000000,0.02186,0.02189,0.02171,0.02176,2510034.0
1745445600000,0.02176,0.02193,0.02173,0.02192,1453510.0
1745449200000,0.02192,0.02194,0.02179,0.02187,2097606.0
1745452800000,0.02187,0.02189,0.02165,0.02176,5741984.0
1745456400000,0.02177,0.02185,0.02165,0.0218,4426839.0
1745460000000,0.0218,0.02189,0.02162,0.02164,4459868.0
1745463600000,0.02165,0.02177,0.02143,0.02145,5131782.0
1745467200000,0.02145,0.02159,0.02136,0.02156,8341837.0
1745470800000,0.02157,0.02173,0.02152,0.0216,5050024.0
1745474400000,0.0216,0.02168,0.02152,0.02155,1976330.0
1745478000000,0.02155,0.02163,0.02138,0.0214,2794503.0
1745481600000,0.02141,0.02148,0.02116,0.02122,6197985.0
1745485200000,0.02122,0.02141,0.0212,0.02139,5117978.0
1745488800000,0.02139,0.02154,0.02138,0.02152,3758378.0
1745492400000,0.02151,0.02162,0.02146,0.02162,4717258.0
1745496000000,0.02162,0.02165,0.02148,0.02164,12360514.0
1745499600000,0.02164,0.02203,0.02159,0.0218,21903474.0
1745503200000,0.02181,0.02214,0.02179,0.02208,10785999.0
1745506800000,0.02208,0.02236,0.02204,0.02224,10251029.0
1745510400000,0.02225,0.02237,0.02218,0.02231,4683617.0
1745514000000,0.02231,0.02237,0.02208,0.02216,5125838.0
1745517600000,0.02216,0.02238,0.02216,0.02233,2700398.0
1745521200000,0.02233,0.02242,0.02224,0.02236,2304841.0
1745524800000,0.02235,0.02248,0.02228,0.02235,12450816.0
1745528400000,0.02234,0.02235,0.02217,0.02225,3051487.0
1745532000000,0.02227,0.02236,0.02224,0.0223,1591813.0
1745535600000,0.0223,0.02252,0.02228,0.02244,2702501.0
1745539200000,0.02244,0.02246,0.02232,0.02241,6358533.0
1745542800000,0.02242,0.02252,0.02235,0.02236,5279889.0
1745546400000,0.02236,0.02242,0.02207,0.0221,5204829.0
1745550000000,0.02211,0.02297,0.02208,0.02268,57303293.0
1745553600000,0.02269,0.02344,0.02253,0.0234,106428415.0
1745557200000,0.0234,0.02365,0.02313,0.02351,52931851.0
1745560800000,0.02352,0.02352,0.02298,0.02301,28453200.0
1745564400000,0.02302,0.02312,0.02283,0.02293,19338596.0
1745568000000,0.02295,0.02357,0.02294,0.02332,30222967.0
1745571600000,0.02333,0.02361,0.02322,0.02336,33453075.0
1745575200000,0.02336,0.02358,0.02316,0.02342,32785549.0
1745578800000,0.02343,0.02372,0.02336,0.02355,21228749.0
1745582400000,0.02356,0.02392,0.02336,0.02336,37206078.0
1745586000000,0.02337,0.02355,0.02326,0.0234,19635510.0
1745589600000,0.0234,0.02395,0.02337,0.02375,36876278.0
1745593200000,0.02374,0.02391,0.02343,0.02374,30372154.0
1745596800000,0.02375,0.02549,0.02348,0.02532,253796602.0
1745600400000,0.0253,0.0258,0.02461,0.02478,156063474.0
1745604000000,0.02479,0.02533,0.02469,0.02469,38063718.0
1745607600000,0.0247,0.02481,0.02435,0.02478,31856756.0
1745611200000,0.02477,0.0252,0.02463,0.02514,23056189.0
1745614800000,0.02515,0.0256,0.02478,0.025,41682097.0
1745618400000,0.025,0.02511,0.02477,0.02489,16037304.0
1745622000000,0.02489,0.02491,0.02438,0.02457,37950944.0
1745625600000,0.02456,0.02474,0.02398,0.02424,56066458.0
1745629200000,0.02424,0.02479,0.02411,0.02457,43967591.0
1745632800000,0.02458,0.0246,0.02433,0.02438,16005890.0
1745636400000,0.02437,0.02442,0.02418,0.02424,8647107.0
1745640000000,0.02424,0.02456,0.02418,0.02424,14125635.0
1745643600000,0.02424,0.02459,0.02407,0.02442,18724827.0
1745647200000,0.02442,0.02518,0.02388,0.02438,134327181.0
1745650800000,0.02439,0.02444,0.02416,0.02416,13071260.0
1745654400000,0.02416,0.02424,0.0239,0.02393,17223000.0
1745658000000,0.02393,0.02394,0.02369,0.02385,18081045.0
1745661600000,0.02384,0.02395,0.02378,0.02388,5361580.0
1745665200000,0.02388,0.02419,0.02351,0.02375,74134630.0
1745668800000,0.02376,0.02416,0.02376,0.02386,27421747.0
1745672400000,0.02386,0.02394,0.02345,0.02362,13843521.0
1745676000000,0.02362,0.0237,0.02347,0.02363,4521094.0
1745679600000,0.02363,0.02383,0.02362,0.02379,8275914.0
1745683200000,0.02379,0.0238,0.02354,0.02367,11305691.0
1745686800000,0.02368,0.0238,0.02364,0.02369,11610437.0
1745690400000,0.0237,0.02379,0.02365,0.02369,3408736.0
1745694000000,0.02369,0.0238,0.02367,0.02377,4267400.0
1745697600000,0.02377,0.02384,0.02365,0.02369,4554173.0
1745701200000,0.02369,0.02386,0.02369,0.02381,4470210.0
1745704800000,0.02381,0.02402,0.0238,0.02398,7190114.0
1745708400000,0.02397,0.02401,0.02385,0.02387,8259752.0
1745712000000,0.02388,0.02482,0.02377,0.02462,117703386.0
1745715600000,0.02462,0.02462,0.02369,0.02389,34887252.0
1745719200000,0.02388,0.02419,0.02384,0.02392,15999253.0
1745722800000,0.02393,0.02405,0.0237,0.0238,11613596.0
1745726400000,0.0238,0.02391,0.0235,0.02359,12483734.0
1745730000000,0.02359,0.02369,0.02331,0.02353,10348092.0
1745733600000,0.02353,0.02368,0.02341,0.02354,5215401.0
1745737200000,0.02355,0.0236,0.02347,0.0236,3865763.0
1745740800000,0.02359,0.02368,0.02351,0.0236,4886022.0
1745744400000,0.0236,0.02362,0.02348,0.02352,4539316.0
1745748000000,0.02353,0.02354,0.02317,0.02337,21157438.0
1745751600000,0.02337,0.02339,0.02309,0.02317,8050171.0
1745755200000,0.02316,0.02319,0.02283,0.02285,12770757.0
1745758800000,0.02285,0.023,0.02265,0.02295,10141197.0
1745762400000,0.02294,0.023,0.02275,0.02284,7518870.0
1745766000000,0.02285,0.02286,0.02273,0.02278,5231835.0
1745769600000,0.02278,0.02283,0.02258,0.0227,16525815.0
1745773200000,0.0227,0.02284,0.02266,0.02281,3104565.0
1745776800000,0.02281,0.02293,0.02279,0.02284,5053347.0
1745780400000,0.02283,0.02289,0.02278,0.02288,2288788.0
1745784000000,0.02289,0.02291,0.02278,0.0228,3727843.0
1745787600000,0.0228,0.02293,0.02274,0.02288,3770656.0
1745791200000,0.02287,0.02287,0.02267,0.02275,3788926.0
1745794800000,0.02275,0.02275,0.02246,0.02254,9489523.0
1745798400000,0.02254,0.0227,0.02218,0.02237,32558832.0
1745802000000,0.02237,0.02237,0.02166,0.02183,31126189.0
1745805600000,0.02182,0.02222,0.02174,0.02219,14973951.0
1745809200000,0.02219,0.0224,0.02211,0.02227,10149709.0
1745812800000,0.02225,0.02243,0.02216,0.02234,9269092.0
1745816400000,0.02233,0.02239,0.02228,0.02235,6228906.0
1745820000000,0.02236,0.02262,0.02233,0.02257,6128317.0
1745823600000,0.02256,0.0228,0.02254,0.02278,7453635.0
1745827200000,0.02278,0.02302,0.02278,0.02286,14302489.0
1745830800000,0.02286,0.0229,0.02269,0.02271,8627384.0
1745834400000,0.02271,0.02286,0.02248,0.02277,8992109.0
1745838000000,0.02277,0.02289,0.02267,0.02278,7571008.0
1745841600000,0.02279,0.02288,0.02257,0.02265,11321310.0
1745845200000,0.02264,0.02267,0.02233,0.02233,11408204.0
1745848800000,0.02235,0.02257,0.02227,0.02233,6801830.0
1745852400000,0.02233,0.0224,0.02197,0.02211,9794008.0
1745856000000,0.0221,0.02228,0.02198,0.02214,6588804.0
1745859600000,0.02215,0.02231,0.0221,0.0223,2724576.0
1745863200000,0.02231,0.02234,0.02218,0.02232,3042529.0
1745866800000,0.02232,0.0225,0.02229,0.02248,8257966.0
1745870400000,0.02248,0.02255,0.02243,0.02249,3611895.0
1745874000000,0.02248,0.02256,0.02243,0.02255,2644199.0
1745877600000,0.02255,0.02265,0.02248,0.02257,8611104.0
1745881200000,0.02258,0.02274,0.0225,0.02272,8547343.0
1745884800000,0.02272,0.02315,0.0227,0.02311,19411985.0
1745888400000,0.02311,0.02313,0.02288,0.0229,8332466.0
1745892000000,0.0229,0.02292,0.0225,0.02272,29895559.0
1745895600000,0.02272,0.02282,0.02271,0.02276,3063252.0
1745899200000,0.02277,0.02299,0.02255,0.02259,15270243.0
1745902800000,0.02259,0.02262,0.02244,0.02256,11192272.0
1745906400000,0.02256,0.02275,0.02256,0.02272,4935533.0
1745910000000,0.02272,0.02279,0.02269,0.02277,3450151.0
1745913600000,0.02278,0.02279,0.02264,0.02268,4044133.0
1745917200000,0.02268,0.0227,0.02235,0.02248,9132255.0
1745920800000,0.02247,0.02249,0.02215,0.02224,9580535.0
1745924400000,0.02223,0.02234,0.0222,0.0223,5162753.0
1745928000000,0.0223,0.02232,0.02209,0.02212,9343892.0
1745931600000,0.02212,0.02232,0.02208,0.02227,6057127.0
1745935200000,0.02227,0.02248,0.02218,0.02244,9570017.0
1745938800000,0.02243,0.02244,0.02231,0.02234,3114765.0
1745942400000,0.02234,0.02247,0.02226,0.02229,5173432.0
1745946000000,0.02229,0.02238,0.02219,0.02233,4505272.0
1745949600000,0.02233,0.02241,0.02223,0.02238,5492603.0
1745953200000,0.02238,0.02238,0.02214,0.0222,5501525.0
1745956800000,0.02219,0.02223,0.02207,0.02211,2838400.0
1745960400000,0.0221,0.02214,0.02186,0.02204,6370607.0
1745964000000,0.02203,0.02203,0.02187,0.02193,5599421.0
1745967600000,0.02193,0.02202,0.02178,0.022,4281778.0
1745971200000,0.02199,0.02202,0.02189,0.022,5587124.0
1745974800000,0.02199,0.022,0.02183,0.02194,2251581.0
1745978400000,0.02195,0.02203,0.02191,0.022,2895765.0
1745982000000,0.02199,0.02205,0.02194,0.02202,1928579.0
1745985600000,0.02202,0.02227,0.022,0.02225,2383492.0
1745989200000,0.02226,0.02228,0.02214,0.02216,1928916.0
1745992800000,0.02216,0.02222,0.02214,0.02215,1115951.0
1745996400000,0.02216,0.0222,0.02202,0.02204,4611484.0
1746000000000,0.02205,0.02234,0.02199,0.02223,6294385.0
1746003600000,0.02222,0.0224,0.02221,0.02237,3806127.0
1746007200000,0.02237,0.02242,0.02231,0.02239,1805391.0
1746010800000,0.02239,0.02241,0.0223,0.02234,2990385.0
1746014400000,0.02234,0.02236,0.02182,0.02203,11537004.0
1746018000000,0.022,0.022,0.0213,0.02137,23265144.0
1746021600000,0.02136,0.02192,0.02132,0.02178,10637454.0
1746025200000,0.02178,0.02193,0.02178,0.02185,3619303.0
1746028800000,0.02184,0.02192,0.02169,0.02188,4767833.0
1746032400000,0.02189,0.02206,0.02175,0.02201,5788468.0
1746036000000,0.02201,0.02225,0.02199,0.02213,6439930.0
1746039600000,0.02214,0.02221,0.02198,0.02215,4208213.0
1746043200000,0.02215,0.02231,0.02213,0.0222,8072753.0
1746046800000,0.0222,0.02226,0.02215,0.02216,2786363.0
1746050400000,0.02217,0.02227,0.02209,0.02215,2853631.0
1746054000000,0.02214,0.02221,0.02211,0.02213,1727346.0
1746057600000,0.02214,0.02223,0.02211,0.02218,2539279.0
1746061200000,0.02219,0.02228,0.02209,0.02217,4798016.0
1746064800000,0.02218,0.02222,0.02206,0.02206,3497700.0
1746068400000,0.02206,0.02216,0.02196,0.02196,2029542.0
1746072000000,0.02196,0.02198,0.02188,0.02197,1994223.0
1746075600000,0.02197,0.02211,0.02193,0.02204,3340131.0
1746079200000,0.02205,0.02206,0.02196,0.02198,2191240.0
1746082800000,0.02197,0.02211,0.02196,0.0221,3680331.0
1746086400000,0.02209,0.02221,0.02205,0.0222,3384399.0
1746090000000,0.02221,0.02232,0.0222,0.02229,3164914.0
1746093600000,0.02229,0.02252,0.02229,0.02248,8551606.0
1746097200000,0.02249,0.02252,0.02233,0.02239,4199001.0
1746100800000,0.02238,0.0224,0.02227,0.02237,3978497.0
1746104400000,0.02236,0.02245,0.02209,0.02212,11012464.0
1746108000000,0.02213,0.02241,0.02213,0.02239,5936524.0
1746111600000,0.0224,0.02248,0.02223,0.02227,5731215.0
1746115200000,0.02227,0.02238,0.0222,0.0222,3286345.0
1746118800000,0.02219,0.02232,0.02213,0.0222,4043888.0
1746122400000,0.02219,0.0222,0.02201,0.02213,6109746.0
1746126000000,0.02215,0.02215,0.02202,0.02205,2303120.0
1746129600000,0.02205,0.02216,0.02198,0.02214,3240639.0
1746133200000,0.02213,0.02222,0.02212,0.02218,1031507.0
1746136800000,0.02218,0.02221,0.02212,0.02215,1170766.0
1746140400000,0.02215,0.02216,0.02203,0.02211,2937964.0
1746144000000,0.0221,0.0222,0.02192,0.02216,4992113.0
1746147600000,0.02216,0.02227,0.02204,0.02224,6193863.0
1746151200000,0.02224,0.02293,0.02222,0.02271,72059393.0
1746154800000,0.02271,0.02308,0.02265,0.02295,31422156.0
1746158400000,0.02296,0.02337,0.0228,0.02317,49604335.0
1746162000000,0.02317,0.0235,0.02301,0.02304,95773786.0
1746165600000,0.02304,0.02307,0.02263,0.02278,34906872.0
1746169200000,0.02279,0.02295,0.02249,0.02251,17431170.0
1746172800000,0.02253,0.02293,0.0225,0.02283,15063806.0
1746176400000,0.02284,0.0229,0.02263,0.02263,14407828.0
1746180000000,0.02264,0.02272,0.02249,0.02252,9028727.0
1746183600000,0.02254,0.02274,0.02251,0.02268,7469605.0
1746187200000,0.02267,0.02272,0.02236,0.02268,13588445.0
1746190800000,0.02268,0.0227,0.02254,0.0226,6769263.0
1746194400000,0.02261,0.02296,0.02258,0.02295,17953496.0
1746198000000,0.02295,0.023,0.02257,0.0227,16294632.0
1746201600000,0.0227,0.02295,0.0227,0.0228,5744723.0
1746205200000,0.0228,0.02282,0.02266,0.02282,4275191.0
1746208800000,0.02282,0.02287,0.02276,0.02284,3548112.0
1746212400000,0.02284,0.02284,0.02256,0.02264,4666403.0
1746216000000,0.02263,0.02285,0.02259,0.02269,8838286.0
1746219600000,0.02269,0.0228,0.02255,0.02261,4182422.0
1746223200000,0.02261,0.02271,0.02258,0.02267,3196026.0
1746226800000,0.02266,0.02286,0.02265,0.02285,6250183.0
1746230400000,0.02284,0.02291,0.02241,0.02247,13786639.0
1746234000000,0.02248,0.02258,0.02233,0.02236,7832870.0
1746237600000,0.02236,0.02244,0.02228,0.02241,4535392.0
1746241200000,0.02242,0.02246,0.02238,0.02242,2460482.0
1746244800000,0.02241,0.02243,0.02236,0.02239,1709845.0
1746248400000,0.02238,0.02239,0.02231,0.02234,2026176.0
1746252000000,0.02233,0.02234,0.02222,0.02229,2889965.0
1746255600000,0.02229,0.02236,0.02224,0.02228,3555939.0
1746259200000,0.02228,0.02228,0.02216,0.02217,3227736.0
1746262800000,0.02217,0.02217,0.02207,0.02211,3563988.0
1746266400000,0.0221,0.02212,0.02188,0.02189,7798647.0
1746270000000,0.02189,0.02201,0.02186,0.02197,5146794.0
1746273600000,0.02195,0.0221,0.02195,0.02204,4881962.0
1746277200000,0.02204,0.02215,0.02203,0.02206,4317796.0
1746280800000,0.02206,0.02212,0.02201,0.02205,10074127.0
1746284400000,0.02204,0.02213,0.022,0.022,3204872.0
1746288000000,0.02201,0.02202,0.02171,0.02176,7944937.0
1746291600000,0.02177,0.02177,0.02145,0.02168,12532607.0
1746295200000,0.02167,0.0217,0.02146,0.02153,4829479.0
1746298800000,0.02153,0.02179,0.0215,0.02176,2958227.0
1746302400000,0.02176,0.02182,0.02171,0.02179,2590778.0
1746306000000,0.0218,0.02183,0.02167,0.02175,2114378.0
1746309600000,0.02174,0.02183,0.02166,0.02179,3842866.0
1746313200000,0.02178,0.02178,0.02157,0.02164,5690856.0
1746316800000,0.02163,0.02217,0.02117,0.0213,117094402.0
1746320400000,0.02131,0.02151,0.02114,0.02143,43400182.0
1746324000000,0.02144,0.02161,0.0213,0.02138,11700179.0
1746327600000,0.02138,0.0214,0.02124,0.02125,7832910.0
1746331200000,0.02125,0.02138,0.02122,0.0213,5954467.0
1746334800000,0.0213,0.02151,0.02124,0.02145,5524339.0
1746338400000,0.02144,0.02148,0.02129,0.0214,4571826.0
1746342000000,0.02141,0.02142,0.02125,0.0213,3413966.0
1746345600000,0.0213,0.02131,0.02108,0.02122,9267887.0
1746349200000,0.02122,0.02123,0.02106,0.02113,8793505.0
1746352800000,0.02112,0.02126,0.02108,0.0212,7117506.0
1746356400000,0.0212,0.02134,0.02118,0.02129,4640256.0
1746360000000,0.02129,0.02134,0.02121,0.02122,3673185.0
1746363600000,0.02123,0.02126,0.02105,0.02115,4513933.0
1746367200000,0.02115,0.02137,0.02115,0.02135,4454831.0
1746370800000,0.02134,0.02137,0.02117,0.02127,3834039.0
1746374400000,0.02126,0.0213,0.02108,0.02113,4186068.0
1746378000000,0.02113,0.0212,0.021,0.02116,5396669.0
1746381600000,0.02116,0.02118,0.02103,0.02104,3435234.0
1746385200000,0.02103,0.02111,0.02097,0.02107,3701085.0
1746388800000,0.02106,0.02125,0.02105,0.0212,4146459.0
1746392400000,0.0212,0.02137,0.02112,0.02135,5315049.0
1746396000000,0.02135,0.02135,0.02104,0.02119,6051510.0
1746399600000,0.02119,0.02121,0.02108,0.02117,3945022.0
1746403200000,0.02117,0.02133,0.02115,0.02128,5229660.0
1746406800000,0.02128,0.02129,0.02094,0.02102,9356164.0
1746410400000,0.02102,0.02136,0.02092,0.02131,5356689.0
1746414000000,0.02131,0.02135,0.02124,0.02126,3643412.0
1746417600000,0.02126,0.02144,0.02121,0.02143,2558561.0
1746421200000,0.02142,0.02158,0.0214,0.02157,3041602.0
1746424800000,0.02156,0.0216,0.02148,0.02155,3036731.0
1746428400000,0.02155,0.02162,0.02144,0.02161,3530411.0
1746432000000,0.02161,0.02167,0.02159,0.02161,2876433.0
1746435600000,0.02161,0.02163,0.0214,0.02144,6215685.0
1746439200000,0.02143,0.02146,0.02107,0.0212,6260372.0
1746442800000,0.0212,0.02132,0.02108,0.02116,5367067.0
1746446400000,0.02117,0.02122,0.02107,0.0211,3978781.0
1746450000000,0.0211,0.02121,0.02101,0.02119,7066269.0
1746453600000,0.0212,0.02131,0.02111,0.02118,5644886.0
1746457200000,0.02117,0.02125,0.02109,0.0212,2992967.0
1746460800000,0.02121,0.02139,0.02118,0.02131,3717044.0
1746464400000,0.02132,0.02153,0.0212,0.02152,4493786.0
1746468000000,0.02152,0.02163,0.02149,0.02156,4250459.0
1746471600000,0.02156,0.02159,0.02142,0.02145,3017175.0
1746475200000,0.02147,0.02147,0.02114,0.02126,4516617.0
1746478800000,0.02127,0.02154,0.02124,0.02149,5199343.0
1746482400000,0.02149,0.02162,0.02148,0.02156,2481299.0
1746486000000,0.02156,0.02157,0.02145,0.02146,2007630.0
1746489600000,0.02146,0.02152,0.02138,0.02145,3251486.0
1746493200000,0.02144,0.02157,0.02137,0.02139,4033574.0
1746496800000,0.02138,0.02153,0.02123,0.02151,5226778.0
1746500400000,0.02152,0.02163,0.02148,0.02161,5454313.0
1746504000000,0.0216,0.02171,0.02153,0.02159,7785337.0
1746507600000,0.02159,0.02163,0.02142,0.02145,7608218.0
1746511200000,0.02145,0.02152,0.02137,0.02144,7602212.0
1746514800000,0.02145,0.02152,0.02132,0.02137,7659662.0
1746518400000,0.02136,0.02136,0.02103,0.02118,13706373.0
1746522000000,0.02118,0.02118,0.02092,0.02105,8303009.0
1746525600000,0.02105,0.02106,0.02048,0.02058,20004746.0
1746529200000,0.02059,0.02069,0.02025,0.02043,31073353.0
1746532800000,0.02043,0.02047,0.02028,0.02044,14032101.0
1746536400000,0.02045,0.02046,0.02018,0.0203,13608398.0
1746540000000,0.02031,0.02067,0.0203,0.02054,14987598.0
1746543600000,0.02053,0.02069,0.02041,0.0205,9753725.0
1746547200000,0.02051,0.02058,0.02033,0.02033,11497111.0
1746550800000,0.02033,0.02064,0.02033,0.02047,8153433.0
1746554400000,0.02048,0.02073,0.02044,0.02072,6380840.0
1746558000000,0.02072,0.02077,0.02059,0.02059,4448626.0
1746561600000,0.0206,0.02063,0.02034,0.02038,7034927.0
1746565200000,0.02039,0.02047,0.02004,0.02034,6326501.0
1746568800000,0.02034,0.02092,0.02034,0.0209,13831439.0
1746572400000,0.0209,0.02107,0.02078,0.02107,7369125.0
1746576000000,0.02107,0.02126,0.02099,0.02112,10215846.0
1746579600000,0.02113,0.02118,0.02102,0.02108,5432055.0
1746583200000,0.02107,0.02108,0.02085,0.02086,6596087.0
1746586800000,0.02087,0.0209,0.02073,0.02087,4542883.0
1746590400000,0.02088,0.02105,0.02085,0.02095,7886019.0
1746594000000,0.02094,0.02096,0.0208,0.02081,3931038.0
1746597600000,0.02082,0.02093,0.02079,0.02089,3232337.0
1746601200000,0.0209,0.02105,0.0209,0.02103,2720565.0
1746604800000,0.02103,0.02121,0.02095,0.02117,12943476.0
1746608400000,0.02117,0.02124,0.02112,0.02115,4402853.0
1746612000000,0.02115,0.02119,0.02109,0.02114,3975659.0
1746615600000,0.02114,0.02115,0.02101,0.02115,6750905.0
1746619200000,0.02115,0.02118,0.02105,0.02109,3650924.0
1746622800000,0.0211,0.02116,0.02095,0.02113,7918760.0
1746626400000,0.02112,0.02117,0.02083,0.02092,8466116.0
1746630000000,0.02092,0.02095,0.02082,0.02087,5394362.0
1746633600000,0.02087,0.02089,0.02065,0.02077,8938319.0
1746637200000,0.02077,0.0208,0.02065,0.02078,6935274.0
1746640800000,0.02078,0.02102,0.02068,0.02087,16670817.0
1746644400000,0.02086,0.02091,0.02068,0.02077,9445207.0
1746648000000,0.02077,0.02084,0.02069,0.02084,6378170.0
1746651600000,0.02085,0.02104,0.02081,0.02096,2562602.0
1746655200000,0.02097,0.02112,0.02094,0.02107,6021028.0
1746658800000,0.02107,0.02141,0.02105,0.02123,14411253.0
1746662400000,0.02123,0.0214,0.02117,0.02137,10121586.0
1746666000000,0.02137,0.0219,0.02137,0.02184,46491315.0
1746669600000,0.02184,0.02194,0.02167,0.02175,17744797.0
1746673200000,0.02176,0.02185,0.02159,0.02185,24021615.0
1746676800000,0.02186,0.02236,0.02186,0.02218,30571008.0
1746680400000,0.02219,0.02224,0.02206,0.0221,7441694.0
1746684000000,0.02209,0.02214,0.02204,0.02214,8127042.0
1746687600000,0.02215,0.02226,0.02211,0.02218,9647504.0
1746691200000,0.02217,0.02231,0.0221,0.02228,11913165.0
1746694800000,0.02228,0.0223,0.02217,0.02224,10771128.0
1746698400000,0.02224,0.02234,0.0222,0.02233,10199221.0
1746702000000,0.02232,0.02232,0.02221,0.02226,5056518.0
1746705600000,0.02227,0.02234,0.02216,0.02221,7540830.0
1746709200000,0.02221,0.02233,0.02213,0.0222,11847165.0
1746712800000,0.02219,0.02238,0.02213,0.02226,7972143.0
1746716400000,0.02226,0.02271,0.02225,0.02257,25844244.0
1746720000000,0.02258,0.02272,0.02257,0.0227,13500614.0
1746723600000,0.0227,0.02272,0.02258,0.02269,6534060.0
1746727200000,0.0227,0.02272,0.02254,0.02256,6312037.0
1746730800000,0.02256,0.02283,0.02248,0.02277,9730010.0
1746734400000,0.02279,0.02309,0.02276,0.02308,8894473.0
1746738000000,0.02309,0.02332,0.02295,0.02307,11767560.0
1746741600000,0.02308,0.0231,0.02295,0.02306,8874079.0
1746745200000,0.02305,0.02326,0.02302,0.02323,9157978.0
1746748800000,0.02323,0.02327,0.02306,0.02313,8992119.0
1746752400000,0.02312,0.02332,0.02308,0.02332,7018636.0
1746756000000,0.02331,0.02339,0.02317,0.02317,7441244.0
1746759600000,0.02317,0.02332,0.02291,0.02295,9057840.0
1746763200000,0.02294,0.02308,0.02292,0.02299,6825032.0
1746766800000,0.02299,0.02314,0.02292,0.02314,5091216.0
1746770400000,0.02314,0.02355,0.02312,0.02347,11018311.0
1746774000000,0.02347,0.02397,0.02341,0.02381,23286237.0
1746777600000,0.02381,0.02427,0.02347,0.02373,43271028.0
1746781200000,0.02373,0.02389,0.02342,0.02361,25308495.0
1746784800000,0.02361,0.02402,0.02359,0.02398,17251121.0
1746788400000,0.02399,0.02417,0.02369,0.02382,20850700.0
1746792000000,0.02381,0.02391,0.02358,0.02386,12038700.0
1746795600000,0.02387,0.02415,0.02381,0.0241,12855062.0
1746799200000,0.0241,0.02412,0.02352,0.02378,22286289.0
1746802800000,0.02378,0.02392,0.02369,0.0239,18218680.0
1746806400000,0.0239,0.02391,0.02357,0.02366,16589313.0
1746810000000,0.02365,0.02415,0.02362,0.02412,12358963.0
1746813600000,0.02411,0.02412,0.02394,0.02394,6202293.0
1746817200000,0.02395,0.02401,0.02383,0.02391,6228497.0
1746820800000,0.02392,0.02399,0.02388,0.02398,4801802.0
1746824400000,0.02398,0.02409,0.02392,0.02405,4525291.0
1746828000000,0.02406,0.02417,0.02401,0.02403,3629130.0
1746831600000,0.02403,0.02417,0.02398,0.02415,4034031.0
1746835200000,0.02415,0.02526,0.02415,0.02449,95167434.0
1746838800000,0.0245,0.02481,0.02431,0.0244,18871508.0
1746842400000,0.0244,0.0247,0.02431,0.02463,10442501.0
1746846000000,0.02463,0.02472,0.02446,0.02463,22016858.0
1746849600000,0.02464,0.02465,0.02432,0.02455,15444697.0
1746853200000,0.02455,0.0247,0.02446,0.02466,11416392.0
1746856800000,0.02465,0.02489,0.02461,0.02488,16807370.0
1746860400000,0.02487,0.02497,0.02473,0.02489,13523729.0
1746864000000,0.0249,0.02507,0.02462,0.02487,22191696.0
1746867600000,0.02488,0.02498,0.02466,0.02492,16378375.0
1746871200000,0.02492,0.02508,0.02468,0.02471,17243235.0
1746874800000,0.02471,0.0248,0.02441,0.02449,23210877.0
1746878400000,0.02449,0.02473,0.02446,0.02461,14512664.0
1746882000000,0.0246,0.02483,0.0246,0.02479,5558677.0
1746885600000,0.02478,0.02487,0.02464,0.02482,6093592.0
1746889200000,0.02483,0.02483,0.02446,0.02457,7932174.0
1746892800000,0.02458,0.02493,0.02451,0.02491,9493585.0
1746896400000,0.02491,0.02513,0.02482,0.02489,15695817.0
1746900000000,0.02488,0.02499,0.02481,0.02491,6475528.0
1746903600000,0.02491,0.02496,0.0248,0.02489,3582468.0
1746907200000,0.0249,0.02518,0.02481,0.02512,8535418.0
1746910800000,0.02513,0.02527,0.02506,0.02525,3945291.0
1746914400000,0.02525,0.02548,0.02518,0.02545,7339835.0
1746918000000,0.02545,0.02575,0.02542,0.02563,17416696.0
1746921600000,0.02562,0.02582,0.0249,0.02538,36373807.0
1746925200000,0.02538,0.02542,0.02484,0.02497,16316077.0
1746928800000,0.02496,0.02517,0.02471,0.02487,20090345.0
1746932400000,0.02487,0.02508,0.02478,0.02501,7133412.0
1746936000000,0.02501,0.02513,0.02492,0.02511,8223267.0
1746939600000,0.02511,0.02512,0.02491,0.02491,7660617.0
1746943200000,0.02491,0.02494,0.02464,0.02466,12015680.0
1746946800000,0.02467,0.02467,0.02406,0.02421,21972135.0
1746950400000,0.0242,0.02445,0.02413,0.02425,9011669.0
1746954000000,0.02426,0.02461,0.02425,0.02454,6642680.0
1746957600000,0.02454,0.02466,0.02445,0.02465,7322044.0
1746961200000,0.02466,0.02478,0.02463,0.02475,4595544.0
1746964800000,0.02476,0.02481,0.02461,0.02474,5975734.0
1746968400000,0.02475,0.02482,0.02443,0.02444,27770630.0
1746972000000,0.02444,0.02476,0.02444,0.02475,13261187.0
1746975600000,0.02474,0.02486,0.02441,0.02457,18091822.0
1746979200000,0.02458,0.02472,0.02432,0.0246,14885950.0
1746982800000,0.02459,0.02483,0.0245,0.02479,10364423.0
1746986400000,0.0248,0.02506,0.02465,0.02495,11892184.0
1746990000000,0.02494,0.025,0.02488,0.02495,6369739.0
1746993600000,0.02494,0.02498,0.02482,0.02489,4267708.0
1746997200000,0.02489,0.02493,0.02478,0.02493,2149704.0
1747000800000,0.02493,0.02503,0.02472,0.02484,7085782.0
1747004400000,0.02485,0.02499,0.02478,0.02485,5705739.0
1747008000000,0.02485,0.02508,0.0248,0.02499,13107902.0
1747011600000,0.02499,0.0252,0.02448,0.02482,19024216.0
1747015200000,0.02482,0.02507,0.02479,0.02498,16097261.0
1747018800000,0.02498,0.02511,0.02478,0.02508,12193616.0
1747022400000,0.02508,0.02516,0.02491,0.02509,9768594.0
1747026000000,0.02509,0.02513,0.02466,0.02481,9559307.0
1747029600000,0.02482,0.02514,0.02474,0.02508,9858534.0
1747033200000,0.02509,0.02585,0.02509,0.02542,35859183.0
1747036800000,0.02543,0.02561,0.0251,0.02554,19712183.0
1747040400000,0.02554,0.02575,0.02551,0.02561,13527432.0
1747044000000,0.02559,0.02585,0.02546,0.02583,13569779.0
1747047600000,0.02582,0.0259,0.02531,0.02542,23517439.0
1747051200000,0.02539,0.0257,0.02524,0.02557,12771881.0
1747054800000,0.02557,0.02581,0.0252,0.02561,23704047.0
1747058400000,0.02563,0.02572,0.02474,0.02503,36615928.0
1747062000000,0.02504,0.0252,0.02464,0.02486,34437722.0
1747065600000,0.02487,0.02515,0.02467,0.02507,23516741.0
1747069200000,0.02508,0.02524,0.02478,0.02487,15304568.0
1747072800000,0.02487,0.02501,0.02368,0.02417,51883502.0
1747076400000,0.02418,0.02462,0.02414,0.02461,25059009.0
1747080000000,0.0246,0.02485,0.02446,0.02476,10909362.0
1747083600000,0.02476,0.02503,0.02474,0.025,7541276.0
1747087200000,0.025,0.02505,0.02489,0.02497,8187629.0
1747090800000,0.02497,0.02513,0.02496,0.02509,3173642.0
1747094400000,0.02509,0.02513,0.0246,0.02464,17749399.0
1747098000000,0.02464,0.02473,0.02413,0.02425,19763301.0
1747101600000,0.02425,0.02436,0.02376,0.02394,30550597.0
1747105200000,0.02394,0.02406,0.02363,0.02368,16673709.0
1747108800000,0.02369,0.02416,0.02362,0.02414,15166490.0
1747112400000,0.02414,0.0242,0.02402,0.02417,7398269.0
1747116000000,0.02418,0.02431,0.02417,0.02422,6528698.0
1747119600000,0.02422,0.02442,0.02419,0.02424,11386169.0
1747123200000,0.02424,0.02439,0.02418,0.02428,9541346.0
1747126800000,0.02427,0.02465,0.02427,0.0246,9574508.0
1747130400000,0.02459,0.0246,0.02435,0.02443,12504871.0
1747134000000,0.02442,0.02461,0.02433,0.02447,6530086.0
1747137600000,0.02448,0.02482,0.0243,0.02466,13649627.0
1747141200000,0.02467,0.02488,0.02457,0.02468,14193528.0
1747144800000,0.02468,0.0247,0.02425,0.02443,13533131.0
1747148400000,0.02442,0.02477,0.0244,0.02475,6911847.0
1747152000000,0.02475,0.02508,0.0247,0.02497,9071378.0
1747155600000,0.02497,0.0252,0.02495,0.0252,5609129.0
1747159200000,0.0252,0.02537,0.02517,0.02537,4410230.0
1747162800000,0.02537,0.02561,0.0253,0.02556,9213145.0
1747166400000,0.02556,0.02564,0.02538,0.02559,7862964.0
1747170000000,0.02558,0.02558,0.02525,0.02529,6826219.0
1747173600000,0.0253,0.02535,0.02513,0.0253,10814952.0
1747177200000,0.02531,0.02535,0.02508,0.02521,9200972.0
1747180800000,0.02522,0.02534,0.02514,0.02521,9659884.0
1747184400000,0.0252,0.02543,0.02514,0.02521,10641433.0
1747188000000,0.0252,0.02521,0.02494,0.02502,12269547.0
1747191600000,0.02502,0.02512,0.02486,0.02504,7987529.0
1747195200000,0.02505,0.02521,0.02494,0.02519,4814224.0
1747198800000,0.02519,0.02542,0.02519,0.02541,7418387.0
1747202400000,0.0254,0.02542,0.02524,0.02532,6829145.0
1747206000000,0.02533,0.02534,0.02501,0.02511,6129923.0
1747209600000,0.0251,0.02515,0.02451,0.02455,17885396.0
1747213200000,0.02454,0.02498,0.0245,0.02494,15047505.0
1747216800000,0.02494,0.02512,0.02491,0.02501,6604170.0
1747220400000,0.02502,0.02523,0.025,0.02517,2705128.0
1747224000000,0.02518,0.02523,0.02496,0.02501,4412392.0
1747227600000,0.025,0.02517,0.0246,0.02492,11809967.0
1747231200000,0.02492,0.02492,0.02454,0.02468,10469712.0
1747234800000,0.02469,0.02474,0.02446,0.02467,7503361.0
1747238400000,0.02467,0.02476,0.02444,0.02457,6199021.0
1747242000000,0.02458,0.02463,0.02423,0.02459,14961996.0
1747245600000,0.02459,0.02475,0.02453,0.02465,5045139.0
1747249200000,0.02465,0.02473,0.0245,0.02458,4850002.0
1747252800000,0.02458,0.02464,0.02454,0.02456,3775710.0
1747256400000,0.02455,0.02461,0.02436,0.02459,2256731.0
1747260000000,0.0246,0.02464,0.02442,0.02447,2425043.0
1747263600000,0.02447,0.02453,0.02432,0.0245,3177407.0
1747267200000,0.02448,0.02475,0.02445,0.02474,4467665.0
1747270800000,0.02472,0.02476,0.02433,0.02439,12319123.0
1747274400000,0.02438,0.02459,0.02436,0.02451,6705770.0
1747278000000,0.02451,0.02456,0.02428,0.02428,6467490.0
1747281600000,0.02428,0.02443,0.02422,0.02436,7962010.0
1747285200000,0.02437,0.0244,0.02381,0.02385,15723887.0
1747288800000,0.02386,0.02402,0.02362,0.02375,19197245.0
1747292400000,0.02376,0.02382,0.02333,0.02338,29602138.0
1747296000000,0.02338,0.02387,0.02336,0.02385,20451203.0
1747299600000,0.02385,0.02387,0.02355,0.02379,10422429.0
1747303200000,0.02378,0.02379,0.02332,0.02348,10296721.0
1747306800000,0.02348,0.02369,0.02345,0.0236,5216028.0
1747310400000,0.0236,0.02383,0.02353,0.0237,11408263.0
1747314000000,0.02371,0.02379,0.02306,0.0233,20425656.0
1747317600000,0.02331,0.02339,0.02286,0.02313,18345303.0
1747321200000,0.02311,0.02369,0.02302,0.02366,13044022.0
1747324800000,0.02366,0.024,0.02353,0.024,12039476.0
1747328400000,0.02401,0.02412,0.02392,0.02396,5020066.0
1747332000000,0.02395,0.02401,0.02337,0.02344,9778945.0
1747335600000,0.02342,0.02362,0.02325,0.02351,6709458.0
1747339200000,0.02352,0.02361,0.02329,0.02344,9876280.0
1747342800000,0.02344,0.02345,0.02308,0.02335,8260681.0
1747346400000,0.02335,0.02358,0.02329,0.02329,3352304.0
1747350000000,0.02329,0.02343,0.02292,0.02338,14592725.0
1747353600000,0.02339,0.0236,0.02326,0.02341,8545492.0
1747357200000,0.02343,0.02475,0.02321,0.02463,93864074.0
1747360800000,0.02463,0.02502,0.02429,0.02443,171110023.0
1747364400000,0.02445,0.02495,0.02427,0.02428,57758570.0
1747368000000,0.02429,0.02438,0.02388,0.02391,27566911.0
1747371600000,0.02392,0.02417,0.02371,0.02374,24538552.0
1747375200000,0.02375,0.02389,0.02365,0.02373,11916913.0
1747378800000,0.02374,0.02391,0.02363,0.02373,10212974.0
1747382400000,0.02374,0.02392,0.02336,0.02361,17531818.0
1747386000000,0.02362,0.02392,0.0236,0.02391,9265112.0
1747389600000,0.02391,0.02401,0.02382,0.0239,7802994.0
1747393200000,0.02391,0.02397,0.0238,0.02389,5241477.0
1747396800000,0.02389,0.02389,0.02357,0.02366,9610007.0
1747400400000,0.02365,0.0239,0.02361,0.02387,7116507.0
1747404000000,0.02387,0.02387,0.02342,0.02358,10200037.0
1747407600000,0.02357,0.02381,0.02357,0.02372,5866641.0
1747411200000,0.02371,0.02381,0.02341,0.02364,5626861.0
1747414800000,0.02363,0.02369,0.02318,0.02339,16823484.0
1747418400000,0.02339,0.02359,0.02339,0.0235,4091595.0
1747422000000,0.0235,0.02368,0.02342,0.02366,4369670.0
1747425600000,0.02364,0.02368,0.02325,0.02338,6126202.0
1747429200000,0.02338,0.02352,0.02334,0.02338,4690184.0
1747432800000,0.02338,0.02339,0.02306,0.02318,16236362.0
1747436400000,0.02318,0.02346,0.02317,0.02326,4294094.0
1747440000000,0.02327,0.02376,0.02278,0.02285,44811536.0
1747443600000,0.02284,0.02285,0.02239,0.02261,28814588.0
1747447200000,0.02261,0.02273,0.02241,0.02266,8713009.0
1747450800000,0.02265,0.02282,0.02241,0.02278,5356039.0
1747454400000,0.02279,0.02298,0.02274,0.02295,4904260.0
1747458000000,0.02294,0.02294,0.02264,0.02265,3648147.0
1747461600000,0.02266,0.02281,0.02263,0.02279,3375608.0
1747465200000,0.02278,0.02288,0.02259,0.0227,3373130.0
1747468800000,0.0227,0.02276,0.02256,0.02257,4816674.0
1747472400000,0.02256,0.02264,0.02241,0.02257,10181675.0
1747476000000,0.02257,0.02276,0.02253,0.02265,3243400.0
1747479600000,0.02265,0.02271,0.02247,0.0226,3635096.0
1747483200000,0.0226,0.02264,0.02249,0.02249,4208388.0
1747486800000,0.02249,0.02262,0.02224,0.02236,5413917.0
1747490400000,0.02236,0.0226,0.02236,0.02255,4469322.0
1747494000000,0.02255,0.0226,0.02243,0.02243,3184209.0
1747497600000,0.02243,0.02249,0.0221,0.02238,5438721.0
1747501200000,0.02238,0.0226,0.02236,0.02237,2922130.0
1747504800000,0.02236,0.02258,0.02225,0.02225,8791099.0
1747508400000,0.02225,0.02248,0.02222,0.0223,4197999.0
1747512000000,0.02229,0.02268,0.02229,0.02262,6947460.0
1747515600000,0.02262,0.02263,0.02238,0.02254,3067930.0
1747519200000,0.02254,0.02254,0.0222,0.02238,4693695.0
1747522800000,0.02239,0.02252,0.02233,0.02244,3728952.0
1747526400000,0.02244,0.02256,0.02227,0.02247,11079352.0
1747530000000,0.02247,0.02261,0.0224,0.02256,4185301.0
1747533600000,0.02256,0.02262,0.02251,0.02258,4279517.0
1747537200000,0.02258,0.02265,0.02249,0.0225,4919914.0
1747540800000,0.0225,0.02259,0.02245,0.02259,2595585.0
1747544400000,0.02259,0.02286,0.02256,0.0228,4810267.0
1747548000000,0.0228,0.0228,0.02266,0.02271,3811323.0
1747551600000,0.02271,0.02285,0.02266,0.02283,3412760.0
1747555200000,0.02283,0.02302,0.02282,0.02296,9478925.0
1747558800000,0.02296,0.02301,0.02287,0.02289,6210269.0
1747562400000,0.0229,0.02293,0.02277,0.02287,3687134.0
1747566000000,0.02286,0.02292,0.02271,0.02272,3544649.0
1747569600000,0.02272,0.02282,0.02263,0.02282,3471239.0
1747573200000,0.02283,0.02303,0.02279,0.02303,4708069.0
1747576800000,0.02303,0.02333,0.023,0.02324,10879415.0
1747580400000,0.02324,0.02351,0.02316,0.02348,10052488.0
1747584000000,0.02348,0.02351,0.02327,0.02342,9213664.0
1747587600000,0.02341,0.02343,0.02292,0.02294,11546882.0
1747591200000,0.02294,0.02294,0.02242,0.02265,30133149.0
1747594800000,0.02265,0.02275,0.02226,0.02228,11652311.0
1747598400000,0.02227,0.0224,0.02188,0.02235,22918417.0
1747602000000,0.02235,0.0228,0.02235,0.02266,6302674.0
1747605600000,0.02266,0.02294,0.02244,0.02293,11188320.0
1747609200000,0.02292,0.0233,0.02283,0.02323,6697525.0
1747612800000,0.02322,0.02337,0.02271,0.02277,16504069.0
1747616400000,0.02275,0.02281,0.02254,0.02265,8712113.0
1747620000000,0.02264,0.0227,0.02239,0.02242,5803929.0
1747623600000,0.02242,0.02242,0.02209,0.0221,11891968.0
1747627200000,0.0221,0.02223,0.0218,0.02191,35703604.0
1747630800000,0.02191,0.02202,0.02184,0.02199,12075902.0
1747634400000,0.02198,0.02212,0.02162,0.02162,11915930.0
1747638000000,0.02161,0.02204,0.0216,0.02198,7958479.0
1747641600000,0.02197,0.02203,0.02179,0.02189,6661109.0
1747645200000,0.02189,0.02198,0.02179,0.02188,6960967.0
1747648800000,0.02188,0.02202,0.02177,0.0219,4350179.0
1747652400000,0.0219,0.02197,0.02184,0.02192,3075207.0
1747656000000,0.02191,0.02193,0.02166,0.02174,5358488.0
1747659600000,0.02174,0.02215,0.0217,0.02206,8584067.0
1747663200000,0.02206,0.02226,0.02198,0.0222,5091883.0
1747666800000,0.0222,0.02235,0.02215,0.02228,4408977.0
1747670400000,0.02228,0.02248,0.02213,0.02247,4166721.0
1747674000000,0.02248,0.02261,0.02246,0.02249,5759253.0
1747677600000,0.02248,0.02253,0.0222,0.0223,4864807.0
1747681200000,0.0223,0.02246,0.02226,0.02241,5417742.0
1747684800000,0.02241,0.0225,0.02233,0.02244,4221458.0
1747688400000,0.02244,0.0225,0.02227,0.02249,2942693.0
1747692000000,0.02249,0.0225,0.02234,0.02241,2053103.0
1747695600000,0.0224,0.02254,0.02239,0.0225,2738340.0
1747699200000,0.0225,0.02277,0.02247,0.02253,7840209.0
1747702800000,0.02253,0.02293,0.02249,0.02283,9063737.0
1747706400000,0.02284,0.02317,0.02284,0.02292,10471053.0
1747710000000,0.02293,0.023,0.02273,0.02283,6782637.0
1747713600000,0.02284,0.02294,0.02274,0.0229,3450679.0
1747717200000,0.02291,0.02301,0.02283,0.02283,3749127.0
1747720800000,0.02284,0.02288,0.02264,0.02272,4805103.0
1747724400000,0.02272,0.02274,0.02253,0.02257,4129759.0
1747728000000,0.02258,0.02263,0.02239,0.02251,5774837.0
1747731600000,0.02251,0.0226,0.02242,0.02247,3812538.0
1747735200000,0.02247,0.02252,0.02218,0.02221,15622214.0
1747738800000,0.02223,0.02232,0.02199,0.0223,14278920.0
1747742400000,0.02228,0.02228,0.02202,0.02214,3955321.0
1747746000000,0.02214,0.02232,0.02211,0.02217,7132452.0
1747749600000,0.02217,0.02235,0.02213,0.0222,4848284.0
1747753200000,0.0222,0.02242,0.02219,0.02232,3366496.0
1747756800000,0.02232,0.02237,0.02213,0.02215,2881775.0
1747760400000,0.02216,0.02243,0.02214,0.02235,5124064.0
1747764000000,0.02235,0.02239,0.02199,0.02202,5703317.0
1747767600000,0.02202,0.02248,0.022,0.02243,4163660.0
1747771200000,0.02242,0.02272,0.02234,0.02271,3854801.0
1747774800000,0.02271,0.02283,0.02264,0.02276,3389610.0
1747778400000,0.02276,0.02282,0.02257,0.02274,3244999.0
1747782000000,0.02273,0.02294,0.02269,0.02281,3959009.0
1747785600000,0.02282,0.02291,0.02267,0.02268,5597684.0
1747789200000,0.02269,0.02281,0.02261,0.02262,3240314.0
1747792800000,0.02262,0.02263,0.02237,0.02256,12269382.0
1747796400000,0.02257,0.02276,0.02254,0.02267,5186963.0
1747800000000,0.02266,0.02287,0.02259,0.0227,6407677.0
1747803600000,0.02269,0.02289,0.02269,0.02286,4172660.0
1747807200000,0.02286,0.02291,0.02269,0.02286,5781130.0
1747810800000,0.02286,0.02288,0.02251,0.02259,7475877.0
1747814400000,0.02259,0.02267,0.02242,0.02245,4728677.0
1747818000000,0.02245,0.0225,0.02219,0.02228,8987373.0
1747821600000,0.02229,0.02244,0.02223,0.02239,3224304.0
1747825200000,0.0224,0.02256,0.02237,0.0225,4881077.0
1747828800000,0.0225,0.02256,0.02238,0.02248,3462926.0
1747832400000,0.02249,0.0227,0.0224,0.0226,5160887.0
1747836000000,0.02261,0.02283,0.02248,0.02283,5749891.0
1747839600000,0.02283,0.02297,0.0227,0.02291,18560428.0
1747843200000,0.02292,0.02336,0.02286,0.02319,10655853.0
1747846800000,0.02319,0.02329,0.02229,0.02247,43382289.0
1747850400000,0.02248,0.0228,0.02239,0.02267,13642396.0
1747854000000,0.02268,0.02299,0.02257,0.02297,7466483.0
1747857600000,0.02297,0.023,0.02276,0.02288,4112537.0
1747861200000,0.02289,0.02296,0.02281,0.02289,2543929.0
1747864800000,0.02289,0.02313,0.02289,0.0231,3530547.0
1747868400000,0.02309,0.02339,0.02303,0.02314,6949245.0
1747872000000,0.02315,0.02376,0.02314,0.02369,48573306.0
1747875600000,0.02369,0.02401,0.02364,0.02374,26051880.0
1747879200000,0.02375,0.02397,0.02356,0.02381,13511889.0
1747882800000,0.0238,0.02397,0.02377,0.02394,11451944.0
1747886400000,0.02393,0.02394,0.02372,0.02382,11443643.0
1747890000000,0.02382,0.02387,0.02366,0.02366,7982883.0
1747893600000,0.02367,0.02378,0.02355,0.02363,7722407.0
1747897200000,0.02362,0.02378,0.0236,0.02377,2818606.0
1747900800000,0.02378,0.02396,0.02375,0.02383,8342869.0
1747904400000,0.02383,0.02412,0.02382,0.02398,27660424.0
1747908000000,0.02398,0.02402,0.02387,0.02395,6835136.0
1747911600000,0.02394,0.02397,0.02368,0.02391,7949022.0
1747915200000,0.02391,0.02392,0.02374,0.02388,4265621.0
1747918800000,0.02389,0.0239,0.02356,0.02369,10621797.0
1747922400000,0.02369,0.02396,0.02369,0.02388,9244904.0
1747926000000,0.02387,0.02401,0.02386,0.02393,5250125.0
1747929600000,0.02394,0.0241,0.02384,0.02391,6233272.0
1747933200000,0.02392,0.02405,0.0239,0.02397,3456668.0
1747936800000,0.02398,0.02403,0.02392,0.02401,2476347.0
1747940400000,0.024,0.02403,0.0238,0.02386,3961361.0
1747944000000,0.02386,0.02404,0.02385,0.02399,3645732.0
1747947600000,0.02399,0.024,0.02382,0.02387,2895840.0
1747951200000,0.02387,0.0241,0.02387,0.024,4017827.0
1747954800000,0.02401,0.02424,0.02401,0.02422,5270248.0
1747958400000,0.02422,0.02432,0.024,0.02408,10327858.0
1747962000000,0.02408,0.02417,0.02396,0.02414,6446197.0
1747965600000,0.02413,0.02447,0.02411,0.02431,8681939.0
1747969200000,0.0243,0.02444,0.0243,0.02439,5363749.0
1747972800000,0.02439,0.02443,0.02393,0.0241,8848751.0
1747976400000,0.02409,0.02418,0.02387,0.02409,6738697.0
1747980000000,0.0241,0.0241,0.02365,0.02373,9692013.0
1747983600000,0.02374,0.02395,0.02373,0.02383,7397427.0
1747987200000,0.02384,0.02415,0.02383,0.02411,7439553.0
1747990800000,0.0241,0.02428,0.02404,0.02424,3214374.0
1747994400000,0.02425,0.02426,0.02403,0.02416,3461231.0
1747998000000,0.02417,0.02417,0.02298,0.02312,47597125.0
1748001600000,0.02313,0.02316,0.0225,0.02306,57963694.0
1748005200000,0.02307,0.02343,0.02293,0.02341,22047836.0
1748008800000,0.02342,0.02356,0.02334,0.02346,7675262.0
1748012400000,0.02346,0.02351,0.02318,0.02319,5387190.0
1748016000000,0.0232,0.02327,0.02301,0.02324,7037780.0
1748019600000,0.02323,0.02341,0.02322,0.02332,5011360.0
1748023200000,0.02333,0.02339,0.02308,0.02312,5904079.0
1748026800000,0.02312,0.02324,0.02304,0.02306,2348123.0
1748030400000,0.02306,0.02306,0.02277,0.0228,6897729.0
1748034000000,0.02279,0.0229,0.02266,0.02271,8649165.0
1748037600000,0.02272,0.02291,0.02261,0.02261,5200156.0
1748041200000,0.02261,0.02264,0.02233,0.02242,12533964.0
1748044800000,0.02243,0.02261,0.02233,0.02241,10678613.0
1748048400000,0.02241,0.02262,0.0224,0.02245,5275226.0
1748052000000,0.02245,0.02266,0.02241,0.02264,2993862.0
1748055600000,0.02264,0.02274,0.02261,0.0227,2025145.0
1748059200000,0.0227,0.02277,0.02264,0.02272,2246124.0
1748062800000,0.02272,0.02272,0.02252,0.02266,3029405.0
1748066400000,0.02265,0.02271,0.02252,0.02263,2135691.0
1748070000000,0.02264,0.02272,0.02251,0.02251,2801908.0
1748073600000,0.02253,0.02261,0.02244,0.02261,2407265.0
1748077200000,0.02261,0.02266,0.02254,0.02254,2495072.0
1748080800000,0.02254,0.02278,0.02251,0.02276,4095395.0
1748084400000,0.02276,0.0228,0.02267,0.0227,5192409.0
1748088000000,0.02271,0.02275,0.02261,0.02268,2771459.0
1748091600000,0.02268,0.02271,0.02258,0.02259,1801943.0
1748095200000,0.0226,0.02273,0.02257,0.02273,3419120.0
1748098800000,0.02273,0.02276,0.02258,0.02265,1815882.0
1748102400000,0.02264,0.02275,0.02257,0.02271,3614701.0
1748106000000,0.0227,0.02277,0.02263,0.02265,1727391.0
1748109600000,0.02264,0.02267,0.02245,0.02247,3649661.0
1748113200000,0.02246,0.02253,0.02237,0.02237,3723119.0
1748116800000,0.02237,0.0225,0.02235,0.02241,3088421.0
1748120400000,0.0224,0.02242,0.02224,0.02239,3829254.0
1748124000000,0.0224,0.0224,0.02217,0.02219,4401590.0
1748127600000,0.02219,0.02232,0.022,0.02221,7955958.0
1748131200000,0.02222,0.02231,0.02182,0.02193,15089539.0
1748134800000,0.02193,0.02204,0.02184,0.02198,9433588.0
1748138400000,0.02198,0.02212,0.02189,0.0221,4091302.0
1748142000000,0.0221,0.02216,0.02201,0.02214,4275139.0
1748145600000,0.02214,0.02217,0.02206,0.02215,2435239.0
1748149200000,0.02215,0.02217,0.02209,0.02216,1667428.0
1748152800000,0.02217,0.02217,0.02205,0.02208,1219532.0
1748156400000,0.02209,0.02209,0.02182,0.02191,4788134.0
1748160000000,0.02191,0.02191,0.0216,0.02169,7983447.0
1748163600000,0.02169,0.02177,0.02159,0.02177,6845459.0
1748167200000,0.02175,0.02177,0.02162,0.02165,1747197.0
1748170800000,0.02164,0.02178,0.0216,0.02174,3601503.0
1748174400000,0.02173,0.02184,0.02164,0.02184,3394693.0
1748178000000,0.02183,0.02191,0.02172,0.02179,4429839.0
1748181600000,0.02178,0.02182,0.0216,0.02166,2276422.0
1748185200000,0.02165,0.02167,0.02136,0.02157,9794992.0
1748188800000,0.02157,0.02157,0.02132,0.02149,5389724.0
1748192400000,0.02149,0.02159,0.02149,0.02155,2206633.0
1748196000000,0.02155,0.02159,0.02149,0.02154,1832767.0
1748199600000,0.02154,0.02174,0.02153,0.02167,1559509.0
1748203200000,0.02166,0.02167,0.02156,0.02162,2600493.0
1748206800000,0.02161,0.02169,0.02147,0.02157,2373202.0
1748210400000,0.02158,0.02203,0.02156,0.02202,4260582.0
1748214000000,0.02203,0.02211,0.02195,0.02208,2035864.0
1748217600000,0.02208,0.02223,0.02196,0.02222,3775765.0
1748221200000,0.02223,0.02234,0.02214,0.0223,4592830.0
1748224800000,0.0223,0.0223,0.02216,0.02216,2532175.0
1748228400000,0.02216,0.02231,0.02215,0.02224,2204956.0
1748232000000,0.02224,0.02228,0.0222,0.02223,1458585.0
1748235600000,0.02223,0.02229,0.02221,0.02223,1520459.0
1748239200000,0.02224,0.0223,0.02216,0.02229,6219424.0
1748242800000,0.02229,0.02249,0.02228,0.0224,5272388.0
1748246400000,0.02241,0.02247,0.02234,0.02237,4798613.0
1748250000000,0.02238,0.02245,0.0223,0.02232,1870255.0
1748253600000,0.02233,0.02241,0.02225,0.02226,3573968.0
1748257200000,0.02227,0.0223,0.02221,0.02226,1799821.0
1748260800000,0.02226,0.02233,0.02215,0.02231,4390708.0
1748264400000,0.02231,0.02235,0.02198,0.02206,4818847.0
1748268000000,0.02206,0.02211,0.02195,0.02203,4100710.0
1748271600000,0.02204,0.02232,0.022,0.02225,3236787.0
1748275200000,0.02224,0.02232,0.02196,0.02201,4795587.0
1748278800000,0.02201,0.02209,0.02177,0.02182,3605781.0
1748282400000,0.02182,0.02197,0.02178,0.02187,1581176.0
1748286000000,0.02188,0.02193,0.02182,0.02188,1374143.0
1748289600000,0.02188,0.02203,0.02185,0.02203,1797835.0
1748293200000,0.02203,0.02206,0.02196,0.02206,2292599.0
1748296800000,0.02206,0.02223,0.02199,0.02202,2388468.0
1748300400000,0.02201,0.02208,0.02195,0.02207,2096015.0
1748304000000,0.02207,0.02219,0.02192,0.02192,2410826.0
1748307600000,0.02192,0.02192,0.02154,0.02172,10357565.0
1748311200000,0.02172,0.02191,0.02172,0.02187,4730901.0
1748314800000,0.02186,0.0221,0.02186,0.02199,2981074.0
1748318400000,0.02199,0.02211,0.02198,0.02204,3687300.0
1748322000000,0.02204,0.02217,0.02193,0.02215,2949964.0
1748325600000,0.02214,0.02239,0.02213,0.02222,6772252.0
1748329200000,0.02222,0.02235,0.02222,0.02229,3449728.0
1748332800000,0.02231,0.02239,0.02231,0.02238,2772425.0
1748336400000,0.02238,0.02239,0.02216,0.02222,9984866.0
1748340000000,0.02223,0.02227,0.0219,0.02208,19336918.0
1748343600000,0.02208,0.02215,0.02199,0.02212,3598569.0
1748347200000,0.02212,0.02224,0.0221,0.02219,5564276.0
1748350800000,0.02218,0.02242,0.02214,0.02218,8810155.0
1748354400000,0.02219,0.02227,0.02185,0.02203,6901619.0
1748358000000,0.02203,0.02216,0.02192,0.02214,3769612.0
1748361600000,0.02215,0.02239,0.0221,0.02231,10034015.0
1748365200000,0.0223,0.02241,0.02224,0.02233,4079771.0
1748368800000,0.02233,0.02238,0.02221,0.02224,2320457.0
1748372400000,0.02223,0.02228,0.0222,0.02223,2678331.0
1748376000000,0.02225,0.02235,0.02221,0.02226,1980099.0
1748379600000,0.02227,0.0223,0.02209,0.02209,2850381.0
1748383200000,0.02211,0.02216,0.02198,0.02207,4423210.0
1748386800000,0.02206,0.02211,0.02202,0.0221,1647632.0
1748390400000,0.0221,0.02223,0.02192,0.02221,4927334.0
1748394000000,0.02222,0.02228,0.02211,0.02212,2226729.0
1748397600000,0.02211,0.02214,0.02195,0.02203,4604293.0
1748401200000,0.02203,0.02221,0.02201,0.02219,2129293.0
1748404800000,0.02218,0.02226,0.02208,0.02221,2850253.0
1748408400000,0.02221,0.02221,0.02208,0.02217,1662549.0
1748412000000,0.02216,0.02216,0.02197,0.022,3257316.0
1748415600000,0.022,0.02212,0.02196,0.02201,2164003.0
1748419200000,0.02202,0.02206,0.02195,0.02202,3489263.0
1748422800000,0.02203,0.02204,0.02188,0.02191,2990889.0
1748426400000,0.02191,0.02206,0.02175,0.02204,6903950.0
1748430000000,0.02206,0.02217,0.02205,0.02212,2255069.0
1748433600000,0.02212,0.0223,0.02207,0.02216,4731486.0
1748437200000,0.02217,0.0222,0.02189,0.02191,7423099.0
1748440800000,0.0219,0.02195,0.02172,0.02172,6533223.0
1748444400000,0.02172,0.02179,0.02155,0.02158,6669376.0
1748448000000,0.02158,0.02173,0.02156,0.02168,3535993.0
1748451600000,0.02169,0.02184,0.02161,0.02168,3679205.0
1748455200000,0.02168,0.02171,0.02149,0.02151,2725223.0
1748458800000,0.02151,0.02158,0.02134,0.02137,5532210.0
1748462400000,0.02137,0.0215,0.02134,0.02149,3348681.0
1748466000000,0.0215,0.02164,0.02144,0.02164,2686992.0
1748469600000,0.02162,0.02166,0.02153,0.02161,3319603.0
1748473200000,0.02162,0.02196,0.02161,0.02196,7467981.0
1748476800000,0.02195,0.02211,0.02183,0.02211,7223058.0
1748480400000,0.02211,0.02211,0.02192,0.022,5984313.0
1748484000000,0.022,0.02227,0.02192,0.02225,6157887.0
1748487600000,0.02225,0.02229,0.02212,0.02219,6674828.0
1748491200000,0.02219,0.02221,0.02184,0.02197,6850830.0
1748494800000,0.02198,0.02203,0.02192,0.02195,2847768.0
1748498400000,0.02194,0.02206,0.02194,0.02201,3324328.0
1748502000000,0.02201,0.0221,0.02195,0.02208,4164131.0
1748505600000,0.02209,0.02223,0.02202,0.02222,5518827.0
1748509200000,0.02221,0.02223,0.02214,0.0222,3417710.0
1748512800000,0.02221,0.02221,0.02205,0.02212,2998233.0
1748516400000,0.02212,0.02217,0.02207,0.02213,3098584.0
1748520000000,0.02214,0.02219,0.02202,0.02209,10175202.0
1748523600000,0.0221,0.02221,0.02199,0.02202,14196646.0
1748527200000,0.02202,0.02208,0.02171,0.02199,14522679.0
1748530800000,0.02199,0.02202,0.02181,0.02184,3088049.0
1748534400000,0.02184,0.02188,0.0217,0.02174,5195363.0
1748538000000,0.02173,0.02185,0.02167,0.02177,5333502.0
1748541600000,0.02177,0.02187,0.02166,0.02168,4060688.0
1748545200000,0.02167,0.02173,0.02149,0.02155,6265472.0
1748548800000,0.02156,0.02166,0.02155,0.02162,4113049.0
1748552400000,0.02162,0.02182,0.0216,0.02181,1918802.0
1748556000000,0.02181,0.02181,0.02165,0.02165,2742259.0
1748559600000,0.02165,0.02167,0.02141,0.02148,5830975.0
1748563200000,0.02148,0.02166,0.02069,0.02093,32758856.0
1748566800000,0.02093,0.02122,0.02088,0.02109,17799820.0
1748570400000,0.02107,0.02126,0.02106,0.02117,5893264.0
1748574000000,0.02117,0.02127,0.02114,0.02119,2609666.0
1748577600000,0.02119,0.02127,0.02111,0.02121,3334114.0
1748581200000,0.02123,0.02135,0.02116,0.02124,3128239.0
1748584800000,0.02125,0.02125,0.0209,0.02095,6429766.0
1748588400000,0.02095,0.02111,0.02094,0.02097,6052423.0
1748592000000,0.02096,0.02107,0.02086,0.02094,6955318.0
1748595600000,0.02093,0.02104,0.02075,0.02101,7293293.0
1748599200000,0.02101,0.02107,0.02093,0.02106,3617787.0
1748602800000,0.02106,0.0211,0.02098,0.02107,3818754.0
1748606400000,0.02107,0.02111,0.02083,0.02102,7913076.0
1748610000000,0.02102,0.02109,0.02086,0.02088,6330906.0
1748613600000,0.02089,0.02108,0.02083,0.02103,6082482.0
1748617200000,0.02102,0.02108,0.02094,0.02094,2663596.0
1748620800000,0.02095,0.021,0.02028,0.02047,25592598.0
1748624400000,0.02048,0.02065,0.02044,0.02058,11808368.0
1748628000000,0.02059,0.02079,0.02055,0.02078,6074915.0
1748631600000,0.02077,0.02087,0.02071,0.02081,2377580.0
1748635200000,0.0208,0.02083,0.02066,0.02066,3936787.0
1748638800000,0.02066,0.02076,0.02057,0.02059,2283546.0
1748642400000,0.0206,0.02061,0.0201,0.02013,13059471.0
1748646000000,0.02013,0.02025,0.01989,0.01995,22233744.0
1748649600000,0.01995,0.02003,0.01951,0.01969,28622958.0
1748653200000,0.01971,0.01992,0.01948,0.01976,22522581.0
1748656800000,0.01975,0.01996,0.01963,0.01968,9046723.0
1748660400000,0.01969,0.01987,0.01956,0.01984,6993684.0
1748664000000,0.01984,0.02,0.01965,0.02,10373075.0
1748667600000,0.01999,0.02007,0.01994,0.02001,4530726.0
1748671200000,0.02001,0.02019,0.01998,0.02015,5546030.0
1748674800000,0.02015,0.02038,0.02012,0.02032,6518624.0
1748678400000,0.02031,0.02031,0.02008,0.02026,10232079.0
1748682000000,0.02026,0.02028,0.02009,0.02013,3800567.0
1748685600000,0.02013,0.0203,0.02011,0.0202,7652758.0
1748689200000,0.02019,0.02021,0.02006,0.0201,3072261.0
1748692800000,0.02011,0.02046,0.02009,0.02044,3902594.0
1748696400000,0.02044,0.02057,0.02042,0.02046,4566449.0
1748700000000,0.02045,0.0206,0.02043,0.02059,3421250.0
1748703600000,0.0206,0.02075,0.02055,0.02059,6137962.0
1748707200000,0.0206,0.02086,0.02056,0.02082,12120831.0
1748710800000,0.02081,0.02087,0.02073,0.02076,9288089.0
1748714400000,0.02076,0.02096,0.02075,0.02087,5714419.0
1748718000000,0.02086,0.02108,0.02086,0.02105,3056854.0
1748721600000,0.02104,0.02104,0.02089,0.02102,4550006.0
1748725200000,0.02101,0.02106,0.02095,0.02103,3349174.0
1748728800000,0.02104,0.02144,0.02092,0.02097,45565659.0
1748732400000,0.02098,0.02105,0.02079,0.02082,9360026.0
1748736000000,0.02083,0.02087,0.02067,0.02079,9104539.0
1748739600000,0.0208,0.02093,0.02068,0.02077,4440340.0
1748743200000,0.02075,0.02121,0.02066,0.02118,10630970.0
1748746800000,0.02117,0.0215,0.02097,0.02146,11977660.0
1748750400000,0.02145,0.02145,0.02124,0.0213,8197847.0
1748754000000,0.0213,0.0215,0.02128,0.02149,6415697.0
1748757600000,0.02148,0.0215,0.0212,0.02122,7543963.0
1748761200000,0.02121,0.02123,0.02113,0.02118,4063842.0
1748764800000,0.02117,0.02118,0.02102,0.02107,3770866.0
1748768400000,0.02108,0.02113,0.02072,0.02087,9704748.0
1748772000000,0.02087,0.021,0.02085,0.021,5493101.0
1748775600000,0.02098,0.02116,0.02093,0.02108,5568612.0
1748779200000,0.02107,0.02108,0.02085,0.02095,4104240.0
1748782800000,0.02096,0.02123,0.02093,0.02114,6683088.0
1748786400000,0.02115,0.02135,0.02114,0.0213,3869050.0
1748790000000,0.0213,0.0213,0.0212,0.02122,3511904.0
1748793600000,0.02122,0.02147,0.02121,0.02136,9470163.0
1748797200000,0.02137,0.02146,0.02135,0.02139,3168111.0
1748800800000,0.02139,0.02139,0.02105,0.0211,9250135.0
1748804400000,0.0211,0.02127,0.02109,0.02126,4216928.0
1748808000000,0.02126,0.02148,0.02124,0.02148,5406589.0
1748811600000,0.02147,0.02158,0.02143,0.02154,3814623.0
1748815200000,0.02154,0.02161,0.02146,0.02151,3393488.0
1748818800000,0.02152,0.02163,0.02151,0.02161,3639350.0
1748822400000,0.02162,0.02162,0.02138,0.02143,8215626.0
1748826000000,0.02143,0.0215,0.02137,0.02138,2091849.0
1748829600000,0.02139,0.02146,0.0213,0.02132,4115108.0
1748833200000,0.02133,0.02134,0.02121,0.02129,3006274.0
1748836800000,0.02129,0.02135,0.02125,0.0213,2018356.0
1748840400000,0.02131,0.02138,0.02119,0.02127,2780018.0
1748844000000,0.02126,0.0215,0.02125,0.02141,4447078.0
1748847600000,0.0214,0.02152,0.0214,0.0214,3020954.0
1748851200000,0.02141,0.02159,0.02127,0.02143,14524667.0
1748854800000,0.02144,0.02145,0.02119,0.02122,6117184.0
1748858400000,0.02121,0.02127,0.02108,0.02125,7369383.0
1748862000000,0.02125,0.02134,0.02121,0.02129,2506491.0
1748865600000,0.0213,0.02146,0.02125,0.02144,3408361.0
1748869200000,0.02144,0.02186,0.02135,0.02168,13077620.0
1748872800000,0.02167,0.02194,0.02165,0.02173,13275881.0
1748876400000,0.02173,0.02185,0.02166,0.02175,4270151.0
1748880000000,0.02174,0.02175,0.02161,0.02171,5070411.0
1748883600000,0.0217,0.02185,0.02166,0.02183,4617044.0
1748887200000,0.02182,0.02196,0.02173,0.02177,6232734.0
1748890800000,0.02178,0.02179,0.02146,0.02153,7897587.0
1748894400000,0.02153,0.02178,0.02153,0.02172,4713846.0
1748898000000,0.02173,0.0218,0.02165,0.02173,3514808.0
1748901600000,0.02173,0.02194,0.02173,0.02189,8307535.0
1748905200000,0.02189,0.02197,0.02187,0.02189,3550889.0
1748908800000,0.0219,0.02202,0.02186,0.022,4426528.0
1748912400000,0.02201,0.02206,0.02187,0.02204,7608709.0
1748916000000,0.02205,0.02206,0.0219,0.02192,2806981.0
1748919600000,0.02191,0.02193,0.02177,0.02187,3321163.0
1748923200000,0.02187,0.02187,0.02171,0.02173,2415100.0
1748926800000,0.02173,0.02195,0.02173,0.02192,1784765.0
1748930400000,0.02192,0.02196,0.02184,0.02195,2306978.0
1748934000000,0.02195,0.02195,0.02187,0.02189,1500572.0
1748937600000,0.02189,0.02195,0.0218,0.02189,2829370.0
1748941200000,0.02189,0.02235,0.02182,0.02224,41747020.0
1748944800000,0.02224,0.02226,0.02203,0.02208,10650612.0
1748948400000,0.02208,0.02211,0.022,0.02207,2486144.0
1748952000000,0.02207,0.0222,0.02204,0.02216,2957372.0
1748955600000,0.02216,0.02224,0.02204,0.02216,6773713.0
1748959200000,0.02217,0.0223,0.02202,0.02229,7528444.0
1748962800000,0.02228,0.02232,0.02214,0.02218,4002956.0
1748966400000,0.02219,0.0222,0.02207,0.02209,2910164.0
1748970000000,0.02209,0.02228,0.02205,0.02219,5290802.0
1748973600000,0.0222,0.02225,0.02207,0.02225,5077322.0
1748977200000,0.02224,0.02238,0.02224,0.02235,1513577.0
1748980800000,0.02235,0.02238,0.02208,0.02224,5761034.0
1748984400000,0.02224,0.02224,0.02197,0.02209,3235542.0
1748988000000,0.02207,0.02225,0.02206,0.02223,2630617.0
1748991600000,0.02222,0.02222,0.02202,0.02206,2945135.0
1748995200000,0.02206,0.0222,0.02196,0.02207,5405769.0
1748998800000,0.02209,0.02225,0.02208,0.02218,2877871.0
1749002400000,0.02218,0.02228,0.0221,0.0221,3590317.0
1749006000000,0.02211,0.02225,0.0221,0.02216,1921553.0
1749009600000,0.02217,0.02222,0.0221,0.02216,1696511.0
1749013200000,0.02216,0.0222,0.0221,0.02216,4417133.0
1749016800000,0.02216,0.02226,0.02212,0.02223,3123413.0
1749020400000,0.02222,0.02229,0.0222,0.02224,2310452.0
1749024000000,0.02224,0.0223,0.02216,0.02216,3975313.0
1749027600000,0.02216,0.02221,0.02204,0.02217,4081926.0
1749031200000,0.02217,0.02219,0.02196,0.02198,4865645.0
1749034800000,0.02198,0.02202,0.02183,0.02184,3677937.0
1749038400000,0.02183,0.02187,0.02166,0.02171,5983937.0
1749042000000,0.02171,0.02183,0.02165,0.02173,2949345.0
1749045600000,0.02172,0.02181,0.02158,0.0218,4285031.0
1749049200000,0.02181,0.02201,0.02177,0.02197,6322129.0
1749052800000,0.02197,0.022,0.02189,0.022,2806244.0
1749056400000,0.02199,0.02199,0.02169,0.02176,4342062.0
1749060000000,0.02177,0.02183,0.02174,0.02174,2484400.0
1749063600000,0.02175,0.02177,0.0216,0.0216,1880697.0
1749067200000,0.0216,0.0216,0.02136,0.02147,6418883.0
1749070800000,0.02146,0.02171,0.02133,0.02167,5399740.0
1749074400000,0.02166,0.02166,0.02151,0.02153,3104763.0
1749078000000,0.02152,0.02157,0.02145,0.02153,3176933.0
1749081600000,0.02152,0.02162,0.02144,0.02162,4679597.0
1749085200000,0.02161,0.02168,0.0215,0.02151,3078646.0
1749088800000,0.02152,0.02169,0.02152,0.02161,3665397.0
1749092400000,0.02161,0.02164,0.02154,0.02161,3491504.0
1749096000000,0.0216,0.02166,0.02157,0.02163,1147775.0
1749099600000,0.02163,0.02165,0.0214,0.02146,5327177.0
1749103200000,0.02147,0.02152,0.02138,0.02142,3707582.0
1749106800000,0.02141,0.02192,0.0214,0.0216,14097154.0
1749110400000,0.0216,0.02163,0.02148,0.02154,8908634.0
1749114000000,0.02155,0.02172,0.02151,0.02154,4866465.0
1749117600000,0.02154,0.02159,0.02133,0.02141,4617958.0
1749121200000,0.02142,0.02148,0.02137,0.02144,2021693.0
1749124800000,0.02144,0.02175,0.02141,0.02171,5468339.0
1749128400000,0.02171,0.02175,0.02137,0.0214,10143868.0
1749132000000,0.0214,0.02165,0.02119,0.02156,14561486.0
1749135600000,0.02156,0.02165,0.02149,0.02153,3545757.0
1749139200000,0.02153,0.02154,0.02117,0.02124,10196274.0
1749142800000,0.02124,0.02136,0.02119,0.02126,6326708.0
1749146400000,0.02125,0.02129,0.02109,0.0212,8100018.0
1749150000000,0.0212,0.02124,0.02052,0.02081,32563800.0
1749153600000,0.0208,0.02084,0.02008,0.02017,52818713.0
1749157200000,0.02017,0.02049,0.02014,0.02047,16088131.0
1749160800000,0.02047,0.02052,0.02032,0.02042,7121337.0
1749164400000,0.02043,0.02048,0.02036,0.02038,5316390.0
1749168000000,0.02038,0.02047,0.02028,0.02043,10753345.0
1749171600000,0.02044,0.02046,0.02038,0.02041,3404096.0
1749175200000,0.02041,0.02066,0.0204,0.02063,10967821.0
1749178800000,0.02062,0.02073,0.02057,0.0207,4633930.0
1749182400000,0.0207,0.02077,0.02066,0.02074,2583895.0
1749186000000,0.02075,0.02076,0.0207,0.02075,1933423.0
1749189600000,0.02075,0.02085,0.02072,0.02079,4173068.0
1749193200000,0.02079,0.02082,0.02073,0.02076,3648183.0
1749196800000,0.02077,0.02082,0.02074,0.02078,3127725.0
1749200400000,0.02077,0.02085,0.02076,0.02078,3388673.0
1749204000000,0.02078,0.02085,0.02075,0.02078,2426336.0
1749207600000,0.02078,0.02086,0.02076,0.02082,1671415.0
1749211200000,0.02082,0.02105,0.02081,0.02092,9550727.0
1749214800000,0.02092,0.02125,0.02092,0.02118,6034757.0
1749218400000,0.02119,0.02128,0.02115,0.02127,5583679.0
1749222000000,0.02127,0.02139,0.02117,0.02124,5831538.0
1749225600000,0.02124,0.02127,0.02104,0.02106,3027405.0
1749229200000,0.02107,0.02108,0.02087,0.02097,5174309.0
1749232800000,0.02097,0.02098,0.02076,0.02078,3339837.0
1749236400000,0.02078,0.02081,0.0207,0.02077,2882697.0
1749240000000,0.02076,0.02099,0.02073,0.02091,3289120.0
1749243600000,0.0209,0.02095,0.02082,0.02094,1577842.0
1749247200000,0.02093,0.02094,0.02083,0.02085,1505717.0
1749250800000,0.02086,0.02088,0.02079,0.02086,1512510.0
1749254400000,0.02086,0.02108,0.0208,0.02108,4959544.0
1749258000000,0.02108,0.02111,0.02096,0.02101,2389160.0
1749261600000,0.02101,0.02113,0.02096,0.02111,1715844.0
1749265200000,0.02111,0.02118,0.02109,0.02115,1600700.0
1749268800000,0.02115,0.02116,0.0211,0.02115,970989.0
1749272400000,0.02115,0.02124,0.02113,0.02122,900043.0
1749276000000,0.02123,0.02128,0.02112,0.02127,2154274.0
1749279600000,0.02127,0.0213,0.02121,0.02124,2047250.0
1749283200000,0.02125,0.02127,0.02114,0.02116,1703396.0
1749286800000,0.02116,0.02123,0.02112,0.02114,1336182.0
1749290400000,0.02115,0.0213,0.02114,0.0213,2228803.0
1749294000000,0.0213,0.02132,0.02124,0.02125,1180570.0
1749297600000,0.02126,0.02141,0.02126,0.02133,5448023.0
1749301200000,0.02134,0.02138,0.02128,0.0213,1835991.0
1749304800000,0.02132,0.02137,0.02127,0.0213,1726434.0
1749308400000,0.02131,0.02132,0.02116,0.02124,2966613.0
1749312000000,0.02124,0.02127,0.02114,0.02116,2342774.0
1749315600000,0.02115,0.02119,0.02111,0.02112,1467835.0
1749319200000,0.02112,0.02127,0.02111,0.02124,1870450.0
1749322800000,0.02124,0.0213,0.02123,0.02125,959948.0
1749326400000,0.02125,0.02131,0.02124,0.02129,1042084.0
1749330000000,0.02129,0.02136,0.02127,0.02135,851377.0
1749333600000,0.02135,0.02143,0.02128,0.02138,2347335.0
1749337200000,0.02138,0.02139,0.02131,0.02136,1375523.0
1749340800000,0.02136,0.02137,0.02126,0.02129,2699863.0
1749344400000,0.02128,0.02137,0.02126,0.02135,1482326.0
1749348000000,0.02135,0.02136,0.02129,0.0213,1265799.0
1749351600000,0.0213,0.0213,0.02123,0.02123,1759492.0
1749355200000,0.02124,0.02129,0.02118,0.02126,1718158.0
1749358800000,0.02127,0.0213,0.02118,0.02119,1266990.0
1749362400000,0.0212,0.02126,0.02118,0.02119,2327561.0
1749366000000,0.02119,0.02122,0.02108,0.02111,1740033.0
1749369600000,0.02111,0.02123,0.02111,0.0212,1732356.0
1749373200000,0.0212,0.02122,0.02108,0.02119,8604498.0
1749376800000,0.02119,0.02128,0.02118,0.02127,3803113.0
1749380400000,0.02127,0.02148,0.02126,0.02145,6825148.0
1749384000000,0.02145,0.02168,0.02143,0.02155,26789037.0
1749387600000,0.02155,0.02171,0.0215,0.02154,5729639.0
1749391200000,0.02155,0.02168,0.02151,0.02165,4781072.0
1749394800000,0.02165,0.02171,0.0216,0.02162,3453152.0
1749398400000,0.02162,0.02174,0.02162,0.02172,3243633.0
1749402000000,0.02172,0.02176,0.02165,0.02166,2252551.0
1749405600000,0.02167,0.02167,0.02159,0.02166,1623700.0
1749409200000,0.02166,0.02166,0.02159,0.02164,1359979.0
1749412800000,0.02164,0.02167,0.02159,0.02163,1649806.0
1749416400000,0.02163,0.02171,0.02163,0.02167,2060384.0
1749420000000,0.02167,0.02168,0.02148,0.02151,3188032.0
1749423600000,0.02152,0.02157,0.02145,0.02149,4471181.0
1749427200000,0.02149,0.02154,0.02145,0.0215,2216629.0
1749430800000,0.0215,0.02152,0.02143,0.02146,1827538.0
1749434400000,0.02146,0.02154,0.02144,0.02152,2342938.0
1749438000000,0.02151,0.02173,0.02147,0.02167,6954187.0
1749441600000,0.02166,0.02166,0.02151,0.02153,2479222.0
1749445200000,0.02153,0.02153,0.02127,0.02132,7991278.0
1749448800000,0.02132,0.02151,0.02132,0.02148,2762542.0
1749452400000,0.02147,0.02148,0.02138,0.02148,1885621.0
1749456000000,0.02148,0.02154,0.02136,0.02147,7944362.0
1749459600000,0.02148,0.02167,0.02141,0.02159,4605343.0
1749463200000,0.0216,0.02181,0.02157,0.02177,5336936.0
1749466800000,0.02177,0.02186,0.02174,0.02182,4360146.0
1749470400000,0.02182,0.02186,0.02175,0.02182,4212726.0
1749474000000,0.02183,0.02184,0.02162,0.0217,4090106.0
1749477600000,0.0217,0.02185,0.02167,0.02179,6180800.0
1749481200000,0.0218,0.0219,0.02177,0.02182,3160401.0
1749484800000,0.02181,0.02186,0.02177,0.02185,6279942.0
1749488400000,0.02185,0.02194,0.02183,0.02193,6910818.0
1749492000000,0.02193,0.02194,0.02183,0.02189,3464806.0
1749495600000,0.0219,0.02196,0.02184,0.02196,3394354.0
1749499200000,0.02196,0.02198,0.0219,0.02195,3484921.0
1749502800000,0.02196,0.02227,0.02195,0.02224,5715784.0
1749506400000,0.02225,0.02242,0.02224,0.02241,5831372.0
1749510000000,0.02241,0.02246,0.02233,0.02244,4427879.0
1749513600000,0.02244,0.02262,0.02235,0.02242,15713655.0
1749517200000,0.02242,0.02244,0.02232,0.02235,5155345.0
1749520800000,0.02235,0.02235,0.02221,0.02223,3342540.0
1749524400000,0.02225,0.02229,0.02216,0.02229,4294107.0
1749528000000,0.02228,0.02234,0.02216,0.02219,6360927.0
1749531600000,0.0222,0.02233,0.02208,0.02213,6329848.0
1749535200000,0.02214,0.02226,0.02208,0.02219,3632212.0
1749538800000,0.0222,0.02224,0.02211,0.02221,3783185.0
1749542400000,0.02222,0.02225,0.02207,0.02211,4463159.0
1749546000000,0.02211,0.02226,0.02209,0.02225,2893330.0
1749549600000,0.02226,0.0224,0.02222,0.02239,5715431.0
1749553200000,0.0224,0.02277,0.02231,0.02274,11913009.0
1749556800000,0.02275,0.02289,0.02267,0.02288,9055629.0
1749560400000,0.02289,0.0229,0.02248,0.02261,12810385.0
1749564000000,0.02264,0.02274,0.02245,0.0225,8695751.0
1749567600000,0.02249,0.02261,0.02225,0.02255,12405314.0
1749571200000,0.02255,0.02262,0.02242,0.02243,5531429.0
1749574800000,0.02244,0.02259,0.02242,0.02246,7017841.0
1749578400000,0.02247,0.02272,0.02243,0.02269,4071133.0
1749582000000,0.0227,0.02287,0.02261,0.02269,4410222.0
1749585600000,0.02268,0.02276,0.02256,0.02276,2935078.0
1749589200000,0.02275,0.0228,0.02259,0.02277,4134595.0
1749592800000,0.02277,0.02296,0.02277,0.02288,5084808.0
1749596400000,0.02288,0.02297,0.02282,0.02295,2009023.0
1749600000000,0.02296,0.02297,0.0227,0.02271,4869382.0
1749603600000,0.02271,0.02272,0.02255,0.02258,5977869.0
1749607200000,0.02257,0.02272,0.02257,0.02262,3648890.0
1749610800000,0.02261,0.0228,0.02261,0.02278,4116327.0
1749614400000,0.02279,0.02286,0.02271,0.02282,9238550.0
1749618000000,0.02282,0.02282,0.02275,0.0228,1351156.0
1749621600000,0.02281,0.02289,0.0228,0.02288,2218086.0
1749625200000,0.02287,0.02293,0.02281,0.02285,2936469.0
1749628800000,0.02286,0.02291,0.02275,0.02275,2919273.0
1749632400000,0.02275,0.02275,0.0225,0.02253,5750335.0
1749636000000,0.02255,0.02266,0.02252,0.02264,4062397.0
1749639600000,0.02264,0.02264,0.02246,0.02256,4113801.0
1749643200000,0.02256,0.02287,0.02244,0.02276,11414208.0
1749646800000,0.02276,0.02288,0.02265,0.02273,6388705.0
1749650400000,0.02274,0.02295,0.02271,0.02286,5957791.0
1749654000000,0.02287,0.02291,0.02278,0.0229,3433080.0
1749657600000,0.0229,0.02291,0.02277,0.02288,3709203.0
1749661200000,0.02287,0.02291,0.0227,0.0227,6698895.0
1749664800000,0.0227,0.02272,0.02255,0.02258,4820509.0
1749668400000,0.02258,0.0226,0.02242,0.02245,3449399.0
1749672000000,0.02245,0.02252,0.02234,0.02247,2165540.0
1749675600000,0.02247,0.02254,0.02211,0.02216,5571992.0
1749679200000,0.02216,0.02223,0.02204,0.02213,5932722.0
1749682800000,0.02213,0.02225,0.02211,0.02222,3941974.0
1749686400000,0.02221,0.0223,0.02205,0.02223,5879841.0
1749690000000,0.02223,0.02226,0.02206,0.02219,4665456.0
1749693600000,0.02219,0.02225,0.02202,0.02212,5526412.0
1749697200000,0.02211,0.02211,0.02191,0.02195,5893024.0
1749700800000,0.02194,0.02194,0.02179,0.02192,5652699.0
1749704400000,0.02191,0.02199,0.02182,0.02197,2784604.0
1749708000000,0.02197,0.02204,0.02185,0.02189,3677544.0
1749711600000,0.02188,0.02193,0.02171,0.02177,6595207.0
1749715200000,0.02175,0.02181,0.0217,0.02177,3902794.0
1749718800000,0.02176,0.02181,0.02172,0.02176,2431350.0
1749722400000,0.02176,0.02177,0.02157,0.02163,9302806.0
1749726000000,0.02164,0.02164,0.02139,0.02143,10149745.0
1749729600000,0.02144,0.02163,0.02136,0.02154,6694759.0
1749733200000,0.02155,0.02165,0.02152,0.02157,3512557.0
1749736800000,0.02158,0.02177,0.02156,0.02172,5384247.0
1749740400000,0.02173,0.02177,0.02131,0.02135,7274979.0
1749744000000,0.02135,0.02159,0.02132,0.02153,6464316.0
1749747600000,0.02153,0.02167,0.02152,0.02156,3799797.0
1749751200000,0.02156,0.02156,0.02129,0.02138,5245579.0
1749754800000,0.02138,0.02145,0.02113,0.02117,5500063.0
1749758400000,0.02117,0.02125,0.02089,0.02097,11529079.0
1749762000000,0.02096,0.02115,0.02094,0.02103,6098450.0
1749765600000,0.02103,0.02112,0.02092,0.02094,6251511.0
1749769200000,0.02094,0.02109,0.02093,0.02098,3031410.0
1749772800000,0.02099,0.021,0.01994,0.02018,51950482.0
1749776400000,0.02017,0.02017,0.01972,0.02,29618155.0
1749780000000,0.02001,0.02008,0.01985,0.01998,12116109.0
1749783600000,0.01998,0.02027,0.01996,0.02023,8276369.0
1749787200000,0.02023,0.02023,0.02006,0.02023,3925141.0
1749790800000,0.02023,0.02026,0.02016,0.0202,3206493.0
1749794400000,0.02019,0.02034,0.01978,0.02025,20570070.0
1749798000000,0.02025,0.02026,0.02011,0.02022,3836154.0
1749801600000,0.02021,0.0204,0.02017,0.02024,4959207.0
1749805200000,0.02024,0.02026,0.02012,0.02019,4369167.0
1749808800000,0.02019,0.02021,0.02008,0.02021,3586869.0
1749812400000,0.02021,0.02025,0.02009,0.02023,4049601.0
1749816000000,0.02025,0.02028,0.02011,0.02013,3792396.0
1749819600000,0.02012,0.02028,0.02006,0.02017,4033663.0
1749823200000,0.02018,0.02025,0.02,0.02021,8168696.0
1749826800000,0.02021,0.02044,0.02019,0.02038,4557924.0
1749830400000,0.02037,0.02054,0.02025,0.02054,9722602.0
1749834000000,0.02053,0.02057,0.02037,0.02056,10101675.0
1749837600000,0.02056,0.02061,0.0203,0.02038,5215262.0
1749841200000,0.02037,0.02044,0.02028,0.02037,2702464.0
1749844800000,0.02038,0.02052,0.02034,0.02047,3950556.0
1749848400000,0.02048,0.02053,0.02044,0.02049,2042645.0
1749852000000,0.0205,0.02061,0.02047,0.02055,3732447.0
1749855600000,0.02055,0.02101,0.02054,0.021,28209262.0
1749859200000,0.02099,0.02106,0.02079,0.02085,12753805.0
1749862800000,0.02085,0.02093,0.02074,0.02084,8588989.0
1749866400000,0.02083,0.02102,0.02082,0.02096,13008041.0
1749870000000,0.02096,0.02113,0.02079,0.0208,14708103.0
1749873600000,0.02079,0.02079,0.02046,0.02073,27963001.0
1749877200000,0.02073,0.02077,0.02066,0.02076,3334228.0
1749880800000,0.02076,0.02079,0.02073,0.02073,3384238.0
1749884400000,0.02073,0.02081,0.02069,0.02075,3087386.0
1749888000000,0.02076,0.02077,0.02067,0.02071,2368351.0
1749891600000,0.02072,0.02077,0.02064,0.02065,1531312.0
1749895200000,0.02065,0.02077,0.02064,0.02075,3318968.0
1749898800000,0.02076,0.02082,0.02073,0.02078,1986690.0
1749902400000,0.02078,0.02081,0.02071,0.02081,1980621.0
1749906000000,0.02082,0.02089,0.02077,0.02082,1712153.0
1749909600000,0.02082,0.02084,0.02067,0.0207,2943612.0
1749913200000,0.02069,0.02075,0.02051,0.02063,4340315.0
1749916800000,0.02062,0.02066,0.02033,0.02034,5594449.0
1749920400000,0.02034,0.02052,0.02032,0.02048,3885096.0
1749924000000,0.02048,0.02058,0.0203,0.02041,2935818.0
1749927600000,0.02042,0.02054,0.0204,0.0204,1969357.0
1749931200000,0.02041,0.02045,0.02027,0.02041,5167827.0
1749934800000,0.02042,0.02062,0.0204,0.02062,2704299.0
1749938400000,0.02062,0.02066,0.02056,0.02061,1837291.0
1749942000000,0.02061,0.0207,0.02061,0.02063,1816405.0
1749945600000,0.02064,0.02072,0.02061,0.0207,3649721.0
1749949200000,0.0207,0.02074,0.02057,0.02063,3174387.0
1749952800000,0.02063,0.02075,0.02063,0.02073,1559804.0
1749956400000,0.02073,0.02077,0.02071,0.02075,766013.0
1749960000000,0.02075,0.02082,0.02073,0.02079,1806274.0
1749963600000,0.02079,0.02079,0.02055,0.02063,17617336.0
1749967200000,0.02063,0.0207,0.02039,0.02046,10226454.0
1749970800000,0.02045,0.02053,0.02039,0.02053,2812632.0
1749974400000,0.02053,0.02053,0.02016,0.02022,11480688.0
1749978000000,0.02022,0.02026,0.02017,0.02025,2962143.0
1749981600000,0.02025,0.02038,0.02023,0.02037,6473232.0
1749985200000,0.02036,0.02039,0.02033,0.02036,2430793.0
1749988800000,0.02036,0.02045,0.02032,0.02044,2852722.0
1749992400000,0.02043,0.0205,0.02032,0.02043,5453526.0
1749996000000,0.02043,0.0205,0.02027,0.02039,11749393.0
1749999600000,0.02039,0.02043,0.02028,0.0203,5195336.0
1750003200000,0.0203,0.02036,0.02023,0.02035,5912970.0
1750006800000,0.02036,0.02036,0.02015,0.02026,6976505.0
1750010400000,0.02026,0.02028,0.02014,0.02024,5128674.0
1750014000000,0.02024,0.02027,0.02007,0.02015,3014240.0
1750017600000,0.02015,0.02016,0.01994,0.01998,6499167.0
1750021200000,0.02,0.02016,0.01997,0.02016,2293790.0
1750024800000,0.02015,0.02037,0.02014,0.02031,5065586.0
1750028400000,0.02031,0.02035,0.02026,0.02035,1829532.0
1750032000000,0.02034,0.02035,0.02005,0.02013,8415435.0
1750035600000,0.02014,0.02023,0.01999,0.02021,8450911.0
1750039200000,0.02022,0.02032,0.02018,0.02021,5957721.0
1750042800000,0.02021,0.02022,0.02006,0.02009,4360430.0
1750046400000,0.02009,0.02026,0.02007,0.0202,3090750.0
1750050000000,0.0202,0.02043,0.02017,0.02038,5160406.0
1750053600000,0.02038,0.02043,0.02035,0.0204,3185828.0
1750057200000,0.0204,0.02042,0.02028,0.02036,11597150.0
1750060800000,0.02036,0.0204,0.0203,0.02036,7090806.0
1750064400000,0.02036,0.02042,0.02034,0.02039,5006326.0
1750068000000,0.0204,0.02041,0.02022,0.02023,4108246.0
1750071600000,0.02023,0.02026,0.02011,0.02015,9490274.0
1750075200000,0.02015,0.02021,0.02002,0.02008,13232713.0
1750078800000,0.02009,0.02014,0.01928,0.01976,105798279.0
1750082400000,0.01977,0.02005,0.01976,0.01993,34667436.0
1750086000000,0.01993,0.02004,0.01989,0.01992,12830566.0
1750089600000,0.01993,0.02013,0.01979,0.01995,60160019.0
1750093200000,0.01995,0.02003,0.01989,0.01997,6114209.0
1750096800000,0.01997,0.02006,0.01987,0.01997,12182005.0
1750100400000,0.01997,0.02003,0.0199,0.02003,5346640.0
1750104000000,0.02003,0.02016,0.01996,0.02012,8304488.0
1750107600000,0.02012,0.02017,0.02002,0.02015,4604764.0
1750111200000,0.02014,0.02016,0.01956,0.01973,31095921.0
1750114800000,0.01972,0.01975,0.01934,0.0194,21033228.0
1750118400000,0.01941,0.01963,0.01903,0.01959,46492193.0
1750122000000,0.01959,0.01967,0.01951,0.01954,7838954.0
1750125600000,0.01954,0.01973,0.0195,0.01973,4596583.0
1750129200000,0.01974,0.01978,0.01965,0.0197,5548185.0
1750132800000,0.0197,0.01977,0.01961,0.01972,6076030.0
1750136400000,0.01971,0.01973,0.01958,0.01963,5295776.0
1750140000000,0.01962,0.0197,0.01957,0.0196,4431119.0
1750143600000,0.0196,0.01966,0.01944,0.01952,6701760.0
1750147200000,0.01952,0.01954,0.01933,0.01935,6524049.0
1750150800000,0.01935,0.01941,0.01918,0.01929,10640527.0
1750154400000,0.01929,0.01938,0.01918,0.01938,9364837.0
1750158000000,0.01937,0.01937,0.01924,0.01928,3465118.0
1750161600000,0.01929,0.0194,0.01926,0.01936,3833391.0
1750165200000,0.01936,0.01951,0.01933,0.0194,3565685.0
1750168800000,0.0194,0.01952,0.01923,0.01925,9295345.0
1750172400000,0.01924,0.01925,0.01883,0.01899,25618052.0
1750176000000,0.01899,0.01901,0.01866,0.01866,12569274.0
1750179600000,0.01865,0.01889,0.01862,0.01879,8425200.0
1750183200000,0.01879,0.01897,0.0187,0.01897,3216578.0
1750186800000,0.01897,0.01916,0.01895,0.01902,7717582.0
1750190400000,0.01902,0.01912,0.019,0.019,3147843.0
1750194000000,0.019,0.01908,0.01892,0.01897,4518631.0
1750197600000,0.01897,0.01897,0.01879,0.01881,3578309.0
1750201200000,0.01881,0.01903,0.0188,0.01894,2634730.0
1750204800000,0.01894,0.01898,0.01881,0.01892,6918820.0
1750208400000,0.01891,0.01907,0.01887,0.01888,5313838.0
1750212000000,0.01887,0.01898,0.01882,0.01889,4459700.0
1750215600000,0.01889,0.01902,0.01888,0.019,2408640.0
1750219200000,0.019,0.0191,0.01896,0.01905,2538097.0
1750222800000,0.01905,0.01911,0.01902,0.01904,1950391.0
1750226400000,0.01904,0.01906,0.01891,0.01891,2271592.0
1750230000000,0.01891,0.019,0.0189,0.01896,3072738.0
1750233600000,0.01896,0.01903,0.01881,0.01888,2587313.0
1750237200000,0.01888,0.01893,0.01874,0.01879,5995581.0
1750240800000,0.01879,0.0188,0.01854,0.01861,9474026.0
1750244400000,0.0186,0.01874,0.01857,0.01873,4273848.0
1750248000000,0.01873,0.01875,0.01851,0.01854,9641549.0
1750251600000,0.01855,0.01856,0.0183,0.01854,10645936.0
1750255200000,0.01853,0.01879,0.0185,0.01864,8783673.0
1750258800000,0.01863,0.01873,0.01853,0.01869,5931295.0
1750262400000,0.0187,0.01873,0.0186,0.01865,3106199.0
1750266000000,0.01865,0.01873,0.01852,0.01869,3560418.0
1750269600000,0.01871,0.0188,0.01844,0.01845,7666379.0
1750273200000,0.01845,0.01868,0.01843,0.01853,6084518.0
1750276800000,0.01854,0.01886,0.01846,0.01881,3994484.0
1750280400000,0.01882,0.01884,0.01872,0.01881,5539507.0
1750284000000,0.01881,0.01886,0.01877,0.01881,1935993.0
1750287600000,0.0188,0.01888,0.01872,0.01879,4060995.0
1750291200000,0.01878,0.01892,0.01871,0.01879,4797832.0
1750294800000,0.01879,0.0188,0.01859,0.0186,4304187.0
1750298400000,0.01861,0.0187,0.01857,0.01863,2920908.0
1750302000000,0.01863,0.01874,0.01863,0.01873,1302428.0
1750305600000,0.01872,0.01877,0.01867,0.01877,2101908.0
1750309200000,0.01877,0.01887,0.01874,0.01875,2690006.0
1750312800000,0.01875,0.01878,0.01865,0.01869,1610076.0
1750316400000,0.01869,0.01875,0.01869,0.01871,1258170.0
1750320000000,0.0187,0.01882,0.0187,0.01873,2164766.0
1750323600000,0.01873,0.01888,0.01872,0.01885,3170565.0
1750327200000,0.01885,0.01889,0.0188,0.01884,2139986.0
1750330800000,0.01885,0.01886,0.01874,0.01878,1646205.0
1750334400000,0.01878,0.01883,0.0187,0.01877,3056272.0
1750338000000,0.01877,0.01887,0.01873,0.01878,7179668.0
1750341600000,0.01878,0.01906,0.01877,0.01893,20229506.0
1750345200000,0.01895,0.01929,0.01889,0.01915,32492685.0
1750348800000,0.01915,0.01922,0.01897,0.01902,13997851.0
1750352400000,0.01902,0.01931,0.01899,0.01923,9575074.0
1750356000000,0.01925,0.0193,0.01916,0.0193,5017494.0
1750359600000,0.01929,0.01929,0.01912,0.01913,4434211.0
1750363200000,0.01913,0.0192,0.01907,0.01918,3716926.0
1750366800000,0.01918,0.01946,0.01912,0.0194,16809347.0
1750370400000,0.0194,0.01979,0.0194,0.01971,12809444.0
1750374000000,0.01971,0.01982,0.0196,0.01972,12472525.0
1750377600000,0.01973,0.01979,0.01957,0.01973,8700219.0
1750381200000,0.01973,0.01979,0.01956,0.01966,4853489.0
1750384800000,0.01967,0.01971,0.01959,0.01961,5772778.0
1750388400000,0.01962,0.01965,0.01953,0.01955,3912677.0
1750392000000,0.01955,0.01956,0.01913,0.01916,14046560.0
1750395600000,0.01916,0.01936,0.01916,0.01927,5273724.0
1750399200000,0.01928,0.01937,0.01926,0.01933,3872306.0
1750402800000,0.01933,0.0195,0.01916,0.01947,11712998.0
1750406400000,0.01948,0.01957,0.01938,0.01949,9788638.0
1750410000000,0.01949,0.01953,0.01934,0.01941,8266055.0
1750413600000,0.01942,0.01951,0.0193,0.0194,8447761.0
1750417200000,0.01941,0.01947,0.01933,0.0194,4006651.0
1750420800000,0.01941,0.01946,0.01933,0.01938,2308762.0
1750424400000,0.01938,0.01947,0.01925,0.01933,7302144.0
1750428000000,0.01934,0.01938,0.01888,0.01892,14860215.0
1750431600000,0.01892,0.01913,0.01892,0.01902,5729043.0
1750435200000,0.01902,0.01905,0.01885,0.01889,8608062.0
1750438800000,0.01889,0.01896,0.01855,0.01891,24015949.0
1750442400000,0.0189,0.01901,0.01883,0.01899,5953004.0
1750446000000,0.01899,0.01901,0.01886,0.01894,4197616.0
1750449600000,0.01893,0.01905,0.01892,0.01893,2810666.0
1750453200000,0.01893,0.01895,0.0188,0.01889,3120668.0
1750456800000,0.01889,0.01889,0.01863,0.01871,5857247.0
1750460400000,0.01872,0.01882,0.01869,0.01876,2462469.0
1750464000000,0.01876,0.0188,0.01867,0.01874,5411402.0
1750467600000,0.01874,0.01886,0.0187,0.01882,2616078.0
1750471200000,0.01883,0.01887,0.01881,0.01882,1817716.0
1750474800000,0.01881,0.0189,0.01881,0.01888,1346159.0
1750478400000,0.01887,0.01887,0.01878,0.01879,2123272.0
1750482000000,0.01881,0.01885,0.01878,0.01885,667288.0
1750485600000,0.01885,0.01887,0.01868,0.01879,6198612.0
1750489200000,0.01879,0.01881,0.01875,0.01877,1449529.0
1750492800000,0.01876,0.01883,0.01871,0.01882,1277327.0
1750496400000,0.01882,0.01883,0.01876,0.01882,1378854.0
1750500000000,0.01881,0.01883,0.01877,0.01879,757861.0
1750503600000,0.01879,0.01882,0.01875,0.01875,1222690.0
1750507200000,0.01874,0.01879,0.01864,0.01867,1997664.0
1750510800000,0.01868,0.01873,0.01842,0.01849,8809395.0
1750514400000,0.01849,0.01859,0.01844,0.0185,4290533.0
1750518000000,0.01851,0.01857,0.01841,0.01854,2760396.0
1750521600000,0.01854,0.01867,0.01849,0.01854,2249846.0
1750525200000,0.01853,0.0186,0.01826,0.01833,5392602.0
1750528800000,0.01833,0.01841,0.01816,0.01821,6541008.0
1750532400000,0.0182,0.01824,0.01807,0.01808,6698153.0
1750536000000,0.01807,0.01834,0.01806,0.01829,5564713.0
1750539600000,0.01831,0.01832,0.0176,0.01793,13404402.0
1750543200000,0.01793,0.01805,0.01791,0.01802,3326367.0
1750546800000,0.01802,0.01817,0.01777,0.01814,8492585.0
1750550400000,0.01813,0.0183,0.01795,0.01822,11598942.0
1750554000000,0.01823,0.01827,0.01797,0.018,4004812.0
1750557600000,0.01801,0.01812,0.01783,0.01796,6849497.0
1750561200000,0.01795,0.01803,0.01785,0.01795,3024987.0
1750564800000,0.01795,0.01812,0.0179,0.01803,7193420.0
1750568400000,0.01802,0.01811,0.01797,0.01807,1562550.0
1750572000000,0.01806,0.01813,0.018,0.0181,2094926.0
1750575600000,0.01811,0.01811,0.01793,0.01799,1885376.0
1750579200000,0.01799,0.01803,0.01792,0.01796,2082836.0
1750582800000,0.01797,0.018,0.01763,0.01774,9317557.0
1750586400000,0.01774,0.01791,0.01772,0.01786,2083514.0
1750590000000,0.01786,0.01796,0.01781,0.01788,3643452.0
1750593600000,0.01788,0.01796,0.01771,0.0179,4459329.0
1750597200000,0.01791,0.01793,0.01721,0.01742,26922797.0
1750600800000,0.01742,0.01753,0.01717,0.01751,16143888.0
1750604400000,0.0175,0.01756,0.01729,0.01731,7092557.0
1750608000000,0.01731,0.01737,0.01725,0.01733,4647387.0
1750611600000,0.01732,0.01752,0.01728,0.01746,7157161.0
1750615200000,0.01746,0.01752,0.01732,0.01733,2921031.0
1750618800000,0.01734,0.01737,0.01715,0.01719,6052537.0
1750622400000,0.01719,0.0173,0.01673,0.01724,17922982.0
1750626000000,0.01723,0.0173,0.01699,0.017,3743138.0
1750629600000,0.017,0.01742,0.01699,0.01741,7990269.0
1750633200000,0.0174,0.01744,0.01732,0.01738,3988914.0
1750636800000,0.01739,0.01746,0.01725,0.01736,7977036.0
1750640400000,0.01738,0.01744,0.01726,0.01743,2845254.0
1750644000000,0.01743,0.01743,0.01737,0.01739,1259943.0
1750647600000,0.01738,0.01745,0.01736,0.01742,1753124.0
1750651200000,0.01743,0.01745,0.01731,0.0174,2863448.0
1750654800000,0.01741,0.01763,0.0174,0.01758,4968756.0
1750658400000,0.01758,0.01766,0.01756,0.01766,2050146.0
1750662000000,0.01765,0.01776,0.01765,0.01768,1942460.0
1750665600000,0.01767,0.01775,0.01764,0.01765,2024726.0
1750669200000,0.01765,0.01766,0.01753,0.01762,2999714.0
1750672800000,0.01762,0.01762,0.0175,0.01753,2239661.0
1750676400000,0.01754,0.01758,0.01745,0.01755,2284846.0
1750680000000,0.01755,0.01771,0.0175,0.01771,3349623.0
1750683600000,0.01771,0.01831,0.01743,0.01793,13257490.0
1750687200000,0.01793,0.01806,0.01774,0.01784,6317282.0
1750690800000,0.01784,0.01793,0.0177,0.01772,2610936.0
1750694400000,0.01771,0.01774,0.01728,0.01748,8710468.0
1750698000000,0.01748,0.01799,0.01745,0.01795,9618689.0
1750701600000,0.01794,0.01822,0.01792,0.01818,9313294.0
1750705200000,0.01818,0.01834,0.01815,0.01831,3316298.0
1750708800000,0.0183,0.0185,0.01826,0.01843,5285537.0
1750712400000,0.01843,0.01851,0.01837,0.0184,1730539.0
1750716000000,0.01841,0.01882,0.0184,0.01877,7811116.0
1750719600000,0.01877,0.01883,0.01872,0.01875,3524301.0
1750723200000,0.01875,0.01883,0.01867,0.01873,4597343.0
1750726800000,0.01873,0.01884,0.01871,0.01884,2201623.0
1750730400000,0.01883,0.01885,0.01872,0.01873,1948745.0
1750734000000,0.01872,0.01875,0.01866,0.01868,1615999.0
1750737600000,0.01869,0.01869,0.01855,0.01861,3542111.0
1750741200000,0.01861,0.01886,0.01861,0.01885,3531662.0
1750744800000,0.01885,0.01896,0.01882,0.01894,3558575.0
1750748400000,0.01894,0.019,0.01878,0.0188,4835450.0
1750752000000,0.01879,0.0188,0.01867,0.0187,3700798.0
1750755600000,0.01869,0.0189,0.01867,0.01882,4941889.0
1750759200000,0.01883,0.01895,0.01875,0.01879,6046116.0
1750762800000,0.01878,0.01887,0.01873,0.01881,2411451.0
1750766400000,0.01882,0.01893,0.0188,0.01893,3038830.0
1750770000000,0.01892,0.01899,0.0188,0.01887,4477140.0
1750773600000,0.01887,0.01904,0.01887,0.019,3596538.0
1750777200000,0.019,0.01906,0.01885,0.01893,6470526.0
1750780800000,0.01893,0.01924,0.0189,0.01923,5949208.0
1750784400000,0.01923,0.01923,0.01889,0.019,5334074.0
1750788000000,0.01901,0.01902,0.01888,0.01893,4295344.0
1750791600000,0.01893,0.01901,0.01888,0.01901,2126020.0
1750795200000,0.01901,0.01906,0.0189,0.01906,3431855.0
1750798800000,0.01905,0.01909,0.01898,0.01904,1338230.0
1750802400000,0.01904,0.01909,0.01898,0.01908,1198632.0
1750806000000,0.01908,0.01917,0.01897,0.01917,1699057.0
1750809600000,0.01917,0.0192,0.01902,0.01914,4815374.0
1750813200000,0.01914,0.01964,0.01912,0.01934,38986450.0
1750816800000,0.01934,0.01944,0.01927,0.01931,7921648.0
1750820400000,0.01932,0.0194,0.01923,0.01928,6002630.0
1750824000000,0.01929,0.01932,0.01912,0.01922,4825571.0
1750827600000,0.01923,0.01925,0.0191,0.01911,5230421.0
1750831200000,0.01911,0.01935,0.01907,0.0193,5964165.0
1750834800000,0.0193,0.01941,0.01925,0.01938,2730602.0
1750838400000,0.01937,0.0194,0.01912,0.01922,4582612.0
1750842000000,0.01923,0.01933,0.01911,0.01919,4075738.0
1750845600000,0.0192,0.01929,0.01913,0.01925,2043498.0
1750849200000,0.01925,0.01946,0.01921,0.01943,5562876.0
1750852800000,0.01944,0.0195,0.01934,0.01944,8783972.0
1750856400000,0.01945,0.01953,0.01937,0.01943,5582527.0
1750860000000,0.01942,0.01946,0.01908,0.0193,11388429.0
1750863600000,0.01929,0.01929,0.01901,0.01905,6151906.0
1750867200000,0.01905,0.01915,0.01902,0.01905,2423568.0
1750870800000,0.01905,0.01928,0.01905,0.01917,3134501.0
1750874400000,0.01918,0.01919,0.01906,0.01913,4042613.0
1750878000000,0.01914,0.01923,0.01912,0.01922,2597518.0
1750881600000,0.01922,0.01929,0.01918,0.01926,1818278.0
1750885200000,0.01927,0.01936,0.01919,0.01919,3671855.0
1750888800000,0.01919,0.01931,0.01906,0.01913,6964714.0
1750892400000,0.01912,0.01921,0.01906,0.0192,2008912.0
1750896000000,0.01919,0.01923,0.01898,0.01904,10969609.0
1750899600000,0.01903,0.01924,0.01895,0.01912,6002331.0
1750903200000,0.01913,0.01918,0.01894,0.01913,7648787.0
1750906800000,0.01915,0.01923,0.01907,0.01911,4817372.0
1750910400000,0.01911,0.01925,0.01891,0.01909,9797643.0
1750914000000,0.01908,0.0191,0.01902,0.01906,3613186.0
1750917600000,0.01906,0.01932,0.01902,0.0192,5579684.0
1750921200000,0.0192,0.01932,0.01918,0.01923,8325118.0
1750924800000,0.01923,0.01932,0.01922,0.01926,3164786.0
1750928400000,0.01926,0.01931,0.01901,0.01904,7735567.0
1750932000000,0.01903,0.01908,0.01898,0.01901,2793676.0
1750935600000,0.01902,0.01904,0.01895,0.01899,2167894.0
1750939200000,0.01899,0.01899,0.01858,0.01872,9890507.0
1750942800000,0.01872,0.01874,0.01857,0.01863,5033266.0
1750946400000,0.01863,0.01896,0.01852,0.01879,7672304.0
1750950000000,0.0188,0.01884,0.01857,0.01875,3212700.0
1750953600000,0.01875,0.01875,0.01859,0.01866,6974660.0
1750957200000,0.01866,0.01878,0.01863,0.01867,3355228.0
1750960800000,0.01866,0.01877,0.01864,0.01873,1803865.0
1750964400000,0.01873,0.01893,0.01871,0.01887,1906476.0
1750968000000,0.01887,0.019,0.01882,0.0189,5412869.0
1750971600000,0.01889,0.01891,0.01871,0.01885,6014345.0
1750975200000,0.01885,0.01891,0.01874,0.01877,1335617.0
1750978800000,0.01877,0.01885,0.01874,0.01883,2280025.0
1750982400000,0.01883,0.01887,0.01857,0.01863,6192141.0
1750986000000,0.01862,0.01884,0.01851,0.01881,3430652.0
1750989600000,0.01882,0.01894,0.01879,0.01892,2153515.0
1750993200000,0.01892,0.01893,0.01886,0.01888,2067382.0
1750996800000,0.01889,0.01889,0.0187,0.0188,4051373.0
1751000400000,0.01879,0.01891,0.01871,0.01871,3441798.0
1751004000000,0.01871,0.01878,0.01867,0.01874,2918777.0
1751007600000,0.01873,0.01884,0.01859,0.01862,3622777.0
1751011200000,0.01862,0.01881,0.0186,0.01875,3173589.0
1751014800000,0.01876,0.01878,0.01864,0.01869,2232983.0
1751018400000,0.01869,0.01877,0.01859,0.01865,7810656.0
1751022000000,0.01866,0.01871,0.01863,0.01869,1981333.0
1751025600000,0.01869,0.01873,0.01856,0.01859,4732572.0
1751029200000,0.01858,0.01866,0.01847,0.01858,10125782.0
1751032800000,0.01858,0.01865,0.0184,0.01847,8307602.0
1751036400000,0.01845,0.01857,0.01833,0.01854,5814490.0
1751040000000,0.01855,0.01875,0.01853,0.01863,4787335.0
1751043600000,0.01863,0.01865,0.01836,0.01846,3581541.0
1751047200000,0.01845,0.01846,0.01823,0.0183,6336522.0
1751050800000,0.0183,0.01838,0.01825,0.01834,3241452.0
1751054400000,0.01833,0.0185,0.01832,0.01849,2937234.0
1751058000000,0.01849,0.01859,0.01845,0.01858,2146658.0
1751061600000,0.01859,0.01864,0.01858,0.01862,903702.0
1751065200000,0.01862,0.01865,0.01857,0.01861,1054083.0
1751068800000,0.01862,0.01867,0.01855,0.01856,2547421.0
1751072400000,0.01856,0.01859,0.01848,0.01856,1583287.0
1751076000000,0.01858,0.01863,0.01854,0.01854,1460495.0
1751079600000,0.01854,0.0186,0.01853,0.01856,928234.0
1751083200000,0.01855,0.01858,0.01851,0.01854,901448.0
1751086800000,0.01854,0.0186,0.0185,0.0185,989533.0
1751090400000,0.01851,0.01856,0.01848,0.01856,1480146.0
1751094000000,0.01857,0.01861,0.01855,0.01859,2028013.0
1751097600000,0.0186,0.01861,0.01849,0.0185,2213290.0
1751101200000,0.01849,0.01857,0.01846,0.01855,2556832.0
1751104800000,0.01855,0.01857,0.01851,0.01853,1964112.0
1751108400000,0.01854,0.01861,0.01852,0.01856,1492676.0
1751112000000,0.01856,0.01862,0.01852,0.01858,3855253.0
1751115600000,0.01858,0.01859,0.01848,0.01852,859201.0
1751119200000,0.01851,0.01857,0.01851,0.01854,852219.0
1751122800000,0.01854,0.01865,0.01851,0.01864,1237041.0
1751126400000,0.01863,0.01868,0.01856,0.01858,4123182.0
1751130000000,0.01857,0.0187,0.01857,0.01868,1191614.0
1751133600000,0.01868,0.01874,0.01865,0.01871,2607653.0
1751137200000,0.01872,0.01878,0.01868,0.01869,1646897.0
1751140800000,0.01869,0.01871,0.01865,0.01867,967974.0
1751144400000,0.01866,0.01876,0.01865,0.01875,1092711.0
1751148000000,0.01875,0.01882,0.01872,0.01879,1918684.0
1751151600000,0.01879,0.01882,0.01874,0.01875,1876361.0
1751155200000,0.01876,0.01879,0.01869,0.0187,2433502.0
1751158800000,0.01871,0.01874,0.01866,0.01867,1589176.0
1751162400000,0.01867,0.01867,0.01857,0.01864,2624182.0
1751166000000,0.01864,0.01867,0.01858,0.0186,1341334.0
1751169600000,0.0186,0.01866,0.01858,0.01864,2065606.0
1751173200000,0.01863,0.01872,0.0186,0.0187,1979784.0
1751176800000,0.01869,0.01871,0.01861,0.01861,1619485.0
1751180400000,0.01861,0.01867,0.01859,0.01864,1424479.0
1751184000000,0.01865,0.01871,0.01863,0.01869,1324654.0
1751187600000,0.01868,0.01882,0.01866,0.01876,2527880.0
1751191200000,0.01877,0.01884,0.01876,0.01881,2514347.0
1751194800000,0.01881,0.01885,0.01875,0.01882,3353320.0
1751198400000,0.01883,0.01889,0.0188,0.01888,3515986.0
1751202000000,0.01888,0.01894,0.01878,0.0188,2321533.0
1751205600000,0.0188,0.01883,0.01863,0.01869,2463446.0
1751209200000,0.01869,0.01869,0.01855,0.01861,2701922.0
1751212800000,0.01861,0.0187,0.01855,0.01869,2192046.0
1751216400000,0.01869,0.01872,0.01865,0.01872,1156769.0
1751220000000,0.01873,0.01876,0.01864,0.01874,889036.0
1751223600000,0.01874,0.01877,0.01869,0.01874,1638236.0
1751227200000,0.01874,0.01875,0.01869,0.01871,878161.0
1751230800000,0.01871,0.01888,0.01866,0.01885,2202380.0
1751234400000,0.01884,0.01941,0.01883,0.01939,7789707.0
1751238000000,0.01939,0.01939,0.01923,0.0193,3889872.0
1751241600000,0.01929,0.01937,0.01915,0.01917,4728274.0
1751245200000,0.01918,0.01919,0.01906,0.01909,2516428.0
1751248800000,0.01908,0.0191,0.01903,0.01905,2576835.0
1751252400000,0.01905,0.0191,0.01902,0.01902,1011373.0
1751256000000,0.01902,0.01908,0.01888,0.01893,5824686.0
1751259600000,0.01893,0.01898,0.01877,0.0189,5881135.0
1751263200000,0.0189,0.01894,0.01865,0.01874,3533317.0
1751266800000,0.01877,0.01891,0.01869,0.01887,2509278.0
1751270400000,0.01887,0.01895,0.01875,0.01875,4366159.0
1751274000000,0.01875,0.01883,0.01869,0.0187,4053483.0
1751277600000,0.01869,0.01875,0.01846,0.01853,9820524.0
1751281200000,0.01853,0.0186,0.01844,0.01849,10615389.0
1751284800000,0.01849,0.01859,0.01821,0.01829,7227736.0
1751288400000,0.01828,0.01854,0.0182,0.01835,15925937.0
1751292000000,0.01835,0.01845,0.01825,0.0183,5036313.0
1751295600000,0.01829,0.01854,0.01822,0.01838,7834344.0
1751299200000,0.01839,0.01845,0.01831,0.01845,4128064.0
1751302800000,0.01845,0.01849,0.01833,0.01841,3344090.0
1751306400000,0.0184,0.01841,0.0181,0.01824,7313517.0
1751310000000,0.01823,0.0185,0.01823,0.01848,3976839.0
1751313600000,0.01847,0.01851,0.01838,0.01843,5642531.0
1751317200000,0.01842,0.01863,0.0184,0.0185,3877122.0
1751320800000,0.01849,0.01852,0.0184,0.01841,2501366.0
1751324400000,0.01841,0.01848,0.01839,0.01846,1228587.0
1751328000000,0.01846,0.01853,0.01837,0.0184,4215313.0
1751331600000,0.0184,0.01849,0.01839,0.01844,1713452.0
1751335200000,0.01843,0.01855,0.0183,0.01838,10221841.0
1751338800000,0.01838,0.01857,0.01835,0.01852,4368558.0
1751342400000,0.01852,0.01853,0.01822,0.01824,5434312.0
1751346000000,0.01824,0.01834,0.01816,0.01831,5428726.0
1751349600000,0.01831,0.01845,0.01821,0.01838,14158451.0
1751353200000,0.01838,0.01849,0.01827,0.01848,3735888.0
1751356800000,0.01847,0.01847,0.01828,0.01828,3847111.0
1751360400000,0.01828,0.01833,0.01825,0.01832,3428864.0
1751364000000,0.01831,0.01831,0.01818,0.01824,5426075.0
1751367600000,0.01824,0.01825,0.018,0.01821,9381917.0
1751371200000,0.01821,0.01822,0.01805,0.01813,3563756.0
1751374800000,0.01813,0.01824,0.018,0.01823,6835155.0
1751378400000,0.01822,0.01834,0.01803,0.01812,3768799.0
1751382000000,0.01814,0.0182,0.01802,0.01813,4933513.0
1751385600000,0.01813,0.01819,0.01802,0.01809,1760076.0
1751389200000,0.01807,0.01809,0.01798,0.01803,2646092.0
1751392800000,0.01804,0.01811,0.01792,0.01805,3227111.0
1751396400000,0.01805,0.01814,0.01799,0.01805,2736193.0
1751400000000,0.01805,0.01812,0.01793,0.01803,1853020.0
1751403600000,0.01804,0.01815,0.01794,0.01795,4175928.0
1751407200000,0.01796,0.01802,0.0179,0.01794,1591606.0
1751410800000,0.01794,0.01795,0.01777,0.01793,2740788.0
1751414400000,0.01792,0.01806,0.01786,0.01796,4925588.0
1751418000000,0.01796,0.0182,0.01784,0.0181,4665242.0
1751421600000,0.01811,0.01812,0.01801,0.01803,944648.0
1751425200000,0.01804,0.01815,0.018,0.01806,7135707.0
1751428800000,0.01807,0.01821,0.01804,0.0182,5987188.0
1751432400000,0.0182,0.01825,0.01816,0.01819,2136388.0
1751436000000,0.01819,0.01821,0.01807,0.01816,8514185.0
1751439600000,0.01816,0.01819,0.01806,0.01813,1714300.0
1751443200000,0.01812,0.01817,0.01809,0.01813,1142639.0
1751446800000,0.01814,0.01816,0.0181,0.01812,1647519.0
1751450400000,0.01811,0.01827,0.0181,0.01826,1938812.0
1751454000000,0.01827,0.01833,0.01821,0.01828,4122236.0
1751457600000,0.01828,0.01835,0.0182,0.01832,2720758.0
1751461200000,0.01832,0.0184,0.0183,0.01834,1512526.0
1751464800000,0.01834,0.01847,0.01833,0.01846,1568537.0
1751468400000,0.01846,0.01859,0.01845,0.01855,5785382.0
1751472000000,0.01854,0.01902,0.01854,0.01897,19481813.0
1751475600000,0.01897,0.01906,0.01881,0.01891,4950018.0
1751479200000,0.01892,0.01899,0.01892,0.01896,1827595.0
1751482800000,0.01896,0.01901,0.01892,0.01901,2379951.0
1751486400000,0.01901,0.01904,0.01892,0.019,2656389.0
1751490000000,0.01899,0.01905,0.01893,0.01902,1848182.0
1751493600000,0.01902,0.01913,0.01894,0.019,5659913.0
1751497200000,0.019,0.01902,0.01885,0.01887,2973091.0
1751500800000,0.01887,0.0191,0.01886,0.01891,5126427.0
1751504400000,0.01891,0.01902,0.01887,0.01897,1699522.0
1751508000000,0.01896,0.01897,0.01884,0.01889,2125741.0
1751511600000,0.01889,0.01895,0.01879,0.01884,2873064.0
1751515200000,0.01884,0.01896,0.01882,0.01895,1587418.0
1751518800000,0.01895,0.01911,0.01894,0.01905,3009808.0
1751522400000,0.01905,0.01913,0.01902,0.01913,3408920.0
1751526000000,0.01912,0.01917,0.01905,0.01915,3580799.0
1751529600000,0.01915,0.01918,0.01908,0.01908,2755039.0
1751533200000,0.01908,0.01926,0.01907,0.01915,5219343.0
1751536800000,0.01915,0.01918,0.01907,0.01912,2281394.0
1751540400000,0.01912,0.01912,0.01897,0.019,2880307.0
1751544000000,0.019,0.01916,0.01879,0.01895,7222146.0
1751547600000,0.01894,0.01914,0.01892,0.01909,4202746.0
1751551200000,0.0191,0.01913,0.01891,0.01896,4762097.0
1751554800000,0.01897,0.01899,0.01864,0.01875,5297744.0
1751558400000,0.01877,0.01889,0.01874,0.01885,2251419.0
1751562000000,0.01885,0.01894,0.01884,0.01891,1919378.0
1751565600000,0.01891,0.01894,0.01886,0.01892,865145.0
1751569200000,0.01893,0.01896,0.01888,0.01894,1354498.0
1751572800000,0.01894,0.01898,0.0189,0.01893,3764915.0
1751576400000,0.01893,0.01899,0.01889,0.01892,1772099.0
1751580000000,0.01891,0.01897,0.01891,0.01894,685443.0
1751583600000,0.01894,0.01895,0.01887,0.01892,2749278.0
1751587200000,0.01893,0.01896,0.01878,0.0188,2926092.0
1751590800000,0.0188,0.01893,0.01879,0.01888,1546849.0
1751594400000,0.01888,0.0189,0.01875,0.0188,1986720.0
1751598000000,0.0188,0.01888,0.01877,0.01881,1040311.0
1751601600000,0.01882,0.01893,0.01878,0.01882,4142190.0
1751605200000,0.01883,0.01895,0.01882,0.01886,1880722.0
1751608800000,0.01887,0.01888,0.01868,0.01873,2760345.0
1751612400000,0.01872,0.01876,0.01851,0.01854,4379567.0
1751616000000,0.01855,0.01865,0.01844,0.01864,4846570.0
1751619600000,0.01865,0.0187,0.01863,0.01864,1759320.0
1751623200000,0.01866,0.01866,0.01849,0.01852,3218913.0
1751626800000,0.01852,0.0186,0.01851,0.01855,1213602.0
1751630400000,0.01854,0.01858,0.01835,0.01841,4110251.0
1751634000000,0.01842,0.0185,0.01832,0.01841,4395246.0
1751637600000,0.0184,0.01842,0.01822,0.01832,4070764.0
1751641200000,0.01833,0.01836,0.01804,0.01819,13955072.0
1751644800000,0.01819,0.01824,0.01807,0.01816,5192169.0
1751648400000,0.01817,0.01827,0.01815,0.01825,2390280.0
1751652000000,0.01826,0.01826,0.01807,0.01816,5762521.0
1751655600000,0.01816,0.01819,0.01791,0.018,5222190.0
1751659200000,0.018,0.01814,0.01798,0.0181,4410090.0
1751662800000,0.01809,0.01824,0.01809,0.01824,1896564.0
1751666400000,0.01824,0.01827,0.01818,0.01825,2705103.0
1751670000000,0.01826,0.01826,0.01809,0.01814,1813235.0
1751673600000,0.01815,0.0186,0.01812,0.01844,21540215.0
1751677200000,0.01843,0.01855,0.01836,0.01848,4285901.0
1751680800000,0.01849,0.01851,0.01833,0.01843,2116921.0
1751684400000,0.01844,0.01859,0.01843,0.0185,6363759.0
1751688000000,0.01851,0.01853,0.01842,0.01844,1952160.0
1751691600000,0.01845,0.01853,0.0184,0.01852,1914439.0
1751695200000,0.01852,0.01859,0.01846,0.01855,2548890.0
1751698800000,0.01855,0.01856,0.01842,0.01844,1522484.0
1751702400000,0.01844,0.01846,0.01826,0.01833,3418912.0
1751706000000,0.01833,0.01839,0.01826,0.01838,1420744.0
1751709600000,0.01838,0.01846,0.01829,0.01832,4964548.0
1751713200000,0.01832,0.01841,0.01831,0.01833,1466357.0
1751716800000,0.01833,0.01835,0.0182,0.01826,2105608.0
1751720400000,0.01825,0.01828,0.01819,0.01823,2486533.0
1751724000000,0.01823,0.01828,0.01819,0.01825,933951.0
1751727600000,0.01826,0.01829,0.01818,0.01822,1140084.0
1751731200000,0.01822,0.01829,0.01819,0.01827,1595734.0
1751734800000,0.01826,0.01832,0.0181,0.01819,2516888.0
1751738400000,0.01818,0.01819,0.01804,0.01808,2270556.0
1751742000000,0.01809,0.01821,0.01808,0.01821,745574.0
1751745600000,0.0182,0.01828,0.01818,0.01827,774777.0
1751749200000,0.01827,0.01834,0.01825,0.01833,736603.0
1751752800000,0.01833,0.01834,0.01825,0.01833,825547.0
1751756400000,0.01833,0.01837,0.0183,0.01834,1162066.0
1751760000000,0.01833,0.01834,0.01822,0.01828,1596260.0
1751763600000,0.01828,0.01829,0.0182,0.01825,525308.0
1751767200000,0.01826,0.01828,0.0182,0.0182,914882.0
1751770800000,0.0182,0.01823,0.01818,0.01822,980277.0
1751774400000,0.01821,0.01826,0.0182,0.01823,735045.0
1751778000000,0.01823,0.01823,0.01819,0.01821,504332.0
1751781600000,0.01821,0.01831,0.0182,0.01827,1030364.0
1751785200000,0.01829,0.01833,0.01825,0.01828,1199027.0
1751788800000,0.01827,0.01829,0.01819,0.01828,1709870.0
1751792400000,0.01828,0.01835,0.01826,0.01826,1452522.0
1751796000000,0.01826,0.01836,0.01822,0.01832,763255.0
1751799600000,0.01832,0.01838,0.01829,0.01838,992177.0
1751803200000,0.01838,0.01846,0.01834,0.01843,2493657.0
1751806800000,0.01844,0.01862,0.0184,0.01858,3797634.0
1751810400000,0.01859,0.01861,0.01841,0.01852,5675393.0
1751814000000,0.01852,0.01858,0.0185,0.01856,2565718.0
1751817600000,0.01856,0.01862,0.01853,0.01862,2092978.0
1751821200000,0.01862,0.01864,0.01856,0.01862,957591.0
1751824800000,0.01862,0.01863,0.01844,0.01853,2615198.0
1751828400000,0.01853,0.01862,0.01852,0.01859,1549868.0
1751832000000,0.01859,0.01868,0.01857,0.01864,2559472.0
1751835600000,0.01863,0.0188,0.01863,0.01871,2634021.0
1751839200000,0.0187,0.01879,0.01868,0.0187,1645856.0
1751842800000,0.01871,0.01873,0.01852,0.01857,1765227.0
1751846400000,0.01857,0.01865,0.01849,0.01863,6258050.0
1751850000000,0.01863,0.01863,0.0185,0.01858,3433265.0
1751853600000,0.01858,0.01876,0.01858,0.01871,2331900.0
1751857200000,0.01871,0.01877,0.01864,0.01865,2782154.0
1751860800000,0.01865,0.01872,0.01859,0.01863,4620453.0
1751864400000,0.01863,0.01868,0.01861,0.01864,1320303.0
1751868000000,0.01863,0.01871,0.01855,0.01855,3240175.0
1751871600000,0.01855,0.01869,0.01851,0.01866,5906065.0
1751875200000,0.01866,0.01867,0.01861,0.01862,1576844.0
1751878800000,0.01861,0.01862,0.01856,0.01859,1625912.0
1751882400000,0.01857,0.01858,0.01848,0.01852,1460301.0
1751886000000,0.01852,0.01858,0.01846,0.01855,1595945.0
1751889600000,0.01854,0.01856,0.01849,0.01854,1696199.0
1751893200000,0.01853,0.01863,0.01848,0.01863,3646188.0
1751896800000,0.01863,0.01864,0.01835,0.01844,7769578.0
1751900400000,0.01844,0.01851,0.01842,0.01848,2818793.0
1751904000000,0.01848,0.01851,0.01833,0.0184,3003055.0
1751907600000,0.01841,0.01845,0.01831,0.0184,3448834.0
1751911200000,0.01839,0.01842,0.01826,0.01837,2455819.0
1751914800000,0.01838,0.01846,0.01835,0.01837,1424065.0
1751918400000,0.01837,0.01837,0.01818,0.01825,2868281.0
1751922000000,0.01826,0.01833,0.01816,0.0183,2407888.0
1751925600000,0.01829,0.01832,0.01819,0.01822,1868711.0
1751929200000,0.01823,0.01832,0.01822,0.0183,1472106.0
1751932800000,0.01829,0.01836,0.01818,0.01823,4590887.0
1751936400000,0.01822,0.01822,0.01811,0.01812,2512324.0
1751940000000,0.01812,0.0182,0.01808,0.01816,2772687.0
1751943600000,0.01815,0.01821,0.01813,0.01815,1683045.0
1751947200000,0.01815,0.01822,0.0181,0.01822,3061015.0
1751950800000,0.01822,0.01829,0.0182,0.01827,1772917.0
1751954400000,0.01827,0.01832,0.01823,0.01827,2024074.0
1751958000000,0.01828,0.01831,0.01822,0.01829,1037467.0
1751961600000,0.0183,0.01833,0.01815,0.01815,2110926.0
1751965200000,0.01815,0.01824,0.01812,0.01823,2772133.0
1751968800000,0.01821,0.01839,0.01819,0.01839,2969742.0
1751972400000,0.01839,0.01848,0.01837,0.01844,2198723.0
1751976000000,0.01844,0.01862,0.01843,0.01855,3284184.0
1751979600000,0.01856,0.01859,0.01845,0.01854,2398084.0
1751983200000,0.01855,0.01862,0.01838,0.01841,4492485.0
1751986800000,0.0184,0.01842,0.01833,0.0184,1870036.0
1751990400000,0.0184,0.01848,0.01828,0.01847,4713396.0
1751994000000,0.01847,0.01872,0.01847,0.01869,7901104.0
1751997600000,0.01869,0.01874,0.01867,0.01871,3278997.0
1752001200000,0.01872,0.01873,0.01859,0.01866,1826249.0
1752004800000,0.01866,0.0187,0.01859,0.01862,1106335.0
1752008400000,0.01861,0.01866,0.0186,0.01862,1292383.0
1752012000000,0.01863,0.01865,0.01853,0.01863,2807684.0
1752015600000,0.01863,0.01869,0.0186,0.01867,1333285.0
1752019200000,0.01867,0.01873,0.01853,0.01865,7767796.0
1752022800000,0.01865,0.0187,0.01847,0.01853,2438062.0
1752026400000,0.01853,0.01865,0.01847,0.01863,4648473.0
1752030000000,0.01864,0.01871,0.01861,0.01866,4163807.0
1752033600000,0.01866,0.0187,0.01855,0.01869,4401647.0
1752037200000,0.01869,0.01879,0.01865,0.01872,3436944.0
1752040800000,0.01872,0.01877,0.01869,0.01876,2443103.0
1752044400000,0.01876,0.01885,0.01875,0.01885,3466664.0
1752048000000,0.01885,0.0189,0.01881,0.01888,3163967.0
1752051600000,0.01888,0.0189,0.01877,0.01888,2639935.0
1752055200000,0.01889,0.01895,0.01884,0.01891,4064550.0
1752058800000,0.01892,0.01907,0.01892,0.01904,4036658.0
1752062400000,0.01905,0.01913,0.01897,0.019,5745162.0
1752066000000,0.01901,0.01905,0.01892,0.01895,4258446.0
1752069600000,0.01895,0.01901,0.01876,0.0189,4343725.0
1752073200000,0.0189,0.01894,0.01885,0.01893,1520870.0
1752076800000,0.01892,0.01898,0.01891,0.01898,1353020.0
1752080400000,0.01899,0.01899,0.01887,0.01892,1596776.0
1752084000000,0.01892,0.01909,0.01892,0.01907,2190578.0
1752087600000,0.01907,0.01929,0.01904,0.01926,4577126.0
1752091200000,0.01926,0.0193,0.01913,0.01927,8093563.0
1752094800000,0.01928,0.0194,0.01927,0.01936,2749953.0
1752098400000,0.01936,0.01942,0.01933,0.0194,3269082.0
1752102000000,0.01941,0.01944,0.01934,0.01941,2649638.0
1752105600000,0.01941,0.01945,0.01923,0.01927,4258924.0
1752109200000,0.01926,0.01938,0.01926,0.01935,1073135.0
1752112800000,0.01935,0.01946,0.01935,0.01944,1476157.0
1752116400000,0.01943,0.01948,0.01938,0.0194,1572530.0
1752120000000,0.01941,0.01951,0.01933,0.01949,2009725.0
1752123600000,0.01949,0.01952,0.01936,0.01939,3492549.0
1752127200000,0.0194,0.0195,0.01929,0.01949,4712688.0
1752130800000,0.0195,0.01954,0.01933,0.01935,2660028.0
1752134400000,0.01935,0.01951,0.01934,0.01949,2345534.0
1752138000000,0.0195,0.01952,0.01938,0.01943,2076172.0
1752141600000,0.01942,0.01949,0.01936,0.01948,1234957.0
1752145200000,0.01948,0.01962,0.0194,0.01954,6019585.0
1752148800000,0.01954,0.01954,0.01937,0.01945,2039837.0
1752152400000,0.01946,0.01959,0.01944,0.01947,2917916.0
1752156000000,0.01947,0.01971,0.0194,0.01956,20942685.0
1752159600000,0.01956,0.01958,0.01946,0.01949,3299781.0
1752163200000,0.0195,0.01991,0.01949,0.01985,8051518.0
1752166800000,0.01986,0.02003,0.01981,0.02,6396585.0
1752170400000,0.02,0.02008,0.01985,0.02004,5795218.0
1752174000000,0.02004,0.02009,0.01995,0.01999,1703240.0
1752177600000,0.02,0.02011,0.01999,0.02,4330514.0
1752181200000,0.01999,0.0207,0.01991,0.02039,18912346.0
1752184800000,0.02039,0.02045,0.02023,0.02043,14135457.0
1752188400000,0.02044,0.02045,0.02026,0.02041,5403963.0
1752192000000,0.02041,0.02046,0.02017,0.02025,6677398.0
1752195600000,0.02025,0.02047,0.02025,0.02045,2931220.0
1752199200000,0.02046,0.02054,0.02041,0.02053,3678491.0
1752202800000,0.02053,0.02072,0.02048,0.02072,3246237.0
1752206400000,0.02072,0.02079,0.02064,0.02079,3856308.0
1752210000000,0.02078,0.02113,0.02078,0.02105,9590036.0
1752213600000,0.02104,0.02125,0.0208,0.02082,9735441.0
1752217200000,0.02082,0.02097,0.02065,0.02077,5809876.0
1752220800000,0.02077,0.02101,0.02074,0.02095,8395350.0
1752224400000,0.02096,0.02117,0.02088,0.02115,7449871.0
1752228000000,0.02115,0.02117,0.02099,0.02101,3972113.0
1752231600000,0.02102,0.02103,0.02081,0.02088,5196233.0
1752235200000,0.02089,0.02111,0.02088,0.02109,3732135.0
1752238800000,0.02109,0.02117,0.02085,0.0211,5425903.0
1752242400000,0.0211,0.02129,0.02101,0.02114,4756582.0
1752246000000,0.02113,0.0213,0.02085,0.02091,8042674.0
1752249600000,0.02091,0.0212,0.02083,0.02116,6215119.0
1752253200000,0.02116,0.0213,0.02116,0.02129,2724995.0
1752256800000,0.02128,0.02139,0.02128,0.02136,3153519.0
1752260400000,0.02136,0.0214,0.02123,0.02135,1182553.0
1752264000000,0.02135,0.02138,0.02109,0.02109,1832713.0
1752267600000,0.02109,0.02113,0.02075,0.02089,6607020.0
1752271200000,0.02089,0.02092,0.02053,0.02068,7734332.0
1752274800000,0.02067,0.02083,0.02066,0.02072,2804688.0
1752278400000,0.02073,0.0208,0.02048,0.02062,4453449.0
1752282000000,0.02063,0.02086,0.02061,0.02083,3547563.0
1752285600000,0.02082,0.02094,0.02081,0.02087,1806108.0
1752289200000,0.02087,0.02097,0.02084,0.02095,2010299.0
1752292800000,0.02095,0.02098,0.02068,0.02072,2763787.0
1752296400000,0.02073,0.02107,0.02063,0.02102,7991244.0
1752300000000,0.02101,0.02126,0.021,0.02119,7680273.0
1752303600000,0.0212,0.02148,0.02118,0.02139,8157234.0
1752307200000,0.02138,0.02142,0.02112,0.02117,6143484.0
1752310800000,0.02117,0.02135,0.02112,0.0213,6210707.0
1752314400000,0.02129,0.02132,0.02121,0.0213,2651201.0
1752318000000,0.0213,0.02131,0.02109,0.02121,4323923.0
1752321600000,0.0212,0.02144,0.0208,0.02087,11146893.0
1752325200000,0.02087,0.0209,0.02061,0.0209,7852017.0
1752328800000,0.02091,0.021,0.02075,0.02078,4481442.0
1752332400000,0.02077,0.02078,0.02037,0.02047,9805831.0
1752336000000,0.02048,0.0207,0.02042,0.02055,3330906.0
1752339600000,0.02056,0.02086,0.02053,0.02085,4327843.0
1752343200000,0.02084,0.02092,0.0208,0.02089,1597754.0
1752346800000,0.02089,0.02089,0.02078,0.02086,876017.0
1752350400000,0.02087,0.02088,0.02059,0.0206,1005878.0
1752354000000,0.02059,0.02082,0.02054,0.02082,3543497.0
1752357600000,0.02082,0.02087,0.02069,0.02085,2993038.0
1752361200000,0.02086,0.02095,0.02077,0.02088,1821497.0
1752364800000,0.02088,0.02105,0.02073,0.02088,8652180.0
1752368400000,0.02089,0.02099,0.02073,0.02089,8696483.0
1752372000000,0.02089,0.02106,0.0208,0.02095,5548109.0
1752375600000,0.02095,0.021,0.02087,0.02087,1933659.0
1752379200000,0.02087,0.02101,0.0208,0.02099,3450644.0
1752382800000,0.02099,0.0211,0.02092,0.02095,2945578.0
1752386400000,0.02095,0.02112,0.02092,0.02104,2184091.0
1752390000000,0.02104,0.02116,0.02101,0.02113,1224538.0
1752393600000,0.02113,0.02115,0.02097,0.02106,4152508.0
1752397200000,0.02107,0.02109,0.02099,0.02104,1569588.0
1752400800000,0.02104,0.02116,0.02104,0.02107,2151452.0
1752404400000,0.02106,0.02124,0.02106,0.02119,3131551.0
1752408000000,0.02119,0.02127,0.02111,0.02122,2373732.0
1752411600000,0.02123,0.02131,0.02114,0.02128,2902297.0
1752415200000,0.02129,0.02133,0.02114,0.02121,7155798.0
1752418800000,0.02122,0.02141,0.0212,0.02129,5903565.0
1752422400000,0.02129,0.02136,0.02112,0.02116,2148766.0
1752426000000,0.02115,0.0213,0.02107,0.02128,1686073.0
1752429600000,0.02128,0.02142,0.02123,0.0214,1820862.0
1752433200000,0.0214,0.02143,0.02123,0.02123,6142917.0
1752436800000,0.02124,0.02132,0.02117,0.02128,981643.0
1752440400000,0.02128,0.02128,0.02092,0.02106,3927013.0
1752444000000,0.02107,0.02112,0.02092,0.02103,4636593.0
1752447600000,0.02103,0.02125,0.02099,0.02121,5242176.0
1752451200000,0.0212,0.0213,0.02106,0.02115,5410053.0
1752454800000,0.02116,0.02123,0.0211,0.02123,2790091.0
1752458400000,0.02121,0.02147,0.02116,0.0214,6122937.0
1752462000000,0.02139,0.02182,0.02138,0.0218,12615551.0
1752465600000,0.02179,0.022,0.02172,0.022,5317697.0
1752469200000,0.022,0.02211,0.02166,0.0219,12289521.0
1752472800000,0.02189,0.02193,0.02174,0.02184,5716895.0
1752476400000,0.02183,0.02203,0.02183,0.02194,4578408.0
1752480000000,0.02195,0.02195,0.02166,0.02181,3119743.0
1752483600000,0.02183,0.02187,0.02167,0.02174,5391194.0
1752487200000,0.02175,0.0218,0.02155,0.02176,5158278.0
1752490800000,0.02175,0.02179,0.02151,0.02157,3865950.0
1752494400000,0.02157,0.02166,0.02143,0.02155,3767641.0
1752498000000,0.02156,0.02165,0.02148,0.02156,4292988.0
1752501600000,0.02157,0.02166,0.0212,0.02146,9350539.0
1752505200000,0.02146,0.02146,0.02116,0.02125,4612362.0
1752508800000,0.02126,0.02148,0.02117,0.02146,3770429.0
1752512400000,0.02146,0.02147,0.02128,0.02134,1720118.0
1752516000000,0.02134,0.02135,0.0211,0.02111,3560741.0
1752519600000,0.02112,0.02119,0.02104,0.02116,2614408.0
1752523200000,0.02117,0.02122,0.02091,0.02117,8152869.0
1752526800000,0.02116,0.02123,0.02109,0.02123,1866309.0
1752530400000,0.02122,0.02129,0.02116,0.02128,2067134.0
1752534000000,0.02129,0.02131,0.02112,0.02128,3436626.0
1752537600000,0.02129,0.02134,0.021,0.02107,5562810.0
1752541200000,0.02107,0.02113,0.02078,0.02091,11299417.0
1752544800000,0.02091,0.021,0.02061,0.02064,14323708.0
1752548400000,0.02065,0.02066,0.02038,0.02052,10464095.0
1752552000000,0.02053,0.02071,0.02021,0.02067,9534072.0
1752555600000,0.02066,0.02074,0.02063,0.02067,2126324.0
1752559200000,0.02067,0.02073,0.02051,0.02057,6783649.0
1752562800000,0.02057,0.02067,0.02051,0.02052,2277999.0
1752566400000,0.02052,0.02054,0.02031,0.02048,4171309.0
1752570000000,0.02048,0.02059,0.02046,0.02053,2240818.0
1752573600000,0.02052,0.02062,0.02052,0.02061,3007979.0
1752577200000,0.0206,0.02066,0.02034,0.02058,4637804.0
1752580800000,0.02057,0.02077,0.02026,0.0206,9521039.0
1752584400000,0.02059,0.0209,0.02056,0.02082,9387854.0
1752588000000,0.02082,0.02094,0.02029,0.02036,8762898.0
1752591600000,0.02037,0.02079,0.02027,0.02071,10968521.0
1752595200000,0.02072,0.02103,0.02071,0.02089,5575566.0
1752598800000,0.0209,0.02119,0.02087,0.02117,3450215.0
1752602400000,0.02118,0.02126,0.02084,0.021,7702583.0
1752606000000,0.021,0.02119,0.02081,0.02087,5468613.0
1752609600000,0.02087,0.02103,0.02085,0.02097,2879219.0
1752613200000,0.02096,0.02125,0.02095,0.02121,1941690.0
1752616800000,0.02121,0.0213,0.02116,0.02129,1965489.0
1752620400000,0.02129,0.02139,0.02116,0.02137,8352247.0
1752624000000,0.02137,0.02146,0.02126,0.02145,3705414.0
1752627600000,0.02145,0.02222,0.0214,0.0222,31485730.0
1752631200000,0.02221,0.02237,0.02168,0.02184,37513566.0
1752634800000,0.02184,0.02216,0.02184,0.02213,9961914.0
1752638400000,0.02212,0.02236,0.02198,0.02207,17627249.0
1752642000000,0.02207,0.0222,0.02202,0.0221,5428565.0
1752645600000,0.0221,0.02225,0.02199,0.02218,6537346.0
1752649200000,0.02218,0.02234,0.0221,0.02228,6132426.0
1752652800000,0.02228,0.02232,0.02212,0.02228,5943072.0
1752656400000,0.02228,0.02234,0.02217,0.0222,8500800.0
1752660000000,0.02221,0.02271,0.02215,0.0224,28041645.0
1752663600000,0.02241,0.02242,0.02203,0.02206,16997759.0
1752667200000,0.02206,0.0222,0.02201,0.02202,7741826.0
1752670800000,0.02202,0.02207,0.02185,0.02198,7749044.0
1752674400000,0.02198,0.02229,0.02194,0.02222,6655762.0
1752678000000,0.02221,0.02229,0.02183,0.02206,10957666.0
1752681600000,0.02207,0.02227,0.022,0.02223,5331967.0
1752685200000,0.02224,0.02233,0.02209,0.0223,9535781.0
1752688800000,0.0223,0.02241,0.02224,0.02226,6645809.0
1752692400000,0.02226,0.0223,0.02205,0.02217,4262150.0
1752696000000,0.02216,0.02242,0.02216,0.02234,6368770.0
1752699600000,0.02233,0.02251,0.02228,0.02245,4616862.0
1752703200000,0.02245,0.02249,0.02209,0.02213,4492575.0
1752706800000,0.02216,0.02218,0.02201,0.02216,3622000.0
1752710400000,0.02216,0.02245,0.02207,0.02209,11762534.0
1752714000000,0.02208,0.02217,0.02176,0.02186,15787375.0
1752717600000,0.02186,0.02207,0.02183,0.022,4651058.0
1752721200000,0.02201,0.02201,0.02176,0.02187,7943316.0
1752724800000,0.02186,0.02203,0.02182,0.02203,2287564.0
1752728400000,0.02202,0.02214,0.02192,0.02213,2475611.0
1752732000000,0.02213,0.02226,0.02201,0.02215,3726444.0
1752735600000,0.02216,0.02217,0.02193,0.02206,5832526.0
1752739200000,0.02206,0.02213,0.02197,0.02205,4997326.0
1752742800000,0.02205,0.02224,0.022,0.02222,13232364.0
1752746400000,0.02221,0.02222,0.0219,0.02203,11615620.0
1752750000000,0.02202,0.02204,0.02185,0.02195,5099926.0
1752753600000,0.02196,0.0221,0.02179,0.02204,8589014.0
1752757200000,0.02203,0.0221,0.02168,0.02198,12394592.0
1752760800000,0.02199,0.02208,0.02189,0.02201,3363068.0
1752764400000,0.02202,0.02205,0.02178,0.02191,5955302.0
1752768000000,0.02191,0.02197,0.02154,0.02178,13539646.0
1752771600000,0.02179,0.02192,0.02167,0.02189,9507541.0
1752775200000,0.02189,0.02201,0.02185,0.02195,3311888.0
1752778800000,0.02195,0.02203,0.0216,0.02162,3804508.0
1752782400000,0.02163,0.02194,0.02146,0.02176,17440848.0
1752786000000,0.02177,0.02213,0.02177,0.02196,10372878.0
1752789600000,0.02195,0.02216,0.02187,0.02208,6808665.0
1752793200000,0.02209,0.02224,0.02203,0.0221,6555056.0
1752796800000,0.0221,0.02237,0.022,0.02234,7729282.0
1752800400000,0.02234,0.02251,0.02229,0.02247,5368901.0
1752804000000,0.02246,0.02246,0.02228,0.02241,4767250.0
1752807600000,0.02242,0.02247,0.02236,0.02243,2273680.0
1752811200000,0.02244,0.02272,0.02238,0.02272,5532722.0
1752814800000,0.02271,0.02332,0.02271,0.02323,22857792.0
1752818400000,0.02324,0.0233,0.02286,0.02302,23411188.0
1752822000000,0.02303,0.02308,0.02254,0.02258,19317452.0
1752825600000,0.02259,0.02286,0.02242,0.02258,17458457.0
1752829200000,0.02258,0.02274,0.02249,0.02272,7401955.0
1752832800000,0.02272,0.02282,0.02246,0.02281,6971467.0
1752836400000,0.0228,0.02285,0.02257,0.02277,6178135.0
1752840000000,0.02277,0.02301,0.02277,0.02291,8213043.0
1752843600000,0.02293,0.02295,0.02269,0.02277,8756873.0
1752847200000,0.02277,0.02287,0.02225,0.02245,17836588.0
1752850800000,0.02245,0.02254,0.0221,0.02226,12771543.0
1752854400000,0.02227,0.02254,0.02219,0.02243,6588897.0
1752858000000,0.02243,0.02255,0.02236,0.02247,3560990.0
1752861600000,0.02248,0.02253,0.02234,0.02236,3269869.0
1752865200000,0.02238,0.02247,0.02215,0.0223,10469063.0
1752868800000,0.0223,0.02232,0.02176,0.0221,17691531.0
1752872400000,0.02209,0.02236,0.02207,0.02222,4555124.0
1752876000000,0.02223,0.02223,0.02191,0.02199,11677643.0
1752879600000,0.02199,0.02218,0.02185,0.02215,2753922.0
1752883200000,0.02216,0.02222,0.02184,0.02186,4977458.0
1752886800000,0.02186,0.02207,0.02162,0.02202,6016978.0
1752890400000,0.02203,0.02217,0.0219,0.0221,3451505.0
1752894000000,0.02211,0.02221,0.02206,0.02218,3485661.0
1752897600000,0.02217,0.02246,0.02217,0.02243,4878302.0
1752901200000,0.02244,0.02248,0.02227,0.02235,2844442.0
1752904800000,0.02234,0.02237,0.02216,0.02225,4640688.0
1752908400000,0.02227,0.02236,0.02218,0.02222,2635939.0
1752912000000,0.02222,0.02282,0.02212,0.02252,49730835.0
1752915600000,0.02253,0.02293,0.02252,0.02279,26673691.0
1752919200000,0.02282,0.02295,0.02271,0.0228,17027335.0
1752922800000,0.0228,0.02296,0.02243,0.02251,21870355.0
1752926400000,0.0225,0.02258,0.0224,0.02251,6106909.0
1752930000000,0.02252,0.02256,0.02233,0.02249,11617073.0
1752933600000,0.02249,0.02482,0.0224,0.02378,280847584.0
1752937200000,0.02378,0.02381,0.02284,0.02303,164192772.0
1752940800000,0.02304,0.02316,0.02282,0.02311,39855067.0
1752944400000,0.02311,0.02312,0.02278,0.02295,17801836.0
1752948000000,0.02296,0.02384,0.02283,0.02297,66049840.0
1752951600000,0.02298,0.02343,0.02291,0.02329,23080650.0
1752955200000,0.02328,0.02336,0.02313,0.0232,12695580.0
1752958800000,0.02321,0.0233,0.02301,0.02321,12072142.0
1752962400000,0.02322,0.02355,0.02318,0.02344,14880981.0
1752966000000,0.02344,0.02378,0.02337,0.02377,24710675.0
1752969600000,0.02376,0.0245,0.0232,0.02337,101904663.0
1752973200000,0.02337,0.02401,0.02335,0.02388,19524674.0
1752976800000,0.02388,0.02396,0.02369,0.02387,10795176.0
1752980400000,0.02386,0.02418,0.02384,0.02406,14087195.0
1752984000000,0.02407,0.02459,0.02402,0.02447,28199173.0
1752987600000,0.02448,0.02455,0.02414,0.02444,27034094.0
1752991200000,0.02444,0.02444,0.02402,0.02405,8571270.0
1752994800000,0.02405,0.02436,0.02402,0.02429,9667074.0
1752998400000,0.02429,0.02445,0.02427,0.0244,9577845.0
1753002000000,0.02441,0.02448,0.02414,0.02422,11259749.0
1753005600000,0.02423,0.02439,0.02417,0.02424,8289081.0
1753009200000,0.02425,0.02453,0.02424,0.02444,12662203.0
1753012800000,0.02445,0.02452,0.02427,0.02447,14558176.0
1753016400000,0.02447,0.0247,0.02443,0.02461,9595737.0
1753020000000,0.02461,0.02497,0.02452,0.02472,24815300.0
1753023600000,0.02472,0.02503,0.02451,0.02496,16845586.0
1753027200000,0.02497,0.02515,0.02488,0.02511,15873032.0
1753030800000,0.02511,0.02528,0.02488,0.02504,12053638.0
1753034400000,0.02505,0.0252,0.02499,0.02518,6190421.0
1753038000000,0.02519,0.02523,0.02498,0.025,5352849.0
1753041600000,0.025,0.02502,0.02482,0.02491,9249230.0
1753045200000,0.02491,0.02496,0.02469,0.02494,6095381.0
1753048800000,0.02495,0.02497,0.024,0.02449,23621369.0
1753052400000,0.02448,0.02458,0.02418,0.02444,14036628.0
1753056000000,0.02445,0.02445,0.02384,0.02411,18936804.0
1753059600000,0.02412,0.02419,0.02379,0.0241,9614019.0
1753063200000,0.0241,0.0243,0.02406,0.02427,10963431.0
1753066800000,0.02429,0.02451,0.02423,0.02443,9148280.0
1753070400000,0.02443,0.02446,0.02426,0.02431,9082594.0
1753074000000,0.02431,0.02447,0.02421,0.02446,7839657.0
1753077600000,0.02445,0.02459,0.0244,0.02451,10036461.0
1753081200000,0.0245,0.02456,0.02436,0.02442,6593800.0
1753084800000,0.02443,0.02453,0.0243,0.02439,5884359.0
1753088400000,0.0244,0.02442,0.02424,0.02434,5205453.0
1753092000000,0.02433,0.02453,0.02432,0.02446,8079212.0
1753095600000,0.02446,0.02502,0.02444,0.02467,25628143.0
1753099200000,0.02467,0.02469,0.02442,0.02455,8824774.0
1753102800000,0.02455,0.02474,0.02435,0.02467,10823996.0
1753106400000,0.02467,0.02483,0.02451,0.02473,8554231.0
1753110000000,0.02473,0.02484,0.02456,0.02459,9308147.0
1753113600000,0.02461,0.02465,0.02414,0.02441,16215819.0
1753117200000,0.02441,0.02458,0.02434,0.02448,6388387.0
1753120800000,0.02449,0.02462,0.02422,0.02425,5429868.0
1753124400000,0.02423,0.02441,0.02392,0.02401,14507367.0
1753128000000,0.02401,0.02416,0.02395,0.02399,6313885.0
1753131600000,0.02398,0.02415,0.02391,0.02412,3394691.0
1753135200000,0.02412,0.02436,0.0241,0.02429,2639362.0
1753138800000,0.02428,0.02439,0.02419,0.02426,2771643.0
1753142400000,0.02426,0.02436,0.02396,0.02405,10231136.0
1753146000000,0.02403,0.02423,0.02349,0.02413,19660350.0
1753149600000,0.02413,0.0242,0.02384,0.02389,7343045.0
1753153200000,0.0239,0.02397,0.02361,0.0238,10785130.0
1753156800000,0.02381,0.02386,0.02327,0.02332,11129021.0
1753160400000,0.02332,0.02366,0.0233,0.02354,7633788.0
1753164000000,0.02355,0.02378,0.02345,0.02367,5534232.0
1753167600000,0.02368,0.02394,0.02362,0.02367,7285053.0
1753171200000,0.02368,0.02368,0.02328,0.02358,11113534.0
1753174800000,0.02358,0.0237,0.02328,0.02362,5316373.0
1753178400000,0.02362,0.02381,0.02359,0.02381,4963850.0
1753182000000,0.0238,0.02393,0.02371,0.02386,3812565.0
1753185600000,0.02386,0.02391,0.02373,0.02375,4156115.0
1753189200000,0.02376,0.02387,0.02343,0.02352,9021544.0
1753192800000,0.02352,0.02388,0.02328,0.02385,12931263.0
1753196400000,0.02386,0.02397,0.02373,0.02382,6543533.0
1753200000000,0.02383,0.024,0.02374,0.02383,2890590.0
1753203600000,0.02382,0.02384,0.02356,0.02372,5124268.0
1753207200000,0.02372,0.02404,0.02362,0.02394,7237790.0
1753210800000,0.02394,0.02399,0.02361,0.02368,4723173.0
1753214400000,0.02367,0.02397,0.02364,0.02394,4328620.0
1753218000000,0.02394,0.02409,0.02386,0.02405,1668846.0
1753221600000,0.02405,0.02412,0.02402,0.02407,2157736.0
1753225200000,0.02406,0.02426,0.024,0.02426,4244790.0
1753228800000,0.02425,0.02425,0.0239,0.02393,8214520.0
1753232400000,0.02394,0.02405,0.02382,0.024,5006303.0
1753236000000,0.024,0.02401,0.02385,0.02395,5476231.0
1753239600000,0.02396,0.02425,0.0239,0.02404,9363801.0
1753243200000,0.02404,0.02419,0.02398,0.02419,7403485.0
1753246800000,0.02419,0.02421,0.02402,0.02406,3412081.0
1753250400000,0.02406,0.02408,0.02377,0.02388,7608073.0
1753254000000,0.02387,0.02395,0.02368,0.02377,5726494.0
1753257600000,0.02378,0.0239,0.02371,0.0239,3713892.0
1753261200000,0.02389,0.02392,0.0236,0.02367,6919674.0
1753264800000,0.02366,0.02374,0.02351,0.0237,6791936.0
1753268400000,0.0237,0.0237,0.02353,0.02364,6875858.0
1753272000000,0.02364,0.02368,0.02324,0.02332,12399664.0
1753275600000,0.02331,0.02343,0.02282,0.02301,42797014.0
1753279200000,0.023,0.02328,0.02295,0.02319,11629158.0
1753282800000,0.02319,0.0233,0.02292,0.02323,6740866.0
1753286400000,0.02323,0.02323,0.02272,0.02275,11205108.0
1753290000000,0.02275,0.02283,0.02241,0.02263,15679153.0
1753293600000,0.02264,0.02282,0.02262,0.02279,3610126.0
1753297200000,0.02279,0.02279,0.02259,0.02261,3872588.0
1753300800000,0.02262,0.02272,0.02187,0.02232,28449384.0
1753304400000,0.02233,0.02242,0.0219,0.02238,14750879.0
1753308000000,0.0224,0.0226,0.0223,0.02254,7065422.0
1753311600000,0.02254,0.02263,0.02253,0.02258,2965653.0
1753315200000,0.02259,0.02283,0.02253,0.02282,6681958.0
1753318800000,0.02282,0.02287,0.02269,0.02287,5164496.0
1753322400000,0.02287,0.02291,0.02278,0.02283,4989903.0
1753326000000,0.02284,0.02297,0.02274,0.02275,3211782.0
1753329600000,0.02275,0.02282,0.02231,0.02236,7774110.0
1753333200000,0.02235,0.02237,0.02142,0.02153,31781945.0
1753336800000,0.02154,0.02183,0.02119,0.02139,18161526.0
1753340400000,0.0214,0.02178,0.02118,0.02176,9759641.0
1753344000000,0.02177,0.02198,0.02167,0.02193,5980947.0
1753347600000,0.02194,0.02201,0.0218,0.02201,5322017.0
1753351200000,0.02201,0.02211,0.02173,0.02195,9033225.0
1753354800000,0.02195,0.02216,0.02194,0.02213,3835122.0
1753358400000,0.02212,0.02219,0.02194,0.02206,8314004.0
1753362000000,0.02206,0.02222,0.02197,0.02199,7128349.0
1753365600000,0.022,0.02263,0.02182,0.02261,12451424.0
1753369200000,0.02262,0.02274,0.02235,0.02244,7547456.0
1753372800000,0.02245,0.0225,0.02208,0.02215,6372046.0
1753376400000,0.02216,0.02261,0.02212,0.02251,3206650.0
1753380000000,0.02251,0.02261,0.02238,0.02251,3490312.0
1753383600000,0.0225,0.02266,0.02243,0.02243,4947597.0
1753387200000,0.02244,0.02267,0.02237,0.02263,3723994.0
1753390800000,0.02263,0.02267,0.02241,0.02251,3095619.0
1753394400000,0.0225,0.0225,0.02229,0.02236,6899351.0
1753398000000,0.02235,0.02235,0.02204,0.02211,6866780.0
1753401600000,0.02211,0.02254,0.02183,0.02205,45032823.0
1753405200000,0.02205,0.02219,0.02181,0.02215,13710150.0
1753408800000,0.02215,0.02221,0.02172,0.02175,7558576.0
1753412400000,0.02174,0.02191,0.02144,0.02171,8186694.0
1753416000000,0.02171,0.02194,0.02151,0.02194,5412886.0
1753419600000,0.02193,0.02193,0.0216,0.02162,6528309.0
1753423200000,0.02162,0.02183,0.02146,0.02173,6455397.0
1753426800000,0.02173,0.0219,0.02151,0.02174,9397857.0
1753430400000,0.02174,0.02193,0.02166,0.02175,5692340.0
1753434000000,0.02177,0.02225,0.02172,0.02221,10004314.0
1753437600000,0.02222,0.02267,0.02219,0.02255,22254358.0
1753441200000,0.02255,0.02263,0.02238,0.02243,10002432.0
1753444800000,0.02243,0.0225,0.02226,0.0223,6821362.0
1753448400000,0.02231,0.02241,0.02215,0.0223,6692012.0
1753452000000,0.02233,0.02236,0.0217,0.02174,13711259.0
1753455600000,0.02173,0.02196,0.02163,0.02186,7193772.0
1753459200000,0.02185,0.02206,0.02176,0.02205,6584684.0
1753462800000,0.02204,0.02214,0.02195,0.02204,4004245.0
1753466400000,0.02203,0.0221,0.02197,0.02205,3237371.0
1753470000000,0.02204,0.02217,0.02201,0.02206,1917004.0
1753473600000,0.02206,0.02243,0.02205,0.02238,3348888.0
1753477200000,0.0224,0.02263,0.0224,0.02258,2597316.0
1753480800000,0.02258,0.02265,0.02253,0.02264,1133455.0
1753484400000,0.02264,0.02272,0.02259,0.02268,1990660.0
1753488000000,0.02268,0.0227,0.0225,0.02259,4749249.0
1753491600000,0.02259,0.0226,0.02249,0.02253,2053362.0
1753495200000,0.02252,0.02277,0.02252,0.02268,1867004.0
1753498800000,0.02267,0.02278,0.02261,0.02276,4173353.0
1753502400000,0.02275,0.02278,0.02267,0.02269,1532142.0
1753506000000,0.0227,0.02276,0.02263,0.02272,958987.0
1753509600000,0.02272,0.02272,0.02257,0.02264,1783713.0
1753513200000,0.02264,0.02277,0.02263,0.02274,2130537.0
1753516800000,0.02273,0.02276,0.02258,0.02261,5568053.0
1753520400000,0.02261,0.02262,0.02255,0.0226,2509924.0
1753524000000,0.0226,0.02267,0.02254,0.02258,3009960.0
1753527600000,0.02259,0.02269,0.02254,0.02258,3541126.0
1753531200000,0.02257,0.02263,0.0225,0.02256,2604573.0
1753534800000,0.02257,0.02265,0.02254,0.02257,1823009.0
1753538400000,0.02257,0.02261,0.02242,0.02247,5982757.0
1753542000000,0.02247,0.0225,0.02232,0.02245,6116686.0
1753545600000,0.02245,0.0225,0.02235,0.02242,2268072.0
1753549200000,0.02242,0.02244,0.02234,0.02239,1723890.0
1753552800000,0.02239,0.02266,0.02238,0.02262,4275585.0
1753556400000,0.02263,0.02274,0.02262,0.02272,1569351.0
1753560000000,0.02273,0.02274,0.02262,0.02266,2485345.0
1753563600000,0.02265,0.02272,0.02262,0.02271,972641.0
1753567200000,0.0227,0.02282,0.02262,0.02262,2098058.0
1753570800000,0.02262,0.02264,0.02251,0.02254,2672573.0
1753574400000,0.02254,0.02288,0.02252,0.02265,13145689.0
1753578000000,0.02264,0.02293,0.02264,0.02272,10915201.0
1753581600000,0.02272,0.02296,0.0227,0.02292,5270330.0
1753585200000,0.02293,0.02296,0.02284,0.02288,2236651.0
1753588800000,0.02289,0.02299,0.02288,0.02293,2192803.0
1753592400000,0.02294,0.02301,0.02287,0.02295,2372593.0
1753596000000,0.02295,0.02303,0.02293,0.02295,2433667.0
1753599600000,0.02295,0.02304,0.0229,0.02294,7818593.0
1753603200000,0.02294,0.02299,0.02274,0.02279,7830891.0
1753606800000,0.0228,0.02284,0.0226,0.0227,4771935.0
1753610400000,0.02269,0.02333,0.02269,0.02314,19505402.0
1753614000000,0.02314,0.02318,0.02289,0.02297,13754447.0
1753617600000,0.02296,0.02322,0.02291,0.0232,7973108.0
1753621200000,0.0232,0.02325,0.0231,0.02322,5663057.0
1753624800000,0.02322,0.02329,0.02304,0.02313,6680882.0
1753628400000,0.02312,0.02321,0.023,0.02321,2651750.0
1753632000000,0.02321,0.02344,0.02319,0.02327,5149533.0
1753635600000,0.02327,0.02337,0.02323,0.02335,1612761.0
1753639200000,0.02335,0.02344,0.02334,0.02341,1887127.0
1753642800000,0.02342,0.02349,0.02335,0.02339,2445270.0
1753646400000,0.0234,0.02368,0.02337,0.02356,22837049.0
1753650000000,0.02357,0.02371,0.02343,0.02367,9779580.0
1753653600000,0.02368,0.02381,0.02368,0.02376,3856448.0
1753657200000,0.02375,0.02376,0.02353,0.02357,8133771.0
1753660800000,0.02357,0.02375,0.02354,0.02357,6006982.0
1753664400000,0.02357,0.02357,0.0231,0.02315,15447697.0
1753668000000,0.02315,0.02345,0.02312,0.0234,5488084.0
1753671600000,0.0234,0.02347,0.02335,0.02346,2617081.0
1753675200000,0.02347,0.02358,0.0234,0.02353,4651417.0
1753678800000,0.02354,0.02372,0.0235,0.02368,3572157.0
1753682400000,0.02367,0.02372,0.0235,0.02358,4336755.0
1753686000000,0.02358,0.0236,0.02325,0.02333,7601249.0
1753689600000,0.02333,0.02339,0.02325,0.02335,4807739.0
1753693200000,0.02335,0.02346,0.02326,0.02342,4737404.0
1753696800000,0.02342,0.02342,0.0233,0.02337,1948087.0
1753700400000,0.02337,0.02338,0.02315,0.02326,4269373.0
1753704000000,0.02327,0.02334,0.02316,0.02319,4465439.0
1753707600000,0.02319,0.02319,0.02276,0.02287,15597591.0
1753711200000,0.02287,0.02295,0.02254,0.02258,12555615.0
1753714800000,0.02258,0.02275,0.02245,0.02255,7155622.0
1753718400000,0.02254,0.02263,0.02241,0.02252,6427788.0
1753722000000,0.02253,0.02257,0.02234,0.02235,6366349.0
1753725600000,0.02236,0.02238,0.02208,0.02215,10275897.0
1753729200000,0.02215,0.02227,0.02201,0.02217,6623917.0
1753732800000,0.02218,0.02221,0.02195,0.02208,4752403.0
1753736400000,0.02207,0.02233,0.02196,0.02218,11149035.0
1753740000000,0.02217,0.02225,0.0219,0.02205,7595137.0
1753743600000,0.02205,0.02213,0.02199,0.02213,3928086.0
1753747200000,0.02212,0.02223,0.02179,0.02203,11973645.0
1753750800000,0.02204,0.02219,0.022,0.02201,5763101.0
1753754400000,0.02201,0.02208,0.02175,0.02183,10075065.0
1753758000000,0.02183,0.02218,0.02182,0.02216,4192863.0
1753761600000,0.02216,0.02224,0.02209,0.0221,4170658.0
1753765200000,0.02211,0.02234,0.02208,0.02234,2712379.0
1753768800000,0.02234,0.02254,0.02228,0.02251,3939954.0
1753772400000,0.02252,0.02271,0.02248,0.02262,6306465.0
1753776000000,0.02262,0.02263,0.0224,0.0225,5496940.0
1753779600000,0.02251,0.02253,0.02235,0.02239,3968307.0
1753783200000,0.02239,0.02251,0.02199,0.02203,14996786.0
1753786800000,0.02202,0.02225,0.02199,0.02218,8924678.0
1753790400000,0.02219,0.02246,0.02214,0.02233,5313143.0
1753794000000,0.02232,0.02243,0.02204,0.02207,5758688.0
1753797600000,0.02208,0.02208,0.02163,0.02177,14134600.0
1753801200000,0.02175,0.02191,0.02167,0.0218,3488367.0
1753804800000,0.02179,0.02185,0.02158,0.02183,4132758.0
1753808400000,0.02184,0.02193,0.02179,0.02187,1924597.0
1753812000000,0.02186,0.02189,0.02175,0.02182,1193758.0
1753815600000,0.02181,0.02188,0.02164,0.02169,3418526.0
1753819200000,0.02169,0.0218,0.02148,0.02163,9049859.0
1753822800000,0.02163,0.02192,0.02153,0.02182,3151915.0
1753826400000,0.02183,0.02187,0.0217,0.02186,2304376.0
1753830000000,0.02186,0.02192,0.02178,0.02185,2158407.0
1753833600000,0.02186,0.0219,0.02128,0.02151,14149584.0
1753837200000,0.02151,0.02183,0.02134,0.02171,10039625.0
1753840800000,0.02172,0.0219,0.02163,0.02174,4359367.0
1753844400000,0.02174,0.02181,0.02166,0.02167,2231161.0
1753848000000,0.02167,0.02178,0.02153,0.02156,3217902.0
1753851600000,0.02157,0.02175,0.02149,0.02167,3587955.0
1753855200000,0.02167,0.02176,0.0216,0.02169,2952557.0
1753858800000,0.0217,0.02173,0.02139,0.02148,4417947.0
1753862400000,0.02149,0.02177,0.02137,0.02159,11054835.0
1753866000000,0.02158,0.02162,0.0213,0.02137,6851890.0
1753869600000,0.02137,0.02151,0.0212,0.02123,5935644.0
1753873200000,0.02124,0.02132,0.02092,0.02107,11240237.0
1753876800000,0.02108,0.02127,0.02096,0.02119,7751633.0
1753880400000,0.0212,0.02131,0.02111,0.02126,9391189.0
1753884000000,0.02125,0.02166,0.02119,0.02165,5638152.0
1753887600000,0.02165,0.02169,0.02147,0.02156,3162199.0
1753891200000,0.02157,0.02172,0.02149,0.02161,4744912.0
1753894800000,0.02162,0.02167,0.02152,0.02165,4436655.0
1753898400000,0.02165,0.02172,0.0213,0.02131,6683527.0
1753902000000,0.02132,0.02155,0.0207,0.02151,19138092.0
1753905600000,0.02151,0.02168,0.02147,0.02149,2592020.0
1753909200000,0.02149,0.02156,0.02127,0.02141,2296602.0
1753912800000,0.02141,0.02148,0.02131,0.02141,2394922.0
1753916400000,0.0214,0.02194,0.0214,0.02187,9302453.0
1753920000000,0.02188,0.02198,0.02175,0.02192,6357275.0
1753923600000,0.02191,0.02192,0.02176,0.02178,4271229.0
1753927200000,0.02179,0.02192,0.02178,0.02192,2293316.0
1753930800000,0.0219,0.02198,0.02189,0.02194,2508782.0
1753934400000,0.02195,0.022,0.02192,0.02199,1674251.0
1753938000000,0.02198,0.022,0.02194,0.02196,886098.0
1753941600000,0.02195,0.02203,0.02187,0.02195,4373601.0
1753945200000,0.02196,0.02198,0.02188,0.02193,2009714.0
1753948800000,0.02192,0.02197,0.02187,0.02195,2752393.0
1753952400000,0.02194,0.02202,0.02191,0.02198,1536784.0
1753956000000,0.02198,0.022,0.0219,0.02192,1596202.0
1753959600000,0.02192,0.02192,0.02179,0.02183,2109833.0
1753963200000,0.02184,0.02184,0.02162,0.02166,2899960.0
1753966800000,0.02166,0.02166,0.02135,0.02147,6208459.0
1753970400000,0.02147,0.02149,0.02121,0.02125,5626307.0
1753974000000,0.02125,0.02152,0.02115,0.02142,6986796.0
1753977600000,0.02142,0.02178,0.02139,0.02166,2750222.0
1753981200000,0.02167,0.02168,0.02137,0.02141,3038204.0
1753984800000,0.02142,0.02147,0.02121,0.02134,4292494.0
1753988400000,0.02135,0.02137,0.02104,0.02116,9455402.0
1753992000000,0.02116,0.02119,0.02102,0.0211,5724254.0
1753995600000,0.02108,0.02125,0.0209,0.02107,7929379.0
1753999200000,0.02107,0.02107,0.02088,0.02097,5239174.0
1754002800000,0.02096,0.02105,0.02071,0.0208,9144364.0
1754006400000,0.02078,0.0208,0.02014,0.0206,53317708.0
1754010000000,0.0206,0.0207,0.02034,0.02055,9697064.0
1754013600000,0.02054,0.0207,0.02051,0.02065,3661127.0
1754017200000,0.02066,0.02077,0.02059,0.02061,3867811.0
1754020800000,0.02062,0.02065,0.02052,0.02053,5277677.0
1754024400000,0.02053,0.02059,0.02038,0.02047,3675940.0
1754028000000,0.02045,0.02053,0.02029,0.0205,5192908.0
1754031600000,0.0205,0.02055,0.02035,0.02043,4285722.0
1754035200000,0.02043,0.02043,0.02001,0.02021,13527256.0
1754038800000,0.02021,0.02041,0.02019,0.02021,4520872.0
1754042400000,0.02021,0.02031,0.0202,0.02026,2170648.0
1754046000000,0.02027,0.02039,0.02018,0.02035,3251647.0
1754049600000,0.02035,0.02052,0.02027,0.02037,8348464.0
1754053200000,0.02038,0.02049,0.01993,0.02008,13470019.0
1754056800000,0.02007,0.02063,0.01996,0.02053,10937956.0
1754060400000,0.02054,0.02057,0.02023,0.02046,7980578.0
1754064000000,0.02046,0.02055,0.02019,0.02024,4958503.0
1754067600000,0.02024,0.02036,0.02011,0.02015,3296514.0
1754071200000,0.02017,0.02037,0.02004,0.02017,7019370.0
1754074800000,0.02018,0.02041,0.02014,0.02036,4154625.0
1754078400000,0.02035,0.02041,0.01995,0.02026,8887317.0
1754082000000,0.02027,0.0204,0.02018,0.02019,4084058.0
1754085600000,0.02021,0.02022,0.01965,0.01984,18402145.0
1754089200000,0.01984,0.02008,0.0198,0.02006,5967879.0
1754092800000,0.02006,0.02026,0.02,0.02022,8618821.0
1754096400000,0.02022,0.02028,0.02014,0.02027,3746350.0
1754100000000,0.02026,0.02029,0.02023,0.02027,1535680.0
1754103600000,0.02028,0.02031,0.02018,0.02022,4450262.0
1754107200000,0.02023,0.0204,0.02021,0.02037,2412095.0
1754110800000,0.02037,0.02039,0.02031,0.02035,2712788.0
1754114400000,0.02035,0.02036,0.0199,0.01999,10894621.0
1754118000000,0.01998,0.0202,0.01984,0.02019,8418050.0
1754121600000,0.02018,0.0202,0.01992,0.01996,5723010.0
1754125200000,0.01995,0.02003,0.0199,0.01999,3451268.0
1754128800000,0.01999,0.02,0.01984,0.01993,4062479.0
1754132400000,0.01992,0.02006,0.01977,0.01997,3846375.0
1754136000000,0.01997,0.02,0.01987,0.01999,2745776.0
1754139600000,0.01998,0.02008,0.01987,0.02004,2218939.0
1754143200000,0.02004,0.02006,0.0197,0.01978,4308438.0
1754146800000,0.01978,0.01995,0.01966,0.01971,3902333.0
1754150400000,0.01972,0.01987,0.01953,0.01975,9123442.0
1754154000000,0.01977,0.01988,0.01946,0.01951,3921450.0
1754157600000,0.01952,0.0196,0.01932,0.01947,12088568.0
1754161200000,0.01948,0.0197,0.0194,0.01949,8046475.0
1754164800000,0.0195,0.0197,0.01947,0.0197,3616473.0
1754168400000,0.01971,0.01982,0.01962,0.01973,3361858.0
1754172000000,0.01974,0.01982,0.01955,0.01976,2922043.0
1754175600000,0.01976,0.01977,0.01952,0.01966,3989489.0
1754179200000,0.01967,0.01981,0.01942,0.01981,9209973.0
1754182800000,0.0198,0.01984,0.01971,0.0198,2909692.0
1754186400000,0.0198,0.01992,0.0198,0.01989,1839750.0
1754190000000,0.0199,0.01995,0.01984,0.0199,1606971.0
1754193600000,0.01991,0.01997,0.01984,0.01997,1943326.0
1754197200000,0.01998,0.02003,0.01991,0.01993,2756790.0
1754200800000,0.01994,0.01997,0.01988,0.01997,1024237.0
1754204400000,0.01997,0.02004,0.01996,0.02,1142102.0
1754208000000,0.02001,0.02006,0.01994,0.02003,2268575.0
1754211600000,0.02003,0.02007,0.01997,0.02006,2254227.0
1754215200000,0.02006,0.02015,0.02006,0.0201,2131142.0
1754218800000,0.0201,0.02021,0.02009,0.02012,4033849.0
1754222400000,0.02012,0.02016,0.02004,0.02013,2191569.0
1754226000000,0.02014,0.02016,0.02001,0.02006,1547587.0
1754229600000,0.02006,0.02012,0.02003,0.02009,2704121.0
1754233200000,0.02009,0.02012,0.02003,0.02011,2271711.0
1754236800000,0.0201,0.02017,0.02006,0.02014,1917581.0
1754240400000,0.02014,0.02015,0.02005,0.02009,1079852.0
1754244000000,0.0201,0.02014,0.02005,0.02013,953867.0
1754247600000,0.02013,0.02019,0.02007,0.02008,1208788.0
1754251200000,0.02009,0.02019,0.02004,0.02016,3288702.0
1754254800000,0.02017,0.02022,0.02014,0.02022,945189.0
1754258400000,0.02022,0.02022,0.02004,0.02012,5132696.0
1754262000000,0.02013,0.02025,0.0201,0.02013,4344597.0
1754265600000,0.02013,0.02041,0.02009,0.02039,7891350.0
1754269200000,0.02039,0.02041,0.02027,0.02028,6273437.0
1754272800000,0.02029,0.02037,0.02023,0.02037,2374939.0
1754276400000,0.02036,0.02038,0.0203,0.02033,1328859.0
1754280000000,0.02034,0.0204,0.02027,0.02029,1636133.0
1754283600000,0.02029,0.02032,0.02022,0.02032,2396466.0
1754287200000,0.02033,0.02039,0.02021,0.02038,6101973.0
1754290800000,0.02037,0.02049,0.02035,0.02043,6814992.0
1754294400000,0.02044,0.02049,0.02033,0.02035,3077640.0
1754298000000,0.02036,0.0204,0.02027,0.02027,1947507.0
1754301600000,0.02028,0.02035,0.02024,0.02028,1915722.0
1754305200000,0.02028,0.02032,0.02023,0.02029,2524580.0
1754308800000,0.02029,0.02035,0.02026,0.02033,1585551.0
1754312400000,0.02033,0.02054,0.02024,0.0205,5062688.0
1754316000000,0.02051,0.02065,0.02049,0.02054,7444344.0
1754319600000,0.02053,0.02066,0.02051,0.02061,2185944.0
1754323200000,0.02061,0.02075,0.02059,0.02075,2429367.0
1754326800000,0.02076,0.02083,0.02072,0.02075,3129731.0
1754330400000,0.02076,0.02078,0.02065,0.02066,1536734.0
1754334000000,0.02067,0.02071,0.0206,0.02065,3021783.0
1754337600000,0.02064,0.0207,0.0206,0.02067,1396303.0
1754341200000,0.02066,0.02081,0.02066,0.02077,1172330.0
1754344800000,0.02077,0.02089,0.02073,0.02089,2640106.0
1754348400000,0.02089,0.02089,0.02081,0.02084,1427699.0
1754352000000,0.02084,0.02092,0.02077,0.02084,3836440.0
1754355600000,0.02084,0.02103,0.02078,0.02093,7898207.0
1754359200000,0.02094,0.02099,0.0209,0.02093,1304235.0
1754362800000,0.02093,0.02093,0.02052,0.02057,7693832.0
1754366400000,0.02058,0.02067,0.02055,0.02065,2649916.0
1754370000000,0.02064,0.02072,0.02056,0.02061,2077586.0
1754373600000,0.02061,0.02068,0.0205,0.02054,2234263.0
1754377200000,0.02054,0.02059,0.02032,0.02038,4510077.0
1754380800000,0.02037,0.02046,0.02034,0.02045,3239696.0
1754384400000,0.02045,0.02068,0.02044,0.02065,2245071.0
1754388000000,0.02065,0.02078,0.02059,0.02076,2503194.0
1754391600000,0.02076,0.02085,0.02071,0.02082,2617511.0
1754395200000,0.02083,0.02083,0.02047,0.02056,5564741.0
1754398800000,0.02055,0.02068,0.02052,0.02065,3086567.0
1754402400000,0.02064,0.02064,0.02022,0.02029,7454990.0
1754406000000,0.02028,0.02037,0.02005,0.02013,9807819.0
1754409600000,0.02013,0.02024,0.02004,0.02013,3938195.0
1754413200000,0.02013,0.0203,0.02012,0.02029,2293992.0
1754416800000,0.02028,0.02029,0.02002,0.02016,2734582.0
1754420400000,0.02016,0.02021,0.02,0.02006,2632428.0
1754424000000,0.02007,0.0202,0.02006,0.02006,2040906.0
1754427600000,0.02007,0.02014,0.01993,0.01995,1719693.0
1754431200000,0.01995,0.02008,0.01984,0.02008,2409169.0
1754434800000,0.02007,0.0202,0.02006,0.02018,1189782.0
1754438400000,0.02017,0.02018,0.01994,0.01999,4198863.0
1754442000000,0.01997,0.02,0.01987,0.02,3484241.0
1754445600000,0.01999,0.02,0.01986,0.01994,1513979.0
1754449200000,0.01995,0.01996,0.01984,0.01986,2355654.0
1754452800000,0.01986,0.01989,0.01976,0.01977,3125845.0
1754456400000,0.01977,0.02019,0.01973,0.02008,4692545.0
1754460000000,0.02009,0.02022,0.02002,0.02021,3244659.0
1754463600000,0.02021,0.02034,0.02019,0.02032,2757807.0
1754467200000,0.02031,0.02035,0.02012,0.0202,2753006.0
1754470800000,0.02019,0.02028,0.02008,0.02018,17718316.0
1754474400000,0.02017,0.02019,0.01998,0.02009,11503934.0
1754478000000,0.02009,0.02024,0.02005,0.02013,3261652.0
1754481600000,0.02013,0.02017,0.01997,0.01997,4040054.0
1754485200000,0.01999,0.02012,0.01991,0.02004,4489702.0
1754488800000,0.02004,0.02031,0.01997,0.02028,5756962.0
1754492400000,0.02029,0.02045,0.02024,0.02042,4469443.0
1754496000000,0.02042,0.02046,0.02029,0.02034,4018660.0
1754499600000,0.02033,0.02046,0.02028,0.0204,6348624.0
1754503200000,0.0204,0.02045,0.02035,0.02038,2932342.0
1754506800000,0.02038,0.02041,0.02031,0.02037,1879198.0
1754510400000,0.02038,0.02039,0.02031,0.02035,841583.0
1754514000000,0.02035,0.02039,0.02029,0.02037,1249033.0
1754517600000,0.02037,0.0204,0.02033,0.02037,1462037.0
1754521200000,0.02037,0.02037,0.02029,0.0203,1286489.0
1754524800000,0.0203,0.02031,0.02017,0.02021,3142022.0
1754528400000,0.0202,0.02038,0.02016,0.02017,3340705.0
1754532000000,0.02017,0.02025,0.02013,0.02019,1194163.0
1754535600000,0.02018,0.02019,0.02012,0.02013,1202421.0
1754539200000,0.02013,0.02023,0.02011,0.02018,1683305.0
1754542800000,0.02017,0.02025,0.02014,0.02025,1457505.0
1754546400000,0.02025,0.02034,0.02021,0.02023,2496679.0
1754550000000,0.02024,0.02031,0.02024,0.02028,1340634.0
1754553600000,0.02028,0.02037,0.02027,0.02032,2712422.0
1754557200000,0.02031,0.02032,0.02019,0.02028,2309094.0
1754560800000,0.02027,0.02059,0.02025,0.02059,6781368.0
1754564400000,0.02059,0.02107,0.02056,0.02074,15352710.0
1754568000000,0.02073,0.02094,0.0207,0.02093,10077612.0
1754571600000,0.02093,0.02096,0.02087,0.02091,2818071.0
1754575200000,0.02091,0.02091,0.02073,0.02076,3387506.0
1754578800000,0.02077,0.02082,0.02074,0.02077,1783802.0
1754582400000,0.02077,0.02081,0.02043,0.02059,9827873.0
1754586000000,0.02058,0.02068,0.02056,0.02067,1886804.0
1754589600000,0.02067,0.02067,0.02051,0.02057,4631713.0
1754593200000,0.02057,0.02077,0.02054,0.02077,3732390.0
1754596800000,0.02078,0.02081,0.0207,0.02073,3980078.0
1754600400000,0.02074,0.02083,0.02061,0.02077,12308177.0
1754604000000,0.02076,0.02098,0.02076,0.02097,3067973.0
1754607600000,0.02097,0.02099,0.02088,0.02096,1960776.0
1754611200000,0.02097,0.0212,0.02082,0.02099,7890011.0
1754614800000,0.02099,0.02112,0.02085,0.02103,6731643.0
1754618400000,0.02102,0.02106,0.02096,0.02099,1784247.0
1754622000000,0.021,0.02111,0.02094,0.02098,3145098.0
1754625600000,0.02098,0.021,0.0209,0.02093,2177128.0
1754629200000,0.02092,0.021,0.02087,0.0209,4603798.0
1754632800000,0.02091,0.02106,0.0209,0.02104,2596763.0
1754636400000,0.02104,0.02114,0.02095,0.02108,2916055.0
1754640000000,0.0211,0.0212,0.02093,0.02099,6439675.0
1754643600000,0.021,0.02103,0.02095,0.021,1454174.0
1754647200000,0.021,0.02102,0.02095,0.02098,2049717.0
1754650800000,0.02098,0.02108,0.02098,0.02107,2014368.0
1754654400000,0.02106,0.02106,0.02088,0.02089,3324663.0
1754658000000,0.0209,0.0212,0.02089,0.0212,3287385.0
1754661600000,0.02119,0.0213,0.02099,0.02105,8315770.0
1754665200000,0.02106,0.02107,0.02077,0.02091,4653353.0
1754668800000,0.0209,0.021,0.02089,0.021,2616119.0
1754672400000,0.021,0.02133,0.021,0.02132,2856680.0
1754676000000,0.02132,0.02136,0.02122,0.02125,4717401.0
1754679600000,0.02125,0.02134,0.02124,0.02134,1349841.0
1754683200000,0.02134,0.02136,0.02121,0.0213,1830760.0
1754686800000,0.0213,0.02132,0.02127,0.02129,1248788.0
1754690400000,0.02129,0.02131,0.02122,0.02124,2079874.0
1754694000000,0.02124,0.02132,0.02123,0.02127,2390050.0
1754697600000,0.02127,0.02173,0.02127,0.02139,18596379.0
1754701200000,0.02139,0.02152,0.0213,0.02141,6744763.0
1754704800000,0.02142,0.02145,0.02138,0.0214,1479863.0
1754708400000,0.0214,0.02147,0.02138,0.02141,1457138.0
1754712000000,0.02141,0.02154,0.02137,0.02145,3516348.0
1754715600000,0.02146,0.02183,0.02144,0.02179,9507509.0
1754719200000,0.02179,0.0218,0.02162,0.0217,2224366.0
1754722800000,0.0217,0.02182,0.02161,0.02179,5466996.0
1754726400000,0.02179,0.02181,0.02167,0.0218,3134020.0
1754730000000,0.0218,0.02185,0.02176,0.02181,3730246.0
1754733600000,0.02181,0.02189,0.0218,0.02186,3174214.0
1754737200000,0.02186,0.02189,0.02178,0.02184,2845527.0
1754740800000,0.02183,0.02191,0.0218,0.02188,3136796.0
1754744400000,0.02188,0.02191,0.02164,0.02164,6986645.0
1754748000000,0.02165,0.0218,0.02155,0.02178,4019954.0
1754751600000,0.02178,0.02183,0.02162,0.02175,2856662.0
1754755200000,0.02176,0.02186,0.02174,0.02177,3417251.0
1754758800000,0.02177,0.02192,0.02176,0.02185,3501462.0
1754762400000,0.02185,0.02192,0.02182,0.02187,2880098.0
1754766000000,0.02188,0.02196,0.02185,0.02186,3605448.0
1754769600000,0.02186,0.02196,0.02184,0.02194,5015166.0
1754773200000,0.02193,0.02195,0.02175,0.02183,3754578.0
1754776800000,0.02182,0.02195,0.02173,0.0218,3259662.0
1754780400000,0.02179,0.02181,0.02166,0.02176,5750664.0
1754784000000,0.02176,0.02196,0.02176,0.02191,6079735.0
1754787600000,0.0219,0.02259,0.02184,0.02196,67123781.0
1754791200000,0.02196,0.02202,0.02182,0.02183,5584085.0
1754794800000,0.02184,0.02228,0.02184,0.02214,34661937.0
1754798400000,0.02215,0.02227,0.02208,0.0222,8776054.0
1754802000000,0.02221,0.0223,0.02188,0.0219,10687071.0
1754805600000,0.0219,0.02198,0.02173,0.0218,6665455.0
1754809200000,0.0218,0.02189,0.02142,0.02145,13189532.0
1754812800000,0.02145,0.02163,0.02124,0.02159,13710614.0
1754816400000,0.0216,0.02205,0.02151,0.02195,21901112.0
1754820000000,0.02194,0.02216,0.02146,0.02184,77662109.0
1754823600000,0.02184,0.02208,0.02152,0.02174,42509670.0
1754827200000,0.02175,0.02213,0.02172,0.02189,22823480.0
1754830800000,0.0219,0.02192,0.02153,0.02153,12787294.0
1754834400000,0.02154,0.02197,0.02152,0.02194,18131706.0
1754838000000,0.02194,0.022,0.02177,0.0219,10697600.0
1754841600000,0.02191,0.02203,0.02188,0.02197,7597142.0
1754845200000,0.02196,0.02207,0.02191,0.02207,6053983.0
1754848800000,0.02207,0.02217,0.022,0.02214,5678385.0
1754852400000,0.02215,0.02219,0.02209,0.0221,3942294.0
1754856000000,0.02209,0.02212,0.02195,0.02202,8292626.0
1754859600000,0.02202,0.02202,0.02178,0.02192,5554371.0
1754863200000,0.02193,0.02202,0.02187,0.02197,4019816.0
1754866800000,0.02198,0.02203,0.0219,0.02198,4934076.0
1754870400000,0.02198,0.02252,0.02193,0.02203,41030746.0
1754874000000,0.02202,0.02222,0.02195,0.02216,9401300.0
1754877600000,0.02216,0.02243,0.02215,0.02235,10864729.0
1754881200000,0.02236,0.02236,0.02226,0.0223,7457705.0
1754884800000,0.0223,0.02244,0.02229,0.02237,4336058.0
1754888400000,0.02238,0.02243,0.02223,0.02228,4774049.0
1754892000000,0.02228,0.02233,0.0222,0.02228,2941311.0
1754895600000,0.02228,0.02228,0.02189,0.02194,6915051.0
1754899200000,0.02194,0.02213,0.02186,0.0221,5896552.0
1754902800000,0.0221,0.02234,0.02199,0.02226,12386328.0
1754906400000,0.02226,0.02231,0.02196,0.02197,19542190.0
1754910000000,0.02198,0.02202,0.02141,0.02149,22070244.0
1754913600000,0.02149,0.02174,0.02144,0.02155,16174271.0
1754917200000,0.02156,0.02176,0.02132,0.02163,10988236.0
1754920800000,0.02164,0.02189,0.02158,0.02169,17556972.0
1754924400000,0.02169,0.02181,0.02159,0.02179,3922591.0
1754928000000,0.02179,0.022,0.02175,0.02188,5681694.0
1754931600000,0.02187,0.0219,0.02164,0.0217,4760672.0
1754935200000,0.02169,0.02187,0.02153,0.0218,6500871.0
1754938800000,0.02181,0.02181,0.02151,0.02164,3604861.0
1754942400000,0.02163,0.02164,0.02149,0.02155,2985014.0
1754946000000,0.02154,0.0216,0.02111,0.02128,8060369.0
1754949600000,0.02129,0.0213,0.02101,0.02121,7513337.0
1754953200000,0.02121,0.02128,0.02118,0.02122,3199866.0
1754956800000,0.02121,0.0216,0.02108,0.02137,36436546.0
1754960400000,0.02136,0.02146,0.02129,0.02139,5486081.0
1754964000000,0.02139,0.02156,0.02134,0.02142,3588865.0
1754967600000,0.02143,0.02146,0.02132,0.02133,2593551.0
1754971200000,0.02132,0.02142,0.02128,0.02139,1567860.0
1754974800000,0.02139,0.02139,0.02107,0.02119,6303008.0
1754978400000,0.02119,0.02129,0.02101,0.0212,4655259.0
1754982000000,0.02121,0.02139,0.0212,0.02134,2254178.0
1754985600000,0.02135,0.02136,0.02116,0.02119,1759187.0
1754989200000,0.02117,0.0212,0.02102,0.02102,5166893.0
1754992800000,0.02102,0.02104,0.02074,0.02087,14048060.0
1754996400000,0.02087,0.02105,0.02079,0.02103,5490247.0
1755000000000,0.02103,0.0215,0.02092,0.02141,12083537.0
1755003600000,0.02141,0.02149,0.02117,0.02129,8368309.0
1755007200000,0.02129,0.02145,0.02127,0.02143,3948973.0
1755010800000,0.02142,0.02171,0.02142,0.0217,7020168.0
1755014400000,0.0217,0.02181,0.02165,0.02179,4195328.0
1755018000000,0.0218,0.02192,0.02179,0.02183,3416290.0
1755021600000,0.02183,0.02201,0.02181,0.02185,4966023.0
1755025200000,0.02186,0.02196,0.02177,0.02193,4296488.0
1755028800000,0.02194,0.02215,0.02194,0.02215,4665626.0
1755032400000,0.02214,0.02218,0.02198,0.02201,7315375.0
1755036000000,0.02201,0.02207,0.02194,0.02203,2934419.0
1755039600000,0.02202,0.02207,0.02191,0.02203,3283057.0
1755043200000,0.02203,0.02212,0.02199,0.02203,3652880.0
1755046800000,0.02203,0.02205,0.02167,0.02183,10721679.0
1755050400000,0.02181,0.02195,0.02171,0.02191,8799849.0
1755054000000,0.02192,0.02203,0.02186,0.022,4163549.0
1755057600000,0.02199,0.02207,0.02192,0.02201,3128081.0
1755061200000,0.022,0.02203,0.02181,0.02182,3568358.0
1755064800000,0.02181,0.02183,0.0217,0.02177,3251600.0
1755068400000,0.02177,0.02197,0.02176,0.02197,2233842.0
1755072000000,0.02196,0.0221,0.02196,0.02207,7372916.0
1755075600000,0.02207,0.02217,0.02207,0.02216,5703764.0
1755079200000,0.02216,0.02235,0.02214,0.02232,4154588.0
1755082800000,0.02233,0.02237,0.02222,0.0223,4760562.0
1755086400000,0.0223,0.02234,0.02213,0.02214,3232606.0
1755090000000,0.02214,0.02236,0.02206,0.02225,19694631.0
1755093600000,0.02225,0.02233,0.02202,0.0221,23361212.0
1755097200000,0.02211,0.02225,0.02196,0.02225,6164594.0
1755100800000,0.02223,0.02235,0.0221,0.02218,6737830.0
1755104400000,0.02218,0.02227,0.02216,0.02222,2506996.0
1755108000000,0.02223,0.02227,0.02208,0.02216,6451757.0
1755111600000,0.02215,0.02227,0.02214,0.02227,2312580.0
1755115200000,0.02227,0.0223,0.02217,0.02224,3579065.0
1755118800000,0.02223,0.02234,0.02221,0.02226,3465707.0
1755122400000,0.02226,0.02251,0.02222,0.02238,8305421.0
1755126000000,0.02238,0.02249,0.02237,0.0224,4004714.0
1755129600000,0.02241,0.02275,0.02224,0.02237,19972398.0
1755133200000,0.02238,0.02257,0.02223,0.02252,5666100.0
1755136800000,0.02252,0.02266,0.02241,0.02265,2899255.0
1755140400000,0.02264,0.02267,0.02257,0.0226,2693551.0
1755144000000,0.02259,0.02263,0.0224,0.0224,3045738.0
1755147600000,0.02241,0.02247,0.02224,0.02225,4085044.0
1755151200000,0.02225,0.02225,0.022,0.02217,7730849.0
1755154800000,0.02217,0.02219,0.02195,0.02202,4856340.0
1755158400000,0.02203,0.02204,0.02175,0.02181,6663188.0
1755162000000,0.02182,0.02199,0.02174,0.02196,5529959.0
1755165600000,0.02197,0.02197,0.02166,0.02181,6924511.0
1755169200000,0.02181,0.02183,0.02168,0.02172,3742798.0
1755172800000,0.02172,0.02182,0.02063,0.02096,41604126.0
1755176400000,0.02097,0.02119,0.02066,0.02104,32813092.0
1755180000000,0.02105,0.02121,0.02094,0.02102,10045165.0
1755183600000,0.02103,0.02107,0.0208,0.02083,10036915.0
1755187200000,0.02083,0.02083,0.02048,0.02051,21024080.0
1755190800000,0.02051,0.02056,0.02034,0.02055,19758394.0
1755194400000,0.02055,0.02055,0.0203,0.02046,6821359.0
1755198000000,0.02047,0.02064,0.02046,0.02058,5933828.0
1755201600000,0.02058,0.02061,0.02049,0.0206,5544365.0
1755205200000,0.0206,0.02062,0.02023,0.02036,8472399.0
1755208800000,0.02037,0.02056,0.02031,0.02053,5532778.0
1755212400000,0.02052,0.0206,0.02051,0.02054,1984591.0
1755216000000,0.02054,0.02065,0.02048,0.02053,3771253.0
1755219600000,0.02054,0.02072,0.02048,0.02069,3908734.0
1755223200000,0.0207,0.02076,0.02067,0.02075,1785706.0
1755226800000,0.02075,0.02092,0.0207,0.02087,3115997.0
1755230400000,0.02086,0.02095,0.0208,0.02088,3746923.0
1755234000000,0.02088,0.02091,0.02081,0.02089,2301158.0
1755237600000,0.0209,0.02105,0.02088,0.02095,4910506.0
1755241200000,0.02095,0.02095,0.02084,0.02091,3168341.0
1755244800000,0.02091,0.02098,0.02086,0.02088,2743011.0
1755248400000,0.02088,0.02093,0.0207,0.02077,3221829.0
1755252000000,0.02077,0.02092,0.02076,0.02081,3598802.0
1755255600000,0.02082,0.02087,0.02076,0.02082,2039514.0
1755259200000,0.0208,0.02099,0.02065,0.02084,9673426.0
1755262800000,0.02083,0.02088,0.02054,0.02064,11922675.0
1755266400000,0.02063,0.02072,0.02038,0.02043,10443272.0
1755270000000,0.02043,0.02044,0.01998,0.02015,16201950.0
1755273600000,0.02015,0.02029,0.01997,0.02029,6960687.0
1755277200000,0.02028,0.02047,0.02018,0.02038,6454516.0
1755280800000,0.02038,0.02042,0.02021,0.02025,5208923.0
1755284400000,0.02026,0.02037,0.0202,0.02023,2565777.0
1755288000000,0.02022,0.02039,0.02019,0.02038,1719271.0
1755291600000,0.02039,0.02051,0.02032,0.0205,2614169.0
1755295200000,0.02049,0.02067,0.02046,0.02067,1690818.0
1755298800000,0.02067,0.02071,0.02047,0.0206,2878880.0
1755302400000,0.02061,0.02083,0.02056,0.02078,3534894.0
1755306000000,0.02079,0.02083,0.02075,0.02081,1906867.0
1755309600000,0.02082,0.02083,0.02071,0.02073,2911979.0
1755313200000,0.02074,0.02089,0.02072,0.02079,6123021.0
1755316800000,0.0208,0.0209,0.0208,0.0209,4917182.0
1755320400000,0.0209,0.02091,0.02077,0.02078,2770001.0
1755324000000,0.02079,0.02084,0.02076,0.02078,2127959.0
1755327600000,0.02078,0.02092,0.02077,0.02087,4424858.0
1755331200000,0.02087,0.02089,0.02081,0.02083,1722382.0
1755334800000,0.02082,0.02092,0.02069,0.02069,4958581.0
1755338400000,0.02069,0.02078,0.02063,0.02074,8285660.0
1755342000000,0.02074,0.02085,0.02065,0.02067,3825160.0
1755345600000,0.02067,0.0208,0.02065,0.02079,4204846.0
1755349200000,0.02078,0.02088,0.02071,0.02071,2767945.0
1755352800000,0.02072,0.02094,0.02069,0.02094,2214145.0
1755356400000,0.02094,0.02103,0.02092,0.02102,2649905.0
1755360000000,0.02101,0.02104,0.02095,0.02101,2559095.0
1755363600000,0.021,0.02102,0.02087,0.0209,4512431.0
1755367200000,0.0209,0.02095,0.02085,0.02092,2680762.0
1755370800000,0.02093,0.02096,0.0209,0.02091,1297334.0
1755374400000,0.02091,0.02096,0.02087,0.02093,1347865.0
1755378000000,0.02093,0.02094,0.02087,0.02088,900186.0
1755381600000,0.02088,0.02106,0.02086,0.02103,6340519.0
1755385200000,0.02104,0.02105,0.02097,0.02102,1124627.0
1755388800000,0.02102,0.02102,0.0209,0.02096,4301146.0
1755392400000,0.02097,0.02097,0.02088,0.02093,2511304.0
1755396000000,0.02093,0.02105,0.02087,0.02105,2728758.0
1755399600000,0.02105,0.02107,0.021,0.02103,1592427.0
1755403200000,0.02103,0.02109,0.02101,0.02109,1831710.0
1755406800000,0.02108,0.02114,0.02107,0.02108,2450559.0
1755410400000,0.02109,0.02114,0.02106,0.02108,1340281.0
1755414000000,0.02109,0.02125,0.02106,0.02117,5001822.0
1755417600000,0.02117,0.02126,0.02112,0.02122,3427576.0
1755421200000,0.02123,0.02127,0.0212,0.02124,2247682.0
1755424800000,0.02125,0.0213,0.02123,0.02129,3229313.0
1755428400000,0.02129,0.0213,0.02122,0.02127,1526419.0
1755432000000,0.02127,0.0213,0.02113,0.02113,3124052.0
1755435600000,0.02113,0.02117,0.02109,0.02114,2381248.0
1755439200000,0.02114,0.02122,0.02106,0.0212,2841771.0
1755442800000,0.0212,0.02129,0.02116,0.02128,2401115.0
1755446400000,0.02129,0.02136,0.02114,0.02116,4578526.0
1755450000000,0.02116,0.02119,0.02107,0.02108,2356753.0
1755453600000,0.02109,0.02112,0.02077,0.02094,6335068.0
1755457200000,0.02094,0.02102,0.02083,0.02086,2350602.0
1755460800000,0.02086,0.02093,0.02081,0.02086,1420850.0
1755464400000,0.02086,0.02088,0.02082,0.02083,1561554.0
1755468000000,0.02084,0.02105,0.0208,0.02099,3851506.0
1755471600000,0.021,0.02101,0.02082,0.02084,1612652.0
1755475200000,0.02083,0.02085,0.02066,0.02075,4649211.0
1755478800000,0.02075,0.02079,0.02045,0.02047,7952895.0
1755482400000,0.02048,0.02051,0.02013,0.02016,16463734.0
1755486000000,0.02016,0.02018,0.01989,0.02014,15505213.0
1755489600000,0.02013,0.02026,0.02007,0.02021,4708803.0
1755493200000,0.02021,0.02032,0.02007,0.02026,5490607.0
1755496800000,0.02025,0.02026,0.0199,0.01999,19647180.0
1755500400000,0.01999,0.02007,0.01995,0.01998,5365050.0
1755504000000,0.01999,0.02004,0.0199,0.01991,3283999.0
1755507600000,0.0199,0.02009,0.0198,0.02005,8073263.0
1755511200000,0.02004,0.02014,0.02,0.02005,4997617.0
1755514800000,0.02005,0.02012,0.01998,0.02007,6188501.0
1755518400000,0.02006,0.02027,0.02003,0.02027,4510841.0
1755522000000,0.02026,0.0203,0.02002,0.02002,4413660.0
1755525600000,0.02001,0.02013,0.01992,0.02012,4932150.0
1755529200000,0.02013,0.02018,0.01999,0.02018,4651611.0
1755532800000,0.02018,0.02025,0.02004,0.02007,5847567.0
1755536400000,0.02006,0.02033,0.02003,0.0202,4901245.0
1755540000000,0.02021,0.02029,0.02013,0.02028,2434379.0
1755543600000,0.02028,0.02033,0.02019,0.02023,2458564.0
1755547200000,0.02022,0.02026,0.02009,0.0202,2606936.0
1755550800000,0.02019,0.02033,0.02018,0.02029,3201606.0
1755554400000,0.02029,0.02042,0.02025,0.02026,3607036.0
1755558000000,0.02026,0.02029,0.02009,0.02013,2664326.0
1755561600000,0.02013,0.02029,0.01994,0.02028,14192145.0
1755565200000,0.02029,0.02036,0.02009,0.02013,4948858.0
1755568800000,0.02014,0.02019,0.02006,0.02008,4827867.0
1755572400000,0.02009,0.02011,0.0198,0.01985,7393437.0
1755576000000,0.01984,0.01996,0.0197,0.01996,8971886.0
1755579600000,0.01995,0.02,0.01989,0.01994,3980352.0
1755583200000,0.01992,0.01994,0.01984,0.01986,3866235.0
1755586800000,0.01987,0.01988,0.01976,0.01986,4218376.0
1755590400000,0.01986,0.02003,0.01976,0.01998,6738098.0
1755594000000,0.01999,0.02016,0.01998,0.02009,3718354.0
1755597600000,0.02011,0.02014,0.02004,0.02008,3070726.0
1755601200000,0.0201,0.02017,0.02007,0.02015,1828504.0
1755604800000,0.02016,0.02018,0.02009,0.02016,3874280.0
1755608400000,0.02015,0.02023,0.01993,0.02005,8404616.0
1755612000000,0.02005,0.02011,0.01968,0.01975,14533983.0
1755615600000,0.01974,0.01993,0.01969,0.01977,7196339.0
1755619200000,0.01977,0.01978,0.01958,0.01964,6653712.0
1755622800000,0.01964,0.01975,0.01954,0.01966,6477223.0
1755626400000,0.01965,0.01969,0.01949,0.01953,5665347.0
1755630000000,0.01952,0.01971,0.01943,0.01958,4684903.0
1755633600000,0.01959,0.01971,0.01952,0.01968,3160841.0
1755637200000,0.01968,0.0197,0.0196,0.01966,2115532.0
1755640800000,0.01965,0.01966,0.01955,0.01958,2672561.0
1755644400000,0.01957,0.01958,0.01937,0.0194,10088118.0
1755648000000,0.0194,0.01956,0.01938,0.01951,3274545.0
1755651600000,0.01952,0.01958,0.01934,0.01955,5031401.0
1755655200000,0.01955,0.01971,0.01953,0.01964,2850775.0
1755658800000,0.01965,0.01984,0.0196,0.0197,5554202.0
1755662400000,0.0197,0.01984,0.01969,0.01978,3769338.0
1755666000000,0.01979,0.0198,0.01969,0.01979,1589661.0
1755669600000,0.0198,0.0198,0.01968,0.01975,2268822.0
1755673200000,0.01974,0.01982,0.01969,0.0197,2654729.0
1755676800000,0.0197,0.01986,0.01966,0.01985,2954502.0
1755680400000,0.01986,0.01986,0.01975,0.01975,3580472.0
1755684000000,0.01974,0.0198,0.01971,0.01975,2033395.0
1755687600000,0.01975,0.01979,0.01948,0.01973,4892328.0
1755691200000,0.01974,0.01986,0.01974,0.01975,4372373.0
1755694800000,0.01974,0.01974,0.01938,0.01947,11899348.0
1755698400000,0.01945,0.01985,0.01934,0.01978,8021480.0
1755702000000,0.01977,0.02001,0.01975,0.01983,6567584.0
1755705600000,0.01984,0.02005,0.01984,0.01996,3354043.0
1755709200000,0.01997,0.02012,0.01996,0.02008,3381517.0
1755712800000,0.02008,0.02008,0.0198,0.01994,5539505.0
1755716400000,0.01994,0.02025,0.01994,0.02024,5583860.0
1755720000000,0.02024,0.02031,0.02017,0.02019,7030460.0
1755723600000,0.0202,0.02026,0.02013,0.0202,3808153.0
1755727200000,0.02021,0.02026,0.02016,0.02024,3778127.0
1755730800000,0.02023,0.02023,0.02013,0.02019,1673675.0
1755734400000,0.02018,0.02026,0.02013,0.02025,3999782.0
1755738000000,0.02025,0.02031,0.02013,0.0203,3616948.0
1755741600000,0.0203,0.02035,0.02009,0.02015,2693087.0
1755745200000,0.02015,0.02031,0.02015,0.02017,4252501.0
1755748800000,0.02016,0.02022,0.0201,0.02016,3226076.0
1755752400000,0.02016,0.0202,0.02009,0.0202,3542697.0
1755756000000,0.0202,0.0202,0.02003,0.02008,2436574.0
1755759600000,0.02008,0.0201,0.01995,0.02007,3378380.0
1755763200000,0.02007,0.02009,0.01991,0.01991,1872420.0
1755766800000,0.01991,0.01992,0.01982,0.01985,3760551.0
1755770400000,0.01984,0.01988,0.0198,0.01983,2611670.0
1755774000000,0.01983,0.01989,0.01974,0.0198,2725567.0
1755777600000,0.01979,0.01983,0.01965,0.01971,8419850.0
1755781200000,0.01972,0.01993,0.01969,0.01983,6986635.0
1755784800000,0.01982,0.01999,0.01968,0.01975,7019316.0
1755788400000,0.01976,0.01979,0.01962,0.01965,5511212.0
1755792000000,0.01966,0.01974,0.0196,0.01961,3302008.0
1755795600000,0.01961,0.01972,0.01957,0.01969,3677496.0
1755799200000,0.01969,0.01983,0.01968,0.0198,2395974.0
1755802800000,0.0198,0.01985,0.01963,0.01966,1967181.0
1755806400000,0.01967,0.01984,0.01961,0.01977,3650371.0
1755810000000,0.01977,0.01985,0.01968,0.01984,2192506.0
1755813600000,0.01983,0.01989,0.0198,0.01984,1482336.0
1755817200000,0.01983,0.01983,0.01967,0.01971,1797809.0
1755820800000,0.01972,0.01981,0.01965,0.01969,4151578.0
1755824400000,0.01969,0.01974,0.01958,0.01974,3151258.0
1755828000000,0.01973,0.01989,0.0197,0.0198,2428913.0
1755831600000,0.01982,0.01985,0.01967,0.01969,2498610.0
1755835200000,0.0197,0.01983,0.01968,0.01974,2919428.0
1755838800000,0.01973,0.01982,0.01968,0.01979,2313719.0
1755842400000,0.01978,0.01988,0.01969,0.01974,2923999.0
1755846000000,0.01973,0.01988,0.01972,0.01986,1650001.0
1755849600000,0.01985,0.01992,0.01978,0.01978,2640847.0
1755853200000,0.01979,0.01983,0.01973,0.0198,2038250.0
1755856800000,0.0198,0.01981,0.01963,0.01967,4435883.0
1755860400000,0.01966,0.01966,0.01947,0.01948,3822662.0
1755864000000,0.01948,0.01951,0.01913,0.01932,19228793.0
1755867600000,0.01931,0.01955,0.01926,0.01939,12369583.0
1755871200000,0.0194,0.02028,0.0194,0.02025,46766388.0
1755874800000,0.02025,0.02047,0.02025,0.02032,13413681.0
1755878400000,0.02033,0.02077,0.02033,0.02073,13574107.0
1755882000000,0.02074,0.02097,0.02074,0.02089,7959601.0
1755885600000,0.0209,0.02098,0.02083,0.02095,3522449.0
1755889200000,0.02095,0.02107,0.02093,0.021,4626646.0
1755892800000,0.02101,0.02105,0.02091,0.02102,5683087.0
1755896400000,0.02104,0.02112,0.02101,0.02105,4290366.0
1755900000000,0.02106,0.0211,0.02098,0.021,5150218.0
1755903600000,0.021,0.02108,0.02097,0.02107,4310829.0
1755907200000,0.02107,0.02126,0.02104,0.02116,6063028.0
1755910800000,0.02116,0.02121,0.02088,0.021,11547479.0
1755914400000,0.02101,0.02103,0.02058,0.02085,11794546.0
1755918000000,0.02085,0.02089,0.02074,0.0208,3965669.0
1755921600000,0.0208,0.02096,0.02079,0.02096,3515785.0
1755925200000,0.02097,0.02109,0.02094,0.02109,2954094.0
1755928800000,0.02109,0.02111,0.02101,0.02103,3654648.0
1755932400000,0.02104,0.02108,0.02085,0.02089,5092226.0
1755936000000,0.0209,0.02097,0.02081,0.0209,3280684.0
1755939600000,0.0209,0.02095,0.02084,0.02092,4243054.0
1755943200000,0.02091,0.02093,0.02071,0.02072,4379646.0
1755946800000,0.02073,0.02081,0.02067,0.02072,2364984.0
1755950400000,0.02072,0.02085,0.02063,0.0207,5602060.0
1755954000000,0.0207,0.02071,0.0206,0.02063,4241151.0
1755957600000,0.02064,0.02075,0.02059,0.02065,3501688.0
1755961200000,0.02065,0.02077,0.02061,0.02071,3747876.0
1755964800000,0.02072,0.02075,0.02066,0.02074,3242133.0
1755968400000,0.02074,0.02078,0.02068,0.02073,1761988.0
1755972000000,0.02073,0.02077,0.02071,0.02077,1331659.0
1755975600000,0.02077,0.0209,0.02076,0.0209,1733968.0
1755979200000,0.0209,0.0209,0.02077,0.02085,2428093.0
1755982800000,0.02084,0.02085,0.0207,0.02073,2919758.0
1755986400000,0.02073,0.0208,0.02071,0.0208,1266930.0
1755990000000,0.02079,0.02084,0.02075,0.02079,1753798.0
1755993600000,0.02079,0.02119,0.02079,0.02106,25283328.0
1755997200000,0.02107,0.02121,0.02089,0.02105,16345816.0
1756000800000,0.02105,0.02118,0.02097,0.02097,8084874.0
1756004400000,0.02098,0.02104,0.02088,0.02096,4738022.0
1756008000000,0.02097,0.02098,0.02087,0.02092,1471547.0
1756011600000,0.02093,0.02095,0.0208,0.02083,2622873.0
1756015200000,0.02084,0.02084,0.02058,0.0206,4803573.0
1756018800000,0.0206,0.0207,0.02055,0.02062,3998679.0
1756022400000,0.02062,0.02077,0.02058,0.02073,4143410.0
1756026000000,0.02072,0.02078,0.02066,0.02071,2898720.0
1756029600000,0.02072,0.02074,0.02044,0.02048,6022711.0
1756033200000,0.02049,0.02055,0.02041,0.0205,5394416.0
1756036800000,0.02049,0.02056,0.02046,0.02051,2579503.0
1756040400000,0.02051,0.02061,0.0205,0.02055,2300723.0
1756044000000,0.02054,0.0206,0.02045,0.02059,3186518.0
1756047600000,0.02058,0.02074,0.02053,0.02059,3461745.0
1756051200000,0.02059,0.02067,0.02054,0.02065,1671716.0
1756054800000,0.02064,0.02099,0.02064,0.02093,6668540.0
1756058400000,0.02093,0.02134,0.02087,0.02131,12274238.0
1756062000000,0.0213,0.02142,0.02049,0.02083,40171173.0
1756065600000,0.02084,0.02093,0.0204,0.02077,16843590.0
1756069200000,0.02077,0.02093,0.02064,0.02079,8898872.0
1756072800000,0.0208,0.02083,0.02049,0.02074,6866960.0
1756076400000,0.02074,0.02081,0.02068,0.02072,3997803.0
1756080000000,0.02071,0.02097,0.02039,0.0206,20208047.0
1756083600000,0.0206,0.02089,0.02057,0.02082,7402608.0
1756087200000,0.02082,0.02107,0.02081,0.02103,5421757.0
1756090800000,0.02103,0.02107,0.02093,0.02094,5096536.0
1756094400000,0.02095,0.02101,0.02078,0.0208,5146312.0
1756098000000,0.0208,0.02085,0.02068,0.02069,6116142.0
1756101600000,0.02069,0.02072,0.02048,0.02049,9266809.0
1756105200000,0.0205,0.02059,0.02034,0.02037,12541476.0
1756108800000,0.02037,0.0205,0.02011,0.02043,28777840.0
1756112400000,0.02044,0.02048,0.02033,0.02045,5882404.0
1756116000000,0.02046,0.02046,0.0202,0.02033,6475569.0
1756119600000,0.02034,0.02062,0.02031,0.02062,6316845.0
1756123200000,0.02063,0.02132,0.02049,0.0213,25994756.0
1756126800000,0.02129,0.02154,0.02089,0.02104,103477978.0
1756130400000,0.02104,0.02143,0.02101,0.02114,23223035.0
1756134000000,0.02115,0.0212,0.02065,0.02071,21696903.0
1756137600000,0.02072,0.02086,0.02061,0.02065,9209516.0
1756141200000,0.02064,0.02076,0.02055,0.02066,9477213.0
1756144800000,0.02067,0.02072,0.02056,0.02061,8013656.0
1756148400000,0.02061,0.02061,0.02016,0.02023,20366114.0
1756152000000,0.02023,0.02029,0.01983,0.01983,26575494.0
1756155600000,0.01982,0.0199,0.01961,0.01972,21588353.0
1756159200000,0.01972,0.01989,0.01958,0.01979,10642799.0
1756162800000,0.01979,0.01988,0.01972,0.01979,5101046.0
1756166400000,0.01978,0.0201,0.01967,0.01972,26134321.0
1756170000000,0.01972,0.02,0.01966,0.01995,8097545.0
1756173600000,0.01996,0.02003,0.01976,0.01981,10289812.0
1756177200000,0.0198,0.01988,0.01973,0.01976,8416564.0
1756180800000,0.01975,0.01989,0.01973,0.01982,3868461.0
1756184400000,0.01982,0.01997,0.01981,0.01981,5358981.0
1756188000000,0.0198,0.0199,0.01954,0.01959,12388648.0
1756191600000,0.01959,0.01982,0.01957,0.01974,8209454.0
1756195200000,0.01973,0.0198,0.01964,0.01968,4196683.0
1756198800000,0.01968,0.01977,0.01966,0.01973,3473574.0
1756202400000,0.01974,0.01989,0.01971,0.01983,4601874.0
1756206000000,0.01983,0.01985,0.01971,0.01977,3485113.0
1756209600000,0.01978,0.02016,0.0197,0.02001,10547655.0
1756213200000,0.02,0.02003,0.01968,0.01987,13283266.0
1756216800000,0.01988,0.02011,0.01978,0.02008,6549694.0
1756220400000,0.02007,0.02014,0.0199,0.01999,4845661.0
1756224000000,0.01999,0.02016,0.01995,0.02016,7010704.0
1756227600000,0.02015,0.02017,0.01996,0.02005,6266046.0
1756231200000,0.02006,0.0202,0.02005,0.02017,2996807.0
1756234800000,0.02018,0.02041,0.0201,0.02037,3842121.0
1756238400000,0.02038,0.02047,0.02033,0.02039,4044754.0
1756242000000,0.02038,0.02049,0.02035,0.02046,4621329.0
1756245600000,0.02047,0.02052,0.02036,0.02044,2976174.0
1756249200000,0.02043,0.02065,0.02043,0.02051,9131428.0
1756252800000,0.02052,0.02053,0.02035,0.02038,5394369.0
1756256400000,0.02039,0.02039,0.02021,0.02031,6482281.0
1756260000000,0.02032,0.02039,0.02024,0.02035,3742849.0
1756263600000,0.02034,0.02053,0.02029,0.02044,3900012.0
1756267200000,0.02044,0.02062,0.02042,0.02062,4752936.0
1756270800000,0.02062,0.02062,0.02039,0.02041,2219629.0
1756274400000,0.02042,0.02044,0.02033,0.02034,2913654.0
1756278000000,0.02034,0.02037,0.0202,0.02026,6238156.0
1756281600000,0.02027,0.02037,0.02021,0.02036,5201406.0
1756285200000,0.02037,0.02045,0.02033,0.02035,2178429.0
1756288800000,0.02035,0.0204,0.02029,0.02034,1286576.0
1756292400000,0.02035,0.02046,0.02034,0.02044,2659546.0
1756296000000,0.02044,0.02048,0.02032,0.02042,2944166.0
1756299600000,0.02041,0.02059,0.02033,0.02047,4936357.0
1756303200000,0.02048,0.0206,0.02038,0.02046,9803170.0
1756306800000,0.02047,0.02054,0.02042,0.02054,4369685.0
1756310400000,0.02054,0.02058,0.02041,0.02051,4390996.0
1756314000000,0.02051,0.02058,0.02043,0.02056,2055805.0
1756317600000,0.02056,0.02062,0.02049,0.02049,2153884.0
1756321200000,0.02049,0.02053,0.0203,0.02042,5222467.0
1756324800000,0.02041,0.02058,0.02021,0.02057,21160569.0
1756328400000,0.02058,0.0206,0.02035,0.02039,4983656.0
1756332000000,0.02039,0.02044,0.02023,0.02039,2383368.0
1756335600000,0.02039,0.02043,0.02028,0.02031,3100457.0
1756339200000,0.02031,0.02044,0.02016,0.02028,5298730.0
1756342800000,0.02028,0.02041,0.02026,0.02034,6344512.0
1756346400000,0.02034,0.02042,0.02029,0.02032,2510748.0
1756350000000,0.02032,0.02046,0.02029,0.02044,2311922.0
1756353600000,0.02044,0.02053,0.02034,0.02053,6525231.0
1756357200000,0.02053,0.02056,0.02043,0.02051,4635992.0
1756360800000,0.02051,0.02052,0.02043,0.02051,2367548.0
1756364400000,0.0205,0.02055,0.02042,0.02053,3714599.0
1756368000000,0.02054,0.02064,0.02053,0.02056,6535547.0
1756371600000,0.02056,0.02056,0.02045,0.02046,1707109.0
1756375200000,0.02047,0.02058,0.02044,0.02058,1852357.0
1756378800000,0.02058,0.0206,0.02049,0.02059,2414858.0
1756382400000,0.02059,0.02062,0.02052,0.02058,3278003.0
1756386000000,0.02058,0.0207,0.02055,0.02062,4438418.0
1756389600000,0.02063,0.02077,0.02059,0.02073,7981246.0
1756393200000,0.02073,0.02079,0.02051,0.02056,7188998.0
1756396800000,0.02056,0.02069,0.02037,0.02037,4957417.0
1756400400000,0.02036,0.02064,0.02034,0.02053,7774255.0
1756404000000,0.02052,0.02063,0.02049,0.02058,2468267.0
1756407600000,0.02059,0.02062,0.02037,0.02037,3376062.0
1756411200000,0.02037,0.02051,0.02036,0.02048,2592357.0
1756414800000,0.02049,0.02062,0.02046,0.02062,3411647.0
1756418400000,0.02061,0.02079,0.02061,0.02077,8070829.0
1756422000000,0.02077,0.02087,0.02073,0.02081,14215094.0
1756425600000,0.02081,0.02088,0.02068,0.02074,4665177.0
1756429200000,0.02073,0.02075,0.02052,0.02055,3348197.0
1756432800000,0.02054,0.02071,0.02051,0.02067,3449709.0
1756436400000,0.02066,0.02069,0.02059,0.02065,2105728.0
1756440000000,0.02065,0.02068,0.0205,0.02052,3151918.0
1756443600000,0.02053,0.02056,0.02043,0.0205,2082640.0
1756447200000,0.0205,0.02053,0.02027,0.02032,2886094.0
1756450800000,0.02033,0.02033,0.01998,0.02002,10472024.0
1756454400000,0.02001,0.02007,0.01975,0.01978,11847584.0
1756458000000,0.01978,0.01992,0.01965,0.01989,8314869.0
1756461600000,0.0199,0.02007,0.01988,0.02001,5543067.0
1756465200000,0.02001,0.02007,0.01993,0.01998,2515752.0
1756468800000,0.01998,0.02045,0.01996,0.02014,14992569.0
1756472400000,0.02015,0.0202,0.01986,0.01996,12603121.0
1756476000000,0.01997,0.02008,0.01973,0.01991,16736470.0
1756479600000,0.01991,0.02003,0.01982,0.01986,5746144.0
1756483200000,0.01986,0.01993,0.01975,0.01982,11053183.0
1756486800000,0.01983,0.01983,0.01968,0.01974,6061265.0
1756490400000,0.01975,0.01979,0.01966,0.0197,5124415.0
1756494000000,0.01971,0.01998,0.01968,0.0199,4091728.0
1756497600000,0.0199,0.01992,0.01974,0.01975,4457420.0
1756501200000,0.01976,0.01994,0.0197,0.01992,2414733.0
1756504800000,0.01993,0.02,0.01984,0.01998,4659385.0
1756508400000,0.01997,0.02002,0.01994,0.01995,1791480.0
1756512000000,0.01995,0.02,0.01988,0.01994,3441871.0
1756515600000,0.01994,0.02001,0.01975,0.01978,5198254.0
1756519200000,0.01979,0.02,0.01977,0.01998,6544473.0
1756522800000,0.01998,0.02028,0.01997,0.02015,3767652.0
1756526400000,0.02016,0.02019,0.02009,0.0201,1773159.0
1756530000000,0.0201,0.02018,0.02009,0.02011,1960572.0
1756533600000,0.02012,0.02017,0.02009,0.02014,1926149.0
1756537200000,0.02014,0.02021,0.02012,0.0202,2030843.0
1756540800000,0.02021,0.02021,0.02015,0.02017,2415499.0
1756544400000,0.02018,0.02018,0.02011,0.02012,1677074.0
1756548000000,0.02012,0.02022,0.02011,0.02018,1725457.0
1756551600000,0.02017,0.0202,0.02009,0.02017,3644859.0
1756555200000,0.02018,0.02019,0.01998,0.02008,2594665.0
1756558800000,0.02008,0.02008,0.01992,0.02006,3387418.0
1756562400000,0.02006,0.02006,0.01994,0.02005,2509403.0
1756566000000,0.02004,0.02018,0.01999,0.02016,1820781.0
1756569600000,0.02016,0.02016,0.02,0.02,2003435.0
1756573200000,0.02,0.02006,0.01995,0.02001,911793.0
1756576800000,0.02,0.02003,0.01992,0.01997,764173.0
1756580400000,0.01997,0.02004,0.01995,0.02004,1173677.0
1756584000000,0.02003,0.02004,0.01995,0.02,1086291.0
1756587600000,0.02,0.02003,0.01996,0.02,1071697.0
1756591200000,0.01999,0.02007,0.01994,0.02006,1506313.0
1756594800000,0.02007,0.02016,0.02006,0.02015,1097900.0
1756598400000,0.02015,0.02029,0.02013,0.02026,4481515.0
1756602000000,0.02027,0.02034,0.02023,0.02031,2657073.0
1756605600000,0.02032,0.02035,0.02026,0.02032,2476789.0
1756609200000,0.02033,0.02039,0.0203,0.02033,4478947.0
1756612800000,0.02033,0.02033,0.02017,0.0202,2565755.0
1756616400000,0.0202,0.02023,0.02013,0.02015,3090345.0
1756620000000,0.02015,0.02017,0.02009,0.0201,1051948.0
1756623600000,0.0201,0.02013,0.02007,0.02008,1407301.0
1756627200000,0.02009,0.02021,0.02009,0.0202,1719527.0
1756630800000,0.02021,0.02023,0.02007,0.02009,3574594.0
1756634400000,0.0201,0.02013,0.01999,0.02002,4325097.0
1756638000000,0.02003,0.02015,0.02,0.02014,2043353.0
1756641600000,0.02015,0.02017,0.02003,0.02012,2761251.0
1756645200000,0.02012,0.02015,0.02004,0.02006,1532528.0
1756648800000,0.02006,0.02006,0.01992,0.01994,4441605.0
1756652400000,0.01995,0.02012,0.01992,0.02011,2344337.0
1756656000000,0.02011,0.02011,0.02002,0.02009,2772682.0
1756659600000,0.02008,0.02008,0.02,0.02003,1747791.0
1756663200000,0.02003,0.02015,0.02,0.02013,7060372.0
1756666800000,0.02014,0.02015,0.02004,0.02004,1463723.0
1756670400000,0.02005,0.02011,0.02,0.02008,1593552.0
1756674000000,0.02008,0.02013,0.02004,0.0201,1216268.0
1756677600000,0.02012,0.02012,0.01995,0.01999,1318856.0
1756681200000,0.01999,0.01999,0.01977,0.01978,5988564.0
1756684800000,0.01979,0.01989,0.01969,0.01985,9065058.0
1756688400000,0.01986,0.01991,0.01978,0.01984,5474204.0
1756692000000,0.01983,0.01984,0.01952,0.01957,5901169.0
1756695600000,0.01957,0.01962,0.01952,0.01956,3318711.0
1756699200000,0.01956,0.0196,0.01942,0.01946,3876870.0
1756702800000,0.01947,0.0196,0.01942,0.01957,3273671.0
1756706400000,0.01955,0.01961,0.01946,0.01955,3129255.0
1756710000000,0.01956,0.01994,0.0195,0.01992,5380302.0
1756713600000,0.01993,0.02004,0.01987,0.02001,7801198.0
1756717200000,0.02002,0.02004,0.01994,0.01996,3766365.0
1756720800000,0.01996,0.01996,0.01967,0.01975,7203221.0
1756724400000,0.01975,0.01979,0.01965,0.01966,3283030.0
1756728000000,0.01966,0.01978,0.01961,0.0197,4492511.0
1756731600000,0.01971,0.01971,0.01951,0.01953,6042286.0
1756735200000,0.01952,0.01962,0.01944,0.01951,3966091.0
1756738800000,0.01951,0.01956,0.01939,0.01944,4845010.0
1756742400000,0.01944,0.01948,0.01936,0.01941,3721541.0
1756746000000,0.01941,0.01945,0.01932,0.01937,3737899.0
1756749600000,0.01937,0.01949,0.01936,0.01946,3328450.0
1756753200000,0.01946,0.01955,0.01944,0.01953,5304478.0
1756756800000,0.01953,0.01953,0.01908,0.01929,19730892.0
1756760400000,0.01928,0.01928,0.01902,0.01915,8944682.0
1756764000000,0.01916,0.01924,0.01908,0.01921,4205802.0
1756767600000,0.01921,0.01943,0.01921,0.0194,3367378.0
1756771200000,0.0194,0.01942,0.01934,0.01939,3178774.0
1756774800000,0.01938,0.01958,0.01936,0.01951,4141431.0
1756778400000,0.01951,0.01973,0.01949,0.01971,3123315.0
1756782000000,0.01973,0.01976,0.01967,0.01974,2580665.0
1756785600000,0.01975,0.01977,0.0197,0.01976,2075416.0
1756789200000,0.01975,0.01977,0.01969,0.01971,2962415.0
1756792800000,0.01972,0.01977,0.01969,0.01973,2601380.0
1756796400000,0.01974,0.01975,0.01958,0.01962,4931568.0
1756800000000,0.01961,0.01972,0.01961,0.01967,1787986.0
1756803600000,0.01967,0.01973,0.01964,0.01973,2051733.0
1756807200000,0.01973,0.01974,0.01967,0.01971,1295819.0
1756810800000,0.01972,0.01973,0.01959,0.01959,1924718.0
1756814400000,0.0196,0.01962,0.01924,0.01929,7295604.0
1756818000000,0.01928,0.01979,0.01928,0.01975,9301257.0
1756821600000,0.01975,0.01984,0.01966,0.01974,10159883.0
1756825200000,0.01974,0.01975,0.01938,0.0194,6300745.0
1756828800000,0.01941,0.01954,0.01941,0.01952,2696056.0
1756832400000,0.01951,0.01961,0.01951,0.01956,2974391.0
1756836000000,0.01957,0.01958,0.01941,0.01952,1598858.0
1756839600000,0.01952,0.01959,0.01945,0.01952,2597515.0
1756843200000,0.01951,0.01968,0.01949,0.01966,2190145.0
1756846800000,0.01966,0.0197,0.0196,0.01967,2254986.0
1756850400000,0.01966,0.0197,0.01963,0.01967,1622408.0
1756854000000,0.01967,0.01973,0.01964,0.01968,2027697.0
1756857600000,0.01967,0.01976,0.01963,0.01967,2300810.0
1756861200000,0.01967,0.01968,0.01953,0.01966,2328185.0
1756864800000,0.01967,0.01976,0.01962,0.01973,2906030.0
1756868400000,0.01973,0.01974,0.01963,0.01968,1902160.0
1756872000000,0.01969,0.01969,0.01961,0.01967,1328037.0
1756875600000,0.01968,0.01971,0.01962,0.01971,2906469.0
1756879200000,0.0197,0.01982,0.01968,0.01971,3927435.0
1756882800000,0.01972,0.01977,0.01964,0.01977,1731517.0
1756886400000,0.01977,0.01982,0.01966,0.0197,4478533.0
1756890000000,0.01971,0.01977,0.01961,0.01976,2238503.0
1756893600000,0.01977,0.01988,0.01973,0.0198,4415774.0
1756897200000,0.0198,0.01987,0.01979,0.01981,2230702.0
1756900800000,0.01982,0.01985,0.01971,0.01975,3385980.0
1756904400000,0.01976,0.01995,0.01975,0.01987,3689682.0
1756908000000,0.01988,0.01999,0.01982,0.01996,4580256.0
1756911600000,0.01997,0.02,0.01984,0.01987,4114032.0
1756915200000,0.01987,0.01992,0.0198,0.01982,2154502.0
1756918800000,0.01983,0.01996,0.01981,0.01988,3294947.0
1756922400000,0.01989,0.01993,0.01982,0.01989,3551130.0
1756926000000,0.0199,0.01992,0.01984,0.01986,1632395.0
1756929600000,0.01987,0.01989,0.01977,0.01978,1520800.0
1756933200000,0.01979,0.0198,0.01972,0.01977,1556243.0
1756936800000,0.01977,0.01982,0.01971,0.01974,1549454.0
1756940400000,0.01974,0.01974,0.01956,0.0196,4727760.0
1756944000000,0.0196,0.01969,0.01958,0.01962,3101162.0
1756947600000,0.01962,0.01963,0.01946,0.01954,5443744.0
1756951200000,0.01954,0.01955,0.01937,0.01943,4322387.0
1756954800000,0.01943,0.01945,0.01933,0.01935,3014719.0
1756958400000,0.01936,0.01941,0.01932,0.01933,2466892.0
1756962000000,0.01932,0.01933,0.01915,0.01924,8513648.0
1756965600000,0.01923,0.01924,0.01916,0.01917,4021174.0
1756969200000,0.01916,0.01925,0.01915,0.01922,3178351.0
1756972800000,0.01922,0.01931,0.0192,0.01924,2599687.0
1756976400000,0.01923,0.0193,0.01923,0.01928,2517081.0
1756980000000,0.01929,0.01933,0.01927,0.01927,1584039.0
1756983600000,0.01926,0.01935,0.01924,0.01927,1410696.0
1756987200000,0.01926,0.01932,0.01916,0.01929,4321064.0
1756990800000,0.0193,0.01934,0.01918,0.01924,3446260.0
1756994400000,0.01923,0.01925,0.01909,0.0192,4582731.0
1756998000000,0.0192,0.01921,0.01907,0.01916,5141418.0
1757001600000,0.01915,0.0192,0.01906,0.01911,8146290.0
1757005200000,0.01911,0.01918,0.01906,0.01909,2172165.0
1757008800000,0.0191,0.01914,0.019,0.01908,6871843.0
1757012400000,0.01907,0.01911,0.01904,0.01907,2456390.0
1757016000000,0.01907,0.01919,0.01905,0.01915,3027601.0
1757019600000,0.01915,0.01924,0.01913,0.01924,1245556.0
1757023200000,0.01923,0.01935,0.01921,0.01934,1972940.0
1757026800000,0.01933,0.01936,0.01921,0.01922,2609476.0
1757030400000,0.01923,0.01937,0.01922,0.01928,4748918.0
1757034000000,0.01928,0.01936,0.01923,0.01934,2087324.0
1757037600000,0.01934,0.01938,0.01929,0.01936,2120377.0
1757041200000,0.01937,0.01937,0.0193,0.01937,1625427.0
1757044800000,0.01936,0.01937,0.0193,0.01935,1680569.0
1757048400000,0.01935,0.01939,0.01933,0.01939,802746.0
1757052000000,0.01938,0.0194,0.01933,0.0194,2153094.0
1757055600000,0.0194,0.0196,0.01939,0.01958,3790053.0
1757059200000,0.01958,0.0196,0.01946,0.0195,4543275.0
1757062800000,0.01951,0.01951,0.01943,0.01948,2242189.0
1757066400000,0.01949,0.01952,0.01947,0.01948,1838899.0
1757070000000,0.01947,0.01952,0.01947,0.0195,1093617.0
1757073600000,0.0195,0.01975,0.01946,0.01973,10320393.0
1757077200000,0.01974,0.01977,0.01965,0.01968,5271839.0
1757080800000,0.01969,0.01971,0.01925,0.01932,13767347.0
1757084400000,0.01931,0.01947,0.01928,0.0194,4684960.0
1757088000000,0.0194,0.01943,0.01936,0.0194,2328395.0
1757091600000,0.0194,0.01941,0.01931,0.01936,1897225.0
1757095200000,0.01936,0.01947,0.01933,0.01945,1518571.0
1757098800000,0.01946,0.01949,0.01943,0.01947,1647143.0
1757102400000,0.01948,0.0196,0.01945,0.01959,2721518.0
1757106000000,0.01959,0.01959,0.01941,0.0195,2914256.0
1757109600000,0.01951,0.01957,0.01945,0.01952,1618891.0
1757113200000,0.01952,0.01953,0.01948,0.0195,1232291.0
1757116800000,0.0195,0.01953,0.01932,0.01942,5980181.0
1757120400000,0.01942,0.01948,0.01938,0.01948,2488499.0
1757124000000,0.01948,0.01949,0.01942,0.01949,1258782.0
1757127600000,0.01949,0.0195,0.01944,0.01949,2726322.0
1757131200000,0.01949,0.01949,0.01935,0.01943,2130985.0
1757134800000,0.01942,0.01942,0.01933,0.01934,1086652.0
1757138400000,0.01934,0.01937,0.01931,0.01934,1938806.0
1757142000000,0.01933,0.01937,0.01933,0.01936,1986561.0
1757145600000,0.01935,0.01936,0.01931,0.01932,961387.0
1757149200000,0.01933,0.01933,0.01925,0.01928,2834483.0
1757152800000,0.01928,0.01935,0.01924,0.01935,2852733.0
1757156400000,0.01934,0.01934,0.01928,0.01933,1021132.0
1757160000000,0.01932,0.01937,0.01924,0.01926,4674049.0
1757163600000,0.01925,0.01931,0.01923,0.01928,1459592.0
1757167200000,0.01927,0.01942,0.01927,0.0194,3225129.0
1757170800000,0.01939,0.0194,0.01923,0.01928,2667342.0
1757174400000,0.01927,0.01936,0.01918,0.01933,3185158.0
1757178000000,0.01933,0.01933,0.01924,0.01928,1369795.0
1757181600000,0.01928,0.01933,0.01925,0.01932,1398116.0
1757185200000,0.01931,0.01932,0.01919,0.0192,1104774.0
1757188800000,0.01921,0.01931,0.0192,0.01929,897927.0
1757192400000,0.0193,0.01931,0.01928,0.0193,1008558.0
1757196000000,0.0193,0.01936,0.01928,0.01931,2092381.0
1757199600000,0.01932,0.01938,0.01929,0.01937,1578370.0
1757203200000,0.01937,0.01941,0.01935,0.01939,2734132.0
1757206800000,0.01939,0.01944,0.01938,0.0194,2011163.0
1757210400000,0.0194,0.01946,0.01938,0.01945,2088842.0
1757214000000,0.01946,0.01948,0.01943,0.01944,1520187.0
1757217600000,0.01945,0.01955,0.01945,0.01954,2317337.0
1757221200000,0.01954,0.01959,0.01953,0.01958,1549301.0
1757224800000,0.01958,0.01959,0.01945,0.01946,3567307.0
1757228400000,0.01947,0.01954,0.01946,0.01949,1921046.0
1757232000000,0.0195,0.01964,0.01949,0.01962,3381643.0
1757235600000,0.01961,0.01964,0.0195,0.01953,1398275.0
1757239200000,0.01954,0.01961,0.01954,0.0196,1040618.0
1757242800000,0.01961,0.01964,0.01954,0.01961,1731277.0
1757246400000,0.01961,0.01963,0.01953,0.01957,2655772.0
1757250000000,0.01958,0.01963,0.01955,0.01959,2492274.0
1757253600000,0.01958,0.01961,0.01951,0.01956,3259866.0
1757257200000,0.01956,0.01959,0.01951,0.01959,2238132.0
1757260800000,0.01958,0.01959,0.0195,0.01952,1011487.0
1757264400000,0.01951,0.01952,0.01944,0.01944,1336503.0
1757268000000,0.01944,0.01946,0.0194,0.01944,1024084.0
1757271600000,0.01943,0.01949,0.01942,0.01948,1070090.0
1757275200000,0.01948,0.01949,0.01941,0.01949,1429365.0
1757278800000,0.0195,0.01952,0.01949,0.01949,1195445.0
1757282400000,0.01949,0.01957,0.01948,0.01957,1502802.0
1757286000000,0.01957,0.01966,0.01956,0.0196,2573737.0
1757289600000,0.01959,0.01961,0.01949,0.01953,1559385.0
1757293200000,0.01952,0.01955,0.0195,0.01952,1464804.0
1757296800000,0.01951,0.01964,0.01945,0.01964,2660573.0
1757300400000,0.01965,0.01971,0.0196,0.01963,2609807.0
1757304000000,0.01962,0.01963,0.01955,0.01958,1675146.0
1757307600000,0.01957,0.01962,0.01954,0.01958,1420391.0
1757311200000,0.01959,0.01964,0.01953,0.01958,2041547.0
1757314800000,0.01959,0.01969,0.01958,0.01963,1724894.0
1757318400000,0.01963,0.01971,0.01955,0.01967,4824972.0
1757322000000,0.01967,0.01977,0.01958,0.01975,3834626.0
1757325600000,0.01976,0.01984,0.01972,0.01974,4202376.0
1757329200000,0.01974,0.01977,0.01966,0.01975,1299639.0
1757332800000,0.01974,0.01981,0.01969,0.01979,3084893.0
1757336400000,0.0198,0.01989,0.01966,0.01966,4165765.0
1757340000000,0.01967,0.01986,0.01967,0.01986,2598467.0
1757343600000,0.01985,0.0199,0.01981,0.01984,3001436.0
1757347200000,0.01985,0.01988,0.01977,0.0198,3718953.0
1757350800000,0.01979,0.0199,0.01973,0.01982,2489976.0
1757354400000,0.01982,0.01993,0.01982,0.01992,1502418.0
1757358000000,0.01993,0.01993,0.01979,0.0198,1649086.0
1757361600000,0.01981,0.01983,0.0197,0.01974,1661793.0
1757365200000,0.01974,0.01994,0.01973,0.01993,2095150.0
1757368800000,0.01994,0.01997,0.01991,0.01992,929873.0
1757372400000,0.01991,0.01996,0.01988,0.01992,1568464.0
1757376000000,0.01991,0.01999,0.0198,0.01988,7272769.0
1757379600000,0.01988,0.01991,0.01979,0.0198,1714422.0
1757383200000,0.0198,0.01989,0.01968,0.01973,8119696.0
1757386800000,0.01972,0.0199,0.0197,0.0199,2698757.0
1757390400000,0.01989,0.01995,0.01985,0.01995,2415645.0
1757394000000,0.01995,0.01997,0.01988,0.01994,2262878.0
1757397600000,0.01993,0.02017,0.01993,0.02011,9233154.0
1757401200000,0.02012,0.02019,0.02008,0.02013,3820114.0
1757404800000,0.02014,0.0202,0.02012,0.02016,2195687.0
1757408400000,0.02015,0.02018,0.02012,0.02015,2057943.0
1757412000000,0.02015,0.02018,0.01998,0.02004,4845052.0
1757415600000,0.02005,0.02013,0.02005,0.02005,3143306.0
1757419200000,0.02005,0.02016,0.01991,0.01997,4236790.0
1757422800000,0.01997,0.02008,0.01995,0.02005,6035372.0
1757426400000,0.02005,0.02009,0.01975,0.01985,11509481.0
1757430000000,0.01986,0.01988,0.01968,0.01975,4884037.0
1757433600000,0.01974,0.01979,0.01968,0.01979,4019639.0
1757437200000,0.01979,0.01994,0.01978,0.01984,9927029.0
1757440800000,0.01985,0.01996,0.01984,0.01989,5570979.0
1757444400000,0.01989,0.01993,0.01987,0.01988,1416858.0
1757448000000,0.01988,0.01997,0.01978,0.01994,7777138.0
1757451600000,0.01994,0.02,0.01988,0.0199,2025801.0
1757455200000,0.01989,0.01994,0.01987,0.01994,1638815.0
1757458800000,0.01994,0.01998,0.01986,0.01992,1755147.0
1757462400000,0.01993,0.02004,0.01984,0.01988,14427652.0
1757466000000,0.01988,0.02008,0.01988,0.02001,6499828.0
1757469600000,0.02,0.02016,0.02,0.02014,2392773.0
1757473200000,0.02015,0.02018,0.0201,0.02017,3470690.0
1757476800000,0.02017,0.02021,0.0201,0.02015,4674219.0
1757480400000,0.02014,0.02019,0.02009,0.02018,2308054.0
1757484000000,0.02017,0.02019,0.02009,0.02014,3635771.0
1757487600000,0.02014,0.02017,0.02004,0.02011,8237418.0
1757491200000,0.02011,0.02014,0.02005,0.02008,1926403.0
1757494800000,0.02008,0.02013,0.02006,0.02012,4568281.0
1757498400000,0.02011,0.02014,0.02007,0.02009,2043135.0
1757502000000,0.02009,0.02014,0.02003,0.02011,2826605.0
1757505600000,0.0201,0.02031,0.0201,0.02025,7143693.0
1757509200000,0.02026,0.02038,0.02024,0.02032,5343671.0
1757512800000,0.02032,0.02041,0.02022,0.02024,6006818.0
1757516400000,0.02025,0.02031,0.02022,0.02024,2695698.0
1757520000000,0.02024,0.02026,0.02009,0.02023,4215908.0
1757523600000,0.02023,0.02024,0.02011,0.02017,1924653.0
1757527200000,0.02016,0.0202,0.02011,0.02017,1525996.0
1757530800000,0.02017,0.02019,0.01999,0.02006,3687871.0
1757534400000,0.02006,0.02015,0.02005,0.02012,1165626.0
1757538000000,0.02012,0.02022,0.02011,0.02018,2201640.0
1757541600000,0.02019,0.02022,0.02016,0.02018,2644656.0
1757545200000,0.02019,0.02023,0.02018,0.02021,1291654.0
1757548800000,0.0202,0.02027,0.02018,0.02025,1766079.0
1757552400000,0.02026,0.02029,0.02024,0.02027,760508.0
1757556000000,0.02026,0.02028,0.02022,0.02023,1876071.0
1757559600000,0.02023,0.02034,0.02022,0.02032,2310226.0
1757563200000,0.02031,0.02033,0.02026,0.02029,1449033.0
1757566800000,0.02029,0.02031,0.02021,0.0203,3100307.0
1757570400000,0.0203,0.02037,0.02025,0.02035,2653489.0
1757574000000,0.02035,0.02047,0.02034,0.02045,2268583.0
1757577600000,0.02045,0.02052,0.02044,0.02046,4218783.0
1757581200000,0.02045,0.02045,0.02036,0.02038,2500381.0
1757584800000,0.02038,0.02041,0.02037,0.02039,1426961.0
1757588400000,0.02039,0.0204,0.0203,0.02031,2601114.0
1757592000000,0.0203,0.0204,0.01999,0.02028,21539534.0
1757595600000,0.02028,0.02031,0.02013,0.02027,11730656.0
1757599200000,0.02029,0.02029,0.02007,0.02015,5950611.0
1757602800000,0.02015,0.02019,0.02006,0.02007,2742445.0
1757606400000,0.02008,0.02017,0.02008,0.0201,2102886.0
1757610000000,0.02011,0.02019,0.02009,0.02016,1176983.0
1757613600000,0.02017,0.02018,0.0201,0.02013,1885097.0
1757617200000,0.02013,0.0202,0.02011,0.02018,1195431.0
1757620800000,0.02017,0.02019,0.02012,0.02016,2215274.0
1757624400000,0.02017,0.02027,0.02015,0.02025,2161293.0
1757628000000,0.02025,0.02033,0.02023,0.0203,2325099.0
1757631600000,0.0203,0.02037,0.02029,0.02036,1725220.0
1757635200000,0.02037,0.02049,0.02032,0.02042,5439496.0
1757638800000,0.02043,0.02045,0.02033,0.02035,3402288.0
1757642400000,0.02035,0.02038,0.0203,0.02033,1473561.0
1757646000000,0.02033,0.02035,0.02024,0.02029,1484488.0
1757649600000,0.0203,0.02042,0.02028,0.02042,2993232.0
1757653200000,0.02041,0.02048,0.02037,0.02047,3078243.0
1757656800000,0.02047,0.02048,0.02038,0.02039,1453662.0
1757660400000,0.02039,0.02042,0.02028,0.02034,3737239.0
1757664000000,0.02033,0.02034,0.02024,0.02029,3176522.0
1757667600000,0.0203,0.0203,0.02015,0.02025,3656023.0
1757671200000,0.02025,0.02028,0.02018,0.02027,3565804.0
1757674800000,0.02026,0.02034,0.02022,0.02023,3089137.0
1757678400000,0.02022,0.02029,0.02011,0.02027,4760185.0
1757682000000,0.02028,0.02029,0.02021,0.02028,2291050.0
1757685600000,0.02028,0.02037,0.02022,0.0203,2636567.0
1757689200000,0.0203,0.02032,0.02021,0.02029,1967974.0
1757692800000,0.02029,0.0204,0.02025,0.0204,1992219.0
1757696400000,0.02039,0.02057,0.02036,0.02052,5848071.0
1757700000000,0.02052,0.02054,0.02049,0.02053,4086546.0
1757703600000,0.02053,0.02058,0.02048,0.02052,4879423.0
1757707200000,0.02052,0.02057,0.02044,0.02054,4728775.0
1757710800000,0.02054,0.02054,0.02043,0.02047,3651577.0
1757714400000,0.02046,0.02059,0.02044,0.02054,4815362.0
1757718000000,0.02054,0.02057,0.0205,0.02055,2104768.0
1757721600000,0.02056,0.02057,0.02047,0.02055,3385549.0
1757725200000,0.02056,0.0206,0.02045,0.02047,3756825.0
1757728800000,0.02047,0.02056,0.02046,0.02056,2419519.0
1757732400000,0.02055,0.02073,0.02048,0.02073,10628728.0
1757736000000,0.02073,0.02077,0.02067,0.02067,3994345.0
1757739600000,0.02067,0.02076,0.02065,0.02073,3892909.0
1757743200000,0.02074,0.02086,0.02073,0.02078,8159009.0
1757746800000,0.02079,0.02086,0.02077,0.02084,2486549.0
1757750400000,0.02084,0.02092,0.02081,0.0209,3042275.0
1757754000000,0.0209,0.02099,0.02087,0.02094,6432620.0
1757757600000,0.02093,0.02098,0.02085,0.02093,3692011.0
1757761200000,0.02093,0.02093,0.02078,0.0209,5837173.0
1757764800000,0.0209,0.02095,0.02085,0.02093,3304214.0
1757768400000,0.02094,0.02099,0.0206,0.02083,12183426.0
1757772000000,0.02083,0.02095,0.02068,0.02086,8799116.0
1757775600000,0.02085,0.02094,0.02074,0.0208,3941220.0
1757779200000,0.0208,0.02086,0.02059,0.02065,6213065.0
1757782800000,0.02066,0.02072,0.02052,0.0207,5446454.0
1757786400000,0.02071,0.02075,0.02066,0.02073,1924025.0
1757790000000,0.02074,0.02079,0.02064,0.02075,3771979.0
1757793600000,0.02075,0.02086,0.02073,0.02084,3121949.0
1757797200000,0.02084,0.02093,0.02083,0.02086,1850820.0
1757800800000,0.02086,0.02088,0.02078,0.02087,3719382.0
1757804400000,0.02086,0.02089,0.02083,0.02087,1647350.0
1757808000000,0.02088,0.02122,0.02085,0.02092,22370834.0
1757811600000,0.02091,0.02102,0.02076,0.02095,9413058.0
1757815200000,0.02096,0.02104,0.02087,0.0209,3286212.0
1757818800000,0.02091,0.02091,0.02069,0.02069,3429153.0
1757822400000,0.02069,0.02078,0.02054,0.02075,4675057.0
1757826000000,0.02075,0.02095,0.0207,0.02093,3816863.0
1757829600000,0.02094,0.02098,0.02083,0.02087,4922771.0
1757833200000,0.02087,0.02088,0.02075,0.0208,2251213.0
1757836800000,0.02079,0.02081,0.02069,0.02075,3374411.0
1757840400000,0.02075,0.02106,0.02066,0.02099,17026026.0
1757844000000,0.02099,0.02113,0.02087,0.02094,9811841.0
1757847600000,0.02095,0.02096,0.02065,0.02067,7437751.0
1757851200000,0.02067,0.02072,0.02053,0.0206,5160117.0
1757854800000,0.02059,0.02075,0.02053,0.02058,6986658.0
1757858400000,0.02059,0.02089,0.02054,0.02074,13484576.0
1757862000000,0.02074,0.02075,0.02049,0.02063,11949146.0
1757865600000,0.02064,0.02076,0.02061,0.02072,2412779.0
1757869200000,0.02073,0.0209,0.02071,0.0208,3685284.0
1757872800000,0.0208,0.02081,0.02052,0.02055,7445028.0
1757876400000,0.02056,0.02061,0.02053,0.02056,1722451.0
1757880000000,0.02056,0.02062,0.02047,0.0205,5086642.0
1757883600000,0.02051,0.02063,0.02046,0.02059,3132136.0
1757887200000,0.0206,0.0207,0.02047,0.02059,3707842.0
1757890800000,0.0206,0.02061,0.02034,0.02042,4869825.0
1757894400000,0.02043,0.02051,0.02036,0.02037,4021067.0
1757898000000,0.02036,0.02043,0.02022,0.02038,5450729.0
1757901600000,0.02038,0.02046,0.02033,0.02037,2462947.0
1757905200000,0.02037,0.02049,0.02036,0.02046,3890286.0
1757908800000,0.02046,0.02055,0.02042,0.02047,2506193.0
1757912400000,0.02047,0.02056,0.02044,0.02053,3269071.0
1757916000000,0.02053,0.02054,0.02014,0.02025,6032812.0
1757919600000,0.02024,0.02038,0.02,0.02008,10728888.0
1757923200000,0.02008,0.02008,0.01973,0.01979,19318139.0
1757926800000,0.01979,0.01995,0.01975,0.0199,5410479.0
1757930400000,0.0199,0.0199,0.01978,0.01986,2791977.0
1757934000000,0.01987,0.01992,0.01981,0.0199,2087118.0
1757937600000,0.0199,0.01996,0.0198,0.01982,2841479.0
1757941200000,0.01982,0.01999,0.01979,0.01991,3668510.0
1757944800000,0.01991,0.01996,0.0198,0.01983,4906473.0
1757948400000,0.01983,0.01989,0.01971,0.01979,4258634.0
1757952000000,0.01979,0.01982,0.01967,0.0197,2944419.0
1757955600000,0.01971,0.01983,0.01967,0.01982,2104592.0
1757959200000,0.01982,0.01987,0.01978,0.01984,2486256.0
1757962800000,0.01985,0.02,0.01979,0.0199,3205146.0
1757966400000,0.01991,0.01997,0.01988,0.01993,3076187.0
1757970000000,0.01994,0.02002,0.01992,0.02002,702945.0
1757973600000,0.02001,0.02003,0.01991,0.01995,795780.0
1757977200000,0.01995,0.02,0.01991,0.01996,1047836.0
1757980800000,0.01996,0.01996,0.01983,0.01986,3032135.0
1757984400000,0.01986,0.01991,0.01977,0.01978,1966515.0
1757988000000,0.01977,0.01984,0.01974,0.01974,1360102.0
1757991600000,0.01975,0.01981,0.0197,0.01972,2709764.0
1757995200000,0.01973,0.01975,0.01956,0.01973,5141247.0
1757998800000,0.01974,0.01986,0.01971,0.01983,2333695.0
1758002400000,0.01983,0.02,0.01978,0.01985,6188873.0
1758006000000,0.01985,0.02001,0.01985,0.01994,3731621.0
1758009600000,0.01994,0.02004,0.01994,0.02,1931628.0
1758013200000,0.01999,0.02008,0.01993,0.01996,3662620.0
1758016800000,0.01996,0.01997,0.01983,0.01985,3335061.0
1758020400000,0.01984,0.0199,0.01981,0.01986,2678187.0
1758024000000,0.01986,0.01993,0.01985,0.01989,1604054.0
1758027600000,0.01989,0.02002,0.0198,0.01993,5152681.0
1758031200000,0.01993,0.01995,0.01976,0.01993,3599234.0
1758034800000,0.01993,0.02007,0.01986,0.02007,3610866.0
1758038400000,0.02007,0.02008,0.01997,0.02,3213639.0
1758042000000,0.02001,0.02019,0.02001,0.02012,6576101.0
1758045600000,0.02012,0.02018,0.02008,0.02013,2728479.0
1758049200000,0.02013,0.02018,0.02009,0.02017,2083397.0
1758052800000,0.02017,0.02021,0.02014,0.02018,1634110.0
1758056400000,0.02018,0.02022,0.02016,0.02019,2087152.0
1758060000000,0.02019,0.02024,0.02017,0.02021,1167323.0
1758063600000,0.02021,0.02021,0.02012,0.02014,1394706.0
1758067200000,0.02015,0.02016,0.02005,0.02014,2636915.0
1758070800000,0.02014,0.02019,0.0201,0.02012,1271500.0
1758074400000,0.02012,0.02023,0.02008,0.02015,2529209.0
1758078000000,0.02015,0.02018,0.01997,0.01998,3158461.0
1758081600000,0.01999,0.02005,0.01987,0.01992,3641936.0
1758085200000,0.01992,0.02009,0.01991,0.02007,3129092.0
1758088800000,0.02008,0.02018,0.02004,0.02017,2764787.0
1758092400000,0.02017,0.02017,0.02007,0.02008,1542315.0
1758096000000,0.02009,0.02009,0.01995,0.01997,2698455.0
1758099600000,0.01997,0.01998,0.01983,0.01985,2334614.0
1758103200000,0.01985,0.01989,0.01978,0.01982,1883268.0
1758106800000,0.01982,0.01989,0.01981,0.01986,1661469.0
1758110400000,0.01986,0.01992,0.01981,0.01987,2456702.0
1758114000000,0.01988,0.01994,0.01978,0.01987,5319179.0
1758117600000,0.01987,0.0199,0.01974,0.01979,4629403.0
1758121200000,0.0198,0.01986,0.01974,0.01979,2977162.0
1758124800000,0.01979,0.01988,0.01971,0.01984,3557502.0
1758128400000,0.01985,0.02002,0.01978,0.01983,4784441.0
1758132000000,0.01982,0.02009,0.01977,0.01989,17092525.0
1758135600000,0.0199,0.02021,0.0199,0.02016,4463525.0
1758139200000,0.02017,0.02025,0.02004,0.02006,3289987.0
1758142800000,0.02007,0.02025,0.01997,0.02023,2202801.0
1758146400000,0.02022,0.02048,0.02022,0.02046,7167618.0
1758150000000,0.02046,0.0205,0.02028,0.02037,9924603.0
1758153600000,0.02038,0.02039,0.02028,0.02032,7566020.0
1758157200000,0.02032,0.02043,0.02029,0.02036,3297917.0
1758160800000,0.02036,0.02041,0.02031,0.02039,1930082.0
1758164400000,0.02039,0.02064,0.02034,0.02064,14195721.0
1758168000000,0.02062,0.02062,0.02043,0.0205,5978684.0
1758171600000,0.02051,0.02051,0.02038,0.02041,1940135.0
1758175200000,0.02042,0.02042,0.02027,0.02033,3977349.0
1758178800000,0.02034,0.02042,0.02032,0.02037,1572282.0
1758182400000,0.02038,0.02055,0.02035,0.02053,3829480.0
1758186000000,0.02053,0.02053,0.02045,0.02047,2005101.0
1758189600000,0.02048,0.02051,0.02034,0.02039,4179240.0
1758193200000,0.02039,0.02042,0.02035,0.02038,3696687.0
1758196800000,0.02038,0.02044,0.02033,0.0204,4385094.0
1758200400000,0.0204,0.0205,0.02033,0.02045,5274508.0
1758204000000,0.02045,0.02054,0.02043,0.02047,3038356.0
1758207600000,0.02047,0.0205,0.02042,0.02046,5312813.0
1758211200000,0.02047,0.02054,0.02047,0.02053,2727638.0
1758214800000,0.02053,0.02066,0.0205,0.02054,6507699.0
1758218400000,0.02055,0.02059,0.02049,0.02056,4919315.0
1758222000000,0.02057,0.02058,0.02039,0.02046,2246320.0
1758225600000,0.02046,0.02048,0.0204,0.02042,2302313.0
1758229200000,0.02042,0.02046,0.02038,0.02043,1197417.0
1758232800000,0.02043,0.02051,0.02038,0.0204,2946675.0
1758236400000,0.0204,0.02044,0.02035,0.02044,1977962.0
1758240000000,0.02043,0.02047,0.02038,0.02044,4242926.0
1758243600000,0.02045,0.02055,0.02038,0.02042,4430413.0
1758247200000,0.02042,0.02052,0.02042,0.02044,10196082.0
1758250800000,0.02045,0.0205,0.02024,0.02029,10416946.0
1758254400000,0.02028,0.02043,0.02024,0.02042,16752812.0
1758258000000,0.02042,0.02042,0.02028,0.02032,2703238.0
1758261600000,0.02033,0.02033,0.02018,0.02018,5479213.0
1758265200000,0.02018,0.02027,0.02017,0.02022,2015035.0
1758268800000,0.02022,0.02027,0.02018,0.02019,2242489.0
1758272400000,0.02019,0.02032,0.02004,0.02007,5183841.0
1758276000000,0.02007,0.0201,0.01968,0.01987,35674582.0
1758279600000,0.01986,0.01987,0.01968,0.01975,8466758.0
1758283200000,0.01975,0.01987,0.01974,0.01979,4936673.0
1758286800000,0.01979,0.01992,0.01978,0.01986,3728186.0
1758290400000,0.01986,0.0199,0.01969,0.01975,5733122.0
1758294000000,0.01974,0.01978,0.01958,0.01975,13350911.0
1758297600000,0.01974,0.01982,0.01971,0.0198,3346775.0
1758301200000,0.0198,0.01981,0.01968,0.0197,3197082.0
1758304800000,0.0197,0.01974,0.01962,0.01968,2743153.0
1758308400000,0.01969,0.01974,0.01966,0.01966,1481032.0
1758312000000,0.01965,0.01974,0.01965,0.01968,1563370.0
1758315600000,0.01969,0.01977,0.01965,0.01973,1313544.0
1758319200000,0.01974,0.01979,0.01971,0.01971,974288.0
1758322800000,0.01971,0.01971,0.01947,0.01961,5009595.0
1758326400000,0.01962,0.01971,0.01958,0.0197,4360367.0
1758330000000,0.01971,0.01972,0.01961,0.01965,3438642.0
1758333600000,0.01964,0.01965,0.01947,0.0196,6524567.0
1758337200000,0.01961,0.01965,0.01953,0.01962,3852551.0
1758340800000,0.01962,0.01969,0.0196,0.01964,2183894.0
1758344400000,0.01964,0.0197,0.01963,0.01967,1430932.0
1758348000000,0.01967,0.01969,0.0196,0.01967,1573682.0
1758351600000,0.01967,0.01976,0.01967,0.01975,2592882.0
1758355200000,0.01976,0.01978,0.01963,0.01964,2047955.0
1758358800000,0.01964,0.01969,0.01955,0.01961,2710532.0
1758362400000,0.01962,0.01967,0.01956,0.01957,2124569.0
1758366000000,0.01958,0.01961,0.0195,0.01959,2279593.0
1758369600000,0.01959,0.01964,0.01954,0.01962,2881148.0
1758373200000,0.01963,0.01971,0.01958,0.01967,2468972.0
1758376800000,0.01966,0.01981,0.01958,0.01979,3997696.0
1758380400000,0.0198,0.01989,0.01979,0.01981,2882581.0
1758384000000,0.0198,0.01983,0.01975,0.01981,1872740.0
1758387600000,0.01981,0.01981,0.01971,0.01972,2640812.0
1758391200000,0.01972,0.01973,0.01966,0.01968,1113592.0
1758394800000,0.01967,0.01972,0.01961,0.01964,1545468.0
1758398400000,0.01964,0.01972,0.01962,0.01971,1361398.0
1758402000000,0.0197,0.01977,0.01967,0.01973,1259462.0
1758405600000,0.01973,0.01975,0.01969,0.01971,538847.0
1758409200000,0.01971,0.01972,0.01965,0.01971,1746654.0
1758412800000,0.01971,0.01977,0.01965,0.01974,2778580.0
1758416400000,0.01974,0.01975,0.01964,0.01967,2103205.0
1758420000000,0.01967,0.01969,0.01959,0.01969,985012.0
1758423600000,0.01968,0.01969,0.01964,0.01967,996491.0
1758427200000,0.01966,0.01967,0.01961,0.01964,675387.0
1758430800000,0.01964,0.01969,0.0196,0.01969,1677011.0
1758434400000,0.01969,0.01977,0.01968,0.01973,1521889.0
1758438000000,0.01973,0.01977,0.01966,0.01967,1996379.0
1758441600000,0.01967,0.01971,0.01955,0.0196,2322266.0
1758445200000,0.01961,0.01961,0.01936,0.01954,8328233.0
1758448800000,0.01953,0.01955,0.01939,0.01939,2569622.0
1758452400000,0.01939,0.01952,0.01938,0.01945,4207944.0
1758456000000,0.01945,0.01952,0.01944,0.01946,2630012.0
1758459600000,0.01947,0.01952,0.01942,0.01945,3640183.0
1758463200000,0.01946,0.01948,0.01937,0.01938,2889427.0
1758466800000,0.01937,0.01946,0.01937,0.01941,1918365.0
1758470400000,0.01942,0.01945,0.01931,0.01936,4618472.0
1758474000000,0.01936,0.01937,0.01921,0.01928,6698580.0
1758477600000,0.01928,0.01931,0.01923,0.01928,3403797.0
1758481200000,0.01929,0.01932,0.01923,0.01931,1748371.0
1758484800000,0.01932,0.01933,0.01926,0.01927,839134.0
1758488400000,0.01927,0.01938,0.01926,0.01935,1279462.0
1758492000000,0.01936,0.01942,0.01928,0.01941,2340244.0
1758495600000,0.01941,0.01941,0.0193,0.01935,2542887.0
1758499200000,0.01934,0.01942,0.01895,0.01903,25837235.0
1758502800000,0.01903,0.01911,0.01896,0.01899,7650927.0
1758506400000,0.01899,0.01901,0.01875,0.01879,17371557.0
1758510000000,0.01879,0.0189,0.01877,0.0189,5046703.0
1758513600000,0.01889,0.01891,0.0188,0.01882,3443351.0
1758517200000,0.01882,0.01887,0.0185,0.0185,8081244.0
1758520800000,0.0185,0.01851,0.01725,0.01823,52421416.0
1758524400000,0.01823,0.01826,0.0181,0.01811,8498903.0
1758528000000,0.01811,0.0182,0.01805,0.01815,9906694.0
1758531600000,0.01815,0.01816,0.01793,0.01795,10142658.0
1758535200000,0.01795,0.01812,0.01792,0.01811,5928320.0
1758538800000,0.01811,0.01814,0.01801,0.01807,4996130.0
1758542400000,0.01807,0.01813,0.01801,0.01808,6402337.0
1758546000000,0.01808,0.01815,0.01802,0.01815,4009810.0
1758549600000,0.01815,0.0182,0.01802,0.01805,4670412.0
1758553200000,0.01805,0.01808,0.01792,0.01799,6043246.0
1758556800000,0.01799,0.01805,0.01784,0.01787,8298686.0
1758560400000,0.01787,0.01797,0.01784,0.01793,3929426.0
1758564000000,0.01794,0.01798,0.01787,0.01787,2307043.0
1758567600000,0.01787,0.0179,0.01772,0.01777,6992871.0
1758571200000,0.01778,0.01801,0.01774,0.01798,4911421.0
1758574800000,0.01798,0.01807,0.01794,0.01806,2920242.0
1758578400000,0.01805,0.01805,0.01795,0.01796,1135672.0
1758582000000,0.01796,0.01806,0.01794,0.01805,2258031.0
1758585600000,0.01805,0.01819,0.01802,0.01805,7894222.0
1758589200000,0.01805,0.01811,0.01794,0.018,10061546.0
1758592800000,0.018,0.01804,0.01783,0.01783,7821288.0
1758596400000,0.01783,0.01801,0.01776,0.01796,6016321.0
1758600000000,0.01796,0.018,0.01783,0.01788,3256875.0
1758603600000,0.01788,0.018,0.01784,0.01793,2081188.0
1758607200000,0.01793,0.01807,0.01791,0.01805,4172903.0
1758610800000,0.01805,0.01805,0.01796,0.01796,2392329.0
1758614400000,0.01796,0.01807,0.01795,0.01804,2916140.0
1758618000000,0.01804,0.01809,0.01794,0.01796,2569345.0
1758621600000,0.01796,0.01808,0.01795,0.01807,2169515.0
1758625200000,0.01807,0.0181,0.01795,0.01808,7184031.0
1758628800000,0.01808,0.01811,0.018,0.01804,3448994.0
1758632400000,0.01804,0.01805,0.01793,0.01798,4597699.0
1758636000000,0.01799,0.01809,0.01785,0.01786,5423564.0
1758639600000,0.01786,0.01801,0.01781,0.01798,4055411.0
1758643200000,0.01798,0.01824,0.01792,0.01811,15427187.0
1758646800000,0.01811,0.01826,0.01802,0.01804,43706979.0
1758650400000,0.01804,0.01815,0.01791,0.01794,18244913.0
1758654000000,0.01793,0.01805,0.01785,0.01787,5606851.0
1758657600000,0.01787,0.01795,0.01782,0.01795,3478634.0
1758661200000,0.01795,0.01803,0.0179,0.01801,2606585.0
1758664800000,0.01802,0.01802,0.01789,0.01793,3353108.0
1758668400000,0.01793,0.01797,0.01785,0.01789,2207214.0
1758672000000,0.01789,0.01801,0.01787,0.01795,4672046.0
1758675600000,0.01794,0.01811,0.01791,0.0181,3900091.0
1758679200000,0.01809,0.01811,0.01797,0.01805,5512595.0
1758682800000,0.01805,0.01806,0.0177,0.01779,13520687.0
1758686400000,0.01779,0.01798,0.01754,0.01792,18186699.0
1758690000000,0.0179,0.0181,0.01789,0.0181,4471329.0
1758693600000,0.0181,0.01816,0.01803,0.01813,5576636.0
1758697200000,0.01812,0.01814,0.01805,0.01811,2418536.0
1758700800000,0.01812,0.01816,0.01808,0.01813,1628289.0
1758704400000,0.01813,0.01825,0.01812,0.01822,3382044.0
1758708000000,0.01823,0.01824,0.01811,0.01819,6704368.0
1758711600000,0.01819,0.01825,0.01817,0.01823,3662983.0
1758715200000,0.01822,0.01829,0.0182,0.01825,3018303.0
1758718800000,0.01826,0.01829,0.01817,0.01817,3266246.0
1758722400000,0.01817,0.01838,0.01817,0.01833,3187958.0
1758726000000,0.01833,0.01834,0.01818,0.01819,3682318.0
1758729600000,0.0182,0.01825,0.01815,0.01821,6819762.0
1758733200000,0.01821,0.01834,0.0182,0.0183,3161561.0
1758736800000,0.01831,0.01831,0.01819,0.01822,1945312.0
1758740400000,0.01821,0.01824,0.01817,0.01821,2436936.0
1758744000000,0.01821,0.01824,0.01807,0.01815,4457338.0
1758747600000,0.01815,0.01816,0.018,0.01803,2203641.0
1758751200000,0.01803,0.01813,0.01802,0.01805,3402059.0
1758754800000,0.01805,0.01808,0.01799,0.01802,3059547.0
1758758400000,0.01803,0.01805,0.01791,0.01795,3814865.0
1758762000000,0.01795,0.01796,0.0178,0.01784,8985023.0
1758765600000,0.01783,0.018,0.01774,0.01792,8420021.0
1758769200000,0.01792,0.01792,0.01766,0.01777,5544823.0
1758772800000,0.01777,0.0178,0.01744,0.01755,10536828.0
1758776400000,0.01755,0.01768,0.0175,0.01763,4218410.0
1758780000000,0.01762,0.01764,0.01747,0.01748,4755932.0
1758783600000,0.01748,0.01762,0.01747,0.01755,7439899.0
1758787200000,0.01755,0.01764,0.0175,0.01756,4187039.0
1758790800000,0.01756,0.01768,0.01754,0.01755,4663179.0
1758794400000,0.01755,0.01765,0.01752,0.01755,2710239.0
1758798000000,0.01753,0.01757,0.01744,0.01749,5270635.0
1758801600000,0.01749,0.01755,0.01722,0.01747,15233525.0
1758805200000,0.01746,0.01759,0.01733,0.01751,11135795.0
1758808800000,0.01752,0.01771,0.01752,0.01761,5737405.0
1758812400000,0.01762,0.01762,0.01752,0.01758,5262567.0
1758816000000,0.01759,0.0176,0.01733,0.01735,5308024.0
1758819600000,0.01735,0.01737,0.01693,0.01701,28555099.0
1758823200000,0.01702,0.01744,0.01695,0.01744,25957077.0
1758826800000,0.01744,0.01749,0.0173,0.01731,3617714.0
1758830400000,0.01732,0.01735,0.01712,0.01717,5908817.0
1758834000000,0.01718,0.01732,0.01709,0.01728,6493400.0
1758837600000,0.01729,0.01734,0.01718,0.01723,2916685.0
1758841200000,0.01723,0.01732,0.0171,0.01717,5572111.0
1758844800000,0.01718,0.01736,0.01714,0.01734,5907414.0
1758848400000,0.01735,0.0174,0.01729,0.01733,4018423.0
1758852000000,0.01733,0.01738,0.01727,0.01729,2470279.0
1758855600000,0.0173,0.01734,0.01724,0.01734,2239572.0
1758859200000,0.01734,0.01736,0.01727,0.01729,4091791.0
1758862800000,0.01729,0.01744,0.01728,0.01732,2853586.0
1758866400000,0.01732,0.01741,0.01726,0.01729,4014431.0
1758870000000,0.0173,0.01739,0.01724,0.01732,3649499.0
1758873600000,0.01732,0.0174,0.01732,0.01733,1989007.0
1758877200000,0.01733,0.01737,0.01723,0.01727,3296502.0
1758880800000,0.01727,0.01729,0.01711,0.01716,5133679.0
1758884400000,0.01716,0.01723,0.01704,0.01718,7218207.0
1758888000000,0.01718,0.01738,0.01706,0.01728,10498982.0
1758891600000,0.01728,0.01738,0.01718,0.01735,9561188.0
1758895200000,0.01734,0.01735,0.01715,0.01721,5633060.0
1758898800000,0.01722,0.0173,0.0172,0.01727,5093009.0
1758902400000,0.01728,0.01742,0.01726,0.01741,4142384.0
1758906000000,0.0174,0.01753,0.01738,0.01751,5039336.0
1758909600000,0.0175,0.01757,0.01748,0.01752,3728132.0
1758913200000,0.01752,0.01752,0.01741,0.01746,2516220.0
1758916800000,0.01745,0.01749,0.01742,0.01744,1209876.0
1758920400000,0.01743,0.01751,0.01742,0.01751,1812920.0
1758924000000,0.01751,0.01755,0.01749,0.01749,2245174.0
1758927600000,0.01749,0.01752,0.01744,0.01751,3868145.0
1758931200000,0.0175,0.01751,0.01746,0.0175,1978938.0
1758934800000,0.01751,0.01751,0.01742,0.01746,1091600.0
1758938400000,0.01747,0.01749,0.01743,0.01744,1309206.0
1758942000000,0.01743,0.01752,0.01743,0.01749,845037.0
1758945600000,0.0175,0.01753,0.01749,0.01751,1028993.0
1758949200000,0.01751,0.01754,0.01747,0.01753,1090372.0
1758952800000,0.01753,0.01753,0.01747,0.0175,958212.0
1758956400000,0.01751,0.01753,0.01743,0.01746,1752683.0
1758960000000,0.01747,0.01747,0.01738,0.01738,2619179.0
1758963600000,0.01738,0.01742,0.01733,0.0174,2122936.0
1758967200000,0.0174,0.01751,0.01738,0.01747,3141353.0
1758970800000,0.01748,0.01749,0.01745,0.01746,986235.0
1758974400000,0.01746,0.01757,0.01743,0.01757,2835145.0
1758978000000,0.01756,0.01759,0.01752,0.01757,2647491.0
1758981600000,0.01756,0.01758,0.01751,0.01753,1298510.0
1758985200000,0.01753,0.01755,0.01746,0.01754,3043257.0
1758988800000,0.01754,0.01755,0.01745,0.01746,2642965.0
1758992400000,0.01747,0.01747,0.01735,0.0174,2383105.0
1758996000000,0.01739,0.01748,0.01739,0.01744,3563466.0
1758999600000,0.01745,0.01749,0.01742,0.01749,1512424.0
1759003200000,0.01749,0.0175,0.01743,0.01745,1146000.0
1759006800000,0.01746,0.01749,0.01745,0.01749,590383.0
1759010400000,0.01748,0.01756,0.01748,0.01749,2150125.0
1759014000000,0.0175,0.01751,0.01741,0.01743,1134472.0
1759017600000,0.01743,0.01745,0.01734,0.01739,4510664.0
1759021200000,0.01738,0.01739,0.01725,0.01727,3461529.0
1759024800000,0.01727,0.01733,0.01726,0.01729,2218955.0
1759028400000,0.0173,0.01732,0.01726,0.01729,1049769.0
1759032000000,0.01729,0.01733,0.01725,0.01731,2186082.0
1759035600000,0.01731,0.01736,0.01727,0.01732,1331106.0
1759039200000,0.01732,0.01734,0.01722,0.01727,2031379.0
1759042800000,0.01727,0.01731,0.01722,0.01729,1449184.0
1759046400000,0.01728,0.0173,0.01724,0.01724,2001349.0
1759050000000,0.01724,0.01729,0.01719,0.01723,2308340.0
1759053600000,0.01722,0.01727,0.01718,0.01727,1684647.0
1759057200000,0.01726,0.01728,0.01719,0.01724,1969858.0
1759060800000,0.01723,0.01723,0.0171,0.01716,5649667.0
1759064400000,0.01716,0.01735,0.01715,0.01732,3812446.0
1759068000000,0.01733,0.01737,0.0173,0.01731,2202240.0
1759071600000,0.01732,0.01738,0.01728,0.01735,4505641.0
1759075200000,0.01736,0.01746,0.01736,0.01741,2739951.0
1759078800000,0.01741,0.01747,0.01737,0.01743,2599121.0
1759082400000,0.01743,0.01748,0.01742,0.01746,2098157.0
1759086000000,0.01747,0.01749,0.01743,0.01749,1475013.0
1759089600000,0.01749,0.0176,0.01748,0.01758,2864704.0
1759093200000,0.01759,0.01771,0.01754,0.01758,11837842.0
1759096800000,0.01759,0.01782,0.01758,0.0178,6949553.0
1759100400000,0.0178,0.01785,0.01779,0.01784,3690106.0
1759104000000,0.01785,0.01831,0.01781,0.01784,54672982.0
1759107600000,0.01785,0.01787,0.01773,0.01773,7340100.0
1759111200000,0.01773,0.01779,0.01767,0.01776,6040094.0
1759114800000,0.01775,0.01776,0.01769,0.01774,2643316.0
1759118400000,0.01775,0.01776,0.01769,0.01771,2753743.0
1759122000000,0.01771,0.01772,0.01762,0.01771,4514431.0
1759125600000,0.01771,0.01771,0.01762,0.01762,4162349.0
1759129200000,0.01761,0.01766,0.01755,0.01763,4588424.0
1759132800000,0.01764,0.01774,0.01762,0.01772,5696781.0
1759136400000,0.01772,0.01774,0.01764,0.01766,3987898.0
1759140000000,0.01767,0.01769,0.01754,0.01756,4632181.0
1759143600000,0.01756,0.01756,0.01739,0.01751,6405954.0
1759147200000,0.0175,0.01753,0.01734,0.01736,7826497.0
1759150800000,0.01736,0.01764,0.01728,0.01759,25866540.0
1759154400000,0.01759,0.01782,0.01758,0.01776,9395803.0
1759158000000,0.01777,0.01779,0.01759,0.0176,5795706.0
1759161600000,0.0176,0.01771,0.01747,0.01748,5154596.0
1759165200000,0.01749,0.01759,0.01743,0.01757,4863134.0
1759168800000,0.01757,0.01758,0.01748,0.01753,3542337.0
1759172400000,0.01754,0.01766,0.01751,0.01765,2975937.0
1759176000000,0.01764,0.01781,0.01763,0.01781,2942323.0
1759179600000,0.0178,0.01782,0.01776,0.01776,2358613.0
1759183200000,0.01776,0.01776,0.01766,0.01769,2237440.0
1759186800000,0.01769,0.0177,0.0176,0.0176,1973501.0
1759190400000,0.01761,0.01762,0.01743,0.01743,9238212.0
1759194000000,0.01743,0.01752,0.01733,0.01739,4317029.0
1759197600000,0.01739,0.01743,0.01737,0.01738,2124964.0
1759201200000,0.01739,0.01748,0.01735,0.01742,2560726.0
1759204800000,0.01742,0.01749,0.01741,0.01743,2611310.0
1759208400000,0.01744,0.01749,0.01738,0.01747,2224215.0
1759212000000,0.01747,0.01752,0.01743,0.01747,1612526.0
1759215600000,0.01747,0.01748,0.01736,0.01746,2838032.0
1759219200000,0.01746,0.01748,0.01737,0.01737,1606620.0
1759222800000,0.01737,0.01744,0.01731,0.01734,3640701.0
1759226400000,0.01734,0.01743,0.01731,0.0174,2403907.0
1759230000000,0.01741,0.01746,0.01731,0.01744,3019453.0
1759233600000,0.01744,0.01744,0.01733,0.01734,2941032.0
1759237200000,0.01734,0.01745,0.01728,0.01733,6625210.0
1759240800000,0.01733,0.01737,0.01725,0.01732,4463738.0
1759244400000,0.01732,0.01733,0.01711,0.01723,8941604.0
1759248000000,0.01723,0.01726,0.01714,0.0172,3317286.0
1759251600000,0.01721,0.01728,0.01719,0.01719,3088521.0
1759255200000,0.01719,0.01731,0.01716,0.01727,2654785.0
1759258800000,0.01727,0.01743,0.01724,0.01741,2628641.0
1759262400000,0.01742,0.01754,0.01738,0.01751,2974758.0
1759266000000,0.01752,0.01756,0.01744,0.01745,4314650.0
1759269600000,0.01746,0.01755,0.01742,0.01744,3318693.0
1759273200000,0.01744,0.0175,0.01739,0.01748,2216699.0
1759276800000,0.01749,0.01753,0.0174,0.01746,2545401.0
1759280400000,0.01746,0.0175,0.0174,0.0175,4110883.0
1759284000000,0.01749,0.01754,0.01746,0.01749,3218004.0
1759287600000,0.01749,0.01751,0.01734,0.01735,4913715.0
1759291200000,0.01736,0.01748,0.01734,0.01742,5965268.0
1759294800000,0.01743,0.0176,0.01743,0.0175,6375565.0
1759298400000,0.0175,0.01752,0.01742,0.01745,4340878.0
1759302000000,0.01744,0.01747,0.0174,0.01744,4448869.0
1759305600000,0.01744,0.01805,0.01743,0.01803,23709240.0
1759309200000,0.01803,0.0181,0.0179,0.01807,17171958.0
1759312800000,0.01807,0.01809,0.01792,0.01798,6324242.0
1759316400000,0.01799,0.01804,0.01797,0.01803,3280918.0
1759320000000,0.01803,0.01805,0.01791,0.01795,4972220.0
1759323600000,0.01795,0.01807,0.01793,0.01802,5147609.0
1759327200000,0.01801,0.01812,0.01798,0.01806,3608785.0
1759330800000,0.01807,0.01817,0.01804,0.01813,3054544.0
1759334400000,0.01814,0.01819,0.01805,0.01809,3795268.0
1759338000000,0.0181,0.01815,0.01808,0.01811,2583131.0
1759341600000,0.01812,0.01824,0.01812,0.01822,3556678.0
1759345200000,0.01823,0.0184,0.01822,0.01834,7230354.0
1759348800000,0.01835,0.01837,0.01822,0.01827,6516850.0
1759352400000,0.01827,0.01828,0.01821,0.01825,1841921.0
1759356000000,0.01826,0.0183,0.01824,0.01829,3225505.0
1759359600000,0.01828,0.01843,0.01826,0.01843,5029363.0
1759363200000,0.01843,0.01863,0.01836,0.01837,16620674.0
1759366800000,0.01838,0.01856,0.01836,0.01856,3610006.0
1759370400000,0.01856,0.01858,0.01849,0.01854,4714056.0
1759374000000,0.01855,0.01857,0.01847,0.01849,2676026.0
1759377600000,0.0185,0.01852,0.01844,0.01851,1931800.0
1759381200000,0.01852,0.01861,0.01851,0.01854,3281258.0
1759384800000,0.01854,0.01864,0.01853,0.01859,4155118.0
1759388400000,0.01858,0.01863,0.01846,0.01848,3482558.0
1759392000000,0.01849,0.01858,0.01849,0.01855,3352216.0
1759395600000,0.01855,0.01857,0.01851,0.01853,1421812.0
1759399200000,0.01853,0.01858,0.0185,0.01855,2187710.0
1759402800000,0.01855,0.01862,0.01853,0.01855,1697707.0
1759406400000,0.01856,0.01862,0.01849,0.01854,4309406.0
1759410000000,0.01854,0.01855,0.01837,0.01851,8188017.0
1759413600000,0.01852,0.01853,0.0182,0.01833,18350924.0
1759417200000,0.01832,0.01849,0.01823,0.01847,4283583.0
1759420800000,0.01847,0.0186,0.01844,0.01853,7910991.0
1759424400000,0.01853,0.01859,0.01848,0.01855,1976452.0
1759428000000,0.01855,0.0188,0.01854,0.01869,6704801.0
1759431600000,0.01869,0.01885,0.01864,0.01879,9807893.0
1759435200000,0.01879,0.01883,0.01863,0.01869,5696769.0
1759438800000,0.01869,0.01873,0.01865,0.01867,2185118.0
1759442400000,0.01869,0.01874,0.01863,0.01864,2277247.0
1759446000000,0.01864,0.0187,0.01862,0.01869,2529752.0
1759449600000,0.01869,0.01869,0.01845,0.01853,7389283.0
1759453200000,0.01854,0.01857,0.01843,0.01844,2026552.0
1759456800000,0.01844,0.01858,0.01843,0.01856,1595951.0
1759460400000,0.01856,0.01867,0.01851,0.01852,3066448.0
1759464000000,0.01852,0.01867,0.01852,0.01867,2331655.0
1759467600000,0.01868,0.0187,0.01858,0.01862,2455989.0
1759471200000,0.01862,0.01863,0.01851,0.01857,2280288.0
1759474800000,0.01857,0.01858,0.01849,0.01852,2195895.0
1759478400000,0.01851,0.01855,0.01836,0.01854,3665677.0
1759482000000,0.01855,0.01859,0.01846,0.01854,3304691.0
1759485600000,0.01855,0.01858,0.01847,0.01855,3274844.0
1759489200000,0.01855,0.01859,0.01848,0.01855,2986534.0
1759492800000,0.01855,0.01859,0.01851,0.01855,1739029.0
1759496400000,0.01855,0.01864,0.01845,0.01857,4690995.0
1759500000000,0.01857,0.01863,0.01841,0.0186,4018423.0
1759503600000,0.0186,0.01887,0.01855,0.01885,6429439.0
1759507200000,0.01885,0.01906,0.01885,0.01891,10146181.0
1759510800000,0.01891,0.01895,0.01863,0.01871,12699460.0
1759514400000,0.01872,0.01889,0.01866,0.01888,2729748.0
1759518000000,0.01888,0.01894,0.01883,0.01888,3208783.0
1759521600000,0.01888,0.0189,0.01877,0.01888,3215848.0
1759525200000,0.01888,0.01911,0.01882,0.01895,13766037.0
1759528800000,0.01896,0.01899,0.01878,0.01887,13212835.0
1759532400000,0.01888,0.01892,0.01878,0.01883,3152241.0
1759536000000,0.01884,0.01887,0.01873,0.01881,4351086.0
1759539600000,0.01881,0.01909,0.01866,0.01898,28383039.0
1759543200000,0.01898,0.01912,0.01878,0.01881,14487972.0
1759546800000,0.01882,0.01885,0.01876,0.01882,3056448.0
1759550400000,0.01883,0.01891,0.01877,0.01887,2104617.0
1759554000000,0.01887,0.01898,0.01883,0.01896,4140029.0
1759557600000,0.01897,0.01901,0.0189,0.01894,3974625.0
1759561200000,0.01895,0.01897,0.01875,0.01877,6242170.0
1759564800000,0.01877,0.01879,0.01864,0.01871,5735062.0
1759568400000,0.01872,0.01879,0.01865,0.01866,3122040.0
1759572000000,0.01866,0.01872,0.01852,0.01854,3499640.0
1759575600000,0.01854,0.0186,0.01848,0.01855,5480201.0
1759579200000,0.01855,0.01859,0.0185,0.0185,1473606.0
1759582800000,0.01851,0.01879,0.01849,0.01874,13586972.0
1759586400000,0.01874,0.01875,0.0185,0.01851,5878498.0
1759590000000,0.01851,0.01856,0.01832,0.01833,7263272.0
1759593600000,0.01834,0.01842,0.01824,0.01836,10853449.0
1759597200000,0.01837,0.01843,0.01832,0.01837,2964452.0
1759600800000,0.01837,0.0184,0.01829,0.01833,1803480.0
1759604400000,0.01834,0.01841,0.01832,0.01837,2351198.0
1759608000000,0.01837,0.01843,0.01836,0.0184,2116681.0
1759611600000,0.0184,0.01852,0.01838,0.01848,2493538.0
1759615200000,0.01848,0.0185,0.0184,0.01845,1537302.0
1759618800000,0.01846,0.01847,0.01841,0.01844,970425.0
1759622400000,0.01844,0.01852,0.01835,0.01835,2461729.0
1759626000000,0.01836,0.01844,0.01835,0.01843,1433223.0
1759629600000,0.01842,0.01876,0.01839,0.01875,6730002.0
1759633200000,0.01875,0.01879,0.01865,0.01871,7917270.0
1759636800000,0.0187,0.01898,0.01867,0.01892,18514559.0
1759640400000,0.01893,0.019,0.01883,0.01897,6790367.0
1759644000000,0.01896,0.01899,0.01885,0.01897,5475404.0
1759647600000,0.01896,0.0191,0.01894,0.01908,3843802.0
1759651200000,0.01908,0.01912,0.01892,0.01893,5437249.0
1759654800000,0.01893,0.01895,0.01868,0.01871,6566570.0
1759658400000,0.01872,0.01876,0.01864,0.01871,2770229.0
1759662000000,0.0187,0.01877,0.01865,0.01876,3460157.0
1759665600000,0.01876,0.01878,0.01868,0.01868,4345414.0
1759669200000,0.01869,0.01879,0.01865,0.01874,2733441.0
1759672800000,0.01874,0.01881,0.01862,0.01867,2035442.0
1759676400000,0.01868,0.01878,0.01867,0.01874,848297.0
1759680000000,0.01875,0.01877,0.01859,0.01874,3314987.0
1759683600000,0.01875,0.01878,0.01858,0.01862,2787264.0
1759687200000,0.01862,0.01868,0.01853,0.01864,1807361.0
1759690800000,0.01864,0.01865,0.01845,0.01848,3199201.0
1759694400000,0.01847,0.01856,0.01843,0.01852,3073487.0
1759698000000,0.01851,0.01854,0.01848,0.01852,1311383.0
1759701600000,0.01852,0.01857,0.01847,0.01856,1656806.0
1759705200000,0.01856,0.01861,0.01853,0.01853,1353542.0
1759708800000,0.01853,0.01866,0.01837,0.0184,6339889.0
1759712400000,0.01841,0.01863,0.01836,0.01862,4147167.0
1759716000000,0.01863,0.01868,0.01847,0.01863,7732773.0
1759719600000,0.01863,0.01864,0.01855,0.01857,942626.0
1759723200000,0.01858,0.01861,0.01853,0.01858,2145821.0
1759726800000,0.01858,0.01868,0.01853,0.01866,1484141.0
1759730400000,0.01867,0.01885,0.01866,0.01879,3826700.0
1759734000000,0.01879,0.01884,0.01868,0.01872,2254587.0
1759737600000,0.01872,0.01884,0.01872,0.0188,1737318.0
1759741200000,0.01879,0.01885,0.01875,0.01881,2439795.0
1759744800000,0.01882,0.01885,0.01873,0.0188,2725269.0
1759748400000,0.0188,0.01887,0.01873,0.01878,2222439.0
1759752000000,0.01879,0.01885,0.01876,0.01879,3341660.0
1759755600000,0.01879,0.01891,0.01874,0.01891,5894154.0
1759759200000,0.0189,0.01896,0.01882,0.01885,5994072.0
1759762800000,0.01886,0.01901,0.01885,0.01895,2678323.0
1759766400000,0.01896,0.01901,0.0189,0.01896,3807088.0
1759770000000,0.01897,0.01906,0.01896,0.01901,2872517.0
1759773600000,0.01902,0.01911,0.01901,0.01909,1974078.0
1759777200000,0.01908,0.01914,0.01902,0.01907,2578347.0
1759780800000,0.01907,0.01909,0.01896,0.019,4876110.0
1759784400000,0.019,0.01907,0.01894,0.01898,2003263.0
1759788000000,0.01899,0.01903,0.01893,0.01897,1332661.0
1759791600000,0.01898,0.01899,0.01888,0.01891,2159010.0
1759795200000,0.01891,0.01898,0.01889,0.01894,2927198.0
1759798800000,0.01894,0.01896,0.01882,0.0189,6947306.0
1759802400000,0.01891,0.01894,0.01886,0.01891,2312257.0
1759806000000,0.0189,0.01893,0.01884,0.01889,2123397.0
1759809600000,0.0189,0.01906,0.01885,0.01901,6135066.0
1759813200000,0.01901,0.01901,0.0189,0.01898,2689140.0
1759816800000,0.01898,0.01902,0.01876,0.01878,6291137.0
1759820400000,0.01879,0.01885,0.01871,0.01877,3946075.0
1759824000000,0.01877,0.01877,0.01859,0.01869,7459566.0
1759827600000,0.01869,0.01876,0.01869,0.01874,2755146.0
1759831200000,0.01873,0.01883,0.01872,0.01878,4832835.0
1759834800000,0.01879,0.01885,0.01872,0.01883,6247515.0
1759838400000,0.01882,0.01891,0.01876,0.0189,3058979.0
1759842000000,0.0189,0.01898,0.01863,0.01873,11434209.0
1759845600000,0.01872,0.01873,0.0183,0.01832,12107043.0
1759849200000,0.01832,0.01835,0.01804,0.01811,20011768.0
1759852800000,0.0181,0.01825,0.01799,0.01811,11346122.0
1759856400000,0.01812,0.01818,0.01799,0.018,5227638.0
1759860000000,0.018,0.01807,0.01796,0.01797,5075389.0
1759863600000,0.01796,0.01811,0.01795,0.01802,4311084.0
1759867200000,0.01802,0.01817,0.01801,0.0181,2312269.0
1759870800000,0.0181,0.01814,0.01796,0.018,3351887.0
1759874400000,0.018,0.01806,0.01795,0.018,6035170.0
1759878000000,0.01801,0.01801,0.01786,0.01789,5477030.0
1759881600000,0.01788,0.01799,0.01786,0.01794,8414428.0
1759885200000,0.01793,0.01802,0.01791,0.018,2572989.0
1759888800000,0.018,0.01806,0.01796,0.01802,1950661.0
1759892400000,0.01802,0.01802,0.01776,0.01784,7947915.0
1759896000000,0.01784,0.01796,0.01771,0.01796,6521324.0
1759899600000,0.01795,0.01795,0.01778,0.01785,4146480.0
1759903200000,0.01785,0.01792,0.0178,0.0179,1941134.0
1759906800000,0.01791,0.01793,0.01785,0.01789,2687134.0
1759910400000,0.0179,0.01798,0.01786,0.01793,4785671.0
1759914000000,0.01793,0.01795,0.01787,0.01791,3032911.0
1759917600000,0.01792,0.018,0.01791,0.01798,1934454.0
1759921200000,0.01798,0.01801,0.01791,0.01794,1835405.0
1759924800000,0.01794,0.018,0.01791,0.01794,2288173.0
1759928400000,0.01795,0.01799,0.01784,0.01798,1974524.0
1759932000000,0.01798,0.01813,0.01789,0.01792,5029222.0
1759935600000,0.01792,0.01806,0.01791,0.01798,2077758.0
1759939200000,0.01798,0.01811,0.01795,0.0181,3057029.0
1759942800000,0.01811,0.01829,0.01808,0.01826,7440967.0
1759946400000,0.01827,0.01829,0.01818,0.01822,3140729.0
1759950000000,0.01822,0.01824,0.01814,0.01819,2645896.0
1759953600000,0.01819,0.01824,0.0181,0.01811,2884928.0
1759957200000,0.01812,0.01821,0.01812,0.01814,1862105.0
1759960800000,0.01814,0.0182,0.01814,0.01814,922227.0
1759964400000,0.01814,0.01817,0.01807,0.01814,2077936.0
1759968000000,0.01815,0.01818,0.01807,0.01808,4021609.0
1759971600000,0.01809,0.0181,0.018,0.01806,3203110.0
1759975200000,0.01805,0.01806,0.01778,0.01782,7444915.0
1759978800000,0.01782,0.01803,0.01781,0.01803,2743833.0
1759982400000,0.01803,0.0181,0.01799,0.0181,2173084.0
1759986000000,0.0181,0.01818,0.01806,0.01809,4947821.0
1759989600000,0.01811,0.01824,0.01805,0.01816,5313202.0
1759993200000,0.01815,0.0182,0.01808,0.0181,3445053.0
1759996800000,0.01811,0.01811,0.01775,0.01777,11090087.0
1760000400000,0.01777,0.01795,0.01776,0.01792,4577048.0
1760004000000,0.01794,0.01797,0.01785,0.01792,3480964.0
1760007600000,0.01793,0.01803,0.01792,0.01796,2000149.0
1760011200000,0.01796,0.0181,0.01795,0.01806,11615973.0
1760014800000,0.01805,0.01806,0.01782,0.01783,4712433.0
1760018400000,0.01783,0.01791,0.01761,0.01774,10511168.0
1760022000000,0.01775,0.01783,0.01758,0.01767,13518854.0
1760025600000,0.01767,0.01773,0.01751,0.01753,5304997.0
1760029200000,0.01754,0.01778,0.01753,0.01777,3680378.0
1760032800000,0.01777,0.01782,0.01773,0.01776,2740761.0
1760036400000,0.01776,0.01783,0.01775,0.0178,1982032.0
1760040000000,0.0178,0.01783,0.01773,0.01776,2842125.0
1760043600000,0.01776,0.01783,0.01775,0.01782,1890128.0
1760047200000,0.01782,0.018,0.01781,0.01794,3508433.0
1760050800000,0.01795,0.01796,0.01789,0.01795,1363043.0
1760054400000,0.01794,0.01802,0.01785,0.01795,10159365.0
1760058000000,0.01795,0.01801,0.01792,0.01798,4115104.0
1760061600000,0.01799,0.01806,0.01791,0.01797,2907216.0
1760065200000,0.01797,0.01835,0.01789,0.01812,16406275.0
1760068800000,0.01812,0.0182,0.01806,0.01807,3381278.0
1760072400000,0.01808,0.01828,0.018,0.01826,4465638.0
1760076000000,0.01828,0.0183,0.01801,0.01808,4597710.0
1760079600000,0.01808,0.0181,0.01793,0.01797,8586634.0
1760083200000,0.01796,0.01808,0.01791,0.01807,4681546.0
1760086800000,0.01807,0.01813,0.01799,0.018,3421143.0
1760090400000,0.018,0.01816,0.018,0.01813,2140691.0
1760094000000,0.01814,0.01824,0.01812,0.0182,3079087.0
1760097600000,0.01821,0.01831,0.01818,0.01821,4943093.0
1760101200000,0.01822,0.01829,0.01812,0.01818,8378470.0
1760104800000,0.01819,0.01826,0.01792,0.01794,10915640.0
1760108400000,0.01793,0.01796,0.01715,0.01736,36771773.0
1760112000000,0.01734,0.01755,0.01729,0.01738,10025243.0
1760115600000,0.01739,0.01741,0.01715,0.01724,9880130.0
1760119200000,0.01724,0.01729,0.01715,0.01718,6897306.0
1760122800000,0.01719,0.01721,0.01683,0.01702,17210700.0
1760126400000,0.01702,0.01717,0.01576,0.01604,50591804.0
1760130000000,0.01605,0.01639,0.00962,0.01426,190721555.0
1760133600000,0.01428,0.01466,0.01321,0.01429,103497131.0
1760137200000,0.01429,0.01479,0.01404,0.01437,30025309.0
1760140800000,0.01437,0.01463,0.01418,0.01449,21362496.0
1760144400000,0.01449,0.01449,0.01412,0.01413,14643311.0
1760148000000,0.01413,0.01473,0.01412,0.01463,13444584.0
1760151600000,0.01463,0.01467,0.01413,0.01426,9611905.0
1760155200000,0.01426,0.01443,0.01415,0.01441,13892222.0
1760158800000,0.01441,0.01444,0.01415,0.01434,9932964.0
1760162400000,0.01434,0.01462,0.01434,0.01446,7836817.0
1760166000000,0.01446,0.01458,0.0144,0.01447,6018079.0
1760169600000,0.01447,0.01497,0.01444,0.01493,7725233.0
1760173200000,0.01493,0.01508,0.01476,0.01484,7637171.0
1760176800000,0.01484,0.01501,0.01481,0.01496,6612640.0
1760180400000,0.01496,0.01498,0.01473,0.0149,4787485.0
1760184000000,0.0149,0.01495,0.01463,0.01475,7205672.0
1760187600000,0.01475,0.0148,0.01445,0.01474,11462054.0
1760191200000,0.01474,0.01479,0.01454,0.01467,9053661.0
1760194800000,0.01467,0.01481,0.01467,0.01473,10024922.0
1760198400000,0.01473,0.01481,0.01464,0.01475,5790623.0
1760202000000,0.01474,0.01485,0.01474,0.01479,5327745.0
1760205600000,0.0148,0.0148,0.01468,0.01468,2845723.0
1760209200000,0.01468,0.01468,0.0141,0.0142,14101603.0
1760212800000,0.0142,0.01424,0.01386,0.01395,19618846.0
1760216400000,0.01395,0.01417,0.01375,0.01415,10656811.0
1760220000000,0.01415,0.01428,0.0141,0.01423,5604415.0
1760223600000,0.01423,0.01429,0.0142,0.01424,4859255.0
1760227200000,0.01424,0.01436,0.01408,0.0141,7501220.0
1760230800000,0.0141,0.01426,0.01407,0.01407,7351686.0
1760234400000,0.01409,0.01425,0.01405,0.01418,7979661.0
1760238000000,0.01417,0.01442,0.01415,0.01433,7694144.0
1760241600000,0.01434,0.01452,0.01431,0.01448,5670177.0
1760245200000,0.01448,0.01456,0.01444,0.01453,3214786.0
1760248800000,0.01453,0.01468,0.01452,0.01467,3659879.0
1760252400000,0.01467,0.01471,0.01459,0.01468,4119376.0
1760256000000,0.01469,0.01477,0.01461,0.01462,2929271.0
1760259600000,0.01462,0.01476,0.0145,0.01473,4443207.0
1760263200000,0.01474,0.01479,0.01461,0.01463,4996131.0
1760266800000,0.01463,0.01477,0.01463,0.01473,2691363.0
1760270400000,0.01474,0.01487,0.01473,0.01478,3682380.0
1760274000000,0.01477,0.01485,0.0146,0.01462,5936060.0
1760277600000,0.01463,0.0152,0.01461,0.01504,12355614.0
1760281200000,0.01505,0.0154,0.01503,0.01538,12633986.0
1760284800000,0.01539,0.01569,0.01539,0.0156,10724662.0
1760288400000,0.0156,0.01573,0.01557,0.01569,4151234.0
1760292000000,0.01569,0.01574,0.01554,0.01564,3333536.0
1760295600000,0.01565,0.01586,0.01565,0.01584,2131616.0
1760299200000,0.01585,0.01598,0.0158,0.01584,3986417.0
1760302800000,0.01584,0.01595,0.01561,0.0158,7987627.0
1760306400000,0.0158,0.01592,0.01566,0.0157,6730057.0
1760310000000,0.01569,0.01576,0.01558,0.01567,6542473.0
1760313600000,0.01568,0.01574,0.01548,0.01554,6130074.0
1760317200000,0.01554,0.01576,0.01546,0.01575,4765934.0
1760320800000,0.01575,0.0158,0.01561,0.01576,4236816.0
1760324400000,0.01577,0.0158,0.0156,0.01564,2842711.0
1760328000000,0.01565,0.01573,0.01558,0.01569,3326182.0
1760331600000,0.01569,0.0157,0.01563,0.01566,1416594.0
1760335200000,0.01567,0.0159,0.01559,0.01582,2693202.0
1760338800000,0.01583,0.01593,0.01577,0.01579,3367592.0
1760342400000,0.01578,0.01596,0.01576,0.01586,4626539.0
1760346000000,0.01587,0.01591,0.01576,0.0159,8572331.0
1760349600000,0.0159,0.01594,0.01582,0.01592,5310734.0
1760353200000,0.01592,0.01592,0.01533,0.01565,19054370.0
1760356800000,0.01565,0.0159,0.01554,0.01572,7582212.0
1760360400000,0.01573,0.01606,0.01563,0.01598,16674825.0
1760364000000,0.01598,0.01602,0.0156,0.01572,10867040.0
1760367600000,0.01573,0.01603,0.01573,0.01596,6092576.0
1760371200000,0.01596,0.01609,0.01589,0.01607,6903869.0
1760374800000,0.01607,0.01631,0.01605,0.01631,4492614.0
1760378400000,0.01629,0.01644,0.01623,0.0163,4095400.0
1760382000000,0.01631,0.01643,0.01629,0.01637,2376345.0
1760385600000,0.01638,0.01646,0.01635,0.01645,1405714.0
1760389200000,0.01646,0.01647,0.01636,0.01637,3609603.0
1760392800000,0.01637,0.01639,0.01631,0.01634,1618562.0
1760396400000,0.01634,0.01637,0.01624,0.01627,3077877.0
1760400000000,0.01626,0.01635,0.01621,0.01625,2880831.0
1760403600000,0.01625,0.01626,0.01615,0.01622,2860633.0
1760407200000,0.01622,0.01623,0.01603,0.01603,4269699.0
1760410800000,0.01603,0.01604,0.01585,0.01594,5931250.0
1760414400000,0.01594,0.01599,0.01563,0.01572,5926831.0
1760418000000,0.01571,0.01587,0.01551,0.01554,6369459.0
1760421600000,0.01555,0.01563,0.01481,0.01522,21107501.0
1760425200000,0.0152,0.01529,0.01503,0.01511,11719547.0
1760428800000,0.01508,0.01526,0.015,0.01517,6699579.0
1760432400000,0.01517,0.01525,0.01508,0.01517,4861796.0
1760436000000,0.01515,0.01515,0.0148,0.015,7440639.0
1760439600000,0.015,0.01531,0.015,0.01521,7843547.0
1760443200000,0.01522,0.01523,0.01504,0.01506,5619009.0
1760446800000,0.01507,0.01526,0.01487,0.0152,11709321.0
1760450400000,0.0152,0.01548,0.01516,0.01533,6777569.0
1760454000000,0.01532,0.01568,0.01524,0.01568,7210975.0
1760457600000,0.01568,0.01587,0.01557,0.01561,10389295.0
1760461200000,0.01561,0.01577,0.01542,0.01565,7582145.0
1760464800000,0.01565,0.01578,0.01562,0.01568,2449011.0
1760468400000,0.01569,0.01581,0.01544,0.01561,6595147.0
1760472000000,0.01562,0.01568,0.01555,0.01568,2031200.0
1760475600000,0.01568,0.0157,0.01556,0.01568,1942790.0
1760479200000,0.01569,0.01577,0.01562,0.01567,1712550.0
1760482800000,0.01567,0.01573,0.01566,0.01567,1148218.0
1760486400000,0.01568,0.01574,0.01557,0.01565,3814224.0
1760490000000,0.01565,0.01567,0.01551,0.01561,3281237.0
1760493600000,0.0156,0.01576,0.01557,0.01557,6063305.0
1760497200000,0.01558,0.01561,0.01536,0.01549,3334075.0
1760500800000,0.0155,0.01563,0.01545,0.0156,3129169.0
1760504400000,0.01563,0.01565,0.01552,0.01557,2035637.0
1760508000000,0.01557,0.01563,0.01542,0.01559,3309000.0
1760511600000,0.01559,0.01564,0.01554,0.01559,2117222.0
1760515200000,0.0156,0.01591,0.01558,0.01574,7777297.0
1760518800000,0.01575,0.01577,0.01554,0.01556,5734159.0
1760522400000,0.01557,0.01561,0.01543,0.01551,3250619.0
1760526000000,0.01551,0.01554,0.01528,0.01545,7385671.0
1760529600000,0.01545,0.01547,0.01521,0.01533,10250302.0
1760533200000,0.01534,0.01542,0.01498,0.01527,14596165.0
1760536800000,0.01527,0.01544,0.01505,0.01511,4831429.0
1760540400000,0.01511,0.01521,0.0149,0.01499,4325173.0
1760544000000,0.015,0.01506,0.01493,0.01498,3594954.0
1760547600000,0.01497,0.01504,0.01484,0.01504,3110778.0
1760551200000,0.01504,0.01512,0.01497,0.01509,1886938.0
1760554800000,0.0151,0.0151,0.01492,0.01495,1564713.0
1760558400000,0.01496,0.01503,0.01472,0.01488,6463235.0
1760562000000,0.01488,0.01497,0.01478,0.01486,3147662.0
1760565600000,0.01486,0.01499,0.01486,0.0149,2078017.0
1760569200000,0.01489,0.01499,0.01488,0.01498,2105645.0
1760572800000,0.01497,0.01502,0.01488,0.0149,3399372.0
1760576400000,0.0149,0.01506,0.0149,0.01503,2148076.0
1760580000000,0.01504,0.01512,0.01496,0.01509,3043230.0
1760583600000,0.01508,0.0151,0.01498,0.015,1912259.0
1760587200000,0.015,0.01506,0.01493,0.01498,1703875.0
1760590800000,0.01497,0.01505,0.01487,0.01494,2792033.0
1760594400000,0.01496,0.01515,0.01495,0.01511,2814614.0
1760598000000,0.01512,0.01512,0.01498,0.01499,2493052.0
1760601600000,0.01501,0.01504,0.01488,0.01494,3863122.0
1760605200000,0.01493,0.01512,0.01451,0.01505,23615899.0
1760608800000,0.01506,0.01523,0.01504,0.01515,6635799.0
1760612400000,0.01515,0.01524,0.01509,0.01517,2116349.0
1760616000000,0.01518,0.01527,0.01513,0.01519,3084709.0
1760619600000,0.01518,0.01524,0.01501,0.01507,6238118.0
1760623200000,0.01507,0.01515,0.01481,0.015,8207828.0
1760626800000,0.015,0.01503,0.01443,0.01456,12577113.0
1760630400000,0.01456,0.01486,0.01434,0.01485,16447282.0
1760634000000,0.01486,0.01486,0.01461,0.01464,4669059.0
1760637600000,0.01464,0.01464,0.01443,0.01456,8356423.0
1760641200000,0.01455,0.01458,0.01423,0.01435,7940857.0
1760644800000,0.01436,0.01443,0.01415,0.01424,7450728.0
1760648400000,0.01425,0.01447,0.01421,0.01446,3565456.0
1760652000000,0.01446,0.01448,0.01433,0.01433,2832318.0
1760655600000,0.01432,0.01452,0.0143,0.01447,4456368.0
1760659200000,0.01446,0.01458,0.01444,0.01457,3415630.0
1760662800000,0.01457,0.01471,0.01455,0.01459,4827312.0
1760666400000,0.01459,0.01465,0.01452,0.01461,3282059.0
1760670000000,0.01462,0.01466,0.01458,0.01464,2075318.0
1760673600000,0.01465,0.01465,0.01457,0.01457,1403499.0
1760677200000,0.01457,0.01461,0.01446,0.01447,2757118.0
1760680800000,0.01448,0.01451,0.01391,0.01403,24462447.0
1760684400000,0.01402,0.01406,0.01375,0.0138,25939458.0
1760688000000,0.0138,0.0139,0.01361,0.01372,15914525.0
1760691600000,0.01372,0.01406,0.0137,0.01384,8598493.0
1760695200000,0.01386,0.01392,0.01362,0.01384,10360244.0
1760698800000,0.01385,0.01422,0.01382,0.01406,14451881.0
1760702400000,0.01406,0.01415,0.01392,0.01392,5990077.0
1760706000000,0.01393,0.01408,0.01378,0.014,12316279.0
1760709600000,0.01401,0.01405,0.01373,0.01394,9212285.0
1760713200000,0.01394,0.01416,0.0139,0.01414,7047890.0
1760716800000,0.01414,0.01433,0.01407,0.01411,7522129.0
1760720400000,0.01411,0.01418,0.01404,0.01413,4500358.0
1760724000000,0.01414,0.01425,0.01413,0.01415,2679163.0
1760727600000,0.01416,0.01421,0.01406,0.01412,2322614.0
1760731200000,0.01411,0.01426,0.01408,0.01423,1900743.0
1760734800000,0.01423,0.01434,0.01422,0.01431,2369557.0
1760738400000,0.01431,0.01433,0.01423,0.01429,1698438.0
1760742000000,0.01429,0.01429,0.01419,0.0142,1643456.0
1760745600000,0.0142,0.01425,0.01415,0.01416,2114671.0
1760749200000,0.01416,0.01427,0.01416,0.01426,1721308.0
1760752800000,0.01426,0.0143,0.01417,0.01419,2878323.0
1760756400000,0.01418,0.01429,0.01418,0.01426,1667701.0
1760760000000,0.01426,0.01426,0.01412,0.01416,4164032.0
1760763600000,0.01415,0.01422,0.01412,0.01419,2794066.0
1760767200000,0.01419,0.01425,0.01417,0.01423,2840894.0
1760770800000,0.01423,0.0144,0.01423,0.01425,6173058.0
1760774400000,0.01426,0.01433,0.01421,0.01422,3146581.0
1760778000000,0.01422,0.01433,0.0142,0.01433,2351278.0
1760781600000,0.01432,0.01438,0.01427,0.01433,1929782.0
1760785200000,0.01434,0.01437,0.01427,0.01432,2993113.0
1760788800000,0.01432,0.01435,0.01425,0.01428,1747388.0
1760792400000,0.01429,0.01431,0.01418,0.01426,4964256.0
1760796000000,0.01426,0.01433,0.01417,0.01431,3249927.0
1760799600000,0.01432,0.01435,0.01418,0.01421,4325320.0
1760803200000,0.01422,0.01424,0.01409,0.01418,2987996.0
1760806800000,0.01418,0.01437,0.01415,0.01435,2791880.0
1760810400000,0.01436,0.01438,0.01428,0.01431,1281929.0
1760814000000,0.01431,0.01436,0.01429,0.01433,1395235.0
1760817600000,0.01434,0.01436,0.01429,0.01433,1806215.0
1760821200000,0.01433,0.01444,0.01428,0.01443,6355698.0
1760824800000,0.01444,0.01444,0.01438,0.01439,788976.0
1760828400000,0.0144,0.0144,0.01434,0.01435,2043420.0
1760832000000,0.01436,0.01437,0.01422,0.01429,5270556.0
1760835600000,0.0143,0.01434,0.01425,0.01433,3237718.0
1760839200000,0.01433,0.01435,0.01429,0.01431,818568.0
1760842800000,0.01432,0.01441,0.01428,0.0144,1638687.0
1760846400000,0.01439,0.01441,0.01432,0.01433,911819.0
1760850000000,0.01434,0.01437,0.01429,0.01431,1256549.0
1760853600000,0.01432,0.01434,0.01421,0.01423,1931258.0
1760857200000,0.01423,0.01427,0.0142,0.01426,1604320.0
1760860800000,0.01427,0.01447,0.01416,0.01421,8098880.0
1760864400000,0.0142,0.01454,0.01411,0.01441,9961034.0
1760868000000,0.01442,0.01465,0.01437,0.01459,8626930.0
1760871600000,0.0146,0.01467,0.01454,0.01458,5100130.0
1760875200000,0.01458,0.0146,0.01449,0.01455,3528070.0
1760878800000,0.01456,0.01484,0.01453,0.0148,6999528.0
1760882400000,0.0148,0.01489,0.01475,0.01487,4614101.0
1760886000000,0.01488,0.01489,0.01479,0.01483,2493098.0
1760889600000,0.01483,0.01485,0.01476,0.0148,1682188.0
1760893200000,0.0148,0.01497,0.01475,0.01483,23860964.0
1760896800000,0.01484,0.01502,0.01484,0.01496,6871003.0
1760900400000,0.01497,0.01498,0.0149,0.01492,2069671.0
1760904000000,0.01493,0.01495,0.01489,0.01493,1511688.0
1760907600000,0.01494,0.01495,0.01477,0.01482,6174521.0
1760911200000,0.01484,0.01492,0.01484,0.01487,4196777.0
1760914800000,0.01487,0.01487,0.01468,0.01472,5866986.0
1760918400000,0.01473,0.01474,0.01448,0.01464,6638334.0
1760922000000,0.01464,0.01467,0.01454,0.01458,1970563.0
1760925600000,0.01458,0.01464,0.01443,0.01461,4047923.0
1760929200000,0.01462,0.01498,0.01457,0.01493,4223900.0
1760932800000,0.01494,0.01497,0.01487,0.01493,3984647.0
1760936400000,0.01493,0.01503,0.01489,0.01498,1473871.0
1760940000000,0.01499,0.01509,0.01497,0.01507,2906903.0
1760943600000,0.01507,0.01513,0.015,0.01509,3961233.0
1760947200000,0.01509,0.0151,0.01497,0.01502,2973609.0
1760950800000,0.01502,0.01504,0.01497,0.015,2116371.0
1760954400000,0.01501,0.01512,0.01495,0.01499,3121969.0
1760958000000,0.01499,0.01503,0.01494,0.01503,2139665.0
1760961600000,0.01503,0.01508,0.01498,0.015,2317263.0
1760965200000,0.01501,0.0151,0.01498,0.01508,2676735.0
1760968800000,0.01508,0.01509,0.01496,0.01504,2416030.0
1760972400000,0.01504,0.01508,0.01489,0.01489,3172711.0
1760976000000,0.01489,0.01489,0.01457,0.01472,12888583.0
1760979600000,0.01471,0.0148,0.01459,0.0147,4645393.0
1760983200000,0.01469,0.01473,0.01464,0.01472,1458578.0
1760986800000,0.01472,0.01481,0.01469,0.01478,2324594.0
1760990400000,0.01477,0.01482,0.01474,0.01482,2319307.0
1760994000000,0.01482,0.01486,0.01471,0.01474,1715410.0
1760997600000,0.01473,0.01478,0.01471,0.01477,1904055.0
1761001200000,0.01476,0.01478,0.01469,0.01471,1164662.0
1761004800000,0.01472,0.01472,0.01468,0.01468,2102250.0
1761008400000,0.01468,0.01469,0.01455,0.0146,3334988.0
1761012000000,0.0146,0.01462,0.01451,0.01455,2391013.0
1761015600000,0.01456,0.01458,0.0145,0.01452,2493868.0
1761019200000,0.01453,0.01454,0.01424,0.01429,9969817.0
1761022800000,0.01429,0.01434,0.01426,0.01429,3525863.0
1761026400000,0.01429,0.01437,0.01427,0.01436,2421397.0
1761030000000,0.01435,0.01437,0.01426,0.01436,3164624.0
1761033600000,0.01436,0.01436,0.01424,0.01434,3332044.0
1761037200000,0.01433,0.01434,0.01427,0.01431,2401962.0
1761040800000,0.01431,0.01446,0.0143,0.01441,5815586.0
1761044400000,0.01441,0.01449,0.01437,0.01447,2855889.0
1761048000000,0.01447,0.01461,0.01441,0.01451,5451654.0
1761051600000,0.01451,0.01457,0.01442,0.0145,6723594.0
1761055200000,0.0145,0.01502,0.01449,0.01501,14183093.0
1761058800000,0.01501,0.01523,0.01494,0.01517,12136890.0
1761062400000,0.01517,0.01523,0.01492,0.01496,8126082.0
1761066000000,0.01496,0.01508,0.01479,0.015,7843583.0
1761069600000,0.01501,0.01503,0.01489,0.01495,2836552.0
1761073200000,0.01496,0.01499,0.01491,0.01492,2162114.0
1761076800000,0.01491,0.01495,0.01473,0.01479,4315796.0
1761080400000,0.01477,0.01484,0.01454,0.01479,5501948.0
1761084000000,0.01479,0.0148,0.01445,0.0145,6230871.0
1761087600000,0.0145,0.01454,0.01429,0.01433,8984972.0
1761091200000,0.01433,0.01439,0.01417,0.01425,7451163.0
1761094800000,0.01426,0.01439,0.01423,0.01431,4258672.0
1761098400000,0.01433,0.01444,0.01433,0.01437,9091525.0
1761102000000,0.01438,0.01439,0.0143,0.01435,2097031.0
1761105600000,0.01435,0.0145,0.01434,0.01449,3086070.0
1761109200000,0.01449,0.01449,0.0142,0.01433,6935855.0
1761112800000,0.01432,0.01434,0.01426,0.01428,4102225.0
1761116400000,0.01427,0.01434,0.01415,0.01432,4729401.0
1761120000000,0.01432,0.01432,0.01423,0.01425,1616144.0
1761123600000,0.01425,0.01427,0.01412,0.01416,4013428.0
1761127200000,0.01416,0.01422,0.01411,0.01415,3046393.0
1761130800000,0.01415,0.01433,0.01393,0.01422,10732090.0
1761134400000,0.01422,0.01427,0.01415,0.01416,7270247.0
1761138000000,0.01416,0.01437,0.0141,0.01435,7235354.0
1761141600000,0.01434,0.01435,0.01405,0.01432,12881363.0
1761145200000,0.01433,0.01439,0.01412,0.01425,5841061.0
1761148800000,0.01426,0.01427,0.01404,0.01412,8624142.0
1761152400000,0.01413,0.01415,0.01399,0.01404,5163388.0
1761156000000,0.01403,0.01408,0.01395,0.01403,5035129.0
1761159600000,0.01403,0.01417,0.01394,0.0141,5454823.0
1761163200000,0.01408,0.01412,0.01393,0.01395,3440271.0
1761166800000,0.01395,0.01396,0.01359,0.01387,20218327.0
1761170400000,0.01387,0.01394,0.01379,0.0139,4162647.0
1761174000000,0.01391,0.01414,0.0139,0.01412,5741827.0
1761177600000,0.01412,0.01412,0.01403,0.01404,3027241.0
1761181200000,0.01405,0.01412,0.01404,0.01409,2826242.0
1761184800000,0.01408,0.01417,0.01407,0.01414,1904587.0
1761188400000,0.01414,0.01419,0.01413,0.01416,1350354.0
1761192000000,0.01416,0.01424,0.01414,0.01418,1895424.0
1761195600000,0.01418,0.01425,0.01417,0.01425,1145708.0
1761199200000,0.01425,0.01441,0.01423,0.01438,3578628.0
1761202800000,0.01439,0.0144,0.01429,0.01432,2601056.0
1761206400000,0.01432,0.01438,0.01432,0.01432,1710823.0
1761210000000,0.01433,0.01434,0.01427,0.01433,1790513.0
1761213600000,0.01433,0.01435,0.01426,0.01427,1662665.0
1761217200000,0.01427,0.01431,0.01418,0.01421,3472471.0
1761220800000,0.0142,0.01424,0.01411,0.01424,3975127.0
1761224400000,0.01425,0.01432,0.01419,0.01427,3623105.0
1761228000000,0.01428,0.01432,0.01416,0.01428,2517539.0
1761231600000,0.01428,0.01442,0.01424,0.01436,3612228.0
1761235200000,0.01435,0.01451,0.01433,0.01449,2770809.0
1761238800000,0.01448,0.01458,0.01437,0.01456,3990805.0
1761242400000,0.01457,0.01459,0.01448,0.01451,3287842.0
1761246000000,0.0145,0.0145,0.01442,0.01447,1448743.0
1761249600000,0.01447,0.01447,0.01429,0.01435,3029992.0
1761253200000,0.01434,0.01439,0.01431,0.01431,1671256.0
1761256800000,0.01431,0.01439,0.0143,0.01436,2085201.0
1761260400000,0.01437,0.01443,0.01433,0.01441,2804039.0
1761264000000,0.01441,0.01448,0.01438,0.01444,2260891.0
1761267600000,0.01444,0.01447,0.0144,0.01443,1829640.0
1761271200000,0.01442,0.01447,0.0144,0.01445,1898262.0
1761274800000,0.01445,0.01447,0.01442,0.01445,1928247.0
1761278400000,0.01446,0.01471,0.01444,0.01469,5606773.0
1761282000000,0.01469,0.01474,0.01466,0.01472,2964575.0
1761285600000,0.01471,0.01477,0.01467,0.01471,3394819.0
1761289200000,0.01473,0.01474,0.01461,0.01466,3220225.0
1761292800000,0.01465,0.01476,0.01462,0.01471,2084199.0
1761296400000,0.01471,0.01472,0.01464,0.01466,1238215.0
1761300000000,0.01466,0.01467,0.01459,0.01461,2142181.0
1761303600000,0.01462,0.01462,0.0145,0.01461,4099025.0
1761307200000,0.01461,0.01493,0.0146,0.01471,7338071.0
1761310800000,0.01472,0.01475,0.01456,0.01465,4496565.0
1761314400000,0.01465,0.01465,0.01446,0.01452,3120747.0
1761318000000,0.01452,0.01458,0.01445,0.01449,3022905.0
1761321600000,0.0145,0.0145,0.01437,0.01446,3050035.0
1761325200000,0.01446,0.01452,0.01445,0.01448,2048707.0
1761328800000,0.01446,0.01456,0.01446,0.01455,2002829.0
1761332400000,0.01455,0.01462,0.01454,0.01457,3915875.0
1761336000000,0.01456,0.01462,0.01455,0.0146,1631584.0
1761339600000,0.01461,0.01466,0.01459,0.01465,2827371.0
1761343200000,0.01466,0.01469,0.01463,0.01466,1483212.0
1761346800000,0.01466,0.01467,0.01462,0.01466,1966979.0
1761350400000,0.01465,0.01467,0.01459,0.0146,3235749.0
1761354000000,0.01461,0.01462,0.01456,0.01458,2032479.0
1761357600000,0.01459,0.0146,0.01452,0.01456,2556727.0
1761361200000,0.01455,0.01456,0.01447,0.01447,3225092.0
1761364800000,0.01448,0.01455,0.01447,0.0145,2492494.0
1761368400000,0.0145,0.01452,0.01446,0.01448,1711633.0
1761372000000,0.01448,0.0145,0.01443,0.01443,1291496.0
1761375600000,0.01444,0.01452,0.01443,0.01446,2727180.0
1761379200000,0.01446,0.01453,0.01445,0.01452,2047466.0
1761382800000,0.01453,0.01453,0.01446,0.01447,2589055.0
1761386400000,0.01447,0.01448,0.01442,0.01446,1711509.0
1761390000000,0.01446,0.01449,0.01444,0.01446,1560349.0
1761393600000,0.01446,0.01457,0.01446,0.01454,2416191.0
1761397200000,0.01453,0.01455,0.01449,0.01453,1289996.0
1761400800000,0.01453,0.01458,0.01451,0.01457,1347754.0
1761404400000,0.01457,0.01458,0.01451,0.01454,2347735.0
1761408000000,0.01453,0.01455,0.0145,0.01452,1867695.0
1761411600000,0.01452,0.01455,0.01451,0.01453,1264417.0
1761415200000,0.01452,0.01461,0.0145,0.01459,1432550.0
1761418800000,0.0146,0.0146,0.01457,0.01459,977729.0
1761422400000,0.01459,0.01461,0.01455,0.01457,2082343.0
1761426000000,0.01457,0.01459,0.01456,0.01457,546113.0
1761429600000,0.01456,0.01462,0.01456,0.01461,1083902.0
1761433200000,0.01461,0.01462,0.01457,0.01458,937736.0
1761436800000,0.01458,0.0146,0.01453,0.01456,3446540.0
1761440400000,0.01456,0.01458,0.01445,0.01451,2401858.0
1761444000000,0.0145,0.01453,0.01448,0.0145,2323137.0
1761447600000,0.01451,0.01452,0.01445,0.01449,2201038.0
1761451200000,0.0145,0.01454,0.01449,0.01453,1554180.0
1761454800000,0.01453,0.0146,0.01451,0.01458,1458576.0
1761458400000,0.01459,0.01463,0.01457,0.01459,1706073.0
1761462000000,0.0146,0.01465,0.01457,0.01464,1674608.0
1761465600000,0.01463,0.01469,0.01463,0.01467,1427796.0
1761469200000,0.01468,0.01482,0.01467,0.01478,3681309.0
1761472800000,0.01478,0.01479,0.01472,0.01475,1458213.0
1761476400000,0.01474,0.01494,0.01471,0.01491,6081572.0
1761480000000,0.01492,0.01794,0.01491,0.01693,440388165.0
1761483600000,0.01692,0.01774,0.01617,0.01662,439616420.0
1761487200000,0.01662,0.01666,0.016,0.01606,146387496.0
1761490800000,0.01606,0.01625,0.0159,0.01613,65706750.0
1761494400000,0.01614,0.01614,0.01586,0.01588,52430955.0
1761498000000,0.01589,0.01603,0.01583,0.01594,30285245.0
1761501600000,0.01595,0.01607,0.01587,0.01588,16589122.0
1761505200000,0.01589,0.01593,0.01586,0.01592,9326610.0
1761508800000,0.01593,0.01594,0.01573,0.01584,25741407.0
1761512400000,0.01584,0.01594,0.01573,0.01592,12061793.0
1761516000000,0.01592,0.01617,0.01592,0.01608,41130760.0
1761519600000,0.01607,0.0161,0.01594,0.01596,22006787.0
1761523200000,0.01596,0.01614,0.01573,0.0158,69482234.0
1761526800000,0.01581,0.01586,0.01572,0.01585,17310710.0
1761530400000,0.01584,0.01591,0.01578,0.01579,11152152.0
1761534000000,0.0158,0.01585,0.01574,0.0158,8090914.0
1761537600000,0.01581,0.01588,0.01576,0.01577,9627998.0
1761541200000,0.01578,0.01587,0.01573,0.01576,9599132.0
1761544800000,0.01576,0.01581,0.01564,0.01578,18003895.0
1761548400000,0.01577,0.01579,0.01558,0.01566,17911647.0
1761552000000,0.01567,0.01569,0.01544,0.01546,18776469.0
1761555600000,0.01546,0.01547,0.01533,0.01539,20172031.0
1761559200000,0.01539,0.01548,0.01535,0.01547,11443954.0
1761562800000,0.01548,0.0156,0.01541,0.01554,10939022.0
1761566400000,0.01554,0.01555,0.01534,0.01536,9105550.0
1761570000000,0.01535,0.01547,0.01516,0.01541,20985865.0
1761573600000,0.01542,0.01543,0.01531,0.01534,12967684.0
1761577200000,0.01533,0.01546,0.01532,0.01535,12520100.0
1761580800000,0.01534,0.01546,0.01533,0.01544,13226780.0
1761584400000,0.01544,0.01547,0.01536,0.01542,6036975.0
1761588000000,0.01541,0.01544,0.01536,0.01541,4969137.0
1761591600000,0.01541,0.01543,0.01529,0.01531,7572286.0
1761595200000,0.01531,0.01531,0.01516,0.01517,10869879.0
1761598800000,0.01518,0.01528,0.01512,0.01521,7736691.0
1761602400000,0.0152,0.01529,0.01516,0.01518,6351263.0
1761606000000,0.01519,0.01526,0.01514,0.01523,6390708.0
1761609600000,0.01523,0.01542,0.01513,0.01516,17317351.0
1761613200000,0.01516,0.01526,0.01513,0.01517,9078637.0
1761616800000,0.01517,0.01525,0.01502,0.01514,7579513.0
1761620400000,0.01514,0.01518,0.01505,0.01507,4977717.0
1761624000000,0.01507,0.01513,0.01503,0.01508,3590594.0
1761627600000,0.01508,0.01513,0.01485,0.01486,12829565.0
1761631200000,0.01487,0.01513,0.01485,0.01512,7174910.0
1761634800000,0.01512,0.01517,0.0149,0.01493,6637385.0
1761638400000,0.01493,0.01501,0.0149,0.01496,3159575.0
1761642000000,0.01496,0.01499,0.01489,0.01497,4003798.0
1761645600000,0.01497,0.01502,0.01494,0.01497,2983800.0
1761649200000,0.01498,0.01503,0.01492,0.01493,4144929.0
1761652800000,0.01493,0.01503,0.0149,0.01502,5148173.0
1761656400000,0.01501,0.01519,0.01501,0.01516,5106816.0
1761660000000,0.01516,0.01521,0.01478,0.01502,13126462.0
1761663600000,0.01502,0.01511,0.01487,0.01494,7971813.0
1761667200000,0.01494,0.01507,0.01493,0.01503,5259164.0
1761670800000,0.01503,0.0151,0.01497,0.01503,5231504.0
1761674400000,0.01502,0.01508,0.01494,0.01498,5565796.0
1761678000000,0.01499,0.01501,0.01467,0.01474,12004834.0
1761681600000,0.01474,0.01475,0.01441,0.01449,22482775.0
1761685200000,0.01448,0.01455,0.01423,0.01449,22626762.0
1761688800000,0.0145,0.01465,0.01445,0.0146,5263077.0
1761692400000,0.01461,0.01463,0.01454,0.01458,4408596.0
1761696000000,0.01458,0.0147,0.01457,0.0146,5850830.0
1761699600000,0.01459,0.01469,0.01458,0.01462,5800388.0
1761703200000,0.01463,0.01467,0.01459,0.01462,3869979.0
1761706800000,0.01462,0.01462,0.01456,0.01459,7220842.0
1761710400000,0.01458,0.01469,0.01457,0.01464,5761889.0
1761714000000,0.01463,0.01469,0.01463,0.01466,2828190.0
1761717600000,0.01467,0.01473,0.01466,0.01471,3260131.0
1761721200000,0.01471,0.01477,0.01467,0.01473,4103835.0
1761724800000,0.01472,0.01474,0.01462,0.01466,5467901.0
1761728400000,0.01467,0.0147,0.01463,0.01467,4197124.0
1761732000000,0.01466,0.01482,0.01465,0.01473,6857218.0
1761735600000,0.01473,0.01479,0.01471,0.01477,3239770.0
1761739200000,0.01476,0.01481,0.01476,0.01478,1886369.0
1761742800000,0.01478,0.01486,0.01473,0.01477,6317797.0
1761746400000,0.01477,0.01477,0.01464,0.01471,7415038.0
1761750000000,0.01472,0.01474,0.01443,0.01453,10954332.0
1761753600000,0.01452,0.01463,0.01442,0.01454,12147700.0
1761757200000,0.01454,0.01477,0.01451,0.01477,7310648.0
1761760800000,0.01476,0.0148,0.01416,0.01457,45748988.0
1761764400000,0.01458,0.0148,0.01454,0.01467,21470991.0
1761768000000,0.01466,0.01483,0.01457,0.0148,10158736.0
1761771600000,0.0148,0.01483,0.01469,0.01472,4993631.0
1761775200000,0.01472,0.01476,0.01466,0.01467,4728895.0
1761778800000,0.01467,0.01468,0.01443,0.0145,7578492.0
1761782400000,0.0145,0.01461,0.01437,0.0146,11085856.0
1761786000000,0.0146,0.01466,0.01452,0.0146,6479259.0
1761789600000,0.01459,0.0147,0.01455,0.01468,6569495.0
1761793200000,0.01469,0.01473,0.01459,0.01463,6258884.0
1761796800000,0.01462,0.01462,0.01408,0.01429,30363002.0
1761800400000,0.01429,0.01463,0.01425,0.01459,8406863.0
1761804000000,0.01459,0.01482,0.0145,0.01476,9552973.0
1761807600000,0.01476,0.01545,0.01474,0.01501,108816750.0
1761811200000,0.015,0.01527,0.01491,0.01496,48451029.0
1761814800000,0.01497,0.01511,0.01472,0.01487,28375547.0
1761818400000,0.01487,0.01517,0.0148,0.015,39092499.0
1761822000000,0.01501,0.01502,0.0147,0.01478,37015432.0
1761825600000,0.01478,0.0149,0.01443,0.01462,25854499.0
1761829200000,0.01463,0.01465,0.01432,0.0144,20003164.0
1761832800000,0.0144,0.01513,0.01436,0.01499,60212715.0
1761836400000,0.015,0.01504,0.01442,0.01459,45505901.0
1761840000000,0.01459,0.01463,0.01438,0.01452,19665094.0
1761843600000,0.01452,0.01452,0.0142,0.01431,22154278.0
1761847200000,0.01431,0.01435,0.01412,0.01418,9628717.0
1761850800000,0.01419,0.01446,0.01411,0.01442,14841320.0
1761854400000,0.01442,0.01483,0.01435,0.01476,13932192.0
1761858000000,0.01476,0.01486,0.01456,0.01475,12182163.0
1761861600000,0.01474,0.01482,0.01462,0.01467,12108046.0
1761865200000,0.01466,0.01476,0.0146,0.01473,11638058.0
1761868800000,0.01473,0.01477,0.01461,0.01473,10426503.0
1761872400000,0.01474,0.01509,0.01473,0.01494,23338254.0
1761876000000,0.01493,0.01505,0.01482,0.01486,13293924.0
1761879600000,0.01486,0.0151,0.01481,0.01509,15877531.0
1761883200000,0.0151,0.01525,0.01503,0.01513,15581400.0
1761886800000,0.01513,0.01519,0.01504,0.01512,12569688.0
1761890400000,0.01512,0.01517,0.01483,0.01485,15856216.0
1761894000000,0.01485,0.01489,0.01479,0.01486,7027684.0
1761897600000,0.01487,0.01501,0.01482,0.01501,6422114.0
1761901200000,0.01501,0.01503,0.01495,0.01501,9507201.0
1761904800000,0.01502,0.0151,0.01496,0.01508,7672260.0
1761908400000,0.01506,0.01513,0.01493,0.01511,10325255.0
1761912000000,0.01511,0.01517,0.01503,0.01506,7399489.0
1761915600000,0.01505,0.01522,0.01505,0.01515,14436355.0
1761919200000,0.01515,0.01515,0.01493,0.01513,9066447.0
1761922800000,0.01512,0.01516,0.01501,0.01503,5299211.0
1761926400000,0.01503,0.01505,0.01476,0.01478,7178660.0
1761930000000,0.01478,0.01488,0.01467,0.01482,6991280.0
1761933600000,0.01483,0.01491,0.01471,0.01484,9904215.0
1761937200000,0.01483,0.01509,0.01481,0.01506,6594720.0
1761940800000,0.01506,0.01507,0.01489,0.0149,4621622.0
1761944400000,0.0149,0.01496,0.01487,0.01492,2488693.0
1761948000000,0.01492,0.01499,0.01491,0.01493,2245988.0
1761951600000,0.01493,0.01498,0.01492,0.01498,1430857.0
1761955200000,0.01497,0.01507,0.01485,0.01494,7636456.0
1761958800000,0.01495,0.01499,0.01481,0.01484,5172919.0
1761962400000,0.01483,0.01484,0.01469,0.01479,7140456.0
1761966000000,0.01479,0.01488,0.01478,0.01486,2711334.0
1761969600000,0.01486,0.01489,0.01468,0.01487,11390225.0
1761973200000,0.01486,0.01488,0.01478,0.0148,3248044.0
1761976800000,0.0148,0.01484,0.01472,0.01475,3576380.0
1761980400000,0.01475,0.01496,0.01474,0.01491,6612961.0
1761984000000,0.01491,0.01503,0.01487,0.01502,6513855.0
1761987600000,0.01503,0.0151,0.01491,0.01493,6046042.0
1761991200000,0.01494,0.01502,0.01491,0.01501,5044766.0
1761994800000,0.01501,0.01507,0.01495,0.015,3959512.0
1761998400000,0.01501,0.01505,0.01496,0.01502,3204120.0
1762002000000,0.01502,0.01507,0.0149,0.01499,5957304.0
1762005600000,0.01499,0.01501,0.01476,0.01492,10396417.0
1762009200000,0.01492,0.01507,0.01489,0.01505,4207231.0
1762012800000,0.01506,0.01511,0.01503,0.01509,2706087.0
1762016400000,0.01509,0.01521,0.01505,0.01519,5497126.0
1762020000000,0.0152,0.01526,0.01511,0.01524,5831630.0
1762023600000,0.01524,0.01525,0.01514,0.01523,3862613.0
1762027200000,0.01523,0.01532,0.01517,0.01519,4428301.0
1762030800000,0.01518,0.01523,0.01508,0.01508,2424857.0
1762034400000,0.01508,0.01517,0.01506,0.01517,4526318.0
1762038000000,0.01517,0.01524,0.01514,0.01524,2794254.0
1762041600000,0.01523,0.01524,0.01504,0.0151,4506775.0
1762045200000,0.0151,0.01514,0.01496,0.01499,5541468.0
1762048800000,0.01498,0.01502,0.01476,0.01483,12560194.0
1762052400000,0.01483,0.01491,0.01478,0.01483,6251546.0
1762056000000,0.01483,0.01496,0.01479,0.01494,4214076.0
1762059600000,0.01495,0.01498,0.01487,0.01495,5206653.0
1762063200000,0.01495,0.01516,0.0149,0.01508,6189816.0
1762066800000,0.01508,0.01515,0.01502,0.01515,3002573.0
1762070400000,0.01514,0.01517,0.01504,0.01507,2441007.0
1762074000000,0.01507,0.01513,0.01494,0.01498,2135148.0
1762077600000,0.01498,0.01504,0.01482,0.01484,8619139.0
1762081200000,0.01485,0.01504,0.01484,0.01502,5101211.0
1762084800000,0.01502,0.01504,0.01491,0.01494,3009554.0
1762088400000,0.01493,0.01495,0.01478,0.01484,4666130.0
1762092000000,0.01484,0.01488,0.01451,0.01457,15623359.0
1762095600000,0.01458,0.01467,0.0145,0.01451,7257881.0
1762099200000,0.01452,0.01463,0.01441,0.0146,10474660.0
1762102800000,0.01461,0.01465,0.01454,0.0146,3228628.0
1762106400000,0.0146,0.01464,0.01456,0.01458,2266477.0
1762110000000,0.01458,0.01461,0.0145,0.01455,2402805.0
1762113600000,0.01456,0.01461,0.01453,0.0146,2198627.0
1762117200000,0.0146,0.01468,0.0146,0.01466,1992333.0
1762120800000,0.01465,0.01477,0.01464,0.01472,3401138.0
1762124400000,0.01472,0.01491,0.01471,0.01487,3580381.0
1762128000000,0.01488,0.01492,0.01471,0.01471,2816104.0
1762131600000,0.0147,0.0147,0.01449,0.01452,6284151.0
1762135200000,0.01451,0.01456,0.01437,0.0144,8303307.0
1762138800000,0.01441,0.01444,0.01397,0.01401,21050353.0
1762142400000,0.014,0.01403,0.01381,0.01398,14435974.0
1762146000000,0.01398,0.01409,0.01387,0.01388,7348976.0
1762149600000,0.01388,0.01395,0.01375,0.01393,7985293.0
1762153200000,0.01394,0.01407,0.01386,0.01398,7170621.0
1762156800000,0.014,0.01404,0.01381,0.01395,6399340.0
1762160400000,0.01395,0.01408,0.0138,0.01381,5191284.0
1762164000000,0.01381,0.01392,0.01365,0.01375,5753518.0
1762167600000,0.01375,0.01396,0.01374,0.01386,6875564.0
1762171200000,0.01386,0.01397,0.01381,0.01383,3362040.0
1762174800000,0.01382,0.01386,0.01373,0.01377,5089734.0
1762178400000,0.01376,0.01389,0.01369,0.0138,4733841.0
1762182000000,0.01381,0.01383,0.01285,0.0131,46174804.0
1762185600000,0.01311,0.01337,0.01303,0.01333,12623732.0
1762189200000,0.01333,0.01355,0.01331,0.01351,5476276.0
1762192800000,0.01351,0.01354,0.01344,0.01349,6382252.0
1762196400000,0.01349,0.0135,0.01333,0.01334,4685704.0
1762200000000,0.01334,0.01337,0.01315,0.0132,5025969.0
1762203600000,0.0132,0.01334,0.01307,0.01332,11362956.0
1762207200000,0.01333,0.01338,0.01316,0.01332,8165501.0
1762210800000,0.01332,0.01338,0.01319,0.01336,3646042.0
1762214400000,0.01336,0.01361,0.01333,0.01354,18152749.0
1762218000000,0.01355,0.01362,0.01347,0.01352,5267397.0
1762221600000,0.01352,0.01355,0.01346,0.01349,3228971.0
1762225200000,0.01349,0.0136,0.01343,0.01359,3107806.0
1762228800000,0.01359,0.01365,0.01355,0.01361,4328424.0
1762232400000,0.0136,0.01362,0.01306,0.01309,16305749.0
1762236000000,0.01309,0.01351,0.01309,0.01339,9981026.0
1762239600000,0.01338,0.0134,0.01312,0.01322,11348377.0
1762243200000,0.01322,0.01344,0.01317,0.01333,9924041.0
1762246800000,0.01333,0.01339,0.01328,0.01337,4164822.0
1762250400000,0.01337,0.01346,0.01335,0.01341,4314004.0
1762254000000,0.01342,0.01358,0.01339,0.01344,4820237.0
1762257600000,0.01344,0.01346,0.01336,0.01338,3758078.0
1762261200000,0.01338,0.01345,0.01329,0.01339,4982114.0
1762264800000,0.01339,0.01365,0.01327,0.0136,9759037.0
1762268400000,0.01361,0.01367,0.01337,0.01339,7089946.0
1762272000000,0.0134,0.01346,0.01316,0.0132,6256725.0
1762275600000,0.01319,0.01329,0.0129,0.01308,17081475.0
1762279200000,0.01307,0.01308,0.01265,0.01299,16379294.0
1762282800000,0.01299,0.01309,0.01282,0.01283,7410446.0
1762286400000,0.01283,0.01298,0.01237,0.01283,28719211.0
1762290000000,0.01284,0.01286,0.01233,0.01278,26255245.0
1762293600000,0.01279,0.013,0.01272,0.01295,7990432.0
1762297200000,0.01296,0.01302,0.01286,0.01288,7479864.0
1762300800000,0.01288,0.0129,0.01265,0.01273,9144459.0
1762304400000,0.01273,0.01277,0.01234,0.01276,14550562.0
1762308000000,0.01275,0.01304,0.01275,0.01302,20543262.0
1762311600000,0.01303,0.0131,0.01295,0.01301,13595524.0
1762315200000,0.01301,0.01304,0.01293,0.01301,5375958.0
1762318800000,0.01302,0.01308,0.01297,0.01301,2649921.0
1762322400000,0.013,0.0131,0.01296,0.01307,5678432.0
1762326000000,0.01308,0.01311,0.01299,0.01308,2616893.0
1762329600000,0.01307,0.01307,0.01285,0.01295,10383387.0
1762333200000,0.01294,0.01309,0.01292,0.01308,2889437.0
1762336800000,0.01307,0.01312,0.01294,0.01294,2801988.0
1762340400000,0.01293,0.01315,0.01292,0.01313,2821030.0
1762344000000,0.01313,0.01321,0.01308,0.01316,6794331.0
1762347600000,0.01316,0.01328,0.01311,0.01323,3627641.0
1762351200000,0.01323,0.01329,0.01305,0.01322,12051120.0
1762354800000,0.01322,0.01334,0.01316,0.01333,4858594.0
1762358400000,0.01333,0.01342,0.01321,0.01342,5818384.0
1762362000000,0.01341,0.01345,0.01337,0.01341,2684378.0
1762365600000,0.0134,0.01347,0.01335,0.01342,2328100.0
1762369200000,0.01342,0.01343,0.01335,0.01339,2868370.0
1762372800000,0.01338,0.01345,0.01334,0.01337,2525800.0
1762376400000,0.01336,0.01345,0.01329,0.01341,3091629.0
1762380000000,0.01341,0.01346,0.01337,0.01343,2991357.0
1762383600000,0.01344,0.01344,0.01337,0.01338,2558372.0
1762387200000,0.01338,0.01341,0.01329,0.01331,2893388.0
1762390800000,0.01331,0.01331,0.01314,0.0132,5581360.0
1762394400000,0.01321,0.0133,0.01309,0.01324,3977013.0
1762398000000,0.01324,0.01332,0.01324,0.01327,2666610.0
1762401600000,0.01327,0.01334,0.01326,0.01331,1038496.0
1762405200000,0.0133,0.01332,0.01312,0.01313,3444694.0
1762408800000,0.01314,0.01321,0.01313,0.01317,2341407.0
1762412400000,0.01316,0.01322,0.01307,0.01313,3162953.0
1762416000000,0.01312,0.01318,0.0131,0.01315,2667106.0
1762419600000,0.01315,0.01318,0.01311,0.01313,2335281.0
1762423200000,0.01314,0.01322,0.01305,0.01316,2702648.0
1762426800000,0.01316,0.01322,0.01308,0.01319,1576220.0
1762430400000,0.0132,0.01321,0.01302,0.01307,4075587.0
1762434000000,0.01306,0.01337,0.01305,0.0133,5053327.0
1762437600000,0.0133,0.01333,0.01309,0.01311,6032609.0
1762441200000,0.01311,0.01328,0.01295,0.01303,6221232.0
1762444800000,0.01303,0.01308,0.01286,0.01297,5047688.0
1762448400000,0.01299,0.01312,0.01291,0.01309,4512490.0
1762452000000,0.01309,0.01322,0.01292,0.01314,3141662.0
1762455600000,0.01313,0.0134,0.0131,0.01339,6866526.0
1762459200000,0.01339,0.0137,0.01309,0.01313,21045605.0
1762462800000,0.01313,0.01331,0.01304,0.01326,11894349.0
1762466400000,0.01325,0.01326,0.0131,0.01324,2773389.0
1762470000000,0.01323,0.01324,0.01307,0.01321,3591712.0
1762473600000,0.01321,0.01337,0.01321,0.01336,4443192.0
1762477200000,0.01335,0.01344,0.01322,0.01339,4807054.0
1762480800000,0.01339,0.01349,0.01333,0.01348,3506208.0
1762484400000,0.01349,0.0136,0.01347,0.01355,3435681.0
1762488000000,0.01355,0.01357,0.01346,0.01355,2655150.0
1762491600000,0.01356,0.01372,0.01354,0.01371,2706641.0
1762495200000,0.01371,0.01376,0.01365,0.01365,4213365.0
1762498800000,0.01365,0.01388,0.01365,0.01387,5969796.0
1762502400000,0.01387,0.01393,0.01374,0.01378,5998891.0
1762506000000,0.01379,0.01381,0.01356,0.01371,7274506.0
1762509600000,0.01371,0.0138,0.01356,0.01363,3808066.0
1762513200000,0.01362,0.01362,0.01333,0.01349,8509633.0
1762516800000,0.01348,0.01356,0.01327,0.01338,8240536.0
1762520400000,0.01339,0.01357,0.01333,0.01353,4502226.0
1762524000000,0.01352,0.0138,0.01328,0.01376,6533781.0
1762527600000,0.01376,0.01408,0.01366,0.01403,11906162.0
1762531200000,0.01403,0.01444,0.01399,0.01444,19863232.0
1762534800000,0.01445,0.01467,0.01436,0.01462,20025135.0
1762538400000,0.01464,0.01492,0.01463,0.01474,14615423.0
1762542000000,0.01472,0.01484,0.0147,0.01483,5517104.0
1762545600000,0.01483,0.01487,0.01472,0.01484,6928345.0
1762549200000,0.01484,0.01495,0.01483,0.01493,4192598.0
1762552800000,0.01494,0.01498,0.0148,0.01492,6185709.0
1762556400000,0.01492,0.01493,0.01465,0.01476,7352536.0
1762560000000,0.01478,0.01493,0.01451,0.01452,5484729.0
1762563600000,0.01452,0.01483,0.01448,0.01478,6386241.0
1762567200000,0.01478,0.01495,0.01476,0.01477,3161832.0
1762570800000,0.01475,0.01484,0.01457,0.01457,5420208.0
1762574400000,0.01458,0.01474,0.01453,0.0146,5151463.0
1762578000000,0.0146,0.01463,0.01428,0.01431,5110990.0
1762581600000,0.01431,0.01439,0.01417,0.01432,6650655.0
1762585200000,0.01433,0.01456,0.01425,0.0145,3861186.0
1762588800000,0.0145,0.01509,0.0145,0.01508,13666546.0
1762592400000,0.01508,0.01513,0.01478,0.01511,48842483.0
1762596000000,0.0151,0.0152,0.01473,0.01481,22640286.0
1762599600000,0.01481,0.01488,0.01466,0.01477,9012376.0
1762603200000,0.01476,0.01482,0.01461,0.01473,5945852.0
1762606800000,0.01475,0.01475,0.01443,0.01444,8131731.0
1762610400000,0.01445,0.01453,0.01427,0.01445,7953734.0
1762614000000,0.01447,0.01463,0.01431,0.01438,12643372.0
1762617600000,0.01437,0.01453,0.01426,0.01449,9575661.0
1762621200000,0.0145,0.01453,0.01439,0.01444,2157357.0
1762624800000,0.01444,0.01457,0.01441,0.01454,2113550.0
1762628400000,0.01453,0.0146,0.0144,0.01455,2813176.0
1762632000000,0.01457,0.01466,0.01453,0.01459,1907126.0
1762635600000,0.0146,0.01467,0.01451,0.01466,1728649.0
1762639200000,0.01466,0.01475,0.01463,0.01466,1814404.0
1762642800000,0.01465,0.01467,0.01464,0.01466,828506.0
1762646400000,0.01466,0.01469,0.01448,0.01461,4878906.0
1762650000000,0.0146,0.01472,0.01454,0.01467,2652593.0
1762653600000,0.01466,0.01466,0.01421,0.01427,5566087.0
1762657200000,0.01428,0.01429,0.01415,0.01426,3635587.0
1762660800000,0.01424,0.01442,0.01424,0.01433,2186782.0
1762664400000,0.01433,0.01436,0.01424,0.01434,1836523.0
1762668000000,0.01434,0.01445,0.01425,0.01427,1414623.0
1762671600000,0.01428,0.01451,0.01428,0.01443,3224950.0
1762675200000,0.01443,0.01447,0.01433,0.01438,2104796.0
1762678800000,0.0144,0.01451,0.01431,0.01433,2312699.0
1762682400000,0.01433,0.01445,0.01426,0.01445,3156105.0
1762686000000,0.01446,0.01468,0.01446,0.01456,3853296.0
1762689600000,0.01456,0.01462,0.0145,0.01453,3402708.0
1762693200000,0.01452,0.01462,0.01445,0.0146,5811160.0
1762696800000,0.0146,0.01483,0.01452,0.01466,5706730.0
1762700400000,0.01468,0.01486,0.01468,0.01483,3630337.0
1762704000000,0.01484,0.01485,0.01471,0.01481,1905444.0
1762707600000,0.01481,0.01482,0.01471,0.01474,1780763.0
1762711200000,0.01474,0.01484,0.01465,0.01483,2245148.0
1762714800000,0.01482,0.01489,0.01477,0.01489,2434567.0
1762718400000,0.01489,0.0149,0.01475,0.01479,2803345.0
1762722000000,0.0148,0.01482,0.01473,0.01476,1483169.0
1762725600000,0.01478,0.01483,0.01469,0.0148,3027018.0
1762729200000,0.01481,0.01498,0.01476,0.01494,7426645.0
1762732800000,0.01495,0.01509,0.01484,0.01492,9761282.0
1762736400000,0.01492,0.01503,0.01488,0.01493,6202368.0
1762740000000,0.01494,0.01509,0.0149,0.01498,7535726.0
1762743600000,0.015,0.0151,0.01499,0.01503,2771739.0
1762747200000,0.01504,0.01507,0.0149,0.01501,3938551.0
1762750800000,0.01501,0.01507,0.01491,0.01497,7855549.0
1762754400000,0.01498,0.01499,0.01484,0.01497,4587994.0
1762758000000,0.01498,0.01505,0.01491,0.01504,3336185.0
1762761600000,0.01504,0.0151,0.01489,0.01496,4609444.0
1762765200000,0.01496,0.01515,0.01493,0.0151,5948611.0
1762768800000,0.01511,0.01513,0.01487,0.01493,3633302.0
1762772400000,0.01494,0.01506,0.01493,0.01499,4567818.0
1762776000000,0.015,0.01502,0.01488,0.01493,4198787.0
1762779600000,0.01493,0.01507,0.01489,0.01502,3030417.0
1762783200000,0.01502,0.01502,0.01474,0.01483,7408617.0
1762786800000,0.01484,0.01501,0.01478,0.0149,4126985.0
1762790400000,0.01488,0.01499,0.0147,0.01479,4420765.0
1762794000000,0.01478,0.015,0.01475,0.01493,2291936.0
1762797600000,0.01495,0.01495,0.01483,0.01485,2067679.0
1762801200000,0.01484,0.01507,0.01482,0.015,3012807.0
1762804800000,0.015,0.01505,0.01494,0.015,5905734.0
1762808400000,0.015,0.01502,0.01483,0.01491,2202640.0
1762812000000,0.01491,0.01514,0.0148,0.01513,3996911.0
1762815600000,0.01512,0.01514,0.01497,0.01505,3126662.0
1762819200000,0.01505,0.01507,0.01479,0.0149,3860273.0
1762822800000,0.01491,0.01521,0.0149,0.01493,7555969.0
1762826400000,0.01494,0.01516,0.01488,0.0151,4204037.0
1762830000000,0.01509,0.01516,0.015,0.01505,3136187.0
1762833600000,0.01505,0.01507,0.01488,0.01493,2298837.0
1762837200000,0.01492,0.01493,0.01476,0.01482,3231341.0
1762840800000,0.01481,0.01485,0.01473,0.01481,5910525.0
1762844400000,0.01481,0.01483,0.01462,0.01462,4256353.0
1762848000000,0.01462,0.0148,0.01458,0.0148,4320586.0
1762851600000,0.01479,0.01491,0.01474,0.01477,4569535.0
1762855200000,0.01477,0.01488,0.01475,0.01484,4219594.0
1762858800000,0.01485,0.01515,0.01484,0.01498,19913421.0
1762862400000,0.01499,0.015,0.0147,0.01474,6351636.0
1762866000000,0.01473,0.01483,0.0147,0.0147,4425143.0
1762869600000,0.01469,0.01481,0.01457,0.01481,4650978.0
1762873200000,0.0148,0.0148,0.01459,0.01468,2864837.0
1762876800000,0.01468,0.01495,0.01463,0.01484,4246420.0
1762880400000,0.01485,0.01492,0.01463,0.01471,6921896.0
1762884000000,0.01472,0.01476,0.01459,0.01463,3174076.0
1762887600000,0.01463,0.01463,0.01441,0.01441,6978116.0
1762891200000,0.01441,0.01443,0.01421,0.01424,4522642.0
1762894800000,0.01425,0.01433,0.01408,0.01409,6014657.0
1762898400000,0.01408,0.0144,0.01405,0.01431,8336397.0
1762902000000,0.01431,0.01433,0.014,0.01407,8945066.0
1762905600000,0.01407,0.01423,0.01401,0.01412,6185202.0
1762909200000,0.01412,0.01438,0.0141,0.01435,3797450.0
1762912800000,0.01435,0.01443,0.01423,0.01435,5414876.0
1762916400000,0.01435,0.01464,0.01432,0.01449,5908470.0
1762920000000,0.01449,0.01462,0.01444,0.01461,2871592.0
1762923600000,0.01462,0.01462,0.01451,0.01462,3310122.0
1762927200000,0.01461,0.01473,0.01461,0.01466,2403407.0
1762930800000,0.01464,0.01467,0.0145,0.01453,2158416.0
1762934400000,0.01452,0.01472,0.01444,0.01465,3515838.0
1762938000000,0.01464,0.01475,0.01462,0.01468,4364825.0
1762941600000,0.01468,0.01478,0.01468,0.01473,2071352.0
1762945200000,0.01473,0.01477,0.01464,0.01465,2606477.0
1762948800000,0.01465,0.0148,0.01459,0.01466,8125005.0
1762952400000,0.01466,0.01471,0.01455,0.01467,2516912.0
1762956000000,0.01467,0.01469,0.01428,0.01447,5289414.0
1762959600000,0.01445,0.01455,0.01419,0.01424,5231866.0
1762963200000,0.01425,0.01427,0.01397,0.01405,8954660.0
1762966800000,0.01406,0.01419,0.01391,0.01411,7067291.0
1762970400000,0.01411,0.01419,0.01407,0.01409,4270605.0
1762974000000,0.01408,0.01413,0.01392,0.0141,6337474.0
1762977600000,0.01408,0.01431,0.01404,0.01427,4152542.0
1762981200000,0.01426,0.01432,0.01423,0.01431,2966405.0
1762984800000,0.01432,0.01432,0.01414,0.01425,5100470.0
1762988400000,0.01424,0.01425,0.01411,0.01411,3608166.0
1762992000000,0.01411,0.01423,0.01409,0.01414,5615083.0
1762995600000,0.01414,0.01438,0.01413,0.01427,4619559.0
1762999200000,0.01426,0.01437,0.01422,0.01424,3339635.0
1763002800000,0.01423,0.01438,0.01402,0.01425,6580415.0
1763006400000,0.01424,0.01435,0.01418,0.0143,2837953.0
1763010000000,0.01429,0.01441,0.01423,0.01439,2114113.0
1763013600000,0.01438,0.01443,0.01434,0.01438,1648887.0
1763017200000,0.01436,0.01441,0.01425,0.01428,1832960.0
1763020800000,0.01429,0.01445,0.01426,0.01441,2755211.0
1763024400000,0.01441,0.01463,0.01434,0.01437,13057220.0
1763028000000,0.01437,0.01452,0.01434,0.01437,2896724.0
1763031600000,0.01437,0.01442,0.01434,0.01438,1156159.0
1763035200000,0.01438,0.01439,0.0143,0.01435,2279529.0
1763038800000,0.01434,0.01438,0.0142,0.01429,4712221.0
1763042400000,0.0143,0.01446,0.01413,0.01437,6966425.0
1763046000000,0.01435,0.01439,0.01406,0.01415,10127728.0
1763049600000,0.01415,0.01417,0.01388,0.0139,6189148.0
1763053200000,0.0139,0.01393,0.01355,0.01357,14189632.0
1763056800000,0.01357,0.01363,0.01329,0.01342,13100242.0
1763060400000,0.01341,0.0135,0.01318,0.01326,15175397.0
1763064000000,0.01325,0.01337,0.01317,0.01324,6433977.0
1763067600000,0.01325,0.01342,0.01324,0.01339,4663885.0
1763071200000,0.01338,0.01371,0.01336,0.01366,5852096.0
1763074800000,0.01367,0.01375,0.01356,0.01359,5209918.0
1763078400000,0.01359,0.01371,0.0134,0.01344,8291837.0
1763082000000,0.01344,0.01357,0.0134,0.01347,6078433.0
1763085600000,0.01348,0.0136,0.01347,0.01352,4464061.0
1763089200000,0.01353,0.01354,0.01342,0.0135,3077279.0
1763092800000,0.01351,0.01351,0.01274,0.0131,33297572.0
1763096400000,0.0131,0.01345,0.01309,0.01338,17848337.0
1763100000000,0.01339,0.01353,0.01317,0.01352,4207200.0
1763103600000,0.01353,0.01355,0.01338,0.01343,5260453.0
1763107200000,0.01344,0.01347,0.01337,0.01342,2625387.0
1763110800000,0.01341,0.01346,0.01323,0.01327,2882987.0
1763114400000,0.01327,0.01344,0.01327,0.01336,1984880.0
1763118000000,0.01336,0.01336,0.01319,0.01326,2993004.0
1763121600000,0.01326,0.01333,0.01302,0.01333,5916751.0
1763125200000,0.01332,0.01339,0.01314,0.01328,6242109.0
1763128800000,0.01329,0.01355,0.0132,0.01348,6034439.0
1763132400000,0.01348,0.0136,0.01338,0.0135,6131729.0
1763136000000,0.01351,0.01382,0.01346,0.01377,17712399.0
1763139600000,0.01376,0.01386,0.01343,0.01356,130684358.0
1763143200000,0.01355,0.01374,0.0135,0.0137,10693331.0
1763146800000,0.01369,0.01384,0.01365,0.01381,4804831.0
1763150400000,0.01382,0.01383,0.01345,0.0136,9278434.0
1763154000000,0.01361,0.01379,0.01359,0.01365,9246724.0
1763157600000,0.01366,0.01372,0.01346,0.0135,6233414.0
1763161200000,0.01351,0.01351,0.01306,0.01325,33641439.0
1763164800000,0.01325,0.01338,0.01324,0.01331,6776897.0
1763168400000,0.01331,0.01358,0.01328,0.01353,6514518.0
1763172000000,0.01354,0.01368,0.0135,0.01368,2829148.0
1763175600000,0.01367,0.01371,0.01363,0.01366,3850560.0
1763179200000,0.01365,0.01366,0.01352,0.01354,2587079.0
1763182800000,0.01354,0.01365,0.01354,0.01362,2069654.0
1763186400000,0.01363,0.01373,0.0136,0.01364,2076755.0
1763190000000,0.01364,0.01364,0.01355,0.01357,2235833.0
1763193600000,0.01356,0.01358,0.01323,0.01329,7719124.0
1763197200000,0.01328,0.01342,0.01324,0.01336,4879882.0
1763200800000,0.01336,0.01339,0.0133,0.01338,2520451.0
1763204400000,0.01337,0.01342,0.01329,0.01334,2932697.0
1763208000000,0.01335,0.01346,0.01331,0.01344,2159365.0
1763211600000,0.01344,0.0136,0.0134,0.01354,4996352.0
1763215200000,0.01354,0.01354,0.01332,0.01337,13048616.0
1763218800000,0.01337,0.01339,0.01328,0.0133,4195038.0
1763222400000,0.01329,0.01333,0.01317,0.01333,5800846.0
1763226000000,0.01333,0.01343,0.01329,0.0134,4594975.0
1763229600000,0.01341,0.01342,0.01332,0.01336,2593960.0
1763233200000,0.01336,0.01338,0.0133,0.01333,1467228.0
1763236800000,0.01333,0.01336,0.0132,0.01322,3430578.0
1763240400000,0.01321,0.01329,0.01311,0.01314,3510803.0
1763244000000,0.01313,0.01328,0.01312,0.01328,2696580.0
1763247600000,0.01327,0.01327,0.01319,0.0132,2610953.0
1763251200000,0.01321,0.01338,0.01308,0.01318,12147796.0
1763254800000,0.01317,0.01323,0.01301,0.01318,5403435.0
1763258400000,0.01317,0.01329,0.01313,0.01324,3439432.0
1763262000000,0.01325,0.0133,0.01321,0.01325,2206666.0
1763265600000,0.01324,0.01326,0.01312,0.01321,1437063.0
1763269200000,0.0132,0.01328,0.01319,0.0132,2604728.0
1763272800000,0.01319,0.01324,0.01315,0.01317,2091422.0
1763276400000,0.01317,0.01322,0.01311,0.01322,2463894.0
1763280000000,0.01322,0.01324,0.01309,0.01315,3104513.0
1763283600000,0.01315,0.01327,0.0131,0.01325,2299212.0
1763287200000,0.01325,0.01326,0.01315,0.01317,1806479.0
1763290800000,0.01317,0.01319,0.01289,0.01295,5929448.0
1763294400000,0.01295,0.01304,0.01285,0.01294,4977718.0
1763298000000,0.01294,0.01296,0.01278,0.01284,6019219.0
1763301600000,0.01284,0.01295,0.01281,0.01289,4724283.0
1763305200000,0.0129,0.01291,0.0126,0.01263,6931005.0
1763308800000,0.01262,0.01278,0.01254,0.01262,10400303.0
1763312400000,0.01261,0.01268,0.01243,0.01261,10402497.0
1763316000000,0.01262,0.01286,0.01254,0.01255,8306324.0
1763319600000,0.01256,0.01276,0.01256,0.01266,3104157.0
1763323200000,0.01265,0.01276,0.01263,0.01268,2409156.0
1763326800000,0.01267,0.0127,0.01258,0.01268,2971607.0
1763330400000,0.01269,0.01282,0.01255,0.01278,4372753.0
1763334000000,0.01277,0.01287,0.01253,0.01277,5188254.0
1763337600000,0.01278,0.01291,0.01261,0.01282,4822978.0
1763341200000,0.01284,0.01285,0.01272,0.01275,2770606.0
1763344800000,0.01275,0.01286,0.01271,0.01282,3298883.0
1763348400000,0.01283,0.0129,0.01282,0.0129,1309767.0
1763352000000,0.0129,0.01291,0.01281,0.01283,4562457.0
1763355600000,0.01282,0.01291,0.01279,0.01286,2483169.0
1763359200000,0.01286,0.01289,0.0128,0.01287,3154555.0
1763362800000,0.01288,0.01291,0.01285,0.01288,2362552.0
1763366400000,0.01287,0.01294,0.01283,0.0129,5557263.0
1763370000000,0.01289,0.01298,0.01287,0.01293,1581115.0
1763373600000,0.01292,0.01296,0.01283,0.01283,3688908.0
1763377200000,0.01284,0.01295,0.01282,0.01289,2552696.0
1763380800000,0.0129,0.01294,0.01285,0.01288,2282544.0
1763384400000,0.01287,0.01289,0.01254,0.01263,8374191.0
1763388000000,0.01263,0.01307,0.01254,0.01279,14185830.0
1763391600000,0.0128,0.01286,0.0126,0.01267,7410695.0
1763395200000,0.01268,0.01279,0.0125,0.01278,7307672.0
1763398800000,0.01278,0.01279,0.01243,0.01247,4892888.0
1763402400000,0.01246,0.01252,0.0123,0.01236,7431422.0
1763406000000,0.01236,0.01243,0.01219,0.01225,10135831.0
1763409600000,0.01225,0.01234,0.01214,0.01228,6776574.0
1763413200000,0.01229,0.01236,0.01222,0.0123,3630367.0
1763416800000,0.0123,0.01244,0.01227,0.01239,1875727.0
1763420400000,0.01239,0.01242,0.01233,0.0124,3088746.0
1763424000000,0.01239,0.01243,0.01218,0.01241,4990473.0
1763427600000,0.0124,0.01246,0.01233,0.01236,3763868.0
1763431200000,0.01236,0.01252,0.01224,0.01235,6020981.0
1763434800000,0.01234,0.01252,0.01219,0.0125,8500984.0
1763438400000,0.0125,0.01252,0.01232,0.01251,5507147.0
1763442000000,0.0125,0.01259,0.0124,0.01248,4247310.0
1763445600000,0.01247,0.01251,0.01233,0.01235,3013971.0
1763449200000,0.01234,0.01248,0.01228,0.01242,4240236.0
1763452800000,0.01242,0.01257,0.01242,0.01255,5646831.0
1763456400000,0.01254,0.0126,0.0125,0.01258,5827885.0
1763460000000,0.01259,0.01271,0.01256,0.01271,3516090.0
1763463600000,0.0127,0.0127,0.01257,0.01259,3378998.0
1763467200000,0.01259,0.01263,0.0125,0.01259,2531644.0
1763470800000,0.0126,0.0126,0.01245,0.01257,3335685.0
1763474400000,0.01258,0.01271,0.01251,0.01251,5248524.0
1763478000000,0.0125,0.01277,0.01243,0.01273,5431289.0
1763481600000,0.01272,0.01289,0.01268,0.01282,4042822.0
1763485200000,0.01281,0.01284,0.01272,0.01279,1858332.0
1763488800000,0.01281,0.01288,0.0128,0.01285,2564661.0
1763492400000,0.01285,0.01287,0.0128,0.01283,3216398.0
1763496000000,0.01284,0.01285,0.01272,0.01273,5365168.0
1763499600000,0.01272,0.01272,0.01258,0.01259,2287768.0
1763503200000,0.01259,0.01275,0.01259,0.01274,2757039.0
1763506800000,0.01275,0.01275,0.01262,0.01267,3513503.0
1763510400000,0.01268,0.01274,0.01253,0.01272,4140693.0
1763514000000,0.01273,0.01276,0.01263,0.0127,2310360.0
1763517600000,0.01271,0.01277,0.01262,0.01262,2941706.0
1763521200000,0.01262,0.01264,0.01247,0.01249,2774024.0
1763524800000,0.01249,0.01252,0.01242,0.01243,3211926.0
1763528400000,0.01244,0.01245,0.01219,0.01228,7207775.0
1763532000000,0.01229,0.0124,0.01225,0.01239,4574423.0
1763535600000,0.01239,0.01257,0.01238,0.01254,5342659.0
1763539200000,0.01254,0.01257,0.01248,0.0125,2258545.0
1763542800000,0.01249,0.01253,0.01244,0.01251,3597133.0
1763546400000,0.01251,0.01254,0.01241,0.01245,2827783.0
1763550000000,0.01244,0.01249,0.01238,0.01243,3083338.0
1763553600000,0.01242,0.01249,0.01241,0.01248,2144751.0
1763557200000,0.01248,0.01249,0.0124,0.01242,2249721.0
1763560800000,0.01241,0.01243,0.0123,0.01242,12727496.0
1763564400000,0.01241,0.01255,0.01221,0.01221,5574436.0
1763568000000,0.01221,0.01227,0.01206,0.01212,14955186.0
1763571600000,0.01213,0.01217,0.0119,0.01198,21824697.0
1763575200000,0.01198,0.012,0.01182,0.01192,31110169.0
1763578800000,0.01193,0.01196,0.01182,0.01191,4861855.0
1763582400000,0.01191,0.01213,0.01189,0.01211,4012512.0
1763586000000,0.01211,0.0124,0.01209,0.01232,7189713.0
1763589600000,0.01233,0.01233,0.0122,0.01223,4647875.0
1763593200000,0.01223,0.01234,0.01222,0.01227,3539120.0
1763596800000,0.01227,0.0123,0.01222,0.01227,3920319.0
1763600400000,0.01228,0.01236,0.01227,0.01235,3481859.0
1763604000000,0.01236,0.01239,0.01234,0.01237,2149230.0
1763607600000,0.01238,0.01239,0.01234,0.01236,1325374.0
1763611200000,0.01236,0.01238,0.01228,0.01238,3229276.0
1763614800000,0.01237,0.01244,0.01235,0.01236,2505960.0
1763618400000,0.01236,0.01238,0.0123,0.01235,1789179.0
1763622000000,0.01234,0.0124,0.0123,0.01238,3383035.0
1763625600000,0.01239,0.0124,0.01233,0.01237,2271532.0
1763629200000,0.01237,0.01239,0.01231,0.01235,2714756.0
1763632800000,0.01234,0.01237,0.01226,0.01236,2428496.0
1763636400000,0.01235,0.01239,0.0123,0.01239,1344101.0
1763640000000,0.01238,0.01264,0.01236,0.01261,5866871.0
1763643600000,0.0126,0.01263,0.01249,0.01251,5347942.0
1763647200000,0.01251,0.01258,0.01235,0.01255,6881246.0
1763650800000,0.01256,0.01256,0.01227,0.01229,6566766.0
1763654400000,0.01229,0.01232,0.0119,0.01192,18801784.0
1763658000000,0.01194,0.012,0.01175,0.01185,18352526.0
1763661600000,0.01185,0.01196,0.01181,0.01183,5205495.0
1763665200000,0.01183,0.01194,0.01171,0.01191,4305555.0
1763668800000,0.01191,0.01191,0.01177,0.01186,2719900.0
1763672400000,0.01187,0.01209,0.01187,0.01204,2954745.0
1763676000000,0.01204,0.01219,0.012,0.01211,3311337.0
1763679600000,0.01212,0.01214,0.01187,0.01188,9666539.0
1763683200000,0.01189,0.01204,0.01186,0.01202,7917902.0
1763686800000,0.01201,0.0121,0.01196,0.01202,2349981.0
1763690400000,0.01202,0.01202,0.01171,0.01174,6842492.0
1763694000000,0.01174,0.0119,0.01174,0.01185,6584972.0
1763697600000,0.01185,0.01187,0.01165,0.01181,8674543.0
1763701200000,0.0118,0.01183,0.01169,0.01173,3753131.0
1763704800000,0.01172,0.01185,0.0117,0.01178,4701715.0
1763708400000,0.01177,0.0118,0.0107,0.01143,33631213.0
1763712000000,0.01143,0.01149,0.01131,0.01135,16403851.0
1763715600000,0.01135,0.01142,0.01112,0.01116,8532372.0
1763719200000,0.01116,0.01127,0.01108,0.0112,13908669.0
1763722800000,0.0112,0.01134,0.0111,0.01112,7570455.0
1763726400000,0.01112,0.01133,0.01085,0.01123,33226689.0
1763730000000,0.01124,0.01133,0.01113,0.01116,15624741.0
1763733600000,0.01116,0.01135,0.01106,0.0113,19682747.0
1763737200000,0.01131,0.01133,0.01106,0.01113,12763050.0
1763740800000,0.01113,0.01138,0.01102,0.01136,15748019.0
1763744400000,0.01137,0.01153,0.01132,0.0114,21274706.0
1763748000000,0.0114,0.01143,0.01113,0.01134,19904045.0
1763751600000,0.01134,0.0114,0.01126,0.01128,4954279.0
1763755200000,0.01128,0.01131,0.0111,0.01118,6009645.0
1763758800000,0.01119,0.0117,0.01116,0.01145,34712433.0
1763762400000,0.01145,0.0116,0.01114,0.01119,23673602.0
1763766000000,0.01119,0.01158,0.01112,0.01151,14295726.0
1763769600000,0.0115,0.01155,0.0114,0.01143,16507801.0
1763773200000,0.01144,0.01151,0.01139,0.01148,10927782.0
1763776800000,0.01149,0.0115,0.01136,0.01141,6442314.0
1763780400000,0.01141,0.01148,0.01134,0.01142,7444109.0
1763784000000,0.01141,0.01141,0.01115,0.01137,18290595.0
1763787600000,0.01138,0.01142,0.01126,0.01137,17207073.0
1763791200000,0.01137,0.01147,0.01124,0.01143,12692488.0
1763794800000,0.01144,0.01145,0.01129,0.01132,8524705.0
1763798400000,0.01132,0.01132,0.01106,0.01114,9512047.0
1763802000000,0.01114,0.0113,0.01111,0.01121,6697232.0
1763805600000,0.0112,0.01128,0.01111,0.01119,5135863.0
1763809200000,0.01119,0.01197,0.01118,0.01196,99262956.0
1763812800000,0.01195,0.01195,0.01159,0.01167,46985088.0
1763816400000,0.01167,0.01185,0.01144,0.01175,47547614.0
1763820000000,0.01176,0.01211,0.01173,0.0118,52789098.0
1763823600000,0.0118,0.01188,0.01169,0.0118,23442306.0
1763827200000,0.01179,0.01224,0.01175,0.01202,41400651.0
1763830800000,0.01203,0.01225,0.0119,0.01192,25314466.0
1763834400000,0.01192,0.01192,0.01177,0.01188,10944252.0
1763838000000,0.01187,0.01243,0.01181,0.01194,73536834.0
1763841600000,0.01194,0.01227,0.01191,0.01215,34023520.0
1763845200000,0.01214,0.01214,0.01186,0.01193,14518010.0
1763848800000,0.01193,0.01209,0.01191,0.01206,6858039.0
1763852400000,0.01206,0.01206,0.01193,0.01198,3952860.0
1763856000000,0.01197,0.01199,0.01175,0.01179,13425022.0
1763859600000,0.0118,0.01191,0.01176,0.01181,6955097.0
1763863200000,0.0118,0.01196,0.01177,0.01188,10690165.0
1763866800000,0.01188,0.01195,0.01182,0.01188,6194684.0
1763870400000,0.01188,0.01197,0.01185,0.01192,7344389.0
1763874000000,0.01191,0.01207,0.01191,0.01203,7827980.0
1763877600000,0.01203,0.01214,0.01187,0.01189,12693479.0
1763881200000,0.0119,0.01191,0.01174,0.01185,13517657.0
1763884800000,0.01185,0.01192,0.01181,0.01187,8736806.0
1763888400000,0.01188,0.01195,0.01186,0.0119,5257505.0
1763892000000,0.01189,0.01193,0.01183,0.01188,5951570.0
1763895600000,0.01188,0.01188,0.01175,0.01186,8806727.0
1763899200000,0.01186,0.01206,0.01185,0.01196,19484888.0
1763902800000,0.01196,0.01203,0.01192,0.01194,7717103.0
1763906400000,0.01194,0.01201,0.01177,0.01179,9885757.0
1763910000000,0.01178,0.01195,0.01176,0.01191,11819704.0
1763913600000,0.01192,0.01201,0.01188,0.01188,9181498.0
1763917200000,0.01189,0.01193,0.01184,0.01187,7784554.0
1763920800000,0.01187,0.01194,0.01186,0.01189,2424161.0
1763924400000,0.01189,0.01199,0.01188,0.01194,3715253.0
1763928000000,0.01193,0.012,0.01192,0.01198,2901548.0
1763931600000,0.01198,0.01207,0.01193,0.01203,6409580.0
1763935200000,0.01203,0.0121,0.01199,0.01209,6504803.0
1763938800000,0.0121,0.01213,0.01192,0.01197,10404379.0
1763942400000,0.01197,0.01238,0.01195,0.01202,75664003.0
1763946000000,0.01202,0.01209,0.01173,0.01181,28672539.0
1763949600000,0.0118,0.01206,0.01178,0.01195,14047745.0
1763953200000,0.01194,0.01203,0.01186,0.01189,8137020.0
1763956800000,0.01189,0.01196,0.01175,0.01182,12044060.0
1763960400000,0.01182,0.01201,0.01179,0.0119,10945772.0
1763964000000,0.01192,0.01195,0.01184,0.01187,8035508.0
1763967600000,0.01187,0.0119,0.01178,0.01182,7699604.0
1763971200000,0.01182,0.01195,0.01177,0.01192,9562677.0
1763974800000,0.01193,0.01193,0.01165,0.0117,11016212.0
1763978400000,0.0117,0.01175,0.01167,0.01172,9426444.0
1763982000000,0.01172,0.01179,0.01169,0.01175,2898523.0
1763985600000,0.01175,0.01179,0.01167,0.01171,4391568.0
1763989200000,0.01172,0.01188,0.0117,0.0118,6908081.0
1763992800000,0.01181,0.01193,0.01166,0.01184,11318702.0
1763996400000,0.01184,0.01198,0.01183,0.01194,6581948.0
1764000000000,0.01195,0.01205,0.01193,0.012,4505629.0
1764003600000,0.012,0.01218,0.01199,0.01215,14023735.0
1764007200000,0.01217,0.01219,0.01213,0.01214,8279836.0
1764010800000,0.01215,0.0122,0.0121,0.01213,3838942.0
1764014400000,0.01213,0.01225,0.01211,0.01222,5430240.0
1764018000000,0.01222,0.01223,0.01215,0.01219,2574179.0
1764021600000,0.01218,0.01223,0.01214,0.01218,3369058.0
1764025200000,0.01218,0.01219,0.012,0.01207,7474234.0
1764028800000,0.01208,0.01209,0.01196,0.012,16447011.0
1764032400000,0.01199,0.01202,0.01189,0.01189,6343217.0
1764036000000,0.0119,0.01196,0.01187,0.01195,3697746.0
1764039600000,0.01194,0.01201,0.01193,0.01199,2315114.0
1764043200000,0.01198,0.01205,0.0119,0.01201,3191821.0
1764046800000,0.01201,0.01209,0.01197,0.01205,2108139.0
1764050400000,0.01205,0.01207,0.01195,0.01199,2356532.0
1764054000000,0.012,0.01204,0.01194,0.01195,2465750.0
1764057600000,0.01196,0.01202,0.01189,0.01191,3682628.0
1764061200000,0.01192,0.01195,0.01182,0.01194,2684348.0
1764064800000,0.01194,0.01203,0.01191,0.012,1607964.0
1764068400000,0.012,0.01206,0.01195,0.01199,3697566.0
1764072000000,0.01199,0.01207,0.01197,0.01202,2638585.0
1764075600000,0.01201,0.01204,0.01189,0.01192,2948412.0
1764079200000,0.01193,0.01197,0.01175,0.01186,5894565.0
1764082800000,0.01186,0.01204,0.01178,0.012,5528224.0
1764086400000,0.01199,0.01209,0.01197,0.01204,2216028.0
1764090000000,0.01204,0.01209,0.01199,0.01204,1803893.0
1764093600000,0.01203,0.01209,0.01199,0.012,5536851.0
1764097200000,0.01201,0.01204,0.01187,0.01203,4097444.0
1764100800000,0.01202,0.01212,0.01202,0.01208,1888665.0
1764104400000,0.01208,0.01217,0.01205,0.01207,12682904.0
1764108000000,0.01207,0.01219,0.01194,0.01218,4418950.0
1764111600000,0.01217,0.01236,0.01217,0.01229,11854763.0
1764115200000,0.0123,0.01232,0.01225,0.01226,4743346.0
1764118800000,0.01227,0.01234,0.01225,0.01227,3432886.0
1764122400000,0.01227,0.01229,0.01215,0.01217,14793121.0
1764126000000,0.01218,0.01219,0.01202,0.01203,4148018.0
1764129600000,0.01204,0.01207,0.012,0.01202,1899881.0
1764133200000,0.01203,0.01217,0.01202,0.01213,5047330.0
1764136800000,0.01214,0.01216,0.01206,0.0121,3957718.0
1764140400000,0.01211,0.01211,0.01201,0.01211,7954230.0
1764144000000,0.01211,0.01211,0.01197,0.01198,2477585.0
1764147600000,0.01197,0.01201,0.01193,0.01196,4457651.0
1764151200000,0.01196,0.01203,0.01196,0.012,2625021.0
1764154800000,0.012,0.01202,0.01194,0.01197,1701605.0
1764158400000,0.01197,0.01198,0.01186,0.01195,3116947.0
1764162000000,0.01194,0.01213,0.01192,0.01213,2771160.0
1764165600000,0.01214,0.0122,0.01201,0.01204,15233871.0
1764169200000,0.01203,0.01211,0.01192,0.01199,3729977.0
1764172800000,0.012,0.01214,0.012,0.01207,2253846.0
1764176400000,0.01208,0.01225,0.01205,0.01223,5695193.0
1764180000000,0.01224,0.01228,0.01218,0.01225,4848860.0
1764183600000,0.01225,0.01225,0.01219,0.01223,938732.0
1764187200000,0.01223,0.01225,0.01219,0.01223,1051085.0
1764190800000,0.01223,0.01236,0.01219,0.01232,4378385.0
1764194400000,0.01232,0.01236,0.01219,0.0123,6382104.0
1764198000000,0.01231,0.01231,0.01222,0.01229,3548313.0
1764201600000,0.0123,0.01231,0.0122,0.0122,4275689.0
1764205200000,0.0122,0.01225,0.01218,0.01224,3407356.0
1764208800000,0.01223,0.01228,0.01217,0.01218,4247431.0
1764212400000,0.0122,0.01224,0.0121,0.01214,6132369.0
1764216000000,0.01213,0.01217,0.01212,0.01215,3968131.0
1764219600000,0.01214,0.01223,0.01209,0.01212,7204943.0
1764223200000,0.01211,0.01219,0.01211,0.01216,3619849.0
1764226800000,0.01215,0.01224,0.01213,0.01221,3050361.0
1764230400000,0.01221,0.01227,0.01214,0.01224,2783883.0
1764234000000,0.01224,0.01227,0.01213,0.01222,8973840.0
1764237600000,0.01221,0.01223,0.01215,0.01219,6629951.0
1764241200000,0.01218,0.01226,0.01216,0.0122,4831529.0
1764244800000,0.01221,0.01221,0.01208,0.01209,1822533.0
1764248400000,0.0121,0.01214,0.01208,0.0121,2738623.0
1764252000000,0.01211,0.01214,0.01207,0.01212,3928865.0
1764255600000,0.01211,0.01219,0.0121,0.01219,1739086.0
1764259200000,0.01219,0.01227,0.01216,0.01225,4366738.0
1764262800000,0.01226,0.01229,0.01223,0.01226,1218813.0
1764266400000,0.01227,0.01233,0.01223,0.01228,2425453.0
1764270000000,0.01227,0.01228,0.01224,0.01226,1288259.0
1764273600000,0.01226,0.01228,0.01223,0.01227,1494584.0
1764277200000,0.01227,0.01228,0.01218,0.01218,2093814.0
1764280800000,0.01218,0.01224,0.01215,0.01217,1688923.0
1764284400000,0.01217,0.0122,0.01211,0.01216,1586645.0
1764288000000,0.01215,0.01217,0.01211,0.01216,1519086.0
1764291600000,0.01216,0.0122,0.01209,0.0121,3581839.0
1764295200000,0.0121,0.01213,0.01205,0.0121,4211877.0
1764298800000,0.01211,0.01216,0.01209,0.01212,2540717.0
1764302400000,0.01213,0.0122,0.01209,0.01212,2552325.0
1764306000000,0.01211,0.01218,0.0121,0.01215,1915690.0
1764309600000,0.01215,0.01216,0.01206,0.01209,2565483.0
1764313200000,0.01208,0.01217,0.01207,0.01213,3618518.0
1764316800000,0.01212,0.01234,0.01211,0.01228,5625812.0
1764320400000,0.01227,0.01229,0.01218,0.01222,2848430.0
1764324000000,0.01221,0.01226,0.01221,0.01224,1182675.0
1764327600000,0.01224,0.01225,0.01209,0.0122,4737194.0
1764331200000,0.0122,0.01222,0.01215,0.01217,2773354.0
1764334800000,0.01216,0.01227,0.01212,0.01223,1948300.0
1764338400000,0.01222,0.0124,0.01221,0.01233,22839833.0
1764342000000,0.01231,0.01343,0.01228,0.01297,121978558.0
1764345600000,0.01298,0.01305,0.01259,0.01261,29369878.0
1764349200000,0.01261,0.01265,0.01239,0.01243,15203340.0
1764352800000,0.01243,0.01266,0.01235,0.01253,25290053.0
1764356400000,0.01253,0.01279,0.0125,0.01271,19942913.0
1764360000000,0.01272,0.01278,0.01258,0.01276,7125201.0
1764363600000,0.01277,0.01278,0.01262,0.01262,8297865.0
1764367200000,0.01263,0.0128,0.01259,0.01278,6951198.0
1764370800000,0.01278,0.01278,0.01265,0.01267,4230235.0
1764374400000,0.01267,0.01289,0.01256,0.01269,21054647.0
1764378000000,0.01268,0.01277,0.01266,0.01268,7245164.0
1764381600000,0.01268,0.01274,0.01262,0.01274,5777572.0
1764385200000,0.01274,0.0129,0.01269,0.01276,8647800.0
1764388800000,0.01276,0.01285,0.0127,0.01284,5091801.0
1764392400000,0.01283,0.01319,0.01273,0.01294,27800203.0
1764396000000,0.01293,0.01314,0.01286,0.01299,25954856.0
1764399600000,0.01298,0.01307,0.01274,0.01279,29068227.0
1764403200000,0.01278,0.01278,0.01262,0.01272,12666693.0
1764406800000,0.01272,0.01276,0.01259,0.01262,9337031.0
1764410400000,0.01262,0.01269,0.01257,0.01265,5756000.0
1764414000000,0.01265,0.01275,0.0126,0.01274,6640123.0
1764417600000,0.01273,0.0128,0.01263,0.01265,10531345.0
1764421200000,0.01264,0.01272,0.01261,0.01267,3126091.0
1764424800000,0.01267,0.01281,0.01265,0.01266,12570120.0
1764428400000,0.01267,0.01276,0.01265,0.01271,6500805.0
1764432000000,0.01272,0.01272,0.01252,0.01259,6168681.0
1764435600000,0.0126,0.01261,0.01238,0.01243,10726275.0
1764439200000,0.01243,0.01246,0.01236,0.01245,6942268.0
1764442800000,0.01245,0.01248,0.01238,0.01238,3624131.0
1764446400000,0.01238,0.01248,0.0123,0.01245,8843905.0
1764450000000,0.01244,0.01252,0.01241,0.01248,3915444.0
1764453600000,0.01248,0.01255,0.01244,0.01246,3786938.0
1764457200000,0.01246,0.01255,0.01243,0.01252,2347437.0
1764460800000,0.01251,0.01253,0.01238,0.01245,13172091.0
1764464400000,0.01244,0.01253,0.01243,0.01249,3035642.0
1764468000000,0.01249,0.01254,0.01242,0.01243,2571166.0
1764471600000,0.01243,0.01246,0.01219,0.01236,16545032.0
1764475200000,0.01236,0.01246,0.01232,0.01233,7273979.0
1764478800000,0.01233,0.01234,0.01218,0.01227,6788132.0
1764482400000,0.01227,0.01245,0.01226,0.01238,3878218.0
1764486000000,0.01237,0.01245,0.01236,0.01239,3742924.0
1764489600000,0.0124,0.01246,0.01229,0.01236,7135023.0
1764493200000,0.01237,0.0124,0.01233,0.01239,7722305.0
1764496800000,0.01238,0.01252,0.01233,0.01235,11503926.0
1764500400000,0.01235,0.0124,0.01235,0.01237,2485469.0
1764504000000,0.01238,0.01252,0.01233,0.01248,4176997.0
1764507600000,0.01247,0.01275,0.01241,0.01262,24954605.0
1764511200000,0.01263,0.01272,0.0125,0.01257,11137172.0
1764514800000,0.01257,0.0126,0.01249,0.01254,6240841.0
1764518400000,0.01255,0.01263,0.01254,0.01261,1529480.0
1764522000000,0.0126,0.01263,0.01253,0.01255,2487431.0
1764525600000,0.01255,0.01258,0.01249,0.01252,3313902.0
1764529200000,0.01252,0.01255,0.01247,0.01248,1825341.0
1764532800000,0.01249,0.01256,0.01243,0.01248,2479565.0
1764536400000,0.01248,0.0125,0.01242,0.01246,2640197.0
1764540000000,0.01246,0.01253,0.0124,0.01247,3298768.0
1764543600000,0.01247,0.01248,0.01223,0.01227,6779744.0
1764547200000,0.01227,0.01233,0.01153,0.01154,36866871.0
1764550800000,0.01155,0.01174,0.01153,0.01164,9609350.0
1764554400000,0.01164,0.01175,0.01153,0.01154,8451538.0
1764558000000,0.01155,0.0116,0.01146,0.01148,8549550.0
1764561600000,0.01148,0.01153,0.01138,0.01145,6105746.0
1764565200000,0.01145,0.01158,0.01144,0.01152,4226888.0
1764568800000,0.01153,0.01165,0.01152,0.01159,3595728.0
1764572400000,0.01158,0.01162,0.01155,0.01158,4044527.0
1764576000000,0.01157,0.01162,0.0115,0.01161,3422197.0
1764579600000,0.0116,0.01164,0.01156,0.01158,2996683.0
1764583200000,0.01158,0.01163,0.01155,0.01155,3692362.0
1764586800000,0.01156,0.01157,0.01144,0.01151,3101671.0
1764590400000,0.01151,0.01155,0.01131,0.01153,7359834.0
1764594000000,0.01152,0.0116,0.01147,0.01153,5580035.0
1764597600000,0.01154,0.01167,0.0115,0.01158,4427719.0
1764601200000,0.01158,0.01159,0.01125,0.01146,7222472.0
1764604800000,0.01147,0.01153,0.01139,0.01143,3778501.0
1764608400000,0.01143,0.01151,0.01143,0.01143,1741664.0
1764612000000,0.01142,0.01152,0.0114,0.01147,1840382.0
1764615600000,0.01147,0.01147,0.01137,0.01142,897236.0
1764619200000,0.01143,0.01152,0.01142,0.01146,3486490.0
1764622800000,0.01147,0.01153,0.01145,0.01151,2129877.0
1764626400000,0.01151,0.01155,0.01148,0.01148,1497681.0
1764630000000,0.01148,0.01154,0.01145,0.01149,1539590.0
1764633600000,0.01149,0.01153,0.01144,0.01151,2416429.0
1764637200000,0.01151,0.01163,0.01141,0.01143,3442305.0
1764640800000,0.01142,0.01149,0.01139,0.01144,2064116.0
1764644400000,0.01143,0.01148,0.01134,0.01145,2772314.0
1764648000000,0.01146,0.01151,0.01144,0.01147,1898682.0
1764651600000,0.01148,0.01152,0.01143,0.0115,1016408.0
1764655200000,0.01151,0.01151,0.01142,0.01151,1998540.0
1764658800000,0.0115,0.0115,0.01145,0.01148,1049938.0
1764662400000,0.01148,0.0115,0.01132,0.01135,4689475.0
1764666000000,0.01134,0.0114,0.01128,0.01138,5988775.0
1764669600000,0.01138,0.01152,0.01137,0.01151,2196176.0
1764673200000,0.0115,0.01153,0.01146,0.01152,1599271.0
1764676800000,0.01151,0.01153,0.01141,0.01146,3023398.0
1764680400000,0.01146,0.01155,0.01141,0.01152,2691060.0
1764684000000,0.01152,0.01176,0.01151,0.01176,8455807.0
1764687600000,0.01175,0.01207,0.01175,0.01205,16310362.0
1764691200000,0.01205,0.01207,0.0119,0.01197,8026404.0
1764694800000,0.01197,0.01203,0.01194,0.01198,4766040.0
1764698400000,0.01197,0.01202,0.01193,0.01199,3490972.0
1764702000000,0.01199,0.01203,0.01193,0.01194,2500940.0
1764705600000,0.01194,0.01195,0.01183,0.01188,2009463.0
1764709200000,0.01188,0.01195,0.01187,0.01195,1801554.0
1764712800000,0.01194,0.01202,0.01192,0.012,1405844.0
1764716400000,0.01201,0.01202,0.01194,0.01194,2276182.0
1764720000000,0.01194,0.01202,0.01192,0.01198,2617050.0
1764723600000,0.01197,0.01198,0.01191,0.01196,2198826.0
1764727200000,0.01196,0.01205,0.01195,0.01202,2442659.0
1764730800000,0.01202,0.01211,0.01201,0.01207,3793765.0
1764734400000,0.01206,0.0124,0.01204,0.01234,29649846.0
1764738000000,0.01233,0.01251,0.01229,0.01234,16506228.0
1764741600000,0.01235,0.01241,0.01228,0.01234,5569802.0
1764745200000,0.01233,0.01233,0.01224,0.01225,3209036.0
1764748800000,0.01226,0.01227,0.01216,0.01217,6005873.0
1764752400000,0.01218,0.01222,0.01213,0.01219,5406270.0
1764756000000,0.01218,0.01222,0.01213,0.01214,5102811.0
1764759600000,0.01215,0.01217,0.01207,0.01217,4289482.0
1764763200000,0.01217,0.01219,0.01211,0.01218,4069101.0
1764766800000,0.01219,0.01227,0.01216,0.01224,4643965.0
1764770400000,0.01224,0.01245,0.01193,0.01214,46011917.0
1764774000000,0.01214,0.01225,0.01211,0.01223,5612300.0
1764777600000,0.01223,0.0123,0.01215,0.01225,6556557.0
1764781200000,0.01226,0.01244,0.01224,0.01244,4681204.0
1764784800000,0.01244,0.01247,0.01236,0.01241,5387749.0
1764788400000,0.01241,0.01268,0.01241,0.01257,13294130.0
1764792000000,0.01256,0.01261,0.0125,0.01252,5706233.0
1764795600000,0.01252,0.01265,0.0125,0.01263,4222811.0
1764799200000,0.01264,0.01267,0.01258,0.01265,5125760.0
1764802800000,0.01266,0.01271,0.01256,0.01263,4435322.0
1764806400000,0.01263,0.01264,0.01246,0.01251,8541301.0
1764810000000,0.01251,0.01262,0.01244,0.01251,9541616.0
1764813600000,0.01251,0.0126,0.0125,0.01257,2370034.0
1764817200000,0.01257,0.01258,0.01246,0.01247,3219224.0
1764820800000,0.01247,0.0125,0.01241,0.01244,4460020.0
1764824400000,0.01245,0.01248,0.01237,0.01242,2336642.0
1764828000000,0.01242,0.01248,0.0124,0.01243,3095592.0
1764831600000,0.01243,0.01244,0.01234,0.01241,3188037.0
1764835200000,0.01241,0.01244,0.01234,0.01236,3287922.0
1764838800000,0.01237,0.01244,0.01237,0.01242,3495315.0
1764842400000,0.01242,0.01243,0.01235,0.01238,1341403.0
1764846000000,0.01238,0.01239,0.01233,0.01238,1365810.0
1764849600000,0.01238,0.01241,0.01234,0.01237,2817212.0
1764853200000,0.01238,0.0124,0.01224,0.0123,5246241.0
1764856800000,0.0123,0.01233,0.01218,0.01222,3862232.0
1764860400000,0.01221,0.01241,0.01221,0.01234,3561890.0
1764864000000,0.01234,0.01238,0.01224,0.01226,2448452.0
1764867600000,0.01226,0.01227,0.01212,0.01218,2866765.0
1764871200000,0.01219,0.01221,0.01213,0.01214,1868392.0
1764874800000,0.01214,0.01214,0.01191,0.01209,7941864.0
1764878400000,0.01209,0.01214,0.01205,0.01212,3162990.0
1764882000000,0.01212,0.01218,0.01202,0.01203,1919984.0
1764885600000,0.01204,0.01212,0.01202,0.0121,2027692.0
1764889200000,0.01211,0.01211,0.01203,0.01205,1061076.0
1764892800000,0.01204,0.01213,0.01204,0.01207,1716731.0
1764896400000,0.01206,0.01213,0.01205,0.01209,1600318.0
1764900000000,0.01208,0.01219,0.01206,0.01214,3214511.0
1764903600000,0.01215,0.01216,0.01206,0.01208,1414377.0
1764907200000,0.01208,0.01212,0.01195,0.01203,4307621.0
1764910800000,0.01202,0.01204,0.01196,0.01199,1870472.0
1764914400000,0.01199,0.01206,0.01199,0.01202,3741360.0
1764918000000,0.01202,0.01212,0.01202,0.01208,3638273.0
1764921600000,0.01209,0.01211,0.01197,0.01202,2227768.0
1764925200000,0.01201,0.01202,0.0118,0.01185,9682348.0
1764928800000,0.01184,0.01189,0.01183,0.01186,3567398.0
1764932400000,0.01185,0.01188,0.01179,0.01186,3380317.0
1764936000000,0.01186,0.01188,0.01182,0.01185,2770715.0
1764939600000,0.01186,0.01187,0.01169,0.01172,4602616.0
1764943200000,0.01171,0.0118,0.0117,0.01175,3816309.0
1764946800000,0.01176,0.01198,0.01175,0.01186,6998555.0
1764950400000,0.01187,0.01187,0.0115,0.0116,9430373.0
1764954000000,0.01159,0.0116,0.01145,0.01152,6215306.0
1764957600000,0.01152,0.01164,0.01146,0.01146,5542974.0
1764961200000,0.01147,0.01157,0.01139,0.01152,5335893.0
1764964800000,0.01151,0.01159,0.01145,0.0115,3187825.0
1764968400000,0.0115,0.01158,0.01147,0.01156,1848518.0
1764972000000,0.01155,0.01168,0.01152,0.01164,2166461.0
1764975600000,0.01164,0.01168,0.01158,0.01159,3507703.0
1764979200000,0.0116,0.01162,0.01152,0.01162,3091984.0
1764982800000,0.01162,0.01162,0.01155,0.0116,1477330.0
1764986400000,0.01159,0.01162,0.01156,0.0116,1300178.0
1764990000000,0.01161,0.01167,0.01159,0.01166,1803074.0
1764993600000,0.01167,0.01167,0.01159,0.01161,947618.0
1764997200000,0.01163,0.01163,0.01159,0.01161,865009.0
1765000800000,0.0116,0.01166,0.01158,0.01162,1319403.0
1765004400000,0.01163,0.01166,0.01159,0.01161,1004562.0
1765008000000,0.01162,0.01166,0.01156,0.01158,2152540.0
1765011600000,0.01158,0.01167,0.01157,0.01164,1406203.0
1765015200000,0.01164,0.01169,0.01162,0.01165,1351506.0
1765018800000,0.01164,0.0119,0.01161,0.01179,11512773.0
1765022400000,0.0118,0.01189,0.01177,0.01181,8954047.0
1765026000000,0.01181,0.01186,0.01177,0.01178,2976930.0
1765029600000,0.01178,0.0119,0.01175,0.0118,4541758.0
1765033200000,0.01179,0.01182,0.01172,0.01179,2302139.0
1765036800000,0.01179,0.01189,0.01179,0.01186,3977481.0
1765040400000,0.01187,0.01194,0.01186,0.01192,3415155.0
1765044000000,0.01192,0.01201,0.0119,0.01195,2644814.0
1765047600000,0.01196,0.01198,0.01183,0.01194,4156237.0
1765051200000,0.01194,0.01203,0.01193,0.01197,4796886.0
1765054800000,0.01197,0.01208,0.01194,0.01198,2921583.0
1765058400000,0.01198,0.01198,0.0119,0.01192,1711712.0
1765062000000,0.01191,0.01196,0.01188,0.01194,1870735.0
1765065600000,0.01195,0.01197,0.01187,0.01193,4127426.0
1765069200000,0.01192,0.01195,0.01186,0.01187,1528900.0
1765072800000,0.01188,0.01196,0.01187,0.01195,2015115.0
1765076400000,0.01194,0.01196,0.01192,0.01196,647058.0
1765080000000,0.01196,0.01196,0.0119,0.01191,1420868.0
1765083600000,0.01192,0.01194,0.01187,0.01191,1076077.0
1765087200000,0.01192,0.01193,0.01188,0.0119,768535.0
1765090800000,0.0119,0.01191,0.0118,0.01184,1695883.0
1765094400000,0.01184,0.01239,0.0118,0.0122,39342070.0
1765098000000,0.01219,0.0122,0.01168,0.0117,54048845.0
1765101600000,0.01171,0.01172,0.01165,0.01169,6677012.0
1765105200000,0.01169,0.01176,0.01167,0.01173,2027135.0
1765108800000,0.01172,0.01179,0.0117,0.01177,2617842.0
1765112400000,0.01176,0.01177,0.0116,0.01162,6145315.0
1765116000000,0.01163,0.01164,0.01121,0.0114,34619555.0
1765119600000,0.0114,0.0117,0.01138,0.01169,9571792.0
1765123200000,0.01168,0.01168,0.01158,0.01163,4031911.0
1765126800000,0.01163,0.01191,0.01158,0.01188,12228016.0
1765130400000,0.01188,0.01204,0.01185,0.01199,7839202.0
1765134000000,0.01198,0.012,0.01192,0.01198,2027147.0
1765137600000,0.01198,0.01201,0.01195,0.01198,3025943.0
1765141200000,0.01197,0.01197,0.01174,0.0118,4519400.0
1765144800000,0.0118,0.01181,0.01154,0.01166,12059265.0
1765148400000,0.01166,0.01171,0.01161,0.01171,2118932.0
1765152000000,0.01169,0.01181,0.01165,0.01174,8835240.0
1765155600000,0.01175,0.01191,0.01168,0.01178,8607808.0
1765159200000,0.01177,0.01185,0.01172,0.01182,2901071.0
1765162800000,0.01182,0.01188,0.0118,0.01181,3351913.0
1765166400000,0.01181,0.01189,0.0118,0.01186,2290916.0
1765170000000,0.01186,0.01186,0.01178,0.01184,2754172.0
1765173600000,0.01185,0.01194,0.01184,0.01191,1310827.0
1765177200000,0.01191,0.01195,0.01187,0.01191,2916105.0
1765180800000,0.0119,0.01194,0.01187,0.01191,3624271.0
1765184400000,0.01192,0.01203,0.01191,0.01197,2898302.0
1765188000000,0.01197,0.01198,0.0119,0.01195,3616244.0
1765191600000,0.01195,0.01195,0.01187,0.0119,5177019.0
1765195200000,0.01191,0.01192,0.01186,0.01192,3398148.0
1765198800000,0.01192,0.01194,0.01186,0.01188,2882954.0
1765202400000,0.01187,0.01194,0.01177,0.01181,6149261.0
1765206000000,0.01181,0.01185,0.01166,0.01174,5614724.0
1765209600000,0.01174,0.01191,0.01169,0.01179,3272134.0
1765213200000,0.0118,0.01183,0.01172,0.01179,2676837.0
1765216800000,0.0118,0.01183,0.01167,0.01171,3269498.0
1765220400000,0.01171,0.01178,0.01171,0.01174,2354982.0
1765224000000,0.01175,0.01183,0.01174,0.0118,1177388.0
1765227600000,0.01179,0.01184,0.01177,0.01181,2478613.0
1765231200000,0.01182,0.01183,0.01174,0.01176,1199662.0
1765234800000,0.01177,0.01178,0.01171,0.01175,1676784.0
1765238400000,0.01175,0.01179,0.0117,0.01172,1917951.0
1765242000000,0.01172,0.01175,0.01165,0.01165,3771599.0
1765245600000,0.01165,0.01169,0.01164,0.01165,1203626.0
1765249200000,0.01165,0.01171,0.01157,0.0117,2228540.0
1765252800000,0.0117,0.01173,0.01162,0.01163,2297577.0
1765256400000,0.01164,0.0117,0.0116,0.01163,1923163.0
1765260000000,0.01163,0.01167,0.01159,0.01163,1800891.0
1765263600000,0.01164,0.01175,0.01163,0.01174,1229360.0
1765267200000,0.01173,0.01174,0.01169,0.01172,1710207.0
1765270800000,0.01173,0.01174,0.01165,0.01169,2265699.0
1765274400000,0.0117,0.01174,0.01164,0.01171,1696368.0
1765278000000,0.0117,0.01172,0.01164,0.0117,2113713.0
1765281600000,0.01169,0.01179,0.01168,0.01178,3137476.0
1765285200000,0.01179,0.01184,0.01173,0.01177,2220265.0
1765288800000,0.01175,0.01178,0.01167,0.01171,4996632.0
1765292400000,0.01172,0.01204,0.01172,0.012,7967066.0
1765296000000,0.01201,0.01218,0.01201,0.01215,12963500.0
1765299600000,0.01214,0.0122,0.01208,0.01214,7761669.0
1765303200000,0.01213,0.01215,0.01206,0.01211,5353933.0
1765306800000,0.01211,0.01212,0.01205,0.01211,3782928.0
1765310400000,0.0121,0.01211,0.01199,0.01201,5947431.0
1765314000000,0.01201,0.01203,0.0119,0.01197,3546312.0
1765317600000,0.01198,0.01208,0.01195,0.01204,3910300.0
1765321200000,0.01204,0.01206,0.012,0.01205,3556519.0
1765324800000,0.01205,0.01206,0.01193,0.01195,4950863.0
1765328400000,0.01194,0.01195,0.01186,0.01188,2797396.0
1765332000000,0.01188,0.01194,0.01186,0.01194,1836606.0
1765335600000,0.01193,0.01196,0.0119,0.01194,1875982.0
1765339200000,0.01193,0.01195,0.01189,0.01193,1618348.0
1765342800000,0.01192,0.01197,0.01191,0.01195,1672947.0
1765346400000,0.01194,0.01195,0.0119,0.01194,935974.0
1765350000000,0.01193,0.01193,0.01186,0.0119,2727326.0
1765353600000,0.0119,0.01191,0.01184,0.01187,2206129.0
1765357200000,0.01186,0.01192,0.0118,0.01192,3010042.0
1765360800000,0.01191,0.01196,0.01178,0.01182,4203861.0
1765364400000,0.01182,0.01185,0.01173,0.01177,3589619.0
1765368000000,0.01177,0.01182,0.01172,0.01182,3476489.0
1765371600000,0.01181,0.01186,0.0118,0.01183,2896764.0
1765375200000,0.01183,0.01186,0.01178,0.01183,1417959.0
1765378800000,0.01181,0.01189,0.01178,0.01184,2489869.0
1765382400000,0.01184,0.01191,0.01182,0.01185,1787891.0
1765386000000,0.01185,0.01191,0.01184,0.01186,1071819.0
1765389600000,0.01186,0.012,0.01183,0.01191,3157256.0
1765393200000,0.01191,0.01204,0.01179,0.01198,10070214.0
1765396800000,0.01198,0.01215,0.01183,0.01188,8503026.0
1765400400000,0.01187,0.01191,0.01177,0.01178,3602319.0
1765404000000,0.01178,0.01182,0.01165,0.01179,4511552.0
1765407600000,0.01178,0.0118,0.01166,0.01167,3168871.0
1765411200000,0.01168,0.0117,0.01151,0.01155,7882341.0
1765414800000,0.01155,0.01156,0.01142,0.01144,5571960.0
1765418400000,0.01143,0.01147,0.01137,0.01142,5429770.0
1765422000000,0.01143,0.01144,0.01129,0.01131,6894284.0
1765425600000,0.01131,0.01149,0.01128,0.01147,5558559.0
1765429200000,0.01147,0.01148,0.01143,0.01145,1141892.0
1765432800000,0.01146,0.01147,0.0114,0.01141,3714815.0
1765436400000,0.01141,0.01146,0.01139,0.01141,2246200.0
1765440000000,0.01141,0.01147,0.01137,0.01145,2631490.0
1765443600000,0.01145,0.01155,0.01145,0.01147,4514266.0
1765447200000,0.01147,0.0115,0.01142,0.01149,2447711.0
1765450800000,0.01148,0.01153,0.01147,0.01152,1398349.0
1765454400000,0.01151,0.01152,0.01145,0.01148,2076194.0
1765458000000,0.01147,0.01148,0.01141,0.01145,2104456.0
1765461600000,0.01145,0.01152,0.01136,0.01143,3454584.0
1765465200000,0.01142,0.01156,0.0114,0.01144,4673243.0
1765468800000,0.01145,0.01147,0.01135,0.01139,1939781.0
1765472400000,0.0114,0.0115,0.01138,0.01146,1576886.0
1765476000000,0.01145,0.01162,0.01145,0.01156,3383796.0
1765479600000,0.01157,0.01163,0.01152,0.01152,2727850.0
1765483200000,0.01152,0.01161,0.01151,0.0116,1972863.0
1765486800000,0.01159,0.01169,0.01157,0.01162,5539782.0
1765490400000,0.01163,0.01167,0.01151,0.01157,2897057.0
1765494000000,0.01157,0.01162,0.01153,0.01158,1873741.0
1765497600000,0.01157,0.01158,0.01143,0.01145,2868522.0
1765501200000,0.01145,0.01156,0.01145,0.01151,1790373.0
1765504800000,0.01151,0.01159,0.01149,0.01156,1366468.0
1765508400000,0.01157,0.01157,0.01149,0.01152,1069048.0
1765512000000,0.01153,0.01153,0.01149,0.01151,823069.0
1765515600000,0.0115,0.01158,0.01147,0.01158,998813.0
1765519200000,0.01159,0.01165,0.01156,0.01158,1048948.0
1765522800000,0.01157,0.01159,0.01151,0.01153,1259704.0
1765526400000,0.01153,0.01155,0.01144,0.01148,2141473.0
1765530000000,0.01147,0.01153,0.01145,0.01152,1790628.0
1765533600000,0.01151,0.01156,0.01151,0.01151,1864927.0
1765537200000,0.01152,0.01153,0.01147,0.01151,2356972.0
1765540800000,0.0115,0.01154,0.01148,0.01152,1340380.0
1765544400000,0.01152,0.01154,0.01148,0.0115,1127591.0
1765548000000,0.01151,0.01153,0.01144,0.01149,4280361.0
1765551600000,0.01149,0.0115,0.01112,0.01121,11225134.0
1765555200000,0.0112,0.01123,0.01109,0.01119,8112758.0
1765558800000,0.01118,0.01129,0.01118,0.01123,3503242.0
1765562400000,0.01123,0.01132,0.0112,0.01125,3143562.0
1765566000000,0.01125,0.01126,0.01118,0.01121,2111019.0
1765569600000,0.01121,0.01127,0.0112,0.01126,1850924.0
1765573200000,0.01125,0.01131,0.01125,0.01127,1079489.0
1765576800000,0.01127,0.01137,0.01127,0.01133,1639050.0
1765580400000,0.01133,0.01135,0.01127,0.01132,1740727.0
1765584000000,0.01131,0.01133,0.01129,0.01133,1327665.0
1765587600000,0.01132,0.01135,0.01131,0.01133,1104122.0
1765591200000,0.01133,0.01137,0.01132,0.01134,1396197.0
1765594800000,0.01134,0.0114,0.01133,0.01137,1726509.0
1765598400000,0.01137,0.01138,0.01134,0.01136,1145595.0
1765602000000,0.01135,0.01137,0.01129,0.0113,1791473.0
1765605600000,0.0113,0.01132,0.01126,0.01127,1911881.0
1765609200000,0.01128,0.01137,0.01127,0.01136,1758023.0
1765612800000,0.01136,0.01142,0.01135,0.01137,2496005.0
1765616400000,0.01137,0.0114,0.01136,0.01137,1275810.0
1765620000000,0.01136,0.01144,0.01135,0.01142,2495389.0
1765623600000,0.01141,0.01142,0.01137,0.0114,1401870.0
1765627200000,0.01138,0.01144,0.01135,0.01139,1458742.0
1765630800000,0.01139,0.0114,0.01137,0.01139,1401400.0
1765634400000,0.01139,0.01142,0.01135,0.01137,2161568.0
1765638000000,0.01138,0.01143,0.01138,0.01139,1192315.0
1765641600000,0.0114,0.01143,0.01139,0.01142,1112786.0
1765645200000,0.01142,0.01143,0.01137,0.01137,2224874.0
1765648800000,0.01137,0.01141,0.01137,0.01137,1412148.0
1765652400000,0.01138,0.0114,0.01137,0.01138,490955.0
1765656000000,0.01138,0.01139,0.01134,0.01135,657127.0
1765659600000,0.01135,0.0114,0.01126,0.0114,2507333.0
1765663200000,0.01139,0.01143,0.01136,0.0114,2809215.0
1765666800000,0.0114,0.01141,0.01136,0.01141,2047405.0
1765670400000,0.01141,0.01141,0.01136,0.01139,1359847.0
1765674000000,0.01138,0.0114,0.01136,0.01137,1307042.0
1765677600000,0.01137,0.0114,0.01136,0.0114,759548.0
1765681200000,0.01139,0.01141,0.01138,0.01138,672002.0
1765684800000,0.01138,0.0114,0.01133,0.01135,1457471.0
1765688400000,0.01135,0.01135,0.01129,0.01133,1011507.0
1765692000000,0.01133,0.01136,0.01127,0.01134,3570701.0
1765695600000,0.01135,0.01135,0.0113,0.01131,953129.0
1765699200000,0.01131,0.01133,0.01129,0.01129,2207615.0
1765702800000,0.0113,0.01138,0.01128,0.01136,5504623.0
1765706400000,0.01136,0.01137,0.01129,0.01133,3527313.0
1765710000000,0.01134,0.01134,0.01117,0.01128,7798189.0
1765713600000,0.01128,0.01131,0.01125,0.0113,2651207.0
1765717200000,0.0113,0.0113,0.01125,0.0113,1361111.0
1765720800000,0.01131,0.01131,0.01118,0.01122,2983524.0
1765724400000,0.01122,0.01124,0.01118,0.0112,1992635.0
1765728000000,0.01121,0.01129,0.0112,0.01124,1867881.0
1765731600000,0.01124,0.01126,0.01115,0.01117,3571540.0
1765735200000,0.01118,0.01123,0.01113,0.01121,2096353.0
1765738800000,0.01121,0.01121,0.01111,0.01114,1493917.0
1765742400000,0.01115,0.01121,0.01112,0.01117,2800012.0
1765746000000,0.01117,0.0112,0.0111,0.01114,2731395.0
1765749600000,0.01113,0.01119,0.01107,0.01115,2900274.0
1765753200000,0.01115,0.01117,0.01093,0.01111,7109911.0
1765756800000,0.0111,0.0112,0.01108,0.01114,3605812.0
1765760400000,0.01114,0.01127,0.01111,0.01124,2907739.0
1765764000000,0.01124,0.01132,0.01121,0.01122,4002396.0
1765767600000,0.01123,0.01125,0.01119,0.0112,1494453.0
1765771200000,0.01121,0.01129,0.0112,0.01126,1331636.0
1765774800000,0.01126,0.01129,0.01125,0.01125,1185985.0
1765778400000,0.01126,0.0113,0.01123,0.01126,1750017.0
1765782000000,0.01126,0.01127,0.01113,0.01119,4551005.0
1765785600000,0.0112,0.01122,0.01116,0.01117,1588763.0
1765789200000,0.01117,0.0112,0.01115,0.01118,3072526.0
1765792800000,0.01118,0.0112,0.01113,0.01114,1953455.0
1765796400000,0.01114,0.01118,0.01113,0.01117,3256284.0
1765800000000,0.01116,0.01124,0.01112,0.01122,4979056.0
1765803600000,0.01123,0.01124,0.01114,0.01114,3777507.0
1765807200000,0.01115,0.01121,0.01095,0.01104,10679717.0
1765810800000,0.01103,0.01107,0.01082,0.01084,26985033.0
1765814400000,0.01085,0.01089,0.01073,0.0108,10432344.0
1765818000000,0.01079,0.01081,0.01069,0.0107,4430045.0
1765821600000,0.0107,0.01076,0.01059,0.01076,7808838.0
1765825200000,0.01076,0.01085,0.01075,0.01078,5173803.0
1765828800000,0.01079,0.01081,0.0107,0.01075,2789323.0
1765832400000,0.01075,0.01082,0.01072,0.01079,2339168.0
1765836000000,0.01079,0.01081,0.01076,0.01081,2347124.0
1765839600000,0.01081,0.01084,0.01079,0.01081,3342189.0
1765843200000,0.01081,0.01085,0.01071,0.01072,3663684.0
1765846800000,0.01071,0.01078,0.01069,0.01073,3242500.0
1765850400000,0.01073,0.01079,0.0107,0.01076,3963007.0
1765854000000,0.01077,0.01079,0.01068,0.01074,3860001.0
1765857600000,0.01074,0.01076,0.01056,0.01068,4762142.0
1765861200000,0.01067,0.01072,0.01065,0.01071,3228897.0
1765864800000,0.01071,0.01077,0.01071,0.01074,1607048.0
1765868400000,0.01073,0.01076,0.01063,0.01067,2004892.0
1765872000000,0.01066,0.01075,0.01066,0.01071,1903460.0
1765875600000,0.01071,0.01072,0.01064,0.0107,4656387.0
1765879200000,0.01071,0.01087,0.0107,0.01083,2953680.0
1765882800000,0.01082,0.01087,0.01078,0.01082,3399849.0
1765886400000,0.01084,0.01087,0.01082,0.01084,1302278.0
1765890000000,0.01083,0.01097,0.01074,0.01076,6781211.0
1765893600000,0.01076,0.01092,0.01068,0.01084,8295917.0
1765897200000,0.01085,0.01094,0.01081,0.01092,3423572.0
1765900800000,0.01091,0.01094,0.01085,0.01089,2925565.0
1765904400000,0.01089,0.01091,0.01081,0.01082,4430137.0
1765908000000,0.01082,0.01095,0.01081,0.01091,5026728.0
1765911600000,0.01091,0.01094,0.01084,0.01089,3309948.0
1765915200000,0.01089,0.01089,0.01084,0.01087,2970482.0
1765918800000,0.01086,0.0109,0.01085,0.01089,1316536.0
1765922400000,0.01089,0.0109,0.01086,0.01089,1029853.0
1765926000000,0.01088,0.01089,0.01084,0.01087,1345478.0
1765929600000,0.01087,0.01087,0.0108,0.01084,1529632.0
1765933200000,0.01084,0.01091,0.01082,0.01084,1943011.0
1765936800000,0.01084,0.01086,0.0108,0.01084,2140554.0
1765940400000,0.01085,0.01086,0.01077,0.0108,1700241.0
1765944000000,0.0108,0.01081,0.01073,0.01075,3133958.0
1765947600000,0.01074,0.01075,0.01068,0.01074,2702711.0
1765951200000,0.01074,0.01079,0.01073,0.01075,2812958.0
1765954800000,0.01075,0.01077,0.01068,0.01075,3157014.0
1765958400000,0.01075,0.01076,0.01068,0.01069,2147411.0
1765962000000,0.01068,0.0107,0.01063,0.01066,5137352.0
1765965600000,0.01065,0.01068,0.01062,0.01065,2724937.0
1765969200000,0.01064,0.0107,0.01063,0.01069,3640775.0
1765972800000,0.01069,0.0107,0.01063,0.01068,3987910.0
1765976400000,0.01068,0.01074,0.01062,0.01073,4488900.0
1765980000000,0.01073,0.01087,0.01056,0.01086,9390767.0
1765983600000,0.01087,0.01096,0.01057,0.01061,12988664.0
1765987200000,0.01059,0.01065,0.01043,0.01057,14230030.0
1765990800000,0.01057,0.01059,0.01044,0.01045,7538845.0
1765994400000,0.01045,0.0105,0.01034,0.01037,4734277.0
1765998000000,0.01037,0.01044,0.01029,0.01042,7785242.0
1766001600000,0.01043,0.01049,0.01039,0.01042,3684751.0
1766005200000,0.01042,0.01043,0.01037,0.0104,1942646.0
1766008800000,0.01041,0.01045,0.01032,0.01043,3148978.0
1766012400000,0.01042,0.01043,0.01038,0.01043,2254899.0
1766016000000,0.01043,0.01044,0.01039,0.01043,3990571.0
1766019600000,0.01043,0.01043,0.01033,0.01036,4233233.0
1766023200000,0.01035,0.01042,0.01034,0.01039,2601285.0
1766026800000,0.01038,0.01038,0.0103,0.01032,2907385.0
1766030400000,0.01031,0.01035,0.0103,0.01032,2087569.0
1766034000000,0.01031,0.01032,0.01013,0.0102,7797129.0
1766037600000,0.01019,0.01023,0.01017,0.01021,3177163.0
1766041200000,0.01022,0.01025,0.01015,0.01019,4607300.0
1766044800000,0.01018,0.01027,0.01017,0.01025,3080600.0
1766048400000,0.01025,0.01028,0.01023,0.01025,2445870.0
1766052000000,0.01025,0.01028,0.01024,0.01026,1182012.0
1766055600000,0.01026,0.01028,0.01024,0.01027,1545693.0
1766059200000,0.01028,0.01033,0.01025,0.01031,2242002.0
1766062800000,0.0103,0.01055,0.0103,0.01052,14594047.0
1766066400000,0.01053,0.01058,0.01037,0.01043,6581428.0
1766070000000,0.01044,0.01054,0.01038,0.01045,3350841.0
1766073600000,0.01045,0.01046,0.01035,0.01042,6444343.0
1766077200000,0.01041,0.01041,0.01,0.0102,14551199.0
1766080800000,0.01019,0.01023,0.01008,0.01011,5229553.0
1766084400000,0.0101,0.01011,0.00986,0.00988,11595607.0
1766088000000,0.00988,0.00999,0.00988,0.00994,4233485.0
1766091600000,0.00993,0.01006,0.00993,0.01005,2990361.0
1766095200000,0.01005,0.01007,0.01001,0.01003,1917680.0
1766098800000,0.01003,0.01005,0.01,0.01003,1908425.0
1766102400000,0.01003,0.01005,0.00998,0.01002,3331895.0
1766106000000,0.01003,0.01003,0.00991,0.00996,4147731.0
1766109600000,0.00995,0.01004,0.00993,0.01002,5208616.0
1766113200000,0.01002,0.01032,0.01001,0.01023,13680195.0
1766116800000,0.01023,0.01032,0.01022,0.01028,5189952.0
1766120400000,0.01029,0.01029,0.01021,0.01023,4749162.0
1766124000000,0.01023,0.01032,0.01023,0.01031,2630043.0
1766127600000,0.01032,0.01046,0.01032,0.01039,5855679.0
1766131200000,0.01038,0.01044,0.01037,0.0104,3385517.0
1766134800000,0.01041,0.01041,0.01036,0.01038,1880035.0
1766138400000,0.01037,0.0104,0.01032,0.01034,2380734.0
1766142000000,0.01033,0.01038,0.01032,0.01036,1741630.0
1766145600000,0.01036,0.01037,0.01031,0.01033,4076649.0
1766149200000,0.01033,0.01036,0.0103,0.01034,2474313.0
1766152800000,0.01034,0.01044,0.01029,0.01037,5196159.0
1766156400000,0.01037,0.01049,0.01034,0.01038,7406641.0
1766160000000,0.01038,0.0105,0.01037,0.01042,4406710.0
1766163600000,0.01042,0.0105,0.01033,0.01037,4495524.0
1766167200000,0.01036,0.01045,0.01035,0.01043,4410948.0
1766170800000,0.01043,0.01065,0.01043,0.0106,4117493.0
1766174400000,0.0106,0.01065,0.01058,0.01062,5780274.0
1766178000000,0.01061,0.01062,0.01054,0.01055,2770504.0
1766181600000,0.01055,0.01064,0.01055,0.01063,3501209.0
1766185200000,0.01061,0.01064,0.01057,0.01057,2758875.0
1766188800000,0.01058,0.01065,0.01055,0.01058,3824715.0
1766192400000,0.01058,0.01061,0.01053,0.01053,2923191.0
1766196000000,0.01054,0.0106,0.01054,0.01058,2463053.0
1766199600000,0.01059,0.01061,0.01057,0.01057,1592115.0
1766203200000,0.01058,0.01058,0.01049,0.0105,1832227.0
1766206800000,0.01051,0.01058,0.0105,0.01057,3367091.0
1766210400000,0.01057,0.01057,0.01049,0.01052,4596048.0
1766214000000,0.01052,0.01055,0.01048,0.01052,7763913.0
1766217600000,0.01052,0.0106,0.0105,0.01057,2580172.0
1766221200000,0.01056,0.01057,0.01053,0.01053,1184672.0
1766224800000,0.01054,0.01055,0.0105,0.01052,2355119.0
1766228400000,0.01051,0.01056,0.0105,0.01055,2555389.0
1766232000000,0.01056,0.01056,0.0105,0.01053,3561034.0
1766235600000,0.01053,0.01054,0.01045,0.0105,3368164.0
1766239200000,0.01049,0.0105,0.01042,0.0105,2348370.0
1766242800000,0.01049,0.01054,0.01047,0.01051,2293400.0
1766246400000,0.01051,0.01054,0.0105,0.01053,1103310.0
1766250000000,0.01054,0.01055,0.0105,0.01051,1321930.0
1766253600000,0.01051,0.01055,0.0105,0.01053,1393597.0
1766257200000,0.01054,0.01055,0.01051,0.01053,1951249.0
1766260800000,0.01054,0.01061,0.01053,0.01056,3929725.0
1766264400000,0.01056,0.01058,0.01054,0.01055,765590.0
1766268000000,0.01054,0.01055,0.01051,0.01054,1907295.0
1766271600000,0.01054,0.01056,0.01052,0.01056,2758221.0
1766275200000,0.01056,0.01059,0.01054,0.01058,1534258.0
1766278800000,0.01058,0.01058,0.0105,0.01053,1623491.0
1766282400000,0.01053,0.0106,0.0105,0.01052,5680086.0
1766286000000,0.01053,0.01057,0.01052,0.01054,2552824.0
1766289600000,0.01055,0.01055,0.0105,0.01051,1487231.0
1766293200000,0.01051,0.01055,0.01049,0.01051,2561600.0
1766296800000,0.0105,0.01058,0.01049,0.01057,1991194.0
1766300400000,0.01057,0.0106,0.01056,0.01058,1204573.0
1766304000000,0.01059,0.01063,0.01055,0.01059,2351250.0
1766307600000,0.01058,0.01062,0.01055,0.01059,2853803.0
1766311200000,0.0106,0.01061,0.01053,0.01055,1911777.0
1766314800000,0.01055,0.01055,0.01051,0.01054,1302264.0
1766318400000,0.01053,0.01055,0.01045,0.01048,2645858.0
1766322000000,0.01047,0.01048,0.01022,0.01023,9626820.0
1766325600000,0.01023,0.01031,0.01022,0.01028,5118904.0
1766329200000,0.01028,0.01032,0.01024,0.01029,2475271.0
1766332800000,0.01029,0.01034,0.01027,0.01033,2500181.0
1766336400000,0.01033,0.01036,0.01029,0.01031,2929407.0
1766340000000,0.0103,0.01032,0.01025,0.01029,2103443.0
1766343600000,0.01029,0.01034,0.01026,0.01032,1095178.0
1766347200000,0.01033,0.01033,0.01029,0.01029,478241.0
1766350800000,0.0103,0.01031,0.01024,0.01026,1119942.0
1766354400000,0.01026,0.01034,0.01024,0.01034,1730891.0
1766358000000,0.01034,0.01041,0.01032,0.01033,2564079.0
1766361600000,0.01032,0.01046,0.01029,0.01032,7262806.0
1766365200000,0.01033,0.01041,0.01031,0.01035,3742659.0
1766368800000,0.01035,0.01035,0.01023,0.01032,2577033.0
1766372400000,0.01032,0.01038,0.01029,0.01036,1784147.0
1766376000000,0.01036,0.01038,0.01034,0.01036,1214143.0
1766379600000,0.01036,0.01037,0.01032,0.01034,1416007.0
1766383200000,0.01034,0.01036,0.01032,0.01032,1430398.0
1766386800000,0.01032,0.01038,0.01032,0.01037,1045114.0
1766390400000,0.01037,0.01047,0.01036,0.01042,2919257.0
1766394000000,0.01042,0.01044,0.0104,0.01043,1319581.0
1766397600000,0.01043,0.01047,0.01039,0.01046,1844068.0
1766401200000,0.01046,0.01052,0.01046,0.01051,2666819.0
1766404800000,0.01051,0.01056,0.01048,0.01051,3304219.0
1766408400000,0.01052,0.01053,0.01047,0.01051,2202104.0
1766412000000,0.0105,0.01059,0.01046,0.01057,6039658.0
1766415600000,0.01057,0.0106,0.01049,0.0106,3261607.0
1766419200000,0.01059,0.01061,0.01054,0.01058,1619849.0
1766422800000,0.01058,0.01058,0.01052,0.01056,1097516.0
1766426400000,0.01056,0.0106,0.01053,0.01054,1723532.0
1766430000000,0.01054,0.01054,0.01032,0.01037,5399567.0
1766433600000,0.01036,0.01039,0.0103,0.01033,3081753.0
1766437200000,0.01032,0.01039,0.01032,0.01036,832394.0
1766440800000,0.01036,0.01042,0.01034,0.01041,1666120.0
1766444400000,0.01041,0.01045,0.01039,0.01042,4511497.0
1766448000000,0.01043,0.01046,0.01039,0.0104,5339099.0
1766451600000,0.0104,0.01043,0.01036,0.01039,1540096.0
1766455200000,0.01039,0.01041,0.01032,0.01032,1539061.0
1766458800000,0.01033,0.01036,0.01027,0.01031,1536007.0
1766462400000,0.01031,0.01037,0.0103,0.01033,2362909.0
1766466000000,0.01033,0.01033,0.01026,0.01029,2127831.0
1766469600000,0.0103,0.01031,0.01019,0.01026,3466824.0
1766473200000,0.01026,0.01029,0.01023,0.01028,1378595.0
1766476800000,0.01028,0.01029,0.01024,0.01027,1388808.0
1766480400000,0.01026,0.01029,0.01024,0.01029,1045142.0
1766484000000,0.01029,0.01035,0.01028,0.01034,1316710.0
1766487600000,0.01034,0.01041,0.01033,0.01038,2230036.0
1766491200000,0.01038,0.01038,0.01033,0.01037,1675333.0
1766494800000,0.01036,0.01038,0.01024,0.01025,6183961.0
1766498400000,0.01026,0.01034,0.0101,0.01016,13955963.0
1766502000000,0.01017,0.01025,0.01015,0.01024,4277816.0
1766505600000,0.01023,0.01031,0.01021,0.01028,3456907.0
1766509200000,0.01029,0.01032,0.01012,0.01013,3093153.0
1766512800000,0.01012,0.0103,0.01012,0.01027,4081732.0
1766516400000,0.01028,0.01033,0.01027,0.01031,2723038.0
1766520000000,0.01031,0.01038,0.01029,0.01032,3237123.0
1766523600000,0.01032,0.01033,0.01029,0.01032,1812245.0
1766527200000,0.01031,0.01032,0.01026,0.01029,1111920.0
1766530800000,0.0103,0.0103,0.01027,0.01029,874372.0
1766534400000,0.01029,0.01032,0.01027,0.01031,1172216.0
1766538000000,0.01031,0.01036,0.01027,0.0103,958749.0
1766541600000,0.01029,0.0103,0.01017,0.01018,1653481.0
1766545200000,0.01018,0.0102,0.01013,0.01015,3548177.0
1766548800000,0.01015,0.01023,0.01008,0.01014,4177896.0
1766552400000,0.01013,0.01017,0.01007,0.01009,3359975.0
1766556000000,0.01008,0.01012,0.01006,0.01008,2009043.0
1766559600000,0.01009,0.01014,0.01003,0.01007,4927097.0
1766563200000,0.01007,0.01011,0.01002,0.01005,3631697.0
1766566800000,0.01005,0.0101,0.01004,0.01005,2837083.0
1766570400000,0.01005,0.01013,0.01005,0.01008,2370326.0
1766574000000,0.01009,0.01015,0.01008,0.01014,1966527.0
1766577600000,0.01014,0.01022,0.01013,0.01022,2397601.0
1766581200000,0.01022,0.01023,0.01018,0.01019,1803742.0
1766584800000,0.0102,0.01024,0.0101,0.01018,3192243.0
1766588400000,0.01019,0.01031,0.01017,0.01027,3717322.0
1766592000000,0.01028,0.01033,0.01025,0.0103,3557003.0
1766595600000,0.01029,0.01035,0.01026,0.01026,1961465.0
1766599200000,0.01027,0.01031,0.01026,0.01027,828474.0
1766602800000,0.01028,0.01029,0.01025,0.01028,1360904.0
1766606400000,0.01029,0.01031,0.01026,0.01028,1504667.0
1766610000000,0.01028,0.01032,0.01028,0.0103,1145275.0
1766613600000,0.0103,0.01041,0.0103,0.01041,1556490.0
1766617200000,0.01041,0.01041,0.01035,0.01035,1104524.0
1766620800000,0.01036,0.01038,0.0103,0.01032,1461562.0
1766624400000,0.01032,0.01035,0.0103,0.01034,1732852.0
1766628000000,0.01034,0.01038,0.01031,0.01038,1501411.0
1766631600000,0.01037,0.0104,0.01036,0.01039,1225517.0
1766635200000,0.01039,0.0104,0.01037,0.01039,697589.0
1766638800000,0.01038,0.01042,0.01038,0.0104,2537805.0
1766642400000,0.01041,0.01047,0.0104,0.01046,2636223.0
1766646000000,0.01047,0.0105,0.01043,0.0105,4498083.0
1766649600000,0.0105,0.01056,0.01047,0.01053,5655119.0
1766653200000,0.01053,0.01058,0.01053,0.01057,2395256.0
1766656800000,0.01058,0.0106,0.01046,0.01051,7017978.0
1766660400000,0.01052,0.01054,0.01044,0.01046,4363697.0
1766664000000,0.01047,0.01049,0.01042,0.01049,4260692.0
1766667600000,0.01049,0.01052,0.01045,0.01052,2746688.0
1766671200000,0.01051,0.01053,0.01048,0.01051,2888593.0
1766674800000,0.01051,0.01064,0.0105,0.01061,5561464.0
1766678400000,0.01062,0.01062,0.01053,0.01054,3202976.0
1766682000000,0.01055,0.01056,0.01053,0.01053,1283592.0
1766685600000,0.01053,0.01057,0.01053,0.01054,1332948.0
1766689200000,0.01055,0.01056,0.01053,0.01055,1148438.0
1766692800000,0.01055,0.01056,0.01051,0.01055,2703449.0
1766696400000,0.01055,0.01056,0.0105,0.01051,858592.0
1766700000000,0.01051,0.01053,0.01032,0.01037,6331238.0
1766703600000,0.01037,0.01041,0.01023,0.01027,8921568.0
1766707200000,0.01028,0.0103,0.01024,0.01026,3356953.0
1766710800000,0.01026,0.01032,0.01025,0.01031,1042835.0
1766714400000,0.0103,0.01057,0.01029,0.0105,5174050.0
1766718000000,0.0105,0.01054,0.01046,0.01049,3935395.0
1766721600000,0.01048,0.01049,0.01044,0.01046,2778432.0
1766725200000,0.01046,0.01048,0.01044,0.01048,2139530.0
1766728800000,0.01048,0.0105,0.01046,0.01047,3934760.0
1766732400000,0.01046,0.01052,0.01036,0.01037,3664631.0
1766736000000,0.01037,0.01045,0.01037,0.01042,3774257.0
1766739600000,0.01042,0.01049,0.01042,0.01047,1265917.0
1766743200000,0.01046,0.0105,0.01043,0.01049,2777906.0
1766746800000,0.01048,0.01053,0.01047,0.01051,3274639.0
1766750400000,0.01052,0.01052,0.01046,0.0105,3606153.0
1766754000000,0.01051,0.01052,0.01048,0.0105,2917169.0
1766757600000,0.01051,0.01062,0.01039,0.01044,16314005.0
1766761200000,0.01044,0.01047,0.01037,0.01041,11481243.0
1766764800000,0.01041,0.01042,0.01033,0.01033,1215058.0
1766768400000,0.01033,0.01042,0.01032,0.01039,1995417.0
1766772000000,0.0104,0.01044,0.01039,0.01043,993615.0
1766775600000,0.01042,0.01047,0.01042,0.01045,1175251.0
1766779200000,0.01046,0.01047,0.01044,0.01044,1004894.0
1766782800000,0.01045,0.01046,0.01043,0.01043,753890.0
1766786400000,0.01043,0.01047,0.01042,0.01046,2611004.0
1766790000000,0.01045,0.01048,0.01044,0.01045,1485043.0
1766793600000,0.01044,0.0105,0.01044,0.01048,1806260.0
1766797200000,0.01049,0.01054,0.01048,0.01054,1062475.0
1766800800000,0.01054,0.01054,0.01051,0.01052,1726248.0
1766804400000,0.01053,0.01056,0.01052,0.01052,1684528.0
1766808000000,0.01053,0.01054,0.01043,0.01047,6319792.0
1766811600000,0.01048,0.01051,0.01048,0.0105,2413633.0
1766815200000,0.01049,0.0105,0.01048,0.01049,772069.0
1766818800000,0.01049,0.01052,0.01046,0.01048,1915046.0
1766822400000,0.01048,0.0105,0.01041,0.01042,2112087.0
1766826000000,0.01042,0.01045,0.01041,0.01043,2566745.0
1766829600000,0.01042,0.01044,0.01037,0.01044,3113029.0
1766833200000,0.01044,0.0106,0.01043,0.0106,6304741.0
1766836800000,0.0106,0.01063,0.01057,0.0106,2753335.0
1766840400000,0.0106,0.01061,0.01051,0.01052,6121393.0
1766844000000,0.01051,0.01059,0.01051,0.01058,2861034.0
1766847600000,0.01059,0.01061,0.01054,0.0106,1609065.0
1766851200000,0.01061,0.01062,0.01057,0.01057,2111259.0
1766854800000,0.01057,0.0106,0.01057,0.01059,1331409.0
1766858400000,0.01059,0.0106,0.01056,0.01057,972892.0
1766862000000,0.01057,0.01061,0.01057,0.0106,1461348.0
1766865600000,0.0106,0.01062,0.01058,0.01058,1364180.0
1766869200000,0.01058,0.01066,0.01058,0.01065,1413279.0
1766872800000,0.01066,0.0107,0.01061,0.01066,2856792.0
1766876400000,0.01065,0.0108,0.01065,0.01078,7031797.0
1766880000000,0.01078,0.01081,0.01074,0.01076,7157252.0
1766883600000,0.01076,0.01077,0.01069,0.01071,1887764.0
1766887200000,0.0107,0.01076,0.01069,0.01075,3625699.0
1766890800000,0.01075,0.01081,0.01072,0.01073,3227285.0
1766894400000,0.01073,0.01076,0.01072,0.01075,1375895.0
1766898000000,0.01074,0.01076,0.01072,0.01073,1900264.0
1766901600000,0.01074,0.01079,0.01073,0.01078,1362126.0
1766905200000,0.01078,0.0108,0.01077,0.01079,2512236.0
1766908800000,0.01079,0.01081,0.01075,0.01075,1479980.0
1766912400000,0.01076,0.01076,0.01072,0.01075,1481546.0
1766916000000,0.01076,0.01079,0.01075,0.01076,1797840.0
1766919600000,0.01076,0.01077,0.01069,0.01071,2066233.0
1766923200000,0.01072,0.01074,0.01068,0.01068,2367445.0
1766926800000,0.01069,0.01072,0.01066,0.0107,2815585.0
1766930400000,0.01071,0.01077,0.01071,0.01074,1457186.0
1766934000000,0.01074,0.01077,0.01071,0.01072,968970.0
1766937600000,0.01072,0.01073,0.01068,0.01071,1350969.0
1766941200000,0.01071,0.01075,0.01068,0.01069,1602536.0
1766944800000,0.01069,0.01069,0.01056,0.0106,5853521.0
1766948400000,0.01059,0.01063,0.01057,0.01057,2716099.0
1766952000000,0.01057,0.01058,0.01051,0.01057,3220476.0
1766955600000,0.01056,0.01059,0.01054,0.01059,1341025.0
1766959200000,0.01059,0.01063,0.01055,0.01063,3575784.0
1766962800000,0.01062,0.01065,0.01057,0.01064,2181532.0
1766966400000,0.01064,0.0107,0.01061,0.01067,3152087.0
1766970000000,0.01066,0.01073,0.01062,0.01071,2227748.0
1766973600000,0.01073,0.0108,0.01069,0.01074,5799673.0
1766977200000,0.01074,0.0108,0.01071,0.01078,1970504.0
1766980800000,0.01078,0.01081,0.01075,0.01079,3788544.0
1766984400000,0.01078,0.01079,0.01075,0.01077,1510705.0
1766988000000,0.01077,0.01079,0.01075,0.01076,1309350.0
1766991600000,0.01077,0.01082,0.0107,0.01079,3081844.0
1766995200000,0.0108,0.01081,0.01075,0.01077,2737293.0
1766998800000,0.01076,0.0108,0.01058,0.01068,18206855.0
1767002400000,0.01067,0.01073,0.01067,0.01069,3103252.0
1767006000000,0.01069,0.01071,0.01061,0.01067,3392846.0
1767009600000,0.01066,0.01066,0.01052,0.0106,4633259.0
1767013200000,0.0106,0.0106,0.01052,0.01053,2382980.0
1767016800000,0.01053,0.0106,0.01048,0.01053,5175238.0
1767020400000,0.01053,0.01058,0.01048,0.01054,4130274.0
1767024000000,0.01054,0.01063,0.01052,0.01055,7617457.0
1767027600000,0.01056,0.01059,0.01052,0.01057,2515995.0
1767031200000,0.01057,0.01062,0.0105,0.0105,2253344.0
1767034800000,0.01051,0.01058,0.0105,0.01057,2420247.0
1767038400000,0.01056,0.01058,0.01047,0.01049,2705345.0
1767042000000,0.01049,0.01056,0.01049,0.01054,1206154.0
1767045600000,0.01054,0.01057,0.01052,0.01054,1100319.0
1767049200000,0.01054,0.01055,0.01046,0.01049,2026662.0
1767052800000,0.0105,0.01062,0.01048,0.01053,6802477.0
1767056400000,0.01054,0.01062,0.01053,0.01058,4311547.0
1767060000000,0.01057,0.0106,0.01056,0.01058,2659462.0
1767063600000,0.01058,0.01059,0.01054,0.01057,3685628.0
1767067200000,0.01056,0.01061,0.01053,0.0106,1866442.0
1767070800000,0.0106,0.0106,0.01046,0.01052,4688331.0
1767074400000,0.01053,0.01056,0.01049,0.01054,3266109.0
1767078000000,0.01054,0.01055,0.01051,0.01055,1884818.0
1767081600000,0.01055,0.01064,0.01054,0.01058,5784737.0
1767085200000,0.01058,0.01061,0.01053,0.0106,3243091.0
1767088800000,0.0106,0.01061,0.01056,0.0106,1725775.0
1767092400000,0.01061,0.01061,0.01058,0.01061,2017067.0
1767096000000,0.0106,0.01061,0.01053,0.01056,6351151.0
1767099600000,0.01055,0.01062,0.01055,0.01061,3095617.0
1767103200000,0.01061,0.01063,0.01053,0.0106,7452290.0
1767106800000,0.01062,0.01064,0.01055,0.01064,2746030.0
1767110400000,0.01063,0.01069,0.01061,0.01065,3427239.0
1767114000000,0.01066,0.01082,0.01065,0.01076,15391590.0
1767117600000,0.01077,0.01098,0.01072,0.0109,32028466.0
1767121200000,0.01089,0.01098,0.01083,0.01087,19791637.0
1767124800000,0.01088,0.01088,0.01074,0.01076,5534136.0
1767128400000,0.01076,0.01079,0.01072,0.01074,4500191.0
1767132000000,0.01074,0.01079,0.01074,0.01076,1999403.0
1767135600000,0.01075,0.01082,0.01074,0.0108,4419247.0
1767139200000,0.01079,0.01132,0.01069,0.01073,106413928.0
1767142800000,0.01073,0.01081,0.01065,0.01079,14452396.0
1767146400000,0.01078,0.01088,0.01078,0.01085,7986037.0
1767150000000,0.01086,0.01088,0.01075,0.01081,4631095.0
1767153600000,0.01082,0.01082,0.01074,0.01074,3064639.0
1767157200000,0.01074,0.01076,0.0107,0.0107,5551103.0
1767160800000,0.01071,0.01072,0.01067,0.01069,3279932.0
1767164400000,0.01069,0.01073,0.01067,0.01071,4184955.0
1767168000000,0.01071,0.01073,0.01065,0.01066,5685404.0
1767171600000,0.01066,0.0107,0.01065,0.01069,5536215.0
1767175200000,0.01069,0.0107,0.01064,0.01066,4288864.0
1767178800000,0.01066,0.01067,0.01064,0.01067,2708346.0
1767182400000,0.01066,0.01067,0.01064,0.01065,3194694.0
1767186000000,0.01065,0.01068,0.01063,0.01067,1601527.0
1767189600000,0.01067,0.01071,0.01063,0.01067,2601735.0
1767193200000,0.01065,0.01068,0.01058,0.01065,5412046.0
1767196800000,0.01065,0.01069,0.01043,0.01051,16521903.0
1767200400000,0.01051,0.01051,0.01041,0.01042,6751400.0
1767204000000,0.01043,0.01049,0.01032,0.01037,9189699.0
1767207600000,0.01038,0.01053,0.01037,0.01047,6592585.0
1767211200000,0.01047,0.01055,0.01045,0.01047,4885638.0
1767214800000,0.01048,0.01056,0.01046,0.0105,4296902.0
1767218400000,0.01051,0.01059,0.01048,0.01048,3107951.0
1767222000000,0.0105,0.01054,0.01046,0.01047,4196955.0
1767225600000,0.01048,0.01061,0.01047,0.01048,9248753.0
1767229200000,0.01048,0.01053,0.01046,0.01052,4020851.0
1767232800000,0.01051,0.01056,0.01051,0.01054,2456857.0
1767236400000,0.01055,0.01055,0.01052,0.01053,1393329.0
1767240000000,0.01053,0.01054,0.01049,0.01053,2724603.0
1767243600000,0.01053,0.01059,0.01045,0.01048,9534801.0
1767247200000,0.01049,0.01049,0.01043,0.01046,3230103.0
1767250800000,0.01046,0.0105,0.01045,0.01048,1766685.0
1767254400000,0.01048,0.01052,0.01047,0.0105,4367517.0
1767258000000,0.01051,0.01053,0.0105,0.01051,1581473.0
1767261600000,0.01051,0.01053,0.01049,0.01053,1538675.0
1767265200000,0.01053,0.01055,0.01051,0.01053,1243784.0
1767268800000,0.01054,0.01056,0.01049,0.01049,2007371.0
1767272400000,0.01049,0.01055,0.01049,0.01052,1921343.0
1767276000000,0.01052,0.01063,0.01052,0.01058,7044755.0
1767279600000,0.01059,0.01069,0.01058,0.01065,5676113.0
1767283200000,0.01066,0.01073,0.01065,0.01073,3747221.0
1767286800000,0.01072,0.01082,0.01072,0.01079,6699486.0
1767290400000,0.01079,0.01088,0.01079,0.01087,7279250.0
1767294000000,0.01087,0.01089,0.01077,0.01085,6913767.0
1767297600000,0.01085,0.01089,0.01081,0.01084,4227329.0
1767301200000,0.01084,0.01086,0.01079,0.01085,3277389.0
1767304800000,0.01084,0.01091,0.01084,0.01091,3843373.0
1767308400000,0.01092,0.01094,0.01086,0.01093,7165065.0
1767312000000,0.01093,0.01096,0.01087,0.0109,7204381.0
1767315600000,0.0109,0.01091,0.01081,0.01082,2917707.0
1767319200000,0.01083,0.01083,0.01073,0.01078,4844342.0
1767322800000,0.01077,0.01088,0.01075,0.01087,3156535.0
1767326400000,0.01087,0.01093,0.01086,0.01088,4643241.0
1767330000000,0.01089,0.0109,0.01083,0.01086,2006416.0
1767333600000,0.01087,0.0109,0.01083,0.01085,3407321.0
1767337200000,0.01084,0.01086,0.0108,0.01081,3613676.0
1767340800000,0.01081,0.01086,0.01071,0.01077,5276930.0
1767344400000,0.01077,0.01094,0.01077,0.01088,6446886.0
1767348000000,0.01089,0.01094,0.01089,0.01091,3263423.0
1767351600000,0.01091,0.01092,0.01083,0.01088,5660858.0
1767355200000,0.01087,0.01103,0.01085,0.011,8984331.0
1767358800000,0.01099,0.01104,0.01094,0.01094,7311742.0
1767362400000,0.01095,0.01106,0.01085,0.01102,12058584.0
1767366000000,0.01101,0.01106,0.01091,0.011,11996540.0
1767369600000,0.01101,0.01116,0.011,0.01115,8624249.0
1767373200000,0.01115,0.01127,0.01115,0.01121,9435719.0
1767376800000,0.01121,0.01126,0.01111,0.01118,5901968.0
1767380400000,0.01118,0.01126,0.01117,0.01125,3340196.0
1767384000000,0.01125,0.01129,0.0112,0.01124,2392313.0
1767387600000,0.01124,0.01129,0.01118,0.01128,4413756.0
1767391200000,0.01128,0.01136,0.01127,0.01134,4414997.0
1767394800000,0.01132,0.01135,0.01124,0.01129,5960186.0
1767398400000,0.01128,0.01151,0.01126,0.01142,15870962.0
1767402000000,0.01142,0.01154,0.01138,0.01144,11365110.0
1767405600000,0.01144,0.01152,0.01142,0.01147,6484632.0
1767409200000,0.01147,0.01154,0.01144,0.0115,6114800.0
1767412800000,0.01151,0.01151,0.01139,0.01142,5309570.0
1767416400000,0.01141,0.01144,0.01133,0.01138,6301245.0
1767420000000,0.01138,0.01141,0.01124,0.01125,3395688.0
1767423600000,0.01125,0.01126,0.01102,0.01111,13434179.0
1767427200000,0.01111,0.0112,0.01106,0.01117,9792637.0
1767430800000,0.01116,0.01123,0.01113,0.01119,3996723.0
1767434400000,0.01119,0.01119,0.01115,0.01117,1513245.0
1767438000000,0.01117,0.0113,0.01115,0.01119,11057020.0
1767441600000,0.01119,0.01127,0.01118,0.01125,2918759.0
1767445200000,0.01125,0.01127,0.01123,0.01125,1478856.0
1767448800000,0.01126,0.01127,0.01118,0.0112,2673976.0
1767452400000,0.0112,0.0113,0.01118,0.01123,5848013.0
1767456000000,0.01123,0.01134,0.01123,0.01128,2698045.0
1767459600000,0.01129,0.01131,0.01126,0.01129,2196630.0
1767463200000,0.01128,0.01133,0.01124,0.01131,2715776.0
1767466800000,0.01131,0.01131,0.01127,0.01128,772290.0
1767470400000,0.01128,0.01133,0.01123,0.01131,2177313.0
1767474000000,0.01131,0.01135,0.01127,0.01132,3069625.0
1767477600000,0.01132,0.01139,0.01131,0.01138,1765921.0
1767481200000,0.01138,0.01139,0.01132,0.01132,1818426.0
1767484800000,0.01135,0.01146,0.01133,0.01142,7643211.0
1767488400000,0.01142,0.01142,0.01135,0.0114,4401196.0
1767492000000,0.01139,0.01143,0.01137,0.01141,3378377.0
1767495600000,0.01141,0.01148,0.0114,0.01145,5993419.0
1767499200000,0.01146,0.01151,0.01142,0.01146,3902925.0
1767502800000,0.01146,0.01149,0.01144,0.01147,3381261.0
1767506400000,0.01147,0.01151,0.01137,0.01139,5754154.0
1767510000000,0.01139,0.01147,0.01138,0.01144,2265434.0
1767513600000,0.01145,0.01149,0.01137,0.01148,4894737.0
1767517200000,0.01148,0.0116,0.01145,0.01158,8736307.0
1767520800000,0.01158,0.01174,0.01154,0.01164,25545756.0
1767524400000,0.01164,0.01168,0.01156,0.01166,6270941.0
1767528000000,0.01166,0.01171,0.01165,0.01166,4983160.0
1767531600000,0.01166,0.01173,0.01159,0.0117,9484062.0
1767535200000,0.0117,0.01176,0.01165,0.01172,6337052.0
1767538800000,0.01172,0.01177,0.01168,0.01176,6568317.0
1767542400000,0.01176,0.01184,0.01173,0.01183,8227568.0
1767546000000,0.01183,0.01183,0.01176,0.0118,6534293.0
1767549600000,0.01179,0.01182,0.01168,0.01177,3304542.0
1767553200000,0.01177,0.01177,0.01164,0.01169,3830640.0
1767556800000,0.01169,0.01176,0.01166,0.01174,1701394.0
1767560400000,0.01174,0.0118,0.01168,0.01173,1683821.0
1767564000000,0.01173,0.01176,0.01169,0.01172,1293703.0
1767567600000,0.01172,0.01175,0.01162,0.01168,4189675.0
1767571200000,0.01168,0.0121,0.01155,0.01209,56450200.0
1767574800000,0.01208,0.01244,0.01205,0.0121,83676908.0
1767578400000,0.01211,0.01216,0.01198,0.0121,16973152.0
1767582000000,0.01209,0.01239,0.01204,0.01239,35227480.0
1767585600000,0.0124,0.01311,0.01229,0.01246,332353209.0
1767589200000,0.01245,0.01247,0.0122,0.01223,74247626.0
1767592800000,0.01224,0.01235,0.01217,0.01231,31716045.0
1767596400000,0.01231,0.01257,0.01229,0.01249,47475382.0
1767600000000,0.0125,0.01257,0.01233,0.01243,53643153.0
1767603600000,0.01242,0.01273,0.01214,0.01227,126330938.0
1767607200000,0.01226,0.01274,0.01225,0.01259,70247263.0
1767610800000,0.01258,0.01262,0.01241,0.01257,30199611.0
1767614400000,0.01257,0.01268,0.01235,0.0124,37719677.0
1767618000000,0.01241,0.01245,0.01222,0.01228,31524651.0
1767621600000,0.01228,0.01253,0.01227,0.01248,20933117.0
1767625200000,0.01249,0.01256,0.01234,0.01252,32029902.0
1767628800000,0.01252,0.01256,0.01238,0.01246,23035869.0
1767632400000,0.01246,0.01254,0.01236,0.01252,11112950.0
1767636000000,0.01253,0.01258,0.01243,0.01255,21437334.0
1767639600000,0.01256,0.01257,0.01244,0.01245,13642563.0
1767643200000,0.01246,0.01252,0.01234,0.01241,14079951.0
1767646800000,0.01241,0.01245,0.01238,0.01241,7262220.0
1767650400000,0.01241,0.0125,0.01236,0.01247,11556200.0
1767654000000,0.01246,0.01247,0.01232,0.01241,14308932.0
1767657600000,0.01241,0.01261,0.01216,0.01231,72054841.0
1767661200000,0.0123,0.0124,0.01227,0.01231,12999241.0
1767664800000,0.01231,0.01233,0.01217,0.01223,22690796.0
1767668400000,0.01224,0.01233,0.01222,0.0123,11853533.0
1767672000000,0.0123,0.01234,0.01226,0.01227,12680615.0
1767675600000,0.01227,0.01231,0.01223,0.01225,10709233.0
1767679200000,0.01225,0.01231,0.0122,0.01226,13139367.0
1767682800000,0.01227,0.0123,0.01215,0.0122,8696693.0
1767686400000,0.0122,0.01224,0.01215,0.01218,10485287.0
1767690000000,0.01217,0.01223,0.01213,0.01217,12125198.0
1767693600000,0.01217,0.01223,0.01215,0.01219,11047661.0
1767697200000,0.0122,0.01229,0.0122,0.01228,14061020.0
1767700800000,0.01227,0.0124,0.01226,0.01235,14616245.0
1767704400000,0.01234,0.01241,0.01233,0.01237,10892489.0
1767708000000,0.01237,0.01255,0.01234,0.01241,21363601.0
1767711600000,0.01241,0.01255,0.01235,0.01241,14835272.0
1767715200000,0.01241,0.01244,0.012,0.01214,50957721.0
1767718800000,0.01213,0.01218,0.01184,0.01188,21870881.0
1767722400000,0.01188,0.01211,0.01185,0.01208,7794447.0
1767726000000,0.01209,0.01219,0.01208,0.01217,3156538.0
1767729600000,0.01217,0.01231,0.01217,0.01228,5302136.0
1767733200000,0.01228,0.01246,0.01228,0.01242,11024665.0
1767736800000,0.01243,0.01247,0.01236,0.01239,5519075.0
1767740400000,0.01241,0.01249,0.0124,0.01246,4039064.0
1767744000000,0.01246,0.01247,0.01214,0.01215,16424135.0
1767747600000,0.01214,0.01218,0.01205,0.01209,8141217.0
1767751200000,0.0121,0.01215,0.01208,0.01211,6542773.0
1767754800000,0.01212,0.01221,0.01212,0.01213,3744798.0
1767758400000,0.01214,0.01219,0.01213,0.01218,5433147.0
1767762000000,0.01217,0.01222,0.01214,0.01214,4881497.0
1767765600000,0.01214,0.01217,0.01207,0.01212,6558065.0
1767769200000,0.01212,0.01235,0.01212,0.01235,8503906.0
1767772800000,0.01234,0.01238,0.01229,0.01232,5733529.0
1767776400000,0.01231,0.01232,0.01208,0.01212,7212567.0
1767780000000,0.01212,0.01216,0.01207,0.01211,9968618.0
1767783600000,0.0121,0.01218,0.01209,0.01216,4725382.0
1767787200000,0.01216,0.01216,0.01207,0.01207,5630062.0
1767790800000,0.01208,0.01217,0.01204,0.01206,6437167.0
1767794400000,0.01206,0.01207,0.01184,0.01204,19957141.0
1767798000000,0.01203,0.01203,0.01185,0.01189,12970610.0
1767801600000,0.01188,0.01194,0.01183,0.01191,4272315.0
1767805200000,0.01191,0.01199,0.01188,0.01191,4079935.0
1767808800000,0.01191,0.01199,0.01185,0.01188,3855615.0
1767812400000,0.0119,0.01194,0.01178,0.01188,7578405.0
1767816000000,0.01189,0.01189,0.0118,0.01187,3377336.0
1767819600000,0.01188,0.01191,0.01186,0.01187,1426420.0
1767823200000,0.01187,0.01192,0.01179,0.01181,3555758.0
1767826800000,0.01181,0.01192,0.01179,0.01191,5103892.0
1767830400000,0.01192,0.01198,0.01186,0.01196,3258643.0
1767834000000,0.01196,0.01198,0.01191,0.01197,4444476.0
1767837600000,0.01197,0.01198,0.01185,0.01188,4992652.0
1767841200000,0.01187,0.01195,0.01179,0.01181,3926898.0
1767844800000,0.01181,0.0119,0.0118,0.01188,2597015.0
1767848400000,0.01189,0.01197,0.01186,0.01188,1802812.0
1767852000000,0.01189,0.01205,0.01172,0.01174,34287111.0
1767855600000,0.01174,0.0118,0.01152,0.01175,31939530.0
1767859200000,0.01175,0.01178,0.01163,0.01166,5846266.0
1767862800000,0.01166,0.01169,0.01154,0.01156,6902744.0
1767866400000,0.01156,0.01166,0.01147,0.01161,11498411.0
1767870000000,0.01161,0.01166,0.01155,0.01165,5545157.0
1767873600000,0.01165,0.01166,0.01157,0.01161,5736396.0
1767877200000,0.0116,0.01163,0.01155,0.01157,3242581.0
1767880800000,0.01158,0.01163,0.01147,0.0116,9784256.0
1767884400000,0.01159,0.0118,0.01156,0.01178,8298540.0
1767888000000,0.0118,0.01181,0.01169,0.01178,3282306.0
1767891600000,0.01179,0.01184,0.01177,0.01184,2401773.0
1767895200000,0.01183,0.01184,0.01176,0.01177,1534706.0
1767898800000,0.01178,0.01181,0.01173,0.01175,2999988.0
1767902400000,0.01174,0.01174,0.01166,0.01173,2622297.0
1767906000000,0.01174,0.01178,0.01173,0.01176,1296641.0
1767909600000,0.01177,0.01178,0.0117,0.01176,3864860.0
1767913200000,0.01176,0.01179,0.0117,0.01171,3686192.0
1767916800000,0.01171,0.01175,0.0117,0.0117,3159211.0
1767920400000,0.01172,0.01179,0.01165,0.01167,7338891.0
1767924000000,0.01168,0.01179,0.01168,0.01173,2693606.0
1767927600000,0.01173,0.01182,0.01171,0.01181,3781429.0
1767931200000,0.01181,0.01181,0.01172,0.01172,1742061.0
1767934800000,0.01173,0.01175,0.01171,0.01174,1392433.0
1767938400000,0.01174,0.01177,0.01172,0.01177,1424270.0
1767942000000,0.01176,0.01181,0.01172,0.01174,3702022.0
1767945600000,0.01174,0.01176,0.01155,0.01162,7252945.0
1767949200000,0.01162,0.01174,0.01162,0.0117,3019917.0
1767952800000,0.01169,0.01173,0.01165,0.01171,3351452.0
1767956400000,0.01171,0.01173,0.01166,0.01166,2045400.0
1767960000000,0.01165,0.01169,0.01162,0.01165,1965191.0
1767963600000,0.01166,0.01176,0.01165,0.01172,7360514.0
1767967200000,0.01172,0.01173,0.01159,0.01164,4539684.0
1767970800000,0.01162,0.01187,0.01156,0.01174,7577555.0
1767974400000,0.01175,0.01184,0.01174,0.0118,4502418.0
1767978000000,0.0118,0.01181,0.01167,0.01175,2102289.0
1767981600000,0.01175,0.01176,0.01159,0.01168,4120931.0
1767985200000,0.01167,0.01167,0.01156,0.0116,2766805.0
1767988800000,0.01159,0.01166,0.01158,0.01162,1572543.0
1767992400000,0.01162,0.01171,0.0116,0.01169,2092547.0
1767996000000,0.01168,0.01172,0.01166,0.01172,1498863.0
1767999600000,0.01171,0.01177,0.0117,0.01172,2848406.0
1768003200000,0.01171,0.01173,0.01164,0.01166,2241463.0
1768006800000,0.01167,0.01171,0.01164,0.0117,1169152.0
1768010400000,0.0117,0.01171,0.01163,0.01166,2367342.0
1768014000000,0.01166,0.01168,0.01161,0.01167,1165621.0
1768017600000,0.01167,0.01168,0.01161,0.01162,2869912.0
1768021200000,0.01163,0.01164,0.01156,0.0116,3647621.0
1768024800000,0.01161,0.01164,0.01156,0.01162,1757753.0
1768028400000,0.01161,0.01168,0.01161,0.01167,2227576.0
1768032000000,0.01167,0.0117,0.01166,0.01168,2200638.0
1768035600000,0.01169,0.01172,0.01167,0.01169,3060948.0
1768039200000,0.01169,0.01172,0.01166,0.01171,1854710.0
1768042800000,0.01172,0.01174,0.01169,0.01173,651916.0
1768046400000,0.01173,0.01175,0.01171,0.01174,2162787.0
1768050000000,0.01174,0.01175,0.01171,0.01173,1966145.0
1768053600000,0.01172,0.01174,0.01165,0.0117,4889982.0
1768057200000,0.01169,0.01172,0.01165,0.01169,4257940.0
1768060800000,0.01169,0.0117,0.01166,0.01168,2312638.0
1768064400000,0.01169,0.0117,0.01161,0.01161,1201370.0
1768068000000,0.01162,0.01173,0.01162,0.01167,4265403.0
1768071600000,0.01168,0.0117,0.01167,0.01169,616456.0
1768075200000,0.0117,0.01171,0.01167,0.01168,1086221.0
1768078800000,0.01168,0.01168,0.01162,0.01166,2185889.0
1768082400000,0.01165,0.01166,0.01155,0.01158,3381505.0
1768086000000,0.01157,0.01165,0.01156,0.01164,1373135.0
1768089600000,0.01165,0.01166,0.01161,0.01166,1568718.0
1768093200000,0.01166,0.01166,0.01161,0.01165,1778505.0
1768096800000,0.01166,0.01166,0.01163,0.01164,731145.0
1768100400000,0.01163,0.01169,0.01163,0.01166,1612575.0
1768104000000,0.01166,0.01168,0.01163,0.01168,803692.0
1768107600000,0.01167,0.01173,0.01166,0.0117,2534021.0
1768111200000,0.0117,0.01174,0.01165,0.01169,6225555.0
1768114800000,0.0117,0.0117,0.01166,0.01168,1000473.0
1768118400000,0.01169,0.0117,0.01166,0.01167,1002832.0
1768122000000,0.01167,0.0117,0.01167,0.01169,619449.0
1768125600000,0.01169,0.01171,0.01166,0.0117,1567353.0
1768129200000,0.0117,0.01171,0.01166,0.01168,1079561.0
1768132800000,0.01168,0.01173,0.01167,0.01171,1058255.0
1768136400000,0.01171,0.01172,0.01165,0.01165,1280432.0
1768140000000,0.01166,0.01175,0.01165,0.01174,1717654.0
1768143600000,0.01174,0.01175,0.01156,0.0116,4297777.0
1768147200000,0.01159,0.01171,0.01158,0.01164,3765919.0
1768150800000,0.01165,0.01166,0.01159,0.01165,1871979.0
1768154400000,0.01165,0.01165,0.01159,0.01162,1139325.0
1768158000000,0.01162,0.01165,0.01158,0.01161,1709009.0
1768161600000,0.01161,0.01161,0.01145,0.0115,6933183.0
1768165200000,0.01149,0.01149,0.01143,0.01147,3840407.0
1768168800000,0.01146,0.01147,0.01139,0.01139,10712264.0
1768172400000,0.0114,0.0115,0.01131,0.01147,11339060.0
1768176000000,0.01147,0.01157,0.01131,0.01146,21720940.0
1768179600000,0.01147,0.01195,0.01146,0.01169,81363002.0
1768183200000,0.0117,0.01183,0.01165,0.0118,15402681.0
1768186800000,0.01179,0.01184,0.0117,0.0117,9999165.0
1768190400000,0.01171,0.0118,0.0117,0.01176,5336682.0
1768194000000,0.01177,0.01178,0.01168,0.01168,4245645.0
1768197600000,0.01168,0.01171,0.01154,0.01156,8897799.0
1768201200000,0.01156,0.01161,0.01147,0.01148,5766086.0
1768204800000,0.01149,0.01152,0.01132,0.0114,11289056.0
1768208400000,0.0114,0.01143,0.01136,0.01136,3448249.0
1768212000000,0.01137,0.01142,0.01132,0.01135,5865934.0
1768215600000,0.01136,0.01145,0.01134,0.01142,4646542.0
1768219200000,0.01142,0.01143,0.01138,0.01141,3028933.0
1768222800000,0.01141,0.01142,0.01127,0.01131,6792405.0
1768226400000,0.01132,0.01144,0.01125,0.01143,8444005.0
1768230000000,0.01143,0.01162,0.01139,0.01157,8405532.0
1768233600000,0.01157,0.01167,0.01154,0.01161,3327880.0
1768237200000,0.01162,0.01163,0.01144,0.01151,3449403.0
1768240800000,0.01151,0.01159,0.0115,0.01154,3962488.0
1768244400000,0.01154,0.01158,0.01149,0.01155,1864014.0
1768248000000,0.01156,0.0116,0.01149,0.01149,2790822.0
1768251600000,0.0115,0.01176,0.01146,0.0117,25860281.0
1768255200000,0.01169,0.0118,0.01167,0.01168,16046190.0
1768258800000,0.01168,0.01177,0.01164,0.01168,5901393.0
1768262400000,0.01168,0.01171,0.01159,0.01163,7081993.0
1768266000000,0.01163,0.01166,0.01154,0.01162,3112607.0
1768269600000,0.01162,0.01166,0.01159,0.01159,3262457.0
1768273200000,0.01158,0.0116,0.01155,0.01158,4665361.0
1768276800000,0.01159,0.01163,0.01155,0.01162,3352204.0
1768280400000,0.01162,0.01169,0.01162,0.01164,5708721.0
1768284000000,0.01164,0.01166,0.01159,0.01163,5252639.0
1768287600000,0.01163,0.01163,0.01152,0.01155,5916117.0
1768291200000,0.01154,0.01163,0.01151,0.01161,6119944.0
1768294800000,0.01161,0.01168,0.0116,0.01164,6704831.0
1768298400000,0.01165,0.0117,0.01161,0.01165,5005825.0
1768302000000,0.01166,0.0117,0.01164,0.01168,4193586.0
1768305600000,0.01168,0.01172,0.01167,0.0117,4674328.0
1768309200000,0.01171,0.0118,0.01169,0.01179,7046119.0
1768312800000,0.0118,0.0119,0.01174,0.01182,8498125.0
1768316400000,0.01182,0.01191,0.01178,0.0119,7593387.0
1768320000000,0.0119,0.01207,0.0117,0.01199,63094553.0
1768323600000,0.01198,0.01202,0.01194,0.01196,5949899.0
1768327200000,0.01196,0.012,0.01193,0.01196,5473465.0
1768330800000,0.01197,0.01202,0.01194,0.012,4451847.0
1768334400000,0.01201,0.01203,0.01191,0.01196,11102443.0
1768338000000,0.01196,0.01204,0.01196,0.01204,3989924.0
1768341600000,0.01204,0.0123,0.01203,0.01228,24450931.0
1768345200000,0.01229,0.01233,0.01214,0.01216,9330627.0
1768348800000,0.01216,0.01221,0.01206,0.01214,16123365.0
1768352400000,0.01214,0.01216,0.01208,0.01211,4689387.0
1768356000000,0.01211,0.01216,0.01208,0.01209,3492791.0
1768359600000,0.0121,0.01216,0.01207,0.01214,3848881.0
1768363200000,0.01214,0.01215,0.01208,0.01208,2940898.0
1768366800000,0.01208,0.01209,0.01203,0.01206,3766631.0
1768370400000,0.01205,0.01206,0.01198,0.01206,6316699.0
1768374000000,0.01205,0.01208,0.01199,0.01201,4902897.0
1768377600000,0.012,0.01203,0.01197,0.01197,3245632.0
1768381200000,0.01197,0.01207,0.01197,0.01206,2388442.0
1768384800000,0.01206,0.0121,0.01199,0.012,5417967.0
1768388400000,0.012,0.01201,0.01187,0.01191,8268273.0
1768392000000,0.01191,0.01198,0.01191,0.01193,2930411.0
1768395600000,0.01193,0.01194,0.01185,0.01186,3300863.0
1768399200000,0.01185,0.01208,0.01185,0.01204,9598106.0
1768402800000,0.01203,0.0121,0.01199,0.01203,8005762.0
1768406400000,0.01204,0.01212,0.01203,0.01205,6070157.0
1768410000000,0.01205,0.01208,0.01193,0.01195,6000577.0
1768413600000,0.01195,0.01198,0.0118,0.01186,5623840.0
1768417200000,0.01187,0.01199,0.01183,0.0119,4332021.0
1768420800000,0.0119,0.01197,0.01187,0.0119,3227255.0
1768424400000,0.0119,0.01191,0.01184,0.01188,6062977.0
1768428000000,0.01188,0.01189,0.0118,0.01184,2823320.0
1768431600000,0.01184,0.01193,0.01183,0.01184,2075600.0
1768435200000,0.01185,0.0119,0.01167,0.01182,25454415.0
1768438800000,0.01182,0.01187,0.01177,0.0118,4075932.0
1768442400000,0.0118,0.01183,0.01176,0.01177,4110250.0
1768446000000,0.01177,0.01178,0.01161,0.01165,7132807.0
1768449600000,0.01164,0.012,0.01162,0.01185,18786947.0
1768453200000,0.01185,0.01203,0.01183,0.01188,26710809.0
1768456800000,0.01188,0.0119,0.01175,0.01176,4503902.0
1768460400000,0.01175,0.01184,0.01175,0.01182,3426048.0
1768464000000,0.01182,0.01183,0.01175,0.01178,2804351.0
1768467600000,0.01179,0.012,0.01176,0.01193,6872860.0
1768471200000,0.01193,0.01196,0.01186,0.01191,3560106.0
1768474800000,0.01191,0.01193,0.01184,0.01184,2253272.0
1768478400000,0.01184,0.01191,0.01183,0.01191,2308079.0
1768482000000,0.0119,0.01195,0.01187,0.01188,2919424.0
1768485600000,0.01189,0.01191,0.01172,0.01178,5396968.0
1768489200000,0.01178,0.01181,0.01151,0.01165,25116523.0
1768492800000,0.01164,0.01168,0.01156,0.01167,4865114.0
1768496400000,0.01166,0.01171,0.01158,0.01158,6244079.0
1768500000000,0.01158,0.01162,0.01145,0.01148,8117513.0
1768503600000,0.01148,0.0115,0.01141,0.01148,4722951.0
1768507200000,0.01148,0.01152,0.0114,0.01143,2726181.0
1768510800000,0.01142,0.01151,0.01142,0.01147,1840428.0
1768514400000,0.01147,0.01154,0.01147,0.01149,2022705.0
1768518000000,0.0115,0.01156,0.01148,0.01152,3693190.0
1768521600000,0.01152,0.01154,0.01144,0.01144,5148850.0
1768525200000,0.01144,0.01149,0.01143,0.01147,2574703.0
1768528800000,0.01147,0.01154,0.01142,0.01153,2820823.0
1768532400000,0.01154,0.01154,0.01145,0.01147,1683237.0
1768536000000,0.01146,0.01148,0.01137,0.01142,3708252.0
1768539600000,0.01143,0.0115,0.01141,0.01143,3195368.0
1768543200000,0.01144,0.01154,0.01143,0.01154,3843872.0
1768546800000,0.01153,0.01159,0.01151,0.01154,3560585.0
1768550400000,0.01155,0.0116,0.01155,0.01158,1065696.0
1768554000000,0.01158,0.0116,0.01155,0.01158,1602504.0
1768557600000,0.01159,0.01159,0.01151,0.01152,1471339.0
1768561200000,0.01152,0.01156,0.01148,0.01156,2644620.0
1768564800000,0.01156,0.01157,0.01152,0.01153,2301963.0
1768568400000,0.01154,0.01155,0.01151,0.01154,1720951.0
1768572000000,0.01153,0.01155,0.01148,0.0115,4485676.0
1768575600000,0.0115,0.01155,0.01134,0.01141,8057693.0
1768579200000,0.0114,0.0115,0.01139,0.01145,4056259.0
1768582800000,0.01145,0.01153,0.01141,0.01153,2167877.0
1768586400000,0.01153,0.01155,0.01148,0.0115,2602106.0
1768590000000,0.01149,0.0115,0.01143,0.01147,2306631.0
1768593600000,0.01146,0.01158,0.01141,0.01158,2199948.0
1768597200000,0.01158,0.0116,0.01156,0.01158,1797202.0
1768600800000,0.01158,0.0116,0.01156,0.01159,1273793.0
1768604400000,0.01158,0.0116,0.01154,0.01156,1495859.0
1768608000000,0.01156,0.01159,0.01153,0.01157,4180717.0
1768611600000,0.01157,0.01158,0.01154,0.01155,1179565.0
1768615200000,0.01156,0.01156,0.01149,0.01153,1397854.0
1768618800000,0.01153,0.01153,0.01148,0.01151,1171573.0
1768622400000,0.0115,0.01153,0.01147,0.01151,1417618.0
1768626000000,0.01152,0.01153,0.01147,0.01147,1222551.0
1768629600000,0.01147,0.01149,0.01145,0.01147,1406591.0
1768633200000,0.01147,0.01152,0.01143,0.0115,5063270.0
1768636800000,0.01149,0.01155,0.01149,0.01155,1954673.0
1768640400000,0.01155,0.01156,0.01151,0.01154,2272911.0
1768644000000,0.01153,0.01157,0.01151,0.01155,1876058.0
1768647600000,0.01155,0.01155,0.01149,0.01151,1571214.0
1768651200000,0.0115,0.01168,0.01148,0.01165,8063454.0
1768654800000,0.01165,0.01166,0.01156,0.01162,8761612.0
1768658400000,0.01162,0.01168,0.01157,0.01167,2294447.0
1768662000000,0.01167,0.01172,0.01164,0.01169,3739892.0
1768665600000,0.0117,0.01171,0.01161,0.01164,3227381.0
1768669200000,0.01165,0.0117,0.01164,0.01166,1904992.0
1768672800000,0.01166,0.01171,0.01164,0.01171,1225868.0
1768676400000,0.01171,0.01171,0.01169,0.01169,1216757.0
1768680000000,0.01171,0.01172,0.01168,0.01172,1678812.0
1768683600000,0.01172,0.01173,0.01168,0.01171,1936408.0
1768687200000,0.01171,0.01173,0.01159,0.01163,2988277.0
1768690800000,0.01164,0.01167,0.01154,0.01162,6932766.0
1768694400000,0.01162,0.01173,0.01159,0.01162,3868304.0
1768698000000,0.01162,0.01165,0.01152,0.01155,4778893.0
1768701600000,0.01155,0.01158,0.01146,0.01153,3679456.0
1768705200000,0.01153,0.01156,0.01152,0.01152,1418158.0
1768708800000,0.01153,0.01156,0.01148,0.01156,2042115.0
1768712400000,0.01155,0.01159,0.01151,0.01157,2407775.0
1768716000000,0.01157,0.01161,0.01154,0.01157,2940102.0
1768719600000,0.01157,0.01158,0.01151,0.01155,2750203.0
1768723200000,0.01155,0.0116,0.01151,0.01159,2878348.0
1768726800000,0.01159,0.0116,0.01155,0.01159,3129510.0
1768730400000,0.0116,0.0116,0.01155,0.01157,2616341.0
1768734000000,0.01157,0.01162,0.01155,0.01158,1800159.0
1768737600000,0.01159,0.01162,0.01151,0.01154,2842405.0
1768741200000,0.01153,0.01158,0.01151,0.01153,2538951.0
1768744800000,0.01153,0.01158,0.01149,0.01149,3877390.0
1768748400000,0.01149,0.01159,0.01147,0.01158,1685464.0
1768752000000,0.01158,0.01161,0.01156,0.01157,1293358.0
1768755600000,0.01156,0.01159,0.01153,0.01157,2445926.0
1768759200000,0.01158,0.01164,0.01155,0.01164,1977075.0
1768762800000,0.01164,0.01165,0.01157,0.0116,2699717.0
1768766400000,0.0116,0.01165,0.01157,0.01162,1045588.0
1768770000000,0.01162,0.01164,0.01159,0.01161,1214075.0
1768773600000,0.01161,0.01164,0.01159,0.01162,1255746.0
1768777200000,0.01162,0.01162,0.01122,0.01123,15593838.0
1768780800000,0.01123,0.01124,0.01026,0.01091,52950115.0
1768784400000,0.01091,0.01098,0.01086,0.01091,6905028.0
1768788000000,0.01091,0.01094,0.01089,0.0109,5317639.0
1768791600000,0.0109,0.01095,0.01088,0.01093,4004895.0
1768795200000,0.01093,0.01096,0.01079,0.0108,5857833.0
1768798800000,0.0108,0.01089,0.0108,0.01088,3250817.0
1768802400000,0.01088,0.01093,0.01088,0.01091,2402793.0
1768806000000,0.01091,0.01098,0.01091,0.01093,3152790.0
1768809600000,0.01093,0.011,0.0109,0.01098,3676196.0
1768813200000,0.01097,0.01099,0.01094,0.01097,1539711.0
1768816800000,0.01096,0.01097,0.01093,0.01096,2057424.0
1768820400000,0.01095,0.01099,0.01093,0.01094,2532309.0
1768824000000,0.01094,0.01097,0.01088,0.01089,4116720.0
1768827600000,0.0109,0.011,0.01089,0.01096,4811761.0
1768831200000,0.01096,0.011,0.01094,0.01098,1295642.0
1768834800000,0.01098,0.01101,0.01096,0.01098,1513166.0
1768838400000,0.01098,0.01114,0.01093,0.01107,15064168.0
1768842000000,0.01108,0.01111,0.01107,0.01108,1574222.0
1768845600000,0.01108,0.01109,0.01104,0.01104,2263031.0
1768849200000,0.01105,0.0111,0.01105,0.01105,2423570.0
1768852800000,0.01105,0.01108,0.01101,0.01102,1437105.0
1768856400000,0.01102,0.01106,0.01097,0.01099,2229612.0
1768860000000,0.01099,0.01101,0.01094,0.01094,2665794.0
1768863600000,0.01094,0.01103,0.01093,0.01099,3125100.0
1768867200000,0.01098,0.01101,0.01097,0.01098,2244285.0
1768870800000,0.01098,0.01104,0.01094,0.01098,3183301.0
1768874400000,0.01098,0.011,0.01093,0.01097,2309330.0
1768878000000,0.01097,0.011,0.01093,0.01096,2376785.0
1768881600000,0.01096,0.01097,0.01089,0.01091,4980845.0
1768885200000,0.01091,0.01094,0.01085,0.01091,3664298.0
1768888800000,0.01091,0.01092,0.01064,0.01077,18504720.0
1768892400000,0.01077,0.01082,0.01073,0.01074,3746341.0
1768896000000,0.01074,0.01075,0.01064,0.0107,4497241.0
1768899600000,0.0107,0.01071,0.01066,0.01069,2447247.0
1768903200000,0.01069,0.01074,0.01069,0.01071,1088107.0
1768906800000,0.01071,0.01074,0.01066,0.01066,3096859.0
1768910400000,0.01066,0.01072,0.01066,0.01067,3702393.0
1768914000000,0.01067,0.01068,0.01057,0.01058,2525155.0
1768917600000,0.01058,0.01072,0.01058,0.01064,4531574.0
1768921200000,0.01064,0.01065,0.01054,0.01061,4476595.0
1768924800000,0.01061,0.01065,0.01047,0.01051,5273799.0
1768928400000,0.01051,0.01058,0.01042,0.01048,4036120.0
1768932000000,0.01048,0.0105,0.01041,0.01044,3811761.0
1768935600000,0.01044,0.01048,0.01041,0.01045,1815949.0
1768939200000,0.01045,0.0105,0.01036,0.01047,5875638.0
1768942800000,0.01047,0.0105,0.01042,0.01043,3060702.0
1768946400000,0.01043,0.01047,0.01029,0.01033,7548888.0
1768950000000,0.01033,0.01035,0.01028,0.0103,2873880.0
1768953600000,0.0103,0.01047,0.01029,0.01045,6514263.0
1768957200000,0.01045,0.01054,0.01045,0.01049,3910990.0
1768960800000,0.01049,0.01058,0.01049,0.01053,2446098.0
1768964400000,0.01053,0.01061,0.01053,0.01057,3663277.0
1768968000000,0.01057,0.0106,0.01056,0.01057,965257.0
1768971600000,0.01057,0.01064,0.01056,0.01062,1921547.0
1768975200000,0.01062,0.01064,0.01061,0.01063,1239132.0
1768978800000,0.01063,0.01066,0.01056,0.01058,4627954.0
1768982400000,0.01058,0.01061,0.01049,0.01056,5333668.0
1768986000000,0.01056,0.01057,0.01052,0.01054,2665703.0
1768989600000,0.01055,0.01061,0.01052,0.01052,2533749.0
1768993200000,0.01052,0.01058,0.01045,0.01047,5782040.0
1768996800000,0.01047,0.01048,0.01034,0.01041,6732589.0
1769000400000,0.01041,0.01044,0.01029,0.01031,4845564.0
1769004000000,0.01031,0.01055,0.0103,0.01053,12417938.0
1769007600000,0.01053,0.01062,0.01051,0.01058,6463578.0
1769011200000,0.01058,0.0106,0.01023,0.01025,12370531.0
1769014800000,0.01025,0.01048,0.01022,0.01032,21142705.0
1769018400000,0.01032,0.01041,0.01028,0.01037,5630852.0
1769022000000,0.01037,0.01064,0.01034,0.01063,19047353.0
1769025600000,0.01063,0.01066,0.01054,0.01066,7070831.0
1769029200000,0.01065,0.01074,0.01064,0.01069,5154988.0
1769032800000,0.01069,0.01072,0.01062,0.01062,1667343.0
1769036400000,0.01062,0.01065,0.0105,0.01053,3355287.0
1769040000000,0.01053,0.0106,0.01052,0.01057,2645114.0
1769043600000,0.01057,0.01066,0.01057,0.01065,2893808.0
1769047200000,0.01065,0.01068,0.01061,0.01064,3156281.0
1769050800000,0.01064,0.01068,0.01058,0.01059,1549528.0
1769054400000,0.01059,0.01067,0.01059,0.01063,1833727.0
1769058000000,0.01063,0.01065,0.0106,0.01062,1033610.0
1769061600000,0.01062,0.01064,0.01057,0.01059,1345948.0
1769065200000,0.01059,0.01061,0.01055,0.01058,1055591.0
1769068800000,0.01058,0.0106,0.01054,0.01058,2112245.0
1769072400000,0.01058,0.01061,0.01055,0.01059,2416431.0
1769076000000,0.01059,0.0106,0.01057,0.01057,1161965.0
1769079600000,0.01057,0.01059,0.01051,0.01053,1463625.0
1769083200000,0.01053,0.01054,0.0105,0.01051,2504541.0
1769086800000,0.01051,0.01055,0.01044,0.01047,2918440.0
1769090400000,0.01047,0.01048,0.01032,0.01034,7157709.0
1769094000000,0.01033,0.01042,0.01029,0.01037,8910690.0
1769097600000,0.01038,0.01045,0.01035,0.01042,2595727.0
1769101200000,0.01042,0.01048,0.01037,0.01048,2486756.0
1769104800000,0.01048,0.01048,0.0104,0.0104,1729936.0
1769108400000,0.0104,0.01047,0.01037,0.01046,2175983.0
1769112000000,0.01045,0.01046,0.01036,0.01039,4204717.0
1769115600000,0.0104,0.01043,0.01038,0.01042,1691350.0
1769119200000,0.01042,0.01044,0.01038,0.0104,1114092.0
1769122800000,0.0104,0.01042,0.01035,0.01042,1338851.0
1769126400000,0.01042,0.01046,0.01038,0.01043,2094493.0
1769130000000,0.01043,0.01056,0.01043,0.01056,1999825.0
1769133600000,0.01056,0.01056,0.0105,0.01051,1233936.0
1769137200000,0.01051,0.01057,0.0105,0.01053,1848998.0
1769140800000,0.01053,0.01057,0.01052,0.01056,1405191.0
1769144400000,0.01055,0.01056,0.01052,0.01055,1088591.0
1769148000000,0.01055,0.01058,0.01049,0.0105,3430911.0
1769151600000,0.01049,0.01054,0.01048,0.01051,2444160.0
1769155200000,0.0105,0.01059,0.01042,0.01045,11166834.0
1769158800000,0.01045,0.01048,0.01041,0.01045,4263921.0
1769162400000,0.01045,0.01046,0.01038,0.01042,4292093.0
1769166000000,0.01042,0.01046,0.01042,0.01043,3222626.0
1769169600000,0.01043,0.01045,0.01041,0.01043,2625444.0
1769173200000,0.01042,0.01047,0.01041,0.01045,2939264.0
1769176800000,0.01044,0.01046,0.01034,0.01038,6038996.0
1769180400000,0.01038,0.01048,0.01035,0.01047,3866308.0
1769184000000,0.01047,0.01057,0.01044,0.01054,8117258.0
1769187600000,0.01054,0.01067,0.01049,0.01056,5976783.0
1769191200000,0.01057,0.01061,0.01054,0.01057,3277761.0
1769194800000,0.01056,0.01056,0.01043,0.01047,5438998.0
1769198400000,0.01047,0.01048,0.01036,0.01039,5806034.0
1769202000000,0.01039,0.01045,0.01038,0.01039,2606848.0
1769205600000,0.01039,0.01047,0.01038,0.01043,3143039.0
1769209200000,0.01044,0.01045,0.01041,0.01044,1488936.0
1769212800000,0.01044,0.01051,0.01043,0.01044,2906186.0
1769216400000,0.01044,0.0105,0.01044,0.01049,2454430.0
1769220000000,0.0105,0.01052,0.01049,0.0105,1393345.0
1769223600000,0.0105,0.01055,0.01048,0.0105,2339716.0
1769227200000,0.0105,0.01054,0.01049,0.0105,959746.0
1769230800000,0.01051,0.01052,0.01047,0.0105,1095072.0
1769234400000,0.0105,0.01054,0.01049,0.01052,992459.0
1769238000000,0.01053,0.01054,0.0105,0.01051,803460.0
1769241600000,0.01051,0.01054,0.01048,0.01052,1778489.0
1769245200000,0.01052,0.01055,0.0105,0.0105,2635971.0
1769248800000,0.0105,0.01059,0.0105,0.01053,6465905.0
1769252400000,0.01054,0.01056,0.01053,0.01053,1757966.0
1769256000000,0.01054,0.01061,0.01053,0.01057,4261473.0
1769259600000,0.01057,0.01057,0.01053,0.01054,2691083.0
1769263200000,0.01054,0.01061,0.01051,0.01053,4354339.0
1769266800000,0.01052,0.01054,0.01048,0.01048,1449112.0
1769270400000,0.01048,0.01049,0.01044,0.01047,2374919.0
1769274000000,0.01047,0.0105,0.01047,0.01048,1316541.0
1769277600000,0.01049,0.01051,0.01048,0.0105,1387778.0
1769281200000,0.0105,0.01051,0.01047,0.01048,818330.0
1769284800000,0.01048,0.01051,0.01046,0.01049,840693.0
1769288400000,0.0105,0.0105,0.01047,0.01048,837708.0
1769292000000,0.01048,0.01051,0.01048,0.0105,1075910.0
1769295600000,0.01051,0.01051,0.01048,0.0105,704970.0
1769299200000,0.0105,0.01057,0.01048,0.01056,4431075.0
1769302800000,0.01056,0.01058,0.01046,0.01049,4000766.0
1769306400000,0.01048,0.01052,0.01048,0.01049,2121402.0
1769310000000,0.0105,0.01051,0.01037,0.01042,5742229.0
1769313600000,0.01041,0.01042,0.01036,0.01039,3010171.0
1769317200000,0.01039,0.01042,0.01038,0.01042,1394710.0
1769320800000,0.01042,0.01043,0.01038,0.01039,1584249.0
1769324400000,0.01039,0.01042,0.01033,0.01037,3893390.0
1769328000000,0.01037,0.0104,0.01028,0.01033,4119544.0
1769331600000,0.01032,0.01043,0.01031,0.0104,2355181.0
1769335200000,0.01041,0.01044,0.01038,0.0104,2020697.0
1769338800000,0.0104,0.01045,0.01033,0.01036,4616663.0
1769342400000,0.01037,0.01038,0.01029,0.01034,3355139.0
1769346000000,0.01034,0.01037,0.0103,0.01035,2474799.0
1769349600000,0.01036,0.0104,0.01021,0.01028,13177638.0
1769353200000,0.01027,0.01035,0.01027,0.01028,2876492.0
1769356800000,0.01028,0.01028,0.01012,0.01019,9850494.0
1769360400000,0.01019,0.0102,0.01012,0.01014,4103152.0
1769364000000,0.01014,0.01016,0.01005,0.01007,6240065.0
1769367600000,0.01008,0.01009,0.00993,0.00997,10842724.0
1769371200000,0.00998,0.01004,0.0099,0.00998,14043145.0
1769374800000,0.00999,0.01016,0.00999,0.01007,14680011.0
1769378400000,0.01006,0.0101,0.00999,0.01003,5403282.0
1769382000000,0.01004,0.01008,0.01,0.01007,4185881.0
1769385600000,0.01006,0.01018,0.01005,0.01018,5270316.0
1769389200000,0.01017,0.01031,0.01013,0.01028,15762185.0
1769392800000,0.01028,0.01029,0.0102,0.01025,4367688.0
1769396400000,0.01025,0.01029,0.0102,0.01022,3079317.0
1769400000000,0.01022,0.01032,0.0102,0.01027,4527424.0
1769403600000,0.01027,0.01031,0.01027,0.01029,1784726.0
1769407200000,0.01029,0.01035,0.01027,0.01034,2346347.0
1769410800000,0.01033,0.01035,0.0103,0.01033,1978573.0
1769414400000,0.01032,0.01036,0.01028,0.0103,2861073.0
1769418000000,0.01031,0.01032,0.01026,0.01027,4906172.0
1769421600000,0.01027,0.01032,0.01026,0.01031,2892802.0
1769425200000,0.0103,0.01032,0.01028,0.01029,1807035.0
1769428800000,0.01029,0.01034,0.01029,0.0103,2998497.0
1769432400000,0.0103,0.01033,0.01027,0.01029,4461932.0
1769436000000,0.01029,0.01039,0.01027,0.01037,5797792.0
1769439600000,0.01036,0.01046,0.01031,0.01037,6477553.0
1769443200000,0.01037,0.01039,0.01032,0.01035,2885966.0
1769446800000,0.01035,0.01043,0.01029,0.01041,5777748.0
1769450400000,0.0104,0.01045,0.01038,0.01041,2567114.0
1769454000000,0.01042,0.01044,0.01037,0.01037,2395191.0
1769457600000,0.01037,0.01039,0.01034,0.01035,1744906.0
1769461200000,0.01035,0.01045,0.01033,0.01044,2768018.0
1769464800000,0.01044,0.01046,0.01039,0.0104,2240608.0
1769468400000,0.01041,0.01042,0.01038,0.01039,1654679.0
1769472000000,0.01039,0.0104,0.01037,0.01038,1762565.0
1769475600000,0.01038,0.01045,0.01036,0.01041,2252839.0
1769479200000,0.01041,0.01044,0.0104,0.01044,1386593.0
1769482800000,0.01043,0.01049,0.0104,0.01046,2773367.0
1769486400000,0.01046,0.01047,0.01042,0.01043,1263300.0
1769490000000,0.01043,0.01044,0.01038,0.01041,2083206.0
1769493600000,0.0104,0.01041,0.01034,0.01037,3050005.0
1769497200000,0.01036,0.0104,0.01035,0.01035,2870283.0
1769500800000,0.01035,0.01037,0.01032,0.01035,1555505.0
1769504400000,0.01036,0.01036,0.01027,0.01028,4789210.0
1769508000000,0.01028,0.0103,0.01026,0.01027,1392762.0
1769511600000,0.01027,0.0103,0.01025,0.01028,3533414.0
1769515200000,0.01028,0.01031,0.01022,0.01024,3899269.0
1769518800000,0.01024,0.01025,0.01019,0.0102,2741358.0
1769522400000,0.0102,0.01029,0.01018,0.0102,4040972.0
1769526000000,0.0102,0.01028,0.01018,0.01027,3535175.0
1769529600000,0.01028,0.01036,0.01025,0.01034,3856528.0
1769533200000,0.01035,0.01035,0.01017,0.01019,5309354.0
1769536800000,0.01018,0.01032,0.01017,0.0103,1795094.0
1769540400000,0.0103,0.01032,0.01026,0.0103,1566309.0
1769544000000,0.01031,0.0104,0.0103,0.0104,5127511.0
1769547600000,0.0104,0.0104,0.01034,0.01036,1849102.0
1769551200000,0.01036,0.01043,0.01035,0.01042,2066882.0
1769554800000,0.01041,0.01044,0.0104,0.01041,3373015.0
1769558400000,0.01042,0.01043,0.01038,0.01042,1970272.0
1769562000000,0.01042,0.01043,0.01033,0.01038,2887531.0
1769565600000,0.01038,0.01041,0.01036,0.01037,2819309.0
1769569200000,0.01037,0.01039,0.01033,0.01035,2202252.0
1769572800000,0.01034,0.01038,0.01033,0.01034,2581653.0
1769576400000,0.01035,0.01036,0.01031,0.01032,2690245.0
1769580000000,0.01033,0.01037,0.01032,0.01036,2710901.0
1769583600000,0.01036,0.01039,0.01034,0.01037,2747558.0
1769587200000,0.01036,0.01039,0.01034,0.01036,1963171.0
1769590800000,0.01035,0.01042,0.01034,0.01041,3710308.0
1769594400000,0.01041,0.01044,0.01039,0.01041,3784253.0
1769598000000,0.0104,0.01052,0.01039,0.0105,5294624.0
1769601600000,0.01051,0.01058,0.01044,0.01047,5528021.0
1769605200000,0.01046,0.01048,0.01043,0.01043,2640222.0
1769608800000,0.01044,0.01045,0.01034,0.01036,3553205.0
1769612400000,0.01036,0.01039,0.01029,0.01035,3161185.0
1769616000000,0.01034,0.01038,0.01031,0.01033,3277851.0
1769619600000,0.01032,0.0104,0.01029,0.01037,3917994.0
1769623200000,0.01037,0.01039,0.01031,0.01034,4744089.0
1769626800000,0.01034,0.01037,0.01031,0.01037,1912190.0
1769630400000,0.01035,0.01041,0.01032,0.01033,2440710.0
1769634000000,0.01033,0.0104,0.01029,0.01039,55218426.0
1769637600000,0.01039,0.01044,0.01035,0.01043,3212048.0
1769641200000,0.01043,0.01046,0.01037,0.01039,6059769.0
1769644800000,0.0104,0.01042,0.01034,0.01038,4215846.0
1769648400000,0.01038,0.01038,0.01028,0.01029,4649140.0
1769652000000,0.01028,0.01031,0.01016,0.01019,7111867.0
1769655600000,0.0102,0.01024,0.01016,0.01018,5023534.0
1769659200000,0.01017,0.01018,0.01011,0.01018,3719794.0
1769662800000,0.01018,0.01019,0.01015,0.01017,1193481.0
1769666400000,0.01016,0.01019,0.01015,0.01017,1911210.0
1769670000000,0.01017,0.01019,0.01013,0.01017,3120821.0
1769673600000,0.01016,0.01017,0.01011,0.01014,4199478.0
1769677200000,0.01014,0.01017,0.01011,0.01011,2770434.0
1769680800000,0.01011,0.01014,0.01009,0.0101,4405764.0
1769684400000,0.0101,0.01013,0.01005,0.01009,4440164.0
1769688000000,0.0101,0.01011,0.01005,0.01006,3189166.0
1769691600000,0.01007,0.01011,0.01006,0.01011,2940526.0
1769695200000,0.01011,0.01014,0.00992,0.00993,9918561.0
1769698800000,0.00993,0.00994,0.00967,0.00977,37479175.0
1769702400000,0.00978,0.00988,0.00973,0.00988,11476321.0
1769706000000,0.00988,0.00996,0.00978,0.00979,4202848.0
1769709600000,0.00979,0.00981,0.00962,0.00964,12485975.0
1769713200000,0.00964,0.00973,0.00959,0.00971,8215758.0
1769716800000,0.0097,0.0098,0.00969,0.00978,1949329.0
1769720400000,0.00979,0.00984,0.00978,0.00981,17227389.0
1769724000000,0.00981,0.00985,0.0098,0.00983,2507427.0
1769727600000,0.00985,0.00985,0.0098,0.00982,2586547.0
1769731200000,0.00983,0.00986,0.0098,0.00984,3535560.0
1769734800000,0.00983,0.00987,0.00946,0.00968,23381019.0
1769738400000,0.00968,0.00968,0.00947,0.00958,16475300.0
1769742000000,0.00958,0.00963,0.00957,0.00961,3254993.0
1769745600000,0.0096,0.00971,0.0096,0.00966,3658712.0
1769749200000,0.00966,0.00971,0.00965,0.00966,1985688.0
1769752800000,0.00965,0.00968,0.00951,0.00958,4822005.0
1769756400000,0.00959,0.0097,0.00959,0.00963,5141206.0
1769760000000,0.00964,0.00969,0.00958,0.00962,4265870.0
1769763600000,0.00963,0.00965,0.00955,0.00958,5309354.0
1769767200000,0.00958,0.00959,0.00952,0.00954,8559735.0
1769770800000,0.00955,0.00967,0.00952,0.00964,6680192.0
1769774400000,0.00964,0.00969,0.0096,0.00966,8079013.0
1769778000000,0.00967,0.00972,0.00959,0.00967,15155689.0
1769781600000,0.00967,0.00977,0.00965,0.00967,9922872.0
1769785200000,0.00968,0.00973,0.00958,0.00967,8279281.0
1769788800000,0.00967,0.00974,0.00961,0.00968,5819018.0
1769792400000,0.00969,0.00975,0.00966,0.0097,3354864.0
1769796000000,0.00969,0.00982,0.00949,0.0098,10842939.0
1769799600000,0.00981,0.00986,0.00978,0.00979,4553463.0
1769803200000,0.00977,0.00978,0.00964,0.00967,6482304.0
1769806800000,0.00968,0.00973,0.00966,0.0097,5413438.0
1769810400000,0.0097,0.00972,0.00962,0.00968,1774956.0
1769814000000,0.00968,0.00971,0.00963,0.00971,1951486.0
1769817600000,0.00971,0.00979,0.00967,0.00968,5527145.0
1769821200000,0.00968,0.00971,0.00963,0.00966,1482959.0
1769824800000,0.00966,0.00968,0.00962,0.00965,2850609.0
1769828400000,0.00965,0.00968,0.00965,0.00966,772163.0
1769832000000,0.00966,0.00972,0.00961,0.00965,2749081.0
1769835600000,0.00965,0.00969,0.00962,0.00969,1959288.0
1769839200000,0.00969,0.00969,0.00962,0.00966,1592396.0
1769842800000,0.00965,0.00967,0.00956,0.00962,4587686.0
1769846400000,0.00961,0.00962,0.00939,0.00945,12687388.0
1769850000000,0.00945,0.00949,0.00942,0.00945,5542009.0
1769853600000,0.00944,0.00947,0.00936,0.00944,7632198.0
1769857200000,0.00945,0.00945,0.00939,0.00942,2895866.0
1769860800000,0.00943,0.00945,0.00939,0.00939,3038108.0
1769864400000,0.00941,0.00941,0.0093,0.00937,7127675.0
1769868000000,0.00938,0.00939,0.00889,0.00911,49329815.0
1769871600000,0.00912,0.00922,0.00911,0.00912,5917347.0
1769875200000,0.00912,0.00918,0.00895,0.00897,14367438.0
1769878800000,0.00897,0.00901,0.00857,0.00869,45908291.0
1769882400000,0.00869,0.00874,0.00821,0.00858,30873087.0
1769886000000,0.00858,0.00873,0.00855,0.0086,12078997.0
1769889600000,0.0086,0.00867,0.00854,0.00866,7548181.0
1769893200000,0.00866,0.00878,0.00863,0.00876,10452165.0
1769896800000,0.00876,0.00882,0.00876,0.00879,4373137.0
1769900400000,0.00879,0.00901,0.00879,0.00899,7928442.0
1769904000000,0.00899,0.00911,0.00899,0.00903,11009085.0
1769907600000,0.00903,0.00907,0.00896,0.00901,4881773.0
1769911200000,0.00901,0.00914,0.009,0.00907,8186189.0
1769914800000,0.00907,0.00914,0.00904,0.00911,4353832.0
1769918400000,0.00911,0.00914,0.00908,0.0091,2497506.0
1769922000000,0.0091,0.00914,0.00906,0.00907,2717115.0
1769925600000,0.00907,0.00912,0.00904,0.00907,2357285.0
1769929200000,0.00907,0.00913,0.00902,0.0091,4115972.0
1769932800000,0.0091,0.00919,0.00909,0.00914,4658888.0
1769936400000,0.00914,0.00918,0.0091,0.00917,4102115.0
1769940000000,0.00917,0.00925,0.00906,0.00908,8914268.0
1769943600000,0.00907,0.00912,0.00902,0.00908,4510469.0
1769947200000,0.00908,0.0091,0.00893,0.00899,9328427.0
1769950800000,0.00899,0.00913,0.00899,0.00901,6428512.0
1769954400000,0.00901,0.00907,0.00886,0.009,10172704.0
1769958000000,0.009,0.009,0.0088,0.00891,11691635.0
1769961600000,0.00891,0.00894,0.00881,0.00886,7527502.0
1769965200000,0.00885,0.0089,0.00882,0.00888,4313772.0
1769968800000,0.00889,0.00903,0.00889,0.00896,7338129.0
1769972400000,0.00896,0.00898,0.00884,0.00887,3618852.0
1769976000000,0.00888,0.00894,0.00878,0.00887,4167008.0
1769979600000,0.00887,0.00889,0.00879,0.00881,3455003.0
1769983200000,0.00882,0.00894,0.00881,0.0089,3287706.0
1769986800000,0.00889,0.00893,0.00864,0.00881,12096698.0
1769990400000,0.00882,0.00895,0.00875,0.0089,6869204.0
1769994000000,0.00889,0.00896,0.00877,0.00891,4392482.0
1769997600000,0.00892,0.00893,0.00882,0.00883,5889514.0
1770001200000,0.00883,0.00885,0.00841,0.00876,35169364.0
1770004800000,0.00876,0.00886,0.00863,0.00871,9664458.0
1770008400000,0.00872,0.00873,0.00854,0.00862,5932602.0
1770012000000,0.00862,0.00881,0.0085,0.00872,15040614.0
1770015600000,0.00872,0.00877,0.00869,0.00872,4250284.0
1770019200000,0.00871,0.00879,0.00869,0.00875,5827027.0
1770022800000,0.00875,0.00887,0.00871,0.00885,7354300.0
1770026400000,0.00884,0.00889,0.00879,0.00883,7710076.0
1770030000000,0.00882,0.00889,0.00882,0.00884,5373919.0
1770033600000,0.00884,0.00892,0.00883,0.0089,3811397.0
1770037200000,0.00889,0.00896,0.00886,0.00895,4793787.0
1770040800000,0.00894,0.00909,0.00889,0.00905,12338982.0
1770044400000,0.00905,0.00918,0.00902,0.00912,9215455.0
1770048000000,0.00913,0.00917,0.00908,0.0091,5962893.0
1770051600000,0.0091,0.00914,0.00906,0.00908,3272617.0
1770055200000,0.00908,0.00911,0.00905,0.0091,2521182.0
1770058800000,0.0091,0.00912,0.00905,0.00906,3608461.0
1770062400000,0.00906,0.00909,0.00899,0.00903,3881894.0
1770066000000,0.00903,0.00912,0.00903,0.0091,2164400.0
1770069600000,0.0091,0.00913,0.0091,0.00912,1370540.0
1770073200000,0.00911,0.00915,0.00909,0.00913,1723501.0
1770076800000,0.00914,0.00916,0.00909,0.00913,5115465.0
1770080400000,0.00913,0.00914,0.00903,0.00908,2235428.0
1770084000000,0.00908,0.00908,0.00894,0.00894,4692197.0
1770087600000,0.00894,0.00908,0.00892,0.00906,3886591.0
1770091200000,0.00906,0.00911,0.00903,0.0091,3931451.0
1770094800000,0.0091,0.0091,0.00902,0.00903,4458869.0
1770098400000,0.00903,0.00906,0.00896,0.00904,6051610.0
1770102000000,0.00905,0.00909,0.00903,0.00907,4544297.0
1770105600000,0.00907,0.00908,0.00902,0.00903,2557929.0
1770109200000,0.00902,0.00905,0.0089,0.00898,7426322.0
1770112800000,0.00897,0.00902,0.00893,0.00897,5926921.0
1770116400000,0.00896,0.00899,0.00894,0.00896,2702142.0
1770120000000,0.00896,0.00903,0.00893,0.00903,4951056.0
1770123600000,0.00903,0.00906,0.00899,0.00905,2394670.0
1770127200000,0.00904,0.00904,0.00888,0.00888,6184064.0
1770130800000,0.00887,0.00906,0.00886,0.00903,9965248.0
1770134400000,0.00902,0.00903,0.00883,0.00884,6214388.0
1770138000000,0.00884,0.00887,0.00865,0.00865,8447391.0
1770141600000,0.00866,0.00869,0.00845,0.00848,15206673.0
1770145200000,0.00847,0.00882,0.00844,0.00878,10604847.0
1770148800000,0.00878,0.00909,0.0087,0.00902,16003436.0
1770152400000,0.00902,0.00912,0.00898,0.00899,9104280.0
1770156000000,0.00899,0.00899,0.00882,0.00886,6228330.0
1770159600000,0.00886,0.00888,0.00879,0.00884,5665570.0
1770163200000,0.00883,0.00891,0.0088,0.00889,4351261.0
1770166800000,0.00889,0.00903,0.00889,0.00898,5775516.0
1770170400000,0.00897,0.00901,0.0089,0.00894,4264171.0
1770174000000,0.00894,0.00905,0.00894,0.00902,4516613.0
1770177600000,0.00902,0.00904,0.009,0.00901,3300781.0
1770181200000,0.00902,0.00902,0.00891,0.00896,4720667.0
1770184800000,0.00897,0.00903,0.00895,0.009,3955857.0
1770188400000,0.00901,0.00902,0.00894,0.00899,4599836.0
1770192000000,0.00899,0.009,0.00893,0.00897,3298106.0
1770195600000,0.00898,0.00898,0.00891,0.00893,4606925.0
1770199200000,0.00894,0.00894,0.00889,0.0089,1983716.0
1770202800000,0.0089,0.0089,0.00879,0.00887,6574887.0
1770206400000,0.00886,0.00891,0.00882,0.00885,5917639.0
1770210000000,0.00885,0.00885,0.00861,0.00863,15105062.0
1770213600000,0.00863,0.00878,0.00862,0.00863,11404401.0
1770217200000,0.00862,0.0087,0.00851,0.0086,14522322.0
1770220800000,0.0086,0.00865,0.00848,0.00858,14084101.0
1770224400000,0.00858,0.00865,0.00847,0.00857,11143225.0
1770228000000,0.00857,0.00877,0.00848,0.00867,11132055.0
1770231600000,0.00868,0.00882,0.00863,0.00881,8570849.0
1770235200000,0.00881,0.00883,0.00876,0.00878,4997266.0
1770238800000,0.00878,0.00879,0.00867,0.00872,5753686.0
1770242400000,0.00872,0.00886,0.00858,0.0087,6796534.0
1770246000000,0.00869,0.00882,0.00867,0.00875,5018990.0
1770249600000,0.00876,0.00879,0.00871,0.00872,4714880.0
1770253200000,0.00872,0.00882,0.00864,0.00872,8910273.0
1770256800000,0.00872,0.00873,0.00856,0.00857,14945136.0
1770260400000,0.00857,0.00863,0.00849,0.00851,8856767.0
1770264000000,0.0085,0.00857,0.00847,0.00852,5957149.0
1770267600000,0.00852,0.00856,0.00839,0.00849,11366420.0
1770271200000,0.00848,0.00849,0.00841,0.00846,6752230.0
1770274800000,0.00845,0.00861,0.00845,0.00853,10524443.0
1770278400000,0.00854,0.0086,0.0085,0.00854,8603112.0
1770282000000,0.00854,0.00863,0.00852,0.00854,6930069.0
1770285600000,0.00854,0.00857,0.00836,0.00837,7503686.0
1770289200000,0.00837,0.00842,0.00822,0.00835,15194945.0
1770292800000,0.00835,0.00839,0.00821,0.00826,18590456.0
1770296400000,0.00826,0.0083,0.00816,0.00818,11329849.0
1770300000000,0.00819,0.00842,0.00819,0.00827,20500063.0
1770303600000,0.00827,0.00829,0.00785,0.008,54099260.0
1770307200000,0.00801,0.00813,0.00792,0.00802,32870327.0
1770310800000,0.00802,0.00806,0.00777,0.00782,28631144.0
1770314400000,0.00782,0.00788,0.00771,0.00787,18966222.0
1770318000000,0.00786,0.00789,0.00778,0.00782,17210420.0
1770321600000,0.00782,0.00787,0.00741,0.00755,50718012.0
1770325200000,0.00754,0.00771,0.00741,0.00751,34167656.0
1770328800000,0.00753,0.00765,0.00743,0.00755,19947061.0
1770332400000,0.00755,0.00768,0.00739,0.00741,18467105.0
1770336000000,0.00741,0.00745,0.00679,0.00732,202031374.0
1770339600000,0.00731,0.00753,0.00726,0.00753,45247678.0
1770343200000,0.00753,0.00758,0.00735,0.00741,25100154.0
1770346800000,0.00741,0.00747,0.00735,0.0074,19868304.0
1770350400000,0.0074,0.0075,0.00738,0.00747,10107747.0
1770354000000,0.00747,0.00776,0.00746,0.00772,21365247.0
1770357600000,0.00773,0.00781,0.00764,0.00765,21087872.0
1770361200000,0.00765,0.00769,0.00755,0.00762,14631727.0
1770364800000,0.00762,0.00768,0.00757,0.00762,15185483.0
1770368400000,0.00762,0.00779,0.00759,0.00776,12220505.0
1770372000000,0.00777,0.00787,0.00773,0.00785,19984253.0
1770375600000,0.00785,0.0079,0.00782,0.00788,8902951.0
1770379200000,0.00788,0.0079,0.00783,0.00789,5649249.0
1770382800000,0.00789,0.00825,0.00788,0.00801,85931940.0
1770386400000,0.00801,0.00813,0.00793,0.0081,27333653.0
1770390000000,0.0081,0.00815,0.00804,0.00812,19196290.0
1770393600000,0.00812,0.00833,0.0081,0.00828,12602582.0
1770397200000,0.00828,0.00844,0.00826,0.00837,18349390.0
1770400800000,0.00837,0.00839,0.00819,0.00829,29160282.0
1770404400000,0.00829,0.00834,0.00825,0.00832,7985164.0
1770408000000,0.00832,0.00836,0.00824,0.00825,11012969.0
1770411600000,0.00825,0.00831,0.00822,0.00828,4117314.0
1770415200000,0.00829,0.00836,0.00827,0.00833,11254794.0
1770418800000,0.00834,0.00846,0.00833,0.00841,18160353.0
1770422400000,0.00843,0.00843,0.00824,0.00825,17958710.0
1770426000000,0.00825,0.00831,0.0082,0.0083,7656130.0
1770429600000,0.0083,0.00834,0.00816,0.00824,28124207.0
1770433200000,0.00824,0.00837,0.00823,0.00833,13638404.0
1770436800000,0.00833,0.00838,0.00827,0.00828,7907832.0
1770440400000,0.00828,0.00834,0.00822,0.00823,7932369.0
1770444000000,0.00824,0.00827,0.00807,0.00808,13444396.0
1770447600000,0.00807,0.0081,0.0079,0.00796,26508555.0
1770451200000,0.00795,0.00807,0.00793,0.00805,13148561.0
1770454800000,0.00804,0.00808,0.00801,0.00803,3033099.0
1770458400000,0.00803,0.00805,0.00795,0.00801,5996130.0
1770462000000,0.00802,0.00802,0.00788,0.00795,14422580.0
1770465600000,0.00795,0.0082,0.00795,0.00812,18006930.0
1770469200000,0.00813,0.00814,0.00809,0.00812,3661160.0
1770472800000,0.00812,0.00812,0.00798,0.00799,11556367.0
1770476400000,0.00798,0.00809,0.00798,0.00805,6461876.0
1770480000000,0.00805,0.00819,0.00803,0.00807,45907986.0
1770483600000,0.00807,0.00814,0.00806,0.00812,6098567.0
1770487200000,0.00812,0.00824,0.00812,0.00819,5301897.0
1770490800000,0.0082,0.0082,0.00814,0.00815,6128198.0
1770494400000,0.00815,0.0082,0.00813,0.00819,4219151.0
1770498000000,0.00819,0.0082,0.00812,0.00813,5121899.0
1770501600000,0.00813,0.00816,0.00811,0.00812,3233254.0
1770505200000,0.00812,0.00812,0.00806,0.00811,4533412.0
1770508800000,0.0081,0.00814,0.00802,0.00807,10546436.0
1770512400000,0.00808,0.00812,0.00807,0.00809,3664670.0
1770516000000,0.0081,0.00812,0.00806,0.00808,3843789.0
1770519600000,0.00808,0.00809,0.008,0.00801,9831585.0
1770523200000,0.00802,0.00806,0.00802,0.00804,3543549.0
1770526800000,0.00805,0.00806,0.008,0.008,2339966.0
1770530400000,0.008,0.00804,0.00799,0.00802,3584082.0
1770534000000,0.00802,0.00802,0.00797,0.00801,5400797.0
1770537600000,0.00802,0.00812,0.00799,0.00811,15505297.0
1770541200000,0.00812,0.00813,0.00803,0.00806,5663582.0
1770544800000,0.00806,0.00808,0.00799,0.008,4932605.0
1770548400000,0.008,0.00806,0.008,0.00801,10788309.0
1770552000000,0.00802,0.00803,0.00797,0.00802,5734508.0
1770555600000,0.00802,0.00802,0.00797,0.00799,7369857.0
1770559200000,0.008,0.00802,0.00797,0.00799,3961208.0
1770562800000,0.008,0.00802,0.00787,0.0079,7207589.0
1770566400000,0.00791,0.00793,0.00773,0.00775,8632612.0
1770570000000,0.00776,0.00783,0.00776,0.00781,4463590.0
1770573600000,0.0078,0.00789,0.00779,0.00786,4555227.0
1770577200000,0.00786,0.00795,0.00786,0.00792,8363570.0
1770580800000,0.00793,0.00793,0.00786,0.00787,4899119.0
1770584400000,0.00788,0.0079,0.00781,0.00784,6000464.0
1770588000000,0.00784,0.00791,0.00783,0.0079,3631010.0
1770591600000,0.00789,0.00798,0.00776,0.00785,15979271.0
1770595200000,0.00785,0.00789,0.00779,0.00783,7389347.0
1770598800000,0.00782,0.00788,0.00777,0.00781,9325531.0
1770602400000,0.00781,0.00788,0.00779,0.00783,3747118.0
1770606000000,0.00784,0.00792,0.00783,0.00791,5155111.0
1770609600000,0.00791,0.00791,0.00785,0.00787,2458016.0
1770613200000,0.00786,0.00796,0.00785,0.00794,5485678.0
1770616800000,0.00794,0.00794,0.00786,0.00788,4163725.0
1770620400000,0.00788,0.0079,0.00781,0.00782,4932229.0
1770624000000,0.00782,0.00784,0.0077,0.00773,9978843.0
1770627600000,0.00773,0.00775,0.00768,0.0077,4228535.0
1770631200000,0.0077,0.00773,0.00758,0.00766,38578064.0
1770634800000,0.00766,0.00771,0.00766,0.00769,10417186.0
1770638400000,0.00769,0.00777,0.00768,0.00776,4123939.0
1770642000000,0.00776,0.00778,0.0077,0.0077,8123216.0
1770645600000,0.00771,0.00781,0.00767,0.00778,13440804.0
1770649200000,0.0078,0.00783,0.00773,0.00781,12619749.0
1770652800000,0.00781,0.0079,0.00776,0.00786,7914787.0
1770656400000,0.00786,0.00796,0.00783,0.00793,7962348.0
1770660000000,0.00794,0.00796,0.00787,0.0079,7770046.0
1770663600000,0.00789,0.00792,0.00787,0.00791,4611754.0
1770667200000,0.00791,0.00794,0.00787,0.00793,14059151.0
1770670800000,0.00793,0.00793,0.00785,0.00792,3809729.0
1770674400000,0.00792,0.00797,0.00791,0.00795,3246808.0
1770678000000,0.00794,0.00795,0.00787,0.00789,4837437.0
1770681600000,0.00789,0.00806,0.00782,0.00783,38222354.0
1770685200000,0.00783,0.00792,0.00782,0.0079,7316322.0
1770688800000,0.0079,0.00809,0.00788,0.00806,37866767.0
1770692400000,0.00805,0.00806,0.00781,0.00797,27949810.0
1770696000000,0.00796,0.00806,0.00795,0.008,15504429.0
1770699600000,0.00801,0.00801,0.00788,0.0079,5121988.0
1770703200000,0.0079,0.00792,0.00781,0.00784,13406525.0
1770706800000,0.00785,0.00787,0.00781,0.00784,5515402.0
1770710400000,0.00784,0.00785,0.00778,0.00784,6023189.0
1770714000000,0.00784,0.00788,0.00784,0.00786,3803497.0
1770717600000,0.00785,0.00786,0.00777,0.00779,7557407.0
1770721200000,0.0078,0.00781,0.00774,0.00776,5366161.0
1770724800000,0.00776,0.00778,0.00771,0.00773,3127799.0
1770728400000,0.00773,0.0078,0.00772,0.00777,6976805.0
1770732000000,0.00777,0.00782,0.00768,0.00775,13609337.0
1770735600000,0.00775,0.00784,0.00773,0.0078,5989129.0
1770739200000,0.0078,0.00784,0.00775,0.00778,7321483.0
1770742800000,0.00778,0.00784,0.00776,0.00781,5556031.0
1770746400000,0.00782,0.00783,0.00767,0.00772,8142874.0
1770750000000,0.00772,0.00775,0.00768,0.00772,9185437.0
1770753600000,0.00773,0.00777,0.00768,0.00776,14251167.0
1770757200000,0.00776,0.00777,0.00773,0.00777,3303167.0
1770760800000,0.00777,0.00779,0.00774,0.00775,1939541.0
1770764400000,0.00775,0.00777,0.00772,0.00776,3340227.0
1770768000000,0.00776,0.00777,0.00773,0.00776,3304771.0
1770771600000,0.00776,0.00778,0.00774,0.00777,2075499.0
1770775200000,0.00778,0.0078,0.00774,0.00775,3280087.0
1770778800000,0.00775,0.00777,0.00768,0.00775,6310126.0
1770782400000,0.00774,0.00775,0.0076,0.00762,10531946.0
1770786000000,0.00763,0.00767,0.00758,0.0076,5159579.0
1770789600000,0.0076,0.0076,0.00748,0.00752,8447160.0
1770793200000,0.00752,0.00757,0.0075,0.00753,7305852.0
1770796800000,0.00753,0.00755,0.0075,0.00754,4512806.0
1770800400000,0.00754,0.00756,0.00752,0.00753,5083223.0
1770804000000,0.00754,0.00754,0.00751,0.00753,5098795.0
1770807600000,0.00753,0.00758,0.00752,0.00756,4768628.0
1770811200000,0.00756,0.00764,0.00755,0.00761,4527511.0
1770814800000,0.00761,0.00768,0.00759,0.00766,6898723.0
1770818400000,0.00766,0.00783,0.00755,0.00757,16809939.0
1770822000000,0.00757,0.00762,0.00749,0.00759,11202671.0
1770825600000,0.00759,0.00768,0.00758,0.0076,4970028.0
1770829200000,0.00759,0.00779,0.00758,0.00771,11717172.0
1770832800000,0.00771,0.00783,0.00768,0.00782,6728975.0
1770836400000,0.00782,0.00783,0.00775,0.00776,6647846.0
1770840000000,0.00776,0.00784,0.00774,0.00782,2830926.0
1770843600000,0.00783,0.00791,0.00782,0.00788,6592004.0
1770847200000,0.00787,0.0079,0.00785,0.00787,1892216.0
1770850800000,0.00787,0.00788,0.0078,0.00785,3807810.0
1770854400000,0.00785,0.00839,0.00785,0.00808,143507317.0
1770858000000,0.00807,0.00816,0.00805,0.00808,20397807.0
1770861600000,0.00809,0.00816,0.00799,0.00814,28430047.0
1770865200000,0.00814,0.00817,0.0081,0.0081,15250467.0
1770868800000,0.00811,0.00813,0.00808,0.00808,7527234.0
1770872400000,0.00808,0.00811,0.00803,0.00807,11652425.0
1770876000000,0.00807,0.0081,0.00805,0.00806,4448350.0
1770879600000,0.00806,0.00812,0.00804,0.00808,6166001.0
1770883200000,0.00808,0.00816,0.00807,0.00813,9826714.0
1770886800000,0.00813,0.00815,0.00807,0.00813,7710012.0
1770890400000,0.00813,0.00816,0.0081,0.00816,9426100.0
1770894000000,0.00816,0.00816,0.00808,0.00811,18527181.0
1770897600000,0.00812,0.00812,0.00803,0.00806,8063098.0
1770901200000,0.00805,0.00833,0.00798,0.0081,97761659.0
1770904800000,0.0081,0.0081,0.00799,0.00803,12048074.0
1770908400000,0.00804,0.00811,0.008,0.008,18431208.0
1770912000000,0.00801,0.00802,0.00784,0.00789,17125550.0
1770915600000,0.00789,0.00795,0.00787,0.00789,7315820.0
1770919200000,0.0079,0.00794,0.00787,0.00792,3662150.0
1770922800000,0.00791,0.00801,0.00789,0.00795,5925718.0
1770926400000,0.00795,0.00796,0.00789,0.00792,3864179.0
1770930000000,0.00792,0.00795,0.00791,0.00793,4082084.0
1770933600000,0.00792,0.00802,0.00791,0.00802,3195184.0
1770937200000,0.00802,0.00806,0.008,0.00805,3900745.0
1770940800000,0.00805,0.00806,0.00787,0.00791,14881085.0
1770944400000,0.00792,0.008,0.00792,0.00794,4781911.0
1770948000000,0.00795,0.00799,0.00794,0.00798,3872804.0
1770951600000,0.00797,0.00803,0.00795,0.00797,3960014.0
1770955200000,0.00798,0.00799,0.00794,0.00795,2835084.0
1770958800000,0.00795,0.00795,0.00791,0.00791,2750938.0
1770962400000,0.00792,0.00795,0.00788,0.00795,1721186.0
1770966000000,0.00795,0.00797,0.00794,0.00795,2990768.0
1770969600000,0.00795,0.00804,0.00794,0.00802,7238078.0
1770973200000,0.00802,0.00804,0.008,0.00802,2398310.0
1770976800000,0.00803,0.00809,0.00801,0.00807,4217810.0
1770980400000,0.00806,0.00845,0.00805,0.00845,119209360.0
1770984000000,0.00845,0.00867,0.00806,0.00813,147000981.0
1770987600000,0.00813,0.00829,0.00811,0.00824,19742604.0
1770991200000,0.00824,0.00838,0.00815,0.00831,32589126.0
1770994800000,0.00831,0.00838,0.00821,0.00833,24703076.0
1770998400000,0.00833,0.00844,0.00831,0.00837,15924475.0
1771002000000,0.00838,0.0084,0.00834,0.00836,6704998.0
1771005600000,0.00835,0.00842,0.00831,0.00839,10470633.0
1771009200000,0.00838,0.00846,0.00836,0.00843,5040268.0
1771012800000,0.00842,0.00845,0.00836,0.00839,6549984.0
1771016400000,0.00839,0.00845,0.00838,0.00843,4369866.0
1771020000000,0.00842,0.00846,0.00839,0.00846,4083071.0
1771023600000,0.00847,0.00854,0.00846,0.00846,5326860.0
1771027200000,0.00846,0.00871,0.0084,0.00851,80115092.0
1771030800000,0.00851,0.00856,0.00849,0.00851,6549758.0
1771034400000,0.00851,0.00853,0.00848,0.00848,4713502.0
1771038000000,0.00849,0.00851,0.00848,0.00849,2248753.0
1771041600000,0.0085,0.00851,0.00844,0.00846,7452095.0
1771045200000,0.00846,0.0085,0.00844,0.00844,2239317.0
1771048800000,0.00844,0.00845,0.00835,0.00841,9930096.0
1771052400000,0.00841,0.00847,0.00841,0.00845,4943443.0
1771056000000,0.00847,0.00859,0.00846,0.00858,8424037.0
1771059600000,0.00859,0.00859,0.00853,0.00853,4836075.0
1771063200000,0.00854,0.00854,0.00846,0.00848,8701999.0
1771066800000,0.00848,0.00857,0.00848,0.00855,7726240.0
1771070400000,0.00856,0.00858,0.00845,0.00846,8131914.0
1771074000000,0.00846,0.00851,0.00844,0.00847,10827172.0
1771077600000,0.00848,0.00856,0.00847,0.00855,4656834.0
1771081200000,0.00854,0.00859,0.00852,0.00858,4297421.0
1771084800000,0.00858,0.00859,0.00852,0.00858,4387206.0
1771088400000,0.00858,0.00862,0.00855,0.00859,6765825.0
1771092000000,0.0086,0.00864,0.00859,0.00861,2280472.0
1771095600000,0.00862,0.00868,0.00859,0.00867,4917749.0
1771099200000,0.00868,0.00871,0.00861,0.00865,7748949.0
1771102800000,0.00866,0.0087,0.00856,0.0086,9590232.0
1771106400000,0.0086,0.00868,0.0086,0.00864,4170202.0
1771110000000,0.00864,0.00866,0.00859,0.00861,6644317.0
1771113600000,0.00861,0.00862,0.00854,0.00857,5668648.0
1771117200000,0.00857,0.00862,0.0085,0.00859,8753464.0
1771120800000,0.00859,0.00861,0.00853,0.00855,4691096.0
1771124400000,0.00855,0.00857,0.00847,0.00856,9278802.0
1771128000000,0.00856,0.00864,0.00856,0.00861,9416336.0
1771131600000,0.00862,0.00864,0.0086,0.00861,4000015.0
1771135200000,0.0086,0.00864,0.00858,0.0086,5053552.0
1771138800000,0.0086,0.00866,0.00859,0.00861,7592629.0
1771142400000,0.00862,0.00868,0.00847,0.00852,18603306.0
1771146000000,0.00853,0.00856,0.00848,0.00851,5268034.0
1771149600000,0.00851,0.00853,0.00843,0.00847,9832250.0
1771153200000,0.00848,0.00849,0.00845,0.00848,2521427.0
1771156800000,0.00848,0.00848,0.00826,0.00826,11162839.0
1771160400000,0.00826,0.00834,0.00821,0.00824,7924248.0
1771164000000,0.00825,0.00832,0.00823,0.0083,3613210.0
1771167600000,0.0083,0.00833,0.00828,0.00831,3559611.0
1771171200000,0.0083,0.00831,0.00825,0.00829,4317713.0
1771174800000,0.00829,0.00831,0.00812,0.00821,15374231.0
1771178400000,0.0082,0.00823,0.00813,0.00814,4300701.0
1771182000000,0.00814,0.00816,0.00803,0.00811,10204962.0
1771185600000,0.0081,0.00815,0.00808,0.00814,2073533.0
1771189200000,0.00814,0.0082,0.00814,0.00818,1717899.0
1771192800000,0.00818,0.00824,0.00816,0.00822,1856243.0
1771196400000,0.00822,0.00823,0.00816,0.00821,3919938.0
1771200000000,0.00822,0.00826,0.0082,0.00821,4747106.0
1771203600000,0.00821,0.00824,0.00815,0.00818,2824336.0
1771207200000,0.00818,0.0082,0.00814,0.00816,3281145.0
1771210800000,0.00815,0.0082,0.00815,0.0082,3206378.0
1771214400000,0.00819,0.00825,0.00819,0.00824,2220598.0
1771218000000,0.00824,0.00824,0.00813,0.00816,2247056.0
1771221600000,0.00815,0.00821,0.00815,0.0082,1409327.0
1771225200000,0.0082,0.0082,0.00816,0.00818,3007766.0
1771228800000,0.00817,0.00822,0.00816,0.00821,1131787.0
1771232400000,0.0082,0.00824,0.00819,0.00821,2093081.0
1771236000000,0.00821,0.00822,0.00818,0.00819,1686026.0
1771239600000,0.00818,0.00822,0.00812,0.0082,4542996.0
1771243200000,0.00821,0.00831,0.0082,0.0083,4338114.0
1771246800000,0.0083,0.00835,0.00816,0.0082,11706443.0
1771250400000,0.00819,0.00827,0.00818,0.00823,5190015.0
1771254000000,0.00824,0.00827,0.00809,0.00814,11695884.0
1771257600000,0.00814,0.00822,0.00813,0.00822,5512145.0
1771261200000,0.00821,0.00824,0.00818,0.0082,3058665.0
1771264800000,0.0082,0.00824,0.00819,0.0082,1916221.0
1771268400000,0.0082,0.00824,0.00818,0.00822,1852285.0
1771272000000,0.00822,0.00831,0.00819,0.00829,3768571.0
1771275600000,0.0083,0.00834,0.00826,0.00834,4015069.0
1771279200000,0.00834,0.00834,0.00827,0.0083,2335882.0
1771282800000,0.0083,0.00833,0.00828,0.00832,2168893.0
1771286400000,0.00832,0.00833,0.00827,0.00828,2976932.0
1771290000000,0.00829,0.00831,0.00828,0.00828,1673330.0
1771293600000,0.00828,0.00835,0.00825,0.00834,3612460.0
1771297200000,0.00833,0.00834,0.00828,0.00828,2041249.0
1771300800000,0.00828,0.00831,0.00826,0.00827,4254559.0
1771304400000,0.00827,0.00832,0.00823,0.00828,9737651.0
1771308000000,0.00829,0.00831,0.00828,0.0083,2139598.0
1771311600000,0.00829,0.0083,0.00825,0.00825,2130289.0
1771315200000,0.00826,0.00828,0.0082,0.00822,1531074.0
1771318800000,0.00821,0.00823,0.00817,0.00821,3532338.0
1771322400000,0.00821,0.00822,0.00816,0.00819,2592724.0
1771326000000,0.00819,0.00823,0.00818,0.00822,2721799.0
1771329600000,0.00822,0.00825,0.00819,0.0082,4874722.0
1771333200000,0.00819,0.00824,0.00817,0.00822,4661765.0
1771336800000,0.00822,0.00823,0.00807,0.00808,7338761.0
1771340400000,0.00808,0.00817,0.00807,0.00816,6871328.0
1771344000000,0.00816,0.00825,0.00816,0.00818,4962263.0
1771347600000,0.00818,0.00819,0.00807,0.00809,4826672.0
1771351200000,0.00809,0.00821,0.00807,0.0082,6290846.0
1771354800000,0.0082,0.0082,0.00814,0.00815,2973122.0
1771358400000,0.00816,0.00817,0.00811,0.00813,2831819.0
1771362000000,0.00812,0.00815,0.0081,0.00813,1243995.0
1771365600000,0.00813,0.00815,0.0081,0.0081,1837470.0
1771369200000,0.0081,0.00814,0.0081,0.00813,1660149.0
1771372800000,0.00814,0.00815,0.0081,0.00811,1615212.0
1771376400000,0.0081,0.00812,0.00806,0.00808,4276544.0
1771380000000,0.00807,0.00812,0.00807,0.00808,5182116.0
1771383600000,0.00809,0.00814,0.00809,0.00812,1857385.0
1771387200000,0.00813,0.00814,0.0081,0.00813,1672474.0
1771390800000,0.00813,0.00814,0.0081,0.00811,1443379.0
1771394400000,0.00811,0.00814,0.0081,0.00813,2036367.0
1771398000000,0.00811,0.00821,0.00811,0.0082,2656495.0
1771401600000,0.0082,0.00822,0.00817,0.00818,1542070.0
1771405200000,0.00818,0.00821,0.00817,0.00818,2291543.0
1771408800000,0.00819,0.00819,0.00812,0.00813,2342849.0
1771412400000,0.00813,0.00814,0.00807,0.0081,4322590.0
1771416000000,0.0081,0.00814,0.00806,0.00809,4310399.0
1771419600000,0.00809,0.0081,0.00801,0.00804,6146175.0
1771423200000,0.00804,0.00806,0.00797,0.00804,13109199.0
1771426800000,0.00803,0.00816,0.00803,0.00806,7446851.0
1771430400000,0.00806,0.00807,0.00798,0.00801,4412816.0
1771434000000,0.008,0.00807,0.008,0.00801,2803242.0
1771437600000,0.008,0.00802,0.00791,0.00793,6536467.0
1771441200000,0.00793,0.00795,0.00784,0.00786,5783387.0
1771444800000,0.00786,0.0079,0.00784,0.00785,4246525.0
1771448400000,0.00785,0.00787,0.00783,0.00784,1462601.0
1771452000000,0.00784,0.00785,0.00781,0.00783,5051325.0
1771455600000,0.00782,0.00784,0.00777,0.00781,6198560.0
1771459200000,0.00782,0.00785,0.0078,0.00781,5091141.0
1771462800000,0.00781,0.00791,0.00781,0.0079,6395239.0
1771466400000,0.0079,0.00791,0.00786,0.00788,2889737.0
1771470000000,0.00789,0.0079,0.00786,0.00788,2266104.0
1771473600000,0.00788,0.00791,0.00787,0.00787,1697849.0
1771477200000,0.00788,0.00788,0.00781,0.00784,2058723.0
1771480800000,0.00785,0.00789,0.00785,0.00787,2198571.0
1771484400000,0.00788,0.0079,0.00786,0.00786,2463102.0
1771488000000,0.00787,0.00787,0.00779,0.00782,7887233.0
1771491600000,0.00783,0.00786,0.00778,0.0078,4965914.0
1771495200000,0.00779,0.00783,0.00773,0.0078,8568187.0
1771498800000,0.0078,0.00781,0.00778,0.0078,3016917.0
1771502400000,0.0078,0.00781,0.00777,0.00777,3073087.0
1771506000000,0.00777,0.00778,0.00764,0.00768,8946592.0
1771509600000,0.00768,0.00782,0.00768,0.00779,7605269.0
1771513200000,0.00779,0.00782,0.00774,0.00777,6976795.0
1771516800000,0.00777,0.00777,0.00765,0.00771,17440186.0
1771520400000,0.00771,0.00783,0.00769,0.00773,4704048.0
1771524000000,0.00773,0.00783,0.00772,0.00781,3981544.0
1771527600000,0.00781,0.00781,0.00775,0.0078,3417344.0
1771531200000,0.0078,0.00783,0.00777,0.00781,2252675.0
1771534800000,0.00782,0.00783,0.0078,0.00781,1321703.0
1771538400000,0.0078,0.00783,0.00775,0.0078,3851249.0
1771542000000,0.0078,0.00784,0.0078,0.00784,658984.0
1771545600000,0.00784,0.00794,0.00781,0.00784,16773081.0
1771549200000,0.00784,0.00786,0.00783,0.00786,3278294.0
1771552800000,0.00786,0.00788,0.00784,0.00784,2033550.0
1771556400000,0.00784,0.00787,0.00783,0.00785,2779141.0
1771560000000,0.00785,0.00786,0.00778,0.00781,3682021.0
1771563600000,0.0078,0.00786,0.00777,0.00784,6606720.0
1771567200000,0.00784,0.00786,0.00781,0.00785,2446821.0
1771570800000,0.00784,0.00785,0.00781,0.00781,1652030.0
1771574400000,0.00781,0.00784,0.00781,0.00783,3087567.0
1771578000000,0.00783,0.00787,0.00782,0.00785,2457853.0
1771581600000,0.00785,0.00789,0.00784,0.00785,3962261.0
1771585200000,0.00785,0.00785,0.00779,0.0078,2087550.0
1771588800000,0.0078,0.00782,0.00778,0.0078,2004858.0
1771592400000,0.0078,0.0078,0.00768,0.00772,7307351.0
1771596000000,0.00771,0.00782,0.00771,0.00779,4080674.0
1771599600000,0.00779,0.00793,0.00779,0.00791,11578989.0
1771603200000,0.00791,0.00796,0.00787,0.00793,7594454.0
1771606800000,0.00792,0.00795,0.00781,0.00794,4788970.0
1771610400000,0.00795,0.00797,0.0079,0.00795,4283166.0
1771614000000,0.00794,0.00796,0.00789,0.00792,4467255.0
1771617600000,0.00792,0.00795,0.00789,0.00793,2271189.0
1771621200000,0.00794,0.00795,0.00792,0.00793,2778161.0
1771624800000,0.00794,0.00795,0.00789,0.00794,4527830.0
1771628400000,0.00794,0.00795,0.00792,0.00794,1433053.0
1771632000000,0.00795,0.00795,0.00791,0.00792,1999563.0
1771635600000,0.00792,0.00795,0.00792,0.00794,1360308.0
1771639200000,0.00794,0.00798,0.00793,0.00797,2401636.0
1771642800000,0.00797,0.00797,0.0079,0.00792,2529804.0
1771646400000,0.00792,0.00795,0.00792,0.00794,1693272.0
1771650000000,0.00795,0.00799,0.00794,0.00797,2126325.0
1771653600000,0.00796,0.00798,0.00792,0.00794,3817127.0
1771657200000,0.00794,0.00796,0.00793,0.00794,1219630.0
1771660800000,0.00795,0.00808,0.00794,0.00807,10755542.0
1771664400000,0.00806,0.00813,0.00804,0.00807,4844017.0
1771668000000,0.00807,0.0081,0.00806,0.00808,2508184.0
1771671600000,0.00807,0.0081,0.00806,0.00807,1377102.0
1771675200000,0.00807,0.00808,0.008,0.00802,5706358.0
1771678800000,0.00801,0.00804,0.008,0.00804,2037295.0
1771682400000,0.00804,0.00811,0.00803,0.00808,5981499.0
1771686000000,0.00807,0.0081,0.00805,0.00808,3546897.0
1771689600000,0.00808,0.00808,0.00797,0.00799,7392580.0
1771693200000,0.00799,0.00803,0.00798,0.00801,2494148.0
1771696800000,0.00802,0.00807,0.00801,0.00806,1508633.0
1771700400000,0.00806,0.00811,0.00799,0.00802,6492602.0
1771704000000,0.00803,0.00804,0.00795,0.00798,4434278.0
1771707600000,0.00798,0.00802,0.00798,0.008,1922288.0
1771711200000,0.00801,0.00801,0.00797,0.00798,2090558.0
1771714800000,0.00798,0.00799,0.00797,0.00798,1402167.0
1771718400000,0.00798,0.00817,0.00782,0.00785,52195360.0
1771722000000,0.00786,0.00788,0.00785,0.00787,3485347.0
1771725600000,0.00787,0.0079,0.00783,0.00783,6039405.0
1771729200000,0.00783,0.00797,0.00783,0.00792,9809759.0
1771732800000,0.00792,0.00794,0.00791,0.00793,2208943.0
1771736400000,0.00792,0.00793,0.00787,0.00788,1966124.0
1771740000000,0.00789,0.00792,0.00787,0.00791,2620325.0
1771743600000,0.00791,0.00795,0.0079,0.00791,2485389.0
1771747200000,0.00791,0.00792,0.00789,0.00789,1717600.0
1771750800000,0.00789,0.00795,0.00788,0.00794,2408802.0
1771754400000,0.00794,0.00795,0.00792,0.00793,1955171.0
1771758000000,0.00792,0.00792,0.00788,0.00789,1601359.0
1771761600000,0.00789,0.0079,0.00781,0.00781,5284517.0
1771765200000,0.00782,0.00784,0.00774,0.00777,8074325.0
1771768800000,0.00778,0.00779,0.00772,0.00777,5085242.0
1771772400000,0.00775,0.00778,0.00771,0.00776,4879825.0
1771776000000,0.00775,0.00778,0.00775,0.00778,2352847.0
1771779600000,0.00778,0.00778,0.00773,0.00775,1887509.0
1771783200000,0.00774,0.00776,0.00773,0.00775,1549966.0
1771786800000,0.00774,0.00775,0.00772,0.00774,808125.0
1771790400000,0.00774,0.00776,0.00771,0.00772,3598448.0
1771794000000,0.00772,0.00776,0.00771,0.00775,1739983.0
1771797600000,0.00775,0.00778,0.00773,0.00778,1655511.0
1771801200000,0.00777,0.00778,0.00774,0.00777,2039725.0
1771804800000,0.00777,0.00778,0.0077,0.00771,6338000.0
1771808400000,0.0077,0.00771,0.00747,0.00749,27577440.0
1771812000000,0.00748,0.00752,0.00746,0.00751,3757746.0
1771815600000,0.00751,0.00754,0.0075,0.00751,5890619.0
1771819200000,0.00751,0.00752,0.00746,0.0075,5490985.0
1771822800000,0.0075,0.00758,0.00749,0.00755,3141670.0
1771826400000,0.00755,0.00764,0.00754,0.00763,4368210.0
1771830000000,0.00763,0.00764,0.00761,0.00763,1851305.0
1771833600000,0.00762,0.00764,0.00756,0.00761,6273698.0
1771837200000,0.00761,0.00773,0.0076,0.00773,3455757.0
1771840800000,0.00773,0.00773,0.00767,0.00768,3936780.0
1771844400000,0.00768,0.00769,0.00765,0.00766,3115156.0
1771848000000,0.00765,0.00774,0.00765,0.00771,4156873.0
1771851600000,0.00771,0.00771,0.00766,0.00766,3619983.0
1771855200000,0.00766,0.00766,0.00757,0.00763,7609062.0
1771858800000,0.00763,0.00764,0.00753,0.00754,4776631.0
1771862400000,0.00754,0.00758,0.00749,0.00752,4584855.0
1771866000000,0.00751,0.00753,0.00742,0.00751,6472986.0
1771869600000,0.00752,0.00758,0.00749,0.0075,3444465.0
1771873200000,0.0075,0.00752,0.00746,0.00747,2767212.0
1771876800000,0.00747,0.0075,0.00743,0.00749,3860092.0
1771880400000,0.0075,0.00754,0.00749,0.00752,1963368.0
1771884000000,0.00753,0.00758,0.00753,0.00753,2322462.0
1771887600000,0.00753,0.00756,0.00748,0.0075,2977268.0
1771891200000,0.00749,0.00756,0.00749,0.00755,3211368.0
1771894800000,0.00755,0.00758,0.00741,0.0075,9756343.0
1771898400000,0.0075,0.00753,0.00747,0.00748,1581022.0
1771902000000,0.00749,0.00749,0.00744,0.00746,2760704.0
1771905600000,0.00747,0.00749,0.00741,0.00749,6951650.0
1771909200000,0.00749,0.00751,0.00741,0.00746,2720914.0
1771912800000,0.00745,0.00746,0.00739,0.00739,6061744.0
1771916400000,0.0074,0.00744,0.00736,0.00739,5051056.0
1771920000000,0.00738,0.00746,0.00737,0.00745,2428577.0
1771923600000,0.00745,0.00745,0.00734,0.0074,3570320.0
1771927200000,0.0074,0.00741,0.00737,0.00739,2199675.0
1771930800000,0.00739,0.0074,0.00736,0.00738,1252868.0
1771934400000,0.00739,0.00743,0.00734,0.00735,5376710.0
1771938000000,0.00735,0.0074,0.00732,0.00739,7762010.0
1771941600000,0.00738,0.00746,0.00733,0.00744,6820653.0
1771945200000,0.00744,0.00749,0.00743,0.00747,1514855.0
1771948800000,0.00746,0.00753,0.00743,0.00749,2910381.0
1771952400000,0.00749,0.0075,0.00746,0.00748,2001456.0
1771956000000,0.00748,0.0075,0.00743,0.00748,1554156.0
1771959600000,0.00749,0.00751,0.00746,0.0075,3178420.0
1771963200000,0.0075,0.00751,0.00748,0.0075,1643266.0
1771966800000,0.0075,0.0075,0.00745,0.00748,1867411.0
1771970400000,0.00748,0.00751,0.00747,0.0075,1801708.0
1771974000000,0.0075,0.0075,0.00745,0.00747,1778949.0
1771977600000,0.00748,0.00749,0.00745,0.00747,1978683.0
1771981200000,0.00747,0.00772,0.00747,0.00769,11849151.0
1771984800000,0.00769,0.00773,0.00767,0.00768,3883720.0
1771988400000,0.00769,0.00769,0.0076,0.0076,3945092.0
1771992000000,0.00761,0.00762,0.00758,0.00761,1480969.0
1771995600000,0.00761,0.00761,0.00753,0.00757,3585519.0
1771999200000,0.00757,0.00759,0.00755,0.00757,3326495.0
1772002800000,0.00757,0.00758,0.00755,0.00757,2705858.0
1772006400000,0.00756,0.00762,0.00754,0.00761,3450335.0
1772010000000,0.0076,0.00766,0.0076,0.00763,3786168.0
1772013600000,0.00762,0.00764,0.0076,0.00761,4613704.0
1772017200000,0.00761,0.00769,0.0076,0.00767,4182023.0
1772020800000,0.00767,0.00782,0.00766,0.00778,9910122.0
1772024400000,0.00779,0.00782,0.00774,0.00778,6364012.0
1772028000000,0.00778,0.00793,0.00776,0.00793,11707704.0
1772031600000,0.00792,0.00797,0.00786,0.00792,10416996.0
1772035200000,0.00793,0.00798,0.00791,0.00796,5854914.0
1772038800000,0.00797,0.00805,0.00797,0.00804,5637406.0
1772042400000,0.00804,0.00811,0.008,0.00809,2972229.0
1772046000000,0.00809,0.00811,0.00804,0.00811,4684994.0
1772049600000,0.00811,0.00813,0.00805,0.00812,3148098.0
1772053200000,0.00812,0.00823,0.00808,0.00816,8052387.0
1772056800000,0.00815,0.00821,0.00802,0.00806,13126202.0
1772060400000,0.00807,0.00809,0.00789,0.00796,6202364.0
1772064000000,0.00797,0.00804,0.00794,0.00797,8041124.0
1772067600000,0.00797,0.00802,0.00796,0.00797,5105643.0
1772071200000,0.00797,0.008,0.00793,0.008,4138914.0
1772074800000,0.00799,0.00802,0.00797,0.00798,2949091.0
1772078400000,0.00797,0.00801,0.00794,0.00797,2458904.0
1772082000000,0.00798,0.00798,0.00788,0.00793,6093891.0
1772085600000,0.00792,0.00795,0.00788,0.00789,3718137.0
1772089200000,0.00788,0.00791,0.00785,0.00787,2221431.0
1772092800000,0.00788,0.00791,0.00786,0.00788,2217815.0
1772096400000,0.00787,0.00796,0.00786,0.00792,5278812.0
1772100000000,0.00792,0.00794,0.00786,0.00786,3594400.0
1772103600000,0.00787,0.00789,0.00784,0.00786,4270977.0
1772107200000,0.00786,0.00791,0.00785,0.00789,2373529.0
1772110800000,0.00789,0.00789,0.00782,0.00782,5594126.0
1772114400000,0.00782,0.00785,0.00776,0.00781,6184680.0
1772118000000,0.00781,0.00781,0.00774,0.00778,5472751.0
1772121600000,0.00778,0.00779,0.00762,0.00763,8190449.0
1772125200000,0.00764,0.00775,0.00764,0.00771,7966817.0
1772128800000,0.00771,0.00779,0.00771,0.00778,7438069.0
1772132400000,0.00778,0.00788,0.00778,0.00784,5675026.0
1772136000000,0.00784,0.00785,0.00776,0.00777,2452890.0
1772139600000,0.00778,0.00778,0.00775,0.00775,2075134.0
1772143200000,0.00775,0.00776,0.00768,0.00775,5593132.0
1772146800000,0.00775,0.00776,0.00769,0.00769,5247771.0
1772150400000,0.00769,0.0079,0.00765,0.00771,44008346.0
1772154000000,0.00771,0.00774,0.0077,0.00772,5099462.0
1772157600000,0.00771,0.00777,0.00771,0.00775,5177767.0
1772161200000,0.00774,0.00777,0.00771,0.00777,4300515.0
1772164800000,0.00776,0.0079,0.00776,0.00783,8552022.0
1772168400000,0.00783,0.00787,0.00781,0.00785,3626718.0
1772172000000,0.00785,0.00786,0.0078,0.00783,4874036.0
1772175600000,0.00783,0.00783,0.00775,0.0078,4354541.0
1772179200000,0.00779,0.00782,0.00776,0.00778,4107682.0
1772182800000,0.00778,0.00779,0.00767,0.00768,5295795.0
1772186400000,0.00768,0.0077,0.00754,0.00756,23302962.0
1772190000000,0.00756,0.00759,0.00752,0.00754,8001603.0
1772193600000,0.00754,0.00761,0.00753,0.00758,10180514.0
1772197200000,0.00759,0.0076,0.00748,0.00756,10346414.0
1772200800000,0.00756,0.00756,0.00751,0.00752,7895935.0
1772204400000,0.00752,0.00755,0.00745,0.00747,7608117.0
1772208000000,0.00747,0.00748,0.00739,0.0074,8343942.0
1772211600000,0.0074,0.00745,0.00734,0.00744,11058920.0
1772215200000,0.00743,0.00744,0.00739,0.00741,5242792.0
1772218800000,0.0074,0.00741,0.00733,0.00737,5843727.0
1772222400000,0.00736,0.0074,0.00735,0.00735,3617409.0
1772226000000,0.00735,0.00738,0.00734,0.00735,4970168.0
1772229600000,0.00735,0.00737,0.00726,0.00735,6660876.0
1772233200000,0.00736,0.00742,0.00735,0.00738,10566027.0
1772236800000,0.00738,0.0074,0.00736,0.00739,4866541.0
1772240400000,0.00739,0.00741,0.00733,0.00735,9734307.0
1772244000000,0.00735,0.00739,0.00735,0.00738,3183116.0
1772247600000,0.00737,0.00738,0.00728,0.00729,4481872.0
1772251200000,0.00728,0.0073,0.00725,0.00727,9526950.0
1772254800000,0.00727,0.00729,0.00721,0.00723,6767287.0
1772258400000,0.00723,0.00723,0.0069,0.00692,47411226.0
1772262000000,0.00692,0.00706,0.00686,0.00699,18927633.0
1772265600000,0.00698,0.00699,0.00688,0.00689,5131476.0
1772269200000,0.00689,0.00692,0.00685,0.00687,8752244.0
1772272800000,0.00686,0.00693,0.00685,0.00689,6976375.0
1772276400000,0.00689,0.00695,0.00688,0.00688,12711149.0
1772280000000,0.00689,0.00692,0.00688,0.0069,5482198.0
1772283600000,0.0069,0.00705,0.00688,0.00702,11112010.0
1772287200000,0.00703,0.00705,0.0069,0.00692,9826091.0
1772290800000,0.00693,0.00696,0.00689,0.00694,7767158.0
1772294400000,0.00694,0.00695,0.0069,0.00693,14432198.0
1772298000000,0.00694,0.00695,0.00687,0.00694,6461849.0
1772301600000,0.00695,0.00709,0.00693,0.00706,5663318.0
1772305200000,0.00706,0.00715,0.00702,0.0071,11690279.0
1772308800000,0.00711,0.00719,0.00709,0.00716,8018851.0
1772312400000,0.00717,0.00718,0.0071,0.00715,5105677.0
1772316000000,0.00716,0.00726,0.00714,0.00724,10677801.0
1772319600000,0.00724,0.00724,0.00719,0.00723,3546014.0
1772323200000,0.00723,0.00724,0.00718,0.00721,6269940.0
1772326800000,0.0072,0.00729,0.00711,0.00725,11765876.0
1772330400000,0.00725,0.00738,0.00725,0.00733,11717806.0
1772334000000,0.00733,0.00734,0.00726,0.00728,5323521.0
1772337600000,0.00729,0.0073,0.00723,0.00728,3449807.0
1772341200000,0.00728,0.00732,0.00728,0.00728,2318655.0
1772344800000,0.00728,0.00729,0.00721,0.00722,4337698.0
1772348400000,0.00723,0.00723,0.00718,0.00721,3213597.0
1772352000000,0.00722,0.00722,0.00711,0.00713,6047660.0
1772355600000,0.00713,0.00715,0.00708,0.00709,4287039.0
1772359200000,0.00708,0.00714,0.00706,0.00711,4722743.0
1772362800000,0.0071,0.00712,0.00709,0.0071,3203166.0
1772366400000,0.00709,0.00711,0.00706,0.00707,3117406.0
1772370000000,0.00707,0.00718,0.00703,0.00715,8296358.0
1772373600000,0.00714,0.00721,0.00713,0.00716,9039733.0
1772377200000,0.00716,0.00719,0.00713,0.00714,5170711.0
1772380800000,0.00713,0.00717,0.00703,0.0071,6908627.0
1772384400000,0.00709,0.0071,0.00701,0.00704,4390771.0
1772388000000,0.00704,0.00711,0.00704,0.00708,4303372.0
1772391600000,0.00707,0.00707,0.00699,0.00702,4444727.0
1772395200000,0.00701,0.00703,0.00689,0.00693,15516038.0
1772398800000,0.00693,0.00701,0.00693,0.00701,2920345.0
1772402400000,0.007,0.0071,0.00695,0.00699,13362409.0
1772406000000,0.00698,0.00708,0.00697,0.00705,2809290.0
1772409600000,0.00705,0.00717,0.00705,0.00713,5906674.0
1772413200000,0.00714,0.0072,0.00713,0.00713,4896483.0
1772416800000,0.00714,0.00716,0.00708,0.0071,5464094.0
1772420400000,0.00711,0.00717,0.00708,0.00715,3177495.0
1772424000000,0.00716,0.00719,0.00714,0.00715,3386192.0
1772427600000,0.00715,0.00719,0.00712,0.00714,3319868.0
1772431200000,0.00714,0.00715,0.00706,0.00708,6785746.0
1772434800000,0.00708,0.00711,0.00702,0.00708,5547377.0
1772438400000,0.00709,0.00711,0.00702,0.00709,9769304.0
1772442000000,0.00709,0.00715,0.00709,0.00709,4868425.0
1772445600000,0.00709,0.00711,0.00704,0.00705,3434557.0
1772449200000,0.00705,0.00706,0.00702,0.00702,4717420.0
1772452800000,0.00702,0.00705,0.007,0.00702,5286856.0
1772456400000,0.00702,0.00704,0.00699,0.007,4871617.0
1772460000000,0.007,0.00716,0.00698,0.00715,8778263.0
1772463600000,0.00716,0.00737,0.00715,0.00731,14663092.0
1772467200000,0.00732,0.00741,0.0073,0.00735,6905429.0
1772470800000,0.00735,0.00736,0.00722,0.00729,7035324.0
1772474400000,0.0073,0.00735,0.00725,0.0073,10932105.0
1772478000000,0.0073,0.00734,0.00727,0.00732,4393128.0
1772481600000,0.00732,0.00735,0.00727,0.00728,6190530.0
1772485200000,0.00728,0.0073,0.00724,0.0073,4055361.0
1772488800000,0.00729,0.00736,0.00728,0.0073,4452112.0
1772492400000,0.0073,0.00731,0.00721,0.00726,5756844.0
1772496000000,0.00726,0.00727,0.00719,0.00724,9594777.0
1772499600000,0.00724,0.00725,0.00719,0.0072,5118302.0
1772503200000,0.0072,0.0072,0.00712,0.00716,5496878.0
1772506800000,0.00716,0.00719,0.00714,0.00717,3010354.0
1772510400000,0.00717,0.00719,0.00712,0.00714,6037011.0
1772514000000,0.00713,0.0072,0.0071,0.00713,6279148.0
1772517600000,0.00713,0.00719,0.00711,0.00718,7761076.0
1772521200000,0.00717,0.00723,0.00716,0.0072,7639924.0
1772524800000,0.0072,0.00722,0.00707,0.00709,10867646.0
1772528400000,0.00708,0.00713,0.00702,0.00704,8162839.0
1772532000000,0.00704,0.00708,0.00702,0.00708,4759650.0
1772535600000,0.00708,0.00709,0.00704,0.00708,7718549.0
1772539200000,0.00708,0.00719,0.00707,0.0071,4285148.0
1772542800000,0.00711,0.00712,0.00706,0.00708,4461258.0
1772546400000,0.00709,0.00712,0.00698,0.00704,13321743.0
1772550000000,0.00703,0.00714,0.007,0.00712,7526983.0
1772553600000,0.00713,0.00722,0.00705,0.00713,8951019.0
1772557200000,0.00714,0.00715,0.00705,0.0071,7530961.0
1772560800000,0.0071,0.00714,0.00705,0.00706,7019921.0
1772564400000,0.00707,0.00708,0.007,0.00704,6911269.0
1772568000000,0.00703,0.00705,0.00698,0.007,5360475.0
1772571600000,0.00699,0.007,0.00694,0.00698,7775440.0
1772575200000,0.00698,0.00707,0.00698,0.00705,8229193.0
1772578800000,0.00705,0.0071,0.00702,0.00703,8193473.0
1772582400000,0.00704,0.00705,0.00695,0.00699,7220039.0
1772586000000,0.00699,0.00702,0.00695,0.00695,8220690.0
1772589600000,0.00697,0.00698,0.00691,0.00695,8293572.0
1772593200000,0.00696,0.00697,0.00686,0.00692,14157238.0
1772596800000,0.00692,0.00695,0.00688,0.00691,6400495.0
1772600400000,0.00692,0.00694,0.00687,0.00691,5811873.0
1772604000000,0.00691,0.00694,0.00688,0.00691,5107729.0
1772607600000,0.00691,0.007,0.00689,0.00698,7040563.0
1772611200000,0.00698,0.00715,0.00695,0.00714,10603527.0
1772614800000,0.00714,0.00722,0.00711,0.00714,14024746.0
1772618400000,0.00714,0.00715,0.00705,0.00706,8863726.0
1772622000000,0.00707,0.00707,0.00699,0.00704,10292025.0
1772625600000,0.00704,0.00706,0.00699,0.00706,9573834.0
1772629200000,0.00705,0.00709,0.00704,0.00708,7369240.0
1772632800000,0.00708,0.00715,0.00703,0.00708,11617941.0
1772636400000,0.00708,0.00722,0.00706,0.0072,10326057.0
1772640000000,0.00721,0.00725,0.00713,0.00717,10102617.0
1772643600000,0.00717,0.00718,0.00709,0.00714,5832206.0
1772647200000,0.00714,0.00717,0.0071,0.00717,9639640.0
1772650800000,0.00717,0.00723,0.00711,0.00711,14948874.0
1772654400000,0.00711,0.00713,0.00708,0.00709,9115137.0
1772658000000,0.0071,0.0071,0.00704,0.00707,8155292.0
1772661600000,0.00708,0.00713,0.00705,0.00706,8235763.0
1772665200000,0.00705,0.00708,0.00699,0.00707,6877523.0
1772668800000,0.00708,0.0071,0.00705,0.00708,6968118.0
1772672400000,0.00708,0.0071,0.007,0.00703,6550389.0
1772676000000,0.00702,0.00708,0.00702,0.00708,3901645.0
1772679600000,0.00708,0.00709,0.00704,0.00705,6552849.0
1772683200000,0.00705,0.00708,0.00704,0.00706,6519499.0
1772686800000,0.00706,0.00707,0.00698,0.007,4829045.0
1772690400000,0.00699,0.00704,0.00697,0.00703,5280257.0
1772694000000,0.00702,0.00703,0.00694,0.00698,10919556.0
1772697600000,0.00698,0.007,0.00695,0.00699,6061882.0
1772701200000,0.00699,0.00706,0.00698,0.00703,4566882.0
1772704800000,0.00703,0.00711,0.00702,0.00709,7104972.0
1772708400000,0.0071,0.0071,0.00702,0.00704,8121529.0
1772712000000,0.00704,0.00705,0.00699,0.00703,6297136.0
1772715600000,0.00704,0.00704,0.00694,0.00699,8767374.0
1772719200000,0.00699,0.00704,0.00696,0.00701,12412579.0
1772722800000,0.007,0.00701,0.00691,0.00693,10678617.0
1772726400000,0.00692,0.00693,0.00681,0.00687,18340559.0
1772730000000,0.00687,0.0069,0.00676,0.0068,13988342.0
1772733600000,0.00679,0.00683,0.00678,0.00682,4438948.0
1772737200000,0.00683,0.00691,0.00682,0.00685,8851828.0
1772740800000,0.00686,0.00696,0.00685,0.00696,5789557.0
1772744400000,0.00696,0.00697,0.00692,0.00694,5675667.0
1772748000000,0.00694,0.00695,0.00692,0.00694,2197266.0
1772751600000,0.00694,0.00695,0.0069,0.00692,3509637.0
1772755200000,0.00692,0.00693,0.0069,0.00692,3729272.0
1772758800000,0.00691,0.00699,0.00691,0.00699,5254137.0
1772762400000,0.00699,0.007,0.00697,0.00698,2869556.0
1772766000000,0.00698,0.007,0.00697,0.00698,1936056.0
1772769600000,0.00698,0.00699,0.00689,0.00692,5411595.0
1772773200000,0.00692,0.00694,0.00689,0.00692,8682841.0
1772776800000,0.00692,0.00702,0.00692,0.00699,6205193.0
1772780400000,0.00699,0.00702,0.00697,0.00699,2635262.0
1772784000000,0.007,0.007,0.00694,0.00694,4025725.0
1772787600000,0.00694,0.00696,0.00687,0.0069,11620543.0
1772791200000,0.0069,0.00695,0.0069,0.00694,3754641.0
1772794800000,0.00694,0.00694,0.00687,0.00687,4070410.0
1772798400000,0.00687,0.00691,0.00684,0.00689,7425280.0
1772802000000,0.00689,0.00694,0.00684,0.00684,14543649.0
1772805600000,0.00683,0.00687,0.00673,0.00677,21777890.0
1772809200000,0.00677,0.00685,0.00674,0.00678,12151793.0
1772812800000,0.00678,0.00684,0.00675,0.00679,5788099.0
1772816400000,0.00679,0.00681,0.00674,0.00678,4407453.0
1772820000000,0.00678,0.00684,0.00678,0.00682,3058148.0
1772823600000,0.00681,0.00691,0.00681,0.00686,5450451.0
1772827200000,0.00685,0.00688,0.00684,0.00687,2707674.0
1772830800000,0.00687,0.00688,0.00685,0.00686,1718603.0
1772834400000,0.00686,0.00687,0.00684,0.00687,1313827.0
1772838000000,0.00687,0.00687,0.00683,0.00684,1346631.0
1772841600000,0.00684,0.00686,0.00682,0.00686,2302452.0
1772845200000,0.00685,0.00685,0.00683,0.00684,982403.0
1772848800000,0.00684,0.00688,0.00683,0.00687,4812854.0
1772852400000,0.00688,0.0069,0.00685,0.00686,4745498.0
1772856000000,0.00686,0.00688,0.00683,0.00687,2025926.0
1772859600000,0.00686,0.00688,0.00685,0.00686,5298213.0
1772863200000,0.00686,0.00686,0.0068,0.0068,4020430.0
1772866800000,0.00681,0.00682,0.00678,0.00682,3203708.0
1772870400000,0.00681,0.00684,0.00681,0.00682,2303324.0
1772874000000,0.00682,0.00687,0.00681,0.00685,3542354.0
1772877600000,0.00686,0.00686,0.00683,0.00685,1634292.0
1772881200000,0.00685,0.00688,0.00684,0.00686,4212540.0
1772884800000,0.00686,0.00687,0.0068,0.00681,2847548.0
1772888400000,0.00681,0.00683,0.0068,0.00681,1823704.0
1772892000000,0.00682,0.00684,0.00677,0.00683,4316924.0
1772895600000,0.00683,0.00683,0.00678,0.00679,1726639.0
1772899200000,0.00679,0.00681,0.00678,0.00681,1548407.0
1772902800000,0.0068,0.00682,0.00679,0.00681,1586415.0
1772906400000,0.0068,0.00681,0.00677,0.00678,3101223.0
1772910000000,0.00678,0.00679,0.00674,0.00676,4770555.0
1772913600000,0.00676,0.00678,0.00675,0.00677,2022160.0
1772917200000,0.00677,0.00678,0.00675,0.00677,1402040.0
1772920800000,0.00677,0.00678,0.00671,0.00674,7380886.0
1772924400000,0.00673,0.00675,0.00673,0.00674,2079182.0
1772928000000,0.00674,0.00676,0.00673,0.00674,5171018.0
1772931600000,0.00674,0.00677,0.00674,0.00676,1445485.0
1772935200000,0.00676,0.00677,0.00671,0.00672,5686359.0
1772938800000,0.00673,0.00675,0.00672,0.00675,2593308.0
1772942400000,0.00675,0.00675,0.00671,0.00673,4195169.0
1772946000000,0.00674,0.00675,0.00672,0.00674,4106864.0
1772949600000,0.00675,0.00675,0.00673,0.00674,1599296.0
1772953200000,0.00674,0.0068,0.00674,0.00678,3759598.0
1772956800000,0.00679,0.0068,0.00678,0.0068,1840312.0
1772960400000,0.0068,0.00683,0.0068,0.00682,1489280.0
1772964000000,0.00682,0.00686,0.00682,0.00684,7710027.0
1772967600000,0.00684,0.00685,0.0068,0.00681,3626110.0
1772971200000,0.00682,0.00683,0.00676,0.00681,4793074.0
1772974800000,0.00681,0.00682,0.00674,0.00678,3079412.0
1772978400000,0.00678,0.0068,0.00677,0.00679,2512921.0
1772982000000,0.00679,0.00679,0.00674,0.00676,2529744.0
1772985600000,0.00677,0.00678,0.00673,0.00675,5112420.0
1772989200000,0.00675,0.00678,0.00674,0.00676,1238118.0
1772992800000,0.00676,0.00677,0.00673,0.00675,2128488.0
1772996400000,0.00675,0.00682,0.00674,0.0068,2691161.0
1773000000000,0.0068,0.00683,0.00678,0.0068,6216343.0
1773003600000,0.00679,0.0068,0.00675,0.00678,1544885.0
1773007200000,0.00678,0.00679,0.00667,0.00676,17821110.0
1773010800000,0.00676,0.00678,0.0067,0.00672,7562993.0
1773014400000,0.00672,0.00677,0.0067,0.00671,10702642.0
1773018000000,0.00671,0.00675,0.00668,0.00671,5697670.0
1773021600000,0.0067,0.00675,0.00667,0.00673,6469722.0
1773025200000,0.00672,0.00682,0.00672,0.00676,7037850.0
1773028800000,0.00676,0.00682,0.00673,0.00677,15018662.0
1773032400000,0.00677,0.00685,0.00675,0.00684,3610117.0
1773036000000,0.00684,0.00685,0.00678,0.00679,5056971.0
1773039600000,0.0068,0.0068,0.00675,0.00679,5036205.0
1773043200000,0.00679,0.00683,0.00678,0.00681,3707407.0
1773046800000,0.0068,0.00688,0.00678,0.00686,8071049.0
1773050400000,0.00685,0.00687,0.00681,0.00681,6929574.0
1773054000000,0.00681,0.00687,0.0068,0.00685,5273687.0
1773057600000,0.00686,0.00692,0.00685,0.0069,5824989.0
1773061200000,0.0069,0.00694,0.00689,0.00691,6699177.0
1773064800000,0.00692,0.00695,0.00688,0.0069,6251659.0
1773068400000,0.0069,0.00692,0.00687,0.0069,2791474.0
1773072000000,0.00689,0.00692,0.00689,0.00689,4006519.0
1773075600000,0.00689,0.00692,0.00688,0.00691,2822085.0
1773079200000,0.00691,0.00693,0.00689,0.00691,3062862.0
1773082800000,0.00691,0.00697,0.0069,0.00692,4837454.0
1773086400000,0.00691,0.00692,0.00687,0.00688,4784514.0
1773090000000,0.00688,0.00691,0.00688,0.0069,1935911.0
1773093600000,0.0069,0.0069,0.00682,0.00684,5339112.0
1773097200000,0.00683,0.00684,0.00679,0.00681,4538459.0
1773100800000,0.0068,0.00687,0.00678,0.00685,7027748.0
1773104400000,0.00685,0.00687,0.00682,0.00685,5604739.0
1773108000000,0.00685,0.0069,0.00683,0.00688,5464993.0
1773111600000,0.00688,0.00689,0.00682,0.00683,3622786.0
1773115200000,0.00683,0.00689,0.00682,0.00687,3086205.0
1773118800000,0.00688,0.00689,0.00686,0.00687,3711503.0
1773122400000,0.00687,0.00691,0.00687,0.00689,2355634.0
1773126000000,0.00689,0.00695,0.00688,0.00693,7495809.0
1773129600000,0.00694,0.00696,0.00692,0.00694,5114659.0
1773133200000,0.00694,0.00699,0.00693,0.00697,4692500.0
1773136800000,0.00697,0.00697,0.00693,0.00695,3326206.0
1773140400000,0.00695,0.00696,0.00693,0.00694,2167284.0
1773144000000,0.00693,0.00734,0.0069,0.00718,182436976.0
1773147600000,0.00718,0.00718,0.00695,0.007,76707346.0
1773151200000,0.00701,0.0071,0.00691,0.00708,33713244.0
1773154800000,0.00709,0.00712,0.00704,0.00707,16332819.0
1773158400000,0.00708,0.00712,0.00706,0.0071,9199958.0
1773162000000,0.0071,0.00713,0.00706,0.00709,9931785.0
1773165600000,0.0071,0.0071,0.00698,0.00699,13100891.0
1773169200000,0.007,0.00702,0.00695,0.007,8696827.0
1773172800000,0.007,0.00703,0.00699,0.00701,2439698.0
1773176400000,0.00701,0.00704,0.00699,0.007,4422684.0
1773180000000,0.007,0.00703,0.00699,0.007,5626025.0
1773183600000,0.007,0.00703,0.007,0.00701,4138155.0
1773187200000,0.00701,0.00717,0.00695,0.00698,96061430.0
1773190800000,0.00698,0.00721,0.00697,0.00716,83947449.0
1773194400000,0.00715,0.00717,0.00691,0.007,50245463.0
1773198000000,0.007,0.00702,0.00699,0.00699,3938739.0
1773201600000,0.007,0.00706,0.00699,0.00705,6774718.0
1773205200000,0.00706,0.00706,0.00699,0.00701,4157839.0
1773208800000,0.00702,0.00705,0.00701,0.00705,4267932.0
1773212400000,0.00704,0.00708,0.007,0.00702,7708410.0
1773216000000,0.00702,0.00703,0.00696,0.007,17120620.0
1773219600000,0.007,0.007,0.00696,0.00697,8953634.0
1773223200000,0.00698,0.00703,0.00697,0.007,6388847.0
1773226800000,0.00701,0.00703,0.00699,0.007,4453201.0
1773230400000,0.00699,0.00705,0.00698,0.00703,8283163.0
1773234000000,0.00703,0.00716,0.00702,0.00708,13683011.0
1773237600000,0.00709,0.00712,0.00707,0.00709,7805388.0
1773241200000,0.0071,0.0071,0.00703,0.00708,7736365.0
1773244800000,0.00708,0.00711,0.00708,0.00709,3808651.0
1773248400000,0.0071,0.00712,0.00706,0.0071,3026068.0
1773252000000,0.00711,0.00712,0.00709,0.00712,2696870.0
1773255600000,0.00712,0.00715,0.00711,0.00713,8795156.0
1773259200000,0.00713,0.00713,0.00709,0.00711,4531899.0
1773262800000,0.0071,0.00712,0.00709,0.00711,1358172.0
1773266400000,0.0071,0.00712,0.00708,0.00711,4187916.0
1773270000000,0.0071,0.00711,0.00706,0.00708,2169179.0
1773273600000,0.00707,0.0071,0.00701,0.00704,9813576.0
1773277200000,0.00704,0.00704,0.00699,0.00702,4890948.0
1773280800000,0.00701,0.00704,0.00698,0.00698,3869827.0
1773284400000,0.00698,0.00701,0.00697,0.00698,3422021.0
1773288000000,0.00697,0.00701,0.00688,0.00692,15795456.0
1773291600000,0.00692,0.00693,0.00689,0.00691,6622938.0
1773295200000,0.00691,0.00692,0.00688,0.00691,4942588.0
1773298800000,0.00691,0.00693,0.0069,0.00691,1905690.0
1773302400000,0.00692,0.00695,0.0069,0.00694,3469080.0
1773306000000,0.00693,0.00698,0.00692,0.00695,2681028.0
1773309600000,0.00695,0.00699,0.00693,0.00697,3114364.0
1773313200000,0.00697,0.00699,0.00692,0.00697,6740374.0
1773316800000,0.00698,0.00702,0.00697,0.00699,7054727.0
1773320400000,0.00699,0.00705,0.00687,0.00695,36804710.0
1773324000000,0.00696,0.00699,0.00691,0.00694,8363549.0
1773327600000,0.00695,0.00701,0.00692,0.00697,6697716.0
1773331200000,0.00697,0.007,0.00693,0.00698,4921918.0
1773334800000,0.00699,0.007,0.00697,0.00698,2225854.0
1773338400000,0.00698,0.00699,0.00695,0.00697,3031420.0
1773342000000,0.00697,0.00701,0.00697,0.00701,1508057.0
1773345600000,0.00701,0.00701,0.00698,0.00699,1377608.0
1773349200000,0.00698,0.00701,0.00697,0.007,1469446.0
1773352800000,0.007,0.00702,0.007,0.00702,1547575.0
1773356400000,0.00702,0.00706,0.00701,0.00702,5156362.0
1773360000000,0.00702,0.00714,0.007,0.00707,15808565.0
1773363600000,0.00708,0.00711,0.00707,0.00709,8508732.0
1773367200000,0.0071,0.0071,0.00702,0.00706,6590270.0
1773370800000,0.00706,0.00707,0.00702,0.00706,2773428.0
1773374400000,0.00707,0.00709,0.00705,0.00706,4044808.0
1773378000000,0.00706,0.00708,0.00705,0.00706,1546760.0
1773381600000,0.00706,0.00707,0.00703,0.00704,2027037.0
1773385200000,0.00704,0.00706,0.00703,0.00703,1217426.0
1773388800000,0.00703,0.00707,0.00702,0.00704,1664329.0
1773392400000,0.00704,0.00712,0.00704,0.0071,6705704.0
1773396000000,0.0071,0.00712,0.00709,0.00709,4257491.0
1773399600000,0.0071,0.0071,0.00704,0.00706,5535565.0
1773403200000,0.00707,0.00711,0.00704,0.00709,5026411.0
1773406800000,0.0071,0.00713,0.00707,0.00711,7205688.0
1773410400000,0.00711,0.00715,0.00708,0.00709,9843668.0
1773414000000,0.0071,0.00716,0.00707,0.00709,6410298.0
1773417600000,0.00708,0.00715,0.00706,0.00711,4242876.0
1773421200000,0.00712,0.00713,0.00701,0.00703,4687465.0
1773424800000,0.00702,0.00704,0.007,0.00703,4297682.0
1773428400000,0.00702,0.00704,0.007,0.00702,3258580.0
1773432000000,0.00701,0.00704,0.00701,0.00703,2335538.0
1773435600000,0.00703,0.00705,0.007,0.00701,2593926.0
1773439200000,0.00701,0.00701,0.00693,0.00697,7307018.0
1773442800000,0.00697,0.007,0.00696,0.00696,2659524.0
1773446400000,0.00696,0.00701,0.00694,0.00694,5867036.0
1773450000000,0.00694,0.00699,0.00693,0.00698,3242817.0
1773453600000,0.00698,0.007,0.00697,0.007,4022249.0
1773457200000,0.00699,0.00701,0.00698,0.00699,2922967.0
1773460800000,0.00699,0.00701,0.00696,0.00698,3406211.0
1773464400000,0.00698,0.00698,0.00693,0.00695,3246742.0
1773468000000,0.00695,0.00695,0.00689,0.00692,6101301.0
1773471600000,0.00692,0.00716,0.00691,0.0071,52500531.0
1773475200000,0.00711,0.00717,0.00703,0.00709,29110247.0
1773478800000,0.00709,0.00714,0.00701,0.00712,17031163.0
1773482400000,0.00713,0.00716,0.00709,0.0071,7365517.0
1773486000000,0.00711,0.00712,0.00703,0.00705,15580017.0
1773489600000,0.00706,0.00707,0.00705,0.00706,4094314.0
1773493200000,0.00707,0.00709,0.00705,0.00709,4507653.0
1773496800000,0.00709,0.0071,0.00698,0.00701,7715125.0
1773500400000,0.00701,0.00701,0.00696,0.00699,9193797.0
1773504000000,0.00699,0.00703,0.00698,0.00703,3966776.0
1773507600000,0.00702,0.00703,0.00699,0.007,1821956.0
1773511200000,0.007,0.00701,0.00699,0.007,1064662.0
1773514800000,0.007,0.007,0.00697,0.00698,1255303.0
1773518400000,0.00697,0.00705,0.00696,0.00705,5568267.0
1773522000000,0.00704,0.00704,0.00698,0.00702,2999580.0
1773525600000,0.00703,0.00704,0.00702,0.00702,1035735.0
1773529200000,0.00702,0.00706,0.00702,0.00706,2840442.0
1773532800000,0.00705,0.00723,0.00702,0.00704,21804603.0
1773536400000,0.00704,0.00706,0.00702,0.00705,5223542.0
1773540000000,0.00704,0.00712,0.00703,0.00711,9089065.0
1773543600000,0.00711,0.00711,0.00707,0.00708,1662764.0
1773547200000,0.00707,0.00716,0.00707,0.00716,3821612.0
1773550800000,0.00715,0.00715,0.00709,0.0071,4552598.0
1773554400000,0.00709,0.00712,0.00708,0.00712,4998914.0
1773558000000,0.00711,0.00712,0.00708,0.0071,3793979.0
1773561600000,0.00709,0.00714,0.00709,0.00713,2590810.0
1773565200000,0.00713,0.00713,0.00708,0.00709,2519331.0
1773568800000,0.0071,0.00714,0.00708,0.00712,6178954.0
1773572400000,0.00712,0.00717,0.0071,0.00714,5667363.0
1773576000000,0.00714,0.00727,0.00712,0.00721,23166638.0
1773579600000,0.0072,0.00721,0.00711,0.00714,11378648.0
1773583200000,0.00715,0.00715,0.00709,0.00712,2994457.0
1773586800000,0.00713,0.00717,0.00711,0.00715,3118969.0
1773590400000,0.00715,0.00716,0.00713,0.00714,2290875.0
1773594000000,0.00715,0.00722,0.00713,0.00718,4993778.0
1773597600000,0.00719,0.0072,0.00715,0.00715,1325132.0
1773601200000,0.00716,0.00717,0.00714,0.00717,1245008.0
1773604800000,0.00716,0.00721,0.00715,0.0072,3290860.0
1773608400000,0.00719,0.00721,0.00717,0.00721,1895290.0
1773612000000,0.0072,0.00729,0.00715,0.00727,7483616.0
1773615600000,0.00727,0.00729,0.00722,0.00726,5114553.0
1773619200000,0.00727,0.00729,0.00722,0.00722,6666751.0
1773622800000,0.00723,0.00728,0.0072,0.00726,5966881.0
1773626400000,0.00727,0.00729,0.00724,0.00726,2521905.0
1773630000000,0.00727,0.00734,0.00726,0.00729,11198657.0
1773633600000,0.00729,0.00734,0.00729,0.00731,6515804.0
1773637200000,0.00732,0.00738,0.0073,0.00735,4272639.0
1773640800000,0.00735,0.00737,0.00731,0.00732,8931819.0
1773644400000,0.00732,0.00737,0.00732,0.00734,2795396.0
1773648000000,0.00734,0.00737,0.00727,0.0073,10587662.0
1773651600000,0.0073,0.0074,0.0073,0.00738,7272667.0
1773655200000,0.00739,0.0074,0.00728,0.00731,8588868.0
1773658800000,0.00732,0.00735,0.0073,0.00733,5345556.0
1773662400000,0.00733,0.00737,0.00732,0.00735,4604853.0
1773666000000,0.00735,0.00736,0.00732,0.00734,4831681.0
1773669600000,0.00734,0.00738,0.00729,0.00736,13158853.0
1773673200000,0.00735,0.00739,0.00732,0.00733,7153932.0
1773676800000,0.00733,0.00738,0.00732,0.00736,4028888.0
1773680400000,0.00737,0.00743,0.00736,0.00739,6347893.0
1773684000000,0.0074,0.00743,0.00739,0.0074,2129041.0
1773687600000,0.00741,0.00743,0.00738,0.0074,4068862.0
1773691200000,0.00741,0.00742,0.00739,0.00741,1306875.0
1773694800000,0.00741,0.00744,0.0074,0.00741,4639482.0
1773698400000,0.00741,0.00744,0.0074,0.00743,6580726.0
1773702000000,0.00742,0.00752,0.00741,0.00748,13124646.0
1773705600000,0.00749,0.00769,0.00744,0.0076,60786464.0
1773709200000,0.00761,0.00762,0.00748,0.0075,17781344.0
1773712800000,0.0075,0.00753,0.00747,0.0075,6649320.0
1773716400000,0.0075,0.00752,0.00732,0.00736,27378477.0
1773720000000,0.00736,0.00737,0.00728,0.00733,11617061.0
1773723600000,0.00733,0.00735,0.00731,0.00733,4589655.0
1773727200000,0.00734,0.00736,0.00731,0.00734,5915047.0
1773730800000,0.00735,0.00738,0.00735,0.00736,3167935.0
1773734400000,0.00737,0.00739,0.00735,0.00736,2982367.0
1773738000000,0.00736,0.00752,0.00736,0.00745,21836669.0
1773741600000,0.00745,0.00748,0.00739,0.00742,14327145.0
1773745200000,0.00742,0.00747,0.00742,0.00745,3491941.0
1773748800000,0.00745,0.00747,0.00733,0.00735,14346367.0
1773752400000,0.00735,0.00739,0.00732,0.00734,5919768.0
1773756000000,0.00734,0.0074,0.00733,0.00739,5125593.0
1773759600000,0.0074,0.00741,0.00736,0.00739,4402810.0
1773763200000,0.00738,0.00742,0.00737,0.0074,4439153.0
1773766800000,0.0074,0.00743,0.00738,0.00743,5883268.0
1773770400000,0.00743,0.00745,0.0074,0.00744,3822528.0
1773774000000,0.00745,0.00747,0.00741,0.00741,5234840.0
1773777600000,0.00742,0.00745,0.00741,0.00744,1449868.0
1773781200000,0.00744,0.00748,0.00744,0.00746,1797697.0
1773784800000,0.00747,0.00747,0.00736,0.00742,7838681.0
1773788400000,0.00742,0.00742,0.00736,0.00736,4258729.0
1773792000000,0.00737,0.00739,0.00731,0.00735,4685928.0
1773795600000,0.00735,0.0074,0.00735,0.00739,3125506.0
1773799200000,0.00739,0.00744,0.00739,0.00742,2796248.0
1773802800000,0.00742,0.00744,0.00739,0.0074,7733032.0
1773806400000,0.00739,0.0074,0.00736,0.00738,3108090.0
1773810000000,0.00737,0.00741,0.00733,0.00734,2925246.0
1773813600000,0.00733,0.00736,0.00733,0.00733,2399317.0
1773817200000,0.00733,0.00733,0.00729,0.00732,3487716.0
1773820800000,0.00732,0.00744,0.00732,0.00738,11315318.0
1773824400000,0.00737,0.00744,0.00737,0.00744,5045629.0
1773828000000,0.00743,0.00744,0.00737,0.00738,3997946.0
1773831600000,0.00738,0.00739,0.00723,0.00723,14462037.0
1773835200000,0.00723,0.00724,0.00709,0.00709,15192624.0
1773838800000,0.00709,0.00712,0.00704,0.00705,11197256.0
1773842400000,0.00705,0.00706,0.00693,0.00696,19099104.0
1773846000000,0.00696,0.00704,0.00693,0.007,8790751.0
1773849600000,0.007,0.007,0.00691,0.00694,5530759.0
1773853200000,0.00694,0.00701,0.00692,0.00699,3916502.0
1773856800000,0.00699,0.00705,0.00698,0.007,6408057.0
1773860400000,0.007,0.00703,0.00698,0.00699,2332269.0
1773864000000,0.00699,0.00703,0.00693,0.00702,6491257.0
1773867600000,0.00702,0.00704,0.00698,0.00703,6412936.0
1773871200000,0.00703,0.00703,0.00699,0.00701,3707780.0
1773874800000,0.00701,0.0071,0.007,0.00708,8595194.0
1773878400000,0.00708,0.00709,0.00703,0.00705,5516537.0
1773882000000,0.00705,0.00707,0.00703,0.00704,4968850.0
1773885600000,0.00703,0.00706,0.00702,0.00705,3659703.0
1773889200000,0.00704,0.00713,0.00704,0.00709,9827075.0
1773892800000,0.00708,0.00709,0.00703,0.00704,4658155.0
1773896400000,0.00704,0.00705,0.00699,0.00701,2088980.0
1773900000000,0.007,0.00702,0.00697,0.00701,5600768.0
1773903600000,0.00701,0.00701,0.00689,0.00696,10072600.0
1773907200000,0.00696,0.00697,0.00692,0.00696,3975670.0
1773910800000,0.00695,0.00703,0.00695,0.00702,5428884.0
1773914400000,0.00701,0.00703,0.00697,0.00698,2490705.0
1773918000000,0.00697,0.00698,0.00695,0.00696,2002157.0
1773921600000,0.00696,0.00697,0.00687,0.00689,5190659.0
1773925200000,0.00689,0.00697,0.00686,0.00696,7057301.0
1773928800000,0.00696,0.00699,0.00692,0.00695,4331578.0
1773932400000,0.00695,0.00698,0.00688,0.00692,3421580.0
1773936000000,0.00692,0.00693,0.00689,0.00691,3858609.0
1773939600000,0.00692,0.007,0.00689,0.00699,3096924.0
1773943200000,0.00699,0.00701,0.00698,0.007,1244603.0
1773946800000,0.007,0.00707,0.007,0.00707,8835967.0
1773950400000,0.00707,0.0071,0.00705,0.00707,5499621.0
1773954000000,0.00708,0.0071,0.00704,0.00706,3479600.0
1773957600000,0.00706,0.00711,0.00703,0.00708,5961033.0
1773961200000,0.00709,0.00713,0.00708,0.00711,6914457.0
1773964800000,0.0071,0.00715,0.00709,0.00713,3169616.0
1773968400000,0.00714,0.00726,0.00712,0.00724,6869733.0
1773972000000,0.00724,0.00728,0.00717,0.00719,7208690.0
1773975600000,0.00719,0.00722,0.00716,0.00719,4972156.0
1773979200000,0.00719,0.00721,0.00716,0.0072,2796731.0
1773982800000,0.0072,0.00722,0.00717,0.00718,5624698.0
1773986400000,0.00718,0.0072,0.00714,0.00714,3036461.0
1773990000000,0.00714,0.00715,0.00708,0.00714,8346666.0
1773993600000,0.00713,0.00718,0.00713,0.00714,4176515.0
1773997200000,0.00714,0.00715,0.00707,0.00708,2982597.0
1774000800000,0.00708,0.00709,0.00704,0.00707,3973737.0
1774004400000,0.00707,0.00709,0.00703,0.00705,2779478.0
1774008000000,0.00705,0.00708,0.00702,0.00702,3099187.0
1774011600000,0.00702,0.00707,0.00699,0.007,6854244.0
1774015200000,0.007,0.00704,0.00696,0.00697,10168971.0
1774018800000,0.00697,0.00701,0.00694,0.007,7291763.0
1774022400000,0.007,0.00708,0.007,0.00702,12125339.0
1774026000000,0.00702,0.00703,0.00698,0.00701,3251564.0
1774029600000,0.00701,0.00702,0.00694,0.00698,3303835.0
1774033200000,0.00698,0.00699,0.00694,0.00698,3709482.0
1774036800000,0.00698,0.00699,0.00694,0.00698,2446655.0
1774040400000,0.00698,0.00705,0.00698,0.00702,6439716.0
1774044000000,0.00702,0.00707,0.00702,0.00703,3161471.0
1774047600000,0.00703,0.00705,0.007,0.00703,3225744.0
1774051200000,0.00703,0.00707,0.00703,0.00704,3839366.0
1774054800000,0.00704,0.00706,0.00704,0.00706,1695800.0
1774058400000,0.00706,0.00706,0.00704,0.00704,1801231.0
1774062000000,0.00704,0.00705,0.00703,0.00704,1175260.0
1774065600000,0.00704,0.00706,0.00703,0.00704,1363080.0
1774069200000,0.00704,0.00709,0.00704,0.00709,3915744.0
1774072800000,0.00708,0.00709,0.00706,0.00706,2382636.0
1774076400000,0.00707,0.00709,0.00705,0.00706,2077755.0
1774080000000,0.00706,0.00708,0.00705,0.00708,1484035.0
1774083600000,0.00708,0.00709,0.00705,0.00707,1687399.0
1774087200000,0.00707,0.00707,0.00701,0.00702,4572064.0
1774090800000,0.00703,0.00703,0.00701,0.00701,1078727.0
1774094400000,0.00702,0.00703,0.007,0.00702,2166839.0
1774098000000,0.00701,0.00704,0.00701,0.00702,1388087.0
1774101600000,0.00703,0.00706,0.00702,0.00702,1808225.0
1774105200000,0.00702,0.00705,0.00702,0.00705,1033304.0
1774108800000,0.00706,0.00706,0.00702,0.00703,2520289.0
1774112400000,0.00702,0.00704,0.00702,0.00704,895093.0
1774116000000,0.00704,0.00704,0.00703,0.00704,307704.0
1774119600000,0.00704,0.00704,0.00703,0.00704,315143.0
1774123200000,0.00704,0.00706,0.00703,0.00705,1422404.0
1774126800000,0.00705,0.00705,0.00703,0.00704,1626707.0
1774130400000,0.00704,0.00706,0.00702,0.00703,4078752.0
1774134000000,0.00702,0.00703,0.00681,0.00685,38986006.0
1774137600000,0.00685,0.00691,0.00676,0.00687,20118547.0
1774141200000,0.00687,0.00689,0.00681,0.00683,10930840.0
1774144800000,0.00684,0.00688,0.00683,0.00685,4563492.0
1774148400000,0.00685,0.00691,0.00684,0.00685,2745778.0
1774152000000,0.00686,0.00689,0.00684,0.00688,4504121.0
1774155600000,0.00688,0.00688,0.00685,0.00685,1974695.0
1774159200000,0.00685,0.00686,0.00684,0.00685,2087625.0
1774162800000,0.00685,0.00687,0.00683,0.00683,2434852.0
1774166400000,0.00683,0.00684,0.00676,0.00681,7566459.0
1774170000000,0.00681,0.00683,0.00678,0.00679,4090751.0
1774173600000,0.00679,0.0068,0.00673,0.00676,4291508.0
1774177200000,0.00676,0.00678,0.00674,0.00675,4470594.0
1774180800000,0.00675,0.00682,0.00674,0.0068,3314662.0
1774184400000,0.00681,0.00684,0.00679,0.00681,3634678.0
1774188000000,0.00682,0.00684,0.0068,0.00681,3424189.0
1774191600000,0.00681,0.00684,0.0068,0.00683,2167102.0
1774195200000,0.00684,0.00686,0.00683,0.00684,1230019.0
1774198800000,0.00685,0.00688,0.00682,0.00682,6168191.0
1774202400000,0.00682,0.00683,0.00675,0.00679,3510146.0
1774206000000,0.00679,0.0068,0.00676,0.00678,4011662.0
1774209600000,0.00679,0.0068,0.00675,0.00676,2733131.0
1774213200000,0.00677,0.00678,0.00668,0.00672,13900839.0
1774216800000,0.00672,0.00675,0.00668,0.00674,2071982.0
1774220400000,0.00675,0.00676,0.00671,0.00671,2135803.0
1774224000000,0.00672,0.00675,0.00669,0.00674,5509446.0
1774227600000,0.00673,0.00677,0.00671,0.00675,3457885.0
1774231200000,0.00674,0.00679,0.00674,0.00678,2486316.0
1774234800000,0.00679,0.0068,0.00675,0.00676,3374391.0
1774238400000,0.00676,0.00679,0.00675,0.00679,918964.0
1774242000000,0.00679,0.0068,0.00677,0.00678,1717273.0
1774245600000,0.00678,0.00678,0.00666,0.00671,5475885.0
1774249200000,0.00671,0.00675,0.00667,0.00673,5386215.0
1774252800000,0.00674,0.00675,0.00672,0.00673,3615045.0
1774256400000,0.00673,0.00674,0.0067,0.00673,3819827.0
1774260000000,0.00674,0.00679,0.00672,0.00676,7979132.0
1774263600000,0.00676,0.00697,0.00675,0.0069,32338072.0
1774267200000,0.00691,0.00697,0.00688,0.00697,9757278.0
1774270800000,0.00697,0.00703,0.00696,0.00701,13465049.0
1774274400000,0.00702,0.00704,0.007,0.00703,6710843.0
1774278000000,0.00703,0.00706,0.00694,0.00694,9044010.0
1774281600000,0.00694,0.00701,0.00693,0.00701,3852790.0
1774285200000,0.00701,0.00701,0.00696,0.007,4264561.0
1774288800000,0.00701,0.00704,0.00699,0.00702,7792219.0
1774292400000,0.00702,0.00705,0.00701,0.00704,2403491.0
1774296000000,0.00703,0.00709,0.00703,0.00708,2938819.0
1774299600000,0.00709,0.00709,0.00707,0.00707,2903451.0
1774303200000,0.00708,0.00709,0.00704,0.00707,3738619.0
1774306800000,0.00706,0.00707,0.00702,0.00705,3284386.0
1774310400000,0.00706,0.00708,0.007,0.00703,4995173.0
1774314000000,0.00703,0.00703,0.00698,0.00701,3917107.0
1774317600000,0.007,0.00704,0.00699,0.00702,2645220.0
1774321200000,0.00703,0.00703,0.00699,0.00701,3697991.0
1774324800000,0.00701,0.00702,0.00698,0.00701,3272892.0
1774328400000,0.00701,0.00702,0.00698,0.00699,2789011.0
1774332000000,0.00699,0.00703,0.00699,0.00702,1024080.0
1774335600000,0.00702,0.00705,0.00702,0.00705,2223598.0
1774339200000,0.00705,0.00707,0.00703,0.00704,3494907.0
1774342800000,0.00705,0.00706,0.00702,0.00705,4002104.0
1774346400000,0.00705,0.00717,0.00704,0.00713,14996694.0
1774350000000,0.00712,0.00715,0.00709,0.00713,8122015.0
1774353600000,0.00713,0.0073,0.00712,0.00717,36164523.0
1774357200000,0.00716,0.00719,0.00703,0.00705,13228055.0
1774360800000,0.00706,0.00718,0.00704,0.00712,18491709.0
1774364400000,0.00713,0.00715,0.00707,0.00708,5676335.0
1774368000000,0.00709,0.00718,0.00708,0.00712,7734343.0
1774371600000,0.00712,0.00713,0.00706,0.0071,7041260.0
1774375200000,0.00711,0.00715,0.0071,0.0071,3551829.0
1774378800000,0.0071,0.00712,0.00705,0.00711,8456485.0
1774382400000,0.00711,0.00718,0.00711,0.00717,6265153.0
1774386000000,0.00717,0.00719,0.00714,0.00719,1894800.0
1774389600000,0.00718,0.00721,0.00717,0.0072,3879868.0
1774393200000,0.00719,0.00725,0.00719,0.00724,2091876.0
1774396800000,0.00724,0.00727,0.00721,0.00724,7316217.0
1774400400000,0.00723,0.00726,0.00714,0.00714,7469829.0
1774404000000,0.00713,0.00717,0.00712,0.00714,4208252.0
1774407600000,0.00713,0.00715,0.00711,0.00715,4088369.0
1774411200000,0.00714,0.00715,0.00709,0.00711,5197342.0
1774414800000,0.00711,0.00715,0.0071,0.00713,3817156.0
1774418400000,0.00713,0.00713,0.0071,0.00711,2750964.0
1774422000000,0.00711,0.00714,0.00709,0.0071,3231950.0
1774425600000,0.0071,0.00715,0.00709,0.00711,13408126.0
1774429200000,0.00711,0.00712,0.00708,0.00711,3533902.0
1774432800000,0.00712,0.00716,0.00709,0.00712,9341716.0
1774436400000,0.00712,0.00716,0.00711,0.00713,5571281.0
1774440000000,0.00714,0.00716,0.0071,0.00715,4865389.0
1774443600000,0.00715,0.00715,0.0071,0.00712,2678740.0
1774447200000,0.00711,0.00712,0.00709,0.00709,4359580.0
1774450800000,0.0071,0.00711,0.00703,0.00711,3706409.0
1774454400000,0.0071,0.00716,0.00709,0.00714,3777036.0
1774458000000,0.00714,0.00714,0.00711,0.00711,1917667.0
1774461600000,0.00712,0.00718,0.00711,0.00711,6407633.0
1774465200000,0.00711,0.00713,0.00709,0.00709,1515507.0
1774468800000,0.00709,0.00711,0.00706,0.00707,2256313.0
1774472400000,0.00707,0.00711,0.00707,0.00709,1404248.0
1774476000000,0.0071,0.00714,0.00709,0.00713,2098105.0
1774479600000,0.00712,0.00713,0.00709,0.00712,2861265.0
1774483200000,0.00712,0.00716,0.00711,0.00714,2601813.0
1774486800000,0.00714,0.00716,0.00711,0.00712,2040465.0
1774490400000,0.00712,0.00712,0.00703,0.00707,3407507.0
1774494000000,0.00706,0.00707,0.00704,0.00706,3728231.0
1774497600000,0.00707,0.00707,0.00703,0.00703,1192477.0
1774501200000,0.00702,0.00703,0.00692,0.00692,15276165.0
1774504800000,0.00692,0.00698,0.00688,0.00693,12885436.0
1774508400000,0.00693,0.00696,0.00691,0.00692,5341084.0
1774512000000,0.00692,0.00693,0.00687,0.00689,6125364.0
1774515600000,0.00689,0.0069,0.00683,0.00686,7319497.0
1774519200000,0.00686,0.00686,0.00682,0.00683,4225030.0
1774522800000,0.00683,0.00684,0.0068,0.00681,4359323.0
1774526400000,0.00681,0.00685,0.0068,0.00683,3401319.0
1774530000000,0.00682,0.00689,0.00682,0.00687,6671172.0
1774533600000,0.00687,0.00689,0.00684,0.00685,2252794.0
1774537200000,0.00685,0.00686,0.00679,0.00682,10116575.0
1774540800000,0.00682,0.00683,0.00679,0.00679,4566993.0
1774544400000,0.00679,0.00679,0.00672,0.00673,5897534.0
1774548000000,0.00673,0.00675,0.00669,0.00673,18843965.0
1774551600000,0.00673,0.00674,0.00671,0.00672,3297171.0
1774555200000,0.00672,0.00681,0.00671,0.00676,5270445.0
1774558800000,0.00676,0.00679,0.00676,0.00677,3743913.0
1774562400000,0.00677,0.00679,0.00675,0.00678,4871254.0
1774566000000,0.00678,0.00679,0.00673,0.00675,7049381.0
1774569600000,0.00675,0.0068,0.00675,0.00677,3841133.0
1774573200000,0.00677,0.0068,0.00677,0.00679,2002153.0
1774576800000,0.0068,0.0068,0.00678,0.00678,1953959.0
1774580400000,0.00678,0.00679,0.00676,0.00677,2069084.0
1774584000000,0.00678,0.0068,0.00673,0.00678,3751595.0
1774587600000,0.00678,0.00681,0.00677,0.00679,2933890.0
1774591200000,0.00679,0.00681,0.00677,0.00678,5673135.0
1774594800000,0.00678,0.00681,0.00678,0.0068,3113908.0
1774598400000,0.00679,0.00681,0.00671,0.00675,5118499.0
1774602000000,0.00675,0.00676,0.0067,0.00673,5261208.0
1774605600000,0.00673,0.00674,0.00661,0.00663,19507380.0
1774609200000,0.00663,0.00668,0.00659,0.00665,9732499.0
1774612800000,0.00665,0.00666,0.00663,0.00666,4445122.0
1774616400000,0.00666,0.00667,0.00661,0.00663,6487168.0
1774620000000,0.00664,0.00667,0.00661,0.00663,6893216.0
1774623600000,0.00663,0.00671,0.00661,0.00662,8772565.0
1774627200000,0.00662,0.00665,0.00661,0.00663,4731118.0
1774630800000,0.00662,0.00667,0.0066,0.00663,3594907.0
1774634400000,0.00663,0.00665,0.0066,0.00663,3185555.0
1774638000000,0.00663,0.00665,0.00661,0.00664,3150595.0
1774641600000,0.00664,0.00666,0.00662,0.00664,7248268.0
1774645200000,0.00664,0.00666,0.00661,0.00663,2828188.0
1774648800000,0.00662,0.00663,0.00661,0.00661,1758282.0
1774652400000,0.00662,0.00665,0.00661,0.00665,2858634.0
1774656000000,0.00665,0.00666,0.00662,0.00664,4064898.0
1774659600000,0.00664,0.00664,0.00655,0.00659,9952866.0
1774663200000,0.00659,0.00663,0.00657,0.00659,3451472.0
1774666800000,0.00659,0.00661,0.00657,0.0066,3001948.0
1774670400000,0.00659,0.00663,0.00659,0.0066,6078473.0
1774674000000,0.0066,0.00662,0.00658,0.00661,1515292.0
1774677600000,0.00662,0.00664,0.0066,0.00663,1524464.0
1774681200000,0.00664,0.00666,0.00663,0.00665,1988844.0
1774684800000,0.00664,0.00667,0.00663,0.00665,3420712.0
1774688400000,0.00666,0.00666,0.00662,0.00665,3012188.0
1774692000000,0.00665,0.00667,0.00662,0.00663,3454665.0
1774695600000,0.00664,0.00671,0.00663,0.00669,4321496.0
1774699200000,0.00669,0.0067,0.00664,0.00665,3206965.0
1774702800000,0.00665,0.00672,0.00663,0.00668,7260063.0
1774706400000,0.00668,0.00669,0.00664,0.00666,3796876.0
1774710000000,0.00667,0.0067,0.00664,0.00665,6707541.0
1774713600000,0.00666,0.00669,0.00666,0.00668,2547452.0
1774717200000,0.00668,0.00669,0.00666,0.00667,1251854.0
1774720800000,0.00666,0.0067,0.00666,0.00668,1708079.0
1774724400000,0.00668,0.00669,0.00666,0.00669,2886416.0
1774728000000,0.00669,0.0067,0.00668,0.00669,1068565.0
1774731600000,0.0067,0.0067,0.00661,0.00664,3619240.0
1774735200000,0.00665,0.00667,0.00662,0.00667,2403799.0
1774738800000,0.00666,0.00667,0.00662,0.00663,2813182.0
1774742400000,0.00663,0.00672,0.00662,0.00664,20415250.0
1774746000000,0.00665,0.0067,0.00664,0.00669,3250828.0
1774749600000,0.00669,0.0067,0.00667,0.00669,2437843.0
1774753200000,0.00669,0.00672,0.00669,0.00671,2079920.0
1774756800000,0.00672,0.00672,0.0067,0.0067,1607117.0
1774760400000,0.0067,0.00671,0.00669,0.0067,1535181.0
1774764000000,0.00669,0.0067,0.00668,0.00668,1048814.0
1774767600000,0.00668,0.0067,0.00665,0.00669,3386000.0
1774771200000,0.00669,0.00669,0.00665,0.00666,1227686.0
1774774800000,0.00666,0.00666,0.00663,0.00664,2275461.0
1774778400000,0.00664,0.00664,0.0066,0.00663,5342956.0
1774782000000,0.00663,0.00665,0.00662,0.00663,4050344.0
1774785600000,0.00663,0.00663,0.00658,0.0066,3923367.0
1774789200000,0.0066,0.0066,0.00654,0.00658,5464826.0
1774792800000,0.00658,0.0066,0.00656,0.00658,4415057.0
1774796400000,0.00659,0.0066,0.00656,0.00657,2642095.0
1774800000000,0.00657,0.0066,0.00656,0.00656,2562087.0
1774803600000,0.00656,0.00659,0.00654,0.00659,1822299.0
1774807200000,0.00658,0.00659,0.00657,0.00657,1253651.0
1774810800000,0.00657,0.00659,0.00656,0.00659,1306989.0
1774814400000,0.00658,0.00663,0.00658,0.00663,1775833.0
1774818000000,0.00662,0.00666,0.00662,0.00664,1814605.0
1774821600000,0.00664,0.00664,0.00646,0.00656,19953288.0
1774825200000,0.00656,0.00661,0.00655,0.00658,5548161.0
1774828800000,0.00658,0.00664,0.00655,0.00659,10409758.0
1774832400000,0.0066,0.00666,0.00658,0.00665,5554955.0
1774836000000,0.00665,0.00669,0.00664,0.00669,3091575.0
1774839600000,0.00669,0.0067,0.00667,0.00668,1219910.0
1774843200000,0.00669,0.00672,0.00669,0.0067,1509317.0
1774846800000,0.00671,0.00671,0.00669,0.0067,1495712.0
1774850400000,0.0067,0.00671,0.00668,0.00669,1320615.0
1774854000000,0.0067,0.00674,0.00669,0.00674,1941519.0
1774857600000,0.00674,0.00679,0.00673,0.00675,4792087.0
1774861200000,0.00675,0.00676,0.00672,0.00674,2337974.0
1774864800000,0.00673,0.00677,0.00673,0.00676,4464505.0
1774868400000,0.00676,0.00679,0.00675,0.00676,2536325.0
1774872000000,0.00675,0.0068,0.00675,0.00678,5632643.0
1774875600000,0.00678,0.00679,0.00669,0.00672,8015611.0
1774879200000,0.00672,0.00673,0.00666,0.00672,4684365.0
1774882800000,0.00672,0.00673,0.0067,0.00671,1695925.0
1774886400000,0.00671,0.00671,0.00667,0.00669,2622521.0
1774890000000,0.00669,0.0067,0.00662,0.00665,3205126.0
1774893600000,0.00665,0.00665,0.00661,0.00662,3144917.0
1774897200000,0.00663,0.00665,0.00661,0.00664,4186250.0
1774900800000,0.00664,0.00665,0.00662,0.00664,1204781.0
1774904400000,0.00664,0.00668,0.00662,0.00667,1703604.0
1774908000000,0.00666,0.00667,0.00664,0.00665,905506.0
1774911600000,0.00665,0.00667,0.0066,0.00667,3883477.0
1774915200000,0.00667,0.00669,0.00664,0.00669,3394018.0
1774918800000,0.00669,0.00678,0.00668,0.00676,11353303.0
1774922400000,0.00676,0.00677,0.00673,0.00675,1973404.0
1774926000000,0.00674,0.00674,0.00671,0.00672,1338623.0
1774929600000,0.00672,0.00672,0.00669,0.0067,2601293.0
1774933200000,0.0067,0.00671,0.00668,0.00671,1614310.0
1774936800000,0.00671,0.00672,0.00668,0.00672,2044216.0
1774940400000,0.00671,0.00672,0.00666,0.00668,3456978.0
1774944000000,0.00668,0.00668,0.00659,0.0066,10787103.0
1774947600000,0.00659,0.00661,0.00654,0.00654,7529038.0
1774951200000,0.00654,0.00658,0.00654,0.00656,5789312.0
1774954800000,0.00656,0.00659,0.00655,0.00656,6869264.0
1774958400000,0.00657,0.0066,0.00655,0.00656,5086681.0
1774962000000,0.00656,0.00668,0.00656,0.00665,12277058.0
1774965600000,0.00666,0.00669,0.00658,0.00661,7318813.0
1774969200000,0.00661,0.00666,0.0066,0.0066,4261489.0
1774972800000,0.0066,0.00667,0.00659,0.00664,7281683.0
1774976400000,0.00663,0.00668,0.00658,0.00661,12710268.0
1774980000000,0.00661,0.00666,0.00661,0.00662,9140521.0
1774983600000,0.00663,0.00664,0.00659,0.0066,3638802.0
1774987200000,0.00661,0.00665,0.00661,0.00665,3945293.0
1774990800000,0.00664,0.00665,0.00661,0.00663,3793836.0
1774994400000,0.00664,0.00666,0.00662,0.00666,2790765.0
1774998000000,0.00666,0.00671,0.00664,0.0067,5332373.0
1775001600000,0.00671,0.00674,0.00669,0.00673,4215460.0
1775005200000,0.00673,0.00674,0.00669,0.0067,3733560.0
1775008800000,0.0067,0.00671,0.00667,0.00667,1983605.0
1775012400000,0.00668,0.00676,0.00668,0.00674,3428835.0
1775016000000,0.00674,0.00679,0.00673,0.00678,6785661.0
1775019600000,0.00678,0.00683,0.00677,0.00683,6795063.0
1775023200000,0.00683,0.00691,0.00682,0.00689,14575534.0
1775026800000,0.00689,0.0069,0.00684,0.00686,8440319.0
1775030400000,0.00686,0.00688,0.00682,0.00683,7742908.0
1775034000000,0.00683,0.00684,0.0068,0.0068,5937343.0
1775037600000,0.00681,0.00682,0.00679,0.00681,6185038.0
1775041200000,0.00681,0.00683,0.0068,0.00683,4811399.0
1775044800000,0.00683,0.00687,0.00678,0.00681,11251456.0
1775048400000,0.0068,0.00689,0.00678,0.00682,22001886.0
1775052000000,0.00682,0.00685,0.00681,0.00684,4056263.0
1775055600000,0.00684,0.00687,0.00682,0.00686,3154575.0
1775059200000,0.00686,0.0069,0.00685,0.00688,3523599.0
1775062800000,0.00688,0.00694,0.00686,0.0069,10544580.0
1775066400000,0.0069,0.0069,0.00683,0.00687,7143100.0
1775070000000,0.00686,0.00689,0.00684,0.00688,4224840.0
1775073600000,0.00688,0.00688,0.00684,0.00685,3147350.0
1775077200000,0.00685,0.00687,0.00683,0.00686,4880391.0
1775080800000,0.00685,0.00686,0.00681,0.00682,3599117.0
1775084400000,0.00682,0.00684,0.00679,0.00679,2348713.0
1775088000000,0.00679,0.00691,0.00678,0.00686,21850114.0
1775091600000,0.00686,0.00686,0.00668,0.00672,13480625.0
1775095200000,0.00671,0.00671,0.00662,0.00667,9270879.0
1775098800000,0.00667,0.00669,0.00663,0.00665,3837004.0
1775102400000,0.00665,0.00666,0.00658,0.00661,8091431.0
1775106000000,0.0066,0.00664,0.00658,0.00662,7785960.0
1775109600000,0.00663,0.00668,0.00663,0.00667,3716923.0
1775113200000,0.00666,0.00668,0.00662,0.00665,5934617.0
1775116800000,0.00666,0.00666,0.00664,0.00664,1599632.0
1775120400000,0.00663,0.00666,0.0066,0.00662,5117080.0
1775124000000,0.00661,0.00666,0.00659,0.00665,7398719.0
1775127600000,0.00665,0.00666,0.00659,0.0066,7278144.0
1775131200000,0.00659,0.0066,0.00656,0.00659,4467818.0
1775134800000,0.00659,0.00662,0.00656,0.00661,6436601.0
1775138400000,0.00661,0.00669,0.0066,0.00667,5904404.0
1775142000000,0.00666,0.00666,0.00658,0.0066,6965486.0
1775145600000,0.0066,0.00664,0.00658,0.00663,4764675.0
1775149200000,0.00663,0.00666,0.00657,0.00657,14365254.0
1775152800000,0.00658,0.00662,0.00657,0.00662,6434511.0
1775156400000,0.00661,0.00661,0.00657,0.00659,3617101.0
1775160000000,0.00659,0.00663,0.00658,0.00661,2646356.0
1775163600000,0.00662,0.00662,0.00658,0.00662,3313029.0
1775167200000,0.00661,0.00664,0.00661,0.00663,2611912.0
1775170800000,0.00663,0.00664,0.00661,0.00663,2387062.0
1775174400000,0.00663,0.00665,0.00659,0.0066,4750636.0
1775178000000,0.0066,0.00664,0.00658,0.0066,6403382.0
1775181600000,0.00659,0.00662,0.00653,0.00658,12386259.0
1775185200000,0.00659,0.00663,0.00657,0.00663,5574384.0
1775188800000,0.00663,0.00666,0.00661,0.00665,1978660.0
1775192400000,0.00665,0.00668,0.00664,0.00665,4284308.0
1775196000000,0.00666,0.00672,0.00664,0.00672,3773264.0
1775199600000,0.00671,0.00672,0.00669,0.0067,3962207.0
1775203200000,0.00671,0.00675,0.0067,0.00673,2776732.0
1775206800000,0.00672,0.00674,0.0067,0.00671,4332621.0
1775210400000,0.00671,0.00673,0.00669,0.00671,3621213.0
1775214000000,0.00671,0.00675,0.00671,0.00674,5148064.0
1775217600000,0.00675,0.00685,0.00673,0.00679,14808253.0
1775221200000,0.00679,0.00682,0.00677,0.00678,7624399.0
1775224800000,0.00678,0.00682,0.00676,0.00681,4436219.0
1775228400000,0.00681,0.00683,0.00679,0.0068,4918344.0
1775232000000,0.0068,0.00685,0.0068,0.00683,9879402.0
1775235600000,0.00683,0.00686,0.00678,0.0068,31078208.0
1775239200000,0.0068,0.00683,0.00678,0.00679,5872284.0
1775242800000,0.00678,0.00679,0.00676,0.00678,5468567.0
1775246400000,0.00678,0.0068,0.00676,0.00677,3174655.0
1775250000000,0.00676,0.00678,0.00675,0.00675,1492099.0
1775253600000,0.00675,0.00677,0.00674,0.00674,1206336.0
1775257200000,0.00674,0.00677,0.00674,0.00677,3465128.0
1775260800000,0.00677,0.00677,0.00675,0.00677,2157419.0
1775264400000,0.00676,0.0068,0.00676,0.00679,2637673.0
1775268000000,0.00679,0.00681,0.00675,0.00676,3571211.0
1775271600000,0.00676,0.00679,0.00676,0.00678,2618142.0
1775275200000,0.00678,0.00679,0.00675,0.00675,3555024.0
1775278800000,0.00675,0.00676,0.00674,0.00674,1987530.0
1775282400000,0.00674,0.00677,0.00673,0.00676,3048784.0
1775286000000,0.00676,0.0068,0.00675,0.00676,3975885.0
1775289600000,0.00676,0.00678,0.00674,0.00674,2965177.0
1775293200000,0.00674,0.0068,0.00674,0.00678,5187092.0
1775296800000,0.00678,0.00683,0.00678,0.00683,2638046.0
1775300400000,0.00683,0.00695,0.00683,0.00688,27381914.0
1775304000000,0.00688,0.00698,0.00688,0.00694,12901969.0
1775307600000,0.00694,0.00709,0.0068,0.00683,78208761.0
1775311200000,0.00683,0.00685,0.00679,0.00682,8878879.0
1775314800000,0.00682,0.00686,0.00681,0.00684,9411643.0
1775318400000,0.00684,0.00685,0.00683,0.00684,4477276.0
1775322000000,0.00683,0.00688,0.00683,0.00687,4211110.0
1775325600000,0.00688,0.00689,0.00686,0.00688,1536252.0
1775329200000,0.00688,0.00701,0.00688,0.00699,17914349.0
1775332800000,0.007,0.00702,0.00699,0.00699,4085712.0
1775336400000,0.00699,0.00715,0.00695,0.00698,42170414.0
1775340000000,0.00699,0.00701,0.00698,0.007,3230212.0
1775343600000,0.007,0.00702,0.00696,0.00696,10068197.0
1775347200000,0.00696,0.00698,0.00691,0.00692,9824111.0
1775350800000,0.00692,0.00693,0.00683,0.00685,18597119.0
1775354400000,0.00684,0.00691,0.00683,0.00691,5693304.0
1775358000000,0.0069,0.00692,0.00685,0.00686,9885103.0
1775361600000,0.00686,0.00687,0.00683,0.00683,2579621.0
1775365200000,0.00683,0.00684,0.00677,0.00679,9145729.0
1775368800000,0.0068,0.0068,0.00673,0.00676,7477425.0
1775372400000,0.00675,0.00675,0.00671,0.00672,4296123.0
1775376000000,0.00671,0.00673,0.00669,0.00672,6436831.0
1775379600000,0.00671,0.00675,0.00671,0.00675,4281109.0
1775383200000,0.00675,0.00676,0.00673,0.00673,3660585.0
1775386800000,0.00673,0.00674,0.00671,0.00672,2654994.0
1775390400000,0.00671,0.00672,0.00666,0.0067,10834722.0
1775394000000,0.0067,0.00672,0.00667,0.00671,6981143.0
1775397600000,0.00671,0.00673,0.00669,0.00669,5574771.0
1775401200000,0.00669,0.00678,0.00668,0.0067,8188941.0
1775404800000,0.0067,0.00671,0.00668,0.00669,2107561.0
1775408400000,0.00668,0.0067,0.00668,0.00669,3074945.0
1775412000000,0.00669,0.00672,0.00668,0.00672,3363387.0
1775415600000,0.00671,0.00673,0.0067,0.00672,2443323.0
1775419200000,0.00671,0.00674,0.00671,0.00673,2653573.0
1775422800000,0.00673,0.00673,0.0067,0.00672,2051983.0
1775426400000,0.00672,0.00679,0.00669,0.00679,4914168.0
1775430000000,0.00679,0.00685,0.00678,0.00684,7951101.0
1775433600000,0.00684,0.00689,0.0068,0.00682,11368109.0
1775437200000,0.00682,0.00687,0.0068,0.00686,5909599.0
1775440800000,0.00686,0.00694,0.00685,0.00692,7203895.0
1775444400000,0.00692,0.00693,0.00688,0.0069,2548875.0
1775448000000,0.0069,0.0069,0.00686,0.00687,2806724.0
1775451600000,0.00687,0.00691,0.00686,0.00689,3296645.0
1775455200000,0.00689,0.0069,0.00683,0.00685,2974194.0
1775458800000,0.00684,0.00689,0.00684,0.00688,4532893.0
1775462400000,0.00687,0.0069,0.00686,0.00688,3483628.0
1775466000000,0.00687,0.00694,0.00687,0.00693,8017490.0
1775469600000,0.00693,0.00696,0.00692,0.00693,4462037.0
1775473200000,0.00693,0.00694,0.00689,0.00691,5581819.0
1775476800000,0.00691,0.00692,0.0069,0.0069,2347848.0
1775480400000,0.0069,0.00691,0.00686,0.00689,5165198.0
1775484000000,0.00688,0.0069,0.00684,0.00688,6152993.0
1775487600000,0.00687,0.00691,0.00687,0.0069,2958886.0
1775491200000,0.0069,0.0069,0.00685,0.00685,3718314.0
1775494800000,0.00686,0.00687,0.00683,0.00686,2830918.0
1775498400000,0.00686,0.00688,0.00685,0.00686,1868989.0
1775502000000,0.00685,0.00686,0.00683,0.00684,1051690.0
1775505600000,0.00684,0.00685,0.00683,0.00684,2385569.0
1775509200000,0.00684,0.00684,0.0068,0.00683,4592537.0
1775512800000,0.00682,0.00683,0.00673,0.00674,6826547.0
1775516400000,0.00674,0.00676,0.00668,0.00675,12913355.0
1775520000000,0.00675,0.00677,0.00672,0.00672,7485477.0
1775523600000,0.00672,0.00673,0.00668,0.00668,4170372.0
1775527200000,0.00668,0.0067,0.00667,0.00668,4891561.0
1775530800000,0.00667,0.0067,0.00667,0.00668,2237811.0
1775534400000,0.00669,0.00672,0.00668,0.00672,2540589.0
1775538000000,0.00671,0.00672,0.0067,0.0067,1860668.0
1775541600000,0.0067,0.00672,0.00668,0.0067,2984480.0
1775545200000,0.0067,0.00679,0.00667,0.00677,7304948.0
1775548800000,0.00678,0.00679,0.00676,0.00678,2601447.0
1775552400000,0.00678,0.00681,0.00678,0.00681,1605627.0
1775556000000,0.00681,0.00682,0.00674,0.00674,5953988.0
1775559600000,0.00675,0.00687,0.00671,0.00686,46345312.0
1775563200000,0.00686,0.00686,0.00673,0.00673,23815605.0
1775566800000,0.00674,0.00678,0.00673,0.00674,8829774.0
1775570400000,0.00675,0.00679,0.00672,0.00675,6594673.0
1775574000000,0.00676,0.00677,0.00673,0.00675,5496689.0
1775577600000,0.00675,0.00676,0.00671,0.00671,4939459.0
1775581200000,0.00672,0.00683,0.00671,0.00679,8152630.0
1775584800000,0.0068,0.00681,0.00675,0.00678,4550755.0
1775588400000,0.00677,0.00684,0.00677,0.00683,5838583.0
1775592000000,0.00684,0.00686,0.00683,0.00683,5118731.0
1775595600000,0.00684,0.00695,0.00683,0.00694,7903575.0
1775599200000,0.00695,0.00708,0.00693,0.00708,20342027.0
1775602800000,0.00707,0.00709,0.00702,0.00706,14820010.0
1775606400000,0.00706,0.00709,0.007,0.00702,10235250.0
1775610000000,0.00702,0.00705,0.00697,0.00704,9026657.0
1775613600000,0.00703,0.00708,0.00702,0.00704,5463287.0
1775617200000,0.00704,0.00707,0.00703,0.00705,2983067.0
1775620800000,0.00704,0.00705,0.00703,0.00705,3438687.0
1775624400000,0.00705,0.00706,0.00703,0.00705,2947703.0
1775628000000,0.00704,0.00705,0.00701,0.00702,3518489.0
1775631600000,0.00702,0.00703,0.007,0.00702,2318832.0
1775635200000,0.00702,0.00705,0.007,0.00704,3938697.0
1775638800000,0.00704,0.00706,0.00702,0.00704,4066458.0
1775642400000,0.00705,0.00705,0.00699,0.007,4368340.0
1775646000000,0.00699,0.00699,0.00694,0.00697,6105046.0
1775649600000,0.00696,0.007,0.00695,0.007,7741021.0
1775653200000,0.00699,0.00704,0.00698,0.007,8465708.0
1775656800000,0.007,0.00701,0.00691,0.00692,7318909.0
1775660400000,0.00693,0.00699,0.00692,0.00697,6127372.0
1775664000000,0.00696,0.007,0.00696,0.00699,2345510.0
1775667600000,0.00699,0.00701,0.00698,0.00701,2172547.0
1775671200000,0.00701,0.00701,0.00694,0.00695,2738689.0
1775674800000,0.00695,0.00696,0.00692,0.00694,7910508.0
1775678400000,0.00695,0.00696,0.00694,0.00694,1504444.0
1775682000000,0.00694,0.00698,0.00693,0.00694,3983971.0
1775685600000,0.00694,0.00695,0.00687,0.00688,4470750.0
1775689200000,0.00689,0.00689,0.00682,0.00686,4349502.0
1775692800000,0.00685,0.00687,0.00681,0.00684,5182229.0
1775696400000,0.00684,0.00685,0.0068,0.00684,4820084.0
1775700000000,0.00684,0.00689,0.00682,0.00688,4078904.0
1775703600000,0.00687,0.00688,0.00685,0.00686,4183334.0
1775707200000,0.00686,0.00691,0.00685,0.00688,6484003.0
1775710800000,0.00688,0.00692,0.00688,0.00688,3715062.0
1775714400000,0.00688,0.00691,0.00688,0.0069,2392964.0
1775718000000,0.0069,0.00691,0.00688,0.00689,1733151.0
1775721600000,0.00688,0.0069,0.00685,0.00687,5019114.0
1775725200000,0.00687,0.00689,0.00684,0.00689,2923446.0
1775728800000,0.00689,0.00689,0.00685,0.00685,2381815.0
1775732400000,0.00685,0.00686,0.00682,0.00683,2878155.0
1775736000000,0.00683,0.00687,0.00683,0.00685,2389898.0
1775739600000,0.00685,0.00686,0.00684,0.00686,3385538.0
1775743200000,0.00686,0.00688,0.00683,0.00686,4790564.0
1775746800000,0.00688,0.00694,0.00685,0.00693,7501493.0
1775750400000,0.00693,0.00695,0.00688,0.00691,5186173.0
1775754000000,0.00691,0.00693,0.00689,0.00691,1593625.0
1775757600000,0.00691,0.00692,0.00689,0.00692,1848141.0
1775761200000,0.00692,0.00695,0.00691,0.00693,3196540.0
1775764800000,0.00693,0.00695,0.00691,0.00692,3026795.0
1775768400000,0.00693,0.00706,0.00691,0.00698,12011460.0
1775772000000,0.00698,0.00703,0.00698,0.00699,4019420.0
1775775600000,0.007,0.007,0.00694,0.00697,2903903.0
1775779200000,0.00697,0.00699,0.00691,0.00695,4895975.0
1775782800000,0.00695,0.00696,0.00692,0.00694,3076515.0
1775786400000,0.00694,0.00697,0.00694,0.00695,2148012.0
1775790000000,0.00694,0.00696,0.00693,0.00694,2015001.0
1775793600000,0.00693,0.00696,0.00691,0.00693,3746700.0
1775797200000,0.00694,0.00697,0.00692,0.00696,4523729.0
1775800800000,0.00696,0.00698,0.00695,0.00696,2393942.0
1775804400000,0.00696,0.00697,0.00691,0.00692,2476761.0
1775808000000,0.00691,0.00694,0.0069,0.0069,3447425.0
1775811600000,0.0069,0.00694,0.00689,0.00694,5271342.0
1775815200000,0.00694,0.00695,0.0069,0.00691,2316392.0
1775818800000,0.0069,0.00696,0.0069,0.00693,5565233.0
1775822400000,0.00692,0.00692,0.00684,0.00689,11549490.0
1775826000000,0.0069,0.00695,0.00689,0.00694,4437911.0
1775829600000,0.00694,0.007,0.00692,0.007,5518950.0
1775833200000,0.00701,0.00703,0.00691,0.00693,8480520.0
1775836800000,0.00694,0.00698,0.00693,0.00695,4254194.0
1775840400000,0.00695,0.00695,0.00692,0.00694,1554824.0
1775844000000,0.00694,0.00699,0.00693,0.00699,2217041.0
1775847600000,0.00698,0.00703,0.00698,0.00703,3044329.0
1775851200000,0.00703,0.00703,0.007,0.00701,1831362.0
1775854800000,0.00702,0.00703,0.00698,0.00702,3116754.0
1775858400000,0.00702,0.00704,0.00699,0.00699,1130273.0
1775862000000,0.007,0.00702,0.00697,0.00702,5053632.0
1775865600000,0.00702,0.00704,0.007,0.00701,2898775.0
1775869200000,0.00702,0.00702,0.00696,0.00699,3514970.0
1775872800000,0.00699,0.00702,0.00698,0.007,2365157.0
1775876400000,0.007,0.00702,0.00697,0.00697,1830534.0
1775880000000,0.00697,0.007,0.00696,0.00697,2574139.0
1775883600000,0.00697,0.00699,0.00694,0.00696,2173044.0
1775887200000,0.00697,0.00697,0.00693,0.00695,3127875.0
1775890800000,0.00696,0.00696,0.00693,0.00694,629192.0
1775894400000,0.00694,0.00697,0.00694,0.00696,846756.0
1775898000000,0.00696,0.00697,0.00694,0.00696,2213587.0
1775901600000,0.00696,0.00697,0.00694,0.00696,1489530.0
1775905200000,0.00695,0.00696,0.00694,0.00694,635759.0
1775908800000,0.00695,0.00695,0.00691,0.00693,1714421.0
1775912400000,0.00692,0.00693,0.00689,0.00692,2711095.0
1775916000000,0.00691,0.00697,0.0069,0.00693,6383719.0
1775919600000,0.00693,0.00695,0.00692,0.00693,1993704.0
1775923200000,0.00694,0.00695,0.00692,0.00693,1460810.0
1775926800000,0.00694,0.00697,0.00692,0.00694,2812733.0
1775930400000,0.00693,0.00698,0.00691,0.00697,4907566.0
1775934000000,0.00697,0.007,0.00696,0.00699,3153147.0
1775937600000,0.00698,0.007,0.00697,0.00698,979097.0
1775941200000,0.00698,0.00702,0.00697,0.00701,3345956.0
1775944800000,0.00701,0.00702,0.00697,0.00701,2814812.0
1775948400000,0.00701,0.00702,0.00695,0.007,4386058.0
1775952000000,0.007,0.00704,0.00698,0.007,5029283.0
1775955600000,0.007,0.00702,0.00686,0.00687,10062489.0
1775959200000,0.00687,0.00689,0.0068,0.00686,11296385.0
1775962800000,0.00686,0.00688,0.00683,0.00684,2875320.0
1775966400000,0.00684,0.00685,0.0068,0.00682,3522493.0
1775970000000,0.00682,0.00685,0.00681,0.00684,4330070.0
1775973600000,0.00683,0.00685,0.00681,0.00681,1984587.0
1775977200000,0.00682,0.00684,0.0068,0.00681,1451737.0
1775980800000,0.00681,0.00683,0.0068,0.00681,1931236.0
1775984400000,0.00681,0.00683,0.0068,0.00682,2264983.0
1775988000000,0.00681,0.00683,0.00679,0.00681,3323091.0
1775991600000,0.0068,0.00685,0.00677,0.00682,4896338.0
1775995200000,0.00682,0.00686,0.0068,0.00682,4923806.0
1775998800000,0.00681,0.00682,0.00678,0.00678,3073603.0
1776002400000,0.00678,0.00681,0.00677,0.00679,1987546.0
1776006000000,0.00679,0.0068,0.00676,0.00677,2324407.0
1776009600000,0.00678,0.00679,0.00675,0.00676,1607484.0
1776013200000,0.00677,0.00684,0.00676,0.00683,1930493.0
1776016800000,0.00683,0.00684,0.00681,0.00681,1314991.0
1776020400000,0.00682,0.00682,0.00679,0.00679,976143.0
1776024000000,0.0068,0.00684,0.00677,0.0068,1364970.0
1776027600000,0.00679,0.00681,0.00676,0.00679,2085884.0
1776031200000,0.00677,0.00679,0.00672,0.00676,3922970.0
1776034800000,0.00675,0.00677,0.00673,0.00675,5390950.0
1776038400000,0.00675,0.00679,0.00673,0.00679,2462363.0
1776042000000,0.00678,0.00681,0.00678,0.00681,1170514.0
1776045600000,0.00681,0.00683,0.00679,0.0068,2665681.0
1776049200000,0.0068,0.00682,0.00679,0.00681,1236313.0
1776052800000,0.00681,0.00682,0.00677,0.00677,1403171.0
1776056400000,0.00677,0.00677,0.00675,0.00677,910377.0
1776060000000,0.00677,0.00683,0.00676,0.00678,4301608.0
1776063600000,0.00679,0.00679,0.00675,0.00676,1740100.0
1776067200000,0.00676,0.00677,0.00674,0.00676,1421362.0
1776070800000,0.00676,0.00679,0.00676,0.00678,2082364.0
1776074400000,0.00678,0.00678,0.00675,0.00676,906405.0
1776078000000,0.00676,0.00686,0.00675,0.00681,13725768.0
1776081600000,0.0068,0.00681,0.00669,0.00679,13264509.0
1776085200000,0.0068,0.00682,0.00673,0.00681,6403947.0
1776088800000,0.00681,0.00686,0.00677,0.00685,7057725.0
1776092400000,0.00685,0.00685,0.00678,0.00679,6462179.0
1776096000000,0.00679,0.00683,0.00678,0.00682,4517605.0
1776099600000,0.00682,0.00684,0.00679,0.0068,4043428.0
1776103200000,0.00679,0.0068,0.00678,0.0068,2278166.0
1776106800000,0.0068,0.00689,0.00679,0.00688,2777494.0
1776110400000,0.00689,0.00694,0.00687,0.0069,4721781.0
1776114000000,0.0069,0.00694,0.00689,0.00693,2308966.0
1776117600000,0.00693,0.00711,0.00692,0.00711,16966020.0
1776121200000,0.0071,0.0071,0.00704,0.00706,13137093.0
1776124800000,0.00707,0.00708,0.00702,0.00702,6620871.0
1776128400000,0.00702,0.00703,0.007,0.00701,1830791.0
1776132000000,0.00701,0.00703,0.00699,0.00702,3432332.0
1776135600000,0.00701,0.00703,0.00701,0.00703,906370.0
1776139200000,0.00703,0.00704,0.00702,0.00703,2511907.0
1776142800000,0.00703,0.00703,0.00696,0.00698,3201413.0
1776146400000,0.00698,0.00699,0.00693,0.00697,4110759.0
1776150000000,0.00697,0.00698,0.00688,0.00695,10699771.0
1776153600000,0.00695,0.00696,0.00692,0.00694,5266836.0
1776157200000,0.00695,0.00695,0.00693,0.00695,1637059.0
1776160800000,0.00695,0.00697,0.0069,0.00693,7572761.0
1776164400000,0.00693,0.00694,0.0069,0.00692,4172654.0
1776168000000,0.00692,0.00694,0.00689,0.00692,6871716.0
1776171600000,0.00692,0.00698,0.00689,0.00698,7039629.0
1776175200000,0.00698,0.00703,0.00696,0.00698,7487513.0
1776178800000,0.00698,0.00702,0.00697,0.00701,5858137.0
1776182400000,0.00701,0.00703,0.00695,0.00696,5997038.0
1776186000000,0.00696,0.00698,0.00693,0.00695,2788204.0
1776189600000,0.00694,0.00697,0.0069,0.00693,6265201.0
1776193200000,0.00693,0.00694,0.0069,0.00694,3750863.0
1776196800000,0.00694,0.00696,0.00692,0.00694,4809375.0
1776200400000,0.00695,0.00703,0.00695,0.00701,4229667.0
1776204000000,0.00702,0.00703,0.00697,0.00699,2998107.0
1776207600000,0.00699,0.007,0.00696,0.00697,4320407.0
1776211200000,0.00696,0.00697,0.00693,0.00693,3605378.0
1776214800000,0.00693,0.00701,0.00693,0.007,4221675.0
1776218400000,0.00699,0.00701,0.00693,0.00696,2547123.0
1776222000000,0.00696,0.00696,0.00693,0.00693,2378641.0
1776225600000,0.00693,0.00698,0.00693,0.00698,1485202.0
1776229200000,0.00697,0.00698,0.00692,0.00693,3265782.0
1776232800000,0.00693,0.00697,0.00691,0.00693,7639760.0
1776236400000,0.00693,0.00696,0.00687,0.0069,3490293.0
1776240000000,0.0069,0.00693,0.00689,0.00692,1959906.0
1776243600000,0.00692,0.00693,0.00691,0.00693,1370789.0
1776247200000,0.00692,0.00693,0.00688,0.00689,2368780.0
1776250800000,0.00689,0.00695,0.00689,0.00694,3550196.0
1776254400000,0.00694,0.00696,0.00692,0.00694,3903878.0
1776258000000,0.00694,0.00697,0.00691,0.00694,3687999.0
1776261600000,0.00694,0.00699,0.00693,0.00698,2749615.0
1776265200000,0.00698,0.00698,0.00691,0.00693,2422898.0
1776268800000,0.00693,0.00698,0.00692,0.00696,3640582.0
1776272400000,0.00697,0.007,0.00697,0.00698,2008084.0
1776276000000,0.00699,0.00701,0.00698,0.00699,1460870.0
1776279600000,0.007,0.00705,0.007,0.00704,3694241.0
1776283200000,0.00704,0.00705,0.00702,0.00703,1585677.0
1776286800000,0.00703,0.00707,0.00703,0.00705,1278768.0
1776290400000,0.00705,0.00708,0.00703,0.00704,4262040.0
1776294000000,0.00704,0.00707,0.00703,0.00706,2189646.0
1776297600000,0.00707,0.00712,0.00707,0.00711,4331112.0
1776301200000,0.00711,0.00711,0.00706,0.0071,2973149.0
1776304800000,0.0071,0.00714,0.00708,0.0071,5308868.0
1776308400000,0.00711,0.00712,0.00706,0.00707,3566782.0
1776312000000,0.00707,0.00718,0.00705,0.00715,15206225.0
1776315600000,0.00714,0.00718,0.00713,0.00713,3321106.0
1776319200000,0.00714,0.00723,0.00709,0.0071,21508307.0
1776322800000,0.0071,0.00718,0.00707,0.00711,15091730.0
1776326400000,0.00712,0.00717,0.0071,0.00715,5716797.0
1776330000000,0.00715,0.00716,0.00713,0.00714,2368192.0
1776333600000,0.00714,0.00715,0.00707,0.00709,5545811.0
1776337200000,0.00709,0.00712,0.00705,0.00709,7969562.0
1776340800000,0.0071,0.00715,0.00707,0.00708,14304049.0
1776344400000,0.00709,0.0072,0.00707,0.00714,33993198.0
1776348000000,0.00713,0.00714,0.00704,0.00708,13443772.0
1776351600000,0.00708,0.00718,0.00706,0.00717,9114480.0
1776355200000,0.00717,0.0072,0.0071,0.00714,7774523.0
1776358800000,0.00714,0.00717,0.00712,0.00716,3729756.0
1776362400000,0.00716,0.00722,0.00715,0.00721,12512634.0
1776366000000,0.00722,0.0073,0.0072,0.00729,6006984.0
1776369600000,0.00729,0.00733,0.00727,0.0073,6353328.0
1776373200000,0.0073,0.00731,0.00724,0.00728,6960221.0
1776376800000,0.00728,0.00729,0.00725,0.00728,2848086.0
1776380400000,0.00728,0.00729,0.00724,0.00728,4865354.0
1776384000000,0.00727,0.0073,0.00722,0.00729,5933535.0
1776387600000,0.0073,0.0073,0.00722,0.00724,4883080.0
1776391200000,0.00723,0.00725,0.00716,0.00721,5926844.0
1776394800000,0.00721,0.00721,0.00717,0.00718,2289769.0
1776398400000,0.00717,0.00718,0.00714,0.00715,4155655.0
1776402000000,0.00716,0.00716,0.00708,0.0071,4478754.0
1776405600000,0.00708,0.00716,0.00708,0.00715,2469756.0
1776409200000,0.00715,0.00724,0.00714,0.00721,6293316.0
1776412800000,0.00722,0.00729,0.00719,0.00726,14312733.0
1776416400000,0.00727,0.00729,0.00722,0.00727,8210693.0
1776420000000,0.00726,0.00729,0.00722,0.00727,8876138.0
1776423600000,0.00728,0.00735,0.00727,0.00734,9144838.0
1776427200000,0.00734,0.00737,0.00729,0.00737,12532235.0
1776430800000,0.00736,0.00743,0.00733,0.00743,12984157.0
1776434400000,0.00742,0.00744,0.00739,0.00742,5693757.0
1776438000000,0.00742,0.00743,0.00733,0.00739,12199503.0
1776441600000,0.00739,0.0075,0.00738,0.00749,10850989.0
1776445200000,0.0075,0.0075,0.00744,0.00748,10407111.0
1776448800000,0.00747,0.00749,0.00743,0.00748,5510976.0
1776452400000,0.00748,0.00755,0.00746,0.00749,10671558.0
1776456000000,0.00749,0.00752,0.00746,0.0075,4755038.0
1776459600000,0.0075,0.00751,0.00747,0.00747,2473786.0
1776463200000,0.00748,0.0075,0.00746,0.00747,5472578.0
1776466800000,0.00748,0.00748,0.00739,0.00743,3496977.0
1776470400000,0.00743,0.00745,0.00734,0.00741,8049739.0
1776474000000,0.00741,0.00741,0.00737,0.00738,2436019.0
1776477600000,0.00739,0.00741,0.00734,0.00738,4667653.0
1776481200000,0.00739,0.00742,0.00735,0.00736,2988914.0
1776484800000,0.00737,0.00739,0.00732,0.00734,4731427.0
1776488400000,0.00734,0.00735,0.00731,0.00734,2356017.0
1776492000000,0.00735,0.0074,0.00734,0.00737,7858258.0
1776495600000,0.00737,0.0074,0.00736,0.00738,4957236.0
1776499200000,0.00737,0.00739,0.00725,0.0073,12547142.0
1776502800000,0.0073,0.00733,0.00726,0.00728,6535635.0
1776506400000,0.00728,0.00728,0.00721,0.00723,5189814.0
1776510000000,0.00723,0.00723,0.00715,0.00718,5804516.0
1776513600000,0.00719,0.0072,0.00716,0.0072,3796990.0
1776517200000,0.0072,0.00723,0.00716,0.00722,7256595.0
1776520800000,0.00721,0.00722,0.0072,0.00721,1901809.0
1776524400000,0.00721,0.00725,0.0072,0.00721,6262051.0
1776528000000,0.0072,0.00722,0.00716,0.00718,3828980.0
1776531600000,0.00718,0.00719,0.00713,0.00718,4083567.0
1776535200000,0.00718,0.00718,0.00708,0.0071,5460011.0
1776538800000,0.0071,0.00714,0.00708,0.00711,2748721.0
1776542400000,0.00711,0.00716,0.00709,0.00715,2269203.0
1776546000000,0.00715,0.00715,0.00712,0.00715,1982404.0
1776549600000,0.00715,0.00716,0.00713,0.00716,1828899.0
1776553200000,0.00716,0.00717,0.00712,0.00713,3664235.0
1776556800000,0.00713,0.00713,0.00705,0.0071,7229636.0
1776560400000,0.0071,0.00712,0.00701,0.00707,12209900.0
1776564000000,0.00707,0.00707,0.00701,0.00704,7369631.0
1776567600000,0.00704,0.00708,0.00702,0.00704,3277329.0
1776571200000,0.00704,0.00708,0.00702,0.00705,6046747.0
1776574800000,0.00704,0.00709,0.00703,0.00705,3978842.0
1776578400000,0.00704,0.00708,0.00702,0.00707,3559854.0
1776582000000,0.00706,0.00707,0.00697,0.00702,9349541.0
1776585600000,0.00701,0.00708,0.00701,0.00704,2395057.0
1776589200000,0.00704,0.00705,0.007,0.00701,2670261.0
1776592800000,0.00701,0.00704,0.00699,0.00702,1990133.0
1776596400000,0.00702,0.00709,0.00702,0.00708,2143349.0
1776600000000,0.00708,0.00714,0.00708,0.00712,2516575.0
1776603600000,0.00712,0.00717,0.00712,0.00713,6564614.0
1776607200000,0.00712,0.00716,0.00709,0.00712,3499389.0
1776610800000,0.00713,0.00714,0.00708,0.00713,5409001.0
1776614400000,0.00713,0.00715,0.00707,0.00709,3833476.0
1776618000000,0.00709,0.0071,0.00702,0.00703,3035233.0
1776621600000,0.00703,0.00705,0.00702,0.00703,2092414.0
1776625200000,0.00704,0.00709,0.00704,0.00707,1544222.0
1776628800000,0.00707,0.00707,0.00702,0.00704,2836638.0
1776632400000,0.00706,0.00706,0.007,0.007,2190708.0
1776636000000,0.00701,0.00701,0.00689,0.00695,11523829.0
1776639600000,0.00694,0.00694,0.00689,0.0069,4232100.0
1776643200000,0.00691,0.00697,0.00688,0.00695,3403250.0
1776646800000,0.00695,0.007,0.00695,0.00698,3224139.0
1776650400000,0.00698,0.00701,0.00695,0.007,2173673.0
1776654000000,0.00701,0.00705,0.00698,0.00705,3244724.0
1776657600000,0.00705,0.00705,0.00701,0.00702,1934748.0
1776661200000,0.00703,0.00703,0.00696,0.00698,1469617.0
1776664800000,0.00698,0.00704,0.00697,0.00702,3058951.0
1776668400000,0.00702,0.00709,0.00701,0.00702,7599349.0
1776672000000,0.00703,0.00704,0.007,0.007,2219144.0
1776675600000,0.007,0.0071,0.00698,0.00704,8920226.0
1776679200000,0.00705,0.00709,0.00705,0.00707,2404406.0
1776682800000,0.00707,0.00711,0.00706,0.00707,2508955.0
1776686400000,0.00707,0.00709,0.00704,0.00708,3433096.0
1776690000000,0.00708,0.00708,0.00701,0.00704,4480669.0
1776693600000,0.00705,0.00706,0.00699,0.00701,3452264.0
1776697200000,0.00701,0.00707,0.00698,0.00705,3433498.0
1776700800000,0.00705,0.00705,0.00702,0.00703,1942735.0
1776704400000,0.00703,0.00709,0.00702,0.00709,3624682.0
1776708000000,0.00709,0.00714,0.00708,0.00711,3813793.0
1776711600000,0.00711,0.00711,0.00706,0.00707,1463512.0
1776715200000,0.00707,0.00712,0.00705,0.0071,1437849.0
1776718800000,0.00711,0.00712,0.00707,0.00711,2360882.0
1776722400000,0.00712,0.00713,0.00708,0.0071,1435229.0
1776726000000,0.00709,0.00709,0.00706,0.00708,1341944.0
1776729600000,0.00708,0.00711,0.00706,0.0071,2557582.0
1776733200000,0.0071,0.00711,0.00706,0.00707,2063275.0
1776736800000,0.00706,0.00707,0.00702,0.00702,2332031.0
1776740400000,0.00702,0.00707,0.00697,0.00707,5437672.0
1776744000000,0.00707,0.00719,0.00705,0.00716,15925546.0
1776747600000,0.00717,0.00719,0.00715,0.00715,6302602.0
1776751200000,0.00717,0.00717,0.00711,0.00712,8752659.0
1776754800000,0.00712,0.00715,0.00709,0.0071,3859586.0
1776758400000,0.00711,0.00716,0.00709,0.00715,6316030.0
1776762000000,0.00715,0.00718,0.00714,0.00715,3480945.0
1776765600000,0.00716,0.00719,0.00715,0.00717,3789634.0
1776769200000,0.00717,0.0072,0.00713,0.00714,7014006.0
1776772800000,0.00715,0.00715,0.00706,0.0071,5170409.0
1776776400000,0.00709,0.0071,0.00703,0.00706,4928837.0
1776780000000,0.00706,0.0071,0.00704,0.00705,4794714.0
1776783600000,0.00705,0.00713,0.00703,0.00712,6048280.0
1776787200000,0.00712,0.00715,0.00709,0.00709,3435691.0
1776790800000,0.0071,0.00711,0.00704,0.00707,9119091.0
1776794400000,0.00706,0.00707,0.00703,0.00706,3804634.0
1776798000000,0.00706,0.00708,0.00698,0.00701,7553875.0
1776801600000,0.00701,0.0071,0.00701,0.00708,6205031.0
1776805200000,0.00708,0.00709,0.00706,0.00709,1589729.0
1776808800000,0.00709,0.00709,0.00705,0.00708,1831984.0
1776812400000,0.00708,0.00715,0.00707,0.00714,1377277.0
1776816000000,0.00714,0.00716,0.00713,0.00714,3875347.0
1776819600000,0.00713,0.00715,0.00711,0.00712,2842499.0
1776823200000,0.00711,0.00722,0.00711,0.0072,9026292.0
1776826800000,0.00721,0.00723,0.00719,0.00721,3610277.0
1776830400000,0.00721,0.00723,0.00719,0.00721,2440184.0
1776834000000,0.00721,0.00728,0.00721,0.00726,7237675.0
1776837600000,0.00727,0.00728,0.00723,0.00724,3376675.0
1776841200000,0.00724,0.00729,0.00724,0.00727,3223342.0
1776844800000,0.00728,0.00733,0.00727,0.00731,3568613.0
1776848400000,0.00731,0.00735,0.00728,0.00729,5760830.0
1776852000000,0.00729,0.00732,0.00724,0.0073,9696630.0
1776855600000,0.0073,0.0073,0.00724,0.00725,5689712.0
1776859200000,0.00725,0.00727,0.00723,0.00723,2366756.0
1776862800000,0.00723,0.00727,0.00717,0.00724,20620410.0
1776866400000,0.00724,0.00725,0.0072,0.00724,5711100.0
1776870000000,0.00724,0.00727,0.00721,0.00724,5774050.0
1776873600000,0.00725,0.00725,0.00721,0.00722,1736290.0
1776877200000,0.00723,0.00725,0.00721,0.00723,2746405.0
1776880800000,0.00723,0.00724,0.00722,0.00722,1464041.0
1776884400000,0.00722,0.00723,0.00716,0.00719,5089686.0
1776888000000,0.00719,0.00719,0.00715,0.00715,2443037.0
1776891600000,0.00715,0.00721,0.00715,0.00719,1232727.0
1776895200000,0.00719,0.00719,0.00712,0.00714,2060591.0
1776898800000,0.00714,0.00715,0.00708,0.0071,7759232.0
1776902400000,0.0071,0.00711,0.00704,0.00706,9075381.0
1776906000000,0.00707,0.0071,0.00703,0.00708,6686776.0
1776909600000,0.00708,0.00709,0.00695,0.00702,9863371.0
1776913200000,0.00702,0.00703,0.00696,0.00699,6158428.0
1776916800000,0.00698,0.00701,0.00697,0.007,5449194.0
1776920400000,0.007,0.00703,0.00699,0.007,2518074.0
1776924000000,0.00701,0.00706,0.00701,0.00704,3007067.0
1776927600000,0.00705,0.00706,0.00702,0.00703,3076940.0
1776931200000,0.00703,0.00705,0.00701,0.00704,3334213.0
1776934800000,0.00704,0.00704,0.00698,0.007,4192170.0
1776938400000,0.007,0.00702,0.00695,0.00699,4227303.0
1776942000000,0.00699,0.00705,0.00698,0.00704,4427558.0
1776945600000,0.00704,0.00707,0.00702,0.00705,4377394.0
1776949200000,0.00705,0.00708,0.00704,0.00705,4945041.0
1776952800000,0.00705,0.0071,0.00704,0.0071,2969744.0
1776956400000,0.0071,0.00714,0.00709,0.00712,3657246.0
1776960000000,0.00713,0.00713,0.00708,0.00708,1352985.0
1776963600000,0.00709,0.00709,0.00698,0.00703,6666017.0
1776967200000,0.00704,0.00705,0.00702,0.00702,2419741.0
1776970800000,0.00701,0.00705,0.00701,0.00704,2951843.0
1776974400000,0.00704,0.00706,0.00701,0.00702,5989896.0
1776978000000,0.00702,0.0071,0.00702,0.00708,4758281.0
1776981600000,0.00707,0.00714,0.00707,0.00711,5546011.0
1776985200000,0.0071,0.00716,0.0071,0.00716,1906439.0
1776988800000,0.00716,0.00719,0.00715,0.00716,1702971.0
1776992400000,0.00717,0.00717,0.0071,0.00714,4455388.0
1776996000000,0.00713,0.00713,0.00708,0.00711,3166197.0
1776999600000,0.00712,0.00713,0.00708,0.00711,5207249.0
1777003200000,0.00711,0.00712,0.00709,0.00709,2242465.0
1777006800000,0.0071,0.00711,0.00706,0.0071,2961711.0
1777010400000,0.0071,0.00711,0.00708,0.00708,1418180.0
1777014000000,0.00708,0.0071,0.00708,0.0071,1453684.0
1777017600000,0.00709,0.00713,0.00708,0.00712,2294581.0
1777021200000,0.00712,0.00713,0.00709,0.00711,2248036.0
1777024800000,0.0071,0.00712,0.00709,0.0071,4320741.0
1777028400000,0.0071,0.00717,0.0071,0.00714,5348164.0
1777032000000,0.00713,0.00715,0.00712,0.00712,1931855.0
1777035600000,0.00713,0.00716,0.0071,0.00712,6537710.0
1777039200000,0.00712,0.00714,0.00708,0.00711,6448343.0
1777042800000,0.00711,0.00713,0.00704,0.00713,7254533.0
1777046400000,0.00713,0.00716,0.0071,0.00716,4420121.0
1777050000000,0.00716,0.00717,0.00714,0.00715,2814990.0
1777053600000,0.00716,0.00717,0.00715,0.00716,1606230.0
1777057200000,0.00717,0.00725,0.00716,0.00724,5284282.0
1777060800000,0.00725,0.00728,0.0072,0.00723,9837638.0
1777064400000,0.00723,0.00724,0.00718,0.0072,4507736.0
1777068000000,0.0072,0.0072,0.00711,0.00715,5812885.0
1777071600000,0.00715,0.00725,0.00714,0.00717,9242869.0
1777075200000,0.00717,0.00719,0.00714,0.00719,3811609.0
1777078800000,0.00719,0.0072,0.00716,0.00719,3953763.0
1777082400000,0.00718,0.0072,0.00715,0.00718,4174123.0
1777086000000,0.00718,0.0072,0.00717,0.00718,5389756.0
1777089600000,0.00718,0.00721,0.00716,0.00717,5056131.0
1777093200000,0.00717,0.00719,0.00713,0.00718,3054066.0
1777096800000,0.00718,0.00726,0.00717,0.00722,5695280.0
1777100400000,0.00722,0.00722,0.00717,0.00719,6993683.0
1777104000000,0.00719,0.0072,0.00716,0.00719,7230645.0
1777107600000,0.00719,0.0072,0.00716,0.00719,3157435.0
1777111200000,0.0072,0.00722,0.00717,0.00718,8092841.0
1777114800000,0.00718,0.00719,0.00714,0.00716,2535330.0
1777118400000,0.00716,0.00719,0.00714,0.00716,5295013.0
1777122000000,0.00716,0.00717,0.00713,0.00715,3317691.0
1777125600000,0.00715,0.00716,0.00713,0.00714,2098674.0
1777129200000,0.00714,0.00715,0.00709,0.0071,6742265.0
1777132800000,0.0071,0.00712,0.00703,0.00705,10524846.0
1777136400000,0.00704,0.00706,0.00702,0.00703,4191025.0
1777140000000,0.00704,0.00706,0.00703,0.00705,2204188.0
1777143600000,0.00705,0.00705,0.00702,0.00703,1183189.0
1777147200000,0.00703,0.00705,0.00701,0.00704,3973625.0
1777150800000,0.00704,0.00708,0.00703,0.00706,4035613.0
1777154400000,0.00707,0.0071,0.00706,0.00709,1264515.0
1777158000000,0.00709,0.0071,0.00707,0.0071,2635899.0
1777161600000,0.0071,0.00712,0.00707,0.00708,6953611.0
1777165200000,0.00708,0.00708,0.00704,0.00706,3577316.0
1777168800000,0.00705,0.00711,0.00705,0.00708,3801380.0
1777172400000,0.00709,0.0071,0.00704,0.00706,2078802.0
1777176000000,0.00706,0.00709,0.00704,0.00708,3163279.0
1777179600000,0.00707,0.00711,0.00706,0.0071,2607322.0
1777183200000,0.00711,0.00712,0.00709,0.00711,781317.0
1777186800000,0.00711,0.00712,0.0071,0.00711,2360940.0
1777190400000,0.00711,0.00713,0.0071,0.00712,1388673.0
1777194000000,0.00712,0.00715,0.0071,0.00711,3350537.0
1777197600000,0.00711,0.00711,0.00708,0.00711,2477719.0
1777201200000,0.00711,0.00712,0.00709,0.00712,1235909.0
1777204800000,0.00711,0.00714,0.00709,0.0071,3918879.0
1777208400000,0.00709,0.00711,0.00707,0.00707,4021502.0
1777212000000,0.00707,0.00711,0.00707,0.0071,1748544.0
1777215600000,0.0071,0.00715,0.00708,0.00711,5565470.0
1777219200000,0.00712,0.00712,0.00709,0.0071,1456800.0
1777222800000,0.0071,0.00711,0.00708,0.00711,1219905.0
1777226400000,0.0071,0.00713,0.00709,0.00713,1176488.0
1777230000000,0.00713,0.00715,0.00711,0.00714,1692494.0
1777233600000,0.00714,0.00714,0.00711,0.00712,1477718.0
1777237200000,0.00712,0.00712,0.00705,0.00711,5299056.0
1777240800000,0.00711,0.00713,0.00708,0.00712,3342362.0
1777244400000,0.00711,0.00712,0.00709,0.00711,1515104.0
1777248000000,0.00711,0.00718,0.00709,0.00717,4541068.0
1777251600000,0.00718,0.00721,0.00716,0.00719,9488805.0
1777255200000,0.00719,0.00721,0.00716,0.0072,6154151.0
1777258800000,0.00721,0.00721,0.00718,0.00718,2911412.0
1777262400000,0.00719,0.00719,0.00717,0.00718,1585475.0
1777266000000,0.00718,0.00719,0.00701,0.00705,19390343.0
1777269600000,0.00704,0.00705,0.00697,0.00699,7586570.0
1777273200000,0.00699,0.00701,0.00697,0.007,6803517.0
1777276800000,0.00699,0.00701,0.00696,0.00699,3410208.0
1777280400000,0.007,0.00706,0.00699,0.00704,2758473.0
1777284000000,0.00705,0.00705,0.00702,0.00702,2226336.0
1777287600000,0.00702,0.00704,0.00699,0.00703,2582669.0
1777291200000,0.00702,0.00706,0.00701,0.00705,3660855.0
1777294800000,0.00704,0.00708,0.00701,0.00704,3020266.0
1777298400000,0.00703,0.00708,0.00702,0.00703,5646216.0
1777302000000,0.00702,0.00703,0.00693,0.00696,12399035.0
1777305600000,0.00695,0.00698,0.00693,0.00695,5143080.0
1777309200000,0.00695,0.00702,0.00695,0.007,7293854.0
1777312800000,0.007,0.00701,0.00699,0.00699,1476735.0
1777316400000,0.007,0.00702,0.00697,0.007,4301187.0
1777320000000,0.007,0.00702,0.007,0.00701,1360888.0
1777323600000,0.00701,0.00702,0.00699,0.00701,939688.0
1777327200000,0.00702,0.00705,0.00701,0.00704,1666887.0
1777330800000,0.00703,0.00706,0.00702,0.00705,1836832.0
1777334400000,0.00705,0.00705,0.00702,0.00703,2185715.0
1777338000000,0.00703,0.00704,0.00702,0.00702,1081792.0
1777341600000,0.00702,0.00704,0.00699,0.007,1810690.0
1777345200000,0.007,0.00702,0.007,0.00701,1534320.0
1777348800000,0.00702,0.00703,0.007,0.00703,1590118.0
1777352400000,0.00703,0.00705,0.00702,0.00703,1969812.0
1777356000000,0.00703,0.00704,0.00699,0.007,2380817.0
1777359600000,0.007,0.00701,0.00695,0.00701,4140794.0
1777363200000,0.007,0.00704,0.00699,0.00701,2504286.0
1777366800000,0.00702,0.00704,0.007,0.00702,3379072.0
1777370400000,0.00702,0.00706,0.00701,0.00704,4662495.0
1777374000000,0.00703,0.00704,0.00698,0.007,4365477.0
1777377600000,0.00699,0.00706,0.00698,0.00704,5988266.0
1777381200000,0.00705,0.00708,0.00702,0.00705,6627145.0
1777384800000,0.00705,0.00706,0.00701,0.00706,3918267.0
1777388400000,0.00705,0.00707,0.00703,0.00706,2724917.0
1777392000000,0.00707,0.00708,0.00705,0.00707,3493857.0
1777395600000,0.00707,0.00708,0.00704,0.00707,2260105.0
1777399200000,0.00708,0.00709,0.00706,0.00708,1672376.0
1777402800000,0.00708,0.00709,0.00707,0.00707,3323654.0
1777406400000,0.00707,0.00709,0.00707,0.00707,1701796.0
1777410000000,0.00708,0.00708,0.00705,0.00706,1651428.0
1777413600000,0.00706,0.00713,0.00706,0.00711,4433679.0
1777417200000,0.00711,0.00713,0.0071,0.00711,2582613.0
1777420800000,0.00712,0.00713,0.00709,0.00709,2651878.0
1777424400000,0.00709,0.0071,0.00704,0.00706,3533804.0
1777428000000,0.00707,0.00708,0.00704,0.00708,6535888.0
1777431600000,0.00708,0.00715,0.00707,0.00713,4486942.0
1777435200000,0.00714,0.00716,0.00713,0.00714,2404907.0
1777438800000,0.00715,0.00716,0.00713,0.00715,3002677.0
1777442400000,0.00715,0.00716,0.00713,0.00713,2797646.0
1777446000000,0.00713,0.00715,0.00709,0.0071,7069747.0
1777449600000,0.00711,0.00712,0.00707,0.00709,5436461.0
1777453200000,0.00709,0.00714,0.00708,0.00713,3427875.0
1777456800000,0.00714,0.00724,0.00713,0.00717,17605320.0
1777460400000,0.00718,0.00719,0.00712,0.00713,6241633.0
1777464000000,0.00713,0.00714,0.00705,0.00708,10619128.0
1777467600000,0.00709,0.00709,0.00703,0.00705,9094594.0
1777471200000,0.00705,0.00706,0.00701,0.00702,5893491.0
1777474800000,0.00702,0.00703,0.00695,0.00695,4421974.0
1777478400000,0.00695,0.00697,0.00691,0.00691,12044932.0
1777482000000,0.00692,0.00699,0.00692,0.00699,4536275.0
1777485600000,0.007,0.00701,0.00684,0.00694,16873168.0
1777489200000,0.00694,0.00695,0.0069,0.00692,2739245.0
1777492800000,0.00692,0.00698,0.00692,0.00696,5955592.0
1777496400000,0.00696,0.00702,0.00695,0.00701,4832284.0
1777500000000,0.007,0.007,0.00698,0.00699,1170778.0
1777503600000,0.00699,0.00699,0.00696,0.00699,1157452.0
1777507200000,0.00699,0.00703,0.00696,0.00702,2267428.0
1777510800000,0.00703,0.00703,0.007,0.00701,1744394.0
1777514400000,0.00701,0.00701,0.00691,0.00695,7144613.0
1777518000000,0.00695,0.00696,0.00693,0.00695,2472569.0
1777521600000,0.00695,0.00697,0.00692,0.00693,4941041.0
1777525200000,0.00693,0.00697,0.00692,0.00694,3415789.0
1777528800000,0.00695,0.00699,0.00694,0.00697,1349495.0
1777532400000,0.00698,0.00701,0.00696,0.00698,3174246.0
1777536000000,0.00698,0.00699,0.00696,0.00698,2442335.0
1777539600000,0.00698,0.007,0.00696,0.00698,2357563.0
1777543200000,0.00699,0.007,0.00698,0.007,2728183.0
1777546800000,0.00699,0.00702,0.00696,0.00697,3733009.0
1777550400000,0.00697,0.007,0.00696,0.00697,3471156.0
1777554000000,0.00697,0.00698,0.00693,0.00695,2539606.0
1777557600000,0.00695,0.00697,0.00691,0.00694,4539162.0
1777561200000,0.00693,0.00697,0.00693,0.00696,1218910.0
1777564800000,0.00696,0.00697,0.00694,0.00695,4561506.0
1777568400000,0.00695,0.00696,0.00693,0.00695,1721297.0
1777572000000,0.00695,0.00697,0.00692,0.00695,2253043.0
1777575600000,0.00694,0.00696,0.00694,0.00694,753210.0
1777579200000,0.00694,0.00695,0.00692,0.00692,2259098.0
1777582800000,0.00692,0.00694,0.00692,0.00693,1482892.0
1777586400000,0.00693,0.00694,0.00691,0.00691,1732335.0
1777590000000,0.00692,0.00694,0.0069,0.00694,1358856.0
1777593600000,0.00693,0.00699,0.00693,0.00696,2739967.0
1777597200000,0.00695,0.00699,0.00695,0.00697,2038111.0
1777600800000,0.00698,0.00698,0.00694,0.00696,2981318.0
1777604400000,0.00696,0.00701,0.00694,0.00698,3335425.0
1777608000000,0.00698,0.007,0.00696,0.00698,2071616.0
1777611600000,0.00698,0.00699,0.00696,0.00697,2372007.0
1777615200000,0.00698,0.00699,0.00694,0.00695,3630345.0
1777618800000,0.00695,0.007,0.00695,0.00699,2487370.0
1777622400000,0.00699,0.00703,0.00699,0.00703,3466846.0
1777626000000,0.00703,0.00706,0.00701,0.00703,5009827.0
1777629600000,0.00703,0.00705,0.007,0.00705,3496374.0
1777633200000,0.00705,0.00708,0.00701,0.00703,6503498.0
1777636800000,0.00702,0.00707,0.00701,0.00706,3037009.0
1777640400000,0.00705,0.0071,0.00705,0.00709,6278863.0
1777644000000,0.00709,0.00711,0.00707,0.00709,6371944.0
1777647600000,0.00709,0.00714,0.00707,0.00714,8537188.0
1777651200000,0.00714,0.00717,0.00713,0.00715,8860546.0
1777654800000,0.00714,0.00719,0.00714,0.00718,10199362.0
1777658400000,0.00719,0.00725,0.00716,0.0072,9871540.0
1777662000000,0.00719,0.00723,0.00716,0.00717,12283534.0
1777665600000,0.00718,0.00718,0.00707,0.00709,8320021.0
1777669200000,0.00709,0.00713,0.00707,0.00713,3588901.0
1777672800000,0.00712,0.00715,0.00709,0.00709,1699860.0
1777676400000,0.00709,0.00709,0.00705,0.00707,3163925.0
1777680000000,0.00708,0.00709,0.00705,0.00708,3353707.0
1777683600000,0.00708,0.00709,0.00706,0.00707,3643009.0
1777687200000,0.00708,0.00708,0.00705,0.00707,3024432.0
1777690800000,0.00707,0.00708,0.00704,0.00707,4352072.0
1777694400000,0.00707,0.00708,0.00705,0.00706,3183174.0
1777698000000,0.00706,0.00707,0.00704,0.00706,4117432.0
1777701600000,0.00706,0.00709,0.00705,0.00708,1920970.0
1777705200000,0.00709,0.00709,0.00706,0.00707,2939790.0
1777708800000,0.00706,0.00708,0.00705,0.00707,1393111.0
1777712400000,0.00706,0.00715,0.00706,0.00713,9675191.0
1777716000000,0.00714,0.0072,0.00713,0.00717,4718862.0
1777719600000,0.00717,0.00722,0.00716,0.00718,5122021.0
1777723200000,0.00717,0.00721,0.00717,0.00718,2488537.0
1777726800000,0.00718,0.00722,0.00718,0.0072,4851472.0
1777730400000,0.0072,0.00722,0.00716,0.00721,7001790.0
1777734000000,0.00722,0.00723,0.0072,0.00722,1702283.0
1777737600000,0.00722,0.00723,0.0072,0.00721,3252815.0
1777741200000,0.00722,0.00723,0.0072,0.00721,1418643.0
1777744800000,0.0072,0.00721,0.00715,0.00719,3773098.0
1777748400000,0.00719,0.0072,0.00718,0.00719,1311383.0
1777752000000,0.00719,0.0072,0.00717,0.0072,2364283.0
1777755600000,0.0072,0.00723,0.00719,0.00722,1908601.0
1777759200000,0.00722,0.00723,0.00721,0.00722,1257645.0
1777762800000,0.00722,0.00723,0.0072,0.0072,1458413.0
1777766400000,0.0072,0.00723,0.00718,0.00719,2417398.0
1777770000000,0.00719,0.00721,0.00716,0.00718,3683861.0
1777773600000,0.00718,0.00719,0.00714,0.00714,2408579.0
1777777200000,0.00715,0.00717,0.00714,0.00715,1655097.0
1777780800000,0.00716,0.00716,0.00713,0.00714,1152221.0
1777784400000,0.00714,0.00717,0.00713,0.00717,1762641.0
1777788000000,0.00716,0.00717,0.00715,0.00715,1014525.0
1777791600000,0.00715,0.00717,0.00713,0.00714,2775574.0
1777795200000,0.00713,0.00714,0.00712,0.00713,535026.0
1777798800000,0.00713,0.00714,0.00712,0.00714,1096571.0
1777802400000,0.00714,0.00715,0.00712,0.00712,2430869.0
1777806000000,0.00713,0.00717,0.00711,0.00714,7196026.0
1777809600000,0.00714,0.00719,0.00714,0.00716,6041883.0
1777813200000,0.00716,0.00717,0.00711,0.00715,6996461.0
1777816800000,0.00716,0.00717,0.00714,0.00716,7252039.0
1777820400000,0.00717,0.00718,0.00712,0.00713,3246876.0
1777824000000,0.00713,0.00713,0.00708,0.00711,3284273.0
1777827600000,0.00711,0.00712,0.00709,0.00712,2687044.0
1777831200000,0.00711,0.00715,0.0071,0.00714,2627617.0
1777834800000,0.00714,0.00716,0.00713,0.00715,1476852.0
1777838400000,0.00716,0.00719,0.00714,0.00717,3064107.0
1777842000000,0.00716,0.00716,0.00711,0.00712,4396691.0
1777845600000,0.00712,0.00717,0.00711,0.00717,3641174.0
1777849200000,0.00717,0.00717,0.0071,0.00712,3149563.0
1777852800000,0.00712,0.00713,0.00706,0.00713,3409212.0
1777856400000,0.00713,0.00721,0.0071,0.0072,4548429.0
1777860000000,0.0072,0.00725,0.00719,0.00723,4607067.0
1777863600000,0.00722,0.00726,0.00721,0.00724,6579110.0
1777867200000,0.00725,0.00727,0.00723,0.00725,3639946.0
1777870800000,0.00725,0.00726,0.00721,0.00723,3315384.0
1777874400000,0.00723,0.00725,0.0072,0.00725,4868526.0
1777878000000,0.00725,0.00727,0.00722,0.00723,2971576.0
1777881600000,0.00723,0.00724,0.00721,0.00722,3130918.0
1777885200000,0.00722,0.00723,0.00719,0.00719,3254380.0
1777888800000,0.0072,0.0072,0.00707,0.00712,14585744.0
1777892400000,0.00713,0.00715,0.0071,0.00711,3879902.0
1777896000000,0.00711,0.00714,0.00711,0.00712,2979984.0
1777899600000,0.00711,0.00712,0.00708,0.00711,4228866.0
1777903200000,0.00711,0.00719,0.00708,0.00718,4628535.0
1777906800000,0.00718,0.00719,0.00713,0.00717,6840287.0
1777910400000,0.00716,0.0072,0.00714,0.00718,4254829.0
1777914000000,0.00718,0.00724,0.00718,0.00723,1928614.0
1777917600000,0.00723,0.00723,0.00718,0.0072,2969031.0
1777921200000,0.00719,0.0072,0.00716,0.00719,1912547.0
1777924800000,0.00719,0.0072,0.00716,0.00719,2853060.0
1777928400000,0.00718,0.00724,0.00718,0.00723,2317973.0
1777932000000,0.00723,0.00724,0.00715,0.00716,4425775.0
1777935600000,0.00716,0.00716,0.00712,0.00713,919668.0
1777939200000,0.00713,0.00717,0.00712,0.00715,2665104.0
1777942800000,0.00715,0.00722,0.00715,0.00721,1559314.0
1777946400000,0.00721,0.00725,0.0072,0.00722,4871411.0
1777950000000,0.00721,0.00724,0.00715,0.00717,8360334.0
1777953600000,0.00717,0.00717,0.00712,0.00715,3865639.0
1777957200000,0.00715,0.00726,0.00714,0.00723,7094320.0
1777960800000,0.00723,0.00727,0.00721,0.00726,4970502.0
1777964400000,0.00726,0.00729,0.00725,0.00727,2621296.0
1777968000000,0.00727,0.0073,0.00726,0.00728,5197149.0
1777971600000,0.00728,0.00728,0.00725,0.00728,2466411.0
1777975200000,0.00728,0.00731,0.00725,0.00727,6263457.0
1777978800000,0.00727,0.00728,0.00725,0.00728,3083745.0
1777982400000,0.00728,0.00731,0.00727,0.00731,1973190.0
1777986000000,0.00731,0.00732,0.00728,0.0073,4169290.0
1777989600000,0.0073,0.00731,0.00724,0.00727,4270170.0
1777993200000,0.00727,0.00728,0.00724,0.00724,2187703.0
1777996800000,0.00724,0.00726,0.00721,0.00722,4907965.0
1778000400000,0.00723,0.00724,0.00715,0.00716,5150079.0
1778004000000,0.00716,0.0072,0.00715,0.00718,3259250.0
1778007600000,0.00717,0.0072,0.00717,0.00719,1900295.0
1778011200000,0.00719,0.00731,0.00719,0.00731,9967273.0
1778014800000,0.00731,0.00733,0.00727,0.0073,7518364.0
1778018400000,0.0073,0.0073,0.00724,0.00727,6795705.0
1778022000000,0.00726,0.00729,0.00724,0.00728,5374736.0
1778025600000,0.00727,0.00729,0.00724,0.00729,5241583.0
1778029200000,0.00728,0.00739,0.00727,0.00737,8318951.0
1778032800000,0.00737,0.00737,0.00732,0.00737,5986108.0
1778036400000,0.00737,0.0074,0.00735,0.00739,6539980.0
1778040000000,0.00738,0.00748,0.00735,0.00745,14593648.0
1778043600000,0.00746,0.00746,0.00737,0.00743,9440282.0
1778047200000,0.00743,0.00747,0.0074,0.00741,12669013.0
1778050800000,0.00741,0.00747,0.00736,0.00744,13175704.0
1778054400000,0.00743,0.00755,0.00743,0.00752,13545321.0
1778058000000,0.00751,0.00753,0.00749,0.00752,4957404.0
1778061600000,0.00752,0.00758,0.00751,0.00752,10309252.0
1778065200000,0.00752,0.00755,0.0075,0.00751,7996482.0
1778068800000,0.00751,0.00752,0.00747,0.0075,4384780.0
1778072400000,0.0075,0.0075,0.00735,0.00736,22948535.0
1778076000000,0.00736,0.00739,0.00729,0.00736,8112163.0
1778079600000,0.00736,0.00742,0.00735,0.0074,6221117.0
1778083200000,0.00741,0.00746,0.00738,0.00744,5882250.0
1778086800000,0.00743,0.00744,0.00741,0.00742,3087753.0
1778090400000,0.00741,0.00743,0.00739,0.00741,2840591.0
1778094000000,0.00741,0.00742,0.00737,0.00741,4567199.0
1778097600000,0.0074,0.00744,0.00739,0.00741,2995321.0
1778101200000,0.00741,0.00745,0.00739,0.00742,2638862.0
1778104800000,0.00743,0.00744,0.00737,0.0074,4744224.0
1778108400000,0.00739,0.00743,0.00735,0.00743,3284103.0
1778112000000,0.00742,0.00743,0.00736,0.00737,4862779.0
1778115600000,0.00737,0.00739,0.00733,0.00735,6239137.0
1778119200000,0.00735,0.00736,0.00732,0.00735,2982673.0
1778122800000,0.00735,0.00736,0.0073,0.0073,2358547.0
1778126400000,0.00731,0.00736,0.00729,0.00734,2971579.0
1778130000000,0.00735,0.0074,0.00733,0.00736,9397935.0
1778133600000,0.00737,0.00742,0.00733,0.00742,4225858.0
1778137200000,0.00742,0.00742,0.00736,0.00741,6022575.0
1778140800000,0.00741,0.00743,0.00739,0.00741,3942530.0
1778144400000,0.0074,0.00743,0.00738,0.0074,2134778.0
1778148000000,0.00739,0.00741,0.00734,0.00739,4225964.0
1778151600000,0.00739,0.00742,0.00737,0.00739,3183171.0
1778155200000,0.0074,0.00745,0.00739,0.00744,4072961.0
1778158800000,0.00744,0.00749,0.00739,0.00742,10293582.0
1778162400000,0.00742,0.00743,0.00731,0.00735,18412521.0
1778166000000,0.00736,0.00736,0.00725,0.00731,11018925.0
1778169600000,0.00731,0.00736,0.0073,0.00733,3177229.0
1778173200000,0.00733,0.00742,0.00732,0.00742,12435061.0
1778176800000,0.00742,0.00745,0.00741,0.00743,4638261.0
1778180400000,0.00742,0.00745,0.0074,0.00742,3320002.0
1778184000000,0.00742,0.00745,0.00738,0.0074,3608372.0
1778187600000,0.0074,0.00741,0.00736,0.00738,3747673.0
1778191200000,0.00738,0.0074,0.00734,0.0074,3856276.0
1778194800000,0.0074,0.00742,0.00739,0.00741,1515863.0
1778198400000,0.00741,0.00743,0.00737,0.00739,5447182.0
1778202000000,0.00739,0.0074,0.00736,0.0074,2263364.0
1778205600000,0.0074,0.00743,0.00735,0.00742,6595963.0
1778209200000,0.00742,0.00742,0.00734,0.0074,13064426.0
1778212800000,0.0074,0.00742,0.00738,0.0074,2109398.0
1778216400000,0.00739,0.00741,0.00732,0.00734,7359442.0
1778220000000,0.00733,0.00735,0.00731,0.00733,4633440.0
1778223600000,0.00733,0.00734,0.0073,0.00733,3451080.0
1778227200000,0.00733,0.00738,0.00732,0.00736,7442301.0
1778230800000,0.00737,0.00745,0.00735,0.0074,8353487.0
1778234400000,0.00739,0.00745,0.00738,0.0074,5153328.0
1778238000000,0.00741,0.00744,0.00739,0.00743,2752651.0
1778241600000,0.00743,0.00745,0.0074,0.00742,5258958.0
1778245200000,0.00742,0.00742,0.00736,0.00738,4606994.0
1778248800000,0.00739,0.00747,0.00738,0.00745,6992116.0
1778252400000,0.00745,0.00751,0.00742,0.0075,9350639.0
1778256000000,0.0075,0.00752,0.00747,0.00751,4784964.0
1778259600000,0.0075,0.00755,0.00749,0.00752,3565956.0
1778263200000,0.00753,0.0076,0.00753,0.00757,5300644.0
1778266800000,0.00757,0.00762,0.00755,0.00758,7123187.0
1778270400000,0.00758,0.00761,0.00756,0.00761,4866860.0
1778274000000,0.00761,0.00765,0.00759,0.00765,12666230.0
1778277600000,0.00765,0.00767,0.00763,0.00767,3913539.0
1778281200000,0.00767,0.00767,0.00761,0.00762,4897608.0
1778284800000,0.00763,0.00765,0.00757,0.00764,11160863.0
1778288400000,0.00763,0.00773,0.00763,0.00772,5364332.0
1778292000000,0.00772,0.00772,0.00769,0.0077,4730861.0
1778295600000,0.0077,0.0077,0.00763,0.00766,3882788.0
1778299200000,0.00766,0.00768,0.00765,0.00767,4822548.0
1778302800000,0.00768,0.0077,0.00762,0.00766,12779798.0
1778306400000,0.00766,0.00766,0.0076,0.00762,3665577.0
1778310000000,0.00762,0.00762,0.00758,0.00759,2888031.0
1778313600000,0.00759,0.00761,0.00758,0.00759,4015142.0
1778317200000,0.00759,0.0076,0.00754,0.00755,6305499.0
1778320800000,0.00756,0.0076,0.00753,0.00759,3796735.0
1778324400000,0.0076,0.00761,0.00759,0.0076,1242563.0
1778328000000,0.0076,0.0076,0.00756,0.00759,2658534.0
1778331600000,0.00758,0.00759,0.00752,0.00757,5758931.0
1778335200000,0.00757,0.00757,0.00752,0.00754,2762574.0
1778338800000,0.00754,0.00756,0.00751,0.00755,5875433.0
1778342400000,0.00755,0.00756,0.00753,0.00754,2412754.0
1778346000000,0.00755,0.00759,0.00754,0.00757,3989831.0
1778349600000,0.00757,0.00758,0.00755,0.00758,2985551.0
1778353200000,0.00758,0.00759,0.00755,0.00759,3462132.0
1778356800000,0.00759,0.00759,0.00756,0.00757,2159677.0
1778360400000,0.00757,0.00758,0.00755,0.00757,1003409.0
1778364000000,0.00757,0.00758,0.00755,0.00757,1135753.0
1778367600000,0.00757,0.00758,0.00755,0.00757,2657020.0
1778371200000,0.00757,0.00758,0.00754,0.00758,3974176.0
1778374800000,0.00758,0.00761,0.00752,0.00759,13258224.0
1778378400000,0.00759,0.00762,0.00758,0.0076,6943563.0
1778382000000,0.0076,0.00787,0.00759,0.00785,67663391.0
1778385600000,0.00783,0.00957,0.00781,0.00921,1442831506.0
1778389200000,0.00921,0.00998,0.00885,0.00924,1833521753.0
1778392800000,0.00925,0.0097,0.00893,0.00962,843842678.0
1778396400000,0.00962,0.01037,0.00957,0.00968,2371085949.0
1778400000000,0.00967,0.00981,0.00934,0.0094,1052827993.0
1778403600000,0.00941,0.00995,0.00932,0.00967,1060916399.0
1778407200000,0.00967,0.00993,0.00956,0.00967,761196331.0
1778410800000,0.00967,0.00971,0.00924,0.00937,783222625.0
1778414400000,0.00936,0.00941,0.00898,0.00904,803481148.0
1778418000000,0.00903,0.00919,0.00896,0.00906,521311362.0
1778421600000,0.00907,0.0091,0.00871,0.00883,484929566.0
1778425200000,0.00884,0.00893,0.00867,0.00878,500285940.0
1778428800000,0.00878,0.00878,0.00854,0.00867,389567377.0
1778432400000,0.00867,0.00871,0.0086,0.00863,139271664.0
1778436000000,0.00864,0.00872,0.00858,0.0087,110169935.0
1778439600000,0.00871,0.00871,0.00861,0.00867,67535973.0
1778443200000,0.00867,0.00872,0.00831,0.00842,278011768.0
1778446800000,0.00843,0.00853,0.0084,0.00847,109940113.0
1778450400000,0.00847,0.00863,0.00843,0.0086,101286335.0
1778454000000,0.00861,0.00862,0.00852,0.00857,116863811.0
1778457600000,0.00858,0.00892,0.00831,0.0084,512069435.0
1778461200000,0.0084,0.00849,0.00835,0.00844,72945713.0
1778464800000,0.00844,0.00854,0.00836,0.00851,87728138.0
1778468400000,0.00851,0.00881,0.00833,0.00859,312780459.0
1778472000000,0.00859,0.00876,0.00855,0.00864,213771853.0
1778475600000,0.00864,0.00869,0.00851,0.00861,104113858.0
1778479200000,0.00861,0.00866,0.00856,0.00864,68574296.0
1778482800000,0.00864,0.00885,0.00856,0.00877,153192727.0
1778486400000,0.00876,0.00877,0.00852,0.00867,110666612.0
1778490000000,0.00867,0.00873,0.00861,0.00864,50306715.0
1778493600000,0.00864,0.00869,0.00855,0.00861,58197945.0
1778497200000,0.00861,0.00862,0.00847,0.00854,61669459.0
1778500800000,0.00854,0.00862,0.00851,0.00854,50756415.0
1778504400000,0.00854,0.00862,0.00849,0.00854,50315006.0
1778508000000,0.00855,0.00862,0.0085,0.00857,60540635.0
1778511600000,0.00858,0.00872,0.00854,0.00864,60966236.0
1778515200000,0.00864,0.00867,0.00857,0.00861,31474193.0
1778518800000,0.00861,0.00875,0.00859,0.00865,40613963.0
1778522400000,0.00865,0.00868,0.00856,0.00856,38295442.0
1778526000000,0.00856,0.00859,0.00853,0.00857,24335550.0
1778529600000,0.00856,0.00863,0.00855,0.00856,28356677.0
1778533200000,0.00856,0.00858,0.00855,0.00856,9510699.0
1778536800000,0.00855,0.00863,0.00854,0.00856,20470283.0
1778540400000,0.00856,0.00858,0.00847,0.00851,42534338.0
1778544000000,0.0085,0.00863,0.00846,0.0086,37205716.0
1778547600000,0.0086,0.00862,0.00842,0.00845,75469399.0
1778551200000,0.00845,0.00849,0.00842,0.00847,39608789.0
1778554800000,0.00847,0.00849,0.00845,0.00848,23174829.0
1778558400000,0.00847,0.00852,0.00844,0.00847,24244783.0
1778562000000,0.00847,0.0085,0.00844,0.00849,17044599.0
1778565600000,0.00849,0.00857,0.00845,0.00845,37459023.0
1778569200000,0.00845,0.00846,0.00838,0.00842,32343852.0
1778572800000,0.00842,0.00843,0.00837,0.0084,29692030.0
1778576400000,0.0084,0.00847,0.00837,0.00845,21726153.0
1778580000000,0.00845,0.00847,0.00841,0.00842,16026716.0
1778583600000,0.00843,0.00844,0.00832,0.00836,35282267.0
1778587200000,0.00836,0.00841,0.00828,0.00836,45129595.0
1778590800000,0.00837,0.00838,0.00826,0.00827,34201550.0
1778594400000,0.00826,0.00831,0.00812,0.00822,77744896.0
1778598000000,0.00823,0.00826,0.00814,0.00818,56233293.0
1778601600000,0.00818,0.00822,0.00808,0.00813,29930421.0
1778605200000,0.00814,0.00827,0.00813,0.00824,28342155.0
1778608800000,0.00825,0.00827,0.00819,0.00822,20569385.0
1778612400000,0.00822,0.00826,0.00821,0.00823,8825474.0
1778616000000,0.00823,0.00824,0.0082,0.00822,12242048.0
1778619600000,0.00823,0.00827,0.00821,0.00821,15774873.0
1778623200000,0.00822,0.00826,0.0082,0.00824,20182231.0
1778626800000,0.00825,0.00825,0.00812,0.00816,31957590.0
1778630400000,0.00817,0.00857,0.00815,0.00847,274221479.0
1778634000000,0.00847,0.0085,0.00831,0.0084,71791626.0
1778637600000,0.0084,0.00843,0.00832,0.00836,27991280.0
1778641200000,0.00835,0.00839,0.00833,0.00838,17537287.0
1778644800000,0.00838,0.00838,0.00831,0.00836,16652923.0
1778648400000,0.00836,0.00838,0.00833,0.00835,15149480.0
1778652000000,0.00836,0.00841,0.00833,0.0084,11357310.0
1778655600000,0.00839,0.0084,0.00827,0.00831,19299208.0
1778659200000,0.00831,0.00831,0.00825,0.00827,13232183.0
1778662800000,0.00827,0.00839,0.00826,0.00838,22143327.0
1778666400000,0.00838,0.00842,0.00827,0.0083,23758858.0
1778670000000,0.00829,0.0083,0.00822,0.00822,9682134.0
1778673600000,0.00822,0.00824,0.00801,0.00809,63345552.0
1778677200000,0.00809,0.00812,0.00785,0.00793,73999223.0
1778680800000,0.00792,0.00798,0.00786,0.00791,39451542.0
1778684400000,0.00791,0.00794,0.00768,0.00772,73568819.0
1778688000000,0.00772,0.00789,0.00771,0.00787,40252563.0
1778691600000,0.00787,0.00797,0.00784,0.00794,29167983.0
1778695200000,0.00793,0.00795,0.0079,0.00792,18865835.0
1778698800000,0.00792,0.00793,0.00789,0.00791,13934178.0
1778702400000,0.00791,0.00794,0.00791,0.00794,8569414.0
1778706000000,0.00794,0.00795,0.00781,0.00782,19867721.0
1778709600000,0.00783,0.0079,0.00778,0.00788,16786311.0
1778713200000,0.00788,0.00793,0.00788,0.00789,7906116.0
1778716800000,0.0079,0.00812,0.00789,0.00803,73078430.0
1778720400000,0.00803,0.00805,0.00793,0.00795,29597062.0
1778724000000,0.00795,0.00799,0.00792,0.00793,16500074.0
1778727600000,0.00793,0.00796,0.00779,0.00781,26534274.0
1778731200000,0.00781,0.00789,0.00779,0.00786,25447447.0
1778734800000,0.00786,0.00795,0.00786,0.00793,17594968.0
1778738400000,0.00793,0.00796,0.0079,0.00791,8148601.0
1778742000000,0.00791,0.00791,0.00779,0.00786,23110661.0
1778745600000,0.00786,0.00793,0.00783,0.00792,14806715.0
1778749200000,0.00792,0.00794,0.00787,0.00791,8768540.0
1778752800000,0.0079,0.008,0.00789,0.00799,12253072.0
1778756400000,0.008,0.00804,0.00798,0.00801,12752067.0
1778760000000,0.008,0.00802,0.00797,0.00801,11225831.0
1778763600000,0.00801,0.00802,0.00795,0.00798,15350584.0
1778767200000,0.00798,0.00805,0.00796,0.00804,19762398.0
1778770800000,0.00804,0.00805,0.00798,0.00804,16716153.0
1778774400000,0.00804,0.00808,0.008,0.00806,20049591.0
1778778000000,0.00806,0.00808,0.00801,0.00805,9729654.0
1778781600000,0.00805,0.00807,0.00803,0.00806,9607872.0
1778785200000,0.00807,0.00808,0.00803,0.00805,5081508.0
1778788800000,0.00806,0.00807,0.00801,0.00805,4069229.0
1778792400000,0.00805,0.00807,0.00802,0.00804,4699378.0
1778796000000,0.00804,0.00805,0.00802,0.00802,5319660.0
1778799600000,0.00803,0.00804,0.00797,0.00798,11930026.0
1778803200000,0.00798,0.00805,0.00795,0.00798,25445355.0
1778806800000,0.00799,0.00801,0.00795,0.00797,6819995.0
1778810400000,0.00797,0.008,0.00792,0.008,12312275.0
1778814000000,0.008,0.00801,0.00796,0.00798,3048846.0
1778817600000,0.00798,0.00798,0.00793,0.00795,9363676.0
1778821200000,0.00795,0.00799,0.00788,0.00788,26286554.0
1778824800000,0.00788,0.00809,0.00786,0.00802,29317585.0
1778828400000,0.00802,0.00822,0.008,0.00816,39911014.0
1778832000000,0.00816,0.00817,0.00791,0.00793,51360852.0
1778835600000,0.00792,0.00793,0.00788,0.0079,13032256.0
1778839200000,0.00791,0.00792,0.00782,0.00787,12645953.0
1778842800000,0.00786,0.00791,0.00784,0.00786,14154340.0
1778846400000,0.00785,0.00787,0.00777,0.00777,21389782.0
1778850000000,0.00778,0.00779,0.0074,0.00743,102147125.0
1778853600000,0.00744,0.00755,0.00739,0.00753,32443017.0
1778857200000,0.00753,0.00758,0.00751,0.00757,8417154.0
1778860800000,0.00756,0.00766,0.00754,0.00765,6753914.0
1778864400000,0.00765,0.00773,0.00764,0.00773,9260048.0
1778868000000,0.00773,0.00776,0.00768,0.0077,5916832.0
1778871600000,0.0077,0.00771,0.00765,0.0077,10390718.0
1778875200000,0.00769,0.0077,0.00763,0.00766,2948400.0
1778878800000,0.00765,0.00768,0.00764,0.00766,5508980.0
1778882400000,0.00766,0.00766,0.00764,0.00765,1818186.0
1778886000000,0.00765,0.00766,0.00763,0.00764,4352994.0
1778889600000,0.00764,0.00766,0.00762,0.00764,10134820.0
1778893200000,0.00765,0.00766,0.00763,0.00766,3299673.0
1778896800000,0.00766,0.00766,0.00764,0.00766,2732818.0
1778900400000,0.00766,0.00768,0.00758,0.00759,15868365.0
1778904000000,0.0076,0.00762,0.00755,0.00761,11495858.0
1778907600000,0.00761,0.00761,0.00757,0.0076,5644640.0
1778911200000,0.0076,0.00767,0.00752,0.00753,24281329.0
1778914800000,0.00753,0.00756,0.00738,0.00752,44488901.0
1778918400000,0.00752,0.00757,0.00751,0.00754,5483598.0
1778922000000,0.00754,0.00757,0.00742,0.00753,24682748.0
1778925600000,0.00752,0.00753,0.00741,0.00744,23481623.0
1778929200000,0.00745,0.00753,0.00745,0.00751,16705852.0
1778932800000,0.00751,0.00752,0.00746,0.00752,5417467.0
1778936400000,0.00752,0.00754,0.00748,0.00748,9483907.0
1778940000000,0.00749,0.00754,0.00747,0.00751,9252643.0
1778943600000,0.00751,0.00765,0.0075,0.00763,14852048.0
1778947200000,0.00763,0.00766,0.00759,0.00761,9347658.0
1778950800000,0.00762,0.00763,0.00758,0.0076,4483149.0
1778954400000,0.0076,0.0076,0.00757,0.00758,3729465.0
1778958000000,0.00758,0.00759,0.00756,0.00757,3460191.0
1778961600000,0.00758,0.0076,0.00756,0.00759,3667885.0
1778965200000,0.00759,0.00761,0.00757,0.00759,3139470.0
1778968800000,0.00759,0.00759,0.00756,0.00758,1448932.0
1778972400000,0.00757,0.00758,0.00756,0.00757,2017622.0
1778976000000,0.00757,0.0076,0.00752,0.00752,11359559.0
1778979600000,0.00753,0.00754,0.00739,0.00743,29425641.0
1778983200000,0.00742,0.00746,0.00741,0.00743,9730796.0
1778986800000,0.00744,0.00751,0.00744,0.00749,6732671.0
1778990400000,0.00749,0.00752,0.00748,0.00752,6924553.0
1778994000000,0.00751,0.00753,0.00749,0.00751,7989841.0
1778997600000,0.00751,0.00751,0.00747,0.00751,3048849.0
1779001200000,0.0075,0.00751,0.00746,0.00751,5676428.0
1779004800000,0.0075,0.00751,0.00749,0.00751,3809228.0
1779008400000,0.00751,0.00753,0.00749,0.00752,4448186.0
1779012000000,0.00752,0.00753,0.0075,0.00751,9450217.0
1779015600000,0.0075,0.00751,0.00746,0.00746,9585790.0
1779019200000,0.00746,0.00747,0.00743,0.00743,6152005.0
1779022800000,0.00744,0.00747,0.00741,0.00744,7390090.0
1779026400000,0.00744,0.00745,0.00736,0.00742,28557976.0
1779030000000,0.00742,0.00742,0.00738,0.0074,4611197.0
1779033600000,0.0074,0.00743,0.00739,0.0074,4168208.0
1779037200000,0.0074,0.00741,0.00737,0.0074,4765975.0
1779040800000,0.0074,0.00744,0.00736,0.00744,10591000.0
1779044400000,0.00744,0.00746,0.00743,0.00745,3192622.0
1779048000000,0.00744,0.00746,0.00743,0.00746,6284131.0
1779051600000,0.00746,0.00747,0.00744,0.00745,6942949.0
1779055200000,0.00745,0.00745,0.00737,0.00739,14686884.0
1779058800000,0.00739,0.00739,0.00707,0.00727,87917619.0
1779062400000,0.00727,0.00728,0.00717,0.00722,25963459.0
1779066000000,0.00721,0.00724,0.00715,0.0072,16709020.0
1779069600000,0.0072,0.00728,0.0072,0.00727,10287019.0
1779073200000,0.00726,0.00738,0.00726,0.00736,21054987.0
1779076800000,0.00736,0.00739,0.00734,0.00738,7516006.0
1779080400000,0.00738,0.00739,0.00728,0.00729,19099923.0
1779084000000,0.0073,0.00733,0.00726,0.00729,19457016.0
1779087600000,0.0073,0.00732,0.00723,0.00727,23094468.0
1779091200000,0.00727,0.0073,0.00725,0.0073,3451623.0
1779094800000,0.00729,0.00731,0.00724,0.00725,5724776.0
1779098400000,0.00725,0.00728,0.00723,0.00727,5666552.0
1779102000000,0.00726,0.00736,0.00725,0.00732,15251879.0
1779105600000,0.00732,0.00738,0.00731,0.00732,22284717.0
1779109200000,0.00732,0.00733,0.00725,0.00726,17856352.0
1779112800000,0.00726,0.00727,0.0072,0.0072,12445811.0
1779116400000,0.00721,0.00729,0.00719,0.00728,15049606.0
1779120000000,0.00727,0.0073,0.00725,0.00729,8379984.0
1779123600000,0.00728,0.00731,0.00728,0.00729,1225960.0
1779127200000,0.00729,0.00729,0.0072,0.00721,7390782.0
1779130800000,0.00721,0.00735,0.00721,0.00732,16315271.0
1779134400000,0.00733,0.00735,0.00728,0.0073,10590783.0
1779138000000,0.0073,0.00736,0.00729,0.00734,5471726.0
1779141600000,0.00735,0.00736,0.00731,0.00733,4948474.0
1779145200000,0.00733,0.00735,0.00732,0.00732,3174779.0
1779148800000,0.00732,0.00742,0.00732,0.00737,11061929.0
1779152400000,0.00737,0.00739,0.00732,0.00732,12072342.0
1779156000000,0.00732,0.00736,0.00729,0.00732,15353278.0
1779159600000,0.00731,0.00737,0.0073,0.00735,5529685.0
1779163200000,0.00735,0.00739,0.00734,0.00738,4421371.0
1779166800000,0.00738,0.00741,0.00732,0.0074,9049627.0
1779170400000,0.00739,0.00741,0.00735,0.00736,5644974.0
1779174000000,0.00736,0.00736,0.00733,0.00736,6412408.0
1779177600000,0.00735,0.00737,0.0073,0.00733,5928194.0
1779181200000,0.00733,0.00737,0.00729,0.00735,9528459.0
1779184800000,0.00736,0.00736,0.00728,0.00734,4968912.0
1779188400000,0.00734,0.00734,0.00727,0.00729,6009589.0
1779192000000,0.0073,0.0074,0.00729,0.00738,14935937.0
1779195600000,0.00738,0.0074,0.00735,0.00739,10505131.0
1779199200000,0.00739,0.00739,0.00728,0.00731,12963826.0
1779202800000,0.0073,0.00733,0.00727,0.0073,8753801.0
1779206400000,0.0073,0.00733,0.00728,0.00732,4993732.0
1779210000000,0.00732,0.00733,0.0073,0.00732,3856544.0
1779213600000,0.00732,0.00732,0.00726,0.00728,6940769.0
1779217200000,0.00728,0.0073,0.00726,0.00728,1970690.0
1779220800000,0.00728,0.00729,0.00727,0.00729,1422539.0
1779224400000,0.00729,0.00731,0.00728,0.0073,3613504.0
1779228000000,0.0073,0.0073,0.00722,0.00726,10307677.0
1779231600000,0.00726,0.00728,0.00725,0.00727,1025587.0
1779235200000,0.00727,0.00729,0.00723,0.00727,6397300.0
1779238800000,0.00727,0.00728,0.00716,0.00725,19857103.0
1779242400000,0.00725,0.00726,0.00721,0.00722,4683665.0
1779246000000,0.00722,0.00724,0.00719,0.00722,3796495.0
1779249600000,0.00721,0.00723,0.00719,0.00723,3927882.0
1779253200000,0.00723,0.00727,0.00722,0.00726,6619836.0
1779256800000,0.00726,0.00728,0.00724,0.00728,4101900.0
1779260400000,0.00727,0.00728,0.00721,0.00725,12143630.0
1779264000000,0.00724,0.00727,0.00723,0.00726,3968668.0
1779267600000,0.00725,0.00727,0.00723,0.00726,5850422.0
1779271200000,0.00726,0.00727,0.00724,0.00725,1700304.0
1779274800000,0.00724,0.00726,0.00722,0.00723,2104445.0
1779278400000,0.00722,0.00724,0.0072,0.0072,11429475.0
1779282000000,0.00721,0.00722,0.00713,0.00718,14124999.0
1779285600000,0.00717,0.00724,0.00714,0.00724,11306202.0
1779289200000,0.00723,0.00729,0.00722,0.00727,9490333.0
1779292800000,0.00727,0.00731,0.00726,0.00729,13806160.0
1779296400000,0.00728,0.00731,0.00727,0.00727,7250588.0
1779300000000,0.00728,0.00729,0.00725,0.00729,6366702.0
1779303600000,0.00728,0.00729,0.00725,0.00729,5884455.0
1779307200000,0.00728,0.00728,0.00721,0.00723,17808264.0
1779310800000,0.00723,0.00723,0.0072,0.00721,3565199.0
1779314400000,0.0072,0.00723,0.00719,0.00722,6300969.0
1779318000000,0.00722,0.00728,0.0072,0.00728,11436151.0
1779321600000,0.00727,0.00735,0.00726,0.00735,10839165.0
1779325200000,0.00734,0.00736,0.00731,0.00734,12546503.0
1779328800000,0.00733,0.00736,0.00733,0.00734,4688318.0
1779332400000,0.00734,0.00736,0.00733,0.00736,3665426.0
1779336000000,0.00736,0.00737,0.00732,0.00733,3660838.0
1779339600000,0.00733,0.00734,0.00725,0.00726,16845647.0
1779343200000,0.00726,0.00729,0.00724,0.00726,8836358.0
1779346800000,0.00726,0.00731,0.00726,0.00728,7638539.0
1779350400000,0.00728,0.00731,0.00725,0.00726,8213282.0
1779354000000,0.00726,0.00731,0.00723,0.00723,19599288.0
1779357600000,0.00723,0.00734,0.00723,0.00726,45649474.0
1779361200000,0.00726,0.00727,0.00724,0.00725,9226960.0
1779364800000,0.00726,0.00728,0.00724,0.00725,5475151.0
1779368400000,0.00726,0.00732,0.00724,0.00731,11893041.0
1779372000000,0.00732,0.00733,0.00726,0.00729,9652816.0
1779375600000,0.00728,0.00733,0.00726,0.0073,4912098.0
1779379200000,0.00731,0.00733,0.00728,0.00731,5500333.0
1779382800000,0.0073,0.00742,0.0073,0.00742,12758854.0
1779386400000,0.00742,0.00744,0.00736,0.00738,8988440.0
1779390000000,0.00738,0.00743,0.00738,0.00741,4896240.0
1779393600000,0.00741,0.00743,0.00739,0.00739,5948208.0
1779397200000,0.0074,0.00742,0.0074,0.0074,3918646.0
1779400800000,0.0074,0.00742,0.00739,0.00741,2887465.0
1779404400000,0.00741,0.00749,0.00739,0.00744,22825416.0
1779408000000,0.00744,0.00744,0.00731,0.00733,20228848.0
1779411600000,0.00733,0.00737,0.00733,0.00736,4850083.0
1779415200000,0.00737,0.00741,0.00737,0.00739,3714432.0
1779418800000,0.0074,0.00741,0.00739,0.00739,1526606.0
1779422400000,0.0074,0.00742,0.00737,0.00737,4185483.0
1779426000000,0.00737,0.00741,0.00736,0.00737,7412628.0
1779429600000,0.00736,0.00737,0.00733,0.00734,3017216.0
1779433200000,0.00734,0.00741,0.00732,0.00738,6159860.0
1779436800000,0.00738,0.0074,0.00735,0.00738,8632974.0
1779440400000,0.00737,0.0074,0.00735,0.00737,5221460.0
1779444000000,0.00737,0.00738,0.00733,0.00734,4828057.0
1779447600000,0.00735,0.00739,0.00732,0.00737,5073449.0
1779451200000,0.00737,0.00741,0.00737,0.00741,4979957.0
1779454800000,0.0074,0.00742,0.00737,0.0074,9552074.0
1779458400000,0.00739,0.0074,0.00732,0.00735,10465074.0
1779462000000,0.00735,0.00738,0.00732,0.00735,7667102.0
1779465600000,0.00735,0.00737,0.00733,0.00735,4192290.0
1779469200000,0.00735,0.00738,0.00733,0.00735,4070341.0
1779472800000,0.00735,0.00736,0.00718,0.00727,25893141.0
1779476400000,0.00727,0.00728,0.00713,0.00718,29527379.0
1779480000000,0.00718,0.00722,0.00713,0.00718,32497092.0
1779483600000,0.00718,0.00722,0.00717,0.00718,11390529.0
1779487200000,0.00719,0.00721,0.00717,0.00718,4766031.0
1779490800000,0.00719,0.00721,0.00706,0.00711,14206674.0
1779494400000,0.0071,0.00713,0.00707,0.00712,9423092.0
1779498000000,0.00712,0.00718,0.00711,0.00717,6162413.0
1779501600000,0.00718,0.0072,0.00717,0.00718,2973830.0
1779505200000,0.00719,0.00721,0.00717,0.00719,4275531.0
1779508800000,0.00719,0.00719,0.00715,0.00715,2400747.0
1779512400000,0.00715,0.00716,0.00711,0.00714,4966120.0
1779516000000,0.00715,0.00715,0.00712,0.00712,2828380.0
1779519600000,0.00713,0.00714,0.00689,0.00698,62245342.0
1779523200000,0.00699,0.00702,0.00694,0.007,10609401.0
1779526800000,0.00701,0.00702,0.00695,0.00699,15553364.0
1779530400000,0.007,0.00703,0.00699,0.007,3411356.0
1779534000000,0.00701,0.00703,0.007,0.00701,5067989.0
1779537600000,0.007,0.00701,0.00696,0.00701,7638252.0
1779541200000,0.00701,0.00709,0.007,0.00708,8457425.0
1779544800000,0.00708,0.00713,0.00706,0.00712,12333663.0
1779548400000,0.00712,0.00715,0.00711,0.00714,6156408.0
1779552000000,0.00714,0.00715,0.00711,0.00714,3814630.0
1779555600000,0.00715,0.00716,0.00713,0.00716,4472488.0
1779559200000,0.00715,0.00722,0.00714,0.00719,15773012.0
1779562800000,0.00719,0.0072,0.00716,0.00718,3593056.0
1779566400000,0.00718,0.00732,0.00715,0.00732,10806373.0
1779570000000,0.00732,0.00733,0.00724,0.00725,9050500.0
1779573600000,0.00725,0.00727,0.0072,0.00724,5525021.0
1779577200000,0.00723,0.00725,0.00722,0.00725,2871780.0
1779580800000,0.00724,0.00725,0.00722,0.00724,4818439.0
1779584400000,0.00723,0.00725,0.00721,0.00722,2296758.0
1779588000000,0.00721,0.00722,0.00717,0.00719,6503146.0
1779591600000,0.00719,0.0072,0.00715,0.00716,2776345.0
1779595200000,0.00716,0.00719,0.00715,0.00718,2979497.0
1779598800000,0.00718,0.00718,0.00715,0.00718,3964648.0
1779602400000,0.00717,0.00719,0.00715,0.00718,3726084.0
1779606000000,0.00718,0.0072,0.00716,0.00717,3126323.0
1779609600000,0.00717,0.00718,0.00715,0.00716,2637694.0
1779613200000,0.00717,0.00719,0.00716,0.00718,2799426.0
1779616800000,0.00717,0.0072,0.00715,0.0072,6460912.0
1779620400000,0.00719,0.00719,0.00714,0.00716,3976743.0
1779624000000,0.00716,0.00716,0.00711,0.00715,8477227.0
1779627600000,0.00714,0.00715,0.00707,0.00709,4482618.0
1779631200000,0.00709,0.0071,0.007,0.00708,11059350.0
1779634800000,0.00708,0.00712,0.00706,0.00711,7456416.0
1779638400000,0.00711,0.00714,0.0071,0.00712,5047174.0
1779642000000,0.00712,0.00713,0.00711,0.00711,2145359.0
1779645600000,0.00711,0.00711,0.00707,0.00708,3573838.0
1779649200000,0.00708,0.0071,0.00706,0.00708,1904533.0
1779652800000,0.00708,0.00708,0.00705,0.00706,3411581.0
1779656400000,0.00706,0.00707,0.0069,0.00692,22287099.0
1779660000000,0.00692,0.00702,0.00691,0.007,4256293.0
1779663600000,0.007,0.00705,0.007,0.00704,1837189.0
1779667200000,0.00704,0.0071,0.00703,0.00708,10794789.0
1779670800000,0.00708,0.00708,0.00703,0.00703,8853798.0
1779674400000,0.00703,0.00709,0.00702,0.00706,4595255.0
1779678000000,0.00705,0.00706,0.00702,0.00704,4241813.0
1779681600000,0.00705,0.0071,0.00703,0.00708,4279238.0
1779685200000,0.00709,0.00711,0.00708,0.0071,4547477.0
1779688800000,0.00711,0.00714,0.00709,0.00714,19965584.0
1779692400000,0.00714,0.00715,0.00708,0.00711,6158738.0
1779696000000,0.00711,0.00714,0.00708,0.0071,9322806.0
1779699600000,0.00711,0.00713,0.00709,0.00709,4533098.0
1779703200000,0.0071,0.00712,0.00709,0.0071,3725551.0
1779706800000,0.0071,0.0071,0.00707,0.00709,8791682.0
1779710400000,0.00708,0.00709,0.00705,0.00707,9832780.0
1779714000000,0.00708,0.00709,0.00706,0.00708,4192950.0
1779717600000,0.00708,0.00712,0.00707,0.00709,4419836.0
1779721200000,0.00709,0.00713,0.00704,0.00706,10646442.0
1779724800000,0.00706,0.00713,0.00706,0.00713,5262419.0
1779728400000,0.00713,0.00713,0.00708,0.0071,7045970.0
1779732000000,0.0071,0.00712,0.00706,0.00707,4819656.0
1779735600000,0.00707,0.00709,0.00705,0.00707,3034327.0
1779739200000,0.00708,0.00709,0.00702,0.00705,3618615.0
1779742800000,0.00705,0.00705,0.00703,0.00703,1985302.0
1779746400000,0.00703,0.00704,0.00695,0.00696,8334869.0
1779750000000,0.00695,0.00702,0.00695,0.00702,3937119.0
1779753600000,0.00702,0.00702,0.00692,0.00695,13488277.0
1779757200000,0.00695,0.00695,0.00688,0.00692,16270954.0
1779760800000,0.00693,0.00694,0.00689,0.00692,6010318.0
1779764400000,0.00692,0.00695,0.0069,0.00694,3125109.0
1779768000000,0.00694,0.00701,0.00692,0.007,6627198.0
1779771600000,0.007,0.00705,0.00699,0.00701,7645976.0
1779775200000,0.00701,0.00703,0.00698,0.00701,3970412.0
1779778800000,0.00701,0.00702,0.00694,0.00697,7667865.0
1779782400000,0.00697,0.00701,0.00696,0.007,4793134.0
1779786000000,0.00699,0.00702,0.00697,0.00699,6207697.0
1779789600000,0.00699,0.00707,0.00697,0.00707,5056023.0
1779793200000,0.00707,0.00707,0.00703,0.00704,4906251.0
1779796800000,0.00704,0.00705,0.00701,0.00704,2525283.0
1779800400000,0.00704,0.00708,0.00699,0.00707,11331850.0
1779804000000,0.00707,0.00712,0.00702,0.00703,7822707.0
1779807600000,0.00703,0.00704,0.00695,0.007,7984918.0
1779811200000,0.007,0.007,0.00694,0.00698,4292140.0
1779814800000,0.00698,0.00699,0.00686,0.00694,15801862.0
1779818400000,0.00692,0.00697,0.0069,0.00691,4919654.0
1779822000000,0.00691,0.00693,0.00689,0.00691,3169739.0
1779825600000,0.00692,0.00693,0.00689,0.00691,2414166.0
1779829200000,0.00692,0.00695,0.00687,0.0069,8460070.0
1779832800000,0.0069,0.00692,0.00688,0.0069,4687254.0
1779836400000,0.0069,0.00692,0.0069,0.0069,2092733.0
1779840000000,0.00691,0.00695,0.0069,0.00695,2594329.0
1779843600000,0.00694,0.00695,0.00683,0.00685,5556565.0
1779847200000,0.00684,0.00686,0.0068,0.00685,14829472.0
1779850800000,0.00686,0.00687,0.00681,0.00681,5321377.0
1779854400000,0.00682,0.00686,0.00677,0.00685,23834491.0
1779858000000,0.00685,0.0069,0.00685,0.00689,3268236.0
1779861600000,0.0069,0.00691,0.00687,0.0069,3243140.0
1779865200000,0.0069,0.00691,0.00687,0.00691,7658463.0
1779868800000,0.00691,0.00693,0.00687,0.00688,7505413.0
1779872400000,0.00688,0.0069,0.00686,0.00687,5293715.0
1779876000000,0.00687,0.00692,0.00685,0.00689,7279271.0
1779879600000,0.0069,0.00693,0.00688,0.00688,5334396.0
1779883200000,0.00689,0.00695,0.00686,0.00693,8696617.0
1779886800000,0.00693,0.00693,0.00684,0.0069,10951305.0
1779890400000,0.0069,0.00693,0.00685,0.00691,10686942.0
1779894000000,0.00692,0.007,0.00691,0.00697,6862966.0
1779897600000,0.00697,0.00699,0.00692,0.00696,5366601.0
1779901200000,0.00696,0.00696,0.00689,0.00691,5241664.0
1779904800000,0.0069,0.00696,0.00687,0.00696,6542226.0
1779908400000,0.00696,0.00698,0.00695,0.00697,3781276.0
1779912000000,0.00697,0.00698,0.00694,0.00696,3545671.0
1779915600000,0.00696,0.00697,0.0068,0.00684,7416935.0
1779919200000,0.00684,0.00689,0.00683,0.00684,4191848.0
1779922800000,0.00683,0.00688,0.00682,0.00688,9802878.0
1779926400000,0.00688,0.0069,0.00686,0.00689,4145658.0
1779930000000,0.0069,0.0069,0.00682,0.00686,7810096.0
1779933600000,0.00687,0.00689,0.00685,0.00688,3870331.0
1779937200000,0.00687,0.00688,0.00674,0.00677,25593633.0
1779940800000,0.00677,0.00682,0.00668,0.00676,26711311.0
1779944400000,0.00676,0.00677,0.00661,0.00665,22774169.0
1779948000000,0.00666,0.00674,0.00663,0.00666,24910429.0
1779951600000,0.00667,0.00671,0.00663,0.00668,11619288.0
1779955200000,0.00667,0.0067,0.00663,0.00664,15863461.0
1779958800000,0.00664,0.00667,0.00663,0.00666,5207184.0
1779962400000,0.00666,0.00669,0.00661,0.00661,7414265.0
1779966000000,0.00661,0.00665,0.00659,0.00663,11649082.0
1779969600000,0.00663,0.00669,0.00662,0.00667,5187044.0
1779973200000,0.00668,0.0067,0.00664,0.00668,5052602.0
1779976800000,0.00667,0.00672,0.00663,0.00669,15751711.0
1779980400000,0.00669,0.0067,0.00665,0.0067,5136903.0
1779984000000,0.0067,0.00675,0.00668,0.00675,7708942.0
1779987600000,0.00674,0.00679,0.00673,0.00679,5625021.0
1779991200000,0.00679,0.00684,0.00677,0.00683,3946674.0
1779994800000,0.00683,0.00684,0.00679,0.00681,3107467.0
1779998400000,0.00681,0.00684,0.00677,0.00681,6300286.0
1780002000000,0.00681,0.00684,0.0068,0.00683,2610332.0
1780005600000,0.00683,0.00684,0.00676,0.00678,2301154.0
1780009200000,0.00678,0.0068,0.00677,0.00679,2132055.0
1780012800000,0.00679,0.00684,0.00678,0.00682,9702334.0
1780016400000,0.00683,0.00684,0.00678,0.0068,5232673.0
1780020000000,0.00681,0.00681,0.00675,0.00676,6448606.0
1780023600000,0.00676,0.0068,0.00676,0.00677,2726905.0
1780027200000,0.00677,0.00679,0.00674,0.00678,2759420.0
1780030800000,0.00679,0.0068,0.00677,0.00679,3407271.0
1780034400000,0.00679,0.00682,0.00678,0.0068,2015083.0
1780038000000,0.0068,0.00686,0.00678,0.00681,12588246.0
1780041600000,0.00681,0.00683,0.0068,0.0068,5050752.0
1780045200000,0.00681,0.00684,0.0068,0.00681,4903386.0
1780048800000,0.00682,0.00683,0.00679,0.0068,5215722.0
1780052400000,0.00679,0.0068,0.00672,0.00675,10280063.0
1780056000000,0.00674,0.00675,0.00671,0.00672,4127490.0
1780059600000,0.00671,0.00677,0.0067,0.00675,8511289.0
1780063200000,0.00676,0.00678,0.00667,0.00677,19535663.0
1780066800000,0.00677,0.0069,0.00675,0.00688,13149704.0
1780070400000,0.00689,0.00692,0.00685,0.0069,9417546.0
1780074000000,0.0069,0.00692,0.00685,0.00687,5731119.0
1780077600000,0.00686,0.00688,0.00679,0.00681,5440272.0
1780081200000,0.00681,0.00684,0.00678,0.00682,4167244.0
1780084800000,0.00682,0.00684,0.00681,0.00683,3042785.0
1780088400000,0.00684,0.00685,0.00679,0.0068,4503150.0
1780092000000,0.0068,0.00684,0.00679,0.00681,5279654.0
1780095600000,0.00681,0.00684,0.0068,0.00682,5674579.0
1780099200000,0.00682,0.00697,0.0068,0.00693,33271958.0
1780102800000,0.00693,0.00697,0.00691,0.00695,11467758.0
1780106400000,0.00696,0.00696,0.00692,0.00693,5100061.0
1780110000000,0.00694,0.00695,0.00691,0.00694,3899276.0
1780113600000,0.00694,0.00694,0.00684,0.00688,9870982.0
1780117200000,0.00687,0.00692,0.00687,0.00692,10797822.0
1780120800000,0.00692,0.00693,0.0069,0.00691,4267583.0
1780124400000,0.00691,0.00693,0.00689,0.00693,2715492.0
1780128000000,0.00693,0.00693,0.0069,0.00692,3340030.0
1780131600000,0.00691,0.00694,0.0069,0.00692,2117507.0
1780135200000,0.00692,0.00694,0.0069,0.00691,4532512.0
1780138800000,0.00691,0.00695,0.0069,0.00692,4207808.0
1780142400000,0.00692,0.00694,0.00691,0.00693,2868474.0
1780146000000,0.00692,0.00695,0.00691,0.00694,3498703.0
1780149600000,0.00694,0.00695,0.00692,0.00693,3106327.0
1780153200000,0.00693,0.00695,0.00692,0.00694,3788796.0
1780156800000,0.00694,0.00696,0.00693,0.00695,1445210.0
1780160400000,0.00695,0.00697,0.00693,0.00695,4397209.0
1780164000000,0.00696,0.00699,0.00694,0.00696,4933619.0
1780167600000,0.00696,0.00697,0.00694,0.00696,3321896.0
1780171200000,0.00696,0.00696,0.00694,0.00695,3037796.0
1780174800000,0.00695,0.00697,0.00695,0.00696,1025504.0
1780178400000,0.00695,0.00695,0.00689,0.00691,2957073.0
1780182000000,0.0069,0.0069,0.00687,0.0069,3163055.0
1780185600000,0.00689,0.00694,0.00688,0.00694,4302718.0
1780189200000,0.00694,0.00696,0.00693,0.00696,2704922.0
1780192800000,0.00696,0.007,0.00693,0.00694,8259508.0
1780196400000,0.00695,0.00695,0.00693,0.00695,1805580.0
1780200000000,0.00694,0.00696,0.00692,0.00696,6257626.0
1780203600000,0.00696,0.00696,0.00693,0.00693,1777509.0
1780207200000,0.00694,0.00701,0.00692,0.007,5275674.0
1780210800000,0.00699,0.00699,0.0069,0.00692,7075823.0
1780214400000,0.00692,0.00695,0.00691,0.00692,3662867.0
1780218000000,0.00692,0.00695,0.0069,0.00691,5913178.0
1780221600000,0.00691,0.00692,0.00688,0.00691,3000648.0
1780225200000,0.00691,0.00694,0.00691,0.00694,1782140.0
1780228800000,0.00693,0.00696,0.00691,0.00694,2473309.0
1780232400000,0.00694,0.00695,0.00691,0.00692,2720214.0
1780236000000,0.00692,0.00692,0.00684,0.00686,7315238.0
1780239600000,0.00686,0.0069,0.00684,0.00684,4559762.0
1780243200000,0.00685,0.00686,0.00679,0.0068,7066881.0
1780246800000,0.0068,0.00685,0.0068,0.00684,2234347.0
1780250400000,0.00685,0.00686,0.00682,0.00685,6488604.0
1780254000000,0.00685,0.00685,0.0068,0.00683,2070083.0
1780257600000,0.00684,0.00688,0.00684,0.00688,2252175.0
1780261200000,0.00688,0.00689,0.00686,0.00689,1715372.0
1780264800000,0.00689,0.00693,0.00688,0.00692,3687300.0
1780268400000,0.00692,0.00696,0.00688,0.00693,6565957.0
1780272000000,0.00693,0.00694,0.00691,0.00692,7930582.0
1780275600000,0.00693,0.00693,0.00688,0.00688,4598438.0
1780279200000,0.00688,0.00695,0.00686,0.00694,5078020.0
1780282800000,0.00693,0.00695,0.00691,0.00692,8446306.0
1780286400000,0.00692,0.00693,0.00685,0.0069,13658062.0
1780290000000,0.0069,0.0069,0.00678,0.00682,18695194.0
1780293600000,0.00682,0.00683,0.00676,0.00681,8867502.0
1780297200000,0.00681,0.00682,0.00675,0.00677,10072738.0
1780300800000,0.00678,0.00681,0.00676,0.0068,5689216.0
1780304400000,0.0068,0.00683,0.00679,0.00682,5462000.0
1780308000000,0.00682,0.00683,0.00679,0.00682,3609832.0
1780311600000,0.00683,0.00684,0.00678,0.00679,3762996.0
1780315200000,0.0068,0.00684,0.00674,0.00682,9117945.0
1780318800000,0.00682,0.00683,0.00676,0.00679,10221388.0
1780322400000,0.00679,0.00682,0.00677,0.0068,7585169.0
1780326000000,0.00681,0.00682,0.00672,0.0068,25730245.0
1780329600000,0.0068,0.00684,0.00677,0.00684,8260267.0
1780333200000,0.00684,0.00689,0.00683,0.00688,7615886.0
1780336800000,0.00688,0.0069,0.00686,0.00687,3506041.0
1780340400000,0.00687,0.0069,0.00685,0.0069,4129089.0
1780344000000,0.0069,0.0069,0.00687,0.00689,2192356.0
1780347600000,0.00689,0.00689,0.00683,0.00686,5184627.0
1780351200000,0.00685,0.00687,0.00681,0.00687,4078486.0
1780354800000,0.00687,0.00688,0.00683,0.00686,6515636.0
1780358400000,0.00685,0.00686,0.00682,0.00684,5225750.0
1780362000000,0.00684,0.00684,0.00675,0.00675,8294646.0
1780365600000,0.00675,0.0068,0.00668,0.0068,14913015.0
1780369200000,0.00681,0.00683,0.00679,0.00682,3326400.0
1780372800000,0.00683,0.00685,0.00676,0.00676,9596338.0
1780376400000,0.00677,0.0068,0.00673,0.00674,7056570.0
1780380000000,0.00673,0.00676,0.00672,0.00674,3116190.0
1780383600000,0.00674,0.00676,0.0067,0.00673,3828026.0
1780387200000,0.00673,0.00673,0.00666,0.00668,9277907.0
1780390800000,0.00668,0.0067,0.00662,0.00666,11948539.0
1780394400000,0.00666,0.00673,0.00665,0.00671,4545233.0
1780398000000,0.00672,0.00673,0.00667,0.00671,4039937.0
1780401600000,0.0067,0.00671,0.00667,0.00669,4498647.0
1780405200000,0.00669,0.00673,0.00668,0.00668,3497742.0
1780408800000,0.00669,0.0067,0.00651,0.00656,34318054.0
1780412400000,0.00655,0.00656,0.00638,0.00649,43488426.0
1780416000000,0.00648,0.00658,0.00645,0.00652,10630933.0
1780419600000,0.00651,0.00658,0.00651,0.00655,5564686.0
1780423200000,0.00656,0.00658,0.00645,0.00647,4654844.0
1780426800000,0.00647,0.00649,0.00633,0.00644,22874441.0
1780430400000,0.00644,0.00649,0.00638,0.00648,7574082.0
1780434000000,0.00647,0.00651,0.00645,0.00648,4103904.0
1780437600000,0.00647,0.00647,0.00632,0.00633,23350755.0
1780441200000,0.00634,0.00639,0.00627,0.00638,21355700.0
1780444800000,0.00638,0.00643,0.00637,0.0064,15626937.0
1780448400000,0.0064,0.00641,0.00633,0.00638,7141669.0
1780452000000,0.00639,0.0064,0.00635,0.00638,4832813.0
1780455600000,0.00638,0.00639,0.00619,0.00624,24452188.0
1780459200000,0.00624,0.00634,0.00624,0.00633,9480355.0
1780462800000,0.00634,0.00648,0.00634,0.00648,17620142.0
1780466400000,0.00648,0.00652,0.00645,0.00647,8278397.0
1780470000000,0.00646,0.00651,0.00645,0.0065,4578933.0
1780473600000,0.0065,0.0065,0.00646,0.00648,4519833.0
1780477200000,0.00647,0.00651,0.00644,0.00647,11301517.0
1780480800000,0.00647,0.00652,0.00647,0.00651,3266496.0
1780484400000,0.00651,0.00654,0.00651,0.00653,3737075.0
1780488000000,0.00652,0.00652,0.00648,0.0065,3364058.0
1780491600000,0.0065,0.00653,0.00648,0.00652,5082802.0
1780495200000,0.00652,0.00652,0.00645,0.00651,7019840.0
1780498800000,0.00651,0.00652,0.00645,0.00646,5822259.0
1780502400000,0.00645,0.00645,0.00635,0.00642,19527599.0
1780506000000,0.00642,0.00646,0.00637,0.00643,4958790.0
1780509600000,0.00643,0.00646,0.00639,0.00645,5049973.0
1780513200000,0.00645,0.00645,0.00636,0.00639,7144480.0
1780516800000,0.00638,0.00642,0.00627,0.00629,11994824.0
1780520400000,0.0063,0.00645,0.00628,0.00644,4615674.0
1780524000000,0.00644,0.00647,0.00638,0.00639,6588485.0
1780527600000,0.00639,0.00641,0.00633,0.00634,14417834.0
1780531200000,0.00633,0.00638,0.00624,0.00628,15326133.0
1780534800000,0.00627,0.0063,0.00608,0.0061,46860532.0
1780538400000,0.00611,0.00612,0.00581,0.00609,92417968.0
1780542000000,0.00608,0.00628,0.00608,0.00623,24949410.0
1780545600000,0.00623,0.00625,0.00614,0.00615,16777706.0
1780549200000,0.00615,0.00616,0.00607,0.00608,20277434.0
1780552800000,0.00608,0.00617,0.00607,0.0061,15240243.0
1780556400000,0.0061,0.00611,0.00599,0.00599,36484617.0
1780560000000,0.00599,0.00606,0.00596,0.00603,17963692.0
1780563600000,0.00603,0.00603,0.00589,0.00597,22303366.0
1780567200000,0.00598,0.00599,0.00589,0.0059,18794447.0
1780570800000,0.00591,0.00597,0.00586,0.00596,20817833.0
1780574400000,0.00597,0.0061,0.00593,0.00608,22827586.0
1780578000000,0.00608,0.00613,0.00602,0.00611,15867692.0
1780581600000,0.00612,0.00614,0.00609,0.00611,8918155.0
1780585200000,0.00612,0.00618,0.00611,0.00615,8188449.0
1780588800000,0.00615,0.00616,0.00608,0.00611,9146144.0
1780592400000,0.00611,0.00613,0.00604,0.00609,9851936.0
1780596000000,0.00609,0.00615,0.00604,0.00609,18163901.0
1780599600000,0.00609,0.00615,0.00607,0.0061,8021468.0
1780603200000,0.0061,0.00611,0.00605,0.00607,4048746.0
1780606800000,0.00607,0.00608,0.00593,0.00593,11556265.0
1780610400000,0.00594,0.00599,0.00591,0.00597,13469322.0
1780614000000,0.00597,0.00602,0.00593,0.00601,11470324.0
1780617600000,0.00601,0.00604,0.00596,0.00596,9520666.0
1780621200000,0.00597,0.00601,0.00593,0.00598,13730425.0
1780624800000,0.00598,0.00598,0.00584,0.00585,17700955.0
1780628400000,0.00586,0.0059,0.00582,0.00582,16902503.0
1780632000000,0.00582,0.00593,0.00579,0.00591,21730465.0
1780635600000,0.00592,0.00593,0.00578,0.00578,16171180.0
1780639200000,0.00579,0.0058,0.00554,0.00564,78764622.0
1780642800000,0.00564,0.00573,0.00556,0.00572,20594575.0
1780646400000,0.00572,0.00572,0.00562,0.00564,12530337.0
1780650000000,0.00565,0.00578,0.00564,0.00577,14787300.0
1780653600000,0.00578,0.00579,0.00569,0.0057,9760957.0
1780657200000,0.00571,0.00571,0.00564,0.00568,15278785.0
1780660800000,0.00566,0.0057,0.00561,0.00566,20462828.0
1780664400000,0.00567,0.00576,0.00557,0.00557,18447842.0
1780668000000,0.00557,0.00568,0.00555,0.00563,41226130.0
1780671600000,0.00562,0.00564,0.0055,0.00553,34599479.0
1780675200000,0.00552,0.00562,0.0054,0.0056,62024620.0
1780678800000,0.00561,0.00562,0.00554,0.00556,8773163.0
1780682400000,0.00557,0.00558,0.00537,0.00538,28372444.0
1780686000000,0.00538,0.00548,0.00531,0.00545,29211916.0
1780689600000,0.00546,0.00557,0.00541,0.00556,21320729.0
1780693200000,0.00556,0.00561,0.00555,0.00559,8294723.0
1780696800000,0.00558,0.00559,0.0055,0.00551,15401528.0
1780700400000,0.00552,0.00554,0.00539,0.00547,13950155.0
1780704000000,0.00546,0.00553,0.00546,0.00552,7746741.0
1780707600000,0.00552,0.00553,0.00546,0.00547,10946672.0
1780711200000,0.00546,0.00547,0.00538,0.00539,13043321.0
1780714800000,0.00538,0.00538,0.00531,0.00534,11333959.0
1780718400000,0.00533,0.00535,0.00511,0.00516,67134295.0
1780722000000,0.00514,0.0053,0.0051,0.00529,40206394.0
1780725600000,0.00529,0.00538,0.00527,0.00529,27397022.0
1780729200000,0.00528,0.0054,0.00527,0.00539,26259520.0
1780732800000,0.00539,0.00548,0.00537,0.00542,24459056.0
1780736400000,0.00543,0.00546,0.00539,0.0054,13595951.0
1780740000000,0.0054,0.0054,0.00529,0.00535,20587031.0
1780743600000,0.00534,0.0054,0.00534,0.00538,7837200.0
1780747200000,0.00538,0.00542,0.00535,0.00541,9775028.0
1780750800000,0.00541,0.00544,0.00539,0.00542,6491109.0
1780754400000,0.00541,0.00546,0.00539,0.0054,13127022.0
1780758000000,0.0054,0.00541,0.00531,0.00534,19763565.0
1780761600000,0.00533,0.00541,0.00532,0.00539,12746625.0
1780765200000,0.00539,0.0054,0.00533,0.00535,10667161.0
1780768800000,0.00534,0.00539,0.00533,0.00535,8676635.0
1780772400000,0.00535,0.00539,0.00534,0.00534,6963236.0
1780776000000,0.00535,0.00536,0.00533,0.00535,8590690.0
1780779600000,0.00534,0.0054,0.00534,0.00537,8863830.0
1780783200000,0.00537,0.00538,0.00534,0.00537,7992282.0
1780786800000,0.00537,0.0054,0.00536,0.00539,5113423.0
1780790400000,0.00539,0.00545,0.00539,0.0054,13082511.0
1780794000000,0.0054,0.00552,0.00539,0.00548,15919507.0
1780797600000,0.00548,0.00549,0.00543,0.00545,9025234.0
1780801200000,0.00545,0.00547,0.00544,0.00545,4863372.0
1780804800000,0.00545,0.00547,0.00542,0.00546,3292978.0
1780808400000,0.00546,0.00551,0.00545,0.00548,13649796.0
1780812000000,0.00548,0.00551,0.00545,0.00548,10384698.0
1780815600000,0.00548,0.0055,0.00546,0.00548,8156403.0
1780819200000,0.00549,0.00556,0.00547,0.00556,10429076.0
1780822800000,0.00556,0.00557,0.00549,0.00551,13054948.0
1780826400000,0.0055,0.00551,0.00544,0.00544,7126281.0
1780830000000,0.00544,0.00549,0.00544,0.00548,7444760.0
1780833600000,0.00549,0.00549,0.00538,0.00541,16926606.0
1780837200000,0.00541,0.00543,0.0054,0.00541,7806475.0
1780840800000,0.00542,0.00548,0.00541,0.00546,5873152.0
1780844400000,0.00546,0.00546,0.00541,0.00543,9955151.0
1780848000000,0.00543,0.00543,0.0054,0.00542,9019844.0
1780851600000,0.00542,0.00545,0.00541,0.00542,4798655.0
1780855200000,0.00541,0.00544,0.00539,0.00539,3284653.0
1780858800000,0.0054,0.0054,0.00527,0.0053,26050124.0
1780862400000,0.0053,0.00537,0.00529,0.00536,6863068.0
1780866000000,0.00536,0.00537,0.00531,0.00533,8275903.0
1780869600000,0.00533,0.00556,0.00532,0.00542,44891083.0
1780873200000,0.00543,0.00546,0.00542,0.00545,10574424.0
1780876800000,0.00544,0.0055,0.00543,0.00548,11111990.0
1780880400000,0.00548,0.0055,0.00541,0.00549,26442453.0
1780884000000,0.00548,0.00549,0.00541,0.00543,10983591.0
1780887600000,0.00543,0.00544,0.0054,0.00543,6959072.0
1780891200000,0.00543,0.00543,0.00537,0.00537,8810196.0
1780894800000,0.00537,0.00539,0.00534,0.00537,6590856.0
1780898400000,0.00537,0.00544,0.00537,0.00542,4837417.0
1780902000000,0.00542,0.00544,0.0054,0.00542,7656435.0
1780905600000,0.00543,0.00544,0.00537,0.00539,8314363.0
1780909200000,0.00539,0.00546,0.00538,0.00546,11282086.0
1780912800000,0.00546,0.00548,0.00542,0.00547,8962435.0
1780916400000,0.00546,0.00555,0.00545,0.00549,22438500.0
1780920000000,0.00549,0.00552,0.00544,0.00552,12334906.0
1780923600000,0.00551,0.00552,0.00547,0.0055,6819288.0
1780927200000,0.0055,0.00553,0.00549,0.00552,7302634.0
1780930800000,0.00552,0.00557,0.00552,0.00552,10772574.0
1780934400000,0.00551,0.00558,0.00551,0.00553,10202785.0
1780938000000,0.00554,0.00555,0.0055,0.00555,12732906.0
1780941600000,0.00556,0.00558,0.00553,0.00554,6225226.0
1780945200000,0.00553,0.00557,0.00552,0.00553,9432582.0
1780948800000,0.00552,0.00555,0.00548,0.00555,5661665.0
1780952400000,0.00555,0.00559,0.00554,0.00554,5043253.0
1780956000000,0.00554,0.00555,0.00551,0.00552,4119234.0
1780959600000,0.00552,0.00553,0.00547,0.00551,7384251.0
1780963200000,0.0055,0.00551,0.00537,0.00539,18842811.0
1780966800000,0.00539,0.00543,0.00538,0.00541,16340029.0
1780970400000,0.00542,0.00543,0.00535,0.00536,8241847.0
1780974000000,0.00536,0.00539,0.00535,0.00536,12020125.0
1780977600000,0.00536,0.00545,0.00534,0.00542,17744633.0
1780981200000,0.00541,0.00547,0.0054,0.00542,7567605.0
1780984800000,0.00542,0.00544,0.00539,0.0054,5995259.0
1780988400000,0.0054,0.00544,0.00538,0.00543,6055327.0
1780992000000,0.00543,0.00543,0.00538,0.00542,4418867.0
1780995600000,0.00541,0.00542,0.00536,0.00537,8487837.0
1780999200000,0.00537,0.0054,0.00535,0.00539,8310940.0
1781002800000,0.00539,0.0054,0.00535,0.00537,6070310.0
1781006400000,0.00537,0.00541,0.00537,0.00539,8012914.0
1781010000000,0.00538,0.00544,0.00538,0.00541,15262538.0
1781013600000,0.0054,0.00541,0.00529,0.00535,18932511.0
1781017200000,0.00536,0.00537,0.00529,0.0053,14819529.0
1781020800000,0.00531,0.00532,0.00524,0.00529,23075317.0
1781024400000,0.00529,0.00538,0.00529,0.00534,12252779.0
1781028000000,0.00534,0.00539,0.00532,0.00536,6566267.0
1781031600000,0.00536,0.0054,0.00535,0.00537,6953981.0
1781035200000,0.00538,0.00541,0.00537,0.00541,7945627.0
1781038800000,0.0054,0.00541,0.00534,0.00534,6269150.0
1781042400000,0.00535,0.00538,0.00534,0.00535,4022946.0
1781046000000,0.00534,0.00536,0.00532,0.00535,5378906.0
1781049600000,0.00534,0.00537,0.00531,0.00536,7764455.0
1781053200000,0.00536,0.00537,0.00532,0.00535,4542927.0
1781056800000,0.00535,0.00536,0.00526,0.00529,8242642.0
1781060400000,0.00528,0.00533,0.00528,0.00531,6295817.0
1781064000000,0.00531,0.00535,0.0053,0.00531,7324714.0
1781067600000,0.00531,0.00533,0.00528,0.00532,6868412.0
1781071200000,0.00531,0.00534,0.00529,0.00532,7620616.0
1781074800000,0.00532,0.00536,0.00532,0.00533,6419606.0
1781078400000,0.00534,0.00534,0.00526,0.00528,8672409.0
1781082000000,0.00528,0.00529,0.00522,0.00527,10446033.0
1781085600000,0.00527,0.00528,0.00523,0.00528,6501253.0
1781089200000,0.00527,0.00528,0.0052,0.00523,14102127.0
1781092800000,0.00522,0.00533,0.0052,0.0053,20349167.0
1781096400000,0.0053,0.00538,0.00529,0.00535,12144009.0
1781100000000,0.00535,0.00536,0.00531,0.00534,14432421.0
1781103600000,0.00534,0.00536,0.00531,0.00534,15208748.0
1781107200000,0.00535,0.00535,0.00527,0.00529,13620256.0
1781110800000,0.00529,0.00531,0.00523,0.00528,14085010.0
1781114400000,0.00528,0.00528,0.00524,0.00528,7787248.0
1781118000000,0.00527,0.00528,0.00522,0.00523,7874034.0
1781121600000,0.00523,0.00526,0.0052,0.00524,10489899.0
1781125200000,0.00523,0.00524,0.00514,0.00515,17072401.0
1781128800000,0.00516,0.00521,0.00513,0.00518,12646329.0
1781132400000,0.00518,0.00525,0.00516,0.00524,9491759.0
1781136000000,0.00523,0.00529,0.00523,0.00527,20261489.0
1781139600000,0.00527,0.00533,0.00527,0.00531,9419048.0
1781143200000,0.00531,0.00532,0.00527,0.0053,5787842.0
1781146800000,0.0053,0.00536,0.00526,0.00534,12259412.0
1781150400000,0.00533,0.00537,0.00532,0.00536,7811034.0
1781154000000,0.00535,0.00535,0.00532,0.00533,4889385.0
1781157600000,0.00532,0.00538,0.00532,0.00535,6807536.0
1781161200000,0.00535,0.00541,0.00534,0.00536,6743057.0
1781164800000,0.00536,0.00539,0.00535,0.00537,4806163.0
1781168400000,0.00538,0.00538,0.00532,0.00536,11485287.0
1781172000000,0.00535,0.00536,0.00533,0.00535,6034952.0
1781175600000,0.00535,0.00537,0.00533,0.00536,3661849.0
1781179200000,0.00535,0.00536,0.00528,0.00534,18648022.0
1781182800000,0.00533,0.00538,0.00532,0.00536,9434805.0
1781186400000,0.00536,0.00538,0.00531,0.00534,20016580.0
1781190000000,0.00533,0.00535,0.0053,0.00532,10125259.0
1781193600000,0.00532,0.00535,0.0053,0.00531,8765098.0
1781197200000,0.00531,0.00547,0.00529,0.00546,26048801.0
1781200800000,0.00546,0.00548,0.00542,0.00544,11405977.0
1781204400000,0.00544,0.00546,0.00541,0.00542,11235036.0
1781208000000,0.00542,0.00543,0.00539,0.00542,5468089.0
1781211600000,0.00542,0.00545,0.00541,0.00545,4099534.0
1781215200000,0.00545,0.00545,0.00541,0.00543,2799168.0
1781218800000,0.00543,0.00543,0.00539,0.00543,7746228.0
1781222400000,0.00543,0.00545,0.00541,0.00542,6145594.0
1781226000000,0.00542,0.00542,0.00537,0.0054,8123699.0
1781229600000,0.0054,0.00543,0.00539,0.00541,5167144.0
1781233200000,0.00541,0.00542,0.00539,0.0054,2285746.0
1781236800000,0.0054,0.00542,0.00538,0.00541,5683042.0
1781240400000,0.00541,0.00541,0.00537,0.00539,6037924.0
1781244000000,0.00539,0.00543,0.00532,0.00534,24750121.0
1781247600000,0.00534,0.005404,0.00534,0.005395,6228733.0
1781251200000,0.005394,0.005438,0.005388,0.005415,13317864.0
1781254800000,0.005414,0.005486,0.005405,0.00546,19608392.0
1781258400000,0.00546,0.00548,0.00542,0.005436,20064133.0
1781262000000,0.005434,0.005447,0.005427,0.005431,5322704.0
1781265600000,0.005431,0.005447,0.005421,0.005431,6360999.0
1781269200000,0.005438,0.005452,0.005402,0.005421,14723828.0
1781272800000,0.005426,0.005529,0.005419,0.005525,19985836.0
1781276400000,0.005527,0.005547,0.005471,0.005471,13008993.0
1781280000000,0.005471,0.005505,0.005452,0.005488,9790831.0
1781283600000,0.005489,0.005507,0.005462,0.005466,4711152.0
1781287200000,0.005466,0.005477,0.005443,0.005469,4045696.0
1781290800000,0.005469,0.005481,0.005451,0.005457,2913394.0
1781294400000,0.005453,0.005467,0.005435,0.005441,4935942.0
1781298000000,0.005447,0.005451,0.005385,0.0054,5499693.0
1781301600000,0.005393,0.005411,0.005389,0.0054,5422114.0
1781305200000,0.005401,0.005403,0.00538,0.005403,3132479.0
1781308800000,0.005405,0.005431,0.0054,0.005429,7722179.0
1781312400000,0.005425,0.005466,0.005421,0.005462,7086049.0
1781316000000,0.005465,0.005465,0.00543,0.005431,5842892.0
1781319600000,0.005432,0.005439,0.005411,0.005418,7367513.0
1781323200000,0.00542,0.005427,0.00539,0.005407,11554861.0
1781326800000,0.005407,0.005418,0.005402,0.005413,5549729.0
1781330400000,0.005418,0.005473,0.005406,0.005472,8981754.0
1781334000000,0.005473,0.005499,0.005454,0.005485,7620024.0
1781337600000,0.005484,0.005495,0.005472,0.005476,4701418.0
1781341200000,0.005476,0.005495,0.00547,0.005475,4589889.0
1781344800000,0.005478,0.005487,0.005465,0.00547,4010574.0
1781348400000,0.005471,0.0055,0.005467,0.005486,4523964.0
1781352000000,0.005487,0.005496,0.005481,0.005483,3861535.0
1781355600000,0.005483,0.005488,0.005456,0.005464,6720293.0
1781359200000,0.005463,0.005475,0.005451,0.005463,4214580.0
1781362800000,0.005464,0.005488,0.005455,0.005473,4583787.0
1781366400000,0.005473,0.005475,0.005434,0.005468,8573769.0
1781370000000,0.005467,0.005478,0.005451,0.005462,4040183.0
1781373600000,0.005459,0.005471,0.005447,0.005459,4500842.0
1781377200000,0.005456,0.005479,0.00545,0.005473,5314186.0
1781380800000,0.005471,0.005471,0.005456,0.005458,3480692.0
1781384400000,0.005458,0.005506,0.005443,0.0055,5593766.0
1781388000000,0.005492,0.005499,0.005474,0.005484,4553508.0
1781391600000,0.005482,0.005519,0.005479,0.005514,6687814.0
1781395200000,0.005514,0.005539,0.005483,0.005488,7934789.0
1781398800000,0.005488,0.005522,0.005486,0.005506,4954496.0
1781402400000,0.005506,0.005533,0.005499,0.005503,3995805.0
1781406000000,0.005503,0.005538,0.0055,0.005523,8892585.0
1781409600000,0.005521,0.005522,0.005484,0.00549,3626470.0
1781413200000,0.00549,0.005502,0.005442,0.005468,8229171.0
1781416800000,0.005467,0.005487,0.005455,0.005459,2467917.0
1781420400000,0.005459,0.005461,0.005422,0.005453,11673043.0
1781424000000,0.005452,0.00548,0.00545,0.005473,5113607.0
1781427600000,0.005471,0.005479,0.00544,0.00547,3154477.0
1781431200000,0.005469,0.00547,0.005434,0.005436,3283419.0
1781434800000,0.005433,0.00545,0.005431,0.005449,3053712.0
1781438400000,0.005448,0.005453,0.005423,0.005429,4911705.0
1781442000000,0.005429,0.005437,0.005408,0.005416,5409063.0
1781445600000,0.005416,0.005432,0.005345,0.005371,6981453.0
1781449200000,0.005372,0.00538,0.005368,0.005378,4042697.0
1781452800000,0.005374,0.00539,0.005366,0.005375,3164932.0
1781456400000,0.005372,0.005387,0.005348,0.005354,3462647.0
1781460000000,0.005354,0.00537,0.005348,0.005359,2858344.0
1781463600000,0.005359,0.005381,0.005347,0.005375,2540457.0
1781467200000,0.005375,0.005409,0.005369,0.005403,3809780.0
1781470800000,0.005401,0.00558,0.005401,0.005553,8404861.0
1781474400000,0.005553,0.005571,0.005515,0.00554,9755565.0
1781478000000,0.005543,0.005585,0.005527,0.005576,7132104.0
1781481600000,0.005577,0.005612,0.005555,0.005598,8641914.0
1781485200000,0.005597,0.005597,0.005541,0.005555,5451917.0
1781488800000,0.005555,0.005606,0.005549,0.005599,11828947.0
1781492400000,0.005602,0.005607,0.005593,0.005604,2952819.0
1781496000000,0.0056,0.005609,0.005551,0.005575,14776814.0
1781499600000,0.005574,0.005585,0.005545,0.005582,5042170.0
1781503200000,0.005576,0.005592,0.005564,0.00558,2679983.0
1781506800000,0.005578,0.00559,0.005552,0.005555,2869964.0
1781510400000,0.005552,0.00559,0.005552,0.005572,2808380.0
1781514000000,0.00557,0.00559,0.00555,0.005564,2213352.0
1781517600000,0.005562,0.005601,0.005538,0.005599,9193857.0
1781521200000,0.005592,0.00566,0.005585,0.005634,5792084.0
1781524800000,0.005632,0.00568,0.00563,0.00568,10722479.0
1781528400000,0.005677,0.005775,0.00567,0.005747,14229464.0
1781532000000,0.005753,0.00598,0.00573,0.005798,30560190.0
1781535600000,0.005796,0.005848,0.005731,0.005833,15313036.0
1781539200000,0.005833,0.005886,0.005803,0.00583,8033222.0
1781542800000,0.00583,0.005847,0.005796,0.005808,4416759.0
1781546400000,0.005808,0.005845,0.005794,0.005796,5216579.0
1781550000000,0.005799,0.005813,0.005709,0.005746,5987567.0
1781553600000,0.005746,0.00576,0.005724,0.00573,2884715.0
1781557200000,0.005729,0.00573,0.005697,0.005712,3311030.0
1781560800000,0.005717,0.005734,0.005627,0.005651,14045436.0
1781564400000,0.005651,0.005719,0.005642,0.005709,6474531.0
1781568000000,0.005711,0.005742,0.005698,0.005711,7635082.0
1781571600000,0.005711,0.005742,0.00569,0.005704,8670355.0
1781575200000,0.005704,0.005709,0.005586,0.00563,12883908.0
1781578800000,0.005631,0.005679,0.005592,0.005659,14057408.0
1781582400000,0.005659,0.005675,0.005609,0.005628,6478207.0
1781586000000,0.005628,0.00569,0.005613,0.005642,18860399.0
1781589600000,0.005642,0.005699,0.00564,0.005683,9076845.0
1781593200000,0.005684,0.005713,0.005676,0.005686,4611935.0
1781596800000,0.005686,0.00579,0.005685,0.005786,6473406.0
1781600400000,0.005786,0.00579,0.005688,0.005705,13047216.0
1781604000000,0.005705,0.005749,0.005701,0.005713,9377497.0
1781607600000,0.005714,0.005744,0.005686,0.005723,7555049.0
1781611200000,0.005724,0.005747,0.005692,0.005695,6745688.0
1781614800000,0.005697,0.0057,0.005615,0.005637,11494883.0
1781618400000,0.005637,0.005662,0.005528,0.005595,20598360.0
1781622000000,0.005595,0.005676,0.005586,0.005659,12345087.0
1781625600000,0.005658,0.005679,0.005631,0.005644,6307377.0
1781629200000,0.005643,0.005711,0.005636,0.005707,4550443.0
1781632800000,0.005712,0.005752,0.005686,0.005701,19423836.0
1781636400000,0.005702,0.005702,0.005646,0.005659,9247734.0
1781640000000,0.005657,0.005707,0.005646,0.005697,6221175.0
1781643600000,0.005695,0.005716,0.005673,0.005694,7223655.0
1781647200000,0.005693,0.005716,0.005681,0.005698,3130117.0
1781650800000,0.005695,0.005708,0.005681,0.005692,4082421.0
1781654400000,0.005699,0.005712,0.005681,0.005685,4024795.0
1781658000000,0.005686,0.005738,0.005658,0.005734,5725997.0
1781661600000,0.005735,0.005761,0.005703,0.005734,6579035.0
1781665200000,0.005734,0.005734,0.00568,0.005696,4101662.0
1781668800000,0.005698,0.005723,0.00567,0.0057,4530030.0
1781672400000,0.005702,0.00571,0.005663,0.005685,2743421.0
1781676000000,0.005684,0.005692,0.005651,0.005664,3350110.0
1781679600000,0.005665,0.005701,0.005645,0.005676,3489326.0
1781683200000,0.005676,0.005678,0.0056,0.005622,5179489.0
1781686800000,0.005622,0.005636,0.005594,0.005612,6200155.0
1781690400000,0.005612,0.005647,0.005594,0.005633,4388134.0
1781694000000,0.005632,0.005634,0.005578,0.005594,3720482.0
1781697600000,0.005595,0.005639,0.005577,0.005636,4124744.0
1781701200000,0.005636,0.00564,0.005599,0.005621,3260629.0
1781704800000,0.005617,0.005645,0.005576,0.005609,4878821.0
1781708400000,0.005607,0.005707,0.005597,0.005704,3965514.0
1781712000000,0.005702,0.00577,0.005695,0.005728,10301094.0
1781715600000,0.005728,0.00573,0.005676,0.00571,7771264.0
1781719200000,0.005709,0.005745,0.005575,0.005696,19008760.0
1781722800000,0.005698,0.005707,0.005553,0.005579,18451556.0
1781726400000,0.005579,0.005629,0.005566,0.005628,5061911.0
1781730000000,0.005628,0.005628,0.005564,0.005591,3262946.0
1781733600000,0.005594,0.005607,0.005534,0.005589,4273185.0
1781737200000,0.005589,0.00563,0.005586,0.005625,3585416.0
1781740800000,0.005627,0.005664,0.00559,0.005602,5709005.0
1781744400000,0.005602,0.005629,0.005585,0.005603,4628046.0
1781748000000,0.005604,0.005615,0.005575,0.005599,5386552.0
1781751600000,0.005597,0.005597,0.005528,0.005535,5832196.0
1781755200000,0.005534,0.005547,0.005472,0.005498,9682885.0
1781758800000,0.0055,0.005505,0.005455,0.005502,7325629.0
1781762400000,0.005502,0.005518,0.005482,0.005503,3756620.0
1781766000000,0.005502,0.00555,0.005489,0.005531,5500943.0
1781769600000,0.005532,0.005559,0.005518,0.005537,2821122.0
1781773200000,0.005537,0.005541,0.005491,0.005499,8657917.0
1781776800000,0.005499,0.005511,0.005472,0.005498,5697523.0
1781780400000,0.005498,0.005508,0.00546,0.005474,4102116.0
1781784000000,0.005475,0.005512,0.005462,0.005496,3980637.0
1781787600000,0.005498,0.005514,0.005428,0.005467,6131092.0
1781791200000,0.005468,0.005517,0.005452,0.005483,5153894.0
1781794800000,0.005481,0.005481,0.00529,0.005306,20732533.0
1781798400000,0.005306,0.0054,0.005296,0.005386,11717082.0
1781802000000,0.005386,0.005397,0.005332,0.005369,6260377.0
1781805600000,0.00537,0.005433,0.005358,0.005362,10222676.0
1781809200000,0.005361,0.005396,0.005341,0.005385,6980389.0
1781812800000,0.005387,0.005452,0.005387,0.005432,5181204.0
1781816400000,0.005432,0.005436,0.005394,0.005414,3291490.0
1781820000000,0.005413,0.005421,0.005383,0.0054,2273760.0
1781823600000,0.0054,0.00542,0.00537,0.005418,2814755.0
1781827200000,0.005417,0.00542,0.005397,0.005413,1915434.0
1781830800000,0.005412,0.005436,0.005381,0.005436,2208745.0
1781834400000,0.005437,0.005438,0.005392,0.00542,2166203.0
1781838000000,0.005417,0.005417,0.005305,0.005363,19245386.0
1781841600000,0.005361,0.005383,0.005307,0.005312,3029810.0
1781845200000,0.005311,0.005351,0.005307,0.005342,2053925.0
1781848800000,0.005342,0.005366,0.005332,0.005358,9051857.0
1781852400000,0.005355,0.005368,0.00531,0.005324,7492665.0
1781856000000,0.005324,0.005346,0.005312,0.005336,3231945.0
1781859600000,0.005336,0.005339,0.005302,0.00531,2950414.0
1781863200000,0.005312,0.00533,0.005298,0.00532,1954386.0
1781866800000,0.005317,0.005335,0.0053,0.005309,1817180.0
1781870400000,0.005311,0.005354,0.005286,0.00535,7135162.0
1781874000000,0.005348,0.005395,0.005338,0.005384,3879759.0
1781877600000,0.005384,0.005386,0.005349,0.005354,3157563.0
1781881200000,0.005352,0.005384,0.00532,0.005363,7855783.0
1781884800000,0.005363,0.005389,0.005346,0.005349,3929629.0
1781888400000,0.005349,0.005388,0.005337,0.00536,4454353.0
1781892000000,0.00536,0.005362,0.005325,0.005353,2054474.0
1781895600000,0.005351,0.005364,0.005305,0.005349,5449276.0
1781899200000,0.005348,0.005375,0.005337,0.005371,1532671.0
1781902800000,0.005366,0.00538,0.005335,0.005349,3336455.0
1781906400000,0.005349,0.00538,0.005346,0.005364,4502254.0
1781910000000,0.005361,0.005375,0.005338,0.00536,3210726.0
1781913600000,0.005361,0.00538,0.00533,0.00533,7527646.0
1781917200000,0.00533,0.005339,0.005308,0.005327,2741366.0
1781920800000,0.005326,0.00535,0.005326,0.005333,3333106.0
1781924400000,0.005334,0.005346,0.005327,0.005341,1550056.0
1781928000000,0.005342,0.005356,0.005335,0.005355,4044820.0
1781931600000,0.005355,0.0054,0.005347,0.005372,2984515.0
1781935200000,0.00537,0.005399,0.00536,0.005399,1017445.0
1781938800000,0.005397,0.005407,0.00536,0.00537,2742293.0
1781942400000,0.00537,0.005394,0.005353,0.005383,4053081.0
1781946000000,0.005384,0.005428,0.005375,0.005416,6994746.0
1781949600000,0.005417,0.005427,0.005387,0.005405,3441351.0
1781953200000,0.005403,0.00542,0.005366,0.005407,8118172.0
1781956800000,0.005407,0.005421,0.00538,0.005389,3204644.0
1781960400000,0.005389,0.005392,0.005319,0.005356,11192143.0
1781964000000,0.005356,0.00549,0.005308,0.00543,16284268.0
1781967600000,0.005432,0.00554,0.005414,0.00553,13454601.0
1781971200000,0.005534,0.005543,0.005482,0.005503,13237022.0
1781974800000,0.005507,0.005528,0.005485,0.0055,4555060.0
1781978400000,0.005499,0.005535,0.005499,0.005527,3641793.0
1781982000000,0.005523,0.005531,0.005489,0.005501,4476804.0
1781985600000,0.005501,0.005519,0.005475,0.00548,2207975.0
1781989200000,0.005479,0.005495,0.005465,0.00549,3727950.0
1781992800000,0.005487,0.00551,0.00548,0.005484,2904527.0
1781996400000,0.005481,0.005484,0.005468,0.005469,1647793.0
1782000000000,0.00547,0.005484,0.005456,0.00547,3414397.0
1782003600000,0.00547,0.005479,0.005444,0.005471,4646507.0
1782007200000,0.005471,0.005489,0.005442,0.005483,15292777.0
1782010800000,0.005481,0.005488,0.005418,0.005475,13451862.0
1782014400000,0.005474,0.005491,0.005444,0.005445,5326330.0
1782018000000,0.005448,0.005465,0.00542,0.00542,4754957.0
1782021600000,0.00542,0.005459,0.005411,0.00543,4719817.0
1782025200000,0.005434,0.005466,0.005427,0.00544,3392934.0
1782028800000,0.00544,0.005441,0.005392,0.005435,8884066.0
1782032400000,0.00544,0.005473,0.00542,0.005457,2125389.0
1782036000000,0.005457,0.005479,0.005449,0.005454,6145290.0
1782039600000,0.005457,0.005466,0.005417,0.00543,4077884.0
1782043200000,0.00543,0.005477,0.005426,0.00546,4205671.0
1782046800000,0.005459,0.005471,0.005441,0.005442,1582432.0
1782050400000,0.005441,0.00546,0.005429,0.00545,1552084.0
1782054000000,0.005445,0.005467,0.005428,0.005434,3789890.0
1782057600000,0.005434,0.00545,0.005425,0.005435,2008926.0
1782061200000,0.005435,0.005469,0.005432,0.00545,2274920.0
1782064800000,0.005446,0.005463,0.005425,0.005462,1895336.0
1782068400000,0.00546,0.005475,0.005435,0.005442,3177221.0
1782072000000,0.005439,0.005457,0.005386,0.005409,11421138.0
1782075600000,0.005409,0.005422,0.00534,0.005398,14752566.0
1782079200000,0.005393,0.005416,0.005377,0.005403,6847257.0
1782082800000,0.005397,0.005397,0.005331,0.005348,7138994.0
1782086400000,0.005349,0.005425,0.005346,0.005418,5520949.0
1782090000000,0.005419,0.005488,0.0054,0.005456,4469770.0
1782093600000,0.00546,0.00546,0.005413,0.005413,5805020.0
1782097200000,0.005414,0.005433,0.00539,0.005393,4042278.0
1782100800000,0.005392,0.005418,0.005386,0.005411,2278526.0
1782104400000,0.005411,0.005422,0.005398,0.005413,6069166.0
1782108000000,0.005414,0.005422,0.005395,0.005406,4660082.0
1782111600000,0.005406,0.005435,0.005404,0.005411,6524364.0
1782115200000,0.005411,0.005418,0.005391,0.005409,6483695.0
1782118800000,0.00541,0.005417,0.005393,0.005404,6076400.0
1782122400000,0.005406,0.005449,0.005399,0.005431,5819147.0
1782126000000,0.005431,0.005475,0.00542,0.005471,7508517.0
1782129600000,0.005473,0.005488,0.00546,0.005485,3534193.0
1782133200000,0.005484,0.005499,0.005455,0.005493,4316564.0
1782136800000,0.005494,0.005497,0.005432,0.005457,6932411.0
1782140400000,0.005457,0.005468,0.00542,0.00543,4308269.0
1782144000000,0.005431,0.005431,0.005397,0.005422,4120159.0
1782147600000,0.00542,0.005427,0.005388,0.005412,2662213.0
1782151200000,0.005412,0.005421,0.00535,0.005373,9196627.0
1782154800000,0.005373,0.00539,0.005362,0.00538,4573580.0
1782158400000,0.00538,0.005447,0.005376,0.005422,8693395.0
1782162000000,0.005423,0.005437,0.005362,0.00538,6172917.0
1782165600000,0.00538,0.005402,0.005315,0.005345,12880744.0
1782169200000,0.005345,0.005357,0.005324,0.005346,4639424.0
1782172800000,0.005346,0.005366,0.00532,0.005354,3916620.0
1782176400000,0.005353,0.005361,0.005317,0.005336,102831928.0
1782180000000,0.005341,0.005347,0.005284,0.005318,69168923.0
1782183600000,0.005318,0.005333,0.005296,0.005332,5308891.0
1782187200000,0.005333,0.005342,0.005306,0.005312,14287825.0
1782190800000,0.005312,0.005346,0.005299,0.005331,7469039.0
1782194400000,0.005331,0.005337,0.005198,0.005252,27044899.0
1782198000000,0.005252,0.005274,0.00522,0.005225,3976348.0
1782201600000,0.005226,0.005248,0.005113,0.005156,25154927.0
1782205200000,0.005155,0.005187,0.005147,0.005155,8953367.0
1782208800000,0.005159,0.005187,0.005142,0.005156,4974047.0
1782212400000,0.005156,0.005202,0.005153,0.00519,4983157.0
1782216000000,0.005191,0.0052,0.005173,0.005183,3918867.0
1782219600000,0.005181,0.005229,0.00515,0.005221,8467617.0
1782223200000,0.005223,0.005243,0.005192,0.005197,8277224.0
1782226800000,0.005197,0.005205,0.00516,0.005185,5629043.0
1782230400000,0.005185,0.005233,0.005184,0.005191,3789838.0
1782234000000,0.005191,0.005205,0.00516,0.005167,4080754.0
1782237600000,0.005168,0.005178,0.00514,0.005161,4505570.0
1782241200000,0.005161,0.005183,0.005151,0.005178,2678392.0
1782244800000,0.005178,0.005194,0.00517,0.00518,1818379.0
1782248400000,0.00518,0.005215,0.005175,0.00521,3043252.0
1782252000000,0.00521,0.005227,0.00519,0.005194,2658779.0
1782255600000,0.005194,0.005194,0.00517,0.005188,2092991.0
1782259200000,0.005185,0.005205,0.00518,0.0052,2458146.0
1782262800000,0.0052,0.005215,0.00517,0.005192,3628058.0
1782266400000,0.00519,0.0052,0.005155,0.00519,34531480.0
1782270000000,0.005189,0.005194,0.00511,0.005162,74665611.0
1782273600000,0.005162,0.005192,0.005143,0.005185,4744696.0
1782277200000,0.005184,0.005198,0.00518,0.005197,19924702.0
1782280800000,0.005198,0.005289,0.00518,0.005249,31485822.0
1782284400000,0.00525,0.005258,0.005199,0.005225,11032830.0
1782288000000,0.005222,0.005235,0.00521,0.005228,1865281.0
1782291600000,0.005229,0.005236,0.005214,0.005233,2164470.0
1782295200000,0.005231,0.005231,0.005173,0.005176,5407005.0
1782298800000,0.005177,0.005242,0.005119,0.005222,12632452.0
1782302400000,0.005226,0.005234,0.005199,0.005201,2785833.0
1782306000000,0.005202,0.005203,0.00505,0.00509,28177953.0
1782309600000,0.005081,0.005121,0.005071,0.00512,6180265.0
1782313200000,0.005117,0.005126,0.005013,0.005034,16381898.0
1782316800000,0.005037,0.005088,0.004888,0.004941,25950916.0
1782320400000,0.004941,0.004968,0.004828,0.004873,21285254.0
1782324000000,0.004873,0.005007,0.00486,0.004947,10630585.0
1782327600000,0.00495,0.004998,0.004934,0.004991,4511779.0
1782331200000,0.004996,0.005086,0.004983,0.005067,11136066.0
1782334800000,0.005067,0.005075,0.005011,0.005068,6652462.0
1782338400000,0.005068,0.005098,0.005025,0.005041,4166081.0
1782342000000,0.005041,0.005057,0.005035,0.005046,4150571.0
1782345600000,0.005046,0.00507,0.005028,0.005034,5021113.0
1782349200000,0.005035,0.005074,0.005033,0.005066,2703317.0
1782352800000,0.005069,0.005081,0.005048,0.005063,2743540.0
1782356400000,0.00506,0.00507,0.005037,0.00506,4198136.0
1782360000000,0.005061,0.005109,0.00505,0.005105,5179828.0
1782363600000,0.005105,0.005158,0.005105,0.005141,5072295.0
1782367200000,0.00514,0.005155,0.005131,0.005139,1986316.0
1782370800000,0.00514,0.005148,0.005116,0.005133,2299623.0
1782374400000,0.005133,0.005145,0.005125,0.005127,1874847.0
1782378000000,0.005128,0.005137,0.005106,0.005127,4897604.0
1782381600000,0.005129,0.005139,0.0051,0.005111,3427827.0
1782385200000,0.005111,0.005118,0.005087,0.005099,2814822.0
1782388800000,0.005103,0.005138,0.005073,0.005128,4895975.0
1782392400000,0.005128,0.00516,0.004809,0.004831,28637413.0
1782396000000,0.004831,0.00502,0.004824,0.004951,28893232.0
1782399600000,0.004951,0.004962,0.004887,0.004958,6853751.0
1782403200000,0.004958,0.005003,0.004927,0.004943,5444038.0
1782406800000,0.004942,0.005012,0.004934,0.005005,4025153.0
1782410400000,0.005006,0.005009,0.004936,0.004948,3519732.0
1782414000000,0.004951,0.004953,0.004903,0.004919,3034574.0
1782417600000,0.004919,0.004967,0.004919,0.004929,3549611.0
1782421200000,0.00493,0.005006,0.004926,0.004993,13678246.0
1782424800000,0.004996,0.004996,0.004942,0.004947,3089751.0
1782428400000,0.004947,0.004975,0.004929,0.004946,3519772.0
1782432000000,0.004946,0.004975,0.004935,0.004956,4118085.0
1782435600000,0.004956,0.004984,0.004928,0.00494,5850409.0
1782439200000,0.004941,0.004941,0.004826,0.004877,19584029.0
1782442800000,0.004878,0.004993,0.004835,0.004981,11145276.0
1782446400000,0.00498,0.004982,0.004931,0.004932,7210124.0
1782450000000,0.004935,0.004973,0.004924,0.004961,4087802.0
1782453600000,0.004959,0.00505,0.00494,0.005047,3815370.0
1782457200000,0.005048,0.005098,0.005041,0.00508,3376934.0
1782460800000,0.00508,0.005082,0.005042,0.00506,3670243.0
1782464400000,0.005059,0.005062,0.004993,0.004993,7943282.0
1782468000000,0.004993,0.005013,0.004963,0.004972,3627012.0
1782471600000,0.004969,0.004988,0.004942,0.004967,3071619.0
1782475200000,0.004966,0.005009,0.004907,0.004928,7023083.0
1782478800000,0.00493,0.005065,0.004875,0.005061,14832047.0
1782482400000,0.005058,0.00508,0.005014,0.005024,9039189.0
1782486000000,0.005023,0.005098,0.005012,0.005063,12708138.0
1782489600000,0.005064,0.005188,0.005055,0.005116,25332234.0
1782493200000,0.005116,0.005155,0.005094,0.00513,17944900.0
1782496800000,0.00513,0.00514,0.005104,0.005115,3010681.0
1782500400000,0.005116,0.005153,0.005103,0.005118,4894591.0
1782504000000,0.005114,0.005155,0.005093,0.0051,5005407.0
1782507600000,0.0051,0.005103,0.005081,0.005092,1363333.0
1782511200000,0.005092,0.005098,0.005047,0.005095,6684435.0
1782514800000,0.00509,0.005101,0.00508,0.005093,1755723.0
1782518400000,0.005092,0.005117,0.005084,0.00509,6673759.0
1782522000000,0.005091,0.005094,0.005056,0.005068,3674657.0
1782525600000,0.005066,0.005153,0.00506,0.00515,10196260.0
1782529200000,0.005145,0.005145,0.005101,0.005102,6682191.0
1782532800000,0.005102,0.005114,0.005052,0.005058,3438325.0
1782536400000,0.005058,0.005095,0.005052,0.005087,2792665.0
1782540000000,0.005087,0.005112,0.005076,0.0051,3057373.0
1782543600000,0.005095,0.005331,0.00508,0.005132,78378335.0
1782547200000,0.005132,0.005173,0.005111,0.005121,29124305.0
1782550800000,0.005122,0.005132,0.005084,0.005112,5769011.0
1782554400000,0.005112,0.005131,0.005088,0.00511,7402790.0
1782558000000,0.00511,0.005129,0.005067,0.005113,9935263.0
1782561600000,0.005113,0.005169,0.0051,0.005125,6023783.0
1782565200000,0.005125,0.005142,0.005117,0.005131,1788743.0
1782568800000,0.005131,0.005173,0.005121,0.005168,5892329.0
1782572400000,0.005168,0.005239,0.005165,0.005223,7458448.0
1782576000000,0.005223,0.005231,0.005174,0.005177,6044896.0
1782579600000,0.005177,0.005184,0.005116,0.005156,8721699.0
1782583200000,0.005155,0.005205,0.005125,0.005166,12197120.0
1782586800000,0.005169,0.005172,0.005118,0.005118,3728181.0
1782590400000,0.00512,0.00514,0.005119,0.005123,1059693.0
1782594000000,0.005119,0.005143,0.005068,0.005084,7980680.0
1782597600000,0.005084,0.005113,0.005048,0.005107,4122771.0
1782601200000,0.005107,0.005107,0.00508,0.005089,1051832.0
1782604800000,0.005089,0.005112,0.00508,0.005091,1905701.0
1782608400000,0.005091,0.005126,0.005081,0.005125,1745101.0
1782612000000,0.00512,0.005192,0.005101,0.005187,4904808.0
1782615600000,0.005186,0.005206,0.005152,0.005178,5213348.0
1782619200000,0.005176,0.005179,0.00512,0.005144,7494244.0
1782622800000,0.005148,0.005148,0.005089,0.00513,3135506.0
1782626400000,0.00513,0.005142,0.00511,0.005137,4088338.0
1782630000000,0.005141,0.00516,0.005132,0.005136,2599643.0
1782633600000,0.005136,0.00516,0.005116,0.00514,1094398.0
1782637200000,0.005136,0.005161,0.00513,0.00514,2490214.0
1782640800000,0.00514,0.005152,0.005122,0.005143,4941589.0
1782644400000,0.005143,0.005195,0.005127,0.005189,5118469.0
1782648000000,0.005192,0.005255,0.005161,0.005232,9410963.0
1782651600000,0.005234,0.00599,0.0052,0.005538,888642903.0
1782655200000,0.005542,0.00579,0.005324,0.005394,326247392.0
1782658800000,0.005391,0.00552,0.005275,0.005402,228614801.0
1782662400000,0.005402,0.00542,0.005243,0.005334,106252530.0
1782666000000,0.005333,0.005371,0.005212,0.0053,44409325.0
1782669600000,0.005302,0.00538,0.00529,0.005339,39676923.0
1782673200000,0.005348,0.005358,0.005292,0.005319,37185555.0
1782676800000,0.005322,0.005345,0.005221,0.005232,40538356.0
1782680400000,0.005237,0.005299,0.005219,0.005256,27362044.0
1782684000000,0.005256,0.005324,0.005228,0.005274,25273016.0
1782687600000,0.005275,0.005482,0.005265,0.005389,51009999.0
1782691200000,0.005385,0.005388,0.005223,0.005309,56997513.0
1782694800000,0.005313,0.005348,0.005239,0.005343,18633017.0
1782698400000,0.005344,0.005392,0.005261,0.005329,45844669.0
1782702000000,0.005328,0.005381,0.005273,0.005305,26086374.0
1782705600000,0.005303,0.005314,0.005178,0.005203,30429564.0
1782709200000,0.0052,0.005206,0.005113,0.005174,46345278.0
1782712800000,0.005176,0.005207,0.005161,0.005179,15653638.0
1782716400000,0.005182,0.005238,0.005146,0.005148,13632081.0
1782720000000,0.005147,0.005172,0.005122,0.005128,12979636.0
1782723600000,0.005128,0.005161,0.005109,0.00515,12118331.0
1782727200000,0.005148,0.005196,0.005144,0.005161,8649680.0
1782730800000,0.005161,0.00531,0.005149,0.005172,45171841.0
1782734400000,0.005173,0.005242,0.005144,0.005165,18442552.0
1782738000000,0.005166,0.005203,0.005123,0.005157,16421886.0
1782741600000,0.005158,0.005186,0.005122,0.005169,19354904.0
1782745200000,0.00517,0.005193,0.005129,0.005172,9258044.0
1782748800000,0.005172,0.005196,0.005161,0.005183,8656424.0
1782752400000,0.005182,0.005268,0.005181,0.005231,17825265.0
1782756000000,0.00523,0.005245,0.005211,0.005235,3474357.0
1782759600000,0.005234,0.005253,0.00522,0.005233,5817396.0
1782763200000,0.005233,0.005233,0.005195,0.005201,3777416.0
1782766800000,0.0052,0.00521,0.005185,0.005206,4633637.0
1782770400000,0.005202,0.005208,0.005164,0.005176,5323118.0
1782774000000,0.005175,0.005177,0.005131,0.005159,10256784.0
1782777600000,0.005161,0.00517,0.005058,0.00508,23111199.0
1782781200000,0.005074,0.005085,0.00502,0.00505,22492374.0
1782784800000,0.005049,0.005067,0.004991,0.005046,19925185.0
1782788400000,0.005045,0.005062,0.004954,0.004981,20243225.0
1782792000000,0.004979,0.005001,0.00497,0.004996,12598001.0
1782795600000,0.004996,0.005001,0.00492,0.004958,16086822.0
1782799200000,0.004958,0.005012,0.004958,0.005,9144696.0
1782802800000,0.005,0.005019,0.004972,0.004986,10108772.0
1782806400000,0.004985,0.005003,0.004948,0.004971,10150227.0
1782810000000,0.00497,0.004979,0.004952,0.004969,5671173.0
1782813600000,0.004969,0.004982,0.004954,0.004954,4145143.0
1782817200000,0.004954,0.005,0.004926,0.004972,18458812.0
1782820800000,0.004969,0.005277,0.004867,0.004898,200214620.0
1782824400000,0.004896,0.004941,0.004878,0.004926,25264199.0
1782828000000,0.004925,0.004976,0.004916,0.00494,8647929.0
1782831600000,0.004943,0.004965,0.004898,0.004935,14628869.0
1782835200000,0.004936,0.004963,0.004912,0.004943,6524109.0
1782838800000,0.004942,0.004969,0.004923,0.004929,6183633.0
1782842400000,0.004928,0.004962,0.004925,0.004959,2186942.0
1782846000000,0.004958,0.00497,0.004922,0.004929,8406851.0
1782849600000,0.004928,0.00495,0.00491,0.004917,5348933.0
1782853200000,0.004916,0.004935,0.004898,0.004913,7387880.0
1782856800000,0.004913,0.004936,0.004902,0.004915,7630158.0
1782860400000,0.004914,0.004927,0.004902,0.004925,2375320.0
1782864000000,0.004925,0.005046,0.004878,0.0049,20942801.0
1782867600000,0.0049,0.00493,0.004813,0.004891,22937015.0
1782871200000,0.004892,0.004959,0.004882,0.00494,7927889.0
1782874800000,0.004941,0.005014,0.00492,0.004995,56718250.0
1782878400000,0.004995,0.005018,0.004962,0.00499,7366477.0
1782882000000,0.00499,0.004998,0.004957,0.004963,4695632.0
1782885600000,0.004963,0.004967,0.0049,0.004907,11228592.0
1782889200000,0.00491,0.004987,0.0049,0.00497,10125593.0
1782892800000,0.004967,0.005004,0.004933,0.004996,11144793.0
1782896400000,0.004999,0.00501,0.004972,0.004987,4760223.0
1782900000000,0.004987,0.004991,0.004932,0.004979,9672082.0
1782903600000,0.004973,0.005054,0.00497,0.004988,17346392.0
1782907200000,0.004988,0.00502,0.004968,0.004997,9003258.0
1782910800000,0.004997,0.005048,0.004965,0.005031,11944192.0
1782914400000,0.005033,0.005111,0.005033,0.005062,9931899.0
1782918000000,0.005063,0.005132,0.005059,0.00511,6596163.0
1782921600000,0.00511,0.00512,0.005072,0.005086,8215608.0
1782925200000,0.005084,0.005128,0.005065,0.005123,5973590.0
1782928800000,0.005122,0.005129,0.005082,0.005097,5074519.0
1782932400000,0.005095,0.005111,0.00508,0.005083,3243511.0
1782936000000,0.005086,0.005139,0.005085,0.005134,10667244.0
1782939600000,0.005136,0.005197,0.00513,0.005175,8816153.0
1782943200000,0.005176,0.005207,0.00516,0.005176,9589106.0
1782946800000,0.005176,0.005176,0.005135,0.005168,9081094.0
1782950400000,0.005168,0.005175,0.005075,0.005098,14852329.0
1782954000000,0.005097,0.005153,0.005094,0.005141,6505963.0
1782957600000,0.005141,0.005146,0.005103,0.005139,5133395.0
1782961200000,0.005139,0.005177,0.005108,0.005155,5472103.0
1782964800000,0.005154,0.005158,0.005123,0.005144,2956681.0
1782968400000,0.005145,0.005166,0.005133,0.005139,4402002.0
1782972000000,0.005139,0.005153,0.005122,0.00513,2928441.0
1782975600000,0.005131,0.005145,0.005109,0.005136,3691327.0
1782979200000,0.005137,0.005155,0.005131,0.005151,3059986.0
1782982800000,0.005152,0.00523,0.005145,0.005223,9707765.0
1782986400000,0.005222,0.00526,0.005197,0.005205,7879557.0
1782990000000,0.005203,0.005228,0.005183,0.005199,6215904.0
1782993600000,0.005199,0.005226,0.005185,0.005216,6218911.0
1782997200000,0.005216,0.005249,0.005193,0.005236,13119770.0
1783000800000,0.005235,0.005251,0.005196,0.005212,6916711.0
1783004400000,0.005213,0.005233,0.005204,0.005222,3071880.0
1783008000000,0.005222,0.005243,0.005199,0.00522,4468842.0
1783011600000,0.00522,0.005238,0.005205,0.005208,4143007.0
1783015200000,0.005209,0.00522,0.005192,0.005197,2007871.0
1783018800000,0.005197,0.005203,0.005183,0.00519,2993172.0
1783022400000,0.005191,0.005194,0.005173,0.005193,4557738.0
1783026000000,0.005192,0.005219,0.005172,0.005195,3053871.0
1783029600000,0.005194,0.005217,0.005183,0.005213,1745954.0
1783033200000,0.005212,0.005218,0.005183,0.005214,3392645.0
1783036800000,0.005214,0.005216,0.005189,0.005195,3018226.0
1783040400000,0.005194,0.00523,0.005185,0.005225,2788777.0
1783044000000,0.005226,0.005242,0.0052,0.005216,3087723.0
1783047600000,0.005217,0.005225,0.005197,0.005221,2134086.0
1783051200000,0.00522,0.005244,0.005206,0.005233,2986680.0
1783054800000,0.005234,0.005238,0.00521,0.005229,2370061.0
1783058400000,0.005228,0.005269,0.005221,0.005258,8852125.0
1783062000000,0.005255,0.005258,0.005227,0.005243,3583098.0
1783065600000,0.005243,0.005265,0.005238,0.005241,3028495.0
1783069200000,0.00524,0.005305,0.005091,0.005246,146916921.0
1783072800000,0.005248,0.005271,0.005205,0.005265,29472251.0
1783076400000,0.005265,0.005273,0.005255,0.00526,3091684.0
1783080000000,0.00526,0.005596,0.005245,0.005306,102131397.0
1783083600000,0.005307,0.00533,0.00527,0.005312,16708590.0
1783087200000,0.005311,0.005325,0.005285,0.005311,5514394.0
1783090800000,0.005312,0.005321,0.005298,0.005308,3725270.0
1783094400000,0.005309,0.005322,0.00529,0.005311,3327554.0
1783098000000,0.005311,0.00536,0.005309,0.005324,6330753.0
1783101600000,0.005325,0.005328,0.005308,0.005315,1686469.0
1783105200000,0.005315,0.005369,0.00531,0.005355,9738177.0
1783108800000,0.005357,0.005413,0.005356,0.005399,4190116.0
1783112400000,0.0054,0.005408,0.005371,0.005392,5719624.0
1783116000000,0.005394,0.005397,0.005356,0.005378,4727349.0
1783119600000,0.005377,0.005396,0.005367,0.005387,4308761.0
1783123200000,0.005389,0.005416,0.005373,0.005386,6220378.0
1783126800000,0.005385,0.005386,0.00532,0.00533,8137357.0
1783130400000,0.005328,0.005356,0.005324,0.005351,1777577.0
1783134000000,0.005353,0.005363,0.005332,0.005339,2868170.0
1783137600000,0.005339,0.005362,0.005333,0.005349,3091453.0
1783141200000,0.005348,0.005355,0.005322,0.005331,2242248.0
1783144800000,0.005327,0.005346,0.005315,0.005329,6195674.0
1783148400000,0.005329,0.005338,0.005311,0.005333,1912845.0
1783152000000,0.005333,0.005363,0.005328,0.005351,1844102.0
1783155600000,0.005352,0.005374,0.005334,0.005353,3009296.0
1783159200000,0.005353,0.005369,0.005328,0.005336,2638158.0
1783162800000,0.005336,0.005385,0.005334,0.005365,2741758.0
1783166400000,0.005364,0.005392,0.005358,0.005386,3868377.0
1783170000000,0.005386,0.005395,0.005366,0.005382,1683158.0
1783173600000,0.005383,0.005397,0.005376,0.005395,2595527.0
1783177200000,0.005393,0.005431,0.005385,0.005417,4882166.0
1783180800000,0.005416,0.005424,0.005405,0.00542,2313448.0
1783184400000,0.005419,0.005455,0.0054,0.005447,3703177.0
1783188000000,0.005448,0.005455,0.005431,0.005439,2580974.0
1783191600000,0.005439,0.005444,0.005425,0.00543,1519125.0
1783195200000,0.00543,0.005435,0.005406,0.005429,11959448.0
1783198800000,0.005429,0.005437,0.005407,0.005415,4386878.0
1783202400000,0.005413,0.005415,0.005395,0.005413,3236647.0
1783206000000,0.005414,0.005414,0.005375,0.005395,2525461.0
1783209600000,0.005395,0.00557,0.005366,0.005382,50332203.0
1783213200000,0.005383,0.005404,0.005345,0.005369,3878653.0
1783216800000,0.00537,0.005373,0.005288,0.00531,11944189.0
1783220400000,0.005313,0.005343,0.00531,0.005315,3498277.0
1783224000000,0.005315,0.005339,0.0053,0.005328,5359766.0
1783227600000,0.005328,0.005331,0.005287,0.005303,3090397.0
1783231200000,0.005302,0.005339,0.005287,0.005336,9744097.0
1783234800000,0.005335,0.005359,0.005322,0.005354,2289814.0
1783238400000,0.005353,0.005384,0.005325,0.005335,5549072.0
1783242000000,0.005336,0.005341,0.005275,0.005291,8154953.0
1783245600000,0.00529,0.005295,0.005248,0.005274,10056120.0
1783249200000,0.005272,0.00528,0.005256,0.00527,2575060.0
1783252800000,0.00527,0.005294,0.00526,0.005281,3428133.0
1783256400000,0.005282,0.005288,0.005232,0.005275,9451234.0
1783260000000,0.005275,0.005298,0.005271,0.005294,4199109.0
1783263600000,0.005295,0.005307,0.005265,0.005274,2797105.0
1783267200000,0.005271,0.005405,0.00527,0.005353,16330671.0
1783270800000,0.005353,0.005353,0.00531,0.005318,5382281.0
1783274400000,0.005318,0.005332,0.00531,0.005316,1701124.0
1783278000000,0.005316,0.005416,0.005314,0.005339,12669133.0
1783281600000,0.005341,0.005377,0.005318,0.005336,10411755.0
1783285200000,0.005339,0.005359,0.00532,0.005343,3729568.0
1783288800000,0.00534,0.005381,0.005301,0.00536,5948535.0
1783292400000,0.00536,0.00538,0.005339,0.005358,4031162.0
1783296000000,0.005358,0.005359,0.005246,0.005337,14981731.0
1783299600000,0.005335,0.00547,0.005313,0.00535,21853347.0
1783303200000,0.005346,0.00536,0.00532,0.005351,3822138.0
1783306800000,0.005353,0.005353,0.005302,0.005318,6651511.0
1783310400000,0.00532,0.005332,0.00531,0.00532,1392640.0
1783314000000,0.005316,0.005322,0.005268,0.005294,2829242.0
1783317600000,0.005294,0.005307,0.005284,0.005307,1733601.0
1783321200000,0.005305,0.005331,0.005293,0.00532,4324801.0
1783324800000,0.005322,0.005329,0.005277,0.005282,4700236.0
1783328400000,0.005282,0.005295,0.005258,0.005262,4848662.0
1783332000000,0.005265,0.00529,0.005255,0.005277,4242505.0
1783335600000,0.005279,0.005314,0.00526,0.005261,10915621.0
1783339200000,0.00526,0.005261,0.00518,0.005205,21299862.0
1783342800000,0.005201,0.005264,0.00518,0.005246,15779115.0
1783346400000,0.00524,0.005295,0.005232,0.005267,4190502.0
1783350000000,0.005267,0.005358,0.005262,0.005348,4472598.0
1783353600000,0.005348,0.005385,0.005298,0.005369,27205630.0
1783357200000,0.00537,0.005372,0.005343,0.005344,2977341.0
1783360800000,0.005343,0.005364,0.00534,0.005347,3791137.0
1783364400000,0.005349,0.00537,0.005286,0.005336,18378750.0
1783368000000,0.005333,0.005337,0.005317,0.005321,2198816.0
1783371600000,0.005321,0.00541,0.005313,0.005351,13752285.0
1783375200000,0.005351,0.005354,0.005315,0.005321,3151147.0
1783378800000,0.005319,0.005333,0.005306,0.005314,2504552.0
1783382400000,0.005314,0.005334,0.005282,0.005321,14587808.0
1783386000000,0.005317,0.005318,0.005266,0.005278,3846965.0
1783389600000,0.005276,0.005282,0.005241,0.005253,2340250.0
1783393200000,0.005252,0.005265,0.005234,0.005243,2422399.0
1783396800000,0.005245,0.005258,0.005234,0.005246,2227049.0
1783400400000,0.005247,0.00526,0.005215,0.005251,6690338.0
1783404000000,0.005251,0.005265,0.005238,0.00526,2117070.0
1783407600000,0.00526,0.005281,0.005189,0.005211,27720852.0
1783411200000,0.005211,0.005241,0.005202,0.005217,8065442.0
1783414800000,0.005215,0.00524,0.005201,0.005217,4360172.0
1783418400000,0.005216,0.005261,0.005214,0.005238,4552615.0
1783422000000,0.005235,0.00527,0.00522,0.00527,3077616.0
1783425600000,0.00527,0.005289,0.005257,0.005266,2483842.0
1783429200000,0.005266,0.005266,0.005205,0.005219,12180371.0
1783432800000,0.005218,0.005249,0.00517,0.005244,8207952.0
1783436400000,0.005243,0.005279,0.005229,0.00527,2974568.0
1783440000000,0.005267,0.0053,0.005262,0.005284,4981473.0
1783443600000,0.005282,0.005296,0.005252,0.005285,4751912.0
1783447200000,0.005287,0.005287,0.005214,0.005216,3567412.0
1783450800000,0.005213,0.005235,0.005183,0.005219,11909565.0
1783454400000,0.005222,0.005235,0.005165,0.005188,8670542.0
1783458000000,0.005186,0.0052,0.005145,0.005167,4079126.0
1783461600000,0.005165,0.005174,0.00513,0.005163,5840858.0
1783465200000,0.005162,0.005175,0.005145,0.005149,3544872.0
1783468800000,0.00515,0.005169,0.005107,0.005158,15764186.0
1783472400000,0.005159,0.005165,0.005077,0.005089,7679955.0
1783476000000,0.005085,0.005089,0.005047,0.005085,5067779.0
1783479600000,0.005087,0.005112,0.005061,0.005071,17197450.0
1783483200000,0.005072,0.005086,0.005056,0.005077,3624589.0
1783486800000,0.00508,0.005103,0.005077,0.005095,4048590.0
1783490400000,0.005093,0.005119,0.00507,0.005112,6962815.0
1783494000000,0.005113,0.005125,0.005092,0.005115,3100240.0
1783497600000,0.005114,0.005122,0.005029,0.005049,11092823.0
1783501200000,0.005046,0.00507,0.005031,0.00505,3374255.0
1783504800000,0.005055,0.005074,0.005038,0.005066,3332086.0
1783508400000,0.005065,0.005134,0.005038,0.005095,35417440.0
1783512000000,0.005094,0.005112,0.005041,0.005053,11155710.0
1783515600000,0.005055,0.00508,0.00504,0.005073,6287956.0
1783519200000,0.005074,0.00509,0.005042,0.005065,3974813.0
1783522800000,0.005065,0.005066,0.005005,0.005016,7773094.0
1783526400000,0.005014,0.005082,0.005013,0.005067,4975636.0
1783530000000,0.005068,0.005087,0.005046,0.00505,4575736.0
1783533600000,0.005049,0.005065,0.005034,0.005051,1300829.0
1783537200000,0.005051,0.005065,0.005042,0.005058,937425.0
1783540800000,0.005058,0.005065,0.005041,0.005049,2054514.0
1783544400000,0.005048,0.005078,0.005026,0.005073,9997910.0
1783548000000,0.005076,0.005094,0.005067,0.005094,2200739.0
1783551600000,0.005093,0.005099,0.005076,0.005087,2440479.0
1783555200000,0.005087,0.0051,0.005079,0.005087,3195836.0
1783558800000,0.005085,0.005134,0.005077,0.005079,3478516.0
1783562400000,0.00508,0.00511,0.005069,0.005082,1500099.0
1783566000000,0.005081,0.005089,0.005052,0.005085,4561029.0
1783569600000,0.005082,0.005121,0.005076,0.005111,2721504.0
1783573200000,0.005109,0.005139,0.005098,0.005126,4175278.0
1783576800000,0.005126,0.005153,0.005126,0.005145,2724639.0
1783580400000,0.005147,0.005157,0.005126,0.005135,2225842.0
1783584000000,0.005131,0.00517,0.005128,0.005138,8136816.0
1783587600000,0.005138,0.005148,0.005116,0.005144,4063550.0
1783591200000,0.005143,0.005143,0.005126,0.005133,1046110.0
1783594800000,0.005133,0.005138,0.005086,0.005122,9536264.0
1783598400000,0.005125,0.005133,0.005111,0.005115,3136745.0
1783602000000,0.005114,0.005126,0.005094,0.005124,3096826.0
1783605600000,0.005125,0.005128,0.005101,0.005117,3146296.0
1783609200000,0.005118,0.005132,0.005107,0.00511,1967432.0
1783612800000,0.005108,0.005119,0.0051,0.005107,3189666.0
1783616400000,0.005104,0.005138,0.0051,0.005132,3020900.0
1783620000000,0.005133,0.005161,0.00513,0.00514,6204346.0
1783623600000,0.005138,0.00514,0.005116,0.005125,2494483.0
1783627200000,0.005121,0.005123,0.005101,0.005117,2584894.0
1783630800000,0.005119,0.005122,0.005096,0.005104,2942585.0
1783634400000,0.005108,0.005114,0.005097,0.005098,2098382.0
1783638000000,0.005098,0.005106,0.005061,0.005093,7567791.0
1783641600000,0.005091,0.005097,0.005066,0.005092,2613458.0
1783645200000,0.005096,0.00517,0.00508,0.00515,5683325.0
1783648800000,0.005152,0.005156,0.00512,0.005143,3445632.0
1783652400000,0.005142,0.005145,0.00512,0.005135,2679679.0
1783656000000,0.005135,0.005157,0.005134,0.005152,2701445.0
1783659600000,0.005151,0.005177,0.00513,0.005163,16771423.0
1783663200000,0.005161,0.005163,0.005131,0.005149,8839743.0
1783666800000,0.005145,0.005178,0.005122,0.005169,18135149.0
1783670400000,0.005167,0.005194,0.005157,0.005181,6626747.0
1783674000000,0.005176,0.005206,0.005163,0.005198,3720137.0
1783677600000,0.005195,0.00522,0.005186,0.005218,18970967.0
1783681200000,0.005213,0.005234,0.005209,0.005223,3945046.0
1783684800000,0.00522,0.005234,0.005187,0.005195,5575616.0
1783688400000,0.005189,0.005213,0.005174,0.005194,4297306.0
1783692000000,0.005193,0.005198,0.005108,0.005157,10838028.0
1783695600000,0.00516,0.005181,0.005158,0.005178,2359041.0
1783699200000,0.005178,0.005183,0.005152,0.005171,4995086.0
1783702800000,0.005171,0.00518,0.005149,0.005149,1557526.0
1783706400000,0.005149,0.005165,0.005117,0.005128,7648104.0
1783710000000,0.005129,0.00515,0.005121,0.005136,3312827.0
1783713600000,0.005135,0.00515,0.005111,0.005111,9268545.0
1783717200000,0.005111,0.005149,0.005111,0.005145,3565559.0
1783720800000,0.005145,0.00516,0.005131,0.005145,6665397.0
1783724400000,0.005145,0.005169,0.005145,0.005162,7709420.0
1783728000000,0.005162,0.00518,0.005152,0.005174,3315462.0
1783731600000,0.005173,0.005191,0.005164,0.005165,3402409.0
1783735200000,0.005165,0.005177,0.005157,0.005174,1875114.0
1783738800000,0.005172,0.005175,0.005157,0.005167,2205254.0
1783742400000,0.005168,0.005168,0.005135,0.005142,3724662.0
1783746000000,0.005142,0.005169,0.005137,0.005157,4029071.0
1783749600000,0.005157,0.005168,0.005151,0.005155,2115831.0
1783753200000,0.005152,0.005164,0.005147,0.00516,1919884.0
1783756800000,0.005156,0.005163,0.005147,0.005157,1823651.0
1783760400000,0.005156,0.005175,0.00515,0.005161,1439910.0
1783764000000,0.005161,0.005171,0.005155,0.005162,1726165.0
1783767600000,0.005162,0.005196,0.005155,0.00519,4849382.0
1783771200000,0.005191,0.005239,0.005191,0.005229,7301744.0
1783774800000,0.005228,0.005242,0.005217,0.005219,2402090.0
1783778400000,0.005219,0.005266,0.005219,0.005246,8690741.0
1783782000000,0.005244,0.005256,0.005205,0.005232,6327700.0
1783785600000,0.005232,0.005243,0.00522,0.005242,3567244.0
1783789200000,0.005239,0.005249,0.005216,0.005229,4593945.0
1783792800000,0.005227,0.005242,0.005224,0.005232,2053366.0
1783796400000,0.005232,0.005259,0.005222,0.00523,5591736.0
1783800000000,0.00523,0.005272,0.005223,0.005252,11570358.0
1783803600000,0.005252,0.005282,0.005242,0.005242,15192685.0
1783807200000,0.005247,0.005251,0.005206,0.005214,3848585.0
1783810800000,0.005214,0.005225,0.005136,0.005141,12292741.0
1783814400000,0.00514,0.005161,0.005112,0.005139,7958205.0
1783818000000,0.005141,0.005166,0.005138,0.005166,5366652.0
1783821600000,0.005167,0.005195,0.005157,0.005187,7886669.0
1783825200000,0.005189,0.005208,0.00518,0.005194,3936943.0
1783828800000,0.005195,0.005198,0.005158,0.00517,3965566.0
1783832400000,0.005173,0.005184,0.005155,0.005181,11464485.0
1783836000000,0.00518,0.005183,0.005131,0.005146,2920019.0
1783839600000,0.005142,0.005153,0.005133,0.005146,2019684.0
1783843200000,0.005143,0.005164,0.005138,0.005153,2909588.0
1783846800000,0.005155,0.005157,0.005142,0.005152,1665517.0
1783850400000,0.00515,0.005159,0.00514,0.005153,1528734.0
1783854000000,0.00515,0.005171,0.005133,0.005161,4108514.0
1783857600000,0.00516,0.005173,0.005146,0.005162,7592266.0
1783861200000,0.005157,0.005175,0.005143,0.005149,6272656.0
1783864800000,0.005145,0.005169,0.005123,0.005163,6383004.0
1783868400000,0.005163,0.005172,0.005154,0.005158,4581841.0
1783872000000,0.005155,0.005173,0.005141,0.005152,3751140.0
1783875600000,0.005152,0.005162,0.005124,0.005134,4945996.0
1783879200000,0.00513,0.005144,0.00513,0.005139,996625.0
1783882800000,0.005139,0.005157,0.005127,0.005149,11974311.0
1783886400000,0.005151,0.005157,0.005132,0.005139,1101787.0
1783890000000,0.005141,0.005152,0.00511,0.00511,1991086.0
1783893600000,0.00511,0.005111,0.005051,0.005068,10211273.0
1783897200000,0.005068,0.005073,0.005035,0.005042,4402593.0
1783900800000,0.005044,0.005691,0.005037,0.005495,609803283.0
1783904400000,0.005497,0.005768,0.005484,0.005642,305245986.0
1783908000000,0.00564,0.005679,0.005538,0.00563,176894708.0
1783911600000,0.005633,0.005786,0.005431,0.00569,263018427.0
1783915200000,0.005688,0.006127,0.005688,0.005922,1070304692.0
1783918800000,0.005922,0.005997,0.005776,0.005968,496856927.0
1783922400000,0.00597,0.007261,0.005931,0.007132,5524288021.0
1783926000000,0.007133,0.007219,0.006922,0.007142,3565677260.0
1783929600000,0.007143,0.00715,0.006363,0.006583,4868549210.0
1783933200000,0.006583,0.006829,0.006481,0.006588,2347257328.0
1783936800000,0.00659,0.006693,0.006386,0.006412,1651979379.0
1783940400000,0.006413,0.006647,0.006281,0.006538,1400724755.0
1783944000000,0.006535,0.006608,0.006373,0.006537,1030309147.0
1783947600000,0.006537,0.006621,0.006395,0.006578,1256702291.0
1783951200000,0.006578,0.006686,0.006396,0.006585,1299499021.0
1783954800000,0.006585,0.006912,0.00645,0.006471,2544852346.0
1783958400000,0.006473,0.006478,0.006254,0.006381,1506430231.0
1783962000000,0.006381,0.006538,0.006323,0.006436,749442128.0
1783965600000,0.006436,0.006515,0.006222,0.006284,844984454.0
1783969200000,0.006283,0.00643,0.006279,0.006383,471012004.0
1783972800000,0.006384,0.006686,0.006346,0.006482,1469252420.0
1783976400000,0.006482,0.00662,0.006478,0.006518,848771422.0
1783980000000,0.00652,0.006735,0.006458,0.006522,1713005974.0
1783983600000,0.006522,0.00672,0.006491,0.006584,1192171649.0
1783987200000,0.00659,0.006786,0.006426,0.006437,1919593164.0
1783990800000,0.006436,0.006765,0.006373,0.006538,1081538343.0
1783994400000,0.00654,0.0066,0.00639,0.006418,595988142.0
1783998000000,0.006418,0.006462,0.005922,0.006012,1430566374.0
1784001600000,0.006013,0.006042,0.005887,0.005922,475767900.0
1784005200000,0.005924,0.006034,0.005915,0.005992,312317144.0
1784008800000,0.005993,0.006061,0.005945,0.00597,346065018.0
1784012400000,0.005972,0.006017,0.005743,0.005773,592200375.0
1784016000000,0.005771,0.005895,0.005716,0.005869,489134048.0
1784019600000,0.00587,0.005883,0.005827,0.005868,213010280.0
1784023200000,0.005868,0.00605,0.005859,0.005903,325823238.0
1784026800000,0.005903,0.005996,0.005882,0.005911,169454365.0
1784030400000,0.00591,0.005986,0.005866,0.005964,268359128.0
1784034000000,0.005964,0.005966,0.005798,0.005883,477085483.0
1784037600000,0.005883,0.005909,0.005805,0.005871,170111544.0
1784041200000,0.005869,0.005967,0.005853,0.005926,173386116.0
1784044800000,0.005925,0.005926,0.005826,0.005862,158057641.0
1784048400000,0.005863,0.005864,0.005782,0.005822,109636405.0
1784052000000,0.00582,0.005851,0.005711,0.00583,213953179.0
1784055600000,0.005831,0.005858,0.005812,0.005826,66433686.0
1784059200000,0.005826,0.005831,0.005713,0.005728,111359724.0
1784062800000,0.005729,0.005819,0.005713,0.005794,80589560.0
1784066400000,0.005794,0.005824,0.005777,0.005785,68802184.0
1784070000000,0.005783,0.005798,0.005706,0.005762,92025548.0
1784073600000,0.005762,0.005828,0.005551,0.005667,404355646.0
1784077200000,0.005666,0.005726,0.005595,0.005691,210730940.0
1784080800000,0.00569,0.005709,0.005661,0.005704,83102982.0
1784084400000,0.005703,0.006494,0.005675,0.006374,957884337.0
1784088000000,0.00637,0.006832,0.006349,0.006457,1902488358.0
1784091600000,0.006457,0.006538,0.006201,0.006217,739863515.0
1784095200000,0.006216,0.006373,0.006191,0.006217,394146405.0
1784098800000,0.006215,0.006464,0.006215,0.006371,426243434.0
1784102400000,0.00637,0.006546,0.006337,0.006434,443893145.0
1784106000000,0.006435,0.007064,0.006415,0.006726,1208256943.0
1784109600000,0.006728,0.007184,0.006725,0.00685,1276177478.0
1784113200000,0.00685,0.006891,0.006723,0.006756,557737045.0
1784116800000,0.006756,0.006826,0.006644,0.006792,431656989.0
1784120400000,0.006791,0.007145,0.006763,0.006846,952430064.0
1784124000000,0.006845,0.007059,0.006728,0.006791,492752147.0
1784127600000,0.006791,0.006792,0.006649,0.006664,289529117.0
1784131200000,0.006662,0.006764,0.00656,0.006668,336731961.0
1784134800000,0.006668,0.00672,0.006641,0.00667,158598692.0
1784138400000,0.006668,0.006808,0.006667,0.006691,192665472.0
1784142000000,0.00669,0.006787,0.00667,0.00672,150415039.0
1784145600000,0.006719,0.006932,0.006692,0.006806,294117446.0
1784149200000,0.006805,0.006811,0.00672,0.006761,158448940.0
1784152800000,0.006761,0.00679,0.006647,0.006662,199979144.0
1784156400000,0.006662,0.006709,0.006575,0.006588,185671768.0
1784160000000,0.006585,0.006687,0.006402,0.006511,461558829.0
1784163600000,0.006509,0.006534,0.00637,0.006505,265471774.0
1784167200000,0.006504,0.006511,0.006385,0.006477,164118929.0
1784170800000,0.006477,0.006906,0.006411,0.006731,565646367.0
1784174400000,0.006731,0.00678,0.00647,0.0065,329495189.0
1784178000000,0.006501,0.006729,0.006499,0.006586,260164057.0
1784181600000,0.006586,0.006785,0.006573,0.006677,230756895.0
1784185200000,0.006677,0.006682,0.006527,0.00656,138272223.0
1784188800000,0.00656,0.00656,0.006436,0.00646,244865413.0
1784192400000,0.00646,0.006502,0.006346,0.006414,231570171.0
1784196000000,0.006415,0.006447,0.006347,0.006366,90020825.0
1784199600000,0.006366,0.006375,0.006267,0.006267,132345365.0
1784203200000,0.00627,0.006337,0.006249,0.006287,144839244.0
1784206800000,0.006287,0.006309,0.006226,0.006258,105120209.0
1784210400000,0.006258,0.006344,0.006255,0.006286,78497470.0
1784214000000,0.006283,0.006304,0.006244,0.006275,68219646.0
1784217600000,0.006274,0.006276,0.006192,0.006251,89319663.0
1784221200000,0.00625,0.006291,0.006221,0.006253,52755539.0
1784224800000,0.006253,0.006308,0.006223,0.006286,50153748.0
1784228400000,0.006285,0.00629,0.006241,0.006263,36421687.0
1784232000000,0.006262,0.006263,0.006193,0.006216,41191628.0
1784235600000,0.006213,0.00627,0.006209,0.00627,36013508.0
1784239200000,0.00627,0.006337,0.006266,0.006293,87720087.0
1784242800000,0.006294,0.006313,0.006218,0.006279,92542574.0
1784246400000,0.006278,0.006649,0.006098,0.006488,876542682.0
1784250000000,0.00649,0.006737,0.006481,0.006602,391404849.0
1784253600000,0.006602,0.006661,0.006514,0.006552,201886096.0
1784257200000,0.00655,0.00681,0.006546,0.00672,201548462.0
1784260800000,0.006719,0.006776,0.00663,0.006648,154533790.0
1784264400000,0.00665,0.006707,0.006602,0.006659,131641821.0
1784268000000,0.006656,0.006756,0.00664,0.006729,109581378.0
1784271600000,0.006727,0.006984,0.006712,0.006958,308542276.0
1784275200000,0.006959,0.008081,0.00694,0.007442,2526824966.0
1784278800000,0.007444,0.008079,0.007308,0.007979,1302229982.0
1784282400000,0.007981,0.008314,0.007678,0.007843,1596248012.0
1784286000000,0.007844,0.007974,0.007735,0.007854,739429882.0
1784289600000,0.007853,0.008073,0.00765,0.0079,1089835974.0
1784293200000,0.007901,0.0082,0.007806,0.008122,1497975276.0
1784296800000,0.008122,0.008458,0.00803,0.008207,2328497861.0
1784300400000,0.008208,0.008277,0.007519,0.007647,2530289373.0
1784304000000,0.007646,0.007809,0.007618,0.007686,1026277560.0
1784307600000,0.007686,0.008047,0.007686,0.00798,1138758650.0
1784311200000,0.007981,0.008181,0.007953,0.008071,929039455.0
1784314800000,0.00807,0.008868,0.008039,0.008568,2115345488.0
1784318400000,0.008567,0.008605,0.008213,0.008245,1551798694.0
1784322000000,0.008243,0.008515,0.008227,0.00844,776899205.0
1784325600000,0.008439,0.008459,0.008108,0.008178,893360005.0
1784329200000,0.008178,0.008316,0.008113,0.008217,647626776.0
1784332800000,0.008218,0.00831,0.0077,0.007842,1211342884.0
1784336400000,0.00784,0.007888,0.007716,0.00775,617937051.0
1784340000000,0.00775,0.007824,0.007576,0.00769,574866024.0
1784343600000,0.007688,0.008071,0.00767,0.007789,865875077.0
1784347200000,0.007789,0.0082,0.007776,0.007982,759396070.0
1784350800000,0.007984,0.008784,0.007944,0.008199,2231365036.0
1784354400000,0.008201,0.0085,0.008017,0.008415,1288348693.0
1784358000000,0.008415,0.008648,0.008306,0.00856,1187262154.0
1784361600000,0.00856,0.008961,0.008279,0.008798,1767272037.0
1784365200000,0.008796,0.009067,0.008512,0.008529,1847678974.0
1784368800000,0.008529,0.009767,0.008435,0.009355,2069341656.0
1784372400000,0.009355,0.010085,0.00913,0.009912,2105513452.0
1784376000000,0.009908,0.01044,0.00975,0.009868,2937683876.0
1784379600000,0.009868,0.009969,0.009389,0.009486,1751507061.0
1784383200000,0.009487,0.009979,0.009382,0.009731,1570802141.0
1784386800000,0.009729,0.010128,0.009641,0.009891,1459984590.0
1784390400000,0.009894,0.01,0.009533,0.009742,1221664282.0
1784394000000,0.00974,0.01027,0.009728,0.009771,915696888.0
1784397600000,0.009771,0.00982,0.009383,0.009405,822948467.0
1784401200000,0.009407,0.009506,0.009203,0.009398,640120815.0
1784404800000,0.009398,0.00949,0.00895,0.009015,681211902.0
1784408400000,0.009014,0.009174,0.0089,0.008993,388901521.0
1784412000000,0.008992,0.009073,0.008781,0.00897,436644387.0
1784415600000,0.00897,0.008983,0.008708,0.008721,296200914.0
1784419200000,0.008721,0.009116,0.00871,0.009057,848240242.0
1784422800000,0.00906,0.009386,0.008969,0.009234,839029146.0
1784426400000,0.009237,0.009295,0.008407,0.0085,965250353.0
1784430000000,0.0085,0.008543,0.008286,0.008432,594540735.0
1784433600000,0.008431,0.008693,0.008368,0.00854,715991869.0
1784437200000,0.00854,0.008672,0.008345,0.008434,463152575.0
1784440800000,0.008434,0.008859,0.008427,0.008644,650007394.0
1784444400000,0.008647,0.008794,0.008318,0.008325,500772154.0
1784448000000,0.008325,0.008517,0.008253,0.008425,471017037.0
1784451600000,0.008424,0.008456,0.008205,0.008289,465090762.0
1784455200000,0.008285,0.008365,0.008228,0.008315,259304351.0
1784458800000,0.008314,0.00835,0.008213,0.008279,327255312.0
1784462400000,0.008278,0.008466,0.008238,0.008416,311453787.0
1784466000000,0.008414,0.008649,0.008331,0.008578,467981105.0
1784469600000,0.008574,0.008765,0.008415,0.00856,526466928.0
1784473200000,0.008559,0.00856,0.008235,0.008275,338339089.0
1784476800000,0.008275,0.008356,0.00812,0.008308,343881059.0
1784480400000,0.008308,0.008422,0.008232,0.008364,208598896.0
1784484000000,0.008362,0.008442,0.008201,0.008245,130942460.0
