ts,open,high,low,close,volume
1747929600000,0.24,0.2974,0.2318,0.29437,72030071.0
1747933200000,0.29437,0.296,0.25759,0.27188,91241256.0
1747936800000,0.27177,0.2746,0.25455,0.26409,31121188.0
1747940400000,0.26428,0.26444,0.247,0.25161,19340270.0
1747944000000,0.2516,0.26229,0.24472,0.25389,12640179.0
1747947600000,0.25387,0.25737,0.2504,0.25313,6638783.0
1747951200000,0.25313,0.25396,0.24516,0.2477,5432548.0
1747954800000,0.24771,0.24787,0.2335,0.24092,7816711.0
1747958400000,0.2409,0.25934,0.2284,0.25503,29644742.0
1747962000000,0.25506,0.27562,0.25451,0.27346,20330135.0
1747965600000,0.27346,0.28583,0.2631,0.26928,25152183.0
1747969200000,0.2694,0.279,0.26305,0.27288,18116467.0
1747972800000,0.27288,0.30878,0.27228,0.29963,38835273.0
1747976400000,0.29963,0.30711,0.28572,0.29389,45229276.0
1747980000000,0.29389,0.297,0.26298,0.26657,55313795.0
1747983600000,0.26666,0.2769,0.25562,0.25955,38012903.0
1747987200000,0.2596,0.265,0.24624,0.24908,43505659.0
1747990800000,0.24909,0.25049,0.228,0.23263,49042158.0
1747994400000,0.23261,0.23297,0.20791,0.21034,74672873.0
1747998000000,0.21028,0.21759,0.12616,0.18172,447262178.0
1748001600000,0.18172,0.233,0.18118,0.2208,176242746.0
1748005200000,0.22081,0.235,0.21315,0.22699,73780102.0
1748008800000,0.227,0.25341,0.22306,0.24277,78403651.0
1748012400000,0.2428,0.28743,0.23509,0.27894,101820316.0
1748016000000,0.27878,0.3,0.26419,0.26748,174704268.0
1748019600000,0.2675,0.2701,0.25472,0.26041,61894424.0
1748023200000,0.26052,0.26745,0.258,0.26104,28206021.0
1748026800000,0.26103,0.2905,0.25958,0.27178,51305114.0
1748030400000,0.27178,0.27668,0.25683,0.26163,32486204.0
1748034000000,0.26157,0.2794,0.26148,0.26529,26648488.0
1748037600000,0.26529,0.27356,0.25857,0.26992,25596095.0
1748041200000,0.26998,0.29,0.26218,0.2769,69738118.0
1748044800000,0.27691,0.295,0.26739,0.2885,66021678.0
1748048400000,0.2885,0.29955,0.275,0.2885,72411463.0
1748052000000,0.28853,0.2984,0.27656,0.28435,53918681.0
1748055600000,0.28447,0.29166,0.27203,0.27726,46525931.0
1748059200000,0.27741,0.279,0.2619,0.27043,32939097.0
1748062800000,0.2704,0.27345,0.26083,0.26588,23974832.0
1748066400000,0.2659,0.279,0.26263,0.27082,27617754.0
1748070000000,0.27088,0.27167,0.26378,0.2692,21047765.0
1748073600000,0.2692,0.26973,0.26,0.26321,27252299.0
1748077200000,0.26319,0.27272,0.258,0.27064,43772705.0
1748080800000,0.27063,0.32829,0.26855,0.32556,147122452.0
1748084400000,0.32568,0.342,0.312,0.3167,229715540.0
1748088000000,0.31672,0.33141,0.305,0.31671,146949915.0
1748091600000,0.31665,0.3219,0.30683,0.31753,95358238.0
1748095200000,0.31754,0.32259,0.31023,0.31896,72737768.0
1748098800000,0.31896,0.3249,0.31277,0.31909,66430913.0
1748102400000,0.3191,0.33978,0.31582,0.32492,100891335.0
1748106000000,0.32511,0.34111,0.321,0.33124,125590950.0
1748109600000,0.33124,0.33453,0.32355,0.32859,88036365.0
1748113200000,0.32865,0.3375,0.31838,0.33149,91893941.0
1748116800000,0.33154,0.3393,0.323,0.32515,55359085.0
1748120400000,0.32515,0.3309,0.32046,0.32196,35570845.0
1748124000000,0.32196,0.3233,0.3104,0.31348,45750335.0
1748127600000,0.31344,0.3178,0.30261,0.31143,45249677.0
1748131200000,0.31143,0.32336,0.3092,0.31402,39475259.0
1748134800000,0.31401,0.3223,0.307,0.31282,35044275.0
1748138400000,0.31282,0.33555,0.30909,0.32614,40815899.0
1748142000000,0.32614,0.35217,0.32309,0.33402,68257240.0
1748145600000,0.3339,0.35,0.33115,0.34548,58952491.0
1748149200000,0.34548,0.3484,0.33401,0.3364,50336589.0
1748152800000,0.33641,0.349,0.33508,0.33893,48043452.0
1748156400000,0.33892,0.34124,0.315,0.31754,89278323.0
1748160000000,0.31742,0.32085,0.3074,0.31241,63376539.0
1748163600000,0.31231,0.31901,0.28703,0.29027,103432272.0
1748167200000,0.29036,0.29111,0.27019,0.27675,133666116.0
1748170800000,0.27678,0.28023,0.25755,0.26379,93514993.0
1748174400000,0.26378,0.284,0.25928,0.27413,104640208.0
1748178000000,0.2741,0.29667,0.2728,0.28705,88590590.0
1748181600000,0.28704,0.3088,0.28526,0.30106,108816402.0
1748185200000,0.30106,0.325,0.30039,0.3175,124338511.0
1748188800000,0.3175,0.32435,0.31183,0.316,80461393.0
1748192400000,0.316,0.322,0.31201,0.31687,41475996.0
1748196000000,0.31684,0.31999,0.306,0.31313,38717058.0
1748199600000,0.31313,0.32431,0.31283,0.31768,26212440.0
1748203200000,0.31778,0.32082,0.31408,0.31532,19136128.0
1748206800000,0.31529,0.33284,0.31128,0.32729,38532252.0
1748210400000,0.32738,0.47729,0.32681,0.40569,169810841.0
1748214000000,0.40596,0.41272,0.3846,0.39369,105789596.0
1748217600000,0.39371,0.417,0.37289,0.41268,85695828.0
1748221200000,0.41275,0.42774,0.404,0.41576,58925800.0
1748224800000,0.41564,0.421,0.40146,0.41617,45109590.0
1748228400000,0.41616,0.46489,0.416,0.43438,128243693.0
1748232000000,0.43427,0.44771,0.405,0.41212,95552659.0
1748235600000,0.41227,0.42871,0.406,0.41951,58869169.0
1748239200000,0.41944,0.4434,0.41392,0.42952,59682967.0
1748242800000,0.4294,0.43757,0.42599,0.43189,48478783.0
1748246400000,0.43187,0.434,0.4066,0.42462,85885418.0
1748250000000,0.42462,0.45669,0.42351,0.43605,95145975.0
1748253600000,0.43601,0.449,0.42042,0.42611,78639677.0
1748257200000,0.42622,0.44444,0.36527,0.39151,296639802.0
1748260800000,0.39155,0.41525,0.38855,0.40377,163693278.0
1748264400000,0.40384,0.4125,0.396,0.40411,83095493.0
1748268000000,0.40411,0.4075,0.39,0.40293,94830213.0
1748271600000,0.40291,0.435,0.38802,0.40754,122417657.0
1748275200000,0.40754,0.41342,0.39523,0.40413,61750060.0
1748278800000,0.40414,0.4062,0.39655,0.40281,33591671.0
1748282400000,0.40281,0.42499,0.40117,0.40887,43647461.0
1748286000000,0.40887,0.41367,0.4048,0.4098,19891386.0
1748289600000,0.4098,0.40984,0.38817,0.40061,43115792.0
1748293200000,0.40063,0.405,0.39569,0.39947,27372646.0
1748296800000,0.39938,0.41069,0.39169,0.4046,39785735.0
1748300400000,0.40452,0.41998,0.40416,0.41274,45158377.0
1748304000000,0.41274,0.41731,0.40136,0.40202,32215768.0
1748307600000,0.40194,0.40519,0.3958,0.39986,33163393.0
1748311200000,0.39994,0.40294,0.39793,0.40138,18861128.0
1748314800000,0.40131,0.42772,0.4007,0.41464,48543244.0
1748318400000,0.41467,0.41962,0.41015,0.41309,21505431.0
1748322000000,0.41309,0.41592,0.407,0.41324,19923450.0
1748325600000,0.41325,0.4368,0.41022,0.415,46905084.0
1748329200000,0.41496,0.42189,0.412,0.41596,23654710.0
1748332800000,0.41604,0.41837,0.3967,0.4056,48697018.0
1748336400000,0.40558,0.40558,0.3871,0.39218,45886833.0
1748340000000,0.39232,0.39255,0.3771,0.38114,56590418.0
1748343600000,0.38115,0.38383,0.37318,0.37745,35715774.0
1748347200000,0.37745,0.38422,0.369,0.3696,48954047.0
1748350800000,0.3696,0.383,0.36555,0.37776,49837343.0
1748354400000,0.37776,0.39598,0.37101,0.37545,65514784.0
1748358000000,0.37545,0.3783,0.3636,0.37446,39727007.0
1748361600000,0.37447,0.38245,0.36207,0.37919,42075834.0
1748365200000,0.37919,0.38514,0.37335,0.38094,26278007.0
1748368800000,0.38094,0.3875,0.37885,0.38124,12016986.0
1748372400000,0.38127,0.38449,0.37944,0.38104,7481597.0
1748376000000,0.38108,0.38984,0.37907,0.38637,9162363.0
1748379600000,0.38638,0.38892,0.38301,0.38373,7479144.0
1748383200000,0.38373,0.38526,0.3757,0.3806,11365857.0
1748386800000,0.3806,0.393,0.38037,0.38501,13228320.0
1748390400000,0.38501,0.3902,0.38125,0.38692,11460253.0
1748394000000,0.38693,0.39556,0.38458,0.39139,12786766.0
1748397600000,0.39135,0.40744,0.3904,0.39883,25290721.0
1748401200000,0.3988,0.39894,0.37859,0.37929,23621418.0
1748404800000,0.37922,0.38756,0.37848,0.38648,10941146.0
1748408400000,0.38638,0.3962,0.38244,0.39232,11429623.0
1748412000000,0.39225,0.39594,0.38685,0.38993,13451350.0
1748415600000,0.38991,0.39877,0.386,0.39831,13740218.0
1748419200000,0.39835,0.418,0.39678,0.40776,43260120.0
1748422800000,0.40774,0.40786,0.39067,0.39733,29023711.0
1748426400000,0.39734,0.415,0.39528,0.41032,31365628.0
1748430000000,0.41039,0.42269,0.40367,0.4173,24551204.0
1748433600000,0.41727,0.42333,0.40278,0.40794,31315096.0
1748437200000,0.40793,0.41123,0.40189,0.40914,17005091.0
1748440800000,0.40914,0.4143,0.39675,0.39889,34059253.0
1748444400000,0.39888,0.40203,0.39323,0.39637,17186153.0
1748448000000,0.39641,0.39976,0.3915,0.3924,13313863.0
1748451600000,0.39244,0.39673,0.38672,0.39487,13714454.0
1748455200000,0.39488,0.39528,0.3866,0.38731,7133682.0
1748458800000,0.38732,0.38898,0.38018,0.38368,7974152.0
1748462400000,0.38372,0.38705,0.38207,0.38504,5602977.0
1748466000000,0.38505,0.38679,0.38147,0.38636,4690452.0
1748469600000,0.3864,0.38779,0.38234,0.38297,4958807.0
1748473200000,0.38287,0.38299,0.37373,0.3791,13112779.0
1748476800000,0.37912,0.38064,0.3745,0.38038,9092669.0
1748480400000,0.38042,0.38089,0.37532,0.37552,6239612.0
1748484000000,0.37548,0.38558,0.37264,0.38464,10871078.0
1748487600000,0.38464,0.38464,0.36801,0.37236,14947417.0
1748491200000,0.37238,0.37777,0.37015,0.3763,8956877.0
1748494800000,0.37631,0.38136,0.37338,0.3781,6847139.0
1748498400000,0.37805,0.38397,0.37627,0.38055,9876099.0
1748502000000,0.38056,0.38333,0.37805,0.3826,5419316.0
1748505600000,0.3827,0.38332,0.37903,0.38042,6066210.0
1748509200000,0.38043,0.38108,0.377,0.37772,5338974.0
1748512800000,0.37769,0.38218,0.37436,0.37828,7698942.0
1748516400000,0.37828,0.38298,0.37701,0.37976,6124904.0
1748520000000,0.37983,0.38155,0.37504,0.37722,6645581.0
1748523600000,0.37723,0.37825,0.37068,0.37091,7873588.0
1748527200000,0.37092,0.40798,0.36207,0.39457,65113882.0
1748530800000,0.39461,0.39719,0.3841,0.38649,18189656.0
1748534400000,0.38664,0.39341,0.38464,0.38716,10599872.0
1748538000000,0.38711,0.38937,0.37601,0.3808,10939063.0
1748541600000,0.3808,0.38098,0.37029,0.3761,11793448.0
1748545200000,0.37611,0.38572,0.375,0.38271,6821222.0
1748548800000,0.38271,0.3865,0.38162,0.38414,3407030.0
1748552400000,0.38414,0.405,0.38266,0.40348,9893662.0
1748556000000,0.40341,0.41482,0.3992,0.40279,21754648.0
1748559600000,0.40279,0.40491,0.39813,0.40221,9295491.0
1748563200000,0.40227,0.41389,0.38959,0.39307,26998370.0
1748566800000,0.39307,0.42127,0.39275,0.41035,29718908.0
1748570400000,0.41043,0.41662,0.401,0.4052,15107056.0
1748574000000,0.40522,0.411,0.40072,0.40534,10973622.0
1748577600000,0.40522,0.41219,0.3977,0.40173,13520286.0
1748581200000,0.40181,0.41403,0.40147,0.41217,10403990.0
1748584800000,0.41212,0.4126,0.39893,0.40833,15342908.0
1748588400000,0.4082,0.41555,0.40554,0.40792,18722567.0
1748592000000,0.40789,0.41039,0.37789,0.38755,32434964.0
1748595600000,0.38756,0.40151,0.38756,0.3995,17062115.0
1748599200000,0.39945,0.40125,0.39343,0.39661,8706269.0
1748602800000,0.39678,0.405,0.39414,0.40333,10301094.0
1748606400000,0.40331,0.40877,0.39608,0.40306,15680744.0
1748610000000,0.40301,0.40555,0.396,0.39674,11246450.0
1748613600000,0.39703,0.39957,0.39152,0.39381,7557084.0
1748617200000,0.39384,0.39506,0.38811,0.38859,6774375.0
1748620800000,0.38874,0.39017,0.38,0.38113,13744328.0
1748624400000,0.38117,0.38543,0.36912,0.37235,12978751.0
1748628000000,0.37231,0.37792,0.366,0.36846,13843053.0
1748631600000,0.36846,0.37971,0.3612,0.37327,14809107.0
1748635200000,0.37334,0.37533,0.35712,0.36647,15049172.0
1748638800000,0.36658,0.36764,0.36042,0.36326,5778612.0
1748642400000,0.36326,0.36994,0.363,0.36389,8558084.0
1748646000000,0.36388,0.37145,0.36235,0.3661,8345122.0
1748649600000,0.3661,0.37377,0.35217,0.36426,20700925.0
1748653200000,0.36422,0.36457,0.35204,0.357,12218185.0
1748656800000,0.35697,0.3713,0.35289,0.36859,12087000.0
1748660400000,0.36869,0.371,0.36401,0.36438,4825214.0
1748664000000,0.36444,0.36837,0.3614,0.3634,6331495.0
1748667600000,0.36339,0.36732,0.35787,0.35843,5271318.0
1748671200000,0.35833,0.368,0.3538,0.3648,12195415.0
1748674800000,0.36468,0.36833,0.36301,0.3646,6359218.0
1748678400000,0.36459,0.36657,0.3536,0.3642,11466322.0
1748682000000,0.36424,0.37098,0.36371,0.3705,8718247.0
1748685600000,0.37058,0.39298,0.37025,0.38795,26439131.0
1748689200000,0.38797,0.39063,0.37895,0.38985,11410659.0
1748692800000,0.38988,0.39626,0.38719,0.3955,11938808.0
1748696400000,0.39565,0.40943,0.39104,0.39269,22136997.0
1748700000000,0.39265,0.39677,0.38814,0.39185,9595723.0
1748703600000,0.39186,0.39929,0.3871,0.38846,10778301.0
1748707200000,0.38846,0.40251,0.38369,0.39184,16623176.0
1748710800000,0.39186,0.3971,0.3862,0.3868,8473143.0
1748714400000,0.38675,0.39477,0.3865,0.39174,8132930.0
1748718000000,0.39174,0.39203,0.38372,0.38481,7544854.0
1748721600000,0.38483,0.38497,0.378,0.37916,7465126.0
1748725200000,0.37916,0.38435,0.37789,0.3814,4784992.0
1748728800000,0.38143,0.38265,0.37727,0.37791,3081394.0
1748732400000,0.37792,0.38034,0.37207,0.37351,5707204.0
1748736000000,0.37351,0.3761,0.37065,0.37209,4786207.0
1748739600000,0.37203,0.37696,0.371,0.37613,4260532.0
1748743200000,0.37608,0.37851,0.37212,0.37476,5319704.0
1748746800000,0.37474,0.38565,0.37259,0.38063,8088454.0
1748750400000,0.38067,0.38371,0.37717,0.37918,4900407.0
1748754000000,0.37918,0.38201,0.37425,0.38172,5086233.0
1748757600000,0.38175,0.38493,0.37869,0.38024,4839954.0
1748761200000,0.38024,0.38282,0.37752,0.37854,4482803.0
1748764800000,0.37853,0.37876,0.37323,0.3758,4339515.0
1748768400000,0.37578,0.37755,0.37,0.37408,7217697.0
1748772000000,0.37407,0.37693,0.37108,0.37335,4458283.0
1748775600000,0.37335,0.37962,0.3721,0.37798,4799207.0
1748779200000,0.37796,0.37899,0.375,0.37824,3884869.0
1748782800000,0.37828,0.4107,0.37722,0.40529,29411142.0
1748786400000,0.40534,0.41449,0.40263,0.41062,21385149.0
1748790000000,0.41056,0.43493,0.40823,0.42277,27538700.0
1748793600000,0.42276,0.43298,0.415,0.43076,19106991.0
1748797200000,0.43085,0.4773,0.381,0.40215,141045551.0
1748800800000,0.40217,0.41352,0.39883,0.40957,19162322.0
1748804400000,0.40956,0.41039,0.39516,0.39587,13010434.0
1748808000000,0.39591,0.39639,0.38692,0.39339,9824580.0
1748811600000,0.39345,0.39399,0.38545,0.39335,8078000.0
1748815200000,0.39334,0.40699,0.39323,0.3999,8615671.0
1748818800000,0.39982,0.40984,0.39933,0.40154,10951001.0
1748822400000,0.40154,0.40527,0.395,0.39599,7507322.0
1748826000000,0.39594,0.41841,0.39531,0.41039,14570546.0
1748829600000,0.41064,0.41501,0.40519,0.40729,7749323.0
1748833200000,0.40742,0.40871,0.40392,0.40763,5840439.0
1748836800000,0.40768,0.418,0.40011,0.41259,10052876.0
1748840400000,0.41253,0.41555,0.40166,0.40726,14845315.0
1748844000000,0.40723,0.41132,0.40191,0.40273,9734354.0
1748847600000,0.40272,0.40876,0.40131,0.40406,6450866.0
1748851200000,0.40406,0.40865,0.40003,0.40657,8267774.0
1748854800000,0.40653,0.40925,0.39608,0.39844,11409059.0
1748858400000,0.3984,0.39957,0.38781,0.38881,14024172.0
1748862000000,0.38883,0.39098,0.38021,0.38227,14617597.0
1748865600000,0.38232,0.41184,0.37607,0.40927,55801159.0
1748869200000,0.40949,0.41652,0.39923,0.40604,28544069.0
1748872800000,0.40605,0.42099,0.40566,0.40991,22579283.0
1748876400000,0.40992,0.41362,0.40515,0.41065,11173393.0
1748880000000,0.41073,0.41256,0.40603,0.40946,8533682.0
1748883600000,0.40951,0.4098,0.40451,0.40636,5186294.0
1748887200000,0.40644,0.40854,0.4002,0.40172,5864778.0
1748890800000,0.40173,0.4092,0.40026,0.408,4549377.0
1748894400000,0.40802,0.41737,0.40682,0.4151,8173618.0
1748898000000,0.41513,0.41849,0.4065,0.40731,6113267.0
1748901600000,0.40731,0.4131,0.40706,0.41008,4887636.0
1748905200000,0.41013,0.41192,0.40489,0.40528,5213707.0
1748908800000,0.4053,0.40919,0.4016,0.40282,5731528.0
1748912400000,0.40283,0.40534,0.39732,0.39934,7230679.0
1748916000000,0.39933,0.4,0.39361,0.39723,8867457.0
1748919600000,0.39726,0.40154,0.396,0.39685,5045183.0
1748923200000,0.39685,0.40396,0.39465,0.40296,4942865.0
1748926800000,0.40288,0.40465,0.40089,0.40431,3757608.0
1748930400000,0.40435,0.4108,0.40234,0.40791,5833866.0
1748934000000,0.40796,0.41067,0.40661,0.40857,3926830.0
1748937600000,0.40864,0.40954,0.40515,0.4057,4451861.0
1748941200000,0.40567,0.40817,0.40233,0.40461,3805835.0
1748944800000,0.40466,0.40634,0.40421,0.40485,2121057.0
1748948400000,0.40488,0.40551,0.40293,0.40364,1848418.0
1748952000000,0.40365,0.40574,0.40109,0.4027,3222161.0
1748955600000,0.40269,0.40301,0.398,0.39959,4381556.0
1748959200000,0.39963,0.4052,0.39934,0.40295,4814716.0
1748962800000,0.40302,0.40787,0.40253,0.40637,4545869.0
1748966400000,0.40638,0.40669,0.40099,0.40191,3294645.0
1748970000000,0.40188,0.40496,0.40062,0.40147,2610478.0
1748973600000,0.40143,0.4015,0.38858,0.39064,7202331.0
1748977200000,0.39073,0.39199,0.38692,0.38906,5459478.0
1748980800000,0.38903,0.38903,0.38545,0.38592,5203903.0
1748984400000,0.3859,0.38655,0.38201,0.38369,4255218.0
1748988000000,0.38372,0.3852,0.3811,0.38365,4486194.0
1748991600000,0.3837,0.3837,0.37308,0.3761,9635127.0
1748995200000,0.37609,0.38254,0.36857,0.38092,11634533.0
1748998800000,0.38079,0.39072,0.37697,0.37796,10499614.0
1749002400000,0.37799,0.38192,0.37676,0.3785,3051598.0
1749006000000,0.37849,0.38152,0.37742,0.37904,2797799.0
1749009600000,0.37905,0.38579,0.37888,0.38018,4863374.0
1749013200000,0.38016,0.38798,0.38001,0.38402,3690583.0
1749016800000,0.38399,0.38638,0.38104,0.38319,2682777.0
1749020400000,0.38325,0.38633,0.38223,0.38483,2852945.0
1749024000000,0.38496,0.387,0.3828,0.38353,2738712.0
1749027600000,0.38362,0.38576,0.376,0.38535,6013523.0
1749031200000,0.38535,0.38603,0.38064,0.38132,2821903.0
1749034800000,0.38133,0.39232,0.38131,0.38615,7161049.0
1749038400000,0.38605,0.38779,0.38093,0.38623,5645736.0
1749042000000,0.38624,0.3926,0.38506,0.38908,4966186.0
1749045600000,0.38909,0.39446,0.3857,0.39178,5325239.0
1749049200000,0.39178,0.39784,0.39155,0.39458,3790177.0
1749052800000,0.3946,0.40199,0.3932,0.39661,6515040.0
1749056400000,0.39662,0.398,0.39347,0.39596,2460825.0
1749060000000,0.39592,0.40015,0.39591,0.39991,2753944.0
1749063600000,0.39992,0.40046,0.39653,0.39703,1873084.0
1749067200000,0.397,0.39757,0.39219,0.39512,3196444.0
1749070800000,0.39512,0.39514,0.38875,0.39182,3497627.0
1749074400000,0.39182,0.39489,0.39017,0.39402,2395382.0
1749078000000,0.39402,0.39643,0.39125,0.39559,1830685.0
1749081600000,0.39556,0.40151,0.39344,0.39832,3858817.0
1749085200000,0.3983,0.40193,0.39601,0.39941,2903032.0
1749088800000,0.3994,0.39999,0.39416,0.39431,3079692.0
1749092400000,0.39442,0.39736,0.39161,0.39567,3511305.0
1749096000000,0.39567,0.39954,0.39511,0.3974,3098530.0
1749099600000,0.39739,0.39763,0.39063,0.39138,4970709.0
1749103200000,0.39136,0.39579,0.39125,0.39454,2943148.0
1749106800000,0.39456,0.39791,0.3915,0.39753,4467556.0
1749110400000,0.39736,0.40054,0.3949,0.3989,4477573.0
1749114000000,0.39889,0.40495,0.39727,0.40369,9422398.0
1749117600000,0.4036,0.40599,0.39823,0.40081,5540482.0
1749121200000,0.40068,0.402,0.39774,0.40119,3248306.0
1749124800000,0.4012,0.404,0.39963,0.40246,4703099.0
1749128400000,0.40256,0.40711,0.39819,0.40005,6928300.0
1749132000000,0.40002,0.40895,0.39357,0.40667,15088526.0
1749135600000,0.40667,0.41663,0.40457,0.40973,15175188.0
1749139200000,0.40976,0.4101,0.4001,0.4028,8789567.0
1749142800000,0.40274,0.40648,0.40151,0.40503,3993500.0
1749146400000,0.40502,0.40562,0.40155,0.40276,3194213.0
1749150000000,0.40276,0.40404,0.38725,0.38973,16416947.0
1749153600000,0.3897,0.39026,0.37028,0.37369,20471416.0
1749157200000,0.37369,0.37857,0.36786,0.3714,10042038.0
1749160800000,0.37137,0.38618,0.36816,0.38272,9840830.0
1749164400000,0.38279,0.38877,0.37864,0.38071,5454551.0
1749168000000,0.38076,0.3852,0.3769,0.3846,4424062.0
1749171600000,0.38461,0.38597,0.38273,0.38288,2085980.0
1749175200000,0.38289,0.38311,0.37529,0.3789,5370195.0
1749178800000,0.37895,0.38182,0.37411,0.37921,3969190.0
1749182400000,0.37924,0.38056,0.37568,0.37618,2222248.0
1749186000000,0.3761,0.3783,0.37511,0.3758,2264369.0
1749189600000,0.37579,0.38056,0.37347,0.37836,3572722.0
1749193200000,0.37835,0.39526,0.37552,0.38496,8688161.0
1749196800000,0.38495,0.39078,0.384,0.38751,4462470.0
1749200400000,0.38748,0.38791,0.38401,0.38605,2391435.0
1749204000000,0.38605,0.38771,0.37958,0.38006,2932862.0
1749207600000,0.38003,0.38213,0.37718,0.37996,2794771.0
1749211200000,0.37997,0.38458,0.37857,0.38003,3299585.0
1749214800000,0.3801,0.38363,0.37806,0.37856,3744398.0
1749218400000,0.37856,0.38978,0.37724,0.3873,5494337.0
1749222000000,0.3873,0.38946,0.37991,0.38342,5350100.0
1749225600000,0.38342,0.38648,0.38046,0.38579,4053169.0
1749229200000,0.38589,0.38627,0.37385,0.3759,5601329.0
1749232800000,0.37583,0.37625,0.36044,0.36209,11663687.0
1749236400000,0.36206,0.36735,0.3612,0.36552,4419020.0
1749240000000,0.36548,0.39329,0.3652,0.38434,13173381.0
1749243600000,0.3844,0.38441,0.379,0.38266,4281420.0
1749247200000,0.38268,0.38295,0.38021,0.38205,1676916.0
1749250800000,0.38214,0.38594,0.38147,0.38382,2224079.0
1749254400000,0.38399,0.38648,0.38257,0.3847,2805956.0
1749258000000,0.38473,0.38473,0.3749,0.38,5136168.0
1749261600000,0.37991,0.38025,0.37423,0.37503,2713482.0
1749265200000,0.37498,0.37879,0.37437,0.37542,2474764.0
1749268800000,0.37541,0.37779,0.37414,0.37739,1907878.0
1749272400000,0.37732,0.37869,0.37587,0.37844,1996469.0
1749276000000,0.3785,0.38063,0.37494,0.37879,4717993.0
1749279600000,0.37879,0.3795,0.37629,0.37779,1765667.0
1749283200000,0.37779,0.3787,0.37556,0.37623,1796848.0
1749286800000,0.37614,0.3788,0.37563,0.37609,1871402.0
1749290400000,0.37608,0.37692,0.37321,0.37375,3426503.0
1749294000000,0.37375,0.37633,0.37017,0.37078,3203989.0
1749297600000,0.37076,0.37396,0.36935,0.37123,3183283.0
1749301200000,0.37125,0.37301,0.36364,0.36526,5075664.0
1749304800000,0.36524,0.38932,0.36382,0.37813,19403331.0
1749308400000,0.37812,0.38219,0.37617,0.37874,4540819.0
1749312000000,0.37874,0.38232,0.37859,0.37925,2039040.0
1749315600000,0.37919,0.38395,0.37779,0.38369,1768321.0
1749319200000,0.38371,0.38699,0.38304,0.3833,2682212.0
1749322800000,0.3833,0.3848,0.38212,0.38405,1377144.0
1749326400000,0.38406,0.38604,0.38318,0.38551,905490.0
1749330000000,0.38554,0.389,0.38552,0.38724,1801106.0
1749333600000,0.38731,0.38899,0.38458,0.38496,1480057.0
1749337200000,0.38496,0.38525,0.38222,0.38358,1178244.0
1749340800000,0.38359,0.38466,0.38186,0.38342,1094968.0
1749344400000,0.38339,0.38559,0.38265,0.38436,1762905.0
1749348000000,0.38433,0.38455,0.38054,0.38082,2030912.0
1749351600000,0.38082,0.38145,0.37969,0.38121,1516514.0
1749355200000,0.38133,0.38586,0.38133,0.38165,3600999.0
1749358800000,0.38165,0.38188,0.37839,0.37859,1346081.0
1749362400000,0.37859,0.38121,0.37631,0.37667,3461149.0
1749366000000,0.37661,0.37776,0.37566,0.37634,1599719.0
1749369600000,0.37637,0.37867,0.37602,0.377,1513084.0
1749373200000,0.37707,0.37783,0.37258,0.3741,2307374.0
1749376800000,0.37411,0.37431,0.36833,0.36888,4110211.0
1749380400000,0.36888,0.37233,0.36784,0.36874,3269510.0
1749384000000,0.36871,0.37035,0.36747,0.36789,2285569.0
1749387600000,0.36788,0.36939,0.36602,0.36682,2974559.0
1749391200000,0.36694,0.37435,0.36637,0.37316,4120718.0
1749394800000,0.37317,0.37489,0.36959,0.37085,3481443.0
1749398400000,0.37085,0.37417,0.37005,0.37181,2474427.0
1749402000000,0.37181,0.374,0.36918,0.37214,2211954.0
1749405600000,0.37206,0.37286,0.368,0.3687,1498150.0
1749409200000,0.36867,0.3708,0.368,0.36847,1224380.0
1749412800000,0.36851,0.37295,0.3675,0.37007,1915500.0
1749416400000,0.37007,0.37278,0.36933,0.37044,1301503.0
1749420000000,0.37043,0.37165,0.36841,0.37085,1587881.0
1749423600000,0.3708,0.37128,0.36801,0.36902,1025217.0
1749427200000,0.36902,0.36969,0.3645,0.36602,3459728.0
1749430800000,0.36598,0.37145,0.36301,0.3708,3864377.0
1749434400000,0.37081,0.37297,0.36621,0.3687,2988462.0
1749438000000,0.36873,0.37,0.36651,0.36768,2046605.0
1749441600000,0.36777,0.36979,0.36657,0.36665,1650264.0
1749445200000,0.36676,0.36819,0.36188,0.36288,3413550.0
1749448800000,0.3629,0.36804,0.36261,0.36661,3204605.0
1749452400000,0.3666,0.36734,0.33,0.35071,40392500.0
1749456000000,0.35085,0.36275,0.3382,0.36004,19808716.0
1749459600000,0.36006,0.383,0.35733,0.37336,35050236.0
1749463200000,0.37338,0.376,0.36579,0.36923,7882795.0
1749466800000,0.36941,0.37,0.36196,0.36668,5046962.0
1749470400000,0.36669,0.36745,0.3639,0.3642,1957121.0
1749474000000,0.3642,0.36741,0.36141,0.36184,4033694.0
1749477600000,0.36182,0.36663,0.35101,0.35417,6561525.0
1749481200000,0.35415,0.35989,0.34284,0.35284,16243833.0
1749484800000,0.35283,0.35629,0.34566,0.34653,7253182.0
1749488400000,0.34651,0.35528,0.34078,0.34281,8730116.0
1749492000000,0.34282,0.36999,0.34032,0.36511,13427185.0
1749495600000,0.36514,0.37635,0.35789,0.37047,11725329.0
1749499200000,0.37047,0.37122,0.36501,0.36701,2737260.0
1749502800000,0.36701,0.37094,0.36675,0.36866,2790632.0
1749506400000,0.36855,0.37368,0.36807,0.37037,2250012.0
1749510000000,0.37038,0.38675,0.36,0.36907,16952311.0
1749513600000,0.36922,0.36931,0.36101,0.36563,7197621.0
1749517200000,0.36563,0.36697,0.36134,0.36376,2308551.0
1749520800000,0.36375,0.36427,0.35866,0.36045,3324277.0
1749524400000,0.36044,0.36044,0.35377,0.35667,5446283.0
1749528000000,0.35667,0.35745,0.35264,0.35485,3110969.0
1749531600000,0.35485,0.35719,0.35013,0.35115,4271349.0
1749535200000,0.35115,0.3575,0.34724,0.35603,5711162.0
1749538800000,0.35605,0.35735,0.3521,0.3526,3555133.0
1749542400000,0.3526,0.35336,0.34834,0.3489,2621405.0
1749546000000,0.34888,0.36323,0.34844,0.35816,8090223.0
1749549600000,0.35816,0.36355,0.35548,0.36291,4568681.0
1749553200000,0.3629,0.39,0.36026,0.37986,30411001.0
1749556800000,0.37981,0.38168,0.37111,0.3738,7641877.0
1749560400000,0.37379,0.37492,0.36531,0.37074,4810276.0
1749564000000,0.37076,0.37233,0.365,0.36722,3511022.0
1749567600000,0.36722,0.37085,0.36532,0.36687,2464370.0
1749571200000,0.36696,0.37139,0.36459,0.37102,2659703.0
1749574800000,0.37102,0.3817,0.36775,0.37091,8912328.0
1749578400000,0.37091,0.37479,0.36938,0.37156,3222210.0
1749582000000,0.37148,0.38019,0.37081,0.37925,2454955.0
1749585600000,0.3794,0.38268,0.37721,0.38136,2777743.0
1749589200000,0.38136,0.383,0.37889,0.37922,2126003.0
1749592800000,0.3792,0.39773,0.3783,0.38329,9541909.0
1749596400000,0.3833,0.38369,0.36688,0.37132,9307846.0
1749600000000,0.37128,0.37259,0.35525,0.35665,7056938.0
1749603600000,0.35672,0.36056,0.35403,0.35864,4118947.0
1749607200000,0.35853,0.35928,0.354,0.3567,3010005.0
1749610800000,0.35665,0.3713,0.35555,0.36307,7203271.0
1749614400000,0.36308,0.36683,0.36141,0.36623,2083731.0
1749618000000,0.36627,0.36627,0.36191,0.36213,1331936.0
1749621600000,0.36217,0.36841,0.36217,0.3638,2556502.0
1749625200000,0.36379,0.36555,0.36184,0.36372,1280995.0
1749628800000,0.36345,0.36388,0.36021,0.36053,1359816.0
1749632400000,0.3605,0.36498,0.35953,0.36061,2571078.0
1749636000000,0.36058,0.36088,0.35742,0.35899,2176668.0
1749639600000,0.35895,0.35929,0.35501,0.35776,1956048.0
1749643200000,0.35767,0.36086,0.35439,0.35496,4430584.0
1749646800000,0.35488,0.3621,0.3527,0.35442,10969805.0
1749650400000,0.35447,0.36256,0.35404,0.36081,4692260.0
1749654000000,0.36091,0.36455,0.36003,0.36125,2049616.0
1749657600000,0.36131,0.36171,0.35763,0.35862,1543588.0
1749661200000,0.35862,0.37362,0.35743,0.36468,7872515.0
1749664800000,0.36467,0.36683,0.36091,0.36243,2868105.0
1749668400000,0.36243,0.36247,0.35935,0.36104,1186907.0
1749672000000,0.36105,0.36111,0.35889,0.35984,796248.0
1749675600000,0.35987,0.36383,0.35504,0.35661,2993574.0
1749679200000,0.35662,0.35862,0.35476,0.35655,2138496.0
1749682800000,0.35653,0.36111,0.35642,0.36105,935671.0
1749686400000,0.36105,0.36105,0.35606,0.35691,1353610.0
1749690000000,0.35697,0.35833,0.35448,0.35656,1272750.0
1749693600000,0.35655,0.35753,0.35427,0.35488,852127.0
1749697200000,0.35491,0.35985,0.354,0.35708,1641437.0
1749700800000,0.35712,0.35728,0.35418,0.35625,1851255.0
1749704400000,0.35621,0.36601,0.35576,0.36133,5904833.0
1749708000000,0.36122,0.36425,0.36056,0.36194,1891639.0
1749711600000,0.36184,0.3643,0.36151,0.36286,1241398.0
1749715200000,0.36281,0.36524,0.36172,0.3651,1852668.0
1749718800000,0.36513,0.36695,0.36332,0.36495,1974032.0
1749722400000,0.36492,0.36603,0.363,0.36394,1807421.0
1749726000000,0.36394,0.36643,0.36341,0.36423,2061839.0
1749729600000,0.36408,0.36622,0.36305,0.36467,1778844.0
1749733200000,0.36467,0.36786,0.36062,0.36228,4256440.0
1749736800000,0.36234,0.36248,0.35927,0.36018,2549938.0
1749740400000,0.36015,0.36082,0.35912,0.36043,1553600.0
1749744000000,0.36045,0.364,0.35902,0.36132,3487380.0
1749747600000,0.36134,0.36348,0.36062,0.36176,1639873.0
1749751200000,0.36174,0.3622,0.3569,0.35835,2410596.0
1749754800000,0.35835,0.36127,0.355,0.35955,2577780.0
1749758400000,0.35942,0.36052,0.35117,0.3535,4991866.0
1749762000000,0.35349,0.35575,0.35201,0.35448,1280412.0
1749765600000,0.35446,0.35446,0.349,0.35022,2588202.0
1749769200000,0.35026,0.35516,0.348,0.35145,2647325.0
1749772800000,0.35143,0.35217,0.33909,0.34745,9153656.0
1749776400000,0.3474,0.34749,0.339,0.3448,6535511.0
1749780000000,0.34473,0.3508,0.34262,0.34991,4314778.0
1749783600000,0.34988,0.35232,0.3485,0.3504,2183989.0
1749787200000,0.35038,0.35353,0.34816,0.34861,2831908.0
1749790800000,0.3486,0.34978,0.34236,0.34554,3043393.0
1749794400000,0.34551,0.34658,0.34067,0.34214,2338399.0
1749798000000,0.34216,0.3427,0.33828,0.34099,3029708.0
1749801600000,0.34099,0.34398,0.33941,0.34025,2572492.0
1749805200000,0.34025,0.34025,0.3366,0.33758,3167483.0
1749808800000,0.33746,0.3518,0.33742,0.34231,7229887.0
1749812400000,0.34231,0.34361,0.339,0.34266,2811381.0
1749816000000,0.3427,0.34329,0.34004,0.34024,1587223.0
1749819600000,0.34022,0.34364,0.34014,0.34243,1857119.0
1749823200000,0.34243,0.34403,0.34125,0.344,1594975.0
1749826800000,0.34404,0.35137,0.34399,0.34952,3133376.0
1749830400000,0.34953,0.35768,0.34789,0.34964,5376043.0
1749834000000,0.34964,0.35,0.34545,0.34659,1709310.0
1749837600000,0.34663,0.34728,0.34431,0.345,1143958.0
1749841200000,0.34496,0.34692,0.34423,0.34484,735995.0
1749844800000,0.34485,0.3468,0.34392,0.34603,635066.0
1749848400000,0.34603,0.34761,0.34425,0.34627,715211.0
1749852000000,0.34627,0.34818,0.34573,0.34652,859294.0
1749855600000,0.34654,0.34828,0.34591,0.34817,858557.0
1749859200000,0.34819,0.352,0.34785,0.35013,1753870.0
1749862800000,0.35017,0.35195,0.34963,0.35131,1176424.0
1749866400000,0.35134,0.35295,0.34976,0.3503,903345.0
1749870000000,0.35038,0.35217,0.34947,0.34957,1094925.0
1749873600000,0.34956,0.35105,0.34808,0.3485,646448.0
1749877200000,0.34849,0.34864,0.34588,0.34772,1403933.0
1749880800000,0.34771,0.3483,0.34261,0.34382,2465086.0
1749884400000,0.3438,0.34382,0.33925,0.34286,3281727.0
1749888000000,0.34283,0.34457,0.34129,0.34282,1039697.0
1749891600000,0.34286,0.34336,0.34166,0.34198,1026707.0
1749895200000,0.34204,0.34336,0.34164,0.34286,840739.0
1749898800000,0.34283,0.3444,0.34236,0.34324,911553.0
1749902400000,0.34325,0.34328,0.34014,0.34255,923522.0
1749906000000,0.34257,0.34334,0.3417,0.34265,1147056.0
1749909600000,0.34265,0.34275,0.34039,0.34071,1179794.0
1749913200000,0.34072,0.34134,0.3375,0.33874,2955673.0
1749916800000,0.33875,0.3392,0.33522,0.33524,5301754.0
1749920400000,0.33529,0.33902,0.33522,0.33657,2917401.0
1749924000000,0.33654,0.34456,0.33188,0.33927,8662051.0
1749927600000,0.3392,0.34056,0.33785,0.33894,1762917.0
1749931200000,0.33901,0.34,0.33672,0.3397,1190907.0
1749934800000,0.33972,0.34219,0.33838,0.34018,1194670.0
1749938400000,0.34018,0.34239,0.34018,0.3423,901436.0
1749942000000,0.34238,0.34708,0.34163,0.34573,3745792.0
1749945600000,0.34578,0.34631,0.34141,0.34398,1792212.0
1749949200000,0.34403,0.34493,0.33968,0.34018,2604300.0
1749952800000,0.34021,0.34226,0.33502,0.33648,3014010.0
1749956400000,0.33655,0.34699,0.33182,0.33951,10482011.0
1749960000000,0.33946,0.34202,0.33841,0.34039,1730366.0
1749963600000,0.34044,0.34348,0.3394,0.34214,1843401.0
1749967200000,0.3422,0.34579,0.33843,0.33944,4104183.0
1749970800000,0.3394,0.34191,0.33858,0.34058,1662956.0
1749974400000,0.34058,0.34299,0.34033,0.34179,2190002.0
1749978000000,0.34178,0.34348,0.34049,0.34224,1696230.0
1749981600000,0.34226,0.34792,0.34076,0.3473,4078535.0
1749985200000,0.34729,0.34844,0.34534,0.34669,2008002.0
1749988800000,0.3467,0.34958,0.3463,0.34839,1906676.0
1749992400000,0.34845,0.35276,0.34412,0.34497,5786012.0
1749996000000,0.34512,0.3454,0.3377,0.34138,8919392.0
1749999600000,0.34134,0.34433,0.33802,0.34196,3865460.0
1750003200000,0.34205,0.34337,0.33802,0.33885,2583408.0
1750006800000,0.33886,0.34049,0.3341,0.33978,4038660.0
1750010400000,0.33981,0.3431,0.33816,0.34222,1925461.0
1750014000000,0.34222,0.34536,0.34204,0.34479,1440189.0
1750017600000,0.34478,0.34548,0.34336,0.3444,914786.0
1750021200000,0.3444,0.34476,0.34341,0.34436,698719.0
1750024800000,0.34431,0.3499,0.34392,0.34596,2795608.0
1750028400000,0.34601,0.34805,0.34588,0.34707,1012939.0
1750032000000,0.34705,0.34709,0.34409,0.34601,1152446.0
1750035600000,0.34603,0.35,0.34383,0.34866,2563977.0
1750039200000,0.34863,0.3499,0.3481,0.34966,1397712.0
1750042800000,0.34966,0.34998,0.34723,0.34755,1279791.0
1750046400000,0.34757,0.35192,0.34755,0.35023,1448810.0
1750050000000,0.35015,0.3525,0.34937,0.35125,1715562.0
1750053600000,0.35127,0.3525,0.34987,0.35011,1116323.0
1750057200000,0.35011,0.35461,0.35011,0.35297,1861367.0
1750060800000,0.35299,0.35409,0.34654,0.34885,3266855.0
1750064400000,0.34887,0.34915,0.34392,0.34653,2500717.0
1750068000000,0.34654,0.3468,0.34467,0.34484,1353074.0
1750071600000,0.34476,0.34677,0.34241,0.3437,2108880.0
1750075200000,0.3437,0.3446,0.34229,0.34377,1195113.0
1750078800000,0.3438,0.34675,0.34215,0.34352,2218894.0
1750082400000,0.34363,0.34481,0.34236,0.34356,1628519.0
1750086000000,0.34365,0.34502,0.34251,0.34354,1133028.0
1750089600000,0.34354,0.34467,0.33771,0.34236,4538225.0
1750093200000,0.34236,0.34439,0.34154,0.34216,1663076.0
1750096800000,0.34212,0.34333,0.34186,0.34264,738264.0
1750100400000,0.34268,0.34425,0.34202,0.34285,718645.0
1750104000000,0.3428,0.34357,0.34191,0.34269,693899.0
1750107600000,0.34268,0.34396,0.34163,0.3437,569095.0
1750111200000,0.34371,0.34383,0.33899,0.3395,1583102.0
1750114800000,0.33955,0.34006,0.33611,0.33687,2057315.0
1750118400000,0.33688,0.33881,0.33333,0.33811,3477588.0
1750122000000,0.33807,0.33988,0.33712,0.3372,1520215.0
1750125600000,0.33723,0.34037,0.33694,0.3396,1539275.0
1750129200000,0.3396,0.34225,0.33865,0.34096,1025179.0
1750132800000,0.34096,0.34205,0.33981,0.34034,776480.0
1750136400000,0.34031,0.34085,0.3383,0.33893,927584.0
1750140000000,0.33893,0.33911,0.33528,0.33544,1204622.0
1750143600000,0.33526,0.347,0.33045,0.34278,13036306.0
1750147200000,0.34279,0.34585,0.34165,0.34251,2277532.0
1750150800000,0.34257,0.34412,0.34231,0.34304,1079332.0
1750154400000,0.34304,0.34405,0.34136,0.34218,1608085.0
1750158000000,0.34229,0.343,0.34014,0.34214,1438750.0
1750161600000,0.34211,0.34246,0.34021,0.3406,1194017.0
1750165200000,0.34066,0.34485,0.34048,0.34337,2709354.0
1750168800000,0.34343,0.34365,0.3321,0.34032,13067068.0
1750172400000,0.34045,0.34073,0.33317,0.33674,5396362.0
1750176000000,0.33678,0.33811,0.3324,0.33327,2809715.0
1750179600000,0.33326,0.33763,0.33246,0.3357,2931751.0
1750183200000,0.33571,0.33887,0.33534,0.33885,1200960.0
1750186800000,0.33882,0.34132,0.33431,0.33613,3593078.0
1750190400000,0.33609,0.33781,0.33575,0.33691,871778.0
1750194000000,0.33689,0.33812,0.33603,0.33668,789605.0
1750197600000,0.33668,0.33748,0.33522,0.33536,818547.0
1750201200000,0.33537,0.33704,0.33491,0.33506,836311.0
1750204800000,0.33509,0.3366,0.33402,0.33541,1008273.0
1750208400000,0.33541,0.33565,0.33301,0.33311,1222440.0
1750212000000,0.33313,0.33598,0.33274,0.33343,1980547.0
1750215600000,0.3334,0.33971,0.33146,0.33658,3795333.0
1750219200000,0.33651,0.33731,0.33476,0.33608,2230580.0
1750222800000,0.33608,0.33612,0.33347,0.33479,1184768.0
1750226400000,0.3348,0.33508,0.33127,0.33351,1193073.0
1750230000000,0.3335,0.33508,0.33314,0.3339,960596.0
1750233600000,0.33379,0.33484,0.332,0.33368,1172397.0
1750237200000,0.3337,0.33499,0.33287,0.33288,980300.0
1750240800000,0.33291,0.3334,0.33177,0.33244,2023663.0
1750244400000,0.33244,0.33516,0.33233,0.33463,1296984.0
1750248000000,0.33461,0.3358,0.33212,0.33278,2372589.0
1750251600000,0.33265,0.349,0.3215,0.33926,24986026.0
1750255200000,0.33929,0.34363,0.33839,0.33945,5064127.0
1750258800000,0.33947,0.34101,0.3363,0.33754,2260410.0
1750262400000,0.33756,0.33787,0.33588,0.3362,1264619.0
1750266000000,0.33621,0.33632,0.33336,0.3354,1201827.0
1750269600000,0.33539,0.33654,0.33323,0.33363,1791730.0
1750273200000,0.33369,0.33672,0.33347,0.33431,1016896.0
1750276800000,0.3343,0.33659,0.33373,0.33613,799997.0
1750280400000,0.33616,0.33884,0.33548,0.33831,745194.0
1750284000000,0.33832,0.34109,0.33708,0.33934,1318452.0
1750287600000,0.3392,0.34086,0.33879,0.33974,748966.0
1750291200000,0.33975,0.3404,0.33813,0.33891,1257244.0
1750294800000,0.33887,0.33903,0.3375,0.33891,868610.0
1750298400000,0.33889,0.3404,0.33843,0.34025,824685.0
1750302000000,0.34025,0.34088,0.3394,0.33969,763451.0
1750305600000,0.3397,0.34196,0.3358,0.33823,3138646.0
1750309200000,0.33824,0.3385,0.33707,0.33708,484754.0
1750312800000,0.33713,0.33802,0.33365,0.3375,2680672.0
1750316400000,0.3375,0.33875,0.3374,0.3384,774908.0
1750320000000,0.33837,0.33911,0.33813,0.33835,597957.0
1750323600000,0.33836,0.3407,0.33835,0.34018,815790.0
1750327200000,0.34019,0.34048,0.339,0.33936,774354.0
1750330800000,0.33936,0.33956,0.33755,0.3377,739788.0
1750334400000,0.3377,0.33809,0.33618,0.33695,880848.0
1750338000000,0.33695,0.33754,0.33578,0.33633,548855.0
1750341600000,0.33631,0.33714,0.33559,0.33618,950243.0
1750345200000,0.33617,0.3367,0.33516,0.33575,743775.0
1750348800000,0.33576,0.33606,0.3339,0.33391,872010.0
1750352400000,0.33393,0.33611,0.33232,0.33434,2153253.0
1750356000000,0.33434,0.3351,0.333,0.33332,1051611.0
1750359600000,0.33333,0.33365,0.332,0.33201,1126902.0
1750363200000,0.33203,0.33295,0.33161,0.33214,1151962.0
1750366800000,0.33216,0.33377,0.33184,0.33205,699748.0
1750370400000,0.33205,0.33494,0.33205,0.33416,733417.0
1750374000000,0.33416,0.33585,0.33341,0.3351,837868.0
1750377600000,0.33513,0.33591,0.33404,0.3353,846100.0
1750381200000,0.33529,0.33529,0.33234,0.3333,847440.0
1750384800000,0.33333,0.33345,0.33209,0.33255,572622.0
1750388400000,0.33254,0.33374,0.33232,0.33315,376653.0
1750392000000,0.33318,0.33343,0.332,0.33203,440735.0
1750395600000,0.33202,0.33238,0.33122,0.33142,1087267.0
1750399200000,0.33142,0.33262,0.33107,0.33239,650413.0
1750402800000,0.33239,0.33495,0.33184,0.33449,1833163.0
1750406400000,0.33457,0.33525,0.3319,0.33207,1509564.0
1750410000000,0.33207,0.33214,0.331,0.331,1749004.0
1750413600000,0.33103,0.33127,0.3301,0.33104,2966454.0
1750417200000,0.33098,0.33222,0.3301,0.33165,900883.0
1750420800000,0.33165,0.33366,0.331,0.33184,1470238.0
1750424400000,0.33189,0.33299,0.33138,0.33263,891376.0
1750428000000,0.33263,0.333,0.32794,0.32826,2249380.0
1750431600000,0.32825,0.33023,0.32765,0.32853,1926391.0
1750435200000,0.32853,0.32864,0.32108,0.32213,3867003.0
1750438800000,0.32209,0.32312,0.31779,0.32003,5120251.0
1750442400000,0.32007,0.32073,0.31915,0.31948,1034471.0
1750446000000,0.31949,0.32043,0.31932,0.31993,757835.0
1750449600000,0.31989,0.32126,0.31942,0.31958,931076.0
1750453200000,0.31958,0.31995,0.31891,0.31922,625293.0
1750456800000,0.31922,0.32017,0.31834,0.31964,1145676.0
1750460400000,0.31963,0.31969,0.31844,0.31915,553609.0
1750464000000,0.31916,0.32014,0.31786,0.31813,1004689.0
1750467600000,0.31811,0.31866,0.31365,0.31475,2401306.0
1750471200000,0.31475,0.32149,0.31439,0.32103,5235202.0
1750474800000,0.32101,0.32834,0.31943,0.31956,11357323.0
1750478400000,0.31954,0.32047,0.31893,0.31949,1601850.0
1750482000000,0.31951,0.32091,0.319,0.31961,884338.0
1750485600000,0.31962,0.3199,0.31831,0.31856,902071.0
1750489200000,0.31856,0.31886,0.31666,0.31686,1695551.0
1750492800000,0.31685,0.31805,0.31598,0.31649,1589685.0
1750496400000,0.3165,0.31734,0.31573,0.31693,1056022.0
1750500000000,0.31688,0.31742,0.31599,0.31649,645930.0
1750503600000,0.31649,0.3172,0.31609,0.3165,635509.0
1750507200000,0.3165,0.31721,0.31574,0.3165,812368.0
1750510800000,0.31653,0.31694,0.31515,0.31549,2161939.0
1750514400000,0.3155,0.31637,0.3152,0.31541,1377845.0
1750518000000,0.31543,0.31615,0.31514,0.31563,690019.0
1750521600000,0.31567,0.31647,0.31504,0.31521,1075994.0
1750525200000,0.3152,0.31564,0.31224,0.31341,2757372.0
1750528800000,0.31348,0.31478,0.3132,0.31364,1065141.0
1750532400000,0.31365,0.31451,0.31166,0.31166,1775657.0
1750536000000,0.31171,0.31285,0.311,0.31221,1800339.0
1750539600000,0.31222,0.31292,0.3104,0.31292,3916211.0
1750543200000,0.31292,0.31398,0.31248,0.31388,1890722.0
1750546800000,0.31388,0.3145,0.31195,0.31441,1712938.0
1750550400000,0.31443,0.31522,0.31276,0.31477,2471221.0
1750554000000,0.3147,0.31482,0.31291,0.31304,1031964.0
1750557600000,0.31301,0.31342,0.31161,0.31247,1274958.0
1750561200000,0.31248,0.32168,0.31107,0.31752,13451256.0
1750564800000,0.31753,0.31804,0.31621,0.31719,1334253.0
1750568400000,0.31721,0.31878,0.31701,0.31736,936033.0
1750572000000,0.31737,0.31871,0.31715,0.31779,925814.0
1750575600000,0.31779,0.31801,0.3169,0.31759,862041.0
1750579200000,0.3176,0.31836,0.31714,0.31766,1173952.0
1750582800000,0.31784,0.32,0.31657,0.31685,2402172.0
1750586400000,0.31683,0.31792,0.31672,0.31721,1214157.0
1750590000000,0.31721,0.31805,0.31624,0.31687,995735.0
1750593600000,0.31689,0.31736,0.31546,0.31688,1486338.0
1750597200000,0.31687,0.31724,0.31235,0.31457,5818425.0
1750600800000,0.3146,0.3218,0.31438,0.31978,8631110.0
1750604400000,0.31977,0.3198,0.31761,0.31793,2056947.0
1750608000000,0.31796,0.31957,0.31758,0.31822,1875420.0
1750611600000,0.31822,0.31993,0.31745,0.31921,1370386.0
1750615200000,0.31926,0.31959,0.31728,0.31819,1161484.0
1750618800000,0.31818,0.31898,0.31768,0.31866,855994.0
1750622400000,0.31866,0.32043,0.31713,0.32035,3001025.0
1750626000000,0.32031,0.32066,0.31901,0.31916,1064895.0
1750629600000,0.31916,0.32521,0.31902,0.32498,2838326.0
1750633200000,0.32499,0.32572,0.32138,0.32317,2258113.0
1750636800000,0.32319,0.3281,0.32319,0.32559,3005133.0
1750640400000,0.32552,0.3288,0.32449,0.32862,1186130.0
1750644000000,0.32868,0.32909,0.32355,0.32531,2136736.0
1750647600000,0.32529,0.32618,0.32454,0.32495,751582.0
1750651200000,0.32495,0.32784,0.32467,0.32533,1697667.0
1750654800000,0.32534,0.32541,0.32106,0.32139,2051463.0
1750658400000,0.32139,0.32276,0.31996,0.32185,1550039.0
1750662000000,0.32185,0.32423,0.32184,0.32374,1299920.0
1750665600000,0.32374,0.32473,0.32334,0.32411,934225.0
1750669200000,0.32399,0.32547,0.32382,0.32485,663844.0
1750672800000,0.32484,0.32547,0.32376,0.32505,695581.0
1750676400000,0.32505,0.32629,0.3248,0.3248,683490.0
1750680000000,0.32477,0.32614,0.32422,0.32488,903000.0
1750683600000,0.32487,0.32578,0.3217,0.32501,2312760.0
1750687200000,0.325,0.3258,0.32348,0.32403,1205644.0
1750690800000,0.32406,0.32426,0.32157,0.32212,1249799.0
1750694400000,0.32212,0.323,0.3185,0.31943,2226638.0
1750698000000,0.31947,0.32756,0.3191,0.32286,3990888.0
1750701600000,0.32285,0.32621,0.32116,0.32616,1915934.0
1750705200000,0.32616,0.3266,0.32399,0.32585,895015.0
1750708800000,0.32588,0.3285,0.32524,0.32706,1552729.0
1750712400000,0.32707,0.33267,0.32706,0.32781,2730123.0
1750716000000,0.32784,0.34033,0.32762,0.33692,4736595.0
1750719600000,0.33693,0.3422,0.33475,0.34129,2044487.0
1750723200000,0.34128,0.3482,0.34123,0.34634,3728905.0
1750726800000,0.34637,0.34657,0.34166,0.34308,1313287.0
1750730400000,0.343,0.34329,0.34078,0.34206,1327212.0
1750734000000,0.34205,0.34476,0.34139,0.34279,1120185.0
1750737600000,0.34282,0.34357,0.34134,0.34339,669679.0
1750741200000,0.34339,0.3445,0.3423,0.34447,699545.0
1750744800000,0.34448,0.37056,0.34367,0.36866,13899981.0
1750748400000,0.36866,0.37092,0.35011,0.35097,8705569.0
1750752000000,0.35095,0.35281,0.3492,0.35102,2505927.0
1750755600000,0.35102,0.355,0.35102,0.35293,1179531.0
1750759200000,0.35297,0.35542,0.35133,0.35372,1131016.0
1750762800000,0.35382,0.35866,0.35382,0.35847,1667634.0
1750766400000,0.35846,0.36334,0.35482,0.36319,2338546.0
1750770000000,0.36316,0.36372,0.35212,0.35535,3396365.0
1750773600000,0.35539,0.35658,0.354,0.3553,1086540.0
1750777200000,0.35532,0.37504,0.3548,0.36744,7159652.0
1750780800000,0.36745,0.37479,0.35847,0.36959,5539720.0
1750784400000,0.36953,0.36961,0.35369,0.35423,4003476.0
1750788000000,0.35428,0.35665,0.35282,0.35403,1763562.0
1750791600000,0.35405,0.35669,0.35392,0.35582,791198.0
1750795200000,0.35582,0.35589,0.3539,0.35495,607197.0
1750798800000,0.35493,0.35683,0.35369,0.35502,542622.0
1750802400000,0.35501,0.36,0.35472,0.35488,847031.0
1750806000000,0.35489,0.3575,0.35477,0.35729,773182.0
1750809600000,0.35729,0.35755,0.35538,0.35679,597577.0
1750813200000,0.35676,0.36552,0.35619,0.36547,3074861.0
1750816800000,0.36546,0.36762,0.36254,0.3673,1677891.0
1750820400000,0.36717,0.3677,0.36233,0.36377,1095385.0
1750824000000,0.36378,0.36567,0.36283,0.36413,834788.0
1750827600000,0.36417,0.36523,0.36357,0.3639,693984.0
1750831200000,0.3639,0.36884,0.36262,0.36769,1469467.0
1750834800000,0.36779,0.37186,0.36629,0.37102,1595211.0
1750838400000,0.37099,0.3715,0.36393,0.36573,2095890.0
1750842000000,0.36571,0.36824,0.36401,0.36496,1677066.0
1750845600000,0.36492,0.36603,0.36311,0.36566,852745.0
1750849200000,0.36569,0.36621,0.36315,0.36533,600668.0
1750852800000,0.36533,0.36751,0.36232,0.36303,1257087.0
1750856400000,0.36302,0.36493,0.36208,0.36286,1134336.0
1750860000000,0.36286,0.36457,0.35443,0.35743,3102536.0
1750863600000,0.35744,0.35851,0.35586,0.35705,1034805.0
1750867200000,0.35708,0.35967,0.35627,0.35667,752346.0
1750870800000,0.35659,0.36673,0.35629,0.36439,2118436.0
1750874400000,0.3643,0.3655,0.36061,0.3607,720098.0
1750878000000,0.36076,0.36128,0.3538,0.35603,1817765.0
1750881600000,0.35604,0.35662,0.35409,0.3564,581296.0
1750885200000,0.35638,0.36284,0.3533,0.35578,2426317.0
1750888800000,0.35582,0.35719,0.35384,0.35488,894955.0
1750892400000,0.3549,0.35665,0.35377,0.35628,603951.0
1750896000000,0.35632,0.35918,0.35555,0.35717,742780.0
1750899600000,0.35721,0.363,0.3561,0.36174,1218836.0
1750903200000,0.36175,0.36446,0.36057,0.36238,858805.0
1750906800000,0.3624,0.36357,0.36037,0.36193,560825.0
1750910400000,0.36191,0.36425,0.36125,0.36201,446664.0
1750914000000,0.36202,0.36391,0.3611,0.36319,438980.0
1750917600000,0.36317,0.36682,0.36248,0.36353,1048899.0
1750921200000,0.36353,0.36545,0.36053,0.36173,1312663.0
1750924800000,0.36174,0.36225,0.35895,0.35983,746245.0
1750928400000,0.35983,0.3604,0.35685,0.35724,1124127.0
1750932000000,0.35721,0.36058,0.35629,0.35974,676669.0
1750935600000,0.35977,0.36303,0.35931,0.36268,554525.0
1750939200000,0.36264,0.36288,0.35782,0.35843,848813.0
1750942800000,0.35837,0.3595,0.35633,0.35664,822998.0
1750946400000,0.35654,0.35945,0.35431,0.35898,1827754.0
1750950000000,0.35919,0.36079,0.35813,0.35969,812118.0
1750953600000,0.35971,0.3633,0.35805,0.36211,1177096.0
1750957200000,0.36215,0.36286,0.36002,0.36073,578961.0
1750960800000,0.36073,0.36236,0.36026,0.36126,417724.0
1750964400000,0.36125,0.36262,0.36076,0.36168,453252.0
1750968000000,0.36164,0.36198,0.36028,0.36057,526980.0
1750971600000,0.36057,0.36057,0.35484,0.35717,1290382.0
1750975200000,0.3572,0.35842,0.35671,0.35704,376957.0
1750978800000,0.35703,0.3571,0.356,0.3567,457874.0
1750982400000,0.35669,0.35679,0.35527,0.35559,528752.0
1750986000000,0.35558,0.35852,0.35427,0.35787,824320.0
1750989600000,0.35786,0.36197,0.35775,0.35978,944518.0
1750993200000,0.35979,0.36252,0.35866,0.36149,735978.0
1750996800000,0.36149,0.36577,0.361,0.36552,995633.0
1751000400000,0.36554,0.37028,0.35483,0.35706,5259695.0
1751004000000,0.35708,0.35733,0.35516,0.35684,1280203.0
1751007600000,0.35682,0.35787,0.35238,0.3529,1616273.0
1751011200000,0.35289,0.35645,0.35289,0.35558,1182290.0
1751014800000,0.35558,0.35654,0.35414,0.3558,928982.0
1751018400000,0.35581,0.35754,0.35542,0.35698,836894.0
1751022000000,0.35698,0.35763,0.35602,0.35653,468793.0
1751025600000,0.35655,0.358,0.35465,0.35496,528296.0
1751029200000,0.35495,0.357,0.35367,0.35429,708235.0
1751032800000,0.35426,0.35556,0.352,0.35238,852397.0
1751036400000,0.35238,0.35388,0.35135,0.35275,788702.0
1751040000000,0.35275,0.35585,0.35268,0.35423,586969.0
1751043600000,0.35424,0.35459,0.35172,0.35293,465279.0
1751047200000,0.35297,0.3534,0.35097,0.35168,833387.0
1751050800000,0.35164,0.35285,0.35154,0.35258,496418.0
1751054400000,0.35258,0.35483,0.351,0.3538,818686.0
1751058000000,0.35379,0.35541,0.3534,0.35448,372664.0
1751061600000,0.3545,0.35548,0.35399,0.35484,196843.0
1751065200000,0.35484,0.35657,0.35394,0.35652,339512.0
1751068800000,0.35655,0.35656,0.35384,0.35422,365152.0
1751072400000,0.35419,0.35544,0.35359,0.35531,229851.0
1751076000000,0.3553,0.35535,0.35313,0.35317,288860.0
1751079600000,0.35318,0.3552,0.35308,0.35395,325986.0
1751083200000,0.35398,0.35466,0.35287,0.35362,255635.0
1751086800000,0.35364,0.35547,0.3463,0.34722,2300549.0
1751090400000,0.34721,0.34737,0.34432,0.34494,1484065.0
1751094000000,0.34493,0.34529,0.32627,0.327,6549213.0
1751097600000,0.32693,0.33566,0.3192,0.33142,11736284.0
1751101200000,0.33141,0.33479,0.33048,0.33236,1715119.0
1751104800000,0.33229,0.33342,0.32281,0.32642,3011133.0
1751108400000,0.32651,0.33473,0.32283,0.33393,4620344.0
1751112000000,0.33391,0.335,0.32867,0.329,1901197.0
1751115600000,0.329,0.32914,0.32,0.32024,17540495.0
1751119200000,0.32024,0.32366,0.32,0.32195,3598870.0
1751122800000,0.32194,0.33264,0.321,0.33034,16573531.0
1751126400000,0.33035,0.33136,0.32579,0.3265,1447658.0
1751130000000,0.32642,0.32946,0.32578,0.32935,1435558.0
1751133600000,0.32945,0.33071,0.32769,0.33033,816219.0
1751137200000,0.33039,0.33372,0.3297,0.33007,999464.0
1751140800000,0.33007,0.33098,0.32771,0.32857,714908.0
1751144400000,0.32857,0.32893,0.32583,0.32744,774689.0
1751148000000,0.32744,0.32964,0.3258,0.32806,772865.0
1751151600000,0.32806,0.32921,0.32735,0.3283,655111.0
1751155200000,0.32833,0.32928,0.3268,0.32732,911970.0
1751158800000,0.32721,0.32836,0.32536,0.32598,1076016.0
1751162400000,0.326,0.33038,0.32569,0.32866,1220791.0
1751166000000,0.32867,0.33,0.32754,0.32952,1088565.0
1751169600000,0.32952,0.32998,0.32823,0.32873,600483.0
1751173200000,0.32874,0.33159,0.32845,0.329,905021.0
1751176800000,0.32898,0.33219,0.32869,0.33057,900239.0
1751180400000,0.33057,0.33192,0.32881,0.33069,733804.0
1751184000000,0.33069,0.355,0.33041,0.34749,7798370.0
1751187600000,0.34743,0.35174,0.34534,0.35068,5349043.0
1751191200000,0.35077,0.3533,0.3495,0.35293,1633180.0
1751194800000,0.35292,0.35472,0.34935,0.34995,2207641.0
1751198400000,0.35,0.35266,0.3495,0.35166,1131295.0
1751202000000,0.35165,0.35198,0.3491,0.35098,1259853.0
1751205600000,0.35095,0.3526,0.349,0.35007,1162079.0
1751209200000,0.3501,0.35208,0.34923,0.35208,939885.0
1751212800000,0.35209,0.35315,0.35064,0.35132,847521.0
1751216400000,0.35126,0.35138,0.34901,0.34987,804428.0
1751220000000,0.34987,0.35245,0.3495,0.35072,565519.0
1751223600000,0.35074,0.35119,0.34998,0.34998,269808.0
1751227200000,0.34998,0.3504,0.3491,0.34991,281297.0
1751230800000,0.3499,0.35451,0.34978,0.352,1144403.0
1751234400000,0.352,0.35427,0.35109,0.35357,1024327.0
1751238000000,0.35357,0.36566,0.35357,0.36137,3506632.0
1751241600000,0.36137,0.3649,0.36111,0.36413,889723.0
1751245200000,0.36417,0.36879,0.36006,0.36081,1673613.0
1751248800000,0.36078,0.36089,0.3578,0.36047,811210.0
1751252400000,0.36043,0.3658,0.36005,0.36386,1047938.0
1751256000000,0.36377,0.36899,0.36111,0.36777,1636468.0
1751259600000,0.36775,0.36795,0.35547,0.35903,2258206.0
1751263200000,0.35903,0.36135,0.358,0.36094,879381.0
1751266800000,0.3609,0.36127,0.34946,0.35519,3106566.0
1751270400000,0.35501,0.35975,0.35438,0.35838,2000985.0
1751274000000,0.35833,0.36316,0.3572,0.3575,1170366.0
1751277600000,0.35752,0.35827,0.357,0.35731,719393.0
1751281200000,0.35728,0.35795,0.35431,0.35491,766187.0
1751284800000,0.35491,0.35652,0.35339,0.35411,715350.0
1751288400000,0.35403,0.35613,0.35092,0.35142,1323477.0
1751292000000,0.35162,0.35522,0.34987,0.3547,1739001.0
1751295600000,0.3547,0.3615,0.35456,0.35776,1667722.0
1751299200000,0.35767,0.35879,0.35615,0.35841,541338.0
1751302800000,0.35842,0.35921,0.35709,0.35914,250458.0
1751306400000,0.35917,0.35987,0.35741,0.35866,230296.0
1751310000000,0.35862,0.35989,0.35779,0.35779,321523.0
1751313600000,0.35777,0.35891,0.35625,0.35815,288083.0
1751317200000,0.35811,0.36257,0.3579,0.36117,693411.0
1751320800000,0.36122,0.36124,0.3575,0.35777,664073.0
1751324400000,0.35778,0.35893,0.3572,0.35797,241857.0
1751328000000,0.35791,0.36168,0.35754,0.36044,424981.0
1751331600000,0.36045,0.36409,0.36004,0.36163,740660.0
1751335200000,0.36163,0.36454,0.36004,0.36236,446744.0
1751338800000,0.36234,0.36322,0.3603,0.36127,650449.0
1751342400000,0.36129,0.36238,0.35849,0.35937,861733.0
1751346000000,0.35933,0.36185,0.35798,0.36164,527938.0
1751349600000,0.36168,0.36195,0.35542,0.35557,1253235.0
1751353200000,0.35556,0.35649,0.35427,0.35548,829441.0
1751356800000,0.35559,0.35652,0.35425,0.35643,404863.0
1751360400000,0.35644,0.357,0.35427,0.35532,339651.0
1751364000000,0.35529,0.35606,0.35415,0.35534,363407.0
1751367600000,0.35544,0.3557,0.35214,0.35473,934343.0
1751371200000,0.35472,0.35497,0.35298,0.35387,337216.0
1751374800000,0.35382,0.35411,0.35169,0.35343,503656.0
1751378400000,0.35349,0.35367,0.35092,0.35146,786774.0
1751382000000,0.35148,0.35313,0.34675,0.34856,1671058.0
1751385600000,0.34854,0.35094,0.34709,0.34991,764340.0
1751389200000,0.35004,0.3505,0.34853,0.34894,316485.0
1751392800000,0.34898,0.34898,0.34574,0.34697,523166.0
1751396400000,0.34707,0.35006,0.34691,0.34885,527808.0
1751400000000,0.34887,0.35147,0.34887,0.35069,344508.0
1751403600000,0.35071,0.35385,0.35026,0.3528,715099.0
1751407200000,0.35279,0.35471,0.35193,0.35339,297223.0
1751410800000,0.35332,0.35507,0.35282,0.35434,314842.0
1751414400000,0.35428,0.35558,0.35345,0.3551,447864.0
1751418000000,0.35508,0.35551,0.35398,0.35446,334198.0
1751421600000,0.35446,0.35914,0.35346,0.35659,665340.0
1751425200000,0.35663,0.35839,0.3549,0.35499,790558.0
1751428800000,0.355,0.35799,0.35427,0.35724,734138.0
1751432400000,0.35709,0.35731,0.3561,0.35626,466382.0
1751436000000,0.35625,0.35719,0.35522,0.35533,322987.0
1751439600000,0.35533,0.35555,0.35351,0.35517,542013.0
1751443200000,0.35518,0.35654,0.35328,0.35424,632910.0
1751446800000,0.35426,0.36813,0.35293,0.36639,2435990.0
1751450400000,0.36641,0.36899,0.35908,0.36032,2867490.0
1751454000000,0.36033,0.36436,0.36023,0.36391,655603.0
1751457600000,0.3639,0.38166,0.36336,0.37585,5687380.0
1751461200000,0.37585,0.38595,0.37584,0.38382,3044005.0
1751464800000,0.38385,0.38999,0.38292,0.38939,3229828.0
1751468400000,0.3894,0.39263,0.38274,0.38731,3916864.0
1751472000000,0.38731,0.39394,0.3818,0.38632,3866750.0
1751475600000,0.38645,0.39455,0.38498,0.39443,1988235.0
1751479200000,0.39438,0.3962,0.39092,0.39139,1027066.0
1751482800000,0.39137,0.39527,0.38988,0.39494,642498.0
1751486400000,0.39489,0.39501,0.38939,0.39009,728287.0
1751490000000,0.39009,0.3919,0.38896,0.38948,352578.0
1751493600000,0.38943,0.39138,0.38811,0.39114,614920.0
1751497200000,0.39114,0.39678,0.39086,0.39274,1014545.0
1751500800000,0.39274,0.39389,0.3908,0.39258,729969.0
1751504400000,0.39258,0.39692,0.3924,0.39671,676095.0
1751508000000,0.39672,0.40145,0.3929,0.39381,2060823.0
1751511600000,0.39372,0.39482,0.39075,0.39085,1022728.0
1751515200000,0.3909,0.395,0.39012,0.39117,978300.0
1751518800000,0.39119,0.39664,0.39119,0.39534,889451.0
1751522400000,0.39534,0.40291,0.393,0.39718,1596561.0
1751526000000,0.39737,0.39772,0.39445,0.39592,572409.0
1751529600000,0.39592,0.40608,0.39578,0.40269,1117085.0
1751533200000,0.40282,0.40421,0.39739,0.3978,1109485.0
1751536800000,0.39781,0.40066,0.3971,0.39857,614101.0
1751540400000,0.39857,0.39887,0.396,0.39611,606191.0
1751544000000,0.39612,0.40034,0.396,0.39679,972271.0
1751547600000,0.39684,0.41,0.39684,0.4076,1748021.0
1751551200000,0.40762,0.42698,0.40734,0.41749,6995926.0
1751554800000,0.4173,0.41975,0.41276,0.41355,2936493.0
1751558400000,0.41349,0.43302,0.39599,0.40271,12710285.0
1751562000000,0.40224,0.40266,0.37734,0.40184,12912766.0
1751565600000,0.40192,0.40205,0.39576,0.40195,1338321.0
1751569200000,0.40193,0.40777,0.40086,0.4062,1655160.0
1751572800000,0.40623,0.40779,0.40316,0.40457,1006492.0
1751576400000,0.40456,0.41859,0.40456,0.41076,2555000.0
1751580000000,0.41077,0.41646,0.40635,0.40884,1208168.0
1751583600000,0.40865,0.41165,0.40531,0.4098,1253830.0
1751587200000,0.40983,0.41144,0.40603,0.40856,764853.0
1751590800000,0.40859,0.40896,0.3998,0.40216,1603752.0
1751594400000,0.40217,0.40509,0.39903,0.40323,1299129.0
1751598000000,0.40322,0.40932,0.40142,0.40538,1678242.0
1751601600000,0.40545,0.40866,0.40022,0.40048,1212875.0
1751605200000,0.40043,0.40299,0.39937,0.39945,733719.0
1751608800000,0.39939,0.40162,0.38903,0.38964,2824128.0
1751612400000,0.38972,0.3914,0.384,0.38789,2485407.0
1751616000000,0.38791,0.39307,0.38786,0.39301,1176898.0
1751619600000,0.3931,0.39414,0.38858,0.39141,1138116.0
1751623200000,0.39141,0.39228,0.38938,0.39132,575271.0
1751626800000,0.39126,0.39171,0.3889,0.38921,620980.0
1751630400000,0.38919,0.39329,0.38849,0.38959,788710.0
1751634000000,0.3896,0.3908,0.3824,0.38734,2340800.0
1751637600000,0.38737,0.39156,0.38573,0.39081,1145920.0
1751641200000,0.39081,0.39187,0.38816,0.39059,773389.0
1751644800000,0.3906,0.39283,0.38767,0.39229,991733.0
1751648400000,0.39231,0.39817,0.39174,0.39397,1066351.0
1751652000000,0.39403,0.3947,0.39252,0.39413,319514.0
1751655600000,0.3941,0.3963,0.39388,0.39623,568536.0
1751659200000,0.39615,0.39689,0.3931,0.39461,527493.0
1751662800000,0.3946,0.3946,0.39002,0.39123,526691.0
1751666400000,0.39124,0.39128,0.38761,0.38833,467543.0
1751670000000,0.38841,0.38856,0.38647,0.38815,296020.0
1751673600000,0.38815,0.3903,0.38735,0.38864,808635.0
1751677200000,0.38862,0.39,0.3876,0.39,267184.0
1751680800000,0.39,0.39499,0.38867,0.39359,495262.0
1751684400000,0.39343,0.39582,0.39286,0.39384,1106244.0
1751688000000,0.39381,0.39396,0.38907,0.38975,699580.0
1751691600000,0.38981,0.38993,0.38752,0.38807,639741.0
1751695200000,0.38808,0.38816,0.38374,0.38417,767212.0
1751698800000,0.38419,0.38425,0.38207,0.3832,872803.0
1751702400000,0.38309,0.38378,0.3804,0.38117,619261.0
1751706000000,0.38101,0.38109,0.37741,0.3789,1107180.0
1751709600000,0.3789,0.38445,0.374,0.38362,1766017.0
1751713200000,0.38342,0.38356,0.37821,0.38069,1143512.0
1751716800000,0.38064,0.38148,0.3685,0.36977,3292259.0
1751720400000,0.36969,0.37207,0.36666,0.37002,1300141.0
1751724000000,0.37001,0.37008,0.355,0.35652,4022614.0
1751727600000,0.35675,0.36125,0.35633,0.35831,1519243.0
1751731200000,0.35819,0.3594,0.35501,0.35501,1155919.0
1751734800000,0.35507,0.35843,0.3243,0.32617,20738269.0
1751738400000,0.3262,0.34288,0.32119,0.33165,15486164.0
1751742000000,0.3316,0.33588,0.32902,0.33098,2885770.0
1751745600000,0.33099,0.331,0.32152,0.32251,4657900.0
1751749200000,0.32247,0.35754,0.32239,0.3319,10258763.0
1751752800000,0.33183,0.33973,0.33183,0.33888,2054045.0
1751756400000,0.33886,0.34073,0.33526,0.3361,1421874.0
1751760000000,0.33615,0.33643,0.32523,0.32628,3926471.0
1751763600000,0.32635,0.33488,0.32119,0.33409,5794907.0
1751767200000,0.33413,0.33415,0.32642,0.32716,2063812.0
1751770800000,0.32725,0.32844,0.323,0.32403,2063260.0
1751774400000,0.32404,0.33222,0.3227,0.32766,9681731.0
1751778000000,0.32768,0.32833,0.323,0.3235,2294510.0
1751781600000,0.32349,0.35568,0.31624,0.34216,39236928.0
1751785200000,0.3422,0.35665,0.3419,0.34706,6993633.0
1751788800000,0.34706,0.35277,0.34566,0.34906,3558464.0
1751792400000,0.34908,0.35912,0.34785,0.35489,3796546.0
1751796000000,0.35484,0.36948,0.35482,0.36816,6155406.0
1751799600000,0.36807,0.36896,0.35714,0.35806,4433873.0
1751803200000,0.35799,0.3663,0.35774,0.36244,2328430.0
1751806800000,0.36271,0.3636,0.35917,0.36217,2579567.0
1751810400000,0.36217,0.38363,0.35195,0.36416,15115764.0
1751814000000,0.36416,0.36797,0.35701,0.35951,2436914.0
1751817600000,0.3595,0.36785,0.3595,0.36529,1739919.0
1751821200000,0.36512,0.36985,0.36269,0.36622,1927878.0
1751824800000,0.36601,0.36962,0.3655,0.36841,1711842.0
1751828400000,0.36833,0.37274,0.36707,0.36816,1761896.0
1751832000000,0.36827,0.37393,0.36793,0.36844,2116754.0
1751835600000,0.36843,0.41335,0.36783,0.39894,15344713.0
1751839200000,0.39925,0.4044,0.3954,0.39762,6494595.0
1751842800000,0.39764,0.40403,0.38987,0.39036,7220605.0
1751846400000,0.39044,0.40299,0.38928,0.40057,8630739.0
1751850000000,0.40054,0.40241,0.39648,0.40129,4912323.0
1751853600000,0.40124,0.40875,0.39784,0.40045,7894948.0
1751857200000,0.40048,0.40885,0.3981,0.404,6701754.0
1751860800000,0.40401,0.40577,0.3987,0.40435,3835666.0
1751864400000,0.40433,0.4062,0.4002,0.40463,3517067.0
1751868000000,0.40468,0.41234,0.39009,0.39718,16422021.0
1751871600000,0.39724,0.39985,0.38422,0.39177,7670039.0
1751875200000,0.39177,0.3944,0.38897,0.38966,4059823.0
1751878800000,0.38962,0.39437,0.38802,0.39035,3460418.0
1751882400000,0.39037,0.39739,0.38882,0.39273,2709890.0
1751886000000,0.39268,0.3952,0.38948,0.3906,1354183.0
1751889600000,0.39041,0.39817,0.39041,0.39487,3424159.0
1751893200000,0.39484,0.39494,0.38705,0.39,3409756.0
1751896800000,0.39001,0.39001,0.38372,0.38836,4092718.0
1751900400000,0.38837,0.38939,0.38258,0.38473,2411951.0
1751904000000,0.38472,0.38949,0.37542,0.3769,4865230.0
1751907600000,0.3769,0.3783,0.36888,0.36921,4838052.0
1751911200000,0.36918,0.37819,0.36646,0.3765,2835457.0
1751914800000,0.37635,0.37869,0.37395,0.37504,2418067.0
1751918400000,0.375,0.37568,0.37035,0.37287,1757093.0
1751922000000,0.37285,0.37372,0.36984,0.37206,913950.0
1751925600000,0.37206,0.37479,0.36835,0.37143,2257024.0
1751929200000,0.3714,0.37565,0.37134,0.37467,1006603.0
1751932800000,0.37461,0.37462,0.36893,0.36951,2366804.0
1751936400000,0.3695,0.37004,0.3649,0.36513,1793573.0
1751940000000,0.36515,0.36719,0.36293,0.36494,1193382.0
1751943600000,0.36495,0.36769,0.36141,0.36432,1629689.0
1751947200000,0.36429,0.365,0.3575,0.35838,3750709.0
1751950800000,0.35838,0.35879,0.35551,0.35814,1568924.0
1751954400000,0.35813,0.3605,0.3553,0.35971,1753162.0
1751958000000,0.35968,0.36,0.35741,0.358,1230930.0
1751961600000,0.35802,0.35933,0.35643,0.35807,1004353.0
1751965200000,0.35802,0.35989,0.35555,0.35712,1354785.0
1751968800000,0.3571,0.35966,0.35529,0.35803,1134176.0
1751972400000,0.35799,0.359,0.35528,0.35546,825999.0
1751976000000,0.35546,0.35596,0.35154,0.35244,1753047.0
1751979600000,0.35239,0.35836,0.35137,0.3577,2140671.0
1751983200000,0.35765,0.35767,0.35148,0.35295,1673691.0
1751986800000,0.35293,0.35293,0.34689,0.34913,2863501.0
1751990400000,0.34909,0.35276,0.34691,0.34968,1753025.0
1751994000000,0.3497,0.3699,0.34942,0.36829,5990380.0
1751997600000,0.36827,0.36845,0.35899,0.35946,1852308.0
1752001200000,0.35948,0.36646,0.35764,0.36232,1481762.0
1752004800000,0.36222,0.36321,0.36039,0.36097,650842.0
1752008400000,0.36087,0.36114,0.35739,0.35868,782007.0
1752012000000,0.35868,0.36019,0.35656,0.35695,708412.0
1752015600000,0.35695,0.35868,0.35684,0.35748,470942.0
1752019200000,0.3575,0.36053,0.35655,0.35662,1416239.0
1752022800000,0.35668,0.3573,0.3551,0.35566,677927.0
1752026400000,0.35564,0.35847,0.354,0.3542,785451.0
1752030000000,0.35417,0.35476,0.35133,0.35221,903604.0
1752033600000,0.35223,0.35471,0.35178,0.35297,979171.0
1752037200000,0.35297,0.35815,0.35165,0.3561,1343704.0
1752040800000,0.35605,0.35895,0.35545,0.35747,1043388.0
1752044400000,0.35746,0.36366,0.35724,0.36322,967720.0
1752048000000,0.36324,0.36926,0.36149,0.36296,1443527.0
1752051600000,0.3631,0.36518,0.3631,0.36445,499152.0
1752055200000,0.36445,0.36472,0.35845,0.35845,761165.0
1752058800000,0.35859,0.36473,0.35764,0.36308,1002885.0
1752062400000,0.36295,0.36418,0.36071,0.36255,731849.0
1752066000000,0.36256,0.36391,0.36102,0.36171,622545.0
1752069600000,0.36174,0.36328,0.35562,0.3576,1646615.0
1752073200000,0.35764,0.36148,0.35687,0.36078,1010949.0
1752076800000,0.36078,0.3669,0.35912,0.36413,1293398.0
1752080400000,0.36412,0.36464,0.36077,0.36129,453818.0
1752084000000,0.36128,0.37338,0.36118,0.36879,2498324.0
1752087600000,0.36877,0.37936,0.36841,0.37652,2999216.0
1752091200000,0.37656,0.37789,0.37365,0.37439,1570830.0
1752094800000,0.37437,0.37729,0.37427,0.37605,810204.0
1752098400000,0.37609,0.37698,0.37183,0.37293,660909.0
1752102000000,0.37294,0.3733,0.37029,0.37042,302918.0
1752105600000,0.3705,0.37499,0.3705,0.37374,792473.0
1752109200000,0.37384,0.37642,0.37081,0.37131,808179.0
1752112800000,0.37122,0.37452,0.37065,0.37417,548068.0
1752116400000,0.37419,0.377,0.37216,0.37288,1659671.0
1752120000000,0.37287,0.38227,0.37283,0.38043,2231492.0
1752123600000,0.38044,0.38656,0.37713,0.37732,1470139.0
1752127200000,0.37732,0.37821,0.3757,0.37657,554061.0
1752130800000,0.37655,0.37855,0.37463,0.3757,1686254.0
1752134400000,0.37556,0.37736,0.37471,0.37639,976912.0
1752138000000,0.37623,0.37703,0.37569,0.37644,490474.0
1752141600000,0.3765,0.38552,0.37543,0.38011,3052932.0
1752145200000,0.3802,0.38672,0.37898,0.38565,1121615.0
1752148800000,0.38567,0.39113,0.38474,0.38623,1791314.0
1752152400000,0.38627,0.39242,0.38442,0.38802,1333585.0
1752156000000,0.38803,0.3966,0.38662,0.39606,1670087.0
1752159600000,0.39606,0.40448,0.39352,0.39619,2687490.0
1752163200000,0.39632,0.40136,0.39372,0.39995,1040450.0
1752166800000,0.39993,0.41,0.39909,0.40896,3385994.0
1752170400000,0.40888,0.4099,0.39947,0.40268,1912134.0
1752174000000,0.40273,0.40854,0.40072,0.4017,1496974.0
1752177600000,0.40174,0.40582,0.40129,0.40386,890652.0
1752181200000,0.40379,0.41061,0.4035,0.40615,1420503.0
1752184800000,0.40634,0.425,0.4056,0.42072,5984081.0
1752188400000,0.42072,0.42072,0.39977,0.40127,5397191.0
1752192000000,0.4013,0.40671,0.40106,0.40443,1122693.0
1752195600000,0.40442,0.42074,0.40401,0.41878,3001988.0
1752199200000,0.41876,0.4236,0.41642,0.42344,2061991.0
1752202800000,0.42338,0.42823,0.42265,0.42618,2248173.0
1752206400000,0.42623,0.43631,0.42526,0.4356,1844308.0
1752210000000,0.43554,0.44608,0.43472,0.44159,3274484.0
1752213600000,0.4416,0.44174,0.42683,0.43201,2866298.0
1752217200000,0.43205,0.46621,0.43152,0.46248,9369011.0
1752220800000,0.4624,0.49651,0.46,0.46997,14181518.0
1752224400000,0.47009,0.48614,0.46493,0.48516,3271494.0
1752228000000,0.48527,0.49939,0.48379,0.49175,6950548.0
1752231600000,0.49172,0.50363,0.48152,0.4921,5546473.0
1752235200000,0.49234,0.51665,0.49221,0.51279,9374068.0
1752238800000,0.51288,0.5166,0.48067,0.49159,9109645.0
1752242400000,0.49159,0.515,0.48747,0.51065,4648940.0
1752246000000,0.51036,0.53469,0.51036,0.52223,11066560.0
1752249600000,0.52191,0.54391,0.51326,0.52979,11105977.0
1752253200000,0.53024,0.53659,0.52581,0.52817,4428303.0
1752256800000,0.52804,0.55506,0.52305,0.55437,6767499.0
1752260400000,0.55456,0.57142,0.54707,0.5615,13226542.0
1752264000000,0.56163,0.57142,0.55806,0.56616,5955547.0
1752267600000,0.56598,0.58555,0.55872,0.575,12700832.0
1752271200000,0.575,0.58478,0.54281,0.56734,12909711.0
1752274800000,0.56723,0.58979,0.54864,0.56455,14680338.0
1752278400000,0.56455,0.58659,0.55508,0.56127,11174847.0
1752282000000,0.56141,0.56374,0.53721,0.56058,9366345.0
1752285600000,0.56059,0.58,0.55768,0.5663,7957272.0
1752289200000,0.56631,0.57622,0.55628,0.56154,4944420.0
1752292800000,0.56132,0.57277,0.55304,0.55644,7088881.0
1752296400000,0.55648,0.57659,0.54752,0.55261,10106649.0
1752300000000,0.55278,0.56,0.5416,0.55064,7147826.0
1752303600000,0.55083,0.561,0.53,0.53263,8712668.0
1752307200000,0.53258,0.54125,0.52018,0.52906,5655731.0
1752310800000,0.52901,0.53841,0.52508,0.53078,3121157.0
1752314400000,0.53086,0.53971,0.5275,0.53651,2722503.0
1752318000000,0.53651,0.53987,0.528,0.5368,2591002.0
1752321600000,0.53705,0.54342,0.51775,0.52353,5483811.0
1752325200000,0.52355,0.52869,0.51423,0.52193,2936744.0
1752328800000,0.52207,0.52706,0.51739,0.52491,2370320.0
1752332400000,0.52492,0.541,0.51495,0.5284,7209251.0
1752336000000,0.5284,0.53449,0.52503,0.52999,2545636.0
1752339600000,0.53004,0.53768,0.52731,0.53584,1750125.0
1752343200000,0.53563,0.54839,0.53164,0.5404,3328849.0
1752346800000,0.5404,0.54369,0.5353,0.53913,1635861.0
1752350400000,0.53913,0.54255,0.53303,0.53574,1270743.0
1752354000000,0.53561,0.54816,0.53329,0.54138,2044201.0
1752357600000,0.54156,0.54693,0.54007,0.54424,1401501.0
1752361200000,0.54436,0.5458,0.53606,0.53808,1547833.0
1752364800000,0.53823,0.57,0.53438,0.55569,4730951.0
1752368400000,0.55572,0.59183,0.55507,0.58191,9475542.0
1752372000000,0.58192,0.61512,0.47124,0.49753,35181582.0
1752375600000,0.49781,0.54555,0.47372,0.52693,29541293.0
1752379200000,0.52713,0.53318,0.5063,0.52725,8795441.0
1752382800000,0.5273,0.52977,0.51155,0.52512,4280310.0
1752386400000,0.52508,0.52631,0.5084,0.51286,2569787.0
1752390000000,0.51286,0.52782,0.51037,0.52449,2431008.0
1752393600000,0.52457,0.52671,0.51669,0.52671,1825635.0
1752397200000,0.52671,0.52798,0.52183,0.52464,1577467.0
1752400800000,0.52465,0.5444,0.52235,0.52419,3146868.0
1752404400000,0.52422,0.53254,0.51529,0.5312,2577010.0
1752408000000,0.53139,0.54165,0.52666,0.5324,2109937.0
1752411600000,0.53254,0.5351,0.52473,0.52513,1486434.0
1752415200000,0.52516,0.53645,0.51215,0.52906,3523853.0
1752418800000,0.52906,0.53043,0.51827,0.52053,1204034.0
1752422400000,0.52049,0.53464,0.51036,0.51336,2724941.0
1752426000000,0.51334,0.52,0.51162,0.51336,1430437.0
1752429600000,0.51343,0.51394,0.4893,0.4915,3265190.0
1752433200000,0.49117,0.50502,0.49103,0.49568,2072002.0
1752436800000,0.49555,0.49661,0.488,0.48846,1550891.0
1752440400000,0.48846,0.50247,0.48804,0.49317,1605646.0
1752444000000,0.49312,0.49559,0.48034,0.48282,2586571.0
1752447600000,0.48278,0.48378,0.4752,0.47617,2911363.0
1752451200000,0.47625,0.48384,0.47394,0.47525,2386968.0
1752454800000,0.47522,0.48875,0.47199,0.47454,4211937.0
1752458400000,0.47473,0.48819,0.471,0.486,3558886.0
1752462000000,0.48598,0.5068,0.48506,0.49787,3746246.0
1752465600000,0.49786,0.50221,0.49521,0.5,1500688.0
1752469200000,0.49977,0.5082,0.49437,0.4951,2525655.0
1752472800000,0.49513,0.49513,0.47725,0.47946,3044157.0
1752476400000,0.4793,0.48784,0.47852,0.48452,1854051.0
1752480000000,0.48452,0.48493,0.47151,0.47472,2291246.0
1752483600000,0.47442,0.47859,0.47251,0.47447,1845533.0
1752487200000,0.47437,0.48116,0.47,0.4766,2762510.0
1752490800000,0.47645,0.48129,0.47146,0.47952,1477113.0
1752494400000,0.47951,0.47992,0.47352,0.47842,1293125.0
1752498000000,0.47835,0.4803,0.45528,0.45983,4880061.0
1752501600000,0.45976,0.51918,0.45699,0.48274,16645807.0
1752505200000,0.48296,0.51743,0.48188,0.50744,5932707.0
1752508800000,0.50776,0.52332,0.50346,0.51249,2944259.0
1752512400000,0.5125,0.51507,0.50475,0.51235,1583271.0
1752516000000,0.51237,0.51811,0.50831,0.51058,1687819.0
1752519600000,0.51055,0.51306,0.50537,0.507,844334.0
1752523200000,0.50689,0.51412,0.50571,0.51204,964458.0
1752526800000,0.51219,0.51385,0.50661,0.51167,1018623.0
1752530400000,0.51173,0.51224,0.50709,0.5098,711923.0
1752534000000,0.50979,0.5112,0.50206,0.5044,1377777.0
1752537600000,0.50448,0.51728,0.50331,0.51663,1570184.0
1752541200000,0.51679,0.51958,0.50624,0.50624,1948385.0
1752544800000,0.50614,0.50945,0.50304,0.50312,1143376.0
1752548400000,0.5032,0.5039,0.48398,0.49143,4255722.0
1752552000000,0.49143,0.49818,0.48662,0.49376,1243258.0
1752555600000,0.49379,0.50542,0.49152,0.50059,1434546.0
1752559200000,0.50063,0.5097,0.49969,0.50227,1746832.0
1752562800000,0.50214,0.51331,0.49934,0.50428,1942500.0
1752566400000,0.5043,0.5051,0.49335,0.49695,1306437.0
1752570000000,0.4969,0.50052,0.49477,0.4958,816459.0
1752573600000,0.49587,0.50179,0.49142,0.49766,1908986.0
1752577200000,0.49769,0.50211,0.48907,0.49834,1197690.0
1752580800000,0.49838,0.50668,0.49444,0.50206,1800249.0
1752584400000,0.50219,0.53065,0.50135,0.51846,5307382.0
1752588000000,0.51858,0.52598,0.49671,0.49876,4243738.0
1752591600000,0.49876,0.50254,0.49634,0.50008,1849632.0
1752595200000,0.50022,0.50184,0.49678,0.49723,1455444.0
1752598800000,0.49737,0.51328,0.49312,0.49738,3018141.0
1752602400000,0.49737,0.50749,0.49522,0.49877,1568072.0
1752606000000,0.49846,0.49979,0.49126,0.49256,671412.0
1752609600000,0.49264,0.49694,0.49108,0.49283,554567.0
1752613200000,0.49281,0.50028,0.49272,0.49687,442475.0
1752616800000,0.49691,0.50345,0.49558,0.50274,562399.0
1752620400000,0.50254,0.50798,0.50161,0.506,1107718.0
1752624000000,0.50599,0.5112,0.4973,0.5044,1922878.0
1752627600000,0.50463,0.51748,0.50263,0.5118,1392278.0
1752631200000,0.51192,0.51784,0.51138,0.51653,1002884.0
1752634800000,0.51658,0.525,0.51566,0.51606,2042580.0
1752638400000,0.51615,0.51918,0.51333,0.51363,1064528.0
1752642000000,0.51366,0.51654,0.50638,0.50656,986113.0
1752645600000,0.50659,0.50729,0.48469,0.5025,4572023.0
1752649200000,0.50262,0.51,0.50061,0.50627,1519704.0
1752652800000,0.50621,0.51034,0.4997,0.50263,1308525.0
1752656400000,0.50279,0.50301,0.49609,0.49762,1016017.0
1752660000000,0.49775,0.50259,0.49278,0.49926,1168903.0
1752663600000,0.4994,0.50513,0.49861,0.49911,588164.0
1752667200000,0.49908,0.50623,0.49881,0.50368,768566.0
1752670800000,0.50373,0.50489,0.4968,0.49943,951187.0
1752674400000,0.49925,0.50582,0.49692,0.50488,1043297.0
1752678000000,0.505,0.5065,0.49608,0.49719,1162051.0
1752681600000,0.49705,0.49705,0.48858,0.492,1536688.0
1752685200000,0.49201,0.50389,0.49201,0.49981,1243976.0
1752688800000,0.4997,0.50119,0.49246,0.49452,1113151.0
1752692400000,0.49461,0.49571,0.48916,0.49184,582992.0
1752696000000,0.4918,0.49658,0.49151,0.49368,715690.0
1752699600000,0.49369,0.49693,0.4901,0.4929,1115019.0
1752703200000,0.49301,0.49639,0.49021,0.49188,905872.0
1752706800000,0.49184,0.49229,0.4857,0.48734,858001.0
1752710400000,0.4873,0.49437,0.486,0.49223,1026308.0
1752714000000,0.49256,0.49535,0.48782,0.49335,1042222.0
1752717600000,0.49328,0.49591,0.49054,0.49501,657034.0
1752721200000,0.49501,0.49531,0.48231,0.48602,1337441.0
1752724800000,0.48579,0.49545,0.48552,0.49531,709243.0
1752728400000,0.49531,0.49992,0.49385,0.49887,1156859.0
1752732000000,0.49906,0.51395,0.49757,0.50685,3206267.0
1752735600000,0.50708,0.50872,0.50001,0.50309,967044.0
1752739200000,0.50297,0.50307,0.49433,0.50101,1075800.0
1752742800000,0.50073,0.505,0.49757,0.50307,1323296.0
1752746400000,0.50314,0.50509,0.49862,0.4992,830478.0
1752750000000,0.49928,0.5026,0.49329,0.4963,808007.0
1752753600000,0.49623,0.50008,0.49043,0.49107,768874.0
1752757200000,0.491,0.49539,0.48821,0.49157,1426346.0
1752760800000,0.49157,0.49419,0.49068,0.49105,490053.0
1752764400000,0.49107,0.49183,0.48204,0.48692,1587591.0
1752768000000,0.48684,0.48854,0.47824,0.48155,1644421.0
1752771600000,0.48158,0.48973,0.48056,0.48946,557073.0
1752775200000,0.48941,0.48967,0.48626,0.48711,412544.0
1752778800000,0.48715,0.49056,0.48308,0.48329,313032.0
1752782400000,0.48343,0.48879,0.482,0.48826,720592.0
1752786000000,0.48827,0.49607,0.48652,0.49391,1141982.0
1752789600000,0.49393,0.49699,0.49245,0.49546,400651.0
1752793200000,0.4955,0.4955,0.48542,0.4863,626082.0
1752796800000,0.48638,0.49,0.48228,0.48326,739812.0
1752800400000,0.48324,0.48969,0.48254,0.48872,620852.0
1752804000000,0.48864,0.4919,0.486,0.4908,852197.0
1752807600000,0.49084,0.49247,0.48671,0.4893,633656.0
1752811200000,0.48927,0.512,0.48838,0.51101,1419391.0
1752814800000,0.511,0.51753,0.50353,0.50604,2212435.0
1752818400000,0.50601,0.50842,0.50381,0.50506,733921.0
1752822000000,0.50487,0.51011,0.50406,0.50606,801478.0
1752825600000,0.50633,0.51226,0.49357,0.49565,1849042.0
1752829200000,0.4955,0.50685,0.49275,0.50552,1138009.0
1752832800000,0.50558,0.53051,0.50226,0.52641,3648653.0
1752836400000,0.52632,0.52882,0.50577,0.51382,2666703.0
1752840000000,0.51382,0.52053,0.50995,0.51756,824350.0
1752843600000,0.51742,0.51999,0.50941,0.51072,1854963.0
1752847200000,0.51067,0.5175,0.49476,0.50078,2338299.0
1752850800000,0.5008,0.50479,0.49805,0.50446,1300865.0
1752854400000,0.50443,0.51685,0.4784,0.48904,5642085.0
1752858000000,0.48879,0.50559,0.48861,0.50221,1944109.0
1752861600000,0.50212,0.50426,0.49934,0.50069,688347.0
1752865200000,0.50084,0.50905,0.49559,0.5056,1127160.0
1752868800000,0.50563,0.51035,0.4987,0.5088,871322.0
1752872400000,0.50868,0.51165,0.50743,0.5103,753811.0
1752876000000,0.51021,0.51201,0.50477,0.50586,443815.0
1752879600000,0.50586,0.51288,0.50362,0.51245,606953.0
1752883200000,0.51241,0.51267,0.50483,0.50483,520969.0
1752886800000,0.50482,0.50731,0.50168,0.50488,546147.0
1752890400000,0.50492,0.50502,0.49805,0.50184,426519.0
1752894000000,0.50196,0.50582,0.50032,0.50566,595402.0
1752897600000,0.50575,0.509,0.50327,0.50471,615404.0
1752901200000,0.50476,0.51327,0.50315,0.5104,1129768.0
1752904800000,0.51039,0.51402,0.50847,0.50994,800577.0
1752908400000,0.50979,0.5114,0.50452,0.50667,451064.0
1752912000000,0.50672,0.50929,0.50464,0.50645,398095.0
1752915600000,0.50655,0.50858,0.50461,0.50784,318140.0
1752919200000,0.50784,0.5119,0.50637,0.50819,763475.0
1752922800000,0.50822,0.51089,0.50378,0.50856,706746.0
1752926400000,0.50844,0.5135,0.50827,0.51,811166.0
1752930000000,0.50974,0.51036,0.50179,0.50428,1044741.0
1752933600000,0.50429,0.50595,0.50109,0.50368,692534.0
1752937200000,0.50373,0.51098,0.50316,0.50986,513161.0
1752940800000,0.50983,0.51018,0.50337,0.50734,536035.0
1752944400000,0.50738,0.5089,0.50592,0.50796,312497.0
1752948000000,0.50794,0.51138,0.50747,0.50924,255069.0
1752951600000,0.50923,0.51131,0.50812,0.5089,307103.0
1752955200000,0.5089,0.51162,0.50796,0.50801,230221.0
1752958800000,0.50801,0.50989,0.50576,0.50985,344681.0
1752962400000,0.50973,0.51024,0.50666,0.51015,226141.0
1752966000000,0.51013,0.51026,0.50721,0.50828,141595.0
1752969600000,0.50827,0.51907,0.50707,0.51706,1606279.0
1752973200000,0.51706,0.52175,0.51659,0.51913,574706.0
1752976800000,0.5192,0.52351,0.51856,0.52243,514828.0
1752980400000,0.52245,0.52356,0.51395,0.51849,1011434.0
1752984000000,0.51865,0.52035,0.51198,0.51536,1446989.0
1752987600000,0.51578,0.52,0.51463,0.52,442941.0
1752991200000,0.51979,0.5267,0.51899,0.52523,650382.0
1752994800000,0.52506,0.52989,0.52321,0.52884,1398218.0
1752998400000,0.52892,0.5551,0.52862,0.55398,3551592.0
1753002000000,0.55398,0.56644,0.55083,0.56475,3843147.0
1753005600000,0.5649,0.56741,0.51023,0.51236,11054823.0
1753009200000,0.5123,0.5182,0.50891,0.51506,1846316.0
1753012800000,0.5151,0.51544,0.51078,0.51202,628293.0
1753016400000,0.51199,0.51697,0.51115,0.51334,774327.0
1753020000000,0.51322,0.51682,0.51188,0.51682,893378.0
1753023600000,0.51678,0.5247,0.51499,0.524,1163014.0
1753027200000,0.52399,0.52455,0.5031,0.50984,3470698.0
1753030800000,0.50972,0.51605,0.50724,0.50879,1811334.0
1753034400000,0.5091,0.50972,0.50501,0.50891,737043.0
1753038000000,0.50903,0.51119,0.50315,0.50434,799230.0
1753041600000,0.50426,0.5084,0.50141,0.50193,896781.0
1753045200000,0.5019,0.50349,0.50027,0.50294,542098.0
1753048800000,0.50294,0.51104,0.50042,0.50598,1207962.0
1753052400000,0.50585,0.50615,0.50048,0.5037,616194.0
1753056000000,0.50346,0.51245,0.49665,0.51233,1092095.0
1753059600000,0.51236,0.51726,0.50792,0.5095,876504.0
1753063200000,0.50937,0.51432,0.50755,0.50928,522318.0
1753066800000,0.50928,0.5139,0.50918,0.51151,519813.0
1753070400000,0.51151,0.51288,0.50745,0.50999,420519.0
1753074000000,0.50991,0.51453,0.50624,0.50799,612941.0
1753077600000,0.50808,0.51443,0.50732,0.50926,914987.0
1753081200000,0.50948,0.51282,0.50362,0.50433,891049.0
1753084800000,0.50479,0.51027,0.50188,0.5063,1209583.0
1753088400000,0.50631,0.50711,0.50137,0.50362,599346.0
1753092000000,0.5037,0.50858,0.50031,0.50506,890223.0
1753095600000,0.50507,0.51079,0.50037,0.50204,987313.0
1753099200000,0.50214,0.50533,0.49904,0.50273,714647.0
1753102800000,0.50265,0.50867,0.50143,0.50706,651806.0
1753106400000,0.50706,0.51044,0.50286,0.50834,804722.0
1753110000000,0.50839,0.51573,0.50814,0.51572,738974.0
1753113600000,0.51528,0.51847,0.50768,0.51793,1478320.0
1753117200000,0.51795,0.52844,0.51771,0.52742,1517836.0
1753120800000,0.52749,0.54278,0.52226,0.53428,3230747.0
1753124400000,0.53451,0.54235,0.53341,0.5412,1717268.0
1753128000000,0.54113,0.55263,0.53202,0.5385,3310207.0
1753131600000,0.53831,0.54104,0.53032,0.53823,1525583.0
1753135200000,0.53837,0.54587,0.53824,0.54274,816428.0
1753138800000,0.54263,0.54304,0.52303,0.52595,1282352.0
1753142400000,0.52608,0.53422,0.52215,0.52317,1116985.0
1753146000000,0.52316,0.53335,0.52136,0.52981,1311392.0
1753149600000,0.52986,0.53018,0.52509,0.52636,511654.0
1753153200000,0.52616,0.53069,0.52189,0.52497,858162.0
1753156800000,0.52516,0.53533,0.52065,0.52116,1223024.0
1753160400000,0.52065,0.53073,0.52051,0.52404,1200687.0
1753164000000,0.5241,0.53157,0.52339,0.52929,943324.0
1753167600000,0.52942,0.53282,0.52737,0.52841,830173.0
1753171200000,0.52845,0.53645,0.52378,0.53642,1288892.0
1753174800000,0.53633,0.5428,0.53185,0.5384,2740469.0
1753178400000,0.53837,0.54031,0.53379,0.53762,910788.0
1753182000000,0.53763,0.54365,0.53673,0.53891,976600.0
1753185600000,0.53908,0.54886,0.53908,0.54191,1665785.0
1753189200000,0.54211,0.54416,0.53182,0.53489,1086198.0
1753192800000,0.53468,0.53681,0.52954,0.53606,1244540.0
1753196400000,0.53604,0.54375,0.53587,0.54224,1395658.0
1753200000000,0.54221,0.54236,0.53809,0.53965,731813.0
1753203600000,0.53955,0.54196,0.53608,0.54193,677527.0
1753207200000,0.54178,0.54853,0.54093,0.54678,944736.0
1753210800000,0.54692,0.55007,0.54131,0.54355,786827.0
1753214400000,0.54352,0.55372,0.54156,0.55191,1101826.0
1753218000000,0.55175,0.55614,0.54582,0.54978,882175.0
1753221600000,0.54978,0.55016,0.53936,0.54276,1542755.0
1753225200000,0.54283,0.54582,0.54063,0.54341,649854.0
1753228800000,0.5433,0.561,0.5426,0.55535,1535815.0
1753232400000,0.55532,0.56368,0.55047,0.55591,1649464.0
1753236000000,0.55588,0.55961,0.55354,0.5539,1183346.0
1753239600000,0.55411,0.55599,0.54865,0.54973,694686.0
1753243200000,0.54993,0.55553,0.54808,0.55542,510038.0
1753246800000,0.55526,0.55597,0.54706,0.5473,601679.0
1753250400000,0.54738,0.55385,0.547,0.55367,744112.0
1753254000000,0.55367,0.55698,0.54906,0.55612,803899.0
1753257600000,0.5561,0.56172,0.55531,0.56094,1291074.0
1753261200000,0.56098,0.56139,0.5506,0.55441,998793.0
1753264800000,0.55442,0.56081,0.55357,0.55844,819691.0
1753268400000,0.55842,0.55914,0.53529,0.53578,1977879.0
1753272000000,0.53582,0.54282,0.53307,0.53786,2170629.0
1753275600000,0.53786,0.54578,0.53391,0.5375,1583020.0
1753279200000,0.53752,0.54888,0.53752,0.54341,1489839.0
1753282800000,0.54325,0.54393,0.53677,0.53877,849537.0
1753286400000,0.53854,0.54275,0.53528,0.53875,1244994.0
1753290000000,0.53893,0.5468,0.53166,0.54624,1462507.0
1753293600000,0.54624,0.54895,0.54217,0.5468,1100798.0
1753297200000,0.54676,0.54999,0.54358,0.54781,749376.0
1753300800000,0.54772,0.54981,0.5384,0.54625,1084645.0
1753304400000,0.54638,0.54793,0.53509,0.54102,1157415.0
1753308000000,0.54084,0.55086,0.53854,0.54924,830029.0
1753311600000,0.54927,0.55543,0.54927,0.55155,531722.0
1753315200000,0.5516,0.55871,0.55055,0.55735,1083508.0
1753318800000,0.55737,0.55818,0.54859,0.55081,976123.0
1753322400000,0.55081,0.55226,0.54549,0.54642,674209.0
1753326000000,0.54663,0.54936,0.54001,0.54136,618871.0
1753329600000,0.5413,0.55042,0.54096,0.54632,1099612.0
1753333200000,0.54657,0.548,0.53511,0.5354,1422264.0
1753336800000,0.5354,0.54741,0.53216,0.53724,1855509.0
1753340400000,0.53718,0.55146,0.5332,0.55145,1607550.0
1753344000000,0.55152,0.56005,0.54878,0.55552,1464997.0
1753347600000,0.55533,0.562,0.55363,0.55815,1032505.0
1753351200000,0.55833,0.56199,0.5542,0.5602,1389762.0
1753354800000,0.56025,0.56199,0.55745,0.55965,857274.0
1753358400000,0.55966,0.56949,0.54648,0.55486,3203295.0
1753362000000,0.55492,0.59,0.54944,0.55755,3765024.0
1753365600000,0.5573,0.56621,0.55453,0.56396,1706923.0
1753369200000,0.56397,0.56629,0.5575,0.55957,1486751.0
1753372800000,0.55955,0.57735,0.55242,0.56934,3112815.0
1753376400000,0.56923,0.57694,0.56644,0.57635,1037592.0
1753380000000,0.57646,0.57971,0.57433,0.57738,839900.0
1753383600000,0.57732,0.58167,0.57331,0.57966,637074.0
1753387200000,0.5799,0.58427,0.57872,0.58038,911915.0
1753390800000,0.58053,0.58657,0.57993,0.58104,865425.0
1753394400000,0.58108,0.58611,0.57671,0.5834,695454.0
1753398000000,0.58337,0.58428,0.57526,0.57742,662525.0
1753401600000,0.57754,0.58398,0.57443,0.58218,733436.0
1753405200000,0.58219,0.58467,0.56062,0.57262,1602663.0
1753408800000,0.57259,0.57389,0.56389,0.56586,794637.0
1753412400000,0.56592,0.57413,0.56412,0.57229,1036185.0
1753416000000,0.57225,0.59207,0.57075,0.58587,1763732.0
1753419600000,0.58607,0.5908,0.58097,0.58296,1696521.0
1753423200000,0.58298,0.59021,0.58,0.58944,1498037.0
1753426800000,0.58944,0.60722,0.58537,0.59768,2801790.0
1753430400000,0.59809,0.60995,0.52604,0.53084,16036359.0
1753434000000,0.53116,0.5579,0.52391,0.557,7319131.0
1753437600000,0.55727,0.58265,0.55502,0.58069,2964047.0
1753441200000,0.58104,0.58151,0.56735,0.57268,1395297.0
1753444800000,0.57269,0.57577,0.56126,0.57017,1559237.0
1753448400000,0.57018,0.57395,0.56477,0.57171,1359184.0
1753452000000,0.57159,0.57244,0.55775,0.55865,1068117.0
1753455600000,0.55846,0.56422,0.55693,0.56082,925240.0
1753459200000,0.5606,0.576,0.56045,0.57498,1092092.0
1753462800000,0.57509,0.57676,0.57002,0.57072,725847.0
1753466400000,0.57072,0.57616,0.56909,0.57587,381749.0
1753470000000,0.57589,0.57996,0.57583,0.57746,575482.0
1753473600000,0.57745,0.5816,0.57541,0.57624,611571.0
1753477200000,0.57622,0.57876,0.57176,0.57472,618095.0
1753480800000,0.5747,0.57766,0.57185,0.5758,398134.0
1753484400000,0.57575,0.57864,0.57324,0.57757,472412.0
1753488000000,0.5776,0.57953,0.57192,0.57218,664382.0
1753491600000,0.57228,0.57307,0.56027,0.56288,1420995.0
1753495200000,0.56288,0.5684,0.56221,0.56663,1106582.0
1753498800000,0.5664,0.56781,0.56412,0.56465,442216.0
1753502400000,0.56477,0.5672,0.56112,0.56112,346370.0
1753506000000,0.5611,0.56317,0.5574,0.55761,848288.0
1753509600000,0.55758,0.55758,0.55333,0.55408,652002.0
1753513200000,0.55405,0.55772,0.54356,0.54398,1987819.0
1753516800000,0.54399,0.54602,0.5377,0.54025,1667180.0
1753520400000,0.54024,0.54648,0.53708,0.54351,953444.0
1753524000000,0.54357,0.54581,0.53866,0.5424,581101.0
1753527600000,0.54256,0.54337,0.53793,0.5404,627246.0
1753531200000,0.54042,0.54508,0.53974,0.54196,577971.0
1753534800000,0.54197,0.54531,0.54056,0.54075,419696.0
1753538400000,0.54076,0.55211,0.54001,0.54782,900830.0
1753542000000,0.54782,0.56368,0.54648,0.5626,1100023.0
1753545600000,0.56272,0.563,0.54867,0.5494,1002343.0
1753549200000,0.54932,0.55082,0.54074,0.54278,1007982.0
1753552800000,0.54288,0.54357,0.5341,0.5362,1149091.0
1753556400000,0.53619,0.54588,0.53494,0.53895,1183673.0
1753560000000,0.5391,0.54147,0.53516,0.53946,590095.0
1753563600000,0.53952,0.54516,0.53883,0.5404,488960.0
1753567200000,0.54042,0.5482,0.54025,0.54783,510954.0
1753570800000,0.54774,0.55938,0.5477,0.55881,820625.0
1753574400000,0.55891,0.56069,0.5402,0.54313,1634359.0
1753578000000,0.5432,0.54725,0.54121,0.54604,536673.0
1753581600000,0.54588,0.54595,0.54039,0.54066,394053.0
1753585200000,0.54079,0.5413,0.4759,0.48295,12682731.0
1753588800000,0.48273,0.50408,0.46093,0.48983,13940492.0
1753592400000,0.48976,0.49485,0.473,0.49268,3754975.0
1753596000000,0.49268,0.49268,0.48131,0.48379,1753550.0
1753599600000,0.48378,0.49433,0.4819,0.48888,1525479.0
1753603200000,0.48878,0.48896,0.47933,0.48226,1628200.0
1753606800000,0.48219,0.48703,0.47535,0.48153,1422415.0
1753610400000,0.48141,0.48944,0.47918,0.48584,1383888.0
1753614000000,0.48585,0.4867,0.48011,0.48194,1306399.0
1753617600000,0.48169,0.48723,0.48041,0.48112,1957896.0
1753621200000,0.481,0.48634,0.48052,0.48218,1376454.0
1753624800000,0.48216,0.48462,0.46573,0.46931,3627500.0
1753628400000,0.46925,0.48533,0.4636,0.47944,3453245.0
1753632000000,0.47901,0.48187,0.47086,0.47357,3718268.0
1753635600000,0.47357,0.47536,0.46802,0.47038,1773667.0
1753639200000,0.47047,0.47961,0.45709,0.47076,6474028.0
1753642800000,0.4707,0.47071,0.4609,0.46105,1172089.0
1753646400000,0.46105,0.46506,0.45713,0.46,1566305.0
1753650000000,0.46001,0.4615,0.45478,0.4554,1881181.0
1753653600000,0.45544,0.46525,0.45418,0.46004,1597009.0
1753657200000,0.45988,0.46031,0.44758,0.44998,3735132.0
1753660800000,0.44994,0.45336,0.44547,0.44974,2139467.0
1753664400000,0.44973,0.46252,0.44852,0.46225,1661922.0
1753668000000,0.46241,0.47558,0.4567,0.47121,3839149.0
1753671600000,0.47105,0.47794,0.46269,0.47542,2362781.0
1753675200000,0.47552,0.4769,0.46433,0.46492,966723.0
1753678800000,0.46503,0.48916,0.4645,0.47456,2669092.0
1753682400000,0.47476,0.48463,0.47279,0.48118,1061627.0
1753686000000,0.48123,0.48186,0.47666,0.47783,963278.0
1753689600000,0.47763,0.47884,0.47353,0.47399,867314.0
1753693200000,0.47404,0.47559,0.4705,0.47331,891328.0
1753696800000,0.47314,0.47361,0.4703,0.47205,518323.0
1753700400000,0.47208,0.47506,0.46803,0.46946,1309209.0
1753704000000,0.46938,0.46978,0.46067,0.4616,1616483.0
1753707600000,0.46169,0.4623,0.45245,0.45887,1626918.0
1753711200000,0.45878,0.46755,0.45511,0.46314,1817509.0
1753714800000,0.46282,0.46791,0.46183,0.4663,777385.0
1753718400000,0.46605,0.46627,0.46259,0.46465,581420.0
1753722000000,0.46489,0.47937,0.46389,0.47013,2335291.0
1753725600000,0.47011,0.47114,0.46553,0.46662,825463.0
1753729200000,0.46673,0.46829,0.46407,0.4677,485282.0
1753732800000,0.46771,0.468,0.46488,0.46689,328110.0
1753736400000,0.46686,0.46879,0.46268,0.46413,864111.0
1753740000000,0.46411,0.46795,0.461,0.46529,1215982.0
1753743600000,0.46538,0.47024,0.46465,0.46785,964978.0
1753747200000,0.46797,0.47367,0.46432,0.4647,1291566.0
1753750800000,0.46476,0.46738,0.46,0.46039,1035855.0
1753754400000,0.46039,0.46366,0.45656,0.46041,1024903.0
1753758000000,0.46037,0.47125,0.46034,0.4693,1382238.0
1753761600000,0.46952,0.47783,0.46884,0.47265,2880066.0
1753765200000,0.47259,0.4745,0.47016,0.47195,913540.0
1753768800000,0.47198,0.47476,0.46969,0.47375,914120.0
1753772400000,0.47383,0.47475,0.465,0.46692,870279.0
1753776000000,0.46698,0.4717,0.46531,0.46798,581961.0
1753779600000,0.46794,0.47069,0.45963,0.46515,1195150.0
1753783200000,0.46511,0.46712,0.46251,0.46375,691786.0
1753786800000,0.46366,0.46876,0.46356,0.46641,569122.0
1753790400000,0.46644,0.47412,0.46594,0.472,738124.0
1753794000000,0.47199,0.47397,0.46833,0.46874,784978.0
1753797600000,0.46889,0.46909,0.46215,0.46413,1192335.0
1753801200000,0.46419,0.4718,0.46367,0.47159,1016183.0
1753804800000,0.47161,0.52379,0.4711,0.5183,17879414.0
1753808400000,0.51826,0.53421,0.5111,0.52122,6200104.0
1753812000000,0.52139,0.52686,0.5141,0.5215,4049048.0
1753815600000,0.52146,0.55,0.52,0.53237,6529787.0
1753819200000,0.53225,0.5327,0.51928,0.52698,3014753.0
1753822800000,0.52717,0.54195,0.52532,0.53857,2614195.0
1753826400000,0.53857,0.54995,0.53623,0.54844,3099802.0
1753830000000,0.54844,0.5497,0.54172,0.54387,2706948.0
1753833600000,0.54353,0.55229,0.52844,0.53502,4477373.0
1753837200000,0.53523,0.547,0.53136,0.539,3226227.0
1753840800000,0.539,0.5434,0.53075,0.53324,2383343.0
1753844400000,0.5333,0.53593,0.50069,0.5102,9007289.0
1753848000000,0.51017,0.51201,0.50547,0.50627,2595646.0
1753851600000,0.50632,0.51178,0.50526,0.50609,1335106.0
1753855200000,0.50602,0.51217,0.50567,0.50997,766286.0
1753858800000,0.50967,0.51207,0.50003,0.50458,2125241.0
1753862400000,0.50446,0.50922,0.50382,0.50569,1241262.0
1753866000000,0.50584,0.51061,0.50466,0.50735,1107437.0
1753869600000,0.50743,0.50988,0.5,0.50255,1516164.0
1753873200000,0.50271,0.50649,0.50037,0.50413,1184205.0
1753876800000,0.50411,0.50688,0.49795,0.50214,1512071.0
1753880400000,0.50212,0.5049,0.49924,0.50286,1201544.0
1753884000000,0.50286,0.50782,0.50286,0.50655,1123457.0
1753887600000,0.50642,0.50804,0.49328,0.4956,2193315.0
1753891200000,0.49571,0.50075,0.494,0.50026,657002.0
1753894800000,0.50017,0.50378,0.49877,0.50338,442165.0
1753898400000,0.50343,0.50473,0.50043,0.50237,606454.0
1753902000000,0.5024,0.50915,0.49837,0.50773,1114480.0
1753905600000,0.50768,0.51506,0.50616,0.51221,997258.0
1753909200000,0.51221,0.51794,0.51172,0.51716,519612.0
1753912800000,0.51715,0.51748,0.51438,0.5154,403955.0
1753916400000,0.5154,0.51786,0.51301,0.5142,632087.0
1753920000000,0.51422,0.52064,0.51243,0.5189,715988.0
1753923600000,0.519,0.52163,0.51413,0.52132,662201.0
1753927200000,0.52123,0.52366,0.52062,0.52311,477546.0
1753930800000,0.52306,0.52428,0.49775,0.50296,2636142.0
1753934400000,0.5029,0.53066,0.50065,0.5188,3560266.0
1753938000000,0.5188,0.51985,0.5137,0.51973,663626.0
1753941600000,0.51978,0.52064,0.5168,0.51772,408047.0
1753945200000,0.5177,0.51968,0.51593,0.51842,369750.0
1753948800000,0.51857,0.51972,0.51613,0.5189,567793.0
1753952400000,0.51868,0.525,0.51792,0.52353,705014.0
1753956000000,0.52361,0.5316,0.5232,0.52601,950892.0
1753959600000,0.52614,0.53051,0.52495,0.52992,622139.0
1753963200000,0.5301,0.53034,0.52272,0.5232,660690.0
1753966800000,0.52317,0.524,0.5188,0.52249,777285.0
1753970400000,0.52242,0.52426,0.51342,0.51781,1609306.0
1753974000000,0.5179,0.52613,0.51769,0.52573,703148.0
1753977600000,0.52573,0.53086,0.52479,0.52783,812944.0
1753981200000,0.52785,0.5297,0.52086,0.52275,742725.0
1753984800000,0.52276,0.52645,0.51868,0.5195,663273.0
1753988400000,0.51964,0.52024,0.51606,0.51946,486653.0
1753992000000,0.51947,0.52115,0.51441,0.51557,420569.0
1753995600000,0.51568,0.51658,0.50764,0.51218,530068.0
1753999200000,0.51219,0.5133,0.50965,0.51107,241565.0
1754002800000,0.5111,0.51302,0.50581,0.5096,422075.0
1754006400000,0.50967,0.5145,0.5078,0.51375,767925.0
1754010000000,0.51413,0.51462,0.50902,0.51159,510335.0
1754013600000,0.51115,0.52115,0.51024,0.514,541377.0
1754017200000,0.51408,0.51509,0.51229,0.51251,209204.0
1754020800000,0.51247,0.51255,0.50011,0.50195,1082866.0
1754024400000,0.50201,0.50323,0.49754,0.49865,715893.0
1754028000000,0.49873,0.50248,0.49709,0.50177,697993.0
1754031600000,0.50171,0.50371,0.49945,0.50308,398686.0
1754035200000,0.50302,0.50302,0.49458,0.49647,878312.0
1754038800000,0.49606,0.49953,0.49332,0.49505,532433.0
1754042400000,0.49501,0.49738,0.49328,0.49425,425132.0
1754046000000,0.49435,0.49707,0.49064,0.49632,507348.0
1754049600000,0.49626,0.49626,0.48971,0.49189,881393.0
1754053200000,0.49171,0.49185,0.48548,0.48707,850391.0
1754056800000,0.48695,0.49757,0.48661,0.49371,940121.0
1754060400000,0.4938,0.49591,0.49207,0.49373,553612.0
1754064000000,0.4936,0.49795,0.49225,0.49337,517842.0
1754067600000,0.49342,0.49724,0.4913,0.49316,480805.0
1754071200000,0.49325,0.5034,0.49242,0.49947,585403.0
1754074800000,0.49947,0.504,0.49912,0.50246,516220.0
1754078400000,0.5024,0.50536,0.49739,0.50008,833429.0
1754082000000,0.50015,0.51263,0.49803,0.50612,1025220.0
1754085600000,0.50602,0.50664,0.49306,0.4967,875984.0
1754089200000,0.49667,0.50321,0.49642,0.49979,403217.0
1754092800000,0.49979,0.49983,0.49508,0.49511,347172.0
1754096400000,0.49509,0.49735,0.49388,0.4967,471319.0
1754100000000,0.49676,0.50469,0.49611,0.5034,727136.0
1754103600000,0.50338,0.50449,0.50066,0.50175,292105.0
1754107200000,0.50171,0.5047,0.5012,0.50464,356630.0
1754110800000,0.50446,0.50455,0.49235,0.49422,639494.0
1754114400000,0.49422,0.49511,0.48923,0.48969,916299.0
1754118000000,0.48947,0.49382,0.48584,0.49218,577162.0
1754121600000,0.49228,0.49559,0.48802,0.48805,674978.0
1754125200000,0.48803,0.48803,0.48352,0.4863,425730.0
1754128800000,0.48629,0.48732,0.48418,0.48705,238846.0
1754132400000,0.48707,0.49409,0.48521,0.49348,434092.0
1754136000000,0.49338,0.49463,0.49064,0.49147,339994.0
1754139600000,0.49143,0.4934,0.4887,0.49282,397297.0
1754143200000,0.4925,0.497,0.4893,0.49189,642311.0
1754146800000,0.4916,0.4969,0.4673,0.48139,3384406.0
1754150400000,0.48139,0.48667,0.47888,0.48384,1261732.0
1754154000000,0.48361,0.48698,0.47914,0.48044,539593.0
1754157600000,0.48033,0.48237,0.47756,0.47998,437274.0
1754161200000,0.48008,0.48346,0.47813,0.47993,462720.0
1754164800000,0.47998,0.48566,0.47957,0.48504,234225.0
1754168400000,0.48513,0.487,0.48087,0.4818,248014.0
1754172000000,0.48175,0.48277,0.47955,0.48143,207035.0
1754175600000,0.4814,0.48165,0.47766,0.47913,244498.0
1754179200000,0.47909,0.48284,0.471,0.48277,619391.0
1754182800000,0.48269,0.4872,0.48083,0.485,380842.0
1754186400000,0.485,0.49231,0.4795,0.49004,705971.0
1754190000000,0.48999,0.49297,0.48929,0.48993,430900.0
1754193600000,0.48992,0.49457,0.48985,0.49134,347360.0
1754197200000,0.49124,0.49388,0.48985,0.49042,264923.0
1754200800000,0.49049,0.49256,0.48841,0.48918,265197.0
1754204400000,0.48874,0.49491,0.48873,0.4941,576181.0
1754208000000,0.4942,0.49597,0.49209,0.49513,249501.0
1754211600000,0.49511,0.49652,0.4918,0.49378,338486.0
1754215200000,0.49384,0.5,0.49347,0.49882,548690.0
1754218800000,0.49892,0.5,0.49597,0.4981,288999.0
1754222400000,0.49805,0.50076,0.49652,0.49975,262229.0
1754226000000,0.49976,0.50052,0.49444,0.49645,367835.0
1754229600000,0.49643,0.49692,0.49356,0.4963,268081.0
1754233200000,0.49643,0.49676,0.49286,0.49535,216593.0
1754236800000,0.49536,0.50034,0.49454,0.49919,316094.0
1754240400000,0.49917,0.50026,0.49454,0.49675,421331.0
1754244000000,0.49674,0.49696,0.492,0.49641,503079.0
1754247600000,0.49647,0.50174,0.4955,0.49996,419564.0
1754251200000,0.49992,0.50098,0.49795,0.49821,180642.0
1754254800000,0.49812,0.5,0.49752,0.49891,95891.0
1754258400000,0.49883,0.50051,0.49836,0.5002,118508.0
1754262000000,0.5002,0.50368,0.49969,0.49984,215119.0
1754265600000,0.49987,0.50411,0.49702,0.50309,562128.0
1754269200000,0.50294,0.50357,0.49606,0.49671,378571.0
1754272800000,0.49658,0.50385,0.49292,0.49738,643379.0
1754276400000,0.4974,0.50129,0.4974,0.49957,319319.0
1754280000000,0.49953,0.49998,0.49712,0.49803,143663.0
1754283600000,0.49811,0.50322,0.49702,0.50173,174803.0
1754287200000,0.50182,0.51,0.50098,0.5055,2097801.0
1754290800000,0.50568,0.50692,0.50155,0.50185,396131.0
1754294400000,0.50223,0.50451,0.5003,0.50347,405762.0
1754298000000,0.50356,0.50501,0.50224,0.50319,311817.0
1754301600000,0.50318,0.50542,0.502,0.50454,235397.0
1754305200000,0.50455,0.50582,0.49453,0.50046,1290738.0
1754308800000,0.50038,0.504,0.49856,0.50032,347032.0
1754312400000,0.50034,0.50957,0.49856,0.50551,944717.0
1754316000000,0.50519,0.50604,0.50005,0.50431,564864.0
1754319600000,0.50431,0.50474,0.5012,0.50306,211860.0
1754323200000,0.50304,0.50426,0.50214,0.50332,195301.0
1754326800000,0.50335,0.50535,0.49875,0.50115,370738.0
1754330400000,0.50103,0.50799,0.49991,0.5041,393167.0
1754334000000,0.50386,0.50509,0.50156,0.50283,265148.0
1754337600000,0.50285,0.50582,0.50241,0.50392,204593.0
1754341200000,0.50417,0.50549,0.50361,0.50361,177210.0
1754344800000,0.5037,0.5055,0.50236,0.50444,219532.0
1754348400000,0.5045,0.50475,0.50164,0.50299,205129.0
1754352000000,0.503,0.50522,0.49946,0.50178,410304.0
1754355600000,0.50171,0.5026,0.4992,0.50234,223295.0
1754359200000,0.50235,0.50347,0.50153,0.50207,252003.0
1754362800000,0.50207,0.50219,0.49666,0.49937,579220.0
1754366400000,0.49959,0.50359,0.49818,0.49928,494681.0
1754370000000,0.49928,0.50175,0.49464,0.49629,487088.0
1754373600000,0.49643,0.49955,0.49397,0.4957,883238.0
1754377200000,0.4957,0.49663,0.48888,0.48969,705533.0
1754380800000,0.48958,0.49196,0.48631,0.48692,786657.0
1754384400000,0.48688,0.492,0.48311,0.49028,1311790.0
1754388000000,0.49015,0.49034,0.4859,0.48844,656951.0
1754391600000,0.48838,0.48878,0.484,0.48407,380039.0
1754395200000,0.48407,0.4845,0.47325,0.47368,1430492.0
1754398800000,0.47357,0.47611,0.46883,0.47127,1373651.0
1754402400000,0.47125,0.47384,0.46774,0.46933,1100399.0
1754406000000,0.46931,0.47358,0.46846,0.47301,637300.0
1754409600000,0.47294,0.47525,0.4693,0.47367,571553.0
1754413200000,0.47388,0.4742,0.46952,0.46995,363954.0
1754416800000,0.46995,0.47177,0.46798,0.47173,265227.0
1754420400000,0.47177,0.47219,0.46832,0.47099,382575.0
1754424000000,0.47076,0.47261,0.47021,0.47051,267998.0
1754427600000,0.47045,0.47205,0.46908,0.47039,235655.0
1754431200000,0.4703,0.47243,0.46874,0.46924,409861.0
1754434800000,0.46923,0.47099,0.46791,0.46854,431144.0
1754438400000,0.46844,0.47772,0.46695,0.47484,1065634.0
1754442000000,0.4748,0.477,0.47134,0.47255,478786.0
1754445600000,0.47248,0.47697,0.47175,0.47305,524601.0
1754449200000,0.47284,0.47657,0.47189,0.47627,324837.0
1754452800000,0.47629,0.47629,0.47352,0.47558,175233.0
1754456400000,0.47557,0.47997,0.47484,0.47901,583771.0
1754460000000,0.47903,0.48181,0.47622,0.48087,348754.0
1754463600000,0.4809,0.48211,0.47904,0.48205,265545.0
1754467200000,0.48213,0.48227,0.47434,0.47506,679936.0
1754470800000,0.47509,0.47887,0.47433,0.47758,419413.0
1754474400000,0.47758,0.47854,0.47442,0.4752,363958.0
1754478000000,0.47515,0.47771,0.47447,0.477,308699.0
1754481600000,0.47697,0.4786,0.47493,0.47641,310202.0
1754485200000,0.47649,0.47798,0.47445,0.47726,368955.0
1754488800000,0.47728,0.48232,0.47728,0.48096,841982.0
1754492400000,0.48102,0.48211,0.47947,0.48189,863539.0
1754496000000,0.48187,0.48572,0.48117,0.48468,595596.0
1754499600000,0.48474,0.48596,0.48363,0.48407,323805.0
1754503200000,0.48416,0.48479,0.48139,0.48357,370782.0
1754506800000,0.48353,0.4838,0.48145,0.48231,182195.0
1754510400000,0.48237,0.48304,0.48097,0.48199,182889.0
1754514000000,0.48202,0.48504,0.48133,0.48417,246504.0
1754517600000,0.48419,0.48495,0.48214,0.48235,123307.0
1754521200000,0.48242,0.48278,0.47892,0.47903,253531.0
1754524800000,0.47904,0.48179,0.47904,0.4803,207319.0
1754528400000,0.48031,0.48143,0.47763,0.47857,338753.0
1754532000000,0.47858,0.48359,0.47827,0.48027,335245.0
1754535600000,0.48048,0.48198,0.479,0.47958,183816.0
1754539200000,0.47955,0.47978,0.47568,0.47885,492439.0
1754542800000,0.47888,0.4838,0.47744,0.48302,404961.0
1754546400000,0.48304,0.48382,0.48144,0.48313,350901.0
1754550000000,0.48314,0.48671,0.48271,0.48658,332188.0
1754553600000,0.48665,0.48798,0.4845,0.48699,693731.0
1754557200000,0.48699,0.50043,0.48609,0.49689,1720704.0
1754560800000,0.49689,0.52078,0.49637,0.51776,2922025.0
1754564400000,0.5177,0.53573,0.51551,0.5307,2994023.0
1754568000000,0.5307,0.53691,0.52725,0.52834,2337328.0
1754571600000,0.52833,0.53398,0.52826,0.53268,940632.0
1754575200000,0.53267,0.53946,0.52771,0.53011,1442739.0
1754578800000,0.53034,0.53241,0.52758,0.53223,966284.0
1754582400000,0.53224,0.53716,0.52929,0.53571,1465656.0
1754586000000,0.5357,0.54642,0.53407,0.54354,1263189.0
1754589600000,0.54347,0.54831,0.53373,0.54118,1814544.0
1754593200000,0.54118,0.54928,0.54034,0.548,1027271.0
1754596800000,0.54793,0.54985,0.54164,0.54237,662862.0
1754600400000,0.54237,0.54616,0.54138,0.54395,467375.0
1754604000000,0.54388,0.56,0.54337,0.55416,1501802.0
1754607600000,0.55416,0.55634,0.54576,0.55285,1166141.0
1754611200000,0.55285,0.55643,0.54769,0.54891,1109598.0
1754614800000,0.54892,0.56392,0.54888,0.55813,1285950.0
1754618400000,0.55815,0.57738,0.55792,0.56921,1668203.0
1754622000000,0.56928,0.57351,0.5614,0.56188,1001045.0
1754625600000,0.56192,0.57568,0.56135,0.57064,1150913.0
1754629200000,0.57069,0.57468,0.56466,0.57304,1220156.0
1754632800000,0.57314,0.60215,0.56959,0.59504,5784154.0
1754636400000,0.59499,0.60142,0.578,0.58366,5058399.0
1754640000000,0.58366,0.59557,0.57961,0.59198,2005223.0
1754643600000,0.59217,0.59463,0.55932,0.58394,5060269.0
1754647200000,0.58424,0.59252,0.5525,0.55932,6513266.0
1754650800000,0.55932,0.56584,0.55813,0.56525,983622.0
1754654400000,0.56524,0.56597,0.56044,0.56482,1040815.0
1754658000000,0.56468,0.57095,0.56245,0.5702,921935.0
1754661600000,0.57022,0.57492,0.56703,0.56786,1477534.0
1754665200000,0.5679,0.5751,0.5679,0.57081,1165447.0
1754668800000,0.57073,0.5746,0.56757,0.56846,781339.0
1754672400000,0.56828,0.57097,0.56821,0.57018,716055.0
1754676000000,0.57016,0.57315,0.5692,0.57048,676605.0
1754679600000,0.57039,0.57435,0.568,0.57342,565442.0
1754683200000,0.57341,0.57611,0.56993,0.57605,415019.0
1754686800000,0.57602,0.58369,0.57574,0.57825,697953.0
1754690400000,0.57829,0.57829,0.57151,0.57302,591466.0
1754694000000,0.57302,0.57538,0.57246,0.57441,219669.0
1754697600000,0.5743,0.58225,0.5743,0.58,546481.0
1754701200000,0.57999,0.58212,0.57701,0.57715,233917.0
1754704800000,0.57737,0.58075,0.57521,0.57523,276034.0
1754708400000,0.57523,0.57914,0.56958,0.57524,740104.0
1754712000000,0.57524,0.58084,0.57489,0.57967,348693.0
1754715600000,0.57968,0.58789,0.57935,0.58673,767039.0
1754719200000,0.58666,0.58666,0.58022,0.58152,514988.0
1754722800000,0.58152,0.58274,0.58028,0.58131,331312.0
1754726400000,0.58175,0.5821,0.579,0.57928,615183.0
1754730000000,0.57914,0.58246,0.57653,0.57759,470128.0
1754733600000,0.57764,0.58079,0.57456,0.58065,476000.0
1754737200000,0.58055,0.5859,0.57917,0.58321,633386.0
1754740800000,0.58319,0.58319,0.58019,0.58175,384098.0
1754744400000,0.5818,0.58426,0.57931,0.58179,357978.0
1754748000000,0.58187,0.5908,0.5796,0.58742,731320.0
1754751600000,0.58766,0.59052,0.57099,0.57858,1418083.0
1754755200000,0.57874,0.58638,0.57786,0.58532,494735.0
1754758800000,0.58538,0.58971,0.58434,0.58745,355432.0
1754762400000,0.58751,0.59268,0.58751,0.58946,358961.0
1754766000000,0.58951,0.59008,0.58645,0.58712,269853.0
1754769600000,0.58729,0.59999,0.58555,0.59437,588789.0
1754773200000,0.59444,0.59778,0.59326,0.59391,364320.0
1754776800000,0.59404,0.59525,0.59051,0.59108,201045.0
1754780400000,0.59107,0.59193,0.587,0.58808,507877.0
1754784000000,0.58815,0.5999,0.58815,0.59782,565108.0
1754787600000,0.59798,0.6005,0.59228,0.594,397135.0
1754791200000,0.59394,0.59498,0.59122,0.59448,212479.0
1754794800000,0.59448,0.60395,0.5936,0.60088,676407.0
1754798400000,0.60116,0.61215,0.60116,0.61016,949201.0
1754802000000,0.61017,0.61333,0.59564,0.60879,1198969.0
1754805600000,0.60867,0.62222,0.60053,0.61967,2468360.0
1754809200000,0.6198,0.63136,0.61239,0.61535,2995879.0
1754812800000,0.61527,0.63504,0.61341,0.62857,1749541.0
1754816400000,0.62892,0.63251,0.61959,0.62588,1859061.0
1754820000000,0.62567,0.62755,0.61501,0.62691,1628190.0
1754823600000,0.62703,0.63945,0.62523,0.63619,1416338.0
1754827200000,0.63634,0.65086,0.63082,0.64609,3519549.0
1754830800000,0.64602,0.64603,0.62192,0.63501,3285801.0
1754834400000,0.63473,0.64354,0.63227,0.63378,1466524.0
1754838000000,0.63375,0.64786,0.63251,0.64022,1553758.0
1754841600000,0.64054,0.64916,0.6383,0.64289,1402684.0
1754845200000,0.64279,0.66088,0.64229,0.65261,2346155.0
1754848800000,0.65268,0.65375,0.63066,0.63637,2354876.0
1754852400000,0.63604,0.64486,0.63543,0.63658,898160.0
1754856000000,0.63658,0.65257,0.6365,0.65014,970927.0
1754859600000,0.65009,0.65098,0.64061,0.64788,861178.0
1754863200000,0.6479,0.648,0.64139,0.64681,564958.0
1754866800000,0.64691,0.65402,0.64364,0.64918,908463.0
1754870400000,0.64924,0.65615,0.64666,0.65465,837598.0
1754874000000,0.65475,0.66318,0.64978,0.66155,1086633.0
1754877600000,0.66119,0.66999,0.65,0.6541,2101318.0
1754881200000,0.65419,0.66533,0.65,0.66048,693079.0
1754884800000,0.66043,0.67468,0.66,0.66495,1852399.0
1754888400000,0.66543,0.67213,0.66235,0.66536,804956.0
1754892000000,0.66528,0.68152,0.66331,0.66738,1206185.0
1754895600000,0.6675,0.66848,0.65671,0.65991,1254336.0
1754899200000,0.65981,0.66603,0.65786,0.66429,496510.0
1754902800000,0.66445,0.66986,0.66325,0.66561,551234.0
1754906400000,0.66579,0.67521,0.66277,0.67094,1081150.0
1754910000000,0.67087,0.67275,0.65467,0.66165,2009102.0
1754913600000,0.66195,0.66972,0.6369,0.65302,4644364.0
1754917200000,0.65302,0.66377,0.64481,0.66189,1632947.0
1754920800000,0.6621,0.69619,0.66111,0.67751,3096271.0
1754924400000,0.67751,0.67793,0.664,0.67302,1771846.0
1754928000000,0.67302,0.68,0.67264,0.6786,753210.0
1754931600000,0.67864,0.67947,0.66878,0.66983,703095.0
1754935200000,0.66999,0.67177,0.66679,0.66824,633163.0
1754938800000,0.66834,0.67403,0.66123,0.67325,852873.0
1754942400000,0.67337,0.67369,0.66051,0.66123,641144.0
1754946000000,0.66113,0.66513,0.6567,0.66072,620972.0
1754949600000,0.66073,0.66332,0.65437,0.66124,787195.0
1754953200000,0.66123,0.66539,0.65824,0.65864,790148.0
1754956800000,0.65864,0.66942,0.65744,0.66893,614787.0
1754960400000,0.66893,0.67104,0.6633,0.66346,552274.0
1754964000000,0.66364,0.67389,0.6622,0.67207,423318.0
1754967600000,0.67207,0.68104,0.67177,0.67621,1021537.0
1754971200000,0.67619,0.68048,0.67,0.67254,487498.0
1754974800000,0.67254,0.67256,0.66195,0.66326,584806.0
1754978400000,0.66318,0.66538,0.65986,0.65987,1120036.0
1754982000000,0.65988,0.66332,0.65781,0.65819,665408.0
1754985600000,0.65819,0.66021,0.63762,0.64227,2730756.0
1754989200000,0.64206,0.64838,0.63866,0.63866,779159.0
1754992800000,0.63867,0.64267,0.63342,0.63448,966981.0
1754996400000,0.63442,0.63511,0.628,0.6288,1041574.0
1755000000000,0.62861,0.64714,0.6258,0.63797,1980427.0
1755003600000,0.63796,0.63803,0.62113,0.6242,1573572.0
1755007200000,0.62421,0.62923,0.62108,0.62923,899335.0
1755010800000,0.62923,0.62923,0.62324,0.62569,974352.0
1755014400000,0.62568,0.63539,0.62514,0.62591,859030.0
1755018000000,0.6259,0.627,0.61882,0.61945,1030353.0
1755021600000,0.61946,0.62697,0.61298,0.61406,1076022.0
1755025200000,0.61387,0.61535,0.60879,0.61095,969965.0
1755028800000,0.611,0.62608,0.611,0.61956,708035.0
1755032400000,0.61956,0.6223,0.61233,0.61538,463556.0
1755036000000,0.61538,0.6375,0.61406,0.62871,1318035.0
1755039600000,0.62856,0.63111,0.61413,0.61499,779585.0
1755043200000,0.61491,0.63033,0.61362,0.62619,900649.0
1755046800000,0.62606,0.63224,0.62361,0.63103,548553.0
1755050400000,0.631,0.6547,0.62867,0.64545,2271547.0
1755054000000,0.64545,0.64595,0.61828,0.62915,1829223.0
1755057600000,0.62914,0.65125,0.62767,0.64421,1068270.0
1755061200000,0.64371,0.648,0.63319,0.63668,868266.0
1755064800000,0.63648,0.63986,0.62626,0.6279,643093.0
1755068400000,0.6279,0.6355,0.62686,0.63,866451.0
1755072000000,0.62999,0.63589,0.62714,0.63589,691279.0
1755075600000,0.63592,0.63707,0.62366,0.62771,943070.0
1755079200000,0.62771,0.63647,0.62742,0.63609,521807.0
1755082800000,0.63629,0.63716,0.6188,0.62101,760254.0
1755086400000,0.62082,0.62402,0.61601,0.61692,453035.0
1755090000000,0.6168,0.62931,0.6168,0.62691,718630.0
1755093600000,0.62677,0.6279,0.61644,0.61695,742096.0
1755097200000,0.61696,0.6295,0.61659,0.62,722055.0
1755100800000,0.61999,0.62168,0.60061,0.60688,1467873.0
1755104400000,0.60667,0.6094,0.60136,0.60681,827451.0
1755108000000,0.60685,0.60989,0.59945,0.60452,523339.0
1755111600000,0.60436,0.6055,0.6013,0.60236,372973.0
1755115200000,0.60234,0.6048,0.59787,0.60165,467593.0
1755118800000,0.60175,0.60548,0.59959,0.60086,306557.0
1755122400000,0.60096,0.60791,0.5999,0.60286,485023.0
1755126000000,0.6028,0.60582,0.60168,0.60246,240579.0
1755129600000,0.60246,0.62603,0.60236,0.62299,1170548.0
1755133200000,0.62299,0.62332,0.6109,0.61154,715909.0
1755136800000,0.61139,0.61885,0.60225,0.61248,768948.0
1755140400000,0.61255,0.6134,0.60536,0.60944,378626.0
1755144000000,0.60955,0.61267,0.60588,0.60912,268528.0
1755147600000,0.60919,0.61075,0.5812,0.58159,1442460.0
1755151200000,0.58181,0.5872,0.57566,0.5765,887791.0
1755154800000,0.5765,0.57715,0.5678,0.56932,809892.0
1755158400000,0.56905,0.57893,0.55916,0.55982,1664228.0
1755162000000,0.55996,0.56683,0.5552,0.56574,974803.0
1755165600000,0.56545,0.56547,0.55823,0.56337,619045.0
1755169200000,0.5633,0.56708,0.56018,0.56055,395615.0
1755172800000,0.56075,0.56708,0.55015,0.55399,2701641.0
1755176400000,0.55444,0.56498,0.55,0.56298,1501774.0
1755180000000,0.56303,0.56373,0.55527,0.55573,751123.0
1755183600000,0.55586,0.56316,0.55586,0.56185,676640.0
1755187200000,0.56151,0.56185,0.55303,0.55354,449763.0
1755190800000,0.55347,0.55438,0.55085,0.55438,249906.0
1755194400000,0.55435,0.55892,0.54832,0.55338,907992.0
1755198000000,0.55334,0.5534,0.548,0.54864,595466.0
1755201600000,0.54876,0.55265,0.54876,0.55024,201232.0
1755205200000,0.5502,0.5564,0.54801,0.55476,793388.0
1755208800000,0.55488,0.55576,0.55169,0.55282,228027.0
1755212400000,0.55277,0.55794,0.54667,0.54829,797219.0
1755216000000,0.5483,0.55171,0.54777,0.54935,381210.0
1755219600000,0.54933,0.55186,0.54689,0.55123,237564.0
1755223200000,0.55096,0.55213,0.54831,0.55202,352295.0
1755226800000,0.55199,0.55379,0.54996,0.55038,397376.0
1755230400000,0.55025,0.55398,0.54954,0.55168,349285.0
1755234000000,0.55159,0.55328,0.54818,0.54894,363077.0
1755237600000,0.54892,0.55181,0.54881,0.55101,390548.0
1755241200000,0.55118,0.55443,0.55077,0.55402,330758.0
1755244800000,0.55402,0.55598,0.55035,0.55111,534019.0
1755248400000,0.55103,0.55137,0.54687,0.54894,362623.0
1755252000000,0.54882,0.5538,0.54876,0.55376,395499.0
1755255600000,0.55375,0.5555,0.55055,0.55084,373529.0
1755259200000,0.55085,0.55227,0.54716,0.54905,435474.0
1755262800000,0.549,0.54936,0.54151,0.54364,418686.0
1755266400000,0.54366,0.54474,0.537,0.53874,608302.0
1755270000000,0.53871,0.5395,0.51992,0.5262,2207289.0
1755273600000,0.5262,0.53389,0.52187,0.5326,1421658.0
1755277200000,0.5325,0.53354,0.52869,0.53033,263699.0
1755280800000,0.53046,0.53284,0.52847,0.52875,255197.0
1755284400000,0.52896,0.53277,0.52855,0.53277,175943.0
1755288000000,0.53269,0.53298,0.53091,0.53184,145765.0
1755291600000,0.53188,0.53272,0.5276,0.52843,187445.0
1755295200000,0.52835,0.53405,0.52803,0.53389,195499.0
1755298800000,0.53383,0.5345,0.52996,0.53079,209067.0
1755302400000,0.53079,0.53586,0.53079,0.53475,222544.0
1755306000000,0.53477,0.53482,0.52881,0.52932,221800.0
1755309600000,0.52939,0.52954,0.52443,0.52913,341368.0
1755313200000,0.52911,0.52954,0.52512,0.5279,160364.0
1755316800000,0.5279,0.5308,0.5279,0.53054,139783.0
1755320400000,0.53044,0.53058,0.52559,0.52651,218749.0
1755324000000,0.52636,0.5279,0.52462,0.52474,136281.0
1755327600000,0.52469,0.5288,0.52401,0.5282,144519.0
1755331200000,0.52819,0.52848,0.5234,0.5252,368285.0
1755334800000,0.52505,0.52552,0.52138,0.52175,167042.0
1755338400000,0.52157,0.52859,0.52061,0.52714,374242.0
1755342000000,0.52712,0.53244,0.52665,0.52994,207264.0
1755345600000,0.52999,0.53059,0.52267,0.52562,537823.0
1755349200000,0.52569,0.52668,0.52164,0.52174,138808.0
1755352800000,0.52207,0.52428,0.5216,0.52365,154064.0
1755356400000,0.5234,0.52603,0.52279,0.52366,167100.0
1755360000000,0.52365,0.52365,0.51808,0.51884,512522.0
1755363600000,0.51901,0.52212,0.51737,0.51892,325859.0
1755367200000,0.5188,0.52199,0.51856,0.5215,106475.0
1755370800000,0.5215,0.52176,0.52017,0.52116,124714.0
1755374400000,0.52111,0.52141,0.5185,0.51916,137147.0
1755378000000,0.51942,0.51968,0.51431,0.51651,328465.0
1755381600000,0.51654,0.51876,0.51651,0.51773,144391.0
1755385200000,0.51778,0.51828,0.51619,0.51634,77593.0
1755388800000,0.51637,0.52717,0.51284,0.52559,943416.0
1755392400000,0.52536,0.52576,0.5185,0.51967,326592.0
1755396000000,0.51967,0.52192,0.5191,0.52165,126391.0
1755399600000,0.5217,0.54634,0.5217,0.53581,2990026.0
1755403200000,0.53573,0.53689,0.534,0.53586,302106.0
1755406800000,0.53586,0.54278,0.53573,0.54223,597590.0
1755410400000,0.54208,0.55345,0.53977,0.55205,741168.0
1755414000000,0.55222,0.5548,0.54777,0.55252,730297.0
1755417600000,0.55259,0.558,0.546,0.55769,503333.0
1755421200000,0.5576,0.56605,0.55646,0.56105,908218.0
1755424800000,0.56095,0.56598,0.55854,0.56477,528972.0
1755428400000,0.56467,0.5689,0.56222,0.56533,570010.0
1755432000000,0.5655,0.567,0.56068,0.56313,236418.0
1755435600000,0.56313,0.57532,0.56,0.57369,825909.0
1755439200000,0.57369,0.57564,0.56667,0.57042,477900.0
1755442800000,0.5703,0.57381,0.56039,0.56144,653271.0
1755446400000,0.56145,0.56315,0.55465,0.55935,822969.0
1755450000000,0.55926,0.56099,0.55686,0.55814,230333.0
1755453600000,0.55823,0.55823,0.54674,0.5515,836653.0
1755457200000,0.55172,0.55209,0.54938,0.55109,176633.0
1755460800000,0.55069,0.55145,0.54856,0.54934,151524.0
1755464400000,0.54944,0.55015,0.5482,0.54844,61409.0
1755468000000,0.54844,0.54916,0.54713,0.54853,124713.0
1755471600000,0.54839,0.54854,0.54445,0.54618,194179.0
1755475200000,0.54625,0.55302,0.5453,0.55183,374529.0
1755478800000,0.55146,0.55146,0.54462,0.54797,474010.0
1755482400000,0.54809,0.55216,0.547,0.55112,547816.0
1755486000000,0.55124,0.55357,0.53807,0.5531,1349137.0
1755489600000,0.55328,0.56844,0.54963,0.55795,2908500.0
1755493200000,0.55795,0.56652,0.55478,0.56496,1483375.0
1755496800000,0.56517,0.56963,0.5609,0.56523,1021269.0
1755500400000,0.56497,0.56749,0.55965,0.56233,735684.0
1755504000000,0.56228,0.56397,0.55669,0.55701,504266.0
1755507600000,0.55682,0.558,0.54668,0.54954,1017970.0
1755511200000,0.54952,0.55543,0.54687,0.55364,635132.0
1755514800000,0.55388,0.55566,0.54178,0.54401,481926.0
1755518400000,0.5439,0.54659,0.54138,0.54513,513864.0
1755522000000,0.54485,0.54862,0.54225,0.54337,351941.0
1755525600000,0.5435,0.55733,0.54341,0.55717,423931.0
1755529200000,0.55647,0.56579,0.55474,0.5646,470469.0
1755532800000,0.56441,0.56678,0.55876,0.56637,547876.0
1755536400000,0.56616,0.56968,0.5629,0.56557,1118741.0
1755540000000,0.56608,0.56993,0.56328,0.56501,468472.0
1755543600000,0.56475,0.5718,0.56218,0.57007,572058.0
1755547200000,0.57006,0.57444,0.56824,0.57233,803193.0
1755550800000,0.57232,0.57373,0.56853,0.5734,505521.0
1755554400000,0.57339,0.59798,0.57055,0.58104,2519645.0
1755558000000,0.5811,0.5815,0.57137,0.57199,1277564.0
1755561600000,0.57233,0.58033,0.57109,0.57999,833934.0
1755565200000,0.58019,0.58838,0.57444,0.57535,1023819.0
1755568800000,0.57545,0.58558,0.5595,0.57582,2262993.0
1755572400000,0.57657,0.58392,0.56793,0.57016,1073916.0
1755576000000,0.57016,0.58199,0.56829,0.57509,788544.0
1755579600000,0.57528,0.57784,0.57174,0.57187,370177.0
1755583200000,0.572,0.57466,0.5692,0.57055,359241.0
1755586800000,0.5706,0.58661,0.56395,0.58181,1601792.0
1755590400000,0.5818,0.58267,0.56932,0.56978,965097.0
1755594000000,0.56936,0.58141,0.56884,0.57765,777333.0
1755597600000,0.57776,0.58295,0.57506,0.58199,378130.0
1755601200000,0.58204,0.58703,0.57679,0.58256,719069.0
1755604800000,0.58243,0.58482,0.57335,0.57914,904800.0
1755608400000,0.57914,0.57914,0.5686,0.57369,784352.0
1755612000000,0.57352,0.57534,0.56598,0.56841,874623.0
1755615600000,0.56844,0.57227,0.56036,0.56163,1028317.0
1755619200000,0.56163,0.56241,0.55643,0.56035,760232.0
1755622800000,0.56036,0.56533,0.55777,0.56351,442424.0
1755626400000,0.56345,0.56708,0.56168,0.56351,423035.0
1755630000000,0.5635,0.56545,0.55984,0.56126,356736.0
1755633600000,0.56124,0.57248,0.56063,0.57194,313247.0
1755637200000,0.57196,0.57489,0.56845,0.57098,401702.0
1755640800000,0.57093,0.57119,0.56645,0.56716,176042.0
1755644400000,0.56696,0.56828,0.56622,0.56778,268854.0
1755648000000,0.56765,0.56926,0.562,0.56216,727265.0
1755651600000,0.56218,0.57746,0.5613,0.57405,1077588.0
1755655200000,0.57393,0.58294,0.57029,0.57955,769357.0
1755658800000,0.5793,0.57945,0.56642,0.57144,694182.0
1755662400000,0.57107,0.57872,0.56848,0.56935,590558.0
1755666000000,0.56945,0.57376,0.56927,0.57131,274915.0
1755669600000,0.57145,0.57497,0.56441,0.56663,800238.0
1755673200000,0.56681,0.56841,0.564,0.56538,285100.0
1755676800000,0.56549,0.57517,0.56525,0.57337,502024.0
1755680400000,0.57317,0.57703,0.57,0.57036,428092.0
1755684000000,0.57021,0.57209,0.56791,0.56837,325976.0
1755687600000,0.56838,0.57035,0.56686,0.56965,377077.0
1755691200000,0.56967,0.57245,0.56756,0.56934,625572.0
1755694800000,0.56915,0.57103,0.56489,0.565,649318.0
1755698400000,0.56499,0.57711,0.56491,0.57686,550902.0
1755702000000,0.57673,0.5803,0.57594,0.5776,471787.0
1755705600000,0.5776,0.58118,0.57595,0.57674,243217.0
1755709200000,0.57683,0.5787,0.57559,0.57689,147353.0
1755712800000,0.57695,0.57725,0.57374,0.57503,169080.0
1755716400000,0.57538,0.58087,0.57497,0.57962,128885.0
1755720000000,0.57981,0.58002,0.57438,0.57446,137255.0
1755723600000,0.57457,0.57617,0.56766,0.57271,493587.0
1755727200000,0.57286,0.57377,0.56409,0.56525,446545.0
1755730800000,0.56522,0.56585,0.55966,0.56001,388253.0
1755734400000,0.56005,0.56888,0.55895,0.56369,602085.0
1755738000000,0.56373,0.56664,0.56041,0.56398,266549.0
1755741600000,0.56403,0.56526,0.55531,0.55678,593884.0
1755745200000,0.55692,0.56244,0.55631,0.5605,347309.0
1755748800000,0.5605,0.56122,0.55722,0.55939,286448.0
1755752400000,0.55939,0.56028,0.55726,0.55887,195971.0
1755756000000,0.55888,0.56545,0.55705,0.56309,263026.0
1755759600000,0.56309,0.56355,0.56103,0.5624,131289.0
1755763200000,0.56217,0.56393,0.559,0.5595,99736.0
1755766800000,0.55947,0.55993,0.55052,0.55085,595567.0
1755770400000,0.55085,0.5531,0.5455,0.55167,346065.0
1755774000000,0.55188,0.55235,0.54605,0.54663,406058.0
1755777600000,0.54642,0.54815,0.54002,0.54209,735819.0
1755781200000,0.54218,0.54954,0.54194,0.54596,740494.0
1755784800000,0.54597,0.55229,0.54262,0.54311,721827.0
1755788400000,0.543,0.5445,0.5401,0.54045,220682.0
1755792000000,0.54043,0.54402,0.53804,0.53872,222572.0
1755795600000,0.53881,0.54293,0.53737,0.54102,271831.0
1755799200000,0.54089,0.54267,0.53998,0.54222,166775.0
1755802800000,0.54221,0.54322,0.53804,0.53886,183285.0
1755806400000,0.53891,0.54381,0.53639,0.54172,398793.0
1755810000000,0.54165,0.54348,0.54061,0.54225,63826.0
1755813600000,0.54215,0.54397,0.54177,0.54212,75089.0
1755817200000,0.54223,0.54358,0.53965,0.54303,205253.0
1755820800000,0.54292,0.54604,0.542,0.54282,141518.0
1755824400000,0.54292,0.5457,0.54126,0.54476,240652.0
1755828000000,0.54476,0.55195,0.54403,0.5498,248405.0
1755831600000,0.54972,0.561,0.5445,0.54789,19353049.0
1755835200000,0.5481,0.56827,0.50321,0.55586,67785491.0
1755838800000,0.55586,0.55955,0.55152,0.55315,1090407.0
1755842400000,0.55342,0.55791,0.55,0.55356,12568518.0
1755846000000,0.55331,0.55352,0.55,0.55072,701178.0
1755849600000,0.55072,0.55433,0.55,0.55076,856431.0
1755853200000,0.55081,0.5552,0.5506,0.55325,474232.0
1755856800000,0.55327,0.55632,0.55227,0.55248,749491.0
1755860400000,0.55246,0.55896,0.552,0.55435,825232.0
1755864000000,0.55424,0.55807,0.55211,0.55436,762898.0
1755867600000,0.55443,0.56272,0.55429,0.56181,629272.0
1755871200000,0.56181,0.569,0.541,0.55212,6912985.0
1755874800000,0.55212,0.55698,0.5487,0.55222,7467651.0
1755878400000,0.55211,0.55719,0.54826,0.55366,10220125.0
1755882000000,0.55363,0.55563,0.54944,0.55038,1858112.0
1755885600000,0.55035,0.55583,0.55034,0.55301,738756.0
1755889200000,0.55301,0.55335,0.54991,0.55111,437771.0
1755892800000,0.55103,0.55336,0.54346,0.54477,786576.0
1755896400000,0.5447,0.5486,0.54107,0.54756,1264915.0
1755900000000,0.54728,0.5553,0.54552,0.54756,1522747.0
1755903600000,0.54774,0.60044,0.54445,0.57656,7099862.0
1755907200000,0.57656,0.57758,0.5663,0.5693,1032996.0
1755910800000,0.5693,0.577,0.5666,0.57508,1044774.0
1755914400000,0.57487,0.58567,0.568,0.57362,15809956.0
1755918000000,0.57357,0.57955,0.56306,0.56603,12040441.0
1755921600000,0.56605,0.56629,0.54366,0.55265,12699221.0
1755925200000,0.55258,0.58195,0.55062,0.55488,3122342.0
1755928800000,0.5549,0.55533,0.54565,0.54648,1111631.0
1755932400000,0.54651,0.5492,0.54358,0.54606,1193791.0
1755936000000,0.546,0.54725,0.54283,0.54558,930938.0
1755939600000,0.54556,0.55488,0.53052,0.55186,3958475.0
1755943200000,0.55187,0.5647,0.53966,0.54027,2490614.0
1755946800000,0.54011,0.54031,0.53115,0.53334,915115.0
1755950400000,0.53335,0.53391,0.52093,0.52149,1581713.0
1755954000000,0.52149,0.52775,0.52109,0.52668,1219978.0
1755957600000,0.52667,0.52849,0.51859,0.52042,1355910.0
1755961200000,0.52061,0.54949,0.52051,0.54356,3416209.0
1755964800000,0.54365,0.54401,0.53328,0.53728,1353842.0
1755968400000,0.53746,0.53895,0.53468,0.53738,410023.0
1755972000000,0.53741,0.53844,0.53445,0.53457,211996.0
1755975600000,0.5346,0.54294,0.5346,0.54269,535533.0
1755979200000,0.54278,0.54495,0.54134,0.54292,397525.0
1755982800000,0.54289,0.55726,0.54165,0.55549,1030700.0
1755986400000,0.55548,0.57296,0.5536,0.57048,1741750.0
1755990000000,0.57042,0.577,0.56146,0.56758,2102615.0
1755993600000,0.56763,0.57325,0.56537,0.56694,927122.0
1755997200000,0.56689,0.5701,0.56151,0.56749,1078721.0
1756000800000,0.5676,0.5695,0.56465,0.56687,412033.0
1756004400000,0.56677,0.56946,0.56467,0.56745,487872.0
1756008000000,0.56783,0.57439,0.55521,0.56639,7969846.0
1756011600000,0.56645,0.56663,0.55685,0.56093,12074461.0
1756015200000,0.5609,0.5609,0.53383,0.53418,2645112.0
1756018800000,0.53406,0.53918,0.53,0.53035,2738597.0
1756022400000,0.53019,0.53363,0.52067,0.52576,1338551.0
1756026000000,0.52579,0.53118,0.52214,0.52695,997775.0
1756029600000,0.52696,0.54165,0.52153,0.53133,1788936.0
1756033200000,0.53108,0.53124,0.52673,0.52949,511027.0
1756036800000,0.52962,0.53062,0.52662,0.52735,333348.0
1756040400000,0.52738,0.54587,0.52545,0.5383,1482502.0
1756044000000,0.53819,0.53892,0.52902,0.53451,1169646.0
1756047600000,0.53446,0.53668,0.5259,0.52973,1159397.0
1756051200000,0.52973,0.53152,0.5222,0.52617,675174.0
1756054800000,0.52603,0.54775,0.52603,0.54654,1451521.0
1756058400000,0.54659,0.548,0.53542,0.53729,1116290.0
1756062000000,0.5373,0.53956,0.5275,0.53235,1144453.0
1756065600000,0.53237,0.53519,0.52534,0.52583,924145.0
1756069200000,0.52591,0.53129,0.52433,0.52889,522438.0
1756072800000,0.52887,0.53099,0.52702,0.5295,319284.0
1756076400000,0.52952,0.52982,0.52535,0.526,326527.0
1756080000000,0.526,0.52811,0.52226,0.52527,467308.0
1756083600000,0.52528,0.52935,0.52321,0.52852,368618.0
1756087200000,0.52856,0.531,0.52513,0.53041,347218.0
1756090800000,0.53032,0.55086,0.52917,0.54922,1172843.0
1756094400000,0.54909,0.56085,0.54785,0.55745,1733471.0
1756098000000,0.55714,0.5649,0.55139,0.55178,1045118.0
1756101600000,0.55176,0.5554,0.5465,0.5465,769946.0
1756105200000,0.5465,0.55219,0.54437,0.54545,656993.0
1756108800000,0.54533,0.55078,0.54521,0.5458,807055.0
1756112400000,0.54542,0.55234,0.54096,0.54385,1477843.0
1756116000000,0.54366,0.55076,0.53513,0.54767,1237194.0
1756119600000,0.54777,0.56361,0.54743,0.56254,1224678.0
1756123200000,0.56236,0.56752,0.55798,0.56331,1182867.0
1756126800000,0.56329,0.56699,0.5561,0.56367,1098849.0
1756130400000,0.56375,0.56873,0.56106,0.56719,742787.0
1756134000000,0.56719,0.56733,0.55263,0.55598,1295610.0
1756137600000,0.55597,0.56896,0.55534,0.56738,1390515.0
1756141200000,0.56714,0.56996,0.55889,0.56779,1552118.0
1756144800000,0.56764,0.56871,0.55601,0.56164,1134961.0
1756148400000,0.56158,0.56377,0.55487,0.55607,1109536.0
1756152000000,0.55619,0.56332,0.55595,0.55818,1119996.0
1756155600000,0.55818,0.56375,0.55452,0.55494,865000.0
1756159200000,0.55496,0.56381,0.55496,0.56142,1100279.0
1756162800000,0.5614,0.56325,0.55969,0.56145,459124.0
1756166400000,0.56139,0.56353,0.55255,0.55671,1369398.0
1756170000000,0.55675,0.56597,0.55588,0.56231,1059298.0
1756173600000,0.5621,0.56633,0.56038,0.56188,986113.0
1756177200000,0.56226,0.56227,0.55888,0.55888,306146.0
1756180800000,0.55902,0.56156,0.55739,0.55922,410746.0
1756184400000,0.55921,0.56097,0.55838,0.55957,302356.0
1756188000000,0.55945,0.56159,0.55726,0.56071,297888.0
1756191600000,0.56053,0.56567,0.5575,0.56208,576066.0
1756195200000,0.56209,0.56209,0.55731,0.55989,273755.0
1756198800000,0.55965,0.5687,0.5587,0.56562,636261.0
1756202400000,0.56563,0.56582,0.55989,0.56281,502404.0
1756206000000,0.56281,0.56508,0.56237,0.56449,235922.0
1756209600000,0.56468,0.56475,0.55382,0.56368,1240292.0
1756213200000,0.56411,0.56444,0.55885,0.56303,419467.0
1756216800000,0.56266,0.565,0.5481,0.56184,14162015.0
1756220400000,0.56171,0.58735,0.55153,0.55361,12151182.0
1756224000000,0.55353,0.5615,0.54854,0.54924,3913378.0
1756227600000,0.54929,0.55459,0.544,0.55377,1095714.0
1756231200000,0.55377,0.55659,0.55157,0.55557,759723.0
1756234800000,0.55556,0.55886,0.55299,0.55839,293521.0
1756238400000,0.55838,0.56472,0.55686,0.56434,416451.0
1756242000000,0.56446,0.57054,0.56329,0.56991,761570.0
1756245600000,0.56996,0.57793,0.5684,0.57376,488743.0
1756249200000,0.57389,0.58254,0.57288,0.57799,762095.0
1756252800000,0.57818,0.58207,0.5749,0.58049,500668.0
1756256400000,0.58031,0.58182,0.57637,0.58111,399849.0
1756260000000,0.58116,0.58225,0.57731,0.58195,380286.0
1756263600000,0.58195,0.59277,0.57613,0.58956,1377268.0
1756267200000,0.58971,0.59888,0.58471,0.58765,1438392.0
1756270800000,0.58785,0.59308,0.58724,0.59075,412618.0
1756274400000,0.59051,0.59293,0.58387,0.58972,666332.0
1756278000000,0.58985,0.60448,0.58985,0.60232,1444058.0
1756281600000,0.60253,0.60344,0.58857,0.59137,1475370.0
1756285200000,0.59137,0.5926,0.58746,0.58979,785070.0
1756288800000,0.58983,0.58998,0.57637,0.58966,1485320.0
1756292400000,0.58933,0.59162,0.58526,0.59024,602310.0
1756296000000,0.59016,0.59609,0.58938,0.59419,551808.0
1756299600000,0.59419,0.59664,0.59124,0.59498,553068.0
1756303200000,0.59519,0.59939,0.59175,0.5932,916358.0
1756306800000,0.5932,0.59419,0.57882,0.58176,1378438.0
1756310400000,0.5819,0.58209,0.57494,0.57547,618559.0
1756314000000,0.57532,0.58103,0.57438,0.57822,579173.0
1756317600000,0.57832,0.57838,0.57378,0.57579,583752.0
1756321200000,0.5758,0.57906,0.57354,0.57885,378470.0
1756324800000,0.57881,0.5822,0.5766,0.57962,519871.0
1756328400000,0.57962,0.58216,0.57828,0.58155,373298.0
1756332000000,0.5814,0.58345,0.5786,0.57883,358139.0
1756335600000,0.57884,0.5819,0.57578,0.57669,466193.0
1756339200000,0.57654,0.57865,0.5705,0.57339,635729.0
1756342800000,0.57339,0.57674,0.57038,0.57131,444721.0
1756346400000,0.57113,0.57348,0.5643,0.57013,992527.0
1756350000000,0.56983,0.57363,0.56797,0.56915,403106.0
1756353600000,0.56915,0.56935,0.56051,0.56578,1405702.0
1756357200000,0.56571,0.56787,0.5617,0.56225,448816.0
1756360800000,0.56225,0.5633,0.56001,0.56096,305362.0
1756364400000,0.56096,0.56116,0.55553,0.55629,408327.0
1756368000000,0.55629,0.56689,0.55356,0.56418,1065473.0
1756371600000,0.56414,0.5645,0.55651,0.56084,516637.0
1756375200000,0.56069,0.56356,0.55863,0.56166,200680.0
1756378800000,0.56195,0.58245,0.56039,0.58204,1081044.0
1756382400000,0.58201,0.59707,0.58188,0.59696,1980437.0
1756386000000,0.59667,0.60946,0.58834,0.60606,2311677.0
1756389600000,0.60606,0.61676,0.59863,0.60613,1982853.0
1756393200000,0.60627,0.60927,0.59563,0.60324,1647848.0
1756396800000,0.60324,0.64711,0.60324,0.63125,5318497.0
1756400400000,0.6306,0.73469,0.62786,0.65915,26564367.0
1756404000000,0.65917,0.67349,0.65423,0.67118,2716745.0
1756407600000,0.67157,0.68368,0.6715,0.68194,1922774.0
1756411200000,0.68148,0.69188,0.67716,0.69046,1871510.0
1756414800000,0.69048,0.70134,0.687,0.69732,1424189.0
1756418400000,0.69732,0.71465,0.69732,0.7102,1600636.0
1756422000000,0.71037,0.71803,0.70101,0.71539,2620762.0
1756425600000,0.71541,0.73,0.69685,0.70429,8365995.0
1756429200000,0.70455,0.7133,0.65412,0.66592,17589489.0
1756432800000,0.66591,0.68703,0.66224,0.68649,2935524.0
1756436400000,0.68647,0.6921,0.67563,0.68499,1982486.0
1756440000000,0.68519,0.6957,0.68026,0.69273,1490159.0
1756443600000,0.69298,0.69465,0.67817,0.68629,2690827.0
1756447200000,0.68637,0.68879,0.66635,0.68256,1763770.0
1756450800000,0.68265,0.69174,0.67455,0.67922,2974585.0
1756454400000,0.67959,0.69202,0.671,0.6727,2631181.0
1756458000000,0.67313,0.68855,0.67235,0.68361,2421690.0
1756461600000,0.68397,0.69165,0.67762,0.68116,1956206.0
1756465200000,0.68103,0.688,0.68037,0.68648,1119863.0
1756468800000,0.6863,0.69849,0.68577,0.69007,2433527.0
1756472400000,0.6905,0.6939,0.68171,0.68367,1174355.0
1756476000000,0.6838,0.68804,0.66319,0.67995,3006710.0
1756479600000,0.67997,0.68725,0.67125,0.6747,1437456.0
1756483200000,0.67453,0.67835,0.66714,0.67388,800118.0
1756486800000,0.67388,0.67626,0.6654,0.67158,874240.0
1756490400000,0.6714,0.67195,0.65875,0.66504,1281810.0
1756494000000,0.66501,0.672,0.662,0.66331,702954.0
1756497600000,0.66332,0.67109,0.66332,0.67055,560670.0
1756501200000,0.67054,0.67392,0.66754,0.66966,512726.0
1756504800000,0.66985,0.67196,0.66645,0.66864,493387.0
1756508400000,0.66852,0.67012,0.6649,0.66641,379995.0
1756512000000,0.66638,0.66689,0.66213,0.6629,495155.0
1756515600000,0.6629,0.67039,0.66268,0.66485,585783.0
1756519200000,0.66467,0.66876,0.66333,0.66751,401131.0
1756522800000,0.66744,0.6761,0.66587,0.6727,888407.0
1756526400000,0.6727,0.67927,0.67232,0.67468,424147.0
1756530000000,0.67468,0.67699,0.67193,0.67621,381428.0
1756533600000,0.67621,0.67953,0.66876,0.66903,319801.0
1756537200000,0.66884,0.6818,0.66865,0.6746,697269.0
1756540800000,0.67451,0.67809,0.6718,0.67701,584533.0
1756544400000,0.6771,0.67921,0.67084,0.67142,511729.0
1756548000000,0.6714,0.68812,0.6712,0.68685,903525.0
1756551600000,0.68688,0.69571,0.67515,0.68669,1654849.0
1756555200000,0.6866,0.68836,0.68319,0.68523,738252.0
1756558800000,0.6853,0.6898,0.68405,0.68694,360624.0
1756562400000,0.68694,0.68875,0.68137,0.68707,355110.0
1756566000000,0.68707,0.69409,0.68695,0.69284,519828.0
1756569600000,0.6926,0.69562,0.68314,0.68601,911117.0
1756573200000,0.68608,0.68841,0.6847,0.68769,216139.0
1756576800000,0.68778,0.69923,0.6875,0.69653,668884.0
1756580400000,0.69651,0.69861,0.69198,0.6972,513809.0
1756584000000,0.6973,0.70061,0.69535,0.69771,338711.0
1756587600000,0.69776,0.69999,0.69498,0.69926,235538.0
1756591200000,0.69927,0.70549,0.69841,0.70404,365248.0
1756594800000,0.70405,0.70468,0.69578,0.69786,493938.0
1756598400000,0.6978,0.70159,0.69456,0.69556,422909.0
1756602000000,0.69564,0.6959,0.68274,0.68629,733067.0
1756605600000,0.68618,0.69931,0.68547,0.69477,627874.0
1756609200000,0.69486,0.69586,0.68352,0.68503,874546.0
1756612800000,0.68475,0.68792,0.68227,0.6841,522302.0
1756616400000,0.68412,0.69019,0.68336,0.68828,539162.0
1756620000000,0.68807,0.68905,0.68465,0.68818,314874.0
1756623600000,0.68818,0.69047,0.68475,0.68509,294352.0
1756627200000,0.68504,0.6861,0.68327,0.68347,208643.0
1756630800000,0.68347,0.6864,0.68242,0.68411,414245.0
1756634400000,0.6842,0.68742,0.68133,0.68633,575509.0
1756638000000,0.68658,0.69627,0.6863,0.69387,886752.0
1756641600000,0.69403,0.69931,0.69185,0.69866,698651.0
1756645200000,0.6985,0.74403,0.6981,0.72506,7184329.0
1756648800000,0.72519,0.72827,0.7,0.71157,3948118.0
1756652400000,0.7116,0.71792,0.70074,0.71417,1485017.0
1756656000000,0.71442,0.73,0.71341,0.71682,1358132.0
1756659600000,0.71682,0.72455,0.71539,0.7161,532915.0
1756663200000,0.7161,0.73,0.71453,0.72815,656171.0
1756666800000,0.7283,0.73,0.7239,0.72532,422754.0
1756670400000,0.72561,0.72784,0.71584,0.72367,618140.0
1756674000000,0.72361,0.73369,0.72237,0.72921,549409.0
1756677600000,0.72914,0.73186,0.72399,0.72458,398357.0
1756681200000,0.72449,0.726,0.71455,0.71613,564884.0
1756684800000,0.71615,0.73027,0.71448,0.72121,1148609.0
1756688400000,0.72123,0.74,0.70723,0.72188,2562623.0
1756692000000,0.72188,0.72869,0.718,0.72433,1067799.0
1756695600000,0.72436,0.72768,0.718,0.71997,817676.0
1756699200000,0.71999,0.7211,0.71537,0.71568,868896.0
1756702800000,0.71584,0.72097,0.71538,0.71732,766496.0
1756706400000,0.71713,0.71912,0.70563,0.70906,1572948.0
1756710000000,0.70917,0.72222,0.70809,0.72073,1395342.0
1756713600000,0.72083,0.73432,0.72083,0.72586,1617073.0
1756717200000,0.726,0.72786,0.71585,0.71616,879909.0
1756720800000,0.71626,0.71971,0.71196,0.71579,855066.0
1756724400000,0.71545,0.7183,0.70451,0.70565,1044951.0
1756728000000,0.70555,0.71,0.70454,0.70717,541345.0
1756731600000,0.70717,0.7078,0.70133,0.7037,833933.0
1756735200000,0.70398,0.70427,0.69116,0.69656,1402636.0
1756738800000,0.69679,0.698,0.68833,0.69003,1011473.0
1756742400000,0.6904,0.71115,0.68552,0.70273,1474130.0
1756746000000,0.70211,0.70487,0.69468,0.69551,764837.0
1756749600000,0.69539,0.69598,0.69074,0.69164,437391.0
1756753200000,0.69164,0.6918,0.68102,0.68553,1103274.0
1756756800000,0.686,0.69036,0.67533,0.68321,1354007.0
1756760400000,0.68312,0.68393,0.6712,0.67361,1329212.0
1756764000000,0.6737,0.67609,0.6707,0.672,514230.0
1756767600000,0.67199,0.68269,0.67199,0.67999,562615.0
1756771200000,0.67999,0.68342,0.6769,0.68265,433519.0
1756774800000,0.68254,0.68732,0.67971,0.68436,666598.0
1756778400000,0.6844,0.68916,0.68225,0.68872,480613.0
1756782000000,0.68862,0.68965,0.67725,0.68065,690838.0
1756785600000,0.68074,0.68074,0.67173,0.67332,522836.0
1756789200000,0.67331,0.69327,0.6697,0.68825,1250701.0
1756792800000,0.68817,0.69177,0.68196,0.68897,811756.0
1756796400000,0.68897,0.69546,0.68409,0.69384,735134.0
1756800000000,0.69384,0.69437,0.67712,0.67903,969387.0
1756803600000,0.67904,0.6919,0.67895,0.68506,655302.0
1756807200000,0.68508,0.68623,0.68002,0.68352,448376.0
1756810800000,0.68357,0.684,0.6806,0.68372,353259.0
1756814400000,0.68359,0.6838,0.67222,0.67519,615168.0
1756818000000,0.67499,0.69342,0.66191,0.68049,1978739.0
1756821600000,0.68046,0.68098,0.6606,0.67217,2487445.0
1756825200000,0.67183,0.6817,0.65634,0.67826,3589213.0
1756828800000,0.67861,0.6809,0.6724,0.6799,346514.0
1756832400000,0.68002,0.68046,0.67383,0.67457,302559.0
1756836000000,0.67452,0.67885,0.66577,0.6725,598845.0
1756839600000,0.67252,0.67275,0.66817,0.67023,214712.0
1756843200000,0.6702,0.67362,0.66815,0.66879,222211.0
1756846800000,0.66879,0.67461,0.66789,0.671,294974.0
1756850400000,0.67087,0.67229,0.66798,0.66842,181654.0
1756854000000,0.66828,0.66857,0.66346,0.66491,202394.0
1756857600000,0.66493,0.68,0.66493,0.67967,538113.0
1756861200000,0.67967,0.68399,0.67173,0.6744,506361.0
1756864800000,0.67434,0.67869,0.67216,0.67805,211473.0
1756868400000,0.67801,0.68768,0.67353,0.68425,623644.0
1756872000000,0.68423,0.68671,0.67839,0.68037,340689.0
1756875600000,0.68037,0.68327,0.67731,0.68233,263613.0
1756879200000,0.68241,0.68822,0.67936,0.68714,411337.0
1756882800000,0.68713,0.6921,0.6837,0.69,345603.0
1756886400000,0.69,0.69,0.6719,0.6763,711796.0
1756890000000,0.6762,0.6794,0.67,0.6785,347600.0
1756893600000,0.6789,0.6797,0.6757,0.6787,149807.0
1756897200000,0.6784,0.6878,0.6777,0.6862,286996.0
1756900800000,0.686,0.6865,0.68005,0.6838,154929.0
1756904400000,0.6838,0.6846,0.6783,0.6791,357935.0
1756908000000,0.6791,0.6875,0.6759,0.684,582691.0
1756911600000,0.684,0.6845,0.6761,0.6772,346922.0
1756915200000,0.677,0.6825,0.6762,0.6803,255407.0
1756918800000,0.6805,0.6895,0.6798,0.6825,447221.0
1756922400000,0.6824,0.6824,0.6721,0.6736,345269.0
1756926000000,0.6738,0.6742,0.6664,0.6672,341501.0
1756929600000,0.6673,0.67026,0.6649,0.6693,196605.0
1756933200000,0.6695,0.6742,0.6688,0.6727,147354.0
1756936800000,0.6729,0.673,0.6661,0.6665,161483.0
1756940400000,0.6665,0.6694,0.6651,0.6682,161457.0
1756944000000,0.6683,0.6872,0.6673,0.6855,647220.0
1756947600000,0.6857,0.6858,0.6763,0.6797,309249.0
1756951200000,0.6795,0.6824,0.6779,0.6799,213025.0
1756954800000,0.6801,0.6879,0.6797,0.6854,325113.0
1756958400000,0.6854,0.6854,0.6775,0.6784,347605.0
1756962000000,0.6784,0.6812,0.6654,0.6664,610477.0
1756965600000,0.6664,0.6744,0.6661,0.6679,577957.0
1756969200000,0.6682,0.6719,0.6646,0.6651,250863.0
1756972800000,0.665,0.6697,0.6599,0.662,357944.0
1756976400000,0.662,0.6655,0.6572,0.6577,473483.0
1756980000000,0.6576,0.6603,0.6517,0.6532,565679.0
1756983600000,0.6533,0.661,0.6498,0.6578,518377.0
1756987200000,0.658,0.66289,0.6493,0.6553,589484.0
1756990800000,0.6555,0.6559,0.6172,0.6267,2247354.0
1756994400000,0.6266,0.6278,0.6091,0.6132,2464032.0
1756998000000,0.6134,0.6226,0.6108,0.6112,723668.0
1757001600000,0.6113,0.6132,0.6052,0.6079,713234.0
1757005200000,0.6081,0.63546,0.6081,0.6122,2150622.0
1757008800000,0.6122,0.6159,0.6086,0.6106,503037.0
1757012400000,0.6105,0.6153,0.6078,0.6084,276451.0
1757016000000,0.6084,0.6174,0.6081,0.6142,317171.0
1757019600000,0.6142,0.6171,0.6114,0.6116,162820.0
1757023200000,0.6116,0.6183,0.6116,0.6161,283586.0
1757026800000,0.6155,0.6174,0.6123,0.6127,282081.0
1757030400000,0.6126,0.6187,0.6111,0.6165,767817.0
1757034000000,0.6164,0.6188,0.6141,0.6165,220170.0
1757037600000,0.6164,0.6194,0.6156,0.6165,478444.0
1757041200000,0.6168,0.6196,0.6151,0.6186,228627.0
1757044800000,0.6184,0.6213,0.6166,0.6184,327993.0
1757048400000,0.6184,0.6185,0.6101,0.6115,420249.0
1757052000000,0.6117,0.6192,0.6099,0.6154,358055.0
1757055600000,0.6156,0.6172,0.6105,0.6126,397086.0
1757059200000,0.6126,0.6163,0.6108,0.615,441260.0
1757062800000,0.615,0.6158,0.6114,0.6131,272044.0
1757066400000,0.6129,0.6148,0.6114,0.613,170986.0
1757070000000,0.613,0.6147,0.6104,0.6116,241704.0
1757073600000,0.6115,0.6137,0.6096,0.6103,484053.0
1757077200000,0.6103,0.6109,0.606,0.6083,409182.0
1757080800000,0.6082,0.6085,0.60251,0.6042,584796.0
1757084400000,0.6043,0.6072,0.5882,0.5938,1075802.0
1757088000000,0.5936,0.5952,0.5903,0.5906,273309.0
1757091600000,0.5904,0.5913,0.5865,0.5869,402123.0
1757095200000,0.5868,0.6035,0.5825,0.5953,1057780.0
1757098800000,0.5952,0.5966,0.5908,0.5966,261841.0
1757102400000,0.5966,0.5996,0.5919,0.5944,394200.0
1757106000000,0.5945,0.5945,0.5912,0.5937,169702.0
1757109600000,0.5939,0.5942,0.5908,0.5921,224357.0
1757113200000,0.5921,0.595,0.5907,0.5945,203951.0
1757116800000,0.5945,0.6175,0.5912,0.6129,1378457.0
1757120400000,0.6129,0.6205,0.6084,0.6157,1103596.0
1757124000000,0.6156,0.6165,0.6107,0.6125,204059.0
1757127600000,0.6127,0.614,0.611,0.6129,173640.0
1757131200000,0.6129,0.6129,0.6067,0.6097,338059.0
1757134800000,0.6097,0.6143,0.6069,0.6094,283613.0
1757138400000,0.6093,0.6128,0.6087,0.6105,121074.0
1757142000000,0.6105,0.611,0.607,0.6089,103246.0
1757145600000,0.6088,0.6114,0.6057,0.6061,105187.0
1757149200000,0.6059,0.6067,0.6002,0.6018,263627.0
1757152800000,0.6021,0.6138,0.6012,0.607,784353.0
1757156400000,0.6072,0.6094,0.6047,0.6072,127828.0
1757160000000,0.6072,0.6166,0.599,0.6017,817851.0
1757163600000,0.6014,0.6157,0.6009,0.6106,590764.0
1757167200000,0.6106,0.6335,0.6098,0.6309,1229353.0
1757170800000,0.6308,0.637,0.6254,0.6319,822843.0
1757174400000,0.6316,0.6437,0.625,0.6361,1296276.0
1757178000000,0.6359,0.6383,0.6322,0.6353,262898.0
1757181600000,0.6352,0.6363,0.6303,0.6315,187105.0
1757185200000,0.6315,0.6342,0.63,0.6317,158830.0
1757188800000,0.632,0.6406,0.632,0.6375,374315.0
1757192400000,0.6374,0.6382,0.6348,0.636,121767.0
1757196000000,0.6357,0.6357,0.6312,0.6339,184200.0
1757199600000,0.6333,0.6371,0.6321,0.6356,165694.0
1757203200000,0.6353,0.6353,0.6295,0.6311,537788.0
1757206800000,0.6313,0.6385,0.6311,0.6319,601163.0
1757210400000,0.6319,0.6374,0.6314,0.6372,390926.0
1757214000000,0.6371,0.6453,0.6348,0.639,435510.0
1757217600000,0.6387,0.6415,0.6322,0.6373,340486.0
1757221200000,0.6374,0.6426,0.6358,0.6402,199800.0
1757224800000,0.6403,0.656,0.6376,0.6516,630147.0
1757228400000,0.6517,0.654,0.6474,0.6489,333250.0
1757232000000,0.6489,0.6549,0.6453,0.6483,601183.0
1757235600000,0.6486,0.6521,0.6398,0.6428,384328.0
1757239200000,0.6429,0.6475,0.6411,0.6435,274432.0
1757242800000,0.6436,0.6532,0.6407,0.6488,411576.0
1757246400000,0.6491,0.6501,0.6448,0.6468,206990.0
1757250000000,0.647,0.6479,0.6398,0.6404,381458.0
1757253600000,0.6405,0.6405,0.6345,0.6386,448903.0
1757257200000,0.6388,0.642,0.6366,0.6389,243882.0
1757260800000,0.6389,0.6416,0.6384,0.6393,153868.0
1757264400000,0.6395,0.6417,0.6358,0.636,215900.0
1757268000000,0.6361,0.6365,0.6335,0.6335,202054.0
1757271600000,0.6336,0.6343,0.6164,0.6169,1102539.0
1757275200000,0.6173,0.6279,0.6124,0.6155,995624.0
1757278800000,0.6155,0.6191,0.6118,0.6162,415165.0
1757282400000,0.6164,0.6195,0.6146,0.619,166767.0
1757286000000,0.6191,0.6276,0.6183,0.6213,255722.0
1757289600000,0.6214,0.6328,0.6214,0.6306,330109.0
1757293200000,0.6307,0.6343,0.6277,0.6328,130651.0
1757296800000,0.6329,0.6424,0.6284,0.6361,339210.0
1757300400000,0.6362,0.6424,0.6345,0.6367,202499.0
1757304000000,0.6367,0.6386,0.6281,0.6308,261083.0
1757307600000,0.6305,0.6339,0.6279,0.6307,213322.0
1757311200000,0.6306,0.6321,0.6284,0.632,76677.0
1757314800000,0.632,0.6321,0.6271,0.6286,106957.0
1757318400000,0.6288,0.6306,0.6256,0.6294,240413.0
1757322000000,0.6294,0.6336,0.6271,0.6285,178001.0
1757325600000,0.6285,0.6341,0.6263,0.6277,245396.0
1757329200000,0.6276,0.6297,0.6209,0.6296,278152.0
1757332800000,0.6298,0.6316,0.6124,0.6228,1350149.0
1757336400000,0.6229,0.6262,0.62087,0.6219,265852.0
1757340000000,0.6219,0.6259,0.621,0.6248,127865.0
1757343600000,0.6252,0.6335,0.62087,0.6262,429510.0
1757347200000,0.6263,0.6319,0.6258,0.6305,356079.0
1757350800000,0.6305,0.6318,0.6238,0.6253,327514.0
1757354400000,0.6252,0.6299,0.6242,0.6292,99704.0
1757358000000,0.6292,0.6304,0.6266,0.6288,130827.0
1757361600000,0.629,0.6331,0.6286,0.632,146257.0
1757365200000,0.6319,0.6341,0.6291,0.6301,216755.0
1757368800000,0.6303,0.6337,0.6303,0.6326,137179.0
1757372400000,0.6328,0.6356,0.6318,0.6343,121627.0
1757376000000,0.6343,0.6386,0.6302,0.6356,284816.0
1757379600000,0.6357,0.6373,0.6338,0.6362,98001.0
1757383200000,0.6362,0.6382,0.6344,0.6365,246201.0
1757386800000,0.6365,0.6383,0.6351,0.6378,260482.0
1757390400000,0.6378,0.6428,0.6364,0.637,350437.0
1757394000000,0.6371,0.6371,0.615,0.623,1043655.0
1757397600000,0.623,0.6404,0.623,0.6351,604624.0
1757401200000,0.6348,0.6361,0.6275,0.6312,284427.0
1757404800000,0.6311,0.6437,0.6283,0.6287,701154.0
1757408400000,0.6283,0.6307,0.6206,0.6207,132783.0
1757412000000,0.6208,0.625,0.6156,0.6175,588670.0
1757415600000,0.6177,0.6203,0.6151,0.6183,316626.0
1757419200000,0.6182,0.6204,0.6111,0.6168,519606.0
1757422800000,0.6167,0.6176,0.6034,0.6057,771068.0
1757426400000,0.6056,0.6109,0.6029,0.6033,427595.0
1757430000000,0.6032,0.6043,0.5939,0.5963,765291.0
1757433600000,0.5965,0.5988,0.5904,0.592,417370.0
1757437200000,0.5922,0.5945,0.5886,0.5938,315016.0
1757440800000,0.5937,0.5979,0.5912,0.5972,213052.0
1757444400000,0.5973,0.5996,0.5954,0.5976,171164.0
1757448000000,0.5975,0.5975,0.5951,0.5962,64662.0
1757451600000,0.5963,0.5977,0.5947,0.5954,70173.0
1757455200000,0.5953,0.5975,0.5948,0.5967,51128.0
1757458800000,0.5966,0.5998,0.5953,0.5996,131647.0
1757462400000,0.5998,0.6011,0.597,0.5998,236226.0
1757466000000,0.5998,0.6027,0.5967,0.5975,212340.0
1757469600000,0.5976,0.6005,0.5975,0.598,189809.0
1757473200000,0.5984,0.5994,0.5971,0.5977,80168.0
1757476800000,0.5979,0.5984,0.5944,0.5962,120765.0
1757480400000,0.5963,0.59911,0.5956,0.5975,115355.0
1757484000000,0.5975,0.5996,0.5948,0.5992,128492.0
1757487600000,0.5993,0.5997,0.5944,0.5954,122084.0
1757491200000,0.5954,0.5998,0.594,0.5992,208604.0
1757494800000,0.5993,0.5999,0.5941,0.596,163280.0
1757498400000,0.596,0.5977,0.5951,0.5961,125680.0
1757502000000,0.5963,0.5963,0.589,0.5906,335873.0
1757505600000,0.5906,0.5952,0.5875,0.5884,392169.0
1757509200000,0.5883,0.5979,0.5881,0.5932,463623.0
1757512800000,0.5932,0.5946,0.5906,0.5912,173521.0
1757516400000,0.591,0.5944,0.5908,0.5927,323031.0
1757520000000,0.5927,0.5929,0.5878,0.5911,237382.0
1757523600000,0.5911,0.5932,0.5905,0.5932,168263.0
1757527200000,0.5928,0.5932,0.588,0.5886,166835.0
1757530800000,0.5884,0.5904,0.588,0.5904,129201.0
1757534400000,0.5902,0.5937,0.59,0.5929,82493.0
1757538000000,0.5929,0.595,0.5929,0.5939,57610.0
1757541600000,0.5938,0.5986,0.5933,0.5963,125549.0
1757545200000,0.5961,0.6031,0.5954,0.6027,142378.0
1757548800000,0.6028,0.6028,0.5952,0.5963,225042.0
1757552400000,0.5964,0.5982,0.5946,0.5963,113927.0
1757556000000,0.5964,0.6004,0.5964,0.599,92492.0
1757559600000,0.599,0.602,0.5983,0.6011,125095.0
1757563200000,0.6011,0.6019,0.5904,0.5915,643366.0
1757566800000,0.5917,0.5921,0.5586,0.5663,2896981.0
1757570400000,0.5662,0.5695,0.5558,0.5581,962402.0
1757574000000,0.5581,0.5606,0.5535,0.5578,419285.0
1757577600000,0.5579,0.5638,0.5572,0.5631,473605.0
1757581200000,0.563,0.5768,0.5628,0.5663,861723.0
1757584800000,0.5664,0.5677,0.563,0.5668,331732.0
1757588400000,0.5667,0.5707,0.5667,0.5688,171663.0
1757592000000,0.5689,0.5705,0.554,0.5598,2555865.0
1757595600000,0.5602,0.562,0.549,0.5528,873592.0
1757599200000,0.5526,0.5541,0.5229,0.5284,1977744.0
1757602800000,0.5283,0.5428,0.5252,0.5265,1235816.0
1757606400000,0.5263,0.5336,0.5232,0.5276,702824.0
1757610000000,0.5279,0.5415,0.5274,0.5389,1052378.0
1757613600000,0.5389,0.5417,0.5266,0.5307,767824.0
1757617200000,0.5307,0.5313,0.527,0.5292,266496.0
1757620800000,0.5289,0.5344,0.5282,0.5302,263479.0
1757624400000,0.5303,0.55288,0.5291,0.5508,1316246.0
1757628000000,0.5508,0.5618,0.5506,0.5588,719104.0
1757631600000,0.5587,0.5614,0.556,0.559,314625.0
1757635200000,0.5593,0.5594,0.5498,0.5541,501725.0
1757638800000,0.554,0.5543,0.5458,0.5489,451212.0
1757642400000,0.549,0.5492,0.5431,0.5453,252615.0
1757646000000,0.5453,0.548,0.5432,0.5478,339072.0
1757649600000,0.5476,0.5477,0.5444,0.5449,192236.0
1757653200000,0.5447,0.5483,0.5411,0.5414,441978.0
1757656800000,0.5411,0.5479,0.541,0.5475,363258.0
1757660400000,0.5477,0.5507,0.5428,0.5436,288365.0
1757664000000,0.544,0.55,0.539,0.5459,622750.0
1757667600000,0.5461,0.5466,0.5417,0.5435,201605.0
1757671200000,0.5434,0.5457,0.5421,0.5447,164318.0
1757674800000,0.5447,0.5466,0.5391,0.5398,198657.0
1757678400000,0.5399,0.5435,0.5387,0.5389,511122.0
1757682000000,0.5392,0.5414,0.5376,0.5405,550906.0
1757685600000,0.54,0.5425,0.5389,0.5407,366347.0
1757689200000,0.5406,0.543,0.5403,0.5413,295782.0
1757692800000,0.5413,0.5454,0.5384,0.543,722783.0
1757696400000,0.5431,0.5451,0.5358,0.5402,1200598.0
1757700000000,0.5404,0.552,0.5394,0.5516,380843.0
1757703600000,0.5514,0.5529,0.5497,0.552,158938.0
1757707200000,0.5522,0.5549,0.5495,0.5499,205631.0
1757710800000,0.5499,0.5536,0.5488,0.5513,142330.0
1757714400000,0.5516,0.5556,0.5418,0.5433,594677.0
1757718000000,0.5434,0.5493,0.5432,0.5459,411940.0
1757721600000,0.5459,0.5482,0.5435,0.544,207018.0
1757725200000,0.5442,0.5444,0.5419,0.5437,166252.0
1757728800000,0.5434,0.5476,0.543,0.5466,189611.0
1757732400000,0.5469,0.5474,0.5439,0.5463,124532.0
1757736000000,0.5463,0.5466,0.5424,0.5434,97812.0
1757739600000,0.5434,0.5461,0.5423,0.5449,192850.0
1757743200000,0.5449,0.5476,0.5441,0.5476,285749.0
1757746800000,0.5476,0.5485,0.5415,0.5436,277651.0
1757750400000,0.5435,0.5488,0.5431,0.5488,210660.0
1757754000000,0.549,0.5506,0.54585,0.5499,289093.0
1757757600000,0.5499,0.5569,0.5485,0.5552,321582.0
1757761200000,0.5549,0.5564,0.55288,0.5552,199230.0
1757764800000,0.5551,0.5551,0.5477,0.5486,258039.0
1757768400000,0.5486,0.5514,0.5444,0.5492,436865.0
1757772000000,0.5495,0.5579,0.5454,0.5551,511601.0
1757775600000,0.555,0.555,0.5448,0.5479,581774.0
1757779200000,0.548,0.5487,0.532,0.5332,708515.0
1757782800000,0.5332,0.5348,0.5251,0.5303,586775.0
1757786400000,0.5303,0.5305,0.5264,0.5268,390213.0
1757790000000,0.5269,0.5285,0.5222,0.5275,537587.0
1757793600000,0.5277,0.546,0.5266,0.5407,910921.0
1757797200000,0.5407,0.5455,0.5399,0.5455,277016.0
1757800800000,0.5454,0.5467,0.5423,0.5452,177096.0
1757804400000,0.545,0.5479,0.5433,0.5472,172410.0
1757808000000,0.5471,0.5641,0.5464,0.5573,1253480.0
1757811600000,0.5576,0.5592,0.5479,0.5499,457101.0
1757815200000,0.5502,0.56,0.5499,0.5587,350552.0
1757818800000,0.5586,0.5594,0.5512,0.5567,434325.0
1757822400000,0.5565,0.5595,0.5515,0.5572,277354.0
1757826000000,0.5572,0.5653,0.5572,0.5638,226216.0
1757829600000,0.5639,0.565,0.55889,0.5605,306926.0
1757833200000,0.5607,0.5617,0.55,0.5543,495518.0
1757836800000,0.5543,0.5551,0.5301,0.5372,1198004.0
1757840400000,0.537,0.5405,0.5312,0.5357,875729.0
1757844000000,0.5358,0.5359,0.5275,0.5302,526242.0
1757847600000,0.5304,0.5326,0.5239,0.5246,530227.0
1757851200000,0.5246,0.5313,0.5242,0.5281,591670.0
1757854800000,0.5278,0.5328,0.5263,0.5302,478200.0
1757858400000,0.53,0.531,0.5244,0.528,446929.0
1757862000000,0.5279,0.5328,0.5276,0.5325,358136.0
1757865600000,0.5323,0.5393,0.5319,0.537,363453.0
1757869200000,0.537,0.5422,0.5361,0.5369,339114.0
1757872800000,0.5367,0.5371,0.5283,0.5317,510936.0
1757876400000,0.5316,0.5407,0.5298,0.539,531822.0
1757880000000,0.5391,0.5391,0.5346,0.535,187663.0
1757883600000,0.5349,0.5448,0.5349,0.5401,252243.0
1757887200000,0.5401,0.5401,0.5356,0.5374,118671.0
1757890800000,0.5374,0.5381,0.5332,0.5344,150803.0
1757894400000,0.5344,0.5397,0.5336,0.5341,266893.0
1757898000000,0.5341,0.5412,0.5334,0.5394,231617.0
1757901600000,0.5393,0.5424,0.539,0.5419,185626.0
1757905200000,0.5421,0.5431,0.5391,0.5402,195443.0
1757908800000,0.5402,0.5433,0.5376,0.5376,95051.0
1757912400000,0.5376,0.5429,0.5376,0.542,130817.0
1757916000000,0.542,0.5466,0.5378,0.5398,455529.0
1757919600000,0.5395,0.551,0.5394,0.5502,337644.0
1757923200000,0.5502,0.5539,0.5233,0.5324,1526075.0
1757926800000,0.5321,0.5373,0.53,0.5357,524032.0
1757930400000,0.5357,0.54252,0.533,0.5383,354122.0
1757934000000,0.5381,0.5387,0.5293,0.5298,273272.0
1757937600000,0.5298,0.535,0.5295,0.5343,187302.0
1757941200000,0.5342,0.5377,0.5324,0.533,367523.0
1757944800000,0.5329,0.53485,0.5305,0.5311,231692.0
1757948400000,0.5309,0.5343,0.5272,0.5291,276517.0
1757952000000,0.529,0.5307,0.5273,0.5293,261429.0
1757955600000,0.5294,0.5349,0.5284,0.5344,272398.0
1757959200000,0.5346,0.5349,0.53184,0.534,191803.0
1757962800000,0.5337,0.535,0.5298,0.5311,126872.0
1757966400000,0.5311,0.5396,0.5307,0.5379,191209.0
1757970000000,0.5382,0.5392,0.5368,0.5383,150950.0
1757973600000,0.538,0.5407,0.5376,0.5406,107873.0
1757977200000,0.5403,0.5408,0.5365,0.5371,113371.0
1757980800000,0.537,0.5373,0.5309,0.5311,153837.0
1757984400000,0.5314,0.5344,0.5307,0.531,129964.0
1757988000000,0.531,0.5356,0.5308,0.5353,144562.0
1757991600000,0.5352,0.5354,0.5165,0.5211,1170628.0
1757995200000,0.5212,0.5243,0.512,0.5219,1289349.0
1757998800000,0.5219,0.5236,0.5211,0.5228,247416.0
1758002400000,0.5229,0.5413,0.5223,0.5318,886939.0
1758006000000,0.5318,0.5379,0.5303,0.5329,318963.0
1758009600000,0.5329,0.5359,0.5306,0.5322,141493.0
1758013200000,0.5322,0.535,0.531,0.5338,156007.0
1758016800000,0.5338,0.5357,0.5325,0.5333,152672.0
1758020400000,0.5332,0.5375,0.533,0.5369,167756.0
1758024000000,0.5369,0.5408,0.5366,0.5394,176540.0
1758027600000,0.5393,0.5464,0.5329,0.5403,3492733.0
1758031200000,0.5402,0.5422,0.5374,0.5398,1005438.0
1758034800000,0.5399,0.5483,0.5396,0.5416,702235.0
1758038400000,0.542,0.543,0.5366,0.537,177624.0
1758042000000,0.5371,0.5421,0.537,0.5409,154480.0
1758045600000,0.5407,0.5473,0.5379,0.5396,554874.0
1758049200000,0.5396,0.5517,0.5396,0.5513,476846.0
1758052800000,0.5516,0.5548,0.5458,0.5501,557005.0
1758056400000,0.5502,0.555,0.5498,0.5533,144392.0
1758060000000,0.5533,0.55588,0.55,0.5515,124710.0
1758063600000,0.5515,0.5529,0.5504,0.5515,79375.0
1758067200000,0.5514,0.5518,0.5473,0.5479,170482.0
1758070800000,0.5481,0.5493,0.547,0.5489,119433.0
1758074400000,0.5485,0.5507,0.5466,0.5476,114210.0
1758078000000,0.5474,0.548,0.5429,0.544,213060.0
1758081600000,0.5438,0.546,0.5414,0.5427,152949.0
1758085200000,0.5426,0.5445,0.5417,0.5438,174182.0
1758088800000,0.5436,0.5476,0.5435,0.5476,101187.0
1758092400000,0.5473,0.5473,0.5393,0.5396,208011.0
1758096000000,0.5397,0.5404,0.5353,0.5364,236569.0
1758099600000,0.5361,0.5371,0.535,0.5352,146138.0
1758103200000,0.5353,0.5355,0.5307,0.5316,190385.0
1758106800000,0.5316,0.533,0.5308,0.5319,114979.0
1758110400000,0.5318,0.5326,0.5292,0.5301,119158.0
1758114000000,0.5298,0.5348,0.5285,0.53,303159.0
1758117600000,0.53,0.5341,0.5293,0.5314,148955.0
1758121200000,0.5312,0.5312,0.5281,0.5301,171060.0
1758124800000,0.5298,0.5323,0.5268,0.5322,150096.0
1758128400000,0.5321,0.5345,0.5291,0.5304,147223.0
1758132000000,0.5301,0.5373,0.5297,0.5358,520716.0
1758135600000,0.5358,0.5374,0.5338,0.5363,177819.0
1758139200000,0.5364,0.537,0.5288,0.5293,189279.0
1758142800000,0.5292,0.5349,0.5251,0.5318,331120.0
1758146400000,0.5321,0.5589,0.5315,0.5451,1230646.0
1758150000000,0.5451,0.5474,0.5405,0.5409,267874.0
1758153600000,0.5409,0.543,0.5361,0.5374,503821.0
1758157200000,0.5374,0.5381,0.5331,0.5341,314613.0
1758160800000,0.5341,0.5351,0.529,0.5297,232936.0
1758164400000,0.5294,0.5326,0.5294,0.5307,319838.0
1758168000000,0.5306,0.5315,0.5277,0.5289,342747.0
1758171600000,0.5292,0.5301,0.50888,0.5095,1649837.0
1758175200000,0.5095,0.5148,0.5057,0.5091,688286.0
1758178800000,0.509,0.5139,0.5081,0.5127,462976.0
1758182400000,0.5127,0.5152,0.5079,0.5114,616959.0
1758186000000,0.5113,0.5127,0.5081,0.5111,505040.0
1758189600000,0.5109,0.5115,0.4994,0.502,899822.0
1758193200000,0.5017,0.5031,0.5006,0.5028,195867.0
1758196800000,0.5028,0.5091,0.5007,0.5065,444055.0
1758200400000,0.5065,0.5078,0.5025,0.5058,462806.0
1758204000000,0.5061,0.5062,0.5026,0.5036,322623.0
1758207600000,0.5034,0.5049,0.498,0.504,627788.0
1758211200000,0.5037,0.5088,0.5031,0.505,320414.0
1758214800000,0.5049,0.5069,0.5027,0.5035,291349.0
1758218400000,0.5038,0.5054,0.5014,0.5049,285813.0
1758222000000,0.5049,0.5059,0.5,0.5016,299565.0
1758225600000,0.5014,0.5019,0.4984,0.5004,313935.0
1758229200000,0.5005,0.5006,0.49,0.4947,686768.0
1758232800000,0.4946,0.4987,0.4914,0.4943,549113.0
1758236400000,0.4942,0.4944,0.491,0.4931,378508.0
1758240000000,0.4929,0.4936,0.4754,0.4865,1625528.0
1758243600000,0.4867,0.4934,0.4798,0.4828,734614.0
1758247200000,0.4831,0.4895,0.4824,0.4866,482415.0
1758250800000,0.4866,0.4915,0.48386,0.4848,621859.0
1758254400000,0.4846,0.4902,0.4839,0.4882,394848.0
1758258000000,0.4884,0.4991,0.4873,0.4974,465476.0
1758261600000,0.4974,0.4976,0.4864,0.487,564872.0
1758265200000,0.4867,0.4913,0.4841,0.4892,462741.0
1758268800000,0.4891,0.4912,0.4872,0.4875,184503.0
1758272400000,0.4877,0.4896,0.4825,0.4854,328081.0
1758276000000,0.4851,0.49186,0.485,0.49,476420.0
1758279600000,0.4898,0.49795,0.4897,0.4928,641274.0
1758283200000,0.4924,0.4969,0.4923,0.4955,199606.0
1758286800000,0.4953,0.4978,0.4922,0.494,212149.0
1758290400000,0.4943,0.4996,0.493,0.4958,259735.0
1758294000000,0.4961,0.5036,0.4919,0.5024,379215.0
1758297600000,0.5025,0.503,0.493,0.4987,568607.0
1758301200000,0.4987,0.4989,0.488,0.4891,706836.0
1758304800000,0.4891,0.4932,0.489,0.4922,141287.0
1758308400000,0.4924,0.4954,0.4922,0.4935,95222.0
1758312000000,0.4938,0.4973,0.4934,0.4958,100621.0
1758315600000,0.4958,0.5014,0.4958,0.4987,184653.0
1758319200000,0.4989,0.5018,0.4979,0.4999,131159.0
1758322800000,0.4998,0.5005,0.4965,0.5001,167095.0
1758326400000,0.5004,0.5085,0.4999,0.5069,777369.0
1758330000000,0.5073,0.508,0.5024,0.5028,258966.0
1758333600000,0.5028,0.5092,0.4996,0.5085,493595.0
1758337200000,0.5088,0.509,0.5029,0.5069,332995.0
1758340800000,0.507,0.5071,0.4998,0.5031,357881.0
1758344400000,0.5034,0.5038,0.4999,0.5001,199050.0
1758348000000,0.5002,0.5011,0.4947,0.4998,537149.0
1758351600000,0.4994,0.5001,0.4949,0.4983,289110.0
1758355200000,0.4981,0.4982,0.4905,0.4911,550535.0
1758358800000,0.4914,0.4938,0.4881,0.4917,557663.0
1758362400000,0.4914,0.4932,0.4861,0.4871,428328.0
1758366000000,0.4873,0.4889,0.4846,0.4866,508717.0
1758369600000,0.4864,0.4887,0.4833,0.485,364508.0
1758373200000,0.485,0.4905,0.4849,0.4885,298203.0
1758376800000,0.4885,0.4934,0.4872,0.4929,241027.0
1758380400000,0.4929,0.4946,0.4861,0.4864,373641.0
1758384000000,0.4864,0.49,0.484,0.4861,208791.0
1758387600000,0.4861,0.4889,0.4859,0.4876,195486.0
1758391200000,0.4874,0.48985,0.486,0.4895,367198.0
1758394800000,0.4897,0.4912,0.4786,0.4808,1077976.0
1758398400000,0.4809,0.4902,0.4801,0.4871,545461.0
1758402000000,0.4871,0.4871,0.4801,0.4829,656288.0
1758405600000,0.483,0.4917,0.483,0.4909,293648.0
1758409200000,0.4909,0.4911,0.4869,0.4877,243638.0
1758412800000,0.4877,0.5085,0.4877,0.508,1128970.0
1758416400000,0.5079,0.5079,0.4854,0.49,3239494.0
1758420000000,0.4899,0.49,0.4833,0.4848,2154039.0
1758423600000,0.4848,0.4893,0.484,0.4893,914256.0
1758427200000,0.4891,0.49,0.4876,0.4894,765741.0
1758430800000,0.4895,0.49,0.4856,0.4899,1348072.0
1758434400000,0.49,0.49795,0.4876,0.49,2626730.0
1758438000000,0.4899,0.4929,0.4767,0.4801,1703125.0
1758441600000,0.4802,0.4867,0.4802,0.4842,531939.0
1758445200000,0.4842,0.4848,0.4761,0.4828,774241.0
1758448800000,0.4824,0.4846,0.4811,0.4824,454209.0
1758452400000,0.4824,0.4852,0.4791,0.4798,416353.0
1758456000000,0.4802,0.4857,0.4797,0.4807,232721.0
1758459600000,0.4804,0.4813,0.4766,0.4805,438690.0
1758463200000,0.4805,0.4842,0.478,0.4832,416404.0
1758466800000,0.4831,0.4831,0.3846,0.4539,23049980.0
1758470400000,0.4539,0.4544,0.4273,0.429,5655724.0
1758474000000,0.4289,0.4364,0.4264,0.4306,1585289.0
1758477600000,0.4304,0.4409,0.4299,0.4323,1580687.0
1758481200000,0.4323,0.4426,0.432,0.4416,1078453.0
1758484800000,0.4417,0.4427,0.4386,0.4401,849606.0
1758488400000,0.4404,0.4406,0.4323,0.4334,493402.0
1758492000000,0.4333,0.4339,0.42609,0.4283,582789.0
1758495600000,0.4283,0.4377,0.4279,0.4365,885829.0
1758499200000,0.4367,0.4393,0.423,0.4248,1889987.0
1758502800000,0.4248,0.427,0.4062,0.4128,3759838.0
1758506400000,0.413,0.4163,0.407,0.412,1422871.0
1758510000000,0.412,0.4157,0.4098,0.4141,612252.0
1758513600000,0.414,0.4251,0.4128,0.4215,1523427.0
1758517200000,0.4216,0.4221,0.4065,0.4065,1088264.0
1758520800000,0.4065,0.447,0.39,0.4391,5809389.0
1758524400000,0.4387,0.4397,0.4239,0.4253,2170027.0
1758528000000,0.4256,0.4296,0.424,0.4266,1018237.0
1758531600000,0.4266,0.4275,0.4222,0.4242,704869.0
1758535200000,0.4242,0.4256,0.4182,0.4204,527981.0
1758538800000,0.4203,0.4239,0.4193,0.422,303509.0
1758542400000,0.422,0.4245,0.4213,0.4221,359572.0
1758546000000,0.4219,0.42434,0.4211,0.4233,214775.0
1758549600000,0.4232,0.4262,0.41915,0.4198,611803.0
1758553200000,0.4198,0.4204,0.3807,0.3909,5729542.0
1758556800000,0.3909,0.4031,0.3906,0.4015,1753928.0
1758560400000,0.4013,0.4026,0.3968,0.3989,466265.0
1758564000000,0.3987,0.4039,0.3901,0.3903,1254387.0
1758567600000,0.3903,0.3964,0.3902,0.3939,528157.0
1758571200000,0.3939,0.3986,0.3935,0.3967,229802.0
1758574800000,0.3965,0.3965,0.3906,0.391,197999.0
1758578400000,0.3911,0.3925,0.3856,0.3893,486804.0
1758582000000,0.389,0.3901,0.3877,0.3887,204868.0
1758585600000,0.3887,0.3902,0.3872,0.3873,202495.0
1758589200000,0.3874,0.3903,0.38456,0.3875,343079.0
1758592800000,0.3878,0.3903,0.37986,0.3821,671604.0
1758596400000,0.3821,0.3856,0.3801,0.3852,838196.0
1758600000000,0.3851,0.3861,0.3815,0.3821,253329.0
1758603600000,0.3821,0.3844,0.3788,0.3824,350519.0
1758607200000,0.3824,0.3838,0.37891,0.3825,714394.0
1758610800000,0.3825,0.3827,0.3752,0.3767,749983.0
1758614400000,0.3766,0.37986,0.3764,0.3778,399234.0
1758618000000,0.3777,0.3785,0.3704,0.3716,843911.0
1758621600000,0.3716,0.3716,0.34425,0.3527,4737818.0
1758625200000,0.3527,0.3577,0.352,0.3546,932842.0
1758628800000,0.3546,0.36517,0.3544,0.3554,1497444.0
1758632400000,0.3554,0.3576,0.3519,0.3525,749867.0
1758636000000,0.3522,0.356,0.34372,0.3439,1279059.0
1758639600000,0.3439,0.3502,0.3437,0.3486,1298916.0
1758643200000,0.3488,0.3548,0.3466,0.3544,869715.0
1758646800000,0.3541,0.3542,0.3485,0.3488,716921.0
1758650400000,0.3487,0.35,0.3431,0.3433,1237463.0
1758654000000,0.3432,0.3489,0.3431,0.3472,783681.0
1758657600000,0.3474,0.3535,0.34708,0.3524,741458.0
1758661200000,0.3524,0.3527,0.34851,0.34851,362042.0
1758664800000,0.3486,0.3507,0.3468,0.3487,452426.0
1758668400000,0.3487,0.3538,0.3486,0.3535,341720.0
1758672000000,0.3536,0.3536,0.3507,0.3508,537501.0
1758675600000,0.3508,0.3553,0.3505,0.3551,512655.0
1758679200000,0.3551,0.3567,0.3486,0.3535,909143.0
1758682800000,0.3536,0.3547,0.3434,0.3439,1376721.0
1758686400000,0.3438,0.3504,0.3392,0.3495,1659786.0
1758690000000,0.3495,0.3495,0.34425,0.3476,496123.0
1758693600000,0.3475,0.3475,0.3439,0.3444,4252228.0
1758697200000,0.3444,0.3492,0.3443,0.3462,1525835.0
1758700800000,0.3462,0.3478,0.3443,0.3469,483337.0
1758704400000,0.3469,0.3479,0.3457,0.3474,199814.0
1758708000000,0.3473,0.3544,0.3462,0.3537,613244.0
1758711600000,0.3537,0.3538,0.3472,0.3488,709896.0
1758715200000,0.3488,0.3524,0.3486,0.352,248805.0
1758718800000,0.3519,0.3544,0.3509,0.3511,425553.0
1758722400000,0.351,0.3584,0.351,0.3579,731815.0
1758726000000,0.3579,0.358,0.3525,0.3526,435833.0
1758729600000,0.3525,0.3549,0.3524,0.3545,261265.0
1758733200000,0.3546,0.3553,0.354,0.355,112732.0
1758736800000,0.3548,0.3552,0.3443,0.3454,994730.0
1758740400000,0.3454,0.3457,0.3354,0.3364,1290108.0
1758744000000,0.3365,0.3379,0.3331,0.335,543761.0
1758747600000,0.3351,0.3353,0.333,0.3331,434849.0
1758751200000,0.3331,0.335,0.3262,0.3342,1476339.0
1758754800000,0.3342,0.3435,0.3298,0.3433,1396021.0
1758758400000,0.3436,0.344,0.3316,0.3328,1422947.0
1758762000000,0.3326,0.3343,0.33,0.3318,462756.0
1758765600000,0.3316,0.33273,0.3279,0.3314,493974.0
1758769200000,0.3313,0.3313,0.3221,0.3255,1246443.0
1758772800000,0.3254,0.327,0.3224,0.3253,555451.0
1758776400000,0.3253,0.3276,0.3238,0.3273,437003.0
1758780000000,0.3274,0.3279,0.3139,0.3198,1899738.0
1758783600000,0.3196,0.3224,0.3179,0.3188,682767.0
1758787200000,0.3188,0.3293,0.3188,0.328,1129006.0
1758790800000,0.328,0.3293,0.321,0.3216,633482.0
1758794400000,0.3216,0.325,0.3211,0.3215,427714.0
1758798000000,0.3212,0.3256,0.3212,0.3238,350721.0
1758801600000,0.3239,0.3272,0.32,0.3252,511108.0
1758805200000,0.3252,0.3258,0.3224,0.3237,499665.0
1758808800000,0.3239,0.3279,0.3239,0.326,761030.0
1758812400000,0.326,0.3277,0.3255,0.3277,436713.0
1758816000000,0.3277,0.3281,0.319,0.3195,670973.0
1758819600000,0.3195,0.3236,0.3177,0.3203,1141504.0
1758823200000,0.3203,0.3218,0.3184,0.3198,852974.0
1758826800000,0.3198,0.32,0.3142,0.3156,682401.0
1758830400000,0.3157,0.318,0.3157,0.3175,409604.0
1758834000000,0.3173,0.3232,0.3173,0.3232,364853.0
1758837600000,0.323,0.3232,0.3183,0.3191,332192.0
1758841200000,0.3191,0.3218,0.3159,0.3178,505589.0
1758844800000,0.318,0.3295,0.318,0.3266,1834810.0
1758848400000,0.3266,0.3266,0.3187,0.3196,557881.0
1758852000000,0.3197,0.3223,0.3192,0.3217,396865.0
1758855600000,0.3216,0.3247,0.3206,0.3228,482138.0
1758859200000,0.3227,0.3228,0.3202,0.3211,281939.0
1758862800000,0.3209,0.3223,0.3204,0.321,350903.0
1758866400000,0.321,0.322,0.3191,0.3192,458152.0
1758870000000,0.319,0.3256,0.319,0.3256,812367.0
1758873600000,0.3255,0.3255,0.3203,0.3204,507942.0
1758877200000,0.3206,0.3219,0.3198,0.3203,321955.0
1758880800000,0.3204,0.3213,0.3176,0.3194,467271.0
1758884400000,0.3193,0.32,0.3171,0.3176,390027.0
1758888000000,0.3175,0.3195,0.3152,0.318,1068469.0
1758891600000,0.3181,0.3199,0.3169,0.3185,568959.0
1758895200000,0.3185,0.3238,0.3148,0.3166,1157846.0
1758898800000,0.3163,0.3171,0.3149,0.3156,372315.0
1758902400000,0.3157,0.3166,0.3133,0.3162,875858.0
1758906000000,0.3163,0.3168,0.3131,0.3153,669389.0
1758909600000,0.3151,0.3152,0.3117,0.3121,804248.0
1758913200000,0.3119,0.3138,0.3102,0.3132,1538021.0
1758916800000,0.3133,0.3139,0.3118,0.3127,456898.0
1758920400000,0.3127,0.3132,0.3115,0.313,240686.0
1758924000000,0.3132,0.314,0.3122,0.3137,304480.0
1758927600000,0.3138,0.3139,0.3127,0.3134,208351.0
1758931200000,0.3136,0.3154,0.3126,0.3134,517442.0
1758934800000,0.3134,0.3142,0.3112,0.314,691838.0
1758938400000,0.314,0.3145,0.3112,0.3115,352576.0
1758942000000,0.3116,0.3121,0.3093,0.3097,2504411.0
1758945600000,0.3098,0.31,0.3093,0.3098,1273253.0
1758949200000,0.3098,0.3109,0.3093,0.3101,717272.0
1758952800000,0.3099,0.318,0.3093,0.3167,4243468.0
1758956400000,0.3168,0.3348,0.3158,0.3341,4009948.0
1758960000000,0.3339,0.3615,0.33177,0.3568,8147932.0
1758963600000,0.357,0.3576,0.3337,0.3362,4127428.0
1758967200000,0.3366,0.3565,0.3346,0.3485,2553770.0
1758970800000,0.34851,0.385,0.3468,0.3786,7066863.0
1758974400000,0.3787,0.3792,0.3495,0.3557,5181194.0
1758978000000,0.3557,0.3607,0.3524,0.3585,1388667.0
1758981600000,0.3585,0.3628,0.3543,0.3559,1022691.0
1758985200000,0.3557,0.3591,0.3552,0.3588,760026.0
1758988800000,0.3586,0.3905,0.3584,0.3754,8919008.0
1758992400000,0.3755,0.3826,0.3676,0.3734,6790325.0
1758996000000,0.3734,0.3789,0.3195,0.3294,18954636.0
1758999600000,0.3294,0.3294,0.3034,0.3058,5734763.0
1759003200000,0.3058,0.3092,0.2987,0.3014,2621360.0
1759006800000,0.3014,0.302,0.2909,0.2928,2481907.0
1759010400000,0.2928,0.3016,0.287,0.2952,3244985.0
1759014000000,0.2952,0.2997,0.2937,0.2963,1247640.0
1759017600000,0.2963,0.3001,0.2911,0.295,1390185.0
1759021200000,0.2952,0.2952,0.2914,0.2921,651244.0
1759024800000,0.2921,0.2931,0.2764,0.2832,4323775.0
1759028400000,0.2831,0.2892,0.2828,0.2881,1510506.0
1759032000000,0.2881,0.292,0.2867,0.2868,946779.0
1759035600000,0.287,0.2921,0.2867,0.2892,893197.0
1759039200000,0.2891,0.298,0.2863,0.2883,2930727.0
1759042800000,0.2883,0.2895,0.2766,0.2771,1776131.0
1759046400000,0.2774,0.2848,0.276,0.2827,2480299.0
1759050000000,0.2828,0.2837,0.279,0.2818,913031.0
1759053600000,0.2818,0.2884,0.2815,0.2855,950250.0
1759057200000,0.2855,0.2864,0.2823,0.2849,706157.0
1759060800000,0.2849,0.2867,0.2825,0.2854,877785.0
1759064400000,0.2855,0.2875,0.2832,0.2875,1431393.0
1759068000000,0.2873,0.2913,0.2854,0.2878,2298851.0
1759071600000,0.288,0.2885,0.2841,0.2855,962862.0
1759075200000,0.2855,0.2899,0.2834,0.2844,1699760.0
1759078800000,0.2843,0.286,0.28042,0.2849,2163055.0
1759082400000,0.2851,0.2871,0.2608,0.2768,11404308.0
1759086000000,0.2769,0.2772,0.2714,0.2731,2239423.0
1759089600000,0.2731,0.2752,0.2677,0.2692,2280117.0
1759093200000,0.2693,0.2736,0.2679,0.2721,1695129.0
1759096800000,0.2719,0.2732,0.2683,0.271,1886280.0
1759100400000,0.2708,0.2716,0.2672,0.2688,1240789.0
1759104000000,0.2686,0.2706,0.2659,0.26915,1316406.0
1759107600000,0.269,0.26915,0.265,0.2658,1063547.0
1759111200000,0.2656,0.2694,0.2637,0.2659,1430540.0
1759114800000,0.2659,0.2678,0.263,0.2647,1183886.0
1759118400000,0.2645,0.2647,0.2619,0.2629,1297705.0
1759122000000,0.2629,0.2655,0.26,0.2648,1592643.0
1759125600000,0.2648,0.2685,0.2643,0.2673,1341849.0
1759129200000,0.2673,0.2687,0.2661,0.2682,958594.0
1759132800000,0.2681,0.2688,0.2665,0.268,864891.0
1759136400000,0.268,0.2681,0.2626,0.2635,1567970.0
1759140000000,0.2634,0.2646,0.2611,0.2624,845131.0
1759143600000,0.2621,0.2626,0.2573,0.2607,1768563.0
1759147200000,0.2607,0.261,0.2564,0.2577,1307347.0
1759150800000,0.2577,0.2691,0.25517,0.2686,3105503.0
1759154400000,0.2684,0.269,0.266,0.2674,1575278.0
1759158000000,0.2674,0.2682,0.2648,0.2681,1156948.0
1759161600000,0.2682,0.2889,0.2671,0.2872,5740839.0
1759165200000,0.2872,0.2996,0.2809,0.2986,8931028.0
1759168800000,0.2986,0.3032,0.2834,0.2906,6224854.0
1759172400000,0.2907,0.2966,0.2894,0.2961,1183760.0
1759176000000,0.296,0.3082,0.2957,0.3076,2371228.0
1759179600000,0.3074,0.309,0.2937,0.299,4923225.0
1759183200000,0.2989,0.2997,0.2939,0.295,2003235.0
1759186800000,0.2949,0.2973,0.2905,0.2957,1621773.0
1759190400000,0.2955,0.3084,0.2955,0.3015,2976313.0
1759194000000,0.3017,0.3107,0.3007,0.3102,5565040.0
1759197600000,0.31,0.311,0.299,0.3042,3656622.0
1759201200000,0.3039,0.3048,0.2982,0.2986,1736215.0
1759204800000,0.2986,0.3136,0.2986,0.3096,4281244.0
1759208400000,0.3099,0.3103,0.2934,0.2955,5018161.0
1759212000000,0.2957,0.3003,0.2938,0.2954,2102680.0
1759215600000,0.2954,0.3035,0.295,0.3027,1796129.0
1759219200000,0.3027,0.3028,0.2942,0.2973,2958387.0
1759222800000,0.2971,0.3013,0.2907,0.2923,3332557.0
1759226400000,0.2923,0.3015,0.2913,0.2993,3142161.0
1759230000000,0.2991,0.3047,0.2935,0.2961,8181246.0
1759233600000,0.2959,0.2975,0.28903,0.2911,5001941.0
1759237200000,0.2909,0.2943,0.2881,0.2892,2106939.0
1759240800000,0.2893,0.2931,0.2878,0.2916,1318898.0
1759244400000,0.2916,0.2939,0.2898,0.2929,2081204.0
1759248000000,0.2928,0.2964,0.2907,0.2964,1814805.0
1759251600000,0.2962,0.3023,0.2933,0.3005,2299029.0
1759255200000,0.3002,0.3021,0.2979,0.2992,1004481.0
1759258800000,0.2993,0.3046,0.299,0.3044,513591.0
1759262400000,0.3043,0.3062,0.3024,0.3027,583367.0
1759266000000,0.3027,0.3072,0.3027,0.3058,585078.0
1759269600000,0.3058,0.3073,0.3037,0.3044,421340.0
1759273200000,0.3045,0.3061,0.3025,0.3036,515303.0
1759276800000,0.3034,0.3043,0.2971,0.3018,1686752.0
1759280400000,0.3017,0.3041,0.3014,0.3029,376938.0
1759284000000,0.303,0.3059,0.3021,0.3022,578063.0
1759287600000,0.3025,0.3076,0.3024,0.3053,692260.0
1759291200000,0.3053,0.309,0.3051,0.3077,534990.0
1759294800000,0.3077,0.3084,0.3054,0.3076,543907.0
1759298400000,0.3074,0.3092,0.3048,0.3075,448369.0
1759302000000,0.3073,0.3078,0.2974,0.2986,1897635.0
1759305600000,0.2984,0.3014,0.2969,0.2991,1355572.0
1759309200000,0.2991,0.2992,0.2931,0.2967,1671095.0
1759312800000,0.2967,0.2987,0.2962,0.2977,710415.0
1759316400000,0.2976,0.2986,0.2962,0.298,788694.0
1759320000000,0.298,0.3006,0.297,0.2983,807884.0
1759323600000,0.2984,0.299,0.2963,0.2986,582121.0
1759327200000,0.2985,0.3,0.2969,0.2978,587500.0
1759330800000,0.2978,0.3004,0.2969,0.2971,592625.0
1759334400000,0.297,0.299,0.2969,0.2987,538147.0
1759338000000,0.2986,0.3039,0.2969,0.3023,2349983.0
1759341600000,0.3023,0.3052,0.298,0.3033,1400924.0
1759345200000,0.3034,0.3038,0.2979,0.2982,565884.0
1759348800000,0.298,0.2985,0.2941,0.2951,627772.0
1759352400000,0.2952,0.2969,0.2932,0.2945,414406.0
1759356000000,0.2945,0.2955,0.2926,0.2931,392466.0
1759359600000,0.2932,0.295,0.2928,0.2943,445584.0
1759363200000,0.2944,0.2952,0.2873,0.2879,678941.0
1759366800000,0.2879,0.29218,0.2879,0.2919,397448.0
1759370400000,0.2919,0.2922,0.2852,0.2868,716963.0
1759374000000,0.287,0.2881,0.2837,0.2864,592355.0
1759377600000,0.2864,0.2896,0.2847,0.2891,793252.0
1759381200000,0.2893,0.2903,0.286,0.2899,704732.0
1759384800000,0.2899,0.291,0.2876,0.2902,550463.0
1759388400000,0.2901,0.2949,0.2891,0.2941,509162.0
1759392000000,0.2941,0.2953,0.2914,0.2925,408961.0
1759395600000,0.2925,0.2931,0.2915,0.2919,202519.0
1759399200000,0.2917,0.2937,0.2896,0.2931,509590.0
1759402800000,0.2929,0.2971,0.292,0.2963,496175.0
1759406400000,0.2962,0.2982,0.2951,0.297,431975.0
1759410000000,0.2969,0.2991,0.2956,0.2975,674044.0
1759413600000,0.2973,0.2975,0.2933,0.2952,644554.0
1759417200000,0.2951,0.2969,0.2943,0.2958,384247.0
1759420800000,0.2958,0.2972,0.2942,0.2948,381269.0
1759424400000,0.2947,0.2956,0.2832,0.2953,3216850.0
1759428000000,0.2952,0.3003,0.2921,0.2959,900648.0
1759431600000,0.2959,0.2972,0.294,0.2965,368112.0
1759435200000,0.2965,0.2991,0.2955,0.2987,159746.0
1759438800000,0.2987,0.3018,0.2979,0.3007,267271.0
1759442400000,0.3007,0.3023,0.2988,0.2995,339773.0
1759446000000,0.2995,0.3015,0.2979,0.2984,489532.0
1759449600000,0.2986,0.3029,0.2985,0.3027,495937.0
1759453200000,0.3027,0.3029,0.2982,0.2994,457224.0
1759456800000,0.2994,0.2994,0.2944,0.2978,513489.0
1759460400000,0.2977,0.3026,0.2965,0.3009,384456.0
1759464000000,0.3009,0.3056,0.3009,0.305,473738.0
1759467600000,0.3053,0.3078,0.304,0.3074,382877.0
1759471200000,0.3074,0.3098,0.3026,0.3043,690253.0
1759474800000,0.3043,0.3048,0.2991,0.3013,496115.0
1759478400000,0.3013,0.3048,0.3013,0.3045,383809.0
1759482000000,0.3046,0.3103,0.3042,0.3094,444598.0
1759485600000,0.3094,0.31,0.3071,0.3075,315970.0
1759489200000,0.3074,0.3095,0.3049,0.3065,504625.0
1759492800000,0.3064,0.3252,0.3056,0.3237,2524493.0
1759496400000,0.3236,0.326,0.3178,0.3242,1669284.0
1759500000000,0.324,0.3288,0.3203,0.3246,1437594.0
1759503600000,0.3249,0.3342,0.3239,0.3303,1547164.0
1759507200000,0.3302,0.3381,0.3291,0.3297,1745668.0
1759510800000,0.3297,0.3352,0.3276,0.3309,1550206.0
1759514400000,0.3312,0.3408,0.3292,0.3376,1452364.0
1759518000000,0.3376,0.3382,0.3346,0.3356,1008885.0
1759521600000,0.3359,0.3379,0.3336,0.3353,529156.0
1759525200000,0.3353,0.3398,0.3347,0.3352,577468.0
1759528800000,0.3352,0.336,0.3326,0.3331,683409.0
1759532400000,0.3332,0.3339,0.328,0.3291,820812.0
1759536000000,0.3294,0.3306,0.3228,0.3231,881369.0
1759539600000,0.3231,0.3264,0.3223,0.323,593834.0
1759543200000,0.3232,0.3265,0.3213,0.3238,384489.0
1759546800000,0.3239,0.3261,0.3226,0.3255,360798.0
1759550400000,0.3253,0.3253,0.3161,0.3166,780732.0
1759554000000,0.3166,0.3209,0.3166,0.3194,298486.0
1759557600000,0.3195,0.3224,0.3188,0.3202,264812.0
1759561200000,0.3201,0.3231,0.3189,0.3221,452163.0
1759564800000,0.3221,0.3232,0.3199,0.3206,284381.0
1759568400000,0.3206,0.3274,0.3198,0.3242,466195.0
1759572000000,0.324,0.325,0.2956,0.2976,5712166.0
1759575600000,0.2978,0.2992,0.2914,0.295,1530116.0
1759579200000,0.295,0.2966,0.2901,0.2914,836667.0
1759582800000,0.2914,0.2947,0.2887,0.2889,1275355.0
1759586400000,0.289,0.2937,0.2877,0.2905,1562629.0
1759590000000,0.2905,0.2905,0.2844,0.2869,1597283.0
1759593600000,0.2872,0.2872,0.2831,0.2842,716169.0
1759597200000,0.2843,0.2877,0.2838,0.2855,570495.0
1759600800000,0.2855,0.2872,0.2847,0.2864,392292.0
1759604400000,0.2864,0.287,0.2832,0.2839,448758.0
1759608000000,0.2839,0.288,0.2839,0.2862,572722.0
1759611600000,0.286,0.2902,0.286,0.2894,552643.0
1759615200000,0.2894,0.2895,0.2849,0.2852,408936.0
1759618800000,0.2852,0.2874,0.284,0.2863,345656.0
1759622400000,0.2863,0.287,0.2782,0.2799,1158155.0
1759626000000,0.2799,0.283,0.2782,0.2825,748498.0
1759629600000,0.2823,0.2867,0.2813,0.2849,847803.0
1759633200000,0.2851,0.2862,0.2804,0.2808,611581.0
1759636800000,0.2808,0.2864,0.2803,0.2858,878354.0
1759640400000,0.2858,0.286,0.2799,0.2812,1096856.0
1759644000000,0.2811,0.2849,0.28,0.2838,1106588.0
1759647600000,0.2838,0.2838,0.2754,0.2781,1884706.0
1759651200000,0.278,0.2808,0.2775,0.2794,1404121.0
1759654800000,0.2794,0.2795,0.2732,0.2754,1901673.0
1759658400000,0.2756,0.2761,0.2682,0.2738,2587492.0
1759662000000,0.2737,0.2738,0.2664,0.2689,2372419.0
1759665600000,0.2687,0.2721,0.2665,0.2708,1276615.0
1759669200000,0.2708,0.273,0.2699,0.2703,578924.0
1759672800000,0.2703,0.272,0.2691,0.2709,964719.0
1759676400000,0.2708,0.2743,0.2693,0.2739,938782.0
1759680000000,0.2738,0.2751,0.2709,0.2739,1033618.0
1759683600000,0.2741,0.2907,0.2736,0.2883,2504295.0
1759687200000,0.2883,0.2901,0.2808,0.2884,1921675.0
1759690800000,0.2883,0.2937,0.285,0.2929,1001912.0
1759694400000,0.2931,0.2961,0.2915,0.2948,858837.0
1759698000000,0.2949,0.2966,0.2923,0.2928,505584.0
1759701600000,0.2931,0.2967,0.2915,0.2919,510520.0
1759705200000,0.2921,0.294,0.2898,0.2918,468630.0
1759708800000,0.2917,0.2944,0.2894,0.2929,848016.0
1759712400000,0.2931,0.2942,0.2881,0.2901,721268.0
1759716000000,0.2901,0.2925,0.2888,0.2914,488738.0
1759719600000,0.2914,0.293,0.2891,0.2906,449570.0
1759723200000,0.2905,0.2913,0.2894,0.291,262957.0
1759726800000,0.2911,0.2946,0.2894,0.2927,596211.0
1759730400000,0.2927,0.2943,0.2902,0.2905,510875.0
1759734000000,0.2905,0.2928,0.2905,0.2917,421554.0
1759737600000,0.2919,0.2941,0.2911,0.2939,479546.0
1759741200000,0.2939,0.2951,0.2921,0.2941,458241.0
1759744800000,0.2941,0.295,0.2905,0.2937,633338.0
1759748400000,0.2935,0.3078,0.2933,0.3068,1723979.0
1759752000000,0.3069,0.3224,0.3033,0.3118,4616553.0
1759755600000,0.3118,0.312,0.3012,0.3039,2134513.0
1759759200000,0.3038,0.3068,0.2982,0.3009,1373574.0
1759762800000,0.301,0.3096,0.2989,0.3064,1163069.0
1759766400000,0.3061,0.3066,0.3,0.3009,643162.0
1759770000000,0.3009,0.3033,0.2999,0.3013,438945.0
1759773600000,0.3012,0.3027,0.2912,0.2959,1479146.0
1759777200000,0.2958,0.2991,0.293,0.2946,534753.0
1759780800000,0.2947,0.2964,0.2936,0.2952,306868.0
1759784400000,0.2952,0.2953,0.2931,0.2948,172072.0
1759788000000,0.2948,0.2948,0.2916,0.2931,324713.0
1759791600000,0.2931,0.2942,0.2921,0.2926,268874.0
1759795200000,0.2926,0.2958,0.2887,0.2896,741754.0
1759798800000,0.2894,0.29218,0.2891,0.2903,344066.0
1759802400000,0.2902,0.2913,0.2883,0.2892,283416.0
1759806000000,0.2892,0.2914,0.2884,0.2912,225406.0
1759809600000,0.2913,0.2931,0.2882,0.2916,376439.0
1759813200000,0.2916,0.2923,0.2863,0.2872,576935.0
1759816800000,0.2872,0.2879,0.2862,0.2878,322481.0
1759820400000,0.2878,0.2898,0.2869,0.2888,476483.0
1759824000000,0.289,0.2928,0.2884,0.2915,394054.0
1759827600000,0.2916,0.2949,0.2908,0.2929,428552.0
1759831200000,0.2926,0.2932,0.2871,0.2886,826092.0
1759834800000,0.2886,0.2895,0.2851,0.288,648681.0
1759838400000,0.2883,0.2923,0.288,0.2905,446100.0
1759842000000,0.2904,0.2925,0.2777,0.2808,2619448.0
1759845600000,0.2808,0.2808,0.2671,0.2681,3002671.0
1759849200000,0.2681,0.272,0.2681,0.2709,937877.0
1759852800000,0.2707,0.2728,0.2671,0.2678,1060900.0
1759856400000,0.2678,0.2698,0.2675,0.2687,650646.0
1759860000000,0.2687,0.2689,0.2668,0.2671,419846.0
1759863600000,0.267,0.2673,0.2603,0.2607,1256702.0
1759867200000,0.2608,0.2619,0.2577,0.2591,743334.0
1759870800000,0.2589,0.2629,0.2589,0.2609,511848.0
1759874400000,0.2611,0.2614,0.2593,0.2601,311809.0
1759878000000,0.2601,0.2601,0.2573,0.2595,558488.0
1759881600000,0.2595,0.2605,0.2557,0.2583,784088.0
1759885200000,0.2583,0.2588,0.256,0.2561,529782.0
1759888800000,0.256,0.2562,0.2518,0.2534,1231011.0
1759892400000,0.2532,0.2543,0.2501,0.2512,886710.0
1759896000000,0.2513,0.257,0.2503,0.2545,1123235.0
1759899600000,0.2545,0.2564,0.2534,0.2549,723695.0
1759903200000,0.2549,0.2553,0.2517,0.2539,720950.0
1759906800000,0.2539,0.2539,0.2521,0.2533,391395.0
1759910400000,0.2533,0.257,0.2526,0.2543,929751.0
1759914000000,0.2545,0.2551,0.2523,0.2535,655769.0
1759917600000,0.2536,0.2546,0.2524,0.2535,266636.0
1759921200000,0.2535,0.2543,0.2503,0.2517,458460.0
1759924800000,0.2519,0.2522,0.2474,0.2486,2323529.0
1759928400000,0.2487,0.251,0.2464,0.2509,1031201.0
1759932000000,0.2507,0.2523,0.2451,0.2453,1333509.0
1759935600000,0.2453,0.2465,0.2412,0.2427,1095460.0
1759939200000,0.2427,0.2443,0.2403,0.2435,941943.0
1759942800000,0.2437,0.2447,0.2411,0.2416,1077877.0
1759946400000,0.2416,0.2443,0.2409,0.241,1242195.0
1759950000000,0.241,0.2413,0.2365,0.2407,1453178.0
1759953600000,0.2405,0.2429,0.2403,0.2418,595694.0
1759957200000,0.2417,0.2536,0.2413,0.2512,1537417.0
1759960800000,0.2513,0.2522,0.2459,0.2472,1044962.0
1759964400000,0.2471,0.2472,0.2443,0.2457,494147.0
1759968000000,0.2455,0.2472,0.2451,0.2466,427541.0
1759971600000,0.2466,0.2516,0.2448,0.2499,895847.0
1759975200000,0.2499,0.2506,0.239,0.2408,1448561.0
1759978800000,0.2408,0.2456,0.2408,0.2442,517914.0
1759982400000,0.2442,0.254,0.2433,0.2504,1369001.0
1759986000000,0.2503,0.2521,0.2493,0.2518,645473.0
1759989600000,0.2516,0.2528,0.2442,0.2464,778983.0
1759993200000,0.2462,0.2504,0.2447,0.2488,559884.0
1759996800000,0.2485,0.2503,0.2458,0.2464,1184444.0
1760000400000,0.2464,0.2551,0.2461,0.2539,807579.0
1760004000000,0.2541,0.2604,0.2518,0.2586,1768361.0
1760007600000,0.2586,0.2591,0.2541,0.2556,976197.0
1760011200000,0.2555,0.2589,0.2551,0.2553,533040.0
1760014800000,0.2554,0.2566,0.2507,0.2513,856397.0
1760018400000,0.2514,0.2566,0.2507,0.2559,753223.0
1760022000000,0.2559,0.2603,0.2547,0.2573,1358421.0
1760025600000,0.2574,0.2603,0.2509,0.2528,1512182.0
1760029200000,0.2527,0.2547,0.2521,0.2541,584132.0
1760032800000,0.2542,0.2553,0.2473,0.249,823222.0
1760036400000,0.2488,0.2515,0.2485,0.2505,338638.0
1760040000000,0.2503,0.2517,0.2461,0.2481,671611.0
1760043600000,0.2482,0.2494,0.2467,0.2488,215664.0
1760047200000,0.2487,0.2501,0.248,0.25,158428.0
1760050800000,0.2501,0.2501,0.2475,0.2477,179883.0
1760054400000,0.2475,0.2498,0.2474,0.2484,243350.0
1760058000000,0.2484,0.2493,0.2467,0.2471,275559.0
1760061600000,0.247,0.2477,0.2453,0.2476,228679.0
1760065200000,0.2475,0.2501,0.2465,0.2478,314857.0
1760068800000,0.2479,0.2487,0.2427,0.2432,566531.0
1760072400000,0.2433,0.247,0.2432,0.2467,362370.0
1760076000000,0.2467,0.2469,0.2437,0.244,296963.0
1760079600000,0.2439,0.2442,0.2237,0.2259,4323948.0
1760083200000,0.2259,0.2281,0.22,0.2225,2970136.0
1760086800000,0.2226,0.2234,0.2187,0.2196,1328555.0
1760090400000,0.2198,0.2257,0.2195,0.2241,1149919.0
1760094000000,0.2238,0.2258,0.2232,0.2243,1054707.0
1760097600000,0.2242,0.227,0.2238,0.2244,629395.0
1760101200000,0.2244,0.2262,0.2212,0.2216,866567.0
1760104800000,0.2214,0.2226,0.2191,0.2207,717246.0
1760108400000,0.2205,0.2224,0.2142,0.2152,3119981.0
1760112000000,0.2155,0.2182,0.2134,0.214,1568596.0
1760115600000,0.2141,0.2163,0.211,0.2117,1303662.0
1760119200000,0.2117,0.213,0.206,0.2074,2084210.0
1760122800000,0.2075,0.2098,0.2052,0.209,2442464.0
1760126400000,0.209,0.2115,0.1961,0.1968,2859769.0
1760130000000,0.1979,0.2066,0.0697,0.1866,21504092.0
1760133600000,0.1877,0.1948,0.1512,0.167,20006283.0
1760137200000,0.1671,0.1788,0.1643,0.1664,3997898.0
1760140800000,0.1664,0.169,0.1594,0.1603,2817087.0
1760144400000,0.1604,0.1626,0.157,0.1584,2254131.0
1760148000000,0.1584,0.171,0.1584,0.1704,2455327.0
1760151600000,0.1705,0.1873,0.168,0.1806,5552660.0
1760155200000,0.1804,0.1832,0.177,0.1822,1848393.0
1760158800000,0.1825,0.1837,0.1802,0.181,1117752.0
1760162400000,0.1812,0.1812,0.1716,0.175,1680955.0
1760166000000,0.175,0.1801,0.175,0.1759,1746646.0
1760169600000,0.1759,0.1822,0.1658,0.1814,4949483.0
1760173200000,0.1814,0.184,0.1786,0.1791,1237202.0
1760176800000,0.1791,0.1822,0.1779,0.182,892336.0
1760180400000,0.1818,0.1821,0.1755,0.1779,837967.0
1760184000000,0.1779,0.1802,0.1775,0.1797,749146.0
1760187600000,0.1797,0.1844,0.1795,0.184,1335011.0
1760191200000,0.184,0.1861,0.1829,0.1851,1004781.0
1760194800000,0.1851,0.1886,0.1838,0.1876,808112.0
1760198400000,0.1876,0.1881,0.1834,0.1846,608393.0
1760202000000,0.185,0.1865,0.1842,0.1861,350019.0
1760205600000,0.1861,0.1863,0.1762,0.1771,2076947.0
1760209200000,0.1771,0.1794,0.1732,0.174,1583529.0
1760212800000,0.174,0.1761,0.1689,0.1691,1644760.0
1760216400000,0.1692,0.1817,0.1671,0.1764,3701899.0
1760220000000,0.1764,0.1796,0.1728,0.1769,1721981.0
1760223600000,0.1768,0.1771,0.1731,0.1745,969183.0
1760227200000,0.1745,0.18,0.1745,0.177,1611965.0
1760230800000,0.177,0.1773,0.1721,0.1727,1581848.0
1760234400000,0.1727,0.1752,0.1688,0.1722,1456677.0
1760238000000,0.1724,0.1741,0.1701,0.1701,824222.0
1760241600000,0.1701,0.177,0.1698,0.1738,1977054.0
1760245200000,0.1741,0.1753,0.1717,0.1729,624215.0
1760248800000,0.1729,0.1745,0.1726,0.1733,630854.0
1760252400000,0.1734,0.1747,0.1695,0.1716,597537.0
1760256000000,0.1715,0.1726,0.1708,0.1713,604088.0
1760259600000,0.1713,0.173,0.166,0.1725,1578320.0
1760263200000,0.1727,0.1755,0.171,0.1719,1765805.0
1760266800000,0.1719,0.173,0.1704,0.1721,891954.0
1760270400000,0.1723,0.176,0.172,0.1749,1470863.0
1760274000000,0.175,0.1772,0.1721,0.1725,1773080.0
1760277600000,0.1725,0.1765,0.1709,0.1734,1610066.0
1760281200000,0.1734,0.1758,0.1721,0.1743,3013297.0
1760284800000,0.1743,0.1782,0.1721,0.1733,3240549.0
1760288400000,0.1733,0.1745,0.1684,0.1726,3468226.0
1760292000000,0.1727,0.1758,0.1721,0.1746,1439739.0
1760295600000,0.1748,0.1751,0.173,0.1743,659267.0
1760299200000,0.1743,0.1753,0.1734,0.1736,774061.0
1760302800000,0.1736,0.1747,0.1704,0.1725,1245343.0
1760306400000,0.1725,0.1733,0.1683,0.169,1595701.0
1760310000000,0.1692,0.171,0.167,0.1692,1687505.0
1760313600000,0.1692,0.1799,0.1681,0.1776,4822893.0
1760317200000,0.1776,0.1801,0.1745,0.1786,3410995.0
1760320800000,0.1788,0.1788,0.1709,0.1731,3199396.0
1760324400000,0.1731,0.2298,0.1726,0.1938,36570728.0
1760328000000,0.1937,0.2105,0.1913,0.2094,8122513.0
1760331600000,0.2095,0.2202,0.2014,0.2028,9188838.0
1760335200000,0.2028,0.26,0.2028,0.2501,18808651.0
1760338800000,0.2503,0.2588,0.2086,0.2277,23874065.0
1760342400000,0.2279,0.2355,0.2161,0.2323,7581768.0
1760346000000,0.2325,0.2494,0.2281,0.2428,8150459.0
1760349600000,0.2426,0.2494,0.2123,0.223,11282596.0
1760353200000,0.2231,0.2328,0.2168,0.2182,7868167.0
1760356800000,0.2182,0.2254,0.214,0.2155,4664509.0
1760360400000,0.2156,0.2214,0.2109,0.2206,5197132.0
1760364000000,0.2206,0.2214,0.2133,0.2148,3347237.0
1760367600000,0.2148,0.2175,0.2063,0.2097,3778524.0
1760371200000,0.2098,0.2152,0.2079,0.2115,3250747.0
1760374800000,0.2114,0.2155,0.2083,0.2143,2317738.0
1760378400000,0.2142,0.2142,0.2092,0.2106,1454779.0
1760382000000,0.2106,0.2117,0.2083,0.2103,899306.0
1760385600000,0.2103,0.2143,0.2093,0.2127,1052802.0
1760389200000,0.2125,0.2126,0.2076,0.2097,618447.0
1760392800000,0.2099,0.2141,0.2096,0.2137,926586.0
1760396400000,0.2137,0.2167,0.2105,0.2161,2274329.0
1760400000000,0.2162,0.2162,0.2105,0.2118,2129597.0
1760403600000,0.2116,0.2137,0.2096,0.2105,749718.0
1760407200000,0.2105,0.2117,0.2027,0.2066,2063375.0
1760410800000,0.2066,0.2078,0.2035,0.2063,1470083.0
1760414400000,0.2061,0.2075,0.2019,0.2027,1454329.0
1760418000000,0.2026,0.2045,0.1907,0.1931,7368943.0
1760421600000,0.1929,0.1965,0.189,0.1927,3776404.0
1760425200000,0.1926,0.1952,0.1902,0.1915,2260314.0
1760428800000,0.1915,0.1922,0.1885,0.1893,1253809.0
1760432400000,0.1893,0.1913,0.1865,0.1891,2020467.0
1760436000000,0.1891,0.1898,0.1837,0.1858,2195115.0
1760439600000,0.1858,0.189,0.1855,0.1867,1174021.0
1760443200000,0.1868,0.1884,0.1834,0.1844,1184068.0
1760446800000,0.1844,0.1905,0.1844,0.1896,1648816.0
1760450400000,0.1896,0.1916,0.1877,0.1879,989902.0
1760454000000,0.1879,0.1942,0.187,0.1934,1507872.0
1760457600000,0.1933,0.2167,0.1919,0.2131,10232485.0
1760461200000,0.213,0.2132,0.2029,0.2045,3361385.0
1760464800000,0.2044,0.2058,0.2026,0.2035,640213.0
1760468400000,0.2035,0.2087,0.2023,0.2042,1160394.0
1760472000000,0.2043,0.2065,0.2035,0.2056,586060.0
1760475600000,0.2056,0.2066,0.2014,0.2035,918267.0
1760479200000,0.2035,0.2051,0.2021,0.203,270520.0
1760482800000,0.203,0.2044,0.2008,0.2011,631983.0
1760486400000,0.2012,0.2094,0.201,0.2078,1427239.0
1760490000000,0.2078,0.208,0.1921,0.1966,5779324.0
1760493600000,0.1968,0.2017,0.1966,0.1985,1581996.0
1760497200000,0.1986,0.2001,0.1952,0.1971,1615374.0
1760500800000,0.197,0.2002,0.196,0.1999,770748.0
1760504400000,0.2001,0.2008,0.197,0.1977,688130.0
1760508000000,0.1976,0.1985,0.1946,0.1971,552056.0
1760511600000,0.1972,0.1973,0.1953,0.1967,658547.0
1760515200000,0.1965,0.1998,0.1953,0.1967,1190970.0
1760518800000,0.1965,0.1982,0.1938,0.1951,1003687.0
1760522400000,0.195,0.1952,0.1923,0.1935,737846.0
1760526000000,0.1935,0.1957,0.1928,0.1939,676526.0
1760529600000,0.1939,0.1954,0.192,0.1931,684298.0
1760533200000,0.193,0.1949,0.1909,0.1934,1053278.0
1760536800000,0.1935,0.195,0.1877,0.1908,1432411.0
1760540400000,0.1907,0.1916,0.1888,0.1899,768186.0
1760544000000,0.1899,0.1923,0.1888,0.1906,1231850.0
1760547600000,0.1905,0.191,0.1881,0.1893,1269025.0
1760551200000,0.1893,0.19,0.1878,0.1889,624302.0
1760554800000,0.1888,0.1888,0.1836,0.1849,1575543.0
1760558400000,0.185,0.1865,0.1803,0.1832,1376216.0
1760562000000,0.1832,0.1846,0.1817,0.1829,601400.0
1760565600000,0.1829,0.1844,0.1815,0.1821,649168.0
1760569200000,0.182,0.1835,0.1816,0.1826,325200.0
1760572800000,0.1826,0.1849,0.1808,0.1816,1053425.0
1760576400000,0.1815,0.1861,0.1813,0.1853,524443.0
1760580000000,0.1853,0.1859,0.1837,0.1854,562353.0
1760583600000,0.1856,0.1867,0.184,0.1849,375681.0
1760587200000,0.1849,0.187,0.1838,0.1851,545283.0
1760590800000,0.185,0.1855,0.1815,0.1836,1144464.0
1760594400000,0.1835,0.1865,0.1834,0.1856,853713.0
1760598000000,0.1855,0.1864,0.1837,0.1858,502755.0
1760601600000,0.1857,0.1865,0.1833,0.1843,468768.0
1760605200000,0.1843,0.1868,0.1768,0.1854,2128292.0
1760608800000,0.1853,0.1882,0.1851,0.1861,1046394.0
1760612400000,0.186,0.1876,0.1839,0.1859,539832.0
1760616000000,0.1857,0.1867,0.1843,0.185,546052.0
1760619600000,0.185,0.1851,0.1811,0.1818,1010900.0
1760623200000,0.1816,0.1841,0.1784,0.1822,1830441.0
1760626800000,0.1822,0.1823,0.1752,0.1768,1884752.0
1760630400000,0.1767,0.1805,0.1735,0.1804,1755648.0
1760634000000,0.1803,0.1805,0.1772,0.1775,579796.0
1760637600000,0.1775,0.1775,0.1739,0.1763,879926.0
1760641200000,0.1761,0.1763,0.1727,0.1742,517955.0
1760644800000,0.1743,0.175,0.1721,0.1733,521472.0
1760648400000,0.1734,0.175,0.1734,0.1748,215292.0
1760652000000,0.1747,0.175,0.173,0.1737,263947.0
1760655600000,0.1735,0.1749,0.1731,0.1746,232433.0
1760659200000,0.1748,0.1769,0.1744,0.1765,460291.0
1760662800000,0.1765,0.1796,0.1758,0.1795,626196.0
1760666400000,0.1795,0.1807,0.1785,0.1794,931652.0
1760670000000,0.1795,0.1805,0.1793,0.1802,341626.0
1760673600000,0.1804,0.1814,0.1788,0.179,368421.0
1760677200000,0.1789,0.1805,0.1789,0.179,233521.0
1760680800000,0.1792,0.1802,0.1722,0.1727,1029207.0
1760684400000,0.1729,0.1743,0.1699,0.1705,1485950.0
1760688000000,0.1706,0.1709,0.166,0.1688,1240151.0
1760691600000,0.1686,0.1724,0.1686,0.1699,558021.0
1760695200000,0.1698,0.1714,0.1682,0.17,634047.0
1760698800000,0.1701,0.1757,0.1696,0.1744,832589.0
1760702400000,0.1742,0.1742,0.17,0.17,811348.0
1760706000000,0.1702,0.1731,0.1698,0.1724,902422.0
1760709600000,0.1723,0.1724,0.1684,0.1685,1080088.0
1760713200000,0.1685,0.1691,0.1661,0.168,905641.0
1760716800000,0.1681,0.1722,0.1681,0.169,724299.0
1760720400000,0.1691,0.1711,0.1683,0.1709,628371.0
1760724000000,0.171,0.1718,0.1697,0.17,259234.0
1760727600000,0.1701,0.171,0.1695,0.1707,180511.0
1760731200000,0.1706,0.1708,0.1693,0.1693,270210.0
1760734800000,0.1693,0.171,0.1693,0.1704,135120.0
1760738400000,0.1704,0.1705,0.1689,0.1693,150212.0
1760742000000,0.1692,0.1695,0.1683,0.1689,259248.0
1760745600000,0.169,0.1712,0.1682,0.1712,183153.0
1760749200000,0.1711,0.1736,0.1708,0.1733,492751.0
1760752800000,0.1735,0.1735,0.1709,0.1715,222331.0
1760756400000,0.1715,0.1755,0.1712,0.1739,658120.0
1760760000000,0.1739,0.1742,0.1723,0.1727,185335.0
1760763600000,0.1729,0.1737,0.1719,0.1736,232141.0
1760767200000,0.1737,0.1748,0.1727,0.1747,205538.0
1760770800000,0.1747,0.2035,0.1747,0.1895,11318192.0
1760774400000,0.1897,0.1897,0.1794,0.1804,3093906.0
1760778000000,0.1805,0.1809,0.1787,0.1807,526549.0
1760781600000,0.1807,0.1825,0.1786,0.1808,669245.0
1760785200000,0.1808,0.181,0.1784,0.179,388954.0
1760788800000,0.1791,0.1799,0.1772,0.1775,516508.0
1760792400000,0.1775,0.1777,0.1746,0.1752,914756.0
1760796000000,0.1751,0.1755,0.1715,0.174,986435.0
1760799600000,0.174,0.1741,0.172,0.1731,185007.0
1760803200000,0.1731,0.1735,0.1698,0.1722,654619.0
1760806800000,0.1722,0.1733,0.1709,0.1729,345064.0
1760810400000,0.1728,0.1734,0.1686,0.1704,1141380.0
1760814000000,0.1704,0.1726,0.1704,0.1715,448006.0
1760817600000,0.1716,0.1731,0.1708,0.1719,282021.0
1760821200000,0.1719,0.1728,0.1713,0.1726,167661.0
1760824800000,0.1726,0.1731,0.1712,0.1722,159444.0
1760828400000,0.172,0.1728,0.1714,0.1717,152265.0
1760832000000,0.1717,0.1727,0.1696,0.17,300705.0
1760835600000,0.17,0.1705,0.169,0.1699,301121.0
1760839200000,0.17,0.1714,0.1698,0.1706,236134.0
1760842800000,0.1705,0.1727,0.17,0.1723,139620.0
1760846400000,0.1722,0.1728,0.1712,0.1714,172393.0
1760850000000,0.1712,0.1727,0.17,0.1704,168072.0
1760853600000,0.1705,0.1706,0.1689,0.1695,195835.0
1760857200000,0.1696,0.1703,0.1691,0.1695,252938.0
1760860800000,0.1694,0.1713,0.168,0.1687,754035.0
1760864400000,0.1687,0.1688,0.1624,0.1666,2021692.0
1760868000000,0.1666,0.1694,0.166,0.1676,631705.0
1760871600000,0.1676,0.1686,0.1661,0.1663,271961.0
1760875200000,0.1663,0.1688,0.1663,0.1685,542271.0
1760878800000,0.1684,0.1688,0.1666,0.1685,394747.0
1760882400000,0.1686,0.1699,0.1678,0.1688,612229.0
1760886000000,0.1686,0.1686,0.1663,0.1671,504545.0
1760889600000,0.1669,0.1711,0.1655,0.1671,1495113.0
1760893200000,0.167,0.1743,0.167,0.1733,2140373.0
1760896800000,0.1732,0.1794,0.1728,0.1786,882094.0
1760900400000,0.1786,0.1795,0.1679,0.1707,3581488.0
1760904000000,0.1709,0.172,0.17,0.1714,317513.0
1760907600000,0.1714,0.1727,0.1693,0.1697,528128.0
1760911200000,0.17,0.1724,0.1698,0.1713,352639.0
1760914800000,0.1713,0.1718,0.1697,0.1699,370465.0
1760918400000,0.1698,0.1705,0.1672,0.1683,751214.0
1760922000000,0.1683,0.1694,0.1678,0.1683,436657.0
1760925600000,0.1682,0.1684,0.1667,0.168,442635.0
1760929200000,0.1679,0.1729,0.167,0.172,294260.0
1760932800000,0.1721,0.1738,0.17,0.1709,870987.0
1760936400000,0.1709,0.1713,0.1687,0.1695,705349.0
1760940000000,0.1696,0.1801,0.1696,0.1725,4690592.0
1760943600000,0.1725,0.1725,0.1679,0.1691,1058155.0
1760947200000,0.1691,0.1692,0.1637,0.1645,1655609.0
1760950800000,0.1645,0.1662,0.16,0.1624,2423715.0
1760954400000,0.1622,0.1651,0.161,0.1622,1858172.0
1760958000000,0.1622,0.1624,0.1602,0.1612,904038.0
1760961600000,0.1611,0.162,0.1602,0.1606,611177.0
1760965200000,0.1608,0.1615,0.1591,0.1602,844811.0
1760968800000,0.1604,0.1607,0.1562,0.1585,1720126.0
1760972400000,0.1585,0.159,0.1575,0.1575,683276.0
1760976000000,0.1575,0.1578,0.1546,0.157,1363732.0
1760979600000,0.1568,0.1574,0.1549,0.1554,624511.0
1760983200000,0.1554,0.1557,0.1533,0.155,837733.0
1760986800000,0.1552,0.1582,0.1542,0.1576,555710.0
1760990400000,0.1575,0.1593,0.1562,0.1585,854399.0
1760994000000,0.1586,0.1614,0.1579,0.159,811628.0
1760997600000,0.1589,0.159,0.1571,0.1583,522881.0
1761001200000,0.1582,0.1584,0.1567,0.1572,278118.0
1761004800000,0.1571,0.1626,0.1567,0.1613,931090.0
1761008400000,0.1613,0.1622,0.159,0.1604,698572.0
1761012000000,0.1604,0.1617,0.1581,0.1597,772764.0
1761015600000,0.1599,0.1615,0.1595,0.1608,419398.0
1761019200000,0.1608,0.1614,0.1589,0.1594,988861.0
1761022800000,0.1592,0.1608,0.1582,0.1588,672595.0
1761026400000,0.1589,0.1602,0.1584,0.1587,436474.0
1761030000000,0.1587,0.1613,0.1586,0.1611,461883.0
1761033600000,0.1611,0.1625,0.1573,0.158,1124743.0
1761037200000,0.158,0.161,0.1573,0.1587,1055281.0
1761040800000,0.1587,0.1596,0.1574,0.1588,724389.0
1761044400000,0.1588,0.1592,0.1572,0.159,526672.0
1761048000000,0.159,0.1625,0.1585,0.1601,1337166.0
1761051600000,0.1601,0.1611,0.1588,0.1593,445244.0
1761055200000,0.1593,0.1635,0.1589,0.1631,1021066.0
1761058800000,0.1631,0.1636,0.1617,0.1621,832125.0
1761062400000,0.1622,0.163,0.1592,0.1598,861952.0
1761066000000,0.1599,0.161,0.1557,0.156,1284969.0
1761069600000,0.156,0.1574,0.1535,0.1552,1022785.0
1761073200000,0.1554,0.1555,0.1531,0.1537,538863.0
1761076800000,0.1537,0.154,0.151,0.1521,946480.0
1761080400000,0.152,0.1527,0.1494,0.1518,782483.0
1761084000000,0.1517,0.1517,0.1475,0.1487,1253112.0
1761087600000,0.1488,0.1499,0.1466,0.1487,1203683.0
1761091200000,0.1486,0.1609,0.1483,0.1567,3130713.0
1761094800000,0.1566,0.1571,0.1531,0.1543,1765311.0
1761098400000,0.1544,0.1547,0.1526,0.1534,515022.0
1761102000000,0.1535,0.1537,0.1491,0.1518,2109767.0
1761105600000,0.1518,0.1525,0.1508,0.1519,428317.0
1761109200000,0.1518,0.1521,0.1491,0.1509,354708.0
1761112800000,0.151,0.1517,0.1497,0.1507,518925.0
1761116400000,0.1507,0.1518,0.1502,0.1515,409031.0
1761120000000,0.1515,0.153,0.1509,0.1522,385382.0
1761123600000,0.1521,0.1535,0.1516,0.1529,562046.0
1761127200000,0.1529,0.155,0.1529,0.1536,461407.0
1761130800000,0.1534,0.1565,0.1522,0.1542,1198420.0
1761134400000,0.1542,0.1573,0.1534,0.1538,3165691.0
1761138000000,0.1535,0.1554,0.1535,0.1552,537270.0
1761141600000,0.1552,0.1573,0.1544,0.1573,1080991.0
1761145200000,0.1575,0.1609,0.1567,0.1604,1191397.0
1761148800000,0.1605,0.1621,0.1588,0.1607,840031.0
1761152400000,0.1606,0.1616,0.1582,0.1593,539104.0
1761156000000,0.1591,0.16,0.158,0.1585,334724.0
1761159600000,0.1586,0.1615,0.1584,0.1596,431508.0
1761163200000,0.1596,0.1605,0.1546,0.1552,1117480.0
1761166800000,0.1552,0.1554,0.1516,0.1519,1353884.0
1761170400000,0.152,0.1539,0.152,0.153,509508.0
1761174000000,0.153,0.1554,0.1529,0.1552,312123.0
1761177600000,0.1552,0.1554,0.1525,0.154,517897.0
1761181200000,0.1538,0.1554,0.1523,0.1531,433791.0
1761184800000,0.1533,0.1556,0.1532,0.1537,472187.0
1761188400000,0.1537,0.1545,0.1525,0.1538,474768.0
1761192000000,0.1538,0.1541,0.1519,0.1521,280927.0
1761195600000,0.152,0.1532,0.1512,0.1527,663249.0
1761199200000,0.1529,0.1548,0.1524,0.1547,312294.0
1761202800000,0.1548,0.1555,0.1522,0.1533,2179651.0
1761206400000,0.1532,0.1544,0.1532,0.1537,316927.0
1761210000000,0.1537,0.1562,0.1536,0.1551,777826.0
1761213600000,0.155,0.157,0.1535,0.1557,1771321.0
1761217200000,0.1558,0.1667,0.1558,0.1632,2335255.0
1761220800000,0.1633,0.1644,0.1605,0.1622,1268692.0
1761224400000,0.1622,0.1667,0.1609,0.1634,1100256.0
1761228000000,0.1633,0.1655,0.1614,0.1643,978001.0
1761231600000,0.1644,0.1711,0.1633,0.1659,2648045.0
1761235200000,0.1659,0.1793,0.1656,0.1738,5955944.0
1761238800000,0.1739,0.18,0.1727,0.178,3311482.0
1761242400000,0.1783,0.1783,0.1691,0.1702,1676145.0
1761246000000,0.1703,0.1748,0.1695,0.1725,816854.0
1761249600000,0.1723,0.1727,0.1701,0.1706,468073.0
1761253200000,0.1706,0.1733,0.1675,0.168,1833612.0
1761256800000,0.1681,0.1703,0.1675,0.1681,551214.0
1761260400000,0.1681,0.1704,0.168,0.1697,308223.0
1761264000000,0.1695,0.1701,0.1621,0.1663,1995995.0
1761267600000,0.1663,0.171,0.1654,0.1685,1020777.0
1761271200000,0.1684,0.1715,0.1677,0.1701,529215.0
1761274800000,0.1701,0.1718,0.1684,0.1711,573655.0
1761278400000,0.1712,0.1729,0.1709,0.1717,709937.0
1761282000000,0.1717,0.1762,0.1705,0.1719,1664485.0
1761285600000,0.1718,0.172,0.1696,0.1703,440890.0
1761289200000,0.1702,0.1705,0.1682,0.1687,426719.0
1761292800000,0.1687,0.1712,0.1649,0.1676,1853044.0
1761296400000,0.1676,0.1696,0.1667,0.1671,513600.0
1761300000000,0.1672,0.1681,0.1637,0.165,1596831.0
1761303600000,0.165,0.1672,0.1649,0.1662,611772.0
1761307200000,0.1663,0.1708,0.166,0.1669,776297.0
1761310800000,0.1669,0.1676,0.1652,0.1661,619947.0
1761314400000,0.1661,0.1668,0.1598,0.1615,2503421.0
1761318000000,0.1613,0.1624,0.1521,0.1545,3730561.0
1761321600000,0.1545,0.1574,0.154,0.1573,1004413.0
1761325200000,0.1572,0.1588,0.1563,0.1581,721584.0
1761328800000,0.1581,0.1592,0.1575,0.1586,475858.0
1761332400000,0.1585,0.1618,0.1583,0.1602,1613997.0
1761336000000,0.16,0.1618,0.1591,0.1609,355458.0
1761339600000,0.1609,0.1644,0.1608,0.163,1094878.0
1761343200000,0.163,0.1639,0.1618,0.1629,451850.0
1761346800000,0.163,0.1658,0.1623,0.1641,790689.0
1761350400000,0.164,0.1679,0.1638,0.1674,1004742.0
1761354000000,0.1673,0.1743,0.1666,0.1724,1869626.0
1761357600000,0.1723,0.1725,0.168,0.1695,817765.0
1761361200000,0.1692,0.1702,0.1687,0.1698,553042.0
1761364800000,0.1696,0.1717,0.1686,0.1715,489996.0
1761368400000,0.1715,0.1725,0.1686,0.1694,587521.0
1761372000000,0.1696,0.1713,0.1685,0.171,277269.0
1761375600000,0.1712,0.172,0.1696,0.17,310677.0
1761379200000,0.17,0.1703,0.1689,0.1699,172719.0
1761382800000,0.1699,0.1703,0.1689,0.1692,223790.0
1761386400000,0.1693,0.1701,0.1679,0.1692,457121.0
1761390000000,0.169,0.1704,0.168,0.1684,325683.0
1761393600000,0.1683,0.1695,0.1681,0.1687,124295.0
1761397200000,0.1687,0.1696,0.1683,0.1689,140892.0
1761400800000,0.1687,0.1691,0.168,0.1682,214893.0
1761404400000,0.1682,0.1682,0.1669,0.1673,415368.0
1761408000000,0.1673,0.171,0.1669,0.1687,1306709.0
1761411600000,0.1687,0.17,0.168,0.1686,219268.0
1761415200000,0.1684,0.1689,0.1677,0.1684,184558.0
1761418800000,0.1684,0.169,0.1674,0.1686,392197.0
1761422400000,0.1685,0.1689,0.1676,0.1677,218927.0
1761426000000,0.1676,0.1689,0.1675,0.1685,167585.0
1761429600000,0.1685,0.1697,0.1676,0.1694,194706.0
1761433200000,0.1694,0.1696,0.1683,0.1693,218001.0
1761436800000,0.1694,0.1694,0.1672,0.1677,255166.0
1761440400000,0.1678,0.1686,0.1672,0.1679,244521.0
1761444000000,0.1677,0.1715,0.167,0.1692,760422.0
1761447600000,0.1691,0.17,0.168,0.1691,385941.0
1761451200000,0.169,0.1725,0.1681,0.1721,1066228.0
1761454800000,0.1723,0.1749,0.1716,0.1731,830427.0
1761458400000,0.1731,0.1751,0.1728,0.1744,372936.0
1761462000000,0.1744,0.1757,0.1717,0.1724,872761.0
1761465600000,0.1723,0.1742,0.171,0.1719,591437.0
1761469200000,0.1719,0.1735,0.1716,0.1728,139025.0
1761472800000,0.1728,0.173,0.1717,0.172,226635.0
1761476400000,0.1718,0.1742,0.1716,0.1737,380042.0
1761480000000,0.1737,0.1748,0.1724,0.1731,490369.0
1761483600000,0.1731,0.1741,0.173,0.173,251448.0
1761487200000,0.1732,0.1739,0.1729,0.1734,117446.0
1761490800000,0.1733,0.1768,0.1729,0.1762,335520.0
1761494400000,0.1764,0.1765,0.1737,0.1742,342062.0
1761498000000,0.1744,0.1817,0.1738,0.1802,951365.0
1761501600000,0.1804,0.1843,0.1796,0.1818,1172285.0
1761505200000,0.1817,0.1823,0.1799,0.1817,338136.0
1761508800000,0.1818,0.1921,0.1817,0.1903,4921829.0
1761512400000,0.1903,0.193,0.1849,0.1899,3073158.0
1761516000000,0.1901,0.1914,0.1878,0.1902,1042033.0
1761519600000,0.1903,0.1914,0.1852,0.187,1126263.0
1761523200000,0.1869,0.19,0.1854,0.1883,1372887.0
1761526800000,0.1879,0.1891,0.1866,0.1886,423913.0
1761530400000,0.1883,0.1892,0.1836,0.1875,800695.0
1761534000000,0.1878,0.1898,0.1867,0.1886,560881.0
1761537600000,0.1887,0.1889,0.1858,0.1867,445262.0
1761541200000,0.1864,0.1903,0.1859,0.1859,595259.0
1761544800000,0.1858,0.1872,0.1812,0.1849,1557330.0
1761548400000,0.1849,0.1917,0.1844,0.1914,775169.0
1761552000000,0.1913,0.1949,0.1824,0.1859,2478925.0
1761555600000,0.1858,0.1898,0.1833,0.185,1212278.0
1761559200000,0.1852,0.1853,0.1805,0.183,1060814.0
1761562800000,0.183,0.1839,0.1804,0.1828,525764.0
1761566400000,0.1827,0.1829,0.1783,0.1794,611335.0
1761570000000,0.1795,0.1807,0.177,0.18,651215.0
1761573600000,0.1798,0.1819,0.1784,0.1788,744638.0
1761577200000,0.1786,0.1798,0.1773,0.1786,579414.0
1761580800000,0.1789,0.1855,0.1778,0.1845,2095297.0
1761584400000,0.1845,0.1998,0.1844,0.1909,4339782.0
1761588000000,0.1909,0.1938,0.187,0.1881,1646613.0
1761591600000,0.1881,0.1909,0.1868,0.1893,649815.0
1761595200000,0.189,0.19,0.186,0.187,785794.0
1761598800000,0.1866,0.1902,0.1865,0.1898,349671.0
1761602400000,0.1897,0.1915,0.1868,0.1883,434410.0
1761606000000,0.1882,0.1907,0.1872,0.1904,411487.0
1761609600000,0.1903,0.194,0.1886,0.1905,1269811.0
1761613200000,0.1905,0.1959,0.1905,0.1954,1139952.0
1761616800000,0.1955,0.1958,0.1883,0.1907,1155386.0
1761620400000,0.1906,0.1947,0.189,0.1945,663781.0
1761624000000,0.1944,0.1954,0.1917,0.1934,549096.0
1761627600000,0.1934,0.1989,0.1932,0.1948,1373924.0
1761631200000,0.1949,0.1954,0.1878,0.1928,1994296.0
1761634800000,0.1927,0.1954,0.1916,0.1919,587497.0
1761638400000,0.1921,0.1978,0.191,0.197,713076.0
1761642000000,0.1968,0.198,0.1947,0.1973,536743.0
1761645600000,0.1971,0.2059,0.1961,0.2029,2761266.0
1761649200000,0.203,0.2049,0.1931,0.194,2710114.0
1761652800000,0.1938,0.198,0.193,0.1972,1353371.0
1761656400000,0.1974,0.1998,0.1934,0.1946,1516037.0
1761660000000,0.1946,0.1949,0.1906,0.1929,1656350.0
1761663600000,0.1928,0.2099,0.1926,0.1964,6909735.0
1761667200000,0.1964,0.202,0.195,0.2002,2264406.0
1761670800000,0.2002,0.2011,0.1931,0.1961,1845201.0
1761674400000,0.196,0.1963,0.1943,0.1947,598949.0
1761678000000,0.1948,0.1948,0.1915,0.1923,739034.0
1761681600000,0.1925,0.1927,0.1816,0.1823,2999080.0
1761685200000,0.1823,0.1874,0.1811,0.1858,747787.0
1761688800000,0.1858,0.1861,0.1827,0.1849,397013.0
1761692400000,0.1849,0.1849,0.1825,0.1832,225262.0
1761696000000,0.1835,0.1839,0.1807,0.1819,525573.0
1761699600000,0.1817,0.1878,0.1816,0.185,747746.0
1761703200000,0.1851,0.1867,0.1838,0.1863,278715.0
1761706800000,0.1862,0.1874,0.1837,0.1848,454252.0
1761710400000,0.1847,0.1899,0.1839,0.1885,500600.0
1761714000000,0.1883,0.1888,0.1858,0.1872,248321.0
1761717600000,0.1869,0.1955,0.1852,0.1874,1243145.0
1761721200000,0.1875,0.1913,0.1872,0.1899,547996.0
1761724800000,0.19,0.1902,0.188,0.1896,278206.0
1761728400000,0.1894,0.1905,0.1886,0.1895,360197.0
1761732000000,0.1894,0.1896,0.1856,0.1866,362379.0
1761735600000,0.1866,0.1895,0.1862,0.1882,163410.0
1761739200000,0.1879,0.1898,0.1877,0.189,281028.0
1761742800000,0.1891,0.1957,0.1888,0.1916,1056982.0
1761746400000,0.1913,0.1949,0.1902,0.1946,414358.0
1761750000000,0.1948,0.1958,0.1898,0.1923,830219.0
1761753600000,0.1926,0.1949,0.192,0.1945,394674.0
1761757200000,0.1947,0.199,0.1945,0.1961,693017.0
1761760800000,0.1962,0.201,0.1899,0.1985,1606609.0
1761764400000,0.1988,0.2044,0.198,0.2012,1657324.0
1761768000000,0.2015,0.2095,0.2015,0.2072,1436446.0
1761771600000,0.2073,0.218,0.2067,0.2136,4353453.0
1761775200000,0.2138,0.2233,0.2134,0.215,5379312.0
1761778800000,0.2149,0.2212,0.2096,0.2138,3767459.0
1761782400000,0.2138,0.2227,0.2131,0.2202,4104423.0
1761786000000,0.22,0.2229,0.2144,0.2184,3733306.0
1761789600000,0.2185,0.2207,0.2164,0.219,1587781.0
1761793200000,0.219,0.2196,0.2121,0.2173,3117177.0
1761796800000,0.2175,0.22,0.2018,0.2075,8165753.0
1761800400000,0.2076,0.2188,0.2072,0.2167,3108947.0
1761804000000,0.2166,0.2191,0.2124,0.2165,2907793.0
1761807600000,0.2163,0.224,0.2161,0.2215,4171303.0
1761811200000,0.2214,0.2338,0.2205,0.2312,11984012.0
1761814800000,0.2312,0.2372,0.2304,0.2326,20745805.0
1761818400000,0.2327,0.2382,0.2215,0.2335,31352592.0
1761822000000,0.2334,0.2395,0.2243,0.2259,24905213.0
1761825600000,0.226,0.2309,0.2229,0.2283,16172096.0
1761829200000,0.2285,0.2313,0.2232,0.228,13630128.0
1761832800000,0.228,0.2342,0.2257,0.2326,16015865.0
1761836400000,0.2325,0.2354,0.225,0.2344,15618508.0
1761840000000,0.2344,0.2367,0.228,0.2327,16849083.0
1761843600000,0.2326,0.235,0.2134,0.2183,19278337.0
1761847200000,0.2184,0.2237,0.2166,0.2225,6633608.0
1761850800000,0.2225,0.2247,0.2193,0.2214,4280477.0
1761854400000,0.2212,0.2237,0.2192,0.222,2446359.0
1761858000000,0.222,0.2293,0.2198,0.2278,2318694.0
1761861600000,0.228,0.2296,0.2252,0.2268,2590342.0
1761865200000,0.227,0.2307,0.2246,0.2278,3506671.0
1761868800000,0.2277,0.2312,0.2257,0.2297,2482532.0
1761872400000,0.2297,0.232,0.2271,0.23,2835744.0
1761876000000,0.23,0.2314,0.2271,0.2289,2239394.0
1761879600000,0.229,0.2386,0.2269,0.2357,4168613.0
1761883200000,0.2357,0.2557,0.232,0.25,9674888.0
1761886800000,0.25,0.2519,0.2472,0.2505,3897123.0
1761890400000,0.2505,0.2588,0.25,0.2557,7056295.0
1761894000000,0.2557,0.2637,0.2268,0.2353,21304233.0
1761897600000,0.2351,0.2355,0.2279,0.232,7093321.0
1761901200000,0.2317,0.2371,0.2224,0.2232,6092432.0
1761904800000,0.2232,0.2251,0.2201,0.2215,2644778.0
1761908400000,0.2213,0.2222,0.2179,0.2191,3200558.0
1761912000000,0.2191,0.2233,0.2101,0.2106,4991044.0
1761915600000,0.2106,0.2155,0.2102,0.2125,2195851.0
1761919200000,0.2124,0.2133,0.2105,0.213,1385712.0
1761922800000,0.213,0.213,0.2054,0.2059,2666987.0
1761926400000,0.2057,0.2099,0.2035,0.2053,2378081.0
1761930000000,0.2052,0.2053,0.1943,0.1953,4982280.0
1761933600000,0.1955,0.1971,0.1912,0.1916,2366810.0
1761937200000,0.1916,0.1963,0.1904,0.1945,1813354.0
1761940800000,0.1943,0.1974,0.1942,0.1946,1410330.0
1761944400000,0.1946,0.1976,0.1943,0.1968,746624.0
1761948000000,0.1968,0.1975,0.1936,0.1941,1287323.0
1761951600000,0.194,0.1953,0.1931,0.1937,716958.0
1761955200000,0.1937,0.2019,0.1923,0.2017,1891187.0
1761958800000,0.2017,0.2018,0.1914,0.1922,1942742.0
1761962400000,0.1922,0.1927,0.1872,0.1889,2347361.0
1761966000000,0.1889,0.1968,0.1888,0.1963,2569709.0
1761969600000,0.1962,0.1976,0.192,0.1933,1794094.0
1761973200000,0.1931,0.1953,0.1912,0.1918,1302437.0
1761976800000,0.192,0.1938,0.1894,0.1924,1133951.0
1761980400000,0.1924,0.1926,0.1878,0.1898,1587112.0
1761984000000,0.1899,0.1915,0.1878,0.1888,1115582.0
1761987600000,0.1887,0.1903,0.1856,0.1866,1394399.0
1761991200000,0.1865,0.1902,0.1861,0.1877,1560723.0
1761994800000,0.1878,0.1903,0.1847,0.1861,1548304.0
1761998400000,0.186,0.1897,0.186,0.1877,1128817.0
1762002000000,0.1877,0.1886,0.1859,0.187,530022.0
1762005600000,0.1871,0.1876,0.1829,0.1845,1040732.0
1762009200000,0.1844,0.1862,0.1842,0.1857,737045.0
1762012800000,0.1856,0.1872,0.1842,0.1865,1260864.0
1762016400000,0.1864,0.1875,0.1849,0.1852,973303.0
1762020000000,0.1851,0.1866,0.1836,0.1853,938528.0
1762023600000,0.1851,0.1854,0.1845,0.1848,268815.0
1762027200000,0.1849,0.1871,0.1849,0.1864,492058.0
1762030800000,0.1864,0.1865,0.1831,0.1836,340330.0
1762034400000,0.1834,0.1858,0.183,0.1852,308346.0
1762038000000,0.1854,0.187,0.1852,0.1867,290921.0
1762041600000,0.1867,0.1868,0.1845,0.1849,543031.0
1762045200000,0.1848,0.1851,0.1811,0.1826,809666.0
1762048800000,0.1825,0.1834,0.1806,0.182,895383.0
1762052400000,0.1819,0.1821,0.1775,0.1782,1111121.0
1762056000000,0.178,0.1816,0.1762,0.179,1106813.0
1762059600000,0.179,0.1798,0.1777,0.1783,409856.0
1762063200000,0.1782,0.1807,0.1777,0.18,408151.0
1762066800000,0.1799,0.1827,0.179,0.1817,701831.0
1762070400000,0.1815,0.1829,0.1803,0.1815,512277.0
1762074000000,0.1816,0.1828,0.1789,0.1794,620837.0
1762077600000,0.1794,0.1807,0.1782,0.1785,641634.0
1762081200000,0.1785,0.1821,0.1785,0.1809,532936.0
1762084800000,0.1811,0.1833,0.1804,0.1825,491916.0
1762088400000,0.1825,0.1827,0.1801,0.1809,427249.0
1762092000000,0.1806,0.1811,0.1767,0.178,621992.0
1762095600000,0.1781,0.1835,0.177,0.1795,1086101.0
1762099200000,0.1794,0.1799,0.1749,0.1771,918442.0
1762102800000,0.177,0.1784,0.1764,0.1782,368248.0
1762106400000,0.1781,0.1791,0.1769,0.178,281885.0
1762110000000,0.1779,0.1817,0.1779,0.1809,384848.0
1762113600000,0.1808,0.1816,0.1796,0.1806,503076.0
1762117200000,0.1807,0.1808,0.179,0.1798,218693.0
1762120800000,0.1797,0.1819,0.1796,0.1804,401803.0
1762124400000,0.1806,0.1819,0.1806,0.1818,471950.0
1762128000000,0.1816,0.1821,0.1788,0.1791,358475.0
1762131600000,0.1789,0.18,0.178,0.1789,311590.0
1762135200000,0.1789,0.1793,0.1769,0.1789,445340.0
1762138800000,0.1789,0.1852,0.1775,0.184,2419299.0
1762142400000,0.184,0.1879,0.1809,0.1877,3301378.0
1762146000000,0.1877,0.1903,0.1831,0.1869,2372459.0
1762149600000,0.1871,0.1871,0.1804,0.182,1661115.0
1762153200000,0.1819,0.1829,0.18,0.1805,749797.0
1762156800000,0.1805,0.182,0.1792,0.1813,746662.0
1762160400000,0.1813,0.1828,0.1781,0.1785,846856.0
1762164000000,0.1785,0.1806,0.1757,0.1771,1131943.0
1762167600000,0.1772,0.1796,0.1772,0.1773,583661.0
1762171200000,0.1772,0.179,0.1768,0.177,369594.0
1762174800000,0.177,0.1804,0.1767,0.1798,613162.0
1762178400000,0.1799,0.1834,0.1799,0.1832,692768.0
1762182000000,0.1832,0.1834,0.1719,0.1808,2388987.0
1762185600000,0.1808,0.192,0.179,0.1858,3906669.0
1762189200000,0.1857,0.1876,0.1841,0.1874,813350.0
1762192800000,0.1876,0.188,0.1848,0.1859,1039551.0
1762196400000,0.1858,0.1883,0.1856,0.1881,794401.0
1762200000000,0.1882,0.1894,0.1855,0.1863,675809.0
1762203600000,0.1861,0.1877,0.1801,0.1845,1477707.0
1762207200000,0.1845,0.1847,0.1815,0.1828,480081.0
1762210800000,0.1827,0.1862,0.1822,0.1843,408769.0
1762214400000,0.1844,0.1874,0.1822,0.1854,822064.0
1762218000000,0.1853,0.1866,0.1836,0.1863,591299.0
1762221600000,0.1863,0.1865,0.1829,0.1836,454668.0
1762225200000,0.1837,0.1885,0.1833,0.1874,799896.0
1762228800000,0.1872,0.1875,0.1845,0.1852,658437.0
1762232400000,0.185,0.1857,0.1713,0.1714,4318216.0
1762236000000,0.1714,0.1769,0.1712,0.1721,1338795.0
1762239600000,0.1722,0.1729,0.1697,0.1721,802689.0
1762243200000,0.172,0.1747,0.1717,0.1724,564717.0
1762246800000,0.1724,0.1737,0.1699,0.171,613256.0
1762250400000,0.1708,0.1722,0.1701,0.1717,473699.0
1762254000000,0.1718,0.1727,0.1695,0.1709,521014.0
1762257600000,0.1709,0.1727,0.1685,0.1706,688720.0
1762261200000,0.1707,0.1716,0.1685,0.1711,581180.0
1762264800000,0.1711,0.1764,0.1701,0.1752,982677.0
1762268400000,0.1753,0.1794,0.1721,0.1723,2292229.0
1762272000000,0.1723,0.1743,0.1712,0.1723,644958.0
1762275600000,0.1724,0.1754,0.1693,0.1719,1292532.0
1762279200000,0.1718,0.1719,0.1674,0.1707,1141699.0
1762282800000,0.1704,0.1718,0.1628,0.1644,2131194.0
1762286400000,0.1647,0.1684,0.1611,0.1654,2214730.0
1762290000000,0.1654,0.1673,0.1623,0.1665,2396199.0
1762293600000,0.1665,0.1701,0.1659,0.1677,1075174.0
1762297200000,0.1678,0.1689,0.1667,0.1683,501548.0
1762300800000,0.1683,0.1689,0.164,0.1653,443649.0
1762304400000,0.1652,0.1657,0.1593,0.1635,929354.0
1762308000000,0.1637,0.1659,0.1636,0.1654,490465.0
1762311600000,0.1655,0.167,0.165,0.1663,258614.0
1762315200000,0.1663,0.1678,0.166,0.1673,401041.0
1762318800000,0.1672,0.1675,0.1662,0.1662,240454.0
1762322400000,0.1662,0.1685,0.1659,0.1681,279465.0
1762326000000,0.168,0.1692,0.1672,0.1676,310563.0
1762329600000,0.1675,0.1682,0.164,0.1653,484181.0
1762333200000,0.1652,0.1659,0.164,0.1643,335386.0
1762336800000,0.1643,0.1649,0.1627,0.1629,498572.0
1762340400000,0.1629,0.1644,0.1621,0.1635,796960.0
1762344000000,0.1634,0.1641,0.1614,0.1621,586031.0
1762347600000,0.1619,0.1641,0.1617,0.1639,324313.0
1762351200000,0.1638,0.1653,0.1623,0.1643,482874.0
1762354800000,0.1644,0.1659,0.1633,0.1652,430934.0
1762358400000,0.1652,0.1659,0.1627,0.1643,474585.0
1762362000000,0.1643,0.1646,0.1634,0.1637,335988.0
1762365600000,0.1638,0.1638,0.1608,0.1614,684585.0
1762369200000,0.1614,0.1615,0.16,0.161,372503.0
1762372800000,0.1607,0.1625,0.1601,0.1619,258255.0
1762376400000,0.1618,0.163,0.1615,0.1619,372929.0
1762380000000,0.1619,0.1651,0.1617,0.164,320885.0
1762383600000,0.1641,0.1643,0.163,0.1632,399420.0
1762387200000,0.1631,0.1634,0.1624,0.1629,144504.0
1762390800000,0.1628,0.1628,0.1606,0.1622,303382.0
1762394400000,0.1623,0.1635,0.1607,0.162,556941.0
1762398000000,0.162,0.1636,0.1618,0.1631,315838.0
1762401600000,0.1632,0.1645,0.1627,0.1635,354114.0
1762405200000,0.1634,0.1642,0.1613,0.1617,327691.0
1762408800000,0.1617,0.1638,0.1615,0.1625,314556.0
1762412400000,0.1624,0.1629,0.1613,0.1623,296580.0
1762416000000,0.1621,0.1629,0.1617,0.1622,206824.0
1762419600000,0.1621,0.1633,0.1621,0.1626,170390.0
1762423200000,0.1625,0.1643,0.1617,0.1634,477745.0
1762426800000,0.1633,0.1633,0.162,0.1626,458340.0
1762430400000,0.1625,0.1629,0.1611,0.1615,330131.0
1762434000000,0.1613,0.1636,0.1612,0.1634,269773.0
1762437600000,0.1634,0.1638,0.1537,0.1563,4572039.0
1762441200000,0.1561,0.1589,0.1548,0.1554,971181.0
1762444800000,0.1555,0.1561,0.1545,0.1558,557622.0
1762448400000,0.1559,0.1575,0.1553,0.1572,359716.0
1762452000000,0.1572,0.1582,0.1565,0.158,215660.0
1762455600000,0.158,0.1591,0.1573,0.1577,478631.0
1762459200000,0.1576,0.1588,0.1567,0.1573,290370.0
1762462800000,0.1573,0.1583,0.1569,0.1582,99245.0
1762466400000,0.1582,0.1587,0.1569,0.1577,347241.0
1762470000000,0.1579,0.158,0.1564,0.1573,332470.0
1762473600000,0.1574,0.158,0.1562,0.1579,317305.0
1762477200000,0.1578,0.158,0.1558,0.1576,302282.0
1762480800000,0.1576,0.1578,0.1569,0.1578,202831.0
1762484400000,0.1577,0.1602,0.1575,0.1587,432512.0
1762488000000,0.1586,0.1599,0.158,0.1592,294878.0
1762491600000,0.1592,0.16,0.159,0.1593,144885.0
1762495200000,0.1592,0.1596,0.1579,0.1581,189538.0
1762498800000,0.1582,0.1599,0.1582,0.1596,72422.0
1762502400000,0.1596,0.1597,0.1583,0.1584,207077.0
1762506000000,0.1584,0.1585,0.1553,0.157,553124.0
1762509600000,0.157,0.1576,0.1556,0.1562,306581.0
1762513200000,0.1562,0.1565,0.1537,0.1545,462816.0
1762516800000,0.1544,0.155,0.1523,0.1531,417494.0
1762520400000,0.1531,0.1546,0.1525,0.154,439607.0
1762524000000,0.154,0.1559,0.1521,0.1555,655014.0
1762527600000,0.1554,0.1556,0.1517,0.1531,1116087.0
1762531200000,0.1531,0.1576,0.1531,0.1572,662862.0
1762534800000,0.1573,0.1666,0.1567,0.1664,2272755.0
1762538400000,0.1664,0.1671,0.1593,0.1614,2907866.0
1762542000000,0.1615,0.1641,0.1607,0.1612,587700.0
1762545600000,0.1612,0.1632,0.1609,0.1623,401267.0
1762549200000,0.1623,0.1637,0.1622,0.1625,223787.0
1762552800000,0.1625,0.1629,0.1604,0.1627,377095.0
1762556400000,0.1625,0.1654,0.1606,0.1638,1612860.0
1762560000000,0.1638,0.1662,0.1622,0.1629,1473666.0
1762563600000,0.1632,0.1647,0.1622,0.1641,334223.0
1762567200000,0.1644,0.1648,0.163,0.1632,211661.0
1762570800000,0.163,0.166,0.1606,0.1609,611912.0
1762574400000,0.1609,0.1621,0.1581,0.1584,944774.0
1762578000000,0.1585,0.1585,0.1556,0.1563,663513.0
1762581600000,0.1562,0.1572,0.152,0.1545,1504129.0
1762585200000,0.1546,0.1554,0.1533,0.1545,628079.0
1762588800000,0.1545,0.1571,0.1511,0.1558,1551366.0
1762592400000,0.1557,0.1558,0.1532,0.154,541523.0
1762596000000,0.1539,0.1556,0.1533,0.1552,252245.0
1762599600000,0.1551,0.1563,0.1534,0.1543,366170.0
1762603200000,0.1542,0.1549,0.151,0.1539,977973.0
1762606800000,0.1537,0.1539,0.15,0.1506,781145.0
1762610400000,0.1507,0.1532,0.1493,0.1514,1001234.0
1762614000000,0.1514,0.1525,0.15,0.1508,469392.0
1762617600000,0.1508,0.1509,0.1367,0.1381,5192879.0
1762621200000,0.1381,0.1415,0.138,0.1414,999083.0
1762624800000,0.1415,0.1424,0.1411,0.1419,562033.0
1762628400000,0.1421,0.1424,0.139,0.1402,560232.0
1762632000000,0.1402,0.1411,0.1388,0.1398,430176.0
1762635600000,0.1398,0.1411,0.139,0.1407,314951.0
1762639200000,0.1407,0.1416,0.1392,0.141,404095.0
1762642800000,0.1411,0.1425,0.1407,0.1409,426003.0
1762646400000,0.141,0.1422,0.1387,0.1391,438573.0
1762650000000,0.1391,0.1409,0.139,0.1403,424041.0
1762653600000,0.1402,0.1404,0.1347,0.1352,1542185.0
1762657200000,0.1354,0.1365,0.1345,0.1363,655979.0
1762660800000,0.1365,0.1408,0.134,0.1381,1439899.0
1762664400000,0.1382,0.1389,0.1354,0.1359,598371.0
1762668000000,0.1359,0.1386,0.1354,0.1384,385274.0
1762671600000,0.1383,0.1386,0.1371,0.1382,380119.0
1762675200000,0.1382,0.1385,0.1364,0.1372,419832.0
1762678800000,0.1373,0.1386,0.1358,0.1363,447602.0
1762682400000,0.1364,0.1382,0.1356,0.1378,631654.0
1762686000000,0.1378,0.138,0.1361,0.1372,302448.0
1762689600000,0.1371,0.1378,0.1361,0.1372,690097.0
1762693200000,0.1371,0.1373,0.1361,0.1362,589638.0
1762696800000,0.1363,0.1378,0.1356,0.136,944880.0
1762700400000,0.136,0.1399,0.136,0.1387,783621.0
1762704000000,0.1388,0.1391,0.1377,0.1378,965485.0
1762707600000,0.1377,0.138,0.1364,0.1373,829193.0
1762711200000,0.1375,0.1387,0.1355,0.1373,1076194.0
1762714800000,0.1372,0.1388,0.137,0.1383,469101.0
1762718400000,0.1383,0.1391,0.1378,0.1387,578244.0
1762722000000,0.1386,0.1387,0.1366,0.1375,454300.0
1762725600000,0.1375,0.1409,0.1366,0.1385,1389908.0
1762729200000,0.1383,0.1553,0.1371,0.1424,10838734.0
1762732800000,0.1424,0.1425,0.1382,0.1402,1914733.0
1762736400000,0.1401,0.1452,0.14,0.1435,1246847.0
1762740000000,0.1435,0.1439,0.1397,0.1401,1191906.0
1762743600000,0.1402,0.141,0.1391,0.1401,642812.0
1762747200000,0.14,0.1481,0.1381,0.1456,3613957.0
1762750800000,0.1457,0.1492,0.1446,0.1463,1913032.0
1762754400000,0.1463,0.1491,0.146,0.1477,876294.0
1762758000000,0.1477,0.1488,0.1469,0.148,497547.0
1762761600000,0.1479,0.1495,0.1457,0.1467,1078120.0
1762765200000,0.1467,0.1602,0.1463,0.1598,3557280.0
1762768800000,0.1598,0.1602,0.1534,0.1535,2465391.0
1762772400000,0.1537,0.1541,0.152,0.1526,639395.0
1762776000000,0.1524,0.1531,0.151,0.1515,658565.0
1762779600000,0.1515,0.1546,0.1504,0.1534,793988.0
1762783200000,0.1534,0.1535,0.1476,0.1483,1580124.0
1762786800000,0.1483,0.1555,0.148,0.1537,1661309.0
1762790400000,0.1535,0.1535,0.1499,0.1504,586046.0
1762794000000,0.1503,0.1546,0.1501,0.1522,1071809.0
1762797600000,0.1522,0.1524,0.1507,0.1508,465127.0
1762801200000,0.1509,0.153,0.1503,0.1509,540444.0
1762804800000,0.151,0.1527,0.1504,0.151,406610.0
1762808400000,0.1509,0.152,0.1474,0.1483,1107146.0
1762812000000,0.1482,0.1505,0.1477,0.1505,375818.0
1762815600000,0.1504,0.1513,0.149,0.1499,494673.0
1762819200000,0.15,0.1507,0.1481,0.1498,315126.0
1762822800000,0.1498,0.1547,0.1475,0.1485,5524024.0
1762826400000,0.1486,0.1512,0.1479,0.1502,490700.0
1762830000000,0.1502,0.1525,0.1497,0.1507,684202.0
1762833600000,0.1508,0.1517,0.1494,0.1502,680104.0
1762837200000,0.1503,0.1503,0.1482,0.1487,284467.0
1762840800000,0.1488,0.1514,0.1482,0.1511,289166.0
1762844400000,0.1511,0.1511,0.1477,0.1479,440146.0
1762848000000,0.1477,0.1486,0.1466,0.1483,480274.0
1762851600000,0.1484,0.1489,0.1465,0.1466,184849.0
1762855200000,0.1465,0.1492,0.1463,0.1487,315402.0
1762858800000,0.1487,0.1509,0.148,0.1492,614824.0
1762862400000,0.1493,0.1507,0.1485,0.1501,399906.0
1762866000000,0.1503,0.1529,0.15,0.1504,584989.0
1762869600000,0.1505,0.1571,0.1501,0.1564,1034970.0
1762873200000,0.1567,0.1601,0.1555,0.159,1646759.0
1762876800000,0.159,0.1595,0.1537,0.1544,1548094.0
1762880400000,0.1544,0.1559,0.1533,0.1548,360825.0
1762884000000,0.1548,0.1573,0.1547,0.156,663473.0
1762887600000,0.1559,0.1565,0.1541,0.1555,255359.0
1762891200000,0.1555,0.1586,0.1549,0.1582,396134.0
1762894800000,0.1583,0.1588,0.1536,0.1546,1301471.0
1762898400000,0.1546,0.1562,0.1526,0.1549,480783.0
1762902000000,0.1549,0.155,0.1511,0.1519,515401.0
1762905600000,0.1518,0.1531,0.1501,0.1508,537683.0
1762909200000,0.1507,0.1544,0.1501,0.1523,552337.0
1762912800000,0.1524,0.1531,0.1511,0.1521,1275409.0
1762916400000,0.1521,0.1529,0.1493,0.1502,749285.0
1762920000000,0.1501,0.1501,0.1475,0.1498,576708.0
1762923600000,0.1497,0.1507,0.1488,0.1491,255890.0
1762927200000,0.1492,0.1519,0.149,0.1494,497601.0
1762930800000,0.1492,0.1498,0.1486,0.1488,166454.0
1762934400000,0.1488,0.151,0.1487,0.1501,224203.0
1762938000000,0.1501,0.1523,0.1501,0.1513,156182.0
1762941600000,0.1514,0.1525,0.1508,0.1512,197883.0
1762945200000,0.1513,0.1547,0.1509,0.1515,1270327.0
1762948800000,0.1516,0.1529,0.151,0.1517,246808.0
1762952400000,0.1518,0.1538,0.1511,0.1524,371500.0
1762956000000,0.1525,0.1529,0.1483,0.1505,270641.0
1762959600000,0.1503,0.1522,0.1478,0.1483,483125.0
1762963200000,0.1483,0.1486,0.1449,0.1472,932939.0
1762966800000,0.1475,0.1516,0.1462,0.1506,547509.0
1762970400000,0.1507,0.1542,0.1495,0.1531,514569.0
1762974000000,0.153,0.1548,0.1518,0.1534,462960.0
1762977600000,0.1534,0.1561,0.1525,0.155,1215409.0
1762981200000,0.155,0.1615,0.155,0.1587,1598342.0
1762984800000,0.159,0.1598,0.1562,0.1575,793378.0
1762988400000,0.1575,0.1597,0.1562,0.158,810907.0
1762992000000,0.1582,0.1585,0.1567,0.1582,201862.0
1762995600000,0.1581,0.1614,0.158,0.1609,339854.0
1762999200000,0.1608,0.161,0.1579,0.1586,252230.0
1763002800000,0.1584,0.1604,0.1582,0.1593,281973.0
1763006400000,0.159,0.1605,0.1587,0.1597,316180.0
1763010000000,0.1598,0.161,0.1593,0.16,328600.0
1763013600000,0.1599,0.1606,0.1584,0.1591,416241.0
1763017200000,0.159,0.1654,0.1572,0.162,2304175.0
1763020800000,0.1617,0.1642,0.1612,0.1627,991505.0
1763024400000,0.1627,0.1667,0.161,0.1627,3506479.0
1763028000000,0.1628,0.1641,0.1617,0.1632,1229916.0
1763031600000,0.1631,0.1643,0.1619,0.1625,513440.0
1763035200000,0.1625,0.1633,0.1592,0.1599,1525374.0
1763038800000,0.1599,0.1619,0.1579,0.1592,1156131.0
1763042400000,0.1591,0.1625,0.1578,0.1607,1348990.0
1763046000000,0.1608,0.1611,0.1579,0.1589,458194.0
1763049600000,0.1588,0.159,0.1529,0.1534,1375686.0
1763053200000,0.1535,0.1535,0.1494,0.1497,1442301.0
1763056800000,0.1498,0.1507,0.1463,0.1476,866922.0
1763060400000,0.1475,0.1491,0.1467,0.1473,355760.0
1763064000000,0.1474,0.149,0.1466,0.1472,384131.0
1763067600000,0.1473,0.1476,0.1469,0.1471,127426.0
1763071200000,0.1469,0.1479,0.1459,0.1473,362871.0
1763074800000,0.1473,0.1485,0.1467,0.1473,170898.0
1763078400000,0.1473,0.1508,0.1471,0.1479,526838.0
1763082000000,0.1477,0.1493,0.1471,0.1489,383169.0
1763085600000,0.1489,0.1502,0.1487,0.1492,234286.0
1763089200000,0.1492,0.1495,0.1477,0.1484,178242.0
1763092800000,0.1484,0.1485,0.1439,0.1457,837820.0
1763096400000,0.1457,0.1466,0.1451,0.1466,271808.0
1763100000000,0.1466,0.147,0.1443,0.147,550769.0
1763103600000,0.147,0.1483,0.146,0.1465,763016.0
1763107200000,0.1466,0.1467,0.1453,0.1467,268480.0
1763110800000,0.1466,0.1498,0.1455,0.1463,2336270.0
1763114400000,0.1463,0.1473,0.1459,0.146,163894.0
1763118000000,0.1461,0.1472,0.1439,0.1442,645585.0
1763121600000,0.1443,0.1445,0.1384,0.1393,2086332.0
1763125200000,0.1395,0.14,0.1363,0.138,752925.0
1763128800000,0.1382,0.1406,0.1366,0.1382,815879.0
1763132400000,0.1381,0.1393,0.1365,0.1371,593966.0
1763136000000,0.1373,0.1396,0.137,0.1391,526688.0
1763139600000,0.1391,0.1424,0.1387,0.1395,753635.0
1763143200000,0.1395,0.1415,0.1393,0.1408,395062.0
1763146800000,0.141,0.1504,0.1408,0.1502,1356291.0
1763150400000,0.1502,0.1528,0.1441,0.1448,2489842.0
1763154000000,0.1449,0.1476,0.1445,0.1453,592864.0
1763157600000,0.1453,0.146,0.1434,0.1435,313672.0
1763161200000,0.1435,0.1461,0.1426,0.1445,541743.0
1763164800000,0.1444,0.1476,0.1442,0.1455,5190431.0
1763168400000,0.1454,0.1462,0.1431,0.1451,1492597.0
1763172000000,0.1451,0.1488,0.1451,0.1474,993585.0
1763175600000,0.1474,0.1577,0.1469,0.1571,4670654.0
1763179200000,0.1572,0.1608,0.1541,0.1585,2242525.0
1763182800000,0.1583,0.1642,0.1568,0.1634,2462601.0
1763186400000,0.1636,0.1662,0.1603,0.1614,2274927.0
1763190000000,0.1614,0.1669,0.1609,0.1633,1390798.0
1763193600000,0.1632,0.166,0.1607,0.1635,2384585.0
1763197200000,0.1634,0.1652,0.1619,0.1621,1282956.0
1763200800000,0.1622,0.1671,0.1616,0.1632,2775487.0
1763204400000,0.1631,0.1658,0.1614,0.1614,1630753.0
1763208000000,0.1616,0.1644,0.1602,0.1635,1215121.0
1763211600000,0.1637,0.1654,0.1623,0.1635,1204321.0
1763215200000,0.1636,0.1688,0.1628,0.1659,2860656.0
1763218800000,0.1659,0.1667,0.1614,0.166,2812509.0
1763222400000,0.166,0.1688,0.164,0.1664,5800286.0
1763226000000,0.1662,0.1663,0.1631,0.1657,1955603.0
1763229600000,0.1657,0.1663,0.1636,0.1639,1136525.0
1763233200000,0.1639,0.1653,0.1636,0.1642,814118.0
1763236800000,0.1642,0.1649,0.1625,0.1635,1176446.0
1763240400000,0.1635,0.1677,0.1632,0.1657,1724604.0
1763244000000,0.1656,0.1689,0.1646,0.1676,2090923.0
1763247600000,0.1678,0.1722,0.1671,0.1689,1635248.0
1763251200000,0.1687,0.1702,0.1659,0.1682,1306899.0
1763254800000,0.168,0.1682,0.1643,0.1671,1608428.0
1763258400000,0.1669,0.1693,0.1656,0.1678,883711.0
1763262000000,0.1678,0.1686,0.1664,0.1676,679663.0
1763265600000,0.1676,0.171,0.1661,0.1687,1881707.0
1763269200000,0.1687,0.1709,0.1678,0.17,1051546.0
1763272800000,0.17,0.1719,0.1685,0.1685,1228851.0
1763276400000,0.1685,0.1706,0.1671,0.1695,785040.0
1763280000000,0.1698,0.1698,0.167,0.1685,498044.0
1763283600000,0.1686,0.1699,0.1666,0.1699,742891.0
1763287200000,0.1699,0.1699,0.1673,0.1682,473230.0
1763290800000,0.1681,0.1691,0.1668,0.169,522652.0
1763294400000,0.1689,0.1697,0.1659,0.167,734226.0
1763298000000,0.167,0.1671,0.1618,0.1629,1878878.0
1763301600000,0.1629,0.1633,0.1591,0.16,1463455.0
1763305200000,0.16,0.1636,0.1588,0.1608,1185288.0
1763308800000,0.1609,0.1625,0.1584,0.1591,551882.0
1763312400000,0.1591,0.1609,0.1564,0.1571,6235122.0
1763316000000,0.1571,0.1612,0.1564,0.157,3588630.0
1763319600000,0.1569,0.1606,0.1569,0.1598,580433.0
1763323200000,0.1598,0.1677,0.1595,0.1655,1839312.0
1763326800000,0.1653,0.1662,0.1627,0.1657,1044395.0
1763330400000,0.1656,0.1693,0.1623,0.1665,2759945.0
1763334000000,0.1665,0.1697,0.164,0.1695,699853.0
1763337600000,0.1694,0.1745,0.1693,0.1737,1178496.0
1763341200000,0.1738,0.1751,0.1719,0.1733,816474.0
1763344800000,0.1732,0.1803,0.1732,0.1744,2222526.0
1763348400000,0.1744,0.1756,0.1734,0.1742,499875.0
1763352000000,0.1744,0.1768,0.1742,0.176,394327.0
1763355600000,0.1761,0.1766,0.1707,0.1711,618165.0
1763359200000,0.171,0.1731,0.1693,0.1719,1183749.0
1763362800000,0.172,0.1734,0.1698,0.1703,242046.0
1763366400000,0.1704,0.1719,0.1699,0.1708,282129.0
1763370000000,0.1709,0.1739,0.1702,0.1725,360140.0
1763373600000,0.1726,0.1742,0.1715,0.1722,547373.0
1763377200000,0.1722,0.1728,0.171,0.1714,264383.0
1763380800000,0.1715,0.1722,0.171,0.1715,173616.0
1763384400000,0.1716,0.1716,0.1624,0.1641,2231023.0
1763388000000,0.1642,0.1691,0.1635,0.1663,1086460.0
1763391600000,0.1664,0.1671,0.1627,0.1639,581460.0
1763395200000,0.164,0.1658,0.1631,0.1656,435351.0
1763398800000,0.1657,0.1657,0.1617,0.1625,328846.0
1763402400000,0.1626,0.1639,0.1596,0.161,475264.0
1763406000000,0.1611,0.1631,0.1606,0.1619,336420.0
1763409600000,0.1618,0.1635,0.1613,0.1635,307676.0
1763413200000,0.1633,0.1636,0.1615,0.1619,229944.0
1763416800000,0.1619,0.1654,0.1619,0.165,161987.0
1763420400000,0.165,0.165,0.1632,0.1644,185809.0
1763424000000,0.1643,0.1662,0.1628,0.1661,289668.0
1763427600000,0.1661,0.1682,0.1658,0.1666,301322.0
1763431200000,0.1667,0.1682,0.1647,0.1649,563774.0
1763434800000,0.1648,0.167,0.1636,0.165,598297.0
1763438400000,0.1651,0.1656,0.1622,0.1645,338518.0
1763442000000,0.1646,0.1661,0.1637,0.1649,373571.0
1763445600000,0.1649,0.1651,0.1631,0.1634,170938.0
1763449200000,0.1634,0.1657,0.1632,0.1641,259118.0
1763452800000,0.1639,0.1657,0.1631,0.1653,254757.0
1763456400000,0.1653,0.1663,0.1621,0.1655,2328777.0
1763460000000,0.1657,0.1662,0.1646,0.1652,299283.0
1763463600000,0.1653,0.1653,0.1628,0.1634,732862.0
1763467200000,0.1636,0.1643,0.162,0.1624,353228.0
1763470800000,0.1625,0.163,0.1609,0.162,579360.0
1763474400000,0.1621,0.164,0.1609,0.1618,582107.0
1763478000000,0.1617,0.1659,0.1615,0.164,5194981.0
1763481600000,0.164,0.1718,0.163,0.1715,4468251.0
1763485200000,0.1714,0.1763,0.1707,0.1763,1061737.0
1763488800000,0.1762,0.1769,0.1735,0.1753,1158755.0
1763492400000,0.1753,0.177,0.175,0.1752,327811.0
1763496000000,0.1751,0.1784,0.175,0.1769,429477.0
1763499600000,0.1769,0.1776,0.1761,0.1769,339178.0
1763503200000,0.1769,0.1797,0.1767,0.178,363336.0
1763506800000,0.178,0.1786,0.1758,0.1767,583862.0
1763510400000,0.1769,0.1793,0.1751,0.1761,926845.0
1763514000000,0.176,0.1776,0.1737,0.1744,475997.0
1763517600000,0.1746,0.1764,0.1742,0.1757,268483.0
1763521200000,0.1756,0.1762,0.1741,0.1754,307917.0
1763524800000,0.1754,0.176,0.1743,0.1759,470795.0
1763528400000,0.1759,0.176,0.1729,0.1733,530025.0
1763532000000,0.1734,0.1752,0.1732,0.1751,305152.0
1763535600000,0.1751,0.1769,0.1746,0.1765,329097.0
1763539200000,0.1765,0.1829,0.1747,0.1826,1561180.0
1763542800000,0.1827,0.1827,0.1774,0.1786,2570969.0
1763546400000,0.1787,0.1832,0.1782,0.1827,1989695.0
1763550000000,0.1825,0.1847,0.1804,0.1811,2905195.0
1763553600000,0.1808,0.1828,0.1794,0.1802,1656524.0
1763557200000,0.1804,0.1809,0.1781,0.1801,884758.0
1763560800000,0.18,0.1875,0.1795,0.183,4542355.0
1763564400000,0.183,0.1863,0.1808,0.1815,1779578.0
1763568000000,0.1817,0.1834,0.1795,0.1807,1876663.0
1763571600000,0.1807,0.1831,0.1788,0.1819,1570932.0
1763575200000,0.1821,0.1822,0.1791,0.1815,845458.0
1763578800000,0.1816,0.1826,0.1803,0.1808,464177.0
1763582400000,0.1809,0.1851,0.1803,0.1836,573532.0
1763586000000,0.1836,0.1863,0.1829,0.1853,636234.0
1763589600000,0.1854,0.1854,0.1819,0.1821,591626.0
1763593200000,0.1821,0.1873,0.1815,0.184,1673017.0
1763596800000,0.1841,0.1891,0.1834,0.1879,683613.0
1763600400000,0.1877,0.1902,0.1857,0.1859,3096618.0
1763604000000,0.1858,0.1891,0.1853,0.1889,1051447.0
1763607600000,0.1888,0.1892,0.1877,0.188,420594.0
1763611200000,0.1878,0.1878,0.1839,0.1846,520563.0
1763614800000,0.1847,0.1848,0.1785,0.179,853642.0
1763618400000,0.179,0.1801,0.1763,0.177,695940.0
1763622000000,0.1771,0.1781,0.1759,0.178,302641.0
1763625600000,0.1779,0.1782,0.1756,0.1772,411005.0
1763629200000,0.1772,0.178,0.1748,0.1777,764531.0
1763632800000,0.1778,0.1786,0.1757,0.1775,510116.0
1763636400000,0.1774,0.1786,0.1765,0.1775,238341.0
1763640000000,0.1775,0.1784,0.1766,0.1774,312911.0
1763643600000,0.1774,0.1809,0.1772,0.1773,995658.0
1763647200000,0.1773,0.1796,0.174,0.1762,1689424.0
1763650800000,0.1762,0.1772,0.1744,0.1747,751717.0
1763654400000,0.1747,0.1751,0.1669,0.1681,1668656.0
1763658000000,0.1681,0.1695,0.166,0.1684,706739.0
1763661600000,0.1684,0.1695,0.1673,0.1673,550548.0
1763665200000,0.1674,0.169,0.1666,0.1676,416523.0
1763668800000,0.1676,0.1677,0.1666,0.167,114790.0
1763672400000,0.1668,0.1676,0.1643,0.1652,689765.0
1763676000000,0.1651,0.1672,0.1636,0.1646,569504.0
1763679600000,0.1647,0.1657,0.1608,0.1611,639966.0
1763683200000,0.1611,0.163,0.1586,0.1606,675264.0
1763686800000,0.1606,0.1617,0.1587,0.1596,433163.0
1763690400000,0.1596,0.16,0.1566,0.1569,545621.0
1763694000000,0.1569,0.1585,0.1556,0.1564,421690.0
1763697600000,0.1563,0.1574,0.1557,0.157,284710.0
1763701200000,0.1568,0.1575,0.1552,0.1557,344258.0
1763704800000,0.1557,0.1568,0.1549,0.1558,290242.0
1763708400000,0.1558,0.1618,0.1494,0.1603,3125091.0
1763712000000,0.1603,0.165,0.1561,0.1646,1651255.0
1763715600000,0.1645,0.1683,0.1645,0.1665,1691363.0
1763719200000,0.1665,0.1676,0.1646,0.1659,659852.0
1763722800000,0.1659,0.169,0.1658,0.1661,745192.0
1763726400000,0.1661,0.1702,0.1619,0.1674,1298956.0
1763730000000,0.1676,0.1716,0.1667,0.1683,962916.0
1763733600000,0.1683,0.1717,0.1669,0.1689,663172.0
1763737200000,0.1688,0.1696,0.1662,0.1682,626965.0
1763740800000,0.1684,0.1709,0.1665,0.1708,631927.0
1763744400000,0.1709,0.1721,0.1694,0.1699,460775.0
1763748000000,0.17,0.1713,0.1673,0.1696,471920.0
1763751600000,0.1696,0.1708,0.1684,0.1698,201325.0
1763755200000,0.17,0.1736,0.1695,0.1719,610663.0
1763758800000,0.1721,0.1722,0.1702,0.1707,218971.0
1763762400000,0.1706,0.1713,0.1673,0.1677,237612.0
1763766000000,0.1676,0.1727,0.1653,0.1699,1040892.0
1763769600000,0.17,0.1729,0.1693,0.1716,465755.0
1763773200000,0.1717,0.1725,0.1707,0.1716,265750.0
1763776800000,0.1717,0.172,0.1696,0.172,341266.0
1763780400000,0.1721,0.1723,0.1701,0.1711,241340.0
1763784000000,0.1711,0.1711,0.1657,0.1673,1211929.0
1763787600000,0.1673,0.1686,0.1637,0.168,847962.0
1763791200000,0.1681,0.1723,0.1666,0.1711,910561.0
1763794800000,0.1711,0.1715,0.1699,0.1705,399313.0
1763798400000,0.1705,0.1763,0.1694,0.175,1654469.0
1763802000000,0.175,0.1792,0.1744,0.1748,968834.0
1763805600000,0.1748,0.1766,0.1734,0.1763,526545.0
1763809200000,0.1762,0.1774,0.1723,0.1726,1524538.0
1763812800000,0.1725,0.1744,0.1722,0.1741,243517.0
1763816400000,0.174,0.1746,0.173,0.1739,248817.0
1763820000000,0.174,0.1776,0.1738,0.1758,324658.0
1763823600000,0.176,0.177,0.1746,0.1757,281344.0
1763827200000,0.1756,0.178,0.1756,0.177,392788.0
1763830800000,0.177,0.1784,0.1762,0.1774,310300.0
1763834400000,0.1774,0.1779,0.1755,0.1763,266063.0
1763838000000,0.1763,0.1794,0.1746,0.1764,839490.0
1763841600000,0.1764,0.1769,0.1751,0.1753,102689.0
1763845200000,0.1752,0.1761,0.175,0.1756,90940.0
1763848800000,0.1757,0.1797,0.1751,0.1775,175397.0
1763852400000,0.1774,0.1779,0.1763,0.1768,182079.0
1763856000000,0.1768,0.1784,0.1764,0.1779,269478.0
1763859600000,0.1779,0.1786,0.1772,0.1775,209053.0
1763863200000,0.1775,0.1786,0.1774,0.1778,141000.0
1763866800000,0.1776,0.1778,0.1763,0.1772,167228.0
1763870400000,0.1774,0.1798,0.1771,0.1784,194420.0
1763874000000,0.1784,0.1784,0.1757,0.1759,463175.0
1763877600000,0.1758,0.1764,0.1748,0.1748,133830.0
1763881200000,0.1748,0.1796,0.1666,0.1717,10084165.0
1763884800000,0.1718,0.1727,0.1701,0.1717,551741.0
1763888400000,0.1717,0.1717,0.1704,0.1711,230539.0
1763892000000,0.1712,0.1712,0.169,0.1702,195358.0
1763895600000,0.1703,0.1706,0.1681,0.1702,223994.0
1763899200000,0.1702,0.1756,0.1697,0.1702,1184224.0
1763902800000,0.1703,0.1708,0.1682,0.1691,227628.0
1763906400000,0.1691,0.17,0.1667,0.1672,256737.0
1763910000000,0.1671,0.1682,0.1664,0.1674,192001.0
1763913600000,0.1675,0.1711,0.1674,0.1701,503688.0
1763917200000,0.1702,0.1727,0.168,0.1725,1257593.0
1763920800000,0.1725,0.1799,0.172,0.1792,1052178.0
1763924400000,0.1792,0.1893,0.1787,0.1835,3396471.0
1763928000000,0.1835,0.1875,0.1827,0.1856,934839.0
1763931600000,0.1857,0.1872,0.185,0.1858,291054.0
1763935200000,0.1858,0.1907,0.1855,0.1878,651746.0
1763938800000,0.1878,0.1896,0.1842,0.1848,744468.0
1763942400000,0.1847,0.1864,0.1831,0.1831,537610.0
1763946000000,0.1833,0.1862,0.1831,0.1849,616935.0
1763949600000,0.1851,0.1895,0.1849,0.186,868115.0
1763953200000,0.186,0.1873,0.1853,0.1861,268589.0
1763956800000,0.186,0.1877,0.1848,0.1857,688566.0
1763960400000,0.1858,0.1881,0.1858,0.188,340141.0
1763964000000,0.1879,0.1881,0.186,0.1867,319865.0
1763967600000,0.1866,0.1893,0.186,0.188,448335.0
1763971200000,0.188,0.1887,0.1866,0.1882,227132.0
1763974800000,0.1883,0.1904,0.1866,0.1894,746977.0
1763978400000,0.1892,0.1903,0.1851,0.1899,1838283.0
1763982000000,0.1897,0.1942,0.1865,0.1872,2680208.0
1763985600000,0.1873,0.1873,0.1835,0.1844,680256.0
1763989200000,0.1846,0.1855,0.1828,0.1839,391894.0
1763992800000,0.1839,0.186,0.1818,0.1839,861206.0
1763996400000,0.184,0.1862,0.1839,0.1846,467909.0
1764000000000,0.1845,0.1868,0.1842,0.1861,402099.0
1764003600000,0.1863,0.1873,0.1849,0.1869,481662.0
1764007200000,0.1868,0.1911,0.1866,0.1885,880332.0
1764010800000,0.1886,0.1892,0.1856,0.1857,842653.0
1764014400000,0.1856,0.1878,0.1852,0.1854,283627.0
1764018000000,0.1854,0.1863,0.1826,0.1831,274653.0
1764021600000,0.183,0.1843,0.1824,0.1834,119049.0
1764025200000,0.1833,0.1833,0.1795,0.1814,499423.0
1764028800000,0.1814,0.1819,0.1801,0.1815,238924.0
1764032400000,0.1816,0.1824,0.1806,0.1808,200462.0
1764036000000,0.1807,0.181,0.1796,0.1805,265580.0
1764039600000,0.1803,0.1816,0.18,0.1805,95228.0
1764043200000,0.1806,0.1818,0.1798,0.1802,291957.0
1764046800000,0.1802,0.1819,0.1798,0.1815,166382.0
1764050400000,0.1815,0.1816,0.1805,0.1811,190367.0
1764054000000,0.1811,0.1817,0.1797,0.18,178287.0
1764057600000,0.1801,0.1809,0.1792,0.1797,258562.0
1764061200000,0.1797,0.1803,0.176,0.1763,1040388.0
1764064800000,0.1764,0.1805,0.176,0.18,669631.0
1764068400000,0.18,0.1803,0.1792,0.1799,99706.0
1764072000000,0.1799,0.1831,0.1797,0.1826,529793.0
1764075600000,0.1825,0.1885,0.1823,0.1868,987987.0
1764079200000,0.1867,0.1898,0.1867,0.1889,544253.0
1764082800000,0.189,0.1938,0.188,0.1928,1037728.0
1764086400000,0.193,0.1967,0.1922,0.1931,1608206.0
1764090000000,0.193,0.1964,0.193,0.195,763325.0
1764093600000,0.195,0.1969,0.1939,0.1947,468939.0
1764097200000,0.1946,0.196,0.1925,0.1958,630595.0
1764100800000,0.1959,0.199,0.1958,0.1969,636366.0
1764104400000,0.197,0.1972,0.194,0.1941,530795.0
1764108000000,0.1943,0.1957,0.1935,0.1957,314694.0
1764111600000,0.1954,0.1967,0.1914,0.193,549403.0
1764115200000,0.1933,0.1944,0.1899,0.1914,3120910.0
1764118800000,0.1914,0.1917,0.1893,0.1899,485347.0
1764122400000,0.1899,0.1948,0.1892,0.1922,1023123.0
1764126000000,0.1924,0.193,0.1884,0.1896,548224.0
1764129600000,0.1896,0.1903,0.1868,0.187,445701.0
1764133200000,0.1869,0.1889,0.1865,0.1881,317171.0
1764136800000,0.1883,0.1892,0.1874,0.1888,132757.0
1764140400000,0.1886,0.1894,0.1878,0.1884,185502.0
1764144000000,0.1884,0.1905,0.1872,0.1899,364961.0
1764147600000,0.1898,0.1914,0.1885,0.1911,479690.0
1764151200000,0.1909,0.1999,0.1899,0.1988,3591371.0
1764154800000,0.1989,0.1992,0.193,0.1955,2371058.0
1764158400000,0.1954,0.1954,0.1925,0.1941,595259.0
1764162000000,0.1942,0.1963,0.1931,0.195,359440.0
1764165600000,0.195,0.1967,0.1915,0.1928,1233620.0
1764169200000,0.1929,0.1941,0.1916,0.1935,512433.0
1764172800000,0.1935,0.1955,0.193,0.1945,441369.0
1764176400000,0.1946,0.1954,0.1924,0.1928,733976.0
1764180000000,0.1928,0.1935,0.1859,0.1869,1584484.0
1764183600000,0.1869,0.1874,0.181,0.1816,1564435.0
1764187200000,0.1816,0.1821,0.17,0.1713,2670424.0
1764190800000,0.1713,0.1747,0.1682,0.1722,2145335.0
1764194400000,0.1721,0.1737,0.1676,0.1692,3961230.0
1764198000000,0.1692,0.1702,0.1673,0.1687,1157795.0
1764201600000,0.1687,0.1714,0.1656,0.1687,1952841.0
1764205200000,0.1687,0.1688,0.1628,0.1664,1958263.0
1764208800000,0.1664,0.1682,0.1651,0.1668,1422952.0
1764212400000,0.1669,0.1677,0.1632,0.1649,1121066.0
1764216000000,0.165,0.1673,0.1641,0.1663,1004560.0
1764219600000,0.1662,0.1697,0.1656,0.1686,1138360.0
1764223200000,0.1685,0.1726,0.1675,0.1698,1550931.0
1764226800000,0.1699,0.1722,0.1689,0.1711,972218.0
1764230400000,0.1713,0.1719,0.1692,0.171,1037946.0
1764234000000,0.171,0.1714,0.1671,0.17,1179375.0
1764237600000,0.1699,0.1703,0.1681,0.1697,480297.0
1764241200000,0.1697,0.1704,0.1685,0.1691,447339.0
1764244800000,0.1692,0.1692,0.1654,0.1671,1288983.0
1764248400000,0.1671,0.1679,0.1656,0.1667,1628400.0
1764252000000,0.1665,0.1681,0.166,0.1672,647075.0
1764255600000,0.1673,0.1682,0.1657,0.1662,392372.0
1764259200000,0.1661,0.1677,0.1651,0.1669,566519.0
1764262800000,0.167,0.1681,0.1663,0.1666,274982.0
1764266400000,0.1666,0.1671,0.1658,0.1665,241422.0
1764270000000,0.1663,0.1667,0.1645,0.1661,460123.0
1764273600000,0.166,0.1668,0.1648,0.165,253052.0
1764277200000,0.1649,0.1653,0.1634,0.1639,422287.0
1764280800000,0.1639,0.1639,0.1606,0.161,974886.0
1764284400000,0.1612,0.1612,0.1578,0.1605,1235212.0
1764288000000,0.1607,0.1616,0.1599,0.1612,422694.0
1764291600000,0.161,0.161,0.1588,0.1601,571380.0
1764295200000,0.1601,0.1604,0.1573,0.1592,525590.0
1764298800000,0.1591,0.1601,0.1584,0.159,282173.0
1764302400000,0.1591,0.1603,0.1587,0.1593,237719.0
1764306000000,0.1594,0.16,0.1581,0.1594,282965.0
1764309600000,0.1594,0.16,0.1589,0.1592,163483.0
1764313200000,0.1592,0.1596,0.157,0.1573,411530.0
1764316800000,0.1572,0.161,0.157,0.1593,462277.0
1764320400000,0.1594,0.1608,0.159,0.1605,364606.0
1764324000000,0.1604,0.1612,0.1598,0.1599,286222.0
1764327600000,0.1599,0.1601,0.1586,0.1591,223438.0
1764331200000,0.1591,0.161,0.1586,0.1594,349483.0
1764334800000,0.1594,0.16,0.1581,0.1595,252155.0
1764338400000,0.1596,0.1606,0.1586,0.1591,213933.0
1764342000000,0.1592,0.1597,0.1571,0.1577,345617.0
1764345600000,0.1577,0.1577,0.155,0.1555,713286.0
1764349200000,0.1555,0.1555,0.1502,0.1514,1484281.0
1764352800000,0.1514,0.1554,0.1485,0.1501,4598024.0
1764356400000,0.1502,0.1513,0.1499,0.1501,308417.0
1764360000000,0.1501,0.156,0.1495,0.1551,2021590.0
1764363600000,0.155,0.1554,0.1521,0.1533,1605785.0
1764367200000,0.1533,0.1548,0.1531,0.1537,284296.0
1764370800000,0.1539,0.1546,0.1532,0.1534,203533.0
1764374400000,0.1535,0.1539,0.1519,0.1522,420122.0
1764378000000,0.1522,0.1547,0.1521,0.1536,172573.0
1764381600000,0.1536,0.1538,0.1518,0.1524,442317.0
1764385200000,0.1523,0.1544,0.1523,0.1538,231294.0
1764388800000,0.1539,0.1547,0.1534,0.1543,236369.0
1764392400000,0.1542,0.1555,0.1542,0.1545,179207.0
1764396000000,0.1546,0.1558,0.1529,0.1538,225065.0
1764399600000,0.1537,0.1561,0.1537,0.1552,396756.0
1764403200000,0.1552,0.1569,0.1549,0.1556,381751.0
1764406800000,0.1555,0.1564,0.1542,0.1551,625820.0
1764410400000,0.155,0.1555,0.1531,0.1548,361610.0
1764414000000,0.1548,0.1554,0.1544,0.1548,101756.0
1764417600000,0.1549,0.1562,0.1548,0.1548,131000.0
1764421200000,0.1547,0.1557,0.1542,0.1552,165408.0
1764424800000,0.1552,0.1567,0.1547,0.1559,320887.0
1764428400000,0.1558,0.1572,0.1544,0.1547,475002.0
1764432000000,0.1547,0.1556,0.153,0.1534,162819.0
1764435600000,0.1534,0.1541,0.1522,0.1535,190389.0
1764439200000,0.1533,0.1561,0.1524,0.1546,375894.0
1764442800000,0.1547,0.1554,0.1539,0.1541,128260.0
1764446400000,0.1541,0.1563,0.1535,0.1561,207947.0
1764450000000,0.156,0.161,0.1554,0.1589,866526.0
1764453600000,0.159,0.159,0.1568,0.1575,354884.0
1764457200000,0.1576,0.1591,0.1572,0.1577,225036.0
1764460800000,0.1577,0.1578,0.1563,0.1569,199159.0
1764464400000,0.1568,0.1587,0.1562,0.1574,230305.0
1764468000000,0.1573,0.1603,0.1569,0.1579,804835.0
1764471600000,0.1578,0.1586,0.1567,0.1583,297472.0
1764475200000,0.1582,0.1584,0.1537,0.1546,1002826.0
1764478800000,0.1546,0.1551,0.1533,0.1545,212682.0
1764482400000,0.1544,0.1555,0.1539,0.1551,104795.0
1764486000000,0.1551,0.1561,0.1546,0.1552,233420.0
1764489600000,0.1553,0.1556,0.1542,0.155,201121.0
1764493200000,0.155,0.1551,0.1542,0.1546,125377.0
1764496800000,0.1547,0.1557,0.1539,0.1546,293434.0
1764500400000,0.1547,0.157,0.1538,0.1561,516360.0
1764504000000,0.156,0.1565,0.155,0.1558,245463.0
1764507600000,0.1558,0.1572,0.1558,0.1567,215478.0
1764511200000,0.1568,0.1582,0.1561,0.1568,388367.0
1764514800000,0.1569,0.1573,0.1558,0.1565,175813.0
1764518400000,0.1565,0.1579,0.1563,0.1575,89090.0
1764522000000,0.1574,0.1578,0.1566,0.1572,148679.0
1764525600000,0.1572,0.162,0.157,0.1609,549399.0
1764529200000,0.1609,0.1637,0.1599,0.1608,909111.0
1764532800000,0.1609,0.1624,0.1606,0.1614,210894.0
1764536400000,0.1615,0.1619,0.1606,0.1606,167430.0
1764540000000,0.1605,0.1616,0.1603,0.1613,125728.0
1764543600000,0.1614,0.1616,0.1596,0.1601,192903.0
1764547200000,0.1601,0.1614,0.157,0.1602,1517763.0
1764550800000,0.1603,0.1629,0.1596,0.1615,767888.0
1764554400000,0.1616,0.1677,0.1615,0.1669,1393089.0
1764558000000,0.1671,0.1697,0.1651,0.1673,1402185.0
1764561600000,0.1674,0.1713,0.166,0.1676,2155256.0
1764565200000,0.1678,0.1688,0.1651,0.1664,1265066.0
1764568800000,0.1664,0.173,0.1609,0.1614,4768845.0
1764572400000,0.1614,0.1619,0.1537,0.1544,3302712.0
1764576000000,0.1544,0.1593,0.1525,0.1571,1498783.0
1764579600000,0.157,0.1584,0.1544,0.1549,1039021.0
1764583200000,0.1549,0.1563,0.1539,0.1547,616434.0
1764586800000,0.1549,0.1589,0.1546,0.1586,731503.0
1764590400000,0.1585,0.164,0.1571,0.1633,1252549.0
1764594000000,0.1633,0.167,0.1617,0.1656,1596090.0
1764597600000,0.1656,0.1729,0.1646,0.1705,2552434.0
1764601200000,0.1708,0.1757,0.1683,0.1726,3335661.0
1764604800000,0.1726,0.1842,0.1724,0.1833,5729091.0
1764608400000,0.1836,0.1933,0.1785,0.1911,13964674.0
1764612000000,0.1911,0.193,0.1815,0.186,11675455.0
1764615600000,0.1862,0.1976,0.1854,0.1957,7256254.0
1764619200000,0.1959,0.196,0.1896,0.192,7621085.0
1764622800000,0.192,0.2098,0.191,0.2042,12472697.0
1764626400000,0.2042,0.2249,0.2042,0.222,27054637.0
1764630000000,0.2218,0.2253,0.1685,0.1715,79051213.0
1764633600000,0.1714,0.1732,0.1593,0.1613,18905696.0
1764637200000,0.1615,0.1666,0.1585,0.1624,7285548.0
1764640800000,0.1623,0.1652,0.1603,0.163,3122703.0
1764644400000,0.163,0.1631,0.1578,0.1584,2406171.0
1764648000000,0.1584,0.1618,0.1581,0.1607,2002562.0
1764651600000,0.1607,0.163,0.159,0.1595,1911145.0
1764655200000,0.1594,0.1659,0.1587,0.1649,2709666.0
1764658800000,0.1648,0.1725,0.1642,0.1723,5578359.0
1764662400000,0.172,0.1825,0.1706,0.1817,15082658.0
1764666000000,0.1819,0.1965,0.1652,0.177,71847712.0
1764669600000,0.1772,0.1839,0.1733,0.1793,21675228.0
1764673200000,0.1795,0.1811,0.1753,0.1771,6495243.0
1764676800000,0.177,0.1819,0.1757,0.1808,5965096.0
1764680400000,0.1808,0.1872,0.1805,0.1859,8114582.0
1764684000000,0.1862,0.1966,0.1844,0.1948,9698363.0
1764687600000,0.1948,0.2037,0.1928,0.201,7087365.0
1764691200000,0.2012,0.2112,0.1976,0.1983,7149342.0
1764694800000,0.1982,0.2037,0.1947,0.1959,4136748.0
1764698400000,0.1958,0.2042,0.1921,0.2017,4528704.0
1764702000000,0.2017,0.2108,0.2002,0.2094,2808725.0
1764705600000,0.2094,0.2144,0.2022,0.2036,4271223.0
1764709200000,0.2037,0.2085,0.2017,0.207,1026946.0
1764712800000,0.207,0.2122,0.2031,0.2059,1323972.0
1764716400000,0.2059,0.2094,0.2028,0.2047,1059645.0
1764720000000,0.2047,0.2115,0.2029,0.2084,2941178.0
1764723600000,0.2085,0.2122,0.2076,0.2084,2553787.0
1764727200000,0.2084,0.2197,0.2079,0.218,7065066.0
1764730800000,0.2181,0.221,0.2138,0.2169,4256569.0
1764734400000,0.2168,0.218,0.2103,0.2138,3881214.0
1764738000000,0.2136,0.2192,0.2121,0.2136,4092183.0
1764741600000,0.2138,0.2143,0.2052,0.2082,5653201.0
1764745200000,0.2083,0.2102,0.2068,0.2071,1656921.0
1764748800000,0.207,0.2113,0.2069,0.2082,1309290.0
1764752400000,0.2084,0.2188,0.208,0.2139,2527627.0
1764756000000,0.214,0.2178,0.2132,0.2174,1962051.0
1764759600000,0.2175,0.2239,0.2169,0.2215,4739834.0
1764763200000,0.2215,0.2306,0.2202,0.2281,4739918.0
1764766800000,0.2279,0.2467,0.2262,0.2352,14936446.0
1764770400000,0.2352,0.2488,0.2265,0.2389,11459055.0
1764774000000,0.2387,0.2446,0.2332,0.236,5337333.0
1764777600000,0.2361,0.2387,0.2332,0.2373,2809081.0
1764781200000,0.2373,0.2384,0.2311,0.2338,3576468.0
1764784800000,0.2339,0.2412,0.2328,0.2392,3287573.0
1764788400000,0.2392,0.2393,0.2347,0.2356,1325476.0
1764792000000,0.2358,0.2379,0.2303,0.2331,2388233.0
1764795600000,0.2333,0.2344,0.2311,0.2326,956781.0
1764799200000,0.2328,0.2404,0.2324,0.2374,1458410.0
1764802800000,0.2373,0.2377,0.2312,0.2334,1055769.0
1764806400000,0.2334,0.2361,0.2288,0.2298,1331081.0
1764810000000,0.2298,0.2348,0.2296,0.2345,846905.0
1764813600000,0.2344,0.2361,0.2309,0.2319,762923.0
1764817200000,0.2321,0.2353,0.2283,0.2342,1575133.0
1764820800000,0.2342,0.2397,0.2325,0.2368,1461251.0
1764824400000,0.2369,0.2374,0.2301,0.2313,1705080.0
1764828000000,0.2314,0.2368,0.2303,0.2356,1046237.0
1764831600000,0.2356,0.2389,0.2327,0.237,1692739.0
1764835200000,0.2369,0.2389,0.235,0.2364,1044190.0
1764838800000,0.2364,0.2449,0.2334,0.2387,3376585.0
1764842400000,0.2389,0.2403,0.2341,0.2374,2644731.0
1764846000000,0.2373,0.2432,0.2371,0.2419,1895301.0
1764849600000,0.2417,0.2421,0.2363,0.2376,1641912.0
1764853200000,0.2376,0.2411,0.2372,0.2405,664455.0
1764856800000,0.2406,0.244,0.2355,0.2383,2346140.0
1764860400000,0.2382,0.2399,0.2345,0.2369,964009.0
1764864000000,0.2371,0.238,0.2322,0.2362,1309467.0
1764867600000,0.2362,0.2369,0.2323,0.235,1066065.0
1764871200000,0.2352,0.2364,0.2333,0.2338,449648.0
1764874800000,0.2338,0.2379,0.2332,0.2372,878087.0
1764878400000,0.2373,0.2422,0.2372,0.2417,715703.0
1764882000000,0.2417,0.2422,0.2368,0.2381,682198.0
1764885600000,0.2382,0.2399,0.2365,0.2391,390072.0
1764889200000,0.2391,0.2394,0.2359,0.2368,484926.0
1764892800000,0.2369,0.2378,0.2332,0.2361,713740.0
1764896400000,0.2361,0.2409,0.2359,0.2384,394266.0
1764900000000,0.2383,0.2404,0.2379,0.2402,275922.0
1764903600000,0.2403,0.2414,0.2373,0.2403,479510.0
1764907200000,0.2402,0.2426,0.2382,0.2396,707375.0
1764910800000,0.2397,0.245,0.2396,0.2441,701410.0
1764914400000,0.2441,0.2447,0.2374,0.242,1276518.0
1764918000000,0.2418,0.2433,0.2401,0.2406,542046.0
1764921600000,0.2407,0.2421,0.2334,0.2347,1114471.0
1764925200000,0.2348,0.2396,0.2341,0.2367,936706.0
1764928800000,0.2366,0.2388,0.2349,0.2354,491486.0
1764932400000,0.2353,0.2372,0.2326,0.2347,1512233.0
1764936000000,0.2348,0.2371,0.2292,0.2354,2516806.0
1764939600000,0.2355,0.2365,0.2329,0.2335,1106252.0
1764943200000,0.2335,0.2345,0.2305,0.2325,779049.0
1764946800000,0.2326,0.2364,0.232,0.2323,1092836.0
1764950400000,0.2324,0.2395,0.232,0.2389,1587357.0
1764954000000,0.239,0.2411,0.2352,0.2359,1198593.0
1764957600000,0.236,0.2386,0.2354,0.2366,448594.0
1764961200000,0.2366,0.2408,0.2359,0.2388,526946.0
1764964800000,0.2388,0.2434,0.2382,0.2414,1063650.0
1764968400000,0.2412,0.2427,0.2392,0.2403,344536.0
1764972000000,0.2404,0.2422,0.2398,0.2417,136198.0
1764975600000,0.2417,0.2424,0.2403,0.2414,107907.0
1764979200000,0.2414,0.2423,0.239,0.2396,236438.0
1764982800000,0.2396,0.2399,0.2352,0.2363,415034.0
1764986400000,0.2363,0.2364,0.2325,0.2347,322649.0
1764990000000,0.2348,0.2353,0.2337,0.2344,116705.0
1764993600000,0.2346,0.2361,0.2342,0.2342,148120.0
1764997200000,0.2344,0.2399,0.2337,0.2373,680721.0
1765000800000,0.2374,0.2379,0.2334,0.234,367339.0
1765004400000,0.2339,0.2345,0.2319,0.2335,310139.0
1765008000000,0.2335,0.2343,0.2307,0.2322,578907.0
1765011600000,0.2324,0.2385,0.2317,0.2372,721394.0
1765015200000,0.2372,0.238,0.2338,0.2357,1037304.0
1765018800000,0.2356,0.2363,0.2311,0.2327,503868.0
1765022400000,0.2329,0.2338,0.2307,0.2325,564688.0
1765026000000,0.2325,0.2335,0.232,0.2328,221825.0
1765029600000,0.2327,0.233,0.2051,0.2076,9099282.0
1765033200000,0.2073,0.2093,0.2012,0.2084,2567177.0
1765036800000,0.2086,0.2185,0.2073,0.2174,2908173.0
1765040400000,0.2174,0.2263,0.2154,0.226,2617787.0
1765044000000,0.2259,0.2346,0.2236,0.2279,2584534.0
1765047600000,0.2279,0.2284,0.225,0.2254,513788.0
1765051200000,0.2253,0.2271,0.2215,0.2215,548474.0
1765054800000,0.2215,0.2243,0.219,0.2192,609670.0
1765058400000,0.2194,0.2212,0.217,0.2203,529225.0
1765062000000,0.2203,0.2252,0.2203,0.2237,509385.0
1765065600000,0.2238,0.2302,0.2236,0.2284,513954.0
1765069200000,0.2283,0.2322,0.2258,0.231,450118.0
1765072800000,0.231,0.2324,0.2293,0.2312,317364.0
1765076400000,0.231,0.2338,0.2289,0.2333,381580.0
1765080000000,0.2332,0.2402,0.2296,0.2334,1575238.0
1765083600000,0.2333,0.2369,0.2325,0.2368,470775.0
1765087200000,0.2366,0.2377,0.2343,0.2348,296308.0
1765090800000,0.2347,0.2454,0.2343,0.2427,1386989.0
1765094400000,0.2426,0.243,0.2377,0.2382,701949.0
1765098000000,0.2382,0.2399,0.2349,0.2361,834802.0
1765101600000,0.236,0.2407,0.2346,0.2379,1021604.0
1765105200000,0.2379,0.2415,0.2357,0.2366,716417.0
1765108800000,0.2366,0.2378,0.2309,0.2345,1091656.0
1765112400000,0.2344,0.235,0.2318,0.2325,543267.0
1765116000000,0.2322,0.247,0.2316,0.2438,3251630.0
1765119600000,0.2438,0.2492,0.2335,0.2377,5540543.0
1765123200000,0.2377,0.2393,0.2339,0.2388,995579.0
1765126800000,0.2388,0.244,0.2388,0.2396,994418.0
1765130400000,0.2394,0.241,0.237,0.2372,503910.0
1765134000000,0.2372,0.2388,0.2361,0.2372,349138.0
1765137600000,0.2373,0.2393,0.2363,0.2384,253883.0
1765141200000,0.2384,0.2395,0.2355,0.2369,483967.0
1765144800000,0.2368,0.2447,0.2352,0.2418,1911091.0
1765148400000,0.2418,0.2483,0.24,0.2449,1205225.0
1765152000000,0.2449,0.2465,0.2393,0.2421,1473165.0
1765155600000,0.2421,0.2434,0.2413,0.2424,427837.0
1765159200000,0.2424,0.2438,0.2411,0.2435,337918.0
1765162800000,0.2437,0.2437,0.235,0.2375,1517207.0
1765166400000,0.2375,0.2381,0.2339,0.2373,810935.0
1765170000000,0.2375,0.241,0.2367,0.2381,517844.0
1765173600000,0.238,0.2421,0.2374,0.24,505941.0
1765177200000,0.24,0.2403,0.2378,0.239,218462.0
1765180800000,0.239,0.2411,0.2378,0.2403,322607.0
1765184400000,0.2404,0.242,0.234,0.2356,775217.0
1765188000000,0.2357,0.238,0.2346,0.236,363724.0
1765191600000,0.2362,0.2362,0.2346,0.2353,286817.0
1765195200000,0.2353,0.2356,0.2308,0.2317,1016589.0
1765198800000,0.2316,0.2322,0.2278,0.2304,706093.0
1765202400000,0.2304,0.2348,0.2304,0.2319,471313.0
1765206000000,0.232,0.233,0.2299,0.2316,476081.0
1765209600000,0.2314,0.2326,0.2305,0.2312,206904.0
1765213200000,0.2313,0.2357,0.2289,0.235,441285.0
1765216800000,0.2352,0.241,0.232,0.239,839012.0
1765220400000,0.2389,0.2449,0.2378,0.2443,1233129.0
1765224000000,0.2442,0.2479,0.2422,0.2453,1172568.0
1765227600000,0.2453,0.2472,0.2415,0.2451,551572.0
1765231200000,0.2453,0.247,0.2412,0.2424,723439.0
1765234800000,0.2425,0.2466,0.2424,0.244,374590.0
1765238400000,0.2438,0.2454,0.2394,0.2412,835078.0
1765242000000,0.2411,0.2443,0.2411,0.2431,262472.0
1765245600000,0.243,0.2478,0.243,0.2441,1385439.0
1765249200000,0.2443,0.2492,0.2439,0.247,785992.0
1765252800000,0.2472,0.2598,0.2453,0.2576,2661716.0
1765256400000,0.2575,0.2634,0.2515,0.2591,3973194.0
1765260000000,0.2593,0.2626,0.2499,0.2545,5862454.0
1765263600000,0.2545,0.2573,0.2522,0.2537,1059492.0
1765267200000,0.2538,0.2567,0.2517,0.253,1556142.0
1765270800000,0.2532,0.2562,0.2507,0.2551,1235368.0
1765274400000,0.2551,0.258,0.2462,0.2499,3968891.0
1765278000000,0.2502,0.251,0.2469,0.2477,761111.0
1765281600000,0.2476,0.2539,0.2475,0.2532,1093532.0
1765285200000,0.2534,0.2544,0.2503,0.2525,987259.0
1765288800000,0.2526,0.2545,0.2503,0.2534,908321.0
1765292400000,0.2533,0.2569,0.2519,0.2549,1668537.0
1765296000000,0.2549,0.258,0.2482,0.2487,2255223.0
1765299600000,0.2488,0.2492,0.239,0.24,2162226.0
1765303200000,0.24,0.2403,0.236,0.2374,1163721.0
1765306800000,0.2375,0.2384,0.2353,0.2357,565777.0
1765310400000,0.2357,0.236,0.2225,0.2263,3778570.0
1765314000000,0.2263,0.2266,0.2173,0.2208,2375068.0
1765317600000,0.2209,0.2347,0.2194,0.2326,2483370.0
1765321200000,0.2326,0.2372,0.2262,0.2355,1634896.0
1765324800000,0.2353,0.2399,0.2323,0.2341,1587967.0
1765328400000,0.234,0.2346,0.23,0.2334,972065.0
1765332000000,0.2334,0.2346,0.2288,0.2292,599155.0
1765335600000,0.2292,0.2304,0.2275,0.2289,508371.0
1765339200000,0.229,0.2297,0.2247,0.2256,565106.0
1765342800000,0.2257,0.2342,0.2251,0.2316,1359181.0
1765346400000,0.2316,0.2317,0.2282,0.2289,782482.0
1765350000000,0.229,0.2291,0.2238,0.226,1156628.0
1765353600000,0.226,0.2407,0.2233,0.2345,5865317.0
1765357200000,0.2344,0.239,0.2337,0.2363,899598.0
1765360800000,0.2363,0.238,0.2288,0.23,890751.0
1765364400000,0.23,0.2308,0.2273,0.2283,468437.0
1765368000000,0.2284,0.2296,0.2262,0.2273,536914.0
1765371600000,0.2272,0.2337,0.2266,0.2295,1101645.0
1765375200000,0.2296,0.2302,0.2246,0.2265,659381.0
1765378800000,0.2265,0.2301,0.2208,0.2251,2072812.0
1765382400000,0.2251,0.2308,0.2223,0.2255,1752240.0
1765386000000,0.2255,0.2271,0.2215,0.2229,911198.0
1765389600000,0.2227,0.2242,0.2202,0.2209,334048.0
1765393200000,0.2208,0.2235,0.218,0.2202,1016019.0
1765396800000,0.2203,0.2216,0.2142,0.2154,1199995.0
1765400400000,0.2154,0.2171,0.2137,0.2163,271747.0
1765404000000,0.2164,0.2229,0.2146,0.2199,935233.0
1765407600000,0.2198,0.2211,0.2182,0.2207,447863.0
1765411200000,0.2207,0.2268,0.2198,0.2261,1450317.0
1765414800000,0.226,0.2314,0.2233,0.2291,1400532.0
1765418400000,0.2291,0.2332,0.2274,0.2331,737834.0
1765422000000,0.2333,0.235,0.2298,0.2331,597732.0
1765425600000,0.2334,0.2348,0.23,0.2332,1177166.0
1765429200000,0.2332,0.2367,0.2324,0.2362,566901.0
1765432800000,0.2364,0.2399,0.2345,0.2367,968741.0
1765436400000,0.2368,0.2443,0.2348,0.2384,2680980.0
1765440000000,0.2385,0.2418,0.2358,0.2408,1088528.0
1765443600000,0.2409,0.2493,0.2403,0.2445,2086776.0
1765447200000,0.2445,0.2523,0.2435,0.2491,2621565.0
1765450800000,0.2492,0.2578,0.245,0.2559,3951498.0
1765454400000,0.2562,0.2607,0.2527,0.2583,6041024.0
1765458000000,0.258,0.2671,0.2547,0.2567,7308415.0
1765461600000,0.2565,0.2611,0.2483,0.2538,5070911.0
1765465200000,0.2534,0.2551,0.2488,0.2503,3914339.0
1765468800000,0.2503,0.252,0.2476,0.2493,1975956.0
1765472400000,0.2495,0.2507,0.2391,0.2402,4259898.0
1765476000000,0.2403,0.2452,0.2359,0.2408,3207248.0
1765479600000,0.241,0.2444,0.2406,0.2413,1102062.0
1765483200000,0.2414,0.2435,0.2379,0.2434,2253812.0
1765486800000,0.2435,0.2489,0.2427,0.2474,2745605.0
1765490400000,0.2475,0.2487,0.2415,0.2434,971391.0
1765494000000,0.2433,0.2451,0.2423,0.2438,445472.0
1765497600000,0.2438,0.2487,0.2431,0.2453,1829242.0
1765501200000,0.2453,0.2499,0.2429,0.2479,1658650.0
1765504800000,0.2477,0.2512,0.2433,0.245,1268479.0
1765508400000,0.2448,0.2475,0.2388,0.2398,1284127.0
1765512000000,0.2398,0.2414,0.2359,0.2406,931989.0
1765515600000,0.2406,0.2411,0.2362,0.2369,449974.0
1765519200000,0.2369,0.2378,0.2356,0.236,428297.0
1765522800000,0.2361,0.2384,0.2351,0.2371,477700.0
1765526400000,0.2373,0.2397,0.2339,0.2347,779889.0
1765530000000,0.2348,0.2358,0.2337,0.2347,537966.0
1765533600000,0.2348,0.2356,0.2327,0.2331,335459.0
1765537200000,0.2331,0.2353,0.2314,0.2352,403558.0
1765540800000,0.2351,0.2384,0.2336,0.2367,635217.0
1765544400000,0.2366,0.2395,0.2345,0.2387,643524.0
1765548000000,0.2386,0.2386,0.2353,0.2375,662065.0
1765551600000,0.2375,0.2467,0.2354,0.2444,2200464.0
1765555200000,0.2443,0.2491,0.2431,0.2444,1710679.0
1765558800000,0.2444,0.2486,0.2439,0.2476,492047.0
1765562400000,0.2477,0.2481,0.2454,0.2464,421063.0
1765566000000,0.2463,0.2473,0.2448,0.2462,279673.0
1765569600000,0.246,0.247,0.245,0.247,179815.0
1765573200000,0.247,0.2485,0.2458,0.2475,316894.0
1765576800000,0.2476,0.2478,0.2442,0.2443,362067.0
1765580400000,0.2443,0.2453,0.2402,0.2428,650669.0
1765584000000,0.2427,0.2438,0.2411,0.2415,314032.0
1765587600000,0.2415,0.2417,0.2378,0.2402,611233.0
1765591200000,0.2403,0.2409,0.2385,0.2388,198462.0
1765594800000,0.2388,0.2397,0.2366,0.2373,540962.0
1765598400000,0.2373,0.2403,0.2368,0.24,207746.0
1765602000000,0.2399,0.2427,0.2396,0.2416,342798.0
1765605600000,0.2416,0.2433,0.2398,0.24,468107.0
1765609200000,0.2399,0.2413,0.2392,0.2405,150662.0
1765612800000,0.2404,0.2411,0.2389,0.2411,219272.0
1765616400000,0.2411,0.2508,0.2402,0.2478,1849434.0
1765620000000,0.2478,0.2489,0.2439,0.2441,780891.0
1765623600000,0.244,0.244,0.2412,0.2424,336256.0
1765627200000,0.2424,0.2424,0.2397,0.2407,385289.0
1765630800000,0.2408,0.2416,0.2379,0.2408,765702.0
1765634400000,0.2408,0.242,0.2392,0.2407,629138.0
1765638000000,0.2406,0.2429,0.2402,0.2425,191291.0
1765641600000,0.2424,0.2436,0.242,0.2427,87424.0
1765645200000,0.2429,0.2437,0.2423,0.2432,122727.0
1765648800000,0.2431,0.2457,0.2429,0.2447,235939.0
1765652400000,0.2448,0.2455,0.2443,0.2443,49905.0
1765656000000,0.2443,0.2444,0.2426,0.2435,159523.0
1765659600000,0.2435,0.2435,0.2402,0.2424,391755.0
1765663200000,0.2425,0.2531,0.2423,0.2515,626519.0
1765666800000,0.2515,0.2555,0.25,0.253,805782.0
1765670400000,0.253,0.2564,0.252,0.2548,512930.0
1765674000000,0.2548,0.2583,0.249,0.2511,870624.0
1765677600000,0.2511,0.2528,0.2469,0.2486,661885.0
1765681200000,0.2488,0.2542,0.2482,0.2492,573300.0
1765684800000,0.2492,0.2513,0.2474,0.2496,370316.0
1765688400000,0.2497,0.2499,0.2426,0.2441,616329.0
1765692000000,0.2442,0.2473,0.243,0.2442,586008.0
1765695600000,0.2442,0.2499,0.2439,0.2495,426248.0
1765699200000,0.2495,0.2506,0.2457,0.246,302967.0
1765702800000,0.2461,0.2477,0.2441,0.2442,467879.0
1765706400000,0.2443,0.2451,0.2384,0.2393,941807.0
1765710000000,0.2392,0.2469,0.2389,0.2456,605529.0
1765713600000,0.2457,0.246,0.2436,0.2443,150657.0
1765717200000,0.2443,0.2466,0.2432,0.2459,330031.0
1765720800000,0.246,0.246,0.2436,0.2447,172305.0
1765724400000,0.2447,0.2466,0.2442,0.2464,192408.0
1765728000000,0.2464,0.2474,0.2442,0.2444,153874.0
1765731600000,0.2445,0.2449,0.224,0.2318,8815252.0
1765735200000,0.2318,0.2421,0.2307,0.242,1632668.0
1765738800000,0.2419,0.242,0.2377,0.2391,351849.0
1765742400000,0.239,0.2415,0.2382,0.2413,258844.0
1765746000000,0.2413,0.2423,0.2372,0.2373,306063.0
1765749600000,0.2374,0.2377,0.2329,0.2341,345798.0
1765753200000,0.2343,0.2376,0.2338,0.2361,532914.0
1765756800000,0.2364,0.2407,0.2362,0.2406,340767.0
1765760400000,0.2405,0.2406,0.2375,0.2386,181585.0
1765764000000,0.2387,0.2413,0.2376,0.2393,243585.0
1765767600000,0.2393,0.2396,0.2375,0.2388,124383.0
1765771200000,0.2387,0.2388,0.2375,0.2377,128617.0
1765774800000,0.2378,0.2387,0.2343,0.2346,308843.0
1765778400000,0.2346,0.2364,0.2333,0.2358,272712.0
1765782000000,0.236,0.239,0.2353,0.2381,465147.0
1765785600000,0.2383,0.2414,0.2373,0.2396,429624.0
1765789200000,0.2396,0.2414,0.2386,0.2398,304399.0
1765792800000,0.2398,0.242,0.239,0.2416,253371.0
1765796400000,0.2416,0.2421,0.2405,0.242,118001.0
1765800000000,0.2418,0.242,0.2387,0.2393,213787.0
1765803600000,0.2393,0.2406,0.2388,0.2394,132710.0
1765807200000,0.2394,0.241,0.2342,0.2358,665926.0
1765810800000,0.2357,0.2367,0.2321,0.2353,739674.0
1765814400000,0.2354,0.2436,0.2351,0.2392,854604.0
1765818000000,0.239,0.2406,0.2378,0.2383,233488.0
1765821600000,0.2382,0.2421,0.2375,0.2412,414065.0
1765825200000,0.2409,0.2426,0.2398,0.2398,229731.0
1765828800000,0.24,0.2404,0.2384,0.24,137386.0
1765832400000,0.2399,0.2405,0.2389,0.2395,100753.0
1765836000000,0.2395,0.2412,0.2387,0.2392,104096.0
1765839600000,0.2392,0.2431,0.2391,0.2417,209351.0
1765843200000,0.2417,0.2428,0.24,0.2413,155393.0
1765846800000,0.2411,0.2426,0.2407,0.2416,134005.0
1765850400000,0.2416,0.2421,0.2403,0.2407,128406.0
1765854000000,0.2407,0.2409,0.2369,0.2377,470788.0
1765857600000,0.2378,0.2379,0.2337,0.2352,400029.0
1765861200000,0.2353,0.2367,0.2332,0.2333,334573.0
1765864800000,0.2333,0.2355,0.2326,0.2346,166899.0
1765868400000,0.2346,0.2346,0.2303,0.2329,240358.0
1765872000000,0.2325,0.2326,0.2301,0.2306,235144.0
1765875600000,0.2307,0.2319,0.2304,0.2316,71698.0
1765879200000,0.2316,0.2351,0.2308,0.2314,426947.0
1765882800000,0.2312,0.2343,0.2301,0.2309,302295.0
1765886400000,0.2308,0.2318,0.2304,0.2309,76869.0
1765890000000,0.2309,0.233,0.2284,0.2302,274722.0
1765893600000,0.2301,0.2344,0.2288,0.2323,450979.0
1765897200000,0.2324,0.2324,0.2288,0.2317,345157.0
1765900800000,0.2317,0.2317,0.2296,0.2301,142897.0
1765904400000,0.23,0.2319,0.2296,0.2306,78464.0
1765908000000,0.2306,0.2324,0.23,0.231,86999.0
1765911600000,0.231,0.2324,0.2307,0.2319,54261.0
1765915200000,0.2319,0.2334,0.2311,0.2324,96830.0
1765918800000,0.2322,0.2346,0.2315,0.2346,143806.0
1765922400000,0.2346,0.2414,0.2337,0.237,543140.0
1765926000000,0.2369,0.2387,0.2362,0.2383,132395.0
1765929600000,0.2385,0.2392,0.2371,0.2386,129991.0
1765933200000,0.2387,0.2397,0.2374,0.2385,117112.0
1765936800000,0.2383,0.2397,0.2377,0.2396,96154.0
1765940400000,0.2395,0.242,0.2388,0.2397,275276.0
1765944000000,0.2397,0.2405,0.237,0.2384,399418.0
1765947600000,0.2385,0.2387,0.2364,0.2371,128279.0
1765951200000,0.2373,0.2376,0.2347,0.2352,235996.0
1765954800000,0.235,0.2355,0.2326,0.2341,184347.0
1765958400000,0.2341,0.2342,0.23,0.2303,304035.0
1765962000000,0.2302,0.2309,0.2291,0.2301,118436.0
1765965600000,0.23,0.2337,0.2297,0.2301,628385.0
1765969200000,0.23,0.2321,0.2299,0.2319,85044.0
1765972800000,0.232,0.2324,0.2303,0.2309,81264.0
1765976400000,0.2308,0.2329,0.2305,0.2324,79530.0
1765980000000,0.2321,0.2328,0.2285,0.2315,377220.0
1765983600000,0.2315,0.2318,0.2177,0.2186,1642774.0
1765987200000,0.2183,0.2289,0.2158,0.227,1273069.0
1765990800000,0.2269,0.2295,0.2251,0.2259,351278.0
1765994400000,0.226,0.2334,0.2248,0.2298,1228544.0
1765998000000,0.2297,0.2319,0.2291,0.2299,247130.0
1766001600000,0.23,0.2308,0.2287,0.2287,150907.0
1766005200000,0.2288,0.2295,0.2275,0.2282,124617.0
1766008800000,0.2283,0.2284,0.2262,0.2274,161275.0
1766012400000,0.2274,0.2328,0.2265,0.2311,629267.0
1766016000000,0.2312,0.2321,0.2302,0.2304,127619.0
1766019600000,0.2305,0.2314,0.2281,0.2292,966103.0
1766023200000,0.2292,0.2294,0.2267,0.2277,261091.0
1766026800000,0.2278,0.228,0.2248,0.2252,194816.0
1766030400000,0.2251,0.226,0.2218,0.2223,340102.0
1766034000000,0.2224,0.2228,0.2207,0.2219,189749.0
1766037600000,0.2217,0.2237,0.2211,0.2229,133897.0
1766041200000,0.223,0.2238,0.2224,0.2224,91838.0
1766044800000,0.2224,0.2228,0.2219,0.2225,63531.0
1766048400000,0.2225,0.224,0.2224,0.223,158105.0
1766052000000,0.2231,0.2239,0.2227,0.2228,43382.0
1766055600000,0.2228,0.2309,0.222,0.23,478370.0
1766059200000,0.2298,0.2301,0.2258,0.2278,242399.0
1766062800000,0.2278,0.2328,0.2278,0.2293,367286.0
1766066400000,0.2293,0.2304,0.2244,0.2256,336100.0
1766070000000,0.2259,0.2276,0.2231,0.2245,568243.0
1766073600000,0.2244,0.2322,0.224,0.2308,614223.0
1766077200000,0.2308,0.2337,0.2288,0.2305,700103.0
1766080800000,0.2306,0.2314,0.2278,0.2292,317940.0
1766084400000,0.2295,0.2295,0.2252,0.2259,569669.0
1766088000000,0.2258,0.2279,0.2226,0.2239,457899.0
1766091600000,0.2239,0.225,0.2235,0.2241,103324.0
1766095200000,0.2242,0.2249,0.2223,0.2247,146646.0
1766098800000,0.2247,0.2278,0.2235,0.2239,227542.0
1766102400000,0.2239,0.2243,0.2227,0.2232,104392.0
1766106000000,0.2232,0.2232,0.2179,0.219,608951.0
1766109600000,0.219,0.2206,0.2189,0.22,102785.0
1766113200000,0.22,0.2252,0.2199,0.2249,457072.0
1766116800000,0.2248,0.2266,0.224,0.2244,218149.0
1766120400000,0.2242,0.2249,0.2242,0.2247,38841.0
1766124000000,0.2249,0.2249,0.2241,0.2246,49482.0
1766127600000,0.2248,0.2265,0.2248,0.2257,138290.0
1766131200000,0.2259,0.2283,0.2254,0.2264,666084.0
1766134800000,0.2264,0.2264,0.2226,0.2233,282846.0
1766138400000,0.2233,0.2244,0.2218,0.2221,238995.0
1766142000000,0.2219,0.2229,0.2211,0.2218,146730.0
1766145600000,0.222,0.2234,0.2211,0.2218,300549.0
1766149200000,0.2216,0.2225,0.2206,0.221,414052.0
1766152800000,0.2209,0.2213,0.2138,0.2145,771074.0
1766156400000,0.2146,0.2175,0.2136,0.2141,286420.0
1766160000000,0.2141,0.2161,0.2106,0.213,981118.0
1766163600000,0.2129,0.2136,0.205,0.2084,1283952.0
1766167200000,0.2082,0.2082,0.2022,0.2047,1330135.0
1766170800000,0.2045,0.2089,0.2044,0.2063,474079.0
1766174400000,0.2062,0.2085,0.2062,0.208,213221.0
1766178000000,0.2079,0.2087,0.2066,0.2068,216643.0
1766181600000,0.2068,0.2087,0.2068,0.2081,124140.0
1766185200000,0.208,0.2082,0.2066,0.208,126988.0
1766188800000,0.2078,0.2088,0.2068,0.2084,128443.0
1766192400000,0.2084,0.2086,0.2063,0.2076,142127.0
1766196000000,0.2075,0.2136,0.2071,0.2106,441792.0
1766199600000,0.2106,0.2114,0.2087,0.2107,188644.0
1766203200000,0.2108,0.2108,0.2086,0.2087,203127.0
1766206800000,0.2089,0.2103,0.2081,0.2086,236127.0
1766210400000,0.2087,0.2089,0.2047,0.208,618459.0
1766214000000,0.2078,0.2093,0.2055,0.2062,279065.0
1766217600000,0.2062,0.2065,0.2046,0.2052,341986.0
1766221200000,0.2054,0.2054,0.1954,0.1976,2469194.0
1766224800000,0.1975,0.1987,0.1942,0.197,1039165.0
1766228400000,0.1969,0.1986,0.1947,0.1965,663295.0
1766232000000,0.1965,0.1997,0.1954,0.1991,507410.0
1766235600000,0.1991,0.1993,0.1959,0.1969,308302.0
1766239200000,0.1969,0.1976,0.1946,0.1965,516147.0
1766242800000,0.1965,0.197,0.1953,0.1961,228325.0
1766246400000,0.1961,0.1985,0.1954,0.1961,287484.0
1766250000000,0.1964,0.198,0.1955,0.1963,302858.0
1766253600000,0.1963,0.1982,0.1959,0.1981,152006.0
1766257200000,0.198,0.2014,0.197,0.201,363652.0
1766260800000,0.2008,0.2045,0.1989,0.2042,626013.0
1766264400000,0.2041,0.205,0.2018,0.2043,300337.0
1766268000000,0.2043,0.2141,0.2025,0.2103,1176189.0
1766271600000,0.2103,0.219,0.2103,0.2156,1484127.0
1766275200000,0.2156,0.2166,0.2106,0.2126,661108.0
1766278800000,0.2126,0.2136,0.2076,0.2091,481587.0
1766282400000,0.2092,0.2108,0.2082,0.2085,146617.0
1766286000000,0.2086,0.2096,0.2079,0.209,93691.0
1766289600000,0.209,0.2105,0.2073,0.2081,240119.0
1766293200000,0.2083,0.2089,0.206,0.2072,246594.0
1766296800000,0.2071,0.2092,0.2065,0.2087,180349.0
1766300400000,0.2087,0.209,0.2064,0.2073,100893.0
1766304000000,0.2071,0.2091,0.2067,0.2075,154912.0
1766307600000,0.2075,0.2085,0.2048,0.2057,355544.0
1766311200000,0.2057,0.2057,0.2031,0.204,191719.0
1766314800000,0.2039,0.2051,0.2029,0.2038,81091.0
1766318400000,0.2038,0.2076,0.2031,0.2042,293707.0
1766322000000,0.2043,0.2116,0.2031,0.209,1247983.0
1766325600000,0.2089,0.2111,0.2083,0.2099,463608.0
1766329200000,0.21,0.2139,0.208,0.2129,476687.0
1766332800000,0.213,0.2184,0.2129,0.2167,1106118.0
1766336400000,0.2164,0.2181,0.2125,0.213,1240684.0
1766340000000,0.2131,0.2133,0.2103,0.2108,313765.0
1766343600000,0.2107,0.2129,0.2095,0.2126,234812.0
1766347200000,0.2126,0.215,0.2124,0.2132,314871.0
1766350800000,0.213,0.2131,0.2092,0.2098,217961.0
1766354400000,0.2098,0.2124,0.2093,0.2123,163339.0
1766358000000,0.2124,0.2139,0.2099,0.2124,256398.0
1766361600000,0.2126,0.2143,0.2117,0.2126,279315.0
1766365200000,0.2127,0.2136,0.211,0.2126,313946.0
1766368800000,0.2126,0.2132,0.2111,0.2129,117880.0
1766372400000,0.2129,0.2136,0.2113,0.2119,101549.0
1766376000000,0.2121,0.2137,0.2118,0.2128,68405.0
1766379600000,0.2128,0.2128,0.2091,0.2099,353110.0
1766383200000,0.2101,0.2149,0.2101,0.2131,302192.0
1766386800000,0.2132,0.2133,0.2116,0.2118,89296.0
1766390400000,0.2117,0.2129,0.2106,0.211,121023.0
1766394000000,0.211,0.2119,0.2104,0.2113,130746.0
1766397600000,0.2113,0.2125,0.2102,0.2111,318357.0
1766401200000,0.2112,0.2115,0.2097,0.2106,103297.0
1766404800000,0.2105,0.2115,0.2094,0.2096,110755.0
1766408400000,0.2096,0.2097,0.2084,0.2093,213013.0
1766412000000,0.2092,0.2104,0.2083,0.2098,119072.0
1766415600000,0.2098,0.2101,0.2076,0.2083,290191.0
1766419200000,0.2086,0.2109,0.2085,0.2096,162013.0
1766422800000,0.2096,0.212,0.2093,0.2105,157089.0
1766426400000,0.2104,0.2123,0.2092,0.2098,231963.0
1766430000000,0.2098,0.2098,0.2059,0.2067,326613.0
1766433600000,0.2066,0.2074,0.2058,0.206,50508.0
1766437200000,0.2058,0.2071,0.2058,0.2064,105333.0
1766440800000,0.2065,0.2085,0.2057,0.207,202885.0
1766444400000,0.2067,0.2067,0.2051,0.2065,94910.0
1766448000000,0.2066,0.2086,0.2059,0.2067,306019.0
1766451600000,0.2066,0.2074,0.2057,0.2072,41005.0
1766455200000,0.207,0.2081,0.2052,0.2052,113617.0
1766458800000,0.2052,0.2052,0.1979,0.1995,2235978.0
1766462400000,0.1993,0.2001,0.1987,0.1998,408042.0
1766466000000,0.1997,0.1999,0.1986,0.1995,131347.0
1766469600000,0.1994,0.1996,0.1981,0.1985,143080.0
1766473200000,0.1984,0.1996,0.1983,0.199,102258.0
1766476800000,0.1988,0.2003,0.1986,0.1998,166051.0
1766480400000,0.1999,0.2027,0.194,0.1958,1731567.0
1766484000000,0.1958,0.1958,0.1929,0.1944,440174.0
1766487600000,0.1944,0.1944,0.1921,0.193,243831.0
1766491200000,0.1931,0.1985,0.1924,0.1963,2030688.0
1766494800000,0.1963,0.1991,0.1951,0.1965,514001.0
1766498400000,0.1965,0.1974,0.1955,0.1967,336644.0
1766502000000,0.1967,0.1976,0.1953,0.1957,640372.0
1766505600000,0.1957,0.1961,0.1936,0.1944,290019.0
1766509200000,0.1941,0.1944,0.1934,0.1935,149666.0
1766512800000,0.1935,0.1952,0.1933,0.1949,101188.0
1766516400000,0.1948,0.195,0.1935,0.1938,72878.0
1766520000000,0.194,0.1955,0.1937,0.1946,148998.0
1766523600000,0.1946,0.1947,0.1938,0.1943,56876.0
1766527200000,0.1944,0.1945,0.1933,0.1943,77508.0
1766530800000,0.1942,0.1947,0.1928,0.1931,135344.0
1766534400000,0.1932,0.1941,0.1924,0.1937,299685.0
1766538000000,0.1936,0.1937,0.1919,0.1925,89810.0
1766541600000,0.1924,0.1934,0.1913,0.1926,256851.0
1766545200000,0.1926,0.1931,0.1919,0.1927,148384.0
1766548800000,0.1927,0.1936,0.1924,0.1926,137180.0
1766552400000,0.1927,0.1983,0.1923,0.1958,796803.0
1766556000000,0.1957,0.1978,0.1951,0.1964,1037381.0
1766559600000,0.1964,0.1965,0.1944,0.1945,127347.0
1766563200000,0.1945,0.1979,0.1945,0.1958,740640.0
1766566800000,0.1959,0.1962,0.1949,0.1954,63456.0
1766570400000,0.1952,0.1954,0.1917,0.1936,443981.0
1766574000000,0.1936,0.1939,0.1922,0.1927,89027.0
1766577600000,0.1927,0.193,0.1921,0.1928,73318.0
1766581200000,0.1928,0.1931,0.1925,0.1929,50951.0
1766584800000,0.1929,0.1939,0.1924,0.1932,207610.0
1766588400000,0.1932,0.1947,0.1927,0.1943,113063.0
1766592000000,0.1944,0.1948,0.1933,0.1937,80329.0
1766595600000,0.1936,0.1937,0.1877,0.1891,761141.0
1766599200000,0.1888,0.1889,0.1866,0.1877,309679.0
1766602800000,0.1877,0.188,0.1869,0.1876,93261.0
1766606400000,0.1877,0.1905,0.1873,0.1896,330796.0
1766610000000,0.1896,0.1898,0.1889,0.1897,62411.0
1766613600000,0.1896,0.1912,0.1889,0.191,193621.0
1766617200000,0.191,0.1915,0.1898,0.1907,77384.0
1766620800000,0.1907,0.1911,0.1901,0.1903,72584.0
1766624400000,0.1902,0.1912,0.1901,0.1912,49862.0
1766628000000,0.1911,0.1915,0.1909,0.1913,60474.0
1766631600000,0.1913,0.1916,0.1908,0.1912,43903.0
1766635200000,0.1911,0.1912,0.1907,0.1912,26271.0
1766638800000,0.1911,0.1911,0.1895,0.1896,51066.0
1766642400000,0.1894,0.1902,0.1893,0.1898,40361.0
1766646000000,0.1898,0.1899,0.1893,0.1895,65024.0
1766649600000,0.1895,0.1899,0.1884,0.1891,92403.0
1766653200000,0.1892,0.1892,0.1866,0.1884,127851.0
1766656800000,0.1883,0.1886,0.185,0.1854,307589.0
1766660400000,0.1856,0.1858,0.185,0.1854,62531.0
1766664000000,0.1853,0.1868,0.185,0.1862,238419.0
1766667600000,0.1862,0.1869,0.1843,0.185,304581.0
1766671200000,0.185,0.1862,0.1841,0.1844,565734.0
1766674800000,0.1846,0.186,0.1845,0.1852,103196.0
1766678400000,0.1852,0.1852,0.1842,0.1843,115782.0
1766682000000,0.1842,0.1844,0.1831,0.1841,107878.0
1766685600000,0.1842,0.1848,0.1838,0.1843,120058.0
1766689200000,0.1843,0.1846,0.1836,0.1843,126467.0
1766692800000,0.1843,0.1843,0.1763,0.1782,1301358.0
1766696400000,0.1783,0.1786,0.1732,0.1773,1563566.0
1766700000000,0.1774,0.1824,0.1764,0.1792,688610.0
1766703600000,0.1789,0.1793,0.177,0.1778,324204.0
1766707200000,0.1777,0.1797,0.1773,0.1794,275273.0
1766710800000,0.1794,0.1794,0.1786,0.1789,112204.0
1766714400000,0.1787,0.1797,0.1781,0.1783,260803.0
1766718000000,0.1784,0.1789,0.1761,0.1777,257184.0
1766721600000,0.1778,0.1784,0.177,0.1775,180002.0
1766725200000,0.1775,0.1826,0.1774,0.1805,843814.0
1766728800000,0.1805,0.181,0.1797,0.1808,114983.0
1766732400000,0.1809,0.1825,0.1797,0.1797,240900.0
1766736000000,0.18,0.181,0.1794,0.1796,139001.0
1766739600000,0.1796,0.18,0.1775,0.1799,249706.0
1766743200000,0.1799,0.1803,0.1787,0.1801,155456.0
1766746800000,0.1802,0.1802,0.1794,0.1799,37140.0
1766750400000,0.18,0.1804,0.1795,0.1799,90560.0
1766754000000,0.18,0.1808,0.1783,0.1785,436645.0
1766757600000,0.1786,0.1801,0.1785,0.1793,417261.0
1766761200000,0.1793,0.1797,0.1783,0.1795,266686.0
1766764800000,0.1795,0.1796,0.1788,0.1789,54716.0
1766768400000,0.1789,0.1789,0.1781,0.1782,102110.0
1766772000000,0.1782,0.1782,0.1746,0.1761,448675.0
1766775600000,0.1761,0.1792,0.1758,0.1766,398378.0
1766779200000,0.1766,0.1772,0.1758,0.1761,117860.0
1766782800000,0.1761,0.1765,0.1709,0.1709,861538.0
1766786400000,0.1711,0.1728,0.169,0.1722,906626.0
1766790000000,0.1721,0.1731,0.1721,0.1725,107677.0
1766793600000,0.1726,0.1733,0.1714,0.1719,212335.0
1766797200000,0.1718,0.1724,0.1712,0.1724,44132.0
1766800800000,0.1723,0.1727,0.1721,0.1724,62018.0
1766804400000,0.1725,0.1756,0.1722,0.1742,400193.0
1766808000000,0.1743,0.1746,0.1731,0.1735,126856.0
1766811600000,0.1734,0.1736,0.1727,0.1734,145979.0
1766815200000,0.1732,0.1737,0.1729,0.1732,86122.0
1766818800000,0.1735,0.1735,0.1728,0.173,65091.0
1766822400000,0.173,0.1732,0.1699,0.1705,560849.0
1766826000000,0.1706,0.1713,0.17,0.17,90770.0
1766829600000,0.1701,0.1708,0.1672,0.169,1273645.0
1766833200000,0.1689,0.1692,0.1665,0.1678,360700.0
1766836800000,0.1678,0.1678,0.1667,0.1669,233872.0
1766840400000,0.167,0.1672,0.1637,0.1648,1135043.0
1766844000000,0.1647,0.1647,0.1597,0.1605,3277997.0
1766847600000,0.1605,0.1618,0.1566,0.1573,4424251.0
1766851200000,0.1573,0.1595,0.1564,0.1576,2200224.0
1766854800000,0.1575,0.1623,0.1541,0.1611,5244782.0
1766858400000,0.1611,0.1619,0.1597,0.1607,758517.0
1766862000000,0.1606,0.1615,0.1596,0.1602,486563.0
1766865600000,0.1602,0.1614,0.159,0.1606,422146.0
1766869200000,0.1606,0.1608,0.1599,0.16,149460.0
1766872800000,0.1601,0.1618,0.1591,0.1608,633798.0
1766876400000,0.1607,0.1619,0.1599,0.1616,392126.0
1766880000000,0.1616,0.1629,0.1606,0.1623,378414.0
1766883600000,0.1621,0.163,0.1616,0.1618,175289.0
1766887200000,0.1616,0.1627,0.1595,0.1623,606740.0
1766890800000,0.1623,0.1626,0.1614,0.1619,237655.0
1766894400000,0.1619,0.1643,0.1619,0.1636,293676.0
1766898000000,0.1636,0.1641,0.163,0.1638,143088.0
1766901600000,0.1637,0.1676,0.1637,0.1649,849857.0
1766905200000,0.165,0.1653,0.1617,0.1636,889364.0
1766908800000,0.1635,0.1637,0.1603,0.1603,512668.0
1766912400000,0.1603,0.1623,0.16,0.1604,543387.0
1766916000000,0.1604,0.1618,0.1601,0.1605,300878.0
1766919600000,0.1606,0.1612,0.1597,0.1607,249379.0
1766923200000,0.1607,0.1612,0.1589,0.1593,230727.0
1766926800000,0.1593,0.1601,0.1583,0.1598,635158.0
1766930400000,0.1598,0.1608,0.1593,0.1596,228358.0
1766934000000,0.1596,0.1604,0.1589,0.1591,312094.0
1766937600000,0.1592,0.1595,0.1581,0.1589,163352.0
1766941200000,0.1588,0.1595,0.1572,0.158,339024.0
1766944800000,0.1578,0.1594,0.1566,0.1592,299252.0
1766948400000,0.1593,0.1593,0.1572,0.1577,187114.0
1766952000000,0.1576,0.158,0.1564,0.1572,866454.0
1766955600000,0.1572,0.1577,0.1561,0.1572,376235.0
1766959200000,0.1572,0.1575,0.1563,0.1575,131018.0
1766962800000,0.1575,0.1578,0.1567,0.1572,178515.0
1766966400000,0.1573,0.1592,0.1568,0.159,304975.0
1766970000000,0.1589,0.1603,0.1582,0.1601,168847.0
1766973600000,0.1602,0.1608,0.1593,0.1604,306448.0
1766977200000,0.1604,0.1614,0.1599,0.1613,336814.0
1766980800000,0.1613,0.1613,0.16,0.1603,246892.0
1766984400000,0.1603,0.1603,0.1575,0.1576,302213.0
1766988000000,0.1576,0.1582,0.1566,0.1572,473592.0
1766991600000,0.1572,0.158,0.1566,0.1572,173722.0
1766995200000,0.1571,0.1575,0.1569,0.157,127721.0
1766998800000,0.1569,0.1569,0.1438,0.1443,4878939.0
1767002400000,0.1444,0.1463,0.141,0.1442,3667649.0
1767006000000,0.144,0.1457,0.1428,0.1436,1022558.0
1767009600000,0.1434,0.1486,0.1431,0.145,2470013.0
1767013200000,0.145,0.1466,0.1439,0.1447,1137693.0
1767016800000,0.1446,0.1476,0.1445,0.1466,656777.0
1767020400000,0.1466,0.1481,0.1464,0.1467,501018.0
1767024000000,0.1467,0.1476,0.1465,0.1471,190313.0
1767027600000,0.1473,0.1481,0.1466,0.1477,181424.0
1767031200000,0.1477,0.1481,0.1458,0.1461,145620.0
1767034800000,0.1461,0.147,0.1459,0.1462,134909.0
1767038400000,0.1462,0.1476,0.1461,0.1473,207056.0
1767042000000,0.1473,0.1477,0.1468,0.1473,87543.0
1767045600000,0.1473,0.1474,0.1463,0.1467,79545.0
1767049200000,0.1467,0.1469,0.1459,0.1463,81077.0
1767052800000,0.1463,0.1493,0.1458,0.149,559587.0
1767056400000,0.1488,0.1502,0.1485,0.1498,457881.0
1767060000000,0.1499,0.1514,0.1498,0.1509,369539.0
1767063600000,0.1509,0.1531,0.1496,0.1523,986434.0
1767067200000,0.1524,0.1531,0.1519,0.1526,232835.0
1767070800000,0.1525,0.1568,0.1525,0.1539,1438603.0
1767074400000,0.154,0.1549,0.1538,0.154,222093.0
1767078000000,0.1541,0.1555,0.1541,0.1549,502727.0
1767081600000,0.1548,0.1548,0.1519,0.1537,845397.0
1767085200000,0.1537,0.1539,0.153,0.1536,137722.0
1767088800000,0.1537,0.1565,0.1527,0.1563,1344666.0
1767092400000,0.1562,0.1562,0.1531,0.1541,855130.0
1767096000000,0.1541,0.1552,0.1538,0.1545,652117.0
1767099600000,0.1546,0.1548,0.1526,0.154,505530.0
1767103200000,0.1538,0.154,0.1498,0.1528,1139599.0
1767106800000,0.153,0.1537,0.1522,0.1536,244446.0
1767110400000,0.1535,0.1535,0.1522,0.1525,163316.0
1767114000000,0.1524,0.1534,0.1518,0.153,171743.0
1767117600000,0.1531,0.154,0.1523,0.1526,289547.0
1767121200000,0.1525,0.1525,0.1513,0.1517,168085.0
1767124800000,0.1518,0.1519,0.1513,0.1515,73289.0
1767128400000,0.1514,0.1517,0.1513,0.1517,71586.0
1767132000000,0.1517,0.1528,0.1514,0.152,229254.0
1767135600000,0.152,0.1529,0.1519,0.1523,121743.0
1767139200000,0.1524,0.1524,0.1499,0.1504,332671.0
1767142800000,0.1503,0.151,0.1501,0.1502,129991.0
1767146400000,0.1502,0.1505,0.1494,0.1498,277259.0
1767150000000,0.1499,0.1501,0.1497,0.1501,60948.0
1767153600000,0.1501,0.1504,0.1497,0.1503,96096.0
1767157200000,0.1502,0.1502,0.1497,0.15,64865.0
1767160800000,0.15,0.1517,0.15,0.1511,157254.0
1767164400000,0.1512,0.1513,0.1493,0.1495,176379.0
1767168000000,0.1495,0.1496,0.1482,0.1483,275614.0
1767171600000,0.1484,0.1492,0.1468,0.149,535734.0
1767175200000,0.1488,0.1488,0.1452,0.1457,862293.0
1767178800000,0.1457,0.1457,0.1437,0.1443,536514.0
1767182400000,0.1444,0.1444,0.1415,0.1422,556825.0
1767186000000,0.1421,0.1428,0.1406,0.1412,531137.0
1767189600000,0.141,0.1428,0.139,0.1391,969249.0
1767193200000,0.139,0.1398,0.1382,0.1395,393482.0
1767196800000,0.1395,0.1406,0.138,0.1394,636465.0
1767200400000,0.1393,0.1396,0.137,0.1375,446808.0
1767204000000,0.1375,0.1384,0.137,0.1377,479361.0
1767207600000,0.1377,0.139,0.1374,0.1383,282481.0
1767211200000,0.1382,0.1384,0.1366,0.1378,429378.0
1767214800000,0.1377,0.1381,0.1361,0.1365,266935.0
1767218400000,0.1365,0.1365,0.1347,0.1347,441222.0
1767222000000,0.1349,0.1349,0.1321,0.1336,1281963.0
1767225600000,0.1337,0.1351,0.1292,0.1317,2200740.0
1767229200000,0.1317,0.1337,0.1317,0.133,367099.0
1767232800000,0.1328,0.1332,0.132,0.1324,306600.0
1767236400000,0.1324,0.1338,0.1322,0.1325,325278.0
1767240000000,0.1326,0.1326,0.1294,0.131,1041728.0
1767243600000,0.1309,0.1316,0.1301,0.1314,383811.0
1767247200000,0.1312,0.1388,0.1305,0.1376,2783039.0
1767250800000,0.1377,0.1479,0.1373,0.1451,4170748.0
1767254400000,0.1451,0.1488,0.1421,0.1473,2644526.0
1767258000000,0.1475,0.1485,0.1427,0.1434,1504780.0
1767261600000,0.1435,0.1457,0.1424,0.1435,749093.0
1767265200000,0.1435,0.144,0.1426,0.1435,305302.0
1767268800000,0.1435,0.1437,0.1369,0.1386,2165808.0
1767272400000,0.1385,0.1431,0.1384,0.1415,1330096.0
1767276000000,0.1414,0.142,0.1405,0.1411,420193.0
1767279600000,0.1411,0.1414,0.1388,0.1392,666552.0
1767283200000,0.1392,0.14,0.1375,0.1381,485360.0
1767286800000,0.1381,0.1388,0.1367,0.1377,941745.0
1767290400000,0.1378,0.1379,0.1358,0.1367,311299.0
1767294000000,0.1369,0.1413,0.1367,0.1375,1713979.0
1767297600000,0.1376,0.1376,0.1354,0.1357,359604.0
1767301200000,0.1356,0.1363,0.1356,0.1358,166096.0
1767304800000,0.1357,0.1381,0.1334,0.1368,1677599.0
1767308400000,0.1368,0.137,0.1348,0.1355,520837.0
1767312000000,0.1354,0.1355,0.1337,0.1348,450137.0
1767315600000,0.1348,0.1351,0.1336,0.1346,354212.0
1767319200000,0.1346,0.1348,0.1337,0.1344,269062.0
1767322800000,0.1343,0.1344,0.1324,0.1326,511341.0
1767326400000,0.1325,0.1345,0.1325,0.1339,749880.0
1767330000000,0.1338,0.1338,0.1305,0.1316,1142795.0
1767333600000,0.1314,0.1317,0.1302,0.1305,937146.0
1767337200000,0.1305,0.1305,0.1276,0.1294,2172356.0
1767340800000,0.1293,0.1312,0.1288,0.129,912557.0
1767344400000,0.129,0.1327,0.1285,0.1323,1242476.0
1767348000000,0.1323,0.1329,0.1317,0.1326,430773.0
1767351600000,0.1325,0.1396,0.1321,0.1388,3856042.0
1767355200000,0.1389,0.1394,0.1364,0.1373,1342160.0
1767358800000,0.1373,0.1374,0.1328,0.1329,1954339.0
1767362400000,0.133,0.1339,0.1322,0.1331,532897.0
1767366000000,0.1331,0.1383,0.1313,0.1342,1898147.0
1767369600000,0.1342,0.135,0.1329,0.1337,701725.0
1767373200000,0.1338,0.1359,0.1336,0.1353,914131.0
1767376800000,0.1355,0.1382,0.135,0.1366,1614165.0
1767380400000,0.1368,0.1378,0.1365,0.137,296578.0
1767384000000,0.1369,0.1431,0.1365,0.1431,1290714.0
1767387600000,0.1431,0.1451,0.1393,0.1405,2835842.0
1767391200000,0.1406,0.1415,0.1401,0.1407,446874.0
1767394800000,0.1407,0.1424,0.1389,0.1399,845341.0
1767398400000,0.1399,0.1406,0.1373,0.1382,751898.0
1767402000000,0.1383,0.1391,0.1374,0.1381,510169.0
1767405600000,0.1382,0.1386,0.1372,0.1378,342988.0
1767409200000,0.1378,0.2315,0.1377,0.2257,160810501.0
1767412800000,0.2257,0.2329,0.1753,0.221,225104550.0
1767416400000,0.221,0.235,0.176,0.1823,245551520.0
1767420000000,0.1823,0.1961,0.1808,0.1899,109293789.0
1767423600000,0.1898,0.195,0.1788,0.1836,60973016.0
1767427200000,0.1837,0.1885,0.1733,0.1751,53729985.0
1767430800000,0.1751,0.1804,0.1706,0.1773,47237297.0
1767434400000,0.1774,0.1774,0.1581,0.1639,53461675.0
1767438000000,0.1638,0.2255,0.1634,0.2192,167908150.0
1767441600000,0.2191,0.2296,0.2131,0.2149,132626448.0
1767445200000,0.2149,0.2169,0.2024,0.2098,119614239.0
1767448800000,0.2098,0.2181,0.1998,0.2036,102531203.0
1767452400000,0.2037,0.2143,0.203,0.2122,80901108.0
1767456000000,0.2121,0.2138,0.204,0.2082,71119366.0
1767459600000,0.2082,0.2256,0.2038,0.2089,74091865.0
1767463200000,0.209,0.2135,0.2063,0.209,39895113.0
1767466800000,0.209,0.2119,0.2064,0.2105,25610805.0
1767470400000,0.2106,0.2145,0.2095,0.2118,21484901.0
1767474000000,0.2119,0.213,0.2075,0.21,17221325.0
1767477600000,0.21,0.2132,0.2072,0.2103,16393278.0
1767481200000,0.2103,0.2125,0.2027,0.2066,24513960.0
1767484800000,0.2065,0.2407,0.206,0.2267,92643246.0
1767488400000,0.2267,0.2418,0.1815,0.1911,193861629.0
1767492000000,0.1911,0.1948,0.1864,0.19,46411904.0
1767495600000,0.1899,0.1916,0.1869,0.1891,21793641.0
1767499200000,0.1891,0.2047,0.188,0.2037,33797680.0
1767502800000,0.2036,0.2088,0.2005,0.2073,32875550.0
1767506400000,0.2074,0.21,0.1995,0.205,27401583.0
1767510000000,0.2049,0.2077,0.2006,0.202,14194102.0
1767513600000,0.2021,0.2056,0.1976,0.2034,14612166.0
1767517200000,0.2033,0.2084,0.2033,0.2077,13732265.0
1767520800000,0.2077,0.2097,0.2029,0.2097,17065258.0
1767524400000,0.2097,0.2097,0.1877,0.1886,59930970.0
1767528000000,0.1886,0.196,0.1872,0.194,22562157.0
1767531600000,0.1941,0.2058,0.1923,0.2045,16441597.0
1767535200000,0.2045,0.216,0.2045,0.2079,35048856.0
1767538800000,0.208,0.2144,0.2067,0.2131,12166741.0
1767542400000,0.2129,0.2178,0.2091,0.215,14818877.0
1767546000000,0.215,0.2158,0.2075,0.2101,10252537.0
1767549600000,0.2102,0.2111,0.2047,0.2062,7726294.0
1767553200000,0.2062,0.2077,0.202,0.2067,5198389.0
1767556800000,0.2068,0.2119,0.2068,0.2081,4985041.0
1767560400000,0.2081,0.211,0.2073,0.2102,3633199.0
1767564000000,0.2102,0.2106,0.2061,0.2067,4313669.0
1767567600000,0.2068,0.211,0.2068,0.208,3022355.0
1767571200000,0.208,0.2134,0.2069,0.2122,5282459.0
1767574800000,0.2122,0.2143,0.2107,0.2129,3578893.0
1767578400000,0.2129,0.2129,0.2075,0.209,4539388.0
1767582000000,0.209,0.2113,0.2069,0.209,3620568.0
1767585600000,0.2091,0.2124,0.2074,0.2095,4454473.0
1767589200000,0.2095,0.2145,0.2082,0.2105,4545686.0
1767592800000,0.2105,0.2119,0.2086,0.2104,3393480.0
1767596400000,0.2105,0.226,0.208,0.2101,13398002.0
1767600000000,0.2101,0.2148,0.2093,0.2143,3615973.0
1767603600000,0.2144,0.2166,0.2112,0.2124,4732312.0
1767607200000,0.2124,0.2152,0.2107,0.2143,2294188.0
1767610800000,0.2143,0.2149,0.2104,0.2133,2647234.0
1767614400000,0.2134,0.2142,0.205,0.2136,6343301.0
1767618000000,0.2137,0.2223,0.2107,0.2138,5222464.0
1767621600000,0.2137,0.2176,0.2125,0.2144,3463273.0
1767625200000,0.2142,0.2167,0.2128,0.2141,1747683.0
1767628800000,0.2142,0.2144,0.2121,0.213,1761099.0
1767632400000,0.2129,0.2168,0.2129,0.2144,1586578.0
1767636000000,0.2144,0.2155,0.2112,0.2119,2333774.0
1767639600000,0.212,0.2127,0.2083,0.2091,2254052.0
1767643200000,0.2091,0.2104,0.2085,0.2086,1190552.0
1767646800000,0.2086,0.2097,0.2059,0.2075,1700064.0
1767650400000,0.2075,0.2108,0.2066,0.2099,1725789.0
1767654000000,0.2099,0.2101,0.2058,0.2097,1885360.0
1767657600000,0.2097,0.2097,0.2065,0.2077,1529856.0
1767661200000,0.2076,0.2097,0.2053,0.2074,1753490.0
1767664800000,0.2074,0.2077,0.2026,0.2041,2134987.0
1767668400000,0.2041,0.2063,0.2017,0.2057,2567858.0
1767672000000,0.2057,0.208,0.2051,0.2053,1377158.0
1767675600000,0.2053,0.2061,0.2037,0.2048,1237050.0
1767679200000,0.2049,0.2055,0.2032,0.2052,1282754.0
1767682800000,0.2052,0.2062,0.2044,0.2054,1123277.0
1767686400000,0.2055,0.2062,0.2045,0.2059,1035950.0
1767690000000,0.206,0.2082,0.2049,0.2072,1809902.0
1767693600000,0.2072,0.2115,0.2065,0.2086,2351059.0
1767697200000,0.2087,0.2102,0.2084,0.2094,934899.0
1767700800000,0.2093,0.2109,0.2088,0.2091,943659.0
1767704400000,0.209,0.2245,0.2078,0.2168,8653146.0
1767708000000,0.2168,0.2277,0.2164,0.2268,5829528.0
1767711600000,0.2267,0.2285,0.2221,0.2279,5839444.0
1767715200000,0.228,0.229,0.2255,0.2277,5293221.0
1767718800000,0.2277,0.2293,0.226,0.2266,4447939.0
1767722400000,0.2266,0.2279,0.2254,0.2255,2004587.0
1767726000000,0.2255,0.227,0.2234,0.2242,1903151.0
1767729600000,0.2241,0.2271,0.2228,0.2259,1842899.0
1767733200000,0.2258,0.2283,0.2253,0.2258,1430895.0
1767736800000,0.2259,0.2274,0.2244,0.2256,1175151.0
1767740400000,0.2255,0.2276,0.2251,0.2267,1189921.0
1767744000000,0.2267,0.2286,0.2256,0.2272,1736675.0
1767747600000,0.2273,0.23,0.226,0.2268,5680669.0
1767751200000,0.2269,0.2277,0.2229,0.2257,4794824.0
1767754800000,0.2257,0.2263,0.2216,0.2227,3214906.0
1767758400000,0.2226,0.2235,0.2198,0.2205,1656268.0
1767762000000,0.2205,0.2256,0.2197,0.2202,2214472.0
1767765600000,0.2201,0.2217,0.2183,0.2198,2557487.0
1767769200000,0.2197,0.222,0.2187,0.2211,1761988.0
1767772800000,0.221,0.2263,0.2204,0.2229,3752307.0
1767776400000,0.2229,0.226,0.2203,0.2234,3019610.0
1767780000000,0.2235,0.2247,0.2213,0.2225,1525245.0
1767783600000,0.2226,0.2237,0.2217,0.2236,828323.0
1767787200000,0.2236,0.2247,0.2226,0.2232,1120692.0
1767790800000,0.2233,0.2343,0.2228,0.2304,6277417.0
1767794400000,0.2304,0.2351,0.2263,0.2337,7601769.0
1767798000000,0.2337,0.2481,0.2331,0.2448,11023884.0
1767801600000,0.2448,0.2449,0.2338,0.2361,6662775.0
1767805200000,0.236,0.243,0.236,0.2379,3217303.0
1767808800000,0.2381,0.242,0.2373,0.2395,1867856.0
1767812400000,0.2396,0.2406,0.2356,0.2359,1650813.0
1767816000000,0.2358,0.2394,0.2352,0.2371,1456759.0
1767819600000,0.2371,0.2408,0.2368,0.2404,1192142.0
1767823200000,0.2404,0.2421,0.2365,0.2368,1160473.0
1767826800000,0.2366,0.2383,0.2343,0.2363,1402184.0
1767830400000,0.2363,0.2442,0.2353,0.2388,1928619.0
1767834000000,0.2389,0.243,0.2384,0.2407,1805891.0
1767837600000,0.2408,0.2433,0.2403,0.2427,1835518.0
1767841200000,0.2426,0.243,0.2365,0.2383,2025683.0
1767844800000,0.2384,0.2384,0.23,0.2327,4897150.0
1767848400000,0.2327,0.2331,0.2276,0.2318,2547240.0
1767852000000,0.2319,0.2329,0.2287,0.23,1454942.0
1767855600000,0.2302,0.2313,0.2277,0.2283,1374357.0
1767859200000,0.2283,0.2327,0.2269,0.2315,2539069.0
1767862800000,0.2316,0.2334,0.229,0.2293,1410210.0
1767866400000,0.2294,0.2314,0.2285,0.2299,927445.0
1767870000000,0.2299,0.2323,0.2245,0.2316,2734616.0
1767873600000,0.2316,0.232,0.2287,0.2306,1061294.0
1767877200000,0.2305,0.2322,0.2283,0.2294,1297257.0
1767880800000,0.2294,0.2398,0.2283,0.2393,3835362.0
1767884400000,0.2392,0.2415,0.2351,0.2353,3114718.0
1767888000000,0.2353,0.2356,0.2285,0.2303,3378808.0
1767891600000,0.2304,0.2321,0.2291,0.2319,1109726.0
1767895200000,0.2319,0.2327,0.2167,0.2241,4451372.0
1767898800000,0.2241,0.2253,0.2215,0.2224,4722394.0
1767902400000,0.2225,0.224,0.2219,0.2224,1923843.0
1767906000000,0.2225,0.2227,0.2209,0.222,677956.0
1767909600000,0.222,0.2225,0.2173,0.2174,1211127.0
1767913200000,0.2175,0.2219,0.2174,0.2211,1851293.0
1767916800000,0.221,0.2234,0.2206,0.2217,1475999.0
1767920400000,0.2216,0.2217,0.2174,0.2188,957692.0
1767924000000,0.2188,0.2204,0.2179,0.2182,560229.0
1767927600000,0.2181,0.2197,0.2166,0.2191,1166725.0
1767931200000,0.2191,0.2202,0.2172,0.2177,719792.0
1767934800000,0.2177,0.218,0.2143,0.2146,951618.0
1767938400000,0.2147,0.2165,0.2134,0.2137,1171986.0
1767942000000,0.2139,0.2165,0.2123,0.2128,1690036.0
1767945600000,0.2127,0.2127,0.2064,0.2096,2968953.0
1767949200000,0.2095,0.2117,0.2025,0.204,4284223.0
1767952800000,0.2039,0.2057,0.1959,0.1999,6900899.0
1767956400000,0.1999,0.2047,0.1934,0.1995,7839666.0
1767960000000,0.1995,0.2008,0.1933,0.1955,5807669.0
1767963600000,0.1955,0.2034,0.1953,0.1981,5195089.0
1767967200000,0.1981,0.2006,0.1955,0.1975,3267496.0
1767970800000,0.1973,0.1999,0.1963,0.1969,2686291.0
1767974400000,0.1968,0.1991,0.1919,0.193,4331184.0
1767978000000,0.1929,0.196,0.1918,0.1956,2943863.0
1767981600000,0.1957,0.1972,0.1929,0.1952,1885957.0
1767985200000,0.1952,0.1964,0.1936,0.1949,1106104.0
1767988800000,0.1948,0.1954,0.1921,0.1943,1606105.0
1767992400000,0.1943,0.2037,0.1943,0.2017,4414280.0
1767996000000,0.2016,0.2016,0.1986,0.1994,1403069.0
1767999600000,0.1993,0.2014,0.1984,0.1998,749390.0
1768003200000,0.1998,0.2015,0.1973,0.1978,929969.0
1768006800000,0.1977,0.1977,0.1957,0.1963,660771.0
1768010400000,0.1964,0.1966,0.1932,0.1944,1373163.0
1768014000000,0.1943,0.1967,0.1935,0.1959,1051787.0
1768017600000,0.1958,0.1999,0.1951,0.1983,1629955.0
1768021200000,0.1984,0.2015,0.1982,0.1996,1040419.0
1768024800000,0.1996,0.2013,0.1988,0.2003,692196.0
1768028400000,0.2003,0.2012,0.1979,0.1995,900063.0
1768032000000,0.1995,0.2046,0.1989,0.2039,1519072.0
1768035600000,0.204,0.214,0.2036,0.214,4584902.0
1768039200000,0.2139,0.225,0.2138,0.2245,8740734.0
1768042800000,0.2244,0.2277,0.2185,0.223,18657040.0
1768046400000,0.223,0.2263,0.2188,0.2232,9361546.0
1768050000000,0.2231,0.2367,0.2224,0.2339,18899719.0
1768053600000,0.2339,0.2343,0.225,0.2302,14502446.0
1768057200000,0.2302,0.2317,0.2268,0.2278,4887740.0
1768060800000,0.228,0.2325,0.2271,0.2307,7047365.0
1768064400000,0.2305,0.2346,0.2301,0.2317,6285126.0
1768068000000,0.2318,0.234,0.2282,0.2295,5123038.0
1768071600000,0.2295,0.233,0.2279,0.2309,5028665.0
1768075200000,0.2309,0.2332,0.2295,0.2304,3680356.0
1768078800000,0.2303,0.2331,0.229,0.2314,1767228.0
1768082400000,0.2315,0.2338,0.2299,0.2306,1803646.0
1768086000000,0.2307,0.2334,0.2224,0.2268,7106306.0
1768089600000,0.2268,0.227,0.2193,0.2255,6783207.0
1768093200000,0.2255,0.227,0.2244,0.2252,2005750.0
1768096800000,0.2252,0.2265,0.2238,0.224,1489179.0
1768100400000,0.224,0.2248,0.2209,0.223,5010468.0
1768104000000,0.2229,0.2249,0.2222,0.2238,1371753.0
1768107600000,0.2239,0.2263,0.2218,0.2251,2113608.0
1768111200000,0.2251,0.2263,0.224,0.2244,1339390.0
1768114800000,0.2243,0.2267,0.2241,0.2264,1725926.0
1768118400000,0.2264,0.227,0.2244,0.2262,2488409.0
1768122000000,0.2261,0.2261,0.2229,0.2245,1888011.0
1768125600000,0.2245,0.2259,0.2235,0.225,1163786.0
1768129200000,0.225,0.2254,0.2223,0.2252,1584033.0
1768132800000,0.2252,0.2264,0.2247,0.226,1437323.0
1768136400000,0.226,0.2263,0.2246,0.2258,1443488.0
1768140000000,0.2258,0.2261,0.224,0.2249,1679532.0
1768143600000,0.2248,0.2265,0.2242,0.2262,2401712.0
1768147200000,0.2262,0.2264,0.2248,0.2253,698464.0
1768150800000,0.2252,0.2261,0.2248,0.2258,400649.0
1768154400000,0.2257,0.2264,0.2256,0.226,357084.0
1768158000000,0.2259,0.2265,0.2248,0.2254,1177612.0
1768161600000,0.2254,0.2267,0.2251,0.2262,2029143.0
1768165200000,0.2262,0.2267,0.2259,0.226,324002.0
1768168800000,0.226,0.2268,0.2256,0.2268,526813.0
1768172400000,0.2267,0.2356,0.2264,0.234,6823978.0
1768176000000,0.2341,0.2367,0.2293,0.233,3150410.0
1768179600000,0.233,0.2733,0.2303,0.2721,20672219.0
1768183200000,0.2721,0.2825,0.2671,0.2792,50638572.0
1768186800000,0.2793,0.2838,0.2733,0.274,35072666.0
1768190400000,0.2739,0.2819,0.2687,0.2748,36650361.0
1768194000000,0.275,0.278,0.2731,0.2774,14569423.0
1768197600000,0.2775,0.2808,0.2746,0.2754,14190481.0
1768201200000,0.2754,0.2882,0.2753,0.2815,25946273.0
1768204800000,0.2814,0.2933,0.2736,0.2763,58145937.0
1768208400000,0.2763,0.2785,0.2715,0.2762,19817044.0
1768212000000,0.2761,0.2769,0.2706,0.2721,16863453.0
1768215600000,0.2721,0.2733,0.2651,0.2671,28382292.0
1768219200000,0.2671,0.278,0.2646,0.2715,21421401.0
1768222800000,0.2715,0.2774,0.2685,0.273,17198670.0
1768226400000,0.273,0.2797,0.2716,0.2769,11834211.0
1768230000000,0.2769,0.2773,0.2687,0.2707,11441486.0
1768233600000,0.2706,0.2743,0.2683,0.2694,8231534.0
1768237200000,0.2693,0.2751,0.2681,0.2729,6241231.0
1768240800000,0.2729,0.2758,0.2705,0.2712,3754451.0
1768244400000,0.2712,0.2738,0.27,0.2718,2603194.0
1768248000000,0.2718,0.274,0.2698,0.2707,3887631.0
1768251600000,0.2707,0.272,0.2686,0.2694,3120618.0
1768255200000,0.2695,0.2714,0.2686,0.2694,1860134.0
1768258800000,0.2693,0.27,0.2651,0.2672,3746613.0
1768262400000,0.2673,0.2699,0.2665,0.2683,2588275.0
1768266000000,0.2685,0.2763,0.2683,0.2747,4877431.0
1768269600000,0.2747,0.2783,0.2674,0.2713,6280445.0
1768273200000,0.2713,0.2737,0.2701,0.2709,2117050.0
1768276800000,0.2709,0.2744,0.269,0.2724,1394068.0
1768280400000,0.2723,0.276,0.2707,0.2741,2108916.0
1768284000000,0.2741,0.277,0.2734,0.2752,1508262.0
1768287600000,0.2752,0.2776,0.2741,0.2762,1683104.0
1768291200000,0.2764,0.2795,0.275,0.2781,2281186.0
1768294800000,0.2782,0.2797,0.2021,0.2119,64682286.0
1768298400000,0.2119,0.2448,0.1904,0.2063,113752192.0
1768302000000,0.2063,0.2129,0.2,0.2011,29974691.0
1768305600000,0.2011,0.2033,0.1954,0.2004,15099992.0
1768309200000,0.2004,0.2204,0.1991,0.2146,21198317.0
1768312800000,0.2147,0.2274,0.2147,0.2225,13156091.0
1768316400000,0.2227,0.2312,0.2188,0.226,9027164.0
1768320000000,0.2261,0.2346,0.2242,0.232,5875300.0
1768323600000,0.2321,0.2355,0.2295,0.2296,5795088.0
1768327200000,0.2297,0.2376,0.2284,0.2338,4370811.0
1768330800000,0.2337,0.234,0.2305,0.2309,2240233.0
1768334400000,0.2309,0.2348,0.2304,0.2319,2426874.0
1768338000000,0.2318,0.2351,0.2304,0.2321,2456657.0
1768341600000,0.2321,0.2382,0.2299,0.2345,4647348.0
1768345200000,0.2346,0.2353,0.2281,0.2295,3527775.0
1768348800000,0.2296,0.23,0.2268,0.2268,2654513.0
1768352400000,0.2269,0.2316,0.2268,0.2299,2670653.0
1768356000000,0.23,0.2454,0.2294,0.2389,8561695.0
1768359600000,0.2389,0.2494,0.236,0.246,5129170.0
1768363200000,0.2459,0.2488,0.2387,0.2421,4167023.0
1768366800000,0.2421,0.2431,0.2313,0.2347,4059146.0
1768370400000,0.2349,0.2392,0.2323,0.2344,3156777.0
1768374000000,0.2344,0.2377,0.2326,0.2357,1919345.0
1768377600000,0.2357,0.2374,0.2309,0.2323,2206582.0
1768381200000,0.2323,0.2462,0.2323,0.2437,4613498.0
1768384800000,0.2438,0.249,0.2416,0.2477,4455602.0
1768388400000,0.2479,0.25,0.2445,0.2447,5753598.0
1768392000000,0.2448,0.2492,0.2433,0.244,2874465.0
1768395600000,0.244,0.2494,0.2436,0.2479,2741878.0
1768399200000,0.2477,0.25,0.2448,0.2455,3414272.0
1768402800000,0.2454,0.2482,0.2438,0.2474,1993628.0
1768406400000,0.2474,0.2598,0.2474,0.2568,8306237.0
1768410000000,0.2568,0.2596,0.256,0.2573,1595818.0
1768413600000,0.2572,0.2588,0.2533,0.2547,2225236.0
1768417200000,0.2546,0.2558,0.2493,0.2509,2349108.0
1768420800000,0.2508,0.2557,0.2508,0.2532,1520937.0
1768424400000,0.2531,0.2568,0.2529,0.256,864011.0
1768428000000,0.2561,0.2587,0.2526,0.2561,1241127.0
1768431600000,0.256,0.2589,0.2541,0.2578,2415115.0
1768435200000,0.2579,0.2594,0.2558,0.2584,2327557.0
1768438800000,0.2584,0.26,0.2566,0.2572,2878379.0
1768442400000,0.2573,0.26,0.2565,0.2588,2290970.0
1768446000000,0.2589,0.26,0.2535,0.2555,4352095.0
1768449600000,0.2555,0.257,0.2516,0.2537,4089108.0
1768453200000,0.2538,0.2554,0.2443,0.2544,5424634.0
1768456800000,0.2543,0.255,0.248,0.2488,1982166.0
1768460400000,0.2489,0.2539,0.2477,0.2523,2049462.0
1768464000000,0.2522,0.2562,0.2511,0.2528,2085327.0
1768467600000,0.2527,0.2531,0.2477,0.25,1690325.0
1768471200000,0.2501,0.2511,0.2466,0.2482,1412985.0
1768474800000,0.2481,0.2483,0.241,0.2418,2195181.0
1768478400000,0.2418,0.2465,0.2417,0.2454,1791567.0
1768482000000,0.2453,0.2457,0.2383,0.2404,3988265.0
1768485600000,0.2405,0.2462,0.2383,0.239,4037418.0
1768489200000,0.2389,0.2422,0.2341,0.2384,2930001.0
1768492800000,0.2383,0.2392,0.2328,0.2349,3209166.0
1768496400000,0.2349,0.2403,0.2347,0.2367,2222141.0
1768500000000,0.2368,0.2376,0.2331,0.2335,957011.0
1768503600000,0.2335,0.2359,0.2309,0.2321,1346090.0
1768507200000,0.2321,0.2341,0.2317,0.2319,813482.0
1768510800000,0.232,0.2339,0.2314,0.2328,594205.0
1768514400000,0.2328,0.2339,0.23,0.231,1205426.0
1768518000000,0.231,0.2324,0.2302,0.2318,739986.0
1768521600000,0.2318,0.2341,0.2311,0.2319,1274059.0
1768525200000,0.232,0.233,0.2305,0.2326,762306.0
1768528800000,0.2325,0.235,0.232,0.2348,657866.0
1768532400000,0.2348,0.2412,0.2346,0.2405,1472673.0
1768536000000,0.2405,0.2421,0.2354,0.2364,1199330.0
1768539600000,0.2363,0.2378,0.2348,0.2351,876649.0
1768543200000,0.2351,0.2374,0.2336,0.2344,666811.0
1768546800000,0.2345,0.2365,0.2334,0.2345,801599.0
1768550400000,0.2345,0.2372,0.2344,0.2363,457436.0
1768554000000,0.2363,0.2392,0.2359,0.2378,521274.0
1768557600000,0.2378,0.2383,0.2351,0.2356,560994.0
1768561200000,0.2356,0.2371,0.2349,0.2366,440530.0
1768564800000,0.2365,0.2372,0.231,0.2311,980785.0
1768568400000,0.2311,0.2315,0.226,0.2296,1976674.0
1768572000000,0.2297,0.2299,0.2229,0.2232,1295471.0
1768575600000,0.2232,0.2344,0.2227,0.2314,2707865.0
1768579200000,0.2313,0.2328,0.2293,0.2319,812177.0
1768582800000,0.2318,0.236,0.2312,0.2326,841780.0
1768586400000,0.2327,0.2355,0.2319,0.2332,1008893.0
1768590000000,0.2335,0.2335,0.2313,0.2317,312888.0
1768593600000,0.2317,0.2331,0.2294,0.2297,508907.0
1768597200000,0.2298,0.2303,0.2244,0.2253,584632.0
1768600800000,0.2254,0.2281,0.223,0.2255,931933.0
1768604400000,0.2256,0.2352,0.2256,0.2264,1436916.0
1768608000000,0.2264,0.2271,0.2228,0.2245,910541.0
1768611600000,0.2246,0.2274,0.2237,0.2245,752195.0
1768615200000,0.2245,0.2246,0.2212,0.2225,753727.0
1768618800000,0.2225,0.224,0.2177,0.2204,1317429.0
1768622400000,0.2203,0.2225,0.2183,0.2203,940394.0
1768626000000,0.2204,0.2212,0.2173,0.2176,887683.0
1768629600000,0.2177,0.221,0.2177,0.2199,880903.0
1768633200000,0.22,0.2219,0.2181,0.2194,1016262.0
1768636800000,0.2194,0.2203,0.2183,0.2187,541711.0
1768640400000,0.2189,0.2197,0.2175,0.2179,715586.0
1768644000000,0.218,0.2218,0.218,0.2204,949647.0
1768647600000,0.2204,0.2214,0.2177,0.2181,1018088.0
1768651200000,0.2182,0.2186,0.2163,0.2168,670217.0
1768654800000,0.2168,0.2189,0.2168,0.2169,607059.0
1768658400000,0.217,0.221,0.2169,0.2194,591719.0
1768662000000,0.2193,0.2203,0.2177,0.2202,650453.0
1768665600000,0.2202,0.2202,0.2166,0.2178,595459.0
1768669200000,0.2177,0.2189,0.2153,0.2165,568031.0
1768672800000,0.2165,0.2172,0.213,0.2145,1025065.0
1768676400000,0.2146,0.216,0.2139,0.2149,310416.0
1768680000000,0.215,0.2158,0.2132,0.2146,308455.0
1768683600000,0.2146,0.2167,0.2141,0.2149,520274.0
1768687200000,0.215,0.2155,0.2108,0.2121,573889.0
1768690800000,0.2121,0.2128,0.2104,0.212,429481.0
1768694400000,0.212,0.2131,0.211,0.2112,493589.0
1768698000000,0.2111,0.2119,0.2103,0.2111,460135.0
1768701600000,0.2111,0.2116,0.2079,0.2094,695999.0
1768705200000,0.2094,0.2117,0.2087,0.2099,445383.0
1768708800000,0.21,0.211,0.208,0.2084,549006.0
1768712400000,0.2085,0.2092,0.2061,0.2064,564263.0
1768716000000,0.2065,0.2072,0.2049,0.2067,743084.0
1768719600000,0.2066,0.2073,0.2052,0.2054,306216.0
1768723200000,0.2055,0.2072,0.2052,0.2062,462690.0
1768726800000,0.2062,0.2082,0.2037,0.2052,762498.0
1768730400000,0.2052,0.2066,0.2035,0.2051,891138.0
1768734000000,0.2052,0.2063,0.2045,0.2053,404138.0
1768737600000,0.2052,0.2062,0.2033,0.2051,448447.0
1768741200000,0.2051,0.2064,0.2042,0.2053,337045.0
1768744800000,0.2054,0.2065,0.2031,0.2057,583589.0
1768748400000,0.2056,0.2071,0.2037,0.2042,696429.0
1768752000000,0.2042,0.2163,0.2042,0.2089,2348201.0
1768755600000,0.209,0.2164,0.2084,0.216,1258274.0
1768759200000,0.2161,0.2274,0.2161,0.2223,3887185.0
1768762800000,0.2224,0.2272,0.2195,0.2208,1878833.0
1768766400000,0.2208,0.2247,0.2175,0.2235,1265602.0
1768770000000,0.2235,0.2238,0.2185,0.2192,687623.0
1768773600000,0.2191,0.2215,0.2146,0.2156,1537391.0
1768777200000,0.2156,0.2171,0.2119,0.2126,1570039.0
1768780800000,0.2125,0.2208,0.2014,0.2165,6167409.0
1768784400000,0.2165,0.2176,0.2126,0.2168,1197823.0
1768788000000,0.2167,0.2167,0.2124,0.2128,1024462.0
1768791600000,0.2129,0.2144,0.2109,0.2119,736693.0
1768795200000,0.212,0.2146,0.21,0.2111,888328.0
1768798800000,0.2111,0.2129,0.2104,0.2108,549538.0
1768802400000,0.2108,0.2133,0.2094,0.2099,1081794.0
1768806000000,0.2099,0.21,0.2061,0.2066,778333.0
1768809600000,0.2067,0.2079,0.2057,0.2067,476854.0
1768813200000,0.2067,0.2083,0.2056,0.2067,517862.0
1768816800000,0.2067,0.2086,0.2057,0.2074,502523.0
1768820400000,0.2076,0.2101,0.2068,0.2094,517227.0
1768824000000,0.2094,0.2095,0.2059,0.2069,598595.0
1768827600000,0.2069,0.2074,0.2034,0.2038,624710.0
1768831200000,0.2039,0.2065,0.2031,0.2044,1377673.0
1768834800000,0.2044,0.2049,0.203,0.2045,393215.0
1768838400000,0.2045,0.2067,0.2041,0.2062,440001.0
1768842000000,0.2062,0.2065,0.2045,0.2053,305892.0
1768845600000,0.2052,0.2057,0.2045,0.205,215679.0
1768849200000,0.205,0.2054,0.202,0.2027,291338.0
1768852800000,0.2026,0.2044,0.2021,0.2032,352200.0
1768856400000,0.2033,0.2044,0.2024,0.2025,430612.0
1768860000000,0.2025,0.2034,0.2011,0.2019,445915.0
1768863600000,0.2018,0.2028,0.2009,0.2013,508892.0
1768867200000,0.2014,0.2019,0.2006,0.2014,473839.0
1768870800000,0.2015,0.2022,0.2007,0.2013,282959.0
1768874400000,0.2013,0.2017,0.2008,0.2013,296439.0
1768878000000,0.2014,0.202,0.2007,0.2018,231218.0
1768881600000,0.2019,0.2049,0.2012,0.2029,885258.0
1768885200000,0.2031,0.204,0.2021,0.2038,419781.0
1768888800000,0.2036,0.2059,0.203,0.2052,775630.0
1768892400000,0.2052,0.2058,0.2014,0.2032,806961.0
1768896000000,0.2032,0.2053,0.203,0.2048,512092.0
1768899600000,0.2047,0.2081,0.2032,0.2048,908378.0
1768903200000,0.2047,0.2052,0.2026,0.2037,447016.0
1768906800000,0.2038,0.2049,0.2033,0.2039,148271.0
1768910400000,0.2039,0.2054,0.2028,0.2051,361347.0
1768914000000,0.2051,0.2051,0.2021,0.2029,298594.0
1768917600000,0.2029,0.2064,0.2022,0.205,803608.0
1768921200000,0.2051,0.2079,0.202,0.2028,981271.0
1768924800000,0.2028,0.2043,0.2023,0.2031,535826.0
1768928400000,0.203,0.2047,0.2021,0.2029,842991.0
1768932000000,0.2029,0.2033,0.2007,0.2018,829762.0
1768935600000,0.2018,0.2023,0.2006,0.2011,332697.0
1768939200000,0.2012,0.2031,0.2008,0.2029,268812.0
1768942800000,0.2029,0.2036,0.2009,0.2012,387503.0
1768946400000,0.2011,0.2036,0.2005,0.2036,586005.0
1768950000000,0.2036,0.2046,0.2022,0.2023,563556.0
1768953600000,0.2022,0.2026,0.2009,0.2025,697236.0
1768957200000,0.2025,0.2029,0.201,0.2012,420405.0
1768960800000,0.2013,0.2031,0.201,0.203,509754.0
1768964400000,0.2029,0.2034,0.2006,0.2009,706695.0
1768968000000,0.2009,0.2017,0.2004,0.2006,487267.0
1768971600000,0.2006,0.2017,0.2003,0.2014,361266.0
1768975200000,0.2013,0.2016,0.2007,0.2011,261462.0
1768978800000,0.2011,0.2012,0.2001,0.2009,570444.0
1768982400000,0.2008,0.2017,0.2006,0.2007,530747.0
1768986000000,0.2006,0.2011,0.2002,0.2007,290113.0
1768989600000,0.2008,0.2018,0.2007,0.2009,306934.0
1768993200000,0.2008,0.2016,0.1952,0.1975,3141081.0
1768996800000,0.1975,0.2066,0.1963,0.2042,2935542.0
1769000400000,0.2042,0.2074,0.2031,0.2048,1168285.0
1769004000000,0.2048,0.209,0.2032,0.2034,997431.0
1769007600000,0.2034,0.2064,0.2034,0.2061,365314.0
1769011200000,0.2062,0.2079,0.204,0.2062,737853.0
1769014800000,0.2062,0.2096,0.2057,0.2081,618122.0
1769018400000,0.208,0.2154,0.2073,0.2124,1097980.0
1769022000000,0.2124,0.2128,0.2103,0.2117,836034.0
1769025600000,0.2119,0.2164,0.2116,0.2132,783991.0
1769029200000,0.2131,0.214,0.2122,0.2123,272434.0
1769032800000,0.2124,0.2132,0.21,0.2112,508088.0
1769036400000,0.2111,0.2136,0.2105,0.2128,356495.0
1769040000000,0.2128,0.2137,0.2117,0.2122,275424.0
1769043600000,0.2123,0.2131,0.2087,0.2092,692185.0
1769047200000,0.2093,0.2099,0.2078,0.2082,311691.0
1769050800000,0.2082,0.2082,0.2066,0.2067,280478.0
1769054400000,0.2068,0.208,0.2053,0.2056,379039.0
1769058000000,0.2058,0.2062,0.2038,0.2044,336651.0
1769061600000,0.2044,0.2048,0.2016,0.2031,617107.0
1769065200000,0.2032,0.2038,0.2023,0.2031,349604.0
1769068800000,0.2031,0.2036,0.2019,0.203,229603.0
1769072400000,0.2029,0.205,0.2028,0.2049,352907.0
1769076000000,0.2048,0.2053,0.2019,0.2024,603244.0
1769079600000,0.2024,0.2042,0.2022,0.2034,475602.0
1769083200000,0.2034,0.2035,0.2004,0.201,382721.0
1769086800000,0.201,0.2013,0.1983,0.1987,445375.0
1769090400000,0.1986,0.1995,0.1972,0.1982,523538.0
1769094000000,0.198,0.2012,0.198,0.1997,424049.0
1769097600000,0.1996,0.2004,0.199,0.2,264154.0
1769101200000,0.2,0.2003,0.197,0.1985,601866.0
1769104800000,0.1984,0.1991,0.1982,0.1985,156079.0
1769108400000,0.1984,0.201,0.198,0.1994,368464.0
1769112000000,0.1994,0.1999,0.1985,0.1993,504366.0
1769115600000,0.1993,0.2018,0.1993,0.2005,274846.0
1769119200000,0.2005,0.2044,0.1998,0.2038,748884.0
1769122800000,0.2038,0.205,0.2015,0.2027,470533.0
1769126400000,0.2026,0.204,0.2023,0.2027,297297.0
1769130000000,0.2026,0.2036,0.2024,0.2027,117689.0
1769133600000,0.2027,0.2035,0.2025,0.2032,133676.0
1769137200000,0.2032,0.2041,0.2028,0.2034,251969.0
1769140800000,0.2034,0.2077,0.2032,0.2075,296667.0
1769144400000,0.2074,0.2078,0.2055,0.2066,183239.0
1769148000000,0.2067,0.208,0.2058,0.2067,192812.0
1769151600000,0.2067,0.2083,0.2062,0.208,328769.0
1769155200000,0.2079,0.2103,0.206,0.2073,561959.0
1769158800000,0.2073,0.2082,0.2048,0.2072,300948.0
1769162400000,0.2074,0.2083,0.2054,0.2058,180720.0
1769166000000,0.2059,0.2065,0.2051,0.2055,320831.0
1769169600000,0.2055,0.2057,0.2039,0.2039,260244.0
1769173200000,0.2039,0.2056,0.202,0.2051,673121.0
1769176800000,0.205,0.2064,0.2043,0.2054,567186.0
1769180400000,0.2056,0.2059,0.2034,0.2049,392854.0
1769184000000,0.2049,0.2058,0.2034,0.2044,281940.0
1769187600000,0.2044,0.2053,0.2024,0.2034,567897.0
1769191200000,0.2033,0.2043,0.2022,0.203,127347.0
1769194800000,0.2029,0.2032,0.1997,0.2005,458493.0
1769198400000,0.2005,0.201,0.1997,0.2001,206759.0
1769202000000,0.2001,0.2012,0.2,0.2009,123030.0
1769205600000,0.2009,0.2012,0.2001,0.2009,159308.0
1769209200000,0.201,0.2021,0.2005,0.2014,178290.0
1769212800000,0.2014,0.2018,0.2008,0.2015,200401.0
1769216400000,0.2015,0.2016,0.1997,0.2002,217077.0
1769220000000,0.2002,0.2014,0.2001,0.201,253210.0
1769223600000,0.2009,0.2029,0.2008,0.2021,381912.0
1769227200000,0.202,0.2024,0.2011,0.2015,188373.0
1769230800000,0.2014,0.2019,0.2008,0.2018,132669.0
1769234400000,0.2018,0.2018,0.2007,0.2009,245591.0
1769238000000,0.2009,0.2012,0.2005,0.2007,77091.0
1769241600000,0.2006,0.2009,0.2002,0.2008,113667.0
1769245200000,0.2007,0.2008,0.1995,0.1998,266173.0
1769248800000,0.1997,0.2005,0.199,0.2005,202161.0
1769252400000,0.2003,0.2012,0.198,0.2,525547.0
1769256000000,0.2,0.2001,0.1989,0.1999,264436.0
1769259600000,0.1998,0.2029,0.1994,0.2022,489488.0
1769263200000,0.2021,0.2028,0.2008,0.2011,400127.0
1769266800000,0.201,0.2014,0.1984,0.1986,314677.0
1769270400000,0.1985,0.2009,0.1981,0.1987,801839.0
1769274000000,0.1986,0.1995,0.1984,0.1995,104332.0
1769277600000,0.1995,0.1995,0.1987,0.1992,68936.0
1769281200000,0.199,0.1992,0.1984,0.1985,92228.0
1769284800000,0.1985,0.1992,0.1981,0.1991,180732.0
1769288400000,0.199,0.1991,0.198,0.1983,116140.0
1769292000000,0.1982,0.1982,0.1972,0.1975,232074.0
1769295600000,0.1974,0.1989,0.1974,0.1984,115522.0
1769299200000,0.1985,0.199,0.1981,0.1985,149537.0
1769302800000,0.1984,0.1992,0.1978,0.1985,147548.0
1769306400000,0.1984,0.1984,0.1977,0.1983,131423.0
1769310000000,0.1982,0.1992,0.198,0.1984,129066.0
1769313600000,0.1983,0.1998,0.198,0.1992,123710.0
1769317200000,0.1993,0.1997,0.1982,0.1986,73858.0
1769320800000,0.1985,0.1986,0.1969,0.1973,176089.0
1769324400000,0.1972,0.1983,0.1967,0.198,163496.0
1769328000000,0.1981,0.199,0.1977,0.1989,113786.0
1769331600000,0.1989,0.2003,0.1986,0.1998,224092.0
1769335200000,0.1997,0.1999,0.1985,0.1985,148518.0
1769338800000,0.1985,0.1985,0.1969,0.1973,352452.0
1769342400000,0.1972,0.1972,0.1957,0.1964,199044.0
1769346000000,0.1965,0.1966,0.1957,0.1964,159556.0
1769349600000,0.1963,0.1964,0.1956,0.1956,224965.0
1769353200000,0.1956,0.1956,0.194,0.1947,320583.0
1769356800000,0.1947,0.1979,0.1938,0.1952,470811.0
1769360400000,0.1953,0.1955,0.1942,0.1947,232473.0
1769364000000,0.1948,0.1967,0.1922,0.1945,736138.0
1769367600000,0.1946,0.1963,0.1938,0.1959,452200.0
1769371200000,0.1958,0.2011,0.1958,0.1983,2465434.0
1769374800000,0.1983,0.1989,0.1977,0.1978,212163.0
1769378400000,0.1979,0.198,0.1968,0.1968,217907.0
1769382000000,0.1969,0.2001,0.1967,0.1994,241466.0
1769385600000,0.1994,0.2011,0.1975,0.1983,1513060.0
1769389200000,0.1985,0.1995,0.1981,0.1983,301485.0
1769392800000,0.1984,0.1988,0.195,0.1952,375198.0
1769396400000,0.1952,0.1956,0.1933,0.1938,320090.0
1769400000000,0.194,0.1955,0.1936,0.1945,175933.0
1769403600000,0.1946,0.1947,0.1935,0.194,189670.0
1769407200000,0.194,0.1943,0.1928,0.194,359464.0
1769410800000,0.1941,0.1941,0.1922,0.1929,377882.0
1769414400000,0.1929,0.1931,0.1915,0.1918,344945.0
1769418000000,0.1918,0.1924,0.1914,0.1922,208465.0
1769421600000,0.1922,0.1937,0.192,0.1928,564797.0
1769425200000,0.1928,0.1935,0.1918,0.193,444572.0
1769428800000,0.1931,0.1945,0.1931,0.1943,227434.0
1769432400000,0.1943,0.1973,0.1941,0.1962,519318.0
1769436000000,0.1962,0.1964,0.1923,0.1938,578070.0
1769439600000,0.1939,0.2007,0.1935,0.1972,2012577.0
1769443200000,0.1971,0.1977,0.194,0.1959,824801.0
1769446800000,0.1956,0.1967,0.1949,0.1961,123561.0
1769450400000,0.1962,0.1981,0.1944,0.1967,2148136.0
1769454000000,0.1967,0.1968,0.1948,0.1951,123419.0
1769457600000,0.1951,0.1953,0.1919,0.1929,952434.0
1769461200000,0.1928,0.1936,0.1924,0.1934,140355.0
1769464800000,0.1935,0.194,0.1929,0.1939,118317.0
1769468400000,0.1938,0.1987,0.1932,0.1963,1322855.0
1769472000000,0.1962,0.1972,0.1956,0.197,212222.0
1769475600000,0.197,0.1981,0.1964,0.1972,128149.0
1769479200000,0.1972,0.1977,0.1947,0.195,139705.0
1769482800000,0.1949,0.1949,0.1932,0.1944,142180.0
1769486400000,0.1944,0.1957,0.1939,0.1957,148253.0
1769490000000,0.1957,0.1964,0.1939,0.1945,171895.0
1769493600000,0.1944,0.1946,0.193,0.1933,223847.0
1769497200000,0.1933,0.1935,0.1927,0.193,75039.0
1769500800000,0.193,0.1977,0.1925,0.1964,597331.0
1769504400000,0.1965,0.197,0.1947,0.195,171036.0
1769508000000,0.195,0.1958,0.1947,0.1949,52871.0
1769511600000,0.1949,0.1955,0.1933,0.1945,357413.0
1769515200000,0.1945,0.1951,0.1934,0.1943,156019.0
1769518800000,0.1945,0.1965,0.1945,0.1958,122109.0
1769522400000,0.1959,0.1961,0.1939,0.1951,276913.0
1769526000000,0.1952,0.1962,0.1951,0.1958,68557.0
1769529600000,0.1959,0.1983,0.1957,0.1972,318991.0
1769533200000,0.1972,0.1986,0.1952,0.1958,283793.0
1769536800000,0.1958,0.1982,0.1958,0.1971,149179.0
1769540400000,0.1971,0.1972,0.1951,0.1964,176979.0
1769544000000,0.1966,0.1973,0.1958,0.1968,179971.0
1769547600000,0.1968,0.1969,0.1959,0.1968,109747.0
1769551200000,0.1968,0.1995,0.1962,0.1973,173773.0
1769554800000,0.1973,0.1984,0.1968,0.198,107521.0
1769558400000,0.198,0.1982,0.1968,0.1976,78713.0
1769562000000,0.1975,0.1979,0.196,0.197,92729.0
1769565600000,0.1968,0.1969,0.1939,0.1957,359280.0
1769569200000,0.1958,0.1962,0.1955,0.1955,77553.0
1769572800000,0.1956,0.197,0.1948,0.1952,151485.0
1769576400000,0.1952,0.1962,0.1947,0.1953,114951.0
1769580000000,0.1954,0.196,0.1949,0.1959,57464.0
1769583600000,0.196,0.1963,0.1951,0.1958,93190.0
1769587200000,0.1957,0.1962,0.1951,0.196,87711.0
1769590800000,0.196,0.1993,0.1941,0.1989,571586.0
1769594400000,0.1989,0.2003,0.1967,0.1983,558627.0
1769598000000,0.1983,0.1999,0.1979,0.1995,268350.0
1769601600000,0.1995,0.1998,0.198,0.1982,294129.0
1769605200000,0.1983,0.1991,0.1972,0.1979,159043.0
1769608800000,0.1979,0.1983,0.1956,0.1963,178794.0
1769612400000,0.1964,0.1974,0.1952,0.1964,191028.0
1769616000000,0.1965,0.1977,0.1954,0.1956,108991.0
1769619600000,0.1956,0.1974,0.1948,0.1963,252818.0
1769623200000,0.1963,0.1972,0.1953,0.1962,129118.0
1769626800000,0.1963,0.1974,0.1961,0.1968,144016.0
1769630400000,0.1968,0.1977,0.196,0.196,80265.0
1769634000000,0.1961,0.1977,0.1956,0.1968,143340.0
1769637600000,0.1968,0.1971,0.196,0.1969,72297.0
1769641200000,0.1969,0.1975,0.1953,0.1953,119672.0
1769644800000,0.1955,0.1967,0.1955,0.1963,130619.0
1769648400000,0.1963,0.1988,0.1963,0.1985,148957.0
1769652000000,0.1984,0.2039,0.1981,0.2021,1457258.0
1769655600000,0.2022,0.203,0.1977,0.199,594489.0
1769659200000,0.199,0.2021,0.1987,0.201,453806.0
1769662800000,0.2009,0.2036,0.2004,0.2027,643719.0
1769666400000,0.2028,0.2044,0.2001,0.2038,1677790.0
1769670000000,0.2039,0.209,0.2032,0.2044,2432475.0
1769673600000,0.2044,0.2056,0.2003,0.2014,605515.0
1769677200000,0.2016,0.2022,0.1963,0.2004,1229403.0
1769680800000,0.2004,0.2029,0.1972,0.1989,1232449.0
1769684400000,0.1989,0.2004,0.1972,0.1984,2425782.0
1769688000000,0.1985,0.2017,0.1984,0.2008,513203.0
1769691600000,0.2008,0.2022,0.1992,0.2001,418404.0
1769695200000,0.2002,0.2006,0.1975,0.2002,567121.0
1769698800000,0.2002,0.2027,0.1994,0.2005,1222065.0
1769702400000,0.2004,0.2026,0.2002,0.2017,530885.0
1769706000000,0.2018,0.2018,0.1998,0.2002,314171.0
1769709600000,0.2004,0.2008,0.1988,0.1996,409670.0
1769713200000,0.1995,0.2007,0.199,0.2003,211416.0
1769716800000,0.2004,0.2007,0.199,0.1994,241504.0
1769720400000,0.1994,0.1997,0.1961,0.1965,682646.0
1769724000000,0.1964,0.1965,0.1927,0.1936,561229.0
1769727600000,0.1936,0.1955,0.1924,0.1951,667620.0
1769731200000,0.1951,0.1962,0.1937,0.1948,580862.0
1769734800000,0.1948,0.1953,0.1906,0.1915,1742495.0
1769738400000,0.1915,0.1921,0.1902,0.1908,1075305.0
1769742000000,0.1907,0.1915,0.1901,0.1912,499535.0
1769745600000,0.1913,0.1919,0.1904,0.1904,339941.0
1769749200000,0.1904,0.1908,0.1903,0.1906,80559.0
1769752800000,0.1907,0.191,0.1901,0.1908,496345.0
1769756400000,0.1909,0.1918,0.1905,0.1916,226539.0
1769760000000,0.1917,0.192,0.1912,0.1918,182711.0
1769763600000,0.1918,0.1923,0.1914,0.1915,236836.0
1769767200000,0.1914,0.1926,0.1912,0.1922,363080.0
1769770800000,0.1921,0.1938,0.1915,0.1931,360388.0
1769774400000,0.1931,0.1933,0.1908,0.1911,302199.0
1769778000000,0.1911,0.192,0.1904,0.191,482508.0
1769781600000,0.191,0.192,0.1908,0.1911,291113.0
1769785200000,0.1912,0.1928,0.191,0.1926,388380.0
1769788800000,0.1925,0.1934,0.1923,0.1931,182220.0
1769792400000,0.1931,0.1945,0.1928,0.1937,205371.0
1769796000000,0.1939,0.1949,0.1918,0.1945,512326.0
1769799600000,0.1946,0.1956,0.1943,0.1951,280709.0
1769803200000,0.1951,0.1952,0.1928,0.1934,251653.0
1769806800000,0.1933,0.1941,0.1931,0.1938,142614.0
1769810400000,0.1937,0.1939,0.1926,0.1931,77429.0
1769814000000,0.1931,0.1943,0.1925,0.1941,173439.0
1769817600000,0.1941,0.1942,0.1937,0.1938,56775.0
1769821200000,0.1939,0.1942,0.1913,0.1917,381821.0
1769824800000,0.1916,0.1917,0.1907,0.1913,226257.0
1769828400000,0.1912,0.1913,0.1907,0.191,50744.0
1769832000000,0.191,0.1911,0.1904,0.1906,128038.0
1769835600000,0.1905,0.1908,0.1902,0.1907,147137.0
1769839200000,0.1907,0.1914,0.1903,0.1914,229248.0
1769842800000,0.1914,0.1917,0.1906,0.1915,142040.0
1769846400000,0.1915,0.1917,0.1902,0.1917,553745.0
1769850000000,0.1917,0.1918,0.1911,0.1911,117784.0
1769853600000,0.1912,0.1912,0.1904,0.1905,142995.0
1769857200000,0.1905,0.1909,0.1902,0.1903,206974.0
1769860800000,0.1904,0.1908,0.1849,0.1859,3446408.0
1769864400000,0.1859,0.1862,0.1841,0.1847,503914.0
1769868000000,0.1847,0.1856,0.1826,0.1854,1494220.0
1769871600000,0.1854,0.1866,0.1833,0.1838,642666.0
1769875200000,0.1839,0.185,0.1817,0.1822,586921.0
1769878800000,0.1822,0.1833,0.1807,0.1814,1685644.0
1769882400000,0.1815,0.1845,0.18,0.1842,5379107.0
1769886000000,0.1843,0.191,0.184,0.1884,2023231.0
1769889600000,0.1885,0.1897,0.1857,0.1862,904235.0
1769893200000,0.1863,0.1869,0.1854,0.1864,345902.0
1769896800000,0.1866,0.1869,0.1838,0.1842,336157.0
1769900400000,0.1843,0.1859,0.1831,0.1839,680418.0
1769904000000,0.1841,0.1863,0.1837,0.1851,562933.0
1769907600000,0.1851,0.1862,0.1842,0.1861,322602.0
1769911200000,0.1861,0.1865,0.185,0.1859,349715.0
1769914800000,0.186,0.1866,0.185,0.1853,350663.0
1769918400000,0.1854,0.1893,0.1851,0.1881,684732.0
1769922000000,0.1881,0.1899,0.188,0.1882,377494.0
1769925600000,0.1882,0.1887,0.1872,0.1879,378888.0
1769929200000,0.1878,0.1892,0.1869,0.1878,436466.0
1769932800000,0.1877,0.1899,0.1877,0.1896,261082.0
1769936400000,0.1897,0.1915,0.1896,0.1903,345772.0
1769940000000,0.1902,0.1918,0.1898,0.1904,383461.0
1769943600000,0.1902,0.1914,0.1888,0.1907,411134.0
1769947200000,0.1907,0.1907,0.1892,0.1895,283146.0
1769950800000,0.1896,0.1912,0.1895,0.1901,266659.0
1769954400000,0.1902,0.1911,0.1879,0.1892,653428.0
1769958000000,0.1893,0.1894,0.1832,0.1837,1405236.0
1769961600000,0.1838,0.1855,0.1832,0.1839,515225.0
1769965200000,0.184,0.1844,0.1814,0.1829,328749.0
1769968800000,0.183,0.1845,0.1827,0.1834,360587.0
1769972400000,0.1834,0.1839,0.1821,0.1822,268036.0
1769976000000,0.1824,0.1833,0.1811,0.1824,283573.0
1769979600000,0.1822,0.1826,0.1813,0.1819,179680.0
1769983200000,0.1818,0.1842,0.1818,0.183,220101.0
1769986800000,0.1831,0.1849,0.181,0.1837,620387.0
1769990400000,0.1838,0.1881,0.1827,0.1866,487469.0
1769994000000,0.1866,0.1881,0.1857,0.1881,263248.0
1769997600000,0.188,0.1888,0.1863,0.1874,363428.0
1770001200000,0.1876,0.1876,0.18,0.1832,2010752.0
1770004800000,0.1832,0.1849,0.1812,0.1835,332227.0
1770008400000,0.1835,0.1836,0.1816,0.1824,362126.0
1770012000000,0.1826,0.1847,0.1812,0.1833,720294.0
1770015600000,0.1834,0.1845,0.183,0.1836,255215.0
1770019200000,0.1836,0.185,0.1836,0.1847,165529.0
1770022800000,0.1845,0.1872,0.1838,0.1867,334265.0
1770026400000,0.1869,0.1874,0.1863,0.1865,165871.0
1770030000000,0.1865,0.1882,0.1862,0.1871,196307.0
1770033600000,0.1872,0.1887,0.187,0.1879,205939.0
1770037200000,0.1881,0.1882,0.1871,0.188,203555.0
1770040800000,0.188,0.1886,0.1861,0.1863,357437.0
1770044400000,0.1864,0.1866,0.1855,0.1859,317947.0
1770048000000,0.186,0.1868,0.1852,0.1855,286177.0
1770051600000,0.1855,0.1862,0.1847,0.1851,113391.0
1770055200000,0.1851,0.1853,0.1839,0.1844,89579.0
1770058800000,0.1844,0.1848,0.1843,0.1846,66345.0
1770062400000,0.1845,0.1853,0.1842,0.1846,127083.0
1770066000000,0.1843,0.1847,0.184,0.1843,63773.0
1770069600000,0.1843,0.1846,0.184,0.1845,49073.0
1770073200000,0.1844,0.1845,0.1839,0.1841,64476.0
1770076800000,0.1841,0.1843,0.1827,0.1834,226169.0
1770080400000,0.1833,0.1839,0.1826,0.1836,177462.0
1770084000000,0.1836,0.1836,0.1816,0.1818,216793.0
1770087600000,0.1818,0.1829,0.1805,0.1829,220528.0
1770091200000,0.1829,0.1845,0.1825,0.1843,120238.0
1770094800000,0.1845,0.1851,0.1833,0.1833,134670.0
1770098400000,0.1834,0.1836,0.1823,0.1836,89702.0
1770102000000,0.1835,0.1843,0.1823,0.1839,138256.0
1770105600000,0.1836,0.1842,0.1827,0.1827,153373.0
1770109200000,0.1827,0.1831,0.1803,0.1805,263137.0
1770112800000,0.1805,0.1807,0.1753,0.176,939814.0
1770116400000,0.1759,0.1777,0.1739,0.1761,640917.0
1770120000000,0.176,0.1782,0.1747,0.1755,581986.0
1770123600000,0.1755,0.1755,0.1725,0.1732,601192.0
1770127200000,0.1731,0.1757,0.1719,0.1742,731726.0
1770130800000,0.1741,0.1779,0.1741,0.1776,666328.0
1770134400000,0.1775,0.1782,0.1756,0.1757,353461.0
1770138000000,0.1757,0.1758,0.1731,0.1738,299240.0
1770141600000,0.1739,0.1744,0.1709,0.1729,959858.0
1770145200000,0.1729,0.177,0.1728,0.1765,570348.0
1770148800000,0.1764,0.1799,0.1755,0.179,515903.0
1770152400000,0.1791,0.1802,0.1786,0.1788,146977.0
1770156000000,0.1787,0.1788,0.1775,0.1778,83558.0
1770159600000,0.1777,0.1777,0.1754,0.1758,209654.0
1770163200000,0.1758,0.1774,0.1754,0.177,145320.0
1770166800000,0.1769,0.1789,0.1769,0.1778,183054.0
1770170400000,0.1777,0.1781,0.1762,0.1767,148374.0
1770174000000,0.1765,0.1778,0.1765,0.1775,118496.0
1770177600000,0.1775,0.1777,0.1767,0.1767,56841.0
1770181200000,0.1767,0.1774,0.1757,0.1765,192626.0
1770184800000,0.1764,0.1777,0.1761,0.1773,162016.0
1770188400000,0.1773,0.178,0.1766,0.1776,90227.0
1770192000000,0.1776,0.1778,0.1756,0.1758,211565.0
1770195600000,0.1757,0.1765,0.1738,0.1743,313145.0
1770199200000,0.1744,0.1754,0.1737,0.175,243220.0
1770202800000,0.175,0.1752,0.1734,0.1738,254424.0
1770206400000,0.1738,0.1739,0.1728,0.173,158850.0
1770210000000,0.1731,0.1747,0.1719,0.172,1028186.0
1770213600000,0.1721,0.1738,0.1717,0.1723,672133.0
1770217200000,0.1723,0.1733,0.1707,0.1715,759606.0
1770220800000,0.1715,0.173,0.1707,0.1719,874636.0
1770224400000,0.1718,0.1721,0.1709,0.1717,642732.0
1770228000000,0.1718,0.172,0.1707,0.1708,573835.0
1770231600000,0.1707,0.1722,0.1706,0.1722,566472.0
1770235200000,0.1722,0.1772,0.1717,0.175,1209375.0
1770238800000,0.1749,0.181,0.1749,0.1806,1374743.0
1770242400000,0.1806,0.1906,0.1802,0.189,2326468.0
1770246000000,0.189,0.1991,0.186,0.191,6088030.0
1770249600000,0.1912,0.1957,0.1887,0.1922,2272112.0
1770253200000,0.1923,0.1935,0.1889,0.1894,4349926.0
1770256800000,0.1895,0.1905,0.1879,0.1883,1175482.0
1770260400000,0.1884,0.1906,0.1867,0.1885,1241258.0
1770264000000,0.1886,0.1907,0.185,0.1891,1974674.0
1770267600000,0.1891,0.1897,0.186,0.1877,1374800.0
1770271200000,0.1879,0.1898,0.1858,0.189,978852.0
1770274800000,0.1891,0.1894,0.1856,0.1866,657544.0
1770278400000,0.1866,0.1867,0.1812,0.1813,1793945.0
1770282000000,0.1814,0.1828,0.175,0.1758,2307517.0
1770285600000,0.1758,0.1759,0.1649,0.1649,5449888.0
1770289200000,0.1649,0.1665,0.1601,0.1616,3721949.0
1770292800000,0.1617,0.1631,0.1509,0.1513,6404301.0
1770296400000,0.1514,0.159,0.15,0.1527,5656576.0
1770300000000,0.1527,0.1562,0.1522,0.1531,1654887.0
1770303600000,0.153,0.1532,0.14,0.1409,10923352.0
1770307200000,0.1409,0.1446,0.1404,0.1413,2787002.0
1770310800000,0.1413,0.1415,0.1368,0.1375,4592422.0
1770314400000,0.1375,0.1424,0.1344,0.1378,4804184.0
1770318000000,0.1378,0.1398,0.1363,0.138,1306239.0
1770321600000,0.138,0.1383,0.132,0.1356,2267750.0
1770325200000,0.1355,0.1372,0.1327,0.1332,1700902.0
1770328800000,0.1332,0.1377,0.1322,0.1359,1859159.0
1770332400000,0.1359,0.1377,0.1335,0.1359,2358437.0
1770336000000,0.1359,0.1387,0.1312,0.1367,6108438.0
1770339600000,0.1368,0.1378,0.1346,0.1354,1809672.0
1770343200000,0.1355,0.1358,0.1307,0.132,2407370.0
1770346800000,0.132,0.1343,0.131,0.1343,1568899.0
1770350400000,0.1342,0.1371,0.1335,0.1354,854727.0
1770354000000,0.1353,0.1406,0.1352,0.1379,2058920.0
1770357600000,0.1379,0.1381,0.1355,0.1362,1195365.0
1770361200000,0.1362,0.1388,0.1359,0.1384,717673.0
1770364800000,0.1384,0.1429,0.1378,0.1417,1864406.0
1770368400000,0.1416,0.1512,0.1415,0.1488,3227146.0
1770372000000,0.1488,0.1628,0.1484,0.1625,4551241.0
1770375600000,0.1624,0.1714,0.1601,0.1702,6848536.0
1770379200000,0.1701,0.1731,0.1622,0.1652,8011192.0
1770382800000,0.1653,0.1792,0.1649,0.1744,8026393.0
1770386400000,0.1745,0.1792,0.1635,0.1746,8653623.0
1770390000000,0.1746,0.184,0.1725,0.1779,8174551.0
1770393600000,0.178,0.1793,0.1737,0.1773,6175268.0
1770397200000,0.1775,0.1779,0.1674,0.1727,7057304.0
1770400800000,0.1727,0.1749,0.1701,0.1707,4939743.0
1770404400000,0.1708,0.1723,0.1654,0.1705,8788142.0
1770408000000,0.1706,0.172,0.1645,0.1678,9370435.0
1770411600000,0.1678,0.1704,0.1657,0.1662,4003988.0
1770415200000,0.1662,0.1663,0.1632,0.1644,3856767.0
1770418800000,0.1645,0.1671,0.1579,0.1595,7279124.0
1770422400000,0.1594,0.1625,0.1559,0.156,3524146.0
1770426000000,0.1561,0.1608,0.153,0.1549,3709620.0
1770429600000,0.1548,0.1558,0.1495,0.15,2929105.0
1770433200000,0.1501,0.1558,0.1498,0.1517,1738700.0
1770436800000,0.1517,0.155,0.1491,0.1497,2013744.0
1770440400000,0.1498,0.1502,0.147,0.1488,1545479.0
1770444000000,0.1488,0.1491,0.1428,0.143,2108956.0
1770447600000,0.1432,0.1456,0.1424,0.1449,2531747.0
1770451200000,0.1448,0.1472,0.1428,0.1454,1468218.0
1770454800000,0.1454,0.1505,0.1452,0.1461,1763695.0
1770458400000,0.1462,0.1483,0.1436,0.1445,952365.0
1770462000000,0.1445,0.1457,0.1427,0.1434,1099895.0
1770465600000,0.1433,0.1444,0.1412,0.1429,1604119.0
1770469200000,0.143,0.145,0.1404,0.1415,1343169.0
1770472800000,0.1416,0.1429,0.1401,0.1414,1149614.0
1770476400000,0.1414,0.1429,0.1386,0.1399,2104859.0
1770480000000,0.1401,0.1432,0.1378,0.1414,2507320.0
1770483600000,0.1413,0.1415,0.1393,0.141,664559.0
1770487200000,0.1409,0.1463,0.1404,0.1442,1955656.0
1770490800000,0.1442,0.1443,0.1396,0.1397,1659822.0
1770494400000,0.1398,0.1411,0.1387,0.1408,569992.0
1770498000000,0.1408,0.1414,0.1394,0.1404,629721.0
1770501600000,0.1403,0.1408,0.1377,0.139,2433428.0
1770505200000,0.1389,0.1404,0.1381,0.1391,739135.0
1770508800000,0.1391,0.1401,0.1383,0.1386,858649.0
1770512400000,0.1385,0.1397,0.1385,0.1395,456962.0
1770516000000,0.1396,0.1397,0.1384,0.1387,554373.0
1770519600000,0.1388,0.1429,0.1386,0.14,1539913.0
1770523200000,0.14,0.1412,0.1385,0.1408,462266.0
1770526800000,0.1408,0.1408,0.1395,0.1396,406233.0
1770530400000,0.1395,0.1415,0.1394,0.1403,441470.0
1770534000000,0.1403,0.1425,0.1399,0.1419,635389.0
1770537600000,0.1417,0.1464,0.1417,0.1448,1468360.0
1770541200000,0.1449,0.1455,0.1434,0.144,893404.0
1770544800000,0.1441,0.1479,0.1428,0.1456,953062.0
1770548400000,0.1457,0.1498,0.1452,0.149,1123301.0
1770552000000,0.1489,0.1526,0.1475,0.1522,2322892.0
1770555600000,0.1522,0.1593,0.1484,0.1582,5300336.0
1770559200000,0.1581,0.1694,0.1573,0.1663,7579021.0
1770562800000,0.1663,0.1707,0.1604,0.161,13538124.0
1770566400000,0.1608,0.1629,0.1551,0.162,7398685.0
1770570000000,0.1621,0.1626,0.156,0.1587,3315702.0
1770573600000,0.1588,0.1597,0.1566,0.1575,1650376.0
1770577200000,0.1576,0.1613,0.1568,0.1613,1393078.0
1770580800000,0.1613,0.1617,0.1573,0.158,979809.0
1770584400000,0.1581,0.159,0.1561,0.1572,923144.0
1770588000000,0.1571,0.1591,0.1563,0.1589,1294629.0
1770591600000,0.1589,0.1607,0.1554,0.1566,1349098.0
1770595200000,0.1566,0.1567,0.1514,0.1534,2652939.0
1770598800000,0.1533,0.1561,0.1533,0.1556,1166590.0
1770602400000,0.1556,0.1556,0.1521,0.1523,980292.0
1770606000000,0.1523,0.1532,0.1515,0.152,571802.0
1770609600000,0.1521,0.1533,0.1493,0.1515,1431522.0
1770613200000,0.1514,0.1514,0.1469,0.148,1278304.0
1770616800000,0.1481,0.1485,0.145,0.1453,1083854.0
1770620400000,0.1453,0.1476,0.1441,0.1442,1232658.0
1770624000000,0.1442,0.1477,0.1432,0.1446,1768346.0
1770627600000,0.1445,0.1449,0.1435,0.1444,949547.0
1770631200000,0.1445,0.1455,0.1412,0.1441,2304054.0
1770634800000,0.1441,0.1473,0.1425,0.1452,1213607.0
1770638400000,0.1453,0.1458,0.1437,0.1445,800480.0
1770642000000,0.1444,0.1478,0.1438,0.146,927530.0
1770645600000,0.146,0.1478,0.1455,0.1473,1057884.0
1770649200000,0.1473,0.1491,0.1464,0.1476,928966.0
1770652800000,0.1476,0.1506,0.1476,0.1502,1066884.0
1770656400000,0.1502,0.1525,0.1495,0.1515,681794.0
1770660000000,0.1514,0.1516,0.1478,0.1486,690382.0
1770663600000,0.1486,0.1488,0.1464,0.1484,668999.0
1770667200000,0.1482,0.1496,0.1475,0.1496,289993.0
1770670800000,0.1495,0.151,0.1485,0.151,340934.0
1770674400000,0.151,0.1537,0.1502,0.1532,435637.0
1770678000000,0.1531,0.1543,0.152,0.1531,903878.0
1770681600000,0.1531,0.1531,0.149,0.1512,1247567.0
1770685200000,0.1513,0.1528,0.1507,0.1526,424383.0
1770688800000,0.1527,0.1539,0.1512,0.1534,692504.0
1770692400000,0.1534,0.1534,0.1463,0.1498,2056481.0
1770696000000,0.1497,0.1518,0.1491,0.1517,425013.0
1770699600000,0.1518,0.1543,0.1496,0.1503,1457538.0
1770703200000,0.1504,0.1527,0.148,0.1509,1626841.0
1770706800000,0.151,0.1541,0.1505,0.1536,518285.0
1770710400000,0.1536,0.1588,0.1524,0.157,952131.0
1770714000000,0.157,0.1597,0.1563,0.1592,921206.0
1770717600000,0.1592,0.1616,0.1583,0.1612,1385453.0
1770721200000,0.1611,0.1629,0.1586,0.1613,1708901.0
1770724800000,0.1612,0.162,0.1596,0.161,572672.0
1770728400000,0.1609,0.1661,0.1599,0.1643,1771149.0
1770732000000,0.1643,0.1708,0.1638,0.1662,1919967.0
1770735600000,0.1661,0.1691,0.1657,0.1665,1216781.0
1770739200000,0.1666,0.17,0.1662,0.1664,883234.0
1770742800000,0.1665,0.1689,0.1664,0.1675,645160.0
1770746400000,0.1673,0.1675,0.1638,0.1658,952114.0
1770750000000,0.1658,0.1671,0.1651,0.1655,340206.0
1770753600000,0.1656,0.1661,0.1644,0.1657,401101.0
1770757200000,0.1658,0.1669,0.1644,0.1651,245453.0
1770760800000,0.1652,0.1658,0.1602,0.1608,724654.0
1770764400000,0.1608,0.1608,0.1571,0.1587,1840592.0
1770768000000,0.1587,0.16,0.158,0.1595,930605.0
1770771600000,0.1595,0.1617,0.1589,0.1603,701677.0
1770775200000,0.1603,0.1613,0.1563,0.1576,1057513.0
1770778800000,0.1576,0.1576,0.1532,0.1561,1083434.0
1770782400000,0.1561,0.1573,0.1538,0.1542,748817.0
1770786000000,0.1542,0.1549,0.1532,0.1543,385479.0
1770789600000,0.1543,0.1578,0.153,0.1551,948431.0
1770793200000,0.1552,0.158,0.1551,0.1573,585985.0
1770796800000,0.1573,0.1575,0.1522,0.1526,853746.0
1770800400000,0.1526,0.1542,0.1525,0.154,465200.0
1770804000000,0.154,0.1547,0.1532,0.1539,394830.0
1770807600000,0.1538,0.156,0.1538,0.1551,519748.0
1770811200000,0.1551,0.1565,0.155,0.1559,246054.0
1770814800000,0.1559,0.1574,0.1556,0.1566,347364.0
1770818400000,0.1567,0.1592,0.1563,0.1576,850277.0
1770822000000,0.1576,0.1582,0.1547,0.1559,683503.0
1770825600000,0.1558,0.1584,0.1543,0.1552,659258.0
1770829200000,0.1552,0.162,0.1552,0.158,1500981.0
1770832800000,0.158,0.1583,0.1549,0.1551,651321.0
1770836400000,0.155,0.1566,0.1549,0.156,268036.0
1770840000000,0.1561,0.157,0.1555,0.1568,150739.0
1770843600000,0.1568,0.1583,0.1559,0.1582,332022.0
1770847200000,0.158,0.1582,0.156,0.1574,447999.0
1770850800000,0.1573,0.1573,0.1552,0.1567,172310.0
1770854400000,0.1568,0.159,0.1564,0.1586,276886.0
1770858000000,0.1585,0.1596,0.1576,0.1595,275245.0
1770861600000,0.1595,0.1595,0.1567,0.1576,412495.0
1770865200000,0.1576,0.1582,0.1567,0.1569,328285.0
1770868800000,0.1569,0.1575,0.155,0.1566,510439.0
1770872400000,0.1566,0.1575,0.1551,0.1573,302223.0
1770876000000,0.1573,0.1588,0.1564,0.1572,341955.0
1770879600000,0.1572,0.1578,0.155,0.157,425964.0
1770883200000,0.157,0.157,0.1553,0.1563,315938.0
1770886800000,0.1562,0.1576,0.1559,0.1565,242141.0
1770890400000,0.1565,0.1571,0.1562,0.1571,121736.0
1770894000000,0.157,0.1571,0.1556,0.1559,231815.0
1770897600000,0.1558,0.1558,0.1448,0.1467,2954605.0
1770901200000,0.1467,0.148,0.1437,0.146,1567836.0
1770904800000,0.1459,0.1476,0.1442,0.1468,1283831.0
1770908400000,0.1468,0.1507,0.1467,0.1472,1121109.0
1770912000000,0.147,0.1509,0.1459,0.1504,1135408.0
1770915600000,0.1504,0.1505,0.1476,0.1496,599208.0
1770919200000,0.1495,0.151,0.1488,0.151,235196.0
1770922800000,0.151,0.1533,0.149,0.1498,923242.0
1770926400000,0.1498,0.1501,0.1486,0.1494,385435.0
1770930000000,0.1494,0.1504,0.1492,0.1499,137902.0
1770933600000,0.1499,0.1517,0.1496,0.1514,155388.0
1770937200000,0.1515,0.1521,0.1511,0.152,208734.0
1770940800000,0.1519,0.1519,0.1494,0.1498,227632.0
1770944400000,0.1496,0.1515,0.1496,0.1511,241027.0
1770948000000,0.151,0.1527,0.1506,0.1519,472052.0
1770951600000,0.1518,0.1519,0.1503,0.151,213324.0
1770955200000,0.1509,0.1522,0.1501,0.151,199886.0
1770958800000,0.1509,0.151,0.148,0.1481,232691.0
1770962400000,0.1481,0.149,0.1465,0.1477,611381.0
1770966000000,0.1476,0.1503,0.1476,0.1497,382284.0
1770969600000,0.1498,0.1508,0.1492,0.1501,352163.0
1770973200000,0.1501,0.1508,0.1499,0.1501,217741.0
1770976800000,0.15,0.151,0.1496,0.1497,268542.0
1770980400000,0.1497,0.1504,0.1493,0.1503,193383.0
1770984000000,0.1502,0.1502,0.1419,0.1443,3564700.0
1770987600000,0.1443,0.1458,0.143,0.1434,454198.0
1770991200000,0.1432,0.1443,0.1424,0.1432,482979.0
1770994800000,0.1433,0.1453,0.1424,0.1447,606551.0
1770998400000,0.1448,0.1457,0.144,0.1448,466530.0
1771002000000,0.1449,0.1449,0.1428,0.1441,355708.0
1771005600000,0.1439,0.1455,0.1435,0.1445,271654.0
1771009200000,0.1446,0.1453,0.144,0.1444,136018.0
1771012800000,0.1443,0.145,0.1437,0.1437,215828.0
1771016400000,0.1438,0.1445,0.1438,0.1444,183091.0
1771020000000,0.1443,0.1449,0.1436,0.1441,168953.0
1771023600000,0.1441,0.1443,0.1433,0.1443,163314.0
1771027200000,0.1444,0.1464,0.1439,0.1455,369658.0
1771030800000,0.1455,0.1471,0.1443,0.1469,248524.0
1771034400000,0.1468,0.1468,0.1454,0.1465,167199.0
1771038000000,0.1465,0.1477,0.1452,0.1453,566293.0
1771041600000,0.1453,0.1458,0.1449,0.1453,169703.0
1771045200000,0.1452,0.146,0.1447,0.1451,230662.0
1771048800000,0.1452,0.1453,0.1429,0.1445,293122.0
1771052400000,0.1445,0.1449,0.1432,0.1442,327661.0
1771056000000,0.1443,0.1468,0.1438,0.1466,740436.0
1771059600000,0.1466,0.1468,0.1446,0.1451,233859.0
1771063200000,0.1452,0.1458,0.1446,0.1451,218987.0
1771066800000,0.1451,0.1459,0.145,0.1454,221647.0
1771070400000,0.1454,0.1455,0.1445,0.1449,230298.0
1771074000000,0.1449,0.1454,0.1431,0.1452,502705.0
1771077600000,0.1452,0.1483,0.1452,0.1479,490005.0
1771081200000,0.1479,0.1481,0.1461,0.1464,377533.0
1771084800000,0.1464,0.1486,0.1459,0.1476,647574.0
1771088400000,0.1477,0.1482,0.1463,0.1475,402632.0
1771092000000,0.1474,0.149,0.1471,0.1487,169682.0
1771095600000,0.1486,0.1542,0.1479,0.1536,1078973.0
1771099200000,0.1536,0.1536,0.1487,0.1496,926282.0
1771102800000,0.1496,0.1507,0.1484,0.1502,554512.0
1771106400000,0.1502,0.1502,0.1486,0.1489,342846.0
1771110000000,0.1488,0.1503,0.1483,0.1501,426675.0
1771113600000,0.15,0.1507,0.1487,0.1496,472683.0
1771117200000,0.1496,0.1497,0.1461,0.1482,726922.0
1771120800000,0.1482,0.1485,0.1465,0.1466,195616.0
1771124400000,0.1465,0.1487,0.1461,0.1482,351119.0
1771128000000,0.1483,0.1488,0.1471,0.1483,229566.0
1771131600000,0.1483,0.1487,0.1479,0.148,136271.0
1771135200000,0.1479,0.1491,0.1476,0.1485,187689.0
1771138800000,0.1483,0.1494,0.148,0.1492,235454.0
1771142400000,0.1492,0.1497,0.1466,0.1476,322823.0
1771146000000,0.1474,0.148,0.1468,0.1472,183793.0
1771149600000,0.1472,0.1473,0.1452,0.1463,312196.0
1771153200000,0.1462,0.1466,0.1458,0.1462,89975.0
1771156800000,0.1462,0.1462,0.1418,0.1422,1039221.0
1771160400000,0.1423,0.1452,0.1417,0.1421,665772.0
1771164000000,0.142,0.1439,0.1417,0.1435,201610.0
1771167600000,0.1436,0.1468,0.1434,0.1442,577335.0
1771171200000,0.1441,0.1451,0.1434,0.1447,263621.0
1771174800000,0.1447,0.1467,0.144,0.1457,823454.0
1771178400000,0.1458,0.1459,0.1445,0.1454,176203.0
1771182000000,0.1455,0.1466,0.145,0.1462,141946.0
1771185600000,0.1462,0.1462,0.1447,0.145,217641.0
1771189200000,0.1451,0.1455,0.1442,0.1446,132512.0
1771192800000,0.1446,0.1454,0.1433,0.1439,183131.0
1771196400000,0.144,0.1446,0.1429,0.1446,132283.0
1771200000000,0.1446,0.1452,0.1424,0.1426,384918.0
1771203600000,0.1425,0.1437,0.1422,0.1431,263204.0
1771207200000,0.143,0.1437,0.1425,0.1437,127000.0
1771210800000,0.1436,0.1447,0.1436,0.1443,122434.0
1771214400000,0.1444,0.1451,0.1437,0.1438,181235.0
1771218000000,0.1438,0.1441,0.1418,0.1422,183357.0
1771221600000,0.1422,0.1434,0.1418,0.1425,159837.0
1771225200000,0.1424,0.1434,0.142,0.1429,282858.0
1771228800000,0.1428,0.1432,0.1424,0.1427,161734.0
1771232400000,0.1426,0.1442,0.1426,0.1434,250342.0
1771236000000,0.1433,0.1439,0.1428,0.1438,181292.0
1771239600000,0.1437,0.1443,0.1426,0.1438,102682.0
1771243200000,0.1438,0.1468,0.1436,0.1465,357962.0
1771246800000,0.1465,0.1479,0.1435,0.1447,612191.0
1771250400000,0.1446,0.1466,0.1445,0.1455,203329.0
1771254000000,0.1456,0.1458,0.1435,0.1441,256844.0
1771257600000,0.1441,0.1463,0.1441,0.1454,189024.0
1771261200000,0.1453,0.1459,0.1443,0.1451,135191.0
1771264800000,0.1452,0.1453,0.1446,0.1447,64926.0
1771268400000,0.1447,0.1457,0.1445,0.1451,229154.0
1771272000000,0.145,0.1453,0.1441,0.1443,181314.0
1771275600000,0.1444,0.1457,0.144,0.1453,407913.0
1771279200000,0.1452,0.1456,0.1449,0.145,101641.0
1771282800000,0.145,0.1456,0.1445,0.1453,100910.0
1771286400000,0.1453,0.1464,0.1448,0.1457,177991.0
1771290000000,0.1456,0.1456,0.1447,0.1448,146611.0
1771293600000,0.1447,0.1452,0.144,0.1449,161753.0
1771297200000,0.1449,0.145,0.1391,0.1414,1108895.0
1771300800000,0.1414,0.1444,0.1414,0.1427,357640.0
1771304400000,0.1427,0.1431,0.1416,0.1423,117871.0
1771308000000,0.1421,0.1435,0.1418,0.1435,128895.0
1771311600000,0.1435,0.1435,0.1421,0.1429,208080.0
1771315200000,0.1428,0.1429,0.1405,0.1411,208743.0
1771318800000,0.1411,0.1417,0.1404,0.1415,82321.0
1771322400000,0.1415,0.1416,0.1406,0.1408,75686.0
1771326000000,0.1408,0.142,0.14,0.1406,241468.0
1771329600000,0.1406,0.1419,0.1401,0.1406,107391.0
1771333200000,0.1406,0.1418,0.14,0.1414,268716.0
1771336800000,0.1413,0.1422,0.1396,0.1402,366620.0
1771340400000,0.1401,0.1414,0.1397,0.1411,219925.0
1771344000000,0.1411,0.1419,0.1408,0.141,164790.0
1771347600000,0.141,0.1418,0.1375,0.1388,475066.0
1771351200000,0.139,0.1418,0.1387,0.1415,277010.0
1771354800000,0.1414,0.142,0.1403,0.1406,344702.0
1771358400000,0.1406,0.1408,0.1396,0.1402,71069.0
1771362000000,0.1403,0.1409,0.1399,0.1406,87769.0
1771365600000,0.1405,0.1412,0.1396,0.14,104651.0
1771369200000,0.1399,0.1414,0.1392,0.14,315939.0
1771372800000,0.14,0.1406,0.139,0.1397,199640.0
1771376400000,0.1396,0.1397,0.1374,0.1385,364323.0
1771380000000,0.1384,0.1397,0.1384,0.1396,149617.0
1771383600000,0.1395,0.1415,0.1384,0.1399,542063.0
1771387200000,0.1399,0.14,0.1386,0.1388,182541.0
1771390800000,0.1388,0.1396,0.1385,0.1392,108306.0
1771394400000,0.1392,0.1397,0.1387,0.1396,52738.0
1771398000000,0.1395,0.1398,0.1382,0.1397,179225.0
1771401600000,0.1397,0.1407,0.1396,0.1404,141623.0
1771405200000,0.1404,0.1404,0.139,0.1393,132214.0
1771408800000,0.1392,0.1396,0.1379,0.1383,163234.0
1771412400000,0.1382,0.1384,0.1367,0.138,304822.0
1771416000000,0.138,0.1382,0.1367,0.1374,120068.0
1771419600000,0.1373,0.1378,0.1356,0.1368,453325.0
1771423200000,0.1367,0.1381,0.1363,0.1379,279597.0
1771426800000,0.1378,0.143,0.1375,0.1398,898068.0
1771430400000,0.1398,0.14,0.1384,0.1386,227520.0
1771434000000,0.1386,0.1396,0.1385,0.1389,207648.0
1771437600000,0.139,0.141,0.1384,0.1404,565508.0
1771441200000,0.1404,0.1445,0.1386,0.1389,1039529.0
1771444800000,0.1389,0.1395,0.1379,0.139,161209.0
1771448400000,0.139,0.1395,0.1383,0.1386,98469.0
1771452000000,0.1386,0.1392,0.1364,0.1391,386420.0
1771455600000,0.1392,0.1392,0.1376,0.1384,141387.0
1771459200000,0.1385,0.139,0.1377,0.138,133686.0
1771462800000,0.138,0.1392,0.1374,0.1391,223488.0
1771466400000,0.1391,0.1394,0.1381,0.1393,207328.0
1771470000000,0.1393,0.1393,0.1382,0.1386,97887.0
1771473600000,0.1386,0.1397,0.1385,0.139,109361.0
1771477200000,0.139,0.1391,0.1374,0.1379,173299.0
1771480800000,0.1378,0.1386,0.1377,0.1378,97439.0
1771484400000,0.1379,0.1389,0.1378,0.1378,141724.0
1771488000000,0.1378,0.1382,0.1362,0.1369,166959.0
1771491600000,0.1369,0.1375,0.1367,0.137,195611.0
1771495200000,0.137,0.1372,0.1358,0.1371,234320.0
1771498800000,0.1368,0.1369,0.1355,0.1359,168464.0
1771502400000,0.1359,0.1362,0.1355,0.1357,163414.0
1771506000000,0.1357,0.1357,0.1325,0.1332,1363197.0
1771509600000,0.1332,0.1342,0.133,0.134,327701.0
1771513200000,0.1341,0.1347,0.1332,0.1337,291517.0
1771516800000,0.1337,0.1342,0.1332,0.1334,286944.0
1771520400000,0.1334,0.1343,0.1327,0.133,198115.0
1771524000000,0.1331,0.1353,0.133,0.1339,2639612.0
1771527600000,0.1338,0.1351,0.1328,0.1348,487433.0
1771531200000,0.1347,0.1364,0.1346,0.1349,411852.0
1771534800000,0.135,0.1356,0.1345,0.1348,169188.0
1771538400000,0.1347,0.1353,0.1344,0.1353,107205.0
1771542000000,0.1354,0.1366,0.1349,0.1354,551490.0
1771545600000,0.1354,0.1364,0.1351,0.1357,353707.0
1771549200000,0.1357,0.1366,0.1352,0.1354,301589.0
1771552800000,0.1354,0.1354,0.1347,0.135,349715.0
1771556400000,0.135,0.1354,0.1345,0.1352,139417.0
1771560000000,0.1351,0.1356,0.1341,0.1353,246337.0
1771563600000,0.1353,0.1362,0.1348,0.1356,266591.0
1771567200000,0.1356,0.1357,0.1349,0.1355,164240.0
1771570800000,0.1355,0.1355,0.1344,0.1352,271535.0
1771574400000,0.1351,0.1353,0.1347,0.1351,154182.0
1771578000000,0.1351,0.1355,0.1349,0.1355,182985.0
1771581600000,0.1354,0.1355,0.1345,0.1347,454426.0
1771585200000,0.1347,0.1349,0.1329,0.1333,796304.0
1771588800000,0.1333,0.1337,0.1328,0.1335,432678.0
1771592400000,0.1335,0.1335,0.1313,0.1321,469548.0
1771596000000,0.132,0.1338,0.1317,0.133,365965.0
1771599600000,0.133,0.1354,0.1329,0.1346,558288.0
1771603200000,0.1345,0.1351,0.1341,0.1349,324037.0
1771606800000,0.1347,0.1348,0.1322,0.1339,539648.0
1771610400000,0.1338,0.134,0.1323,0.1328,311521.0
1771614000000,0.1327,0.1331,0.1312,0.1315,327824.0
1771617600000,0.1315,0.132,0.1309,0.1315,209036.0
1771621200000,0.1314,0.1317,0.131,0.1317,174643.0
1771624800000,0.1316,0.1319,0.1311,0.1315,172319.0
1771628400000,0.1313,0.1315,0.1305,0.1311,199944.0
1771632000000,0.1311,0.1311,0.1304,0.1306,136643.0
1771635600000,0.1306,0.1316,0.1304,0.1313,141023.0
1771639200000,0.1312,0.1327,0.131,0.1325,377392.0
1771642800000,0.1325,0.1325,0.1308,0.1318,211052.0
1771646400000,0.1317,0.132,0.1312,0.132,137063.0
1771650000000,0.132,0.1329,0.1318,0.1322,125644.0
1771653600000,0.1322,0.1329,0.1322,0.1322,84118.0
1771657200000,0.1323,0.1325,0.1316,0.132,154883.0
1771660800000,0.132,0.1328,0.1314,0.1326,214099.0
1771664400000,0.1325,0.1336,0.132,0.1325,282649.0
1771668000000,0.1325,0.1326,0.1321,0.1323,80347.0
1771671600000,0.1323,0.1325,0.1315,0.132,77607.0
1771675200000,0.132,0.132,0.1307,0.1313,488283.0
1771678800000,0.1313,0.1316,0.1307,0.1314,148703.0
1771682400000,0.1313,0.1317,0.1307,0.1309,279796.0
1771686000000,0.1308,0.1309,0.1301,0.1305,389890.0
1771689600000,0.1304,0.1305,0.13,0.1302,365427.0
1771693200000,0.1302,0.1314,0.1302,0.131,236610.0
1771696800000,0.131,0.1316,0.1308,0.1316,80914.0
1771700400000,0.1315,0.1316,0.1311,0.1315,52416.0
1771704000000,0.1315,0.1325,0.1312,0.1315,214164.0
1771707600000,0.1315,0.1321,0.1315,0.1317,94103.0
1771711200000,0.1318,0.1326,0.1315,0.1316,80303.0
1771714800000,0.1317,0.1336,0.1317,0.1326,3022921.0
1771718400000,0.1325,0.1326,0.1314,0.1318,193847.0
1771722000000,0.1318,0.132,0.1307,0.1312,140986.0
1771725600000,0.1312,0.1316,0.1304,0.1306,97857.0
1771729200000,0.1307,0.1334,0.1306,0.1326,497042.0
1771732800000,0.1325,0.1331,0.1315,0.1321,303435.0
1771736400000,0.1322,0.1334,0.1317,0.1326,284840.0
1771740000000,0.1327,0.1333,0.1315,0.132,256808.0
1771743600000,0.1321,0.1331,0.132,0.1323,133620.0
1771747200000,0.1323,0.1335,0.1321,0.1323,270702.0
1771750800000,0.1323,0.1331,0.1321,0.1331,99467.0
1771754400000,0.1331,0.1362,0.133,0.1345,681679.0
1771758000000,0.1345,0.1348,0.1337,0.1345,299587.0
1771761600000,0.1345,0.136,0.1335,0.1354,295972.0
1771765200000,0.1353,0.1358,0.1343,0.1348,443961.0
1771768800000,0.1349,0.1372,0.1349,0.136,663113.0
1771772400000,0.1361,0.1377,0.1344,0.1365,716605.0
1771776000000,0.1365,0.1383,0.1355,0.1358,1034041.0
1771779600000,0.1358,0.1359,0.1333,0.1345,893043.0
1771783200000,0.1345,0.1345,0.1337,0.134,161181.0
1771786800000,0.134,0.1341,0.1333,0.1336,194971.0
1771790400000,0.1335,0.1338,0.1326,0.1327,401377.0
1771794000000,0.1329,0.1329,0.1309,0.1322,542668.0
1771797600000,0.1323,0.1325,0.1317,0.1323,143586.0
1771801200000,0.1324,0.1331,0.132,0.1329,168331.0
1771804800000,0.133,0.134,0.1325,0.133,349430.0
1771808400000,0.1331,0.1352,0.1316,0.1326,1173568.0
1771812000000,0.1325,0.1377,0.1325,0.1366,917190.0
1771815600000,0.1367,0.1404,0.1336,0.1372,3166955.0
1771819200000,0.1373,0.1375,0.134,0.134,986018.0
1771822800000,0.134,0.1341,0.1311,0.1326,1073176.0
1771826400000,0.1324,0.1335,0.1318,0.132,318829.0
1771830000000,0.132,0.1325,0.1314,0.1323,357687.0
1771833600000,0.1323,0.1324,0.1311,0.1318,310513.0
1771837200000,0.1317,0.1325,0.1312,0.1322,260157.0
1771840800000,0.1322,0.1326,0.1317,0.1322,208223.0
1771844400000,0.1322,0.1348,0.1321,0.1337,406050.0
1771848000000,0.1337,0.1346,0.1334,0.1339,299412.0
1771851600000,0.1339,0.1349,0.1324,0.1327,554682.0
1771855200000,0.1328,0.1332,0.1318,0.1327,382477.0
1771858800000,0.1327,0.1335,0.1301,0.1306,818545.0
1771862400000,0.1305,0.1318,0.1272,0.1301,1593328.0
1771866000000,0.1303,0.1311,0.129,0.131,458185.0
1771869600000,0.1311,0.1314,0.13,0.1301,107727.0
1771873200000,0.1302,0.1312,0.13,0.1309,124761.0
1771876800000,0.1308,0.1327,0.1303,0.1323,258570.0
1771880400000,0.1323,0.1341,0.1314,0.1339,307300.0
1771884000000,0.134,0.1359,0.1339,0.1346,306504.0
1771887600000,0.1346,0.1376,0.1344,0.1345,599576.0
1771891200000,0.1345,0.1374,0.1343,0.137,499027.0
1771894800000,0.1371,0.1396,0.1364,0.138,743973.0
1771898400000,0.138,0.1393,0.1376,0.139,372334.0
1771902000000,0.1389,0.1394,0.1374,0.1385,349142.0
1771905600000,0.1386,0.1393,0.1368,0.1382,399489.0
1771909200000,0.1382,0.1382,0.1328,0.1339,1238297.0
1771912800000,0.1339,0.1354,0.1327,0.1328,341683.0
1771916400000,0.1329,0.1337,0.1321,0.1326,235235.0
1771920000000,0.1326,0.1326,0.1296,0.1312,1114653.0
1771923600000,0.1312,0.1317,0.1304,0.1313,206751.0
1771927200000,0.1313,0.132,0.131,0.1317,287765.0
1771930800000,0.1317,0.1319,0.1305,0.1307,157877.0
1771934400000,0.1308,0.1308,0.1292,0.1295,499075.0
1771938000000,0.1296,0.1296,0.1268,0.1273,486024.0
1771941600000,0.1273,0.1273,0.1238,0.1238,1314464.0
1771945200000,0.1239,0.1254,0.1236,0.1239,487717.0
1771948800000,0.124,0.1256,0.1239,0.1256,427531.0
1771952400000,0.1256,0.1256,0.1224,0.1231,572648.0
1771956000000,0.1231,0.124,0.1226,0.1239,421218.0
1771959600000,0.1238,0.1247,0.1236,0.1242,268536.0
1771963200000,0.1242,0.1256,0.1237,0.1254,293252.0
1771966800000,0.1254,0.1255,0.1244,0.1254,185624.0
1771970400000,0.1253,0.1264,0.1252,0.126,301410.0
1771974000000,0.126,0.1269,0.1251,0.1264,165099.0
1771977600000,0.1264,0.127,0.1256,0.1263,262025.0
1771981200000,0.1262,0.1286,0.1261,0.128,431337.0
1771984800000,0.128,0.1289,0.128,0.1283,344800.0
1771988400000,0.1283,0.1284,0.1266,0.1268,385988.0
1771992000000,0.1268,0.1274,0.1262,0.1265,241115.0
1771995600000,0.1265,0.1265,0.1246,0.1255,497485.0
1771999200000,0.1256,0.1267,0.125,0.1263,262995.0
1772002800000,0.1261,0.1267,0.1259,0.1261,187397.0
1772006400000,0.1261,0.1262,0.1252,0.1258,270953.0
1772010000000,0.1257,0.1262,0.1255,0.1257,149466.0
1772013600000,0.1257,0.1261,0.1252,0.1253,236831.0
1772017200000,0.1252,0.1253,0.1233,0.1242,835550.0
1772020800000,0.1242,0.1252,0.1237,0.1244,349636.0
1772024400000,0.1246,0.1249,0.1238,0.1244,379974.0
1772028000000,0.1244,0.1249,0.1236,0.124,429128.0
1772031600000,0.1241,0.1461,0.1219,0.1386,24954722.0
1772035200000,0.1388,0.1424,0.1372,0.1399,3736047.0
1772038800000,0.1399,0.144,0.1384,0.1388,2664305.0
1772042400000,0.1388,0.1397,0.1381,0.1383,771259.0
1772046000000,0.1383,0.1383,0.1353,0.1354,1252993.0
1772049600000,0.1354,0.1355,0.1334,0.1336,640186.0
1772053200000,0.1335,0.1359,0.133,0.1338,728673.0
1772056800000,0.1338,0.1345,0.1331,0.1341,273962.0
1772060400000,0.1341,0.1341,0.1319,0.1324,427738.0
1772064000000,0.1324,0.1374,0.1323,0.1347,1282513.0
1772067600000,0.1347,0.1354,0.1337,0.1339,333067.0
1772071200000,0.1339,0.1339,0.1312,0.132,746579.0
1772074800000,0.132,0.1327,0.1314,0.1317,301568.0
1772078400000,0.1317,0.134,0.1315,0.1338,291924.0
1772082000000,0.1338,0.1347,0.1334,0.1342,328256.0
1772085600000,0.1343,0.1374,0.1341,0.1353,527232.0
1772089200000,0.1353,0.1396,0.1351,0.1375,1089406.0
1772092800000,0.1375,0.1378,0.1358,0.1375,656975.0
1772096400000,0.1375,0.139,0.1372,0.1387,471893.0
1772100000000,0.1387,0.14,0.1368,0.1374,595340.0
1772103600000,0.1374,0.138,0.1368,0.1369,238672.0
1772107200000,0.1369,0.1402,0.1369,0.1378,982111.0
1772110800000,0.1378,0.1385,0.1351,0.1357,881119.0
1772114400000,0.1357,0.1372,0.1342,0.1369,669089.0
1772118000000,0.1368,0.1371,0.1336,0.1368,886962.0
1772121600000,0.1368,0.1379,0.1355,0.1374,1004922.0
1772125200000,0.1374,0.1383,0.1364,0.1367,273575.0
1772128800000,0.1367,0.1397,0.1364,0.1395,456246.0
1772132400000,0.1395,0.1411,0.1395,0.1404,302468.0
1772136000000,0.1404,0.1406,0.1394,0.1397,163952.0
1772139600000,0.1397,0.1411,0.1391,0.1409,385577.0
1772143200000,0.1409,0.1435,0.1397,0.1421,373290.0
1772146800000,0.1418,0.1422,0.1409,0.1419,263699.0
1772150400000,0.1419,0.1429,0.1407,0.1415,326179.0
1772154000000,0.1415,0.1419,0.1406,0.1413,164763.0
1772157600000,0.1413,0.142,0.1407,0.1408,226659.0
1772161200000,0.1408,0.1481,0.1404,0.1457,1989895.0
1772164800000,0.1456,0.1577,0.1456,0.157,6850549.0
1772168400000,0.157,0.1592,0.1534,0.1549,4502874.0
1772172000000,0.1549,0.1549,0.1515,0.1519,2099224.0
1772175600000,0.152,0.1556,0.1505,0.154,1138009.0
1772179200000,0.1542,0.1595,0.153,0.1556,1912221.0
1772182800000,0.1556,0.1628,0.1551,0.1626,2687506.0
1772186400000,0.1624,0.1714,0.161,0.1682,10162915.0
1772190000000,0.1681,0.171,0.1606,0.1625,7979373.0
1772193600000,0.1625,0.1645,0.1598,0.1621,4635963.0
1772197200000,0.1621,0.1659,0.1557,0.1632,7871256.0
1772200800000,0.1632,0.1694,0.163,0.1661,14732118.0
1772204400000,0.1661,0.1678,0.1583,0.1624,17876612.0
1772208000000,0.1625,0.1648,0.1613,0.1635,6617849.0
1772211600000,0.1635,0.1669,0.1617,0.1657,5162424.0
1772215200000,0.1657,0.1664,0.1641,0.1653,3062368.0
1772218800000,0.1653,0.1676,0.1644,0.1654,3591320.0
1772222400000,0.1653,0.169,0.1652,0.1676,3629049.0
1772226000000,0.1676,0.1689,0.1666,0.1682,2517555.0
1772229600000,0.1682,0.1689,0.1661,0.1681,2852202.0
1772233200000,0.1681,0.174,0.1654,0.1718,6997384.0
1772236800000,0.1719,0.1719,0.1685,0.1693,3298652.0
1772240400000,0.1693,0.1735,0.1692,0.1724,3412721.0
1772244000000,0.1723,0.1778,0.1719,0.1756,8120884.0
1772247600000,0.1757,0.179,0.172,0.1743,6883794.0
1772251200000,0.1743,0.1761,0.1716,0.1751,3435946.0
1772254800000,0.1751,0.1773,0.1739,0.1757,2032886.0
1772258400000,0.1758,0.176,0.1667,0.1684,7480075.0
1772262000000,0.1686,0.1733,0.1668,0.1693,6424587.0
1772265600000,0.1692,0.1706,0.1671,0.1696,4695740.0
1772269200000,0.1696,0.1721,0.1684,0.1699,2854686.0
1772272800000,0.17,0.1877,0.1694,0.1784,8992621.0
1772276400000,0.1786,0.1868,0.1784,0.1833,8215549.0
1772280000000,0.1833,0.1837,0.1774,0.1794,4746871.0
1772283600000,0.1793,0.1797,0.1747,0.178,3795137.0
1772287200000,0.1779,0.1804,0.1713,0.1733,5582428.0
1772290800000,0.1733,0.1807,0.1731,0.1787,2568275.0
1772294400000,0.1787,0.1827,0.1763,0.1805,2567913.0
1772298000000,0.1805,0.1811,0.1776,0.1787,992669.0
1772301600000,0.1787,0.1793,0.1751,0.1775,1302004.0
1772305200000,0.1775,0.1782,0.1762,0.1769,486547.0
1772308800000,0.177,0.1798,0.1752,0.1785,727307.0
1772312400000,0.1787,0.1789,0.1751,0.1754,905108.0
1772316000000,0.1755,0.1786,0.1745,0.178,784713.0
1772319600000,0.1782,0.1782,0.1727,0.1745,971051.0
1772323200000,0.1745,0.176,0.1716,0.1731,1059857.0
1772326800000,0.1731,0.1773,0.1716,0.1753,1413748.0
1772330400000,0.1753,0.181,0.1753,0.1795,1630515.0
1772334000000,0.1794,0.1796,0.1755,0.1764,524037.0
1772337600000,0.1764,0.1773,0.1748,0.1771,456967.0
1772341200000,0.177,0.1797,0.1749,0.178,916539.0
1772344800000,0.1779,0.1791,0.1765,0.1773,469250.0
1772348400000,0.1773,0.1784,0.177,0.178,206575.0
1772352000000,0.178,0.178,0.1732,0.176,1737979.0
1772355600000,0.1759,0.1764,0.1738,0.1741,244027.0
1772359200000,0.174,0.1766,0.1739,0.1757,467848.0
1772362800000,0.1758,0.1768,0.1745,0.1746,571793.0
1772366400000,0.1745,0.1765,0.1736,0.1763,706032.0
1772370000000,0.1762,0.1826,0.1756,0.1806,1729838.0
1772373600000,0.1807,0.1858,0.1794,0.1824,1690795.0
1772377200000,0.1824,0.1898,0.1814,0.1878,3119533.0
1772380800000,0.1877,0.191,0.1865,0.188,1863752.0
1772384400000,0.1881,0.1905,0.1873,0.1888,1350521.0
1772388000000,0.1888,0.1955,0.1883,0.1898,2074123.0
1772391600000,0.19,0.1915,0.1883,0.1904,704709.0
1772395200000,0.1904,0.1913,0.1863,0.1892,2611856.0
1772398800000,0.189,0.1906,0.1874,0.1903,493357.0
1772402400000,0.1902,0.1924,0.1887,0.1891,684667.0
1772406000000,0.1891,0.1936,0.1889,0.1921,872144.0
1772409600000,0.1922,0.1946,0.1903,0.192,1192682.0
1772413200000,0.1922,0.1933,0.188,0.1903,1420511.0
1772416800000,0.1903,0.1921,0.1888,0.1915,1145144.0
1772420400000,0.1915,0.1916,0.1898,0.1902,569742.0
1772424000000,0.1903,0.1905,0.1876,0.1888,913155.0
1772427600000,0.1888,0.1908,0.1884,0.1893,536908.0
1772431200000,0.1893,0.1895,0.1883,0.1888,325462.0
1772434800000,0.1888,0.1895,0.187,0.1886,514478.0
1772438400000,0.1886,0.1916,0.1872,0.1901,789608.0
1772442000000,0.1901,0.1916,0.1894,0.1903,582156.0
1772445600000,0.1902,0.191,0.1885,0.1906,408909.0
1772449200000,0.1906,0.1935,0.1905,0.1929,755068.0
1772452800000,0.193,0.1945,0.1901,0.1912,843571.0
1772456400000,0.1913,0.1917,0.1888,0.1899,589669.0
1772460000000,0.1899,0.1925,0.1884,0.1917,761247.0
1772463600000,0.1917,0.1979,0.1901,0.1949,2506364.0
1772467200000,0.195,0.2047,0.1919,0.1946,5526102.0
1772470800000,0.1946,0.1957,0.1909,0.193,961447.0
1772474400000,0.1931,0.1948,0.192,0.1942,323738.0
1772478000000,0.1942,0.1984,0.1932,0.1981,599544.0
1772481600000,0.1981,0.2003,0.1971,0.1997,527574.0
1772485200000,0.1997,0.1997,0.1969,0.197,441785.0
1772488800000,0.1971,0.1988,0.196,0.1969,2248998.0
1772492400000,0.1969,0.1974,0.194,0.1942,283047.0
1772496000000,0.1943,0.1948,0.1912,0.1931,367260.0
1772499600000,0.1932,0.1948,0.1926,0.1927,217925.0
1772503200000,0.1926,0.1936,0.1915,0.1931,183701.0
1772506800000,0.1932,0.1933,0.1911,0.1922,344463.0
1772510400000,0.1922,0.1923,0.1852,0.1871,1081891.0
1772514000000,0.1873,0.1888,0.1867,0.188,284214.0
1772517600000,0.188,0.1938,0.1876,0.1925,766292.0
1772521200000,0.1926,0.2,0.1907,0.1955,1151622.0
1772524800000,0.1956,0.1975,0.1941,0.1963,747459.0
1772528400000,0.1963,0.1998,0.1952,0.1958,1159231.0
1772532000000,0.1958,0.1984,0.1955,0.1974,261219.0
1772535600000,0.1974,0.1976,0.1945,0.1953,298140.0
1772539200000,0.1952,0.1969,0.1932,0.1943,369956.0
1772542800000,0.1944,0.1948,0.191,0.1934,525376.0
1772546400000,0.1934,0.1946,0.1921,0.194,333589.0
1772550000000,0.194,0.1968,0.1938,0.1951,608886.0
1772553600000,0.1953,0.1999,0.1942,0.1964,962110.0
1772557200000,0.1963,0.1989,0.1955,0.1974,411621.0
1772560800000,0.1974,0.1974,0.1947,0.1963,327283.0
1772564400000,0.1964,0.1973,0.1956,0.1962,184659.0
1772568000000,0.1962,0.1971,0.1953,0.1962,205233.0
1772571600000,0.1962,0.199,0.1951,0.1984,192731.0
1772575200000,0.1982,0.1984,0.1956,0.1958,135978.0
1772578800000,0.1958,0.1979,0.1953,0.1975,217515.0
1772582400000,0.1975,0.1987,0.1968,0.1981,334074.0
1772586000000,0.1981,0.199,0.1963,0.1978,452224.0
1772589600000,0.1978,0.2012,0.1959,0.1999,807617.0
1772593200000,0.2,0.2047,0.1987,0.2039,1139303.0
1772596800000,0.2039,0.2065,0.2016,0.2048,1429394.0
1772600400000,0.2049,0.215,0.2031,0.2098,2199722.0
1772604000000,0.2099,0.2169,0.2071,0.2148,2402808.0
1772607600000,0.2149,0.217,0.2125,0.214,1348090.0
1772611200000,0.214,0.2205,0.2135,0.2194,1163099.0
1772614800000,0.2195,0.2201,0.2161,0.2184,1409582.0
1772618400000,0.2185,0.2185,0.2115,0.2147,1567503.0
1772622000000,0.2146,0.2148,0.2094,0.2101,1344893.0
1772625600000,0.21,0.2112,0.2083,0.2106,654489.0
1772629200000,0.2104,0.2113,0.2087,0.2093,361952.0
1772632800000,0.2092,0.2184,0.2082,0.216,1427342.0
1772636400000,0.2162,0.22,0.2148,0.2167,1379643.0
1772640000000,0.2167,0.2177,0.2132,0.2135,699079.0
1772643600000,0.2134,0.214,0.2067,0.2077,1943302.0
1772647200000,0.2077,0.21,0.2066,0.2098,526667.0
1772650800000,0.2097,0.24,0.2086,0.222,7030901.0
1772654400000,0.2222,0.2291,0.2203,0.2229,3521906.0
1772658000000,0.2229,0.2249,0.22,0.2236,1765974.0
1772661600000,0.2236,0.2304,0.2226,0.2253,2726159.0
1772665200000,0.2254,0.2295,0.2235,0.2243,1628972.0
1772668800000,0.2243,0.2274,0.2223,0.2274,1712734.0
1772672400000,0.2273,0.2276,0.2233,0.227,832714.0
1772676000000,0.2271,0.2289,0.2246,0.2256,788181.0
1772679600000,0.2256,0.2331,0.2254,0.2308,1383168.0
1772683200000,0.2308,0.2314,0.2274,0.2284,1153460.0
1772686800000,0.2284,0.235,0.2283,0.2336,1619408.0
1772690400000,0.2336,0.2381,0.2313,0.2363,1816472.0
1772694000000,0.2362,0.2383,0.233,0.2352,1657878.0
1772697600000,0.2352,0.2391,0.2347,0.2384,1431534.0
1772701200000,0.2384,0.2391,0.2353,0.2374,1248695.0
1772704800000,0.2372,0.2399,0.2347,0.2389,3088901.0
1772708400000,0.2389,0.2389,0.2358,0.2369,745689.0
1772712000000,0.2369,0.24,0.2346,0.2396,2051755.0
1772715600000,0.2396,0.2396,0.2365,0.2377,1618265.0
1772719200000,0.2375,0.239,0.2351,0.2384,2373696.0
1772722800000,0.2384,0.2394,0.2371,0.2389,1184626.0
1772726400000,0.2391,0.2394,0.2023,0.2199,20583549.0
1772730000000,0.2199,0.2239,0.2173,0.2197,1903430.0
1772733600000,0.2198,0.2241,0.2197,0.2236,939614.0
1772737200000,0.2237,0.2277,0.2217,0.2241,1157054.0
1772740800000,0.2242,0.2251,0.2229,0.2235,642180.0
1772744400000,0.2237,0.2251,0.2212,0.2214,271764.0
1772748000000,0.2214,0.223,0.2193,0.221,434497.0
1772751600000,0.2211,0.223,0.2202,0.2206,266447.0
1772755200000,0.2206,0.2213,0.2176,0.22,941034.0
1772758800000,0.2199,0.2207,0.2184,0.2197,322013.0
1772762400000,0.2195,0.2197,0.2175,0.2187,341075.0
1772766000000,0.2187,0.2194,0.217,0.2191,392825.0
1772769600000,0.2191,0.2222,0.2186,0.2194,664975.0
1772773200000,0.2194,0.2223,0.2187,0.2213,404516.0
1772776800000,0.2213,0.2249,0.221,0.2234,591049.0
1772780400000,0.2236,0.233,0.2234,0.2274,1513320.0
1772784000000,0.2273,0.2292,0.2233,0.2237,882646.0
1772787600000,0.2236,0.2236,0.2199,0.2214,697895.0
1772791200000,0.2214,0.2263,0.2212,0.2244,754647.0
1772794800000,0.2244,0.2265,0.2238,0.2254,358254.0
1772798400000,0.2254,0.2259,0.2235,0.2241,267536.0
1772802000000,0.2238,0.2244,0.2214,0.2219,332447.0
1772805600000,0.2218,0.2235,0.2207,0.2226,576765.0
1772809200000,0.2226,0.2256,0.2222,0.2232,324478.0
1772812800000,0.2232,0.2238,0.2211,0.2218,357741.0
1772816400000,0.2219,0.222,0.2154,0.2166,877371.0
1772820000000,0.2166,0.2174,0.2138,0.2153,640198.0
1772823600000,0.2154,0.2156,0.2131,0.2146,380795.0
1772827200000,0.2147,0.2164,0.2124,0.2158,558130.0
1772830800000,0.2159,0.2162,0.2144,0.2153,133411.0
1772834400000,0.2153,0.2174,0.215,0.2155,214646.0
1772838000000,0.2155,0.2162,0.2145,0.2152,165624.0
1772841600000,0.2152,0.2173,0.2148,0.2151,170123.0
1772845200000,0.2152,0.2158,0.2145,0.2156,98712.0
1772848800000,0.2154,0.2163,0.2146,0.215,97084.0
1772852400000,0.2149,0.2159,0.2122,0.2127,240403.0
1772856000000,0.2128,0.2145,0.212,0.2139,218048.0
1772859600000,0.2138,0.2142,0.2112,0.2115,263151.0
1772863200000,0.2114,0.2126,0.2098,0.2108,479057.0
1772866800000,0.2109,0.2119,0.2099,0.2103,360196.0
1772870400000,0.2101,0.2163,0.2096,0.2145,769538.0
1772874000000,0.2145,0.2176,0.2135,0.2155,442538.0
1772877600000,0.2154,0.2155,0.2136,0.2139,250815.0
1772881200000,0.2139,0.2153,0.2127,0.2153,193625.0
1772884800000,0.2153,0.2161,0.2148,0.2158,98470.0
1772888400000,0.2156,0.2163,0.2135,0.2139,458312.0
1772892000000,0.2138,0.2151,0.2125,0.2149,257376.0
1772895600000,0.2149,0.216,0.2138,0.2144,269985.0
1772899200000,0.2146,0.2153,0.2119,0.2123,133866.0
1772902800000,0.2124,0.2135,0.2117,0.2121,230798.0
1772906400000,0.2123,0.2123,0.2103,0.2118,227021.0
1772910000000,0.2118,0.2119,0.21,0.2106,122995.0
1772913600000,0.2106,0.2116,0.2104,0.2111,95839.0
1772917200000,0.2111,0.2115,0.2087,0.2091,249028.0
1772920800000,0.2092,0.2099,0.203,0.2052,865795.0
1772924400000,0.2053,0.2069,0.2041,0.2055,309902.0
1772928000000,0.2055,0.208,0.2055,0.207,336382.0
1772931600000,0.2069,0.2086,0.2056,0.2081,148114.0
1772935200000,0.2081,0.2087,0.2066,0.2081,160363.0
1772938800000,0.208,0.2085,0.2067,0.2073,169852.0
1772942400000,0.2074,0.2081,0.2061,0.2067,198518.0
1772946000000,0.2066,0.2119,0.2065,0.2101,448054.0
1772949600000,0.2099,0.2112,0.2098,0.2111,109196.0
1772953200000,0.2111,0.2128,0.2101,0.2114,317495.0
1772956800000,0.2114,0.2118,0.2103,0.2111,239754.0
1772960400000,0.2111,0.2112,0.209,0.2096,159846.0
1772964000000,0.2094,0.2096,0.2074,0.2079,170515.0
1772967600000,0.2078,0.209,0.2062,0.2086,285496.0
1772971200000,0.2086,0.2103,0.2066,0.2069,515373.0
1772974800000,0.2067,0.2077,0.2058,0.2073,186110.0
1772978400000,0.2073,0.2076,0.2061,0.2065,120149.0
1772982000000,0.2065,0.2068,0.2054,0.2063,95097.0
1772985600000,0.2062,0.2077,0.2057,0.2071,161175.0
1772989200000,0.2069,0.2088,0.2069,0.2079,117429.0
1772992800000,0.2079,0.2091,0.2069,0.2069,144625.0
1772996400000,0.207,0.2093,0.2069,0.2088,113510.0
1773000000000,0.2086,0.2098,0.2085,0.2094,66397.0
1773003600000,0.2094,0.2099,0.2083,0.2086,57844.0
1773007200000,0.2089,0.2089,0.2058,0.2077,116411.0
1773010800000,0.2079,0.2079,0.2063,0.2071,129846.0
1773014400000,0.2071,0.21,0.207,0.2084,120178.0
1773018000000,0.2084,0.2099,0.2081,0.2091,78233.0
1773021600000,0.2091,0.2098,0.2079,0.2095,94323.0
1773025200000,0.2095,0.2114,0.2089,0.2095,172235.0
1773028800000,0.2096,0.2112,0.2089,0.2101,118052.0
1773032400000,0.2099,0.2127,0.209,0.2103,553396.0
1773036000000,0.2103,0.2104,0.2044,0.2059,410364.0
1773039600000,0.2057,0.2066,0.2041,0.2062,160254.0
1773043200000,0.2063,0.2084,0.2062,0.2069,153228.0
1773046800000,0.207,0.2091,0.2064,0.2076,167407.0
1773050400000,0.2079,0.2085,0.2058,0.2067,130692.0
1773054000000,0.2068,0.2077,0.2057,0.2062,287819.0
1773057600000,0.2061,0.2082,0.206,0.2076,116517.0
1773061200000,0.2075,0.2091,0.2068,0.2089,155338.0
1773064800000,0.2087,0.2089,0.2063,0.2064,213177.0
1773068400000,0.2066,0.207,0.2028,0.2039,350452.0
1773072000000,0.2039,0.2052,0.2015,0.2034,354304.0
1773075600000,0.2034,0.204,0.2015,0.2032,178564.0
1773079200000,0.2031,0.2035,0.2017,0.2027,79239.0
1773082800000,0.2029,0.2064,0.2009,0.2055,371513.0
1773086400000,0.2057,0.2115,0.2033,0.2058,904677.0
1773090000000,0.2058,0.2081,0.2055,0.2075,137371.0
1773093600000,0.2074,0.2124,0.2069,0.2121,265865.0
1773097200000,0.2119,0.2149,0.2102,0.2145,508932.0
1773100800000,0.2143,0.216,0.209,0.2092,694241.0
1773104400000,0.2091,0.2098,0.2078,0.2096,154175.0
1773108000000,0.2097,0.2104,0.2085,0.2094,182308.0
1773111600000,0.2091,0.2096,0.2068,0.2073,196879.0
1773115200000,0.2071,0.2086,0.2066,0.2079,115001.0
1773118800000,0.2079,0.2101,0.2073,0.21,253115.0
1773122400000,0.2101,0.2103,0.2077,0.2093,207647.0
1773126000000,0.2089,0.2117,0.2087,0.2097,108674.0
1773129600000,0.2099,0.2114,0.2086,0.2103,464388.0
1773133200000,0.2107,0.2119,0.2101,0.2117,135077.0
1773136800000,0.2116,0.2129,0.21,0.2111,260213.0
1773140400000,0.2111,0.2115,0.21,0.2105,166062.0
1773144000000,0.2104,0.2113,0.2089,0.2094,167094.0
1773147600000,0.2095,0.214,0.2069,0.2079,757831.0
1773151200000,0.2079,0.2083,0.2036,0.2068,531333.0
1773154800000,0.2071,0.2072,0.2017,0.2026,570944.0
1773158400000,0.2027,0.2028,0.1987,0.1991,493389.0
1773162000000,0.1991,0.2049,0.1991,0.2012,906060.0
1773165600000,0.2012,0.206,0.1999,0.2032,1329338.0
1773169200000,0.2032,0.2033,0.2013,0.2019,116897.0
1773172800000,0.2019,0.2038,0.2019,0.2033,45508.0
1773176400000,0.2033,0.2039,0.2018,0.2037,80357.0
1773180000000,0.2036,0.2038,0.2023,0.2028,163759.0
1773183600000,0.2028,0.2067,0.2024,0.205,273879.0
1773187200000,0.2051,0.2065,0.2049,0.2062,121955.0
1773190800000,0.2061,0.2077,0.2054,0.2068,117592.0
1773194400000,0.2069,0.2081,0.2036,0.2041,148401.0
1773198000000,0.2041,0.2044,0.2027,0.2028,151811.0
1773201600000,0.2028,0.2045,0.2022,0.203,172051.0
1773205200000,0.203,0.2031,0.1982,0.199,345597.0
1773208800000,0.199,0.2005,0.1979,0.2001,283439.0
1773212400000,0.2001,0.2004,0.1981,0.1981,170283.0
1773216000000,0.1981,0.204,0.1977,0.1992,554413.0
1773219600000,0.1993,0.1999,0.1934,0.1943,1080574.0
1773223200000,0.1943,0.1957,0.1941,0.1943,214096.0
1773226800000,0.1943,0.1945,0.1911,0.1914,750035.0
1773230400000,0.1912,0.1925,0.1867,0.1884,1049847.0
1773234000000,0.1884,0.1888,0.1852,0.1872,902498.0
1773237600000,0.1872,0.1884,0.1853,0.1855,473935.0
1773241200000,0.1857,0.186,0.1823,0.1845,613665.0
1773244800000,0.1844,0.1875,0.1843,0.1852,419030.0
1773248400000,0.1853,0.1867,0.1851,0.1852,213498.0
1773252000000,0.1854,0.1865,0.1843,0.1856,262571.0
1773255600000,0.1855,0.1867,0.1851,0.1863,226161.0
1773259200000,0.1862,0.1864,0.1852,0.1855,87531.0
1773262800000,0.1858,0.1859,0.1809,0.1829,360451.0
1773266400000,0.183,0.1832,0.1792,0.1797,573587.0
1773270000000,0.1797,0.1807,0.1725,0.1737,1403495.0
1773273600000,0.1738,0.1776,0.1717,0.1761,1336796.0
1773277200000,0.176,0.1764,0.1735,0.1746,501361.0
1773280800000,0.1745,0.1767,0.1706,0.1753,1547062.0
1773284400000,0.1754,0.1767,0.1733,0.1735,714476.0
1773288000000,0.1735,0.1765,0.1731,0.1758,594592.0
1773291600000,0.1758,0.1776,0.1749,0.1775,610476.0
1773295200000,0.1774,0.1794,0.1769,0.1781,579429.0
1773298800000,0.1781,0.1785,0.1762,0.1766,365784.0
1773302400000,0.1765,0.1782,0.176,0.1775,328601.0
1773306000000,0.1776,0.1805,0.1766,0.1775,3880730.0
1773309600000,0.1774,0.178,0.1749,0.1771,432724.0
1773313200000,0.177,0.1803,0.1761,0.1777,740481.0
1773316800000,0.1777,0.179,0.1764,0.1787,182847.0
1773320400000,0.1788,0.181,0.1785,0.1795,457107.0
1773324000000,0.1795,0.1835,0.179,0.1815,624718.0
1773327600000,0.1815,0.1851,0.1813,0.182,496701.0
1773331200000,0.182,0.1841,0.1811,0.1824,273161.0
1773334800000,0.1824,0.1824,0.1792,0.1813,557345.0
1773338400000,0.1813,0.1815,0.1797,0.1803,119708.0
1773342000000,0.1803,0.1812,0.18,0.1807,72417.0
1773345600000,0.1806,0.1807,0.1797,0.1806,68130.0
1773349200000,0.1806,0.1806,0.1795,0.1805,44605.0
1773352800000,0.1805,0.1818,0.1789,0.1816,191689.0
1773356400000,0.1815,0.1828,0.1806,0.181,153905.0
1773360000000,0.1811,0.1828,0.179,0.1803,472847.0
1773363600000,0.1804,0.1818,0.1784,0.1797,1302911.0
1773367200000,0.1797,0.1799,0.1762,0.1772,452492.0
1773370800000,0.1772,0.178,0.1754,0.1764,152421.0
1773374400000,0.1764,0.1778,0.1763,0.1765,185109.0
1773378000000,0.1766,0.1778,0.1756,0.1763,126782.0
1773381600000,0.1762,0.1763,0.175,0.1758,172636.0
1773385200000,0.1757,0.1765,0.175,0.1757,200504.0
1773388800000,0.1755,0.1768,0.174,0.1768,231523.0
1773392400000,0.1768,0.1771,0.1741,0.1767,411337.0
1773396000000,0.1768,0.1788,0.1762,0.1784,295345.0
1773399600000,0.1784,0.1786,0.1767,0.178,90692.0
1773403200000,0.1779,0.1788,0.1772,0.1782,139811.0
1773406800000,0.1782,0.1808,0.178,0.1802,137718.0
1773410400000,0.1802,0.1807,0.1787,0.1793,201503.0
1773414000000,0.1793,0.1793,0.1754,0.1756,485356.0
1773417600000,0.1756,0.1776,0.1748,0.1773,199918.0
1773421200000,0.1772,0.1776,0.1757,0.177,270990.0
1773424800000,0.1771,0.1785,0.1764,0.1766,777835.0
1773428400000,0.1767,0.1774,0.1761,0.1771,47296.0
1773432000000,0.1772,0.1777,0.1764,0.1764,89583.0
1773435600000,0.1766,0.1775,0.1756,0.1763,99155.0
1773439200000,0.1765,0.1769,0.1755,0.176,102363.0
1773442800000,0.1759,0.1763,0.1755,0.1755,80856.0
1773446400000,0.1756,0.1762,0.175,0.1755,210926.0
1773450000000,0.1757,0.179,0.1755,0.1768,199394.0
1773453600000,0.1769,0.1812,0.1766,0.1803,320631.0
1773457200000,0.1802,0.1813,0.1792,0.1805,105817.0
1773460800000,0.1805,0.1825,0.1797,0.182,165548.0
1773464400000,0.182,0.1854,0.1813,0.1827,464542.0
1773468000000,0.1827,0.1865,0.1805,0.185,364614.0
1773471600000,0.185,0.1863,0.1841,0.1852,180116.0
1773475200000,0.1852,0.186,0.1841,0.1856,182383.0
1773478800000,0.1856,0.186,0.1837,0.1859,133831.0
1773482400000,0.1858,0.1893,0.1855,0.1883,444015.0
1773486000000,0.1882,0.1892,0.1861,0.1883,285487.0
1773489600000,0.1883,0.1883,0.186,0.1874,238772.0
1773493200000,0.1877,0.1889,0.1849,0.1862,288874.0
1773496800000,0.186,0.1868,0.1813,0.1846,586801.0
1773500400000,0.1846,0.1848,0.1821,0.1841,228217.0
1773504000000,0.184,0.1843,0.1826,0.1828,167315.0
1773507600000,0.1828,0.1829,0.1818,0.182,92191.0
1773511200000,0.182,0.1821,0.1813,0.1815,43080.0
1773514800000,0.1815,0.1819,0.18,0.1811,223049.0
1773518400000,0.1811,0.182,0.1805,0.1814,103034.0
1773522000000,0.1812,0.1822,0.1754,0.179,658962.0
1773525600000,0.1791,0.1798,0.1785,0.1788,66640.0
1773529200000,0.1788,0.1804,0.1778,0.1798,177982.0
1773532800000,0.1798,0.181,0.1788,0.1789,125745.0
1773536400000,0.1788,0.18,0.178,0.1783,88011.0
1773540000000,0.1783,0.1801,0.1783,0.1797,121903.0
1773543600000,0.1797,0.1851,0.1792,0.1841,508566.0
1773547200000,0.1842,0.1858,0.1827,0.1855,1923289.0
1773550800000,0.1856,0.1863,0.183,0.1832,494882.0
1773554400000,0.1834,0.1836,0.1814,0.1817,519208.0
1773558000000,0.1819,0.1826,0.1809,0.1811,66235.0
1773561600000,0.1812,0.1823,0.1808,0.181,122218.0
1773565200000,0.181,0.1816,0.1801,0.1802,48079.0
1773568800000,0.1802,0.1807,0.1799,0.1805,57676.0
1773572400000,0.1804,0.1804,0.1797,0.18,54533.0
1773576000000,0.1798,0.1816,0.1792,0.1813,179214.0
1773579600000,0.1812,0.1822,0.1808,0.1812,154729.0
1773583200000,0.1812,0.1826,0.1811,0.1821,97450.0
1773586800000,0.1822,0.1832,0.1818,0.1821,121463.0
1773590400000,0.182,0.1824,0.1809,0.1818,143488.0
1773594000000,0.1818,0.1831,0.1817,0.1823,102745.0
1773597600000,0.1823,0.1828,0.1821,0.1823,42845.0
1773601200000,0.1823,0.1828,0.1815,0.1828,44676.0
1773604800000,0.1825,0.1848,0.1802,0.1807,545208.0
1773608400000,0.1806,0.1822,0.1806,0.1813,61726.0
1773612000000,0.1814,0.1827,0.1808,0.1821,73860.0
1773615600000,0.1821,0.1824,0.1805,0.1815,100916.0
1773619200000,0.1816,0.1821,0.1811,0.1816,43134.0
1773622800000,0.1816,0.1819,0.1806,0.1818,87221.0
1773626400000,0.1819,0.1839,0.1814,0.1831,152186.0
1773630000000,0.1831,0.2303,0.1821,0.2104,27233273.0
1773633600000,0.2104,0.2208,0.2072,0.2163,10922886.0
1773637200000,0.2165,0.2191,0.2125,0.2154,7146817.0
1773640800000,0.2153,0.2243,0.2122,0.2136,9356053.0
1773644400000,0.2133,0.2188,0.2126,0.2137,4803980.0
1773648000000,0.2137,0.2185,0.2106,0.2167,4653633.0
1773651600000,0.2167,0.2219,0.2131,0.2192,5393235.0
1773655200000,0.2192,0.2223,0.2138,0.2151,7475151.0
1773658800000,0.2151,0.22,0.2144,0.2188,6653633.0
1773662400000,0.2188,0.231,0.2158,0.2277,19705989.0
1773666000000,0.2277,0.2287,0.2187,0.2234,11606405.0
1773669600000,0.2234,0.2266,0.2195,0.2249,8160815.0
1773673200000,0.2249,0.2293,0.2226,0.2236,8289515.0
1773676800000,0.2237,0.2254,0.2207,0.2225,5589551.0
1773680400000,0.2227,0.2248,0.2187,0.2208,4686706.0
1773684000000,0.2208,0.2247,0.2193,0.2217,3234548.0
1773687600000,0.2216,0.2236,0.2167,0.2184,4170219.0
1773691200000,0.2184,0.2207,0.2169,0.2191,2091207.0
1773694800000,0.2192,0.221,0.2177,0.2203,1911605.0
1773698400000,0.2203,0.2239,0.2186,0.2223,2272736.0
1773702000000,0.2223,0.2273,0.2205,0.2261,1715238.0
1773705600000,0.2261,0.2283,0.2233,0.224,3048297.0
1773709200000,0.2241,0.2268,0.2227,0.2261,1781167.0
1773712800000,0.2262,0.2354,0.2227,0.2247,10155675.0
1773716400000,0.2246,0.2446,0.2206,0.2404,7083497.0
1773720000000,0.2404,0.241,0.2335,0.2346,4362121.0
1773723600000,0.2344,0.2358,0.2321,0.2335,1665405.0
1773727200000,0.2336,0.2389,0.2325,0.2376,1040078.0
1773730800000,0.2376,0.244,0.2374,0.2392,2240575.0
1773734400000,0.2393,0.2415,0.2373,0.24,1092016.0
1773738000000,0.2398,0.2441,0.2391,0.2418,1866313.0
1773741600000,0.2418,0.2458,0.2393,0.2424,2143116.0
1773745200000,0.2425,0.2441,0.2376,0.2424,2405520.0
1773748800000,0.2425,0.2447,0.2407,0.2436,1363063.0
1773752400000,0.2437,0.2469,0.2429,0.2465,1745121.0
1773756000000,0.2466,0.2467,0.2426,0.2439,1304439.0
1773759600000,0.2442,0.2464,0.2415,0.2444,1337340.0
1773763200000,0.2444,0.247,0.2404,0.2406,1337151.0
1773766800000,0.2408,0.2419,0.2356,0.2398,1717791.0
1773770400000,0.24,0.2406,0.2376,0.2383,465859.0
1773774000000,0.2383,0.2405,0.2381,0.2392,389000.0
1773777600000,0.2393,0.2424,0.2393,0.2401,533756.0
1773781200000,0.24,0.2429,0.24,0.2425,494337.0
1773784800000,0.2426,0.2429,0.2405,0.2412,515934.0
1773788400000,0.2414,0.2424,0.2392,0.2406,989565.0
1773792000000,0.2408,0.2444,0.2407,0.2436,1035587.0
1773795600000,0.2438,0.245,0.2417,0.2434,696128.0
1773799200000,0.2433,0.2443,0.2404,0.242,1058375.0
1773802800000,0.242,0.2439,0.2406,0.2415,710617.0
1773806400000,0.2415,0.2459,0.2412,0.2449,571730.0
1773810000000,0.245,0.2489,0.2447,0.2465,2031095.0
1773813600000,0.2465,0.2474,0.2444,0.2469,769067.0
1773817200000,0.2469,0.2472,0.2437,0.2448,509622.0
1773820800000,0.2447,0.2476,0.2427,0.2471,613833.0
1773824400000,0.2471,0.2484,0.2452,0.2462,432508.0
1773828000000,0.2462,0.2485,0.2461,0.2474,264171.0
1773831600000,0.2474,0.2492,0.2441,0.2448,1264968.0
1773835200000,0.2448,0.2499,0.2441,0.2472,1132099.0
1773838800000,0.2473,0.2482,0.2432,0.2441,807199.0
1773842400000,0.2441,0.2457,0.2386,0.2406,1804211.0
1773846000000,0.2404,0.2429,0.2385,0.24,986712.0
1773849600000,0.2399,0.2432,0.2351,0.2409,1635041.0
1773853200000,0.241,0.2418,0.2381,0.2395,409910.0
1773856800000,0.2397,0.241,0.2374,0.2388,446379.0
1773860400000,0.2386,0.2395,0.2368,0.2385,419362.0
1773864000000,0.2385,0.2396,0.2369,0.239,297716.0
1773867600000,0.239,0.2407,0.2389,0.2402,121514.0
1773871200000,0.2401,0.2405,0.2379,0.24,350433.0
1773874800000,0.2399,0.2412,0.239,0.2396,248477.0
1773878400000,0.2396,0.243,0.2394,0.2407,382606.0
1773882000000,0.2407,0.2414,0.2393,0.2405,258763.0
1773885600000,0.2404,0.2425,0.2395,0.2399,206737.0
1773889200000,0.2399,0.2418,0.2396,0.2407,171050.0
1773892800000,0.2407,0.2411,0.2374,0.2394,682185.0
1773896400000,0.2397,0.2453,0.2395,0.2439,608212.0
1773900000000,0.2439,0.2439,0.241,0.2417,302795.0
1773903600000,0.2419,0.243,0.2401,0.2418,235235.0
1773907200000,0.2417,0.2434,0.2406,0.2411,375715.0
1773910800000,0.2412,0.2418,0.2393,0.2409,294966.0
1773914400000,0.2409,0.2436,0.2402,0.2425,354654.0
1773918000000,0.2425,0.2451,0.2406,0.241,468693.0
1773921600000,0.241,0.241,0.2369,0.2389,818149.0
1773925200000,0.2388,0.2414,0.2378,0.2404,477923.0
1773928800000,0.2405,0.2414,0.239,0.2411,261015.0
1773932400000,0.2411,0.2432,0.2396,0.2408,326493.0
1773936000000,0.2407,0.2434,0.2371,0.2407,805710.0
1773939600000,0.2407,0.2443,0.2406,0.2429,221093.0
1773943200000,0.243,0.2441,0.2415,0.2425,156790.0
1773946800000,0.2425,0.2488,0.2421,0.2437,607492.0
1773950400000,0.2437,0.2452,0.2431,0.244,169555.0
1773954000000,0.2442,0.2467,0.2432,0.2462,310543.0
1773957600000,0.2463,0.247,0.2448,0.246,180119.0
1773961200000,0.246,0.247,0.2428,0.2444,396367.0
1773964800000,0.2445,0.2473,0.244,0.2464,240827.0
1773968400000,0.2464,0.2471,0.2446,0.2456,273480.0
1773972000000,0.2456,0.2461,0.2435,0.2458,180617.0
1773975600000,0.2458,0.246,0.2439,0.2446,141761.0
1773979200000,0.2448,0.2462,0.2442,0.2449,243551.0
1773982800000,0.2448,0.2459,0.2422,0.2433,262298.0
1773986400000,0.2431,0.2434,0.238,0.2385,451940.0
1773990000000,0.2384,0.2384,0.2356,0.2369,516394.0
1773993600000,0.2368,0.2379,0.2354,0.2358,233629.0
1773997200000,0.2358,0.2368,0.2347,0.2355,407837.0
1774000800000,0.2357,0.2358,0.2335,0.2348,417676.0
1774004400000,0.2349,0.2365,0.2295,0.2316,1117278.0
1774008000000,0.2316,0.2316,0.2192,0.2213,2647934.0
1774011600000,0.2215,0.2259,0.2187,0.2192,1236621.0
1774015200000,0.2193,0.2229,0.2181,0.2211,994292.0
1774018800000,0.2212,0.2233,0.2201,0.223,545442.0
1774022400000,0.223,0.2245,0.2187,0.221,838053.0
1774026000000,0.2211,0.2238,0.2203,0.2237,499076.0
1774029600000,0.2236,0.2274,0.2233,0.2264,557457.0
1774033200000,0.2265,0.2305,0.2264,0.229,500969.0
1774036800000,0.2289,0.2294,0.2248,0.2253,319949.0
1774040400000,0.2252,0.2254,0.2231,0.2242,288169.0
1774044000000,0.2242,0.226,0.2231,0.2235,176216.0
1774047600000,0.2234,0.2235,0.2222,0.2226,132119.0
1774051200000,0.2226,0.2242,0.2222,0.2234,142290.0
1774054800000,0.2235,0.2247,0.2227,0.2235,159491.0
1774058400000,0.2234,0.2256,0.223,0.2249,120993.0
1774062000000,0.2249,0.225,0.2236,0.2246,116621.0
1774065600000,0.2245,0.2255,0.2217,0.2222,383304.0
1774069200000,0.2223,0.2254,0.2221,0.2249,267726.0
1774072800000,0.225,0.229,0.2247,0.2278,312063.0
1774076400000,0.2279,0.229,0.2262,0.2266,161323.0
1774080000000,0.2264,0.2288,0.2262,0.2284,50294.0
1774083600000,0.2284,0.2284,0.2246,0.226,342678.0
1774087200000,0.2259,0.2265,0.2247,0.2259,221502.0
1774090800000,0.2259,0.2266,0.2251,0.2255,120134.0
1774094400000,0.2256,0.2265,0.2248,0.2252,68615.0
1774098000000,0.2252,0.2252,0.2222,0.2229,201606.0
1774101600000,0.2229,0.2238,0.2211,0.2221,398505.0
1774105200000,0.2222,0.2231,0.2203,0.2204,237128.0
1774108800000,0.2205,0.2209,0.2168,0.2185,439680.0
1774112400000,0.2186,0.2198,0.2181,0.2193,130416.0
1774116000000,0.2194,0.2204,0.2191,0.2196,107740.0
1774119600000,0.2195,0.2208,0.2194,0.2205,163177.0
1774123200000,0.2205,0.2218,0.2205,0.2209,124403.0
1774126800000,0.2208,0.2215,0.2201,0.221,76580.0
1774130400000,0.221,0.221,0.2172,0.2181,331674.0
1774134000000,0.218,0.2188,0.2168,0.2188,249213.0
1774137600000,0.2187,0.2202,0.2176,0.2189,376055.0
1774141200000,0.2189,0.2197,0.218,0.2187,103408.0
1774144800000,0.2188,0.219,0.217,0.2184,145133.0
1774148400000,0.2185,0.2194,0.217,0.2171,348777.0
1774152000000,0.217,0.2175,0.2152,0.2156,332484.0
1774155600000,0.2157,0.2175,0.2155,0.2173,275247.0
1774159200000,0.2172,0.2179,0.2162,0.217,159300.0
1774162800000,0.217,0.218,0.2163,0.2168,251572.0
1774166400000,0.2167,0.2172,0.2154,0.2167,178205.0
1774170000000,0.2168,0.2181,0.2168,0.2176,124934.0
1774173600000,0.2176,0.2181,0.2164,0.2168,166866.0
1774177200000,0.2168,0.2234,0.2163,0.2223,937245.0
1774180800000,0.2223,0.2266,0.2218,0.2256,347673.0
1774184400000,0.2256,0.2261,0.2216,0.2222,160676.0
1774188000000,0.2223,0.2225,0.2186,0.2187,240599.0
1774191600000,0.2186,0.2197,0.2178,0.2182,113967.0
1774195200000,0.2182,0.2207,0.2171,0.2183,350265.0
1774198800000,0.2182,0.222,0.2181,0.2185,451727.0
1774202400000,0.2186,0.2211,0.2175,0.2185,278129.0
1774206000000,0.2185,0.2185,0.2166,0.2179,135082.0
1774209600000,0.2179,0.2185,0.2173,0.2179,54446.0
1774213200000,0.2178,0.2181,0.2157,0.2167,121160.0
1774216800000,0.217,0.2197,0.216,0.2193,91888.0
1774220400000,0.2194,0.2196,0.2175,0.219,137551.0
1774224000000,0.219,0.22,0.2163,0.2179,212866.0
1774227600000,0.2179,0.2204,0.2174,0.2176,230986.0
1774231200000,0.2177,0.2187,0.217,0.2186,114438.0
1774234800000,0.2186,0.2193,0.217,0.217,172757.0
1774238400000,0.217,0.2198,0.217,0.2194,71863.0
1774242000000,0.2194,0.2197,0.2179,0.2181,70792.0
1774245600000,0.218,0.2181,0.2167,0.2173,76219.0
1774249200000,0.2171,0.2178,0.2112,0.2141,1047445.0
1774252800000,0.2142,0.2156,0.2135,0.2138,135578.0
1774256400000,0.214,0.2148,0.2131,0.2145,68964.0
1774260000000,0.2144,0.2153,0.2136,0.2145,151334.0
1774263600000,0.2146,0.2214,0.2139,0.2144,1189418.0
1774267200000,0.2144,0.2156,0.213,0.2152,299727.0
1774270800000,0.2154,0.2156,0.2129,0.2139,383618.0
1774274400000,0.2139,0.214,0.2073,0.2103,522382.0
1774278000000,0.2103,0.2112,0.2087,0.2093,285351.0
1774281600000,0.2094,0.2099,0.2077,0.2086,170370.0
1774285200000,0.2086,0.2087,0.2051,0.206,344735.0
1774288800000,0.206,0.2102,0.2051,0.2101,391160.0
1774292400000,0.2101,0.2106,0.2091,0.2103,206225.0
1774296000000,0.2104,0.2121,0.2095,0.2117,168082.0
1774299600000,0.2117,0.2128,0.2109,0.2124,91927.0
1774303200000,0.2123,0.2144,0.2114,0.2123,397423.0
1774306800000,0.2122,0.2134,0.211,0.2131,361693.0
1774310400000,0.213,0.215,0.2129,0.2143,206880.0
1774314000000,0.214,0.216,0.2105,0.2108,342300.0
1774317600000,0.2108,0.2153,0.2107,0.2146,363171.0
1774321200000,0.2144,0.2145,0.2133,0.2141,155974.0
1774324800000,0.214,0.2145,0.2128,0.2134,204328.0
1774328400000,0.2136,0.214,0.213,0.2134,66657.0
1774332000000,0.2137,0.2155,0.2135,0.2141,631521.0
1774335600000,0.2139,0.2143,0.2125,0.2138,230456.0
1774339200000,0.2137,0.217,0.2123,0.2153,437646.0
1774342800000,0.2153,0.2212,0.2152,0.2208,542972.0
1774346400000,0.2209,0.2219,0.2167,0.2178,274615.0
1774350000000,0.2177,0.2183,0.2157,0.2161,226693.0
1774353600000,0.2161,0.2179,0.2149,0.2163,322275.0
1774357200000,0.2164,0.218,0.216,0.2174,220613.0
1774360800000,0.2176,0.2187,0.2161,0.2171,392567.0
1774364400000,0.2171,0.218,0.2162,0.2178,83773.0
1774368000000,0.2178,0.218,0.2164,0.2173,98523.0
1774371600000,0.2173,0.219,0.2165,0.2189,164422.0
1774375200000,0.2189,0.2204,0.2185,0.2199,225836.0
1774378800000,0.2199,0.221,0.2188,0.2193,157471.0
1774382400000,0.2193,0.2217,0.2192,0.2214,123712.0
1774386000000,0.2215,0.223,0.2214,0.222,183119.0
1774389600000,0.2225,0.2225,0.2204,0.2216,172129.0
1774393200000,0.2215,0.2219,0.2208,0.2214,70351.0
1774396800000,0.2212,0.222,0.2201,0.2207,123259.0
1774400400000,0.2207,0.2208,0.2175,0.2194,219079.0
1774404000000,0.2194,0.2197,0.2176,0.2188,287450.0
1774407600000,0.2187,0.2205,0.2167,0.2205,437365.0
1774411200000,0.2205,0.2223,0.2197,0.2207,131352.0
1774414800000,0.2206,0.2218,0.2201,0.2211,51906.0
1774418400000,0.2211,0.2219,0.2207,0.2215,101486.0
1774422000000,0.2217,0.2234,0.2207,0.2212,1229854.0
1774425600000,0.2212,0.2218,0.2207,0.2212,61286.0
1774429200000,0.2211,0.2245,0.2209,0.2242,260831.0
1774432800000,0.2242,0.228,0.2242,0.2259,249049.0
1774436400000,0.2257,0.229,0.2253,0.227,270623.0
1774440000000,0.227,0.228,0.224,0.2243,451064.0
1774443600000,0.2242,0.2256,0.2226,0.2246,644978.0
1774447200000,0.2248,0.2275,0.2216,0.2245,759592.0
1774450800000,0.2246,0.2252,0.22,0.2233,574744.0
1774454400000,0.2231,0.2258,0.2227,0.2246,276916.0
1774458000000,0.2247,0.225,0.2223,0.2223,228220.0
1774461600000,0.2222,0.223,0.2186,0.2189,272746.0
1774465200000,0.2191,0.2192,0.213,0.2139,583966.0
1774468800000,0.2139,0.2142,0.2086,0.2093,1094046.0
1774472400000,0.2093,0.2129,0.2079,0.2123,501321.0
1774476000000,0.2123,0.2142,0.2085,0.2101,1056618.0
1774479600000,0.2103,0.2116,0.2066,0.2087,576370.0
1774483200000,0.2087,0.2108,0.2065,0.2069,1682566.0
1774486800000,0.2069,0.2088,0.2062,0.2083,164092.0
1774490400000,0.2084,0.2147,0.2081,0.2143,855509.0
1774494000000,0.2144,0.2168,0.2139,0.2163,310143.0
1774497600000,0.2163,0.2204,0.2163,0.2202,264082.0
1774501200000,0.2201,0.223,0.2192,0.2229,506357.0
1774504800000,0.2229,0.2237,0.2187,0.2206,1385326.0
1774508400000,0.2206,0.224,0.2203,0.2227,299682.0
1774512000000,0.2227,0.2285,0.2223,0.228,545649.0
1774515600000,0.2281,0.2283,0.1976,0.1987,3522058.0
1774519200000,0.1986,0.21,0.1986,0.2071,2470133.0
1774522800000,0.2071,0.2088,0.2071,0.2076,221325.0
1774526400000,0.2078,0.2085,0.2064,0.2078,172305.0
1774530000000,0.2079,0.2089,0.206,0.2078,348478.0
1774533600000,0.2079,0.2099,0.2076,0.2091,271489.0
1774537200000,0.2091,0.212,0.2083,0.2116,365617.0
1774540800000,0.2117,0.2126,0.2105,0.2114,157288.0
1774544400000,0.2114,0.2142,0.2109,0.2135,269522.0
1774548000000,0.2135,0.2169,0.2119,0.2144,532128.0
1774551600000,0.2143,0.2149,0.2129,0.2143,121848.0
1774555200000,0.2143,0.2153,0.2134,0.2144,204858.0
1774558800000,0.2144,0.2149,0.2135,0.2139,68506.0
1774562400000,0.2138,0.2148,0.2117,0.2119,122508.0
1774566000000,0.212,0.212,0.2105,0.2109,114458.0
1774569600000,0.211,0.2146,0.2109,0.2124,206406.0
1774573200000,0.2125,0.2137,0.212,0.213,112688.0
1774576800000,0.2129,0.2133,0.2104,0.2106,126006.0
1774580400000,0.2107,0.2113,0.2086,0.209,173022.0
1774584000000,0.209,0.2092,0.2077,0.2083,128806.0
1774587600000,0.2084,0.2104,0.2078,0.2103,91456.0
1774591200000,0.2104,0.2121,0.2097,0.211,204920.0
1774594800000,0.2109,0.2111,0.2091,0.21,95252.0
1774598400000,0.21,0.2101,0.2072,0.2085,146612.0
1774602000000,0.2083,0.2086,0.2069,0.2073,180175.0
1774605600000,0.2074,0.2086,0.205,0.2069,276097.0
1774609200000,0.2069,0.2092,0.2058,0.2071,224822.0
1774612800000,0.2072,0.2072,0.2057,0.2063,132303.0
1774616400000,0.2062,0.2084,0.2062,0.2077,174633.0
1774620000000,0.2077,0.2078,0.2054,0.2064,252742.0
1774623600000,0.2065,0.2078,0.2046,0.2072,244831.0
1774627200000,0.2073,0.2074,0.204,0.2061,117490.0
1774630800000,0.2061,0.2074,0.2048,0.2057,195841.0
1774634400000,0.2057,0.206,0.2042,0.2052,158980.0
1774638000000,0.2053,0.2076,0.2051,0.2074,316573.0
1774641600000,0.2075,0.2075,0.2058,0.2065,176994.0
1774645200000,0.2065,0.2066,0.2044,0.2047,57624.0
1774648800000,0.2045,0.205,0.2027,0.2042,123511.0
1774652400000,0.2042,0.2043,0.2025,0.204,70419.0
1774656000000,0.204,0.2047,0.2027,0.2035,91417.0
1774659600000,0.2033,0.2045,0.2019,0.204,94742.0
1774663200000,0.2041,0.2045,0.2014,0.2027,170332.0
1774666800000,0.2023,0.2024,0.1997,0.2005,255066.0
1774670400000,0.2006,0.2012,0.1997,0.2,129892.0
1774674000000,0.2,0.2009,0.1996,0.1996,79032.0
1774677600000,0.1997,0.2018,0.1997,0.2007,125185.0
1774681200000,0.2007,0.2023,0.2002,0.2013,79213.0
1774684800000,0.2012,0.2014,0.2002,0.2005,56441.0
1774688400000,0.2004,0.2023,0.2002,0.2022,133402.0
1774692000000,0.2021,0.2035,0.2016,0.203,82056.0
1774695600000,0.203,0.2055,0.2021,0.2038,251541.0
1774699200000,0.2037,0.2057,0.2014,0.2015,1242653.0
1774702800000,0.2015,0.2024,0.2007,0.2014,215755.0
1774706400000,0.2014,0.2031,0.2014,0.2028,69914.0
1774710000000,0.2028,0.2044,0.2028,0.203,109697.0
1774713600000,0.2029,0.204,0.2018,0.2034,102305.0
1774717200000,0.2035,0.2038,0.2026,0.2027,76669.0
1774720800000,0.2027,0.2033,0.202,0.2025,36486.0
1774724400000,0.2024,0.2028,0.2017,0.2024,27279.0
1774728000000,0.2024,0.2028,0.2015,0.2018,62398.0
1774731600000,0.2018,0.2029,0.2011,0.2021,67927.0
1774735200000,0.2022,0.2026,0.2011,0.2018,80229.0
1774738800000,0.2017,0.2027,0.2014,0.2024,64600.0
1774742400000,0.2024,0.2024,0.2003,0.2006,180157.0
1774746000000,0.2006,0.2016,0.2003,0.2016,96983.0
1774749600000,0.2017,0.2017,0.2004,0.2012,71418.0
1774753200000,0.2012,0.2034,0.2004,0.2018,235493.0
1774756800000,0.2019,0.2031,0.2008,0.2019,178736.0
1774760400000,0.2018,0.2022,0.201,0.2019,44844.0
1774764000000,0.2021,0.2023,0.2016,0.2018,19093.0
1774767600000,0.2018,0.2021,0.2008,0.2011,88591.0
1774771200000,0.2011,0.2024,0.2007,0.2017,54033.0
1774774800000,0.2018,0.2054,0.201,0.2023,294435.0
1774778400000,0.2023,0.2024,0.2003,0.201,180066.0
1774782000000,0.2009,0.2015,0.2009,0.201,50203.0
1774785600000,0.201,0.2016,0.2009,0.2012,68052.0
1774789200000,0.2012,0.2023,0.2003,0.2005,379309.0
1774792800000,0.2005,0.2041,0.1987,0.2008,481097.0
1774796400000,0.2008,0.2009,0.2003,0.2008,26002.0
1774800000000,0.2007,0.2031,0.2007,0.202,293274.0
1774803600000,0.202,0.2031,0.2015,0.2016,50749.0
1774807200000,0.2017,0.2017,0.2002,0.2006,114841.0
1774810800000,0.2006,0.2006,0.1992,0.1993,36086.0
1774814400000,0.1993,0.1998,0.1982,0.1995,54733.0
1774818000000,0.1996,0.2014,0.1981,0.2011,139635.0
1774821600000,0.2012,0.2012,0.1986,0.1998,133060.0
1774825200000,0.1998,0.2002,0.1955,0.1962,417766.0
1774828800000,0.1962,0.1982,0.1952,0.1979,172989.0
1774832400000,0.1978,0.1979,0.1958,0.1969,141878.0
1774836000000,0.1971,0.1996,0.1969,0.1985,93724.0
1774839600000,0.1986,0.1995,0.1976,0.1985,104672.0
1774843200000,0.1984,0.1995,0.1978,0.1995,29882.0
1774846800000,0.1995,0.2011,0.1993,0.2001,155030.0
1774850400000,0.1999,0.1999,0.1979,0.1988,1120684.0
1774854000000,0.1988,0.199,0.1971,0.1976,68081.0
1774857600000,0.1976,0.1985,0.1965,0.1979,85796.0
1774861200000,0.1979,0.1982,0.1964,0.197,73839.0
1774864800000,0.197,0.1995,0.1968,0.1989,209641.0
1774868400000,0.1989,0.2002,0.1985,0.1992,89919.0
1774872000000,0.1994,0.2002,0.199,0.1992,36831.0
1774875600000,0.1993,0.1995,0.1985,0.1989,32880.0
1774879200000,0.199,0.1993,0.1978,0.1982,51655.0
1774882800000,0.1983,0.1998,0.1976,0.1989,114534.0
1774886400000,0.1989,0.2005,0.197,0.1981,768657.0
1774890000000,0.1981,0.1995,0.1978,0.1989,35278.0
1774893600000,0.1989,0.1993,0.1987,0.1991,44015.0
1774897200000,0.1991,0.1999,0.1987,0.1988,90850.0
1774900800000,0.1988,0.1989,0.1971,0.1975,85400.0
1774904400000,0.1975,0.2,0.1963,0.1983,169601.0
1774908000000,0.1983,0.1988,0.1976,0.1978,52039.0
1774911600000,0.198,0.1981,0.1966,0.1967,86431.0
1774915200000,0.1968,0.2004,0.1967,0.2004,210234.0
1774918800000,0.2005,0.2083,0.2001,0.2081,681828.0
1774922400000,0.2082,0.2106,0.206,0.2067,735737.0
1774926000000,0.2068,0.2116,0.2054,0.2113,417988.0
1774929600000,0.2115,0.2116,0.2089,0.209,416354.0
1774933200000,0.209,0.2115,0.2074,0.2107,368400.0
1774936800000,0.2106,0.2145,0.2098,0.2135,509185.0
1774940400000,0.2136,0.2145,0.21,0.2121,377103.0
1774944000000,0.2119,0.2144,0.2095,0.2105,551095.0
1774947600000,0.2106,0.2114,0.2066,0.2089,370346.0
1774951200000,0.2088,0.2093,0.207,0.2078,217229.0
1774954800000,0.208,0.2108,0.208,0.2101,184154.0
1774958400000,0.2103,0.2112,0.2097,0.2111,206089.0
1774962000000,0.2111,0.2161,0.2106,0.2151,373991.0
1774965600000,0.2151,0.216,0.211,0.2114,340761.0
1774969200000,0.2113,0.2117,0.2093,0.2107,212400.0
1774972800000,0.2107,0.2137,0.2103,0.2128,299650.0
1774976400000,0.2129,0.2129,0.2098,0.2104,176382.0
1774980000000,0.2104,0.2123,0.2101,0.2109,243407.0
1774983600000,0.2109,0.2119,0.2098,0.2115,119418.0
1774987200000,0.2115,0.2117,0.2105,0.2113,56919.0
1774990800000,0.2112,0.2136,0.2102,0.2129,374369.0
1774994400000,0.2128,0.213,0.2095,0.2102,119065.0
1774998000000,0.2101,0.2107,0.209,0.2105,150769.0
1775001600000,0.2105,0.2111,0.2093,0.2102,101949.0
1775005200000,0.2104,0.2104,0.2084,0.2095,147959.0
1775008800000,0.2095,0.2102,0.2076,0.2082,123712.0
1775012400000,0.2083,0.2097,0.2079,0.2084,92904.0
1775016000000,0.2083,0.2088,0.2076,0.2081,62939.0
1775019600000,0.2081,0.2092,0.2073,0.2085,70642.0
1775023200000,0.2084,0.2101,0.2071,0.2094,184455.0
1775026800000,0.2093,0.2094,0.2078,0.2089,105936.0
1775030400000,0.209,0.2096,0.2086,0.2089,61773.0
1775034000000,0.2089,0.2104,0.207,0.2097,330257.0
1775037600000,0.2097,0.2157,0.2073,0.2075,972028.0
1775041200000,0.2074,0.2112,0.2073,0.2099,685434.0
1775044800000,0.2099,0.2124,0.2097,0.2115,282722.0
1775048400000,0.2116,0.2133,0.2102,0.2122,207175.0
1775052000000,0.2122,0.2132,0.2116,0.2121,75640.0
1775055600000,0.212,0.2143,0.2111,0.2132,228677.0
1775059200000,0.2132,0.2152,0.2124,0.2144,113529.0
1775062800000,0.2143,0.2145,0.2093,0.2095,146853.0
1775066400000,0.2095,0.2099,0.2075,0.2079,117509.0
1775070000000,0.2079,0.2091,0.2078,0.208,67604.0
1775073600000,0.208,0.2082,0.2067,0.2074,105193.0
1775077200000,0.2074,0.2086,0.2058,0.2063,358138.0
1775080800000,0.2062,0.2064,0.2045,0.2046,141285.0
1775084400000,0.2047,0.205,0.2029,0.2038,181404.0
1775088000000,0.2038,0.2041,0.2031,0.204,178833.0
1775091600000,0.2039,0.205,0.2019,0.2046,565168.0
1775095200000,0.2045,0.2045,0.2028,0.2037,129457.0
1775098800000,0.2035,0.2036,0.1974,0.1998,494681.0
1775102400000,0.1998,0.2001,0.1981,0.1981,125610.0
1775106000000,0.1981,0.2004,0.198,0.2004,110723.0
1775109600000,0.2003,0.2003,0.1983,0.1985,92727.0
1775113200000,0.1984,0.2002,0.1984,0.1999,91878.0
1775116800000,0.1999,0.2,0.199,0.1991,71654.0
1775120400000,0.1991,0.2001,0.1978,0.1988,312330.0
1775124000000,0.1987,0.2004,0.1978,0.1999,154603.0
1775127600000,0.1999,0.2006,0.1984,0.1997,95226.0
1775131200000,0.1996,0.2007,0.1963,0.197,451422.0
1775134800000,0.197,0.197,0.1917,0.1926,469442.0
1775138400000,0.1926,0.1943,0.1922,0.193,299628.0
1775142000000,0.1931,0.1943,0.1927,0.1932,123916.0
1775145600000,0.1932,0.1945,0.1923,0.1934,217503.0
1775149200000,0.1933,0.1938,0.1921,0.1924,104943.0
1775152800000,0.1923,0.1939,0.192,0.1927,112904.0
1775156400000,0.1927,0.1928,0.191,0.1921,157741.0
1775160000000,0.1921,0.1931,0.1914,0.1926,59533.0
1775163600000,0.1926,0.1934,0.192,0.1931,45953.0
1775167200000,0.1931,0.1937,0.1925,0.1934,67786.0
1775170800000,0.1933,0.1935,0.1921,0.1924,79645.0
1775174400000,0.1924,0.1928,0.1918,0.1921,62768.0
1775178000000,0.1922,0.1932,0.1909,0.1911,112969.0
1775181600000,0.191,0.1918,0.1889,0.1907,358970.0
1775185200000,0.1907,0.192,0.1903,0.1919,116426.0
1775188800000,0.1918,0.1923,0.1908,0.1912,92862.0
1775192400000,0.1912,0.1921,0.1912,0.1918,50975.0
1775196000000,0.1918,0.1918,0.1908,0.1913,28452.0
1775199600000,0.1914,0.1914,0.1894,0.1896,68686.0
1775203200000,0.1896,0.1903,0.1881,0.189,209092.0
1775206800000,0.189,0.1895,0.1862,0.1871,374523.0
1775210400000,0.1871,0.1873,0.1847,0.1851,150681.0
1775214000000,0.1851,0.1875,0.1848,0.185,505314.0
1775217600000,0.1851,0.1858,0.1827,0.1831,397236.0
1775221200000,0.1832,0.1834,0.1826,0.1829,51513.0
1775224800000,0.1829,0.1829,0.1793,0.1798,320616.0
1775228400000,0.1797,0.1813,0.1785,0.1807,128612.0
1775232000000,0.1807,0.1829,0.1807,0.1824,123799.0
1775235600000,0.1825,0.1834,0.1821,0.1823,98478.0
1775239200000,0.1823,0.1837,0.1821,0.1834,152287.0
1775242800000,0.1833,0.1862,0.1833,0.1834,187792.0
1775246400000,0.1834,0.1835,0.1818,0.182,197856.0
1775250000000,0.1822,0.184,0.182,0.183,79700.0
1775253600000,0.1828,0.1854,0.1818,0.184,275886.0
1775257200000,0.184,0.1844,0.1833,0.1842,49796.0
1775260800000,0.1842,0.1846,0.1815,0.1815,178729.0
1775264400000,0.1815,0.1826,0.1801,0.1806,285525.0
1775268000000,0.1806,0.1812,0.1712,0.175,1548340.0
1775271600000,0.1748,0.1788,0.173,0.1769,667268.0
1775275200000,0.1769,0.1782,0.1761,0.1761,117775.0
1775278800000,0.1762,0.1769,0.1754,0.1763,160283.0
1775282400000,0.1763,0.1791,0.1761,0.1781,228430.0
1775286000000,0.1781,0.18,0.1768,0.1778,339774.0
1775289600000,0.1777,0.18,0.1776,0.1783,162432.0
1775293200000,0.1784,0.18,0.178,0.1787,160437.0
1775296800000,0.1789,0.1796,0.1783,0.1794,71835.0
1775300400000,0.1794,0.1817,0.1793,0.181,227585.0
1775304000000,0.181,0.1813,0.1792,0.1804,60376.0
1775307600000,0.1804,0.1807,0.1772,0.1782,201588.0
1775311200000,0.1782,0.1784,0.1762,0.1775,126552.0
1775314800000,0.1775,0.1782,0.1758,0.176,173840.0
1775318400000,0.176,0.178,0.1758,0.177,189774.0
1775322000000,0.177,0.1775,0.1762,0.1768,45032.0
1775325600000,0.1768,0.1779,0.176,0.1771,225138.0
1775329200000,0.1771,0.1775,0.1763,0.1765,82281.0
1775332800000,0.1765,0.1772,0.176,0.1764,73539.0
1775336400000,0.1764,0.1786,0.1749,0.1759,319879.0
1775340000000,0.1759,0.1764,0.1749,0.1752,124498.0
1775343600000,0.1752,0.1773,0.1742,0.1752,330096.0
1775347200000,0.1752,0.1756,0.1733,0.1738,137453.0
1775350800000,0.1738,0.1742,0.1713,0.1733,236691.0
1775354400000,0.1733,0.1741,0.1722,0.1729,111721.0
1775358000000,0.1729,0.1738,0.1724,0.1729,51986.0
1775361600000,0.1729,0.1735,0.1727,0.1728,32574.0
1775365200000,0.1728,0.1744,0.1725,0.174,112879.0
1775368800000,0.174,0.1773,0.1737,0.176,327881.0
1775372400000,0.1761,0.1767,0.1717,0.1753,270479.0
1775376000000,0.1753,0.1773,0.1743,0.1764,328870.0
1775379600000,0.1763,0.1776,0.1759,0.1771,93042.0
1775383200000,0.1769,0.1781,0.1769,0.1775,99071.0
1775386800000,0.1775,0.189,0.1561,0.1807,13190083.0
1775390400000,0.1808,0.19,0.1794,0.188,1950628.0
1775394000000,0.188,0.1931,0.1861,0.1925,982136.0
1775397600000,0.1925,0.1928,0.1862,0.1871,1165926.0
1775401200000,0.1871,0.1937,0.1828,0.1876,2167673.0
1775404800000,0.1873,0.1886,0.1854,0.1874,433054.0
1775408400000,0.1874,0.1888,0.186,0.1872,276934.0
1775412000000,0.1872,0.1875,0.1859,0.187,105479.0
1775415600000,0.187,0.1875,0.1856,0.1867,214522.0
1775419200000,0.1867,0.1875,0.1858,0.1872,140652.0
1775422800000,0.1872,0.188,0.1807,0.1838,884157.0
1775426400000,0.1838,0.1873,0.1826,0.1863,362729.0
1775430000000,0.1863,0.1903,0.1855,0.1873,317742.0
1775433600000,0.1873,0.1961,0.1873,0.1893,720587.0
1775437200000,0.1893,0.1895,0.1827,0.1859,804927.0
1775440800000,0.1859,0.188,0.1857,0.1867,245671.0
1775444400000,0.1867,0.1876,0.1862,0.1867,136487.0
1775448000000,0.1867,0.1867,0.1847,0.1857,148728.0
1775451600000,0.1857,0.1868,0.1856,0.1867,90418.0
1775455200000,0.1867,0.1868,0.1855,0.1867,93910.0
1775458800000,0.1867,0.1867,0.1851,0.1862,169251.0
1775462400000,0.1862,0.1871,0.1848,0.1855,264424.0
1775466000000,0.1855,0.1872,0.1846,0.1856,205297.0
1775469600000,0.1856,0.1858,0.1835,0.1849,155393.0
1775473200000,0.1849,0.1859,0.1839,0.1856,172572.0
1775476800000,0.1857,0.1894,0.1853,0.1882,247477.0
1775480400000,0.1882,0.1943,0.1869,0.1932,501397.0
1775484000000,0.1932,0.1967,0.1926,0.1953,264414.0
1775487600000,0.1953,0.1973,0.1941,0.1954,299323.0
1775491200000,0.1954,0.198,0.1883,0.1942,709566.0
1775494800000,0.1942,0.196,0.1934,0.1948,208160.0
1775498400000,0.1948,0.1955,0.1939,0.1953,94628.0
1775502000000,0.1954,0.1954,0.1934,0.1938,65273.0
1775505600000,0.1938,0.1939,0.1914,0.1925,145817.0
1775509200000,0.1925,0.1925,0.1906,0.1919,150648.0
1775512800000,0.1919,0.192,0.1892,0.1895,122771.0
1775516400000,0.1894,0.1894,0.1863,0.1883,280893.0
1775520000000,0.1884,0.1891,0.1859,0.186,273488.0
1775523600000,0.186,0.1861,0.1829,0.1834,324401.0
1775527200000,0.1834,0.1838,0.1776,0.1825,883133.0
1775530800000,0.1823,0.1825,0.1795,0.18,262830.0
1775534400000,0.1799,0.181,0.1757,0.1784,511160.0
1775538000000,0.1784,0.1789,0.1774,0.1782,162553.0
1775541600000,0.1782,0.1794,0.1771,0.1784,103989.0
1775545200000,0.1784,0.1789,0.1772,0.1776,114662.0
1775548800000,0.1778,0.1792,0.1776,0.1786,91265.0
1775552400000,0.1783,0.1812,0.1781,0.1797,188986.0
1775556000000,0.1798,0.181,0.1764,0.1767,257492.0
1775559600000,0.1768,0.1776,0.1714,0.1747,415623.0
1775563200000,0.1747,0.1767,0.1744,0.1757,316673.0
1775566800000,0.1756,0.1763,0.1749,0.1758,109199.0
1775570400000,0.1757,0.1761,0.1736,0.1736,161441.0
1775574000000,0.1739,0.1784,0.1737,0.1772,318012.0
1775577600000,0.1776,0.1788,0.1769,0.1777,177818.0
1775581200000,0.1777,0.1801,0.1777,0.1791,163147.0
1775584800000,0.1792,0.1801,0.1788,0.179,73681.0
1775588400000,0.1791,0.1792,0.1774,0.1787,117576.0
1775592000000,0.1787,0.1787,0.1773,0.1778,176901.0
1775595600000,0.1778,0.1798,0.1771,0.1789,69966.0
1775599200000,0.1791,0.1802,0.1786,0.1801,95357.0
1775602800000,0.1801,0.1804,0.1785,0.1803,203278.0
1775606400000,0.1803,0.1809,0.1794,0.18,202392.0
1775610000000,0.18,0.1802,0.1788,0.1793,100964.0
1775613600000,0.1792,0.1798,0.177,0.1771,124046.0
1775617200000,0.1771,0.1773,0.1746,0.1751,254305.0
1775620800000,0.175,0.1768,0.174,0.1763,281619.0
1775624400000,0.1763,0.1776,0.1762,0.177,146325.0
1775628000000,0.1769,0.1779,0.1761,0.1767,123301.0
1775631600000,0.1765,0.177,0.1757,0.1758,125371.0
1775635200000,0.1758,0.1771,0.1741,0.1764,235895.0
1775638800000,0.1764,0.1774,0.1762,0.1766,99390.0
1775642400000,0.1766,0.1767,0.1751,0.1766,56643.0
1775646000000,0.1764,0.1768,0.1753,0.1759,78982.0
1775649600000,0.1759,0.1759,0.1733,0.1742,213228.0
1775653200000,0.174,0.1758,0.1733,0.1739,271724.0
1775656800000,0.1737,0.1741,0.1711,0.1724,277316.0
1775660400000,0.1723,0.1731,0.1703,0.1727,349589.0
1775664000000,0.1727,0.1734,0.1717,0.1731,130143.0
1775667600000,0.1731,0.1733,0.172,0.1724,169670.0
1775671200000,0.1724,0.1733,0.1708,0.1713,348031.0
1775674800000,0.1712,0.1714,0.1665,0.1695,471920.0
1775678400000,0.1695,0.1714,0.1691,0.1711,260823.0
1775682000000,0.1711,0.1723,0.1708,0.1719,113935.0
1775685600000,0.1718,0.1723,0.171,0.1715,78256.0
1775689200000,0.1716,0.1725,0.171,0.172,121375.0
1775692800000,0.172,0.1726,0.1709,0.1716,171115.0
1775696400000,0.1715,0.173,0.1711,0.1724,189944.0
1775700000000,0.1723,0.1741,0.1722,0.1727,141907.0
1775703600000,0.1728,0.1738,0.1721,0.1733,140288.0
1775707200000,0.1734,0.1736,0.1709,0.1725,275195.0
1775710800000,0.1725,0.1729,0.1719,0.172,116195.0
1775714400000,0.1722,0.1733,0.1705,0.1721,240879.0
1775718000000,0.172,0.1738,0.1701,0.1729,306601.0
1775721600000,0.1729,0.173,0.1716,0.1726,169245.0
1775725200000,0.1726,0.176,0.1715,0.1748,333975.0
1775728800000,0.1748,0.1753,0.1736,0.1749,183878.0
1775732400000,0.1747,0.1749,0.1725,0.1728,241521.0
1775736000000,0.173,0.174,0.1712,0.1736,287658.0
1775739600000,0.1735,0.1735,0.1704,0.1723,160283.0
1775743200000,0.1722,0.1733,0.1714,0.1724,120544.0
1775746800000,0.1725,0.1733,0.1718,0.1729,135874.0
1775750400000,0.173,0.1736,0.1723,0.173,114554.0
1775754000000,0.173,0.1731,0.1717,0.1727,81979.0
1775757600000,0.1727,0.173,0.1719,0.1723,60676.0
1775761200000,0.1724,0.1729,0.172,0.1724,68504.0
1775764800000,0.1726,0.1731,0.1721,0.1724,50727.0
1775768400000,0.1725,0.1731,0.1719,0.1723,76766.0
1775772000000,0.1721,0.1731,0.1716,0.1721,58819.0
1775775600000,0.172,0.1726,0.1713,0.1722,113730.0
1775779200000,0.1722,0.1723,0.1674,0.1699,306536.0
1775782800000,0.1699,0.1707,0.1687,0.1694,140378.0
1775786400000,0.1695,0.1698,0.1676,0.1681,147231.0
1775790000000,0.1681,0.1701,0.1676,0.1683,164176.0
1775793600000,0.1685,0.1693,0.168,0.169,155458.0
1775797200000,0.1691,0.1692,0.1666,0.1682,673982.0
1775800800000,0.1682,0.1812,0.1678,0.1732,3359801.0
1775804400000,0.1732,0.1765,0.1727,0.1755,265042.0
1775808000000,0.1754,0.1766,0.1752,0.1759,154907.0
1775811600000,0.1761,0.1768,0.1751,0.1759,174171.0
1775815200000,0.1758,0.1759,0.1739,0.1744,197952.0
1775818800000,0.1743,0.1743,0.1731,0.1735,125732.0
1775822400000,0.1735,0.1754,0.1723,0.1746,262213.0
1775826000000,0.1747,0.1767,0.1744,0.1754,166048.0
1775829600000,0.1753,0.1763,0.1751,0.1757,82905.0
1775833200000,0.1758,0.1764,0.1695,0.1695,837613.0
1775836800000,0.1695,0.1731,0.1661,0.1681,2872312.0
1775840400000,0.168,0.1693,0.1677,0.1691,164547.0
1775844000000,0.1691,0.1698,0.1683,0.1686,78959.0
1775847600000,0.1686,0.1693,0.1682,0.1688,47661.0
1775851200000,0.1688,0.1695,0.1682,0.1692,52649.0
1775854800000,0.1693,0.1697,0.1689,0.1697,46068.0
1775858400000,0.1697,0.1704,0.1687,0.1688,55174.0
1775862000000,0.1688,0.1694,0.1672,0.1689,217244.0
1775865600000,0.169,0.1702,0.1681,0.1683,78201.0
1775869200000,0.1684,0.1686,0.1674,0.1679,61933.0
1775872800000,0.168,0.1682,0.1674,0.1676,57490.0
1775876400000,0.1676,0.1686,0.1667,0.1681,88309.0
1775880000000,0.168,0.1685,0.1675,0.1678,56655.0
1775883600000,0.1678,0.1696,0.1667,0.1696,208010.0
1775887200000,0.1694,0.1699,0.1682,0.1687,181788.0
1775890800000,0.1687,0.1702,0.1685,0.1699,62601.0
1775894400000,0.1698,0.1708,0.1686,0.1688,133498.0
1775898000000,0.1689,0.1692,0.1648,0.166,317631.0
1775901600000,0.166,0.1687,0.166,0.1676,117237.0
1775905200000,0.1676,0.1679,0.1656,0.1668,153907.0
1775908800000,0.1667,0.1672,0.1655,0.1664,235914.0
1775912400000,0.1663,0.1663,0.1642,0.1651,278006.0
1775916000000,0.165,0.1656,0.1628,0.1635,547257.0
1775919600000,0.1634,0.1642,0.162,0.1632,249313.0
1775923200000,0.1631,0.1647,0.1623,0.1633,250757.0
1775926800000,0.1633,0.1673,0.1632,0.1658,308396.0
1775930400000,0.1658,0.1676,0.1651,0.1666,208743.0
1775934000000,0.1666,0.1683,0.1661,0.168,217800.0
1775937600000,0.168,0.168,0.1662,0.1667,135629.0
1775941200000,0.1667,0.167,0.1664,0.1666,48335.0
1775944800000,0.1666,0.168,0.1664,0.167,145973.0
1775948400000,0.1669,0.167,0.1653,0.1653,97097.0
1775952000000,0.1655,0.1661,0.1643,0.1656,97120.0
1775955600000,0.1656,0.1664,0.1636,0.1644,216569.0
1775959200000,0.1643,0.1655,0.164,0.165,101025.0
1775962800000,0.1649,0.1652,0.164,0.1647,116771.0
1775966400000,0.1647,0.1654,0.1644,0.1651,107650.0
1775970000000,0.1652,0.1657,0.1648,0.1652,59004.0
1775973600000,0.1652,0.1657,0.1648,0.1648,41473.0
1775977200000,0.1648,0.1678,0.1628,0.1663,406644.0
1775980800000,0.1664,0.167,0.1654,0.1659,88974.0
1775984400000,0.1659,0.1659,0.1647,0.1648,108176.0
1775988000000,0.1648,0.1651,0.1593,0.1622,829620.0
1775991600000,0.1621,0.1632,0.1616,0.1621,235821.0
1775995200000,0.162,0.1635,0.1615,0.1616,181324.0
1775998800000,0.1616,0.1618,0.1597,0.1602,79299.0
1776002400000,0.1602,0.1612,0.1588,0.1593,135673.0
1776006000000,0.1594,0.1603,0.1586,0.1597,175771.0
1776009600000,0.1596,0.1622,0.1595,0.161,182692.0
1776013200000,0.1611,0.1621,0.1602,0.1605,104021.0
1776016800000,0.1605,0.1613,0.1595,0.1595,92086.0
1776020400000,0.1594,0.1597,0.1585,0.1587,99135.0
1776024000000,0.1586,0.1761,0.1585,0.1643,1386274.0
1776027600000,0.1643,0.1651,0.1597,0.1627,732820.0
1776031200000,0.1627,0.1627,0.1609,0.1626,156708.0
1776034800000,0.1626,0.1631,0.1612,0.1627,130207.0
1776038400000,0.1627,0.164,0.1626,0.1633,103295.0
1776042000000,0.1633,0.1658,0.1625,0.1651,234649.0
1776045600000,0.1651,0.1699,0.1648,0.1698,568666.0
1776049200000,0.1698,0.1709,0.1684,0.1701,332990.0
1776052800000,0.1701,0.1712,0.1688,0.171,395375.0
1776056400000,0.1711,0.1723,0.1695,0.1717,260500.0
1776060000000,0.1719,0.1728,0.1704,0.1714,187430.0
1776063600000,0.1715,0.1719,0.1698,0.1715,348684.0
1776067200000,0.1712,0.1728,0.1702,0.1725,296778.0
1776070800000,0.1726,0.1728,0.1715,0.172,137082.0
1776074400000,0.172,0.1728,0.1715,0.1725,183244.0
1776078000000,0.1725,0.188,0.1724,0.1854,1659413.0
1776081600000,0.185,0.1887,0.1803,0.1839,2637622.0
1776085200000,0.1839,0.1843,0.1797,0.182,598297.0
1776088800000,0.182,0.1859,0.1818,0.1848,669734.0
1776092400000,0.185,0.1859,0.1818,0.1829,528935.0
1776096000000,0.1827,0.1878,0.1821,0.1868,692199.0
1776099600000,0.1869,0.1898,0.1815,0.1842,1074313.0
1776103200000,0.1842,0.1843,0.1818,0.1827,306408.0
1776106800000,0.1827,0.1834,0.1805,0.1821,331428.0
1776110400000,0.1819,0.1842,0.1814,0.1834,310545.0
1776114000000,0.1833,0.1859,0.183,0.1847,211832.0
1776117600000,0.1849,0.186,0.1848,0.1856,174889.0
1776121200000,0.1855,0.1856,0.1838,0.1847,129529.0
1776124800000,0.1846,0.1852,0.1832,0.1851,157789.0
1776128400000,0.1851,0.1908,0.1844,0.1895,410274.0
1776132000000,0.1895,0.1896,0.1869,0.1874,198886.0
1776135600000,0.1874,0.1899,0.1864,0.1897,301367.0
1776139200000,0.1895,0.1919,0.1876,0.1886,264651.0
1776142800000,0.1885,0.189,0.1865,0.1879,248010.0
1776146400000,0.1877,0.1886,0.1854,0.1873,214097.0
1776150000000,0.1874,0.1874,0.1017,0.111,49311020.0
1776153600000,0.1112,0.13,0.1056,0.1225,35978742.0
1776157200000,0.1225,0.1262,0.1088,0.1141,17700885.0
1776160800000,0.1141,0.1153,0.1072,0.109,16024210.0
1776164400000,0.109,0.1113,0.1074,0.1098,7542775.0
1776168000000,0.1098,0.1171,0.1094,0.1163,13107663.0
1776171600000,0.1163,0.1166,0.1117,0.1131,6842780.0
1776175200000,0.1131,0.1167,0.1121,0.1134,8414886.0
1776178800000,0.1134,0.1225,0.113,0.1197,13488532.0
1776182400000,0.1197,0.125,0.1176,0.1192,15211838.0
1776186000000,0.1193,0.1197,0.1083,0.1118,11911897.0
1776189600000,0.1118,0.1146,0.1098,0.1129,5950944.0
1776193200000,0.1129,0.1165,0.1125,0.114,3677363.0
1776196800000,0.114,0.1144,0.1121,0.1123,2841413.0
1776200400000,0.1124,0.1129,0.1108,0.1112,1796229.0
1776204000000,0.1112,0.1117,0.1108,0.111,1151574.0
1776207600000,0.111,0.1136,0.1102,0.1129,2506762.0
1776211200000,0.1129,0.1138,0.1123,0.1127,1673037.0
1776214800000,0.1128,0.113,0.1096,0.1111,3384465.0
1776218400000,0.1111,0.1151,0.1099,0.114,3756683.0
1776222000000,0.114,0.1159,0.1132,0.1136,3117266.0
1776225600000,0.1136,0.1155,0.1135,0.1145,2031413.0
1776229200000,0.1145,0.1152,0.1117,0.113,3507104.0
1776232800000,0.113,0.1141,0.1114,0.1119,2096180.0
1776236400000,0.1118,0.1133,0.1107,0.1115,3004513.0
1776240000000,0.1116,0.1117,0.1075,0.1089,4730205.0
1776243600000,0.1089,0.1113,0.1052,0.1061,4297906.0
1776247200000,0.1062,0.108,0.1029,0.1057,6074578.0
1776250800000,0.1057,0.1068,0.1044,0.1066,2974979.0
1776254400000,0.1066,0.1072,0.1046,0.1053,2155394.0
1776258000000,0.1053,0.1075,0.1036,0.1056,3915260.0
1776261600000,0.1056,0.1063,0.1047,0.1055,1714288.0
1776265200000,0.1055,0.1099,0.1055,0.1063,3170061.0
1776268800000,0.1062,0.1091,0.1049,0.107,3668415.0
1776272400000,0.1071,0.108,0.1061,0.107,1593733.0
1776276000000,0.107,0.1079,0.1059,0.1063,2055945.0
1776279600000,0.1063,0.1071,0.1058,0.1062,1068145.0
1776283200000,0.1062,0.1075,0.105,0.1068,1152328.0
1776286800000,0.1069,0.1079,0.1065,0.1077,507790.0
1776290400000,0.1077,0.1082,0.1066,0.1066,837490.0
1776294000000,0.1066,0.107,0.1048,0.1054,1263448.0
1776297600000,0.1054,0.1057,0.1046,0.1053,990661.0
1776301200000,0.1054,0.1063,0.1052,0.1057,672496.0
1776304800000,0.1056,0.1062,0.1055,0.1059,722766.0
1776308400000,0.1059,0.1066,0.1051,0.1055,1300619.0
1776312000000,0.1054,0.1086,0.105,0.1072,2669562.0
1776315600000,0.1073,0.1103,0.1067,0.1076,2442320.0
1776319200000,0.1077,0.1092,0.1074,0.1074,1346201.0
1776322800000,0.1076,0.1076,0.1056,0.1068,2025999.0
1776326400000,0.1067,0.1077,0.1052,0.1075,1577967.0
1776330000000,0.1075,0.1096,0.1065,0.1076,2410493.0
1776333600000,0.1076,0.1076,0.1055,0.1066,1767394.0
1776337200000,0.1067,0.107,0.1057,0.1062,818524.0
1776340800000,0.1062,0.1063,0.1012,0.1034,4480168.0
1776344400000,0.1034,0.1034,0.1004,0.1011,4139050.0
1776348000000,0.1011,0.1029,0.1005,0.1008,2187882.0
1776351600000,0.1007,0.1008,0.0971,0.0988,6179348.0
1776355200000,0.0988,0.0992,0.096,0.0977,3983267.0
1776358800000,0.0979,0.1015,0.0973,0.1004,2932012.0
1776362400000,0.1003,0.1078,0.1001,0.1065,5451870.0
1776366000000,0.1064,0.1083,0.1031,0.1052,4331505.0
1776369600000,0.1052,0.1058,0.103,0.1032,1549057.0
1776373200000,0.1034,0.1036,0.1005,0.1014,2349014.0
1776376800000,0.1014,0.1017,0.1005,0.1009,657911.0
1776380400000,0.1008,0.102,0.1007,0.1018,523398.0
1776384000000,0.1018,0.104,0.1017,0.1025,1776768.0
1776387600000,0.1025,0.104,0.1024,0.1036,708950.0
1776391200000,0.1035,0.1046,0.1028,0.103,951038.0
1776394800000,0.1031,0.1061,0.103,0.1055,1249594.0
1776398400000,0.1056,0.1068,0.1042,0.1061,1417582.0
1776402000000,0.1061,0.108,0.1042,0.1065,2625035.0
1776405600000,0.1065,0.1078,0.105,0.1054,1174934.0
1776409200000,0.1053,0.1097,0.1046,0.107,3061462.0
1776412800000,0.107,0.1094,0.1012,0.1034,6840403.0
1776416400000,0.1034,0.107,0.1031,0.1042,3572269.0
1776420000000,0.1042,0.1046,0.1027,0.1034,1135769.0
1776423600000,0.1034,0.1048,0.1024,0.1029,1377761.0
1776427200000,0.1028,0.1037,0.1024,0.1027,885119.0
1776430800000,0.1028,0.1073,0.1028,0.1051,2657679.0
1776434400000,0.1051,0.1061,0.1045,0.1061,939719.0
1776438000000,0.1061,0.1072,0.1053,0.1062,694628.0
1776441600000,0.1062,0.1074,0.1044,0.1049,1319947.0
1776445200000,0.1047,0.106,0.1041,0.1051,971108.0
1776448800000,0.1051,0.1068,0.104,0.1042,1902936.0
1776452400000,0.1042,0.106,0.104,0.1054,1029381.0
1776456000000,0.1053,0.106,0.1046,0.1052,303620.0
1776459600000,0.1052,0.1064,0.1052,0.1055,272638.0
1776463200000,0.1054,0.1062,0.1052,0.1058,160492.0
1776466800000,0.1059,0.1062,0.1021,0.1044,1888424.0
1776470400000,0.1045,0.1048,0.1034,0.1041,384527.0
1776474000000,0.1042,0.1042,0.1021,0.1035,1002260.0
1776477600000,0.1035,0.1037,0.1021,0.1035,411107.0
1776481200000,0.1036,0.1053,0.1036,0.1045,414045.0
1776484800000,0.1045,0.1046,0.1031,0.1038,313000.0
1776488400000,0.1037,0.1047,0.1035,0.1046,390672.0
1776492000000,0.1046,0.1048,0.1033,0.1039,785065.0
1776495600000,0.1039,0.1043,0.103,0.1033,668286.0
1776499200000,0.1033,0.1038,0.1025,0.1037,555946.0
1776502800000,0.1037,0.1053,0.1034,0.105,659690.0
1776506400000,0.105,0.1068,0.1046,0.1061,676951.0
1776510000000,0.1061,0.1096,0.1026,0.1046,3849985.0
1776513600000,0.1047,0.1053,0.1034,0.104,957636.0
1776517200000,0.104,0.1054,0.1026,0.1036,1071318.0
1776520800000,0.1035,0.1042,0.1023,0.1033,497771.0
1776524400000,0.1034,0.1042,0.1012,0.1039,1273571.0
1776528000000,0.1039,0.1045,0.1033,0.1039,392789.0
1776531600000,0.1039,0.1064,0.1027,0.1044,1699207.0
1776535200000,0.1045,0.1045,0.1027,0.1028,1153899.0
1776538800000,0.1028,0.1031,0.0985,0.1001,1735171.0
1776542400000,0.1001,0.1006,0.0994,0.1002,311707.0
1776546000000,0.1002,0.1006,0.0991,0.1002,382244.0
1776549600000,0.1002,0.1008,0.0998,0.1006,218224.0
1776553200000,0.1006,0.1008,0.0994,0.1004,388303.0
1776556800000,0.1004,0.1004,0.0982,0.0992,823529.0
1776560400000,0.0991,0.0995,0.0977,0.0986,494782.0
1776564000000,0.0986,0.0996,0.0976,0.0987,660104.0
1776567600000,0.0987,0.0988,0.0975,0.0978,595793.0
1776571200000,0.0978,0.0979,0.0853,0.0878,10234323.0
1776574800000,0.0878,0.0943,0.0876,0.0935,3886214.0
1776578400000,0.0935,0.0947,0.0908,0.0914,1103894.0
1776582000000,0.0914,0.0955,0.0914,0.0945,1041783.0
1776585600000,0.0945,0.095,0.094,0.0947,315031.0
1776589200000,0.0947,0.095,0.092,0.0931,807359.0
1776592800000,0.0931,0.0932,0.0918,0.0928,592344.0
1776596400000,0.0928,0.0939,0.0928,0.0937,308843.0
1776600000000,0.0938,0.0939,0.0925,0.0929,451935.0
1776603600000,0.0929,0.0936,0.09,0.0917,826396.0
1776607200000,0.0917,0.0922,0.0908,0.0919,329218.0
1776610800000,0.0919,0.0922,0.0911,0.0921,272835.0
1776614400000,0.0921,0.0925,0.0918,0.0923,294322.0
1776618000000,0.0923,0.0933,0.0921,0.0926,405980.0
1776621600000,0.0926,0.0936,0.0925,0.0935,366823.0
1776625200000,0.0935,0.0979,0.0935,0.0957,1426312.0
1776628800000,0.0957,0.0977,0.0945,0.0955,1162013.0
1776632400000,0.0955,0.098,0.0954,0.0967,683175.0
1776636000000,0.0966,0.0972,0.0951,0.0956,581314.0
1776639600000,0.0955,0.0956,0.0926,0.0948,1441383.0
1776643200000,0.0949,0.097,0.0942,0.0967,491836.0
1776646800000,0.0967,0.0982,0.0958,0.0971,576300.0
1776650400000,0.097,0.0977,0.0967,0.0973,246660.0
1776654000000,0.0974,0.0978,0.0956,0.0961,616946.0
1776657600000,0.0961,0.0976,0.096,0.0969,420572.0
1776661200000,0.0969,0.0969,0.0946,0.0952,779986.0
1776664800000,0.0952,0.0954,0.0939,0.0941,610417.0
1776668400000,0.0942,0.0948,0.0936,0.0946,353204.0
1776672000000,0.0947,0.0969,0.0937,0.0953,1919408.0
1776675600000,0.0951,0.0957,0.0945,0.0949,247294.0
1776679200000,0.095,0.0955,0.0937,0.0941,595172.0
1776682800000,0.094,0.0941,0.0932,0.0939,355125.0
1776686400000,0.0939,0.0943,0.0934,0.0936,223217.0
1776690000000,0.0937,0.0941,0.0931,0.0938,298425.0
1776693600000,0.0938,0.0942,0.093,0.0933,314681.0
1776697200000,0.0933,0.0943,0.0931,0.094,209175.0
1776700800000,0.094,0.0966,0.0939,0.0963,545591.0
1776704400000,0.0962,0.097,0.0958,0.0962,666249.0
1776708000000,0.0962,0.097,0.0955,0.0956,273281.0
1776711600000,0.0956,0.0961,0.0951,0.096,188605.0
1776715200000,0.096,0.0964,0.094,0.095,543984.0
1776718800000,0.095,0.0951,0.0944,0.0948,243287.0
1776722400000,0.0948,0.095,0.0945,0.0947,116923.0
1776726000000,0.0947,0.0955,0.0947,0.0952,340319.0
1776729600000,0.0952,0.0964,0.0951,0.096,408946.0
1776733200000,0.0961,0.0963,0.0955,0.0956,257748.0
1776736800000,0.0955,0.0963,0.0948,0.0962,185955.0
1776740400000,0.0962,0.0971,0.0956,0.0971,345762.0
1776744000000,0.0971,0.098,0.0964,0.0966,564395.0
1776747600000,0.0965,0.0975,0.0958,0.0969,671734.0
1776751200000,0.097,0.0971,0.096,0.0964,329546.0
1776754800000,0.0964,0.097,0.0962,0.0965,256408.0
1776758400000,0.0964,0.0992,0.0964,0.0979,1104331.0
1776762000000,0.0979,0.0998,0.0979,0.0987,761852.0
1776765600000,0.0987,0.0998,0.0986,0.099,764287.0
1776769200000,0.099,0.1035,0.099,0.1025,1462118.0
1776772800000,0.1025,0.1043,0.1007,0.103,1747715.0
1776776400000,0.103,0.1055,0.1012,0.1046,2012602.0
1776780000000,0.1046,0.1076,0.1017,0.1033,4115767.0
1776783600000,0.1033,0.105,0.1022,0.1042,1226617.0
1776787200000,0.1042,0.1076,0.1036,0.104,1702017.0
1776790800000,0.104,0.105,0.0996,0.1024,2252766.0
1776794400000,0.1025,0.1028,0.0995,0.1006,1082305.0
1776798000000,0.1007,0.1015,0.1,0.1009,589128.0
1776801600000,0.1008,0.1022,0.1003,0.1006,536452.0
1776805200000,0.1006,0.1021,0.0996,0.1015,588369.0
1776808800000,0.1015,0.1022,0.1,0.1013,663361.0
1776812400000,0.1014,0.1015,0.1003,0.1006,248523.0
1776816000000,0.1007,0.1036,0.1006,0.1031,899468.0
1776819600000,0.1032,0.105,0.103,0.1047,509690.0
1776823200000,0.1048,0.1075,0.1044,0.1057,950197.0
1776826800000,0.1057,0.1061,0.1042,0.1044,592535.0
1776830400000,0.1044,0.1053,0.1027,0.103,962595.0
1776834000000,0.1032,0.104,0.1026,0.103,479325.0
1776837600000,0.1029,0.1039,0.1021,0.1024,499903.0
1776841200000,0.1023,0.1038,0.1021,0.1024,548822.0
1776844800000,0.1023,0.1047,0.1022,0.1039,731919.0
1776848400000,0.1038,0.1047,0.1027,0.1035,687064.0
1776852000000,0.1034,0.1047,0.1033,0.1043,579903.0
1776855600000,0.1044,0.106,0.104,0.1057,438066.0
1776859200000,0.1057,0.1077,0.1034,0.1042,1442098.0
1776862800000,0.104,0.1041,0.0997,0.1022,1841742.0
1776866400000,0.1022,0.1033,0.1019,0.1029,417348.0
1776870000000,0.1028,0.1044,0.1024,0.1032,460692.0
1776873600000,0.1031,0.1051,0.1027,0.1039,553923.0
1776877200000,0.1038,0.1058,0.1037,0.1042,667295.0
1776880800000,0.1043,0.1057,0.104,0.1053,314062.0
1776884400000,0.1052,0.111,0.1052,0.1069,2786647.0
1776888000000,0.1069,0.1142,0.1069,0.1121,3806348.0
1776891600000,0.1122,0.1172,0.1118,0.114,3019180.0
1776895200000,0.114,0.115,0.1097,0.1106,1607442.0
1776898800000,0.1106,0.1111,0.1092,0.1101,664911.0
1776902400000,0.1099,0.1105,0.1075,0.1081,1446580.0
1776906000000,0.1082,0.1095,0.1062,0.1068,1281676.0
1776909600000,0.1068,0.1072,0.1041,0.1046,1751830.0
1776913200000,0.1047,0.106,0.1041,0.1056,616134.0
1776916800000,0.1056,0.107,0.1046,0.1068,726832.0
1776920400000,0.1068,0.1069,0.1035,0.1039,776548.0
1776924000000,0.1038,0.1044,0.1023,0.1031,1011347.0
1776927600000,0.103,0.1037,0.1028,0.1032,275431.0
1776931200000,0.1032,0.1033,0.102,0.1025,375967.0
1776934800000,0.1026,0.1049,0.1017,0.1039,749395.0
1776938400000,0.1038,0.1053,0.1034,0.1049,736278.0
1776942000000,0.1048,0.1058,0.1044,0.1046,423843.0
1776945600000,0.1045,0.1048,0.1026,0.103,513366.0
1776949200000,0.103,0.1034,0.1022,0.1032,471062.0
1776952800000,0.1032,0.104,0.1001,0.101,2235945.0
1776956400000,0.101,0.1012,0.1003,0.1009,496220.0
1776960000000,0.1008,0.102,0.1004,0.1015,586159.0
1776963600000,0.1016,0.1027,0.1009,0.1018,803858.0
1776967200000,0.1018,0.1033,0.1007,0.102,476463.0
1776970800000,0.1021,0.1031,0.1021,0.1028,204593.0
1776974400000,0.1028,0.1041,0.1025,0.1039,375759.0
1776978000000,0.1039,0.104,0.1027,0.103,629236.0
1776981600000,0.1031,0.1049,0.1026,0.1034,993634.0
1776985200000,0.1033,0.1035,0.1026,0.1029,248221.0
1776988800000,0.1029,0.1041,0.1025,0.1034,332021.0
1776992400000,0.1035,0.104,0.0996,0.1012,1108180.0
1776996000000,0.1012,0.1021,0.1004,0.1017,358427.0
1776999600000,0.1017,0.1022,0.1007,0.1009,365860.0
1777003200000,0.1009,0.1016,0.1001,0.1007,343433.0
1777006800000,0.1007,0.1019,0.1007,0.1011,441561.0
1777010400000,0.101,0.1013,0.0968,0.0996,1601827.0
1777014000000,0.0996,0.0998,0.0981,0.0986,397264.0
1777017600000,0.0986,0.0996,0.0984,0.0987,549216.0
1777021200000,0.0987,0.0991,0.0974,0.0979,382687.0
1777024800000,0.0979,0.0981,0.0955,0.0967,930520.0
1777028400000,0.0967,0.0987,0.0967,0.0984,773357.0
1777032000000,0.0984,0.0987,0.0978,0.0981,352859.0
1777035600000,0.0981,0.1006,0.0977,0.0989,1464180.0
1777039200000,0.0989,0.1,0.0987,0.0993,340392.0
1777042800000,0.0993,0.0994,0.098,0.0987,391832.0
1777046400000,0.0988,0.0989,0.0974,0.098,332261.0
1777050000000,0.0979,0.0988,0.0978,0.0987,309489.0
1777053600000,0.0988,0.0992,0.0982,0.0985,127150.0
1777057200000,0.0984,0.0985,0.0979,0.0983,191128.0
1777060800000,0.0982,0.1006,0.0981,0.1006,962545.0
1777064400000,0.1005,0.1017,0.1,0.1014,631712.0
1777068000000,0.1013,0.1015,0.1,0.1005,383239.0
1777071600000,0.1005,0.1011,0.1001,0.101,282677.0
1777075200000,0.101,0.1025,0.1007,0.101,439741.0
1777078800000,0.101,0.1018,0.1003,0.1014,345599.0
1777082400000,0.1014,0.1018,0.0993,0.1002,666951.0
1777086000000,0.1001,0.1008,0.0995,0.1008,237014.0
1777089600000,0.1006,0.1021,0.1005,0.1012,445196.0
1777093200000,0.1012,0.1021,0.101,0.1013,403954.0
1777096800000,0.1013,0.1018,0.1004,0.1006,385942.0
1777100400000,0.1006,0.1008,0.1002,0.1005,204267.0
1777104000000,0.1004,0.1011,0.0997,0.101,220259.0
1777107600000,0.101,0.1011,0.0998,0.0999,200525.0
1777111200000,0.0998,0.1005,0.0997,0.1,293294.0
1777114800000,0.1,0.1002,0.098,0.0988,940354.0
1777118400000,0.0988,0.0997,0.0984,0.0988,649115.0
1777122000000,0.0988,0.125,0.0988,0.1129,58891750.0
1777125600000,0.113,0.122,0.1121,0.119,20175322.0
1777129200000,0.1189,0.1205,0.1151,0.1187,10327621.0
1777132800000,0.1186,0.1231,0.1168,0.1225,11300501.0
1777136400000,0.1223,0.1267,0.1204,0.126,21865120.0
1777140000000,0.1261,0.1316,0.1232,0.1295,22871844.0
1777143600000,0.1295,0.1381,0.1287,0.1368,27355551.0
1777147200000,0.1368,0.1435,0.1228,0.1276,65129658.0
1777150800000,0.1275,0.1316,0.123,0.1285,25834741.0
1777154400000,0.1285,0.1287,0.1259,0.1272,7487117.0
1777158000000,0.1272,0.1301,0.1265,0.1273,5047575.0
1777161600000,0.1273,0.1296,0.1227,0.1278,9281889.0
1777165200000,0.1279,0.1281,0.123,0.1235,3949640.0
1777168800000,0.1236,0.1254,0.121,0.1234,3614237.0
1777172400000,0.1234,0.1236,0.1201,0.121,3031733.0
1777176000000,0.121,0.1253,0.1207,0.1244,4442734.0
1777179600000,0.1243,0.1282,0.1218,0.1271,6685676.0
1777183200000,0.127,0.1297,0.1229,0.1263,9076136.0
1777186800000,0.1262,0.127,0.1223,0.1229,3424974.0
1777190400000,0.1229,0.1259,0.1191,0.122,5807248.0
1777194000000,0.1221,0.1226,0.1168,0.1191,4953046.0
1777197600000,0.1191,0.122,0.1191,0.1198,2875897.0
1777201200000,0.1198,0.1222,0.1193,0.1218,4081754.0
1777204800000,0.1218,0.123,0.1197,0.1209,3261519.0
1777208400000,0.1209,0.1267,0.1209,0.1256,3847152.0
1777212000000,0.1257,0.1289,0.1248,0.1279,3064934.0
1777215600000,0.1279,0.1296,0.1249,0.1264,2523672.0
1777219200000,0.1263,0.1295,0.1258,0.1271,2512419.0
1777222800000,0.1271,0.1337,0.1271,0.1311,2399045.0
1777226400000,0.1313,0.1386,0.131,0.1367,3153935.0
1777230000000,0.1368,0.1423,0.1367,0.1415,4644443.0
1777233600000,0.1416,0.1437,0.1306,0.1339,7550134.0
1777237200000,0.134,0.138,0.1317,0.1371,3293877.0
1777240800000,0.137,0.1385,0.1348,0.1369,1205573.0
1777244400000,0.1369,0.1385,0.1343,0.1348,1475409.0
1777248000000,0.1349,0.1394,0.133,0.1351,2210525.0
1777251600000,0.1353,0.1356,0.1316,0.1338,1142753.0
1777255200000,0.1339,0.1378,0.133,0.1369,1355184.0
1777258800000,0.1369,0.1371,0.1333,0.1349,1065753.0
1777262400000,0.135,0.1374,0.1339,0.1357,1087932.0
1777266000000,0.1358,0.1373,0.1342,0.1369,1039300.0
1777269600000,0.137,0.1408,0.1362,0.1403,1960667.0
1777273200000,0.1401,0.1401,0.1327,0.1377,3246343.0
1777276800000,0.1376,0.14,0.134,0.1342,2860644.0
1777280400000,0.1343,0.137,0.1335,0.1351,1978126.0
1777284000000,0.1352,0.1388,0.1352,0.1373,1729249.0
1777287600000,0.1374,0.145,0.1365,0.1416,5570156.0
1777291200000,0.1416,0.1438,0.1382,0.1418,4857151.0
1777294800000,0.1418,0.1456,0.1402,0.1416,4781966.0
1777298400000,0.1416,0.1437,0.1387,0.1403,2937420.0
1777302000000,0.1404,0.1447,0.1393,0.1425,1763697.0
1777305600000,0.1426,0.1448,0.1393,0.1409,2067999.0
1777309200000,0.1411,0.1436,0.1408,0.1423,1448139.0
1777312800000,0.1423,0.1424,0.1386,0.139,1266939.0
1777316400000,0.1391,0.1395,0.1352,0.1385,1693630.0
1777320000000,0.1383,0.1383,0.1364,0.1373,595681.0
1777323600000,0.1371,0.14,0.137,0.1395,509863.0
1777327200000,0.1393,0.1395,0.1365,0.1373,652985.0
1777330800000,0.1372,0.1382,0.1362,0.1363,686850.0
1777334400000,0.1365,0.1375,0.1361,0.1372,276966.0
1777338000000,0.1371,0.1375,0.1364,0.1364,197922.0
1777341600000,0.1365,0.1369,0.1341,0.1356,829097.0
1777345200000,0.1356,0.1389,0.1344,0.1376,1114574.0
1777348800000,0.1375,0.1378,0.1327,0.1344,1065870.0
1777352400000,0.1345,0.1357,0.1343,0.1349,387178.0
1777356000000,0.1349,0.1351,0.1328,0.1335,423407.0
1777359600000,0.1336,0.1336,0.1307,0.1315,1268145.0
1777363200000,0.1316,0.1318,0.1254,0.1265,2302643.0
1777366800000,0.1265,0.1278,0.1243,0.1251,1127476.0
1777370400000,0.1251,0.1251,0.1204,0.1232,2169431.0
1777374000000,0.1232,0.1239,0.1164,0.1179,3646727.0
1777377600000,0.1179,0.1225,0.1162,0.1207,4818325.0
1777381200000,0.1207,0.1215,0.1165,0.1182,2871424.0
1777384800000,0.1183,0.123,0.1181,0.1221,2571499.0
1777388400000,0.1221,0.1282,0.1219,0.1269,4667828.0
1777392000000,0.1271,0.1277,0.1228,0.124,2533513.0
1777395600000,0.1242,0.1247,0.1207,0.1231,1588123.0
1777399200000,0.1231,0.1248,0.1223,0.1231,860219.0
1777402800000,0.1231,0.1231,0.1208,0.1215,730830.0
1777406400000,0.1215,0.1217,0.1205,0.121,382551.0
1777410000000,0.121,0.1213,0.1194,0.1195,503436.0
1777413600000,0.1196,0.1222,0.1194,0.122,2423195.0
1777417200000,0.1221,0.1274,0.1213,0.127,1605733.0
1777420800000,0.127,0.1276,0.1228,0.1229,1170390.0
1777424400000,0.123,0.1241,0.1217,0.1232,564336.0
1777428000000,0.1232,0.124,0.1218,0.1232,613277.0
1777431600000,0.1231,0.1274,0.123,0.1254,1214365.0
1777435200000,0.1254,0.1332,0.1251,0.1302,2717185.0
1777438800000,0.1302,0.1317,0.1286,0.1305,789621.0
1777442400000,0.1306,0.1309,0.1293,0.1302,484148.0
1777446000000,0.1302,0.1318,0.1284,0.1317,500949.0
1777449600000,0.1317,0.132,0.1291,0.1304,560365.0
1777453200000,0.1303,0.1304,0.1284,0.1296,413267.0
1777456800000,0.1296,0.1297,0.1285,0.1297,216979.0
1777460400000,0.1297,0.1312,0.1286,0.1308,844670.0
1777464000000,0.131,0.1344,0.1297,0.1332,1338525.0
1777467600000,0.1331,0.1356,0.1313,0.1348,2111418.0
1777471200000,0.1348,0.1387,0.1333,0.1384,2541319.0
1777474800000,0.1382,0.139,0.1328,0.1353,2306483.0
1777478400000,0.1354,0.1357,0.1297,0.1318,2784733.0
1777482000000,0.1318,0.1366,0.1309,0.1341,1649357.0
1777485600000,0.1341,0.1366,0.1325,0.1359,2041340.0
1777489200000,0.1357,0.1363,0.1335,0.1354,1190316.0
1777492800000,0.1355,0.1364,0.1321,0.1339,972541.0
1777496400000,0.1339,0.1345,0.1321,0.1342,576354.0
1777500000000,0.134,0.1356,0.1333,0.135,526869.0
1777503600000,0.135,0.1364,0.1342,0.1354,475350.0
1777507200000,0.1353,0.1366,0.1349,0.1356,429628.0
1777510800000,0.1358,0.1359,0.1335,0.1339,795454.0
1777514400000,0.134,0.1343,0.1312,0.1332,1071570.0
1777518000000,0.1332,0.134,0.1307,0.1332,1069948.0
1777521600000,0.1332,0.1333,0.1306,0.1311,626937.0
1777525200000,0.131,0.1316,0.1303,0.1314,343668.0
1777528800000,0.1314,0.1322,0.1304,0.1306,263416.0
1777532400000,0.1306,0.1315,0.1295,0.1307,549585.0
1777536000000,0.1308,0.1323,0.1303,0.1306,411922.0
1777539600000,0.1306,0.1313,0.1301,0.1301,245005.0
1777543200000,0.1301,0.1307,0.1291,0.1297,311078.0
1777546800000,0.1297,0.13,0.1274,0.1281,495507.0
1777550400000,0.1281,0.1289,0.1278,0.1283,250617.0
1777554000000,0.1284,0.129,0.1264,0.1283,742132.0
1777557600000,0.1281,0.1302,0.1275,0.1297,878322.0
1777561200000,0.1297,0.1331,0.1293,0.1324,464166.0
1777564800000,0.1323,0.1345,0.1306,0.1312,704405.0
1777568400000,0.1312,0.1329,0.1312,0.132,214760.0
1777572000000,0.1321,0.1323,0.1298,0.1298,284960.0
1777575600000,0.1299,0.1304,0.1294,0.1295,169697.0
1777579200000,0.1295,0.1308,0.1295,0.1306,146942.0
1777582800000,0.1305,0.1311,0.1297,0.1301,133803.0
1777586400000,0.13,0.1307,0.1295,0.1297,93916.0
1777590000000,0.1297,0.1311,0.1297,0.1302,270220.0
1777593600000,0.1302,0.1307,0.1296,0.1298,169400.0
1777597200000,0.1297,0.13,0.1279,0.1296,422205.0
1777600800000,0.1296,0.1299,0.1278,0.1287,514039.0
1777604400000,0.1286,0.129,0.1269,0.128,359218.0
1777608000000,0.1279,0.1325,0.1275,0.1316,1228912.0
1777611600000,0.1316,0.1512,0.1316,0.1424,21581720.0
1777615200000,0.1424,0.158,0.142,0.1552,15925521.0
1777618800000,0.1553,0.2149,0.1546,0.2099,93055170.0
1777622400000,0.2098,0.2335,0.1927,0.2283,117460893.0
1777626000000,0.2283,0.2318,0.2054,0.2206,76380672.0
1777629600000,0.2207,0.2221,0.2041,0.2152,56610550.0
1777633200000,0.2152,0.2297,0.2117,0.2189,56327106.0
1777636800000,0.2189,0.2267,0.2093,0.213,54315205.0
1777640400000,0.2131,0.2578,0.2071,0.2557,176904565.0
1777644000000,0.2558,0.2978,0.2555,0.29,240515985.0
1777647600000,0.29,0.3094,0.2727,0.2992,214803126.0
1777651200000,0.299,0.3193,0.2863,0.3099,129308270.0
1777654800000,0.3099,0.317,0.285,0.2903,123396431.0
1777658400000,0.2904,0.3084,0.2836,0.2969,115743659.0
1777662000000,0.2968,0.3077,0.2753,0.298,124795852.0
1777665600000,0.2981,0.3192,0.2924,0.3101,81847879.0
1777669200000,0.31,0.3127,0.2972,0.298,51853356.0
1777672800000,0.298,0.3131,0.2903,0.3055,60022664.0
1777676400000,0.3056,0.3418,0.3029,0.3163,124595498.0
1777680000000,0.3162,0.3332,0.3057,0.3264,87737114.0
1777683600000,0.3264,0.3321,0.3081,0.3287,79159209.0
1777687200000,0.3287,0.3562,0.3233,0.3461,103390386.0
1777690800000,0.346,0.3576,0.3354,0.3371,90029031.0
1777694400000,0.3373,0.3569,0.3321,0.3538,69601081.0
1777698000000,0.3538,0.3593,0.312,0.3328,121780461.0
1777701600000,0.3328,0.3475,0.3256,0.3447,56717994.0
1777705200000,0.3447,0.3498,0.3192,0.3269,61638394.0
1777708800000,0.3271,0.3433,0.3133,0.3373,55437077.0
1777712400000,0.3373,0.3465,0.3245,0.3286,45297894.0
1777716000000,0.3286,0.343,0.3254,0.329,36752100.0
1777719600000,0.329,0.3536,0.3266,0.3351,49641805.0
1777723200000,0.3352,0.3555,0.3352,0.3471,49604766.0
1777726800000,0.3471,0.3855,0.3334,0.3398,90733403.0
1777730400000,0.3398,0.3898,0.3398,0.3661,77607548.0
1777734000000,0.3661,0.4037,0.3619,0.3936,54607280.0
1777737600000,0.3935,0.407,0.3725,0.3743,74848625.0
1777741200000,0.3742,0.3749,0.3089,0.318,79432959.0
1777744800000,0.3183,0.3547,0.3131,0.3376,54844947.0
1777748400000,0.3377,0.3377,0.3063,0.3194,43525924.0
1777752000000,0.3194,0.3528,0.3177,0.3492,22893335.0
1777755600000,0.3491,0.373,0.3412,0.362,18089073.0
1777759200000,0.3619,0.3649,0.3406,0.3442,17458917.0
1777762800000,0.3441,0.3449,0.3203,0.3256,19046833.0
1777766400000,0.3257,0.336,0.3228,0.3345,12770016.0
1777770000000,0.3346,0.3389,0.3112,0.3284,20140788.0
1777773600000,0.3284,0.343,0.3193,0.3341,17062680.0
1777777200000,0.3342,0.3582,0.3326,0.355,19388122.0
1777780800000,0.355,0.3664,0.3427,0.344,16380507.0
1777784400000,0.3439,0.4938,0.3432,0.4084,170286039.0
1777788000000,0.4084,0.4125,0.3633,0.3826,46321638.0
1777791600000,0.3826,0.4497,0.3741,0.4329,48536251.0
1777795200000,0.4331,0.5447,0.4212,0.5372,92712444.0
1777798800000,0.5375,0.54,0.472,0.4833,102959084.0
1777802400000,0.4834,0.4877,0.3898,0.4388,117354252.0
1777806000000,0.4387,0.4666,0.393,0.4329,87814503.0
1777809600000,0.433,0.4383,0.401,0.4072,45726858.0
1777813200000,0.4073,0.4398,0.398,0.4357,36578085.0
1777816800000,0.4356,0.4454,0.4137,0.4153,21591006.0
1777820400000,0.4155,0.4265,0.4103,0.4151,16690954.0
1777824000000,0.4151,0.4295,0.4043,0.4223,18862695.0
1777827600000,0.4223,0.4277,0.3955,0.4235,22137366.0
1777831200000,0.4235,0.4346,0.4132,0.4168,17875735.0
1777834800000,0.4168,0.4322,0.4111,0.4302,15476214.0
1777838400000,0.4301,0.4472,0.4237,0.4412,23822741.0
1777842000000,0.4413,0.4448,0.4141,0.4161,13001677.0
1777845600000,0.4163,0.4238,0.4052,0.4171,12686328.0
1777849200000,0.4171,0.4294,0.415,0.4239,11021648.0
1777852800000,0.4238,0.4629,0.415,0.4436,36875905.0
1777856400000,0.4437,0.4683,0.412,0.4212,29990681.0
1777860000000,0.4213,0.4273,0.3497,0.3914,52120470.0
1777863600000,0.3914,0.3976,0.3554,0.3791,29877617.0
1777867200000,0.3792,0.3906,0.3646,0.3757,15502023.0
1777870800000,0.376,0.3816,0.349,0.3631,21517684.0
1777874400000,0.3631,0.3685,0.3257,0.3343,27714266.0
1777878000000,0.3343,0.3962,0.3281,0.3954,34185187.0
1777881600000,0.3949,0.4069,0.3117,0.3408,67853181.0
1777885200000,0.3408,0.3515,0.3298,0.3366,18197333.0
1777888800000,0.3365,0.3446,0.316,0.3171,17086696.0
1777892400000,0.3171,0.3293,0.2777,0.3069,49861587.0
1777896000000,0.3069,0.4396,0.298,0.3898,118835395.0
1777899600000,0.3899,0.4494,0.362,0.4204,72344744.0
1777903200000,0.4203,0.4555,0.4177,0.4451,26316855.0
1777906800000,0.4451,0.487,0.4442,0.4737,27962333.0
1777910400000,0.474,0.4812,0.4506,0.4696,19091999.0
1777914000000,0.4695,0.4704,0.4009,0.4062,33313177.0
1777917600000,0.4063,0.4067,0.3862,0.3976,16405881.0
1777921200000,0.3976,0.4163,0.3886,0.4115,8643389.0
1777924800000,0.4115,0.412,0.3613,0.3678,15473103.0
1777928400000,0.3676,0.381,0.363,0.3686,7230794.0
1777932000000,0.3686,0.3794,0.3629,0.3697,5286157.0
1777935600000,0.3695,0.3751,0.3648,0.3699,4633100.0
1777939200000,0.37,0.3805,0.3699,0.3759,4845943.0
1777942800000,0.3761,0.39,0.3736,0.3878,6250958.0
1777946400000,0.3878,0.3879,0.374,0.3751,5064307.0
1777950000000,0.3751,0.3856,0.337,0.3466,11619271.0
1777953600000,0.3468,0.3544,0.3252,0.3299,14837304.0
1777957200000,0.3297,0.3505,0.3271,0.3356,8750025.0
1777960800000,0.3358,0.3633,0.3354,0.343,10104916.0
1777964400000,0.3432,0.3546,0.3407,0.3461,6581240.0
1777968000000,0.346,0.3603,0.3407,0.3582,8926697.0
1777971600000,0.3581,0.3649,0.3434,0.352,10648682.0
1777975200000,0.352,0.3624,0.3475,0.3585,5060701.0
1777978800000,0.3586,0.3618,0.3469,0.3483,5544661.0
1777982400000,0.348,0.3619,0.3369,0.3583,11215118.0
1777986000000,0.3582,0.4479,0.3563,0.4326,42270957.0
1777989600000,0.4325,0.4368,0.4217,0.4289,13533821.0
1777993200000,0.4288,0.4394,0.4229,0.4343,8916135.0
1777996800000,0.4344,0.45,0.395,0.4062,17465326.0
1778000400000,0.4063,0.4241,0.4039,0.405,6070925.0
1778004000000,0.405,0.4199,0.4029,0.418,3654210.0
1778007600000,0.4181,0.4267,0.4129,0.4188,3790458.0
1778011200000,0.4188,0.4195,0.4011,0.4031,4139572.0
1778014800000,0.4031,0.4135,0.398,0.4111,3624613.0
1778018400000,0.4112,0.477,0.4088,0.4596,23043258.0
1778022000000,0.4597,0.4666,0.4371,0.4491,8604038.0
1778025600000,0.4493,0.4673,0.4472,0.4543,7248322.0
1778029200000,0.4542,0.4657,0.4396,0.4556,6203103.0
1778032800000,0.4554,0.5527,0.4538,0.5345,41750126.0
1778036400000,0.5345,0.5363,0.442,0.4823,47877147.0
1778040000000,0.4823,0.4846,0.4221,0.4453,24514225.0
1778043600000,0.4454,0.4523,0.412,0.4158,14512090.0
1778047200000,0.4159,0.4316,0.4129,0.4227,9795079.0
1778050800000,0.4228,0.437,0.3904,0.3971,16870406.0
1778054400000,0.3969,0.4097,0.3822,0.3948,15292912.0
1778058000000,0.3948,0.4049,0.383,0.3934,11012662.0
1778061600000,0.3935,0.4035,0.3904,0.403,5787300.0
1778065200000,0.403,0.4119,0.395,0.4084,7641361.0
1778068800000,0.4082,0.409,0.295,0.3398,81325061.0
1778072400000,0.3399,0.3556,0.3262,0.3433,21139566.0
1778076000000,0.3434,0.3493,0.332,0.3337,10383031.0
1778079600000,0.3337,0.3394,0.3158,0.3248,11741815.0
1778083200000,0.3248,0.3357,0.3181,0.3274,10261381.0
1778086800000,0.3275,0.328,0.3083,0.3153,9899022.0
1778090400000,0.3151,0.3226,0.3113,0.3186,6483967.0
1778094000000,0.3187,0.3229,0.3131,0.3161,5347499.0
1778097600000,0.316,0.3218,0.3105,0.3205,5317901.0
1778101200000,0.3205,0.33,0.312,0.3143,4804956.0
1778104800000,0.3142,0.3666,0.3112,0.3391,25791856.0
1778108400000,0.3391,0.3445,0.3316,0.3398,9660684.0
1778112000000,0.3398,0.352,0.3351,0.3477,7378885.0
1778115600000,0.3476,0.354,0.2809,0.323,42048851.0
1778119200000,0.3229,0.3248,0.3021,0.3058,15862509.0
1778122800000,0.3057,0.3161,0.3039,0.3112,7558490.0
1778126400000,0.3112,0.3488,0.2958,0.3348,20198574.0
1778130000000,0.3348,0.346,0.3269,0.3443,10556394.0
1778133600000,0.3444,0.3476,0.337,0.3391,6131117.0
1778137200000,0.3392,0.3532,0.3331,0.3401,7073443.0
1778140800000,0.34,0.3467,0.3287,0.3414,9535214.0
1778144400000,0.3416,0.3445,0.3321,0.3363,4531044.0
1778148000000,0.3365,0.3499,0.3342,0.3427,5159154.0
1778151600000,0.3428,0.354,0.3423,0.3499,5573218.0
1778155200000,0.3499,0.3513,0.3305,0.3454,9390115.0
1778158800000,0.3454,0.3528,0.34,0.3442,6504926.0
1778162400000,0.3442,0.352,0.3422,0.3446,3669047.0
1778166000000,0.3446,0.3455,0.335,0.3405,5422422.0
1778169600000,0.3406,0.3845,0.3335,0.378,18664996.0
1778173200000,0.3779,0.3891,0.3636,0.3843,16395605.0
1778176800000,0.3842,0.3876,0.3632,0.3656,7547330.0
1778180400000,0.3656,0.3711,0.3602,0.3638,3612149.0
1778184000000,0.3637,0.3724,0.3545,0.3639,4782819.0
1778187600000,0.3639,0.3685,0.3559,0.3582,2304378.0
1778191200000,0.3582,0.3629,0.3568,0.3627,1783444.0
1778194800000,0.3626,0.3719,0.3621,0.3693,2592733.0
1778198400000,0.3694,0.3712,0.3631,0.3633,2231449.0
1778202000000,0.3635,0.3733,0.3622,0.3702,2436759.0
1778205600000,0.3704,0.3718,0.3611,0.3636,3246286.0
1778209200000,0.3636,0.3755,0.3619,0.37,2866430.0
1778212800000,0.3701,0.3759,0.363,0.3677,4400408.0
1778216400000,0.3677,0.3697,0.3559,0.3603,3960991.0
1778220000000,0.3602,0.3688,0.3572,0.3641,3428065.0
1778223600000,0.3642,0.3748,0.3627,0.3723,2648665.0
1778227200000,0.3726,0.3775,0.3692,0.3706,2831474.0
1778230800000,0.3706,0.3777,0.3649,0.3731,3890736.0
1778234400000,0.3732,0.3792,0.3681,0.3737,2783405.0
1778238000000,0.3736,0.3749,0.36,0.3671,4623964.0
1778241600000,0.3671,0.377,0.3663,0.3748,2544829.0
1778245200000,0.3748,0.3796,0.3718,0.3775,3563939.0
1778248800000,0.3776,0.3804,0.3706,0.3755,3595085.0
1778252400000,0.3757,0.3778,0.3676,0.3751,3056941.0
1778256000000,0.3752,0.3806,0.3696,0.3715,2294316.0
1778259600000,0.3715,0.3848,0.3709,0.3795,3512488.0
1778263200000,0.3797,0.3819,0.3761,0.3794,1659919.0
1778266800000,0.3794,0.383,0.3772,0.3817,1367720.0
1778270400000,0.3819,0.3856,0.3781,0.3811,2232085.0
1778274000000,0.3811,0.3818,0.3712,0.3777,1774958.0
1778277600000,0.3778,0.3838,0.3768,0.3822,1371034.0
1778281200000,0.3821,0.3855,0.3817,0.3836,1164056.0
1778284800000,0.3836,0.3874,0.3827,0.386,1511499.0
1778288400000,0.3861,0.3891,0.384,0.3854,3045083.0
1778292000000,0.3854,0.3885,0.3836,0.3884,1328524.0
1778295600000,0.3885,0.3891,0.3843,0.3859,1433095.0
1778299200000,0.386,0.3885,0.3815,0.3846,2003943.0
1778302800000,0.3846,0.3865,0.3804,0.3806,1514110.0
1778306400000,0.3806,0.3888,0.3793,0.3881,2018660.0
1778310000000,0.3882,0.3897,0.383,0.3844,3219163.0
1778313600000,0.3844,0.3886,0.3835,0.3884,1467384.0
1778317200000,0.3883,0.3888,0.2878,0.3352,27890110.0
1778320800000,0.3353,0.3543,0.3216,0.3402,39221604.0
1778324400000,0.3402,0.3536,0.3379,0.3403,10869863.0
1778328000000,0.3404,0.3463,0.3375,0.3398,3288577.0
1778331600000,0.3398,0.344,0.3374,0.3401,3096069.0
1778335200000,0.3402,0.4528,0.2988,0.3868,66018159.0
1778338800000,0.3868,0.3925,0.3802,0.3903,5959629.0
1778342400000,0.3904,0.3989,0.3841,0.3892,4544949.0
1778346000000,0.3893,0.3961,0.3844,0.3863,2682800.0
1778349600000,0.3864,0.3903,0.3773,0.3821,2854977.0
1778353200000,0.3822,0.3824,0.3764,0.3799,1674331.0
1778356800000,0.3798,0.3897,0.3785,0.3895,1583018.0
1778360400000,0.3897,0.3923,0.3846,0.3866,1350405.0
1778364000000,0.3867,0.39,0.3569,0.3667,17353659.0
1778367600000,0.3667,0.3691,0.361,0.3617,2311827.0
1778371200000,0.3616,0.3663,0.3571,0.3622,2436020.0
1778374800000,0.3622,0.372,0.3599,0.3692,2114853.0
1778378400000,0.3693,0.3694,0.3614,0.3621,1452567.0
1778382000000,0.3621,0.37,0.3618,0.3678,1064603.0
1778385600000,0.3678,0.3697,0.3598,0.3658,1134464.0
1778389200000,0.3659,0.3676,0.341,0.3577,3593237.0
1778392800000,0.3576,0.3601,0.3567,0.358,1221664.0
1778396400000,0.3581,0.3609,0.3551,0.3597,1107068.0
1778400000000,0.3598,0.3601,0.3536,0.3567,1434192.0
1778403600000,0.3567,0.3572,0.3511,0.3546,1624564.0
1778407200000,0.3546,0.3576,0.3513,0.3526,1494772.0
1778410800000,0.3525,0.3548,0.3481,0.3514,984573.0
1778414400000,0.3515,0.3733,0.3492,0.367,3634290.0
1778418000000,0.367,0.3678,0.3553,0.3579,2791682.0
1778421600000,0.358,0.3611,0.3564,0.3597,1564200.0
1778425200000,0.3597,0.3617,0.3573,0.3589,1146023.0
1778428800000,0.359,0.38,0.3584,0.3696,3917882.0
1778432400000,0.3697,0.4146,0.3684,0.4128,6122032.0
1778436000000,0.4129,0.43,0.4018,0.4118,8989960.0
1778439600000,0.4118,0.4235,0.4063,0.4198,3909055.0
1778443200000,0.4199,0.4223,0.407,0.4091,3559451.0
1778446800000,0.4092,0.4142,0.4041,0.4087,1580045.0
1778450400000,0.4087,0.417,0.4034,0.4148,3067161.0
1778454000000,0.4149,0.4151,0.4069,0.4088,1539245.0
1778457600000,0.4089,0.4097,0.387,0.4018,4165252.0
1778461200000,0.4017,0.4091,0.3995,0.4057,2019153.0
1778464800000,0.4058,0.4086,0.389,0.3963,3251368.0
1778468400000,0.3962,0.4024,0.3901,0.3923,2421840.0
1778472000000,0.3922,0.3944,0.3893,0.3928,1490744.0
1778475600000,0.3928,0.3955,0.3902,0.3953,1632576.0
1778479200000,0.3955,0.526,0.389,0.4909,116152618.0
1778482800000,0.4909,0.4965,0.4501,0.4551,47400459.0
1778486400000,0.4553,0.4582,0.4333,0.4492,37146518.0
1778490000000,0.4492,0.4769,0.4456,0.471,23826145.0
1778493600000,0.4711,0.4888,0.4602,0.4643,33344580.0
1778497200000,0.4643,0.4694,0.4548,0.4651,15554188.0
1778500800000,0.4652,0.4798,0.4614,0.4699,14261481.0
1778504400000,0.4697,0.4838,0.4275,0.4348,51875837.0
1778508000000,0.4349,0.63,0.4241,0.5695,222739411.0
1778511600000,0.5695,0.58,0.537,0.5703,84262856.0
1778515200000,0.5703,0.6033,0.568,0.593,59306215.0
1778518800000,0.5928,0.6222,0.5863,0.6146,47904932.0
1778522400000,0.6145,0.65,0.6057,0.6448,55054231.0
1778526000000,0.6447,0.6498,0.6319,0.6458,23619570.0
1778529600000,0.6459,0.6875,0.6109,0.6143,55805863.0
1778533200000,0.6143,0.6466,0.5955,0.6041,35977252.0
1778536800000,0.6041,0.6413,0.5977,0.64,22326915.0
1778540400000,0.6401,0.6486,0.6283,0.6333,18211728.0
1778544000000,0.6333,0.6335,0.6177,0.6305,16631014.0
1778547600000,0.6308,0.679,0.6069,0.6273,36419746.0
1778551200000,0.6272,0.6286,0.6025,0.6113,22285702.0
1778554800000,0.6114,0.6347,0.6097,0.6309,17218094.0
1778558400000,0.6309,0.6425,0.6212,0.6369,19200566.0
1778562000000,0.6369,0.639,0.6226,0.6267,14002533.0
1778565600000,0.6267,0.6333,0.6139,0.6304,16330253.0
1778569200000,0.6305,0.6439,0.6231,0.6304,14529035.0
1778572800000,0.6304,0.6439,0.626,0.6314,14125248.0
1778576400000,0.6314,0.6401,0.623,0.6276,11288396.0
1778580000000,0.6275,0.6632,0.6269,0.6461,20420990.0
1778583600000,0.646,0.6493,0.6196,0.635,19568758.0
1778587200000,0.6352,0.6461,0.6312,0.6436,12007291.0
1778590800000,0.6439,0.6655,0.6395,0.6456,27279943.0
1778594400000,0.6457,0.6676,0.643,0.6602,15975883.0
1778598000000,0.6602,0.669,0.6366,0.6462,16858151.0
1778601600000,0.6463,0.6618,0.642,0.6478,9332087.0
1778605200000,0.648,0.6672,0.6471,0.6615,8149272.0
1778608800000,0.6615,0.6669,0.6301,0.6402,14192279.0
1778612400000,0.6403,0.6531,0.6377,0.6512,5700366.0
1778616000000,0.6513,0.6535,0.6228,0.6397,8372539.0
1778619600000,0.6397,0.6448,0.6333,0.638,3352848.0
1778623200000,0.638,0.6417,0.6272,0.6302,4717005.0
1778626800000,0.6301,0.6384,0.6289,0.6337,3298164.0
1778630400000,0.6336,0.6388,0.6265,0.6305,3431638.0
1778634000000,0.6306,0.649,0.6298,0.6423,5411712.0
1778637600000,0.6422,0.6447,0.5915,0.5972,14379912.0
1778641200000,0.5972,0.638,0.5821,0.608,17017177.0
1778644800000,0.608,0.6176,0.5922,0.6006,7968703.0
1778648400000,0.6006,0.6088,0.5922,0.6036,5838370.0
1778652000000,0.6038,0.609,0.5975,0.6006,4262606.0
1778655600000,0.6007,0.7254,0.5999,0.7016,43490178.0
1778659200000,0.7015,0.7254,0.6745,0.6935,28179360.0
1778662800000,0.6935,0.7235,0.686,0.6936,12766296.0
1778666400000,0.6937,0.7124,0.6772,0.699,11122395.0
1778670000000,0.6989,0.7419,0.6986,0.7335,16542148.0
1778673600000,0.7336,0.7493,0.7011,0.7159,16777829.0
1778677200000,0.7158,0.7285,0.705,0.7114,7860013.0
1778680800000,0.7114,0.7188,0.6862,0.6884,9313296.0
1778684400000,0.6886,0.6995,0.6657,0.6748,9897252.0
1778688000000,0.6748,0.6989,0.6713,0.6786,8350109.0
1778691600000,0.6787,0.6798,0.6629,0.6748,5599150.0
1778695200000,0.6751,0.6831,0.667,0.6676,3502951.0
1778698800000,0.6677,0.6799,0.662,0.6744,3153646.0
1778702400000,0.6746,0.675,0.6471,0.6572,4650065.0
1778706000000,0.6572,0.6659,0.6514,0.6604,2686894.0
1778709600000,0.6603,0.6665,0.6531,0.6533,2058899.0
1778713200000,0.6533,0.6557,0.6401,0.6469,2801953.0
1778716800000,0.6468,0.6797,0.6456,0.6543,5264637.0
1778720400000,0.6543,0.6667,0.6491,0.6553,2847787.0
1778724000000,0.6555,0.678,0.6533,0.6736,3435252.0
1778727600000,0.6736,0.7224,0.6661,0.7127,12305138.0
1778731200000,0.7126,0.7775,0.6176,0.625,58400484.0
1778734800000,0.6249,0.639,0.5337,0.5998,42073525.0
1778738400000,0.5997,0.6053,0.4925,0.5062,37142386.0
1778742000000,0.5063,0.5132,0.4727,0.4772,24622856.0
1778745600000,0.4773,0.5121,0.473,0.4861,19390794.0
1778749200000,0.4861,0.4875,0.4323,0.4444,22092162.0
1778752800000,0.4444,0.4573,0.4333,0.4371,12198619.0
1778756400000,0.4371,0.4377,0.4117,0.4196,18705366.0
1778760000000,0.4194,0.5319,0.4174,0.523,73314853.0
1778763600000,0.5229,0.5428,0.5133,0.5236,23782463.0
1778767200000,0.5236,0.5387,0.478,0.5216,27802998.0
1778770800000,0.5218,0.528,0.502,0.5154,11423954.0
1778774400000,0.5153,0.517,0.4913,0.4931,5914033.0
1778778000000,0.4931,0.5046,0.4801,0.489,5457396.0
1778781600000,0.489,0.5154,0.4828,0.4937,6388511.0
1778785200000,0.4937,0.4944,0.4741,0.4881,3982942.0
1778788800000,0.488,0.4937,0.4763,0.4766,2444138.0
1778792400000,0.4765,0.4814,0.4751,0.48,1843905.0
1778796000000,0.48,0.4814,0.4743,0.4784,1674913.0
1778799600000,0.4785,0.482,0.4615,0.4757,5513665.0
1778803200000,0.4757,0.4857,0.472,0.4806,4476366.0
1778806800000,0.4806,0.4946,0.4776,0.4799,4883570.0
1778810400000,0.48,0.482,0.4669,0.4778,3420199.0
1778814000000,0.4776,0.4789,0.4631,0.4643,3746724.0
1778817600000,0.4643,0.4715,0.4622,0.4696,3870970.0
1778821200000,0.4695,0.4912,0.4688,0.474,6053582.0
1778824800000,0.4742,0.4774,0.4533,0.4652,4626332.0
1778828400000,0.4653,0.4679,0.4465,0.4523,4547911.0
1778832000000,0.4523,0.4609,0.4501,0.4558,2519562.0
1778835600000,0.4557,0.4625,0.4505,0.4581,2669407.0
1778839200000,0.458,0.4694,0.4574,0.4623,3489893.0
1778842800000,0.4625,0.4636,0.4538,0.4555,1643605.0
1778846400000,0.4556,0.4649,0.4532,0.464,1993672.0
1778850000000,0.4641,0.4643,0.4511,0.4564,3193958.0
1778853600000,0.4563,0.465,0.4548,0.4559,2134240.0
1778857200000,0.4561,0.459,0.4501,0.4531,1851731.0
1778860800000,0.453,0.4624,0.448,0.4607,3754148.0
1778864400000,0.4606,0.4606,0.4497,0.4506,1727845.0
1778868000000,0.4505,0.4532,0.4483,0.4501,1522964.0
1778871600000,0.4501,0.4527,0.4487,0.4518,1056662.0
1778875200000,0.4518,0.4525,0.4484,0.4494,918910.0
1778878800000,0.4494,0.4538,0.4486,0.4506,836782.0
1778882400000,0.4507,0.4535,0.4331,0.4384,3871537.0
1778886000000,0.4385,0.4421,0.4359,0.4374,1625609.0
1778889600000,0.4375,0.4392,0.4321,0.4361,1584855.0
1778893200000,0.436,0.4373,0.4326,0.4338,1335046.0
1778896800000,0.4336,0.4394,0.4313,0.4391,1300144.0
1778900400000,0.439,0.4409,0.4257,0.4261,2551239.0
1778904000000,0.426,0.4272,0.4152,0.4194,3896882.0
1778907600000,0.4193,0.4247,0.4,0.4058,4830692.0
1778911200000,0.4059,0.4145,0.3974,0.3994,4184204.0
1778914800000,0.3994,0.4412,0.3914,0.3951,13673891.0
1778918400000,0.3949,0.3985,0.3758,0.3784,8822213.0
1778922000000,0.3784,0.41,0.355,0.3558,19483629.0
1778925600000,0.3558,0.3632,0.3417,0.3445,13613400.0
1778929200000,0.3444,0.3445,0.3284,0.3371,11026783.0
1778932800000,0.3371,0.4061,0.3334,0.394,31466675.0
1778936400000,0.394,0.4079,0.3739,0.3922,23249027.0
1778940000000,0.3923,0.3985,0.381,0.3959,6210284.0
1778943600000,0.3959,0.397,0.3801,0.3915,5417911.0
1778947200000,0.3914,0.418,0.3894,0.4091,10040291.0
1778950800000,0.4093,0.4101,0.3937,0.3962,4543361.0
1778954400000,0.3963,0.405,0.393,0.3947,2922957.0
1778958000000,0.3947,0.4011,0.3923,0.3997,1672920.0
1778961600000,0.3998,0.4026,0.3953,0.3965,1501523.0
1778965200000,0.3966,0.3995,0.3928,0.3971,1104407.0
1778968800000,0.397,0.3988,0.3941,0.3968,982448.0
1778972400000,0.3968,0.4025,0.3961,0.3986,1603554.0
1778976000000,0.3987,0.4093,0.397,0.406,2368417.0
1778979600000,0.4059,0.4074,0.3927,0.394,3284896.0
1778983200000,0.3941,0.4147,0.3869,0.3897,5257555.0
1778986800000,0.3898,0.398,0.3878,0.396,2331516.0
1778990400000,0.3959,0.4018,0.3931,0.3969,2004205.0
1778994000000,0.3967,0.4055,0.3959,0.401,2623240.0
1778997600000,0.4011,0.4016,0.3924,0.3957,1923758.0
1779001200000,0.3957,0.3967,0.3933,0.3942,1254881.0
1779004800000,0.3942,0.3952,0.3914,0.3922,1287654.0
1779008400000,0.3923,0.4142,0.3919,0.406,4748968.0
1779012000000,0.4061,0.4131,0.3989,0.4123,4237536.0
1779015600000,0.4123,0.4127,0.4022,0.4062,5966226.0
1779019200000,0.4062,0.4062,0.3839,0.3906,8649235.0
1779022800000,0.3905,0.3924,0.3856,0.3909,2491516.0
1779026400000,0.3909,0.3949,0.3865,0.3872,2079450.0
1779030000000,0.3871,0.3887,0.3828,0.3872,1749904.0
1779033600000,0.3873,0.3897,0.3844,0.388,1289152.0
1779037200000,0.388,0.3931,0.3854,0.387,1436352.0
1779040800000,0.3869,0.3895,0.3841,0.3868,1132837.0
1779044400000,0.3869,0.3892,0.3837,0.3878,1355504.0
1779048000000,0.3878,0.3907,0.3857,0.3895,1080838.0
1779051600000,0.3894,0.396,0.3892,0.3928,1205527.0
1779055200000,0.3929,0.394,0.3881,0.3895,678968.0
1779058800000,0.3894,0.3902,0.3835,0.3877,2551474.0
1779062400000,0.3877,0.388,0.3736,0.3805,3078018.0
1779066000000,0.3805,0.3847,0.3782,0.3801,1240766.0
1779069600000,0.3801,0.3824,0.3762,0.3781,1071281.0
1779073200000,0.3782,0.3787,0.3746,0.3753,690763.0
1779076800000,0.3753,0.3876,0.3738,0.3851,1866765.0
1779080400000,0.385,0.3898,0.3547,0.3551,9430122.0
1779084000000,0.3552,0.3732,0.3333,0.3375,14491398.0
1779087600000,0.3374,0.3425,0.3369,0.3394,3352553.0
1779091200000,0.3394,0.3409,0.3284,0.3343,5527359.0
1779094800000,0.3343,0.3368,0.3245,0.3322,3087083.0
1779098400000,0.3322,0.3872,0.33,0.3819,13876685.0
1779102000000,0.3817,0.3977,0.3771,0.387,7503164.0
1779105600000,0.3869,0.3871,0.3693,0.3726,6641600.0
1779109200000,0.3727,0.3819,0.3726,0.3755,2331943.0
1779112800000,0.3755,0.3772,0.3687,0.3697,1727120.0
1779116400000,0.3697,0.3728,0.3682,0.3705,1323744.0
1779120000000,0.3704,0.376,0.3635,0.3645,1596335.0
1779123600000,0.3644,0.3656,0.3594,0.3605,1231230.0
1779127200000,0.3604,0.3616,0.3541,0.3566,1706230.0
1779130800000,0.3565,0.3604,0.3565,0.3594,875689.0
1779134400000,0.3594,0.3601,0.353,0.3542,852471.0
1779138000000,0.3542,0.3568,0.3531,0.3564,562011.0
1779141600000,0.3562,0.3578,0.3542,0.3571,780747.0
1779145200000,0.3571,0.3594,0.3479,0.3534,4195973.0
1779148800000,0.3534,0.3571,0.3522,0.3565,1569945.0
1779152400000,0.3564,0.3599,0.3533,0.3567,1354724.0
1779156000000,0.3568,0.3576,0.353,0.3558,1054440.0
1779159600000,0.3558,0.3603,0.355,0.3594,804843.0
1779163200000,0.3593,0.3599,0.3564,0.3574,1045476.0
1779166800000,0.3574,0.3576,0.3501,0.3511,1603895.0
1779170400000,0.3511,0.3571,0.3506,0.3558,891741.0
1779174000000,0.3559,0.3623,0.3551,0.3619,1075226.0
1779177600000,0.3618,0.3621,0.3501,0.3523,1792521.0
1779181200000,0.3522,0.3524,0.3487,0.3513,822949.0
1779184800000,0.3514,0.3558,0.3506,0.3546,829351.0
1779188400000,0.3545,0.3575,0.3516,0.3529,1255870.0
1779192000000,0.3529,0.3584,0.3446,0.3489,2410720.0
1779195600000,0.3489,0.3507,0.345,0.3463,1605399.0
1779199200000,0.3464,0.3484,0.343,0.3432,1196911.0
1779202800000,0.3432,0.3448,0.3392,0.3417,1270497.0
1779206400000,0.3418,0.3477,0.3416,0.3442,1295669.0
1779210000000,0.3441,0.3464,0.3413,0.344,921618.0
1779213600000,0.3442,0.3465,0.3422,0.3422,649680.0
1779217200000,0.3422,0.3452,0.3405,0.3439,584893.0
1779220800000,0.3439,0.3456,0.3427,0.344,483581.0
1779224400000,0.3441,0.3448,0.3357,0.3428,951911.0
1779228000000,0.3428,0.3437,0.3404,0.3423,275416.0
1779231600000,0.3424,0.3436,0.3409,0.3426,400813.0
1779235200000,0.3425,0.3429,0.3388,0.3407,1124716.0
1779238800000,0.3406,0.3418,0.339,0.3396,595614.0
1779242400000,0.3396,0.3423,0.339,0.3396,641626.0
1779246000000,0.3397,0.3425,0.3396,0.3414,571856.0
1779249600000,0.3414,0.3488,0.3383,0.3448,1639635.0
1779253200000,0.3447,0.3458,0.342,0.3437,943945.0
1779256800000,0.3438,0.3454,0.3412,0.3438,690569.0
1779260400000,0.3438,0.3455,0.335,0.3407,2095388.0
1779264000000,0.3406,0.3453,0.3392,0.343,957140.0
1779267600000,0.343,0.4056,0.3416,0.4053,13317899.0
1779271200000,0.4051,0.415,0.3936,0.4013,20437990.0
1779274800000,0.4013,0.4049,0.3956,0.3993,6895243.0
1779278400000,0.3994,0.4004,0.3876,0.3915,8496569.0
1779282000000,0.3915,0.3938,0.3764,0.3787,8297946.0
1779285600000,0.3787,0.3831,0.3703,0.3703,4190243.0
1779289200000,0.3703,0.3841,0.3641,0.3721,5103990.0
1779292800000,0.3721,0.3794,0.3677,0.3734,2856676.0
1779296400000,0.3734,0.3803,0.3708,0.3726,2102923.0
1779300000000,0.3725,0.379,0.3695,0.3752,1631169.0
1779303600000,0.3752,0.3784,0.371,0.3718,1841232.0
1779307200000,0.3718,0.3748,0.3707,0.3715,557331.0
1779310800000,0.3715,0.3729,0.3684,0.3717,791728.0
1779314400000,0.3718,0.3722,0.3676,0.3699,685382.0
1779318000000,0.3699,0.3704,0.3673,0.3688,547769.0
1779321600000,0.3689,0.3729,0.3673,0.3713,827327.0
1779325200000,0.3713,0.3729,0.3556,0.3588,3469940.0
1779328800000,0.3589,0.3593,0.3502,0.3544,1735654.0
1779332400000,0.3544,0.425,0.3195,0.3401,38338199.0
1779336000000,0.3401,0.3529,0.3152,0.3451,19768934.0
1779339600000,0.3451,0.3478,0.3346,0.3396,6341454.0
1779343200000,0.3396,0.3553,0.3318,0.3497,7767375.0
1779346800000,0.3496,0.355,0.3102,0.3274,20788309.0
1779350400000,0.3275,0.3535,0.2909,0.3097,63103172.0
1779354000000,0.3096,0.3109,0.2708,0.2949,36902664.0
1779357600000,0.2948,0.3099,0.2936,0.3056,6136992.0
1779361200000,0.3055,0.3089,0.3002,0.3011,3087123.0
1779364800000,0.3012,0.3045,0.2987,0.3016,4988502.0
1779368400000,0.3016,0.3096,0.3004,0.3069,3830637.0
1779372000000,0.3069,0.3072,0.3001,0.3019,3647386.0
1779375600000,0.3019,0.3034,0.2793,0.2978,6729244.0
1779379200000,0.2978,0.318,0.2956,0.3055,5769433.0
1779382800000,0.3055,0.3083,0.3038,0.3063,2414823.0
1779386400000,0.3063,0.3068,0.3006,0.3011,2453224.0
1779390000000,0.3012,0.3035,0.2984,0.3008,1799958.0
1779393600000,0.3006,0.3023,0.2986,0.3017,1291154.0
1779397200000,0.3017,0.3021,0.2965,0.2994,1317642.0
1779400800000,0.2995,0.3035,0.2982,0.2993,1650824.0
1779404400000,0.2993,0.3011,0.2932,0.2991,3684393.0
1779408000000,0.2991,0.3155,0.2915,0.2972,12387060.0
1779411600000,0.2971,0.2983,0.2872,0.2931,5245293.0
1779415200000,0.2932,0.2975,0.2904,0.2922,2417176.0
1779418800000,0.2922,0.2986,0.2852,0.2858,4110180.0
1779422400000,0.2859,0.2908,0.2859,0.2885,1776917.0
1779426000000,0.2884,0.2893,0.2834,0.2839,2013967.0
1779429600000,0.284,0.2848,0.2781,0.2788,3805140.0
1779433200000,0.2788,0.2811,0.2738,0.2756,4612395.0
1779436800000,0.2756,0.283,0.2722,0.2812,3898702.0
1779440400000,0.2813,0.2814,0.2771,0.278,1689957.0
1779444000000,0.2779,0.2789,0.2744,0.277,1730040.0
1779447600000,0.2769,0.2798,0.2736,0.2741,1559110.0
1779451200000,0.2741,0.2766,0.2731,0.2737,1234460.0
1779454800000,0.2738,0.2748,0.2588,0.2669,4767465.0
1779458400000,0.2669,0.2704,0.2621,0.2629,3729353.0
1779462000000,0.2629,0.2657,0.2614,0.2627,1790926.0
1779465600000,0.2627,0.2645,0.2609,0.262,1236199.0
1779469200000,0.262,0.2715,0.2605,0.2702,3302598.0
1779472800000,0.2702,0.2728,0.2643,0.2666,2110035.0
1779476400000,0.2667,0.2692,0.2639,0.267,2082178.0
1779480000000,0.2669,0.2691,0.266,0.2679,1235274.0
1779483600000,0.268,0.2687,0.2642,0.2645,545277.0
1779487200000,0.2645,0.2655,0.2612,0.2647,814880.0
1779490800000,0.2648,0.2679,0.2629,0.2645,1010020.0
1779494400000,0.2644,0.2664,0.2627,0.266,1004042.0
1779498000000,0.2661,0.2675,0.2627,0.263,1109707.0
1779501600000,0.2631,0.2637,0.2561,0.2608,2279221.0
1779505200000,0.2608,0.2645,0.2587,0.2625,1274251.0
1779508800000,0.2626,0.2631,0.2604,0.2606,663673.0
1779512400000,0.2606,0.2635,0.2605,0.263,701624.0
1779516000000,0.263,0.2633,0.2571,0.2585,1131295.0
1779519600000,0.2584,0.2604,0.2515,0.2521,2769026.0
1779523200000,0.2522,0.2553,0.2519,0.2541,1390681.0
1779526800000,0.2542,0.26,0.2541,0.2591,1236193.0
1779530400000,0.2592,0.265,0.2463,0.2496,6861064.0
1779534000000,0.2497,0.2525,0.2483,0.2513,1115323.0
1779537600000,0.2511,0.2567,0.2509,0.2533,1095624.0
1779541200000,0.2533,0.2545,0.2502,0.2504,999821.0
1779544800000,0.2506,0.2667,0.2501,0.2557,5723289.0
1779548400000,0.2557,0.2584,0.2545,0.256,973664.0
1779552000000,0.256,0.2589,0.2556,0.2585,934478.0
1779555600000,0.2584,0.2587,0.2539,0.2544,680886.0
1779559200000,0.2544,0.2603,0.254,0.2568,789154.0
1779562800000,0.2567,0.2584,0.2562,0.2577,460610.0
1779566400000,0.2578,0.2606,0.2567,0.2605,690005.0
1779570000000,0.2605,0.2606,0.256,0.257,694205.0
1779573600000,0.257,0.2577,0.2548,0.2565,452586.0
1779577200000,0.2564,0.2571,0.2543,0.2546,493711.0
1779580800000,0.2548,0.2709,0.2542,0.2588,6826393.0
1779584400000,0.2589,0.2599,0.2556,0.2576,1613176.0
1779588000000,0.2576,0.2588,0.2552,0.2568,755328.0
1779591600000,0.2568,0.2582,0.2554,0.2562,586849.0
1779595200000,0.2561,0.2567,0.2531,0.2543,1177097.0
1779598800000,0.2543,0.2546,0.2317,0.2424,9401826.0
1779602400000,0.2424,0.2444,0.2413,0.2431,1453154.0
1779606000000,0.243,0.2439,0.2388,0.2434,1681462.0
1779609600000,0.2433,0.2442,0.2387,0.2407,1906930.0
1779613200000,0.2406,0.2539,0.2396,0.2506,7302949.0
1779616800000,0.2506,0.2606,0.2487,0.2556,6761850.0
1779620400000,0.2556,0.2575,0.2437,0.2463,5047691.0
1779624000000,0.2464,0.2488,0.243,0.2476,1916527.0
1779627600000,0.2476,0.2506,0.2463,0.2465,1229718.0
1779631200000,0.2466,0.2527,0.2453,0.2475,1312641.0
1779634800000,0.2476,0.249,0.2457,0.2462,599558.0
1779638400000,0.2462,0.2491,0.2454,0.2472,521908.0
1779642000000,0.2472,0.2475,0.2438,0.2461,549169.0
1779645600000,0.2461,0.2516,0.2459,0.2479,890038.0
1779649200000,0.248,0.2494,0.2458,0.2471,327885.0
1779652800000,0.2471,0.2497,0.2461,0.2481,450505.0
1779656400000,0.2481,0.2504,0.247,0.2474,635987.0
1779660000000,0.2474,0.2512,0.247,0.2495,789946.0
1779663600000,0.2494,0.2589,0.2494,0.2554,2328540.0
1779667200000,0.2555,0.2555,0.2523,0.2542,798304.0
1779670800000,0.2543,0.2546,0.2505,0.2523,679905.0
1779674400000,0.2523,0.2551,0.2514,0.2548,509706.0
1779678000000,0.2549,0.2565,0.252,0.2543,619274.0
1779681600000,0.2543,0.2604,0.2538,0.2581,1235711.0
1779685200000,0.258,0.2583,0.2542,0.2565,873973.0
1779688800000,0.2565,0.2749,0.255,0.2661,5348379.0
1779692400000,0.2661,0.2666,0.2584,0.2618,2102317.0
1779696000000,0.2618,0.267,0.2608,0.2624,2046073.0
1779699600000,0.2622,0.2628,0.2561,0.2582,2113779.0
1779703200000,0.2582,0.2606,0.2549,0.2582,1580722.0
1779706800000,0.2582,0.2587,0.2422,0.2451,6780532.0
1779710400000,0.2449,0.2455,0.238,0.2406,3239607.0
1779714000000,0.2407,0.2427,0.24,0.2419,1106248.0
1779717600000,0.2417,0.2467,0.2365,0.2432,2594743.0
1779721200000,0.2432,0.2432,0.2367,0.2371,1336906.0
1779724800000,0.2369,0.2417,0.2369,0.2404,1097896.0
1779728400000,0.2404,0.241,0.2364,0.238,772312.0
1779732000000,0.2381,0.2546,0.2368,0.2481,7255199.0
1779735600000,0.2482,0.2584,0.2473,0.2523,1838985.0
1779739200000,0.2523,0.2548,0.248,0.251,1026289.0
1779742800000,0.2511,0.2555,0.2506,0.2516,636587.0
1779746400000,0.2516,0.2522,0.2446,0.2466,1661873.0
1779750000000,0.2466,0.2491,0.244,0.2458,1117119.0
1779753600000,0.2459,0.2463,0.2405,0.2424,821865.0
1779757200000,0.2423,0.2438,0.2385,0.2406,855355.0
1779760800000,0.2407,0.2424,0.2401,0.241,404066.0
1779764400000,0.2411,0.242,0.2211,0.2326,7719514.0
1779768000000,0.2326,0.2371,0.2326,0.2364,1028865.0
1779771600000,0.2363,0.2392,0.2356,0.238,683293.0
1779775200000,0.2381,0.2394,0.2355,0.2391,1029385.0
1779778800000,0.239,0.2408,0.2362,0.2392,1048655.0
1779782400000,0.2392,0.2416,0.237,0.2397,751182.0
1779786000000,0.2396,0.2406,0.2379,0.2387,420209.0
1779789600000,0.2387,0.2421,0.2374,0.2403,1020417.0
1779793200000,0.2403,0.2419,0.2394,0.2404,417900.0
1779796800000,0.2404,0.2455,0.2403,0.2438,867850.0
1779800400000,0.2439,0.2471,0.242,0.2461,678173.0
1779804000000,0.2461,0.2549,0.246,0.2536,1476415.0
1779807600000,0.2536,0.2625,0.2507,0.2532,3187173.0
1779811200000,0.253,0.2558,0.2478,0.2531,1474090.0
1779814800000,0.2532,0.2539,0.2445,0.2464,1475263.0
1779818400000,0.2463,0.2491,0.2446,0.2469,863793.0
1779822000000,0.2469,0.2494,0.2462,0.2489,430522.0
1779825600000,0.2489,0.2495,0.2456,0.247,345751.0
1779829200000,0.247,0.2499,0.2464,0.2478,492173.0
1779832800000,0.2478,0.2483,0.2456,0.247,305821.0
1779836400000,0.247,0.2504,0.2469,0.2497,488238.0
1779840000000,0.2496,0.251,0.2481,0.2504,663316.0
1779843600000,0.2505,0.2505,0.2429,0.2445,935862.0
1779847200000,0.2446,0.2459,0.2424,0.2456,463009.0
1779850800000,0.2456,0.2488,0.245,0.2479,603483.0
1779854400000,0.2479,0.2484,0.2439,0.2446,599813.0
1779858000000,0.2444,0.2449,0.2411,0.2429,590150.0
1779861600000,0.2429,0.2431,0.2362,0.2409,1260383.0
1779865200000,0.2408,0.2425,0.239,0.2412,1691999.0
1779868800000,0.2413,0.2429,0.2384,0.2388,492292.0
1779872400000,0.2387,0.2585,0.238,0.2524,6718115.0
1779876000000,0.2525,0.2545,0.2473,0.2509,1680753.0
1779879600000,0.2509,0.2518,0.2473,0.2483,785815.0
1779883200000,0.2483,0.2518,0.2481,0.2515,588059.0
1779886800000,0.2515,0.2523,0.2495,0.2504,917590.0
1779890400000,0.2504,0.2531,0.2503,0.2519,729148.0
1779894000000,0.2519,0.2529,0.2508,0.2517,358451.0
1779897600000,0.2517,0.2519,0.2485,0.2494,523757.0
1779901200000,0.2494,0.25,0.2453,0.246,765887.0
1779904800000,0.246,0.2475,0.2453,0.2459,303062.0
1779908400000,0.2459,0.2473,0.2439,0.2446,401821.0
1779912000000,0.2446,0.2447,0.2401,0.2415,542262.0
1779915600000,0.2416,0.2425,0.2318,0.236,1056095.0
1779919200000,0.2361,0.2405,0.2351,0.2366,640561.0
1779922800000,0.2367,0.249,0.2365,0.2429,2535885.0
1779926400000,0.2429,0.2442,0.2403,0.2411,613785.0
1779930000000,0.2411,0.2411,0.2375,0.2396,348523.0
1779933600000,0.2396,0.2411,0.2384,0.2395,594675.0
1779937200000,0.2395,0.2403,0.2299,0.2323,1698837.0
1779940800000,0.2324,0.2392,0.2323,0.2355,1216960.0
1779944400000,0.2355,0.2357,0.2285,0.2303,1300108.0
1779948000000,0.2303,0.2329,0.2298,0.2315,574464.0
1779951600000,0.2315,0.233,0.2293,0.2314,828385.0
1779955200000,0.2314,0.2323,0.2287,0.2294,802931.0
1779958800000,0.2294,0.231,0.226,0.23,1321533.0
1779962400000,0.2299,0.2303,0.2288,0.2296,471705.0
1779966000000,0.2296,0.2304,0.2292,0.2299,374626.0
1779969600000,0.2299,0.2328,0.2294,0.2312,632413.0
1779973200000,0.2312,0.25,0.2289,0.2497,14051158.0
1779976800000,0.2497,0.25,0.2469,0.2496,5241370.0
1779980400000,0.2498,0.259,0.2388,0.2411,13201417.0
1779984000000,0.2411,0.2472,0.2401,0.2445,2601099.0
1779987600000,0.2446,0.2457,0.2401,0.2418,2019024.0
1779991200000,0.2419,0.2457,0.2398,0.2446,3113554.0
1779994800000,0.2446,0.2446,0.2421,0.2432,294028.0
1779998400000,0.2432,0.2438,0.2414,0.2419,325159.0
1780002000000,0.2418,0.243,0.2408,0.242,303709.0
1780005600000,0.242,0.2429,0.2372,0.2382,774025.0
1780009200000,0.2382,0.2404,0.2382,0.2396,389555.0
1780012800000,0.2397,0.2419,0.2396,0.2415,372715.0
1780016400000,0.2415,0.2417,0.2375,0.2379,501884.0
1780020000000,0.238,0.2384,0.232,0.2329,1255732.0
1780023600000,0.2329,0.2347,0.2317,0.2327,523467.0
1780027200000,0.2327,0.2345,0.2322,0.2335,623137.0
1780030800000,0.2335,0.234,0.232,0.2331,558223.0
1780034400000,0.2331,0.25,0.228,0.2366,2683154.0
1780038000000,0.2366,0.2376,0.235,0.2363,471321.0
1780041600000,0.2363,0.2379,0.2323,0.2336,724828.0
1780045200000,0.2336,0.2383,0.2334,0.2375,486848.0
1780048800000,0.2375,0.241,0.2365,0.2381,625778.0
1780052400000,0.2381,0.2465,0.2378,0.2456,1307661.0
1780056000000,0.2455,0.2473,0.2421,0.2445,1054691.0
1780059600000,0.2445,0.2478,0.2431,0.2471,906927.0
1780063200000,0.2471,0.2509,0.2461,0.25,1110967.0
1780066800000,0.25,0.2505,0.2458,0.2468,766397.0
1780070400000,0.2469,0.2474,0.2448,0.2454,421193.0
1780074000000,0.2455,0.2463,0.2448,0.2456,290887.0
1780077600000,0.2456,0.2474,0.2448,0.2448,329622.0
1780081200000,0.2448,0.2463,0.2427,0.2455,1145015.0
1780084800000,0.2454,0.2479,0.2454,0.2475,242367.0
1780088400000,0.2475,0.2506,0.2459,0.2473,426936.0
1780092000000,0.2474,0.2483,0.2466,0.248,199604.0
1780095600000,0.248,0.2487,0.2436,0.2446,518367.0
1780099200000,0.2446,0.2471,0.2435,0.2461,470099.0
1780102800000,0.246,0.2464,0.2436,0.2439,261508.0
1780106400000,0.244,0.2461,0.2439,0.2458,387624.0
1780110000000,0.2458,0.2465,0.2407,0.2422,656419.0
1780113600000,0.2422,0.2426,0.24,0.242,375418.0
1780117200000,0.242,0.261,0.2415,0.2491,8576756.0
1780120800000,0.2492,0.2503,0.2476,0.2488,1079419.0
1780124400000,0.2488,0.2543,0.2476,0.2518,900422.0
1780128000000,0.2518,0.252,0.248,0.249,367139.0
1780131600000,0.249,0.2519,0.248,0.2491,385938.0
1780135200000,0.2491,0.2491,0.2456,0.2469,468533.0
1780138800000,0.2469,0.247,0.2431,0.2431,399570.0
1780142400000,0.2431,0.2442,0.2421,0.2434,442706.0
1780146000000,0.2433,0.2437,0.2421,0.2422,674883.0
1780149600000,0.2423,0.2423,0.2406,0.2419,456334.0
1780153200000,0.2419,0.2419,0.2372,0.2398,541477.0
1780156800000,0.2399,0.2581,0.2364,0.2532,10409297.0
1780160400000,0.2532,0.2532,0.2452,0.2478,1720068.0
1780164000000,0.2478,0.2497,0.2463,0.2492,699781.0
1780167600000,0.2491,0.2494,0.247,0.2474,271681.0
1780171200000,0.2474,0.2484,0.2471,0.2477,244423.0
1780174800000,0.2477,0.2489,0.2466,0.2471,202306.0
1780178400000,0.2471,0.2471,0.2415,0.2441,809138.0
1780182000000,0.244,0.2455,0.2435,0.245,337624.0
1780185600000,0.245,0.2462,0.2446,0.246,212404.0
1780189200000,0.2461,0.2464,0.245,0.2462,169626.0
1780192800000,0.2462,0.2483,0.2457,0.2473,479375.0
1780196400000,0.2473,0.2473,0.2456,0.2463,333665.0
1780200000000,0.2463,0.2463,0.2439,0.2446,594890.0
1780203600000,0.2446,0.2451,0.2423,0.2434,383219.0
1780207200000,0.2434,0.2548,0.2426,0.2468,2385188.0
1780210800000,0.2469,0.2474,0.2432,0.2448,436108.0
1780214400000,0.2447,0.2452,0.2436,0.2441,288235.0
1780218000000,0.2441,0.2447,0.2426,0.2436,257687.0
1780221600000,0.2435,0.2443,0.2414,0.2433,428943.0
1780225200000,0.2433,0.2449,0.2422,0.2428,613856.0
1780228800000,0.2429,0.2431,0.2412,0.2416,348842.0
1780232400000,0.2416,0.2432,0.2413,0.2425,287623.0
1780236000000,0.2424,0.2424,0.2405,0.2412,524824.0
1780239600000,0.2413,0.2421,0.2406,0.2411,323523.0
1780243200000,0.2411,0.2415,0.2381,0.239,380944.0
1780246800000,0.239,0.2394,0.2361,0.2375,429789.0
1780250400000,0.2375,0.2395,0.2373,0.2387,278953.0
1780254000000,0.2387,0.2397,0.2381,0.2388,220682.0
1780257600000,0.2388,0.2394,0.2379,0.2388,186945.0
1780261200000,0.2388,0.2391,0.2372,0.2378,267099.0
1780264800000,0.2378,0.239,0.2376,0.2385,204034.0
1780268400000,0.2386,0.2392,0.2378,0.2383,220061.0
1780272000000,0.2382,0.2395,0.2355,0.2355,647636.0
1780275600000,0.2356,0.2359,0.2313,0.2331,1712188.0
1780279200000,0.2331,0.2359,0.2322,0.2342,539951.0
1780282800000,0.2342,0.2352,0.2333,0.2347,349847.0
1780286400000,0.2348,0.2359,0.2327,0.234,413736.0
1780290000000,0.234,0.234,0.2304,0.2307,513572.0
1780293600000,0.2308,0.231,0.2279,0.2292,944064.0
1780297200000,0.2292,0.2521,0.2279,0.2483,15806701.0
1780300800000,0.2484,0.2523,0.2466,0.2505,4338668.0
1780304400000,0.2505,0.255,0.2476,0.2522,3079626.0
1780308000000,0.2522,0.2551,0.2508,0.254,1434041.0
1780311600000,0.2541,0.2604,0.254,0.258,1952025.0
1780315200000,0.258,0.2584,0.2512,0.2516,3458872.0
1780318800000,0.2514,0.253,0.2484,0.2525,3749704.0
1780322400000,0.2525,0.253,0.2519,0.2524,1227834.0
1780326000000,0.2524,0.2603,0.2487,0.2539,3827511.0
1780329600000,0.2539,0.2546,0.2462,0.2476,5023362.0
1780333200000,0.2476,0.2476,0.2385,0.245,4288867.0
1780336800000,0.2449,0.2457,0.2432,0.2434,442003.0
1780340400000,0.2434,0.2473,0.2433,0.247,476459.0
1780344000000,0.2471,0.248,0.2452,0.2477,443143.0
1780347600000,0.2478,0.2539,0.2466,0.25,742420.0
1780351200000,0.25,0.2512,0.2487,0.2498,267845.0
1780354800000,0.2498,0.2538,0.2493,0.2515,2024978.0
1780358400000,0.2514,0.2518,0.25,0.2504,667543.0
1780362000000,0.2504,0.2505,0.2339,0.2369,4674553.0
1780365600000,0.2369,0.2409,0.2345,0.2384,733918.0
1780369200000,0.2384,0.2409,0.2298,0.2309,3446418.0
1780372800000,0.2309,0.237,0.2304,0.2369,929520.0
1780376400000,0.2369,0.2399,0.2358,0.2391,538326.0
1780380000000,0.239,0.2407,0.238,0.2387,688056.0
1780383600000,0.2387,0.2411,0.2365,0.2404,616274.0
1780387200000,0.2405,0.2411,0.2368,0.2409,614882.0
1780390800000,0.2409,0.241,0.2352,0.2375,751066.0
1780394400000,0.2374,0.2395,0.2374,0.239,206498.0
1780398000000,0.2389,0.2405,0.2389,0.2398,202682.0
1780401600000,0.2399,0.2399,0.2375,0.2397,384007.0
1780405200000,0.2395,0.243,0.2377,0.2387,1068769.0
1780408800000,0.2385,0.2409,0.2361,0.2408,728774.0
1780412400000,0.2408,0.2435,0.2402,0.2407,752999.0
1780416000000,0.2405,0.2411,0.2388,0.2394,505291.0
1780419600000,0.2395,0.2415,0.2392,0.2401,246427.0
1780423200000,0.2401,0.2401,0.2382,0.2383,158938.0
1780426800000,0.2383,0.2385,0.2359,0.2378,309397.0
1780430400000,0.2377,0.2383,0.236,0.2369,278426.0
1780434000000,0.237,0.2382,0.2361,0.2366,270082.0
1780437600000,0.2367,0.2367,0.231,0.2321,702132.0
1780441200000,0.2322,0.2324,0.23,0.2316,574642.0
1780444800000,0.2316,0.2334,0.2308,0.2326,341069.0
1780448400000,0.2326,0.2339,0.232,0.2329,249503.0
1780452000000,0.2328,0.2332,0.2306,0.2314,269888.0
1780455600000,0.2314,0.2321,0.226,0.2293,977952.0
1780459200000,0.2294,0.2316,0.2292,0.2301,458679.0
1780462800000,0.2302,0.232,0.2295,0.2305,490191.0
1780466400000,0.2306,0.2337,0.2292,0.2334,576519.0
1780470000000,0.2334,0.2335,0.2299,0.2316,633040.0
1780473600000,0.2316,0.2353,0.2299,0.2327,798504.0
1780477200000,0.2328,0.2328,0.23,0.2306,433112.0
1780480800000,0.2305,0.2318,0.2296,0.231,694283.0
1780484400000,0.2311,0.2339,0.2291,0.2311,1367690.0
1780488000000,0.2311,0.2327,0.2305,0.2318,613527.0
1780491600000,0.2317,0.2321,0.2305,0.2309,249072.0
1780495200000,0.2308,0.2316,0.2307,0.2313,281720.0
1780498800000,0.2312,0.2321,0.2295,0.2302,423124.0
1780502400000,0.2302,0.2306,0.2243,0.227,1437455.0
1780506000000,0.227,0.2299,0.2253,0.227,955550.0
1780509600000,0.227,0.2278,0.2257,0.227,173940.0
1780513200000,0.2271,0.2276,0.226,0.2263,224043.0
1780516800000,0.2261,0.2262,0.2224,0.223,568445.0
1780520400000,0.223,0.2258,0.2222,0.2255,432519.0
1780524000000,0.2255,0.2281,0.2244,0.2247,335794.0
1780527600000,0.2246,0.2248,0.223,0.2234,399209.0
1780531200000,0.2233,0.2241,0.2187,0.2207,914064.0
1780534800000,0.2207,0.2223,0.2187,0.22,1042047.0
1780538400000,0.22,0.2246,0.2167,0.2221,2017971.0
1780542000000,0.2222,0.2232,0.2201,0.2214,535073.0
1780545600000,0.2214,0.2223,0.2194,0.221,1188203.0
1780549200000,0.2211,0.2223,0.2194,0.2223,1037080.0
1780552800000,0.2223,0.2256,0.2215,0.2251,607170.0
1780556400000,0.2252,0.2261,0.2208,0.2208,705169.0
1780560000000,0.2208,0.2224,0.2199,0.2221,320520.0
1780563600000,0.2219,0.2226,0.2205,0.2225,492342.0
1780567200000,0.2226,0.224,0.2208,0.2217,527426.0
1780570800000,0.2217,0.2248,0.2215,0.2246,291763.0
1780574400000,0.2246,0.232,0.2246,0.2299,995605.0
1780578000000,0.23,0.236,0.2297,0.2353,913474.0
1780581600000,0.2353,0.2502,0.2341,0.2496,3005532.0
1780585200000,0.2497,0.2629,0.2459,0.2605,4236443.0
1780588800000,0.2605,0.2786,0.2483,0.2589,10444092.0
1780592400000,0.2591,0.2593,0.245,0.2499,5010032.0
1780596000000,0.2498,0.2547,0.2491,0.2502,1369172.0
1780599600000,0.2502,0.2564,0.2488,0.2553,1061489.0
1780603200000,0.2554,0.2582,0.2492,0.2547,1546663.0
1780606800000,0.2548,0.269,0.2545,0.2546,3906629.0
1780610400000,0.2547,0.2595,0.2531,0.2578,1264437.0
1780614000000,0.2579,0.2579,0.2535,0.2547,718763.0
1780617600000,0.2547,0.257,0.2533,0.255,610011.0
1780621200000,0.2551,0.2553,0.2454,0.2505,2008307.0
1780624800000,0.2506,0.2513,0.2465,0.2474,522076.0
1780628400000,0.2474,0.2485,0.2434,0.2452,708263.0
1780632000000,0.2453,0.2538,0.245,0.2523,966832.0
1780635600000,0.2523,0.2535,0.2365,0.2388,3429277.0
1780639200000,0.2388,0.2392,0.2295,0.2355,1797237.0
1780642800000,0.2355,0.2368,0.2311,0.2352,796673.0
1780646400000,0.2352,0.2364,0.2308,0.2321,688179.0
1780650000000,0.2322,0.2366,0.2321,0.2355,506754.0
1780653600000,0.2355,0.2378,0.2332,0.2375,621502.0
1780657200000,0.2375,0.2384,0.2345,0.2345,457932.0
1780660800000,0.2345,0.2374,0.2345,0.2366,459023.0
1780664400000,0.2367,0.2394,0.2351,0.2357,704039.0
1780668000000,0.2358,0.2373,0.235,0.2362,528741.0
1780671600000,0.2363,0.238,0.2326,0.2353,681838.0
1780675200000,0.2353,0.2383,0.2336,0.2357,905296.0
1780678800000,0.2358,0.2358,0.2331,0.2333,367913.0
1780682400000,0.2334,0.2343,0.2225,0.2232,1347299.0
1780686000000,0.2232,0.2249,0.2185,0.2236,1280720.0
1780689600000,0.2236,0.225,0.2225,0.2234,772538.0
1780693200000,0.2232,0.2264,0.2232,0.2246,364126.0
1780696800000,0.2245,0.2255,0.223,0.2247,279603.0
1780700400000,0.2247,0.2253,0.2212,0.2222,362134.0
1780704000000,0.2222,0.2248,0.2221,0.2237,449179.0
1780707600000,0.2237,0.227,0.2233,0.2235,543667.0
1780711200000,0.2236,0.2236,0.2201,0.2214,550389.0
1780714800000,0.2214,0.2219,0.2192,0.2209,426926.0
1780718400000,0.2209,0.2212,0.2178,0.2203,1127720.0
1780722000000,0.2202,0.2225,0.2141,0.2224,1131086.0
1780725600000,0.2224,0.2228,0.2201,0.221,474362.0
1780729200000,0.221,0.2243,0.221,0.2227,362484.0
1780732800000,0.2226,0.229,0.2221,0.2283,766482.0
1780736400000,0.2283,0.233,0.2269,0.2286,649081.0
1780740000000,0.2286,0.2307,0.2272,0.2307,327974.0
1780743600000,0.2306,0.2352,0.2294,0.232,650123.0
1780747200000,0.232,0.232,0.2283,0.2305,318562.0
1780750800000,0.2305,0.2311,0.2281,0.2288,408741.0
1780754400000,0.2288,0.2299,0.2268,0.2297,387120.0
1780758000000,0.2297,0.2343,0.2287,0.23,965886.0
1780761600000,0.23,0.2342,0.2295,0.2325,575364.0
1780765200000,0.2325,0.2331,0.2304,0.2318,262316.0
1780768800000,0.2318,0.232,0.2307,0.2316,203476.0
1780772400000,0.2316,0.2354,0.2313,0.2352,371854.0
1780776000000,0.2352,0.2476,0.2344,0.2445,2693326.0
1780779600000,0.2446,0.25,0.242,0.2477,890592.0
1780783200000,0.2477,0.2511,0.2457,0.2481,561240.0
1780786800000,0.2481,0.2501,0.2469,0.2491,381605.0
1780790400000,0.2491,0.2493,0.2452,0.2465,459149.0
1780794000000,0.2466,0.2515,0.2465,0.2491,671158.0
1780797600000,0.2491,0.2503,0.2478,0.2481,458056.0
1780801200000,0.2481,0.2485,0.2453,0.2469,461667.0
1780804800000,0.2469,0.2531,0.2463,0.253,754846.0
1780808400000,0.253,0.26,0.2505,0.258,1274375.0
1780812000000,0.2582,0.2587,0.2552,0.2577,665105.0
1780815600000,0.2576,0.2669,0.255,0.2648,1815682.0
1780819200000,0.2645,0.2871,0.2642,0.2828,4672753.0
1780822800000,0.283,0.3,0.2814,0.2956,9116728.0
1780826400000,0.2954,0.2961,0.2757,0.286,5662632.0
1780830000000,0.286,0.292,0.2841,0.2887,1732114.0
1780833600000,0.289,0.2961,0.2814,0.2899,2796349.0
1780837200000,0.2897,0.2909,0.282,0.2861,1937445.0
1780840800000,0.2861,0.2872,0.2783,0.2799,2013282.0
1780844400000,0.2801,0.2896,0.2796,0.2824,1374538.0
1780848000000,0.2825,0.2902,0.2814,0.2868,1140067.0
1780851600000,0.2869,0.2947,0.2862,0.2871,1387654.0
1780855200000,0.2871,0.2953,0.2863,0.2937,1238022.0
1780858800000,0.2939,0.2951,0.2884,0.2949,1230929.0
1780862400000,0.2949,0.2952,0.2895,0.2918,1167732.0
1780866000000,0.2918,0.2931,0.2864,0.2873,778651.0
1780869600000,0.2872,0.2964,0.2864,0.2957,1122257.0
1780873200000,0.2956,0.2959,0.2907,0.2936,794728.0
1780876800000,0.2935,0.2959,0.2817,0.2836,1873413.0
1780880400000,0.2835,0.2856,0.276,0.283,2499598.0
1780884000000,0.2831,0.2838,0.2728,0.2802,1463032.0
1780887600000,0.2802,0.2819,0.2758,0.2782,676874.0
1780891200000,0.2782,0.2863,0.276,0.2846,1054915.0
1780894800000,0.2846,0.2869,0.2773,0.2788,836777.0
1780898400000,0.2789,0.2855,0.2777,0.2811,866988.0
1780902000000,0.2812,0.2877,0.2804,0.2822,892370.0
1780905600000,0.2822,0.2843,0.2775,0.2831,985001.0
1780909200000,0.283,0.2928,0.2825,0.2857,1153836.0
1780912800000,0.2857,0.2944,0.2844,0.2943,1019650.0
1780916400000,0.2944,0.2945,0.285,0.2906,1304261.0
1780920000000,0.2906,0.294,0.2871,0.2883,810714.0
1780923600000,0.2884,0.2887,0.2829,0.2837,840493.0
1780927200000,0.2837,0.29,0.2818,0.2877,945733.0
1780930800000,0.2877,0.2892,0.2838,0.2844,655336.0
1780934400000,0.2843,0.2891,0.284,0.2887,356897.0
1780938000000,0.2886,0.2926,0.2881,0.2913,465514.0
1780941600000,0.2912,0.3093,0.2898,0.3068,3120685.0
1780945200000,0.3068,0.3151,0.3055,0.3135,1861205.0
1780948800000,0.3136,0.3152,0.307,0.3122,1156466.0
1780952400000,0.312,0.3141,0.3075,0.3111,927610.0
1780956000000,0.3111,0.3111,0.3029,0.3055,588223.0
1780959600000,0.3055,0.3078,0.302,0.3027,508606.0
1780963200000,0.3029,0.3042,0.2939,0.297,1326032.0
1780966800000,0.297,0.2983,0.2839,0.2844,1285345.0
1780970400000,0.2844,0.2853,0.2604,0.2688,3205547.0
1780974000000,0.2689,0.2715,0.2623,0.2629,1002512.0
1780977600000,0.2628,0.2874,0.2622,0.2751,4824012.0
1780981200000,0.2751,0.2771,0.2731,0.2758,521102.0
1780984800000,0.2758,0.277,0.2727,0.2728,353793.0
1780988400000,0.2728,0.2755,0.2702,0.2747,799270.0
1780992000000,0.2746,0.2812,0.2742,0.2806,778295.0
1780995600000,0.2806,0.2853,0.2717,0.2761,1921389.0
1780999200000,0.276,0.2819,0.2747,0.2798,1292782.0
1781002800000,0.2799,0.2816,0.278,0.2792,351611.0
1781006400000,0.2792,0.2802,0.2762,0.2762,368229.0
1781010000000,0.2763,0.2763,0.272,0.2738,415543.0
1781013600000,0.2738,0.2755,0.2692,0.2704,705453.0
1781017200000,0.2705,0.2764,0.2684,0.2705,1161334.0
1781020800000,0.2706,0.2719,0.2644,0.2655,645738.0
1781024400000,0.2656,0.2682,0.265,0.2666,270074.0
1781028000000,0.2667,0.2687,0.2647,0.2676,540845.0
1781031600000,0.2677,0.269,0.2654,0.2657,313089.0
1781035200000,0.2657,0.2694,0.2657,0.2668,296752.0
1781038800000,0.2668,0.2674,0.2659,0.2664,136547.0
1781042400000,0.2664,0.2708,0.2662,0.2685,258995.0
1781046000000,0.2685,0.2708,0.2676,0.268,182188.0
1781049600000,0.2681,0.2689,0.266,0.2672,221192.0
1781053200000,0.2671,0.2684,0.2653,0.2659,225762.0
1781056800000,0.2658,0.2667,0.2543,0.2572,1313780.0
1781060400000,0.2572,0.261,0.2569,0.2604,299472.0
1781064000000,0.2605,0.2611,0.2554,0.2559,429926.0
1781067600000,0.2559,0.2568,0.255,0.2557,217906.0
1781071200000,0.2557,0.2566,0.215,0.222,21143088.0
1781074800000,0.222,0.2393,0.2144,0.2211,26119690.0
1781078400000,0.2211,0.2459,0.2208,0.2412,6466853.0
1781082000000,0.2412,0.2415,0.2306,0.231,2112500.0
1781085600000,0.231,0.2373,0.2271,0.2335,1902438.0
1781089200000,0.2334,0.2334,0.2274,0.2284,1190900.0
1781092800000,0.2284,0.2301,0.2277,0.2295,820820.0
1781096400000,0.2296,0.2304,0.2255,0.2259,1007818.0
1781100000000,0.226,0.2272,0.2237,0.225,947002.0
1781103600000,0.225,0.2268,0.2242,0.2252,998518.0
1781107200000,0.2253,0.2269,0.2239,0.2267,740334.0
1781110800000,0.2265,0.2265,0.2232,0.2246,947468.0
1781114400000,0.2246,0.2258,0.2233,0.2255,584144.0
1781118000000,0.2255,0.2256,0.2239,0.2246,446294.0
1781121600000,0.2246,0.2288,0.2237,0.2264,1029512.0
1781125200000,0.2263,0.2264,0.222,0.2234,1091734.0
1781128800000,0.2234,0.2236,0.215,0.2168,1070641.0
1781132400000,0.2168,0.2201,0.2154,0.2197,833980.0
1781136000000,0.2197,0.2219,0.2193,0.2216,454976.0
1781139600000,0.2217,0.223,0.2186,0.22,610308.0
1781143200000,0.2201,0.2255,0.2191,0.225,605651.0
1781146800000,0.2249,0.2297,0.2246,0.2268,1057829.0
1781150400000,0.2268,0.2509,0.225,0.2476,11341252.0
1781154000000,0.2476,0.2519,0.2469,0.2505,3071571.0
1781157600000,0.2506,0.251,0.2453,0.2462,1584805.0
1781161200000,0.2462,0.2591,0.2331,0.2386,7802317.0
1781164800000,0.2386,0.2464,0.2372,0.2431,1731098.0
1781168400000,0.2431,0.2455,0.2413,0.2455,567580.0
1781172000000,0.2454,0.2455,0.2406,0.2423,557714.0
1781175600000,0.2422,0.2434,0.238,0.2397,713876.0
1781179200000,0.2397,0.2424,0.239,0.2397,718644.0
1781182800000,0.2397,0.2435,0.2389,0.2426,929048.0
1781186400000,0.2425,0.2429,0.2382,0.2392,542475.0
1781190000000,0.2391,0.2398,0.2357,0.2379,334777.0
1781193600000,0.2378,0.2395,0.237,0.2374,415613.0
1781197200000,0.2374,0.2399,0.2365,0.2384,638192.0
1781200800000,0.2385,0.2394,0.2351,0.2371,574354.0
1781204400000,0.2372,0.2378,0.2361,0.2372,299314.0
1781208000000,0.2373,0.2384,0.2363,0.2365,300362.0
1781211600000,0.2366,0.2394,0.2362,0.2377,418354.0
1781215200000,0.2377,0.2392,0.2359,0.2372,506981.0
1781218800000,0.2372,0.2385,0.2367,0.238,240802.0
1781222400000,0.2381,0.243,0.2378,0.2427,653430.0
1781226000000,0.2426,0.2454,0.2372,0.2383,924463.0
1781229600000,0.2383,0.2464,0.2351,0.2374,678432.0
1781233200000,0.2375,0.2401,0.2369,0.2383,522352.0
1781236800000,0.2382,0.2408,0.2372,0.2391,383283.0
1781240400000,0.239,0.2404,0.2382,0.2387,318251.0
1781244000000,0.2387,0.2418,0.2383,0.2404,1105321.0
1781247600000,0.2403,0.2421,0.2379,0.2386,514552.0
1781251200000,0.2386,0.2387,0.2357,0.2369,570508.0
1781254800000,0.2368,0.2421,0.2368,0.2383,590911.0
1781258400000,0.2383,0.239,0.2204,0.2327,1754914.0
1781262000000,0.2327,0.2362,0.2324,0.2348,388974.0
1781265600000,0.2349,0.2361,0.2342,0.2352,290503.0
1781269200000,0.2352,0.2367,0.2347,0.2356,417185.0
1781272800000,0.2356,0.2365,0.234,0.2355,497050.0
1781276400000,0.2355,0.24,0.2355,0.2397,759037.0
1781280000000,0.2398,0.2457,0.2388,0.2442,860346.0
1781283600000,0.2442,0.2444,0.2368,0.2386,531155.0
1781287200000,0.2387,0.239,0.2369,0.2374,290591.0
1781290800000,0.2374,0.2384,0.2369,0.2372,158694.0
1781294400000,0.2371,0.2389,0.237,0.2376,175781.0
1781298000000,0.2376,0.2387,0.2371,0.2372,121484.0
1781301600000,0.2372,0.2381,0.2359,0.2363,161351.0
1781305200000,0.2364,0.2389,0.2358,0.2383,174984.0
1781308800000,0.2383,0.2425,0.2382,0.2419,337208.0
1781312400000,0.242,0.2425,0.2381,0.2386,474801.0
1781316000000,0.2386,0.2389,0.2366,0.2366,256343.0
1781319600000,0.2366,0.237,0.2352,0.2357,151611.0
1781323200000,0.2357,0.2361,0.2348,0.2354,165358.0
1781326800000,0.2354,0.2368,0.2325,0.2353,428499.0
1781330400000,0.2351,0.2355,0.2322,0.2336,300550.0
1781334000000,0.2336,0.2368,0.2331,0.2348,524835.0
1781337600000,0.2349,0.2361,0.2336,0.2356,436441.0
1781341200000,0.2356,0.2367,0.2305,0.2341,408295.0
1781344800000,0.2342,0.2419,0.2339,0.2345,364185.0
1781348400000,0.2345,0.2348,0.2326,0.2328,166955.0
1781352000000,0.2327,0.2336,0.2314,0.2333,331590.0
1781355600000,0.2333,0.2352,0.2331,0.2351,459383.0
1781359200000,0.235,0.2362,0.2321,0.2337,594229.0
1781362800000,0.2337,0.2337,0.2321,0.2329,138917.0
1781366400000,0.2328,0.2331,0.2319,0.2326,244605.0
1781370000000,0.2326,0.2333,0.204,0.2183,7207405.0
1781373600000,0.2183,0.222,0.2173,0.2211,881807.0
1781377200000,0.2212,0.2233,0.2209,0.2225,444597.0
1781380800000,0.2224,0.2236,0.2209,0.2222,382589.0
1781384400000,0.2221,0.2239,0.2216,0.2234,260737.0
1781388000000,0.2234,0.2238,0.2215,0.2218,200949.0
1781391600000,0.2218,0.2228,0.2213,0.222,145406.0
1781395200000,0.2221,0.223,0.2215,0.2227,161853.0
1781398800000,0.2227,0.2235,0.2223,0.2231,162940.0
1781402400000,0.2232,0.2235,0.2225,0.2229,79486.0
1781406000000,0.223,0.2254,0.2224,0.2241,314369.0
1781409600000,0.2241,0.2409,0.223,0.2386,7727973.0
1781413200000,0.2386,0.242,0.2359,0.2372,2619250.0
1781416800000,0.2372,0.2378,0.2333,0.2362,663504.0
1781420400000,0.2362,0.2378,0.2351,0.2372,345566.0
1781424000000,0.2372,0.2385,0.236,0.2383,367011.0
1781427600000,0.2383,0.2388,0.237,0.2376,178986.0
1781431200000,0.2376,0.2383,0.2366,0.2369,233416.0
1781434800000,0.237,0.2374,0.2353,0.2356,175274.0
1781438400000,0.2356,0.2361,0.2331,0.2332,291625.0
1781442000000,0.2332,0.2398,0.2319,0.2385,950225.0
1781445600000,0.2386,0.2399,0.2346,0.2355,322876.0
1781449200000,0.2355,0.2356,0.234,0.2353,146043.0
1781452800000,0.2353,0.2366,0.2326,0.2365,594022.0
1781456400000,0.2364,0.2368,0.2341,0.2346,95068.0
1781460000000,0.2345,0.2345,0.2327,0.2339,143096.0
1781463600000,0.2339,0.2345,0.2334,0.2343,81250.0
1781467200000,0.2342,0.2357,0.234,0.2346,218144.0
1781470800000,0.2347,0.245,0.2346,0.2383,443131.0
1781474400000,0.2383,0.2386,0.2365,0.2371,166568.0
1781478000000,0.2371,0.2381,0.2363,0.2376,126299.0
1781481600000,0.2376,0.2377,0.2366,0.2369,116985.0
1781485200000,0.237,0.2392,0.237,0.2373,195653.0
1781488800000,0.2374,0.2378,0.2365,0.2375,170809.0
1781492400000,0.2376,0.2388,0.2354,0.2369,425160.0
1781496000000,0.237,0.2394,0.2352,0.2358,307418.0
1781499600000,0.2359,0.2375,0.2357,0.2365,134198.0
1781503200000,0.2366,0.2375,0.2365,0.2371,126740.0
1781506800000,0.237,0.2371,0.2346,0.2347,149933.0
1781510400000,0.2348,0.2356,0.2339,0.2353,226703.0
1781514000000,0.2353,0.2357,0.2343,0.2348,120336.0
1781517600000,0.2347,0.235,0.2333,0.2337,196049.0
1781521200000,0.2337,0.2362,0.2336,0.2354,239905.0
1781524800000,0.2355,0.2411,0.235,0.2374,670277.0
1781528400000,0.2374,0.2548,0.2369,0.2538,7230618.0
1781532000000,0.2537,0.254,0.2533,0.2539,1559095.0
1781535600000,0.2538,0.254,0.2531,0.254,1713778.0
1781539200000,0.254,0.254,0.2532,0.2539,992027.0
1781542800000,0.2538,0.254,0.2535,0.2539,607304.0
1781546400000,0.2539,0.254,0.2536,0.2539,496682.0
1781550000000,0.2538,0.254,0.2512,0.2519,634451.0
1781553600000,0.2519,0.2528,0.251,0.252,249544.0
1781557200000,0.2522,0.2525,0.2517,0.2525,77557.0
1781560800000,0.2525,0.2538,0.2514,0.2528,355684.0
1781564400000,0.2527,0.2538,0.2519,0.252,193525.0
1781568000000,0.252,0.2527,0.2505,0.2508,220877.0
1781571600000,0.2508,0.251,0.2489,0.2492,344684.0
1781575200000,0.2492,0.2509,0.2473,0.2502,1333953.0
1781578800000,0.2503,0.2773,0.2501,0.2739,5833868.0
1781582400000,0.2736,0.28,0.2718,0.2787,3981638.0
1781586000000,0.2786,0.2801,0.2637,0.2674,5325528.0
1781589600000,0.2672,0.2674,0.2386,0.2423,7449656.0
1781593200000,0.2424,0.245,0.2417,0.243,1225409.0
1781596800000,0.2429,0.2459,0.2349,0.2443,1791172.0
1781600400000,0.2442,0.2458,0.2432,0.244,392630.0
1781604000000,0.244,0.2449,0.2424,0.2435,364068.0
1781607600000,0.2435,0.2438,0.2389,0.2415,608845.0
1781611200000,0.2416,0.2424,0.2405,0.2412,351622.0
1781614800000,0.2413,0.2415,0.2393,0.2395,287807.0
1781618400000,0.2395,0.242,0.2383,0.2397,2267816.0
1781622000000,0.2397,0.2403,0.2384,0.2403,354119.0
1781625600000,0.2402,0.2413,0.2387,0.2399,232936.0
1781629200000,0.24,0.2401,0.2386,0.2394,126029.0
1781632800000,0.2394,0.2452,0.2392,0.2431,790044.0
1781636400000,0.243,0.2432,0.2406,0.2406,166159.0
1781640000000,0.2407,0.242,0.2406,0.2417,107117.0
1781643600000,0.2416,0.2424,0.2404,0.2404,128764.0
1781647200000,0.2403,0.2415,0.2402,0.2408,149558.0
1781650800000,0.2407,0.2408,0.2377,0.2382,240197.0
1781654400000,0.2383,0.2455,0.2379,0.2437,679085.0
1781658000000,0.2437,0.2438,0.2401,0.2422,518966.0
1781661600000,0.2421,0.2426,0.24,0.2409,140931.0
1781665200000,0.2409,0.2413,0.2388,0.2412,266016.0
1781668800000,0.2413,0.247,0.2405,0.2431,1964695.0
1781672400000,0.2431,0.2435,0.2402,0.2405,379023.0
1781676000000,0.2406,0.2461,0.2394,0.2427,1059874.0
1781679600000,0.2427,0.2454,0.2423,0.2444,628210.0
1781683200000,0.2443,0.2483,0.243,0.2473,561364.0
1781686800000,0.2473,0.2495,0.2456,0.2488,795213.0
1781690400000,0.2488,0.2513,0.218,0.223,6450972.0
1781694000000,0.2229,0.2296,0.2225,0.2292,1325368.0
1781697600000,0.2293,0.2305,0.2256,0.2269,960681.0
1781701200000,0.2268,0.2281,0.2248,0.2258,592582.0
1781704800000,0.2257,0.2292,0.2257,0.228,428627.0
1781708400000,0.228,0.244,0.2277,0.2319,912341.0
1781712000000,0.232,0.2326,0.2274,0.2299,662557.0
1781715600000,0.2299,0.2302,0.2284,0.2296,241447.0
1781719200000,0.2295,0.2302,0.2281,0.2288,361226.0
1781722800000,0.2289,0.2299,0.2274,0.2289,511246.0
1781726400000,0.229,0.23,0.2282,0.2297,213766.0
1781730000000,0.2297,0.2313,0.2297,0.2305,231530.0
1781733600000,0.2305,0.2305,0.2274,0.2288,271776.0
1781737200000,0.2287,0.2297,0.2278,0.2286,184426.0
1781740800000,0.2287,0.2302,0.2286,0.2295,221030.0
1781744400000,0.2295,0.2301,0.2284,0.2292,210904.0
1781748000000,0.2292,0.2307,0.2286,0.2288,146519.0
1781751600000,0.2288,0.2295,0.2278,0.2286,209417.0
1781755200000,0.2286,0.2289,0.2244,0.2246,355349.0
1781758800000,0.2245,0.2247,0.2234,0.2245,137013.0
1781762400000,0.2245,0.2259,0.2242,0.2254,185936.0
1781766000000,0.2254,0.2261,0.2247,0.2255,203858.0
1781769600000,0.2255,0.2256,0.2238,0.2241,181156.0
1781773200000,0.2242,0.2245,0.223,0.2236,328420.0
1781776800000,0.2234,0.2251,0.223,0.2246,182409.0
1781780400000,0.2245,0.2259,0.2244,0.2249,281253.0
1781784000000,0.2248,0.2261,0.2246,0.2255,157335.0
1781787600000,0.2256,0.2263,0.2242,0.2251,351552.0
1781791200000,0.2251,0.2282,0.2239,0.2241,531066.0
1781794800000,0.224,0.224,0.2185,0.2201,776642.0
1781798400000,0.2201,0.2222,0.2198,0.2215,426152.0
1781802000000,0.2216,0.2221,0.221,0.2214,162146.0
1781805600000,0.2215,0.2225,0.2213,0.2223,123278.0
1781809200000,0.2222,0.2224,0.2203,0.2216,300445.0
1781812800000,0.2215,0.2235,0.2214,0.2229,194182.0
1781816400000,0.2228,0.2233,0.2216,0.2218,98376.0
1781820000000,0.2218,0.2223,0.2206,0.2211,117435.0
1781823600000,0.2212,0.2212,0.2196,0.2209,149977.0
1781827200000,0.2208,0.2213,0.2201,0.2207,160093.0
1781830800000,0.2206,0.2242,0.2204,0.2238,294138.0
1781834400000,0.2238,0.224,0.2224,0.2232,233650.0
1781838000000,0.2231,0.2234,0.2204,0.221,229701.0
1781841600000,0.221,0.2215,0.2187,0.2193,214878.0
1781845200000,0.2194,0.2211,0.2194,0.2202,158770.0
1781848800000,0.2202,0.2213,0.2199,0.221,149567.0
1781852400000,0.221,0.2217,0.2202,0.221,101973.0
1781856000000,0.2211,0.2227,0.2207,0.2219,227095.0
1781859600000,0.2221,0.2229,0.2216,0.2224,161358.0
1781863200000,0.2224,0.2233,0.2221,0.223,165854.0
1781866800000,0.223,0.2233,0.2206,0.2211,211506.0
1781870400000,0.2209,0.2224,0.2206,0.2223,268630.0
1781874000000,0.2223,0.224,0.2222,0.2228,171030.0
1781877600000,0.2228,0.2229,0.2216,0.222,144109.0
1781881200000,0.2221,0.2227,0.2195,0.2205,339332.0
1781884800000,0.2205,0.2208,0.2182,0.2191,173383.0
1781888400000,0.2191,0.2206,0.2186,0.2204,171380.0
1781892000000,0.2203,0.2211,0.2201,0.2206,127056.0
1781895600000,0.2205,0.222,0.2201,0.2208,221338.0
1781899200000,0.2207,0.2214,0.2203,0.2205,195504.0
1781902800000,0.2206,0.2207,0.2195,0.2195,132271.0
1781906400000,0.2196,0.2217,0.2194,0.2207,204029.0
1781910000000,0.2207,0.2216,0.2197,0.2206,330936.0
1781913600000,0.2206,0.2208,0.2193,0.2193,110860.0
1781917200000,0.2194,0.2204,0.2191,0.2201,120939.0
1781920800000,0.22,0.2204,0.2187,0.219,150124.0
1781924400000,0.2189,0.2267,0.2185,0.2225,934917.0
1781928000000,0.2225,0.2239,0.2222,0.2231,252269.0
1781931600000,0.2232,0.2234,0.2212,0.2225,165727.0
1781935200000,0.2225,0.2238,0.2219,0.2235,142729.0
1781938800000,0.2235,0.2274,0.2229,0.2259,481173.0
1781942400000,0.2259,0.2284,0.2258,0.2275,307693.0
1781946000000,0.2274,0.2279,0.226,0.2272,161464.0
1781949600000,0.2275,0.2275,0.2256,0.2259,139973.0
1781953200000,0.2259,0.2263,0.2247,0.2251,112712.0
1781956800000,0.225,0.2275,0.2245,0.2267,225091.0
1781960400000,0.2268,0.2281,0.2252,0.2252,262428.0
1781964000000,0.2253,0.2298,0.2245,0.2291,476532.0
1781967600000,0.229,0.2318,0.229,0.2313,308023.0
1781971200000,0.2313,0.2317,0.2281,0.23,431085.0
1781974800000,0.23,0.2308,0.2283,0.2289,174982.0
1781978400000,0.2289,0.23,0.2285,0.2291,197532.0
1781982000000,0.229,0.2292,0.2282,0.2286,95127.0
1781985600000,0.2285,0.2291,0.2283,0.2285,76405.0
1781989200000,0.2284,0.2291,0.227,0.2272,213537.0
1781992800000,0.2273,0.2284,0.2269,0.2281,146830.0
1781996400000,0.2281,0.2285,0.2277,0.2278,85498.0
1782000000000,0.2277,0.2284,0.2274,0.2283,99108.0
1782003600000,0.2283,0.2286,0.2269,0.2271,184703.0
1782007200000,0.2272,0.2302,0.227,0.2292,369379.0
1782010800000,0.2292,0.2302,0.2282,0.2288,205315.0
1782014400000,0.2287,0.2289,0.2274,0.2282,189442.0
1782018000000,0.2282,0.2282,0.2267,0.2273,159533.0
1782021600000,0.2274,0.2279,0.227,0.2277,102561.0
1782025200000,0.2277,0.2278,0.2264,0.2269,132078.0
1782028800000,0.2269,0.2269,0.2254,0.226,182140.0
1782032400000,0.2259,0.2259,0.218,0.2211,1400942.0
1782036000000,0.2212,0.2219,0.2192,0.2196,469526.0
1782039600000,0.2196,0.2227,0.219,0.2205,611520.0
1782043200000,0.2207,0.2221,0.2205,0.221,176663.0
1782046800000,0.221,0.2221,0.2207,0.2208,96894.0
1782050400000,0.2208,0.2214,0.2201,0.221,81441.0
1782054000000,0.221,0.2235,0.2208,0.2212,220517.0
1782057600000,0.2213,0.2225,0.2207,0.2222,279633.0
1782061200000,0.222,0.2223,0.2205,0.2214,159390.0
1782064800000,0.2215,0.222,0.221,0.2218,117439.0
1782068400000,0.2219,0.222,0.221,0.2214,51436.0
1782072000000,0.2213,0.2216,0.2201,0.2215,231369.0
1782075600000,0.2215,0.2217,0.2186,0.221,393671.0
1782079200000,0.2208,0.2214,0.22,0.2204,165074.0
1782082800000,0.2203,0.2209,0.2193,0.2197,156909.0
1782086400000,0.2197,0.222,0.2192,0.2218,204667.0
1782090000000,0.2219,0.2234,0.2209,0.2223,250970.0
1782093600000,0.2223,0.2236,0.22,0.2202,455147.0
1782097200000,0.2202,0.2207,0.219,0.2197,330142.0
1782100800000,0.2198,0.2208,0.2197,0.2204,158569.0
1782104400000,0.2205,0.221,0.22,0.2201,82142.0
1782108000000,0.2201,0.2209,0.2196,0.22,208354.0
1782111600000,0.22,0.2212,0.2191,0.221,318062.0
1782115200000,0.221,0.2276,0.2202,0.2252,707591.0
1782118800000,0.2251,0.2343,0.2234,0.231,1021745.0
1782122400000,0.2311,0.241,0.2308,0.2399,2517704.0
1782126000000,0.2398,0.251,0.2379,0.2504,3181958.0
1782129600000,0.2504,0.2544,0.2351,0.2398,5640370.0
1782133200000,0.2397,0.2429,0.2359,0.2391,892091.0
1782136800000,0.2391,0.24,0.2365,0.24,691480.0
1782140400000,0.2399,0.2426,0.2378,0.2383,549949.0
1782144000000,0.2382,0.2403,0.2375,0.2381,408067.0
1782147600000,0.2381,0.2404,0.2373,0.24,382913.0
1782151200000,0.2399,0.2404,0.2372,0.2378,232614.0
1782154800000,0.2379,0.2383,0.2368,0.2381,122021.0
1782158400000,0.2382,0.2385,0.2362,0.2365,161143.0
1782162000000,0.2365,0.2384,0.2362,0.2377,340541.0
1782165600000,0.2377,0.241,0.2364,0.2409,300999.0
1782169200000,0.2409,0.2412,0.2371,0.2385,497568.0
1782172800000,0.2385,0.2387,0.2365,0.2384,241392.0
1782176400000,0.2384,0.2389,0.2353,0.2368,251001.0
1782180000000,0.2368,0.2388,0.236,0.2384,236302.0
1782183600000,0.2384,0.2466,0.2382,0.2434,1235994.0
1782187200000,0.2435,0.2453,0.2423,0.2434,476873.0
1782190800000,0.2434,0.2446,0.2394,0.2411,653622.0
1782194400000,0.241,0.2414,0.2367,0.2372,392388.0
1782198000000,0.2372,0.2401,0.237,0.2392,377608.0
1782201600000,0.2389,0.2398,0.2301,0.2323,1091838.0
1782205200000,0.2323,0.2329,0.2292,0.2303,418921.0
1782208800000,0.2304,0.2307,0.2264,0.2267,365893.0
1782212400000,0.2269,0.2305,0.2247,0.2301,454937.0
1782216000000,0.2302,0.2317,0.2208,0.2215,963074.0
1782219600000,0.2216,0.2249,0.2214,0.2243,381442.0
1782223200000,0.2243,0.2251,0.2225,0.2227,295118.0
1782226800000,0.2228,0.2238,0.2215,0.223,282365.0
1782230400000,0.223,0.2251,0.2229,0.2233,167931.0
1782234000000,0.2233,0.2241,0.2212,0.2213,191791.0
1782237600000,0.2213,0.2224,0.2206,0.222,219173.0
1782241200000,0.2221,0.223,0.2218,0.2226,71112.0
1782244800000,0.2226,0.2229,0.222,0.2224,53961.0
1782248400000,0.2225,0.2244,0.2216,0.2234,144425.0
1782252000000,0.2233,0.225,0.2228,0.2243,131144.0
1782255600000,0.2241,0.2243,0.2236,0.2241,62753.0
1782259200000,0.2239,0.2242,0.2226,0.2239,145160.0
1782262800000,0.2238,0.2359,0.2234,0.2236,784456.0
1782266400000,0.2235,0.2239,0.2218,0.222,126978.0
1782270000000,0.2218,0.2228,0.2206,0.2221,203528.0
1782273600000,0.2219,0.2221,0.2205,0.2221,145519.0
1782277200000,0.222,0.2226,0.2216,0.2225,105226.0
1782280800000,0.2223,0.2225,0.2201,0.2211,307315.0
1782284400000,0.2211,0.2256,0.2206,0.2207,438842.0
1782288000000,0.2209,0.2222,0.2171,0.2215,617230.0
1782291600000,0.2217,0.2217,0.2203,0.2204,78730.0
1782295200000,0.2203,0.2223,0.22,0.2204,199265.0
1782298800000,0.2203,0.2233,0.2192,0.2231,404355.0
1782302400000,0.2231,0.2231,0.2202,0.2203,195149.0
1782306000000,0.2203,0.2222,0.219,0.2192,684018.0
1782309600000,0.2194,0.2221,0.2186,0.2203,714778.0
1782313200000,0.2203,0.2212,0.2194,0.2208,290914.0
1782316800000,0.2208,0.2215,0.2194,0.2199,399989.0
1782320400000,0.2198,0.2274,0.2173,0.221,1775236.0
1782324000000,0.221,0.2231,0.2188,0.223,450005.0
1782327600000,0.223,0.2248,0.221,0.2219,457683.0
1782331200000,0.2219,0.2251,0.217,0.2237,1342561.0
1782334800000,0.2237,0.2244,0.2216,0.2235,571318.0
1782338400000,0.2235,0.2267,0.2233,0.2264,343603.0
1782342000000,0.2265,0.2284,0.2261,0.2267,313035.0
1782345600000,0.2266,0.2266,0.2214,0.2233,659213.0
1782349200000,0.2232,0.2246,0.2212,0.2226,598090.0
1782352800000,0.2225,0.2235,0.2212,0.2221,296681.0
1782356400000,0.2222,0.225,0.2214,0.2219,405148.0
1782360000000,0.2218,0.2227,0.2206,0.2221,225307.0
1782363600000,0.2221,0.2239,0.2221,0.2234,179371.0
1782367200000,0.2233,0.2243,0.2223,0.2235,181649.0
1782370800000,0.2236,0.2246,0.2041,0.2105,4516429.0
1782374400000,0.2105,0.2189,0.2078,0.2109,2225047.0
1782378000000,0.211,0.2128,0.2092,0.2123,792746.0
1782381600000,0.2123,0.2132,0.2104,0.2108,311964.0
1782385200000,0.2107,0.2115,0.2095,0.2102,252194.0
1782388800000,0.2102,0.2112,0.2098,0.2108,201947.0
1782392400000,0.2108,0.2111,0.2077,0.2107,1507725.0
1782396000000,0.2109,0.2141,0.2094,0.2122,965377.0
1782399600000,0.2122,0.2132,0.211,0.2126,245949.0
1782403200000,0.2126,0.2127,0.2078,0.2102,1242343.0
1782406800000,0.2103,0.2115,0.2102,0.2108,215618.0
1782410400000,0.2108,0.2119,0.2101,0.2108,169872.0
1782414000000,0.2107,0.2172,0.2094,0.2131,932403.0
1782417600000,0.213,0.2141,0.2121,0.213,269209.0
1782421200000,0.213,0.2144,0.2089,0.2126,800568.0
1782424800000,0.2126,0.2129,0.2106,0.2108,218371.0
1782428400000,0.2107,0.2119,0.2107,0.2111,167799.0
1782432000000,0.2111,0.2118,0.2104,0.2117,176147.0
1782435600000,0.2117,0.2118,0.2101,0.211,139575.0
1782439200000,0.211,0.2199,0.2091,0.2135,1607168.0
1782442800000,0.2134,0.2181,0.2122,0.2172,870746.0
1782446400000,0.2172,0.218,0.2088,0.2148,1323166.0
1782450000000,0.2148,0.2166,0.2146,0.2152,205813.0
1782453600000,0.2152,0.2166,0.2143,0.2163,245169.0
1782457200000,0.2163,0.2194,0.2159,0.2183,352365.0
1782460800000,0.2183,0.2185,0.2168,0.2173,186302.0
1782464400000,0.2173,0.224,0.217,0.2222,592135.0
1782468000000,0.2222,0.2328,0.2219,0.2304,1981292.0
1782471600000,0.2301,0.24,0.2251,0.2385,3244529.0
1782475200000,0.2386,0.2425,0.2358,0.2415,2355788.0
1782478800000,0.2415,0.2425,0.2347,0.2388,1252772.0
1782482400000,0.2389,0.2396,0.2332,0.2344,715290.0
1782486000000,0.2343,0.2363,0.2335,0.2355,391957.0
1782489600000,0.2355,0.2458,0.2353,0.2374,1194391.0
1782493200000,0.2373,0.2382,0.2362,0.2376,298827.0
1782496800000,0.2375,0.2436,0.2361,0.2423,778859.0
1782500400000,0.2424,0.2444,0.2355,0.2381,771685.0
1782504000000,0.2381,0.2417,0.2379,0.2407,182366.0
1782507600000,0.2408,0.2418,0.24,0.2411,143501.0
1782511200000,0.2409,0.241,0.238,0.2393,219572.0
1782514800000,0.2392,0.2396,0.2371,0.2393,265384.0
1782518400000,0.2394,0.2402,0.2376,0.2392,210091.0
1782522000000,0.2392,0.2395,0.2373,0.238,237682.0
1782525600000,0.238,0.2394,0.2379,0.2385,145012.0
1782529200000,0.2385,0.2387,0.2372,0.2376,141105.0
1782532800000,0.2376,0.2382,0.2365,0.2376,86952.0
1782536400000,0.2375,0.2376,0.2356,0.2367,157085.0
1782540000000,0.2367,0.237,0.2349,0.2363,284907.0
1782543600000,0.2363,0.2479,0.2363,0.2441,1729412.0
1782547200000,0.2441,0.2517,0.2417,0.244,1492968.0
1782550800000,0.2439,0.247,0.2402,0.2417,886119.0
1782554400000,0.2417,0.2417,0.2354,0.2371,837372.0
1782558000000,0.2371,0.2376,0.2338,0.2352,305699.0
1782561600000,0.2353,0.2363,0.2345,0.2353,213339.0
1782565200000,0.2353,0.2362,0.2334,0.2347,252156.0
1782568800000,0.2345,0.2355,0.2337,0.2344,145143.0
1782572400000,0.2342,0.2349,0.2336,0.2342,170360.0
1782576000000,0.234,0.2349,0.2328,0.2347,303925.0
1782579600000,0.2348,0.2355,0.234,0.2344,175134.0
1782583200000,0.2344,0.2345,0.2303,0.2313,400885.0
1782586800000,0.2314,0.2329,0.2312,0.2325,269841.0
1782590400000,0.2325,0.2345,0.2319,0.2322,264157.0
1782594000000,0.2322,0.2334,0.2312,0.232,74250.0
1782597600000,0.2319,0.2321,0.2305,0.2311,101466.0
1782601200000,0.2311,0.2317,0.2293,0.2298,224584.0
1782604800000,0.2297,0.2337,0.2292,0.232,326422.0
1782608400000,0.2321,0.2328,0.2296,0.2306,148323.0
1782612000000,0.2305,0.2305,0.2287,0.2299,248474.0
1782615600000,0.2299,0.2336,0.2298,0.2325,392745.0
1782619200000,0.2325,0.2326,0.2273,0.2283,528085.0
1782622800000,0.2283,0.2298,0.2279,0.2295,245862.0
1782626400000,0.2295,0.2296,0.2262,0.2276,224120.0
1782630000000,0.2277,0.2281,0.2265,0.2276,148584.0
1782633600000,0.2276,0.2282,0.2265,0.2277,378056.0
1782637200000,0.2276,0.2288,0.2268,0.2274,304780.0
1782640800000,0.2274,0.2286,0.2247,0.226,362133.0
1782644400000,0.2261,0.2262,0.2214,0.222,827019.0
1782648000000,0.2222,0.2237,0.2146,0.2178,1894835.0
1782651600000,0.2179,0.2225,0.2171,0.2211,680917.0
1782655200000,0.2213,0.2258,0.22,0.224,419315.0
1782658800000,0.2237,0.227,0.2198,0.2209,560748.0
1782662400000,0.221,0.2231,0.2203,0.2207,308683.0
1782666000000,0.2208,0.2222,0.2202,0.221,182782.0
1782669600000,0.2212,0.2212,0.2203,0.2208,98402.0
1782673200000,0.2208,0.2211,0.2178,0.2186,221364.0
1782676800000,0.2186,0.2282,0.2181,0.2209,841459.0
1782680400000,0.221,0.222,0.2205,0.2205,121484.0
1782684000000,0.2206,0.2223,0.2158,0.2164,355250.0
1782687600000,0.2164,0.2178,0.2128,0.217,658324.0
1782691200000,0.217,0.2191,0.2159,0.2181,404520.0
1782694800000,0.2181,0.2181,0.2165,0.2167,159926.0
1782698400000,0.2167,0.2174,0.215,0.217,161059.0
1782702000000,0.2169,0.2259,0.2169,0.2189,974778.0
1782705600000,0.2188,0.2216,0.2175,0.2185,354430.0
1782709200000,0.2186,0.2191,0.2176,0.2188,159302.0
1782712800000,0.2188,0.2202,0.2185,0.2192,158398.0
1782716400000,0.2192,0.2222,0.2189,0.222,214579.0
1782720000000,0.222,0.2221,0.2203,0.2203,188587.0
1782723600000,0.2203,0.2211,0.2192,0.2201,239832.0
1782727200000,0.2201,0.2205,0.2191,0.2195,103195.0
1782730800000,0.2195,0.2197,0.2164,0.2196,345629.0
1782734400000,0.2195,0.2204,0.2188,0.2189,185431.0
1782738000000,0.219,0.2197,0.2174,0.2175,118141.0
1782741600000,0.2176,0.2184,0.2162,0.2183,203338.0
1782745200000,0.2182,0.2182,0.2164,0.2177,117695.0
1782748800000,0.2177,0.2184,0.2166,0.2184,206254.0
1782752400000,0.2183,0.2216,0.2172,0.2208,380079.0
1782756000000,0.2207,0.2221,0.2197,0.2202,302310.0
1782759600000,0.2202,0.2203,0.2158,0.2183,292998.0
1782763200000,0.2185,0.2201,0.218,0.2192,175484.0
1782766800000,0.219,0.2192,0.2182,0.2188,69316.0
1782770400000,0.2189,0.2196,0.2177,0.2178,97939.0
1782774000000,0.2177,0.2185,0.2176,0.2182,113680.0
1782777600000,0.2181,0.2198,0.2164,0.2165,199040.0
1782781200000,0.2163,0.2169,0.2154,0.2164,197542.0
1782784800000,0.2163,0.2187,0.2161,0.2172,142275.0
1782788400000,0.2174,0.2185,0.2163,0.2169,249817.0
1782792000000,0.2169,0.2174,0.216,0.217,136685.0
1782795600000,0.2168,0.2176,0.2156,0.2173,557417.0
1782799200000,0.2173,0.2184,0.216,0.2164,975707.0
1782802800000,0.2166,0.2173,0.2159,0.2163,349916.0
1782806400000,0.2161,0.2166,0.215,0.2153,299609.0
1782810000000,0.2152,0.2169,0.2152,0.2162,346043.0
1782813600000,0.2162,0.2183,0.2162,0.218,245220.0
1782817200000,0.2179,0.2196,0.2164,0.2165,242155.0
1782820800000,0.2164,0.2164,0.2145,0.2159,288057.0
1782824400000,0.2159,0.2171,0.2155,0.217,171435.0
1782828000000,0.217,0.2182,0.2148,0.2158,210012.0
1782831600000,0.2157,0.2162,0.2147,0.2155,163690.0
1782835200000,0.2153,0.2157,0.2135,0.2141,215809.0
1782838800000,0.2141,0.2157,0.214,0.215,227569.0
1782842400000,0.215,0.215,0.2039,0.2116,1562468.0
1782846000000,0.2117,0.218,0.2116,0.2127,687093.0
1782849600000,0.2127,0.2144,0.2125,0.2126,160298.0
1782853200000,0.2127,0.2136,0.2106,0.2124,264412.0
1782856800000,0.2124,0.213,0.2113,0.2118,98240.0
1782860400000,0.2117,0.212,0.2106,0.2116,157465.0
1782864000000,0.2116,0.2117,0.2109,0.211,80679.0
1782867600000,0.211,0.2114,0.2089,0.2105,307540.0
1782871200000,0.2105,0.211,0.2099,0.2104,101397.0
1782874800000,0.2104,0.2112,0.2099,0.2111,119798.0
1782878400000,0.2111,0.2128,0.2103,0.2122,219021.0
1782882000000,0.2122,0.2123,0.2105,0.211,101414.0
1782885600000,0.211,0.2115,0.2096,0.2107,189963.0
1782889200000,0.2107,0.2125,0.2102,0.2124,135177.0
1782892800000,0.2123,0.2126,0.2114,0.212,76452.0
1782896400000,0.2121,0.2122,0.2098,0.2103,158420.0
1782900000000,0.2103,0.2108,0.209,0.2101,142447.0
1782903600000,0.2101,0.2117,0.2095,0.2114,175302.0
1782907200000,0.2114,0.2151,0.211,0.2121,372983.0
1782910800000,0.2121,0.2123,0.2099,0.212,280914.0
1782914400000,0.212,0.2156,0.2117,0.2139,410969.0
1782918000000,0.2139,0.2151,0.2127,0.2144,306536.0
1782921600000,0.2143,0.2205,0.2132,0.218,489017.0
1782925200000,0.2178,0.2328,0.2171,0.2264,2270965.0
1782928800000,0.2266,0.2421,0.2262,0.238,1859921.0
1782932400000,0.238,0.2428,0.232,0.2389,1350214.0
1782936000000,0.2389,0.2487,0.2352,0.2378,2076458.0
1782939600000,0.2378,0.2417,0.2371,0.2399,399210.0
1782943200000,0.2399,0.2431,0.2368,0.2389,567970.0
1782946800000,0.2388,0.2394,0.2364,0.2366,291446.0
1782950400000,0.2365,0.2488,0.2358,0.2387,1440273.0
1782954000000,0.2387,0.2413,0.2378,0.2383,406385.0
1782957600000,0.2383,0.24,0.2367,0.239,382186.0
1782961200000,0.239,0.24,0.2341,0.2382,674677.0
1782964800000,0.2384,0.2458,0.2383,0.2448,747910.0
1782968400000,0.2448,0.2461,0.2385,0.24,736403.0
1782972000000,0.24,0.2412,0.2363,0.2379,495139.0
1782975600000,0.238,0.2385,0.2339,0.2349,394489.0
1782979200000,0.235,0.2381,0.2346,0.235,481543.0
1782982800000,0.235,0.2498,0.2322,0.247,1789397.0
1782986400000,0.2472,0.2652,0.2414,0.2529,5482805.0
1782990000000,0.2529,0.2627,0.2511,0.2575,3176484.0
1782993600000,0.2574,0.2584,0.252,0.2542,1309346.0
1782997200000,0.2541,0.2573,0.2522,0.2566,885472.0
1783000800000,0.2566,0.2599,0.2537,0.2582,1478093.0
1783004400000,0.2583,0.2638,0.2553,0.2586,1883248.0
1783008000000,0.2584,0.2637,0.2577,0.2619,1208115.0
1783011600000,0.2617,0.2714,0.2575,0.2644,1526313.0
1783015200000,0.2641,0.2665,0.2574,0.2601,838375.0
1783018800000,0.2601,0.263,0.2555,0.2587,591797.0
1783022400000,0.2585,0.2605,0.2559,0.259,406089.0
1783026000000,0.2589,0.2594,0.2554,0.2568,288828.0
1783029600000,0.2566,0.2577,0.2555,0.2562,184266.0
1783033200000,0.2561,0.2572,0.2551,0.2564,266514.0
1783036800000,0.2564,0.2568,0.2495,0.2504,687347.0
1783040400000,0.2506,0.252,0.2487,0.2516,417944.0
1783044000000,0.2517,0.2543,0.2459,0.2463,512344.0
1783047600000,0.2463,0.248,0.2455,0.2469,314831.0
1783051200000,0.2467,0.2476,0.2452,0.2464,308124.0
1783054800000,0.2464,0.2475,0.2444,0.246,209870.0
1783058400000,0.2459,0.2489,0.2458,0.2475,230461.0
1783062000000,0.2475,0.2496,0.247,0.2482,244995.0
1783065600000,0.2481,0.2508,0.2447,0.2499,398282.0
1783069200000,0.2498,0.2526,0.2486,0.2498,347449.0
1783072800000,0.2499,0.2501,0.2458,0.2459,225074.0
1783076400000,0.2459,0.248,0.245,0.2464,222608.0
1783080000000,0.2464,0.2476,0.246,0.2468,125790.0
1783083600000,0.2467,0.2467,0.2452,0.2462,207636.0
1783087200000,0.2462,0.2463,0.2418,0.2427,324225.0
1783090800000,0.2428,0.2443,0.2427,0.2437,160572.0
1783094400000,0.2436,0.2443,0.2383,0.2404,428259.0
1783098000000,0.2404,0.2423,0.239,0.2405,261481.0
1783101600000,0.2405,0.2408,0.2395,0.2397,128580.0
1783105200000,0.2396,0.2418,0.2396,0.2415,106115.0
1783108800000,0.2414,0.2417,0.2404,0.2404,111972.0
1783112400000,0.2405,0.2411,0.2392,0.2401,135147.0
1783116000000,0.24,0.2404,0.2388,0.2404,79838.0
1783119600000,0.2405,0.2415,0.2395,0.2398,88895.0
1783123200000,0.2396,0.242,0.2395,0.2414,156342.0
1783126800000,0.2414,0.2471,0.2369,0.2384,517675.0
1783130400000,0.2383,0.2383,0.2278,0.2354,806392.0
1783134000000,0.2353,0.2377,0.2353,0.2365,195264.0
1783137600000,0.2364,0.2372,0.2334,0.2367,393077.0
1783141200000,0.2368,0.251,0.2251,0.2306,13400399.0
1783144800000,0.2308,0.2313,0.2192,0.2197,2650618.0
1783148400000,0.2199,0.2208,0.2094,0.2114,2836926.0
1783152000000,0.2116,0.2192,0.2101,0.216,1931631.0
1783155600000,0.216,0.2181,0.2125,0.2134,854124.0
1783159200000,0.2134,0.2168,0.2124,0.2137,648127.0
1783162800000,0.2137,0.2143,0.2115,0.2129,588784.0
1783166400000,0.2129,0.213,0.2103,0.2117,650692.0
1783170000000,0.2117,0.2122,0.2101,0.2112,435058.0
1783173600000,0.2113,0.2136,0.2085,0.2101,784033.0
1783177200000,0.2101,0.2118,0.2094,0.2105,562045.0
1783180800000,0.2105,0.2124,0.2095,0.2118,500236.0
1783184400000,0.2118,0.2145,0.2113,0.2142,530345.0
1783188000000,0.2142,0.2146,0.212,0.2126,326092.0
1783191600000,0.2124,0.2132,0.2113,0.2118,405675.0
1783195200000,0.2119,0.2133,0.2115,0.212,239830.0
1783198800000,0.212,0.2151,0.2118,0.2138,258607.0
1783202400000,0.2139,0.2139,0.2117,0.2125,208448.0
1783206000000,0.2126,0.2133,0.2113,0.2121,203565.0
1783209600000,0.2123,0.2133,0.2115,0.2126,225908.0
1783213200000,0.2126,0.2132,0.2115,0.2126,283326.0
1783216800000,0.2126,0.2142,0.2115,0.2121,487339.0
1783220400000,0.2121,0.2143,0.2114,0.2129,255961.0
1783224000000,0.2128,0.2129,0.2106,0.2115,224210.0
1783227600000,0.2116,0.213,0.2113,0.2127,331176.0
1783231200000,0.2126,0.213,0.2115,0.2122,182531.0
1783234800000,0.2122,0.2127,0.2106,0.2115,236963.0
1783238400000,0.2115,0.212,0.209,0.2098,754167.0
1783242000000,0.2099,0.2145,0.2099,0.212,473289.0
1783245600000,0.2119,0.2126,0.2113,0.2114,239343.0
1783249200000,0.2116,0.2127,0.2109,0.2109,264706.0
1783252800000,0.2109,0.2138,0.2103,0.2132,289567.0
1783256400000,0.213,0.2132,0.2114,0.2122,95260.0
1783260000000,0.212,0.2141,0.212,0.213,174927.0
1783263600000,0.213,0.2134,0.2114,0.2116,157404.0
1783267200000,0.2117,0.2135,0.2108,0.212,238332.0
1783270800000,0.212,0.2125,0.2113,0.2118,135147.0
1783274400000,0.2118,0.2127,0.2116,0.2119,82085.0
1783278000000,0.2118,0.213,0.2116,0.2123,111468.0
1783281600000,0.2122,0.2129,0.2119,0.2123,69688.0
1783285200000,0.2123,0.2147,0.2114,0.2114,268566.0
1783288800000,0.2114,0.2127,0.2112,0.2119,153885.0
1783292400000,0.2119,0.2125,0.2112,0.2116,95154.0
1783296000000,0.2115,0.2125,0.2103,0.2106,226898.0
1783299600000,0.2106,0.2114,0.2105,0.2106,136885.0
1783303200000,0.2107,0.2197,0.2107,0.2182,1351336.0
1783306800000,0.2182,0.238,0.2178,0.2271,7518876.0
1783310400000,0.2273,0.2393,0.2271,0.2358,4196605.0
1783314000000,0.236,0.24,0.2272,0.2283,6643440.0
1783317600000,0.2282,0.2304,0.2254,0.2295,1279975.0
1783321200000,0.2296,0.2305,0.2264,0.2282,996829.0
1783324800000,0.2282,0.2295,0.2177,0.222,2052996.0
1783328400000,0.222,0.2228,0.2207,0.2213,466935.0
1783332000000,0.221,0.223,0.221,0.221,233194.0
1783335600000,0.2211,0.2211,0.218,0.2182,371214.0
1783339200000,0.2181,0.2186,0.2062,0.2068,3647635.0
1783342800000,0.207,0.2117,0.1883,0.1907,10589699.0
1783346400000,0.1909,0.1963,0.1613,0.1679,18708967.0
1783350000000,0.1679,0.1698,0.157,0.1625,19760539.0
1783353600000,0.1626,0.1669,0.1588,0.1664,7813869.0
1783357200000,0.1664,0.1747,0.1654,0.1677,8552265.0
1783360800000,0.1677,0.1704,0.1648,0.167,2895375.0
1783364400000,0.1669,0.1692,0.166,0.1687,1672525.0
1783368000000,0.1686,0.1731,0.1632,0.1691,3819165.0
1783371600000,0.1691,0.1712,0.1661,0.1679,2029221.0
1783375200000,0.1679,0.1699,0.1667,0.1685,840839.0
1783378800000,0.1685,0.1721,0.1674,0.1683,1178841.0
1783382400000,0.1683,0.1767,0.1678,0.176,2380690.0
1783386000000,0.1759,0.1764,0.1688,0.1694,2093751.0
1783389600000,0.1694,0.1705,0.1656,0.1677,2162139.0
1783393200000,0.1678,0.1756,0.1661,0.1709,5597214.0
1783396800000,0.1709,0.1724,0.1686,0.1723,1696746.0
1783400400000,0.1722,0.1739,0.171,0.1735,1567774.0
1783404000000,0.1735,0.1741,0.1712,0.1717,1041397.0
1783407600000,0.1717,0.1735,0.1695,0.1704,1632172.0
1783411200000,0.1704,0.1705,0.166,0.167,3285724.0
1783414800000,0.1669,0.1672,0.1621,0.1631,2693009.0
1783418400000,0.1631,0.1644,0.1608,0.1624,1891647.0
1783422000000,0.1624,0.1628,0.1608,0.1618,1290027.0
1783425600000,0.1619,0.1653,0.1612,0.1637,1617008.0
1783429200000,0.1638,0.1651,0.1635,0.1644,766532.0
1783432800000,0.1644,0.1654,0.1629,0.1638,770229.0
1783436400000,0.1638,0.1647,0.1611,0.1617,1220671.0
1783440000000,0.1617,0.162,0.1554,0.1608,4141171.0
1783443600000,0.1609,0.1615,0.1555,0.1578,1765633.0
1783447200000,0.1578,0.1583,0.1567,0.1579,923897.0
1783450800000,0.1579,0.1585,0.1557,0.1568,864933.0
1783454400000,0.1569,0.1583,0.1565,0.1571,355346.0
1783458000000,0.1571,0.1578,0.1545,0.1553,496106.0
1783461600000,0.1553,0.1555,0.1531,0.1534,890441.0
1783465200000,0.1535,0.1553,0.1534,0.154,551845.0
1783468800000,0.1541,0.1566,0.154,0.1546,758808.0
1783472400000,0.1546,0.1574,0.1538,0.1545,876087.0
1783476000000,0.1544,0.1565,0.1538,0.1549,499687.0
1783479600000,0.1548,0.1554,0.1528,0.1531,653994.0
1783483200000,0.1532,0.1539,0.1461,0.1508,3342964.0
1783486800000,0.1508,0.1562,0.1507,0.1547,1003786.0
1783490400000,0.1548,0.1574,0.15,0.1511,1287601.0
1783494000000,0.1511,0.1584,0.1505,0.1544,2336946.0
1783497600000,0.1544,0.1561,0.1539,0.1544,617864.0
1783501200000,0.1544,0.1551,0.1524,0.1536,826695.0
1783504800000,0.1537,0.1594,0.1529,0.1554,1409693.0
1783508400000,0.1553,0.1582,0.1549,0.1577,484397.0
1783512000000,0.1579,0.1626,0.1567,0.1613,1789503.0
1783515600000,0.1614,0.1618,0.159,0.1596,521662.0
1783519200000,0.1597,0.1612,0.1573,0.1587,691759.0
1783522800000,0.1587,0.1596,0.1548,0.1548,1193277.0
1783526400000,0.1549,0.1558,0.1532,0.1538,527980.0
1783530000000,0.1538,0.1555,0.1521,0.1528,634701.0
1783533600000,0.1528,0.1539,0.1517,0.1524,377785.0
1783537200000,0.1525,0.1533,0.1508,0.1516,400939.0
1783540800000,0.1515,0.1536,0.1513,0.1528,333026.0
1783544400000,0.1527,0.1539,0.152,0.1534,440591.0
1783548000000,0.1534,0.1537,0.1513,0.1514,400796.0
1783551600000,0.1514,0.1524,0.1509,0.152,254491.0
1783555200000,0.152,0.1531,0.1514,0.1515,446390.0
1783558800000,0.1515,0.1522,0.1501,0.1503,349401.0
1783562400000,0.1502,0.1524,0.1489,0.1508,420405.0
1783566000000,0.1508,0.1523,0.1505,0.1523,187906.0
1783569600000,0.1522,0.1528,0.1483,0.1497,1636845.0
1783573200000,0.1497,0.1514,0.1492,0.1511,462125.0
1783576800000,0.151,0.1512,0.1496,0.1504,256653.0
1783580400000,0.1504,0.1512,0.15,0.1503,301812.0
1783584000000,0.1505,0.1518,0.15,0.1512,334551.0
1783587600000,0.1512,0.1516,0.1506,0.1508,273320.0
1783591200000,0.1508,0.1517,0.1503,0.1508,262314.0
1783594800000,0.1508,0.1573,0.1502,0.1573,862898.0
1783598400000,0.1571,0.1684,0.154,0.167,3504744.0
1783602000000,0.1671,0.1671,0.162,0.1637,2294790.0
1783605600000,0.1636,0.1667,0.1631,0.1665,832633.0
1783609200000,0.1665,0.1668,0.1636,0.1642,494975.0
1783612800000,0.1642,0.1651,0.1629,0.1635,427809.0
1783616400000,0.1635,0.1651,0.1625,0.1626,455728.0
1783620000000,0.1627,0.1642,0.1606,0.1633,678687.0
1783623600000,0.1634,0.1644,0.1619,0.1624,355537.0
1783627200000,0.1624,0.1634,0.1616,0.1621,254007.0
1783630800000,0.1621,0.1634,0.1618,0.162,197129.0
1783634400000,0.162,0.1626,0.1596,0.1599,486181.0
1783638000000,0.16,0.1603,0.1593,0.1596,172612.0
1783641600000,0.1596,0.1598,0.1587,0.1594,167354.0
1783645200000,0.1594,0.1612,0.1593,0.1611,266787.0
1783648800000,0.1612,0.1644,0.1605,0.1607,940214.0
1783652400000,0.1608,0.1627,0.1606,0.1616,307456.0
1783656000000,0.1616,0.1644,0.1601,0.1637,475908.0
1783659600000,0.1635,0.1644,0.1618,0.1618,501000.0
1783663200000,0.1619,0.1636,0.1614,0.1624,342048.0
1783666800000,0.1624,0.1635,0.1613,0.1621,281272.0
1783670400000,0.1621,0.1625,0.1609,0.1621,267938.0
1783674000000,0.162,0.1622,0.1609,0.1612,214321.0
1783677600000,0.1612,0.1626,0.1612,0.1616,218213.0
1783681200000,0.1616,0.1635,0.1615,0.162,248233.0
1783684800000,0.162,0.1707,0.162,0.17,1860471.0
1783688400000,0.1699,0.179,0.169,0.1784,4724418.0
1783692000000,0.1785,0.2025,0.1776,0.1996,30957601.0
1783695600000,0.1996,0.2097,0.1958,0.2084,31623171.0
1783699200000,0.2086,0.236,0.2025,0.2032,95432885.0
1783702800000,0.2034,0.219,0.1963,0.2124,69789108.0
1783706400000,0.2125,0.2223,0.2107,0.219,25923886.0
1783710000000,0.219,0.2247,0.2164,0.221,20355892.0
1783713600000,0.221,0.2265,0.2154,0.2213,20779626.0
1783717200000,0.2213,0.2276,0.2156,0.2252,14168461.0
1783720800000,0.2252,0.2278,0.2195,0.2229,11357178.0
1783724400000,0.2229,0.2266,0.2206,0.2251,11776388.0
1783728000000,0.2253,0.2314,0.2226,0.2265,23314005.0
1783731600000,0.2263,0.2304,0.2183,0.2259,23537705.0
1783735200000,0.226,0.2423,0.224,0.2324,34770538.0
1783738800000,0.2322,0.2466,0.2314,0.2428,34727143.0
1783742400000,0.2428,0.2674,0.238,0.2596,66360068.0
1783746000000,0.2596,0.264,0.2443,0.2581,72910953.0
1783749600000,0.258,0.2597,0.1943,0.2033,107012374.0
1783753200000,0.2033,0.2033,0.1836,0.1857,85905353.0
1783756800000,0.1856,0.1904,0.1806,0.1818,37449808.0
1783760400000,0.1817,0.1841,0.1647,0.168,55145459.0
1783764000000,0.168,0.1681,0.1291,0.1307,94099260.0
1783767600000,0.1308,0.1421,0.1067,0.1077,196037783.0
1783771200000,0.1077,0.1317,0.1031,0.1242,213015147.0
1783774800000,0.1242,0.1529,0.124,0.1453,182687285.0
1783778400000,0.1453,0.1616,0.1184,0.1206,197506730.0
1783782000000,0.1206,0.1259,0.0992,0.113,243034944.0
1783785600000,0.1131,0.1385,0.1112,0.1354,214166536.0
1783789200000,0.1354,0.1437,0.1213,0.1304,142740096.0
1783792800000,0.1303,0.1327,0.1167,0.1275,94662799.0
1783796400000,0.1275,0.1302,0.1229,0.127,38933386.0
1783800000000,0.127,0.1282,0.1209,0.1211,29746644.0
1783803600000,0.1212,0.124,0.1162,0.1185,26846520.0
1783807200000,0.1187,0.1189,0.113,0.1143,22563351.0
1783810800000,0.1144,0.1247,0.1133,0.1173,43489184.0
1783814400000,0.1173,0.1222,0.1041,0.1069,48381553.0
1783818000000,0.1069,0.1131,0.1051,0.1126,29780708.0
1783821600000,0.1124,0.1137,0.109,0.11,19582878.0
1783825200000,0.11,0.1145,0.1084,0.1144,17415490.0
1783828800000,0.1144,0.1382,0.1138,0.1268,91444132.0
1783832400000,0.1268,0.14,0.1267,0.1301,52192425.0
1783836000000,0.1301,0.1382,0.1261,0.1336,50426910.0
1783839600000,0.1336,0.1391,0.1307,0.1316,23209343.0
1783843200000,0.1316,0.1363,0.1309,0.132,18961269.0
1783846800000,0.1322,0.1385,0.1313,0.1374,16342319.0
1783850400000,0.1375,0.139,0.1267,0.1295,27302155.0
1783854000000,0.1295,0.13,0.1184,0.1203,33565905.0
1783857600000,0.1202,0.1217,0.1134,0.1157,31792437.0
1783861200000,0.1157,0.1209,0.113,0.1147,32217833.0
1783864800000,0.1146,0.115,0.1112,0.1128,20279526.0
1783868400000,0.1129,0.1219,0.1123,0.1174,27032458.0
1783872000000,0.1173,0.1184,0.1127,0.1137,13319462.0
1783875600000,0.1137,0.116,0.1126,0.1131,8537289.0
1783879200000,0.1131,0.1137,0.1107,0.1132,7038120.0
1783882800000,0.1133,0.1141,0.1122,0.1126,3268730.0
1783886400000,0.1126,0.1132,0.1114,0.1127,3399316.0
1783890000000,0.1127,0.1128,0.1083,0.11,7267142.0
1783893600000,0.11,0.1109,0.1065,0.1076,5986863.0
1783897200000,0.1076,0.1098,0.1073,0.1085,4364070.0
1783900800000,0.1084,0.1127,0.1074,0.1116,9620356.0
1783904400000,0.1117,0.1123,0.1087,0.1088,6041039.0
1783908000000,0.1089,0.11,0.1078,0.1094,2919376.0
1783911600000,0.1095,0.1095,0.1067,0.107,4808276.0
1783915200000,0.107,0.1078,0.1043,0.105,8930075.0
1783918800000,0.105,0.1088,0.1042,0.1056,9739928.0
1783922400000,0.1055,0.1065,0.1031,0.1047,9470176.0
1783926000000,0.1047,0.1053,0.1021,0.103,9431872.0
1783929600000,0.103,0.1052,0.1022,0.1037,6762139.0
1783933200000,0.1038,0.105,0.1006,0.1016,8177890.0
1783936800000,0.1016,0.1273,0.0992,0.1222,73894373.0
1783940400000,0.1223,0.1263,0.1161,0.1206,32773708.0
1783944000000,0.1206,0.1299,0.1197,0.1282,26588272.0
1783947600000,0.1283,0.1315,0.1187,0.1196,32309794.0
1783951200000,0.1196,0.1197,0.1121,0.1179,26681534.0
1783954800000,0.1179,0.1188,0.1132,0.1145,8385030.0
1783958400000,0.1146,0.1155,0.1123,0.1137,5969836.0
1783962000000,0.1137,0.1147,0.1082,0.1085,6871217.0
1783965600000,0.1085,0.1093,0.1072,0.1085,4173372.0
1783969200000,0.1085,0.1088,0.1071,0.1077,3135341.0
1783972800000,0.1077,0.1117,0.1075,0.1105,3797078.0
1783976400000,0.1104,0.1105,0.1074,0.1089,2654454.0
1783980000000,0.1089,0.1099,0.108,0.1087,2015782.0
1783983600000,0.1086,0.1096,0.1072,0.1084,3757165.0
1783987200000,0.1082,0.1087,0.1046,0.1054,5174765.0
1783990800000,0.1053,0.1067,0.1047,0.1055,2517511.0
1783994400000,0.1055,0.1057,0.1032,0.1034,4536801.0
1783998000000,0.1034,0.1065,0.1029,0.1042,4654423.0
1784001600000,0.1042,0.1091,0.1038,0.1058,4851902.0
1784005200000,0.1058,0.1131,0.1056,0.1118,11781722.0
1784008800000,0.1118,0.1135,0.1104,0.1125,7949340.0
1784012400000,0.1125,0.114,0.1107,0.1121,5994931.0
1784016000000,0.1121,0.1171,0.1111,0.1164,6779380.0
1784019600000,0.1164,0.1168,0.1115,0.112,6996849.0
1784023200000,0.112,0.1147,0.1112,0.1135,4991800.0
1784026800000,0.1136,0.1137,0.1115,0.1119,3293601.0
1784030400000,0.112,0.1138,0.1113,0.1131,3589272.0
1784034000000,0.1132,0.1203,0.1129,0.1167,6664786.0
1784037600000,0.1166,0.1169,0.1124,0.1152,5498396.0
1784041200000,0.1152,0.1172,0.1142,0.1146,3192747.0
1784044800000,0.1147,0.1166,0.1144,0.1153,2244533.0
1784048400000,0.1153,0.1157,0.1131,0.1145,3083545.0
1784052000000,0.1145,0.1158,0.1112,0.1124,2978135.0
1784055600000,0.1125,0.1139,0.1123,0.1132,1179506.0
1784059200000,0.1133,0.114,0.1124,0.1133,1018623.0
1784062800000,0.1134,0.1135,0.112,0.1131,1077483.0
1784066400000,0.1131,0.1149,0.112,0.1142,1111206.0
1784070000000,0.1141,0.1154,0.1134,0.1143,1287838.0
1784073600000,0.1142,0.1168,0.1139,0.1147,2301457.0
1784077200000,0.1147,0.1156,0.1125,0.1129,1448289.0
1784080800000,0.113,0.115,0.1125,0.113,2367621.0
1784084400000,0.1131,0.1135,0.1113,0.1114,1692242.0
1784088000000,0.1115,0.1131,0.1112,0.1124,1237593.0
1784091600000,0.1124,0.1166,0.1116,0.1154,2651049.0
1784095200000,0.1154,0.1175,0.1135,0.1158,4466590.0
1784098800000,0.1158,0.1187,0.1134,0.1144,4822784.0
1784102400000,0.1145,0.1161,0.1135,0.1157,2277697.0
1784106000000,0.1157,0.1188,0.1147,0.1161,3273171.0
1784109600000,0.116,0.116,0.1136,0.1141,1494946.0
1784113200000,0.1141,0.1158,0.1124,0.1136,2954088.0
1784116800000,0.1137,0.1168,0.1128,0.1148,3054153.0
1784120400000,0.1147,0.1178,0.1138,0.1158,2119019.0
1784124000000,0.1159,0.1178,0.1146,0.116,2531862.0
1784127600000,0.1159,0.1171,0.1156,0.1161,1169235.0
1784131200000,0.116,0.1165,0.1131,0.1133,2637862.0
1784134800000,0.1133,0.1163,0.1132,0.1163,1558174.0
1784138400000,0.1163,0.117,0.1155,0.1163,1797247.0
1784142000000,0.1163,0.1165,0.1143,0.1145,997855.0
1784145600000,0.1145,0.1153,0.1138,0.1145,749080.0
1784149200000,0.1145,0.1147,0.1134,0.1137,605794.0
1784152800000,0.1137,0.1141,0.1129,0.1135,982529.0
1784156400000,0.1136,0.114,0.1131,0.1133,605691.0
1784160000000,0.1133,0.1136,0.1121,0.1129,1338944.0
1784163600000,0.1129,0.1136,0.1122,0.1136,928049.0
1784167200000,0.1136,0.1163,0.1128,0.1135,2102384.0
1784170800000,0.1135,0.1139,0.1128,0.1132,1159567.0
1784174400000,0.1131,0.1136,0.1124,0.1135,976897.0
1784178000000,0.1135,0.1141,0.1125,0.1127,958258.0
1784181600000,0.1127,0.1128,0.1112,0.1122,1172979.0
1784185200000,0.1121,0.1128,0.1068,0.1088,5414209.0
1784188800000,0.1088,0.1122,0.1086,0.1117,3326469.0
1784192400000,0.1117,0.1136,0.1112,0.1127,1557699.0
1784196000000,0.1128,0.1137,0.1113,0.1131,1591624.0
1784199600000,0.1131,0.1136,0.1104,0.1111,1758620.0
1784203200000,0.1111,0.1112,0.1098,0.1105,951162.0
1784206800000,0.1104,0.1113,0.11,0.111,927381.0
1784210400000,0.111,0.1117,0.1104,0.111,1038379.0
1784214000000,0.111,0.1135,0.1107,0.1114,2717729.0
1784217600000,0.1115,0.1139,0.1114,0.1117,2593751.0
1784221200000,0.1116,0.1127,0.1112,0.1124,553048.0
1784224800000,0.1123,0.1128,0.1113,0.1115,748893.0
1784228400000,0.1115,0.114,0.1115,0.1133,816808.0
1784232000000,0.1132,0.1146,0.1131,0.1138,873153.0
1784235600000,0.1138,0.1155,0.1134,0.1148,638790.0
1784239200000,0.1149,0.1154,0.1141,0.1142,605906.0
1784242800000,0.1141,0.115,0.1136,0.1146,1253678.0
1784246400000,0.1146,0.1168,0.1143,0.1164,1143956.0
1784250000000,0.1163,0.1169,0.1137,0.1139,990066.0
1784253600000,0.1139,0.1153,0.113,0.115,1363869.0
1784257200000,0.1149,0.1174,0.114,0.1143,2224615.0
1784260800000,0.1143,0.1149,0.1135,0.1144,752204.0
1784264400000,0.1145,0.115,0.1132,0.1134,964920.0
1784268000000,0.1135,0.1135,0.1116,0.1123,1455561.0
1784271600000,0.1124,0.1138,0.1122,0.1132,842392.0
1784275200000,0.1132,0.1155,0.1131,0.115,1486823.0
1784278800000,0.115,0.1156,0.1139,0.1146,1287619.0
1784282400000,0.1146,0.1154,0.1136,0.1143,1399399.0
1784286000000,0.1144,0.1145,0.1132,0.1136,535915.0
1784289600000,0.1136,0.1151,0.1134,0.115,755561.0
1784293200000,0.1151,0.1161,0.1136,0.1151,1841915.0
1784296800000,0.1151,0.1179,0.1148,0.1166,2270675.0
1784300400000,0.1166,0.1175,0.1155,0.1156,1755587.0
1784304000000,0.1156,0.1174,0.115,0.1166,1244549.0
1784307600000,0.1167,0.1168,0.1151,0.1157,1099482.0
1784311200000,0.1157,0.1159,0.1148,0.1155,691297.0
1784314800000,0.1154,0.1155,0.1126,0.1128,1371681.0
1784318400000,0.1128,0.1141,0.1111,0.1124,1775588.0
1784322000000,0.1124,0.1144,0.1122,0.1142,906718.0
1784325600000,0.1141,0.1146,0.1127,0.1138,660409.0
1784329200000,0.1139,0.1154,0.1137,0.1147,624514.0
1784332800000,0.1148,0.1159,0.1141,0.1142,1250360.0
1784336400000,0.1142,0.1152,0.1139,0.1147,452775.0
1784340000000,0.1147,0.1171,0.1145,0.1148,1215559.0
1784343600000,0.1148,0.1149,0.1135,0.1141,697190.0
1784347200000,0.114,0.1172,0.1132,0.1164,1485074.0
1784350800000,0.1164,0.1174,0.1142,0.1142,1472574.0
1784354400000,0.1143,0.1154,0.1137,0.1138,1134473.0
1784358000000,0.1138,0.1143,0.112,0.1136,1412827.0
1784361600000,0.1136,0.1171,0.1134,0.117,1799391.0
1784365200000,0.117,0.1398,0.1163,0.1379,35793247.0
1784368800000,0.1379,0.1661,0.1357,0.1653,117679096.0
1784372400000,0.1653,0.1818,0.1645,0.1798,141950881.0
1784376000000,0.1799,0.1875,0.1502,0.1527,202492152.0
1784379600000,0.1527,0.1598,0.1371,0.144,191592059.0
1784383200000,0.144,0.1488,0.1341,0.1412,95925704.0
1784386800000,0.1411,0.1433,0.1372,0.1417,36270945.0
1784390400000,0.1416,0.1547,0.1368,0.1504,50581266.0
1784394000000,0.1503,0.1573,0.1469,0.1566,36700460.0
1784397600000,0.1565,0.1656,0.1549,0.1633,40880449.0
1784401200000,0.1633,0.1655,0.1524,0.1622,50442724.0
1784404800000,0.1622,0.1689,0.1561,0.1631,29482436.0
1784408400000,0.1631,0.1645,0.156,0.1641,15425539.0
1784412000000,0.1641,0.167,0.1624,0.1661,9890327.0
1784415600000,0.1661,0.1696,0.1636,0.1669,11225667.0
1784419200000,0.167,0.1724,0.1652,0.1695,21605482.0
1784422800000,0.1695,0.1767,0.1631,0.175,25374763.0
1784426400000,0.1749,0.1814,0.1674,0.1721,38231436.0
1784430000000,0.1721,0.1742,0.1654,0.1735,29595205.0
1784433600000,0.1736,0.1843,0.1722,0.184,40614165.0
1784437200000,0.1841,0.1842,0.1774,0.182,28936057.0
1784440800000,0.182,0.1898,0.1783,0.1862,42054994.0
1784444400000,0.1863,0.1889,0.1807,0.1833,32528087.0
1784448000000,0.1833,0.1991,0.1822,0.1929,42405764.0
1784451600000,0.193,0.2049,0.1912,0.201,40439534.0
1784455200000,0.201,0.208,0.1967,0.2043,33001326.0
1784458800000,0.2042,0.2187,0.2042,0.2139,41962276.0
1784462400000,0.214,0.2264,0.2116,0.2225,36366522.0
1784466000000,0.2222,0.2222,0.1818,0.2042,103213018.0
1784469600000,0.2042,0.2297,0.1977,0.22,59284160.0
1784473200000,0.22,0.2266,0.2051,0.2159,55456019.0
1784476800000,0.2159,0.2248,0.2112,0.2186,31736445.0
1784480400000,0.2186,0.244,0.2181,0.2376,36432731.0
1784484000000,0.2377,0.2437,0.2347,0.2399,11657821.0
