ts,open,high,low,close,volume
1721415600000,388.6,399.63,388.49,399.2,27960.495
1721419200000,399.14,399.48,393.44,394.12,17808.893
1721422800000,394.04,396.25,392.9,393.1,6579.442
1721426400000,393.1,393.57,389.32,390.08,14601.262
1721430000000,389.97,391.58,389.34,391.22,6568.698
1721433600000,391.22,391.97,385.56,386.85,13331.942
1721437200000,386.84,388.32,385.14,386.45,7195.07
1721440800000,386.45,388.36,385.83,387.38,6026.53
1721444400000,387.38,390.6,387.23,389.33,7399.007
1721448000000,389.33,391.59,388.8,390.57,6115.915
1721451600000,390.57,391.3,388.95,391.15,5990.355
1721455200000,391.14,392.78,390.59,392.44,6126.672
1721458800000,392.4,393.25,391.68,391.86,4475.584
1721462400000,391.83,392.44,390.56,391.14,7146.389
1721466000000,391.14,393.08,389.69,391.35,6725.604
1721469600000,391.33,392.5,390.15,390.61,5031.985
1721473200000,390.62,390.79,387.04,387.4,9342.043
1721476800000,387.4,391.0,387.19,389.42,12509.172
1721480400000,389.41,390.87,386.75,390.8,11670.035
1721484000000,390.81,393.82,390.34,393.3,10018.463
1721487600000,393.29,397.75,393.29,395.99,14204.115
1721491200000,395.99,397.47,392.83,394.11,12790.023
1721494800000,394.12,398.65,393.64,396.55,18576.269
1721498400000,396.55,397.73,394.74,397.63,7626.448
1721502000000,397.6,398.45,394.81,395.46,7964.797
1721505600000,395.46,397.94,395.46,396.62,6099.583
1721509200000,396.64,396.75,393.53,395.12,9286.943
1721512800000,395.12,396.81,393.74,394.68,6822.297
1721516400000,394.67,395.46,393.86,395.1,3666.211
1721520000000,395.15,395.94,393.35,393.67,9510.525
1721523600000,393.66,396.6,392.46,395.39,7947.144
1721527200000,395.39,396.83,394.01,395.1,5995.5
1721530800000,395.1,396.55,394.64,395.87,4761.734
1721534400000,395.87,396.55,393.77,393.93,4930.222
1721538000000,393.94,394.46,391.99,394.0,7119.28
1721541600000,394.01,394.6,391.27,391.53,9074.531
1721545200000,391.53,392.7,389.26,391.42,10138.533
1721548800000,391.42,393.98,391.17,392.87,5110.367
1721552400000,392.88,395.95,392.68,395.68,5301.609
1721556000000,395.68,396.22,393.53,393.63,5108.033
1721559600000,393.65,394.37,392.1,392.1,4145.614
1721563200000,392.1,393.25,391.32,392.48,6068.79
1721566800000,392.47,392.7,387.32,388.72,16135.212
1721570400000,388.72,394.16,386.16,393.7,15121.699
1721574000000,393.71,395.87,391.81,392.98,10352.993
1721577600000,392.98,394.81,390.9,394.72,9200.446
1721581200000,394.73,395.6,385.1,387.44,17914.663
1721584800000,387.45,389.33,377.23,384.69,66155.834
1721588400000,384.75,389.69,382.91,389.47,16331.598
1721592000000,389.45,397.8,388.73,395.12,27490.833
1721595600000,395.13,398.88,393.75,398.47,13935.802
1721599200000,398.47,400.79,398.03,399.09,10969.716
1721602800000,399.09,401.3,398.73,400.98,8377.764
1721606400000,400.99,404.22,400.95,401.92,16194.37
1721610000000,401.97,402.26,398.51,398.57,11900.095
1721613600000,398.58,401.97,397.59,401.91,7844.428
1721617200000,401.92,402.74,399.64,400.0,6435.64
1721620800000,400.0,401.68,398.99,399.5,7325.761
1721624400000,399.49,399.58,392.64,393.6,15723.132
1721628000000,393.6,394.69,387.44,390.11,25199.069
1721631600000,390.11,390.44,386.7,388.21,16531.713
1721635200000,388.2,390.13,385.01,386.63,16747.412
1721638800000,386.64,388.71,385.29,388.48,11435.853
1721642400000,388.49,389.87,387.48,388.93,8085.477
1721646000000,388.93,390.71,388.66,390.29,6914.642
1721649600000,390.29,392.6,389.5,392.27,9291.767
1721653200000,392.27,393.36,385.92,386.6,22550.733
1721656800000,386.6,390.43,385.35,387.36,21631.988
1721660400000,387.32,391.18,386.34,389.27,8401.32
1721664000000,389.31,394.38,389.0,391.55,12413.064
1721667600000,391.53,396.98,390.65,395.16,10480.774
1721671200000,395.16,396.91,393.58,394.15,8257.668
1721674800000,394.16,396.37,393.32,395.94,7793.814
1721678400000,395.94,396.36,394.21,394.52,7736.428
1721682000000,394.53,394.61,389.76,391.64,8600.365
1721685600000,391.64,391.82,386.78,388.24,13452.017
1721689200000,388.25,388.25,382.45,385.48,16749.722
1721692800000,385.53,389.83,384.9,388.3,9876.837
1721696400000,388.35,392.57,387.26,390.31,12872.519
1721700000000,390.32,390.89,386.61,388.48,10020.911
1721703600000,388.47,389.15,379.7,381.12,26508.793
1721707200000,381.12,382.28,376.92,377.15,47796.708
1721710800000,377.14,377.82,371.11,374.1,36059.615
1721714400000,374.1,377.52,373.42,376.79,22899.71
1721718000000,376.78,377.23,374.04,375.99,13818.533
1721721600000,375.99,383.3,375.44,382.55,23281.894
1721725200000,382.55,385.04,381.0,383.85,14795.94
1721728800000,383.87,384.32,381.44,381.64,9229.814
1721732400000,381.63,382.52,378.72,381.3,10582.763
1721736000000,381.29,381.72,377.68,379.52,12176.058
1721739600000,379.52,381.7,375.27,376.67,23618.45
1721743200000,376.75,384.0,375.8,383.12,20882.303
1721746800000,383.09,383.3,376.5,377.86,19056.13
1721750400000,377.85,378.61,367.32,367.64,48010.829
1721754000000,367.66,368.6,360.22,364.06,74609.635
1721757600000,364.05,367.11,363.44,365.38,15692.183
1721761200000,365.37,367.59,364.77,366.49,12995.922
1721764800000,366.48,368.22,364.37,365.67,12130.003
1721768400000,365.67,367.44,364.31,364.36,10292.572
1721772000000,364.35,367.15,363.53,366.55,10352.847
1721775600000,366.56,367.84,364.83,366.11,9599.272
1721779200000,366.08,369.18,363.86,364.59,17656.887
1721782800000,364.62,368.04,364.08,365.21,13251.554
1721786400000,365.23,366.8,363.36,366.57,11022.426
1721790000000,366.56,369.19,365.17,368.96,9869.679
1721793600000,368.95,371.06,367.37,367.43,20940.732
1721797200000,367.44,367.87,364.71,367.68,9522.666
1721800800000,367.68,370.66,367.27,370.07,8763.196
1721804400000,370.07,370.91,369.39,370.42,9515.685
1721808000000,370.41,374.38,369.51,373.89,17614.874
1721811600000,373.9,374.35,372.8,372.9,5724.691
1721815200000,372.93,373.68,371.72,373.1,7413.115
1721818800000,373.1,373.28,370.73,370.94,4928.38
1721822400000,370.95,371.8,368.37,368.89,9164.309
1721826000000,368.95,373.69,368.77,370.86,11607.657
1721829600000,370.86,374.61,370.34,373.05,11803.262
1721833200000,373.05,373.84,365.0,365.82,27354.708
1721836800000,365.82,369.9,364.01,368.65,17159.088
1721840400000,368.66,369.69,367.82,368.13,7341.401
1721844000000,368.12,368.77,363.37,364.29,11560.012
1721847600000,364.28,366.34,363.12,364.49,13581.333
1721851200000,364.51,366.63,364.14,365.4,8757.832
1721854800000,365.41,365.69,358.0,363.4,25798.432
1721858400000,363.4,363.47,360.71,361.1,7863.565
1721862000000,361.11,362.47,359.22,362.11,7857.32
1721865600000,362.13,365.0,361.53,362.97,9913.248
1721869200000,362.95,363.18,348.86,356.64,65062.367
1721872800000,356.6,356.6,349.16,352.61,17736.323
1721876400000,352.61,352.69,349.9,350.93,12150.601
1721880000000,350.93,353.73,348.9,353.31,13260.062
1721883600000,353.3,354.38,351.52,351.87,9646.228
1721887200000,351.86,354.02,350.89,352.99,11944.523
1721890800000,352.99,353.78,351.71,351.79,7213.391
1721894400000,351.76,354.45,351.27,353.89,12268.567
1721898000000,353.93,354.44,352.08,352.8,11542.657
1721901600000,352.8,352.87,350.06,351.41,9988.037
1721905200000,351.46,353.16,351.01,352.0,7229.774
1721908800000,351.99,353.59,348.73,350.18,16817.403
1721912400000,350.22,352.19,347.68,350.74,16000.395
1721916000000,350.73,356.24,347.01,355.48,29885.769
1721919600000,355.47,356.89,353.1,355.0,12261.832
1721923200000,355.0,357.83,352.84,356.04,10271.522
1721926800000,356.05,357.61,355.67,357.32,6402.528
1721930400000,357.25,357.89,351.17,352.87,13152.577
1721934000000,352.86,354.6,349.27,352.33,15375.505
1721937600000,352.36,358.03,346.37,357.93,45328.533
1721941200000,357.94,360.8,356.19,360.4,20733.008
1721944800000,360.4,361.98,359.87,360.86,18267.865
1721948400000,360.85,362.17,360.63,361.18,8212.594
1721952000000,361.18,366.59,360.86,365.31,23214.389
1721955600000,365.3,366.3,363.0,363.44,15558.701
1721959200000,363.45,367.26,363.12,366.57,13195.406
1721962800000,366.47,369.24,366.01,366.45,12928.062
1721966400000,366.45,369.4,366.03,369.34,7035.146
1721970000000,369.33,369.85,368.38,369.54,5488.819
1721973600000,369.54,372.03,369.15,371.64,10835.12
1721977200000,371.63,373.48,371.22,372.45,8743.565
1721980800000,372.46,373.68,372.0,373.5,6729.717
1721984400000,373.51,378.77,373.46,376.06,18387.826
1721988000000,376.05,376.76,373.74,374.65,9613.3
1721991600000,374.65,374.75,371.78,373.16,10245.566
1721995200000,373.16,374.0,371.21,372.97,10863.317
1721998800000,372.97,375.48,371.5,374.69,17466.015
1722002400000,374.68,375.85,370.88,373.49,14561.388
1722006000000,373.51,377.61,373.4,376.79,10979.485
1722009600000,376.79,377.74,375.8,375.92,5835.372
1722013200000,375.95,377.02,374.99,375.37,5376.787
1722016800000,375.36,376.37,374.33,374.34,3909.486
1722020400000,374.33,376.64,373.73,375.1,6559.62
1722024000000,375.08,375.55,374.03,374.31,5143.905
1722027600000,374.33,376.25,373.83,375.44,6313.357
1722031200000,375.44,377.41,375.19,376.42,4094.134
1722034800000,376.45,377.43,375.97,377.0,3373.824
1722038400000,377.0,380.55,376.36,378.93,15222.746
1722042000000,378.93,379.85,377.84,377.88,6505.389
1722045600000,377.89,379.54,376.81,379.44,5788.514
1722049200000,379.44,380.45,378.22,379.38,5901.565
1722052800000,379.38,381.8,379.37,381.44,6367.923
1722056400000,381.42,382.38,380.53,380.63,5985.278
1722060000000,380.64,382.14,380.0,382.14,5381.878
1722063600000,382.14,383.87,381.65,381.93,10899.48
1722067200000,381.91,382.95,380.49,380.65,7011.894
1722070800000,380.69,381.92,379.79,381.54,5279.818
1722074400000,381.52,382.45,380.33,382.23,4646.386
1722078000000,382.19,382.31,380.77,382.08,3824.538
1722081600000,382.08,384.58,382.01,384.02,10693.847
1722085200000,384.01,391.17,384.01,390.09,18933.287
1722088800000,390.05,395.79,386.64,390.7,35680.851
1722092400000,390.69,398.07,390.64,396.17,41316.016
1722096000000,396.2,398.0,393.47,394.29,27640.142
1722099600000,394.24,395.58,391.51,392.36,16999.652
1722103200000,392.36,394.88,391.0,391.76,11829.981
1722106800000,391.77,395.16,388.75,394.61,25308.368
1722110400000,394.61,394.7,384.0,389.25,59183.948
1722114000000,389.25,396.93,388.38,396.9,22083.564
1722117600000,396.9,397.74,394.19,394.69,12903.921
1722121200000,394.69,394.88,391.32,392.28,9402.395
1722124800000,392.28,394.47,389.02,393.77,16454.528
1722128400000,393.77,397.62,393.53,395.44,14346.933
1722132000000,395.45,396.71,393.47,396.56,9017.634
1722135600000,396.56,397.0,394.53,395.95,10217.274
1722139200000,395.95,398.28,393.09,394.07,37984.515
1722142800000,394.02,394.77,388.45,392.24,43325.523
1722146400000,392.23,396.83,392.14,395.68,14964.796
1722150000000,395.68,395.81,393.2,394.85,9274.197
1722153600000,394.86,396.78,393.93,395.55,11151.175
1722157200000,395.55,396.29,393.25,394.69,12117.369
1722160800000,394.7,396.17,393.63,393.87,9286.567
1722164400000,393.87,394.75,392.56,393.41,11822.091
1722168000000,393.39,395.37,392.01,393.85,12594.284
1722171600000,393.87,399.54,391.79,398.69,36318.729
1722175200000,398.69,399.72,394.44,395.11,31305.317
1722178800000,395.11,402.3,393.5,400.69,32461.351
1722182400000,400.69,403.47,399.75,400.55,28772.805
1722186000000,400.58,408.73,400.58,407.7,26603.081
1722189600000,407.7,423.48,406.0,414.8,117970.411
1722193200000,414.79,418.8,413.46,416.19,37434.542
1722196800000,416.19,417.76,413.51,415.61,28235.39
1722200400000,415.62,418.0,413.15,414.68,27776.401
1722204000000,414.68,417.97,413.92,414.81,23550.108
1722207600000,414.86,417.0,414.71,416.53,16819.39
1722211200000,416.54,421.65,414.72,419.84,44648.223
1722214800000,419.84,420.68,413.66,415.16,26064.713
1722218400000,415.15,423.26,414.72,422.91,28405.223
1722222000000,422.86,429.21,422.69,426.96,51706.983
1722225600000,426.96,435.48,424.48,434.96,34216.732
1722229200000,434.96,445.67,434.6,445.2,83984.736
1722232800000,445.2,452.37,443.08,448.78,69630.353
1722236400000,448.86,452.0,447.06,449.7,49184.369
1722240000000,449.74,453.28,446.69,446.85,45601.75
1722243600000,446.86,452.43,446.86,449.44,31019.711
1722247200000,449.51,452.82,447.54,452.49,36298.307
1722250800000,452.48,456.7,450.31,453.12,48789.719
1722254400000,453.11,458.18,451.43,454.81,49955.073
1722258000000,454.81,458.91,446.95,447.99,84975.529
1722261600000,448.0,449.92,442.47,444.46,92112.033
1722265200000,444.45,452.41,443.19,446.65,88177.129
1722268800000,446.65,448.73,433.07,439.63,118764.284
1722272400000,439.66,445.66,437.59,443.62,49456.116
1722276000000,443.62,445.94,442.36,443.27,24545.937
1722279600000,443.27,446.19,442.13,444.33,15304.431
1722283200000,444.33,446.44,441.87,443.44,13665.217
1722286800000,443.45,444.56,441.36,443.48,14753.811
1722290400000,443.49,449.13,442.87,444.88,23156.796
1722294000000,444.88,445.84,437.51,438.79,34694.398
1722297600000,438.78,443.78,436.8,443.38,50688.624
1722301200000,443.39,446.57,434.0,437.3,58812.933
1722304800000,437.31,439.53,432.83,435.31,36661.336
1722308400000,435.32,440.76,434.75,437.61,23289.513
1722312000000,437.62,438.39,431.84,435.19,24437.007
1722315600000,435.23,435.23,428.0,431.64,37650.317
1722319200000,431.65,433.56,430.66,433.42,28210.37
1722322800000,433.42,437.25,433.42,436.39,29536.261
1722326400000,436.4,438.0,434.71,434.97,18915.721
1722330000000,434.95,439.26,434.92,436.69,25186.907
1722333600000,436.68,438.98,434.55,436.24,20642.334
1722337200000,436.24,437.78,435.0,436.88,12062.121
1722340800000,436.88,441.76,436.23,439.37,27641.993
1722344400000,439.37,441.87,431.5,434.15,49428.654
1722348000000,434.02,437.19,432.16,434.45,30918.559
1722351600000,434.5,446.56,432.71,441.63,58931.99
1722355200000,441.64,446.0,436.16,436.21,36416.542
1722358800000,436.22,438.39,433.39,436.59,28598.431
1722362400000,436.58,437.76,433.81,437.34,13914.808
1722366000000,437.29,437.46,433.28,434.93,20117.299
1722369600000,434.93,435.43,427.53,432.51,42482.451
1722373200000,432.5,436.22,428.34,434.82,15028.623
1722376800000,434.82,435.61,433.12,434.89,9653.321
1722380400000,434.88,436.23,431.97,432.24,12420.403
1722384000000,432.24,440.0,432.23,439.46,24573.939
1722387600000,439.46,441.05,432.64,435.3,27536.486
1722391200000,435.3,438.52,434.06,434.09,15968.076
1722394800000,434.08,435.87,429.17,430.9,27938.708
1722398400000,430.89,431.8,424.3,426.73,31218.228
1722402000000,426.73,429.42,422.63,427.96,27914.837
1722405600000,427.97,432.8,427.52,431.13,22136.996
1722409200000,431.14,432.17,428.67,428.9,12031.659
1722412800000,428.93,429.5,425.66,425.77,13118.952
1722416400000,425.77,426.23,422.97,424.13,17490.249
1722420000000,424.12,425.07,422.5,423.96,12472.981
1722423600000,423.95,425.68,422.85,424.48,8844.546
1722427200000,424.54,425.37,422.77,422.9,10701.392
1722430800000,422.89,429.56,422.54,425.21,22776.274
1722434400000,425.12,427.55,421.44,423.79,23308.038
1722438000000,423.8,424.96,422.0,424.16,11774.684
1722441600000,424.16,432.19,424.14,426.23,31067.397
1722445200000,426.22,430.55,425.67,428.04,14332.458
1722448800000,428.02,429.85,423.32,425.89,20598.477
1722452400000,425.91,426.12,416.37,417.49,37256.309
1722456000000,417.49,419.13,412.79,413.37,31351.79
1722459600000,413.37,419.1,411.23,419.04,24326.001
1722463200000,419.04,420.11,415.33,418.57,14940.642
1722466800000,418.57,418.6,413.78,413.82,11386.151
1722470400000,413.81,418.38,413.13,415.64,17797.649
1722474000000,415.61,417.32,411.7,416.55,16250.473
1722477600000,416.6,417.87,412.37,416.15,14647.653
1722481200000,416.14,417.07,413.81,414.5,12597.836
1722484800000,414.5,416.67,408.05,409.46,28029.558
1722488400000,409.49,420.65,407.12,418.85,38585.818
1722492000000,418.83,420.53,417.59,417.91,16175.14
1722495600000,417.87,421.37,416.12,418.4,18347.072
1722499200000,418.4,421.0,417.17,419.07,12068.978
1722502800000,419.07,420.78,414.33,416.18,20733.831
1722506400000,416.17,419.33,415.93,419.27,7957.013
1722510000000,419.25,421.79,417.69,421.43,14668.496
1722513600000,421.43,423.35,419.04,420.52,17236.384
1722517200000,420.53,420.83,415.87,417.62,19370.824
1722520800000,417.59,418.45,411.07,411.07,25337.539
1722524400000,411.07,411.53,403.23,404.39,62190.89
1722528000000,404.4,404.7,397.3,399.84,47426.149
1722531600000,399.83,399.83,392.07,396.42,37857.856
1722535200000,396.36,396.42,389.62,393.15,35785.287
1722538800000,393.16,401.6,392.5,400.93,26970.88
1722542400000,400.92,413.34,399.98,412.23,38945.679
1722546000000,412.23,414.85,409.09,409.6,20749.385
1722549600000,409.64,414.15,409.08,412.24,14895.44
1722553200000,412.24,414.13,410.38,412.96,11246.397
1722556800000,412.96,416.2,411.62,412.17,20266.454
1722560400000,412.2,412.38,406.98,408.81,22327.13
1722564000000,408.85,409.96,401.15,404.85,24514.437
1722567600000,404.86,409.86,403.87,408.47,11834.853
1722571200000,408.46,409.43,405.6,407.31,9872.889
1722574800000,407.31,407.41,401.45,401.95,13760.519
1722578400000,401.96,403.85,395.22,401.67,28929.847
1722582000000,401.6,402.41,397.76,400.01,13543.368
1722585600000,400.0,401.87,394.71,401.87,18442.229
1722589200000,401.87,402.72,400.03,402.28,9396.881
1722592800000,402.28,408.2,401.64,407.29,19098.971
1722596400000,407.29,410.83,406.3,406.3,20913.453
1722600000000,406.3,415.44,403.85,414.92,45811.562
1722603600000,414.89,417.25,410.02,411.12,47872.052
1722607200000,411.13,412.46,395.5,396.25,65163.807
1722610800000,396.18,403.06,385.12,400.99,87147.449
1722614400000,400.96,401.59,394.24,398.51,43845.198
1722618000000,398.51,401.08,395.97,396.47,17437.969
1722621600000,396.46,397.26,393.69,395.04,16004.593
1722625200000,395.04,397.78,392.42,395.17,18329.31
1722628800000,395.22,398.4,390.07,394.83,29128.553
1722632400000,394.87,395.25,386.43,392.1,29516.39
1722636000000,392.11,392.74,387.1,388.42,18575.398
1722639600000,388.42,389.74,379.12,381.25,54466.107
1722643200000,381.28,383.83,377.02,379.33,32329.944
1722646800000,379.33,380.42,368.62,377.19,85044.708
1722650400000,377.18,381.76,376.55,379.82,17809.298
1722654000000,379.81,381.92,378.14,380.81,13341.231
1722657600000,380.8,381.75,378.71,379.99,10049.529
1722661200000,379.94,384.55,379.66,384.55,13911.752
1722664800000,384.54,385.88,381.62,382.38,14032.623
1722668400000,382.38,383.25,379.75,379.77,11638.907
1722672000000,379.76,381.15,378.36,379.66,11570.455
1722675600000,379.68,381.18,376.82,380.97,9548.462
1722679200000,380.97,382.32,379.24,381.29,9808.656
1722682800000,381.29,381.6,379.43,379.78,7435.183
1722686400000,379.75,382.48,378.26,379.41,14419.74
1722690000000,379.39,379.53,376.34,377.77,15706.047
1722693600000,377.76,380.99,377.09,377.34,15743.667
1722697200000,377.32,377.33,366.08,367.44,57885.264
1722700800000,367.43,370.33,362.15,364.67,49129.764
1722704400000,364.75,365.02,357.7,359.16,31231.528
1722708000000,359.16,362.44,356.12,359.69,33368.606
1722711600000,359.7,361.86,356.3,356.63,19564.808
1722715200000,356.63,361.35,353.79,358.5,25032.029
1722718800000,358.51,364.0,355.5,363.61,20166.968
1722722400000,363.61,365.12,362.03,363.59,9911.336
1722726000000,363.6,365.74,362.37,364.01,16010.885
1722729600000,363.98,366.91,363.23,366.21,10150.766
1722733200000,366.21,366.7,360.54,363.29,17755.05
1722736800000,363.29,364.73,360.8,361.98,13936.561
1722740400000,361.98,362.76,360.67,361.9,8204.244
1722744000000,361.9,363.42,359.54,359.87,8842.369
1722747600000,359.89,362.89,359.69,361.63,6707.617
1722751200000,361.63,362.29,360.01,360.25,6036.061
1722754800000,360.25,360.64,352.51,353.02,27898.648
1722758400000,353.02,353.6,348.98,350.79,36728.17
1722762000000,350.79,352.07,348.88,349.25,16533.51
1722765600000,349.25,350.32,348.06,349.65,14729.866
1722769200000,349.65,354.92,349.15,352.79,19702.719
1722772800000,352.79,354.71,348.88,353.96,14981.642
1722776400000,353.97,354.45,352.0,352.33,8604.066
1722780000000,352.27,360.4,343.45,353.02,121424.317
1722783600000,353.06,354.8,348.47,350.35,55531.834
1722787200000,350.43,352.92,344.13,344.89,44845.761
1722790800000,344.85,346.16,331.59,336.81,82814.812
1722794400000,336.8,341.94,331.84,341.3,51723.973
1722798000000,341.28,349.54,337.35,345.28,33566.775
1722801600000,345.27,349.98,342.89,345.14,17404.491
1722805200000,345.14,345.41,340.82,341.41,11920.038
1722808800000,341.42,344.56,338.67,340.33,20786.354
1722812400000,340.32,340.32,330.63,332.04,42123.067
1722816000000,332.04,335.38,316.29,321.63,109118.947
1722819600000,321.53,323.1,287.0,307.81,270308.742
1722823200000,307.81,308.81,298.09,304.61,90345.55
1722826800000,304.62,304.73,295.33,296.1,67960.188
1722830400000,296.09,303.42,295.46,299.16,47705.572
1722834000000,299.14,303.79,289.43,296.37,94001.588
1722837600000,296.44,298.16,272.66,287.28,198620.44
1722841200000,287.28,305.58,285.42,301.99,135427.383
1722844800000,302.07,302.39,293.8,297.17,56834.151
1722848400000,297.2,299.7,292.26,297.47,43368.057
1722852000000,297.45,297.74,287.09,290.08,65680.537
1722855600000,290.07,291.25,280.26,289.34,98223.775
1722859200000,289.35,292.12,280.75,280.93,99042.914
1722862800000,280.92,297.65,277.18,296.23,125778.917
1722866400000,296.24,311.67,296.24,308.87,105608.183
1722870000000,308.84,313.74,305.0,312.45,65103.657
1722873600000,312.39,317.28,309.55,310.46,68740.917
1722877200000,310.48,315.5,308.76,309.8,57229.029
1722880800000,309.78,310.58,301.21,301.6,58394.897
1722884400000,301.57,306.85,300.05,304.03,38976.983
1722888000000,303.94,308.44,303.85,307.24,26877.353
1722891600000,307.2,312.75,305.41,308.45,22365.449
1722895200000,308.45,314.14,308.16,313.48,21160.614
1722898800000,313.47,315.97,308.7,309.51,21881.523
1722902400000,309.52,325.71,308.74,325.43,53241.791
1722906000000,325.43,329.65,320.6,322.05,51682.254
1722909600000,322.08,322.55,318.68,320.78,25078.642
1722913200000,320.77,322.5,318.24,319.21,21478.241
1722916800000,319.2,321.01,317.11,320.57,21208.444
1722920400000,320.52,322.86,318.03,322.0,27717.503
1722924000000,321.99,325.33,319.68,322.34,25420.151
1722927600000,322.33,325.25,321.09,323.97,23400.632
1722931200000,323.96,324.01,311.94,314.86,46711.341
1722934800000,314.92,315.54,311.7,315.15,26229.264
1722938400000,315.1,315.36,311.14,312.31,29968.282
1722942000000,312.31,315.34,310.6,313.22,20661.711
1722945600000,313.21,315.85,309.01,310.68,31858.234
1722949200000,310.67,313.83,306.68,311.07,45077.382
1722952800000,311.09,324.42,310.68,319.77,55070.705
1722956400000,319.79,322.24,315.61,320.4,24196.291
1722960000000,320.43,324.34,319.12,322.34,25976.53
1722963600000,322.34,324.24,318.08,318.1,13703.638
1722967200000,318.09,321.72,318.0,318.97,11102.304
1722970800000,318.94,320.29,316.76,317.64,11908.81
1722974400000,317.67,319.4,315.3,317.28,16624.262
1722978000000,317.27,319.2,315.57,318.94,7259.482
1722981600000,318.93,321.74,314.15,316.43,26701.409
1722985200000,316.44,317.77,313.28,314.62,13825.152
1722988800000,314.64,315.58,310.35,314.05,22965.351
1722992400000,314.06,319.97,309.69,318.94,26878.032
1722996000000,318.99,322.59,315.66,318.67,24898.063
1722999600000,318.67,322.75,318.34,322.34,21009.032
1723003200000,322.33,326.41,321.9,324.37,19899.328
1723006800000,324.36,326.35,320.85,321.31,19346.175
1723010400000,321.31,321.94,318.74,320.45,12082.631
1723014000000,320.45,322.93,318.57,321.4,16057.749
1723017600000,321.4,323.68,319.7,322.22,12940.265
1723021200000,322.22,324.81,320.56,322.72,13395.036
1723024800000,322.68,325.47,321.74,321.79,10224.742
1723028400000,321.78,322.42,318.66,319.07,13553.355
1723032000000,319.08,327.32,317.53,325.54,38852.588
1723035600000,325.53,327.42,321.65,323.05,26485.123
1723039200000,322.95,324.2,308.38,312.71,66277.268
1723042800000,312.72,317.88,311.2,315.93,26320.173
1723046400000,315.91,316.73,312.32,314.89,18976.014
1723050000000,314.88,316.42,310.38,313.26,19138.54
1723053600000,313.26,315.21,308.66,309.9,21290.47
1723057200000,309.9,313.0,308.82,312.54,16888.977
1723060800000,312.55,318.32,310.24,315.29,33654.801
1723064400000,315.38,316.55,312.72,314.39,11973.024
1723068000000,314.38,315.0,309.23,313.91,16645.881
1723071600000,313.91,315.06,311.07,312.17,10154.614
1723075200000,312.14,315.59,307.75,314.06,23925.488
1723078800000,314.1,324.95,313.23,323.67,40626.367
1723082400000,323.65,329.5,323.59,328.88,26999.481
1723086000000,328.89,331.56,324.56,324.8,34183.445
1723089600000,324.8,326.78,322.33,322.51,18509.719
1723093200000,322.52,325.11,322.24,324.12,8287.978
1723096800000,324.12,325.55,322.72,323.63,10236.378
1723100400000,323.63,325.25,322.66,324.02,9619.363
1723104000000,324.02,325.9,322.63,324.89,10403.711
1723107600000,324.89,325.49,322.81,323.52,9623.57
1723111200000,323.59,325.13,322.25,324.81,9792.302
1723114800000,324.8,325.71,322.22,323.2,15209.992
1723118400000,323.21,331.69,321.13,325.23,39410.139
1723122000000,325.21,328.52,317.91,320.76,38353.484
1723125600000,320.8,329.3,319.36,328.51,35250.504
1723129200000,328.5,331.81,327.28,330.69,27551.419
1723132800000,330.73,336.4,330.16,333.63,30609.965
1723136400000,333.62,338.84,332.15,333.01,33496.266
1723140000000,332.99,335.3,332.71,335.3,6771.402
1723143600000,335.31,336.6,330.41,331.44,14919.774
1723147200000,331.45,336.74,331.41,336.1,12676.412
1723150800000,336.11,346.11,336.08,345.47,22729.313
1723154400000,345.5,367.6,342.78,367.09,85418.846
1723158000000,367.1,372.07,352.2,352.95,112007.106
1723161600000,352.95,357.19,349.52,354.84,45557.758
1723165200000,354.85,355.08,351.05,353.7,26870.502
1723168800000,353.7,356.45,350.56,350.64,18834.935
1723172400000,350.67,352.02,348.16,350.19,18941.231
1723176000000,350.19,351.88,348.96,350.23,19071.507
1723179600000,350.25,350.43,345.98,348.25,18884.874
1723183200000,348.26,351.22,345.11,349.06,43935.91
1723186800000,349.05,350.8,344.6,349.23,31937.316
1723190400000,349.23,350.0,347.85,348.91,16945.909
1723194000000,348.91,349.31,344.82,345.42,14718.794
1723197600000,345.47,346.9,341.54,343.47,22615.096
1723201200000,343.48,345.27,342.21,344.19,11334.551
1723204800000,344.17,344.7,340.3,342.31,11293.558
1723208400000,342.35,343.5,335.93,340.82,29482.826
1723212000000,340.82,353.55,340.03,345.47,110297.58
1723215600000,345.53,347.78,342.84,343.01,18578.915
1723219200000,343.01,347.21,342.64,345.93,12992.926
1723222800000,345.94,347.4,344.47,346.05,9408.075
1723226400000,345.98,346.99,343.1,345.37,8716.109
1723230000000,345.36,346.1,344.05,345.19,5473.393
1723233600000,345.17,347.03,344.01,345.47,5203.447
1723237200000,345.46,347.09,342.42,346.72,11296.837
1723240800000,346.73,348.51,344.67,346.6,11851.822
1723244400000,346.61,347.91,344.22,347.45,10555.161
1723248000000,347.46,350.89,345.19,346.81,17763.919
1723251600000,346.77,349.44,345.13,347.49,9826.739
1723255200000,347.49,351.74,347.07,350.14,11825.472
1723258800000,350.13,352.76,349.67,350.77,14737.548
1723262400000,350.78,356.29,349.81,356.11,16816.33
1723266000000,356.1,356.1,351.13,351.14,18432.259
1723269600000,351.15,352.02,349.37,350.44,13848.905
1723273200000,350.44,352.15,349.55,352.14,8698.82
1723276800000,352.14,354.1,351.49,353.93,9479.202
1723280400000,353.93,356.87,352.81,355.87,15025.278
1723284000000,355.87,357.53,355.6,356.65,16909.825
1723287600000,356.65,357.84,355.91,357.39,17061.551
1723291200000,357.39,357.89,356.66,357.65,9476.569
1723294800000,357.64,357.9,356.23,356.46,18101.844
1723298400000,356.46,357.97,356.46,357.58,11589.814
1723302000000,357.6,358.83,351.05,352.0,51237.803
1723305600000,352.0,352.56,349.71,350.65,15507.286
1723309200000,350.65,352.0,349.04,352.0,8482.007
1723312800000,352.0,353.38,350.9,351.61,11048.926
1723316400000,351.61,353.02,350.38,351.99,5334.166
1723320000000,351.98,353.43,351.22,353.16,6034.354
1723323600000,353.16,355.76,352.81,354.22,6850.733
1723327200000,354.21,355.59,353.55,354.21,5782.737
1723330800000,354.19,354.79,353.26,354.65,5473.878
1723334400000,354.65,356.56,353.71,354.87,9519.263
1723338000000,354.86,355.86,353.28,355.11,4939.124
1723341600000,355.15,355.32,352.62,353.83,8422.258
1723345200000,353.84,358.0,353.71,355.88,9112.386
1723348800000,355.89,356.34,349.64,351.95,28850.324
1723352400000,351.95,354.46,351.7,354.03,6199.393
1723356000000,354.04,354.4,352.52,353.99,3884.721
1723359600000,354.0,355.4,353.9,354.59,4409.114
1723363200000,354.6,356.69,353.7,355.14,6760.852
1723366800000,355.15,358.38,352.71,353.79,11395.872
1723370400000,353.79,354.76,352.3,352.97,6384.633
1723374000000,352.95,353.28,349.0,350.22,13578.438
1723377600000,350.21,350.59,345.72,347.77,16153.268
1723381200000,347.77,347.8,343.6,346.68,14041.024
1723384800000,346.67,347.37,340.79,342.2,15706.689
1723388400000,342.19,343.48,339.3,340.36,19506.42
1723392000000,340.36,341.7,339.0,340.01,12753.564
1723395600000,340.0,341.76,338.68,340.76,8851.128
1723399200000,340.75,341.65,339.24,340.63,5290.407
1723402800000,340.64,340.71,335.5,335.86,24097.885
1723406400000,335.87,336.16,331.45,332.44,29472.487
1723410000000,332.45,333.35,330.57,332.81,13109.838
1723413600000,332.8,333.82,327.11,330.42,18691.644
1723417200000,330.42,330.88,328.29,329.99,7989.753
1723420800000,329.99,333.65,328.5,331.42,18040.874
1723424400000,331.44,334.5,330.75,333.74,8587.07
1723428000000,333.74,334.85,331.81,334.48,7678.173
1723431600000,334.45,335.35,333.01,333.29,7379.361
1723435200000,333.28,336.6,332.62,334.45,8665.884
1723438800000,334.42,339.92,334.38,337.79,17121.694
1723442400000,337.78,343.29,336.66,341.52,30559.528
1723446000000,341.51,347.92,337.73,347.29,42772.863
1723449600000,347.29,349.42,341.16,342.25,25098.721
1723453200000,342.24,343.96,340.3,341.03,15295.123
1723456800000,341.03,345.3,340.37,344.95,14869.72
1723460400000,344.94,348.89,344.69,347.85,25217.805
1723464000000,347.85,348.3,344.6,346.64,14563.68
1723467600000,346.64,348.12,335.75,337.39,32280.21
1723471200000,337.39,350.82,333.88,348.48,43272.108
1723474800000,348.47,350.23,342.12,346.92,25445.86
1723478400000,346.92,348.63,344.57,345.31,12030.756
1723482000000,345.3,346.95,343.34,343.56,10868.405
1723485600000,343.56,345.26,340.5,341.37,11038.57
1723489200000,341.37,344.32,340.74,341.0,13252.733
1723492800000,341.04,344.16,339.25,341.32,16526.852
1723496400000,341.3,348.97,339.47,347.48,15307.272
1723500000000,347.49,350.79,344.54,345.83,22933.015
1723503600000,345.82,361.04,345.23,354.57,80417.641
1723507200000,354.56,359.46,350.63,358.76,31959.059
1723510800000,358.76,365.01,358.32,358.87,42301.125
1723514400000,358.87,358.87,352.63,355.77,27034.325
1723518000000,355.76,356.24,346.72,348.1,31616.233
1723521600000,348.1,351.3,344.61,350.38,21139.107
1723525200000,350.37,351.27,348.26,350.02,13621.701
1723528800000,350.04,351.41,347.5,349.26,15476.242
1723532400000,349.25,349.96,346.07,346.4,11042.568
1723536000000,346.41,347.4,343.69,345.77,13631.55
1723539600000,345.79,346.43,343.1,345.11,9363.343
1723543200000,345.08,345.9,343.2,345.22,11066.99
1723546800000,345.22,348.5,344.32,347.47,9906.199
1723550400000,347.5,350.19,346.43,349.11,15645.138
1723554000000,349.1,352.38,347.38,351.87,13312.604
1723557600000,351.86,353.64,346.23,349.74,28532.135
1723561200000,349.74,350.31,347.71,348.78,10101.737
1723564800000,348.78,356.08,348.49,355.46,21778.316
1723568400000,355.44,356.74,353.4,355.2,24733.578
1723572000000,355.2,355.51,351.07,351.29,11311.551
1723575600000,351.29,352.34,347.16,351.48,16417.142
1723579200000,351.48,351.98,349.61,349.64,8467.315
1723582800000,349.63,353.86,349.63,353.66,7164.907
1723586400000,353.66,355.5,350.76,351.32,16111.261
1723590000000,351.32,352.28,350.18,351.43,5638.163
1723593600000,351.44,352.44,349.68,352.01,10111.323
1723597200000,352.03,352.13,347.8,347.83,10120.925
1723600800000,347.84,350.36,347.33,348.88,7222.238
1723604400000,348.89,350.3,347.15,347.52,11534.071
1723608000000,347.51,348.75,346.29,347.71,9574.178
1723611600000,347.71,349.29,346.72,346.91,6801.758
1723615200000,346.91,348.79,344.62,345.48,13279.547
1723618800000,345.48,345.67,344.22,344.82,7512.899
1723622400000,344.81,345.23,342.81,343.89,10048.147
1723626000000,343.9,344.66,342.67,343.38,10441.826
1723629600000,343.38,347.14,343.17,344.97,19417.944
1723633200000,344.97,347.16,342.65,345.64,22384.183
1723636800000,345.64,349.88,343.72,345.24,48179.575
1723640400000,345.19,346.5,337.4,338.57,56880.394
1723644000000,338.58,343.11,334.0,342.59,59989.411
1723647600000,342.59,344.5,339.88,341.14,29978.445
1723651200000,341.15,341.55,338.55,339.81,17473.974
1723654800000,339.8,340.55,338.93,339.73,8066.198
1723658400000,339.68,340.68,338.15,338.68,6885.58
1723662000000,338.68,339.05,337.23,337.65,7476.938
1723665600000,337.6,338.94,337.43,338.16,5537.321
1723669200000,338.16,339.0,336.84,337.21,4237.234
1723672800000,337.21,339.32,335.37,338.4,12644.387
1723676400000,338.41,338.86,337.34,337.53,4464.863
1723680000000,337.51,340.25,337.38,339.55,10244.707
1723683600000,339.55,339.69,335.03,336.02,13627.652
1723687200000,336.03,338.6,335.3,337.42,10102.374
1723690800000,337.48,338.48,337.11,337.52,2942.922
1723694400000,337.53,338.16,336.21,337.86,6715.48
1723698000000,337.85,338.32,333.36,333.87,9340.202
1723701600000,333.87,335.36,331.75,333.71,13260.783
1723705200000,333.71,334.38,330.95,333.65,17780.727
1723708800000,333.65,335.4,332.07,334.98,8614.254
1723712400000,334.97,336.77,334.69,335.73,10091.406
1723716000000,335.74,336.56,334.76,335.36,6474.669
1723719600000,335.34,338.44,335.31,337.71,9547.826
1723723200000,337.71,342.29,336.56,338.16,23751.171
1723726800000,338.15,341.71,336.42,341.2,15381.77
1723730400000,341.19,343.18,339.21,341.21,17321.818
1723734000000,341.23,343.98,340.44,342.0,16654.463
1723737600000,342.0,344.06,341.82,342.86,15728.841
1723741200000,342.87,343.63,338.37,338.8,23599.862
1723744800000,338.81,338.81,330.3,332.58,51749.587
1723748400000,332.54,332.71,328.82,332.37,35765.22
1723752000000,332.35,332.35,327.07,330.12,20842.725
1723755600000,330.12,331.66,328.24,331.11,14049.521
1723759200000,331.11,335.43,328.95,334.17,16188.694
1723762800000,334.16,335.68,333.25,333.9,9299.812
1723766400000,333.88,336.75,332.95,336.54,10355.822
1723770000000,336.56,337.89,331.2,332.12,19537.463
1723773600000,332.14,341.98,330.43,340.16,43308.296
1723777200000,340.15,342.35,336.46,336.62,30369.992
1723780800000,336.62,343.11,333.53,343.01,36260.549
1723784400000,342.99,346.17,340.27,340.66,30826.74
1723788000000,340.66,342.98,339.2,342.03,33068.051
1723791600000,342.09,344.39,338.21,340.01,37684.952
1723795200000,340.0,340.4,337.61,338.65,13789.153
1723798800000,338.64,340.97,338.1,340.71,9940.026
1723802400000,340.65,340.71,338.64,339.37,10098.458
1723806000000,339.36,340.64,337.1,338.1,11725.949
1723809600000,338.11,338.95,329.11,331.35,47493.563
1723813200000,331.36,339.63,330.41,334.83,43568.913
1723816800000,334.77,336.27,329.11,330.47,30344.43
1723820400000,330.47,333.82,327.7,331.86,22429.657
1723824000000,331.85,337.62,331.09,335.05,29402.198
1723827600000,335.06,339.4,331.4,338.51,24202.182
1723831200000,338.49,340.97,337.47,338.09,25085.545
1723834800000,338.1,339.63,337.17,339.24,13120.439
1723838400000,339.27,340.31,338.59,338.95,8076.557
1723842000000,338.95,340.0,337.69,339.17,8267.528
1723845600000,339.17,339.43,337.86,338.02,4300.406
1723849200000,338.02,338.72,336.85,337.77,4608.605
1723852800000,337.75,337.75,335.4,336.87,9269.471
1723856400000,336.86,339.69,336.53,338.37,10112.87
1723860000000,338.38,339.69,337.45,337.71,5636.011
1723863600000,337.72,338.08,335.56,336.85,7499.942
1723867200000,336.86,338.4,336.52,338.22,4049.565
1723870800000,338.22,338.23,337.08,337.72,2700.28
1723874400000,337.72,338.64,337.3,337.7,3073.548
1723878000000,337.7,339.83,337.38,339.37,5227.543
1723881600000,339.36,342.2,339.03,341.03,12287.217
1723885200000,341.03,345.83,339.61,343.07,20878.974
1723888800000,343.08,344.17,341.55,342.76,19442.497
1723892400000,342.77,344.8,342.07,344.6,11975.055
1723896000000,344.6,347.83,343.93,346.71,16797.302
1723899600000,346.7,347.67,344.97,346.62,14763.813
1723903200000,346.56,346.99,345.1,346.22,8758.297
1723906800000,346.23,346.72,344.31,345.21,12259.135
1723910400000,345.21,346.03,343.85,345.96,11692.752
1723914000000,345.96,346.29,341.39,341.93,19269.293
1723917600000,341.94,342.53,341.09,342.21,6425.92
1723921200000,342.22,343.35,341.52,342.95,3700.597
1723924800000,342.95,343.49,342.02,342.89,4464.643
1723928400000,342.89,343.37,339.8,341.17,12822.18
1723932000000,341.18,341.85,340.08,340.28,5941.117
1723935600000,340.29,341.1,340.16,340.92,5498.721
1723939200000,340.92,342.78,340.2,342.05,8509.151
1723942800000,342.06,342.34,340.11,340.9,7087.081
1723946400000,340.9,344.14,340.15,343.72,13565.834
1723950000000,343.73,344.81,340.19,340.47,9339.706
1723953600000,340.48,341.28,338.71,340.24,8359.144
1723957200000,340.24,341.49,339.39,339.85,6278.088
1723960800000,339.85,340.88,339.76,340.77,3349.77
1723964400000,340.76,341.58,339.71,340.78,15259.546
1723968000000,340.77,340.77,339.55,340.11,5876.723
1723971600000,340.1,342.59,339.4,341.57,12332.28
1723975200000,341.57,344.36,341.5,341.71,18116.425
1723978800000,341.72,343.69,340.68,342.31,12482.327
1723982400000,342.3,344.72,341.86,343.47,8904.23
1723986000000,343.48,345.17,343.14,343.27,9166.022
1723989600000,343.27,344.74,343.19,343.84,8649.325
1723993200000,343.84,344.86,343.33,343.79,7065.907
1723996800000,343.8,344.39,341.41,341.74,14771.118
1724000400000,341.73,342.19,337.92,338.31,17224.558
1724004000000,338.31,339.24,337.74,338.1,6398.972
1724007600000,338.1,339.92,337.88,339.92,6311.421
1724011200000,339.92,340.09,338.8,339.59,5663.02
1724014800000,339.58,339.58,335.25,336.41,6588.605
1724018400000,336.41,338.0,336.17,337.09,6082.196
1724022000000,337.1,337.74,332.58,332.85,17622.982
1724025600000,332.86,334.15,331.06,332.53,17493.801
1724029200000,332.53,334.87,331.73,333.34,12635.652
1724032800000,333.34,334.43,331.81,333.85,6303.073
1724036400000,333.86,334.35,332.83,333.36,5280.179
1724040000000,333.36,333.98,332.62,333.71,5290.68
1724043600000,333.71,333.89,332.24,333.05,4580.107
1724047200000,333.06,334.17,331.49,333.2,5925.866
1724050800000,333.19,334.07,332.43,332.59,5723.797
1724054400000,332.6,333.88,332.55,333.48,6561.317
1724058000000,333.48,334.76,330.21,330.66,19409.314
1724061600000,330.67,333.3,329.97,332.23,22279.524
1724065200000,332.23,335.34,332.1,334.76,18077.118
1724068800000,334.76,335.95,334.12,334.78,10316.716
1724072400000,334.79,336.99,332.38,332.9,15909.062
1724076000000,332.91,334.65,331.48,334.37,14862.815
1724079600000,334.39,335.13,332.63,333.32,9127.387
1724083200000,333.32,333.96,330.9,333.96,11059.212
1724086800000,333.97,339.51,332.96,335.84,23231.754
1724090400000,335.86,337.11,334.26,336.55,8966.048
1724094000000,336.57,337.5,335.25,336.93,6242.119
1724097600000,336.93,338.4,336.0,336.91,6618.475
1724101200000,336.9,337.64,336.17,336.5,4197.333
1724104800000,336.5,337.85,336.12,336.73,5621.608
1724108400000,336.73,338.36,336.0,337.6,6671.296
1724112000000,337.59,344.43,337.2,342.37,24799.464
1724115600000,342.32,344.15,341.36,342.97,10983.324
1724119200000,342.97,343.58,341.47,342.28,5384.842
1724122800000,342.27,343.7,341.71,343.34,4737.072
1724126400000,343.32,344.87,343.17,344.65,10654.267
1724130000000,344.66,346.72,344.0,345.05,10403.496
1724133600000,345.06,345.52,343.48,344.56,5313.877
1724137200000,344.56,344.76,343.03,344.09,13936.568
1724140800000,344.11,344.5,341.55,342.23,7505.273
1724144400000,342.22,343.69,341.78,342.79,5774.028
1724148000000,342.83,343.39,341.72,342.51,5491.909
1724151600000,342.51,342.68,340.12,340.97,7151.092
1724155200000,340.97,341.68,340.23,340.38,5914.342
1724158800000,340.38,342.45,338.63,341.97,11927.802
1724162400000,341.96,342.61,334.6,334.75,31892.699
1724166000000,334.76,334.95,330.94,333.37,30592.365
1724169600000,333.35,334.93,332.38,333.46,16896.535
1724173200000,333.46,335.74,333.26,335.14,10269.963
1724176800000,335.15,336.58,334.45,335.32,10535.267
1724180400000,335.31,338.88,335.11,337.47,10145.558
1724184000000,337.47,337.48,334.07,334.83,12416.977
1724187600000,334.84,338.8,332.94,338.09,12882.827
1724191200000,338.08,340.32,336.83,337.02,18982.022
1724194800000,337.02,337.28,333.87,335.04,19279.707
1724198400000,335.03,339.08,334.87,337.21,22715.745
1724202000000,337.21,338.38,333.26,336.02,17490.466
1724205600000,336.04,337.51,335.94,336.9,4945.951
1724209200000,336.9,337.27,335.71,336.32,4384.931
1724212800000,336.33,337.08,335.9,336.79,4894.559
1724216400000,336.79,337.1,335.9,336.1,3419.227
1724220000000,336.09,338.54,336.09,338.02,10709.255
1724223600000,338.01,339.27,337.69,338.57,7353.284
1724227200000,338.58,339.64,336.12,336.37,10725.315
1724230800000,336.37,336.82,334.46,336.57,10151.601
1724234400000,336.57,337.41,335.75,337.28,14340.964
1724238000000,337.28,337.86,336.5,337.04,6975.918
1724241600000,337.04,338.3,335.71,337.23,7783.712
1724245200000,337.22,340.0,332.73,339.54,23036.063
1724248800000,339.56,341.09,336.23,338.55,36279.86
1724252400000,338.55,340.26,337.72,338.98,17717.709
1724256000000,338.98,341.33,338.45,340.8,9885.114
1724259600000,340.8,343.38,339.82,342.58,14457.846
1724263200000,342.56,345.52,342.26,344.95,18603.113
1724266800000,344.95,353.28,344.66,352.44,30935.681
1724270400000,352.45,355.0,346.65,347.87,42881.283
1724274000000,347.87,351.44,345.53,350.0,21870.001
1724277600000,350.0,353.59,347.36,349.58,22470.148
1724281200000,349.59,350.64,348.13,349.24,8569.472
1724284800000,349.24,350.61,346.83,347.03,10317.01
1724288400000,347.04,347.91,346.63,347.31,9415.35
1724292000000,347.32,347.59,341.86,344.15,14867.436
1724295600000,344.15,345.97,343.43,345.79,8486.99
1724299200000,345.81,346.93,345.35,346.87,5805.28
1724302800000,346.88,346.94,345.48,346.43,3311.12
1724306400000,346.4,347.52,345.66,346.29,5125.13
1724310000000,346.29,349.0,346.0,348.09,7324.943
1724313600000,348.08,349.6,347.2,348.41,12332.623
1724317200000,348.4,349.32,347.3,348.29,4864.781
1724320800000,348.31,351.85,348.2,350.82,11831.417
1724324400000,350.83,351.48,349.72,350.65,9581.697
1724328000000,350.64,351.64,347.76,348.54,18267.508
1724331600000,348.53,349.42,346.35,348.59,10348.478
1724335200000,348.57,348.76,345.86,347.01,15056.635
1724338800000,346.98,348.95,344.57,346.22,10437.049
1724342400000,346.23,347.82,345.67,346.32,5375.15
1724346000000,346.33,347.17,344.72,344.81,4376.154
1724349600000,344.82,346.47,344.7,345.07,3999.502
1724353200000,345.07,348.06,344.62,347.9,5782.735
1724356800000,347.9,347.9,346.01,347.15,9381.045
1724360400000,347.15,347.5,345.03,346.4,5180.493
1724364000000,346.4,346.84,345.66,346.06,3302.884
1724367600000,346.07,346.76,345.33,346.47,3531.002
1724371200000,346.47,349.75,346.41,348.01,9613.297
1724374800000,348.01,349.13,347.85,348.48,3554.339
1724378400000,348.47,349.43,347.76,347.89,3902.085
1724382000000,347.91,348.4,346.11,347.13,6670.209
1724385600000,347.1,348.2,346.74,347.64,7257.781
1724389200000,347.64,351.27,347.63,349.9,10720.83
1724392800000,349.9,351.65,349.15,350.92,12355.009
1724396400000,350.93,352.74,349.75,350.57,10923.113
1724400000000,350.57,351.2,350.01,350.82,6379.665
1724403600000,350.83,351.67,348.09,349.11,9616.628
1724407200000,349.1,350.9,349.04,350.37,6046.293
1724410800000,350.36,350.54,347.61,348.48,11242.137
1724414400000,348.48,351.57,348.31,351.11,8522.203
1724418000000,351.11,352.14,349.61,352.11,10618.08
1724421600000,352.1,358.21,347.04,350.46,47627.712
1724425200000,350.44,355.31,349.82,354.17,16822.225
1724428800000,354.16,356.47,353.69,355.82,9920.977
1724432400000,355.85,362.83,354.58,361.67,26330.745
1724436000000,361.67,363.5,360.33,361.1,27119.257
1724439600000,361.12,364.26,359.81,362.18,30476.437
1724443200000,362.17,364.72,361.93,363.18,15033.561
1724446800000,363.17,367.41,362.81,366.64,14567.877
1724450400000,366.64,368.88,363.52,365.13,21260.848
1724454000000,365.14,365.92,364.1,364.95,6404.419
1724457600000,364.96,365.81,362.64,363.3,11495.174
1724461200000,363.27,363.59,356.86,359.66,29112.934
1724464800000,359.7,360.59,359.28,360.43,5288.588
1724468400000,360.43,360.8,358.78,359.12,8059.58
1724472000000,359.13,360.59,359.09,359.12,5130.394
1724475600000,359.12,360.51,358.53,360.32,5969.961
1724479200000,360.33,361.01,359.28,359.52,7268.794
1724482800000,359.53,360.89,359.4,360.45,7415.105
1724486400000,360.42,362.2,359.56,361.89,7907.531
1724490000000,361.84,363.13,360.44,363.13,9786.163
1724493600000,363.13,364.47,361.91,362.35,11697.992
1724497200000,362.36,363.57,360.31,360.55,9057.024
1724500800000,360.54,362.97,360.13,361.03,7447.805
1724504400000,361.07,363.99,360.59,363.57,7229.165
1724508000000,363.55,364.65,362.6,364.49,9540.526
1724511600000,364.47,364.5,362.31,362.94,9546.116
1724515200000,362.94,369.19,362.69,367.74,18350.865
1724518800000,367.74,368.8,365.25,366.15,11192.898
1724522400000,366.15,368.44,364.2,366.6,15595.9
1724526000000,366.6,367.84,366.23,366.58,4177.906
1724529600000,366.58,367.81,364.94,365.04,6595.333
1724533200000,365.03,365.03,358.0,358.71,24026.494
1724536800000,358.71,361.18,358.19,360.5,10119.823
1724540400000,360.55,363.52,360.4,363.37,6955.183
1724544000000,363.34,364.34,359.02,359.99,16899.676
1724547600000,359.98,361.98,355.46,358.1,21207.547
1724551200000,358.09,361.07,358.04,359.78,16112.573
1724554800000,359.78,360.41,357.22,360.12,19530.28
1724558400000,360.12,360.38,357.36,360.23,7791.421
1724562000000,360.22,361.67,358.43,359.4,12495.98
1724565600000,359.4,359.91,356.74,357.19,7102.367
1724569200000,357.19,357.2,349.57,351.73,28206.324
1724572800000,351.69,354.73,350.13,353.65,10410.782
1724576400000,353.64,354.58,352.39,354.13,6862.502
1724580000000,354.11,354.26,352.81,353.03,5319.406
1724583600000,353.0,355.59,352.98,354.47,6059.482
1724587200000,354.48,355.28,353.86,355.07,6115.732
1724590800000,355.11,358.09,354.38,355.6,14229.693
1724594400000,355.6,358.25,355.28,357.12,13192.289
1724598000000,357.12,359.32,356.32,356.6,11292.773
1724601600000,356.61,358.76,355.21,355.76,9520.929
1724605200000,355.69,362.56,354.71,360.21,21333.382
1724608800000,360.21,360.33,358.43,359.35,11286.58
1724612400000,359.36,359.92,358.43,358.57,4406.58
1724616000000,358.58,361.44,358.49,360.49,5250.643
1724619600000,360.48,362.47,360.2,360.71,11696.969
1724623200000,360.71,361.93,357.35,358.56,20060.408
1724626800000,358.57,359.98,354.62,356.08,12244.357
1724630400000,356.09,357.85,353.65,354.97,10094.375
1724634000000,354.97,355.95,352.48,353.08,10558.158
1724637600000,353.08,353.88,350.57,353.82,10228.252
1724641200000,353.81,354.35,353.18,354.12,4075.178
1724644800000,354.12,354.92,353.32,354.3,4090.133
1724648400000,354.31,354.5,352.87,353.45,4512.591
1724652000000,353.45,353.96,351.61,352.39,7461.798
1724655600000,352.39,353.62,350.83,352.79,7757.195
1724659200000,352.78,354.5,352.41,353.97,6714.239
1724662800000,353.97,355.36,351.0,355.24,10163.932
1724666400000,355.21,356.09,353.78,354.01,7151.347
1724670000000,353.96,356.3,353.67,355.05,6201.819
1724673600000,355.04,355.63,350.01,351.5,15239.255
1724677200000,351.5,353.29,350.29,352.23,10312.73
1724680800000,352.23,353.27,349.44,352.0,16212.547
1724684400000,351.99,352.03,347.17,349.65,13667.039
1724688000000,349.65,350.27,347.23,348.49,11669.968
1724691600000,348.49,351.41,341.34,341.91,48018.941
1724695200000,341.92,346.04,340.31,345.59,20636.508
1724698800000,345.59,345.75,339.44,341.83,23034.233
1724702400000,341.83,346.27,340.49,345.17,18990.249
1724706000000,345.15,346.51,339.45,342.2,27942.092
1724709600000,342.2,343.65,341.56,342.54,6107.853
1724713200000,342.55,343.73,341.42,342.02,6220.147
1724716800000,342.02,344.94,341.49,343.06,10699.626
1724720400000,343.07,345.97,342.68,344.3,9132.113
1724724000000,344.29,345.99,343.22,343.76,6031.021
1724727600000,343.77,345.47,342.99,345.38,4954.3
1724731200000,345.38,345.54,343.84,345.08,4978.588
1724734800000,345.08,346.89,344.9,346.5,6492.453
1724738400000,346.5,346.57,343.19,343.78,9253.595
1724742000000,343.79,345.42,343.67,344.71,4801.914
1724745600000,344.71,345.62,342.34,343.71,9205.851
1724749200000,343.71,344.95,341.44,342.35,10596.165
1724752800000,342.34,342.36,337.61,338.15,19716.341
1724756400000,338.16,340.29,337.25,339.49,9523.424
1724760000000,339.49,340.82,337.55,340.51,12007.126
1724763600000,340.52,341.28,339.1,339.52,12390.644
1724767200000,339.52,339.82,335.36,337.99,28670.768
1724770800000,338.0,338.9,335.16,336.04,17464.472
1724774400000,336.02,338.6,335.25,335.65,17948.939
1724778000000,335.64,337.39,334.74,337.21,11092.8
1724781600000,337.21,339.03,336.23,338.06,13458.615
1724785200000,338.04,338.77,336.1,337.78,7074.048
1724788800000,337.78,337.92,336.09,336.73,7401.904
1724792400000,336.74,337.35,321.76,326.97,52126.408
1724796000000,326.97,327.07,314.34,323.67,71492.505
1724799600000,323.6,325.24,321.54,323.73,14000.878
1724803200000,323.75,323.95,321.51,321.52,17185.703
1724806800000,321.58,322.89,318.61,321.92,12285.118
1724810400000,321.91,322.29,319.3,322.26,15152.579
1724814000000,322.26,324.33,321.74,324.09,8279.46
1724817600000,324.08,324.74,322.81,323.97,7314.975
1724821200000,323.97,325.7,323.34,324.46,6156.979
1724824800000,324.47,325.11,323.41,323.47,7176.004
1724828400000,323.47,323.75,320.43,321.02,14964.624
1724832000000,321.02,325.12,320.25,322.79,21207.235
1724835600000,322.79,330.54,321.19,329.14,30513.048
1724839200000,329.13,329.24,325.84,326.22,20520.235
1724842800000,326.21,328.15,325.42,326.76,5937.585
1724846400000,326.76,328.55,326.32,326.76,9253.784
1724850000000,326.77,327.13,323.09,323.15,14856.001
1724853600000,323.15,327.59,322.6,324.87,22343.73
1724857200000,324.83,324.88,320.12,322.11,22515.882
1724860800000,322.1,324.98,313.83,323.45,52084.393
1724864400000,323.44,323.63,318.77,319.01,19039.128
1724868000000,319.02,324.48,317.96,324.26,14356.153
1724871600000,324.26,326.17,320.58,321.16,16145.757
1724875200000,321.13,326.13,319.65,322.51,22073.37
1724878800000,322.54,324.04,320.95,322.4,7383.311
1724882400000,322.4,322.73,318.91,322.16,7412.101
1724886000000,322.15,323.36,321.31,321.77,6598.029
1724889600000,321.73,323.49,321.36,323.47,5876.831
1724893200000,323.46,324.59,321.76,323.15,5766.591
1724896800000,323.14,324.84,322.45,324.64,5289.4
1724900400000,324.63,325.29,323.89,324.47,4067.135
1724904000000,324.48,324.49,322.71,322.95,4293.109
1724907600000,322.94,325.17,322.51,324.91,8356.537
1724911200000,324.99,327.35,324.54,326.0,10076.363
1724914800000,326.0,326.94,325.45,325.56,4276.111
1724918400000,325.56,326.69,323.69,324.39,10436.78
1724922000000,324.41,327.13,324.28,325.59,9538.563
1724925600000,325.59,326.79,325.43,325.76,3601.564
1724929200000,325.75,329.65,325.25,327.44,17865.688
1724932800000,327.45,329.44,326.76,328.46,6558.424
1724936400000,328.45,329.17,326.93,328.96,6853.943
1724940000000,329.0,329.65,327.37,328.49,8056.398
1724943600000,328.53,330.72,327.87,328.53,11597.132
1724947200000,328.47,329.43,325.95,326.44,8659.549
1724950800000,326.44,327.19,325.29,326.71,5855.811
1724954400000,326.7,326.79,317.54,318.46,25760.049
1724958000000,318.45,321.91,316.63,319.79,17183.098
1724961600000,319.78,321.58,319.54,321.2,6030.371
1724965200000,321.23,322.24,320.66,321.04,5153.462
1724968800000,321.03,322.06,317.84,321.14,9990.221
1724972400000,321.13,322.44,320.55,322.26,5621.96
1724976000000,322.26,323.79,321.37,321.81,10529.386
1724979600000,321.81,322.74,320.29,321.98,7447.704
1724983200000,321.99,322.6,320.9,322.05,4816.683
1724986800000,322.07,322.09,320.22,321.41,5826.448
1724990400000,321.41,322.89,321.31,322.32,4040.803
1724994000000,322.33,322.48,320.26,321.62,5723.046
1724997600000,321.62,324.66,320.64,324.35,7372.501
1725001200000,324.37,325.76,323.49,323.49,6878.814
1725004800000,323.49,325.55,323.48,324.56,5694.803
1725008400000,324.56,326.61,324.21,326.36,4931.469
1725012000000,326.32,326.32,324.04,325.03,6653.675
1725015600000,325.03,325.57,323.84,324.4,3254.702
1725019200000,324.39,326.86,324.08,324.98,10326.904
1725022800000,324.98,325.8,320.01,324.25,15099.981
1725026400000,324.24,325.91,317.94,318.07,20015.471
1725030000000,318.03,320.13,314.63,316.22,32889.689
1725033600000,316.23,320.88,314.48,320.03,22290.035
1725037200000,319.94,322.41,318.97,321.95,9529.036
1725040800000,321.95,325.87,321.74,325.67,19497.464
1725044400000,325.65,325.65,321.77,324.09,9597.198
1725048000000,324.08,324.21,322.46,323.45,6416.28
1725051600000,323.41,324.59,323.2,324.24,4579.305
1725055200000,324.25,325.74,324.18,325.45,4089.052
1725058800000,325.46,325.88,324.61,324.77,3579.545
1725062400000,324.77,326.22,324.01,325.02,6535.074
1725066000000,325.02,325.83,324.49,325.26,3481.02
1725069600000,325.26,325.8,324.66,325.71,2945.246
1725073200000,325.74,326.28,325.02,325.57,5349.251
1725076800000,325.57,326.57,325.48,326.2,1900.287
1725080400000,326.19,326.62,325.0,325.07,3633.565
1725084000000,325.06,325.6,324.69,325.6,2808.207
1725087600000,325.61,325.8,324.77,324.88,3289.437
1725091200000,324.85,324.85,321.84,321.86,15381.639
1725094800000,321.89,323.03,321.57,322.12,5257.102
1725098400000,322.12,324.0,321.95,323.73,3835.411
1725102000000,323.73,324.07,323.01,323.13,3855.668
1725105600000,323.14,323.89,322.5,323.62,3085.387
1725109200000,323.61,324.09,321.83,321.95,3005.175
1725112800000,321.94,323.59,321.38,322.55,9253.034
1725116400000,322.54,322.74,321.24,322.3,6261.124
1725120000000,322.3,322.42,320.56,321.28,5669.968
1725123600000,321.27,322.22,319.47,321.59,10995.761
1725127200000,321.59,323.3,321.23,321.76,6634.326
1725130800000,321.76,322.19,321.27,321.79,3656.888
1725134400000,321.78,322.53,321.05,322.09,4630.395
1725138000000,322.1,323.74,322.01,323.08,3054.371
1725141600000,323.04,323.4,322.26,322.32,2435.3
1725145200000,322.32,322.61,321.58,322.06,2546.451
1725148800000,322.06,322.54,321.48,322.1,2914.35
1725152400000,322.04,322.3,319.89,319.91,3236.042
1725156000000,319.91,320.63,318.1,320.56,9574.341
1725159600000,320.56,321.27,320.01,320.55,3761.909
1725163200000,320.55,321.03,319.41,320.42,3259.285
1725166800000,320.41,320.74,317.07,317.83,10161.292
1725170400000,317.82,320.03,317.6,319.43,4401.434
1725174000000,319.42,320.89,318.76,320.83,4053.402
1725177600000,320.83,321.0,319.1,319.11,3792.837
1725181200000,319.11,320.17,318.38,319.3,3830.146
1725184800000,319.27,319.45,317.52,317.74,5130.938
1725188400000,317.74,319.88,317.4,319.81,5349.264
1725192000000,319.79,320.3,318.25,318.84,4467.093
1725195600000,318.84,319.22,315.96,318.27,8059.833
1725199200000,318.27,318.72,314.62,317.5,18113.771
1725202800000,317.5,321.24,316.92,319.84,12702.838
1725206400000,319.76,321.22,318.38,318.99,9242.429
1725210000000,318.99,319.85,315.93,317.31,10261.03
1725213600000,317.3,321.03,317.28,319.99,9137.589
1725217200000,319.99,321.57,319.11,320.51,6654.093
1725220800000,320.41,321.72,320.23,320.84,6867.803
1725224400000,320.83,321.01,317.43,319.3,8334.457
1725228000000,319.3,319.44,310.04,310.95,26218.0
1725231600000,310.95,313.31,310.39,312.31,14908.724
1725235200000,312.3,314.28,311.72,313.82,12014.99
1725238800000,313.82,314.79,312.77,313.72,6666.411
1725242400000,313.74,315.59,312.69,313.57,7060.8
1725246000000,313.57,315.09,313.38,314.99,4045.957
1725249600000,314.99,315.26,312.14,312.18,4344.583
1725253200000,312.19,315.0,311.9,313.85,7400.858
1725256800000,313.83,314.73,312.98,313.17,3781.607
1725260400000,313.16,316.55,310.28,315.59,17321.201
1725264000000,315.56,318.93,313.98,317.19,28171.146
1725267600000,317.2,320.15,316.7,319.81,10739.765
1725271200000,319.8,324.64,319.58,324.53,20498.376
1725274800000,324.53,324.85,322.19,322.28,10130.995
1725278400000,322.28,323.94,318.7,320.75,23497.182
1725282000000,320.75,321.67,318.71,318.71,6598.718
1725285600000,318.7,321.66,317.55,321.24,12247.889
1725289200000,321.25,322.43,320.63,320.87,7056.429
1725292800000,320.87,321.88,319.43,319.79,5375.19
1725296400000,319.79,321.58,319.61,321.39,4239.583
1725300000000,321.4,322.04,320.27,321.33,5253.511
1725303600000,321.28,321.85,320.65,321.62,2910.102
1725307200000,321.62,325.6,321.37,324.36,9641.741
1725310800000,324.38,325.26,322.9,323.95,8284.969
1725314400000,323.95,324.66,323.07,323.67,4953.714
1725318000000,323.67,324.26,323.13,323.48,3429.08
1725321600000,323.48,324.25,322.12,324.02,6672.165
1725325200000,324.01,324.87,323.04,324.62,5120.749
1725328800000,324.62,326.08,323.24,323.48,17499.314
1725332400000,323.49,323.73,321.04,321.7,11285.089
1725336000000,321.71,322.37,320.77,321.67,12247.072
1725339600000,321.66,322.26,320.6,321.84,5518.135
1725343200000,321.83,321.83,319.71,319.76,3703.216
1725346800000,319.75,321.54,319.75,321.25,4082.591
1725350400000,321.25,321.42,318.17,318.88,8057.126
1725354000000,318.88,320.22,318.83,319.55,3693.125
1725357600000,319.55,321.14,319.39,320.49,5386.36
1725361200000,320.48,320.94,319.79,320.82,3675.227
1725364800000,320.8,321.85,320.4,320.85,4420.784
1725368400000,320.85,321.89,315.67,317.04,25353.472
1725372000000,317.03,317.03,313.55,313.98,17435.273
1725375600000,313.98,315.64,311.83,312.48,14308.98
1725379200000,312.5,313.59,310.76,311.38,12996.532
1725382800000,311.35,316.81,311.01,315.32,16191.836
1725386400000,315.31,316.4,311.61,312.4,26805.309
1725390000000,312.41,312.94,309.5,311.19,24123.701
1725393600000,311.2,315.91,311.13,313.81,24539.623
1725397200000,313.81,315.09,310.36,311.56,14474.28
1725400800000,311.56,313.36,310.58,311.67,13111.646
1725404400000,311.66,311.98,308.08,308.63,10076.663
1725408000000,308.61,311.33,305.59,306.27,16959.815
1725411600000,306.29,307.61,294.89,306.69,68561.034
1725415200000,306.68,308.75,306.04,307.57,13578.994
1725418800000,307.57,310.23,307.41,309.29,10422.552
1725422400000,309.28,310.67,309.04,310.45,6540.415
1725426000000,310.44,310.48,307.8,308.27,9273.411
1725429600000,308.27,311.41,308.02,310.11,8321.806
1725433200000,310.08,314.17,309.91,312.06,11532.533
1725436800000,312.06,314.01,311.69,313.65,10106.375
1725440400000,313.64,314.43,311.67,311.83,7035.135
1725444000000,311.82,312.69,310.11,310.25,8537.595
1725447600000,310.26,311.14,309.15,309.41,11652.028
1725451200000,309.38,310.11,308.16,308.94,12007.379
1725454800000,308.96,309.5,306.64,309.28,17437.588
1725458400000,309.27,314.0,308.09,313.65,21886.93
1725462000000,313.68,317.51,311.93,316.66,24999.156
1725465600000,316.65,319.35,315.2,318.26,20820.501
1725469200000,318.26,318.68,313.8,314.08,10430.006
1725472800000,314.07,315.39,312.98,313.7,7021.137
1725476400000,313.71,314.89,313.53,314.54,4686.508
1725480000000,314.55,315.2,313.76,314.74,3625.797
1725483600000,314.74,315.43,314.06,315.15,3460.482
1725487200000,315.15,316.26,314.18,315.06,4402.635
1725490800000,315.06,316.1,314.45,315.03,4134.802
1725494400000,315.03,316.56,314.68,315.16,6115.037
1725498000000,315.16,316.79,314.85,316.1,4177.665
1725501600000,316.07,316.43,312.4,312.78,8587.842
1725505200000,312.77,312.83,308.0,308.78,22217.767
1725508800000,308.78,310.64,308.26,310.05,6561.599
1725512400000,310.04,310.23,307.71,309.15,7560.018
1725516000000,309.16,309.55,305.54,308.79,10664.162
1725519600000,308.78,310.63,308.22,310.41,6890.017
1725523200000,310.41,311.09,308.23,309.16,22896.208
1725526800000,309.17,309.21,307.33,308.61,9196.295
1725530400000,308.6,309.06,307.61,308.95,4663.584
1725534000000,308.94,309.92,308.53,308.73,3032.744
1725537600000,308.73,309.84,307.39,308.66,11745.078
1725541200000,308.74,311.4,308.61,310.83,9804.412
1725544800000,310.83,312.19,307.03,307.81,13837.053
1725548400000,307.73,308.88,303.49,305.64,20856.686
1725552000000,305.67,306.53,304.5,305.62,8025.383
1725555600000,305.71,308.88,305.21,307.11,9717.819
1725559200000,307.11,307.43,306.41,306.76,5009.578
1725562800000,306.75,306.91,303.04,305.36,10010.145
1725566400000,305.28,306.19,304.43,305.63,4313.524
1725570000000,305.6,306.33,304.25,306.33,3880.11
1725573600000,306.33,307.23,304.74,307.01,3907.756
1725577200000,307.04,307.43,306.46,307.27,3375.472
1725580800000,307.27,307.67,305.42,306.63,7667.023
1725584400000,306.62,309.34,305.67,309.06,7864.014
1725588000000,309.07,311.33,308.85,310.39,11822.656
1725591600000,310.39,311.12,309.28,309.45,5172.576
1725595200000,309.44,310.13,308.77,308.96,3867.989
1725598800000,308.95,310.0,307.89,309.46,4292.51
1725602400000,309.46,309.86,308.79,309.86,4380.341
1725606000000,309.87,309.99,304.61,308.51,24265.824
1725609600000,308.49,310.16,308.22,310.01,11654.633
1725613200000,310.02,310.97,309.24,310.41,9257.239
1725616800000,310.41,312.06,309.39,310.98,11420.368
1725620400000,310.97,311.25,309.31,309.86,6476.216
1725624000000,309.86,312.73,308.21,311.84,23717.593
1725627600000,311.84,312.56,306.26,307.63,28681.54
1725631200000,307.69,307.75,302.56,304.51,38881.436
1725634800000,304.51,305.94,299.1,302.73,31693.371
1725638400000,302.73,303.47,298.8,300.48,19418.254
1725642000000,300.48,301.56,297.0,298.64,27360.12
1725645600000,298.64,298.86,295.15,295.15,15812.052
1725649200000,295.17,298.45,294.74,296.77,19764.283
1725652800000,296.76,297.4,289.53,290.2,47278.48
1725656400000,290.22,295.01,285.29,294.4,55430.698
1725660000000,294.39,294.59,292.93,293.06,7371.595
1725663600000,293.07,295.23,292.42,294.77,6931.15
1725667200000,294.77,295.82,294.07,294.29,8163.932
1725670800000,294.28,294.91,293.01,293.61,5600.24
1725674400000,293.61,295.42,293.17,294.75,4354.348
1725678000000,294.75,296.03,294.73,294.87,3989.403
1725681600000,294.88,297.0,294.88,297.0,4509.23
1725685200000,297.0,299.41,296.62,297.2,9997.905
1725688800000,297.22,298.5,296.35,298.07,11050.619
1725692400000,298.08,303.42,297.95,302.84,18223.144
1725696000000,302.77,303.93,301.29,303.75,19735.36
1725699600000,303.75,303.76,300.63,300.69,7063.391
1725703200000,300.68,302.93,300.68,302.37,12630.584
1725706800000,302.38,303.68,302.07,302.7,3900.684
1725710400000,302.7,304.43,302.63,303.84,13386.567
1725714000000,303.85,304.77,303.12,304.06,6092.224
1725717600000,304.06,305.45,303.89,305.06,5983.94
1725721200000,305.06,308.07,305.05,307.31,11131.649
1725724800000,307.3,307.79,301.07,301.37,39855.024
1725728400000,301.37,302.22,299.03,300.16,11175.297
1725732000000,300.15,301.17,299.16,300.22,7699.732
1725735600000,300.22,301.64,299.72,301.22,5618.709
1725739200000,301.22,301.35,299.09,299.26,5470.157
1725742800000,299.25,299.32,297.12,297.31,9374.168
1725746400000,297.31,298.68,297.31,297.76,4254.008
1725750000000,297.76,299.66,297.21,299.14,4692.863
1725753600000,299.15,299.71,298.39,299.24,6484.122
1725757200000,299.27,300.93,299.06,300.11,5255.232
1725760800000,300.11,303.37,300.11,302.26,10872.116
1725764400000,302.27,303.5,302.06,303.4,3931.385
1725768000000,303.4,305.18,303.22,304.68,5369.636
1725771600000,304.69,305.43,303.2,303.39,3541.862
1725775200000,303.39,303.84,302.85,303.26,3114.617
1725778800000,303.25,304.99,302.95,304.27,6903.12
1725782400000,304.28,304.97,303.5,304.65,5290.926
1725786000000,304.65,305.64,302.71,302.81,8357.668
1725789600000,302.81,304.03,302.81,303.81,4405.322
1725793200000,303.81,304.73,302.83,303.02,13225.091
1725796800000,303.02,303.37,300.37,301.05,9735.482
1725800400000,301.04,302.91,300.09,302.6,6585.176
1725804000000,302.6,302.88,300.89,300.93,6300.987
1725807600000,300.93,301.47,299.53,299.96,16899.111
1725811200000,299.96,300.74,298.93,299.28,10888.809
1725814800000,299.27,303.12,299.24,303.0,9065.275
1725818400000,303.0,303.3,301.39,301.66,4608.995
1725822000000,301.66,302.31,301.27,301.72,2916.129
1725825600000,301.73,302.37,301.16,302.14,2589.292
1725829200000,302.14,304.16,302.12,302.98,5988.346
1725832800000,302.98,308.1,302.64,304.08,19098.488
1725836400000,304.07,306.04,303.47,305.04,6743.148
1725840000000,305.03,307.3,304.59,306.59,9094.214
1725843600000,306.59,307.8,305.85,307.09,7673.651
1725847200000,307.09,307.14,305.18,306.65,4045.455
1725850800000,306.66,307.0,304.97,306.58,5532.13
1725854400000,306.58,306.98,305.31,306.04,4584.493
1725858000000,306.04,306.23,304.55,305.11,4908.251
1725861600000,305.1,306.84,304.89,306.74,5447.699
1725865200000,306.74,308.07,306.06,307.68,5461.88
1725868800000,307.63,310.75,307.61,310.75,10914.823
1725872400000,310.75,312.94,309.27,309.39,11677.489
1725876000000,309.39,311.24,309.22,310.39,8344.476
1725879600000,310.39,310.45,309.0,310.25,5157.776
1725883200000,310.25,311.72,308.7,311.6,6799.29
1725886800000,311.59,312.73,310.93,311.96,9642.657
1725890400000,311.98,312.66,307.83,309.04,16595.16
1725894000000,309.03,314.5,308.95,313.24,20932.59
1725897600000,313.23,320.92,313.15,320.23,33448.018
1725901200000,320.24,322.94,320.05,321.74,18259.818
1725904800000,321.7,322.29,319.41,320.66,14574.088
1725908400000,320.59,321.86,320.24,321.64,6696.396
1725912000000,321.64,321.88,320.4,321.15,5239.298
1725915600000,321.16,325.88,320.91,322.58,22055.207
1725919200000,322.57,323.62,320.52,321.45,5147.976
1725922800000,321.44,323.76,320.84,322.08,13053.458
1725926400000,322.08,322.32,319.68,321.31,8601.997
1725930000000,321.31,321.84,319.57,320.08,4028.806
1725933600000,320.09,320.14,317.77,318.75,8076.149
1725937200000,318.75,319.71,318.32,318.4,4066.303
1725940800000,318.4,320.63,318.36,320.3,7986.05
1725944400000,320.3,322.05,319.39,321.62,24901.684
1725948000000,321.63,321.72,320.36,321.47,2961.803
1725951600000,321.48,324.48,321.12,323.45,8105.866
1725955200000,323.45,325.41,323.03,323.44,9147.146
1725958800000,323.44,324.49,322.34,323.77,7947.733
1725962400000,323.77,324.16,322.39,323.18,4908.473
1725966000000,323.19,324.08,322.43,323.53,5297.017
1725969600000,323.52,324.17,322.43,322.75,8561.187
1725973200000,322.75,323.66,321.51,322.61,13495.516
1725976800000,322.65,323.87,320.31,323.75,14289.753
1725980400000,323.73,328.16,323.21,324.47,27743.647
1725984000000,324.5,326.97,324.1,326.36,9110.19
1725987600000,326.36,327.65,326.1,326.95,9474.437
1725991200000,326.95,330.9,326.95,328.99,16216.254
1725994800000,328.99,331.43,327.79,330.62,7895.726
1725998400000,330.6,331.61,329.56,329.75,6103.777
1726002000000,329.75,330.38,327.8,328.36,5409.134
1726005600000,328.37,330.93,327.95,330.04,5142.129
1726009200000,330.05,330.44,328.97,329.27,3348.927
1726012800000,329.28,329.54,327.28,328.13,6874.886
1726016400000,328.14,328.6,323.24,325.03,15339.538
1726020000000,325.04,327.64,324.86,326.39,9244.927
1726023600000,326.38,326.57,324.85,325.36,5457.547
1726027200000,325.37,325.37,321.2,322.86,14653.424
1726030800000,322.86,322.9,319.51,320.89,13542.374
1726034400000,320.9,323.94,320.46,323.35,7614.616
1726038000000,323.35,326.13,323.35,326.13,7112.439
1726041600000,326.12,326.85,324.36,325.28,12141.069
1726045200000,325.27,328.14,325.0,327.45,9912.489
1726048800000,327.44,327.63,324.81,326.32,9494.199
1726052400000,326.32,328.61,326.32,327.87,10574.789
1726056000000,327.88,329.78,325.3,329.42,18427.767
1726059600000,329.45,332.45,324.81,325.27,37820.225
1726063200000,325.23,326.88,321.49,325.34,24206.661
1726066800000,325.32,335.03,324.0,332.17,30813.651
1726070400000,332.17,337.81,331.65,336.05,24677.127
1726074000000,336.04,343.19,335.93,341.66,24521.709
1726077600000,341.63,343.82,338.29,338.76,21331.858
1726081200000,338.76,339.24,336.77,337.34,9953.333
1726084800000,337.35,338.64,337.15,337.26,8528.342
1726088400000,337.26,338.02,335.52,335.73,5598.517
1726092000000,335.72,336.55,334.01,335.91,8586.71
1726095600000,335.91,337.81,335.54,337.33,7738.649
1726099200000,337.34,340.37,337.22,337.69,14108.659
1726102800000,337.7,338.59,335.98,337.93,9110.132
1726106400000,337.93,341.39,336.49,338.08,14932.444
1726110000000,338.1,340.76,338.1,339.32,9562.732
1726113600000,339.33,340.04,338.08,338.8,6025.446
1726117200000,338.81,339.13,337.57,338.18,6346.931
1726120800000,338.19,338.43,333.52,334.96,12628.382
1726124400000,334.96,335.62,334.35,334.8,7872.455
1726128000000,334.79,335.84,334.44,334.86,5804.232
1726131600000,334.86,335.6,333.19,333.48,6042.07
1726135200000,333.48,334.29,333.11,333.51,6571.755
1726138800000,333.52,335.2,332.81,334.42,7608.551
1726142400000,334.43,334.47,332.02,333.0,10959.477
1726146000000,332.99,335.84,332.03,333.52,15461.366
1726149600000,333.54,336.49,332.67,332.8,19550.292
1726153200000,332.85,334.49,329.72,330.35,20493.394
1726156800000,330.35,332.72,330.28,332.31,9817.936
1726160400000,332.3,334.44,332.18,333.96,7638.747
1726164000000,333.95,333.95,331.09,332.29,7061.933
1726167600000,332.29,333.43,331.9,333.42,6111.36
1726171200000,333.4,333.4,331.45,331.65,3412.52
1726174800000,331.68,332.74,330.76,331.3,5806.089
1726178400000,331.3,333.7,331.23,333.06,5163.729
1726182000000,333.05,333.54,332.56,332.74,3587.528
1726185600000,332.73,333.08,331.02,331.17,7091.816
1726189200000,331.15,332.37,329.97,331.7,7132.039
1726192800000,331.71,332.04,330.82,330.88,4177.639
1726196400000,330.85,331.13,329.91,329.92,5451.172
1726200000000,329.93,330.61,329.22,329.24,5955.63
1726203600000,329.24,330.33,329.14,329.74,5226.521
1726207200000,329.75,329.8,327.55,327.95,9079.891
1726210800000,327.96,329.16,327.24,328.9,8881.562
1726214400000,328.9,329.29,328.0,328.29,4692.589
1726218000000,328.28,329.55,327.92,328.48,5463.412
1726221600000,328.45,331.61,328.2,331.61,8503.262
1726225200000,331.6,331.62,327.29,327.77,10508.524
1726228800000,327.82,329.04,326.67,328.82,12783.649
1726232400000,328.81,330.29,328.03,329.75,8148.051
1726236000000,329.76,332.15,329.12,331.3,16046.748
1726239600000,331.31,336.86,330.99,336.51,34441.656
1726243200000,336.47,337.53,332.71,333.94,17342.409
1726246800000,333.95,336.82,333.89,334.6,9805.477
1726250400000,334.59,335.57,333.31,334.09,15103.283
1726254000000,334.08,334.64,331.81,332.48,8643.909
1726257600000,332.5,334.41,332.18,333.35,9849.963
1726261200000,333.34,336.24,333.27,334.8,10621.15
1726264800000,334.8,336.64,334.75,336.12,9844.586
1726268400000,336.12,336.2,334.11,335.3,4059.847
1726272000000,335.3,336.58,334.23,335.43,6701.352
1726275600000,335.48,337.52,335.18,335.21,10158.157
1726279200000,335.22,336.34,334.4,334.4,3853.454
1726282800000,334.41,335.01,333.33,333.57,5136.617
1726286400000,333.57,333.75,332.37,332.78,4955.418
1726290000000,332.77,333.32,330.6,330.65,5986.976
1726293600000,330.69,332.11,330.32,331.54,4537.204
1726297200000,331.54,332.6,331.18,331.87,3271.594
1726300800000,331.86,332.06,330.23,330.59,4276.996
1726304400000,330.59,331.14,329.0,331.11,8611.186
1726308000000,331.1,331.1,329.55,329.99,9459.088
1726311600000,329.98,329.98,328.02,329.16,8845.438
1726315200000,329.17,330.69,328.59,329.85,12692.958
1726318800000,329.86,330.46,328.83,329.01,7324.256
1726322400000,329.01,330.73,328.45,330.22,4706.628
1726326000000,330.22,330.56,328.61,328.8,5555.802
1726329600000,328.79,329.16,327.39,328.27,8258.236
1726333200000,328.26,328.39,327.45,328.18,3286.267
1726336800000,328.17,328.23,324.86,327.63,17300.782
1726340400000,327.64,328.59,327.25,327.35,3998.292
1726344000000,327.36,328.95,327.3,328.42,3616.179
1726347600000,328.42,329.1,326.55,327.29,5728.854
1726351200000,327.29,327.76,326.24,327.05,4774.713
1726354800000,327.05,327.69,326.39,326.85,4650.542
1726358400000,326.84,328.39,326.64,327.16,5280.542
1726362000000,327.17,328.62,327.17,328.2,4141.598
1726365600000,328.21,328.8,327.35,328.63,4448.327
1726369200000,328.63,328.92,327.68,327.84,4865.389
1726372800000,327.76,327.96,326.42,326.69,4940.603
1726376400000,326.65,328.1,326.61,326.68,3314.136
1726380000000,326.68,327.4,326.6,327.22,3060.696
1726383600000,327.22,327.59,326.52,327.59,2824.54
1726387200000,327.58,327.58,325.92,326.15,6072.708
1726390800000,326.15,326.71,325.58,326.23,3859.291
1726394400000,326.23,326.94,324.9,326.05,9329.161
1726398000000,326.05,326.35,324.62,326.23,6962.264
1726401600000,326.23,327.65,325.98,326.8,5110.088
1726405200000,326.81,328.08,326.02,326.45,5645.556
1726408800000,326.44,326.76,323.46,325.31,11773.499
1726412400000,325.3,325.82,323.09,324.07,12963.048
1726416000000,324.06,324.06,319.23,320.16,20189.339
1726419600000,320.15,320.94,318.5,320.21,22932.501
1726423200000,320.21,321.08,318.87,320.13,9840.198
1726426800000,320.12,320.91,318.82,319.56,7262.136
1726430400000,319.55,319.81,318.09,318.86,7755.368
1726434000000,318.85,318.88,315.05,318.46,16913.702
1726437600000,318.46,318.56,316.86,318.06,6288.615
1726441200000,318.04,318.1,313.44,316.1,27737.6
1726444800000,316.09,316.89,313.24,314.4,24909.625
1726448400000,314.39,314.82,312.14,313.06,12886.394
1726452000000,313.06,313.51,310.45,311.17,15011.499
1726455600000,311.17,313.69,310.67,313.44,10590.84
1726459200000,313.45,314.18,312.98,313.56,11008.245
1726462800000,313.56,315.34,313.5,315.12,6076.459
1726466400000,315.09,315.93,313.38,314.22,6900.599
1726470000000,314.21,316.0,313.8,315.37,9028.87
1726473600000,315.38,317.02,314.85,315.04,21373.737
1726477200000,315.03,315.49,312.81,313.59,9534.838
1726480800000,313.59,314.15,312.66,313.79,5935.612
1726484400000,313.79,314.46,313.53,313.65,3608.191
1726488000000,313.64,313.83,312.31,312.61,7583.983
1726491600000,312.56,313.26,310.6,313.17,11614.016
1726495200000,313.1,313.44,309.17,311.08,13885.38
1726498800000,311.08,313.86,310.65,312.11,8693.675
1726502400000,312.11,313.42,311.84,312.61,5657.318
1726506000000,312.6,313.93,310.14,313.41,17284.458
1726509600000,313.4,313.62,311.35,311.77,6726.468
1726513200000,311.77,312.62,310.36,312.07,4795.232
1726516800000,312.06,312.34,309.21,309.4,7762.581
1726520400000,309.39,310.65,308.54,310.6,7615.161
1726524000000,310.6,310.64,309.65,310.37,3002.819
1726527600000,310.36,312.49,310.35,311.57,4285.5
1726531200000,311.57,312.16,309.09,309.33,6449.903
1726534800000,309.32,311.58,309.22,311.49,5272.717
1726538400000,311.46,312.89,311.0,312.25,4889.116
1726542000000,312.25,313.14,312.12,312.5,2697.641
1726545600000,312.5,313.78,312.36,313.78,3520.207
1726549200000,313.78,317.11,313.67,316.49,9455.407
1726552800000,316.5,316.66,314.7,315.46,7644.315
1726556400000,315.46,315.97,314.76,314.83,4062.788
1726560000000,314.83,315.56,313.39,313.48,4968.329
1726563600000,313.41,314.06,311.55,312.23,7253.748
1726567200000,312.24,313.64,311.9,313.48,6725.298
1726570800000,313.45,314.0,311.72,312.24,6649.775
1726574400000,312.24,314.46,312.02,314.21,5314.749
1726578000000,314.21,314.46,311.32,311.63,10008.822
1726581600000,311.64,317.43,311.45,316.3,29441.274
1726585200000,316.39,321.37,316.36,319.73,32437.806
1726588800000,319.74,320.28,315.84,316.57,14456.541
1726592400000,316.58,317.87,315.61,315.97,8794.681
1726596000000,315.97,316.43,312.88,313.9,7659.07
1726599600000,313.89,314.79,311.44,313.3,9764.459
1726603200000,313.31,314.44,312.12,312.97,8947.587
1726606800000,312.97,314.65,312.88,314.2,2919.643
1726610400000,314.2,314.2,312.55,313.23,4312.35
1726614000000,313.22,314.05,312.52,313.99,2980.905
1726617600000,313.99,314.0,311.16,313.08,10820.43
1726621200000,313.06,313.37,312.03,312.76,4578.067
1726624800000,312.75,314.8,312.4,314.78,9923.489
1726628400000,314.77,315.92,314.6,314.74,7832.621
1726632000000,314.73,315.51,313.64,313.84,6010.014
1726635600000,313.81,313.81,312.63,313.3,4161.115
1726639200000,313.3,314.46,312.91,313.97,3662.488
1726642800000,313.96,314.91,313.87,314.37,3342.61
1726646400000,314.37,314.41,312.54,312.68,4809.253
1726650000000,312.67,312.72,309.6,309.69,9243.005
1726653600000,309.68,311.6,308.75,311.43,11271.094
1726657200000,311.42,312.03,311.02,311.1,3636.173
1726660800000,311.11,312.12,310.29,311.65,4655.787
1726664400000,311.65,312.34,307.28,308.14,15861.316
1726668000000,308.11,309.92,307.6,308.98,7436.533
1726671600000,308.98,310.01,306.04,307.17,10169.064
1726675200000,307.17,309.65,306.1,309.31,6223.216
1726678800000,309.31,312.17,308.02,310.93,8263.971
1726682400000,310.87,316.17,310.3,313.92,40061.875
1726686000000,313.9,314.34,310.91,312.37,14322.987
1726689600000,312.28,314.1,310.11,313.94,6638.246
1726693200000,313.91,315.0,312.98,313.4,5312.51
1726696800000,313.39,314.66,313.1,314.46,5132.454
1726700400000,314.47,328.0,314.47,326.8,55380.366
1726704000000,326.85,341.0,326.12,338.8,113004.871
1726707600000,338.81,346.15,338.61,345.28,59899.924
1726711200000,345.28,349.84,343.68,344.47,35652.978
1726714800000,344.47,345.75,342.66,342.92,16738.674
1726718400000,342.92,343.89,340.76,343.47,14477.629
1726722000000,343.48,345.66,342.98,343.74,10941.498
1726725600000,343.73,343.82,341.42,342.6,10556.666
1726729200000,342.59,346.15,342.02,345.82,13965.903
1726732800000,345.81,346.23,342.73,342.83,9544.593
1726736400000,342.82,346.92,342.15,346.58,12757.224
1726740000000,346.58,347.93,345.4,345.54,10884.974
1726743600000,345.55,348.03,344.64,347.93,9573.823
1726747200000,347.92,349.09,335.94,340.22,82545.092
1726750800000,340.21,341.01,338.22,340.13,16836.144
1726754400000,340.13,341.3,338.89,339.27,15183.518
1726758000000,339.26,340.29,337.7,340.15,10754.914
1726761600000,340.15,346.25,339.96,344.75,22014.765
1726765200000,344.72,345.41,341.77,343.43,9326.842
1726768800000,343.42,343.81,341.59,342.16,5804.609
1726772400000,342.15,342.28,340.61,341.16,6415.012
1726776000000,341.18,342.01,341.01,341.12,3856.82
1726779600000,341.12,341.48,339.39,339.39,5102.784
1726783200000,339.39,341.08,337.89,340.88,13408.695
1726786800000,340.88,341.0,339.45,339.86,5990.746
1726790400000,339.86,340.68,336.57,337.3,11436.413
1726794000000,337.3,338.16,334.7,338.03,13479.468
1726797600000,338.03,339.22,336.9,339.21,7080.86
1726801200000,339.16,343.32,339.03,343.24,22088.429
1726804800000,343.23,345.15,341.69,343.96,24988.111
1726808400000,343.97,344.98,339.93,341.32,27194.634
1726812000000,341.32,343.64,340.01,343.33,24610.973
1726815600000,343.31,343.35,340.66,342.8,10559.635
1726819200000,342.81,342.84,338.0,340.31,16529.962
1726822800000,340.28,341.14,339.37,339.49,8125.807
1726826400000,339.5,341.41,339.37,341.3,5496.417
1726830000000,341.26,341.32,337.92,339.68,12692.628
1726833600000,339.68,342.79,338.85,340.91,9480.479
1726837200000,340.91,341.37,333.33,333.82,41860.637
1726840800000,333.82,336.85,332.8,334.91,22328.333
1726844400000,334.91,335.41,332.42,334.03,13235.046
1726848000000,334.05,335.48,332.73,333.62,6837.9
1726851600000,333.62,334.08,332.23,333.5,6847.765
1726855200000,333.49,334.37,332.06,334.08,8786.061
1726858800000,334.09,335.32,333.5,334.72,6473.937
1726862400000,334.73,336.7,334.58,335.83,6705.73
1726866000000,335.84,337.25,335.03,335.58,5736.094
1726869600000,335.58,336.09,334.84,335.03,7018.452
1726873200000,335.02,335.75,334.51,335.62,4989.038
1726876800000,335.63,335.98,333.89,334.95,9375.384
1726880400000,334.95,335.45,331.23,331.54,14924.175
1726884000000,331.56,333.8,330.4,333.7,6816.45
1726887600000,333.71,335.16,333.46,333.96,5405.032
1726891200000,333.94,334.16,331.67,333.22,5363.367
1726894800000,333.22,336.06,332.74,334.68,6578.469
1726898400000,334.68,335.89,334.32,334.37,3974.784
1726902000000,334.37,336.76,334.36,336.18,6380.154
1726905600000,336.19,336.65,335.0,335.65,3920.41
1726909200000,335.65,337.5,335.51,337.4,5820.484
1726912800000,337.41,338.29,336.8,337.44,8424.636
1726916400000,337.44,339.04,337.14,338.9,7971.57
1726920000000,338.9,340.59,338.23,340.38,7717.033
1726923600000,340.37,342.74,339.94,340.27,16998.96
1726927200000,340.27,341.68,338.0,340.58,10510.532
1726930800000,340.58,341.79,338.59,340.46,8827.767
1726934400000,340.47,342.0,340.35,341.97,9429.554
1726938000000,341.98,343.73,341.53,341.91,8048.26
1726941600000,341.92,343.32,341.53,341.99,7172.787
1726945200000,342.0,342.92,340.94,342.84,7485.456
1726948800000,342.79,344.06,342.23,343.19,11802.353
1726952400000,343.2,343.73,342.48,342.96,5655.435
1726956000000,342.96,343.94,342.43,343.25,10881.298
1726959600000,343.24,346.62,342.85,345.23,13254.709
1726963200000,345.24,347.2,343.2,345.89,14559.227
1726966800000,345.88,346.6,343.87,343.87,15624.499
1726970400000,343.86,344.06,340.61,341.89,15231.231
1726974000000,341.9,343.92,341.39,343.52,7791.059
1726977600000,343.44,344.88,343.16,343.81,5386.83
1726981200000,343.82,344.18,341.59,341.61,6330.836
1726984800000,341.62,342.51,340.51,341.0,4501.562
1726988400000,341.0,342.1,340.12,341.93,4704.169
1726992000000,341.94,342.57,341.32,342.22,3153.872
1726995600000,342.22,342.28,338.89,339.13,7463.798
1726999200000,339.14,339.53,336.03,337.62,9725.761
1727002800000,337.63,339.9,336.03,338.8,8303.637
1727006400000,338.8,339.43,337.6,338.75,4996.499
1727010000000,338.76,339.19,336.41,337.0,6197.732
1727013600000,337.0,338.82,336.06,337.66,6876.996
1727017200000,337.67,340.02,336.89,339.41,7078.139
1727020800000,339.41,339.53,336.47,339.18,8826.024
1727024400000,339.17,342.35,339.06,342.34,9805.396
1727028000000,342.35,342.4,340.04,341.03,5255.919
1727031600000,341.03,341.97,338.37,340.93,6423.463
1727035200000,340.93,342.18,339.76,340.04,5003.428
1727038800000,340.04,341.38,336.17,336.58,7107.502
1727042400000,336.58,343.88,333.6,343.18,27009.28
1727046000000,343.18,343.5,341.12,342.43,10033.092
1727049600000,342.44,342.83,335.76,341.63,24945.321
1727053200000,341.62,342.17,340.5,341.69,10297.983
1727056800000,341.68,343.91,340.92,343.91,9635.509
1727060400000,343.92,349.12,343.75,345.9,23592.812
1727064000000,345.9,346.26,340.51,342.54,14164.038
1727067600000,342.54,343.85,341.61,342.98,7073.606
1727071200000,342.97,344.12,341.89,343.81,6452.395
1727074800000,343.81,343.87,340.2,340.73,9734.603
1727078400000,340.73,341.25,338.49,339.26,10187.579
1727082000000,339.28,341.17,339.11,341.0,5998.348
1727085600000,341.01,341.17,338.64,339.32,5338.389
1727089200000,339.33,340.15,337.6,339.86,8305.986
1727092800000,339.86,340.38,337.67,338.46,7967.556
1727096400000,338.46,339.39,337.57,338.58,6568.966
1727100000000,338.6,341.5,337.87,339.75,11450.993
1727103600000,339.75,340.42,337.13,339.41,9483.39
1727107200000,339.4,340.98,337.82,337.96,9091.357
1727110800000,337.91,340.05,337.29,339.89,5394.835
1727114400000,339.89,343.24,339.69,342.77,7674.195
1727118000000,342.77,343.92,341.54,341.72,9677.015
1727121600000,341.73,342.07,340.21,340.68,5537.802
1727125200000,340.68,342.05,339.69,341.52,7780.647
1727128800000,341.53,343.23,340.49,341.98,3807.842
1727132400000,341.96,343.12,341.42,341.69,3837.278
1727136000000,341.66,342.12,337.89,338.23,13170.306
1727139600000,338.26,340.58,337.33,338.62,9495.57
1727143200000,338.6,339.32,336.67,339.02,6845.057
1727146800000,339.03,340.08,338.55,339.69,4309.985
1727150400000,339.67,339.84,337.66,338.38,5379.674
1727154000000,338.37,339.99,338.17,339.55,2930.581
1727157600000,339.54,341.92,339.42,340.96,7958.077
1727161200000,340.97,342.14,339.56,341.05,6579.132
1727164800000,341.05,343.59,340.66,343.08,7188.802
1727168400000,343.09,343.74,340.72,340.96,7611.123
1727172000000,340.97,343.44,340.9,342.57,4355.24
1727175600000,342.58,344.59,341.88,343.47,9626.648
1727179200000,343.49,347.61,342.8,343.19,22281.562
1727182800000,343.19,345.78,343.08,343.68,7117.873
1727186400000,343.69,343.81,338.96,341.51,22824.903
1727190000000,341.51,342.73,340.14,341.39,8453.394
1727193600000,341.39,343.06,341.3,342.51,5407.909
1727197200000,342.52,346.47,342.25,345.1,12801.523
1727200800000,345.07,346.48,344.2,345.69,6062.866
1727204400000,345.68,347.35,345.55,346.89,9123.922
1727208000000,346.89,347.72,345.11,346.32,10273.283
1727211600000,346.29,346.96,345.52,346.48,5553.215
1727215200000,346.48,348.77,346.06,348.14,12904.803
1727218800000,348.14,351.62,346.93,347.63,28089.283
1727222400000,347.7,350.29,346.26,349.73,16483.707
1727226000000,349.74,355.4,349.37,352.26,22527.637
1727229600000,352.27,355.38,351.89,354.25,12315.684
1727233200000,354.24,354.33,351.79,353.66,5296.095
1727236800000,353.66,353.84,347.45,347.74,10470.378
1727240400000,347.75,353.74,347.73,350.42,19415.665
1727244000000,350.42,350.85,347.01,347.62,12315.81
1727247600000,347.62,348.86,346.2,348.84,7806.676
1727251200000,348.85,350.08,348.02,349.72,6326.029
1727254800000,349.73,349.77,346.61,346.62,6386.537
1727258400000,346.63,348.0,345.94,346.81,8667.823
1727262000000,346.81,348.39,345.5,347.97,8720.043
1727265600000,347.98,348.17,345.77,345.85,4061.515
1727269200000,345.86,346.76,344.58,346.62,9520.386
1727272800000,346.62,349.0,346.53,348.79,8952.16
1727276400000,348.83,349.54,345.51,345.93,10309.601
1727280000000,345.98,347.5,345.45,346.93,7514.043
1727283600000,346.94,347.5,343.12,343.92,13400.954
1727287200000,343.93,345.58,343.27,345.14,4800.653
1727290800000,345.1,345.55,342.75,344.97,5647.273
1727294400000,344.97,346.52,344.21,346.44,3956.5
1727298000000,346.44,347.4,345.72,346.53,4163.162
1727301600000,346.52,346.83,342.59,344.08,9004.467
1727305200000,344.15,344.47,340.76,343.17,9506.169
1727308800000,343.22,344.9,338.94,339.99,13045.619
1727312400000,339.98,342.43,338.7,342.43,9632.771
1727316000000,342.42,343.89,341.81,342.95,7667.848
1727319600000,342.95,344.18,342.39,343.9,5098.245
1727323200000,343.88,344.13,342.95,343.4,3118.919
1727326800000,343.39,346.57,342.94,345.65,11326.935
1727330400000,345.66,348.28,345.18,347.74,8241.857
1727334000000,347.74,348.98,347.29,348.13,7078.203
1727337600000,348.12,348.51,345.94,346.25,6747.931
1727341200000,346.26,348.18,345.87,347.48,6236.687
1727344800000,347.48,351.63,347.48,350.79,17192.999
1727348400000,350.78,350.97,347.62,348.7,11279.833
1727352000000,348.73,350.09,347.7,349.4,10221.667
1727355600000,349.39,351.43,348.12,349.81,15153.01
1727359200000,349.85,354.51,349.83,350.1,29129.261
1727362800000,350.13,355.46,349.12,353.24,23759.042
1727366400000,353.24,358.0,352.63,354.46,18702.828
1727370000000,354.48,357.14,352.5,353.2,16027.336
1727373600000,353.21,355.31,352.33,355.31,6548.742
1727377200000,355.31,356.02,351.48,351.86,6087.296
1727380800000,351.87,353.23,349.0,349.06,8667.68
1727384400000,349.05,352.78,348.93,352.59,4316.195
1727388000000,352.59,353.94,351.76,353.78,4810.628
1727391600000,353.78,353.78,349.18,351.65,8300.637
1727395200000,351.64,358.11,351.56,357.25,23227.233
1727398800000,357.26,360.0,355.94,359.79,22943.476
1727402400000,359.75,363.58,356.38,356.43,22304.807
1727406000000,356.45,360.31,355.58,360.07,12244.293
1727409600000,360.07,360.66,358.66,359.86,9330.651
1727413200000,359.86,362.44,358.72,360.8,14129.371
1727416800000,360.84,362.44,359.08,359.64,15552.356
1727420400000,359.64,360.34,358.84,359.66,8498.551
1727424000000,359.66,361.96,359.24,360.62,10290.141
1727427600000,360.61,362.58,359.88,360.03,8966.689
1727431200000,360.02,360.28,355.89,357.15,17130.491
1727434800000,357.16,359.02,357.0,358.34,6008.183
1727438400000,358.34,360.67,356.86,360.3,7564.091
1727442000000,360.33,360.77,356.98,358.8,9328.199
1727445600000,358.83,364.1,358.19,361.55,21824.611
1727449200000,361.55,364.53,361.01,361.38,9876.609
1727452800000,361.36,363.25,360.02,363.11,8707.017
1727456400000,363.1,363.79,358.4,360.44,10064.804
1727460000000,360.43,360.95,358.71,360.25,5147.571
1727463600000,360.3,361.11,359.17,359.55,4116.732
1727467200000,359.52,359.97,358.44,359.36,2767.627
1727470800000,359.37,359.53,357.7,358.15,2661.923
1727474400000,358.15,359.91,357.49,359.33,3413.596
1727478000000,359.34,359.97,357.9,358.53,3069.233
1727481600000,358.53,359.73,358.07,358.72,5115.99
1727485200000,358.71,358.75,356.96,358.51,7090.663
1727488800000,358.52,360.98,358.49,359.94,8108.256
1727492400000,359.94,360.2,357.45,358.82,7637.864
1727496000000,358.79,359.75,358.02,358.4,5421.684
1727499600000,358.4,358.56,354.35,354.37,14485.866
1727503200000,354.41,355.07,350.05,351.7,25071.668
1727506800000,351.7,352.83,350.24,351.05,7115.536
1727510400000,351.04,351.11,348.4,349.11,14005.289
1727514000000,349.1,350.75,345.49,350.42,19025.801
1727517600000,350.42,352.68,349.49,351.96,7710.226
1727521200000,351.99,352.33,351.0,352.3,4051.562
1727524800000,352.3,352.3,349.32,350.59,7129.147
1727528400000,350.6,351.11,348.66,350.45,7332.021
1727532000000,350.44,352.68,350.4,351.54,9182.557
1727535600000,351.55,353.0,350.05,350.16,9365.149
1727539200000,350.16,350.74,348.62,349.8,10371.3
1727542800000,349.83,352.21,349.44,351.61,4964.829
1727546400000,351.6,352.8,351.09,351.72,3306.661
1727550000000,351.71,352.67,351.62,352.04,1930.417
1727553600000,352.03,352.61,351.28,351.63,1902.451
1727557200000,351.63,351.76,348.95,351.69,4513.607
1727560800000,351.68,353.08,350.69,352.6,4475.501
1727564400000,352.6,353.32,351.48,352.09,4606.53
1727568000000,352.07,353.42,350.02,350.6,7063.279
1727571600000,350.6,352.54,349.81,352.31,6967.538
1727575200000,352.3,353.79,351.52,352.1,8131.78
1727578800000,352.1,352.83,350.91,352.76,2920.503
1727582400000,352.78,352.81,350.27,351.39,3215.469
1727586000000,351.39,351.79,349.7,350.59,3649.748
1727589600000,350.59,350.73,347.54,348.15,10652.326
1727593200000,348.16,348.96,346.02,346.43,5963.053
1727596800000,346.42,348.53,345.57,347.99,9485.518
1727600400000,347.99,349.47,347.36,347.58,6555.819
1727604000000,347.57,348.14,346.11,348.0,3010.212
1727607600000,348.0,349.14,347.8,348.57,3798.407
1727611200000,348.58,349.22,346.1,346.48,6530.67
1727614800000,346.49,349.88,345.17,349.53,9902.295
1727618400000,349.55,349.93,348.02,348.37,5300.608
1727622000000,348.37,350.17,348.04,349.67,7064.942
1727625600000,349.65,350.08,347.33,348.91,12193.907
1727629200000,348.91,352.0,348.76,351.03,9846.911
1727632800000,351.04,351.35,350.0,350.76,4160.839
1727636400000,350.77,356.3,350.69,354.09,16248.666
1727640000000,354.1,356.3,351.92,355.0,22787.84
1727643600000,355.0,358.05,354.43,356.07,9171.953
1727647200000,356.04,356.74,352.2,352.91,13536.053
1727650800000,352.89,353.67,350.69,352.36,7526.664
1727654400000,352.37,352.86,347.51,352.7,16259.679
1727658000000,352.7,353.62,347.59,348.01,12898.933
1727661600000,347.9,348.53,344.44,344.64,15886.061
1727665200000,344.66,346.43,340.68,345.96,24397.301
1727668800000,345.96,346.11,343.38,345.62,6576.73
1727672400000,345.62,347.29,344.97,347.15,3999.179
1727676000000,347.15,348.61,345.01,345.02,7393.162
1727679600000,345.0,348.44,345.0,348.01,4701.771
1727683200000,348.01,348.56,346.29,348.08,7136.945
1727686800000,348.08,348.08,342.0,342.0,11371.305
1727690400000,342.0,343.39,338.3,342.32,24369.871
1727694000000,342.26,344.2,340.96,343.72,11821.699
1727697600000,343.72,345.19,343.03,344.91,6392.509
1727701200000,344.93,345.74,343.28,343.28,7588.275
1727704800000,343.28,343.99,340.66,342.15,10357.86
1727708400000,342.17,343.77,340.1,340.45,9852.191
1727712000000,340.43,343.14,340.09,342.33,8091.456
1727715600000,342.34,343.02,340.62,343.0,5815.005
1727719200000,343.0,343.19,339.74,341.96,10084.683
1727722800000,341.99,342.39,340.25,340.9,5940.311
1727726400000,340.88,343.88,340.54,343.62,5592.444
1727730000000,343.67,343.72,342.0,342.06,3471.947
1727733600000,342.07,342.3,338.25,338.58,8591.672
1727737200000,338.59,339.75,334.0,336.89,18421.852
1727740800000,336.92,341.06,335.76,340.39,12250.431
1727744400000,340.33,341.76,339.7,340.48,5019.176
1727748000000,340.44,342.89,338.47,342.54,6275.492
1727751600000,342.53,344.81,342.02,344.46,7039.342
1727755200000,344.46,345.19,343.45,344.44,6303.855
1727758800000,344.45,344.67,343.0,344.63,3568.66
1727762400000,344.64,346.76,344.47,346.33,8624.524
1727766000000,346.34,347.4,345.35,345.76,6853.281
1727769600000,345.76,345.99,344.27,344.66,5327.881
1727773200000,344.66,345.66,343.72,343.96,4310.407
1727776800000,343.95,344.45,342.85,344.2,3860.461
1727780400000,344.21,344.48,342.73,342.82,3551.332
1727784000000,342.82,344.25,340.95,341.11,8836.994
1727787600000,341.08,341.57,329.88,335.89,41077.199
1727791200000,335.88,337.26,329.0,330.69,29375.483
1727794800000,330.69,331.24,318.74,327.72,54075.167
1727798400000,327.74,329.62,321.62,325.52,30021.035
1727802000000,325.44,325.44,310.0,322.95,55726.454
1727805600000,322.96,325.74,320.08,321.91,21995.292
1727809200000,321.88,322.41,319.01,319.71,11497.052
1727812800000,319.73,320.11,311.12,317.04,25713.901
1727816400000,316.99,319.84,314.41,319.63,6604.355
1727820000000,319.6,319.66,316.47,317.34,6379.197
1727823600000,317.36,318.6,315.8,317.42,6917.236
1727827200000,317.41,320.7,315.29,318.45,11343.67
1727830800000,318.43,321.97,317.97,321.95,8118.833
1727834400000,321.95,323.82,320.85,323.4,7140.087
1727838000000,323.4,323.84,322.22,323.34,7622.941
1727841600000,323.34,323.45,321.51,322.02,9036.88
1727845200000,321.99,323.3,320.57,321.71,5422.306
1727848800000,321.7,323.87,320.74,323.02,6767.124
1727852400000,323.03,324.29,321.69,322.21,5182.954
1727856000000,322.21,323.47,321.17,322.99,6558.905
1727859600000,323.01,323.21,316.34,316.97,12593.215
1727863200000,316.96,319.02,315.83,315.89,13593.619
1727866800000,315.91,319.53,314.17,317.74,18337.23
1727870400000,317.75,318.36,313.6,314.26,18580.675
1727874000000,314.26,318.93,313.28,318.2,18062.425
1727877600000,318.16,319.4,315.68,316.17,15290.927
1727881200000,316.18,320.62,315.68,320.08,9361.557
1727884800000,320.09,322.45,318.7,319.02,11766.614
1727888400000,319.03,319.49,316.56,318.19,8800.377
1727892000000,318.2,318.6,311.22,311.33,16755.373
1727895600000,311.32,316.24,308.57,315.24,26661.308
1727899200000,315.15,318.42,312.9,317.51,19916.182
1727902800000,317.52,318.05,315.0,315.35,4879.368
1727906400000,315.35,315.97,312.44,315.89,8695.586
1727910000000,315.9,316.36,315.19,315.8,5768.212
1727913600000,315.8,317.8,313.22,316.92,11824.022
1727917200000,316.91,319.3,316.84,318.81,5171.851
1727920800000,318.81,319.55,317.94,318.64,5234.017
1727924400000,318.64,319.7,317.81,319.69,6023.815
1727928000000,319.68,319.8,317.8,318.96,3988.481
1727931600000,318.96,319.34,317.34,317.48,4255.429
1727935200000,317.48,319.08,317.04,318.25,2892.802
1727938800000,318.26,318.86,314.32,314.94,6866.901
1727942400000,314.92,315.42,310.03,311.32,17795.53
1727946000000,311.29,313.94,307.44,313.83,16188.885
1727949600000,313.83,316.09,312.52,315.99,12109.378
1727953200000,315.96,316.43,313.42,313.97,10463.274
1727956800000,313.98,314.35,311.15,312.99,9920.48
1727960400000,313.03,313.44,307.23,310.51,31720.748
1727964000000,310.53,323.9,310.05,313.85,95688.891
1727967600000,313.86,317.8,310.86,317.41,20800.367
1727971200000,317.38,317.79,312.27,312.74,13440.047
1727974800000,312.75,317.38,311.06,317.09,11190.492
1727978400000,317.09,319.08,316.27,317.84,8838.751
1727982000000,317.84,319.82,317.58,319.68,6636.51
1727985600000,319.6,320.15,317.2,317.6,6625.692
1727989200000,317.63,318.93,316.24,318.68,4224.474
1727992800000,318.68,320.47,317.37,319.73,5338.447
1727996400000,319.74,321.0,318.46,320.18,7290.44
1728000000000,320.15,321.39,318.67,320.11,11226.346
1728003600000,320.11,324.03,319.69,323.62,9726.278
1728007200000,323.68,325.0,319.2,319.42,31179.794
1728010800000,319.42,319.98,317.65,319.48,17455.807
1728014400000,319.48,321.44,318.76,319.27,16450.22
1728018000000,319.27,322.04,319.12,321.65,4673.93
1728021600000,321.74,322.53,319.43,319.63,9675.205
1728025200000,319.6,321.54,319.03,321.08,10892.416
1728028800000,321.07,322.27,318.45,319.55,23305.876
1728032400000,319.55,321.52,319.23,320.29,6291.918
1728036000000,320.28,320.88,319.3,319.46,4849.713
1728039600000,319.48,321.01,319.18,320.82,4316.613
1728043200000,320.86,323.25,319.07,323.24,13460.301
1728046800000,323.24,324.1,321.28,321.66,12106.089
1728050400000,321.66,321.76,318.49,320.71,12362.586
1728054000000,320.71,322.93,320.6,322.6,8979.391
1728057600000,322.64,325.92,321.96,324.49,14525.878
1728061200000,324.48,325.4,323.09,323.56,7326.327
1728064800000,323.57,325.44,323.22,325.14,4101.353
1728068400000,325.12,325.64,323.49,324.91,10926.866
1728072000000,324.91,325.17,323.04,324.18,5323.741
1728075600000,324.19,324.84,323.66,323.93,3305.196
1728079200000,323.92,324.34,323.02,323.85,4735.162
1728082800000,323.85,325.19,321.9,324.58,14583.617
1728086400000,324.58,325.3,324.0,325.27,5438.58
1728090000000,325.28,325.28,322.99,324.19,5506.34
1728093600000,324.19,324.31,320.53,320.96,6417.913
1728097200000,320.97,323.03,319.72,322.21,8738.411
1728100800000,322.21,322.97,321.02,322.13,3279.481
1728104400000,322.14,324.35,322.11,323.85,4405.936
1728108000000,323.85,324.63,322.57,324.41,4099.404
1728111600000,324.43,324.74,323.55,323.62,2476.012
1728115200000,323.63,325.42,323.49,324.68,5954.215
1728118800000,324.69,325.06,324.21,324.49,2247.916
1728122400000,324.49,324.49,322.56,322.76,5842.204
1728126000000,322.75,323.83,322.2,323.21,3116.997
1728129600000,323.22,324.11,323.0,324.02,1746.248
1728133200000,324.03,324.59,322.05,322.42,4457.158
1728136800000,322.42,324.18,322.05,323.23,3814.384
1728140400000,323.21,323.59,322.2,322.72,3891.613
1728144000000,322.73,322.97,318.88,319.73,18788.294
1728147600000,319.74,321.44,319.3,321.06,3883.993
1728151200000,321.07,321.55,319.88,320.97,4066.437
1728154800000,320.98,321.0,319.26,319.87,4402.75
1728158400000,319.88,319.99,317.9,318.35,4376.746
1728162000000,318.35,320.31,317.87,319.37,2556.937
1728165600000,319.37,321.31,319.32,321.27,3481.595
1728169200000,321.25,321.7,320.04,321.64,2238.751
1728172800000,321.66,321.75,320.5,321.1,2959.799
1728176400000,321.1,323.6,321.04,322.74,3618.84
1728180000000,322.75,323.04,321.65,322.2,2214.109
1728183600000,322.18,323.16,321.43,321.48,3181.159
1728187200000,321.48,323.05,321.06,322.4,2869.676
1728190800000,322.4,323.21,321.8,322.92,2792.148
1728194400000,322.93,323.44,322.23,322.6,3483.521
1728198000000,322.61,323.24,322.36,322.76,3310.063
1728201600000,322.76,323.46,322.32,322.85,2652.396
1728205200000,322.84,323.5,322.53,322.81,1715.769
1728208800000,322.81,323.26,321.73,321.8,2857.387
1728212400000,321.79,323.25,321.74,322.7,3147.064
1728216000000,322.68,323.28,322.32,323.05,2918.858
1728219600000,323.06,325.24,322.69,322.92,9754.415
1728223200000,322.92,325.28,322.2,324.74,9933.099
1728226800000,324.74,325.02,323.0,323.91,6513.576
1728230400000,323.91,325.1,322.2,322.62,9913.297
1728234000000,322.63,323.69,322.05,322.25,4254.725
1728237600000,322.25,323.28,322.12,323.07,2624.954
1728241200000,323.07,324.09,322.73,323.08,4290.5
1728244800000,323.08,323.92,322.72,323.53,2677.331
1728248400000,323.54,323.97,321.41,321.47,3351.919
1728252000000,321.47,323.57,321.47,323.26,4480.94
1728255600000,323.28,324.76,323.28,324.29,3729.347
1728259200000,324.28,327.91,323.32,327.89,17299.26
1728262800000,327.89,329.72,327.72,329.38,11375.216
1728266400000,329.38,331.63,328.25,328.45,11607.115
1728270000000,328.45,329.58,327.02,328.65,9550.967
1728273600000,328.64,329.4,327.7,327.79,5260.664
1728277200000,327.76,328.96,327.23,327.86,3620.454
1728280800000,327.85,329.52,327.6,329.33,3893.544
1728284400000,329.33,329.4,327.72,327.98,3758.489
1728288000000,327.98,328.96,327.85,328.55,3536.206
1728291600000,328.56,328.76,325.26,326.48,15242.943
1728295200000,326.49,326.49,321.46,322.86,14731.823
1728298800000,322.8,325.0,319.88,324.89,17399.815
1728302400000,324.89,324.93,322.46,322.95,6114.541
1728306000000,322.94,331.41,322.43,328.05,46106.044
1728309600000,328.06,332.88,328.03,329.44,24195.7
1728313200000,329.44,331.39,327.29,330.22,11910.338
1728316800000,330.11,331.28,328.59,330.66,8799.22
1728320400000,330.64,331.69,329.33,331.31,6617.426
1728324000000,331.35,331.78,323.28,324.71,14061.402
1728327600000,324.8,328.54,324.31,328.06,8284.552
1728331200000,328.07,328.67,326.63,326.96,3922.582
1728334800000,326.85,329.4,326.69,329.35,3509.147
1728338400000,329.35,329.57,324.41,325.13,6707.808
1728342000000,325.14,326.47,322.66,323.45,11546.68
1728345600000,323.44,326.16,322.52,326.12,7333.944
1728349200000,326.12,327.59,325.38,326.9,6160.578
1728352800000,326.91,327.73,325.44,327.42,4081.503
1728356400000,327.47,327.7,326.31,326.95,3703.82
1728360000000,326.95,327.7,325.51,326.69,4222.673
1728363600000,326.6,327.06,323.02,324.28,8068.297
1728367200000,324.29,325.29,322.1,325.06,7288.528
1728370800000,325.06,325.07,321.41,324.23,5962.409
1728374400000,324.2,324.84,322.87,324.46,4618.21
1728378000000,324.46,326.4,322.68,325.41,7824.941
1728381600000,325.41,326.65,325.02,326.56,8003.614
1728385200000,326.56,328.92,326.18,328.68,8149.825
1728388800000,328.63,329.0,327.0,327.41,6348.117
1728392400000,327.41,330.76,326.4,330.65,17394.725
1728396000000,330.65,331.96,326.36,330.03,21084.151
1728399600000,330.08,331.71,326.24,329.89,18781.746
1728403200000,329.91,333.63,328.02,332.2,16506.412
1728406800000,332.2,333.11,327.52,329.89,16684.956
1728410400000,329.93,331.5,327.0,329.34,14179.721
1728414000000,329.35,330.86,327.99,330.18,8894.788
1728417600000,330.2,330.93,328.82,330.38,16929.452
1728421200000,330.38,331.59,329.7,330.84,3026.438
1728424800000,330.84,331.06,327.06,327.27,9580.484
1728428400000,327.28,328.9,326.69,328.89,5542.003
1728432000000,328.89,329.9,327.59,328.17,7664.056
1728435600000,328.17,330.33,327.42,328.77,8758.78
1728439200000,328.77,328.86,327.39,327.39,3280.848
1728442800000,327.38,328.7,326.51,328.09,4836.692
1728446400000,328.09,328.66,326.52,327.03,4675.391
1728450000000,327.02,328.95,327.01,328.79,4125.673
1728453600000,328.79,329.28,326.68,327.41,7556.356
1728457200000,327.43,327.53,325.36,327.05,8350.218
1728460800000,327.06,327.42,325.14,325.75,4289.456
1728464400000,325.76,326.81,325.35,326.54,3471.029
1728468000000,326.53,326.53,325.11,326.03,4162.299
1728471600000,326.02,326.57,325.23,326.26,2820.064
1728475200000,326.27,326.45,323.26,324.73,10658.528
1728478800000,324.73,325.4,323.31,323.32,8525.387
1728482400000,323.34,325.11,322.59,324.08,7246.105
1728486000000,324.08,327.54,324.08,326.19,10365.481
1728489600000,326.21,326.35,322.66,324.68,8736.373
1728493200000,324.65,325.42,323.81,324.94,3513.598
1728496800000,324.93,325.78,322.57,323.08,6977.371
1728500400000,323.05,324.11,322.06,323.97,8232.816
1728504000000,323.94,323.94,318.05,318.36,18145.587
1728507600000,318.32,321.74,317.7,321.35,7465.458
1728511200000,321.34,322.2,320.31,320.84,7603.255
1728514800000,320.84,321.1,319.95,320.35,3204.662
1728518400000,320.35,320.36,318.03,318.82,8207.583
1728522000000,318.82,321.95,318.73,321.39,9731.18
1728525600000,321.43,322.78,321.0,321.95,8582.912
1728529200000,321.95,323.04,321.84,321.97,2635.796
1728532800000,321.97,322.75,321.77,322.13,2728.574
1728536400000,322.14,323.45,321.52,322.79,2402.483
1728540000000,322.8,323.84,322.27,323.38,3268.433
1728543600000,323.38,323.6,321.76,321.85,3304.974
1728547200000,321.86,323.18,320.94,321.22,4191.109
1728550800000,321.21,321.89,319.31,321.36,11959.377
1728554400000,321.36,323.33,321.26,322.18,4431.355
1728558000000,322.19,323.89,322.19,323.36,3898.177
1728561600000,323.36,323.75,320.02,321.77,8058.098
1728565200000,321.79,323.12,320.23,321.75,9894.014
1728568800000,321.75,322.74,320.44,321.9,7695.625
1728572400000,321.94,324.4,320.82,324.36,6613.785
1728576000000,324.37,325.61,323.18,323.39,12515.076
1728579600000,323.39,324.9,318.5,319.87,14578.161
1728583200000,319.87,321.37,317.01,321.1,19772.978
1728586800000,321.07,321.74,319.65,321.74,13880.446
1728590400000,321.72,323.22,320.68,321.1,12079.595
1728594000000,321.1,322.32,320.1,322.32,11640.144
1728597600000,322.31,322.84,320.04,321.64,11504.308
1728601200000,321.65,322.9,321.63,322.73,3563.41
1728604800000,322.76,323.51,322.18,322.52,13767.366
1728608400000,322.53,324.74,321.78,323.44,5447.695
1728612000000,323.45,323.78,322.72,323.2,4614.346
1728615600000,323.2,324.57,323.2,323.67,3772.322
1728619200000,323.64,324.25,322.67,323.32,3438.761
1728622800000,323.33,323.81,321.98,322.01,3222.927
1728626400000,322.02,323.78,321.69,323.06,4255.355
1728630000000,323.07,324.0,322.74,323.77,3328.56
1728633600000,323.78,324.26,323.37,323.53,3400.087
1728637200000,323.54,324.64,323.5,324.27,5258.493
1728640800000,324.28,325.15,323.39,323.68,6020.549
1728644400000,323.68,323.89,322.58,323.27,4988.548
1728648000000,323.28,324.41,322.32,322.88,12681.601
1728651600000,322.89,324.96,322.46,324.27,13637.691
1728655200000,324.28,325.55,323.77,324.95,9832.339
1728658800000,324.96,326.9,324.71,326.13,11735.938
1728662400000,326.11,326.96,324.45,324.72,12255.375
1728666000000,324.73,326.98,324.41,326.45,22252.86
1728669600000,326.45,326.66,325.56,326.26,5458.315
1728673200000,326.26,328.72,326.07,327.79,9042.241
1728676800000,327.78,328.45,327.6,328.13,3192.29
1728680400000,328.13,328.64,327.71,328.0,3111.702
1728684000000,327.92,328.3,326.16,326.41,4572.592
1728687600000,326.41,327.72,326.1,326.77,4249.173
1728691200000,326.78,328.26,326.42,326.87,8608.999
1728694800000,326.88,327.55,326.29,327.18,3285.58
1728698400000,327.22,327.26,325.11,325.43,8658.53
1728702000000,325.42,325.76,324.63,324.9,4143.253
1728705600000,324.89,326.01,324.89,325.8,3025.484
1728709200000,325.79,327.26,325.46,327.26,5367.008
1728712800000,327.26,328.31,327.1,327.77,7578.914
1728716400000,327.76,330.12,327.24,329.49,10840.089
1728720000000,329.5,329.95,328.63,328.9,4324.602
1728723600000,328.98,330.5,328.5,330.5,5177.112
1728727200000,330.5,333.33,330.49,330.82,19561.307
1728730800000,330.8,331.39,329.0,329.6,13724.313
1728734400000,329.6,330.22,328.5,329.27,6177.008
1728738000000,329.25,330.27,329.09,330.15,3676.961
1728741600000,330.15,331.25,329.67,330.48,3942.418
1728745200000,330.49,331.6,329.02,329.6,6378.328
1728748800000,329.6,331.62,329.55,329.68,4219.508
1728752400000,329.68,330.62,329.21,329.54,2117.699
1728756000000,329.53,330.02,328.02,328.97,3976.058
1728759600000,328.98,329.6,328.43,329.22,1608.357
1728763200000,329.23,329.58,328.59,328.96,1833.127
1728766800000,328.96,329.34,328.4,329.16,2247.285
1728770400000,329.16,329.79,328.35,329.51,2588.358
1728774000000,329.51,330.27,328.93,329.06,3090.093
1728777600000,329.08,329.65,328.11,328.41,4279.847
1728781200000,328.4,328.45,325.86,327.26,8924.685
1728784800000,327.26,327.57,326.73,327.46,3711.439
1728788400000,327.49,327.86,325.17,325.64,8398.835
1728792000000,325.65,327.13,325.58,326.96,3233.342
1728795600000,326.96,327.8,326.32,326.72,4547.207
1728799200000,326.72,327.55,326.31,326.44,3354.028
1728802800000,326.45,326.64,325.3,326.48,3506.862
1728806400000,326.49,326.8,325.15,325.47,4031.833
1728810000000,325.46,326.25,325.32,325.95,2125.173
1728813600000,325.89,326.4,325.14,325.17,4976.197
1728817200000,325.19,325.89,323.0,323.25,13401.363
1728820800000,323.26,325.31,323.09,324.49,4694.021
1728824400000,324.48,325.4,324.24,324.83,2839.504
1728828000000,324.86,324.86,320.32,320.93,12184.891
1728831600000,320.92,321.9,317.53,318.06,19367.022
1728835200000,318.07,321.12,317.06,320.51,13453.607
1728838800000,320.51,321.3,318.16,319.03,6896.072
1728842400000,319.01,320.29,317.82,319.21,7168.9
1728846000000,319.22,320.85,319.1,320.54,3145.095
1728849600000,320.55,320.84,320.05,320.75,2380.581
1728853200000,320.74,321.9,320.57,321.13,3640.109
1728856800000,321.13,322.88,320.6,321.59,6596.804
1728860400000,321.49,321.55,319.96,321.12,4929.287
1728864000000,321.13,321.28,318.55,319.33,8196.57
1728867600000,319.33,322.22,319.23,320.66,7595.11
1728871200000,320.65,321.56,319.47,321.34,4546.0
1728874800000,321.33,328.7,320.91,328.27,25193.884
1728878400000,328.31,329.6,326.61,327.32,14005.873
1728882000000,327.34,327.66,324.02,326.31,12843.13
1728885600000,326.31,327.97,325.29,327.67,7484.753
1728889200000,327.62,328.71,326.91,328.64,9682.693
1728892800000,328.6,329.57,327.52,328.39,10888.388
1728896400000,328.4,330.12,327.57,329.91,8202.498
1728900000000,329.93,330.48,329.08,329.3,5943.404
1728903600000,329.35,330.19,328.71,329.62,6563.031
1728907200000,329.61,336.04,328.18,335.09,41972.496
1728910800000,335.09,356.99,333.66,356.27,142285.216
1728914400000,356.3,362.0,351.65,351.85,107660.784
1728918000000,351.86,356.56,351.77,354.49,32776.737
1728921600000,354.43,358.26,353.4,356.48,26242.728
1728925200000,356.47,358.83,354.64,356.15,17170.965
1728928800000,356.14,357.35,354.34,354.69,9334.675
1728932400000,354.68,356.17,354.32,354.61,7175.263
1728936000000,354.61,355.8,354.06,354.41,4683.879
1728939600000,354.42,355.96,354.33,354.57,5563.33
1728943200000,354.55,365.6,354.51,363.28,58694.065
1728946800000,363.29,371.15,360.9,369.38,37656.023
1728950400000,369.38,383.95,367.61,381.55,79201.214
1728954000000,381.63,386.47,376.46,378.03,67896.578
1728957600000,378.03,378.73,372.52,373.25,33780.694
1728961200000,373.25,374.22,369.01,369.87,29894.103
1728964800000,369.87,373.94,369.69,372.59,23044.78
1728968400000,372.6,372.62,367.08,367.99,32744.611
1728972000000,368.0,370.32,366.6,369.18,19549.093
1728975600000,369.18,371.68,366.61,366.88,22399.259
1728979200000,366.89,371.17,366.11,370.97,17423.951
1728982800000,370.97,372.82,369.05,369.87,18767.457
1728986400000,369.87,370.58,366.86,368.08,15337.506
1728990000000,368.07,368.34,358.21,360.24,67360.608
1728993600000,360.22,365.26,358.12,363.93,30547.388
1728997200000,363.92,378.34,362.23,377.22,63608.094
1729000800000,377.21,379.48,358.74,360.46,126676.001
1729004400000,360.49,361.54,344.11,349.7,191418.442
1729008000000,349.71,359.14,349.25,356.21,45324.736
1729011600000,356.2,357.66,353.37,354.93,20010.083
1729015200000,354.95,357.48,354.19,354.68,18643.807
1729018800000,354.7,355.85,352.03,355.0,14764.089
1729022400000,354.95,356.1,349.21,349.92,16615.149
1729026000000,349.91,352.59,349.13,352.27,10955.851
1729029600000,352.24,353.45,350.56,350.75,11709.639
1729033200000,350.75,354.88,350.75,354.15,11365.023
1729036800000,354.16,357.47,351.02,356.9,33231.802
1729040400000,356.89,371.22,352.22,367.44,102611.285
1729044000000,367.44,370.63,360.53,361.19,64934.659
1729047600000,361.19,368.76,360.94,361.51,29893.822
1729051200000,361.48,364.55,357.7,359.65,29687.382
1729054800000,359.64,361.89,358.3,359.43,16767.469
1729058400000,359.42,359.85,355.93,357.45,17851.977
1729062000000,357.45,357.45,353.85,355.1,19307.92
1729065600000,355.1,357.69,354.72,355.53,13293.966
1729069200000,355.53,365.44,355.34,361.68,37207.919
1729072800000,361.68,363.39,360.92,361.72,16739.681
1729076400000,361.71,366.92,359.38,363.68,38451.422
1729080000000,363.7,365.79,361.42,364.39,22058.314
1729083600000,364.38,370.56,363.3,365.18,46359.361
1729087200000,365.18,370.68,361.58,365.1,34604.384
1729090800000,365.13,368.21,361.75,366.37,24196.597
1729094400000,366.37,366.61,360.62,364.13,22319.955
1729098000000,364.14,370.62,363.9,368.73,19216.621
1729101600000,368.74,368.74,366.01,366.62,9170.209
1729105200000,366.62,367.91,364.56,367.91,8447.762
1729108800000,367.89,369.0,363.72,364.04,9376.995
1729112400000,363.99,364.91,361.61,362.11,11834.476
1729116000000,362.11,367.05,362.06,367.03,10988.849
1729119600000,367.03,367.34,363.85,365.18,11897.774
1729123200000,365.19,373.67,365.18,370.26,38433.549
1729126800000,370.27,372.45,365.41,368.58,23198.115
1729130400000,368.57,368.83,364.03,364.68,11742.603
1729134000000,364.69,367.46,364.54,365.37,7180.612
1729137600000,365.36,365.58,362.44,363.1,14198.31
1729141200000,363.13,364.83,361.58,362.3,12095.199
1729144800000,362.3,366.21,362.12,364.22,17131.612
1729148400000,364.25,365.76,361.08,364.16,18555.007
1729152000000,364.15,364.56,361.7,363.42,10255.818
1729155600000,363.42,364.47,362.75,363.46,10892.077
1729159200000,363.46,368.0,361.63,367.09,22111.772
1729162800000,367.09,367.46,360.9,361.48,19926.335
1729166400000,361.49,365.15,360.61,364.18,14521.302
1729170000000,364.2,368.0,362.31,366.57,28071.849
1729173600000,366.58,366.58,361.79,363.95,20098.457
1729177200000,363.95,370.99,362.88,368.68,31968.907
1729180800000,368.69,369.56,365.46,367.01,14889.428
1729184400000,367.03,368.6,364.67,365.77,11416.144
1729188000000,365.78,366.27,361.6,362.27,21743.319
1729191600000,362.26,363.24,360.14,361.66,12330.908
1729195200000,361.7,365.0,361.66,363.25,9848.518
1729198800000,363.27,372.35,363.18,372.08,19437.597
1729202400000,372.09,375.52,370.61,371.48,32171.761
1729206000000,371.49,372.22,368.53,369.41,12277.953
1729209600000,369.41,371.36,367.65,368.31,15508.979
1729213200000,368.29,376.92,368.19,375.1,23204.43
1729216800000,375.12,377.32,372.24,372.93,16738.77
1729220400000,372.91,374.93,370.59,370.79,11288.706
1729224000000,370.79,372.67,370.79,371.14,8244.892
1729227600000,371.14,372.77,370.16,372.25,6515.204
1729231200000,372.24,375.47,371.93,374.52,11996.555
1729234800000,374.53,375.5,372.59,373.57,13564.055
1729238400000,373.54,374.02,371.88,372.32,8776.576
1729242000000,372.32,372.54,369.59,370.33,11364.521
1729245600000,370.33,371.19,368.51,369.01,9400.455
1729249200000,369.0,369.56,365.36,365.55,18961.354
1729252800000,365.56,367.08,365.05,365.74,8543.682
1729256400000,365.75,367.84,365.65,367.49,15954.762
1729260000000,367.49,370.27,366.01,368.55,21057.367
1729263600000,368.54,369.44,364.14,365.49,48327.734
1729267200000,365.49,367.85,363.5,366.95,28479.315
1729270800000,366.94,369.34,362.29,364.82,23464.559
1729274400000,364.83,367.93,364.21,367.36,11976.542
1729278000000,367.36,374.37,365.67,374.12,18647.047
1729281600000,374.13,374.34,365.71,365.94,27556.523
1729285200000,365.94,367.48,364.12,364.51,10337.189
1729288800000,364.51,366.21,363.5,365.64,7222.093
1729292400000,365.63,367.14,365.36,366.77,5557.419
1729296000000,366.79,367.02,364.76,365.22,7708.24
1729299600000,365.22,366.58,364.7,365.37,8895.046
1729303200000,365.34,368.15,365.06,366.73,10712.952
1729306800000,366.73,368.68,366.06,366.36,7360.8
1729310400000,366.33,367.25,364.0,364.61,8703.201
1729314000000,364.61,366.12,364.53,365.1,7136.38
1729317600000,365.09,365.61,364.35,364.97,3966.667
1729321200000,364.96,365.11,362.58,363.68,7678.492
1729324800000,363.67,364.35,362.68,363.5,8095.282
1729328400000,363.5,364.81,363.14,363.6,4756.367
1729332000000,363.58,365.06,363.22,363.91,6036.406
1729335600000,363.9,364.34,361.21,361.48,11452.489
1729339200000,361.49,364.07,361.18,362.92,5800.432
1729342800000,362.92,363.36,361.64,362.41,7215.106
1729346400000,362.41,364.69,362.35,364.36,4732.393
1729350000000,364.38,364.71,361.1,361.61,10143.618
1729353600000,361.61,362.82,361.02,361.45,10033.355
1729357200000,361.49,363.38,361.3,362.51,6089.872
1729360800000,362.52,363.47,361.86,362.82,3941.823
1729364400000,362.81,363.79,361.86,362.23,3546.973
1729368000000,362.23,363.36,361.94,363.33,2571.596
1729371600000,363.33,364.62,363.09,363.81,2880.679
1729375200000,363.81,364.72,362.85,364.46,3834.992
1729378800000,364.5,365.23,362.89,363.07,5862.347
1729382400000,363.07,363.72,360.4,361.14,10363.972
1729386000000,361.14,361.14,358.63,359.45,11353.7
1729389600000,359.45,360.85,357.44,358.41,11850.849
1729393200000,358.41,360.2,357.2,359.91,7381.635
1729396800000,359.91,360.99,358.26,359.03,8092.187
1729400400000,358.98,359.89,357.12,357.64,9067.119
1729404000000,357.65,360.3,357.34,360.15,6394.546
1729407600000,360.14,360.93,359.18,359.28,3919.658
1729411200000,359.29,367.13,359.27,363.53,53441.488
1729414800000,363.53,364.11,362.1,363.62,6626.187
1729418400000,363.63,364.45,362.77,363.21,5359.39
1729422000000,363.2,364.58,363.12,364.24,4745.352
1729425600000,364.24,364.69,361.75,361.86,7684.777
1729429200000,361.83,364.94,361.67,364.91,9809.971
1729432800000,364.92,371.72,364.29,366.64,43025.705
1729436400000,366.62,367.5,363.67,366.79,10833.428
1729440000000,366.79,367.26,365.68,366.01,4500.518
1729443600000,366.02,367.5,365.44,367.28,5779.741
1729447200000,367.32,368.53,364.63,365.47,12142.782
1729450800000,365.47,365.66,364.22,364.55,4932.48
1729454400000,364.53,366.5,364.1,365.7,4305.591
1729458000000,365.71,366.09,364.5,365.2,6550.321
1729461600000,365.22,369.8,364.91,368.47,18974.74
1729465200000,368.47,370.21,368.17,369.75,9952.799
1729468800000,369.75,373.13,368.25,371.13,20563.028
1729472400000,371.11,374.83,370.53,374.83,17616.485
1729476000000,374.83,376.03,369.23,370.49,21520.711
1729479600000,370.45,374.92,369.04,373.75,15321.375
1729483200000,373.74,375.7,371.81,375.52,13254.493
1729486800000,375.52,377.44,374.23,375.74,18916.741
1729490400000,375.73,378.87,375.0,375.67,23444.992
1729494000000,375.7,377.03,373.23,373.33,16384.11
1729497600000,373.33,375.27,371.16,371.26,14048.245
1729501200000,371.26,372.96,368.86,371.45,13853.981
1729504800000,371.45,371.73,368.53,368.9,9672.473
1729508400000,368.9,370.42,367.94,369.05,9865.998
1729512000000,369.06,370.98,367.2,368.74,11613.153
1729515600000,368.73,369.52,360.77,362.72,37969.662
1729519200000,362.72,364.09,360.87,361.76,18000.903
1729522800000,361.75,362.03,358.72,361.15,20858.1
1729526400000,361.15,362.5,358.64,362.08,12297.683
1729530000000,362.07,364.96,361.87,364.63,9017.451
1729533600000,364.64,364.65,361.71,362.87,6782.954
1729537200000,362.86,365.15,362.74,364.55,4196.524
1729540800000,364.52,364.77,363.48,363.8,2474.185
1729544400000,363.8,365.05,363.75,364.65,2295.335
1729548000000,364.64,366.13,363.92,366.09,4578.648
1729551600000,366.06,366.11,363.09,363.34,4830.611
1729555200000,363.29,364.99,358.65,363.2,19162.133
1729558800000,363.21,365.86,361.56,364.92,8553.979
1729562400000,364.92,366.41,361.78,362.58,7716.867
1729566000000,362.58,365.0,362.56,364.17,3833.152
1729569600000,364.19,364.19,362.2,362.94,4034.706
1729573200000,362.99,364.62,362.28,364.42,6509.383
1729576800000,364.42,364.87,363.19,363.3,5784.543
1729580400000,363.31,364.26,361.25,361.91,6323.935
1729584000000,361.9,362.04,358.74,359.23,13967.162
1729587600000,359.25,359.87,355.25,358.45,22782.677
1729591200000,358.44,360.61,357.44,360.26,6656.226
1729594800000,360.26,361.29,357.71,358.81,8275.808
1729598400000,358.81,359.69,355.92,357.35,9701.991
1729602000000,357.34,357.98,353.76,356.23,18961.083
1729605600000,356.23,358.73,354.73,358.47,17798.362
1729609200000,358.47,359.61,354.31,356.33,12791.334
1729612800000,356.31,357.1,354.16,354.25,9380.274
1729616400000,354.26,357.93,354.03,357.27,6290.654
1729620000000,357.26,358.85,355.23,355.39,6931.53
1729623600000,355.37,357.77,355.27,357.46,3811.449
1729627200000,357.45,357.5,356.16,357.3,2768.147
1729630800000,357.3,357.54,355.77,357.06,3114.093
1729634400000,357.06,358.74,356.37,357.96,4940.94
1729638000000,357.88,358.28,356.4,357.01,4330.003
1729641600000,357.02,357.27,354.81,355.06,4984.547
1729645200000,355.06,356.46,354.7,356.01,4806.372
1729648800000,356.0,356.1,353.2,353.73,6545.468
1729652400000,353.72,354.96,352.14,354.64,9088.898
1729656000000,354.64,355.32,353.66,355.01,3812.137
1729659600000,355.0,355.75,353.73,354.95,4525.387
1729663200000,354.95,357.0,354.26,354.61,6264.137
1729666800000,354.61,355.38,352.44,352.49,6848.815
1729670400000,352.49,353.76,349.12,349.67,13946.995
1729674000000,349.69,352.06,348.54,351.76,11969.374
1729677600000,351.76,353.23,351.28,351.56,6939.335
1729681200000,351.57,352.3,348.95,349.28,6169.762
1729684800000,349.32,350.49,347.05,350.26,15552.749
1729688400000,350.26,352.41,349.83,351.53,6003.173
1729692000000,351.54,351.72,349.06,349.59,6939.297
1729695600000,349.57,349.58,344.38,346.8,18077.848
1729699200000,346.76,347.2,342.1,342.54,13751.054
1729702800000,342.51,343.62,341.19,341.76,17805.288
1729706400000,341.77,343.21,338.22,343.02,20028.249
1729710000000,343.02,349.71,341.72,349.71,13756.269
1729713600000,349.72,349.8,346.66,348.14,11321.276
1729717200000,348.15,348.39,345.91,346.13,6114.506
1729720800000,346.2,347.97,346.0,346.65,3830.284
1729724400000,346.64,348.54,346.24,347.73,5670.003
1729728000000,347.73,352.8,346.28,352.66,13248.488
1729731600000,352.68,354.5,351.61,353.58,14445.142
1729735200000,353.61,356.4,352.94,356.38,11588.036
1729738800000,356.39,356.89,354.4,354.99,9048.117
1729742400000,355.0,357.22,354.69,356.86,4932.22
1729746000000,356.82,357.42,355.49,355.87,5195.66
1729749600000,355.87,356.97,354.71,354.72,7962.644
1729753200000,354.73,357.28,353.17,353.43,10620.916
1729756800000,353.44,356.03,351.63,351.85,10376.925
1729760400000,351.84,354.39,350.63,352.79,11747.194
1729764000000,352.8,355.4,352.25,354.3,5310.348
1729767600000,354.3,355.67,353.08,355.57,7979.835
1729771200000,355.58,356.83,354.97,356.58,7481.039
1729774800000,356.59,359.99,355.79,358.77,19270.372
1729778400000,358.78,359.94,357.14,358.04,16902.791
1729782000000,358.04,361.48,357.56,359.54,12050.48
1729785600000,359.55,364.08,357.74,362.6,16438.873
1729789200000,362.61,363.65,359.31,359.33,13054.138
1729792800000,359.33,363.98,359.05,363.02,23811.147
1729796400000,363.01,367.03,362.68,365.47,25673.612
1729800000000,365.51,366.03,362.81,364.43,16721.151
1729803600000,364.44,370.15,363.03,367.29,28753.614
1729807200000,367.28,371.18,366.17,367.32,23440.154
1729810800000,367.31,368.68,365.81,367.78,16363.244
1729814400000,367.76,370.0,363.74,365.11,37665.691
1729818000000,365.09,365.72,362.88,365.2,13484.084
1729821600000,365.19,368.47,362.62,364.78,29987.946
1729825200000,364.77,366.1,363.66,363.93,7154.838
1729828800000,363.96,364.37,361.45,362.45,15479.056
1729832400000,362.45,365.88,362.07,364.92,8459.882
1729836000000,364.92,367.54,364.58,367.04,7768.407
1729839600000,367.03,367.97,365.0,366.09,13379.07
1729843200000,366.12,367.29,363.44,366.34,17577.022
1729846800000,366.29,369.85,366.07,369.36,16178.731
1729850400000,369.35,372.2,368.79,370.84,35934.269
1729854000000,370.82,371.19,368.08,370.2,12932.745
1729857600000,370.17,374.05,370.14,372.97,24617.737
1729861200000,372.98,373.2,368.43,371.28,21718.445
1729864800000,371.26,373.44,368.9,369.63,33630.188
1729868400000,369.64,369.68,363.07,364.74,30161.158
1729872000000,364.7,367.11,363.3,364.49,15889.418
1729875600000,364.5,365.36,360.3,361.25,15754.845
1729879200000,361.24,364.89,356.55,362.67,39474.286
1729882800000,362.66,364.18,361.17,362.42,9586.095
1729886400000,362.44,363.34,359.8,361.39,8358.184
1729890000000,361.42,361.8,359.46,361.16,6707.225
1729893600000,361.16,361.35,356.24,356.42,12155.859
1729897200000,356.39,357.23,338.58,348.81,105131.298
1729900800000,348.82,352.66,346.1,352.2,27488.339
1729904400000,352.22,352.91,349.54,350.84,13813.327
1729908000000,350.84,353.92,349.12,352.4,10125.551
1729911600000,352.42,354.96,352.05,354.79,10812.587
1729915200000,354.79,354.96,352.18,353.2,6289.959
1729918800000,353.17,356.0,352.75,354.98,10322.214
1729922400000,354.97,356.83,354.33,356.04,7726.363
1729926000000,356.04,356.49,353.14,353.35,10556.026
1729929600000,353.34,353.85,352.1,353.04,12661.665
1729933200000,353.05,354.64,352.9,353.12,5016.82
1729936800000,353.12,353.91,351.56,352.05,5456.529
1729940400000,352.05,354.29,352.05,353.62,8042.26
1729944000000,353.61,354.05,351.72,352.14,6794.421
1729947600000,352.14,352.15,348.06,348.78,10951.16
1729951200000,348.74,349.66,346.6,347.07,13447.719
1729954800000,347.06,349.7,346.33,346.37,15686.866
1729958400000,346.37,349.86,345.76,349.33,11651.978
1729962000000,349.34,350.44,348.66,349.89,5167.769
1729965600000,349.9,350.53,348.83,348.92,3170.466
1729969200000,348.92,350.32,348.88,350.07,3700.278
1729972800000,350.07,351.77,349.75,350.15,5971.572
1729976400000,350.15,350.17,347.31,348.16,4943.096
1729980000000,348.16,348.88,347.68,348.07,3365.514
1729983600000,348.09,349.1,347.16,347.69,5944.546
1729987200000,347.68,349.06,346.72,348.39,10890.481
1729990800000,348.39,349.54,347.72,349.32,3673.774
1729994400000,349.32,349.57,348.1,348.42,3921.275
1729998000000,348.43,351.76,348.41,351.65,9618.45
1730001600000,351.66,352.41,349.79,349.92,6156.454
1730005200000,349.93,350.35,349.46,349.91,2236.808
1730008800000,349.91,350.09,349.05,349.98,2499.499
1730012400000,349.98,350.5,349.65,350.11,3031.683
1730016000000,350.11,350.53,349.33,349.86,4019.838
1730019600000,349.86,350.12,347.64,348.44,6566.091
1730023200000,348.43,348.79,346.66,347.03,5115.274
1730026800000,347.02,347.98,346.78,347.05,3048.413
1730030400000,347.05,350.32,346.84,350.18,9297.883
1730034000000,350.17,352.23,349.22,349.89,10018.346
1730037600000,349.89,351.48,349.88,350.65,3166.822
1730041200000,350.66,352.33,350.56,351.75,6043.54
1730044800000,351.75,352.98,350.72,351.98,7487.591
1730048400000,351.99,352.19,349.97,350.44,6207.449
1730052000000,350.48,351.02,349.3,349.68,4126.63
1730055600000,349.68,350.03,346.5,349.98,11030.699
1730059200000,349.95,351.38,349.39,350.97,5132.364
1730062800000,350.96,354.12,350.73,352.12,7345.866
1730066400000,352.12,353.81,351.35,351.52,6257.305
1730070000000,351.58,353.7,351.58,351.87,6433.29
1730073600000,351.84,353.17,350.79,350.98,5032.796
1730077200000,350.93,351.26,348.93,349.3,5792.611
1730080800000,349.3,349.81,348.58,349.1,4034.434
1730084400000,349.08,350.01,346.68,347.23,11575.934
1730088000000,347.22,348.35,345.06,346.27,13257.542
1730091600000,346.2,346.7,343.68,346.18,9021.035
1730095200000,346.18,347.0,345.01,346.85,5418.319
1730098800000,346.86,352.23,346.79,350.04,18386.36
1730102400000,350.03,351.49,349.91,350.42,5193.545
1730106000000,350.41,352.98,350.37,352.91,7734.961
1730109600000,352.9,353.73,352.16,352.52,9029.24
1730113200000,352.51,353.09,351.25,352.92,4850.036
1730116800000,352.92,355.81,351.23,355.27,19657.571
1730120400000,355.29,363.54,354.17,361.65,54705.109
1730124000000,361.63,364.39,359.4,361.51,40075.572
1730127600000,361.5,363.3,359.28,360.72,24135.636
1730131200000,360.67,364.55,358.1,358.49,20096.338
1730134800000,358.49,362.19,355.94,359.98,22040.924
1730138400000,359.98,361.22,357.84,360.14,6836.565
1730142000000,360.13,364.56,359.82,362.49,20233.417
1730145600000,362.99,363.67,361.28,362.21,7408.468
1730149200000,362.13,364.19,362.13,364.1,1517.225
1730152800000,364.55,367.56,363.66,367.44,20111.762
1730156400000,367.39,368.27,364.78,365.15,12284.985
1730160000000,365.16,368.32,364.21,365.76,20223.373
1730163600000,365.75,365.9,363.59,365.19,7993.37
1730167200000,365.19,372.88,364.65,372.79,40506.311
1730170800000,372.8,382.54,372.8,380.63,83481.657
1730174400000,380.64,387.72,379.27,383.29,53360.094
1730178000000,383.3,383.44,379.09,379.89,24329.911
1730181600000,379.92,381.23,378.01,379.29,11520.265
1730185200000,379.27,382.66,377.58,379.78,16586.777
1730188800000,379.77,383.02,379.75,382.09,15595.114
1730192400000,382.09,384.33,381.8,384.13,13227.782
1730196000000,384.12,385.12,381.15,382.06,17360.591
1730199600000,382.05,383.07,381.14,382.45,10860.351
1730203200000,382.45,384.36,378.25,379.98,16696.02
1730206800000,379.97,382.57,379.56,382.56,22761.438
1730210400000,382.55,386.34,381.3,385.11,30194.004
1730214000000,385.2,388.0,381.25,387.91,32812.16
1730217600000,387.91,387.93,384.11,385.44,32193.287
1730221200000,385.44,387.3,382.93,384.41,15756.615
1730224800000,384.41,387.2,382.27,386.77,15737.706
1730228400000,386.78,389.52,382.93,383.03,26630.983
1730232000000,383.07,383.93,378.8,381.21,19697.436
1730235600000,381.2,382.38,379.51,380.27,6038.702
1730239200000,380.27,385.98,380.22,383.47,11500.872
1730242800000,383.47,386.11,383.07,386.1,10980.683
1730246400000,386.1,387.75,381.91,383.4,15475.56
1730250000000,383.41,383.46,378.55,381.54,19628.471
1730253600000,381.54,383.04,379.5,379.97,8464.515
1730257200000,379.98,380.68,378.48,378.87,9986.148
1730260800000,378.87,379.99,377.67,378.25,14076.911
1730264400000,378.25,381.49,378.25,381.17,16996.135
1730268000000,381.16,384.12,377.85,378.26,23957.178
1730271600000,378.29,381.45,378.11,380.41,27350.447
1730275200000,380.4,381.22,366.66,368.95,117298.381
1730278800000,368.94,373.92,368.46,373.74,28391.001
1730282400000,373.73,373.89,370.5,370.5,12937.052
1730286000000,370.49,370.97,367.65,369.32,24771.138
1730289600000,369.31,371.31,367.1,369.59,22368.868
1730293200000,369.58,370.76,365.7,370.12,26798.806
1730296800000,370.16,375.3,369.6,373.31,32988.317
1730300400000,373.3,375.11,368.62,370.22,23395.646
1730304000000,370.21,373.55,369.32,371.16,13097.291
1730307600000,371.11,371.48,369.68,370.9,9985.41
1730311200000,370.89,373.82,370.75,372.18,7739.725
1730314800000,372.11,372.38,369.91,370.19,5513.594
1730318400000,370.13,373.56,367.48,373.25,24554.659
1730322000000,373.24,373.24,368.97,370.69,11893.991
1730325600000,370.69,371.78,369.48,370.33,4544.904
1730329200000,370.32,372.23,368.54,368.69,5224.455
1730332800000,368.67,369.26,366.0,367.48,18940.59
1730336400000,367.48,374.87,366.11,374.51,33886.474
1730340000000,374.57,375.29,371.41,372.53,20491.874
1730343600000,372.52,373.18,371.12,372.81,17884.812
1730347200000,372.83,373.74,369.05,369.37,23290.403
1730350800000,369.37,372.6,369.14,371.57,16696.651
1730354400000,371.56,374.42,371.33,372.58,19038.079
1730358000000,372.57,374.38,370.72,373.88,21154.453
1730361600000,373.89,375.36,371.82,374.67,13224.065
1730365200000,374.67,376.18,372.23,375.83,12596.22
1730368800000,375.85,378.1,372.72,377.0,26635.081
1730372400000,376.99,376.99,373.71,373.77,15353.073
1730376000000,373.76,375.29,371.22,373.45,20468.19
1730379600000,373.45,375.0,367.68,369.26,22889.922
1730383200000,369.26,369.34,362.34,363.42,39255.508
1730386800000,363.41,365.37,361.85,363.29,14021.207
1730390400000,363.27,364.15,360.64,361.02,16778.211
1730394000000,361.02,363.25,358.15,359.57,17044.211
1730397600000,359.58,359.58,354.02,355.95,24576.741
1730401200000,355.94,356.62,351.37,351.65,14548.651
1730404800000,351.65,353.76,350.78,353.35,14928.513
1730408400000,353.36,355.57,351.85,354.91,10860.695
1730412000000,354.91,360.99,349.71,357.85,60034.217
1730415600000,357.85,360.79,356.53,358.58,23504.974
1730419200000,358.57,359.06,350.15,354.1,37449.037
1730422800000,354.1,354.85,350.04,350.73,19221.69
1730426400000,350.7,352.49,346.51,352.34,24844.099
1730430000000,352.31,353.65,350.87,350.89,8610.412
1730433600000,350.91,351.7,350.18,351.28,5665.56
1730437200000,351.29,351.4,349.17,349.25,7733.038
1730440800000,349.24,349.65,345.22,345.27,13049.017
1730444400000,345.24,347.03,343.5,345.6,16069.121
1730448000000,345.56,347.71,344.82,347.2,10764.28
1730451600000,347.19,348.98,346.53,348.19,10050.905
1730455200000,348.18,351.49,347.27,350.51,18710.64
1730458800000,350.51,351.6,350.23,350.6,12103.585
1730462400000,350.6,354.12,350.23,353.56,14956.055
1730466000000,353.54,358.7,352.04,358.64,23322.063
1730469600000,358.67,359.93,355.23,357.08,27383.374
1730473200000,357.1,357.54,343.14,345.87,42891.307
1730476800000,345.9,352.23,345.39,351.01,22382.389
1730480400000,351.04,351.67,348.14,349.98,12332.647
1730484000000,350.0,350.16,347.84,348.22,9703.75
1730487600000,348.22,349.28,346.26,348.28,10675.773
1730491200000,348.28,349.36,347.17,348.01,6398.012
1730494800000,348.02,348.02,344.35,347.39,12680.801
1730498400000,347.39,348.42,346.6,348.28,6603.642
1730502000000,348.3,350.06,347.68,349.32,3827.756
1730505600000,349.33,351.67,349.11,351.24,5877.677
1730509200000,351.24,352.16,350.4,351.64,4042.328
1730512800000,351.64,352.54,350.58,350.59,6683.852
1730516400000,350.59,351.87,350.56,351.59,4092.912
1730520000000,351.58,351.82,348.59,348.96,5576.385
1730523600000,348.95,350.64,347.19,349.94,7403.337
1730527200000,349.97,350.34,348.78,349.68,4094.113
1730530800000,349.67,349.77,348.5,349.21,3177.159
1730534400000,349.2,349.62,347.32,347.46,4789.311
1730538000000,347.47,348.5,346.8,347.19,3944.988
1730541600000,347.18,348.15,346.49,348.15,4399.457
1730545200000,348.14,348.86,347.38,347.8,3591.821
1730548800000,347.79,348.55,344.21,344.88,11604.5
1730552400000,344.88,347.11,342.78,343.46,41488.073
1730556000000,343.46,345.35,342.52,343.77,14997.736
1730559600000,343.76,344.5,340.84,344.11,10729.862
1730563200000,344.11,347.37,343.14,346.52,11002.397
1730566800000,346.53,346.93,344.7,345.93,6383.014
1730570400000,345.92,346.59,344.01,346.11,5080.154
1730574000000,346.11,347.53,345.34,347.5,5739.994
1730577600000,347.52,357.27,347.39,354.65,57819.858
1730581200000,354.6,355.11,351.6,352.05,9222.4
1730584800000,352.06,353.16,351.11,351.98,5723.81
1730588400000,351.98,353.61,350.56,353.48,8161.573
1730592000000,353.49,354.03,352.15,352.94,7948.956
1730595600000,352.94,353.69,350.56,350.89,11102.541
1730599200000,350.9,352.41,342.42,345.77,42099.205
1730602800000,345.68,349.44,343.23,348.4,16185.88
1730606400000,348.4,353.41,348.13,349.62,21516.765
1730610000000,349.57,349.73,342.19,342.84,23690.873
1730613600000,342.85,345.65,340.75,343.11,24273.415
1730617200000,343.12,345.72,342.83,344.19,9418.137
1730620800000,344.23,345.13,339.84,342.74,19601.68
1730624400000,342.74,343.36,340.92,341.41,8972.038
1730628000000,341.41,344.48,341.17,344.21,9090.236
1730631600000,344.2,345.13,340.39,340.69,13073.673
1730635200000,340.68,341.95,339.77,339.99,8166.351
1730638800000,339.97,340.82,335.04,336.4,27336.498
1730642400000,336.42,338.02,334.33,336.06,22068.004
1730646000000,336.06,338.49,334.1,338.16,22974.67
1730649600000,338.15,340.93,336.89,337.46,19200.87
1730653200000,337.46,339.64,337.4,338.66,8096.983
1730656800000,338.65,339.42,333.39,335.29,15097.214
1730660400000,335.29,340.09,334.79,340.06,10144.765
1730664000000,340.07,342.15,339.35,341.47,7856.39
1730667600000,341.48,343.73,341.32,342.4,9086.2
1730671200000,342.41,343.08,340.02,340.75,4633.905
1730674800000,340.74,341.19,339.16,339.65,15786.0
1730678400000,339.65,339.66,333.14,336.31,27129.267
1730682000000,336.31,340.65,334.88,337.91,25760.746
1730685600000,337.91,341.07,337.01,340.42,13455.402
1730689200000,340.42,342.15,337.6,337.93,10318.385
1730692800000,337.92,340.19,337.56,338.43,7952.607
1730696400000,338.43,338.74,333.61,334.42,17575.962
1730700000000,334.42,337.39,333.85,337.0,13444.484
1730703600000,336.99,337.24,333.3,333.38,8958.802
1730707200000,333.38,334.75,332.02,334.44,15317.121
1730710800000,334.45,336.43,332.74,334.62,15429.881
1730714400000,334.62,337.43,334.11,336.67,9728.045
1730718000000,336.68,338.91,336.13,338.05,10064.092
1730721600000,338.05,340.49,337.84,339.54,8426.529
1730725200000,339.53,340.96,337.17,337.43,9199.784
1730728800000,337.43,338.53,335.5,336.79,12707.347
1730732400000,336.8,337.6,335.22,336.77,7076.651
1730736000000,336.77,338.2,333.21,334.0,15456.677
1730739600000,333.98,336.13,332.74,334.26,12425.05
1730743200000,334.27,335.2,332.43,332.86,7067.067
1730746800000,332.87,334.22,332.29,332.6,7648.306
1730750400000,332.65,340.07,326.35,326.77,61968.825
1730754000000,326.74,329.08,319.79,322.29,61539.955
1730757600000,322.28,329.65,321.62,328.32,19733.226
1730761200000,328.31,329.97,327.15,328.95,10657.145
1730764800000,328.92,331.19,328.64,330.03,10147.073
1730768400000,330.02,330.49,326.08,329.75,12273.12
1730772000000,329.75,330.29,328.42,329.29,6515.662
1730775600000,329.31,332.17,329.2,332.02,7227.847
1730779200000,332.01,335.4,331.36,334.05,11965.07
1730782800000,334.06,335.8,333.08,335.46,10479.792
1730786400000,335.46,335.84,333.49,334.75,6160.932
1730790000000,334.74,340.06,334.26,338.25,37025.787
1730793600000,338.26,339.9,337.69,339.53,10621.005
1730797200000,339.53,340.28,338.02,338.06,9537.097
1730800800000,338.06,339.24,336.78,338.96,6764.755
1730804400000,338.96,339.73,338.38,338.64,8532.601
1730808000000,338.64,339.73,337.85,338.95,10492.055
1730811600000,338.94,339.43,337.58,338.55,6861.68
1730815200000,338.55,344.87,337.87,343.46,33974.453
1730818800000,343.45,343.96,338.13,341.26,23465.159
1730822400000,341.26,344.73,340.78,343.48,14303.605
1730826000000,343.5,345.16,341.35,341.62,15344.673
1730829600000,341.62,342.77,340.32,341.34,7750.181
1730833200000,341.34,341.99,335.02,336.43,14852.976
1730836800000,336.43,342.32,335.44,341.86,11427.036
1730840400000,341.86,343.09,340.74,341.13,10340.599
1730844000000,341.14,343.99,339.94,343.96,5598.887
1730847600000,343.95,344.99,342.2,342.5,9224.756
1730851200000,342.51,349.98,342.35,348.53,29680.803
1730854800000,348.53,350.99,346.56,348.4,23704.244
1730858400000,348.33,362.41,347.29,360.48,74477.023
1730862000000,360.48,371.0,359.86,364.27,77911.397
1730865600000,364.27,380.73,362.45,376.69,96481.279
1730869200000,376.69,378.06,372.19,376.78,42533.903
1730872800000,376.79,384.36,374.05,374.28,56332.965
1730876400000,374.26,377.68,370.53,371.68,37024.209
1730880000000,371.71,372.57,364.24,370.49,45338.175
1730883600000,370.49,373.8,370.4,371.95,24739.116
1730887200000,371.97,372.36,369.72,371.8,14606.465
1730890800000,371.8,374.33,370.32,372.97,15277.954
1730894400000,373.02,374.84,371.01,371.34,12784.661
1730898000000,371.36,372.49,363.94,367.34,66360.988
1730901600000,367.34,368.74,360.85,361.82,30175.268
1730905200000,361.82,373.13,361.2,368.26,63878.204
1730908800000,368.26,370.8,366.67,370.47,13277.676
1730912400000,370.44,371.93,369.14,370.74,10113.004
1730916000000,370.73,372.49,370.23,371.74,8494.87
1730919600000,371.74,373.35,370.28,372.5,11740.832
1730923200000,372.45,375.33,371.28,374.25,17852.213
1730926800000,374.19,375.75,373.5,374.93,12650.097
1730930400000,374.97,382.24,374.52,381.08,32633.203
1730934000000,381.07,381.4,377.23,378.28,16438.381
1730937600000,378.27,380.24,376.75,379.52,20759.839
1730941200000,379.53,386.89,378.54,382.14,40082.863
1730944800000,382.13,385.6,381.56,385.32,13335.317
1730948400000,385.31,385.68,378.82,379.39,25108.23
1730952000000,379.39,379.89,374.43,376.94,28927.711
1730955600000,376.96,377.16,374.32,376.41,14438.07
1730959200000,376.41,376.66,370.6,373.91,22728.631
1730962800000,373.9,375.41,372.94,374.0,9229.641
1730966400000,373.99,378.44,373.74,377.94,15136.045
1730970000000,377.93,378.09,375.78,376.4,5173.814
1730973600000,376.4,378.75,374.71,377.6,14049.272
1730977200000,377.63,378.6,375.23,375.38,8352.847
1730980800000,375.38,378.98,375.38,377.31,8431.167
1730984400000,377.34,377.81,374.02,374.21,11942.851
1730988000000,374.21,377.76,373.26,375.66,10949.755
1730991600000,375.61,382.66,374.87,382.41,19231.622
1730995200000,382.39,385.69,379.81,383.59,31302.096
1730998800000,383.6,383.88,381.53,382.72,15164.183
1731002400000,382.72,385.88,380.36,383.95,13854.103
1731006000000,383.99,384.51,379.7,382.35,16263.568
1731009600000,382.35,385.58,381.82,384.57,12304.188
1731013200000,384.6,386.54,382.84,382.84,9361.904
1731016800000,382.84,383.88,379.19,380.38,12440.883
1731020400000,380.38,381.08,374.25,377.51,40195.027
1731024000000,377.51,382.64,377.5,380.62,16841.668
1731027600000,380.63,383.62,378.09,379.07,14517.971
1731031200000,379.07,379.42,375.01,375.4,13914.321
1731034800000,375.41,377.65,374.66,376.71,8853.679
1731038400000,376.68,378.48,375.25,375.86,6711.402
1731042000000,375.82,378.87,375.59,378.39,7824.642
1731045600000,378.39,381.9,377.58,381.9,11188.648
1731049200000,381.91,382.72,367.78,371.6,122559.765
1731052800000,371.6,374.43,369.82,370.49,27074.3
1731056400000,370.56,373.73,370.03,372.32,11441.444
1731060000000,372.32,375.46,370.59,374.56,16301.253
1731063600000,374.57,375.02,369.67,371.88,31788.752
1731067200000,371.87,375.51,371.8,373.97,11863.793
1731070800000,373.96,374.54,371.09,374.54,11390.018
1731074400000,374.52,376.13,370.81,371.54,16597.737
1731078000000,371.59,375.15,369.42,372.52,29545.604
1731081600000,372.5,374.3,365.0,366.0,34042.952
1731085200000,366.0,369.53,363.62,368.73,16900.34
1731088800000,368.74,372.31,368.0,371.58,10788.831
1731092400000,371.54,375.9,371.51,374.57,10715.917
1731096000000,374.57,375.6,371.57,372.95,8823.487
1731099600000,372.97,375.35,371.53,375.19,7734.163
1731103200000,375.19,380.0,374.96,377.63,23342.963
1731106800000,377.64,378.79,376.17,376.79,7876.868
1731110400000,376.8,377.45,374.88,375.14,9640.035
1731114000000,375.2,376.61,372.08,372.82,13256.402
1731117600000,372.81,374.96,371.28,374.34,10851.124
1731121200000,374.34,374.54,369.11,370.44,26842.497
1731124800000,370.43,371.63,370.17,371.25,10137.527
1731128400000,371.25,375.88,371.02,375.72,11925.235
1731132000000,375.73,377.56,374.21,375.2,15586.849
1731135600000,375.2,375.77,369.81,373.67,35376.587
1731139200000,373.65,378.76,372.85,376.98,17131.664
1731142800000,376.92,378.2,375.18,375.61,11165.033
1731146400000,375.61,376.84,373.73,374.29,9412.972
1731150000000,374.28,376.11,374.0,375.97,6984.789
1731153600000,375.97,377.13,373.43,373.43,11646.941
1731157200000,373.43,379.57,373.29,377.0,18454.803
1731160800000,377.0,384.83,376.1,377.99,59809.989
1731164400000,378.0,383.87,376.59,382.16,20590.996
1731168000000,382.17,383.66,378.0,379.42,19782.564
1731171600000,379.41,379.84,373.66,378.97,20704.166
1731175200000,379.06,381.43,378.41,381.03,9179.869
1731178800000,381.03,382.93,378.47,378.92,9804.519
1731182400000,378.93,382.15,378.3,381.93,6138.869
1731186000000,381.91,386.0,381.38,385.86,13970.611
1731189600000,385.87,389.12,385.37,387.99,22263.257
1731193200000,387.99,407.35,387.6,404.84,114662.527
1731196800000,404.84,405.09,394.92,397.52,63490.917
1731200400000,397.47,398.16,395.04,396.61,15144.244
1731204000000,396.62,423.19,396.54,415.72,79661.564
1731207600000,415.76,436.99,415.53,429.67,137284.09
1731211200000,429.67,437.43,424.42,433.65,54562.252
1731214800000,433.71,435.72,425.03,426.35,50311.354
1731218400000,426.33,429.68,424.5,426.7,37838.067
1731222000000,426.71,429.54,426.64,427.31,13466.452
1731225600000,427.31,430.92,424.08,428.39,26206.939
1731229200000,428.38,431.9,426.78,429.64,17952.921
1731232800000,429.66,431.89,425.57,429.09,25995.308
1731236400000,429.09,434.99,428.93,433.73,39421.334
1731240000000,433.71,438.58,427.27,435.23,50983.501
1731243600000,435.28,453.77,433.03,447.83,112069.195
1731247200000,447.9,450.45,435.89,440.72,59933.589
1731250800000,440.71,442.92,436.45,439.11,24915.609
1731254400000,439.22,453.51,437.41,451.53,30993.082
1731258000000,451.52,451.81,446.85,448.03,22317.779
1731261600000,448.02,453.19,446.86,448.49,20055.655
1731265200000,448.5,454.5,437.84,443.25,36193.757
1731268800000,443.24,444.08,429.44,429.93,32089.561
1731272400000,429.93,435.57,419.83,434.15,52732.787
1731276000000,434.14,445.6,433.23,439.61,34972.251
1731279600000,439.74,443.97,436.03,441.26,26649.034
1731283200000,441.26,452.74,439.7,447.56,52653.495
1731286800000,447.58,452.7,444.94,448.43,20805.011
1731290400000,448.44,450.95,442.34,445.05,27886.152
1731294000000,445.05,445.35,439.84,443.08,21586.725
1731297600000,443.08,443.4,436.88,441.49,19025.88
1731301200000,441.48,441.74,423.89,427.1,53887.622
1731304800000,427.09,430.11,422.52,427.22,31036.802
1731308400000,427.21,431.01,425.96,429.93,16651.631
1731312000000,429.93,432.98,427.48,431.38,20185.351
1731315600000,431.37,434.26,428.24,434.08,18348.203
1731319200000,434.08,438.1,432.98,435.23,22373.505
1731322800000,435.26,437.76,434.77,437.16,10010.111
1731326400000,437.16,439.95,431.42,434.07,28676.581
1731330000000,434.08,434.95,429.89,432.79,18228.794
1731333600000,432.92,439.47,432.32,438.05,25275.701
1731337200000,438.05,449.78,436.89,448.48,54001.917
1731340800000,448.48,453.88,447.11,448.24,51896.322
1731344400000,448.17,452.43,426.65,440.04,188566.029
1731348000000,440.02,441.51,434.4,441.19,27204.2
1731351600000,441.19,444.69,437.84,443.72,27994.747
1731355200000,443.69,450.8,443.36,447.46,22821.655
1731358800000,447.5,452.92,444.64,448.64,29271.057
1731362400000,448.65,477.6,442.63,476.04,103352.228
1731366000000,476.01,484.36,467.31,472.7,101400.073
1731369600000,472.77,473.76,453.77,467.45,58354.545
1731373200000,467.48,467.68,458.55,459.65,26110.735
1731376800000,459.57,462.51,451.2,456.84,27657.805
1731380400000,456.84,459.29,453.03,458.23,28138.292
1731384000000,458.19,461.07,455.16,455.67,21338.089
1731387600000,455.7,459.89,452.24,455.87,21310.93
1731391200000,455.83,462.69,454.72,459.83,28447.297
1731394800000,459.83,462.33,457.2,458.81,23173.983
1731398400000,458.88,475.02,457.39,472.41,56961.072
1731402000000,472.38,472.46,446.57,447.06,71011.792
1731405600000,447.04,451.46,422.32,437.36,144507.653
1731409200000,437.39,442.62,432.8,435.63,47264.996
1731412800000,435.61,439.67,422.34,428.4,54923.767
1731416400000,428.42,431.12,418.03,427.4,58669.845
1731420000000,427.35,432.69,422.09,432.39,40792.984
1731423600000,432.4,435.43,428.66,429.76,47479.956
1731427200000,429.8,433.44,420.88,431.43,45777.965
1731430800000,431.44,435.12,428.88,429.26,15410.327
1731434400000,429.35,437.75,429.24,436.62,24677.095
1731438000000,436.62,440.17,435.92,436.63,17143.258
1731441600000,436.63,439.91,434.88,437.29,12379.129
1731445200000,437.25,439.29,432.48,438.33,16692.258
1731448800000,438.41,444.0,436.09,443.62,14038.814
1731452400000,443.62,443.75,431.11,432.32,26325.878
1731456000000,432.32,437.12,430.16,430.21,31587.805
1731459600000,430.19,434.5,423.42,428.97,32941.796
1731463200000,428.96,430.48,419.6,428.02,28918.18
1731466800000,428.02,428.47,416.77,417.04,23357.311
1731470400000,417.03,424.26,405.3,413.75,48427.426
1731474000000,413.66,415.55,406.29,407.19,32052.728
1731477600000,407.24,413.32,402.98,407.13,34565.941
1731481200000,407.14,414.39,406.24,413.86,20752.635
1731484800000,413.86,417.68,411.53,413.49,23207.636
1731488400000,413.5,415.39,410.0,411.85,19248.497
1731492000000,411.87,413.09,409.54,412.28,19087.362
1731495600000,412.26,414.9,411.61,413.31,22561.361
1731499200000,413.23,414.17,407.76,410.44,13515.144
1731502800000,410.44,425.01,408.28,421.0,44208.324
1731506400000,421.01,439.59,417.49,437.39,78036.437
1731510000000,437.48,440.23,427.05,438.93,58000.591
1731513600000,438.91,449.68,433.52,438.53,83471.108
1731517200000,438.52,442.41,436.32,439.14,23329.097
1731520800000,439.14,450.57,437.98,447.34,49757.9
1731524400000,447.32,448.56,429.69,431.41,80193.595
1731528000000,431.39,448.19,425.06,436.79,73751.924
1731531600000,436.87,437.48,425.6,431.91,41730.695
1731535200000,432.01,437.81,428.07,436.65,22346.906
1731538800000,436.62,440.85,431.52,439.44,23878.94
1731542400000,439.44,442.04,434.66,435.01,21035.233
1731546000000,435.0,439.8,431.74,439.13,20683.452
1731549600000,439.13,441.92,432.09,435.98,24187.12
1731553200000,435.95,444.79,428.14,443.53,38514.232
1731556800000,443.53,445.21,432.01,439.5,29399.285
1731560400000,439.51,442.49,437.5,441.33,17729.376
1731564000000,441.42,445.75,432.97,433.02,24163.014
1731567600000,433.05,442.73,430.8,441.74,26351.236
1731571200000,441.73,444.04,439.93,442.06,23977.659
1731574800000,442.05,446.07,436.39,440.46,27178.63
1731578400000,440.36,444.41,436.34,436.8,24070.322
1731582000000,436.8,442.34,431.06,437.29,60263.48
1731585600000,437.28,437.34,432.4,434.89,21724.389
1731589200000,434.94,437.48,429.1,430.69,23249.384
1731592800000,430.68,435.06,418.99,421.03,65273.298
1731596400000,421.12,425.18,417.63,419.32,37586.013
1731600000000,419.32,428.9,417.4,428.04,22665.92
1731603600000,428.05,429.06,424.3,427.43,17068.584
1731607200000,427.37,429.4,423.86,424.94,9179.603
1731610800000,424.95,427.28,422.46,423.63,10707.683
1731614400000,423.67,423.67,417.77,419.25,15393.802
1731618000000,419.26,424.78,418.07,424.75,12872.176
1731621600000,424.74,425.91,415.94,419.3,19124.083
1731625200000,419.31,420.41,409.32,414.81,33192.412
1731628800000,414.8,420.5,414.12,415.2,22734.107
1731632400000,415.24,419.33,411.97,418.97,15601.67
1731636000000,418.97,421.34,415.55,420.68,9521.099
1731639600000,420.66,422.02,418.44,420.53,6968.989
1731643200000,420.53,420.66,409.42,412.6,17704.203
1731646800000,412.63,416.48,410.53,416.24,12892.54
1731650400000,416.22,420.92,416.18,419.95,12345.649
1731654000000,419.95,420.81,416.9,417.38,7232.264
1731657600000,417.4,420.54,413.01,420.0,11167.856
1731661200000,420.03,424.76,419.58,423.15,15217.474
1731664800000,423.18,426.0,422.12,424.74,11522.803
1731668400000,424.74,427.95,423.37,427.38,9099.438
1731672000000,427.36,430.2,425.31,428.25,18333.106
1731675600000,428.25,435.93,426.36,434.24,47660.345
1731679200000,434.24,435.5,422.14,425.61,35905.51
1731682800000,425.55,426.09,415.76,419.45,30624.667
1731686400000,419.42,426.15,416.57,424.53,28924.879
1731690000000,424.53,426.19,421.53,422.17,10967.206
1731693600000,422.18,423.61,419.67,422.37,10196.073
1731697200000,422.37,428.1,421.63,426.22,9549.051
1731700800000,426.19,435.59,426.0,435.58,12705.858
1731704400000,435.58,436.13,432.6,434.62,14439.279
1731708000000,434.61,435.56,431.51,433.05,12559.379
1731711600000,433.05,433.75,430.32,431.51,7267.866
1731715200000,431.5,431.51,428.37,429.93,14007.337
1731718800000,429.92,433.44,429.53,431.92,9309.282
1731722400000,431.93,435.85,430.97,431.96,9823.479
1731726000000,431.96,434.4,431.3,434.38,6703.726
1731729600000,434.39,434.95,431.36,432.34,9020.745
1731733200000,432.35,443.32,431.43,437.84,27860.28
1731736800000,437.84,440.46,432.42,434.63,18329.913
1731740400000,434.64,439.2,433.51,434.81,15911.55
1731744000000,434.75,436.7,433.03,436.69,9656.615
1731747600000,436.69,444.89,435.12,442.41,37132.645
1731751200000,442.41,448.0,440.57,443.37,28069.16
1731754800000,443.38,449.28,443.04,447.91,33861.927
1731758400000,447.91,449.65,440.26,443.39,32449.88
1731762000000,443.42,445.69,441.01,444.55,16358.198
1731765600000,444.55,461.5,444.19,461.5,72915.327
1731769200000,461.51,471.34,451.0,455.74,100951.373
1731772800000,455.74,465.67,451.66,461.61,32528.385
1731776400000,461.51,468.72,459.76,467.21,22441.181
1731780000000,467.21,478.05,466.96,472.39,40316.669
1731783600000,472.39,483.98,470.08,481.95,43412.039
1731787200000,482.01,482.76,470.23,472.32,28357.776
1731790800000,472.27,479.31,471.42,472.15,23122.545
1731794400000,472.15,473.05,463.65,463.97,16901.71
1731798000000,463.95,466.68,460.82,462.14,21579.977
1731801600000,462.15,488.95,462.15,480.75,95334.091
1731805200000,480.75,482.23,447.5,451.73,159699.06
1731808800000,451.72,451.88,437.33,446.82,69928.438
1731812400000,446.82,448.74,443.01,444.95,25465.357
1731816000000,444.95,450.79,440.0,448.86,30975.84
1731819600000,448.86,451.33,444.76,444.84,17485.346
1731823200000,444.87,454.64,443.35,451.58,23700.269
1731826800000,451.59,451.96,447.52,448.11,15352.456
1731830400000,448.11,451.27,445.18,449.26,15085.952
1731834000000,449.38,452.0,444.0,445.71,18901.928
1731837600000,445.73,446.96,443.56,444.43,13635.737
1731841200000,444.44,444.78,438.55,438.56,34725.755
1731844800000,438.58,443.96,434.43,443.7,25402.208
1731848400000,443.7,443.75,437.79,440.39,14107.428
1731852000000,440.41,441.69,435.0,437.86,24948.632
1731855600000,437.86,438.15,433.51,435.59,14559.171
1731859200000,435.61,437.31,431.67,436.32,17380.732
1731862800000,436.29,439.39,432.68,438.81,13531.917
1731866400000,438.81,438.96,429.31,430.72,17096.612
1731870000000,430.72,433.47,427.3,432.6,25028.5
1731873600000,432.62,434.98,430.45,432.24,13084.049
1731877200000,432.25,433.38,426.87,427.37,12010.158
1731880800000,427.4,431.97,424.09,428.49,13422.47
1731884400000,428.49,432.64,426.04,432.64,11705.818
1731888000000,432.63,440.0,430.7,437.06,21020.198
1731891600000,437.06,448.16,436.86,446.83,27045.196
1731895200000,446.82,448.82,443.25,446.4,27132.97
1731898800000,446.42,448.16,442.95,447.49,19780.686
1731902400000,447.55,448.82,444.24,444.89,16175.469
1731906000000,444.91,450.59,443.78,450.29,17155.822
1731909600000,450.29,455.52,449.34,455.47,25293.467
1731913200000,455.41,457.0,449.49,450.2,22657.034
1731916800000,450.22,452.29,446.06,448.4,20338.894
1731920400000,448.4,451.08,445.09,447.02,22462.811
1731924000000,447.01,449.65,446.84,447.72,7693.985
1731927600000,447.71,448.31,436.36,439.34,40244.265
1731931200000,439.38,442.46,435.52,439.98,22373.493
1731934800000,439.98,440.71,430.66,432.62,37018.059
1731938400000,432.61,441.49,431.67,437.14,22633.393
1731942000000,437.13,448.37,436.65,446.13,21670.579
1731945600000,446.2,449.48,441.66,445.03,28381.968
1731949200000,444.98,447.95,441.9,445.12,16117.968
1731952800000,445.11,447.05,439.54,440.59,14619.465
1731956400000,440.56,441.72,431.62,439.86,30127.138
1731960000000,439.84,444.97,436.29,442.17,22400.051
1731963600000,442.15,472.29,441.29,455.26,149149.395
1731967200000,455.21,459.46,451.77,452.37,14426.223
1731970800000,452.36,453.54,447.32,452.77,19933.821
1731974400000,452.8,460.72,449.64,457.32,43394.207
1731978000000,457.31,459.42,452.59,453.15,15253.037
1731981600000,453.15,460.09,452.57,456.07,16839.651
1731985200000,456.12,460.89,455.56,458.38,16342.165
1731988800000,458.4,460.61,453.64,455.67,19372.293
1731992400000,455.67,460.15,453.91,460.06,13151.424
1731996000000,460.07,460.68,456.55,458.9,8743.305
1731999600000,458.9,459.84,453.14,453.55,11328.781
1732003200000,453.52,455.52,448.23,449.9,27563.538
1732006800000,449.9,452.18,442.83,444.45,31936.712
1732010400000,444.45,447.83,442.11,447.45,14975.851
1732014000000,447.47,450.5,445.88,449.82,11276.455
1732017600000,449.84,455.84,449.83,454.13,21112.575
1732021200000,454.13,454.33,441.08,441.62,23210.192
1732024800000,441.64,449.1,438.35,446.7,33571.743
1732028400000,446.74,448.86,444.36,447.96,12840.399
1732032000000,447.96,450.8,446.48,447.9,10276.767
1732035600000,447.89,451.3,446.12,448.63,7494.504
1732039200000,448.64,454.31,448.01,453.61,17047.59
1732042800000,453.64,454.08,449.26,449.86,8086.616
1732046400000,449.82,451.75,442.17,445.95,15411.133
1732050000000,445.88,446.99,439.54,444.28,18568.171
1732053600000,444.3,446.34,438.4,444.14,10352.908
1732057200000,444.15,447.66,442.39,447.0,9131.839
1732060800000,447.0,447.6,443.02,443.7,8437.254
1732064400000,443.7,446.53,439.75,441.42,11831.467
1732068000000,441.43,441.61,435.67,436.45,15910.785
1732071600000,436.49,436.69,429.41,435.05,23685.924
1732075200000,434.98,437.55,431.5,436.5,9822.615
1732078800000,436.53,440.17,434.56,439.4,8591.043
1732082400000,439.48,440.87,437.5,438.05,6063.676
1732086000000,437.91,440.37,436.89,439.43,5898.649
1732089600000,439.39,443.46,438.23,442.05,11109.81
1732093200000,442.08,445.27,440.55,442.37,13582.011
1732096800000,442.39,444.81,441.74,442.27,6360.587
1732100400000,442.27,442.7,437.78,442.2,12437.996
1732104000000,442.21,443.2,437.71,441.3,17016.164
1732107600000,441.31,448.91,439.77,448.58,20109.656
1732111200000,448.58,454.73,446.57,451.77,46960.628
1732114800000,451.76,452.6,447.5,450.94,16349.272
1732118400000,450.94,453.54,438.25,444.26,34612.045
1732122000000,444.25,446.72,435.42,435.42,19303.19
1732125600000,435.42,439.68,432.02,434.8,30608.189
1732129200000,434.75,435.93,428.62,434.68,18885.691
1732132800000,434.71,440.68,430.88,438.41,17956.559
1732136400000,438.35,442.02,436.12,441.13,9987.897
1732140000000,441.12,449.68,441.01,444.11,20068.375
1732143600000,444.1,445.41,438.99,440.18,7496.467
1732147200000,440.18,451.52,438.76,446.1,32044.465
1732150800000,446.15,448.38,443.1,443.53,10460.777
1732154400000,443.53,443.69,428.58,432.44,47679.621
1732158000000,432.44,457.34,431.29,453.37,88404.162
1732161600000,453.42,497.76,452.82,497.18,259516.612
1732165200000,497.21,523.8,494.27,515.72,337060.231
1732168800000,515.73,535.33,513.73,525.45,212747.184
1732172400000,525.44,536.58,517.65,526.29,161614.348
1732176000000,526.32,528.61,512.75,519.93,128156.403
1732179600000,519.94,525.48,512.3,517.02,114162.268
1732183200000,516.97,521.14,511.0,517.56,71617.708
1732186800000,517.56,525.87,516.6,521.07,94618.466
1732190400000,521.06,526.7,496.63,496.86,201583.321
1732194000000,496.84,501.17,491.38,494.02,93099.64
1732197600000,494.02,494.1,484.25,486.91,80201.423
1732201200000,486.91,488.33,472.77,476.62,107111.92
1732204800000,476.65,483.5,473.46,482.5,64170.296
1732208400000,482.49,488.08,479.11,487.85,39490.078
1732212000000,487.84,489.4,481.3,483.83,37756.105
1732215600000,483.84,487.66,482.68,483.66,30995.218
1732219200000,483.63,491.64,481.97,485.21,34188.747
1732222800000,485.21,485.46,476.88,479.17,35590.633
1732226400000,479.17,485.64,477.77,485.06,20761.837
1732230000000,485.06,487.96,484.19,484.72,22674.585
1732233600000,484.71,495.0,482.43,483.76,82761.908
1732237200000,483.74,494.26,482.22,489.44,48729.078
1732240800000,489.44,493.56,484.57,489.74,38501.198
1732244400000,489.74,503.19,486.64,493.82,62507.376
1732248000000,493.81,500.66,490.62,495.9,42667.26
1732251600000,495.89,500.74,491.71,500.39,30157.344
1732255200000,500.39,500.8,490.84,494.96,37665.625
1732258800000,494.93,497.17,491.34,492.63,26491.739
1732262400000,492.62,496.3,487.81,489.98,36402.029
1732266000000,489.98,492.09,486.21,489.42,26317.39
1732269600000,489.41,491.09,483.4,484.88,30995.446
1732273200000,484.95,493.53,483.03,491.94,30559.084
1732276800000,491.95,492.57,487.98,488.23,24610.706
1732280400000,488.24,488.44,472.24,476.01,91570.701
1732284000000,475.99,479.62,473.61,475.86,32447.967
1732287600000,475.87,487.05,473.81,486.32,46326.141
1732291200000,486.32,490.04,482.42,488.37,27046.566
1732294800000,488.4,490.33,484.25,487.07,18290.123
1732298400000,487.14,490.44,482.36,484.5,20649.035
1732302000000,484.51,491.95,482.83,487.65,23749.345
1732305600000,487.63,492.68,486.14,491.51,13685.452
1732309200000,491.5,495.08,487.51,487.92,20419.5
1732312800000,487.88,489.94,485.82,486.86,14960.155
1732316400000,486.86,491.49,485.96,490.63,16602.457
1732320000000,490.63,499.14,486.53,496.54,52865.712
1732323600000,496.54,546.87,496.44,544.85,185437.603
1732327200000,544.89,570.89,535.63,538.95,272043.271
1732330800000,538.95,548.99,534.21,541.28,58466.698
1732334400000,541.3,542.11,526.57,535.64,64715.375
1732338000000,535.65,541.98,533.02,540.7,35408.957
1732341600000,540.67,541.91,535.29,538.35,22383.2
1732345200000,538.34,540.92,525.03,529.44,45495.598
1732348800000,529.5,534.16,528.4,531.44,25828.989
1732352400000,531.43,540.13,529.13,532.91,36674.931
1732356000000,532.91,536.29,526.98,529.04,28542.912
1732359600000,529.04,534.96,528.2,528.47,22782.975
1732363200000,528.43,534.54,527.7,530.39,22635.032
1732366800000,530.39,542.91,529.38,537.19,40486.111
1732370400000,537.22,542.99,535.48,538.44,79692.656
1732374000000,538.45,540.67,519.86,520.87,114636.286
1732377600000,520.92,526.75,495.93,509.56,102112.021
1732381200000,509.51,513.37,501.35,512.29,33978.765
1732384800000,512.29,512.29,506.28,510.9,17407.623
1732388400000,510.9,511.64,503.54,507.03,15395.588
1732392000000,507.03,507.04,493.75,499.57,37183.043
1732395600000,499.56,507.9,498.19,507.72,20387.666
1732399200000,507.74,516.57,505.91,508.19,39914.331
1732402800000,508.16,511.5,503.1,510.23,15765.216
1732406400000,510.23,520.0,507.19,518.72,40865.068
1732410000000,518.71,519.97,513.47,518.3,30076.471
1732413600000,518.32,527.65,517.62,521.64,30548.748
1732417200000,521.6,522.92,515.3,520.67,20614.199
1732420800000,520.67,522.96,512.39,519.32,25210.063
1732424400000,519.34,519.34,506.95,512.47,43392.957
1732428000000,512.46,515.13,507.66,513.15,23474.126
1732431600000,513.2,515.1,510.57,512.3,10909.921
1732435200000,512.25,513.43,503.57,505.48,19833.511
1732438800000,505.45,510.13,503.0,507.94,19233.04
1732442400000,507.94,512.66,502.02,507.02,33370.78
1732446000000,507.01,508.56,495.48,497.35,56848.884
1732449600000,497.4,503.79,477.0,488.61,105606.63
1732453200000,488.61,498.68,484.83,495.13,38156.8
1732456800000,495.07,495.22,483.7,491.34,38079.924
1732460400000,491.34,499.29,485.06,488.47,42665.808
1732464000000,488.53,509.29,486.51,505.44,53960.202
1732467600000,505.44,505.76,497.07,499.56,24974.569
1732471200000,499.53,506.17,498.92,502.83,16933.304
1732474800000,502.83,504.32,498.56,502.3,12027.621
1732478400000,502.29,509.16,500.87,508.89,13076.198
1732482000000,508.92,511.26,505.0,510.61,11416.074
1732485600000,510.59,515.97,509.34,514.44,16575.518
1732489200000,514.44,518.93,511.81,515.16,18561.964
1732492800000,515.17,515.52,505.69,508.36,23525.008
1732496400000,508.34,509.18,494.56,502.25,31936.363
1732500000000,502.24,508.73,501.95,505.02,12044.982
1732503600000,505.03,512.75,504.92,511.15,11659.702
1732507200000,511.15,515.02,507.53,509.28,13522.695
1732510800000,509.28,513.98,508.67,511.4,8987.191
1732514400000,511.38,514.63,508.89,509.49,11340.637
1732518000000,509.49,514.16,507.21,511.26,9820.449
1732521600000,511.21,515.47,509.73,513.82,15151.005
1732525200000,513.85,531.94,513.38,520.14,109600.687
1732528800000,520.1,529.98,516.07,523.98,37028.118
1732532400000,523.99,528.97,518.78,523.92,28802.486
1732536000000,523.92,526.8,519.31,521.25,20566.479
1732539600000,521.2,522.17,511.68,517.35,44262.709
1732543200000,517.37,535.25,507.6,508.34,88018.414
1732546800000,508.31,518.74,497.83,513.99,74749.35
1732550400000,514.02,520.72,509.37,512.28,30984.401
1732554000000,512.27,512.66,498.09,503.5,57587.336
1732557600000,503.51,507.84,500.0,502.42,16532.581
1732561200000,502.42,506.32,499.57,502.6,14978.188
1732564800000,502.59,509.58,500.36,507.93,15474.145
1732568400000,507.94,509.37,492.83,497.51,25886.759
1732572000000,497.5,500.19,483.1,498.69,32970.657
1732575600000,498.69,499.25,489.34,492.01,22439.443
1732579200000,492.0,501.54,487.31,494.37,31575.561
1732582800000,494.34,503.6,493.55,502.62,15019.162
1732586400000,502.72,504.73,501.23,502.82,9371.073
1732590000000,502.73,503.23,497.08,499.7,9598.49
1732593600000,499.72,499.83,495.43,498.02,6353.345
1732597200000,498.0,503.12,497.22,502.19,9311.515
1732600800000,502.2,505.29,498.95,500.21,9959.898
1732604400000,500.22,500.22,492.58,495.63,17906.645
1732608000000,495.6,495.79,482.09,487.53,42065.122
1732611600000,487.54,497.04,486.49,495.58,26453.196
1732615200000,495.64,497.56,484.5,484.88,26462.012
1732618800000,484.88,488.3,470.68,485.03,62143.775
1732622400000,485.02,488.88,478.31,483.15,23601.965
1732626000000,483.19,488.11,479.29,482.07,18829.972
1732629600000,482.08,493.34,477.28,490.25,28579.274
1732633200000,490.26,492.45,484.43,485.49,19076.144
1732636800000,485.49,497.6,483.49,494.27,28933.184
1732640400000,494.27,497.26,491.18,493.87,11695.907
1732644000000,493.86,495.31,478.3,481.66,34046.084
1732647600000,481.65,486.25,478.04,485.53,18692.665
1732651200000,485.54,492.14,483.38,489.52,21387.745
1732654800000,489.55,493.99,486.36,491.16,10035.429
1732658400000,491.2,498.45,489.92,492.27,12920.244
1732662000000,492.3,494.76,490.4,492.64,7924.465
1732665600000,492.63,497.58,486.43,487.52,18606.813
1732669200000,487.51,495.11,485.16,494.62,11253.797
1732672800000,494.62,495.55,488.99,494.96,11026.775
1732676400000,494.81,496.84,492.87,493.69,13577.962
1732680000000,493.7,499.88,492.96,495.66,12576.171
1732683600000,495.65,497.28,491.16,494.04,11113.37
1732687200000,494.05,502.11,494.05,500.1,21082.35
1732690800000,500.1,505.84,499.69,504.77,12868.718
1732694400000,504.78,505.07,498.82,499.53,14703.189
1732698000000,499.53,500.37,494.98,499.84,11877.202
1732701600000,499.76,518.45,498.64,514.24,52229.219
1732705200000,514.23,516.21,501.99,504.07,31197.243
1732708800000,504.07,514.13,497.25,510.25,41758.406
1732712400000,510.24,524.5,509.05,518.37,95348.429
1732716000000,518.36,524.55,516.64,518.06,47766.63
1732719600000,518.07,519.24,513.72,517.85,32276.815
1732723200000,517.87,518.8,512.67,513.95,23889.027
1732726800000,513.91,518.23,513.2,516.66,11380.844
1732730400000,516.74,519.14,515.9,516.49,10944.109
1732734000000,516.48,518.71,514.4,517.86,9914.305
1732737600000,517.85,518.85,516.49,517.22,15761.343
1732741200000,517.26,518.43,514.31,518.22,10766.342
1732744800000,518.21,522.66,517.41,519.58,34243.553
1732748400000,519.57,523.3,517.61,517.8,27323.822
1732752000000,517.77,525.34,506.67,517.26,148567.016
1732755600000,517.3,520.49,515.03,519.8,22998.107
1732759200000,519.79,520.98,509.71,510.4,21073.876
1732762800000,510.39,513.38,505.14,511.69,32594.654
1732766400000,511.75,513.83,510.47,512.43,7196.479
1732770000000,512.44,513.72,509.43,512.08,6794.83
1732773600000,512.11,512.38,507.69,509.38,24756.542
1732777200000,509.37,511.18,506.64,508.28,11533.336
1732780800000,508.28,510.03,503.78,508.63,14186.719
1732784400000,508.63,508.85,502.06,502.56,7704.38
1732788000000,502.55,506.15,500.77,502.52,23388.513
1732791600000,502.46,505.33,498.66,503.76,16171.734
1732795200000,503.7,508.87,503.28,508.07,20612.582
1732798800000,508.08,508.61,504.0,507.18,19125.739
1732802400000,507.2,510.88,504.18,505.41,16582.791
1732806000000,505.43,506.42,497.34,498.42,21800.42
1732809600000,498.52,503.56,498.43,500.49,12214.829
1732813200000,500.48,505.85,500.46,503.84,9677.995
1732816800000,503.84,509.03,503.75,508.88,6823.16
1732820400000,508.87,509.9,507.62,509.03,7007.683
1732824000000,509.03,509.29,505.39,506.67,5727.867
1732827600000,506.68,509.41,506.68,509.17,6890.795
1732831200000,509.18,512.29,508.44,512.2,6441.85
1732834800000,512.2,513.32,510.0,511.12,11465.138
1732838400000,511.08,512.55,506.86,508.0,16757.282
1732842000000,507.99,512.25,507.66,511.6,7521.164
1732845600000,511.59,515.46,511.0,514.9,11966.082
1732849200000,514.92,515.5,512.22,512.61,7816.297
1732852800000,512.63,513.09,509.58,511.47,7611.573
1732856400000,511.48,513.32,510.15,510.23,5591.271
1732860000000,510.24,511.51,505.01,505.86,18460.818
1732863600000,505.89,506.86,500.0,500.04,30639.959
1732867200000,500.08,502.98,499.2,500.84,30382.685
1732870800000,500.84,504.71,499.66,504.54,19097.735
1732874400000,504.54,509.95,503.66,509.8,19511.086
1732878000000,509.81,511.95,507.35,510.85,14383.882
1732881600000,510.86,513.87,508.65,510.63,17039.69
1732885200000,510.63,513.76,509.52,513.09,12958.125
1732888800000,513.13,516.5,510.14,516.32,23190.601
1732892400000,516.32,522.69,511.45,513.25,43728.501
1732896000000,513.3,520.15,512.03,515.13,23294.206
1732899600000,515.14,516.85,512.25,513.56,14068.279
1732903200000,513.55,517.71,513.5,514.9,7862.67
1732906800000,514.95,516.41,510.26,516.33,10942.92
1732910400000,516.37,520.22,515.46,517.81,11907.846
1732914000000,517.81,521.4,516.21,521.2,11622.269
1732917600000,521.19,522.12,517.64,517.76,12192.12
1732921200000,517.79,519.31,516.8,518.32,11133.439
1732924800000,518.34,525.54,512.82,515.0,59922.559
1732928400000,514.97,515.22,510.25,511.95,34439.473
1732932000000,511.95,512.08,505.3,509.94,25638.153
1732935600000,509.96,514.17,509.77,514.0,9838.849
1732939200000,514.01,515.35,511.5,511.74,9075.525
1732942800000,511.75,515.42,510.5,514.93,7974.511
1732946400000,514.94,516.86,511.27,512.87,14975.585
1732950000000,512.95,519.91,511.56,516.9,13413.655
1732953600000,516.95,520.54,515.39,516.53,13308.88
1732957200000,516.52,528.87,514.5,527.74,37788.186
1732960800000,527.74,542.19,516.22,516.92,113656.782
1732964400000,516.92,526.47,515.74,518.83,31025.769
1732968000000,518.84,535.57,518.54,532.95,35137.516
1732971600000,532.96,537.96,523.55,523.89,45007.323
1732975200000,523.8,529.74,521.1,522.21,18365.517
1732978800000,522.21,533.13,520.0,529.54,22499.39
1732982400000,529.53,535.15,526.88,533.59,19198.715
1732986000000,533.58,534.85,530.48,533.08,15482.143
1732989600000,533.08,536.7,531.61,532.45,11354.084
1732993200000,532.4,533.75,529.49,529.57,7038.21
1732996800000,529.56,530.98,525.05,527.0,16807.812
1733000400000,527.02,528.79,525.52,527.3,6285.222
1733004000000,527.31,527.46,520.89,522.62,10943.262
1733007600000,522.57,527.24,522.14,526.44,14371.718
1733011200000,526.44,528.63,517.49,518.3,26354.613
1733014800000,518.31,522.66,513.06,519.11,27641.347
1733018400000,519.07,520.93,508.24,511.43,36864.925
1733022000000,511.48,520.19,510.77,518.36,16247.848
1733025600000,518.37,519.14,515.49,518.84,6277.111
1733029200000,518.75,518.86,515.6,515.83,17801.404
1733032800000,515.83,521.81,515.25,520.0,9272.898
1733036400000,520.0,521.64,518.31,520.35,5187.751
1733040000000,520.36,525.86,518.61,525.21,15782.709
1733043600000,525.17,525.83,521.23,523.76,7887.338
1733047200000,523.75,524.18,518.84,521.84,8860.124
1733050800000,521.84,522.04,517.0,520.8,21114.138
1733054400000,520.81,522.0,517.93,519.22,13281.09
1733058000000,519.12,524.28,517.65,521.45,10969.707
1733061600000,521.44,524.76,519.03,524.75,11097.741
1733065200000,524.76,532.4,523.59,528.9,54198.319
1733068800000,528.91,532.53,526.06,529.72,23236.381
1733072400000,529.71,530.25,522.64,527.4,18752.704
1733076000000,527.35,528.55,522.82,524.52,8615.775
1733079600000,524.46,527.4,521.62,525.88,18029.477
1733083200000,525.88,526.45,513.0,521.3,40415.458
1733086800000,521.39,527.39,520.2,527.04,26130.201
1733090400000,527.03,533.69,525.49,532.5,30288.631
1733094000000,532.52,538.34,529.71,532.65,41576.008
1733097600000,532.68,560.86,530.35,560.31,125509.123
1733101200000,560.32,562.87,545.02,559.51,88659.69
1733104800000,559.51,560.0,545.91,549.69,47671.141
1733108400000,549.61,553.3,529.39,532.8,64200.105
1733112000000,532.77,538.52,521.56,531.75,80413.681
1733115600000,531.73,538.8,529.53,533.55,26100.033
1733119200000,533.56,533.82,522.87,530.36,29781.217
1733122800000,530.27,533.6,521.25,526.22,29552.953
1733126400000,526.11,531.68,503.0,507.37,93382.399
1733130000000,507.34,514.61,504.87,513.89,33903.897
1733133600000,513.89,514.04,495.16,496.26,54928.57
1733137200000,496.29,501.31,495.23,499.1,30232.468
1733140800000,499.1,505.68,497.19,502.51,38237.474
1733144400000,502.5,514.35,501.35,510.69,43814.869
1733148000000,510.73,521.14,505.95,516.32,59587.189
1733151600000,516.3,535.35,512.14,529.13,99926.956
1733155200000,529.15,530.64,511.0,517.74,67400.056
1733158800000,517.73,520.6,501.62,504.72,65259.049
1733162400000,504.77,517.87,504.49,516.24,28477.531
1733166000000,516.23,520.4,508.65,519.46,26604.166
1733169600000,519.48,531.62,518.25,530.83,41035.54
1733173200000,530.83,540.3,525.04,536.1,56255.658
1733176800000,536.1,537.16,529.0,531.74,23614.74
1733180400000,531.73,540.0,531.39,538.74,27710.678
1733184000000,538.74,549.43,532.63,537.68,52883.787
1733187600000,537.68,540.76,532.36,532.7,24552.181
1733191200000,532.7,539.0,528.5,536.77,25691.628
1733194800000,536.74,542.6,535.98,538.51,14446.814
1733198400000,538.47,546.31,536.59,544.19,23727.41
1733202000000,544.19,557.83,543.34,547.33,58616.902
1733205600000,547.31,550.01,532.72,535.18,42721.781
1733209200000,535.04,538.21,525.0,534.07,50961.739
1733212800000,534.07,538.3,532.42,537.23,23514.707
1733216400000,537.3,537.74,530.42,533.87,18615.862
1733220000000,533.86,539.67,525.6,527.11,31113.029
1733223600000,527.1,543.58,526.07,541.38,31822.532
1733227200000,541.39,577.54,535.59,563.74,134842.833
1733230800000,563.64,574.45,525.33,534.75,218593.627
1733234400000,534.75,545.12,512.0,529.85,162024.543
1733238000000,529.74,535.63,527.01,531.1,71848.055
1733241600000,531.11,543.42,528.55,530.1,55669.566
1733245200000,530.1,537.71,523.68,535.75,33392.27
1733248800000,535.75,539.84,534.85,537.9,18203.572
1733252400000,537.92,538.14,527.77,534.44,21193.985
1733256000000,534.48,543.17,532.96,542.38,21215.442
1733259600000,542.33,547.77,542.01,544.45,27205.07
1733263200000,544.49,557.0,536.75,554.96,34305.702
1733266800000,554.99,592.5,554.89,586.23,149882.852
1733270400000,586.23,602.84,572.37,574.03,142251.404
1733274000000,574.06,584.31,569.14,579.04,55814.935
1733277600000,579.04,579.88,560.56,566.05,82115.524
1733281200000,565.94,574.34,565.75,572.48,22039.871
1733284800000,572.43,575.0,570.71,574.72,20874.455
1733288400000,574.73,575.0,571.31,571.32,46430.037
1733292000000,571.33,578.07,567.8,577.99,32955.416
1733295600000,577.99,579.6,571.78,578.39,25746.706
1733299200000,578.4,579.99,574.6,579.33,20120.403
1733302800000,579.32,583.58,576.4,578.95,35678.946
1733306400000,579.02,579.02,570.04,573.15,43755.988
1733310000000,573.15,576.45,565.94,569.32,37811.16
1733313600000,569.32,571.2,560.01,564.72,54789.733
1733317200000,564.77,567.07,556.2,562.86,42969.329
1733320800000,562.85,573.35,556.37,560.74,68790.656
1733324400000,560.65,570.43,556.38,566.87,35488.523
1733328000000,566.88,567.56,541.67,546.48,80032.986
1733331600000,546.57,555.69,545.5,555.35,36811.028
1733335200000,555.29,563.2,554.05,561.89,25895.481
1733338800000,561.81,569.99,560.54,566.8,24485.975
1733342400000,566.94,584.13,565.83,578.75,77067.404
1733346000000,578.72,587.45,571.15,576.5,56518.582
1733349600000,576.47,583.86,573.94,576.94,27625.124
1733353200000,576.93,587.99,573.57,584.01,48942.923
1733356800000,584.02,584.28,571.17,573.11,45827.612
1733360400000,573.11,574.15,549.95,559.16,77830.922
1733364000000,559.09,614.79,558.4,592.71,195883.496
1733367600000,592.73,605.0,581.66,585.78,119520.91
1733371200000,585.79,596.22,585.34,592.97,31990.351
1733374800000,593.03,593.25,573.52,579.06,41878.699
1733378400000,579.07,615.99,575.09,598.85,159625.25
1733382000000,598.79,633.38,595.84,620.54,116065.788
1733385600000,620.61,625.66,609.0,612.02,62923.536
1733389200000,612.02,620.69,607.02,608.17,37002.13
1733392800000,608.16,610.77,602.49,605.85,25081.889
1733396400000,605.92,618.92,605.92,617.18,34228.86
1733400000000,617.17,631.0,610.56,623.2,59888.381
1733403600000,623.18,635.0,620.67,627.96,75656.078
1733407200000,627.97,628.26,609.71,616.12,52539.276
1733410800000,616.11,617.63,606.7,610.99,39169.5
1733414400000,611.0,616.68,607.0,612.5,25885.276
1733418000000,612.5,615.82,607.29,615.11,16583.884
1733421600000,615.12,620.62,614.17,615.4,18370.082
1733425200000,615.38,618.69,602.7,604.74,26119.067
1733428800000,604.7,606.96,590.21,603.15,51015.236
1733432400000,603.15,608.34,601.53,603.72,18903.122
1733436000000,603.71,606.78,558.47,590.01,89213.446
1733439600000,590.02,596.0,580.72,589.04,42254.065
1733443200000,589.04,596.0,583.96,594.34,40752.13
1733446800000,594.27,599.08,588.49,594.76,26258.31
1733450400000,594.75,594.93,589.43,591.96,24001.314
1733454000000,591.99,597.0,587.18,595.99,31425.689
1733457600000,596.0,598.0,594.69,597.2,41569.977
1733461200000,597.19,601.46,595.4,599.05,26000.357
1733464800000,599.05,601.56,596.09,596.81,15356.006
1733468400000,596.81,597.02,593.11,596.65,8253.586
1733472000000,596.65,599.72,592.79,593.73,16908.72
1733475600000,593.73,593.95,585.0,587.81,30564.014
1733479200000,587.78,591.04,579.91,590.89,34976.493
1733482800000,590.9,595.12,587.02,593.39,23959.826
1733486400000,593.38,598.02,590.3,591.91,28263.597
1733490000000,591.91,606.59,587.1,604.54,55383.81
1733493600000,604.46,617.99,602.11,615.25,50281.864
1733497200000,615.26,624.01,610.66,622.25,49744.143
1733500800000,622.25,630.61,621.62,627.11,38915.601
1733504400000,627.11,639.75,624.68,635.7,43108.875
1733508000000,635.73,640.58,633.05,638.25,26403.994
1733511600000,638.26,640.2,635.1,637.28,13661.092
1733515200000,637.28,638.79,630.45,630.69,20713.316
1733518800000,630.68,632.5,622.44,622.63,23472.096
1733522400000,622.64,626.25,620.54,621.89,14709.509
1733526000000,621.89,624.83,615.13,619.38,22679.972
1733529600000,619.38,627.41,617.4,620.45,26166.246
1733533200000,620.5,622.57,614.0,617.21,17695.782
1733536800000,617.2,618.83,614.74,616.93,12104.95
1733540400000,616.93,619.84,614.55,614.9,15895.697
1733544000000,614.89,618.27,612.69,614.68,12700.047
1733547600000,614.68,617.84,610.99,612.15,12708.495
1733551200000,612.15,616.75,611.55,616.12,9994.904
1733554800000,616.12,618.61,611.89,617.01,16284.813
1733558400000,617.02,624.0,616.65,619.0,14124.945
1733562000000,619.0,623.0,617.68,621.65,11934.73
1733565600000,621.65,622.99,611.89,613.35,41897.356
1733569200000,613.35,618.53,613.19,616.29,59586.299
1733572800000,616.3,619.97,615.25,616.43,17591.741
1733576400000,616.43,619.32,610.3,613.45,26776.751
1733580000000,613.46,618.85,610.09,616.4,20668.728
1733583600000,616.34,619.5,614.67,618.77,15553.429
1733587200000,618.79,619.84,614.18,614.36,10318.522
1733590800000,614.36,614.53,604.73,605.53,28315.852
1733594400000,605.53,613.69,604.75,611.41,15895.388
1733598000000,611.41,613.88,609.36,609.51,11923.946
1733601600000,609.51,615.05,608.91,614.12,9750.839
1733605200000,614.12,615.05,610.96,612.66,5586.331
1733608800000,612.63,612.71,609.0,609.0,7108.85
1733612400000,609.0,614.2,607.39,608.17,9596.075
1733616000000,608.17,612.38,606.22,611.69,10346.472
1733619600000,611.69,616.74,611.66,614.58,11583.6
1733623200000,614.59,620.72,612.52,619.03,19952.707
1733626800000,619.02,623.3,618.82,619.92,16414.125
1733630400000,619.92,625.83,619.56,622.88,19683.159
1733634000000,622.97,624.42,609.0,611.89,31857.837
1733637600000,611.87,616.05,608.16,614.32,17241.243
1733641200000,614.32,618.8,612.47,614.55,9582.696
1733644800000,614.56,614.62,604.09,604.22,24339.016
1733648400000,604.21,612.34,601.56,605.71,23771.278
1733652000000,605.74,615.58,605.69,615.0,19556.69
1733655600000,615.0,616.0,614.0,615.63,25674.074
1733659200000,615.63,619.35,610.09,618.98,28094.943
1733662800000,618.98,624.98,617.6,623.62,29723.755
1733666400000,623.66,623.88,615.26,615.6,19314.631
1733670000000,615.62,621.2,610.0,618.68,25319.139
1733673600000,618.68,623.54,617.53,621.62,10860.022
1733677200000,621.63,624.85,621.18,622.3,12362.333
1733680800000,622.31,622.65,616.54,617.76,9231.14
1733684400000,617.76,619.95,615.37,619.24,5810.625
1733688000000,619.24,620.28,614.26,614.4,5846.225
1733691600000,614.4,619.42,614.0,618.65,5343.107
1733695200000,618.66,621.44,614.9,620.59,5142.507
1733698800000,620.59,624.83,617.58,622.96,10557.686
1733702400000,622.95,624.57,610.67,613.0,40723.893
1733706000000,613.01,616.49,609.45,611.03,21482.04
1733709600000,610.96,615.67,607.38,611.33,17276.451
1733713200000,611.36,615.0,602.27,610.81,22940.15
1733716800000,610.8,613.85,604.44,612.74,22798.171
1733720400000,612.74,614.4,608.26,609.95,12413.337
1733724000000,609.95,610.08,602.4,604.61,22397.938
1733727600000,604.61,608.41,594.53,603.96,45181.427
1733731200000,603.96,608.94,600.01,603.09,45993.37
1733734800000,603.03,605.95,593.62,600.93,48701.838
1733738400000,600.94,608.63,598.3,604.33,27280.467
1733742000000,604.32,604.32,587.79,590.41,43023.35
1733745600000,590.38,601.8,585.63,601.37,38334.174
1733749200000,601.37,606.32,594.69,602.79,22530.358
1733752800000,602.83,613.09,596.85,610.79,33902.133
1733756400000,610.78,614.02,592.19,596.26,64417.219
1733760000000,596.27,607.03,594.2,601.51,27349.38
1733763600000,601.51,604.82,591.03,591.2,18115.767
1733767200000,591.21,600.17,591.03,598.03,19853.818
1733770800000,598.03,603.31,595.38,598.35,19126.804
1733774400000,598.34,618.57,570.0,573.51,134897.427
1733778000000,573.55,573.95,507.11,546.89,151713.07
1733781600000,546.89,551.14,519.72,549.46,105918.391
1733785200000,549.46,555.75,545.61,551.2,34519.634
1733788800000,551.2,559.19,540.48,558.91,48864.411
1733792400000,558.92,563.97,552.25,563.45,44173.187
1733796000000,563.46,563.46,541.8,542.28,34908.2
1733799600000,542.24,546.36,525.01,544.33,69405.638
1733803200000,544.33,545.45,531.68,544.85,34352.259
1733806800000,544.84,547.78,537.55,543.35,22876.915
1733810400000,543.34,548.76,539.99,546.05,20431.703
1733814000000,546.05,546.53,539.49,545.77,15508.144
1733817600000,545.77,547.8,539.83,546.33,24339.439
1733821200000,546.33,552.12,542.11,545.11,22671.033
1733824800000,545.12,551.38,542.76,543.94,20406.804
1733828400000,543.9,546.13,538.68,541.44,21305.894
1733832000000,541.44,542.75,522.25,524.71,69374.447
1733835600000,524.72,531.49,521.29,525.77,41645.716
1733839200000,525.78,532.49,520.47,523.89,48380.466
1733842800000,523.81,526.38,500.67,501.95,101844.546
1733846400000,501.97,510.65,493.47,509.07,93146.624
1733850000000,509.03,509.44,486.08,486.33,72351.162
1733853600000,486.38,500.88,485.22,497.52,46416.501
1733857200000,497.53,507.73,496.67,507.2,26824.146
1733860800000,507.2,514.55,503.0,513.66,39763.661
1733864400000,513.64,520.19,512.68,515.18,32483.552
1733868000000,515.19,518.38,512.56,515.94,15058.183
1733871600000,515.94,519.1,513.0,515.87,18612.893
1733875200000,515.87,518.3,506.73,512.64,37056.941
1733878800000,512.63,513.52,502.32,505.56,35473.257
1733882400000,505.58,518.56,503.78,517.8,32194.564
1733886000000,517.79,521.21,516.26,518.87,20669.545
1733889600000,518.88,522.6,516.73,519.11,23826.384
1733893200000,519.13,520.48,516.1,518.3,10435.216
1733896800000,518.31,522.78,516.57,522.21,10889.305
1733900400000,522.21,523.8,517.6,517.84,13206.79
1733904000000,517.84,529.32,517.56,527.07,18928.313
1733907600000,527.09,528.75,523.51,528.4,13275.91
1733911200000,528.4,530.52,525.63,530.45,10616.068
1733914800000,530.41,534.55,529.74,532.83,15910.332
1733918400000,532.83,537.69,531.65,533.9,21535.282
1733922000000,533.91,544.68,532.01,539.71,43079.723
1733925600000,539.72,543.29,535.21,542.13,27884.689
1733929200000,542.13,550.19,541.35,548.92,57057.622
1733932800000,548.97,549.94,542.22,546.68,35802.879
1733936400000,546.68,547.38,541.21,541.96,16997.596
1733940000000,541.95,545.1,541.48,542.81,11911.948
1733943600000,542.82,543.98,540.9,543.59,16714.283
1733947200000,543.6,547.6,541.76,546.2,13128.012
1733950800000,546.19,546.32,542.14,543.76,10018.424
1733954400000,543.76,550.06,543.76,548.66,11948.409
1733958000000,548.67,550.04,545.46,546.34,8826.428
1733961600000,546.34,549.0,542.57,545.8,15810.574
1733965200000,545.8,548.16,541.37,543.35,12556.39
1733968800000,543.36,554.77,543.06,554.77,21746.669
1733972400000,554.78,563.79,549.67,556.56,32619.925
1733976000000,556.55,558.96,551.88,554.34,14279.953
1733979600000,554.34,563.1,553.49,556.95,19742.853
1733983200000,556.96,559.54,553.59,555.64,14186.608
1733986800000,555.64,559.18,554.41,555.23,10973.466
1733990400000,555.23,559.4,555.13,557.05,9441.605
1733994000000,557.04,559.1,553.15,553.38,7959.004
1733997600000,553.39,553.61,547.65,550.5,25736.649
1734001200000,550.54,550.7,545.0,547.72,21418.411
1734004800000,547.75,552.97,547.71,550.94,16807.917
1734008400000,551.0,557.98,545.09,547.52,38736.482
1734012000000,547.57,554.21,545.78,553.74,27895.729
1734015600000,553.74,554.91,548.21,552.07,14799.473
1734019200000,552.01,557.07,549.63,550.5,21321.217
1734022800000,550.5,554.24,549.48,553.1,8961.361
1734026400000,553.1,555.38,550.4,552.27,10086.238
1734030000000,552.27,555.12,538.01,540.07,43996.688
1734033600000,540.05,547.67,539.72,546.15,14909.329
1734037200000,546.13,548.23,541.65,543.1,9773.731
1734040800000,543.16,543.39,536.81,541.22,16015.99
1734044400000,541.22,542.5,537.45,540.06,9839.142
1734048000000,540.07,543.35,537.55,540.05,12603.718
1734051600000,540.05,540.18,528.3,533.65,24956.43
1734055200000,533.65,541.13,533.51,537.64,15141.192
1734058800000,537.65,539.58,536.14,536.86,11531.104
1734062400000,536.87,537.8,532.56,536.67,9224.018
1734066000000,536.68,539.09,535.44,536.23,5993.735
1734069600000,536.23,538.02,530.26,530.26,10185.183
1734073200000,530.26,533.01,525.92,531.1,19093.586
1734076800000,531.11,534.29,529.98,532.61,11161.218
1734080400000,532.6,533.55,526.31,529.45,11220.426
1734084000000,529.45,532.44,525.88,531.66,9992.821
1734087600000,531.65,536.41,529.71,529.76,13193.43
1734091200000,529.76,535.22,529.76,535.22,9715.27
1734094800000,535.22,535.61,529.09,532.72,10735.833
1734098400000,532.72,539.5,530.76,539.2,18807.525
1734102000000,539.22,543.75,528.33,528.46,39966.113
1734105600000,528.44,536.75,527.1,533.07,39932.164
1734109200000,533.08,535.76,529.54,532.75,18577.003
1734112800000,532.68,534.75,528.85,532.56,18644.391
1734116400000,532.56,539.26,531.79,538.99,10879.01
1734120000000,538.99,539.43,535.58,538.97,11492.885
1734123600000,538.97,539.37,536.34,536.58,7086.631
1734127200000,536.52,537.5,531.13,533.77,14275.008
1734130800000,533.76,543.0,532.9,542.33,12752.962
1734134400000,542.33,542.41,533.77,535.28,11790.162
1734138000000,535.26,551.64,535.22,550.54,44510.605
1734141600000,550.54,551.41,540.81,541.45,17602.717
1734145200000,541.42,545.89,541.0,545.77,13981.495
1734148800000,545.78,546.55,542.01,542.15,7211.112
1734152400000,542.15,544.04,541.0,543.17,6654.005
1734156000000,543.18,546.05,542.38,544.97,5343.429
1734159600000,544.98,545.0,541.22,542.66,7528.868
1734163200000,542.68,545.18,542.09,543.31,6700.883
1734166800000,543.31,543.37,541.41,541.94,7510.279
1734170400000,541.94,542.08,536.7,538.54,11585.802
1734174000000,538.53,540.73,536.59,537.09,7013.933
1734177600000,537.09,538.23,528.43,528.67,19799.393
1734181200000,528.7,530.69,521.57,523.26,34055.71
1734184800000,523.25,528.75,522.94,527.12,14005.754
1734188400000,527.11,532.11,525.8,528.97,15417.432
1734192000000,528.96,533.14,525.0,532.5,17585.751
1734195600000,532.49,533.82,525.07,525.94,18519.088
1734199200000,525.93,527.85,520.18,521.25,15108.393
1734202800000,521.25,525.97,520.62,525.79,9647.467
1734206400000,525.78,529.05,519.4,520.86,10805.675
1734210000000,520.86,525.44,520.58,524.48,7783.977
1734213600000,524.45,530.48,523.13,529.5,6744.726
1734217200000,529.5,535.0,526.76,533.79,12348.714
1734220800000,533.79,534.96,526.67,529.82,13969.767
1734224400000,529.82,535.21,529.58,534.27,12179.518
1734228000000,534.27,536.55,532.06,533.27,9131.335
1734231600000,533.3,534.2,530.41,530.48,6185.659
1734235200000,530.5,540.72,530.5,540.52,15666.285
1734238800000,540.52,542.15,535.9,536.33,18531.01
1734242400000,536.33,539.2,535.51,535.96,10002.051
1734246000000,535.97,537.57,528.15,531.91,17703.045
1734249600000,531.91,533.73,528.5,530.8,11301.081
1734253200000,530.79,537.3,528.33,536.49,10912.826
1734256800000,536.49,540.23,533.24,533.25,18648.057
1734260400000,533.24,539.0,532.45,538.38,10732.797
1734264000000,538.39,547.08,538.39,544.64,30341.705
1734267600000,544.61,545.19,540.81,542.3,16760.003
1734271200000,542.3,544.93,541.33,542.42,11876.387
1734274800000,542.43,544.28,540.42,541.04,9631.925
1734278400000,541.04,544.49,539.62,540.56,13413.777
1734282000000,540.56,540.9,537.19,537.57,11478.711
1734285600000,537.57,538.74,535.82,536.51,8140.96
1734289200000,536.51,539.36,536.37,537.47,7732.362
1734292800000,537.46,539.08,536.42,537.75,5848.011
1734296400000,537.73,537.89,526.57,526.81,20866.451
1734300000000,526.78,533.6,524.25,533.0,18411.321
1734303600000,533.05,550.18,532.86,546.18,51716.16
1734307200000,546.2,557.12,543.79,553.35,42300.94
1734310800000,553.32,555.41,550.31,552.67,17838.142
1734314400000,552.67,553.1,540.34,541.06,22630.693
1734318000000,541.05,542.88,534.2,535.75,20330.127
1734321600000,535.74,538.28,534.93,537.03,14764.62
1734325200000,537.03,542.15,534.86,540.64,12721.148
1734328800000,540.63,544.37,539.25,542.73,11932.439
1734332400000,542.71,546.1,539.04,539.44,10334.111
1734336000000,539.43,540.6,532.68,534.28,19838.686
1734339600000,534.23,536.29,532.27,532.32,12613.753
1734343200000,532.33,533.02,529.09,531.27,13417.233
1734346800000,531.27,532.0,522.02,523.66,23047.808
1734350400000,523.66,528.69,521.01,524.2,20452.096
1734354000000,524.18,529.32,522.29,526.11,12625.988
1734357600000,526.18,536.81,526.18,531.11,26812.346
1734361200000,531.11,539.55,529.06,539.27,26866.817
1734364800000,539.27,552.33,538.74,547.67,43796.127
1734368400000,547.67,550.0,543.24,546.93,21733.336
1734372000000,546.94,548.86,544.86,548.27,14032.711
1734375600000,548.26,548.36,541.93,545.45,15043.9
1734379200000,545.47,548.29,542.16,544.36,19556.188
1734382800000,544.4,546.71,543.13,545.22,6446.426
1734386400000,545.24,545.58,540.75,542.68,4892.432
1734390000000,542.67,544.54,536.09,538.19,9449.393
1734393600000,538.19,539.38,528.94,529.0,25052.971
1734397200000,528.94,535.21,527.87,534.18,14835.393
1734400800000,534.19,538.96,534.01,535.32,11922.007
1734404400000,535.32,538.8,534.85,537.86,7327.822
1734408000000,537.86,538.04,531.33,536.27,12659.252
1734411600000,536.28,538.31,534.11,537.31,8064.314
1734415200000,537.31,538.26,532.29,534.66,6298.925
1734418800000,534.66,537.45,532.07,533.63,8414.032
1734422400000,533.58,538.84,533.42,536.86,9651.423
1734426000000,536.8,543.32,535.08,542.14,13799.097
1734429600000,542.14,543.44,539.04,541.88,11163.681
1734433200000,541.88,542.95,538.7,539.68,9865.235
1734436800000,539.66,544.49,537.59,542.94,14410.79
1734440400000,542.95,543.5,539.25,539.9,10605.765
1734444000000,539.89,542.34,533.2,541.41,38117.2
1734447600000,541.4,541.78,525.81,529.31,49310.083
1734451200000,529.36,537.18,526.52,533.92,20789.332
1734454800000,533.92,547.55,532.11,543.57,32441.414
1734458400000,543.55,547.3,538.14,538.77,25973.45
1734462000000,538.74,539.91,532.7,536.62,24733.473
1734465600000,536.61,539.23,533.86,536.67,18593.68
1734469200000,536.65,539.53,532.88,536.34,9895.314
1734472800000,536.33,537.29,527.66,530.27,17942.551
1734476400000,530.27,531.27,523.67,529.79,25472.826
1734480000000,529.81,536.8,527.55,533.9,23337.464
1734483600000,533.88,543.29,531.01,533.07,34606.537
1734487200000,533.12,540.89,530.43,536.02,33997.347
1734490800000,536.02,536.09,526.33,527.55,23657.915
1734494400000,527.54,528.0,516.25,522.45,31193.891
1734498000000,522.44,529.22,520.83,522.8,19385.325
1734501600000,522.8,525.42,514.75,520.15,18833.346
1734505200000,520.16,522.64,518.36,520.73,8508.387
1734508800000,520.72,521.98,516.72,519.94,9218.361
1734512400000,519.94,525.6,519.65,523.74,9321.262
1734516000000,523.72,526.32,521.59,525.41,9017.275
1734519600000,525.4,529.68,524.29,526.1,12045.771
1734523200000,526.11,527.76,518.31,522.31,28590.031
1734526800000,522.32,525.83,519.41,521.17,14169.025
1734530400000,521.16,524.08,514.0,515.74,23745.636
1734534000000,515.75,518.94,510.25,517.61,27915.798
1734537600000,517.63,520.24,512.6,519.11,15110.152
1734541200000,519.13,523.2,514.43,521.14,13528.064
1734544800000,521.14,526.72,519.61,526.45,12142.413
1734548400000,526.47,527.44,509.29,509.36,44152.869
1734552000000,509.36,511.3,470.43,484.87,182000.308
1734555600000,484.91,493.0,481.12,487.51,35275.388
1734559200000,487.48,491.21,482.11,485.43,21743.812
1734562800000,485.44,486.78,478.11,479.93,23644.855
1734566400000,479.92,484.18,475.78,483.3,26532.027
1734570000000,483.26,483.57,470.0,471.85,33452.316
1734573600000,471.85,475.99,457.01,475.93,106940.764
1734577200000,475.92,482.91,475.32,482.2,24840.83
1734580800000,482.21,482.24,476.97,477.21,15463.66
1734584400000,477.21,483.38,477.21,482.65,16965.845
1734588000000,482.66,483.76,480.16,480.23,15224.443
1734591600000,480.25,484.22,480.08,482.32,8566.259
1734595200000,482.31,482.4,476.85,478.51,12844.567
1734598800000,478.5,481.85,477.71,481.36,11785.281
1734602400000,481.36,488.5,479.45,486.49,13962.582
1734606000000,486.49,488.62,484.64,487.39,10845.501
1734609600000,487.4,488.34,480.87,482.04,12847.851
1734613200000,482.03,485.14,479.15,482.57,12311.196
1734616800000,482.56,487.74,476.61,477.55,20691.523
1734620400000,477.57,477.69,464.23,472.46,50773.528
1734624000000,472.43,476.68,467.04,475.78,22574.337
1734627600000,475.79,475.99,438.0,445.89,110916.203
1734631200000,445.95,446.65,429.4,444.47,142985.381
1734634800000,444.43,445.0,425.32,432.74,57048.427
1734638400000,432.76,438.06,420.0,434.79,62678.1
1734642000000,434.78,444.85,432.67,441.34,32483.735
1734645600000,441.31,446.77,440.77,445.82,12987.92
1734649200000,445.84,445.88,438.11,438.33,16668.647
1734652800000,438.32,443.95,431.06,440.24,39149.32
1734656400000,440.26,443.1,436.11,438.41,17164.543
1734660000000,438.41,449.86,437.55,448.09,19188.675
1734663600000,448.14,448.99,444.58,445.83,12004.447
1734667200000,445.83,447.68,443.48,443.8,9511.808
1734670800000,443.8,445.49,439.0,439.08,12992.301
1734674400000,439.06,442.68,430.54,434.71,24896.026
1734678000000,434.71,444.85,434.38,438.64,29072.94
1734681600000,438.64,439.31,415.0,417.89,58999.511
1734685200000,417.9,421.05,407.01,407.38,63702.563
1734688800000,407.36,409.8,395.95,400.61,99936.224
1734692400000,400.6,409.04,389.47,390.59,108173.67
1734696000000,390.61,412.54,390.14,409.45,63620.962
1734699600000,409.45,422.48,404.38,419.28,52664.126
1734703200000,419.27,428.0,415.66,425.39,57726.784
1734706800000,425.36,447.76,425.12,436.37,98581.205
1734710400000,436.37,441.44,434.18,436.68,33852.143
1734714000000,436.69,442.0,434.02,438.01,29324.243
1734717600000,438.01,439.7,435.35,437.65,14689.077
1734721200000,437.66,447.24,437.47,443.84,17961.176
1734724800000,443.86,446.08,440.69,441.56,10712.567
1734728400000,441.6,444.06,435.4,443.7,15119.937
1734732000000,443.71,449.22,441.67,448.23,11790.511
1734735600000,448.23,451.23,447.6,448.99,9745.741
1734739200000,448.99,449.78,445.21,447.0,11585.93
1734742800000,446.98,452.29,446.6,449.27,15163.813
1734746400000,449.28,454.0,447.7,451.69,11692.907
1734750000000,451.74,453.25,450.22,452.66,7740.367
1734753600000,452.65,457.93,452.15,457.71,9550.68
1734757200000,457.72,468.42,456.55,468.28,18568.212
1734760800000,468.27,469.0,464.77,468.38,19755.566
1734764400000,468.38,471.71,467.03,469.29,14901.16
1734768000000,469.33,472.18,466.32,467.77,25110.662
1734771600000,467.77,470.68,464.89,470.23,15866.632
1734775200000,470.23,472.7,467.43,471.87,14982.618
1734778800000,471.88,472.08,464.77,468.43,22191.21
1734782400000,468.42,468.68,456.25,456.74,38296.657
1734786000000,456.73,459.02,442.18,449.25,55157.459
1734789600000,449.25,454.86,448.91,450.12,25296.666
1734793200000,450.12,456.73,449.83,454.14,14646.136
1734796800000,454.14,460.07,448.82,456.49,31966.148
1734800400000,456.48,459.49,452.18,457.67,22833.757
1734804000000,457.68,459.86,452.46,454.96,19324.864
1734807600000,454.97,455.1,445.83,452.59,54175.755
1734811200000,452.59,459.35,449.8,454.74,23229.012
1734814800000,454.72,455.72,447.41,450.34,19583.135
1734818400000,450.33,459.14,447.36,457.6,15645.087
1734822000000,457.61,457.63,451.45,455.77,17722.15
1734825600000,455.76,457.3,450.1,455.45,23315.387
1734829200000,455.44,459.0,449.11,455.41,24239.991
1734832800000,455.44,457.11,451.38,452.96,13405.774
1734836400000,452.95,455.04,447.38,454.75,17159.321
1734840000000,454.74,457.16,446.57,446.78,18514.994
1734843600000,446.75,449.46,440.48,447.29,30779.245
1734847200000,447.3,452.34,444.86,451.53,12259.12
1734850800000,451.53,454.88,448.04,449.54,16151.906
1734854400000,449.55,455.47,449.36,453.63,14744.319
1734858000000,453.63,460.41,451.85,458.86,18282.936
1734861600000,458.85,461.04,457.51,457.9,15060.058
1734865200000,457.89,458.69,455.5,456.18,11285.747
1734868800000,456.18,459.42,453.26,454.84,16514.958
1734872400000,454.84,458.29,453.2,456.53,12603.772
1734876000000,456.53,457.5,441.3,441.63,46544.444
1734879600000,441.66,446.09,441.46,445.07,16809.282
1734883200000,445.07,450.66,441.9,450.02,18083.747
1734886800000,450.02,451.65,448.45,449.61,9782.24
1734890400000,449.61,454.16,447.46,451.13,11367.1
1734894000000,451.13,452.7,439.23,440.57,15592.04
1734897600000,440.57,445.64,434.18,445.33,33808.431
1734901200000,445.35,449.32,444.09,446.6,11855.244
1734904800000,446.59,448.15,438.24,447.81,17475.809
1734908400000,447.8,450.34,443.27,445.66,11605.388
1734912000000,445.66,446.48,438.31,440.4,14471.032
1734915600000,440.38,445.17,433.53,439.32,20915.198
1734919200000,439.32,441.67,434.01,441.2,20790.196
1734922800000,441.2,457.61,439.27,455.5,28103.867
1734926400000,455.51,458.55,450.12,451.2,21410.203
1734930000000,451.19,451.58,443.78,444.96,16009.817
1734933600000,444.97,446.15,436.29,438.43,18259.938
1734937200000,438.42,442.63,437.3,441.47,18329.648
1734940800000,441.48,445.15,440.53,444.78,10824.194
1734944400000,444.79,449.02,444.35,446.33,16408.641
1734948000000,446.33,448.88,444.69,448.06,9414.554
1734951600000,448.06,449.22,443.23,444.47,7796.076
1734955200000,444.45,447.05,443.24,445.72,8934.259
1734958800000,445.71,446.24,435.52,437.8,18395.373
1734962400000,437.78,443.2,432.72,436.8,29273.443
1734966000000,436.79,437.55,432.15,432.78,22210.966
1734969600000,432.8,444.43,432.1,442.32,25011.891
1734973200000,442.32,445.32,438.74,439.71,18748.431
1734976800000,439.7,445.92,439.1,441.13,11370.701
1734980400000,441.12,451.74,441.0,447.13,17522.921
1734984000000,447.12,457.42,445.75,456.02,17599.252
1734987600000,456.04,466.13,456.03,458.34,25179.572
1734991200000,458.33,464.94,457.28,464.94,14316.275
1734994800000,464.94,466.12,459.63,460.79,11941.041
1734998400000,460.8,461.0,455.0,459.2,17395.25
1735002000000,459.2,460.34,453.86,454.14,9078.013
1735005600000,454.13,456.69,450.13,453.79,13242.138
1735009200000,453.8,456.94,453.65,456.48,6551.031
1735012800000,456.48,463.23,453.51,463.15,13496.916
1735016400000,463.17,464.2,458.99,460.69,13192.299
1735020000000,460.64,461.06,454.15,454.79,9761.671
1735023600000,454.8,457.58,453.53,457.04,8023.705
1735027200000,457.06,461.96,455.42,460.94,10628.131
1735030800000,460.94,461.87,456.72,457.32,8908.767
1735034400000,457.31,460.07,455.5,459.26,12365.313
1735038000000,459.26,462.6,458.11,461.98,7642.308
1735041600000,461.98,464.73,460.48,463.5,8346.546
1735045200000,463.52,474.08,463.32,473.84,20809.242
1735048800000,473.83,475.13,469.84,473.21,19249.0
1735052400000,473.21,477.66,471.12,476.67,19088.495
1735056000000,476.68,478.45,473.14,473.7,16652.926
1735059600000,473.7,476.31,473.54,475.92,7762.515
1735063200000,475.97,478.76,474.43,474.81,12120.195
1735066800000,474.81,474.81,467.3,467.31,12255.573
1735070400000,467.31,468.47,463.91,466.03,14982.131
1735074000000,466.03,470.71,465.64,469.89,9418.56
1735077600000,469.91,470.95,467.91,469.75,5968.374
1735081200000,469.76,471.84,469.53,470.02,5538.892
1735084800000,470.02,470.21,466.52,467.98,10717.756
1735088400000,467.94,469.27,466.4,467.43,6796.128
1735092000000,467.42,467.65,464.22,465.94,9896.389
1735095600000,465.93,466.11,461.67,463.5,9807.904
1735099200000,463.53,466.5,462.61,464.7,7975.329
1735102800000,464.7,466.8,464.36,465.94,4705.803
1735106400000,465.94,466.7,462.38,462.96,6564.506
1735110000000,462.95,466.26,462.44,462.85,6854.07
1735113600000,462.84,465.22,462.54,463.32,6199.042
1735117200000,463.28,465.43,462.92,464.75,4921.735
1735120800000,464.74,471.39,463.66,465.42,17485.499
1735124400000,465.42,468.81,461.97,462.66,10800.271
1735128000000,462.69,467.16,460.51,465.1,12386.598
1735131600000,465.12,467.41,463.77,465.07,5100.074
1735135200000,465.08,466.94,463.88,465.4,4920.038
1735138800000,465.42,465.71,461.2,462.03,9426.544
1735142400000,462.03,463.36,454.9,458.27,20072.062
1735146000000,458.27,460.45,455.47,460.38,9940.873
1735149600000,460.37,463.48,459.85,461.08,12297.57
1735153200000,461.08,462.43,460.09,461.08,5992.872
1735156800000,461.09,462.88,459.5,461.4,7437.149
1735160400000,461.41,463.71,457.55,460.06,10533.989
1735164000000,460.07,462.06,457.52,460.64,6663.518
1735167600000,460.64,466.15,460.36,465.12,7339.215
1735171200000,465.12,468.18,460.58,462.45,13742.122
1735174800000,462.44,464.1,460.67,462.62,8199.416
1735178400000,462.61,464.76,458.6,459.14,8519.625
1735182000000,459.14,460.42,455.94,456.66,9064.894
1735185600000,456.65,456.65,452.23,453.58,11856.927
1735189200000,453.58,455.39,452.16,454.51,7048.086
1735192800000,454.5,455.22,451.77,454.31,8433.145
1735196400000,454.3,455.18,450.83,452.01,8016.512
1735200000000,452.02,452.9,436.59,441.75,39567.809
1735203600000,441.8,444.55,440.55,440.86,10862.987
1735207200000,440.86,442.45,438.38,441.3,10543.405
1735210800000,441.29,442.9,440.4,440.71,6684.68
1735214400000,440.7,441.35,438.57,439.01,8981.475
1735218000000,439.01,439.45,436.52,438.7,9012.772
1735221600000,438.7,442.05,435.56,437.86,12826.425
1735225200000,437.84,440.07,435.92,437.88,8426.122
1735228800000,437.88,441.67,437.34,440.98,13073.152
1735232400000,440.94,441.06,432.64,436.77,17004.338
1735236000000,436.77,438.62,435.04,437.79,5737.105
1735239600000,437.79,438.88,435.47,438.21,6033.54
1735243200000,438.19,438.49,434.25,435.71,9344.586
1735246800000,435.73,439.21,432.69,439.1,10320.168
1735250400000,439.1,440.39,437.26,437.5,4776.893
1735254000000,437.5,438.25,434.38,437.08,7163.735
1735257600000,437.08,438.64,434.5,438.36,9926.634
1735261200000,438.35,441.29,436.26,439.88,9277.868
1735264800000,439.87,442.36,438.35,439.62,9938.346
1735268400000,439.64,442.43,438.87,442.3,7810.139
1735272000000,442.3,444.13,440.07,440.68,6483.505
1735275600000,440.7,442.33,438.71,442.33,6551.46
1735279200000,442.32,448.82,442.32,448.67,9743.682
1735282800000,448.71,448.8,437.46,441.31,18006.689
1735286400000,441.31,448.74,441.31,446.04,11208.463
1735290000000,446.03,461.64,445.88,459.72,29292.309
1735293600000,459.72,460.48,451.57,456.25,15901.341
1735297200000,456.24,458.53,455.02,457.64,6870.655
1735300800000,457.66,458.87,456.23,456.81,6836.993
1735304400000,456.8,457.37,453.46,454.87,8872.174
1735308000000,454.82,454.97,445.62,449.66,23301.239
1735311600000,449.66,449.9,439.92,442.41,19252.639
1735315200000,442.41,444.62,439.68,443.43,15158.089
1735318800000,443.43,448.91,440.25,447.55,11601.39
1735322400000,447.55,449.35,446.03,448.15,8607.924
1735326000000,448.15,448.16,444.74,447.06,5615.017
1735329600000,447.06,447.44,442.66,444.86,6387.277
1735333200000,444.87,445.44,440.39,440.66,4381.428
1735336800000,440.65,443.71,438.43,440.53,7056.098
1735340400000,440.52,441.95,437.45,440.98,7080.093
1735344000000,440.98,443.0,440.56,442.22,7127.614
1735347600000,442.21,442.84,438.0,441.05,7695.048
1735351200000,441.0,443.69,440.48,440.72,4014.831
1735354800000,440.71,443.8,440.68,443.1,3130.094
1735358400000,443.14,443.46,439.9,440.78,4284.984
1735362000000,440.79,443.12,440.78,441.91,3851.321
1735365600000,441.91,442.36,438.28,439.23,3960.667
1735369200000,439.28,441.53,438.47,439.3,4194.922
1735372800000,439.26,442.01,439.09,441.69,3828.293
1735376400000,441.68,443.0,441.17,441.9,3963.771
1735380000000,441.91,442.48,439.74,439.97,3168.952
1735383600000,440.01,442.62,439.86,442.2,4246.677
1735387200000,442.18,442.87,439.69,440.12,5621.974
1735390800000,440.1,445.25,440.01,444.71,9358.939
1735394400000,444.7,449.2,444.03,445.39,13396.2
1735398000000,445.39,448.42,443.42,443.95,5419.711
1735401600000,443.95,446.74,443.25,446.7,4315.55
1735405200000,446.7,450.99,446.33,448.36,12175.046
1735408800000,448.39,449.54,446.09,446.66,3735.204
1735412400000,446.64,448.1,446.58,447.11,3278.48
1735416000000,447.14,448.12,446.21,447.81,2243.458
1735419600000,447.81,450.66,446.86,450.53,2831.303
1735423200000,450.53,453.66,449.4,452.25,4791.338
1735426800000,452.26,452.77,450.22,451.4,4630.255
1735430400000,451.39,451.53,448.28,449.44,5684.367
1735434000000,449.44,450.65,446.72,447.03,3957.342
1735437600000,447.03,451.22,447.03,450.44,4161.531
1735441200000,450.43,450.73,448.65,450.38,2782.104
1735444800000,450.38,451.08,448.68,449.12,2659.373
1735448400000,449.09,449.76,447.92,449.32,1595.02
1735452000000,449.31,452.19,447.78,451.95,4268.631
1735455600000,451.95,453.16,451.54,453.08,3826.99
1735459200000,453.08,453.74,451.02,451.55,3964.867
1735462800000,451.55,453.84,450.96,453.34,3602.878
1735466400000,453.33,453.62,451.76,451.92,3013.219
1735470000000,451.93,452.26,449.01,449.02,4151.231
1735473600000,449.02,450.84,447.16,447.64,7632.322
1735477200000,447.64,450.45,446.36,450.39,5389.357
1735480800000,450.4,452.66,444.11,446.65,12504.25
1735484400000,446.63,448.18,444.8,446.49,3986.024
1735488000000,446.5,447.16,441.74,442.79,9021.094
1735491600000,442.79,443.97,440.78,443.16,4379.201
1735495200000,443.15,443.88,441.26,443.16,3067.498
1735498800000,443.16,444.41,442.1,443.0,3174.77
1735502400000,443.0,443.61,439.31,443.17,6314.35
1735506000000,443.16,443.96,439.55,440.59,5011.27
1735509600000,440.57,440.84,436.08,437.58,11199.498
1735513200000,437.59,440.39,435.05,438.8,9152.775
1735516800000,438.82,442.76,437.09,441.69,10566.563
1735520400000,441.64,450.34,440.78,447.22,14849.595
1735524000000,447.21,448.08,442.99,446.0,6697.868
1735527600000,446.0,447.57,444.01,444.97,7305.722
1735531200000,444.97,448.03,443.82,443.82,5191.697
1735534800000,443.8,446.5,443.5,446.2,6687.857
1735538400000,446.19,451.76,445.96,450.82,7909.897
1735542000000,450.81,451.38,446.36,449.28,5705.119
1735545600000,449.28,451.25,446.43,448.53,5435.221
1735549200000,448.51,451.98,446.45,448.22,24961.886
1735552800000,448.22,449.07,443.2,447.38,21338.426
1735556400000,447.38,453.32,444.82,448.63,30557.567
1735560000000,448.62,453.0,448.56,449.15,8105.369
1735563600000,449.15,450.12,436.68,436.84,19213.565
1735567200000,436.85,440.77,432.5,433.5,24325.406
1735570800000,433.53,435.4,428.69,433.55,19693.208
1735574400000,433.56,435.08,430.57,433.36,9104.945
1735578000000,433.35,447.43,432.68,445.25,19607.445
1735581600000,445.23,449.72,443.21,449.7,12967.723
1735585200000,449.7,450.0,447.36,449.73,5577.232
1735588800000,449.73,452.82,449.33,451.09,8540.476
1735592400000,451.09,451.37,438.92,440.07,20233.313
1735596000000,440.06,446.52,439.68,444.81,8298.517
1735599600000,444.76,444.95,441.84,443.89,6393.411
1735603200000,443.89,444.05,437.6,438.01,6898.125
1735606800000,438.03,439.32,434.52,437.72,9935.361
1735610400000,437.75,439.8,436.57,438.22,4957.275
1735614000000,438.24,438.75,435.62,436.33,4724.562
1735617600000,436.32,438.41,433.46,433.84,4034.616
1735621200000,433.84,440.79,433.46,437.76,14392.904
1735624800000,437.75,441.09,435.67,438.44,22960.678
1735628400000,438.43,440.0,433.44,438.25,29689.86
1735632000000,438.25,447.34,437.61,444.14,14631.347
1735635600000,444.14,449.73,443.74,448.0,9591.056
1735639200000,448.0,448.67,445.01,447.19,5589.946
1735642800000,447.19,448.45,446.68,447.97,4578.918
1735646400000,447.97,450.66,446.39,446.48,8144.677
1735650000000,446.48,455.36,446.36,452.63,16020.747
1735653600000,452.61,454.5,450.53,452.0,10804.208
1735657200000,452.02,452.49,448.61,450.06,7403.634
1735660800000,450.05,451.34,446.7,448.07,9590.184
1735664400000,448.08,448.21,436.5,440.27,22980.65
1735668000000,440.26,441.92,439.24,439.89,6946.274
1735671600000,439.89,440.09,435.85,436.72,8835.846
1735675200000,436.71,437.75,435.22,436.54,6043.813
1735678800000,436.52,438.49,435.55,437.82,4854.085
1735682400000,437.82,437.82,433.14,433.81,5863.455
1735686000000,433.81,435.66,432.86,434.36,6274.991
1735689600000,434.35,440.71,433.73,440.59,8127.029
1735693200000,440.59,440.78,436.2,436.82,4877.805
1735696800000,436.82,437.9,435.35,437.26,4939.273
1735700400000,437.26,437.37,435.0,435.62,3603.024
1735704000000,435.61,435.71,433.7,434.12,4338.451
1735707600000,434.11,437.01,433.54,436.01,5804.145
1735711200000,436.02,436.43,434.6,436.36,2840.885
1735714800000,436.36,436.6,435.16,435.46,2885.055
1735718400000,435.45,435.92,432.6,432.71,5614.424
1735722000000,432.71,433.73,430.26,433.05,9292.077
1735725600000,433.02,433.88,432.54,433.15,4552.595
1735729200000,433.14,436.02,431.85,434.85,4798.819
1735732800000,434.86,438.57,434.86,438.3,7442.089
1735736400000,438.28,439.58,436.35,438.78,5067.83
1735740000000,438.78,441.05,436.98,440.19,12061.1
1735743600000,440.23,444.53,438.97,444.48,7748.525
1735747200000,444.47,445.68,442.33,443.48,11967.57
1735750800000,443.49,444.48,440.42,443.25,6303.808
1735754400000,443.25,448.14,441.74,447.91,8400.328
1735758000000,447.91,451.57,447.43,450.18,15971.768
1735761600000,450.18,452.5,449.81,449.96,7606.73
1735765200000,449.92,454.92,446.4,449.22,25603.67
1735768800000,449.22,450.31,444.72,449.5,11778.043
1735772400000,449.51,451.59,449.26,450.34,6495.935
1735776000000,450.35,458.84,450.25,456.78,15698.365
1735779600000,456.78,458.88,454.64,455.38,8445.413
1735783200000,455.38,458.27,454.76,458.19,4906.881
1735786800000,458.2,459.0,456.43,456.88,4535.331
1735790400000,456.88,462.4,456.88,460.61,9255.912
1735794000000,460.62,460.85,457.78,458.02,6899.507
1735797600000,458.03,458.91,456.05,457.62,6418.623
1735801200000,457.63,460.43,457.2,459.34,4990.74
1735804800000,459.35,462.75,458.81,462.07,7344.278
1735808400000,462.07,465.16,461.66,464.99,9407.498
1735812000000,464.99,465.32,463.01,463.21,5590.809
1735815600000,463.22,464.66,462.49,463.76,4240.688
1735819200000,463.78,464.97,462.2,464.24,5945.1
1735822800000,464.26,464.78,461.66,462.06,6085.071
1735826400000,462.06,466.9,458.57,464.46,20685.527
1735830000000,464.41,465.5,459.38,461.3,13418.173
1735833600000,461.3,463.76,459.02,461.87,13269.351
1735837200000,461.88,462.62,456.09,458.59,13768.931
1735840800000,458.59,460.79,457.21,460.74,6238.242
1735844400000,460.74,461.65,459.0,459.25,4774.833
1735848000000,459.25,461.45,458.35,458.97,4191.874
1735851600000,458.99,460.49,458.36,460.33,3017.218
1735855200000,460.33,461.18,458.0,460.61,3812.807
1735858800000,460.6,462.91,460.06,461.63,4931.445
1735862400000,461.65,464.1,461.64,462.44,5681.562
1735866000000,462.42,462.88,458.27,461.3,6988.287
1735869600000,461.31,465.02,460.51,462.35,5258.607
1735873200000,462.35,465.12,462.24,464.83,3312.199
1735876800000,464.88,464.98,461.02,461.51,4905.769
1735880400000,461.52,462.08,459.76,461.32,3621.396
1735884000000,461.32,462.85,458.81,459.06,5767.562
1735887600000,459.02,459.85,455.47,457.15,10069.144
1735891200000,457.15,459.14,456.21,458.14,6090.744
1735894800000,458.14,461.76,458.14,460.41,11374.556
1735898400000,460.43,461.0,458.62,459.97,5270.224
1735902000000,459.98,464.7,459.85,464.1,7683.312
1735905600000,464.1,465.45,462.56,463.51,14670.756
1735909200000,463.49,466.0,462.73,464.37,11944.151
1735912800000,464.37,469.22,463.7,468.41,25476.768
1735916400000,468.42,472.48,467.16,471.61,16225.989
1735920000000,471.63,477.46,471.57,474.08,18193.47
1735923600000,474.08,476.06,472.81,473.01,14486.206
1735927200000,473.0,476.13,472.73,474.82,10192.897
1735930800000,474.81,477.0,474.26,475.36,9311.326
1735934400000,475.36,475.61,472.08,473.62,7811.957
1735938000000,473.64,475.43,472.75,474.0,4475.048
1735941600000,474.02,475.42,472.35,473.83,6170.831
1735945200000,473.83,474.72,472.21,473.74,3971.904
1735948800000,473.75,474.99,470.7,471.93,8381.436
1735952400000,471.94,471.95,468.76,471.55,6451.128
1735956000000,471.55,473.4,470.88,472.96,5505.944
1735959600000,472.98,475.84,471.89,475.8,6157.956
1735963200000,475.79,475.81,472.1,475.44,8737.356
1735966800000,475.43,481.52,474.8,479.57,17150.786
1735970400000,479.56,480.86,476.06,477.68,11565.808
1735974000000,477.68,479.72,476.61,478.39,7409.912
1735977600000,478.39,478.99,472.4,472.68,12279.088
1735981200000,472.63,473.9,471.2,472.29,5936.124
1735984800000,472.32,473.92,469.65,473.14,11652.707
1735988400000,473.13,474.59,472.19,474.08,5718.008
1735992000000,474.06,477.85,473.53,476.95,9949.126
1735995600000,476.94,479.04,475.83,478.42,10867.184
1735999200000,478.42,483.16,477.2,481.91,17523.831
1736002800000,481.91,482.73,472.42,475.34,29317.152
1736006400000,475.33,482.31,475.19,476.64,21856.507
1736010000000,476.65,478.88,476.4,478.45,7024.861
1736013600000,478.45,478.62,474.71,475.32,5450.61
1736017200000,475.32,476.79,474.51,475.88,3921.531
1736020800000,475.88,477.64,475.87,477.31,4402.744
1736024400000,477.32,477.92,475.22,476.0,5961.912
1736028000000,476.0,477.12,474.37,476.77,5503.696
1736031600000,476.76,479.84,475.23,478.84,5377.868
1736035200000,478.84,479.71,474.25,474.72,8384.819
1736038800000,474.72,474.92,471.33,472.81,7333.255
1736042400000,472.81,475.21,472.74,473.93,4087.139
1736046000000,473.92,474.24,471.71,473.23,3338.387
1736049600000,473.23,475.52,473.18,474.82,3995.544
1736053200000,474.82,475.13,472.06,472.47,2898.836
1736056800000,472.47,474.2,471.74,473.9,3025.607
1736060400000,473.89,474.85,472.55,472.69,2794.851
1736064000000,472.69,472.81,466.84,469.1,14668.983
1736067600000,469.1,470.69,468.07,468.49,5214.676
1736071200000,468.48,468.82,466.0,468.59,8764.55
1736074800000,468.58,469.82,467.31,468.22,5821.46
1736078400000,468.18,470.29,466.16,468.65,4750.84
1736082000000,468.66,470.4,466.47,466.79,4533.055
1736085600000,466.81,468.54,462.09,467.54,15384.769
1736089200000,467.51,468.79,465.77,467.38,6297.974
1736092800000,467.37,469.54,465.43,466.93,7711.092
1736096400000,466.94,468.47,465.04,465.8,4636.754
1736100000000,465.81,467.64,463.77,467.34,5417.714
1736103600000,467.34,468.54,466.91,468.42,3882.516
1736107200000,468.42,472.1,468.24,470.26,7927.122
1736110800000,470.25,472.21,469.88,471.92,2676.78
1736114400000,471.93,472.46,469.49,471.65,3881.821
1736118000000,471.64,473.1,470.19,470.94,3894.929
1736121600000,470.95,472.54,467.14,467.46,7128.096
1736125200000,467.46,472.86,464.41,471.03,12685.311
1736128800000,471.03,477.7,470.78,473.93,20678.842
1736132400000,473.93,475.69,473.02,475.11,5085.018
1736136000000,475.1,476.85,472.71,474.13,6540.19
1736139600000,474.12,476.39,473.15,474.51,6080.123
1736143200000,474.52,475.2,472.0,472.45,5455.917
1736146800000,472.45,473.3,469.5,471.63,7045.571
1736150400000,471.65,474.33,469.86,470.67,7567.684
1736154000000,470.68,472.31,469.79,471.01,3860.275
1736157600000,471.02,471.3,467.54,469.56,8402.761
1736161200000,469.55,473.89,468.72,473.36,11696.118
1736164800000,473.37,473.94,470.08,470.77,7817.46
1736168400000,470.8,472.51,465.19,472.38,15449.021
1736172000000,472.36,477.94,467.03,474.88,21510.237
1736175600000,474.87,480.86,473.64,480.24,26907.741
1736179200000,480.24,485.99,480.16,483.49,30481.165
1736182800000,483.48,483.76,476.5,480.05,14718.543
1736186400000,480.06,481.83,478.25,479.97,6186.505
1736190000000,479.97,482.31,479.04,481.26,4656.176
1736193600000,481.25,482.26,479.01,480.51,5447.396
1736197200000,480.49,480.94,476.69,477.52,5500.931
1736200800000,477.52,480.67,475.44,479.75,6394.252
1736204400000,479.76,483.04,478.51,482.8,6473.17
1736208000000,482.8,486.45,481.76,482.69,11039.748
1736211600000,482.7,484.08,480.11,482.48,8691.784
1736215200000,482.47,483.87,479.94,480.28,7052.493
1736218800000,480.28,482.11,478.72,480.02,4667.9
1736222400000,480.02,481.1,476.77,476.89,6894.332
1736226000000,476.91,478.06,475.77,477.17,5995.65
1736229600000,477.16,479.0,476.81,478.83,3931.614
1736233200000,478.82,479.2,476.57,477.64,4218.371
1736236800000,477.64,478.65,476.44,477.78,4879.405
1736240400000,477.77,477.88,472.75,474.51,13868.917
1736244000000,474.53,474.64,472.21,473.37,6035.796
1736247600000,473.36,473.81,466.5,468.8,15301.002
1736251200000,468.81,469.44,466.79,468.1,8858.828
1736254800000,468.1,470.45,467.43,468.67,6360.904
1736258400000,468.68,470.15,456.08,461.25,19206.796
1736262000000,461.25,462.44,440.86,446.72,102634.966
1736265600000,446.7,449.47,443.47,446.85,26542.999
1736269200000,446.86,449.33,442.64,445.2,19189.881
1736272800000,445.19,446.27,440.9,442.69,13449.216
1736276400000,442.68,444.34,438.33,440.74,14935.614
1736280000000,440.77,441.84,437.28,439.82,15236.303
1736283600000,439.82,441.93,436.26,436.31,9843.593
1736287200000,436.27,439.79,435.19,439.58,9219.574
1736290800000,439.58,439.58,436.14,436.7,7962.529
1736294400000,436.72,441.44,436.1,441.22,11803.373
1736298000000,441.22,441.22,436.18,439.14,9602.227
1736301600000,439.14,441.01,437.38,438.45,7303.905
1736305200000,438.44,440.0,432.86,438.02,20840.209
1736308800000,438.01,438.18,432.55,433.54,14843.265
1736312400000,433.59,437.37,432.59,434.16,8508.306
1736316000000,434.15,435.8,426.23,426.62,24327.767
1736319600000,426.63,434.36,426.07,433.18,14715.7
1736323200000,433.17,438.99,432.96,436.72,16423.077
1736326800000,436.71,437.14,433.73,433.86,9780.832
1736330400000,433.87,436.49,433.8,435.97,7713.43
1736334000000,435.97,436.34,430.1,433.04,11757.736
1736337600000,433.04,435.89,431.31,432.02,12256.275
1736341200000,432.04,436.38,432.04,434.77,14720.556
1736344800000,434.76,438.39,434.3,436.56,12194.514
1736348400000,436.54,442.16,433.7,438.09,19842.472
1736352000000,438.09,438.75,431.88,433.87,20333.129
1736355600000,433.86,434.91,417.79,430.14,63768.343
1736359200000,430.14,438.58,429.39,433.27,28462.75
1736362800000,433.28,435.66,429.71,430.87,11427.25
1736366400000,430.85,431.7,428.21,431.03,7512.101
1736370000000,431.06,432.81,427.95,431.41,8024.585
1736373600000,431.4,435.99,431.27,434.51,9123.447
1736377200000,434.52,435.49,432.74,434.02,6613.149
1736380800000,434.02,435.77,432.75,435.07,8501.55
1736384400000,435.06,436.87,433.7,434.87,8494.983
1736388000000,434.87,435.7,429.31,434.31,15634.442
1736391600000,434.31,434.56,431.65,432.96,7535.773
1736395200000,432.94,434.1,431.29,433.25,7892.672
1736398800000,433.24,433.28,430.66,430.89,7033.699
1736402400000,430.89,431.85,429.02,429.34,7551.705
1736406000000,429.34,430.59,421.85,422.9,17467.413
1736409600000,422.9,426.75,421.45,425.53,11680.419
1736413200000,425.53,427.63,425.07,426.33,5573.035
1736416800000,426.33,426.69,421.42,425.4,8580.328
1736420400000,425.39,429.11,424.08,427.07,8951.635
1736424000000,427.09,428.61,424.73,425.82,6187.386
1736427600000,425.81,426.83,413.72,413.99,26001.458
1736431200000,413.99,421.66,412.37,421.62,25351.985
1736434800000,421.6,431.57,420.59,429.43,20349.838
1736438400000,429.44,431.54,427.12,428.21,10993.939
1736442000000,428.26,428.6,419.83,422.54,19847.415
1736445600000,422.54,425.92,421.38,424.18,14625.598
1736449200000,424.18,424.37,415.83,416.18,12722.253
1736452800000,416.19,418.49,410.79,416.61,21852.059
1736456400000,416.61,419.69,415.99,418.43,8801.882
1736460000000,418.43,423.43,417.23,421.87,8943.112
1736463600000,421.87,422.81,420.37,421.72,7371.372
1736467200000,421.71,422.99,420.24,420.73,10289.807
1736470800000,420.74,423.32,420.31,421.87,6504.123
1736474400000,421.87,424.99,421.73,423.88,5459.914
1736478000000,423.88,425.64,423.33,425.39,4545.081
1736481600000,425.38,428.05,425.24,427.64,8445.123
1736485200000,427.66,430.91,426.06,428.24,9242.161
1736488800000,428.29,432.99,428.24,432.7,13188.554
1736492400000,432.7,435.35,430.76,432.85,10977.763
1736496000000,432.84,435.95,432.71,434.08,8896.286
1736499600000,434.07,434.21,432.17,432.84,6797.46
1736503200000,432.84,434.43,431.83,433.76,5470.977
1736506800000,433.76,434.25,431.6,433.56,5107.599
1736510400000,433.56,438.3,431.82,437.9,15044.109
1736514000000,437.89,446.29,429.47,435.24,96535.798
1736517600000,435.16,443.33,434.44,440.25,32295.859
1736521200000,440.2,443.73,431.62,440.41,30353.573
1736524800000,440.43,442.24,435.15,439.12,17968.814
1736528400000,439.12,449.38,436.55,448.89,21166.413
1736532000000,448.85,449.8,446.62,449.0,18633.177
1736535600000,449.0,450.31,446.02,448.62,11709.883
1736539200000,448.57,448.79,445.48,447.06,11570.762
1736542800000,447.04,448.05,445.69,446.48,6284.135
1736546400000,446.49,447.78,445.55,446.69,9184.321
1736550000000,446.68,450.46,446.47,449.68,9923.307
1736553600000,449.69,451.0,443.7,444.38,16266.399
1736557200000,444.41,446.2,443.12,444.45,8524.529
1736560800000,444.45,444.81,441.17,442.65,10455.637
1736564400000,442.65,442.73,440.69,441.93,4987.047
1736568000000,441.93,442.32,438.66,440.94,11514.349
1736571600000,440.9,441.61,439.42,441.29,7385.456
1736575200000,441.25,441.81,438.68,438.69,5941.014
1736578800000,438.69,440.0,438.18,439.03,6140.959
1736582400000,439.02,441.79,437.0,438.1,11032.617
1736586000000,438.09,440.65,437.8,438.56,7224.22
1736589600000,438.56,440.32,438.48,439.23,4966.896
1736593200000,439.23,440.13,438.22,438.96,7809.052
1736596800000,438.96,440.03,438.17,438.54,5763.205
1736600400000,438.56,439.66,436.9,438.08,7701.604
1736604000000,438.08,439.46,436.56,439.03,5581.293
1736607600000,439.03,439.5,436.41,437.28,5662.451
1736611200000,437.27,438.4,436.25,437.77,5761.307
1736614800000,437.77,438.04,435.53,437.43,6134.383
1736618400000,437.43,439.8,437.0,439.4,5554.257
1736622000000,439.4,440.29,437.11,439.23,6601.678
1736625600000,439.23,442.2,438.34,441.81,6658.176
1736629200000,441.8,444.5,441.8,444.07,8278.302
1736632800000,444.08,444.17,440.36,441.25,6548.532
1736636400000,441.24,442.3,440.02,440.82,5039.211
1736640000000,440.81,444.48,439.44,441.26,11197.024
1736643600000,441.28,442.76,438.93,442.63,8782.681
1736647200000,442.62,442.97,439.91,441.38,3576.854
1736650800000,441.33,441.51,439.55,441.1,4276.295
1736654400000,441.1,441.53,439.59,441.49,3642.589
1736658000000,441.48,441.89,439.7,440.76,2907.415
1736661600000,440.77,441.7,439.95,440.5,3323.807
1736665200000,440.49,442.08,439.25,441.44,6277.513
1736668800000,441.44,442.74,439.0,439.69,6999.667
1736672400000,439.69,440.19,436.13,437.94,8882.321
1736676000000,437.94,439.0,436.75,438.24,4564.449
1736679600000,438.27,445.07,437.97,444.9,14853.694
1736683200000,444.9,458.22,444.06,451.65,77042.102
1736686800000,451.66,455.59,450.13,450.87,25765.42
1736690400000,450.88,452.79,450.09,451.93,14837.324
1736694000000,451.93,453.33,449.38,450.88,17137.798
1736697600000,450.93,462.99,450.92,461.8,36458.481
1736701200000,461.81,463.86,460.26,460.53,18539.521
1736704800000,460.54,463.32,458.55,458.71,11636.766
1736708400000,458.71,460.56,456.26,456.78,12783.679
1736712000000,456.78,458.04,453.8,455.27,12262.724
1736715600000,455.27,457.08,451.68,451.97,11261.703
1736719200000,451.96,452.0,443.33,446.08,29951.344
1736722800000,446.09,448.31,445.64,447.75,14980.454
1736726400000,447.75,454.03,445.63,449.54,26873.316
1736730000000,449.58,451.8,444.68,446.43,17868.902
1736733600000,446.42,447.03,434.5,436.78,42408.397
1736737200000,436.8,437.82,431.8,434.23,17989.131
1736740800000,434.2,438.76,433.62,436.86,14660.692
1736744400000,436.86,437.57,433.04,434.5,9305.922
1736748000000,434.55,435.36,426.9,429.35,20540.261
1736751600000,429.35,431.99,427.83,429.47,11035.381
1736755200000,429.47,430.28,423.18,425.41,19207.295
1736758800000,425.41,426.12,419.05,422.08,24027.271
1736762400000,422.09,422.19,414.65,416.29,27337.603
1736766000000,416.29,416.44,406.56,406.79,37090.973
1736769600000,406.78,414.11,406.32,410.8,35690.72
1736773200000,410.79,417.51,409.61,411.81,20760.907
1736776800000,411.81,417.67,400.0,414.42,61635.254
1736780400000,414.4,420.0,413.27,415.68,31119.536
1736784000000,415.64,416.41,407.36,407.86,22655.836
1736787600000,407.85,413.65,407.37,409.64,13142.897
1736791200000,409.64,411.92,405.26,410.26,20096.249
1736794800000,410.22,414.51,408.17,412.57,12702.634
1736798400000,412.58,423.62,410.52,422.01,20852.574
1736802000000,422.01,425.47,419.89,425.27,19051.899
1736805600000,425.28,429.2,424.56,427.54,14312.449
1736809200000,427.54,428.33,426.54,427.67,6166.994
1736812800000,427.66,429.38,425.82,427.53,7685.651
1736816400000,427.54,430.61,427.5,427.98,7416.492
1736820000000,427.98,431.86,427.66,429.87,11422.324
1736823600000,429.87,431.52,429.17,429.27,4263.154
1736827200000,429.27,432.03,429.25,431.68,4682.886
1736830800000,431.68,434.14,429.72,430.17,7208.747
1736834400000,430.18,432.57,429.21,431.92,5008.027
1736838000000,431.93,433.47,429.41,429.69,7557.277
1736841600000,429.67,433.75,429.67,431.75,6935.584
1736845200000,431.77,441.18,431.46,439.42,20463.174
1736848800000,439.44,439.65,436.51,438.13,10943.824
1736852400000,438.12,438.12,434.67,436.19,6941.816
1736856000000,436.19,437.16,432.01,433.21,13020.415
1736859600000,433.21,441.45,432.47,436.28,18987.248
1736863200000,436.3,439.42,433.53,434.72,11646.956
1736866800000,434.74,437.38,434.35,434.61,7509.346
1736870400000,434.61,435.63,430.79,435.29,14133.903
1736874000000,435.28,437.23,434.33,436.7,5776.671
1736877600000,436.71,439.94,436.3,438.89,18478.891
1736881200000,438.89,439.01,436.31,436.68,4550.542
1736884800000,436.68,437.74,433.62,437.63,6495.95
1736888400000,437.62,438.86,436.5,437.32,4281.602
1736892000000,437.33,439.32,437.02,438.78,3461.709
1736895600000,438.77,439.47,437.46,437.71,4190.294
1736899200000,437.71,440.13,436.75,438.27,6589.365
1736902800000,438.27,441.1,437.46,439.65,8051.634
1736906400000,439.65,441.39,437.5,439.06,7347.482
1736910000000,439.07,440.73,437.95,440.73,5516.711
1736913600000,440.73,442.38,439.23,439.69,6718.57
1736917200000,439.7,439.91,438.16,438.89,3972.086
1736920800000,438.89,439.35,437.04,438.73,5498.217
1736924400000,438.72,441.2,438.6,439.3,5690.96
1736928000000,439.29,440.32,437.23,437.42,6227.487
1736931600000,437.42,437.92,431.86,432.34,16008.523
1736935200000,432.33,435.77,432.22,434.34,6611.136
1736938800000,434.33,434.53,430.73,433.67,9212.765
1736942400000,433.66,435.04,431.86,433.8,6126.611
1736946000000,433.8,445.91,433.7,445.21,32351.661
1736949600000,445.18,447.57,441.62,447.16,20993.595
1736953200000,447.16,449.63,445.75,445.9,20117.315
1736956800000,445.9,448.66,444.48,444.58,13593.8
1736960400000,444.63,445.61,439.44,439.79,11383.175
1736964000000,439.81,445.25,439.81,445.21,8057.113
1736967600000,445.21,448.78,444.97,448.31,9452.312
1736971200000,448.31,454.29,447.57,448.5,26418.005
1736974800000,448.54,451.46,448.54,450.63,8113.8
1736978400000,450.62,457.1,448.93,456.15,9162.474
1736982000000,456.16,463.36,454.69,460.15,25828.209
1736985600000,460.15,463.11,452.25,457.21,23599.655
1736989200000,457.22,467.48,457.04,461.1,33559.653
1736992800000,461.1,461.1,455.0,457.19,13190.595
1736996400000,457.19,461.7,455.47,461.18,13044.346
1737000000000,461.18,464.37,459.77,461.6,8234.142
1737003600000,461.6,461.6,456.98,457.16,10904.133
1737007200000,457.17,459.46,456.65,458.82,6442.974
1737010800000,458.81,459.7,456.96,457.57,6431.971
1737014400000,457.58,459.12,450.74,453.29,16609.584
1737018000000,453.31,455.33,451.57,455.01,8664.956
1737021600000,455.01,456.93,453.72,456.24,5293.388
1737025200000,456.22,457.32,452.0,456.65,11727.644
1737028800000,456.67,462.49,454.97,461.36,22373.866
1737032400000,461.42,463.91,455.53,457.31,22951.577
1737036000000,457.32,459.89,446.36,450.18,40209.938
1737039600000,450.2,462.83,447.8,462.68,34126.043
1737043200000,462.68,468.67,462.33,464.78,26284.959
1737046800000,464.76,471.49,462.66,468.8,23824.949
1737050400000,468.8,471.42,463.8,463.87,13291.614
1737054000000,463.89,468.35,463.01,468.26,8004.884
1737057600000,468.27,470.25,465.69,467.74,10142.587
1737061200000,467.75,468.02,462.48,464.13,7312.966
1737064800000,464.15,464.54,457.98,459.95,11927.51
1737068400000,459.94,462.55,459.0,461.55,7417.601
1737072000000,461.57,470.5,461.57,469.28,19251.536
1737075600000,469.28,475.52,466.46,474.71,19234.315
1737079200000,474.71,477.0,470.33,472.21,16822.813
1737082800000,472.22,477.24,471.38,476.44,10754.291
1737086400000,476.44,480.67,475.63,479.86,17732.716
1737090000000,479.86,483.33,477.57,479.77,36244.957
1737093600000,479.76,482.28,479.15,480.03,8612.983
1737097200000,480.03,480.61,477.46,477.81,11580.958
1737100800000,477.84,480.4,476.29,479.26,18766.588
1737104400000,479.27,483.32,477.74,481.82,14850.712
1737108000000,481.82,484.18,481.51,482.78,14192.811
1737111600000,482.77,483.16,480.39,480.66,9812.673
1737115200000,480.63,482.76,479.74,482.41,10105.411
1737118800000,482.41,485.12,481.23,482.27,16196.537
1737122400000,482.27,484.57,479.07,481.85,13645.923
1737126000000,481.84,485.86,478.12,481.49,26105.758
1737129600000,481.51,485.85,480.94,485.14,14492.555
1737133200000,485.14,490.81,483.89,489.99,27005.68
1737136800000,489.98,497.93,489.73,494.68,29610.2
1737140400000,494.68,499.86,492.49,499.08,19851.252
1737144000000,499.11,500.5,493.97,494.87,23178.379
1737147600000,494.92,496.08,491.56,492.84,16895.419
1737151200000,492.83,494.33,491.21,493.42,9347.517
1737154800000,493.4,493.4,488.8,489.33,8897.831
1737158400000,489.32,494.83,489.28,493.69,9779.216
1737162000000,493.7,493.89,488.03,488.89,11704.549
1737165600000,488.89,489.75,484.74,486.59,13878.44
1737169200000,486.59,487.21,474.5,478.4,45247.112
1737172800000,478.36,480.2,471.64,474.6,24419.514
1737176400000,474.6,476.12,462.1,462.54,37046.411
1737180000000,462.53,472.07,462.19,469.89,20505.848
1737183600000,469.89,470.1,462.1,463.7,19099.796
1737187200000,463.75,465.51,457.78,465.11,23695.928
1737190800000,465.11,465.64,461.46,464.29,14677.52
1737194400000,464.28,465.43,458.75,462.52,15935.768
1737198000000,462.52,469.34,460.09,469.01,16900.986
1737201600000,469.02,469.9,464.8,465.43,14842.631
1737205200000,465.44,471.66,463.65,471.6,12767.636
1737208800000,471.61,471.75,464.82,465.24,12197.856
1737212400000,465.27,470.4,462.8,466.54,18248.494
1737216000000,466.56,468.13,459.42,459.69,22211.187
1737219600000,459.68,465.0,459.0,462.16,11871.419
1737223200000,462.15,467.1,461.65,463.83,9303.277
1737226800000,463.82,466.9,462.97,466.35,9775.816
1737230400000,466.35,467.02,460.61,462.63,9161.175
1737234000000,462.63,464.07,461.23,461.67,6538.775
1737237600000,461.66,465.32,461.04,462.47,7257.346
1737241200000,462.46,467.66,462.4,466.15,8042.458
1737244800000,466.16,467.82,464.29,465.02,8250.547
1737248400000,465.01,469.78,464.6,468.58,8354.57
1737252000000,468.59,470.93,467.4,468.98,10390.629
1737255600000,468.92,469.23,462.87,462.99,13759.46
1737259200000,462.98,463.2,456.39,457.17,19174.52
1737262800000,457.2,459.27,452.42,458.82,17600.483
1737266400000,458.82,460.27,456.72,457.92,7194.683
1737270000000,457.92,459.29,453.89,457.78,10275.44
1737273600000,457.78,457.86,446.83,447.16,31057.775
1737277200000,447.14,451.22,438.98,451.05,56227.321
1737280800000,451.04,451.11,445.6,446.74,16462.8
1737284400000,446.75,447.78,436.47,437.89,22147.421
1737288000000,437.94,448.99,437.3,448.15,19357.39
1737291600000,448.19,452.86,447.17,452.46,19072.053
1737295200000,452.46,461.93,450.91,460.63,29279.788
1737298800000,460.63,464.25,459.03,461.41,15461.868
1737302400000,461.4,463.91,457.56,458.26,10881.347
1737306000000,458.27,463.14,455.9,462.75,9413.755
1737309600000,462.74,463.75,460.47,462.36,6554.672
1737313200000,462.36,462.99,460.06,462.98,7825.824
1737316800000,462.98,465.48,457.5,459.02,17323.257
1737320400000,459.02,459.38,439.43,440.53,54518.965
1737324000000,440.52,446.78,424.57,437.42,50044.591
1737327600000,437.43,437.43,418.52,427.57,63465.525
1737331200000,427.55,427.56,414.92,416.21,65430.56
1737334800000,416.22,425.68,416.21,423.04,38458.627
1737338400000,423.04,435.49,421.48,430.29,32307.902
1737342000000,430.31,433.08,427.78,432.3,13050.638
1737345600000,432.29,435.66,429.33,432.93,13379.007
1737349200000,432.91,436.78,430.96,432.39,12714.279
1737352800000,432.38,460.95,431.21,456.35,47222.071
1737356400000,456.28,487.0,454.23,462.4,120036.599
1737360000000,462.44,467.27,460.4,462.35,19798.588
1737363600000,462.39,467.13,457.14,457.87,15348.909
1737367200000,457.89,459.87,452.58,454.57,14657.4
1737370800000,454.62,456.33,452.32,455.27,10784.965
1737374400000,455.26,456.74,439.55,446.75,37387.54
1737378000000,446.78,451.9,444.5,450.22,16881.461
1737381600000,450.26,451.32,447.19,450.11,11016.17
1737385200000,450.08,450.08,438.19,441.3,28097.678
1737388800000,441.32,447.37,433.8,446.8,29627.436
1737392400000,446.8,447.02,420.98,430.97,89303.17
1737396000000,431.09,440.59,430.34,439.45,18350.934
1737399600000,439.33,439.8,435.0,437.9,11237.762
1737403200000,437.82,438.56,434.68,436.28,8621.757
1737406800000,436.27,437.12,428.84,429.13,9543.082
1737410400000,429.13,435.87,425.81,435.42,12403.605
1737414000000,435.43,435.79,429.38,430.66,11356.357
1737417600000,430.67,431.73,423.89,424.37,18887.536
1737421200000,424.4,429.07,421.26,425.49,24518.9
1737424800000,425.4,427.78,422.19,427.67,14364.25
1737428400000,427.66,429.65,425.41,427.04,12753.095
1737432000000,427.07,427.11,419.38,424.99,16224.502
1737435600000,424.97,425.77,421.21,422.13,9121.333
1737439200000,422.14,426.85,420.17,424.89,11146.665
1737442800000,424.89,431.36,423.2,428.58,13496.509
1737446400000,428.56,432.0,426.81,431.18,8974.095
1737450000000,431.16,433.3,428.0,430.02,10255.037
1737453600000,429.94,434.68,429.46,434.18,10536.096
1737457200000,434.17,439.18,433.24,438.63,11916.053
1737460800000,438.69,444.3,437.47,438.93,15272.064
1737464400000,438.95,440.1,436.34,439.29,10088.492
1737468000000,439.32,442.73,435.67,437.31,14148.082
1737471600000,437.3,440.71,434.76,440.11,10643.482
1737475200000,440.11,448.01,439.7,443.73,27278.137
1737478800000,443.67,448.94,442.81,448.61,9496.077
1737482400000,448.6,452.0,447.26,450.71,11793.717
1737486000000,450.71,453.65,448.24,453.55,10707.671
1737489600000,453.55,454.57,450.45,451.71,9883.349
1737493200000,451.73,453.14,450.12,452.12,7618.303
1737496800000,452.1,452.1,447.81,447.9,7407.66
1737500400000,447.92,448.25,444.61,446.44,10800.301
1737504000000,446.44,451.0,446.1,450.61,8398.569
1737507600000,450.57,451.5,447.06,448.45,4505.297
1737511200000,448.44,451.14,446.36,449.33,8441.716
1737514800000,449.32,450.8,448.9,449.47,6321.11
1737518400000,449.47,450.71,446.5,448.55,5434.023
1737522000000,448.55,449.67,447.21,447.26,3904.166
1737525600000,447.26,449.92,446.4,449.42,5147.195
1737529200000,449.42,449.55,445.09,445.88,8045.535
1737532800000,445.89,447.82,442.49,447.6,10483.676
1737536400000,447.59,447.59,444.0,444.37,5309.84
1737540000000,444.4,445.46,442.32,445.33,5904.29
1737543600000,445.33,447.28,443.68,446.06,6151.031
1737547200000,446.08,447.32,444.57,445.02,4692.045
1737550800000,445.01,445.01,438.17,439.74,14377.137
1737554400000,439.74,443.09,437.18,440.58,13264.45
1737558000000,440.6,443.77,438.69,440.01,8003.231
1737561600000,440.01,442.33,437.48,441.08,9716.102
1737565200000,441.08,444.7,440.86,444.43,7651.349
1737568800000,444.43,445.77,438.03,438.86,8142.176
1737572400000,438.86,443.11,438.73,440.59,7355.678
1737576000000,440.6,441.72,438.33,439.01,6752.971
1737579600000,439.01,439.31,436.17,437.6,6827.731
1737583200000,437.59,439.67,434.52,435.05,8503.66
1737586800000,435.05,436.41,433.09,435.27,9121.196
1737590400000,435.29,436.21,432.55,433.71,6433.144
1737594000000,433.7,434.89,430.13,430.91,6241.853
1737597600000,430.91,431.32,425.9,430.83,13976.838
1737601200000,430.81,434.42,429.92,431.76,9431.721
1737604800000,431.78,432.21,428.19,429.59,13036.143
1737608400000,429.58,432.51,429.55,432.2,4985.49
1737612000000,432.19,432.43,428.69,428.81,5480.119
1737615600000,428.82,431.52,427.68,431.43,8727.612
1737619200000,431.42,432.73,428.17,428.55,6192.969
1737622800000,428.56,431.06,426.64,427.58,7815.188
1737626400000,427.58,430.18,426.16,427.6,8444.029
1737630000000,427.6,429.23,426.12,428.21,4741.665
1737633600000,428.21,428.98,425.0,426.58,7734.773
1737637200000,426.58,432.43,425.79,431.32,10293.143
1737640800000,431.31,440.47,429.36,438.38,23489.471
1737644400000,438.42,440.67,432.96,440.01,35687.29
1737648000000,440.01,447.47,439.75,441.34,29139.398
1737651600000,441.33,442.53,436.71,442.35,11852.058
1737655200000,442.37,442.64,435.66,435.83,7919.136
1737658800000,435.84,436.04,429.84,431.62,16870.129
1737662400000,431.6,442.5,429.52,434.61,40954.65
1737666000000,434.6,435.72,426.96,429.35,17103.507
1737669600000,429.37,437.13,428.47,436.07,12721.489
1737673200000,436.07,438.88,434.36,437.29,7148.678
1737676800000,437.27,438.58,428.42,428.78,11323.122
1737680400000,428.78,432.06,426.5,427.83,8816.871
1737684000000,427.83,430.11,426.15,428.14,7436.847
1737687600000,428.19,433.92,427.2,430.84,12060.2
1737691200000,430.83,434.94,429.94,434.52,12721.501
1737694800000,434.51,440.84,433.88,440.74,9036.015
1737698400000,440.8,441.74,435.65,436.35,12248.057
1737702000000,436.36,437.92,433.96,436.4,7871.683
1737705600000,436.38,439.9,435.64,439.44,6951.674
1737709200000,439.43,440.96,437.74,439.11,7269.366
1737712800000,439.08,442.2,437.65,441.99,5752.911
1737716400000,442.0,442.15,440.0,440.53,3708.751
1737720000000,440.54,441.37,439.02,441.2,5505.974
1737723600000,441.2,443.09,438.89,439.63,5357.085
1737727200000,439.65,442.27,437.28,439.65,11364.442
1737730800000,439.66,440.9,435.45,438.79,10765.487
1737734400000,438.73,440.52,437.16,437.3,8180.053
1737738000000,437.31,440.63,435.75,439.2,7951.623
1737741600000,439.19,440.07,437.62,438.45,6414.342
1737745200000,438.44,439.46,436.55,437.46,3855.784
1737748800000,437.47,438.33,431.1,431.38,29707.589
1737752400000,431.39,435.0,430.49,433.62,10442.243
1737756000000,433.63,433.63,430.09,430.6,6287.588
1737759600000,430.62,431.87,427.91,431.76,10126.615
1737763200000,431.77,434.49,430.7,430.98,12835.825
1737766800000,430.97,437.26,430.25,436.93,10502.628
1737770400000,436.93,441.58,436.45,441.26,14948.214
1737774000000,441.26,443.63,440.17,443.29,12972.388
1737777600000,443.26,445.0,436.86,437.01,12094.003
1737781200000,437.01,439.78,436.18,437.66,8336.766
1737784800000,437.65,438.56,434.15,436.53,10862.545
1737788400000,436.53,437.83,435.44,436.52,5967.316
1737792000000,436.53,438.91,434.2,435.81,7988.757
1737795600000,435.85,436.06,433.68,434.55,5706.069
1737799200000,434.54,435.33,433.33,434.92,4229.15
1737802800000,434.92,435.28,432.57,435.06,4070.372
1737806400000,435.09,437.23,434.33,436.79,5677.449
1737810000000,436.79,441.0,436.54,440.07,11318.29
1737813600000,440.06,441.13,438.83,440.82,8671.848
1737817200000,440.82,443.68,440.39,443.11,10720.651
1737820800000,443.1,455.22,443.09,453.18,54149.597
1737824400000,453.17,453.73,443.18,445.57,47491.866
1737828000000,445.56,448.86,445.54,447.77,7832.778
1737831600000,447.77,451.31,447.77,449.79,6459.161
1737835200000,449.79,452.21,448.98,449.07,6290.996
1737838800000,449.07,449.73,447.66,448.46,4973.583
1737842400000,448.47,449.17,446.53,447.21,4470.551
1737846000000,447.2,448.03,444.55,445.33,5274.559
1737849600000,445.33,448.14,444.33,446.35,8951.551
1737853200000,446.35,447.37,444.68,444.99,4393.377
1737856800000,445.0,445.03,442.36,443.56,6071.265
1737860400000,443.55,444.68,442.17,442.84,7482.907
1737864000000,442.85,445.54,442.78,444.24,5005.845
1737867600000,444.28,444.39,442.01,442.58,4192.408
1737871200000,442.58,443.05,441.23,442.03,4026.251
1737874800000,442.03,442.51,440.01,441.53,4758.65
1737878400000,441.52,441.84,438.66,440.19,7104.081
1737882000000,440.18,440.26,435.22,436.32,9333.762
1737885600000,436.32,437.22,435.16,436.84,6754.158
1737889200000,436.83,439.31,436.18,438.93,5506.6
1737892800000,438.92,438.92,436.6,437.89,4714.076
1737896400000,437.89,438.01,436.02,436.89,5041.841
1737900000000,436.89,437.67,434.68,437.24,7393.638
1737903600000,437.22,437.61,435.4,435.83,3887.287
1737907200000,435.82,436.42,434.31,435.0,6550.458
1737910800000,435.0,436.42,434.28,435.62,4956.006
1737914400000,435.63,437.4,435.0,436.48,4233.84
1737918000000,436.48,437.91,436.2,437.74,2674.657
1737921600000,437.75,437.79,434.87,435.08,4715.011
1737925200000,435.1,435.7,433.01,433.01,8196.163
1737928800000,433.01,434.68,430.71,433.0,8165.66
1737932400000,433.0,433.0,424.34,424.87,23725.098
1737936000000,424.87,427.51,420.08,421.87,24516.224
1737939600000,421.87,423.39,418.09,419.05,19834.418
1737943200000,419.05,419.05,413.22,415.39,26668.516
1737946800000,415.38,421.68,414.31,420.58,12336.688
1737950400000,420.58,420.59,415.39,415.7,10136.677
1737954000000,415.69,416.7,410.63,413.81,12227.958
1737957600000,413.8,415.07,405.81,406.82,21415.028
1737961200000,406.81,408.5,395.09,404.96,51696.91
1737964800000,404.94,405.01,397.93,402.51,18931.076
1737968400000,402.51,406.12,401.27,404.73,12544.467
1737972000000,404.73,404.88,396.72,398.38,16513.372
1737975600000,398.37,404.54,398.22,401.79,9469.678
1737979200000,401.84,411.82,401.01,409.88,17376.262
1737982800000,409.86,415.53,408.94,410.46,18626.815
1737986400000,410.45,418.69,408.27,417.65,17379.535
1737990000000,417.65,420.77,414.3,418.12,21488.835
1737993600000,418.14,420.06,411.26,412.28,17921.876
1737997200000,412.27,414.32,408.04,410.07,14122.786
1738000800000,410.07,412.88,406.8,408.5,9522.439
1738004400000,408.49,414.02,408.49,412.26,6948.93
1738008000000,412.26,424.66,412.24,423.41,16156.242
1738011600000,423.39,428.97,421.45,423.92,15677.769
1738015200000,423.93,428.3,423.27,426.08,11488.651
1738018800000,426.09,427.77,425.03,427.4,6861.997
1738022400000,427.4,430.96,425.07,425.52,10688.981
1738026000000,425.52,425.79,423.02,424.08,7008.409
1738029600000,424.08,427.88,423.86,427.05,5558.721
1738033200000,427.05,428.98,426.09,426.98,8524.661
1738036800000,426.97,430.71,426.97,428.57,7820.186
1738040400000,428.57,430.04,427.72,428.61,4244.184
1738044000000,428.61,429.4,426.8,427.14,4581.168
1738047600000,427.14,429.32,426.1,427.59,5563.431
1738051200000,427.59,428.01,425.75,426.91,4574.016
1738054800000,426.92,427.55,424.84,426.67,6102.732
1738058400000,426.67,429.9,425.77,428.21,5952.612
1738062000000,428.21,429.91,427.66,429.33,4905.782
1738065600000,429.34,429.93,425.75,426.9,8962.485
1738069200000,426.89,430.94,426.85,428.54,7484.744
1738072800000,428.55,429.83,425.22,427.44,10439.228
1738076400000,427.48,431.58,426.99,427.86,11201.828
1738080000000,427.87,428.09,423.48,425.01,13392.915
1738083600000,425.01,428.5,424.72,426.25,8132.495
1738087200000,426.25,428.34,421.64,422.04,8869.28
1738090800000,422.04,422.83,419.74,421.86,13478.295
1738094400000,421.86,422.24,413.65,414.01,11351.473
1738098000000,414.02,416.48,407.68,408.34,17128.675
1738101600000,408.34,412.62,406.62,410.63,13775.445
1738105200000,410.67,411.58,407.01,410.34,7440.03
1738108800000,410.33,415.81,409.82,414.48,10843.91
1738112400000,414.49,416.42,412.85,414.01,6899.241
1738116000000,414.06,417.1,411.47,411.63,7043.876
1738119600000,411.63,415.03,411.27,414.64,5617.486
1738123200000,414.69,415.42,413.4,414.59,3870.547
1738126800000,414.58,416.17,413.94,416.12,2851.563
1738130400000,416.12,419.23,416.0,418.44,8647.319
1738134000000,418.44,418.59,415.8,417.02,3546.848
1738137600000,417.01,418.61,415.03,415.65,5090.104
1738141200000,415.64,415.66,410.93,413.6,9815.605
1738144800000,413.6,415.66,411.96,414.28,4611.245
1738148400000,414.28,416.0,413.48,414.64,3490.991
1738152000000,414.64,416.1,411.24,411.44,6230.439
1738155600000,411.45,412.98,408.3,409.3,13183.749
1738159200000,409.3,410.29,406.94,409.51,12502.062
1738162800000,409.56,412.57,409.13,410.46,6714.767
1738166400000,410.47,411.11,406.97,407.48,7291.91
1738170000000,407.46,412.72,407.31,410.76,8835.551
1738173600000,410.76,414.23,408.22,413.43,7975.867
1738177200000,413.41,418.64,403.84,414.95,43156.817
1738180800000,414.99,421.68,410.7,417.96,19492.963
1738184400000,417.95,421.18,414.65,418.92,10153.226
1738188000000,418.88,420.32,415.69,416.33,6956.244
1738191600000,416.32,419.68,414.0,414.73,8287.93
1738195200000,414.76,416.5,412.32,416.34,7659.962
1738198800000,416.35,425.5,415.96,424.5,16285.856
1738202400000,424.53,425.3,422.16,424.74,9568.807
1738206000000,424.78,428.27,424.19,427.74,7509.747
1738209600000,427.74,431.64,426.66,431.01,14446.732
1738213200000,431.03,432.01,427.46,429.24,7593.021
1738216800000,429.24,430.72,428.56,429.67,5247.699
1738220400000,429.67,429.88,426.56,427.69,4602.157
1738224000000,427.74,430.06,426.99,428.42,5865.393
1738227600000,428.42,431.31,428.15,429.9,11970.431
1738231200000,429.92,430.53,428.32,429.16,4118.573
1738234800000,429.16,429.57,427.38,428.25,3853.567
1738238400000,428.24,429.22,427.01,428.7,4915.295
1738242000000,428.7,433.58,427.66,432.1,10653.614
1738245600000,432.09,434.66,430.25,433.98,9456.798
1738249200000,433.99,436.75,433.45,435.09,12322.692
1738252800000,435.07,438.22,435.07,437.88,8944.569
1738256400000,437.88,439.24,436.2,438.28,9055.113
1738260000000,438.29,438.65,434.65,436.61,7876.219
1738263600000,436.61,437.65,435.65,437.48,3881.455
1738267200000,437.48,438.82,434.11,434.28,9689.172
1738270800000,434.27,436.02,434.21,435.28,4166.678
1738274400000,435.27,436.99,434.15,435.83,3351.881
1738278000000,435.83,437.18,434.33,434.72,4778.852
1738281600000,434.72,437.24,432.8,434.84,7939.711
1738285200000,434.82,435.4,432.88,434.18,4453.565
1738288800000,434.18,434.29,429.37,429.38,6840.413
1738292400000,429.37,430.3,427.74,430.2,6391.543
1738296000000,430.2,430.38,427.95,428.9,4715.755
1738299600000,428.89,431.26,428.41,429.91,7044.883
1738303200000,429.91,431.3,428.31,431.17,7445.446
1738306800000,431.16,433.42,430.24,430.7,8245.789
1738310400000,430.68,432.27,428.88,428.93,5615.433
1738314000000,428.94,432.15,428.58,431.04,3889.375
1738317600000,431.04,433.04,429.15,432.34,3571.148
1738321200000,432.33,437.14,432.02,436.55,10692.956
1738324800000,436.59,436.98,433.28,435.13,9131.107
1738328400000,435.13,438.04,434.0,434.57,9235.463
1738332000000,434.57,439.89,433.71,438.2,14571.031
1738335600000,438.25,445.05,438.01,443.41,18115.522
1738339200000,443.43,445.28,440.03,440.38,11595.378
1738342800000,440.39,440.84,436.13,436.27,11422.973
1738346400000,436.28,436.51,426.26,427.65,19186.289
1738350000000,427.71,430.32,427.27,429.05,9646.886
1738353600000,429.03,429.03,419.88,420.74,20889.854
1738357200000,420.73,425.94,419.8,425.94,12712.338
1738360800000,425.95,426.03,422.38,424.42,6695.531
1738364400000,424.41,424.41,421.84,424.11,5146.18
1738368000000,424.11,427.43,422.4,427.23,7210.539
1738371600000,427.22,428.1,426.22,426.82,5615.83
1738375200000,426.82,430.8,426.22,430.17,5419.632
1738378800000,430.2,430.8,426.22,426.96,5470.912
1738382400000,426.96,429.1,425.9,427.98,3612.8
1738386000000,427.98,431.47,427.76,430.48,4904.553
1738389600000,430.47,430.65,427.56,428.23,5518.941
1738393200000,428.23,429.19,425.46,426.08,6011.375
1738396800000,426.04,427.12,422.61,424.26,9333.282
1738400400000,424.27,424.86,420.21,421.7,8656.075
1738404000000,421.72,426.36,421.53,422.19,9525.427
1738407600000,422.21,425.31,421.74,424.31,4205.496
1738411200000,424.31,425.4,422.92,423.27,5156.089
1738414800000,423.27,423.6,418.23,419.17,7338.253
1738418400000,419.18,422.46,418.49,419.33,10351.085
1738422000000,419.35,420.28,416.43,418.84,9110.928
1738425600000,418.83,420.1,415.92,416.03,7827.76
1738429200000,416.02,419.33,415.89,417.32,6331.444
1738432800000,417.32,417.4,412.35,412.73,9301.63
1738436400000,412.74,413.47,407.65,409.0,15113.255
1738440000000,409.0,409.02,404.82,407.8,14620.678
1738443600000,407.79,411.34,406.13,408.32,9469.822
1738447200000,408.32,409.33,404.03,405.74,10369.452
1738450800000,405.65,406.41,399.06,403.69,21533.512
1738454400000,403.65,409.74,402.73,408.57,12846.824
1738458000000,408.59,410.17,407.86,409.24,6333.036
1738461600000,409.24,409.45,402.25,402.55,7733.632
1738465200000,402.55,404.25,388.51,392.14,48241.562
1738468800000,392.14,398.91,391.03,396.99,15611.308
1738472400000,397.0,402.19,396.5,401.17,10462.758
1738476000000,401.17,401.99,398.3,398.79,8694.39
1738479600000,398.79,399.04,395.5,397.78,7960.644
1738483200000,397.77,402.62,397.42,401.27,10346.588
1738486800000,401.27,401.63,398.54,401.36,5210.427
1738490400000,401.37,401.37,397.12,398.97,8470.503
1738494000000,398.97,399.83,391.71,392.68,14829.466
1738497600000,392.62,396.01,388.86,389.63,16071.811
1738501200000,389.64,396.96,389.56,396.91,16236.599
1738504800000,396.91,398.75,396.0,396.12,7836.032
1738508400000,396.12,396.12,390.57,394.08,10865.715
1738512000000,394.08,394.28,380.0,382.61,38480.49
1738515600000,382.59,386.15,364.58,369.27,88350.119
1738519200000,369.27,374.29,362.12,363.34,66319.121
1738522800000,363.36,372.76,357.95,370.44,62163.507
1738526400000,370.44,374.44,365.26,365.99,21711.385
1738530000000,365.97,368.35,362.6,363.45,26191.292
1738533600000,363.46,369.33,340.02,359.2,76915.44
1738537200000,359.19,360.82,346.18,360.4,62798.695
1738540800000,360.51,360.67,336.52,347.65,102117.52
1738544400000,347.68,350.26,286.5,305.78,178141.839
1738548000000,305.83,309.69,270.0,298.55,230435.873
1738551600000,298.57,308.01,297.76,299.58,72199.782
1738555200000,299.61,303.23,287.65,288.38,73546.785
1738558800000,288.39,306.64,288.22,306.61,51443.333
1738562400000,306.59,313.59,303.19,313.57,41222.309
1738566000000,313.57,319.68,311.94,319.24,43017.95
1738569600000,319.25,319.28,309.11,312.77,36110.424
1738573200000,312.76,317.41,311.89,312.63,33288.413
1738576800000,312.65,322.4,312.65,322.03,27552.321
1738580400000,322.07,322.36,317.56,319.7,23583.369
1738584000000,319.67,326.65,319.13,319.48,30729.207
1738587600000,319.46,321.65,312.48,314.62,33281.112
1738591200000,314.63,324.74,305.63,323.62,93442.177
1738594800000,323.61,332.81,320.23,330.71,73901.195
1738598400000,330.69,336.98,328.4,332.76,43665.13
1738602000000,332.76,335.95,329.84,334.15,28200.686
1738605600000,334.13,336.13,331.71,335.83,19690.619
1738609200000,335.82,344.39,334.43,343.84,33259.562
1738612800000,343.85,344.05,336.96,340.02,31470.627
1738616400000,339.99,349.89,338.96,349.57,26682.364
1738620000000,349.62,354.11,348.4,351.93,27265.9
1738623600000,351.94,354.06,350.13,352.87,16673.795
1738627200000,352.86,355.38,348.55,348.86,26260.64
1738630800000,348.87,353.88,348.34,351.07,22436.396
1738634400000,351.07,352.06,343.51,343.85,21489.224
1738638000000,343.87,344.66,340.45,343.01,12860.6
1738641600000,343.0,344.29,339.97,340.51,15898.84
1738645200000,340.55,340.81,323.74,325.4,62631.847
1738648800000,325.47,332.1,325.43,331.0,24377.66
1738652400000,331.0,331.0,322.41,323.6,16345.21
1738656000000,323.6,327.96,322.16,325.35,20213.321
1738659600000,325.31,328.35,325.13,325.86,12928.776
1738663200000,325.85,333.17,325.51,332.07,14431.479
1738666800000,332.06,336.81,329.5,330.21,22166.964
1738670400000,330.23,337.86,330.23,335.09,21333.64
1738674000000,335.09,337.68,332.93,333.82,13819.093
1738677600000,333.82,339.94,331.3,337.81,27663.562
1738681200000,337.8,339.26,328.92,333.76,31076.504
1738684800000,333.76,336.97,331.76,333.91,14165.386
1738688400000,333.91,337.57,332.47,334.88,9971.047
1738692000000,334.87,340.19,334.33,338.9,14533.693
1738695600000,338.9,345.23,333.93,333.94,30124.979
1738699200000,333.94,336.83,329.57,330.96,32182.904
1738702800000,330.96,331.14,321.03,321.53,35504.644
1738706400000,321.52,329.08,320.73,328.58,18851.214
1738710000000,328.59,333.33,327.16,329.52,16791.859
1738713600000,329.52,330.4,327.18,329.55,11107.216
1738717200000,329.54,334.32,328.99,329.44,10417.342
1738720800000,329.45,334.15,328.04,332.83,13263.445
1738724400000,332.83,333.61,330.65,331.58,6611.818
1738728000000,331.55,332.5,329.75,331.37,5876.451
1738731600000,331.37,335.93,329.15,335.45,8618.501
1738735200000,335.44,335.5,330.36,331.14,9436.386
1738738800000,331.12,333.15,329.56,332.32,6771.084
1738742400000,332.34,333.6,329.47,331.71,7835.388
1738746000000,331.71,333.99,326.25,329.23,33443.164
1738749600000,329.24,334.46,328.9,332.2,26302.133
1738753200000,332.23,337.42,332.23,336.34,14829.905
1738756800000,336.33,338.14,334.04,334.58,12506.493
1738760400000,334.57,336.76,333.74,336.16,7429.884
1738764000000,336.15,337.83,333.1,334.14,13505.208
1738767600000,334.14,336.57,330.9,333.82,11346.858
1738771200000,333.81,334.74,327.47,331.5,22446.169
1738774800000,331.51,332.74,324.28,325.71,13322.413
1738778400000,325.71,328.22,322.96,324.6,11830.127
1738782000000,324.58,331.26,323.61,330.49,9742.583
1738785600000,330.49,331.56,325.13,328.66,10079.696
1738789200000,328.71,330.42,327.26,327.8,6619.781
1738792800000,327.78,329.56,323.37,325.55,7299.966
1738796400000,325.48,328.22,325.11,327.79,7271.753
1738800000000,327.79,329.32,325.82,326.05,9452.174
1738803600000,326.06,330.18,324.84,327.11,10445.827
1738807200000,327.07,329.6,326.64,328.6,10767.44
1738810800000,328.59,329.76,326.38,328.89,6406.429
1738814400000,328.89,331.08,328.09,329.72,5882.965
1738818000000,329.67,332.06,329.66,331.3,5259.784
1738821600000,331.31,334.94,330.0,334.69,8844.86
1738825200000,334.66,334.78,331.49,332.21,5721.635
1738828800000,332.21,332.87,330.18,330.51,5680.746
1738832400000,330.51,333.47,329.61,332.39,8506.896
1738836000000,332.45,332.93,329.4,331.24,10092.865
1738839600000,331.24,331.59,326.92,329.67,10283.048
1738843200000,329.67,330.1,324.92,326.45,12230.667
1738846800000,326.45,330.53,326.28,328.96,9611.782
1738850400000,328.96,329.78,320.97,322.24,20620.349
1738854000000,322.23,324.39,313.51,315.9,44879.157
1738857600000,315.91,318.26,314.0,315.88,21673.773
1738861200000,315.85,321.55,314.4,317.74,13565.413
1738864800000,317.77,318.61,315.58,315.76,11144.679
1738868400000,315.75,319.43,313.81,314.74,11749.999
1738872000000,314.74,321.35,314.03,320.63,9524.762
1738875600000,320.63,320.85,314.68,318.52,8991.075
1738879200000,318.53,318.68,313.93,318.33,7107.533
1738882800000,318.33,318.57,313.34,315.91,7600.144
1738886400000,315.92,319.64,315.52,316.97,12185.734
1738890000000,317.0,323.91,316.98,322.03,11890.568
1738893600000,322.01,323.46,321.18,322.64,9922.531
1738897200000,322.62,323.63,319.39,321.64,6774.157
1738900800000,321.65,323.43,321.01,321.47,5728.634
1738904400000,321.47,322.16,319.84,321.68,4806.96
1738908000000,321.73,321.89,315.34,318.97,13502.77
1738911600000,318.96,323.0,318.86,320.61,10571.536
1738915200000,320.61,325.15,319.46,323.37,7753.054
1738918800000,323.38,326.25,322.91,326.04,8253.007
1738922400000,326.03,327.5,325.33,325.47,7025.454
1738926000000,325.47,327.32,324.9,326.8,7678.066
1738929600000,326.78,328.31,324.43,326.75,7762.464
1738933200000,326.76,331.0,323.82,330.51,24871.882
1738936800000,330.51,334.93,329.62,333.31,21541.634
1738940400000,333.33,333.35,324.81,327.98,29515.807
1738944000000,328.0,329.36,324.9,326.12,13736.241
1738947600000,326.13,326.97,322.03,324.12,15453.131
1738951200000,324.12,328.64,323.52,326.77,7278.345
1738954800000,326.77,327.51,323.72,323.9,7407.482
1738958400000,323.88,324.18,314.35,314.99,21242.429
1738962000000,314.99,318.14,312.5,313.03,14317.397
1738965600000,313.04,313.14,308.21,312.52,17405.963
1738969200000,312.52,318.78,311.92,318.37,9740.671
1738972800000,318.37,320.86,316.87,320.22,8775.844
1738976400000,320.21,320.31,317.4,317.65,5861.85
1738980000000,317.65,318.87,316.28,318.55,5668.226
1738983600000,318.55,319.16,317.13,317.69,5032.02
1738987200000,317.69,317.94,316.14,316.55,3726.96
1738990800000,316.55,317.2,315.09,316.81,5791.859
1738994400000,316.86,318.32,316.08,316.98,4419.133
1738998000000,316.98,320.33,314.44,318.72,6927.608
1739001600000,318.72,319.1,315.53,316.08,5826.715
1739005200000,316.08,318.05,316.08,317.35,3317.32
1739008800000,317.37,318.76,316.63,317.41,4492.015
1739012400000,317.37,317.79,315.71,317.39,3793.823
1739016000000,317.39,318.02,315.4,316.16,4306.44
1739019600000,316.16,319.89,315.87,318.28,7248.927
1739023200000,318.28,320.34,317.31,319.84,9172.36
1739026800000,319.84,321.08,316.64,318.08,7372.298
1739030400000,318.08,320.61,317.19,320.09,7999.31
1739034000000,320.08,323.53,319.93,322.82,8531.344
1739037600000,322.86,323.38,320.98,322.88,6244.591
1739041200000,322.87,323.99,321.83,322.82,4745.033
1739044800000,322.84,323.53,321.99,322.79,3589.93
1739048400000,322.78,323.56,321.66,322.83,2802.755
1739052000000,322.82,323.21,320.6,322.19,4250.575
1739055600000,322.18,324.15,322.16,322.87,3062.724
1739059200000,322.87,323.43,321.28,322.75,5141.617
1739062800000,322.75,324.47,321.8,323.15,5755.942
1739066400000,323.15,324.0,322.0,322.05,4174.274
1739070000000,322.05,328.19,321.5,328.13,9883.304
1739073600000,328.09,328.09,325.5,326.23,7335.163
1739077200000,326.24,327.14,325.17,325.67,5335.349
1739080800000,325.68,327.74,324.48,326.24,19607.819
1739084400000,326.27,326.78,325.15,325.99,4490.406
1739088000000,325.99,327.58,325.85,327.09,6024.273
1739091600000,327.1,327.17,324.24,325.43,4776.152
1739095200000,325.43,326.61,324.81,325.1,3269.527
1739098800000,325.11,326.19,324.65,325.08,4675.511
1739102400000,325.08,326.55,324.18,325.33,6052.951
1739106000000,325.35,325.57,320.78,321.56,11142.579
1739109600000,321.56,325.41,321.03,324.55,6667.722
1739113200000,324.55,328.3,324.47,326.93,8195.721
1739116800000,326.93,329.13,326.37,327.53,5256.221
1739120400000,327.54,328.09,324.36,325.8,6539.276
1739124000000,325.8,326.23,324.5,325.13,3281.918
1739127600000,325.13,325.95,322.83,324.09,4669.811
1739131200000,324.09,327.49,323.91,326.08,5175.132
1739134800000,326.07,326.17,313.56,315.78,17631.552
1739138400000,315.77,324.93,312.35,321.79,17976.654
1739142000000,321.76,325.15,320.7,324.26,8103.699
1739145600000,324.26,329.8,324.2,326.52,11747.544
1739149200000,326.52,326.66,317.13,318.23,14982.629
1739152800000,318.23,319.13,315.24,318.23,16334.305
1739156400000,318.22,326.43,317.51,324.11,21637.977
1739160000000,324.1,327.49,323.15,325.11,7796.313
1739163600000,325.12,329.65,324.67,327.22,10746.187
1739167200000,327.24,328.56,325.61,328.52,11471.801
1739170800000,328.52,330.88,328.44,330.73,10038.134
1739174400000,330.71,334.33,328.55,333.46,18436.392
1739178000000,333.46,334.39,331.0,332.31,12627.094
1739181600000,332.35,333.53,330.72,332.17,6678.808
1739185200000,332.16,333.93,331.03,331.71,7099.882
1739188800000,331.71,332.48,328.48,329.72,8207.141
1739192400000,329.75,334.23,328.86,333.02,8667.334
1739196000000,333.03,333.87,328.02,329.19,13610.838
1739199600000,329.19,330.08,328.06,329.33,5843.538
1739203200000,329.33,331.22,328.99,330.62,6828.816
1739206800000,330.66,331.28,328.83,330.65,6163.385
1739210400000,330.64,332.24,329.94,332.04,6860.421
1739214000000,332.04,332.15,328.84,329.37,5340.049
1739217600000,329.36,330.1,328.61,329.26,7314.195
1739221200000,329.26,329.56,327.31,328.09,5971.387
1739224800000,328.08,330.54,327.31,328.64,8120.633
1739228400000,328.63,329.11,327.32,329.09,3716.38
1739232000000,329.1,332.38,328.87,331.85,9904.912
1739235600000,331.84,334.6,331.65,333.36,11657.737
1739239200000,333.35,334.31,330.69,332.18,7277.719
1739242800000,332.17,333.99,331.32,333.65,5335.147
1739246400000,333.65,340.43,333.65,339.29,13384.68
1739250000000,339.3,341.93,338.64,341.14,11162.168
1739253600000,341.15,344.23,339.59,342.99,10773.007
1739257200000,343.0,343.15,340.46,340.82,7905.601
1739260800000,340.82,342.36,340.74,341.77,5349.011
1739264400000,341.78,342.09,337.85,338.43,8527.599
1739268000000,338.42,339.34,337.02,338.38,8057.698
1739271600000,338.38,340.07,337.86,339.96,4993.608
1739275200000,339.97,340.8,336.56,339.99,9803.763
1739278800000,339.98,341.24,333.28,334.24,14010.1
1739282400000,334.25,338.37,333.43,337.41,14251.496
1739286000000,337.42,340.01,335.6,336.94,9408.21
1739289600000,336.93,338.11,334.22,334.7,7488.823
1739293200000,334.69,334.73,330.72,331.67,10775.094
1739296800000,331.65,331.93,327.78,328.91,13585.378
1739300400000,328.91,330.27,325.35,326.82,12499.245
1739304000000,326.82,330.74,326.53,329.37,8507.543
1739307600000,329.37,334.64,328.91,332.59,8856.284
1739311200000,332.59,334.56,328.48,329.8,10096.441
1739314800000,329.81,332.38,329.69,331.17,5699.97
1739318400000,331.14,333.2,329.23,332.54,7687.868
1739322000000,332.58,334.38,331.25,333.69,7002.023
1739325600000,333.69,333.71,328.08,328.94,6491.855
1739329200000,328.98,330.97,326.66,328.8,9178.548
1739332800000,328.79,329.61,326.61,328.05,8607.497
1739336400000,328.05,330.85,327.42,330.06,6744.96
1739340000000,330.07,330.81,327.52,328.17,6905.424
1739343600000,328.16,331.5,327.66,330.11,5458.507
1739347200000,330.11,333.19,329.97,331.82,8411.159
1739350800000,331.82,332.04,329.67,330.47,8895.948
1739354400000,330.46,331.46,329.34,330.8,10181.128
1739358000000,330.81,333.78,330.25,332.19,6948.425
1739361600000,332.23,334.89,332.0,332.11,5949.476
1739365200000,332.11,335.95,321.82,326.65,63401.674
1739368800000,326.65,328.0,321.1,327.66,19133.231
1739372400000,327.65,329.95,323.2,329.29,19595.921
1739376000000,329.29,334.93,326.74,334.32,15554.82
1739379600000,334.33,337.79,333.33,337.37,16187.82
1739383200000,337.37,337.78,334.0,336.41,9666.407
1739386800000,336.41,340.16,334.95,339.06,7058.778
1739390400000,339.07,341.39,338.52,339.0,6969.564
1739394000000,339.01,340.88,337.99,339.84,5915.398
1739397600000,339.83,346.87,339.64,343.91,13299.044
1739401200000,343.9,345.25,341.63,342.99,7279.569
1739404800000,342.96,343.41,340.58,342.61,6425.088
1739408400000,342.61,345.67,342.33,344.64,8698.885
1739412000000,344.64,344.8,341.2,341.77,6487.444
1739415600000,341.77,343.72,341.5,342.62,5617.972
1739419200000,342.62,342.77,337.65,338.6,10614.535
1739422800000,338.64,339.24,336.85,338.14,8627.641
1739426400000,338.15,338.74,332.79,334.26,12295.165
1739430000000,334.23,336.02,333.1,333.58,9765.678
1739433600000,333.58,334.88,331.18,331.97,11812.531
1739437200000,331.96,334.42,330.81,333.77,7902.418
1739440800000,333.73,333.88,332.27,333.11,4800.495
1739444400000,333.11,333.63,329.63,332.52,10538.094
1739448000000,332.53,333.16,330.74,331.25,7301.819
1739451600000,331.25,334.72,329.89,331.75,12809.68
1739455200000,331.74,332.05,327.07,329.95,15154.086
1739458800000,329.94,333.81,327.99,331.45,16086.384
1739462400000,331.45,331.67,327.28,328.09,12019.381
1739466000000,328.08,331.4,327.84,329.92,7080.018
1739469600000,329.96,333.08,328.03,333.05,7085.029
1739473200000,333.08,335.32,331.58,332.76,9098.985
1739476800000,332.76,335.47,332.69,334.59,4694.64
1739480400000,334.58,337.42,334.14,336.5,7797.681
1739484000000,336.49,337.9,334.37,334.76,5543.228
1739487600000,334.76,336.15,333.96,334.81,7964.777
1739491200000,334.82,336.47,333.97,335.91,5938.442
1739494800000,335.9,337.08,334.8,336.65,5374.967
1739498400000,336.65,338.7,336.19,336.47,5719.579
1739502000000,336.48,339.95,336.44,339.69,5468.581
1739505600000,339.7,339.94,336.54,336.96,7062.515
1739509200000,336.96,338.1,336.13,336.98,3599.923
1739512800000,336.99,337.8,336.17,337.74,4824.455
1739516400000,337.74,338.59,337.39,338.21,2919.613
1739520000000,338.21,341.29,338.15,339.97,7355.922
1739523600000,339.96,343.02,339.73,342.93,9047.961
1739527200000,342.92,344.69,342.27,342.45,12833.992
1739530800000,342.44,343.62,341.36,342.64,6948.761
1739534400000,342.64,342.79,340.55,341.75,8735.132
1739538000000,341.7,344.12,340.88,343.32,8363.609
1739541600000,343.32,346.4,342.32,345.13,10674.95
1739545200000,345.13,345.71,340.48,344.58,12434.611
1739548800000,344.58,345.75,341.15,345.48,11316.241
1739552400000,345.47,349.13,343.61,348.08,11621.987
1739556000000,348.07,350.85,345.6,345.77,15705.192
1739559600000,345.78,347.44,343.34,344.54,10436.752
1739563200000,344.57,345.49,341.27,342.14,8134.765
1739566800000,342.14,343.79,339.92,343.45,6100.153
1739570400000,343.47,343.85,338.05,340.24,10100.364
1739574000000,340.24,341.65,339.37,341.36,5722.561
1739577600000,341.35,342.34,340.01,341.97,5760.763
1739581200000,341.98,344.58,341.83,344.11,5728.313
1739584800000,344.11,345.5,343.4,345.37,5906.734
1739588400000,345.36,345.56,343.75,343.98,4154.796
1739592000000,343.98,344.49,342.7,343.86,5744.475
1739595600000,343.86,344.51,343.06,343.27,3930.018
1739599200000,343.28,343.35,340.34,340.77,6781.279
1739602800000,340.76,341.44,339.14,340.43,6154.434
1739606400000,340.43,342.28,340.43,341.42,3424.359
1739610000000,341.42,342.29,339.64,340.79,4604.764
1739613600000,340.79,341.89,340.29,341.44,3957.822
1739617200000,341.44,341.9,338.88,340.21,5498.352
1739620800000,340.21,341.28,339.36,340.04,5716.737
1739624400000,340.03,340.65,338.62,338.68,4437.159
1739628000000,338.68,338.7,334.64,336.62,12063.968
1739631600000,336.62,337.73,335.4,336.04,4796.394
1739635200000,336.06,337.19,334.36,334.96,8793.915
1739638800000,334.96,336.25,333.19,334.12,9288.852
1739642400000,334.12,335.86,333.72,335.42,4913.919
1739646000000,335.41,335.5,332.74,332.94,4717.415
1739649600000,332.94,333.54,330.75,332.17,7316.051
1739653200000,332.17,333.75,332.14,333.5,4260.739
1739656800000,333.5,333.53,331.03,332.3,5761.397
1739660400000,332.31,333.49,331.68,332.73,3934.216
1739664000000,332.74,334.37,332.22,333.61,6074.812
1739667600000,333.61,333.79,332.3,333.31,5651.514
1739671200000,333.3,333.67,331.44,332.59,5980.573
1739674800000,332.58,333.02,330.78,332.96,5397.505
1739678400000,332.95,334.06,332.52,333.76,4901.182
1739682000000,333.75,334.81,332.22,333.63,4210.793
1739685600000,333.62,333.96,332.73,333.21,4637.785
1739689200000,333.21,333.21,330.48,330.96,6627.049
1739692800000,330.97,332.32,330.27,331.89,5326.424
1739696400000,331.88,334.6,330.65,334.35,7716.818
1739700000000,334.34,334.37,332.75,332.95,4850.325
1739703600000,332.94,334.83,332.35,334.42,5509.984
1739707200000,334.41,334.45,332.2,332.78,4396.701
1739710800000,332.78,332.94,329.05,329.83,7338.524
1739714400000,329.79,331.6,327.44,330.91,11699.416
1739718000000,330.91,331.51,329.69,330.43,5109.766
1739721600000,330.41,331.15,329.11,330.09,4723.211
1739725200000,330.09,330.44,327.84,328.35,6041.217
1739728800000,328.35,328.35,325.22,327.47,10005.694
1739732400000,327.47,328.69,326.16,328.03,4503.842
1739736000000,328.02,328.62,326.68,326.98,3442.521
1739739600000,326.97,329.12,326.02,328.59,4193.843
1739743200000,328.58,328.71,326.01,328.2,3370.795
1739746800000,328.2,328.27,325.22,326.04,6926.834
1739750400000,326.05,328.46,325.53,328.41,6264.897
1739754000000,328.41,330.19,327.78,329.75,5881.132
1739757600000,329.75,330.54,327.48,327.91,4173.17
1739761200000,327.87,327.88,326.08,327.45,6342.213
1739764800000,327.45,327.48,324.64,325.46,8521.754
1739768400000,325.47,326.8,321.92,326.51,14927.452
1739772000000,326.51,328.6,326.07,328.33,9089.733
1739775600000,328.32,329.09,324.25,325.54,7251.718
1739779200000,325.51,328.98,323.98,328.13,22546.937
1739782800000,328.13,330.27,327.8,328.41,13501.287
1739786400000,328.41,330.44,327.1,327.87,8172.186
1739790000000,327.87,329.08,327.19,328.36,4538.777
1739793600000,328.37,332.84,328.27,331.58,21147.386
1739797200000,331.57,332.87,331.0,332.42,7968.444
1739800800000,332.43,336.65,332.43,334.09,15238.638
1739804400000,334.09,335.29,326.35,326.96,18359.757
1739808000000,326.95,328.66,318.39,320.81,42539.068
1739811600000,320.81,323.6,319.88,320.11,12361.269
1739815200000,320.12,321.16,317.38,318.19,12937.517
1739818800000,318.18,321.31,316.74,320.79,8702.031
1739822400000,320.79,323.82,320.51,322.42,6761.457
1739826000000,322.44,326.9,322.36,326.8,7406.409
1739829600000,326.8,328.26,323.79,324.02,8498.433
1739833200000,324.05,325.66,322.24,323.68,6375.966
1739836800000,323.67,325.15,321.2,322.35,11621.084
1739840400000,322.35,324.49,321.64,324.34,5483.855
1739844000000,324.38,324.99,322.41,323.47,6336.169
1739847600000,323.47,324.55,322.75,323.63,5658.149
1739851200000,323.63,324.54,321.01,321.75,7273.39
1739854800000,321.77,322.32,318.01,318.53,12591.754
1739858400000,318.53,318.67,313.19,313.62,18603.257
1739862000000,313.62,316.93,312.55,314.91,15161.32
1739865600000,314.91,317.02,311.96,312.76,17275.898
1739869200000,312.76,318.22,311.63,318.02,10655.202
1739872800000,318.02,318.68,316.03,316.34,7410.052
1739876400000,316.34,317.4,315.71,316.31,4583.928
1739880000000,316.3,320.1,315.94,319.3,9549.507
1739883600000,319.3,319.83,317.36,318.26,8134.94
1739887200000,318.27,320.46,313.43,315.18,15405.499
1739890800000,315.19,315.64,310.23,312.32,20040.82
1739894400000,312.32,314.86,308.32,309.86,26699.486
1739898000000,309.83,311.97,307.23,311.12,17193.596
1739901600000,311.11,314.79,309.98,313.86,12573.744
1739905200000,313.86,315.31,311.27,313.79,10584.332
1739908800000,313.8,314.95,311.78,313.16,6995.116
1739912400000,313.16,316.32,312.84,314.55,10471.838
1739916000000,314.59,316.22,313.82,315.1,5093.504
1739919600000,315.1,316.39,314.26,315.94,4929.039
1739923200000,315.93,317.07,314.36,314.48,8542.065
1739926800000,314.47,314.62,312.75,314.22,5677.237
1739930400000,314.22,316.4,314.21,315.74,5745.455
1739934000000,315.75,315.82,313.65,314.8,6094.084
1739937600000,314.8,315.08,311.6,311.87,7849.587
1739941200000,311.87,314.62,311.56,314.25,6925.539
1739944800000,314.3,317.88,313.98,316.87,10703.908
1739948400000,316.87,319.83,316.5,318.88,14246.269
1739952000000,318.88,320.24,318.02,318.21,8426.455
1739955600000,318.22,320.75,317.4,319.99,6486.646
1739959200000,319.99,323.26,319.99,323.08,9617.972
1739962800000,323.08,324.17,322.18,323.74,7464.239
1739966400000,323.75,324.05,321.42,321.47,7228.132
1739970000000,321.48,324.22,321.48,323.26,6139.135
1739973600000,323.27,324.13,318.56,318.9,13232.1
1739977200000,318.91,321.95,318.1,320.12,11407.186
1739980800000,320.13,323.62,320.07,323.05,7991.14
1739984400000,323.06,323.65,320.97,321.79,5619.837
1739988000000,321.8,322.48,319.86,319.98,5745.134
1739991600000,319.99,322.23,318.58,321.19,7491.81
1739995200000,321.18,322.48,320.67,321.12,5568.257
1739998800000,321.12,321.87,319.06,319.8,5147.778
1740002400000,319.79,321.73,319.36,321.35,5397.254
1740006000000,321.36,323.19,321.32,322.44,5832.655
1740009600000,322.44,324.92,321.73,324.44,9698.108
1740013200000,324.44,325.58,321.77,322.87,7270.629
1740016800000,322.88,326.34,322.6,325.54,5699.228
1740020400000,325.54,326.36,324.38,325.36,5414.532
1740024000000,325.37,327.1,324.49,324.7,5170.57
1740027600000,324.71,324.88,323.46,323.57,4843.644
1740031200000,323.58,323.96,322.61,322.82,4525.911
1740034800000,322.83,323.58,321.77,322.4,4647.176
1740038400000,322.4,322.85,321.13,322.3,5659.584
1740042000000,322.31,322.44,321.43,321.68,3175.186
1740045600000,321.68,322.94,321.0,322.94,4969.545
1740049200000,322.93,323.21,322.02,322.34,5481.528
1740052800000,322.34,323.2,321.28,321.84,5291.934
1740056400000,321.82,322.87,320.82,322.57,6497.717
1740060000000,322.57,325.22,320.54,321.02,16626.435
1740063600000,321.03,322.2,319.69,320.42,10712.223
1740067200000,320.43,323.49,320.04,320.66,8538.242
1740070800000,320.65,323.75,320.54,323.58,6647.052
1740074400000,323.57,325.57,323.25,323.96,6718.002
1740078000000,323.95,325.12,323.19,324.85,4319.839
1740081600000,324.84,325.98,324.21,324.66,5408.114
1740085200000,324.66,324.78,322.8,323.27,5319.769
1740088800000,323.27,325.95,323.04,325.24,6217.714
1740092400000,325.23,326.84,325.11,325.68,5062.447
1740096000000,325.68,326.92,324.27,325.42,6331.553
1740099600000,325.42,325.74,324.17,325.02,4906.878
1740103200000,325.03,326.64,324.34,324.86,7289.447
1740106800000,324.86,325.62,323.99,324.41,3837.785
1740110400000,324.42,326.51,324.38,325.4,4793.989
1740114000000,325.4,326.42,324.94,325.86,4865.556
1740117600000,325.87,327.39,325.87,327.27,6087.668
1740121200000,327.27,328.67,327.19,327.77,6360.272
1740124800000,327.77,329.3,327.21,329.08,6184.286
1740128400000,329.09,333.78,329.09,330.65,17459.234
1740132000000,330.65,331.94,329.81,331.24,5811.231
1740135600000,331.24,331.54,328.36,328.42,6352.068
1740139200000,328.41,330.29,327.93,330.26,4481.067
1740142800000,330.26,333.18,329.86,332.29,10364.622
1740146400000,332.28,332.52,327.55,330.28,12318.606
1740150000000,330.29,331.29,319.04,323.9,36256.726
1740153600000,323.9,328.97,322.95,326.22,16221.57
1740157200000,326.22,327.48,319.06,319.7,21668.171
1740160800000,319.69,320.26,317.76,318.71,13042.198
1740164400000,318.71,319.63,310.22,311.79,26732.181
1740168000000,311.78,314.49,310.97,311.75,13381.595
1740171600000,311.75,312.81,309.5,311.9,10742.16
1740175200000,311.93,315.33,311.68,314.11,8131.261
1740178800000,314.11,314.11,311.78,313.56,8867.86
1740182400000,313.57,315.99,312.26,315.66,11614.332
1740186000000,315.66,317.0,315.35,316.41,7970.113
1740189600000,316.42,316.47,314.27,315.9,3962.164
1740193200000,315.9,317.22,315.5,317.08,5228.096
1740196800000,317.04,319.41,316.67,319.24,6667.264
1740200400000,319.23,319.44,318.2,318.42,3513.465
1740204000000,318.42,318.64,317.21,317.36,4794.355
1740207600000,317.35,318.33,316.85,317.15,5118.889
1740211200000,317.15,317.64,316.32,316.88,4540.454
1740214800000,316.89,318.42,316.85,318.16,3834.469
1740218400000,318.16,320.01,317.25,317.9,8779.391
1740222000000,317.91,319.1,317.73,318.87,3326.187
1740225600000,318.88,320.42,318.46,320.14,5247.752
1740229200000,320.18,320.57,318.34,318.84,5553.257
1740232800000,318.84,319.9,318.56,319.44,7042.968
1740236400000,319.44,321.5,319.12,320.79,5238.109
1740240000000,320.78,321.84,320.44,320.7,6897.315
1740243600000,320.69,321.65,320.37,321.31,8053.689
1740247200000,321.3,322.33,320.78,321.21,5727.092
1740250800000,321.23,321.92,320.61,321.78,2658.398
1740254400000,321.8,322.49,320.6,322.42,3722.157
1740258000000,322.41,322.41,320.89,321.13,4222.177
1740261600000,321.12,322.5,320.95,321.66,5011.194
1740265200000,321.66,321.94,320.29,320.8,3371.615
1740268800000,320.79,321.87,320.37,321.47,5816.787
1740272400000,321.47,321.84,320.69,321.64,4654.164
1740276000000,321.64,324.1,321.19,323.76,6491.431
1740279600000,323.77,325.98,323.23,325.6,13485.683
1740283200000,325.6,327.95,325.12,325.97,13527.747
1740286800000,325.96,327.69,325.85,327.28,8187.318
1740290400000,327.28,329.74,326.61,329.55,13666.985
1740294000000,329.56,332.25,329.17,330.53,18804.145
1740297600000,330.52,332.02,330.45,331.19,10091.622
1740301200000,331.2,332.26,329.08,330.12,10591.132
1740304800000,330.12,330.68,328.31,329.02,6220.824
1740308400000,329.02,329.56,327.33,328.19,5681.866
1740312000000,328.2,329.12,326.25,326.84,7667.531
1740315600000,326.84,327.61,325.49,326.49,7437.744
1740319200000,326.5,327.85,324.66,325.42,8221.383
1740322800000,325.41,326.11,323.17,323.77,12711.222
1740326400000,323.74,326.9,323.37,326.05,11098.987
1740330000000,326.05,326.92,324.63,325.02,4569.815
1740333600000,325.0,325.42,323.41,324.35,6771.647
1740337200000,324.34,325.54,324.2,324.96,3640.905
1740340800000,324.96,325.37,324.46,325.28,3065.244
1740344400000,325.29,325.48,324.6,325.19,2945.541
1740348000000,325.2,327.45,324.41,326.24,8791.246
1740351600000,326.26,328.75,326.2,327.64,8296.778
1740355200000,327.65,329.32,326.54,327.28,9379.33
1740358800000,327.29,327.32,323.05,323.98,9816.977
1740362400000,323.97,324.66,322.11,322.53,8179.424
1740366000000,322.52,322.52,317.04,317.67,20446.286
1740369600000,317.7,318.38,314.7,317.7,20656.101
1740373200000,317.7,319.5,316.16,318.78,11251.646
1740376800000,318.79,319.06,317.16,318.63,6704.496
1740380400000,318.63,319.45,316.4,316.81,6589.364
1740384000000,316.82,316.87,312.21,313.79,16353.877
1740387600000,313.79,317.69,313.35,314.6,10341.186
1740391200000,314.61,314.76,309.94,311.76,15472.611
1740394800000,311.77,313.79,310.23,313.39,7319.277
1740398400000,313.39,313.39,311.11,312.33,6240.074
1740402000000,312.32,314.83,310.79,313.12,11547.676
1740405600000,313.13,314.26,306.38,307.24,24660.518
1740409200000,307.24,309.59,302.41,306.39,35190.103
1740412800000,306.4,308.94,305.4,306.33,17000.433
1740416400000,306.34,312.15,306.07,309.67,10947.45
1740420000000,309.67,311.03,307.18,307.31,7644.146
1740423600000,307.31,307.97,301.42,304.59,18759.666
1740427200000,304.6,309.09,303.75,306.26,9426.658
1740430800000,306.26,307.71,303.22,303.37,13161.893
1740434400000,303.36,303.4,286.82,291.06,74695.148
1740438000000,291.06,296.14,289.53,291.33,23559.713
1740441600000,291.36,294.89,285.4,291.79,29801.581
1740445200000,291.8,294.69,287.97,291.62,17912.971
1740448800000,291.6,296.41,289.07,295.65,16159.826
1740452400000,295.66,296.26,291.28,292.27,15762.941
1740456000000,292.27,293.22,287.68,289.7,27886.027
1740459600000,289.7,294.83,288.29,293.77,20422.711
1740463200000,293.83,294.57,288.36,288.48,17610.726
1740466800000,288.49,289.18,274.49,282.51,123196.561
1740470400000,282.53,287.49,281.06,285.64,24013.167
1740474000000,285.64,286.46,280.08,280.45,19854.569
1740477600000,280.49,283.31,275.58,281.54,37049.863
1740481200000,281.54,287.49,276.88,286.63,31592.405
1740484800000,286.63,288.08,284.63,288.01,20407.581
1740488400000,288.04,288.51,283.37,283.83,17107.501
1740492000000,283.82,285.96,278.03,279.46,24676.172
1740495600000,279.46,285.08,276.64,282.64,38312.58
1740499200000,282.65,287.35,279.88,285.07,29902.114
1740502800000,285.09,287.17,283.03,285.02,18288.745
1740506400000,285.03,287.58,283.24,285.08,13838.898
1740510000000,285.07,290.07,283.13,289.86,15978.912
1740513600000,289.83,294.82,288.15,292.11,27063.644
1740517200000,292.09,294.04,290.27,293.5,11226.08
1740520800000,293.5,296.09,291.58,293.33,12827.125
1740524400000,293.33,294.7,291.41,291.67,8721.045
1740528000000,291.67,292.1,289.1,289.19,8869.748
1740531600000,289.19,293.27,289.07,292.45,8335.173
1740535200000,292.44,297.28,291.41,296.29,11054.55
1740538800000,296.26,297.45,295.4,296.43,13220.934
1740542400000,296.43,298.11,295.35,296.02,7553.462
1740546000000,296.03,296.74,294.45,294.57,7669.751
1740549600000,294.56,298.32,294.51,297.11,18722.303
1740553200000,297.1,297.42,293.51,294.96,9468.723
1740556800000,294.97,295.61,292.48,293.56,11828.454
1740560400000,293.57,297.79,293.18,296.99,11256.58
1740564000000,297.01,297.24,295.68,296.92,7647.106
1740567600000,296.92,297.34,293.79,294.0,8095.602
1740571200000,294.02,294.88,290.71,292.01,11344.04
1740574800000,292.0,294.06,291.5,292.0,10104.254
1740578400000,291.98,295.52,288.02,294.83,30038.999
1740582000000,294.85,298.95,294.7,295.95,20581.779
1740585600000,295.95,297.79,292.31,295.65,18669.739
1740589200000,295.66,296.86,290.0,291.09,16669.6
1740592800000,291.07,293.44,284.13,285.53,45726.922
1740596400000,285.53,290.96,284.59,287.36,29495.488
1740600000000,287.35,297.46,285.32,296.25,30666.09
1740603600000,296.23,300.31,294.13,298.69,23004.133
1740607200000,298.7,301.23,295.5,296.11,14992.397
1740610800000,296.11,297.41,292.93,293.78,10221.646
1740614400000,293.78,294.73,291.18,293.01,10911.271
1740618000000,292.92,296.64,290.89,294.24,19082.84
1740621600000,294.24,296.62,293.27,294.04,7964.513
1740625200000,294.05,296.15,293.47,295.55,5323.173
1740628800000,295.56,296.66,294.03,294.8,9067.279
1740632400000,294.79,297.93,294.68,297.47,7159.049
1740636000000,297.48,302.22,297.05,299.98,25174.941
1740639600000,299.97,301.17,298.89,299.8,9486.67
1740643200000,299.82,300.94,299.1,299.94,8418.101
1740646800000,299.93,301.32,299.2,299.59,10992.606
1740650400000,299.59,303.42,299.31,302.9,18811.657
1740654000000,302.9,303.09,300.61,301.93,7502.372
1740657600000,301.93,303.27,300.64,301.83,8779.821
1740661200000,301.8,302.71,299.97,301.38,13730.917
1740664800000,301.36,303.41,297.84,297.85,21157.067
1740668400000,297.84,300.49,295.11,298.64,19967.836
1740672000000,298.64,300.26,296.5,296.96,12513.179
1740675600000,296.96,298.81,296.18,298.63,6977.368
1740679200000,298.64,300.03,297.85,298.95,7007.823
1740682800000,298.95,299.19,294.22,295.27,11688.281
1740686400000,295.27,295.48,290.13,292.03,26205.463
1740690000000,292.04,295.83,289.85,295.63,13711.833
1740693600000,295.63,296.92,293.86,296.73,6995.993
1740697200000,296.68,297.62,295.27,296.66,6161.842
1740700800000,296.66,297.32,294.95,295.27,8363.294
1740704400000,295.26,296.82,285.09,286.24,51476.897
1740708000000,286.22,289.85,278.18,282.08,51693.968
1740711600000,282.09,286.07,277.14,277.55,22875.475
1740715200000,277.56,278.64,273.27,276.05,35565.92
1740718800000,276.04,276.58,270.94,274.25,23159.362
1740722400000,274.26,275.23,269.3,271.85,37964.683
1740726000000,271.84,280.14,271.72,275.11,51995.725
1740729600000,275.11,282.35,270.24,280.0,43001.408
1740733200000,280.0,285.72,278.45,283.8,33036.534
1740736800000,283.8,283.84,278.77,279.95,14428.028
1740740400000,279.93,282.96,279.22,280.63,11436.187
1740744000000,280.62,283.5,279.92,283.31,10286.778
1740747600000,283.3,291.46,282.33,289.25,43481.557
1740751200000,289.25,297.93,289.12,295.5,50388.212
1740754800000,295.47,306.33,295.25,304.68,38542.531
1740758400000,304.71,313.44,303.46,310.17,51523.49
1740762000000,310.18,312.09,308.85,310.08,21191.894
1740765600000,310.08,315.95,308.79,313.34,21167.445
1740769200000,313.33,317.9,311.77,317.5,19424.085
1740772800000,317.48,319.1,314.41,318.94,18570.439
1740776400000,318.93,319.98,316.66,317.94,12813.496
1740780000000,317.95,318.39,314.06,315.36,12318.591
1740783600000,315.36,316.82,313.8,315.58,19185.418
1740787200000,315.57,317.32,314.95,315.09,11987.207
1740790800000,315.06,320.42,314.29,319.66,23000.714
1740794400000,319.66,323.2,317.65,322.56,24480.908
1740798000000,322.57,323.73,321.01,322.18,12109.591
1740801600000,322.17,324.38,321.9,322.35,13616.99
1740805200000,322.34,322.5,317.73,317.86,19971.204
1740808800000,317.86,319.39,311.52,313.52,69288.637
1740812400000,313.52,314.0,311.19,312.35,11845.341
1740816000000,312.34,313.77,311.38,312.22,13456.615
1740819600000,312.21,314.79,311.41,312.77,13964.051
1740823200000,312.76,313.55,310.95,312.49,14383.046
1740826800000,312.48,312.48,309.43,310.52,14913.369
1740830400000,310.52,312.14,309.62,311.01,8101.369
1740834000000,311.01,311.8,308.11,309.4,18368.695
1740837600000,309.4,310.49,307.37,309.82,15608.394
1740841200000,309.79,311.34,307.82,309.04,7156.36
1740844800000,309.04,310.71,307.65,310.62,10222.234
1740848400000,310.61,310.63,308.06,309.21,6885.26
1740852000000,309.2,310.07,308.11,309.22,6995.962
1740855600000,309.22,310.97,308.84,309.88,5169.391
1740859200000,309.88,310.36,308.84,309.76,5968.329
1740862800000,309.76,312.59,308.68,311.9,8573.494
1740866400000,311.9,313.56,310.98,311.87,7904.146
1740870000000,311.86,312.35,309.13,311.3,5983.437
1740873600000,311.31,313.74,309.51,313.19,11453.256
1740877200000,313.18,316.26,313.1,314.81,13467.084
1740880800000,314.83,315.84,312.05,313.85,8722.81
1740884400000,313.85,316.16,313.32,314.8,5181.705
1740888000000,314.8,317.35,314.62,315.67,7668.463
1740891600000,315.66,318.48,315.63,316.74,12216.975
1740895200000,316.74,318.05,314.82,316.77,7832.621
1740898800000,316.76,319.3,316.03,317.19,14566.243
1740902400000,317.19,317.87,314.6,315.97,21449.196
1740906000000,315.96,318.92,315.03,315.78,12409.05
1740909600000,315.77,317.4,314.15,315.82,21731.337
1740913200000,315.81,319.73,315.47,317.52,43538.437
1740916800000,317.52,319.0,317.51,318.78,12254.347
1740920400000,318.78,320.31,316.33,318.76,26273.434
1740924000000,318.76,319.96,314.83,316.06,12920.63
1740927600000,316.07,331.9,314.68,324.4,61428.294
1740931200000,324.44,341.2,323.81,338.29,67565.184
1740934800000,338.3,341.46,333.69,338.91,34294.633
1740938400000,338.91,339.64,331.47,335.2,28408.449
1740942000000,335.22,336.58,333.82,336.14,8429.59
1740945600000,336.13,336.56,333.25,334.04,9138.769
1740949200000,334.05,334.71,331.29,333.38,15856.096
1740952800000,333.36,335.0,331.24,334.22,9346.986
1740956400000,334.21,335.77,332.05,334.08,14861.237
1740960000000,334.03,335.02,330.31,332.62,17242.7
1740963600000,332.62,333.46,328.51,328.63,19073.43
1740967200000,328.62,328.99,324.48,328.75,19871.05
1740970800000,328.74,328.96,325.17,326.58,10427.315
1740974400000,326.56,327.35,325.13,325.78,6991.831
1740978000000,325.78,328.22,325.09,327.01,32188.975
1740981600000,327.0,327.34,314.95,317.13,29737.465
1740985200000,317.13,318.88,314.08,318.5,18967.851
1740988800000,318.5,318.55,310.02,312.75,20571.993
1740992400000,312.76,320.09,310.75,317.83,34726.819
1740996000000,317.82,320.16,316.05,318.41,22624.578
1740999600000,318.41,319.2,316.95,319.1,12064.582
1741003200000,319.07,322.33,318.19,320.08,25708.761
1741006800000,320.1,357.51,317.89,355.91,155611.682
1741010400000,355.94,355.94,329.83,332.39,240918.703
1741014000000,332.38,349.97,331.7,343.98,84662.691
1741017600000,343.99,350.07,339.4,343.76,69025.694
1741021200000,343.76,348.36,341.49,342.06,30232.477
1741024800000,342.04,344.48,332.19,336.31,54548.951
1741028400000,336.34,338.01,323.6,325.56,53402.563
1741032000000,325.58,327.34,319.76,324.02,33867.32
1741035600000,324.02,327.33,317.54,318.78,22978.69
1741039200000,318.77,324.94,315.79,323.63,23643.882
1741042800000,323.59,326.14,319.68,321.16,22756.004
1741046400000,321.16,329.86,318.68,327.56,62528.803
1741050000000,327.57,328.69,306.18,307.8,88737.074
1741053600000,307.83,309.32,300.23,305.37,50282.47
1741057200000,305.34,306.92,301.39,304.11,29502.212
1741060800000,304.12,306.85,301.81,304.37,21257.842
1741064400000,304.39,311.0,303.2,310.36,40803.267
1741068000000,310.33,310.8,305.92,305.94,19008.668
1741071600000,305.93,309.9,304.5,306.74,38399.813
1741075200000,306.72,313.28,305.81,312.28,25526.897
1741078800000,312.28,314.12,308.14,308.39,26551.041
1741082400000,308.4,308.64,305.25,307.37,18969.588
1741086000000,307.39,308.47,304.6,304.98,13590.513
1741089600000,304.99,305.17,301.29,302.61,18313.359
1741093200000,302.59,302.59,295.32,296.97,50348.492
1741096800000,296.97,319.51,296.48,307.17,137135.666
1741100400000,307.2,309.45,300.58,304.43,46914.09
1741104000000,304.43,304.62,290.88,300.47,47691.879
1741107600000,300.47,312.48,300.03,309.94,31448.292
1741111200000,309.94,313.03,308.58,312.3,14157.726
1741114800000,312.29,315.88,311.54,315.0,17779.046
1741118400000,314.99,316.08,311.53,312.09,15627.06
1741122000000,312.1,319.59,311.39,317.89,36697.414
1741125600000,317.88,322.68,317.13,319.5,20506.814
1741129200000,319.5,322.37,318.55,320.64,21505.013
1741132800000,320.63,329.88,319.46,326.26,60062.827
1741136400000,326.25,342.97,325.86,336.18,65131.078
1741140000000,336.18,350.0,331.4,345.16,99704.21
1741143600000,345.17,356.01,343.16,343.5,127446.218
1741147200000,343.5,347.7,342.77,345.38,28901.411
1741150800000,345.37,347.59,341.44,343.23,25110.268
1741154400000,343.24,360.47,340.0,355.33,90133.644
1741158000000,355.32,357.46,350.24,352.97,32671.492
1741161600000,352.97,356.88,351.83,352.17,25157.265
1741165200000,352.17,382.87,351.58,372.1,174714.586
1741168800000,372.09,380.79,371.4,377.76,71128.977
1741172400000,377.8,385.55,375.36,377.96,78942.335
1741176000000,377.97,388.46,376.73,383.61,92891.974
1741179600000,383.62,383.62,376.92,380.1,80898.395
1741183200000,380.11,384.8,374.19,379.46,133605.323
1741186800000,379.48,399.9,379.48,389.62,186919.423
1741190400000,389.6,395.0,382.13,389.68,150610.056
1741194000000,389.61,396.5,386.01,391.38,98822.184
1741197600000,391.37,391.94,385.97,389.81,52405.592
1741201200000,389.82,392.92,388.43,391.45,37083.772
1741204800000,391.46,397.0,390.01,390.9,56189.793
1741208400000,390.91,393.31,387.01,391.92,38386.728
1741212000000,391.9,394.69,389.35,392.31,27595.746
1741215600000,392.31,400.67,390.14,392.15,55409.249
1741219200000,392.16,393.07,383.41,389.24,82570.857
1741222800000,389.21,404.2,388.0,394.12,104831.454
1741226400000,394.12,401.78,392.56,395.1,71359.032
1741230000000,395.1,399.2,391.87,394.69,32041.353
1741233600000,394.68,403.41,394.42,402.44,68974.821
1741237200000,402.44,419.99,401.5,406.57,199220.924
1741240800000,406.57,407.34,402.13,404.21,46923.434
1741244400000,404.21,406.54,402.31,404.08,33015.931
1741248000000,404.08,404.5,396.68,398.02,69545.338
1741251600000,397.99,399.18,390.9,394.29,59976.938
1741255200000,394.31,403.29,393.85,399.11,53944.347
1741258800000,399.11,399.75,393.5,395.55,35245.418
1741262400000,395.56,396.87,393.27,393.31,46147.915
1741266000000,393.32,394.32,389.25,390.43,45196.153
1741269600000,390.4,393.18,383.77,388.35,88653.384
1741273200000,388.35,396.99,387.66,392.01,66039.898
1741276800000,392.02,394.52,387.2,388.68,34948.786
1741280400000,388.68,390.72,383.2,387.72,76149.16
1741284000000,387.72,389.81,386.34,389.68,20962.534
1741287600000,389.66,394.56,387.85,390.35,23307.948
1741291200000,390.36,393.82,389.93,393.11,16691.109
1741294800000,393.13,398.38,392.77,398.27,25799.293
1741298400000,398.2,402.75,394.28,395.16,33785.974
1741302000000,395.18,396.59,393.86,394.71,13818.645
1741305600000,394.71,399.38,382.42,386.79,130332.951
1741309200000,386.84,409.61,382.4,405.56,124226.032
1741312800000,405.54,407.63,400.52,403.15,55427.377
1741316400000,403.15,410.28,387.56,391.13,94967.559
1741320000000,391.12,397.65,390.62,391.64,38597.845
1741323600000,391.65,399.49,391.09,397.29,28925.013
1741327200000,397.29,402.32,397.17,401.32,25229.555
1741330800000,401.33,408.98,400.44,404.17,52470.05
1741334400000,404.15,404.16,397.4,398.67,47270.429
1741338000000,398.67,401.47,394.53,399.28,52489.425
1741341600000,399.29,402.6,398.34,400.0,22910.174
1741345200000,400.01,401.76,398.48,398.9,16657.443
1741348800000,398.9,404.35,397.57,398.49,38694.378
1741352400000,398.46,400.03,390.82,391.91,83809.507
1741356000000,391.88,398.88,388.54,394.87,66531.851
1741359600000,394.85,396.14,386.01,390.53,58754.522
1741363200000,390.58,391.69,383.65,386.04,47499.721
1741366800000,386.06,393.83,383.14,390.34,43026.453
1741370400000,390.35,395.98,389.52,395.64,24077.818
1741374000000,395.64,398.38,393.06,395.81,23639.804
1741377600000,395.81,400.72,393.62,395.56,28343.133
1741381200000,395.56,396.62,387.2,388.8,32877.599
1741384800000,388.78,394.06,387.46,393.73,15608.533
1741388400000,393.73,393.99,387.7,388.87,18384.616
1741392000000,388.84,393.45,386.16,393.02,25380.243
1741395600000,393.03,393.43,379.07,384.33,47258.504
1741399200000,384.34,385.44,377.23,381.1,35130.957
1741402800000,381.1,382.9,379.0,379.73,18182.723
1741406400000,379.72,384.38,375.93,383.9,24743.176
1741410000000,383.89,384.72,378.57,381.51,17698.767
1741413600000,381.51,384.92,380.79,382.23,13880.351
1741417200000,382.22,384.07,381.31,382.18,10354.714
1741420800000,382.18,384.62,380.56,380.72,11651.748
1741424400000,380.72,382.39,376.76,376.93,15440.231
1741428000000,376.92,384.67,376.89,384.64,16941.004
1741431600000,384.63,386.45,381.66,384.57,21681.897
1741435200000,384.58,388.8,384.0,388.14,16260.837
1741438800000,388.16,390.77,384.31,384.65,31294.461
1741442400000,384.64,389.22,384.49,387.44,19088.455
1741446000000,387.47,388.38,386.29,387.89,9403.909
1741449600000,387.89,392.76,385.5,387.45,33184.149
1741453200000,387.45,387.93,378.4,383.42,36151.458
1741456800000,383.42,385.36,381.59,384.68,8932.903
1741460400000,384.68,396.15,383.4,391.61,29596.087
1741464000000,391.61,392.06,387.34,388.65,10717.381
1741467600000,388.65,389.39,386.25,387.1,6789.108
1741471200000,387.09,389.66,386.28,389.46,10085.03
1741474800000,389.45,389.57,384.19,385.63,10793.25
1741478400000,385.63,386.81,382.15,382.64,16265.873
1741482000000,382.63,383.91,380.3,381.12,9806.729
1741485600000,381.12,381.68,378.43,379.25,14193.476
1741489200000,379.25,380.2,376.8,377.09,14643.647
1741492800000,377.08,379.45,376.58,378.57,12186.889
1741496400000,378.57,379.59,378.03,378.65,7459.089
1741500000000,378.64,378.68,376.44,376.8,10996.973
1741503600000,376.79,382.45,376.28,381.07,17225.646
1741507200000,381.07,381.09,376.55,377.78,9480.562
1741510800000,377.79,379.1,375.44,376.65,15985.823
1741514400000,376.65,377.82,370.0,371.76,41282.941
1741518000000,371.77,373.49,369.13,371.77,22179.672
1741521600000,371.78,371.89,367.79,371.28,18219.422
1741525200000,371.29,373.11,366.0,366.76,26734.865
1741528800000,366.77,369.36,365.0,368.9,34206.166
1741532400000,368.9,371.47,365.7,366.02,34897.446
1741536000000,366.01,368.63,361.36,361.58,50333.301
1741539600000,361.59,365.9,360.8,363.25,24297.884
1741543200000,363.19,367.37,361.75,363.14,27248.432
1741546800000,363.13,368.06,362.71,366.48,14176.039
1741550400000,366.42,367.19,363.84,365.44,15308.098
1741554000000,365.42,366.4,361.01,362.01,16670.832
1741557600000,362.0,363.27,360.05,360.46,15786.116
1741561200000,360.46,362.77,355.56,357.3,30252.855
1741564800000,357.31,370.4,352.93,366.37,45285.236
1741568400000,366.35,373.22,360.94,362.84,36783.326
1741572000000,362.84,363.77,357.84,360.65,26116.339
1741575600000,360.64,362.34,357.4,359.88,14867.217
1741579200000,359.88,363.17,359.7,360.66,15316.253
1741582800000,360.69,362.07,358.55,359.82,14593.709
1741586400000,359.83,360.73,357.05,357.78,12375.028
1741590000000,357.81,360.38,355.26,356.13,13807.925
1741593600000,356.13,356.59,350.1,355.87,33564.616
1741597200000,355.86,370.89,355.67,364.27,52431.985
1741600800000,364.26,367.8,359.85,366.81,19506.348
1741604400000,366.81,370.28,364.9,369.41,20894.567
1741608000000,369.41,369.58,366.57,369.1,19001.578
1741611600000,369.09,369.82,362.39,364.36,24113.424
1741615200000,364.38,364.41,349.04,352.23,72293.203
1741618800000,352.22,360.57,350.89,355.3,26012.894
1741622400000,355.27,356.58,347.28,349.05,27539.996
1741626000000,349.09,350.77,343.32,345.44,35395.043
1741629600000,345.44,349.75,336.22,336.7,29971.929
1741633200000,336.71,348.32,336.02,344.71,28789.471
1741636800000,344.68,345.94,339.44,340.36,15392.547
1741640400000,340.35,342.79,338.88,339.86,11530.068
1741644000000,339.86,340.9,334.34,334.95,14723.756
1741647600000,334.94,337.24,330.49,331.58,22477.704
1741651200000,331.59,334.63,315.94,322.63,76044.887
1741654800000,322.62,331.7,317.16,331.67,43766.12
1741658400000,331.67,336.8,329.48,334.57,29267.576
1741662000000,334.56,337.55,331.82,332.46,19427.737
1741665600000,332.39,335.45,330.91,331.51,13721.438
1741669200000,331.51,338.56,330.7,334.85,19565.311
1741672800000,334.81,337.54,333.13,333.43,16806.565
1741676400000,333.44,338.04,331.7,337.3,12910.77
1741680000000,337.25,342.41,336.71,340.54,19042.862
1741683600000,340.54,342.97,339.77,340.37,11408.37
1741687200000,340.36,340.42,337.2,338.31,10046.633
1741690800000,338.3,338.55,334.79,335.74,13485.13
1741694400000,335.74,335.92,332.05,333.33,17413.26
1741698000000,333.34,341.18,329.84,333.6,36691.682
1741701600000,333.59,335.54,325.41,327.89,31154.896
1741705200000,327.91,336.85,327.45,336.31,25065.619
1741708800000,336.31,342.25,333.8,338.68,34271.176
1741712400000,338.68,338.83,332.66,336.23,13635.025
1741716000000,336.17,348.68,336.05,346.32,20758.191
1741719600000,346.32,350.32,344.49,347.56,22822.598
1741723200000,347.55,347.89,344.18,344.2,9651.133
1741726800000,344.2,345.48,341.76,342.88,7134.212
1741730400000,342.87,345.0,342.66,344.38,6235.963
1741734000000,344.4,344.68,338.82,340.07,9200.019
1741737600000,340.07,340.4,335.18,336.63,13375.022
1741741200000,336.64,345.5,336.57,342.88,17035.851
1741744800000,342.9,344.18,333.46,334.5,18328.07
1741748400000,334.49,336.76,333.7,334.18,11694.612
1741752000000,334.18,335.44,327.81,332.24,23231.388
1741755600000,332.24,335.0,332.12,334.5,13999.07
1741759200000,334.46,335.88,331.74,333.08,11488.09
1741762800000,333.08,336.26,332.3,335.23,11792.397
1741766400000,335.22,339.27,333.14,337.4,16257.031
1741770000000,337.42,339.69,333.41,334.78,13877.59
1741773600000,334.77,335.17,331.31,333.34,8375.238
1741777200000,333.34,335.34,332.93,334.77,8181.973
1741780800000,334.76,345.44,333.01,344.93,56655.304
1741784400000,344.82,352.79,340.43,342.5,89258.29
1741788000000,342.45,343.32,334.74,335.61,34212.147
1741791600000,335.61,340.93,332.42,340.75,27688.009
1741795200000,340.74,354.67,340.02,353.3,45411.607
1741798800000,353.33,358.26,351.01,351.78,36965.189
1741802400000,351.78,354.2,350.76,352.78,13021.343
1741806000000,352.77,356.91,351.34,356.14,11950.363
1741809600000,356.05,358.18,355.07,356.33,10168.408
1741813200000,356.33,360.57,354.53,357.47,17215.799
1741816800000,357.47,360.38,356.72,359.46,8748.96
1741820400000,359.45,360.13,349.62,353.69,44023.462
1741824000000,353.68,354.41,350.85,353.75,16011.231
1741827600000,353.75,355.5,350.27,351.91,14518.889
1741831200000,351.91,353.94,346.4,347.43,19579.813
1741834800000,347.43,348.44,344.81,344.97,11916.028
1741838400000,344.97,346.13,341.3,341.66,15875.149
1741842000000,341.66,342.64,338.23,338.87,14631.823
1741845600000,338.86,338.89,336.18,336.86,13665.78
1741849200000,336.87,340.47,335.75,336.3,15627.293
1741852800000,336.29,337.26,330.97,332.92,22878.785
1741856400000,332.91,337.5,332.58,336.2,23230.966
1741860000000,336.19,336.34,331.82,334.18,17691.181
1741863600000,334.16,335.28,333.06,334.73,12394.245
1741867200000,334.71,338.48,331.7,332.78,22351.377
1741870800000,332.78,335.2,329.29,330.55,26720.751
1741874400000,330.54,334.02,329.1,331.85,22435.736
1741878000000,331.85,332.6,329.5,330.2,13183.608
1741881600000,330.21,331.2,328.3,329.1,15051.428
1741885200000,329.1,329.7,325.57,326.23,17235.867
1741888800000,326.21,329.49,325.99,327.94,12815.294
1741892400000,327.94,328.51,324.38,324.77,12022.726
1741896000000,324.79,327.57,324.78,325.44,11646.947
1741899600000,325.46,327.41,323.56,327.41,9311.522
1741903200000,327.41,330.14,327.04,329.51,11407.139
1741906800000,329.5,329.5,325.35,325.65,11109.371
1741910400000,325.65,330.74,324.96,329.48,14018.849
1741914000000,329.49,329.58,327.21,327.74,9458.287
1741917600000,327.72,329.77,326.38,329.56,9071.422
1741921200000,329.56,329.66,326.35,327.69,10463.736
1741924800000,327.69,327.83,325.72,326.26,7395.838
1741928400000,326.26,327.9,325.87,327.76,6438.229
1741932000000,327.76,327.78,325.48,326.25,6330.766
1741935600000,326.21,328.92,325.22,327.9,10906.45
1741939200000,327.9,330.5,326.83,329.25,11429.585
1741942800000,329.26,335.83,329.26,332.04,39197.611
1741946400000,332.04,334.18,330.15,333.03,16455.413
1741950000000,333.03,334.59,331.0,331.86,10712.099
1741953600000,331.87,332.76,328.54,329.77,12884.948
1741957200000,329.77,331.2,327.21,329.5,18952.86
1741960800000,329.51,330.78,326.02,329.7,27803.809
1741964400000,329.73,334.52,329.45,330.87,36763.384
1741968000000,330.85,331.2,328.23,330.13,15029.18
1741971600000,330.12,331.02,327.32,329.63,14081.488
1741975200000,329.63,331.27,329.02,329.8,9019.175
1741978800000,329.8,330.84,327.82,328.62,6690.004
1741982400000,328.66,328.72,325.0,325.96,13365.518
1741986000000,325.95,327.83,325.46,327.58,5975.703
1741989600000,327.57,331.8,326.63,331.55,24190.025
1741993200000,331.54,332.25,328.74,331.19,14487.576
1741996800000,331.19,337.64,330.59,332.38,25838.625
1742000400000,332.38,332.56,328.13,328.82,12731.69
1742004000000,328.83,330.03,327.8,329.89,6546.477
1742007600000,329.89,333.56,329.72,332.39,10565.819
1742011200000,332.39,336.82,332.2,334.82,12909.379
1742014800000,334.82,334.95,332.11,332.2,7149.471
1742018400000,332.2,334.54,331.83,333.11,6205.875
1742022000000,333.12,335.71,331.42,334.56,17325.426
1742025600000,334.54,343.0,333.67,342.44,98224.74
1742029200000,342.45,352.29,342.44,347.33,270680.457
1742032800000,347.34,348.57,340.38,342.47,62059.55
1742036400000,342.47,344.8,342.25,343.15,18629.501
1742040000000,343.19,343.24,340.12,340.16,14599.739
1742043600000,340.17,340.63,337.57,338.38,19999.219
1742047200000,338.34,338.77,335.78,338.08,13650.411
1742050800000,338.05,342.74,337.4,339.91,22006.904
1742054400000,339.91,348.0,339.22,344.97,26458.617
1742058000000,344.98,346.53,343.09,344.45,12358.426
1742061600000,344.47,347.36,344.11,345.87,9133.302
1742065200000,345.87,346.23,344.08,344.35,7517.173
1742068800000,344.35,345.13,343.67,344.95,5594.857
1742072400000,344.95,346.09,344.19,344.52,5229.786
1742076000000,344.58,344.82,343.04,343.5,5338.413
1742079600000,343.5,343.96,340.12,342.12,10426.921
1742083200000,342.13,342.31,340.66,341.02,9232.959
1742086800000,341.03,341.41,337.19,337.69,14211.604
1742090400000,337.69,338.93,335.88,337.25,14806.6
1742094000000,337.25,338.87,336.77,338.02,8814.078
1742097600000,338.02,340.06,337.85,338.45,9204.707
1742101200000,338.45,339.49,338.06,338.51,5169.193
1742104800000,338.51,338.77,337.76,338.1,6412.761
1742108400000,338.09,339.52,337.9,339.09,7943.496
1742112000000,339.1,339.37,337.11,337.7,7550.817
1742115600000,337.7,337.84,331.78,333.33,27278.38
1742119200000,333.33,334.38,330.58,330.76,11262.46
1742122800000,330.75,330.75,324.57,325.45,27358.542
1742126400000,325.47,327.12,324.95,325.16,13160.456
1742130000000,325.17,328.56,324.97,327.02,20676.423
1742133600000,327.01,330.93,326.84,330.14,15529.008
1742137200000,330.13,331.28,329.12,329.72,11435.528
1742140800000,329.71,334.58,328.77,331.44,19941.186
1742144400000,331.43,334.82,330.78,334.51,11563.509
1742148000000,334.53,337.56,333.34,335.5,12982.482
1742151600000,335.43,335.54,330.54,333.68,15463.178
1742155200000,333.69,335.53,332.64,335.05,6460.951
1742158800000,335.07,335.72,333.09,334.66,5616.121
1742162400000,334.63,335.24,331.97,332.03,9034.109
1742166000000,332.03,334.51,331.93,332.68,9945.729
1742169600000,332.71,337.66,332.71,337.15,11874.896
1742173200000,337.15,339.42,335.26,337.83,10369.021
1742176800000,337.82,339.46,335.08,338.25,11946.885
1742180400000,338.25,339.69,336.32,336.45,9969.797
1742184000000,336.45,338.97,336.19,337.03,8481.661
1742187600000,337.02,337.02,333.33,333.53,10238.004
1742191200000,333.53,334.28,330.65,332.29,12237.188
1742194800000,332.3,334.65,331.87,333.04,7181.033
1742198400000,333.04,336.42,331.24,334.65,14894.014
1742202000000,334.65,336.83,333.5,336.28,9585.793
1742205600000,336.31,336.81,335.0,335.42,6372.282
1742209200000,335.42,337.6,334.38,337.22,5907.841
1742212800000,337.21,340.14,334.81,336.03,16077.817
1742216400000,336.02,338.98,334.5,338.58,9301.64
1742220000000,338.57,339.79,337.37,338.56,16887.201
1742223600000,338.56,342.08,337.34,338.84,15264.698
1742227200000,338.84,339.93,336.54,336.79,9764.449
1742230800000,336.78,341.28,335.5,341.03,11274.55
1742234400000,341.03,341.87,340.21,341.12,8242.504
1742238000000,341.12,342.18,339.57,339.93,8991.234
1742241600000,339.94,340.1,336.96,337.33,5743.675
1742245200000,337.32,338.92,337.12,338.15,5095.068
1742248800000,338.15,338.53,336.14,336.18,4891.517
1742252400000,336.18,337.84,335.89,337.19,6504.567
1742256000000,337.18,337.63,334.18,334.67,10561.759
1742259600000,334.67,335.23,332.13,333.04,12332.979
1742263200000,333.05,334.78,332.97,333.88,7075.756
1742266800000,333.87,334.37,332.56,333.29,6163.465
1742270400000,333.28,333.79,331.71,332.43,6215.157
1742274000000,332.42,333.38,331.72,331.83,5983.471
1742277600000,331.82,332.29,328.88,329.86,12536.306
1742281200000,329.86,336.55,329.63,335.44,24435.891
1742284800000,335.44,339.24,333.71,339.18,14556.952
1742288400000,339.19,343.51,338.83,340.82,24326.185
1742292000000,340.82,340.99,337.35,338.18,16743.898
1742295600000,338.16,339.13,336.66,337.48,8159.3
1742299200000,337.49,339.56,336.36,336.84,8684.871
1742302800000,336.85,337.24,330.1,331.94,22580.93
1742306400000,331.93,335.64,331.3,334.82,14768.523
1742310000000,334.83,334.86,330.98,331.12,8122.104
1742313600000,331.13,332.99,329.72,331.58,10087.596
1742317200000,331.58,333.03,330.02,331.46,7319.482
1742320800000,331.47,333.84,329.86,330.74,12324.683
1742324400000,330.75,333.47,330.48,332.85,6482.503
1742328000000,332.84,335.22,332.41,335.13,8497.444
1742331600000,335.12,335.34,331.19,334.41,10303.517
1742335200000,334.3,336.58,333.52,336.55,6723.414
1742338800000,336.54,336.89,334.35,335.03,7043.96
1742342400000,335.03,336.66,334.39,335.18,8044.54
1742346000000,335.17,336.18,334.01,334.24,7705.482
1742349600000,334.25,334.5,332.2,334.32,7928.76
1742353200000,334.31,335.45,332.34,335.22,6271.731
1742356800000,335.21,335.53,332.11,333.11,5624.568
1742360400000,333.12,334.43,332.2,333.06,5980.267
1742364000000,333.07,333.86,332.3,332.81,4466.273
1742367600000,332.82,335.35,332.56,333.54,9155.272
1742371200000,333.54,337.2,333.31,335.43,54428.409
1742374800000,335.44,335.75,332.35,333.8,11571.122
1742378400000,333.81,337.2,333.38,335.11,14847.414
1742382000000,335.1,341.16,335.1,340.48,21059.328
1742385600000,340.48,341.05,336.34,338.53,17470.153
1742389200000,338.54,342.88,337.5,340.69,25326.839
1742392800000,340.69,343.84,339.25,340.54,12229.814
1742396400000,340.52,341.95,335.54,338.97,23281.032
1742400000000,338.96,339.77,337.5,339.62,7941.207
1742403600000,339.61,340.0,336.2,337.14,10430.184
1742407200000,337.1,342.17,335.0,341.1,19638.251
1742410800000,341.06,343.13,338.3,341.24,13481.129
1742414400000,341.27,342.82,340.98,341.8,7337.425
1742418000000,341.79,346.18,341.69,344.16,11905.63
1742421600000,344.15,346.45,343.69,344.52,6355.219
1742425200000,344.52,346.61,343.76,345.03,7234.892
1742428800000,345.03,347.05,343.03,343.95,13897.064
1742432400000,343.94,346.87,342.68,345.72,11021.996
1742436000000,345.72,349.69,345.72,348.54,15594.911
1742439600000,348.55,348.91,345.59,346.26,9933.639
1742443200000,346.27,347.7,345.83,347.12,6000.143
1742446800000,347.11,347.34,343.94,344.68,6800.131
1742450400000,344.71,345.37,342.08,342.58,7820.244
1742454000000,342.59,344.06,342.08,343.38,6248.615
1742457600000,343.37,347.3,342.09,346.73,10554.003
1742461200000,346.72,347.72,344.58,345.26,8311.582
1742464800000,345.25,345.7,340.25,343.35,17216.518
1742468400000,343.39,345.0,342.71,344.12,7222.183
1742472000000,344.11,345.21,343.49,344.8,5617.322
1742475600000,344.8,345.0,340.02,341.94,18796.47
1742479200000,341.93,343.37,340.69,342.77,11569.48
1742482800000,342.77,342.77,335.41,336.28,30098.611
1742486400000,336.26,336.64,329.74,330.21,29900.043
1742490000000,330.2,333.47,330.0,333.33,12600.9
1742493600000,333.34,334.64,332.24,332.43,8518.34
1742497200000,332.45,333.95,331.94,332.44,6465.018
1742500800000,332.45,335.51,331.42,335.09,9056.213
1742504400000,335.08,335.51,333.2,333.95,5651.06
1742508000000,333.95,334.8,332.37,332.75,5635.68
1742511600000,332.74,333.58,332.35,333.41,5948.571
1742515200000,333.4,334.03,332.01,332.52,9117.888
1742518800000,332.51,333.94,331.6,333.36,6534.277
1742522400000,333.35,333.48,331.21,331.87,6241.931
1742526000000,331.86,331.99,330.02,330.86,8435.744
1742529600000,330.84,333.59,330.74,333.17,7092.008
1742533200000,333.16,333.6,331.33,332.34,6036.596
1742536800000,332.33,333.16,331.35,331.72,6066.312
1742540400000,331.71,333.45,330.74,332.33,7473.257
1742544000000,332.34,333.1,331.21,332.35,9098.183
1742547600000,332.35,334.63,331.65,334.01,8359.552
1742551200000,334.01,335.4,332.37,333.77,10369.718
1742554800000,333.77,334.65,332.51,333.8,10103.28
1742558400000,333.8,335.13,331.29,331.99,12713.773
1742562000000,331.99,332.52,328.25,330.47,15251.933
1742565600000,330.48,330.55,328.03,329.81,10176.59
1742569200000,329.79,329.81,326.04,327.24,12992.512
1742572800000,327.19,330.94,326.56,330.64,11358.067
1742576400000,330.63,330.63,328.48,329.04,5812.273
1742580000000,329.04,330.25,327.76,328.95,7554.042
1742583600000,328.97,328.97,326.66,327.57,6952.759
1742587200000,327.54,328.71,327.14,327.33,5944.465
1742590800000,327.33,329.15,326.62,327.2,6946.485
1742594400000,327.2,327.2,324.2,325.98,13289.328
1742598000000,325.97,326.23,319.78,322.89,31378.367
1742601600000,322.88,323.85,321.51,323.15,15996.858
1742605200000,323.15,324.14,322.24,323.23,6588.169
1742608800000,323.22,325.84,322.91,325.43,8051.498
1742612400000,325.42,325.56,324.01,324.72,4970.033
1742616000000,324.72,325.59,324.06,325.07,5300.969
1742619600000,325.06,325.32,324.12,325.13,6129.705
1742623200000,325.12,325.88,323.7,324.42,6867.287
1742626800000,324.42,325.44,324.37,324.56,4843.725
1742630400000,324.55,324.67,322.98,323.91,7054.836
1742634000000,323.91,326.0,323.65,324.73,9005.174
1742637600000,324.73,326.0,323.94,325.04,7511.34
1742641200000,325.03,325.24,324.14,324.47,8262.836
1742644800000,324.47,324.78,322.7,323.62,11231.359
1742648400000,323.6,324.12,322.68,323.47,6099.465
1742652000000,323.46,323.99,322.82,323.14,8849.715
1742655600000,323.15,323.9,321.58,321.72,7528.738
1742659200000,321.71,324.25,321.22,324.23,7538.444
1742662800000,324.22,325.11,323.37,324.93,6721.646
1742666400000,324.91,325.51,324.47,324.84,6303.652
1742670000000,324.83,325.37,324.3,324.97,5355.206
1742673600000,324.97,325.52,323.22,323.24,4935.822
1742677200000,323.23,324.68,322.02,322.41,6956.087
1742680800000,322.42,323.14,321.72,321.89,4908.063
1742684400000,321.89,322.14,320.56,322.08,7602.586
1742688000000,322.09,322.99,321.6,322.41,7209.919
1742691600000,322.41,323.96,321.98,323.72,5279.915
1742695200000,323.71,324.62,322.97,323.47,6026.869
1742698800000,323.46,323.81,322.57,323.11,6037.612
1742702400000,323.11,323.11,321.25,321.85,6199.368
1742706000000,321.84,323.44,321.54,323.22,4020.58
1742709600000,323.22,324.15,322.28,323.44,4808.049
1742713200000,323.43,325.45,323.36,324.41,5580.723
1742716800000,324.41,324.44,322.05,322.52,6243.392
1742720400000,322.52,323.91,322.11,323.31,6247.653
1742724000000,323.3,324.5,322.93,323.48,4754.974
1742727600000,323.48,325.78,323.05,323.81,10208.929
1742731200000,323.82,324.21,322.48,322.96,5090.202
1742734800000,322.95,324.84,322.32,324.77,8929.685
1742738400000,324.77,325.23,323.21,323.33,7197.555
1742742000000,323.35,324.78,323.34,324.2,5201.965
1742745600000,324.2,324.69,321.5,321.84,11055.285
1742749200000,321.83,322.71,320.14,321.12,9693.66
1742752800000,321.08,322.27,320.12,321.64,7479.931
1742756400000,321.64,323.1,321.38,322.74,3097.507
1742760000000,322.74,323.17,322.38,322.86,3797.086
1742763600000,322.85,324.02,321.88,323.99,5761.054
1742767200000,323.99,325.5,323.9,324.76,9674.943
1742770800000,324.78,325.48,324.07,325.2,6883.295
1742774400000,325.2,327.92,324.24,325.15,19645.669
1742778000000,325.16,325.23,321.25,321.57,14875.812
1742781600000,321.57,324.06,321.24,323.44,6786.329
1742785200000,323.43,332.65,323.05,328.3,26859.109
1742788800000,328.31,330.58,323.61,327.32,30713.365
1742792400000,327.33,328.48,326.51,327.9,11600.199
1742796000000,327.97,330.63,327.97,330.03,11052.086
1742799600000,330.04,330.35,328.58,328.83,6437.312
1742803200000,328.82,331.62,328.8,331.25,9555.204
1742806800000,331.25,331.64,326.6,329.92,14674.631
1742810400000,329.91,330.7,329.59,330.56,6212.841
1742814000000,330.55,330.86,329.12,329.82,5888.676
1742817600000,329.84,330.52,328.66,329.8,6379.139
1742821200000,329.79,329.92,326.52,329.82,15627.697
1742824800000,329.84,333.66,329.12,329.76,21325.438
1742828400000,329.75,334.65,328.88,332.1,21375.612
1742832000000,332.11,333.84,330.53,333.77,11416.187
1742835600000,333.76,335.15,333.44,334.31,8038.751
1742839200000,334.3,336.53,332.49,335.49,11113.541
1742842800000,335.49,336.38,334.56,336.22,6445.182
1742846400000,336.22,336.58,331.65,334.3,16950.72
1742850000000,334.3,334.92,328.38,333.2,20244.791
1742853600000,333.2,333.63,331.47,331.88,6527.183
1742857200000,331.88,332.55,330.12,332.32,7607.459
1742860800000,332.32,333.98,331.5,333.55,7421.841
1742864400000,333.54,333.54,329.02,330.51,10271.044
1742868000000,330.51,331.28,329.67,329.94,5179.188
1742871600000,329.93,331.09,326.8,328.3,9896.857
1742875200000,328.29,328.35,326.19,327.68,10044.037
1742878800000,327.65,329.19,327.28,328.25,5716.715
1742882400000,328.24,329.27,327.13,327.69,6550.174
1742886000000,327.69,329.22,327.56,328.23,6454.358
1742889600000,328.22,329.12,327.79,328.78,5100.163
1742893200000,328.77,329.17,326.26,328.11,11748.284
1742896800000,328.11,329.58,326.63,329.27,8964.005
1742900400000,329.29,330.46,328.56,329.46,6202.509
1742904000000,329.47,329.9,327.75,328.4,8014.585
1742907600000,328.4,331.81,327.78,329.66,11950.674
1742911200000,329.64,339.81,328.42,334.54,40727.224
1742914800000,334.53,337.81,333.75,334.59,18927.13
1742918400000,334.59,336.99,334.18,335.73,12371.777
1742922000000,335.73,338.42,335.62,337.86,7877.669
1742925600000,337.83,338.79,330.08,335.93,36233.581
1742929200000,335.92,336.94,332.58,334.87,11364.915
1742932800000,334.86,336.24,334.67,334.97,7118.045
1742936400000,334.94,336.38,334.85,335.41,3541.867
1742940000000,335.4,335.54,332.91,334.02,6336.757
1742943600000,334.02,338.33,331.9,335.82,36587.217
1742947200000,335.8,337.71,335.44,337.3,7115.153
1742950800000,337.29,340.32,337.24,338.75,10648.334
1742954400000,338.75,342.04,332.22,333.13,219691.393
1742958000000,333.12,337.5,331.24,332.17,327853.705
1742961600000,332.13,334.07,329.16,330.84,234142.101
1742965200000,330.83,333.62,330.36,333.38,11901.042
1742968800000,333.38,334.95,332.48,334.79,9563.679
1742972400000,334.79,338.56,334.68,337.85,13118.388
1742976000000,337.85,338.99,336.86,337.52,11355.301
1742979600000,337.52,339.37,337.18,338.31,7466.082
1742983200000,338.31,339.3,337.54,338.1,7523.709
1742986800000,338.09,338.34,337.2,337.48,6846.94
1742990400000,337.48,337.98,335.91,336.76,8463.581
1742994000000,336.74,336.77,331.0,331.43,21636.434
1742997600000,331.42,333.27,328.04,330.87,95107.14
1743001200000,330.82,332.31,329.7,331.58,39695.412
1743004800000,331.57,337.77,330.53,335.1,81259.007
1743008400000,335.07,336.17,332.53,334.26,26974.539
1743012000000,334.26,337.32,333.32,333.72,24633.538
1743015600000,333.72,334.93,330.07,333.79,13802.215
1743019200000,333.78,337.8,333.65,337.77,32868.826
1743022800000,337.77,338.35,332.49,335.36,16318.912
1743026400000,335.34,335.83,331.78,333.3,41029.38
1743030000000,333.24,335.0,331.39,335.0,26334.682
1743033600000,334.99,338.76,334.38,337.16,88218.794
1743037200000,337.15,337.7,334.6,335.78,54169.475
1743040800000,335.78,338.19,335.56,337.34,39903.782
1743044400000,337.33,339.24,334.9,338.17,68638.329
1743048000000,338.17,339.83,335.29,338.86,65787.805
1743051600000,338.87,339.37,335.29,336.54,40180.545
1743055200000,336.54,338.76,335.32,336.01,6348.24
1743058800000,336.02,337.77,335.14,335.81,5849.449
1743062400000,335.8,337.33,334.47,335.25,7106.501
1743066000000,335.25,335.66,333.32,333.55,12397.943
1743069600000,333.56,334.87,332.35,332.35,7692.009
1743073200000,332.35,336.7,329.72,330.26,28139.333
1743076800000,330.25,331.57,329.05,329.62,12378.532
1743080400000,329.61,330.4,323.0,325.24,32537.905
1743084000000,325.23,328.05,323.43,327.67,18817.526
1743087600000,327.68,329.14,324.0,325.0,50249.931
1743091200000,324.99,326.29,322.57,322.68,49561.79
1743094800000,322.68,323.5,320.58,321.48,17532.624
1743098400000,321.48,324.76,320.98,323.83,11585.134
1743102000000,323.82,324.83,321.69,321.88,15610.58
1743105600000,321.87,322.87,321.15,322.08,8827.368
1743109200000,322.08,326.59,321.19,325.81,15705.009
1743112800000,325.81,325.96,323.85,323.93,8211.794
1743116400000,323.88,325.03,323.27,324.44,6025.495
1743120000000,324.44,324.65,321.78,324.58,9397.584
1743123600000,324.59,326.37,322.92,324.52,8615.387
1743127200000,324.58,328.25,323.36,325.31,32358.792
1743130800000,325.31,325.39,321.79,323.43,16870.385
1743134400000,323.43,323.92,312.5,317.35,37122.586
1743138000000,317.35,317.35,313.08,314.38,23399.163
1743141600000,314.37,317.0,313.27,313.99,10938.384
1743145200000,314.02,315.27,312.63,312.92,11269.731
1743148800000,312.9,314.45,312.01,313.04,10046.516
1743152400000,313.03,313.06,311.17,311.29,11782.988
1743156000000,311.26,311.44,308.62,309.43,16202.355
1743159600000,309.44,313.75,308.65,313.27,18312.223
1743163200000,313.27,313.7,309.53,309.96,14185.762
1743166800000,309.97,311.8,307.8,308.61,16299.148
1743170400000,308.67,309.95,306.55,308.98,13640.814
1743174000000,308.95,309.29,306.77,306.93,8398.295
1743177600000,306.97,308.5,304.55,304.92,16914.588
1743181200000,304.98,307.29,304.58,307.07,8299.479
1743184800000,307.07,307.78,304.91,306.68,8197.65
1743188400000,306.68,307.45,304.76,305.44,5446.651
1743192000000,305.48,307.58,304.74,305.28,8877.495
1743195600000,305.29,307.88,304.29,307.78,5842.213
1743199200000,307.78,308.55,307.19,308.23,7011.939
1743202800000,308.25,308.27,306.35,307.23,5043.866
1743206400000,307.26,308.72,306.73,306.82,9294.114
1743210000000,306.82,307.48,305.4,306.67,6707.061
1743213600000,306.68,307.96,302.32,303.69,16650.933
1743217200000,303.69,306.73,301.24,306.42,13780.739
1743220800000,306.42,307.48,305.52,307.02,5294.797
1743224400000,307.02,307.8,306.04,307.3,5118.4
1743228000000,307.29,307.46,304.12,306.56,7980.749
1743231600000,306.57,307.6,304.51,306.28,7945.261
1743235200000,306.29,308.42,306.24,307.94,9291.377
1743238800000,307.94,307.94,303.38,306.08,9787.42
1743242400000,306.07,306.8,304.43,304.64,8215.514
1743246000000,304.62,305.22,299.27,301.34,35873.772
1743249600000,301.35,305.71,301.08,305.71,16636.464
1743253200000,305.7,308.56,305.6,307.1,12085.114
1743256800000,307.1,307.2,304.84,306.02,6915.217
1743260400000,306.05,307.18,305.1,306.31,7251.948
1743264000000,306.31,307.36,303.46,303.84,9496.92
1743267600000,303.83,305.06,297.89,302.24,46662.356
1743271200000,302.24,304.5,300.48,301.42,17258.459
1743274800000,301.44,302.23,299.8,302.21,7129.582
1743278400000,302.2,302.2,298.78,298.86,6013.601
1743282000000,298.85,301.19,298.59,300.17,7504.336
1743285600000,300.16,301.78,299.59,300.25,4782.282
1743289200000,300.25,303.18,299.94,303.1,5524.982
1743292800000,303.11,303.32,299.78,301.69,9780.947
1743296400000,301.68,304.75,301.57,303.88,7749.827
1743300000000,303.91,306.05,303.79,305.52,10165.238
1743303600000,305.52,305.99,303.82,304.05,5787.032
1743307200000,304.05,306.46,304.05,306.1,4893.056
1743310800000,306.1,307.12,305.47,305.94,5473.725
1743314400000,305.93,306.95,304.05,306.71,6475.469
1743318000000,306.71,307.81,306.4,306.8,6662.282
1743321600000,306.82,307.64,306.31,307.29,4153.649
1743325200000,307.32,307.61,306.61,306.9,4569.674
1743328800000,306.9,307.61,304.45,305.45,7990.607
1743332400000,305.42,307.41,304.36,306.06,46313.919
1743336000000,306.06,307.26,305.16,306.62,5732.187
1743339600000,306.62,307.04,303.32,304.15,10445.792
1743343200000,304.14,305.22,303.18,304.39,11635.854
1743346800000,304.38,305.65,303.16,303.36,7018.556
1743350400000,303.34,303.82,299.34,300.39,11381.006
1743354000000,300.42,302.29,299.3,300.84,13786.076
1743357600000,300.84,305.88,300.66,304.47,48243.094
1743361200000,304.47,304.54,302.19,302.39,64768.132
1743364800000,302.39,302.62,298.83,299.79,18705.795
1743368400000,299.79,301.22,296.61,297.78,12275.977
1743372000000,297.75,300.35,293.24,299.12,26194.544
1743375600000,299.12,299.4,296.6,298.89,9321.649
1743379200000,298.91,303.21,293.41,295.73,130918.044
1743382800000,295.76,302.28,295.22,300.96,52281.1
1743386400000,300.96,302.8,299.66,300.48,43673.939
1743390000000,300.47,302.7,296.68,297.48,68608.037
1743393600000,297.47,300.21,295.09,297.75,31964.674
1743397200000,297.75,300.45,297.42,298.57,7600.088
1743400800000,298.57,299.55,296.67,297.27,7778.264
1743404400000,297.32,298.67,293.73,295.59,12483.461
1743408000000,295.59,298.05,294.75,294.99,10383.333
1743411600000,295.01,296.08,289.43,290.66,129956.015
1743415200000,290.68,297.78,290.43,296.97,32070.292
1743418800000,296.97,299.55,296.01,298.34,15620.37
1743422400000,298.34,303.33,296.72,301.04,18281.054
1743426000000,301.07,301.64,296.13,298.89,17225.722
1743429600000,298.95,305.53,298.91,304.58,53461.52
1743433200000,304.58,305.74,303.13,304.22,14040.737
1743436800000,304.22,305.44,303.07,303.15,9045.399
1743440400000,303.14,304.37,300.61,301.6,8773.026
1743444000000,301.61,305.54,301.6,303.85,8871.323
1743447600000,303.85,305.42,301.82,302.1,7065.138
1743451200000,302.1,304.51,301.95,303.55,8016.231
1743454800000,303.55,304.41,302.72,302.72,4969.091
1743458400000,302.72,302.81,301.46,302.68,5912.657
1743462000000,302.68,304.0,302.22,303.29,5774.427
1743465600000,303.28,304.96,302.78,303.99,9903.389
1743469200000,303.94,304.09,302.04,302.37,5327.493
1743472800000,302.37,304.88,302.21,304.86,5932.63
1743476400000,304.86,306.07,304.55,305.08,8875.405
1743480000000,305.11,307.42,304.38,307.42,7554.869
1743483600000,307.42,308.99,306.9,307.58,11760.729
1743487200000,307.57,309.72,306.46,309.11,8866.272
1743490800000,309.11,309.64,308.05,309.21,8422.965
1743494400000,309.22,313.82,309.17,313.62,20099.577
1743498000000,313.66,314.86,313.08,313.44,9439.831
1743501600000,313.44,313.63,311.78,312.46,15000.688
1743505200000,312.48,313.23,311.39,311.62,9260.133
1743508800000,311.61,313.44,310.5,310.75,10649.827
1743512400000,310.75,311.44,309.28,310.71,12248.826
1743516000000,310.71,312.44,306.15,312.02,21976.78
1743519600000,312.01,318.63,311.19,314.6,98932.256
1743523200000,314.6,315.45,311.64,312.36,10986.947
1743526800000,312.35,313.26,311.52,311.67,4559.9
1743530400000,311.66,311.67,307.0,309.28,68235.741
1743534000000,309.27,310.79,309.01,310.6,5343.917
1743537600000,310.6,310.66,307.69,309.54,6111.887
1743541200000,309.55,310.77,308.85,309.5,4159.669
1743544800000,309.5,312.69,308.7,308.81,56675.612
1743548400000,308.81,309.86,307.53,308.01,6250.275
1743552000000,308.0,308.07,305.31,306.12,9781.691
1743555600000,306.12,306.66,304.18,306.36,10620.728
1743559200000,306.37,306.55,303.3,304.7,18338.766
1743562800000,304.69,306.74,304.22,304.88,8244.096
1743566400000,304.87,305.73,303.82,304.82,6161.333
1743570000000,304.85,304.85,302.09,302.43,12510.857
1743573600000,302.43,304.62,301.97,302.76,7834.505
1743577200000,302.76,314.67,302.63,303.71,54798.668
1743580800000,303.72,305.45,302.84,304.21,12094.501
1743584400000,304.21,307.62,303.96,306.02,9422.283
1743588000000,306.01,306.9,304.8,305.3,8305.927
1743591600000,305.29,306.19,305.04,305.41,4188.994
1743595200000,305.42,306.18,303.58,306.1,7836.08
1743598800000,306.13,308.9,302.55,305.41,16136.439
1743602400000,305.41,306.96,304.15,306.34,11314.019
1743606000000,306.37,314.15,306.09,310.42,183360.814
1743609600000,310.42,312.74,310.21,311.53,103272.933
1743613200000,311.55,312.37,307.31,308.68,11138.73
1743616800000,308.71,310.69,307.88,309.86,5620.434
1743620400000,309.86,311.26,308.88,310.98,8249.419
1743624000000,310.98,317.07,302.62,305.25,91774.838
1743627600000,305.25,305.71,300.72,302.9,31245.94
1743631200000,302.88,303.1,290.2,291.94,174138.594
1743634800000,291.95,295.82,289.75,292.8,103566.621
1743638400000,292.84,298.11,291.04,298.1,57084.078
1743642000000,298.09,301.47,297.53,301.03,17920.691
1743645600000,301.03,304.98,300.96,304.75,18897.663
1743649200000,304.74,305.49,300.93,302.41,190696.11
1743652800000,302.4,305.84,301.05,305.45,174397.051
1743656400000,305.45,305.6,302.82,303.9,74622.82
1743660000000,303.91,305.04,302.55,302.96,83808.859
1743663600000,302.96,304.75,302.31,303.87,9769.613
1743667200000,303.87,307.68,303.77,306.5,30111.459
1743670800000,306.49,307.04,304.2,304.54,9161.624
1743674400000,304.54,304.96,300.39,300.58,19492.499
1743678000000,300.57,302.75,299.67,302.28,14457.21
1743681600000,302.27,303.19,295.8,297.22,32957.299
1743685200000,297.24,302.18,296.13,299.05,77710.947
1743688800000,299.04,299.04,292.74,292.89,71437.69
1743692400000,292.82,297.55,292.42,295.98,72353.297
1743696000000,295.96,296.97,294.64,294.96,9614.508
1743699600000,294.99,296.47,292.86,294.7,88939.694
1743703200000,294.69,295.69,293.2,294.75,41332.759
1743706800000,294.73,296.22,294.12,295.33,10743.743
1743710400000,295.37,296.84,292.77,295.94,39761.044
1743714000000,295.93,302.11,295.87,301.27,10244.704
1743717600000,301.27,302.0,299.35,299.75,22950.436
1743721200000,299.75,301.03,298.24,301.03,7577.674
1743724800000,301.03,302.01,300.17,300.48,12216.701
1743728400000,300.48,302.4,298.32,299.08,10217.359
1743732000000,299.09,302.98,299.09,301.16,10069.323
1743735600000,301.16,303.37,299.45,303.02,31210.631
1743739200000,303.03,304.29,302.02,303.64,8757.531
1743742800000,303.64,307.82,303.11,307.73,12731.23
1743746400000,307.73,309.02,307.28,307.35,9914.034
1743750000000,307.35,309.25,307.22,308.46,10658.306
1743753600000,308.47,310.02,308.08,309.11,11517.011
1743757200000,309.08,309.36,307.83,308.79,7378.428
1743760800000,308.86,309.03,301.41,301.78,29300.202
1743764400000,301.79,302.8,293.79,298.32,151187.547
1743768000000,298.32,300.74,296.07,300.74,115332.06
1743771600000,300.71,303.2,297.31,302.34,25088.891
1743775200000,302.34,303.14,295.56,298.73,57521.09
1743778800000,298.71,303.42,298.01,298.45,36737.015
1743782400000,298.43,300.25,295.87,297.32,18642.452
1743786000000,297.32,304.47,296.08,303.85,81580.468
1743789600000,303.86,304.53,298.28,299.0,42036.531
1743793200000,299.01,300.53,298.01,298.99,9938.06
1743796800000,298.98,300.68,297.96,299.9,8918.766
1743800400000,299.91,303.17,299.68,301.71,9493.616
1743804000000,301.74,303.16,300.77,301.19,8317.227
1743807600000,301.2,301.32,300.11,301.16,4655.905
1743811200000,301.15,302.88,300.23,302.4,7107.247
1743814800000,302.38,303.23,301.63,302.09,5797.308
1743818400000,302.1,302.26,299.02,299.78,23104.57
1743822000000,299.79,300.75,299.26,299.55,35249.15
1743825600000,299.55,301.0,299.44,300.09,13086.068
1743829200000,300.08,301.42,299.6,300.62,5552.299
1743832800000,300.61,300.92,299.14,299.76,19723.115
1743836400000,299.75,301.65,299.42,301.42,5666.267
1743840000000,301.4,302.56,301.14,302.49,5905.829
1743843600000,302.5,303.45,302.38,303.03,5605.187
1743847200000,303.03,304.15,302.42,302.45,7874.881
1743850800000,302.45,303.14,301.55,302.87,7508.128
1743854400000,302.87,303.27,300.55,301.6,7308.438
1743858000000,301.64,301.77,297.72,298.41,28066.688
1743861600000,298.41,299.68,298.13,298.69,9443.564
1743865200000,298.68,299.75,296.81,297.25,18235.784
1743868800000,297.22,297.89,296.8,297.54,6781.546
1743872400000,297.54,298.57,296.9,297.5,5606.806
1743876000000,297.51,299.35,297.39,299.16,6448.14
1743879600000,299.16,299.64,297.42,298.84,18847.808
1743883200000,298.85,301.16,298.75,300.72,9902.886
1743886800000,300.73,300.84,299.23,299.39,4650.509
1743890400000,299.39,301.22,299.29,301.21,5076.89
1743894000000,301.21,304.16,301.04,303.84,8182.545
1743897600000,303.84,308.14,303.79,305.54,28948.82
1743901200000,305.54,305.73,300.44,302.32,50511.238
1743904800000,302.32,302.5,295.95,296.02,107485.808
1743908400000,296.05,297.16,294.41,295.25,73893.479
1743912000000,295.2,296.3,294.76,296.29,27636.745
1743915600000,296.29,297.87,295.77,297.83,14896.638
1743919200000,297.82,298.0,294.69,294.78,9772.084
1743922800000,294.78,295.95,294.21,294.72,36484.857
1743926400000,294.74,295.88,293.71,295.77,10088.635
1743930000000,295.76,295.77,294.38,294.45,5297.425
1743933600000,294.44,294.6,293.07,294.04,10258.239
1743937200000,294.03,294.57,293.02,294.1,7068.403
1743940800000,294.1,294.49,291.42,291.79,12333.47
1743944400000,291.79,292.79,288.8,289.43,41082.086
1743948000000,289.44,295.7,289.28,295.61,26978.975
1743951600000,295.61,296.07,293.47,295.03,14205.795
1743955200000,295.0,295.86,292.75,293.18,13352.163
1743958800000,293.09,293.93,290.0,290.44,47654.453
1743962400000,290.44,290.83,274.34,276.05,109168.889
1743966000000,276.07,278.15,272.45,275.5,43272.122
1743969600000,275.5,276.79,269.0,270.21,38518.177
1743973200000,270.21,274.86,269.72,272.74,25971.496
1743976800000,272.74,275.22,268.75,270.24,36238.577
1743980400000,270.27,273.06,265.11,272.09,44511.587
1743984000000,272.12,272.54,266.74,269.94,29071.103
1743987600000,269.95,277.07,269.95,275.64,26785.718
1743991200000,275.64,276.48,272.4,273.11,13649.936
1743994800000,273.12,273.98,261.67,266.18,46127.655
1743998400000,266.14,270.26,265.95,267.73,27557.173
1744002000000,267.74,269.14,263.22,264.08,25299.87
1744005600000,264.05,266.28,249.2,251.67,87549.289
1744009200000,251.71,257.14,250.59,251.98,39194.273
1744012800000,251.96,261.2,250.19,259.14,69081.753
1744016400000,259.14,261.49,255.91,258.37,16429.357
1744020000000,258.37,263.77,257.89,259.05,21021.572
1744023600000,259.01,261.69,257.66,259.04,16263.32
1744027200000,258.99,266.26,258.46,265.32,32771.335
1744030800000,265.3,270.85,260.44,270.11,57511.424
1744034400000,270.1,281.98,268.37,273.78,108190.354
1744038000000,273.81,275.25,268.92,272.11,37360.202
1744041600000,272.08,272.08,267.2,267.6,21833.885
1744045200000,267.6,278.22,267.56,277.61,34315.947
1744048800000,277.6,278.47,275.42,275.54,15042.504
1744052400000,275.6,278.8,275.23,276.67,17857.874
1744056000000,276.7,280.0,276.52,277.92,20491.644
1744059600000,277.92,278.25,275.6,276.42,7706.883
1744063200000,276.42,278.21,276.34,276.88,8123.173
1744066800000,276.88,277.38,274.62,275.25,9924.812
1744070400000,275.25,276.78,274.53,274.76,12059.212
1744074000000,274.8,281.12,273.89,280.79,16252.44
1744077600000,280.79,282.84,279.92,280.34,16686.008
1744081200000,280.34,281.11,278.51,279.15,7971.89
1744084800000,279.11,280.99,278.13,280.76,9879.539
1744088400000,280.76,281.3,277.73,278.67,30907.489
1744092000000,278.66,278.66,275.9,276.22,9223.711
1744095600000,276.23,277.88,275.31,277.76,12673.57
1744099200000,277.75,279.39,276.88,278.47,10146.19
1744102800000,278.43,280.15,277.9,279.39,7096.868
1744106400000,279.39,280.6,278.45,278.54,6540.244
1744110000000,278.55,283.14,277.68,282.61,16180.39
1744113600000,282.66,283.19,280.2,282.56,15181.775
1744117200000,282.55,284.66,281.51,282.68,22338.678
1744120800000,282.65,284.0,278.18,278.33,26752.87
1744124400000,278.32,280.87,277.86,279.71,17370.586
1744128000000,279.7,281.21,273.29,274.14,27687.16
1744131600000,274.15,274.56,267.86,273.33,35047.035
1744135200000,273.36,276.14,271.51,272.38,15700.562
1744138800000,272.38,272.75,269.61,270.4,23559.272
1744142400000,270.4,272.41,269.46,272.09,12417.38
1744146000000,272.1,272.63,269.56,271.63,6068.93
1744149600000,271.63,271.65,266.61,269.66,14487.086
1744153200000,269.66,269.84,267.66,269.07,7208.724
1744156800000,269.06,269.93,266.29,266.88,16290.753
1744160400000,266.9,269.58,258.83,269.28,62690.199
1744164000000,269.29,271.86,266.56,266.83,21831.234
1744167600000,266.92,268.35,264.9,267.0,17511.41
1744171200000,266.98,272.44,265.89,270.4,20463.501
1744174800000,270.47,273.27,270.27,272.42,11057.883
1744178400000,272.42,275.81,272.34,273.26,11168.769
1744182000000,273.28,277.16,273.21,274.29,17154.501
1744185600000,274.29,274.97,272.31,273.06,9252.824
1744189200000,273.05,274.24,272.29,273.13,9366.681
1744192800000,273.13,274.06,271.36,272.98,8970.157
1744196400000,272.98,273.22,267.22,268.91,42096.22
1744200000000,268.91,271.25,266.95,270.17,14042.097
1744203600000,270.14,275.43,269.99,273.59,29041.851
1744207200000,273.58,275.67,271.83,272.58,20209.162
1744210800000,272.58,275.3,272.5,273.85,11206.268
1744214400000,273.86,276.7,273.1,276.35,9652.7
1744218000000,276.35,301.45,275.0,299.1,161832.098
1744221600000,299.11,311.1,298.56,307.91,109344.943
1744225200000,307.91,311.38,305.66,306.38,56141.008
1744228800000,306.39,308.04,305.79,307.75,16053.876
1744232400000,307.73,309.03,304.37,304.99,14923.954
1744236000000,304.98,308.42,304.9,307.07,10966.268
1744239600000,307.07,307.69,300.39,301.33,18696.546
1744243200000,301.35,303.96,300.9,303.57,24428.067
1744246800000,303.57,303.61,302.01,302.67,9949.628
1744250400000,302.66,303.13,298.29,298.7,12436.899
1744254000000,298.7,298.95,294.34,296.9,16607.287
1744257600000,296.89,298.36,294.91,295.93,9283.501
1744261200000,295.97,300.52,295.26,299.83,17421.014
1744264800000,299.83,300.9,298.76,300.72,7673.949
1744268400000,300.71,300.87,295.93,296.43,15241.541
1744272000000,296.45,297.77,295.72,296.82,6426.443
1744275600000,296.82,298.48,295.54,295.77,11052.306
1744279200000,295.77,296.04,293.45,294.22,12830.808
1744282800000,294.22,294.4,292.41,293.37,8137.619
1744286400000,293.36,298.92,292.76,294.72,20806.615
1744290000000,294.74,295.86,291.21,291.74,15928.173
1744293600000,291.75,295.64,290.5,293.06,13117.151
1744297200000,293.04,293.55,282.32,283.7,36318.92
1744300800000,283.7,286.35,282.19,286.28,20061.334
1744304400000,286.27,287.38,283.74,284.86,12051.88
1744308000000,284.87,287.56,284.3,287.36,9055.689
1744311600000,287.34,289.31,286.58,287.68,9119.159
1744315200000,287.65,294.07,287.64,292.45,15299.519
1744318800000,292.45,293.49,290.52,291.25,10427.215
1744322400000,291.25,292.36,289.47,291.95,5738.607
1744326000000,291.88,292.04,289.63,289.66,6506.454
1744329600000,289.65,292.49,289.36,290.76,9276.322
1744333200000,290.77,296.4,290.54,295.75,13251.275
1744336800000,295.75,296.2,293.84,294.13,7218.21
1744340400000,294.13,297.38,294.13,296.77,6633.459
1744344000000,296.76,297.66,295.7,296.03,5605.044
1744347600000,296.02,296.94,295.58,296.04,4932.73
1744351200000,296.04,298.21,296.04,297.32,7914.714
1744354800000,297.33,299.34,296.67,298.69,6659.863
1744358400000,298.69,300.78,297.25,300.14,11220.643
1744362000000,300.13,303.74,299.68,302.27,13947.954
1744365600000,302.26,304.92,301.16,304.59,16896.993
1744369200000,304.58,304.67,301.64,302.49,8572.225
1744372800000,302.5,304.43,301.15,301.9,10222.289
1744376400000,301.91,304.23,300.41,302.34,12570.872
1744380000000,302.32,309.5,300.0,305.13,88548.09
1744383600000,305.12,310.42,304.38,309.95,43547.659
1744387200000,309.96,311.97,307.94,311.22,23325.314
1744390800000,311.22,315.78,310.44,314.66,21611.36
1744394400000,314.62,314.87,312.17,314.27,14074.614
1744398000000,314.28,315.14,311.72,311.9,12081.134
1744401600000,311.89,312.26,311.01,311.88,7377.017
1744405200000,311.83,313.48,310.14,313.16,8413.381
1744408800000,313.16,313.62,311.89,312.63,9339.923
1744412400000,312.63,313.25,311.29,312.67,8185.031
1744416000000,312.68,313.05,311.28,312.55,10214.41
1744419600000,312.54,314.33,311.26,313.17,7443.256
1744423200000,313.17,313.67,311.96,312.06,6166.999
1744426800000,312.05,312.58,311.12,311.65,6803.468
1744430400000,311.64,315.46,311.56,315.17,7965.222
1744434000000,315.17,316.75,314.55,315.14,12983.984
1744437600000,315.13,317.68,314.68,316.93,8616.275
1744441200000,316.93,317.02,314.34,314.95,6348.849
1744444800000,314.93,315.7,312.28,312.56,11671.04
1744448400000,312.57,314.51,311.42,314.32,7660.214
1744452000000,314.32,314.41,312.55,313.8,4875.237
1744455600000,313.81,315.28,313.79,314.68,4960.878
1744459200000,314.68,316.1,313.55,314.45,7237.068
1744462800000,314.48,320.04,313.96,318.68,16345.085
1744466400000,318.68,331.8,318.37,328.03,46025.86
1744470000000,328.02,358.0,328.02,348.05,93538.595
1744473600000,348.04,352.54,346.07,350.59,55622.867
1744477200000,350.58,351.38,344.09,347.32,20936.479
1744480800000,347.33,352.94,347.25,350.84,17470.502
1744484400000,350.84,352.77,349.69,351.2,9523.209
1744488000000,351.2,352.59,347.8,348.39,12561.918
1744491600000,348.44,348.55,345.0,345.96,11075.215
1744495200000,345.96,347.52,343.38,343.43,11305.371
1744498800000,343.44,347.24,343.0,344.43,11760.922
1744502400000,344.42,344.96,341.85,342.2,10280.27
1744506000000,342.21,342.58,337.51,338.5,13164.603
1744509600000,338.49,341.02,337.38,340.36,9381.825
1744513200000,340.37,340.78,337.5,337.75,7616.465
1744516800000,337.76,338.89,336.02,336.56,9378.472
1744520400000,336.55,338.5,335.72,338.49,9880.427
1744524000000,338.5,338.94,337.21,337.22,6136.516
1744527600000,337.22,339.66,337.22,339.34,6597.474
1744531200000,339.34,341.85,338.2,340.88,15377.558
1744534800000,340.87,347.16,340.82,346.1,20411.119
1744538400000,346.1,347.49,345.24,345.87,18957.684
1744542000000,345.86,347.61,344.77,347.02,14556.859
1744545600000,347.02,348.74,345.63,347.76,30431.629
1744549200000,347.75,353.34,338.26,340.56,127980.021
1744552800000,340.57,345.13,340.31,344.56,23182.864
1744556400000,344.56,344.69,340.5,343.1,14363.59
1744560000000,343.1,347.26,342.67,347.05,12576.543
1744563600000,347.05,349.6,345.53,347.57,16718.923
1744567200000,347.56,348.24,344.35,346.02,10709.224
1744570800000,346.02,346.62,339.64,343.8,20677.073
1744574400000,343.81,345.7,341.03,342.0,9938.954
1744578000000,342.0,344.58,339.57,343.29,11434.123
1744581600000,343.3,345.92,341.48,343.13,9971.806
1744585200000,343.17,345.89,341.14,342.5,11669.952
1744588800000,342.49,351.49,342.21,350.33,28477.399
1744592400000,350.32,357.93,347.22,348.98,63853.594
1744596000000,348.98,374.25,347.53,356.34,134086.468
1744599600000,356.35,361.03,346.61,347.35,60581.721
1744603200000,347.35,352.68,346.38,349.79,25807.985
1744606800000,349.79,349.79,343.72,345.18,21874.122
1744610400000,345.15,345.15,341.03,342.05,18829.317
1744614000000,342.05,343.02,339.12,342.58,14886.895
1744617600000,342.54,343.41,336.91,340.06,21392.196
1744621200000,340.05,341.75,332.52,335.94,25853.062
1744624800000,335.93,340.53,335.21,339.98,15943.564
1744628400000,339.98,341.06,338.38,340.37,10562.823
1744632000000,340.35,340.85,335.44,338.09,19697.527
1744635600000,338.09,339.77,334.47,336.94,19090.153
1744639200000,336.98,340.28,336.14,338.54,16984.417
1744642800000,338.53,338.71,328.16,330.27,43604.202
1744646400000,330.3,331.45,323.12,326.19,38121.746
1744650000000,326.18,328.34,325.03,327.52,13644.424
1744653600000,327.51,328.34,325.62,326.56,8845.096
1744657200000,326.56,327.42,325.37,325.73,7879.994
1744660800000,325.75,326.14,323.27,323.73,8898.963
1744664400000,323.75,329.16,323.24,326.15,12660.231
1744668000000,326.16,326.38,323.14,324.3,8512.027
1744671600000,324.3,325.29,322.52,323.36,8875.93
1744675200000,323.35,324.78,322.85,323.68,10226.534
1744678800000,323.67,324.1,320.64,322.77,20387.759
1744682400000,322.77,323.1,321.03,322.27,9528.81
1744686000000,322.28,327.67,322.05,326.47,18133.155
1744689600000,326.47,334.73,326.1,330.84,60375.333
1744693200000,330.83,334.4,329.23,331.76,25056.716
1744696800000,331.75,334.8,328.85,332.11,37495.678
1744700400000,332.12,337.3,330.82,334.86,33083.21
1744704000000,334.86,336.1,332.57,333.35,8610.156
1744707600000,333.35,335.76,332.09,333.44,10459.243
1744711200000,333.44,333.5,329.49,331.24,9736.104
1744714800000,331.24,331.41,329.4,330.51,7190.512
1744718400000,330.5,332.13,327.75,329.98,9156.569
1744722000000,329.98,332.24,326.49,327.83,18581.024
1744725600000,327.84,329.82,323.46,326.2,20741.72
1744729200000,326.21,326.92,321.77,322.67,19024.834
1744732800000,322.66,325.61,322.0,323.18,12375.853
1744736400000,323.17,325.16,321.58,322.44,14002.329
1744740000000,322.44,327.12,321.32,326.47,12346.342
1744743600000,326.46,326.79,321.95,323.66,16548.611
1744747200000,323.65,323.8,321.51,323.66,9978.486
1744750800000,323.63,326.06,322.69,322.81,8464.518
1744754400000,322.8,322.8,316.75,317.94,28062.631
1744758000000,317.94,320.28,317.68,319.39,8198.141
1744761600000,319.37,321.56,318.25,319.25,8948.261
1744765200000,319.25,320.4,318.17,318.48,7520.061
1744768800000,318.48,320.19,318.29,319.69,7850.089
1744772400000,319.69,321.1,319.1,319.22,6227.612
1744776000000,319.22,320.08,318.36,319.75,7929.314
1744779600000,319.75,322.51,317.9,320.87,15383.65
1744783200000,320.87,322.34,319.81,322.23,6466.941
1744786800000,322.23,322.51,319.41,319.56,7115.796
1744790400000,319.54,323.32,318.77,320.53,16950.83
1744794000000,320.53,321.92,319.16,319.38,10381.651
1744797600000,319.39,321.35,318.58,320.87,8866.215
1744801200000,320.88,321.24,319.51,319.88,9764.611
1744804800000,319.87,321.07,315.88,317.09,16417.232
1744808400000,317.14,318.68,316.22,316.84,13182.153
1744812000000,316.82,321.93,316.76,320.8,18900.892
1744815600000,320.8,323.08,320.25,321.47,20018.177
1744819200000,321.48,323.68,319.77,323.12,13078.424
1744822800000,323.12,324.79,313.76,314.77,29906.212
1744826400000,314.81,320.9,314.68,318.38,19452.097
1744830000000,318.39,322.62,317.3,321.68,8886.048
1744833600000,321.71,322.43,319.65,319.79,8025.033
1744837200000,319.78,323.39,319.71,322.48,7961.602
1744840800000,322.51,325.45,320.41,324.38,19326.186
1744844400000,324.38,325.73,321.16,321.36,20028.345
1744848000000,321.36,323.13,320.61,322.43,10155.96
1744851600000,322.42,332.74,321.32,331.04,40152.32
1744855200000,331.03,331.48,325.27,326.92,28971.177
1744858800000,326.94,327.31,324.12,326.21,9538.253
1744862400000,326.19,327.7,324.38,326.92,11147.211
1744866000000,326.92,336.76,326.87,335.71,26049.395
1744869600000,335.71,338.78,334.29,334.46,16824.523
1744873200000,334.45,334.52,331.4,333.06,17110.779
1744876800000,333.06,334.16,329.53,330.15,10982.232
1744880400000,330.16,331.61,329.43,330.64,10570.86
1744884000000,330.65,332.33,329.07,332.15,7860.414
1744887600000,332.17,333.92,331.1,333.01,8656.199
1744891200000,333.0,334.61,331.56,332.27,9166.542
1744894800000,332.33,332.64,329.6,330.16,9407.73
1744898400000,330.15,330.76,326.33,328.96,20235.466
1744902000000,328.96,335.31,328.96,334.08,21866.528
1744905600000,334.08,337.28,333.52,335.41,29832.581
1744909200000,335.41,336.05,332.02,334.74,12917.368
1744912800000,334.74,334.97,332.32,332.38,10657.069
1744916400000,332.4,340.02,331.31,338.13,18320.939
1744920000000,338.12,340.42,335.72,338.55,20516.362
1744923600000,338.54,339.0,336.13,337.66,9400.826
1744927200000,337.65,338.46,334.12,334.6,6037.737
1744930800000,334.6,336.16,332.41,333.75,11526.433
1744934400000,333.75,334.01,330.63,331.01,8515.526
1744938000000,331.01,333.61,330.52,331.5,10628.746
1744941600000,331.49,331.8,329.28,329.96,8947.697
1744945200000,329.96,330.17,327.78,328.73,9227.476
1744948800000,328.72,331.26,327.13,329.78,11767.761
1744952400000,329.77,329.77,327.18,328.5,8850.373
1744956000000,328.5,330.72,327.32,330.45,7909.75
1744959600000,330.49,331.36,329.19,329.55,7654.03
1744963200000,329.55,330.66,328.9,329.81,6703.339
1744966800000,329.82,331.64,329.14,330.1,6165.088
1744970400000,330.09,330.42,329.52,330.02,6471.928
1744974000000,330.01,333.67,329.86,332.93,9050.894
1744977600000,332.94,342.0,331.1,339.82,47294.072
1744981200000,339.82,343.94,337.41,343.52,44746.732
1744984800000,343.51,343.65,338.56,342.16,25912.896
1744988400000,342.19,342.75,339.12,340.92,13410.065
1744992000000,340.92,342.02,340.56,340.99,8030.455
1744995600000,340.98,343.15,340.95,342.14,9162.317
1744999200000,342.14,343.01,340.05,342.11,7310.125
1745002800000,342.1,342.52,341.3,342.28,5296.936
1745006400000,342.27,342.82,341.56,342.78,4423.952
1745010000000,342.78,344.9,341.88,344.44,7102.396
1745013600000,344.44,344.5,337.62,337.97,30004.2
1745017200000,338.02,338.37,334.15,334.78,17322.324
1745020800000,334.77,337.61,334.05,337.26,10233.507
1745024400000,337.27,339.23,337.07,337.2,7816.817
1745028000000,337.2,338.26,336.4,336.87,7381.788
1745031600000,336.87,339.19,336.76,337.85,8938.722
1745035200000,337.84,338.99,336.87,337.92,6841.709
1745038800000,337.91,338.03,336.3,336.59,7205.876
1745042400000,336.61,337.93,336.14,336.23,5936.378
1745046000000,336.22,339.38,336.19,338.62,8684.923
1745049600000,338.55,339.19,337.59,339.13,5871.253
1745053200000,339.13,339.93,338.74,339.42,8172.909
1745056800000,339.42,339.43,337.55,338.07,5810.664
1745060400000,338.07,338.07,336.83,337.2,4845.948
1745064000000,337.2,337.61,336.31,337.39,5644.004
1745067600000,337.36,339.0,336.72,337.88,6559.522
1745071200000,337.89,338.16,337.02,337.34,3681.454
1745074800000,337.34,337.74,333.6,334.68,15973.876
1745078400000,334.67,335.87,332.2,332.67,12588.318
1745082000000,332.67,335.96,332.64,334.93,8548.095
1745085600000,334.93,335.6,333.72,334.13,6432.269
1745089200000,334.17,334.41,333.09,334.27,3746.943
1745092800000,334.26,334.92,333.52,334.14,3506.007
1745096400000,334.13,336.27,334.06,336.08,3816.62
1745100000000,336.08,336.08,334.72,335.5,3822.946
1745103600000,335.49,335.54,334.49,335.16,3897.578
1745107200000,335.12,342.62,335.04,339.12,41638.742
1745110800000,339.13,340.35,338.66,340.17,5770.042
1745114400000,340.18,340.61,337.41,338.39,9178.473
1745118000000,338.39,339.82,338.18,339.47,5486.841
1745121600000,339.47,341.38,339.07,340.56,6884.069
1745125200000,340.55,340.65,337.89,338.08,10810.854
1745128800000,338.08,338.47,336.49,337.38,9375.174
1745132400000,337.37,337.38,333.32,334.98,14993.649
1745136000000,334.99,335.1,333.64,334.8,8648.665
1745139600000,334.82,334.98,332.23,334.01,10004.295
1745143200000,334.01,334.57,331.6,333.57,11326.836
1745146800000,333.56,334.33,332.91,333.0,7684.814
1745150400000,333.0,334.74,332.55,334.39,7923.794
1745154000000,334.38,335.44,333.88,334.24,8102.814
1745157600000,334.24,335.33,333.96,334.06,6433.71
1745161200000,334.05,334.29,331.19,331.87,9918.396
1745164800000,331.87,333.58,331.35,332.84,9231.983
1745168400000,332.84,333.96,332.65,333.74,3931.443
1745172000000,333.73,335.98,333.4,334.96,6874.281
1745175600000,334.96,336.56,334.73,336.48,4712.185
1745179200000,336.47,337.75,335.03,335.82,10235.309
1745182800000,335.81,336.63,334.82,336.63,3900.108
1745186400000,336.63,336.87,335.31,336.08,6441.742
1745190000000,336.08,336.77,335.22,335.95,5427.855
1745193600000,335.95,341.5,335.66,340.09,28639.885
1745197200000,340.09,341.48,338.68,339.31,13989.565
1745200800000,339.31,341.66,335.15,336.94,34116.547
1745204400000,336.94,340.6,336.73,339.58,16026.6
1745208000000,339.57,340.34,337.55,339.12,9519.206
1745211600000,339.12,340.4,338.07,339.0,8028.227
1745215200000,338.99,339.82,337.29,338.05,9777.087
1745218800000,338.05,343.8,337.83,340.51,24090.522
1745222400000,340.49,343.19,340.46,342.05,10151.29
1745226000000,342.05,343.1,339.14,342.07,11739.033
1745229600000,342.07,342.52,340.13,341.31,6649.766
1745233200000,341.32,341.41,338.2,339.75,8299.268
1745236800000,339.73,340.56,337.98,338.29,7659.294
1745240400000,338.27,340.18,336.07,336.23,24462.901
1745244000000,336.19,345.73,335.53,344.46,49401.987
1745247600000,344.45,346.02,343.7,344.49,12902.776
1745251200000,344.46,346.18,342.18,343.0,16913.612
1745254800000,343.0,344.66,341.01,342.94,20195.02
1745258400000,342.96,347.38,342.56,345.1,14197.709
1745262000000,345.09,348.1,344.4,345.94,12087.498
1745265600000,345.91,346.1,343.23,344.26,9143.115
1745269200000,344.28,344.37,342.0,343.45,5784.781
1745272800000,343.45,344.36,342.56,344.03,5433.949
1745276400000,344.02,345.41,343.66,344.88,11042.36
1745280000000,344.89,345.57,337.09,340.75,23616.84
1745283600000,340.74,346.14,340.02,344.64,14397.275
1745287200000,344.61,345.6,343.2,345.38,8393.89
1745290800000,345.38,346.55,344.13,345.02,9695.892
1745294400000,345.01,346.05,343.22,343.42,5867.274
1745298000000,343.44,345.81,343.07,345.73,6835.991
1745301600000,345.73,347.58,337.5,338.27,59236.092
1745305200000,338.26,350.9,336.53,348.49,94630.016
1745308800000,348.47,349.86,345.2,348.3,28114.505
1745312400000,348.31,348.74,345.96,346.6,9983.752
1745316000000,346.63,347.56,344.62,347.09,9783.73
1745319600000,347.08,348.41,345.84,346.7,9918.841
1745323200000,346.65,349.0,345.82,347.33,8623.9
1745326800000,347.33,353.6,346.32,351.3,34112.969
1745330400000,351.3,353.2,349.19,352.97,26092.813
1745334000000,353.04,361.99,352.83,361.36,50934.877
1745337600000,361.35,362.54,356.77,357.61,17032.989
1745341200000,357.59,358.28,354.15,357.03,15894.303
1745344800000,357.02,358.52,356.52,357.79,5653.5
1745348400000,357.79,357.85,354.16,356.18,5387.846
1745352000000,356.15,357.24,354.2,354.2,6415.663
1745355600000,354.2,365.25,354.07,361.82,18191.358
1745359200000,361.83,363.27,359.11,362.59,19726.192
1745362800000,362.58,364.49,361.52,362.05,14587.55
1745366400000,362.03,363.37,358.56,359.63,14387.679
1745370000000,359.63,363.32,353.5,354.83,39478.351
1745373600000,354.82,358.31,354.58,355.62,16440.006
1745377200000,355.61,357.67,353.72,357.63,12465.08
1745380800000,357.63,362.71,355.33,362.34,32336.581
1745384400000,362.34,362.5,359.46,360.65,17046.768
1745388000000,360.65,362.3,359.01,359.19,15172.162
1745391600000,359.19,361.87,357.51,360.03,22622.505
1745395200000,360.03,361.91,359.01,360.63,14106.067
1745398800000,360.63,361.92,359.09,360.04,10189.596
1745402400000,360.03,360.32,356.02,359.5,13880.347
1745406000000,359.48,360.81,357.34,357.97,10934.052
1745409600000,357.95,360.18,357.89,359.39,9746.598
1745413200000,359.34,361.5,352.6,354.55,28579.304
1745416800000,354.56,357.82,353.87,355.68,15740.517
1745420400000,355.68,358.17,352.52,357.76,24081.615
1745424000000,357.76,361.14,356.46,360.58,16986.777
1745427600000,360.54,362.52,359.78,361.74,11555.101
1745431200000,361.73,363.77,360.66,360.88,8052.082
1745434800000,360.88,361.09,355.81,356.72,14134.727
1745438400000,356.72,359.7,356.61,358.62,5274.659
1745442000000,358.61,359.76,356.38,357.53,4625.177
1745445600000,357.53,358.8,356.46,358.64,4477.934
1745449200000,358.68,358.82,356.71,358.04,4477.195
1745452800000,358.03,360.67,357.15,359.52,8918.882
1745456400000,359.52,362.05,356.6,360.18,12236.856
1745460000000,360.18,364.49,359.85,360.63,17871.159
1745463600000,360.62,368.4,359.46,360.73,33128.457
1745467200000,360.76,365.23,358.96,363.6,23517.22
1745470800000,363.62,365.86,357.11,358.38,30882.073
1745474400000,358.39,360.3,356.82,357.45,11117.669
1745478000000,357.46,361.05,356.82,358.28,18854.963
1745481600000,358.29,359.35,353.5,356.42,22698.923
1745485200000,356.43,360.45,356.21,360.07,24820.62
1745488800000,360.06,360.5,354.66,354.78,18566.51
1745492400000,354.78,354.85,346.46,347.91,69482.627
1745496000000,347.92,350.39,343.2,348.01,43519.458
1745499600000,348.0,349.07,346.31,348.26,18523.026
1745503200000,348.26,351.79,344.0,350.98,42081.324
1745506800000,350.98,355.62,350.02,352.46,21927.445
1745510400000,352.46,354.72,351.36,352.45,14526.92
1745514000000,352.43,354.07,347.64,349.17,19383.417
1745517600000,349.17,352.45,348.99,350.81,8204.553
1745521200000,350.81,352.74,349.11,351.13,7145.086
1745524800000,351.13,352.36,349.76,349.77,9357.598
1745528400000,349.76,350.3,347.75,349.84,5173.821
1745532000000,349.84,352.26,349.06,351.38,6176.192
1745535600000,351.37,358.4,350.97,356.55,28091.321
1745539200000,356.56,358.88,354.66,354.93,13356.133
1745542800000,354.93,357.17,353.13,354.56,17076.626
1745546400000,354.56,355.01,347.78,349.38,15322.493
1745550000000,349.38,357.43,348.71,355.16,17376.043
1745553600000,355.16,361.42,353.48,360.35,30601.434
1745557200000,360.31,361.38,357.48,360.71,13971.21
1745560800000,360.72,363.66,360.04,360.7,21583.381
1745564400000,360.73,361.73,358.83,360.22,10705.209
1745568000000,360.21,365.83,359.09,365.4,15303.711
1745571600000,365.36,369.35,363.5,365.45,22862.795
1745575200000,365.4,370.17,361.98,367.15,29775.452
1745578800000,367.15,383.0,367.14,378.82,57842.69
1745582400000,378.81,384.63,369.0,370.55,89249.144
1745586000000,370.55,372.8,364.75,367.97,55925.794
1745589600000,367.96,377.57,367.54,375.92,34379.679
1745593200000,375.92,378.46,371.11,375.14,27333.027
1745596800000,375.14,379.94,372.13,378.27,24668.704
1745600400000,378.27,379.98,373.0,375.31,17300.505
1745604000000,375.35,378.42,374.92,375.61,11696.88
1745607600000,375.61,376.31,373.67,375.47,7531.03
1745611200000,375.47,378.18,374.92,378.17,7098.644
1745614800000,378.17,383.11,374.06,376.14,15449.552
1745618400000,376.14,379.2,375.74,377.6,6809.36
1745622000000,377.61,378.03,372.0,372.91,10598.287
1745625600000,372.9,376.25,372.05,375.81,12586.833
1745629200000,375.8,377.21,373.76,375.16,11111.885
1745632800000,375.16,375.24,372.01,372.47,11245.313
1745636400000,372.48,374.51,371.31,373.89,14365.191
1745640000000,373.89,375.13,372.05,373.13,10411.957
1745643600000,373.12,374.59,371.21,373.75,8257.044
1745647200000,373.75,373.9,368.7,370.92,20116.855
1745650800000,370.92,371.43,368.64,368.97,6868.893
1745654400000,368.96,370.41,360.13,363.08,64706.238
1745658000000,363.07,364.12,361.22,363.42,17259.308
1745661600000,363.41,363.47,361.27,361.38,8505.637
1745665200000,361.38,362.72,357.21,358.48,24773.61
1745668800000,358.49,360.2,358.28,359.72,15820.071
1745672400000,359.74,361.14,357.37,359.92,11823.256
1745676000000,359.92,360.83,357.88,360.22,7296.438
1745679600000,360.23,361.47,358.77,358.98,9245.489
1745683200000,358.98,360.0,357.21,358.69,12219.316
1745686800000,358.69,359.76,358.23,358.65,5497.052
1745690400000,358.55,358.93,357.46,357.47,5340.032
1745694000000,357.46,358.68,355.7,358.17,7700.963
1745697600000,358.17,358.5,354.45,354.61,8316.708
1745701200000,354.62,356.64,354.48,356.01,7610.766
1745704800000,356.02,358.17,355.63,356.15,14047.12
1745708400000,356.13,356.57,354.71,354.95,9542.918
1745712000000,354.95,359.64,353.64,358.89,29297.993
1745715600000,358.85,359.51,352.0,352.65,28659.32
1745719200000,352.63,356.14,351.18,353.81,17326.322
1745722800000,353.81,354.87,352.66,353.26,6637.974
1745726400000,353.25,353.7,351.0,351.4,10181.773
1745730000000,351.39,353.26,349.01,352.74,17020.733
1745733600000,352.74,354.03,352.5,353.85,9390.372
1745737200000,353.85,354.83,352.38,353.07,8638.701
1745740800000,353.06,353.71,351.75,351.87,9431.176
1745744400000,351.86,353.34,350.34,352.0,11385.672
1745748000000,352.01,352.27,350.21,351.49,6147.689
1745751600000,351.49,352.3,350.69,351.91,6721.661
1745755200000,351.9,353.16,349.1,351.26,12695.574
1745758800000,351.27,353.04,349.01,351.78,36238.71
1745762400000,351.78,352.79,350.56,350.66,11217.191
1745766000000,350.67,351.89,349.25,350.42,11852.344
1745769600000,350.4,351.39,349.52,350.61,7642.461
1745773200000,350.6,351.98,349.6,350.19,6175.473
1745776800000,350.18,351.22,349.41,349.89,5526.424
1745780400000,349.92,350.44,347.48,349.2,12010.613
1745784000000,349.2,349.7,347.58,347.67,6704.378
1745787600000,347.67,351.08,346.59,349.76,9403.863
1745791200000,349.75,349.75,345.14,345.85,13367.519
1745794800000,345.85,346.05,343.92,345.24,11920.892
1745798400000,345.25,346.78,342.52,344.34,25118.884
1745802000000,344.35,345.23,341.04,342.49,16134.513
1745805600000,342.49,347.2,341.73,346.97,12906.542
1745809200000,346.97,349.54,346.27,348.34,11379.498
1745812800000,348.35,351.16,348.27,350.95,9338.249
1745816400000,350.95,352.0,350.42,351.84,10209.433
1745820000000,351.85,354.48,350.61,353.27,20123.394
1745823600000,353.28,354.62,351.4,354.01,14024.28
1745827200000,354.02,355.89,348.83,351.46,37689.698
1745830800000,351.46,352.44,350.19,351.78,13297.103
1745834400000,351.78,353.88,348.33,352.61,23533.146
1745838000000,352.62,355.36,352.12,354.78,17130.716
1745841600000,354.76,355.07,348.62,351.77,30721.351
1745845200000,351.76,352.36,348.0,348.17,19791.258
1745848800000,348.18,350.65,347.34,348.81,13507.943
1745852400000,348.82,349.5,344.13,345.89,24847.043
1745856000000,345.88,349.18,344.37,345.99,23109.774
1745859600000,345.98,347.71,345.57,347.45,8839.619
1745863200000,347.45,349.33,345.86,348.34,6887.064
1745866800000,348.33,351.66,348.25,350.81,11760.165
1745870400000,350.83,351.47,349.43,351.12,5502.768
1745874000000,351.11,352.34,350.52,352.32,4678.854
1745877600000,352.32,354.0,352.26,353.1,9153.975
1745881200000,353.09,370.65,352.33,363.99,83863.501
1745884800000,363.99,376.67,360.38,372.72,73649.182
1745888400000,372.73,374.0,368.42,368.96,28925.081
1745892000000,368.97,369.23,363.72,364.46,20726.913
1745895600000,364.47,368.09,363.8,366.99,12939.871
1745899200000,367.0,377.99,366.56,369.06,53657.654
1745902800000,369.05,370.12,366.64,367.7,12562.256
1745906400000,367.7,373.38,367.64,370.78,15404.602
1745910000000,370.81,372.07,369.47,371.24,10119.471
1745913600000,371.23,375.68,371.23,374.04,16540.882
1745917200000,374.07,375.0,371.42,374.34,11169.162
1745920800000,374.33,374.64,370.11,371.81,15834.045
1745924400000,371.81,374.46,371.71,373.51,10064.406
1745928000000,373.51,373.96,370.04,371.28,11451.823
1745931600000,371.27,372.56,369.52,369.94,16478.98
1745935200000,369.96,372.6,368.25,371.07,16765.445
1745938800000,371.07,373.71,370.77,372.83,10988.961
1745942400000,372.83,377.21,372.82,374.17,18444.289
1745946000000,374.16,375.64,371.75,372.35,17646.958
1745949600000,372.35,373.51,370.12,371.73,8063.198
1745953200000,371.73,372.07,369.67,370.0,4769.71
1745956800000,370.0,370.41,368.0,368.31,8585.444
1745960400000,368.3,368.83,364.46,367.73,16580.924
1745964000000,367.72,367.72,363.2,365.26,12754.481
1745967600000,365.25,365.25,361.28,363.58,15874.837
1745971200000,363.58,364.87,361.24,362.34,11991.216
1745974800000,362.33,362.8,359.03,360.7,10722.119
1745978400000,360.7,360.92,358.96,360.2,8757.72
1745982000000,360.19,362.16,359.29,362.16,7401.783
1745985600000,362.16,368.88,360.5,367.2,30957.377
1745989200000,367.2,368.3,363.75,363.79,11974.97
1745992800000,363.82,364.67,362.71,363.82,5804.271
1745996400000,363.82,364.36,361.73,362.96,7925.338
1746000000000,362.95,366.5,362.69,365.82,6528.35
1746003600000,365.82,366.64,364.02,366.08,6049.889
1746007200000,366.09,368.82,364.87,367.89,7394.823
1746010800000,367.88,369.44,367.62,367.93,7523.49
1746014400000,367.93,368.52,362.0,364.02,17303.199
1746018000000,364.02,364.55,354.68,355.44,33725.289
1746021600000,355.48,364.9,354.46,361.51,19596.962
1746025200000,361.51,363.81,360.77,362.18,8551.122
1746028800000,362.2,364.44,360.22,363.92,7079.936
1746032400000,363.91,365.72,362.12,364.63,6865.697
1746036000000,364.6,366.83,362.95,363.1,9652.219
1746039600000,363.11,364.68,362.05,363.98,6278.097
1746043200000,364.03,367.79,363.45,365.51,7964.821
1746046800000,365.48,366.86,364.49,364.72,4328.192
1746050400000,364.74,366.11,363.71,364.7,4889.1
1746054000000,364.71,367.33,364.63,365.79,4922.215
1746057600000,365.78,369.8,365.78,368.93,8707.145
1746061200000,368.94,371.02,367.4,369.28,7658.181
1746064800000,369.27,370.09,368.33,368.56,3751.093
1746068400000,368.57,369.89,366.72,367.38,5893.7
1746072000000,367.39,367.85,366.92,367.79,3232.876
1746075600000,367.8,369.14,365.91,366.36,12056.707
1746079200000,366.37,367.47,365.61,365.98,4461.807
1746082800000,365.96,367.13,365.1,365.91,6546.204
1746086400000,365.9,366.25,363.24,365.84,12288.776
1746090000000,365.83,367.47,365.01,366.88,6314.126
1746093600000,366.88,373.32,366.5,372.0,22067.934
1746097200000,371.99,374.11,369.62,370.49,9796.614
1746100800000,370.49,372.23,370.49,371.29,6310.248
1746104400000,371.28,371.43,367.09,367.1,23207.148
1746108000000,367.1,372.24,367.09,371.73,8866.345
1746111600000,371.73,373.11,365.08,365.67,48005.301
1746115200000,365.66,368.44,364.63,365.26,12295.814
1746118800000,365.25,366.66,361.95,363.69,14636.496
1746122400000,363.68,364.51,362.49,364.19,5241.58
1746126000000,364.18,364.18,361.46,361.72,5986.157
1746129600000,361.71,362.82,360.71,361.92,6604.081
1746133200000,361.91,363.57,361.78,362.78,4685.002
1746136800000,362.78,363.66,361.27,361.72,6196.881
1746140400000,361.72,361.79,359.54,360.35,10679.747
1746144000000,360.34,363.22,358.3,361.7,12065.614
1746147600000,361.7,368.39,359.5,366.18,40222.737
1746151200000,366.13,370.0,364.42,368.94,22346.182
1746154800000,368.93,370.53,368.21,368.51,11028.578
1746158400000,368.52,370.22,366.99,367.45,10469.545
1746162000000,367.44,371.65,366.97,367.69,22113.245
1746165600000,367.68,370.73,366.88,370.0,14943.964
1746169200000,370.0,371.43,368.29,368.57,11568.456
1746172800000,368.57,374.4,368.57,370.18,21240.039
1746176400000,370.16,370.81,367.74,368.74,9357.95
1746180000000,368.78,369.99,368.07,369.34,6405.232
1746183600000,369.33,370.11,368.22,368.28,5071.9
1746187200000,368.27,371.62,367.6,370.23,11008.195
1746190800000,370.22,373.23,369.1,371.77,11600.727
1746194400000,371.84,385.1,371.76,383.54,63530.395
1746198000000,383.63,386.08,378.2,378.75,42140.873
1746201600000,378.75,382.66,378.25,381.38,20891.824
1746205200000,381.37,382.09,379.19,379.69,13533.932
1746208800000,379.66,381.74,376.71,378.19,16201.004
1746212400000,378.19,379.39,376.16,377.22,10888.836
1746216000000,377.22,379.19,376.69,379.14,6703.211
1746219600000,379.14,379.98,377.17,377.84,5232.102
1746223200000,377.83,381.08,377.49,378.99,8422.66
1746226800000,378.99,383.0,377.84,382.33,23086.169
1746230400000,382.34,383.15,370.08,372.15,56243.314
1746234000000,372.16,375.23,366.72,368.28,52610.512
1746237600000,368.29,369.48,366.78,369.06,16282.42
1746241200000,369.05,371.23,368.13,370.7,18948.571
1746244800000,370.69,371.34,368.52,369.67,7460.809
1746248400000,369.67,371.06,368.59,369.03,8362.956
1746252000000,369.02,369.02,367.53,368.36,7370.969
1746255600000,368.37,369.25,367.16,368.86,7562.572
1746259200000,368.86,369.66,368.01,368.02,5727.985
1746262800000,368.03,368.23,366.44,367.28,6061.598
1746266400000,367.27,368.69,366.0,366.75,9011.026
1746270000000,366.77,367.99,364.21,365.91,9933.69
1746273600000,365.9,367.3,365.48,366.65,6978.276
1746277200000,366.65,367.38,365.69,366.31,7864.998
1746280800000,366.3,370.1,365.0,368.84,16665.047
1746284400000,368.83,370.1,366.5,366.58,13193.583
1746288000000,366.58,366.95,363.84,364.81,12728.277
1746291600000,364.81,367.08,363.36,366.3,13101.678
1746295200000,366.31,367.77,363.99,364.33,5884.956
1746298800000,364.32,366.0,364.13,365.44,4954.342
1746302400000,365.45,366.57,364.51,365.49,4785.566
1746306000000,365.45,365.54,363.5,363.78,5444.503
1746309600000,363.79,364.84,361.01,363.4,9637.041
1746313200000,363.4,363.59,362.16,362.23,5205.901
1746316800000,362.23,365.74,360.32,361.54,18792.316
1746320400000,361.55,363.69,361.05,362.98,9120.249
1746324000000,362.98,370.83,362.75,365.33,26871.034
1746327600000,365.3,365.3,363.02,363.17,6582.028
1746331200000,363.16,364.25,362.02,362.68,6374.356
1746334800000,362.68,365.64,362.53,365.14,8037.683
1746338400000,365.14,365.55,358.71,359.92,23008.399
1746342000000,359.92,360.66,358.6,359.56,17588.546
1746345600000,359.55,359.62,356.02,357.19,13633.886
1746349200000,357.18,358.01,356.32,356.94,8021.773
1746352800000,356.99,358.37,356.56,357.94,5156.963
1746356400000,357.93,358.65,356.87,357.19,4422.057
1746360000000,357.18,358.12,356.9,357.28,3925.954
1746363600000,357.25,357.75,354.5,356.59,11586.775
1746367200000,356.59,358.57,355.93,357.61,9797.834
1746370800000,357.61,357.99,355.22,356.26,6742.207
1746374400000,356.23,356.52,352.25,353.62,12237.063
1746378000000,353.61,355.67,352.59,355.07,7274.443
1746381600000,355.06,356.34,353.76,353.77,4833.362
1746385200000,353.8,356.2,353.8,355.26,3697.518
1746388800000,355.26,357.13,354.69,357.02,4609.038
1746392400000,357.05,359.04,356.8,358.57,4155.256
1746396000000,358.57,358.57,354.43,356.58,8119.576
1746399600000,356.57,356.74,354.37,355.64,7872.236
1746403200000,355.64,358.68,355.0,357.55,7914.05
1746406800000,357.54,357.57,349.7,352.35,29066.539
1746410400000,352.34,355.91,350.37,354.77,11724.267
1746414000000,354.77,356.43,354.18,355.55,5035.395
1746417600000,355.54,358.4,355.46,357.94,6515.437
1746421200000,357.93,360.0,357.65,359.89,6603.689
1746424800000,359.88,360.79,359.03,360.26,11880.014
1746428400000,360.2,360.42,358.73,359.69,4937.928
1746432000000,359.71,360.42,357.66,358.56,6005.791
1746435600000,358.56,358.98,357.13,357.4,4197.35
1746439200000,357.39,357.59,352.45,353.96,13170.025
1746442800000,353.95,354.94,351.84,352.87,8461.468
1746446400000,352.88,354.68,351.65,352.85,8672.257
1746450000000,352.84,353.58,350.12,352.95,11128.405
1746453600000,352.99,354.46,351.09,351.94,11332.873
1746457200000,351.96,352.2,348.84,350.38,13145.153
1746460800000,350.37,353.71,349.79,352.15,15375.121
1746464400000,352.14,354.35,351.54,353.63,5989.89
1746468000000,353.63,356.55,353.41,355.75,7431.17
1746471600000,355.77,356.47,352.62,353.08,6289.13
1746475200000,353.07,353.09,348.33,351.2,8185.593
1746478800000,351.2,353.49,350.91,352.27,3924.827
1746482400000,352.26,354.27,352.12,353.31,5206.085
1746486000000,353.36,354.5,352.7,352.83,5409.438
1746489600000,352.83,353.54,351.02,351.91,5862.514
1746493200000,351.91,357.2,350.64,351.98,15560.888
1746496800000,351.99,353.44,349.72,353.36,8347.237
1746500400000,353.36,355.04,352.48,354.75,6830.907
1746504000000,354.78,359.06,354.39,357.82,31340.615
1746507600000,357.82,361.58,357.44,358.19,26906.773
1746511200000,358.18,360.5,358.08,358.51,11613.491
1746514800000,358.51,361.12,358.47,359.38,10798.665
1746518400000,359.39,360.33,356.63,360.23,12581.636
1746522000000,360.23,360.7,358.0,359.41,9471.368
1746525600000,359.41,360.84,356.61,357.17,16276.98
1746529200000,357.18,357.72,349.34,353.6,32346.081
1746532800000,353.62,359.79,350.34,354.98,28366.124
1746536400000,354.99,355.34,350.46,352.79,15214.057
1746540000000,352.8,356.9,352.64,356.13,14987.701
1746543600000,356.1,358.6,354.79,355.58,14648.878
1746547200000,355.58,357.47,353.28,353.29,12343.738
1746550800000,353.28,356.7,352.78,354.29,10464.294
1746554400000,354.27,360.77,353.91,360.53,14865.984
1746558000000,360.53,363.0,359.02,359.54,18222.545
1746561600000,359.54,360.0,355.85,357.59,11287.396
1746565200000,357.61,358.73,353.01,356.2,10920.046
1746568800000,356.2,370.3,356.16,367.46,38601.757
1746572400000,367.46,374.54,365.82,374.39,38418.576
1746576000000,374.39,380.04,373.74,377.78,39077.611
1746579600000,377.78,383.0,375.0,375.68,19996.684
1746583200000,375.69,377.21,373.94,375.39,13841.983
1746586800000,375.39,377.28,373.44,376.96,11768.825
1746590400000,376.96,377.41,375.74,376.57,7531.595
1746594000000,376.58,377.0,368.84,369.9,35079.421
1746597600000,369.89,371.57,367.6,368.92,16778.566
1746601200000,368.91,373.33,368.7,372.86,10891.426
1746604800000,372.85,373.85,371.32,373.84,8215.842
1746608400000,373.87,375.45,372.9,374.42,8299.697
1746612000000,374.41,375.07,371.07,371.09,18495.77
1746615600000,371.08,371.16,365.8,367.07,30239.438
1746619200000,367.08,367.4,363.39,365.26,23250.438
1746622800000,365.26,366.86,363.53,364.92,11249.12
1746626400000,364.91,367.48,362.46,363.95,30090.868
1746630000000,363.95,365.47,362.6,362.73,12973.753
1746633600000,362.7,362.98,358.75,360.42,21653.158
1746637200000,360.42,360.48,356.26,357.18,12890.345
1746640800000,357.17,360.01,354.64,358.35,30483.407
1746644400000,358.33,359.38,354.83,357.25,13436.936
1746648000000,357.25,358.24,356.01,357.6,9363.188
1746651600000,357.6,361.82,357.28,360.47,9844.889
1746655200000,360.49,369.55,360.4,366.98,39106.508
1746658800000,366.99,391.58,366.01,383.45,132270.4
1746662400000,383.48,387.68,380.67,384.48,38128.68
1746666000000,384.49,412.72,384.45,406.65,159358.104
1746669600000,406.68,408.74,398.03,400.76,48052.002
1746673200000,400.82,411.99,398.94,410.74,47647.278
1746676800000,410.78,431.39,409.06,413.86,168934.927
1746680400000,413.88,420.0,413.49,417.23,25785.605
1746684000000,417.21,418.54,414.67,418.23,21251.184
1746687600000,418.21,422.52,411.98,417.81,43381.017
1746691200000,417.8,420.15,417.59,418.57,18732.353
1746694800000,418.56,418.75,411.66,415.95,40730.359
1746698400000,415.95,422.87,413.9,417.68,21520.889
1746702000000,417.67,417.83,412.62,412.95,19268.12
1746705600000,412.94,420.48,409.19,411.06,29384.075
1746709200000,411.02,422.32,410.94,417.53,78567.453
1746712800000,417.51,419.28,413.95,414.82,23017.661
1746716400000,414.84,425.0,414.73,419.34,41274.011
1746720000000,419.27,423.03,417.68,420.53,19724.467
1746723600000,420.54,420.69,416.53,417.43,12920.577
1746727200000,417.44,419.22,416.49,417.05,11959.278
1746730800000,417.05,420.04,416.03,418.4,11736.572
1746734400000,418.38,423.48,416.53,421.67,20703.578
1746738000000,421.61,425.82,418.44,422.87,23500.058
1746741600000,422.87,424.27,419.16,421.05,14186.162
1746745200000,421.05,423.6,420.53,421.49,13924.731
1746748800000,421.49,421.99,415.81,417.72,22109.76
1746752400000,417.72,419.99,416.06,418.94,13265.531
1746756000000,418.94,420.97,417.46,418.92,10267.159
1746759600000,418.88,420.91,413.65,415.01,17376.261
1746763200000,415.0,417.33,414.54,416.71,13677.615
1746766800000,416.7,417.23,415.46,417.16,8772.782
1746770400000,417.14,420.91,415.98,420.19,14067.33
1746774000000,420.17,424.4,418.95,420.26,42523.875
1746777600000,420.24,429.44,415.55,421.84,56635.533
1746781200000,421.88,424.73,404.18,408.56,151499.206
1746784800000,408.56,414.3,407.3,413.08,43701.037
1746788400000,413.09,417.48,410.03,415.24,32975.436
1746792000000,415.25,416.21,413.19,414.51,12889.908
1746795600000,414.52,416.98,412.02,412.91,22445.686
1746799200000,412.84,413.65,402.33,407.45,69129.901
1746802800000,407.48,408.52,405.03,407.28,16995.335
1746806400000,407.29,407.73,403.39,404.21,12046.026
1746810000000,404.22,410.2,404.02,408.78,15276.163
1746813600000,408.77,409.24,407.22,407.9,7800.419
1746817200000,407.9,409.74,406.72,408.26,7994.769
1746820800000,408.23,409.39,407.05,407.86,6711.134
1746824400000,407.85,409.0,406.34,408.1,5582.612
1746828000000,408.1,409.27,407.35,407.79,5184.702
1746831600000,407.85,416.77,407.06,413.34,21271.756
1746835200000,413.36,417.05,409.21,410.34,31185.002
1746838800000,410.35,415.37,410.16,412.08,13867.327
1746842400000,412.09,416.68,411.51,415.01,14789.913
1746846000000,415.03,415.99,413.61,415.27,8669.337
1746849600000,415.29,415.66,412.81,415.21,7708.071
1746853200000,415.19,416.97,413.49,416.03,9985.596
1746856800000,416.04,417.69,414.81,416.71,13136.819
1746860400000,416.72,424.69,416.18,419.67,44792.753
1746864000000,419.7,422.73,416.69,420.14,18972.476
1746867600000,420.15,424.03,417.55,422.39,15493.409
1746871200000,422.39,424.06,417.69,418.02,14786.116
1746874800000,418.04,419.41,413.56,414.33,23427.809
1746878400000,414.37,418.37,414.3,417.52,10480.893
1746882000000,417.53,420.15,416.15,419.01,7973.402
1746885600000,419.04,422.0,418.66,420.84,14683.171
1746889200000,420.84,420.94,416.63,419.22,12813.271
1746892800000,419.22,423.46,417.31,421.44,14025.38
1746896400000,421.44,424.5,420.49,420.96,16819.833
1746900000000,420.95,422.6,418.66,421.05,9583.434
1746903600000,421.08,421.56,418.04,418.86,6913.521
1746907200000,418.86,421.61,417.0,420.46,6452.411
1746910800000,420.46,423.36,419.67,422.4,7165.065
1746914400000,422.42,430.0,421.14,426.84,19496.316
1746918000000,426.82,433.22,425.86,430.8,26672.956
1746921600000,430.8,432.12,415.88,424.96,38572.088
1746925200000,424.93,428.6,421.61,423.49,18813.223
1746928800000,423.52,428.6,421.79,423.92,14939.042
1746932400000,423.93,425.29,415.2,417.11,59442.273
1746936000000,417.11,420.91,416.71,418.08,14561.491
1746939600000,418.09,418.61,415.93,416.1,8734.224
1746943200000,416.14,416.36,410.06,412.91,19130.927
1746946800000,412.9,413.05,405.47,409.33,24929.261
1746950400000,409.34,413.11,408.62,409.51,12722.614
1746954000000,409.51,414.09,409.42,412.69,13699.111
1746957600000,412.69,413.72,410.26,413.19,8319.282
1746961200000,413.16,414.1,412.0,413.37,7746.64
1746964800000,413.36,414.15,410.93,411.81,8948.612
1746968400000,411.78,413.02,406.33,406.55,14551.06
1746972000000,406.56,410.27,406.07,409.34,10617.462
1746975600000,409.34,411.67,401.77,406.68,18713.445
1746979200000,406.69,407.47,400.0,406.81,21911.91
1746982800000,406.78,409.69,406.16,409.35,8610.859
1746986400000,409.34,411.18,406.35,409.68,8156.245
1746990000000,409.68,411.13,408.95,409.73,6834.27
1746993600000,409.72,410.47,408.52,408.79,5997.626
1746997200000,408.78,410.45,407.67,410.34,4517.483
1747000800000,410.32,411.43,405.15,407.58,10141.117
1747004400000,407.59,410.75,406.41,407.93,13525.965
1747008000000,407.93,413.5,407.0,409.97,18021.585
1747011600000,409.99,412.94,402.04,406.67,19875.2
1747015200000,406.7,411.28,406.41,408.72,10794.784
1747018800000,408.69,411.52,405.33,410.18,13706.349
1747022400000,410.18,410.64,406.72,409.61,8955.559
1747026000000,409.62,409.95,405.17,407.73,10127.701
1747029600000,407.73,411.23,406.18,410.11,11082.498
1747033200000,410.12,419.64,409.45,412.37,56564.495
1747036800000,412.37,415.22,408.11,414.67,19671.035
1747040400000,414.68,418.5,412.87,414.72,15234.316
1747044000000,414.73,416.6,412.31,416.07,11539.843
1747047600000,416.07,417.48,410.16,411.08,18953.411
1747051200000,411.04,417.17,410.95,415.72,17700.513
1747054800000,415.69,418.71,411.02,415.51,22723.597
1747058400000,415.54,416.65,405.99,409.54,41489.25
1747062000000,409.55,411.08,404.31,407.9,26676.245
1747065600000,407.9,415.28,406.7,413.07,16708.604
1747069200000,413.06,414.72,409.66,410.86,12717.449
1747072800000,410.86,412.62,395.0,400.81,55364.002
1747076400000,400.81,409.03,399.23,407.52,19471.338
1747080000000,407.47,414.62,404.09,411.67,14338.468
1747083600000,411.67,412.33,408.56,410.13,7138.478
1747087200000,410.13,411.6,408.88,408.94,6629.604
1747090800000,408.97,412.13,408.93,410.38,9508.644
1747094400000,410.38,410.55,404.41,404.59,12188.063
1747098000000,404.6,406.55,400.28,402.54,15679.509
1747101600000,402.55,403.35,393.37,397.08,25580.322
1747105200000,397.09,398.81,391.02,391.93,20072.871
1747108800000,391.93,398.43,391.01,398.17,14647.772
1747112400000,398.18,398.86,394.58,396.45,9276.714
1747116000000,396.46,398.88,395.81,395.97,9987.638
1747119600000,395.98,400.35,395.69,398.18,9380.703
1747123200000,398.19,399.39,396.03,396.77,10359.774
1747126800000,396.81,403.47,396.76,400.94,16287.709
1747130400000,400.94,402.3,397.5,400.29,11530.303
1747134000000,400.29,403.04,399.92,401.36,10150.88
1747137600000,401.36,404.09,398.61,402.34,19767.478
1747141200000,402.4,404.91,401.03,402.01,12799.135
1747144800000,402.03,402.6,398.53,400.51,14893.33
1747148400000,400.5,404.74,399.91,403.68,14948.636
1747152000000,403.69,407.69,402.61,405.74,20617.231
1747155600000,405.75,408.48,405.44,407.65,10814.812
1747159200000,407.66,411.5,407.31,411.44,10752.815
1747162800000,411.44,415.78,409.5,413.59,22728.047
1747166400000,413.58,415.44,410.2,413.45,14862.329
1747170000000,413.45,414.2,411.4,412.55,7314.048
1747173600000,412.55,413.13,410.52,410.78,7046.259
1747177200000,410.79,411.48,407.43,410.77,12121.903
1747180800000,410.71,413.43,408.75,410.62,15505.275
1747184400000,410.63,413.44,408.93,409.66,14180.794
1747188000000,409.69,409.85,405.1,407.42,14119.358
1747191600000,407.42,408.79,405.33,408.68,8007.479
1747195200000,408.66,409.2,406.72,409.2,8331.679
1747198800000,409.19,410.44,407.83,409.44,10866.497
1747202400000,409.44,410.74,408.17,409.07,7251.636
1747206000000,409.08,409.6,405.29,407.34,12125.799
1747209600000,407.32,408.16,400.64,400.85,22924.66
1747213200000,400.81,405.86,399.04,405.25,21745.327
1747216800000,405.25,407.91,403.74,407.45,12215.643
1747220400000,407.44,408.87,407.37,407.53,7378.638
1747224000000,407.54,409.01,405.4,406.45,8871.493
1747227600000,406.4,408.88,401.96,405.62,19156.554
1747231200000,405.69,405.76,399.84,402.51,14690.385
1747234800000,402.53,404.45,400.3,404.36,11466.993
1747238400000,404.37,405.99,401.52,403.64,9565.836
1747242000000,403.63,403.66,398.28,402.88,13132.776
1747245600000,402.89,405.0,401.87,403.86,6609.731
1747249200000,403.88,404.1,402.61,403.89,4184.82
1747252800000,403.9,405.8,403.68,404.85,6339.587
1747256400000,404.78,405.25,401.94,404.76,6480.368
1747260000000,404.76,405.23,400.54,401.2,7792.859
1747263600000,401.27,402.74,399.78,402.25,6154.172
1747267200000,402.25,404.8,400.8,403.87,10993.524
1747270800000,403.84,404.41,396.24,397.33,17212.289
1747274400000,397.33,401.29,396.99,400.42,12148.761
1747278000000,400.43,400.88,397.6,398.06,6254.224
1747281600000,398.04,400.23,397.6,398.71,11981.952
1747285200000,398.71,399.1,391.89,392.45,21101.597
1747288800000,392.45,394.82,390.24,393.5,16528.922
1747292400000,393.5,394.68,388.19,389.41,21227.236
1747296000000,389.41,396.17,389.33,394.94,17261.771
1747299600000,394.93,395.0,389.54,392.05,14097.754
1747303200000,392.05,392.47,387.4,390.13,12372.836
1747306800000,390.08,392.5,389.84,390.98,11200.719
1747310400000,390.93,394.01,389.73,391.51,13796.476
1747314000000,391.52,392.8,385.01,388.31,22140.302
1747317600000,388.34,389.93,382.53,386.34,26304.731
1747321200000,386.33,393.52,385.43,392.92,19714.776
1747324800000,392.92,396.47,391.34,396.12,20815.953
1747328400000,396.14,398.11,395.0,396.54,10708.227
1747332000000,396.53,397.24,388.77,389.67,16947.361
1747335600000,389.69,394.27,388.85,393.82,10751.662
1747339200000,393.84,397.65,391.93,394.67,18585.905
1747342800000,394.63,395.15,388.68,394.98,9175.728
1747346400000,394.95,397.34,393.49,393.49,7969.437
1747350000000,393.47,396.18,389.74,395.64,14313.469
1747353600000,395.64,400.74,394.87,396.95,14356.163
1747357200000,396.95,400.1,394.65,399.84,10000.858
1747360800000,399.84,403.49,398.94,402.1,16971.139
1747364400000,402.1,402.98,400.19,400.76,8370.288
1747368000000,400.76,402.09,397.81,398.82,8217.578
1747371600000,398.82,401.48,398.24,398.28,7997.889
1747375200000,398.27,400.65,398.04,400.1,7153.722
1747378800000,400.1,401.99,398.48,399.89,8178.158
1747382400000,399.9,400.54,394.28,395.83,16784.491
1747386000000,395.83,399.16,395.63,398.84,14869.525
1747389600000,398.88,399.26,396.79,398.95,11858.957
1747393200000,398.95,400.89,398.02,398.83,8104.578
1747396800000,398.83,400.61,397.77,397.99,8669.438
1747400400000,397.98,399.28,396.18,399.18,13466.007
1747404000000,399.17,399.26,394.88,396.75,16843.686
1747407600000,396.75,399.91,396.75,399.75,10048.582
1747411200000,399.76,401.55,398.02,400.19,10456.739
1747414800000,400.19,401.94,398.02,398.75,7669.031
1747418400000,398.78,401.13,398.57,399.74,7522.512
1747422000000,399.7,401.27,399.2,400.84,5678.47
1747425600000,400.8,400.81,395.36,398.02,10904.658
1747429200000,398.03,400.0,397.2,398.12,5198.457
1747432800000,398.13,398.49,392.14,394.28,12869.692
1747436400000,394.28,398.35,394.19,395.5,6604.546
1747440000000,395.51,396.62,390.5,393.28,15303.413
1747443600000,393.27,394.22,387.04,389.9,18557.847
1747447200000,389.86,394.63,388.54,393.72,12981.522
1747450800000,393.8,397.85,392.22,397.29,9090.926
1747454400000,397.28,401.51,396.04,399.88,15037.895
1747458000000,399.87,400.32,397.31,397.63,7899.423
1747461600000,397.64,399.43,396.61,397.39,6155.662
1747465200000,397.39,398.26,392.62,395.03,12892.701
1747468800000,395.03,396.84,392.6,394.1,10259.899
1747472400000,394.1,395.35,391.68,394.84,9870.023
1747476000000,394.83,397.98,394.34,396.33,8631.706
1747479600000,396.36,397.68,394.67,396.14,5877.009
1747483200000,396.17,396.82,393.08,393.49,6364.402
1747486800000,393.49,394.42,388.87,390.4,14678.343
1747490400000,390.41,392.87,390.32,392.62,8743.478
1747494000000,392.63,393.23,390.0,390.06,7175.718
1747497600000,390.03,390.67,385.4,388.2,16287.021
1747501200000,388.21,392.25,387.64,389.34,9012.641
1747504800000,389.33,393.73,388.54,389.06,11463.134
1747508400000,389.06,391.08,387.98,389.44,5593.747
1747512000000,389.39,394.63,388.57,393.85,9879.182
1747515600000,393.86,394.27,390.7,392.6,5667.969
1747519200000,392.6,392.63,387.19,389.43,7973.88
1747522800000,389.44,391.93,388.68,391.79,4564.708
1747526400000,391.8,394.11,390.47,393.8,9693.785
1747530000000,393.81,396.41,392.68,395.46,14994.533
1747533600000,395.45,396.53,394.72,396.03,6099.764
1747537200000,396.03,397.5,394.3,395.92,9479.229
1747540800000,395.92,398.31,395.56,397.33,6739.178
1747544400000,397.32,399.98,397.07,399.6,12026.474
1747548000000,399.6,400.48,398.09,399.18,11110.199
1747551600000,399.16,399.54,395.84,398.51,17383.794
1747555200000,398.52,401.58,398.28,400.17,24033.712
1747558800000,400.17,401.14,398.58,399.35,7567.45
1747562400000,399.33,400.39,398.06,399.4,6760.976
1747566000000,399.38,400.59,397.6,397.95,7094.919
1747569600000,397.94,398.97,396.6,398.47,12406.685
1747573200000,398.45,401.59,397.6,401.22,7163.909
1747576800000,401.23,404.92,401.23,403.43,22107.623
1747580400000,403.43,407.89,401.91,406.71,33676.196
1747584000000,406.73,407.59,404.35,406.29,18203.275
1747587600000,406.3,407.93,400.04,401.04,22519.485
1747591200000,400.95,401.48,394.93,400.18,29273.446
1747594800000,400.11,402.57,396.17,396.18,14448.041
1747598400000,396.18,397.12,388.22,396.47,29489.397
1747602000000,396.48,399.28,396.25,397.36,9502.676
1747605600000,397.37,404.76,394.01,404.18,16249.863
1747609200000,404.18,407.29,402.68,406.32,13250.048
1747612800000,406.32,408.45,399.06,399.89,25918.846
1747616400000,399.87,401.14,396.53,398.83,14875.959
1747620000000,398.82,399.27,395.4,396.67,9483.706
1747623600000,396.65,396.65,391.04,391.31,12901.922
1747627200000,391.39,393.54,384.21,384.95,24660.113
1747630800000,384.95,385.4,381.46,383.08,22526.993
1747634400000,383.08,384.3,375.08,375.36,33607.235
1747638000000,375.37,384.6,375.06,382.32,21169.302
1747641600000,382.3,383.08,379.27,381.76,12794.139
1747645200000,381.77,384.07,379.79,382.23,16668.185
1747648800000,382.24,384.51,381.02,383.69,7825.25
1747652400000,383.7,384.44,382.82,383.26,5710.314
1747656000000,383.26,383.47,377.96,379.85,10792.607
1747659600000,379.86,384.63,379.24,383.4,13104.601
1747663200000,383.36,388.06,382.68,386.7,16188.687
1747666800000,386.7,387.7,384.4,385.86,17614.579
1747670400000,385.86,389.49,383.76,389.18,11213.575
1747674000000,389.19,391.19,387.72,390.44,14444.073
1747677600000,390.41,390.95,386.61,388.09,8291.765
1747681200000,388.1,391.7,387.71,390.77,6588.062
1747684800000,390.76,392.77,389.68,392.03,7812.953
1747688400000,392.02,392.25,389.33,391.75,5212.913
1747692000000,391.75,392.15,389.81,390.53,5523.605
1747695600000,390.54,393.19,390.44,392.34,5690.035
1747699200000,392.35,395.01,392.3,392.7,11089.307
1747702800000,392.69,397.91,392.38,396.44,8063.342
1747706400000,396.44,398.31,395.65,396.6,11371.93
1747710000000,396.63,397.03,393.94,394.88,9376.007
1747713600000,394.87,395.66,392.97,395.53,7889.201
1747717200000,395.53,396.45,393.2,393.34,6060.521
1747720800000,393.33,393.91,391.19,392.93,10087.488
1747724400000,392.94,393.76,389.74,390.83,11089.937
1747728000000,390.83,391.4,388.04,389.21,9080.162
1747731600000,389.2,390.42,387.61,388.26,7735.924
1747735200000,388.3,389.32,386.44,388.29,8196.629
1747738800000,388.29,389.13,386.57,388.96,7574.146
1747742400000,388.95,388.95,384.31,386.0,10331.703
1747746000000,386.03,387.73,384.2,385.61,9601.682
1747749600000,385.61,386.84,383.62,384.94,9742.996
1747753200000,384.94,387.0,384.83,386.56,6137.851
1747756800000,386.57,387.06,384.5,384.93,6255.15
1747760400000,384.93,390.11,384.81,389.66,12728.971
1747764000000,389.65,390.74,384.54,385.14,13747.76
1747767600000,385.13,391.9,384.39,391.0,12487.62
1747771200000,391.01,393.4,389.39,391.92,12376.41
1747774800000,391.94,394.39,391.27,393.24,9817.794
1747778400000,393.25,394.19,390.7,393.56,6817.527
1747782000000,393.54,395.79,392.78,393.91,7996.488
1747785600000,393.92,394.36,391.85,392.76,7919.959
1747789200000,392.75,394.92,391.69,392.13,5944.012
1747792800000,392.13,394.59,389.69,394.31,9057.29
1747796400000,394.31,395.82,393.85,394.49,7199.18
1747800000000,394.49,397.73,394.26,396.1,10335.893
1747803600000,396.1,399.24,395.91,398.87,11602.2
1747807200000,398.87,401.74,397.71,400.68,14296.057
1747810800000,400.68,401.42,396.67,398.57,20285.177
1747814400000,398.51,399.83,396.14,396.86,11239.082
1747818000000,396.87,397.92,394.5,395.02,9245.196
1747821600000,395.02,396.81,394.04,396.35,7036.47
1747825200000,396.36,398.33,396.19,397.51,7216.469
1747828800000,397.51,398.4,396.31,397.58,4697.617
1747832400000,397.57,402.93,397.05,401.48,14189.375
1747836000000,401.48,406.06,398.86,405.81,20080.975
1747839600000,405.81,410.8,404.31,406.76,53600.065
1747843200000,406.78,412.0,405.87,409.04,23507.537
1747846800000,409.04,410.49,395.37,399.28,58667.955
1747850400000,399.31,402.77,396.99,399.8,19022.449
1747854000000,399.81,406.23,397.56,406.16,13366.58
1747857600000,406.14,406.55,402.09,404.95,9674.568
1747861200000,404.95,405.65,402.43,402.49,5422.174
1747864800000,402.46,405.17,401.7,404.32,8330.527
1747868400000,404.31,410.55,402.97,406.78,21623.718
1747872000000,406.78,414.99,406.78,413.44,37584.158
1747875600000,413.51,416.55,412.01,412.51,19569.012
1747879200000,412.52,426.04,411.91,419.57,59049.887
1747882800000,419.51,426.03,417.48,420.27,31649.748
1747886400000,420.28,421.31,417.31,417.33,28216.673
1747890000000,417.33,417.33,414.46,414.56,13009.056
1747893600000,414.59,416.07,413.65,414.02,9236.159
1747897200000,414.02,415.93,413.26,415.07,10907.416
1747900800000,415.08,420.69,415.04,417.44,29396.439
1747904400000,417.46,440.74,417.14,431.49,137005.498
1747908000000,431.51,439.15,427.81,435.68,50490.472
1747911600000,435.67,435.82,432.26,433.8,27821.402
1747915200000,433.8,435.0,429.77,432.46,17616.521
1747918800000,432.46,433.14,426.34,426.67,21760.198
1747922400000,426.67,433.17,425.79,430.23,35123.628
1747926000000,430.22,435.54,429.1,434.47,19012.067
1747929600000,434.51,438.1,433.47,435.41,18808.81
1747933200000,435.41,438.41,434.42,436.44,12638.406
1747936800000,436.49,438.64,436.49,437.94,6328.307
1747940400000,437.97,438.3,434.51,435.99,11000.646
1747944000000,436.02,436.77,434.38,436.66,8281.714
1747947600000,436.67,439.8,434.3,439.18,11595.307
1747951200000,439.19,444.54,438.86,441.21,26396.487
1747954800000,441.22,445.7,440.06,443.98,20256.697
1747958400000,443.99,449.0,443.11,445.82,25481.072
1747962000000,445.81,447.32,442.31,443.43,16012.504
1747965600000,443.43,464.4,442.99,451.04,53712.935
1747969200000,451.04,454.95,450.86,451.47,15828.617
1747972800000,451.45,452.74,442.14,449.86,30487.364
1747976400000,449.85,451.59,448.03,448.99,10630.489
1747980000000,448.98,449.3,435.76,436.49,65958.902
1747983600000,436.47,438.67,433.97,435.42,28405.572
1747987200000,435.43,438.64,435.37,436.76,13088.022
1747990800000,436.77,443.5,435.71,441.81,38660.803
1747994400000,441.81,441.92,438.14,441.28,11230.493
1747998000000,441.28,441.48,427.7,432.3,47339.296
1748001600000,432.3,432.93,423.48,432.49,77041.885
1748005200000,432.5,438.94,431.19,438.12,23187.409
1748008800000,438.14,445.75,438.14,441.05,25888.048
1748012400000,441.05,445.68,440.94,442.92,26986.745
1748016000000,442.94,445.05,438.53,444.21,26164.064
1748019600000,444.21,445.25,442.35,442.83,17028.147
1748023200000,442.8,443.82,440.46,441.57,13933.3
1748026800000,441.56,444.19,437.73,438.84,11285.466
1748030400000,438.83,438.95,432.57,432.69,13511.884
1748034000000,432.68,437.35,432.54,434.13,13354.236
1748037600000,434.14,436.92,430.64,430.64,9473.82
1748041200000,430.71,431.33,424.12,426.19,17270.382
1748044800000,426.19,429.04,423.85,424.34,19190.325
1748048400000,424.33,432.26,424.17,430.16,15303.54
1748052000000,430.16,430.29,426.31,429.19,11727.76
1748055600000,429.19,431.7,428.66,429.24,8199.782
1748059200000,429.24,430.95,427.55,430.16,6734.754
1748062800000,430.17,430.59,427.49,429.74,4605.93
1748066400000,429.73,430.57,426.46,428.21,10182.446
1748070000000,428.2,430.02,426.5,427.39,6594.18
1748073600000,427.4,430.44,426.02,430.07,7846.029
1748077200000,430.07,430.52,427.37,427.82,5805.747
1748080800000,427.81,431.32,426.93,430.35,8542.65
1748084400000,430.38,431.24,427.76,428.57,7313.649
1748088000000,428.57,428.87,426.65,427.97,5991.427
1748091600000,427.99,428.18,426.44,426.87,3481.514
1748095200000,426.84,428.27,425.57,427.94,5524.67
1748098800000,427.94,429.69,426.03,427.08,6100.313
1748102400000,427.07,430.38,426.15,428.37,7881.781
1748106000000,428.37,429.69,425.93,425.93,5255.383
1748109600000,425.91,428.89,424.47,424.88,6863.313
1748113200000,424.88,426.07,423.98,424.38,4581.546
1748116800000,424.37,427.28,423.62,426.06,6536.703
1748120400000,426.07,426.5,420.26,424.6,7126.691
1748124000000,424.65,424.75,420.36,421.14,5715.664
1748127600000,421.14,422.19,418.88,421.09,9853.907
1748131200000,421.15,422.44,415.59,417.76,19338.275
1748134800000,417.75,421.02,415.85,420.38,13717.586
1748138400000,420.39,421.08,417.62,419.66,5547.355
1748142000000,419.65,422.74,419.37,421.82,5786.094
1748145600000,421.82,425.87,420.27,425.27,8056.515
1748149200000,425.26,427.42,423.65,424.13,7537.115
1748152800000,424.14,424.71,423.0,424.56,2961.321
1748156400000,424.56,424.56,419.58,420.92,9704.457
1748160000000,420.91,420.92,415.5,416.43,22653.424
1748163600000,416.48,416.48,413.09,415.48,12531.77
1748167200000,415.49,415.94,411.43,412.04,9656.141
1748170800000,412.04,413.62,409.68,413.28,12747.117
1748174400000,413.29,414.63,411.25,414.34,9010.983
1748178000000,414.35,415.64,412.67,414.05,6846.858
1748181600000,414.06,414.33,410.42,411.38,8429.564
1748185200000,411.39,412.92,407.3,412.64,16966.151
1748188800000,412.64,412.64,408.01,411.0,7846.956
1748192400000,411.01,413.03,409.71,411.65,5567.242
1748196000000,411.66,413.43,411.15,411.94,4340.99
1748199600000,411.94,417.21,411.34,415.26,6018.389
1748203200000,415.27,415.48,412.34,412.69,5532.035
1748206800000,412.69,413.69,409.51,410.37,6704.296
1748210400000,410.38,420.37,410.38,420.27,14372.75
1748214000000,420.27,422.88,419.44,422.32,12688.204
1748217600000,422.31,425.86,420.87,425.73,25974.439
1748221200000,425.72,428.99,423.52,424.35,15169.719
1748224800000,424.35,424.77,422.06,422.84,8690.283
1748228400000,422.85,425.18,422.09,424.89,4843.45
1748232000000,424.89,425.35,424.05,424.31,6239.932
1748235600000,424.31,425.78,423.27,424.55,4680.455
1748239200000,424.56,425.01,423.18,424.63,4318.019
1748242800000,424.64,427.34,423.86,424.29,9473.419
1748246400000,424.31,424.66,421.01,421.4,7768.519
1748250000000,421.39,422.67,418.68,419.92,8680.251
1748253600000,419.92,420.0,417.23,418.11,7070.505
1748257200000,418.11,421.73,417.05,419.8,12906.489
1748260800000,419.8,421.34,418.92,420.66,6837.444
1748264400000,420.67,421.56,415.4,417.42,13806.277
1748268000000,417.42,417.78,414.18,415.4,11663.34
1748271600000,415.41,419.0,413.39,417.64,12087.746
1748275200000,417.65,418.81,413.49,416.01,12438.781
1748278800000,416.01,417.26,412.58,414.29,8304.663
1748282400000,414.3,416.28,413.35,413.9,5390.346
1748286000000,413.9,414.98,412.48,414.44,4823.132
1748289600000,414.44,417.09,413.51,417.0,6187.941
1748293200000,417.0,417.0,414.18,416.18,3336.356
1748296800000,416.19,418.19,414.04,414.23,5393.65
1748300400000,414.23,416.01,413.62,415.1,5869.442
1748304000000,415.1,416.1,413.01,413.8,5331.555
1748307600000,413.82,413.85,408.0,410.0,15266.863
1748311200000,410.01,412.86,409.68,411.35,7357.466
1748314800000,411.3,415.47,411.18,413.28,7237.388
1748318400000,413.29,416.32,412.89,414.48,7633.166
1748322000000,414.5,416.2,412.34,416.0,7733.114
1748325600000,416.01,418.72,415.08,415.1,11414.211
1748329200000,415.11,420.24,415.1,419.13,6321.646
1748332800000,419.15,420.48,418.68,419.19,11009.638
1748336400000,419.2,420.45,418.18,420.39,5734.907
1748340000000,420.4,421.42,419.09,419.99,7562.762
1748343600000,419.99,420.29,418.05,419.6,7021.707
1748347200000,419.6,420.0,418.27,419.7,6141.978
1748350800000,419.7,424.12,419.56,420.74,22702.299
1748354400000,420.72,422.47,415.0,417.72,17891.295
1748358000000,417.73,420.76,416.3,419.94,8026.99
1748361600000,419.94,421.34,418.57,419.79,8581.926
1748365200000,419.79,421.43,418.74,420.08,4896.269
1748368800000,420.08,420.55,418.22,418.62,4050.447
1748372400000,418.61,418.63,416.83,417.94,4691.33
1748376000000,417.94,419.23,416.94,417.12,3728.46
1748379600000,417.1,418.77,415.19,416.31,5298.355
1748383200000,416.32,416.41,413.1,415.03,7848.021
1748386800000,415.02,415.58,412.57,414.28,5599.331
1748390400000,414.28,415.78,412.02,415.49,8215.762
1748394000000,415.5,416.31,414.18,414.51,7424.066
1748397600000,414.5,414.98,412.45,414.04,8171.264
1748401200000,414.04,416.01,413.38,415.53,4811.827
1748404800000,415.52,417.72,414.39,417.4,6246.728
1748408400000,417.4,418.37,416.25,417.36,4679.602
1748412000000,417.37,417.42,414.34,414.58,6842.737
1748415600000,414.58,418.29,413.94,417.77,7202.768
1748419200000,417.78,420.53,417.02,419.06,10469.403
1748422800000,419.09,419.23,415.08,416.46,10640.387
1748426400000,416.46,419.18,414.54,418.53,6788.158
1748430000000,418.53,419.77,418.29,418.5,5882.072
1748433600000,418.5,419.96,417.5,417.93,6660.715
1748437200000,417.94,418.09,412.0,412.51,13115.4
1748440800000,412.48,413.2,407.51,407.71,19396.92
1748444400000,407.71,408.59,404.1,406.1,17475.318
1748448000000,406.11,408.81,405.82,408.38,6832.501
1748451600000,408.39,410.3,406.65,407.83,8380.634
1748455200000,407.82,409.53,406.26,406.38,4253.487
1748458800000,406.4,408.24,404.21,404.73,7486.701
1748462400000,404.73,409.19,404.41,409.13,9141.599
1748466000000,409.16,411.75,407.46,410.84,6301.117
1748469600000,410.83,412.22,410.41,411.96,5324.204
1748473200000,411.96,427.5,411.95,424.58,82829.362
1748476800000,424.58,425.31,418.93,422.56,25615.527
1748480400000,422.56,424.15,421.26,422.82,12474.81
1748484000000,422.82,428.03,422.48,426.64,15696.096
1748487600000,426.63,427.15,423.54,424.28,9715.058
1748491200000,424.27,425.18,418.45,421.9,15806.306
1748494800000,421.9,423.08,420.02,420.55,5739.455
1748498400000,420.54,423.45,419.81,422.6,8378.506
1748502000000,422.61,423.48,421.33,422.61,6887.782
1748505600000,422.64,423.86,421.49,423.61,6607.289
1748509200000,423.6,423.98,422.14,422.3,4302.357
1748512800000,422.31,422.86,421.12,421.74,6450.729
1748516400000,421.74,422.12,418.21,418.91,9824.475
1748520000000,418.9,418.9,415.0,416.34,13695.167
1748523600000,416.34,417.41,411.51,412.08,16565.882
1748527200000,412.08,414.94,408.06,413.84,22133.127
1748530800000,413.85,414.98,411.56,412.59,11318.4
1748534400000,412.59,412.71,409.94,410.95,10309.011
1748538000000,410.95,411.67,408.76,410.53,11882.422
1748541600000,410.54,412.06,406.81,407.27,9742.266
1748545200000,407.28,409.05,405.04,407.58,13256.892
1748548800000,407.57,410.83,407.48,409.54,7809.077
1748552400000,409.55,412.26,408.64,412.13,3524.661
1748556000000,412.13,412.21,410.14,410.26,6046.877
1748559600000,410.26,411.66,407.25,409.3,8299.004
1748563200000,409.3,412.65,395.5,400.56,35249.049
1748566800000,400.58,408.47,399.63,406.75,22347.787
1748570400000,406.75,411.42,406.68,410.94,11481.829
1748574000000,410.94,414.36,410.14,410.93,10923.913
1748577600000,410.94,411.93,410.09,410.7,7002.594
1748581200000,410.7,411.5,409.06,410.26,7529.07
1748584800000,410.27,410.46,404.79,406.08,14255.775
1748588400000,406.08,407.18,403.77,404.24,11097.801
1748592000000,404.24,405.8,402.44,404.25,12127.786
1748595600000,404.25,405.45,400.49,405.02,11825.463
1748599200000,405.01,407.36,402.66,407.27,9274.974
1748602800000,407.28,410.58,406.97,408.22,9844.634
1748606400000,408.22,413.57,404.46,410.48,16190.186
1748610000000,410.47,411.1,404.72,405.01,17946.725
1748613600000,405.01,409.47,404.54,407.83,14158.941
1748617200000,407.82,410.18,406.7,406.94,10349.399
1748620800000,406.95,407.78,393.96,397.04,39594.837
1748624400000,397.05,402.06,395.53,401.96,13984.892
1748628000000,401.98,406.59,400.93,404.94,12713.632
1748631600000,404.94,407.87,404.24,407.02,8036.618
1748635200000,407.0,409.13,405.19,406.78,9688.138
1748638800000,406.79,409.46,405.28,407.2,7989.314
1748642400000,407.21,408.02,399.8,399.9,19525.18
1748646000000,399.92,402.49,397.35,398.17,26644.848
1748649600000,398.1,401.23,389.55,394.32,40848.359
1748653200000,394.33,398.23,388.88,393.11,34265.809
1748656800000,393.1,398.36,391.0,392.91,16189.935
1748660400000,392.92,398.6,389.93,397.21,20708.871
1748664000000,397.21,402.51,391.75,401.72,19986.721
1748667600000,401.71,402.11,399.34,400.03,10877.87
1748671200000,400.03,402.6,399.89,400.82,12792.588
1748674800000,400.82,402.26,400.03,401.03,6387.987
1748678400000,401.04,403.68,400.21,401.85,10793.427
1748682000000,401.86,403.33,399.45,403.24,13744.274
1748685600000,403.25,406.05,401.53,403.44,15835.748
1748689200000,403.44,406.48,402.9,406.06,8208.818
1748692800000,406.07,409.12,405.9,409.12,15398.17
1748696400000,409.13,416.66,409.0,413.0,34586.067
1748700000000,412.99,415.38,411.24,414.92,13942.232
1748703600000,414.92,419.11,414.12,416.8,22678.584
1748707200000,416.8,422.6,415.86,420.44,33850.409
1748710800000,420.43,421.24,417.24,418.1,23449.425
1748714400000,418.09,420.81,414.99,416.05,16331.686
1748718000000,416.05,417.78,415.74,417.78,8265.033
1748721600000,417.78,418.14,415.47,417.05,7238.61
1748725200000,417.05,417.7,415.31,416.2,8984.455
1748728800000,416.2,416.99,412.72,412.76,8312.964
1748732400000,412.78,414.95,411.74,414.7,12225.25
1748736000000,414.71,415.27,413.35,413.83,9639.138
1748739600000,413.82,414.99,411.22,413.04,9627.625
1748743200000,413.08,414.0,409.66,411.68,15185.84
1748746800000,411.69,411.86,407.63,408.67,11001.159
1748750400000,408.68,411.3,408.19,409.44,7083.449
1748754000000,409.45,410.85,405.03,405.58,11296.787
1748757600000,405.58,405.75,402.78,402.99,9414.726
1748761200000,402.99,403.99,402.02,402.68,9932.345
1748764800000,402.69,402.69,400.21,401.81,14409.512
1748768400000,401.82,403.23,397.74,398.4,19075.031
1748772000000,398.39,398.81,396.57,398.09,13708.836
1748775600000,398.09,402.23,397.53,401.66,12621.749
1748779200000,401.67,402.09,397.95,399.83,13541.14
1748782800000,399.83,401.0,399.1,400.63,7004.0
1748786400000,400.62,404.23,400.62,401.73,13482.587
1748790000000,401.72,402.18,400.21,401.96,10358.346
1748793600000,401.96,405.62,401.66,403.99,19929.956
1748797200000,403.99,405.91,403.72,404.87,7857.289
1748800800000,404.88,404.88,399.35,401.62,13147.551
1748804400000,401.62,405.91,401.38,405.41,7127.735
1748808000000,405.38,405.77,403.88,404.37,5698.309
1748811600000,404.36,405.81,403.68,404.13,6025.659
1748815200000,404.13,405.63,403.66,404.15,7329.859
1748818800000,404.15,405.65,402.74,403.07,6593.451
1748822400000,403.06,403.22,401.14,401.56,9183.491
1748826000000,401.56,403.22,401.0,401.75,6241.277
1748829600000,401.74,402.43,400.55,400.68,7982.557
1748833200000,400.68,400.79,397.54,399.06,12500.597
1748836800000,399.05,401.67,399.01,400.6,9449.036
1748840400000,400.6,402.84,400.26,402.77,7899.241
1748844000000,402.76,405.25,402.05,404.44,11082.337
1748847600000,404.44,405.98,403.69,404.86,7527.91
1748851200000,404.86,407.05,404.62,405.8,10921.42
1748854800000,405.81,405.89,401.8,402.54,10747.836
1748858400000,402.52,404.19,401.7,402.02,8525.455
1748862000000,402.01,402.13,399.68,400.13,6289.368
1748865600000,400.1,402.35,400.02,402.11,8339.904
1748869200000,402.11,402.41,399.0,399.96,11110.457
1748872800000,399.93,401.09,398.48,399.27,15461.023
1748876400000,399.26,400.8,397.4,399.91,17885.007
1748880000000,399.9,400.11,397.6,399.53,7370.017
1748883600000,399.53,400.49,398.23,399.62,5090.937
1748887200000,399.61,402.48,398.27,398.59,9713.441
1748890800000,398.6,400.12,396.74,398.32,7413.389
1748894400000,398.34,400.81,398.23,399.0,9026.798
1748898000000,398.98,401.21,398.87,400.92,6235.133
1748901600000,400.93,404.03,400.93,402.4,12572.424
1748905200000,402.41,404.55,402.24,403.42,11063.216
1748908800000,403.43,405.27,402.0,402.83,13271.781
1748912400000,402.84,405.97,402.6,405.54,10271.882
1748916000000,405.55,407.05,404.9,405.42,14527.178
1748919600000,405.42,405.5,401.64,402.78,13002.587
1748923200000,402.79,404.66,402.42,403.25,6859.625
1748926800000,403.26,405.41,403.1,404.64,7827.897
1748930400000,404.63,405.33,403.53,404.37,4299.249
1748934000000,404.38,404.76,402.2,403.11,5904.351
1748937600000,403.11,403.41,399.52,400.98,8817.455
1748941200000,400.98,402.73,399.87,402.17,9985.183
1748944800000,402.18,403.19,401.13,402.88,7562.65
1748948400000,402.89,404.09,401.72,402.19,7928.23
1748952000000,402.19,404.52,401.41,403.59,7000.811
1748955600000,403.6,405.38,402.33,404.09,13060.795
1748959200000,404.1,407.0,402.34,406.81,18505.624
1748962800000,406.82,408.8,405.7,407.6,16628.728
1748966400000,407.6,408.04,405.24,406.01,15283.101
1748970000000,406.01,406.83,405.61,406.21,5124.35
1748973600000,406.21,406.34,403.69,405.32,8007.622
1748977200000,405.32,406.52,404.76,405.11,5020.07
1748980800000,405.14,405.57,400.33,402.76,11313.164
1748984400000,402.71,403.44,400.0,401.54,7369.886
1748988000000,401.6,404.38,400.9,403.76,7617.158
1748991600000,403.77,403.91,400.01,400.52,8549.71
1748995200000,400.51,403.41,400.12,403.23,6360.183
1748998800000,403.24,404.58,403.03,403.29,6934.655
1749002400000,403.3,404.52,402.48,402.74,5809.634
1749006000000,402.73,404.67,402.67,403.82,4651.751
1749009600000,403.83,404.76,403.67,404.07,4961.606
1749013200000,404.06,405.0,402.63,402.89,5083.186
1749016800000,402.9,403.81,402.51,403.22,3752.384
1749020400000,403.22,404.2,402.57,403.43,3721.895
1749024000000,403.42,406.0,403.37,405.26,6339.632
1749027600000,405.26,408.55,405.19,408.19,9017.249
1749031200000,408.2,410.48,407.53,409.06,15511.794
1749034800000,409.06,409.6,405.33,405.53,12044.429
1749038400000,405.54,406.31,403.26,403.32,12759.1
1749042000000,403.3,405.3,402.2,402.95,10527.165
1749045600000,402.95,405.42,400.52,405.23,14841.784
1749049200000,405.24,406.98,404.75,405.08,10607.062
1749052800000,405.08,407.16,404.84,406.96,6458.904
1749056400000,406.95,408.0,405.65,407.71,8139.19
1749060000000,407.71,409.23,406.88,407.28,7399.55
1749063600000,407.25,408.14,405.5,405.51,6673.479
1749067200000,405.5,405.79,400.28,400.57,15861.339
1749070800000,400.57,402.61,396.52,400.65,19145.256
1749074400000,400.65,402.46,399.09,400.82,11603.865
1749078000000,400.81,402.1,399.21,399.95,7907.026
1749081600000,399.94,402.44,399.29,401.8,9199.768
1749085200000,401.79,402.46,397.94,398.89,11147.289
1749088800000,398.89,402.53,398.89,400.99,10372.274
1749092400000,400.99,402.09,400.25,401.72,5046.14
1749096000000,401.71,404.64,401.47,404.04,8590.916
1749099600000,404.04,404.63,399.82,400.81,6969.756
1749103200000,400.8,403.64,400.59,401.48,12159.305
1749106800000,401.48,403.82,400.03,400.47,14774.487
1749110400000,400.48,401.2,398.57,399.26,9916.475
1749114000000,399.26,400.94,398.41,400.09,6159.99
1749117600000,400.1,401.3,396.1,398.2,13109.263
1749121200000,398.2,400.83,397.44,400.31,7653.992
1749124800000,400.31,404.36,399.72,403.41,16136.394
1749128400000,403.41,404.46,398.24,398.67,21221.639
1749132000000,398.67,402.56,395.99,401.15,20747.063
1749135600000,401.15,404.2,399.96,402.72,15536.658
1749139200000,402.77,403.5,397.38,397.92,16997.236
1749142800000,397.96,400.16,397.49,399.62,9100.899
1749146400000,399.6,400.47,395.31,399.45,14944.027
1749150000000,399.48,400.04,388.53,392.0,36504.692
1749153600000,392.01,393.22,377.89,378.59,57477.299
1749157200000,378.56,385.46,377.18,384.08,28525.578
1749160800000,384.09,384.87,380.6,383.75,14879.857
1749164400000,383.76,387.35,383.55,384.88,11475.775
1749168000000,384.89,386.34,382.41,383.65,17457.654
1749171600000,383.66,384.33,381.85,382.8,13206.953
1749175200000,382.79,383.79,380.12,383.36,10509.22
1749178800000,383.37,384.32,381.15,384.22,10807.881
1749182400000,384.21,386.0,382.8,384.86,9978.304
1749186000000,384.87,386.96,384.84,386.88,7525.771
1749189600000,386.89,388.11,385.44,385.58,8980.655
1749193200000,385.59,386.75,384.53,385.94,7733.366
1749196800000,385.94,387.6,385.46,386.6,7094.88
1749200400000,386.61,387.4,384.83,384.85,7079.544
1749204000000,384.84,386.48,383.21,383.85,16989.921
1749207600000,383.85,386.0,383.76,385.51,10020.947
1749211200000,385.52,389.96,384.87,386.5,17605.68
1749214800000,386.5,390.54,386.3,389.03,13259.89
1749218400000,389.03,393.98,388.99,393.88,12581.422
1749222000000,393.88,395.35,391.45,394.36,17707.66
1749225600000,394.36,394.68,391.37,392.16,8807.13
1749229200000,392.15,397.97,391.62,397.74,14283.582
1749232800000,397.74,399.38,393.32,394.97,16071.682
1749236400000,394.95,396.94,394.92,396.28,4943.579
1749240000000,396.36,399.25,395.43,398.24,8150.429
1749243600000,398.24,398.46,394.68,396.8,6344.181
1749247200000,396.8,398.15,395.62,398.01,4874.148
1749250800000,398.01,398.15,395.33,395.47,4844.985
1749254400000,395.48,395.87,393.51,395.7,9474.765
1749258000000,395.69,395.82,394.03,394.26,5006.464
1749261600000,394.25,396.59,393.54,396.59,8283.116
1749265200000,396.59,398.96,395.48,395.83,11918.994
1749268800000,395.84,396.07,394.0,394.65,7005.982
1749272400000,394.65,398.46,394.1,397.4,7950.039
1749276000000,397.4,399.6,395.76,399.37,19897.224
1749279600000,399.38,407.33,398.42,406.29,25954.757
1749283200000,406.29,410.27,403.49,406.31,26475.424
1749286800000,406.3,408.33,405.01,406.76,9914.727
1749290400000,406.79,408.72,405.92,407.6,7892.232
1749294000000,407.59,409.27,406.33,409.04,10101.908
1749297600000,409.0,411.48,408.08,409.75,19994.38
1749301200000,409.75,409.87,406.25,408.82,16867.922
1749304800000,408.82,409.39,408.01,408.47,5520.953
1749308400000,408.47,410.62,407.22,408.96,11930.33
1749312000000,408.95,411.29,408.77,409.36,13075.474
1749315600000,409.36,409.96,408.16,408.32,5999.741
1749319200000,408.32,409.51,405.3,407.01,9771.258
1749322800000,407.0,407.88,406.62,406.92,4762.865
1749326400000,406.92,407.78,406.15,406.66,4258.538
1749330000000,406.66,409.77,406.17,409.05,5922.205
1749333600000,409.05,409.91,408.24,408.28,5913.281
1749337200000,408.27,409.57,408.04,409.05,6676.397
1749340800000,409.05,411.28,408.39,410.08,10466.321
1749344400000,410.08,410.22,408.81,409.86,5004.301
1749348000000,409.86,411.04,409.41,410.17,4751.341
1749351600000,410.18,410.34,407.05,408.39,9424.785
1749355200000,408.4,408.72,406.8,407.21,7340.293
1749358800000,407.2,408.26,406.02,406.2,4759.52
1749362400000,406.2,407.84,406.15,407.59,4457.261
1749366000000,407.59,410.18,407.52,408.61,11539.464
1749369600000,408.6,410.29,408.59,409.27,6462.159
1749373200000,409.27,410.27,407.47,409.22,14725.662
1749376800000,409.22,412.94,408.67,411.77,21899.974
1749380400000,411.78,415.56,411.21,414.71,20695.113
1749384000000,414.71,416.34,413.33,415.46,15715.62
1749387600000,415.47,416.56,412.15,415.12,27057.0
1749391200000,415.14,417.38,413.7,417.17,14289.72
1749394800000,417.18,417.88,416.02,417.4,9173.041
1749398400000,417.36,419.78,416.47,417.6,11133.955
1749402000000,417.55,417.75,415.31,415.67,7721.681
1749405600000,415.67,416.37,414.26,414.4,7427.008
1749409200000,414.39,416.07,414.15,415.45,5815.548
1749412800000,415.46,415.53,414.8,414.88,3286.912
1749416400000,414.87,415.16,413.38,413.97,4838.4
1749420000000,413.98,414.09,412.0,412.45,9964.293
1749423600000,412.41,412.63,410.16,410.62,10537.372
1749427200000,410.62,413.32,410.29,411.64,15445.063
1749430800000,411.64,414.91,410.9,413.52,11566.942
1749434400000,413.52,417.14,413.42,415.56,10483.787
1749438000000,415.56,416.0,412.61,414.18,7922.721
1749441600000,414.16,414.16,412.93,413.82,5069.821
1749445200000,413.82,414.87,411.81,413.44,8025.504
1749448800000,413.44,417.7,412.58,417.19,14801.455
1749452400000,417.2,417.26,414.43,414.95,9126.402
1749456000000,414.96,419.46,414.96,417.09,19720.105
1749459600000,417.09,419.1,416.41,417.82,13638.082
1749463200000,417.83,425.03,417.83,420.83,35035.946
1749466800000,420.82,421.17,418.77,419.06,13499.343
1749470400000,419.05,421.16,417.8,419.88,14320.701
1749474000000,419.88,420.1,416.23,417.62,24733.45
1749477600000,417.61,418.91,416.93,418.14,7549.673
1749481200000,418.15,419.65,416.77,418.02,6354.82
1749484800000,418.01,421.01,417.6,420.35,10193.049
1749488400000,420.35,426.34,420.35,425.03,16904.137
1749492000000,425.0,425.86,421.62,422.45,8743.193
1749495600000,422.46,423.13,421.05,421.51,6657.981
1749499200000,421.51,422.27,420.64,421.33,6386.521
1749502800000,421.32,426.42,421.31,425.46,15684.527
1749506400000,425.49,429.52,425.49,427.9,17652.77
1749510000000,427.9,428.21,424.65,424.77,9767.135
1749513600000,424.78,428.81,421.58,426.63,30807.544
1749517200000,426.62,427.07,425.11,426.32,9253.197
1749520800000,426.31,427.07,423.46,425.6,11466.869
1749524400000,425.61,428.02,423.12,424.65,18845.291
1749528000000,424.65,425.52,423.41,423.88,7689.736
1749531600000,423.87,424.25,421.16,423.13,10909.635
1749535200000,423.14,423.32,418.51,419.89,22251.701
1749538800000,419.91,420.14,417.52,419.05,11789.834
1749542400000,419.07,422.75,418.06,422.3,13410.522
1749546000000,422.31,423.64,420.58,423.16,10075.599
1749549600000,423.2,424.33,421.33,423.96,12426.873
1749553200000,423.98,431.48,423.21,430.14,32286.389
1749556800000,430.13,434.15,428.74,433.28,30378.736
1749560400000,433.29,434.63,428.29,433.26,29971.448
1749564000000,433.26,434.66,428.93,429.0,17885.244
1749567600000,429.0,431.78,423.58,428.65,19115.834
1749571200000,428.65,430.2,427.57,429.0,11623.653
1749574800000,429.0,434.51,428.97,431.33,14291.549
1749578400000,431.33,433.87,429.91,433.7,9602.168
1749582000000,433.71,438.23,433.71,435.7,20301.548
1749585600000,435.7,437.88,434.91,437.58,11119.807
1749589200000,437.58,443.28,434.31,439.99,20590.452
1749592800000,439.98,443.23,435.9,438.47,17378.499
1749596400000,438.48,438.98,437.24,438.04,8455.844
1749600000000,438.03,442.0,436.0,441.69,45946.926
1749603600000,441.69,445.0,437.06,439.22,81248.133
1749607200000,439.2,441.2,437.48,440.45,12744.155
1749610800000,440.45,443.02,439.15,439.67,12117.736
1749614400000,439.68,443.03,438.68,442.47,11307.183
1749618000000,442.43,442.49,440.33,440.65,11152.29
1749621600000,440.66,445.12,440.6,444.35,17389.943
1749625200000,444.37,445.17,442.54,444.09,14862.709
1749628800000,444.09,445.44,442.62,443.27,21284.987
1749632400000,443.27,443.54,440.37,441.2,18608.174
1749636000000,441.21,447.0,436.55,444.71,50712.481
1749639600000,444.72,445.11,442.16,443.14,19399.879
1749643200000,443.14,445.37,441.88,443.59,29657.238
1749646800000,443.57,444.54,440.86,441.42,14513.58
1749650400000,441.44,445.26,440.25,444.07,18761.383
1749654000000,444.07,445.19,443.01,444.2,10551.058
1749657600000,444.2,445.4,442.46,444.72,12061.313
1749661200000,444.72,445.12,442.89,443.2,13752.313
1749664800000,443.2,444.2,441.27,441.31,12874.024
1749668400000,441.32,441.46,427.53,429.32,139941.949
1749672000000,429.31,431.31,425.21,426.3,31003.52
1749675600000,426.31,427.78,421.05,423.31,19538.418
1749679200000,423.3,426.91,421.45,426.2,19340.632
1749682800000,426.19,429.5,425.95,428.44,14637.685
1749686400000,428.44,429.39,426.21,427.52,15713.037
1749690000000,427.5,428.6,424.98,426.64,10084.209
1749693600000,426.64,428.44,425.88,427.92,7764.762
1749697200000,427.95,431.18,425.9,429.24,21666.48
1749700800000,429.24,429.96,427.17,428.92,12351.75
1749704400000,428.93,432.5,427.92,431.37,10035.13
1749708000000,431.37,432.33,429.11,430.64,8911.825
1749711600000,430.62,431.28,427.84,428.51,9969.807
1749715200000,428.5,432.34,427.76,431.1,11081.979
1749718800000,431.1,436.01,425.56,426.28,61131.542
1749722400000,426.28,428.17,425.31,428.05,12743.824
1749726000000,428.05,428.23,426.14,426.92,8051.328
1749729600000,426.93,431.04,426.24,429.7,16664.01
1749733200000,429.71,433.27,429.64,432.84,14665.269
1749736800000,432.84,433.87,432.01,432.85,11693.195
1749740400000,432.86,434.74,431.42,432.15,19631.0
1749744000000,432.14,438.54,431.76,438.39,15907.662
1749747600000,438.38,441.5,437.91,440.68,18368.507
1749751200000,440.68,440.8,435.5,436.75,16861.814
1749754800000,436.75,437.96,430.63,431.44,16550.506
1749758400000,431.43,431.74,423.07,425.38,30059.729
1749762000000,425.36,431.37,424.48,426.29,15050.838
1749765600000,426.29,429.17,425.3,426.45,8970.753
1749769200000,426.45,427.34,423.3,423.62,11334.626
1749772800000,423.61,423.86,404.02,407.84,79532.459
1749776400000,407.8,407.8,398.23,402.71,50829.806
1749780000000,402.71,402.71,397.21,400.38,24683.561
1749783600000,400.38,405.09,399.3,403.15,23077.366
1749787200000,403.15,403.29,398.9,403.2,16675.503
1749790800000,403.2,410.57,402.2,408.51,62114.618
1749794400000,408.52,423.42,404.42,420.79,74774.954
1749798000000,420.8,421.43,412.3,415.82,40015.149
1749801600000,415.82,417.27,411.51,414.48,23179.374
1749805200000,414.45,415.71,413.59,414.57,13305.186
1749808800000,414.59,416.39,413.71,415.28,10540.166
1749812400000,415.29,423.55,413.02,420.95,42793.927
1749816000000,420.95,421.66,417.77,418.24,17290.984
1749819600000,418.23,421.33,416.9,419.67,19801.863
1749823200000,419.68,421.67,416.28,421.34,21053.271
1749826800000,421.35,425.8,420.8,424.07,26809.957
1749830400000,424.07,436.66,422.65,433.84,56543.43
1749834000000,433.84,434.13,429.14,432.27,29032.541
1749837600000,432.26,434.43,428.07,430.27,25674.833
1749841200000,430.27,435.44,429.28,433.89,21342.01
1749844800000,433.87,439.56,433.26,439.51,24388.036
1749848400000,439.52,439.71,436.83,437.75,11977.169
1749852000000,437.75,439.4,436.93,437.24,13639.273
1749855600000,437.25,453.89,437.24,448.58,83474.947
1749859200000,448.6,450.0,445.07,445.99,32458.154
1749862800000,445.99,446.67,442.75,445.63,17259.398
1749866400000,445.63,446.52,443.29,445.22,13998.636
1749870000000,445.23,445.4,443.09,443.17,14228.753
1749873600000,443.16,443.36,439.69,441.51,22315.845
1749877200000,441.52,441.52,433.6,435.83,23594.018
1749880800000,435.83,436.59,433.79,434.78,14219.542
1749884400000,434.77,434.92,432.22,433.75,16924.993
1749888000000,433.74,438.56,430.22,431.53,56420.917
1749891600000,431.52,433.69,430.88,432.08,13024.506
1749895200000,432.07,433.62,431.05,433.4,14785.12
1749898800000,433.4,436.31,433.28,435.33,16004.779
1749902400000,435.32,438.42,434.0,437.49,20612.583
1749906000000,437.49,438.08,434.32,434.46,11617.384
1749909600000,434.46,435.6,432.56,432.82,8516.719
1749913200000,432.84,433.49,430.99,431.75,15268.566
1749916800000,431.74,432.1,425.61,426.61,25338.472
1749920400000,426.6,427.04,423.02,424.13,16583.451
1749924000000,424.13,427.09,423.26,425.2,12568.608
1749927600000,425.2,427.38,423.08,423.85,9386.905
1749931200000,423.87,425.15,420.7,423.31,9867.996
1749934800000,423.3,432.25,422.56,429.6,20547.152
1749938400000,429.61,435.0,429.61,432.08,20107.968
1749942000000,432.08,432.19,429.66,430.65,8562.459
1749945600000,430.64,435.23,430.59,434.6,11482.546
1749949200000,434.6,435.67,433.18,435.36,10233.991
1749952800000,435.37,437.45,434.8,435.73,9004.764
1749956400000,435.73,437.49,435.73,436.64,6851.807
1749960000000,436.63,440.78,436.46,440.42,10479.568
1749963600000,440.44,451.63,439.53,450.31,48622.49
1749967200000,450.35,451.19,441.8,442.83,27358.822
1749970800000,442.83,443.32,440.77,441.71,14031.665
1749974400000,441.72,442.19,437.44,438.02,18695.423
1749978000000,438.02,439.13,436.87,437.79,13806.252
1749981600000,437.79,443.99,437.31,442.72,18899.471
1749985200000,442.74,447.23,441.54,443.6,20331.585
1749988800000,443.61,451.12,441.67,450.15,49121.948
1749992400000,450.15,458.88,448.9,454.12,69581.525
1749996000000,454.12,461.92,451.3,459.35,47912.57
1749999600000,459.36,459.65,454.75,458.16,38247.12
1750003200000,458.17,464.0,456.05,463.09,42440.444
1750006800000,463.08,463.65,459.56,462.7,26634.737
1750010400000,462.7,464.16,459.2,462.38,27164.069
1750014000000,462.37,470.0,459.88,461.19,42131.199
1750017600000,461.19,463.04,457.82,461.02,30127.866
1750021200000,461.02,463.7,457.81,460.96,22245.215
1750024800000,460.95,465.84,459.75,460.89,27923.519
1750028400000,460.91,462.6,459.52,460.17,13111.153
1750032000000,460.17,464.0,457.86,459.72,35173.678
1750035600000,459.71,460.68,453.74,459.41,37645.4
1750039200000,459.39,461.9,456.02,458.28,26053.879
1750042800000,458.3,458.7,451.37,454.15,52296.142
1750046400000,454.16,458.57,453.11,453.48,29064.431
1750050000000,453.47,457.77,453.34,455.64,17416.975
1750053600000,455.64,458.15,454.83,455.76,17142.428
1750057200000,455.76,457.57,454.97,457.4,16143.255
1750060800000,457.4,458.16,455.22,455.75,14551.255
1750064400000,455.74,455.74,452.83,453.64,17071.391
1750068000000,453.65,455.93,450.31,455.49,20347.177
1750071600000,455.5,455.6,452.6,453.14,14440.127
1750075200000,453.14,454.16,451.6,451.8,14362.629
1750078800000,451.81,474.2,451.4,466.34,142997.85
1750082400000,466.31,474.14,464.36,466.11,101250.894
1750086000000,466.11,468.99,465.42,466.52,24084.621
1750089600000,466.52,469.54,464.22,464.71,19173.252
1750093200000,464.71,467.89,464.03,467.42,15588.994
1750096800000,467.42,469.18,465.52,466.79,15255.438
1750100400000,466.79,476.97,466.18,473.54,45540.959
1750104000000,473.52,475.69,468.82,470.32,25777.671
1750107600000,470.32,473.38,467.14,471.92,13332.912
1750111200000,471.92,474.1,464.27,468.22,35402.195
1750114800000,468.21,471.69,461.76,463.48,34072.747
1750118400000,463.48,471.28,460.84,470.32,46621.077
1750122000000,470.33,475.6,467.01,472.61,41029.614
1750125600000,472.61,477.22,467.99,475.83,30441.538
1750129200000,475.83,483.98,474.49,480.6,50568.697
1750132800000,480.59,482.13,476.9,478.84,25067.554
1750136400000,478.84,479.06,475.14,477.47,20141.753
1750140000000,477.46,478.74,474.72,475.32,22091.623
1750143600000,475.33,476.96,473.57,476.07,16505.375
1750147200000,476.06,478.88,471.18,472.31,26331.921
1750150800000,472.31,473.11,468.88,469.01,19725.154
1750154400000,469.01,470.5,465.5,468.4,25677.785
1750158000000,468.4,468.4,464.08,465.47,21084.997
1750161600000,465.47,467.67,461.97,462.02,21872.5
1750165200000,462.04,463.65,460.04,461.91,24273.601
1750168800000,461.92,475.0,460.93,468.17,81055.315
1750172400000,468.21,469.26,462.58,463.55,52289.223
1750176000000,463.54,465.15,456.89,457.75,36149.094
1750179600000,457.74,470.0,456.64,463.34,66064.737
1750183200000,463.33,467.87,462.86,467.87,20125.59
1750186800000,467.88,474.61,467.36,473.06,23962.269
1750190400000,473.05,474.5,470.33,471.01,16272.689
1750194000000,471.05,472.75,468.17,468.36,18690.751
1750197600000,468.36,469.08,463.33,465.26,18480.457
1750201200000,465.27,467.11,462.42,462.49,16269.523
1750204800000,462.47,466.36,462.02,463.85,18701.983
1750208400000,463.85,481.4,463.09,473.9,84788.52
1750212000000,473.9,477.2,471.75,473.7,21881.479
1750215600000,473.7,477.91,472.26,475.56,16439.005
1750219200000,475.55,478.08,474.83,476.55,14239.749
1750222800000,476.55,477.99,473.02,475.74,19907.89
1750226400000,475.78,477.48,470.52,470.64,22077.588
1750230000000,470.64,471.91,468.58,470.45,14749.95
1750233600000,470.45,472.6,467.61,468.17,14919.88
1750237200000,468.16,472.08,467.91,468.91,24164.849
1750240800000,468.9,469.14,464.22,464.98,23390.706
1750244400000,464.97,469.72,463.14,468.73,22537.143
1750248000000,468.73,469.64,463.07,463.81,23363.448
1750251600000,463.81,464.61,459.52,463.56,34369.533
1750255200000,463.56,467.85,460.83,464.02,44479.036
1750258800000,464.01,466.08,461.76,464.47,15907.422
1750262400000,464.47,464.47,456.98,460.07,32109.215
1750266000000,460.07,461.95,456.33,461.52,18771.29
1750269600000,461.52,463.62,457.17,457.36,22545.878
1750273200000,457.36,462.79,456.42,457.5,18073.342
1750276800000,457.52,463.85,457.0,462.24,19594.066
1750280400000,462.24,468.9,459.18,467.1,22296.737
1750284000000,467.1,467.88,459.62,460.53,15301.842
1750287600000,460.52,462.26,457.11,459.43,18149.45
1750291200000,459.43,459.43,452.65,457.62,36057.702
1750294800000,457.62,458.55,454.11,457.42,24746.995
1750298400000,457.43,461.59,456.54,458.28,17075.094
1750302000000,458.28,459.45,457.11,458.7,8297.157
1750305600000,458.69,461.64,457.72,461.56,9045.473
1750309200000,461.57,462.8,459.84,462.35,11613.217
1750312800000,462.36,464.13,460.47,461.37,13541.565
1750316400000,461.37,463.02,458.4,458.51,9366.792
1750320000000,458.52,461.04,457.67,459.03,26959.161
1750323600000,459.04,465.52,459.04,463.0,75895.024
1750327200000,462.99,466.99,459.0,461.03,122645.116
1750330800000,461.02,465.23,460.22,465.12,16676.075
1750334400000,465.14,473.0,464.39,470.44,48282.399
1750338000000,470.44,490.0,468.53,479.04,172395.624
1750341600000,479.05,488.7,478.9,484.12,80875.187
1750345200000,484.12,485.83,479.66,483.95,53856.617
1750348800000,483.94,487.6,482.25,482.48,47709.439
1750352400000,482.49,496.15,482.16,493.01,70723.624
1750356000000,493.01,495.39,491.28,495.09,38282.968
1750359600000,495.07,497.38,492.08,494.99,46210.622
1750363200000,494.99,497.15,493.17,494.78,28897.43
1750366800000,494.8,495.65,488.99,490.96,38066.49
1750370400000,490.95,502.96,490.86,499.28,55507.842
1750374000000,499.29,501.89,496.78,496.99,41182.676
1750377600000,497.0,498.46,494.61,496.75,31731.539
1750381200000,496.75,500.48,491.68,499.2,64695.878
1750384800000,499.21,499.34,493.37,494.82,26475.063
1750388400000,494.82,494.87,489.28,490.86,26674.207
1750392000000,490.86,493.8,489.93,489.99,29276.588
1750395600000,489.99,493.23,489.27,491.91,27414.668
1750399200000,491.91,493.11,489.48,491.82,22748.491
1750402800000,491.82,493.11,486.87,490.07,44620.779
1750406400000,490.08,493.67,489.45,492.8,45302.536
1750410000000,492.81,496.39,488.02,488.56,43697.763
1750413600000,488.55,489.97,485.63,486.85,22423.54
1750417200000,486.81,487.18,484.11,485.6,20953.919
1750420800000,485.6,489.0,484.97,487.01,19712.836
1750424400000,487.01,487.46,484.75,485.0,19537.613
1750428000000,485.01,488.0,481.0,481.76,63657.818
1750431600000,481.76,484.63,481.5,481.81,31741.98
1750435200000,481.81,488.88,481.05,485.45,38068.449
1750438800000,485.45,486.62,474.4,483.08,122008.361
1750442400000,483.08,483.08,476.72,478.04,51004.281
1750446000000,478.04,480.54,476.78,480.26,13442.051
1750449600000,480.21,483.2,478.07,479.32,18510.301
1750453200000,479.31,481.01,476.78,477.35,12641.896
1750456800000,477.35,478.37,471.51,472.9,36950.837
1750460400000,472.9,475.09,472.28,473.55,16052.898
1750464000000,473.56,473.56,468.8,469.94,23872.965
1750467600000,469.95,470.23,467.3,468.03,18546.065
1750471200000,468.03,468.26,464.33,464.97,24110.765
1750474800000,464.97,470.9,464.86,468.9,27548.563
1750478400000,468.89,472.37,468.07,471.1,15303.397
1750482000000,471.1,473.1,469.56,470.87,12990.365
1750485600000,470.88,475.15,470.87,472.81,17868.985
1750489200000,472.82,473.25,468.72,469.42,13344.167
1750492800000,469.41,469.71,465.62,466.54,15209.305
1750496400000,466.53,469.14,465.67,467.48,15837.558
1750500000000,467.48,472.64,467.47,472.59,15433.434
1750503600000,472.59,472.89,470.61,471.25,7784.169
1750507200000,471.25,474.01,470.3,473.24,10681.919
1750510800000,473.25,475.68,469.22,470.45,20850.507
1750514400000,470.46,473.51,469.51,471.81,16785.621
1750518000000,471.81,472.85,468.06,470.49,14606.029
1750521600000,470.49,474.97,468.96,474.33,24887.607
1750525200000,474.3,477.91,473.24,474.86,31686.475
1750528800000,474.86,477.77,470.97,471.6,23879.415
1750532400000,471.62,475.73,468.27,469.3,34750.358
1750536000000,469.3,477.0,468.59,476.52,20491.671
1750539600000,476.51,477.23,461.16,462.85,55148.721
1750543200000,462.89,468.81,461.28,463.87,33744.868
1750546800000,463.86,467.47,457.24,467.0,40486.507
1750550400000,466.97,470.48,461.99,468.44,38818.593
1750554000000,468.47,472.34,460.4,460.83,36069.337
1750557600000,460.83,467.43,459.09,465.95,29442.275
1750561200000,465.94,467.9,460.18,463.25,23376.944
1750564800000,463.25,467.62,462.04,465.64,23957.894
1750568400000,465.65,467.53,461.39,462.64,17036.198
1750572000000,462.65,463.72,458.41,459.89,20377.013
1750575600000,459.9,461.69,458.14,459.53,15992.923
1750579200000,459.53,464.84,458.11,464.83,27428.854
1750582800000,464.84,468.84,462.0,463.41,44449.809
1750586400000,463.4,466.84,462.09,463.86,18983.727
1750590000000,463.87,467.59,463.64,464.62,15039.453
1750593600000,464.6,466.6,460.4,464.17,40813.975
1750597200000,464.2,465.12,450.01,450.64,90277.212
1750600800000,450.64,456.85,445.38,454.78,288006.102
1750604400000,454.75,455.59,444.04,445.42,50719.307
1750608000000,445.43,452.69,442.34,452.51,57912.544
1750611600000,452.51,456.0,450.25,452.32,28994.959
1750615200000,452.3,452.45,445.26,446.23,19895.964
1750618800000,446.23,447.17,443.23,444.4,19729.047
1750622400000,444.4,445.58,436.2,443.01,46628.372
1750626000000,443.01,448.47,443.01,445.95,16979.584
1750629600000,445.95,458.44,445.23,457.48,48781.727
1750633200000,457.47,458.62,452.34,454.37,29349.427
1750636800000,454.37,455.72,450.35,450.65,27048.887
1750640400000,450.64,452.69,449.15,452.64,19251.325
1750644000000,452.64,452.99,447.57,447.68,15188.679
1750647600000,447.68,448.94,445.14,448.92,15656.624
1750651200000,448.92,452.81,448.08,450.55,15634.491
1750654800000,450.56,457.58,450.55,455.9,28191.946
1750658400000,455.9,457.82,452.61,453.3,23100.337
1750662000000,453.29,455.1,451.78,453.77,14985.531
1750665600000,453.77,455.6,452.54,453.76,11924.188
1750669200000,453.76,454.24,451.69,452.84,12427.518
1750672800000,452.84,453.46,451.33,452.28,7918.24
1750676400000,452.29,453.58,450.2,453.13,11379.418
1750680000000,453.13,458.16,451.92,455.25,23674.615
1750683600000,455.29,456.92,448.21,455.39,39987.863
1750687200000,455.4,457.43,448.36,448.7,40481.509
1750690800000,448.73,450.92,442.0,444.77,37384.285
1750694400000,444.77,445.25,437.36,440.44,49020.389
1750698000000,440.43,451.49,439.79,451.1,53359.924
1750701600000,451.09,454.85,450.84,452.99,25747.672
1750705200000,452.97,455.4,451.31,454.27,16752.73
1750708800000,454.27,459.21,451.64,453.07,28847.555
1750712400000,453.07,456.64,453.06,454.03,12899.719
1750716000000,454.03,469.29,453.61,464.85,66130.401
1750719600000,464.77,465.28,461.36,462.02,21100.945
1750723200000,462.03,462.89,458.66,461.34,26577.237
1750726800000,461.34,461.68,457.59,459.94,20535.021
1750730400000,459.9,460.8,455.54,457.72,18000.897
1750734000000,457.72,459.91,456.36,458.16,15328.307
1750737600000,458.16,458.65,456.36,458.42,7326.312
1750741200000,458.42,461.76,456.5,461.5,17148.377
1750744800000,461.5,461.79,458.65,460.11,14211.703
1750748400000,460.1,460.45,453.06,453.95,23774.949
1750752000000,453.95,458.9,453.25,458.9,24363.296
1750755600000,458.89,462.6,457.6,461.45,17619.578
1750759200000,461.44,465.94,461.13,463.11,21346.307
1750762800000,463.11,467.0,462.3,465.18,20377.136
1750766400000,465.18,465.64,461.8,462.77,13891.439
1750770000000,462.76,463.14,459.94,460.54,11600.197
1750773600000,460.54,461.76,455.22,455.8,32590.373
1750777200000,455.81,458.3,449.05,449.15,33843.222
1750780800000,449.15,454.23,448.36,453.88,31442.457
1750784400000,453.88,454.13,449.44,451.94,18869.114
1750788000000,451.94,452.13,448.62,451.11,9468.939
1750791600000,451.11,453.44,449.51,451.02,11824.56
1750795200000,451.03,456.54,450.51,455.8,10810.533
1750798800000,455.85,456.15,453.06,453.31,6505.892
1750802400000,453.3,454.06,451.2,452.48,8236.22
1750806000000,452.48,453.83,452.04,453.47,8249.678
1750809600000,453.46,464.87,452.98,464.13,29249.73
1750813200000,464.1,493.55,463.51,475.67,165248.103
1750816800000,475.67,478.58,471.89,473.22,35312.538
1750820400000,473.22,474.0,469.62,471.48,21623.685
1750824000000,471.48,474.81,470.4,472.73,17430.642
1750827600000,472.79,474.56,468.44,472.55,19287.336
1750831200000,472.55,480.64,472.55,478.24,44706.553
1750834800000,478.24,481.99,478.16,480.71,32211.411
1750838400000,480.74,483.54,476.35,479.41,28214.624
1750842000000,479.41,481.31,475.93,476.56,21386.374
1750845600000,476.55,480.41,475.84,480.05,15110.735
1750849200000,480.05,480.48,475.7,479.12,50565.623
1750852800000,479.12,481.59,475.79,477.5,23809.336
1750856400000,477.5,481.89,476.8,479.64,39556.611
1750860000000,479.63,482.1,474.03,480.79,39546.975
1750863600000,480.79,481.84,478.24,480.53,24985.431
1750867200000,480.52,484.99,480.21,482.86,33912.001
1750870800000,482.86,484.82,480.0,481.66,18709.026
1750874400000,481.65,483.37,479.5,481.81,14336.105
1750878000000,481.81,486.67,481.04,486.06,15365.734
1750881600000,486.06,489.25,484.49,488.68,15657.359
1750885200000,488.64,494.74,482.73,483.93,34024.829
1750888800000,483.94,486.34,482.0,482.1,16349.631
1750892400000,482.1,483.7,480.65,482.58,14125.919
1750896000000,482.58,488.43,481.3,483.55,29210.896
1750899600000,483.55,486.91,481.62,483.9,18250.062
1750903200000,483.9,485.61,481.6,484.89,17530.602
1750906800000,484.89,491.09,484.48,490.43,24319.761
1750910400000,490.44,496.36,487.61,494.8,33605.922
1750914000000,494.8,500.0,493.17,498.88,40958.578
1750917600000,498.88,504.65,497.72,499.36,44147.622
1750921200000,499.35,507.14,498.6,499.31,34886.717
1750924800000,499.31,505.68,499.1,502.14,30046.247
1750928400000,502.13,502.31,495.63,496.46,27414.56
1750932000000,496.47,498.72,495.3,496.65,19175.565
1750935600000,496.65,496.79,492.77,494.22,27389.565
1750939200000,494.23,498.64,493.68,495.15,21214.853
1750942800000,495.15,495.92,490.65,491.82,32030.044
1750946400000,491.82,495.12,489.14,491.98,38219.668
1750950000000,491.99,493.11,488.0,491.18,24459.366
1750953600000,491.18,492.99,490.37,491.9,21846.332
1750957200000,491.9,494.72,491.66,491.85,19894.721
1750960800000,491.84,493.76,490.01,492.0,13546.479
1750964400000,492.0,493.3,490.59,491.34,14351.71
1750968000000,491.34,494.53,491.07,493.7,16987.824
1750971600000,493.71,494.65,487.21,489.31,22634.226
1750975200000,489.3,490.75,487.7,488.45,12346.23
1750978800000,488.46,490.55,487.34,488.65,13657.15
1750982400000,488.62,492.99,484.71,484.97,31967.574
1750986000000,485.01,491.33,483.66,490.66,21553.883
1750989600000,490.66,493.57,489.41,492.59,19210.73
1750993200000,492.6,498.36,492.6,495.26,28125.562
1750996800000,495.25,495.95,493.89,494.47,9426.802
1751000400000,494.47,494.7,491.23,492.73,14208.071
1751004000000,492.72,502.0,492.65,500.81,29787.717
1751007600000,500.8,505.32,496.97,498.04,52735.663
1751011200000,498.01,499.36,496.11,497.39,25524.996
1751014800000,497.37,498.54,495.83,496.6,14474.84
1751018400000,496.59,498.24,494.54,496.07,20058.483
1751022000000,496.09,497.46,494.12,495.36,15346.654
1751025600000,495.36,495.61,489.91,491.0,25723.175
1751029200000,490.98,493.45,489.13,489.99,29599.602
1751032800000,489.99,492.29,489.43,491.99,19185.241
1751036400000,491.99,501.52,491.76,499.51,40526.064
1751040000000,499.52,510.33,498.37,507.23,62515.113
1751043600000,507.23,507.99,501.31,503.63,27833.008
1751047200000,503.63,504.01,500.29,501.82,13809.34
1751050800000,501.81,504.32,500.73,500.73,11294.952
1751054400000,500.72,506.51,500.43,505.69,14954.635
1751058000000,505.73,506.6,501.42,503.69,16050.001
1751061600000,503.7,508.71,503.09,505.56,18842.873
1751065200000,505.57,506.43,502.87,504.4,14030.344
1751068800000,504.42,505.67,500.42,501.84,19465.299
1751072400000,501.84,504.09,500.72,501.75,11277.378
1751076000000,501.75,501.89,499.63,501.45,13041.378
1751079600000,501.45,502.34,499.67,500.68,8926.252
1751083200000,500.68,501.66,496.66,498.25,19329.084
1751086800000,498.24,500.12,497.93,499.65,9680.944
1751090400000,499.65,500.61,497.57,497.81,13729.157
1751094000000,497.8,498.7,496.33,496.73,11876.737
1751097600000,496.72,497.65,495.71,497.29,11565.579
1751101200000,497.3,499.07,495.93,495.93,10438.66
1751104800000,495.93,496.78,494.8,495.35,11313.133
1751108400000,495.36,495.39,494.25,494.86,8080.722
1751112000000,494.86,494.98,493.07,493.65,11234.597
1751115600000,493.65,494.38,491.37,491.75,15340.176
1751119200000,491.75,493.32,488.36,489.54,31520.746
1751122800000,489.54,490.63,488.31,488.88,15022.263
1751126400000,488.87,491.3,486.56,489.26,30482.704
1751130000000,489.25,493.26,489.05,490.16,24578.056
1751133600000,490.16,490.95,487.9,489.4,11467.837
1751137200000,489.4,491.02,488.32,490.17,8993.458
1751140800000,490.18,492.23,489.61,491.81,11715.273
1751144400000,491.82,492.45,490.05,490.2,7085.736
1751148000000,490.2,492.39,490.03,491.99,7517.158
1751151600000,491.99,492.63,490.75,490.75,5926.834
1751155200000,490.75,490.89,488.09,488.61,13801.74
1751158800000,488.6,493.35,488.6,492.57,13892.54
1751162400000,492.58,494.76,491.07,492.82,15746.945
1751166000000,492.82,492.94,489.72,491.72,11833.056
1751169600000,491.73,492.44,489.51,491.94,7410.167
1751173200000,491.93,494.45,491.68,492.96,10211.411
1751176800000,492.97,493.02,490.69,490.7,8320.146
1751180400000,490.69,491.0,488.51,489.19,10889.575
1751184000000,489.18,491.72,489.12,490.66,11276.865
1751187600000,490.66,493.34,490.3,493.17,9351.317
1751191200000,493.2,495.99,491.84,493.5,18939.753
1751194800000,493.5,495.23,492.19,495.23,7795.051
1751198400000,495.24,495.24,492.16,492.44,8716.295
1751202000000,492.43,492.93,489.37,490.08,13494.881
1751205600000,490.09,495.33,489.8,494.44,17138.708
1751209200000,494.44,494.55,489.76,489.91,12838.295
1751212800000,489.9,492.21,488.52,491.22,14646.34
1751216400000,491.22,492.11,489.29,490.27,9063.027
1751220000000,490.28,491.52,489.87,489.88,5576.644
1751223600000,489.87,490.19,489.04,489.43,5651.806
1751227200000,489.43,495.5,489.1,495.4,12836.029
1751230800000,495.41,495.46,492.09,492.22,11218.087
1751234400000,492.22,508.97,491.88,505.13,89635.264
1751238000000,505.12,506.67,501.0,504.23,31005.799
1751241600000,504.24,504.5,498.54,499.28,26784.805
1751245200000,499.28,500.92,498.28,500.09,12557.986
1751248800000,500.09,502.26,499.32,500.23,9989.481
1751252400000,500.24,503.53,500.24,501.0,12580.216
1751256000000,501.0,502.35,499.42,500.49,9695.923
1751259600000,500.5,501.17,498.66,500.02,8782.874
1751263200000,500.02,500.36,497.04,499.12,14854.355
1751266800000,499.12,499.88,497.52,498.4,10209.145
1751270400000,498.4,498.49,494.51,494.51,15196.799
1751274000000,494.51,495.25,487.87,488.74,40063.016
1751277600000,488.73,490.4,488.04,488.76,16290.656
1751281200000,488.76,491.89,488.51,490.02,19524.969
1751284800000,490.03,491.98,490.02,490.7,10616.981
1751288400000,490.7,506.14,489.88,501.26,81549.849
1751292000000,501.26,504.5,500.8,503.59,38934.391
1751295600000,503.6,522.48,503.32,512.98,111944.447
1751299200000,512.96,518.42,511.99,517.3,43615.112
1751302800000,517.3,520.76,516.19,518.05,35540.325
1751306400000,518.04,519.92,514.86,516.61,18510.096
1751310000000,516.6,518.01,515.68,517.15,14792.699
1751313600000,517.15,517.57,514.14,514.43,12495.199
1751317200000,514.43,514.62,512.28,512.8,8940.255
1751320800000,512.81,512.85,502.34,504.1,44811.716
1751324400000,504.09,507.7,502.81,505.46,21482.233
1751328000000,505.46,507.72,504.41,507.37,19849.474
1751331600000,507.37,524.56,506.83,520.76,109449.664
1751335200000,520.77,523.21,519.72,521.0,34301.052
1751338800000,521.04,527.9,520.1,523.95,52354.499
1751342400000,523.95,526.64,520.92,521.66,35068.698
1751346000000,521.66,523.85,520.24,523.26,24359.125
1751349600000,523.25,525.1,520.88,524.13,25596.293
1751353200000,524.12,527.75,521.79,526.79,31921.498
1751356800000,526.79,526.79,521.52,521.84,27368.315
1751360400000,521.84,524.12,520.7,522.25,23587.908
1751364000000,522.25,524.1,518.17,519.66,33609.425
1751367600000,519.64,521.97,518.47,521.46,19152.793
1751371200000,521.45,521.72,514.05,516.72,33842.534
1751374800000,516.72,518.0,513.16,516.45,32317.665
1751378400000,516.44,521.15,512.82,514.47,41186.054
1751382000000,514.48,518.42,513.81,518.21,29799.254
1751385600000,518.2,520.4,516.9,517.7,18434.167
1751389200000,517.7,519.98,517.14,519.36,9124.128
1751392800000,519.39,519.92,515.58,516.36,17159.795
1751396400000,516.36,517.15,511.38,511.56,19751.291
1751400000000,511.55,512.78,510.05,511.16,22182.679
1751403600000,511.15,513.25,510.33,511.1,11791.331
1751407200000,511.09,511.09,509.34,510.13,15327.277
1751410800000,510.12,510.4,496.0,499.87,107751.047
1751414400000,499.86,503.94,497.99,499.65,29610.328
1751418000000,499.65,502.7,499.02,501.88,25290.568
1751421600000,501.95,502.06,499.15,500.41,15586.017
1751425200000,500.41,504.59,499.86,503.65,30716.485
1751428800000,503.64,506.59,502.45,506.56,18177.068
1751432400000,506.56,507.48,503.68,504.35,15318.196
1751436000000,504.35,509.45,504.18,508.83,20216.99
1751439600000,508.8,510.69,503.88,504.96,26713.335
1751443200000,504.96,507.34,504.91,506.09,13663.982
1751446800000,506.1,508.16,502.71,503.38,12666.81
1751450400000,503.37,504.81,501.0,504.62,21329.965
1751454000000,504.62,504.63,501.84,502.21,8077.906
1751457600000,502.2,502.2,498.24,499.24,18324.512
1751461200000,499.25,501.26,498.76,499.72,21548.886
1751464800000,499.72,504.23,499.32,504.03,25655.549
1751468400000,504.02,505.85,501.24,502.83,25967.472
1751472000000,502.84,510.88,502.68,509.07,50684.59
1751475600000,509.07,511.71,504.39,506.02,26424.925
1751479200000,506.02,507.19,504.35,505.06,16481.967
1751482800000,505.05,507.87,502.53,506.56,18069.906
1751486400000,506.52,507.36,502.64,504.91,18193.301
1751490000000,504.9,509.92,504.78,507.98,15380.584
1751493600000,507.97,510.57,506.31,509.59,18321.61
1751497200000,509.6,511.74,508.53,510.44,20781.971
1751500800000,510.44,514.6,506.55,509.17,45645.997
1751504400000,509.18,511.64,506.0,506.01,16389.833
1751508000000,506.02,506.3,500.01,501.3,29414.83
1751511600000,501.3,503.24,501.2,502.2,15606.186
1751515200000,502.2,503.3,500.14,501.52,22648.145
1751518800000,501.51,504.93,500.59,504.03,22269.8
1751522400000,504.03,510.98,503.07,506.54,33316.059
1751526000000,506.47,506.82,503.5,506.08,15936.692
1751529600000,506.08,506.73,503.0,505.56,15998.068
1751533200000,505.55,506.17,503.81,504.97,13303.963
1751536800000,504.97,505.36,501.45,502.66,21855.701
1751540400000,502.66,506.32,501.9,505.68,15834.766
1751544000000,505.68,506.0,497.11,499.54,38074.164
1751547600000,499.52,504.3,498.55,503.12,29637.557
1751551200000,503.12,504.02,497.84,498.72,25724.635
1751554800000,498.72,498.72,491.43,492.8,50016.155
1751558400000,492.79,494.86,490.43,493.86,33178.666
1751562000000,493.86,497.3,493.58,495.11,16176.601
1751565600000,495.11,499.65,494.2,498.53,11880.355
1751569200000,498.52,499.29,495.43,495.91,11107.117
1751572800000,495.92,499.01,495.65,498.72,10459.651
1751576400000,498.72,499.56,497.55,499.14,7230.973
1751580000000,499.14,499.57,495.8,496.31,10067.89
1751583600000,496.3,497.14,495.36,496.05,8050.263
1751587200000,496.05,496.36,492.71,494.18,16748.707
1751590800000,494.18,495.62,493.19,493.88,8198.729
1751594400000,493.89,494.4,486.98,490.04,31340.29
1751598000000,490.03,490.03,485.54,487.47,33441.655
1751601600000,487.48,490.21,486.7,489.46,17670.96
1751605200000,489.46,491.96,483.79,485.71,37112.82
1751608800000,485.72,485.93,482.01,482.7,28606.759
1751612400000,482.69,484.04,476.0,476.2,54213.756
1751616000000,476.2,480.67,468.42,475.49,73440.833
1751619600000,475.49,478.98,475.33,478.41,21151.689
1751623200000,478.41,482.87,478.36,481.48,23139.699
1751626800000,481.47,483.62,480.9,481.23,16154.963
1751630400000,481.2,483.31,480.05,482.24,12731.763
1751634000000,482.25,485.86,482.08,484.12,23757.808
1751637600000,484.11,487.64,478.48,479.98,59260.604
1751641200000,479.98,480.99,477.52,480.17,19555.784
1751644800000,480.18,483.74,477.5,482.89,27150.503
1751648400000,482.89,486.82,482.83,486.28,15902.077
1751652000000,486.28,489.27,485.87,488.0,15951.721
1751655600000,487.99,488.88,485.73,487.07,11996.202
1751659200000,487.07,489.11,487.02,488.14,10779.004
1751662800000,488.15,488.22,484.44,484.61,10945.887
1751666400000,484.6,485.8,483.25,483.73,16017.901
1751670000000,483.73,486.26,483.21,483.64,12402.503
1751673600000,483.65,488.09,482.79,486.64,18774.426
1751677200000,486.64,487.6,485.57,487.3,9608.738
1751680800000,487.29,487.4,483.75,484.87,13973.945
1751684400000,484.88,485.67,483.1,483.9,10584.979
1751688000000,483.93,486.66,480.0,486.35,26983.213
1751691600000,486.35,487.3,483.15,485.37,9877.585
1751695200000,485.37,485.7,483.67,484.03,7238.142
1751698800000,484.02,484.47,482.86,483.42,8301.958
1751702400000,483.41,483.76,481.48,482.53,9588.971
1751706000000,482.54,484.99,482.02,483.05,11916.093
1751709600000,483.04,483.65,482.32,483.5,6130.408
1751713200000,483.49,483.54,481.94,482.06,5859.214
1751716800000,482.06,482.59,480.84,481.88,8616.968
1751720400000,481.87,483.17,481.1,482.81,5361.026
1751724000000,482.81,487.0,482.12,486.65,11588.83
1751727600000,486.66,486.83,481.03,481.27,12037.135
1751731200000,481.28,482.46,480.8,481.41,9617.941
1751734800000,481.4,483.57,480.2,482.7,10968.141
1751738400000,482.69,485.61,481.8,485.07,11520.457
1751742000000,485.07,485.25,484.36,485.06,5116.262
1751745600000,485.06,485.69,484.61,485.57,6190.918
1751749200000,485.57,489.08,484.01,486.31,14214.724
1751752800000,486.31,487.83,485.64,487.26,8884.885
1751756400000,487.26,489.42,487.19,488.93,10015.35
1751760000000,488.94,489.16,485.59,486.61,12460.187
1751763600000,486.61,487.44,485.04,485.97,8133.552
1751767200000,485.96,487.33,485.78,486.25,5726.336
1751770800000,486.25,486.8,485.26,486.61,5076.849
1751774400000,486.6,487.56,486.39,486.88,6260.595
1751778000000,486.88,487.9,486.49,486.8,5734.34
1751781600000,486.8,487.6,484.82,485.25,9857.589
1751785200000,485.24,485.41,482.44,483.81,13829.443
1751788800000,483.81,484.1,482.24,483.28,10901.019
1751792400000,483.28,485.53,482.92,485.31,7927.681
1751796000000,485.31,487.32,484.66,486.71,10834.162
1751799600000,486.71,487.73,485.71,486.38,6456.178
1751803200000,486.38,487.64,485.81,487.48,7548.171
1751806800000,487.5,492.04,486.01,490.68,34916.273
1751810400000,490.68,492.63,490.02,492.1,30744.008
1751814000000,492.1,495.25,490.88,494.77,23107.855
1751817600000,494.78,496.46,493.83,495.93,16632.56
1751821200000,495.92,498.0,493.86,497.56,11832.771
1751824800000,497.55,498.38,494.75,495.42,19485.961
1751828400000,495.42,497.6,494.88,497.34,7533.135
1751832000000,497.33,497.85,495.72,495.97,9135.442
1751835600000,495.96,500.0,494.6,495.07,19780.147
1751839200000,495.07,497.5,493.2,494.84,16196.938
1751842800000,494.84,495.11,491.19,491.2,18925.875
1751846400000,491.2,499.97,487.13,495.13,69145.297
1751850000000,495.13,499.5,493.99,498.19,12029.272
1751853600000,498.2,499.61,497.25,498.73,9650.285
1751857200000,498.72,499.22,496.35,496.95,8346.919
1751860800000,496.95,497.9,496.66,497.01,4731.396
1751864400000,497.01,498.77,496.82,497.21,5746.837
1751868000000,497.2,498.03,495.78,497.01,10857.018
1751871600000,497.01,497.08,494.64,494.97,9229.932
1751875200000,494.97,496.28,493.16,494.39,10779.695
1751878800000,494.38,495.72,493.6,495.64,7583.119
1751882400000,495.63,495.83,494.0,495.25,6442.297
1751886000000,495.25,496.57,495.05,495.76,6318.721
1751889600000,495.76,496.9,495.47,496.1,9259.887
1751893200000,496.1,497.93,494.45,497.88,11823.267
1751896800000,497.88,498.69,493.49,495.52,14157.021
1751900400000,495.52,496.57,493.88,493.9,8152.455
1751904000000,493.88,494.23,490.36,491.75,14057.969
1751907600000,491.75,492.55,489.46,489.58,9675.834
1751911200000,489.57,491.63,489.28,491.55,8167.21
1751914800000,491.53,492.74,490.94,492.33,7784.177
1751918400000,492.32,493.45,491.07,493.22,7450.725
1751922000000,493.21,494.89,492.19,492.19,8045.208
1751925600000,492.19,493.75,491.93,493.55,5561.374
1751929200000,493.54,496.45,493.54,496.24,8346.512
1751932800000,496.24,499.68,495.57,498.34,16424.255
1751936400000,498.4,498.42,494.91,495.13,11171.95
1751940000000,495.12,495.79,493.63,494.94,11218.613
1751943600000,494.92,496.85,494.63,496.33,6986.469
1751947200000,496.33,497.5,495.75,497.14,5950.287
1751950800000,497.14,497.95,496.39,497.08,5653.723
1751954400000,497.08,497.58,495.7,497.03,7242.786
1751958000000,497.02,498.94,496.26,498.54,6221.942
1751961600000,498.54,499.33,497.29,497.31,10328.097
1751965200000,497.3,498.85,497.3,497.81,6205.76
1751968800000,497.8,498.24,496.85,497.54,7684.914
1751972400000,497.54,499.13,497.38,498.43,9521.205
1751976000000,498.43,508.1,498.33,502.6,52090.62
1751979600000,502.59,506.08,500.07,501.83,24231.578
1751983200000,501.84,504.29,501.36,503.45,18390.245
1751986800000,503.45,505.0,502.07,503.97,14265.539
1751990400000,503.97,504.69,501.97,502.72,10043.791
1751994000000,502.72,504.77,502.16,503.06,13747.139
1751997600000,503.06,503.2,500.52,501.26,10197.671
1752001200000,501.26,501.26,498.82,499.1,12168.578
1752004800000,499.1,500.29,497.39,497.47,12171.359
1752008400000,497.46,500.5,497.02,499.5,7001.223
1752012000000,499.49,500.57,498.65,500.24,5488.863
1752015600000,500.25,501.69,499.92,500.73,5387.331
1752019200000,500.72,501.7,499.53,501.39,6475.14
1752022800000,501.4,506.1,500.56,504.45,19054.711
1752026400000,504.46,516.66,502.41,504.33,82247.902
1752030000000,504.33,508.18,502.89,507.33,23730.861
1752033600000,507.4,508.67,506.22,507.65,13484.101
1752037200000,507.65,510.57,506.72,508.11,16757.223
1752040800000,508.11,509.3,506.71,507.24,8175.04
1752044400000,507.24,508.16,506.9,507.09,6033.908
1752048000000,507.09,508.23,504.41,504.84,10789.354
1752051600000,504.87,505.1,504.11,504.66,6102.38
1752055200000,504.65,505.76,504.51,504.99,7721.049
1752058800000,505.02,508.66,504.51,508.46,15169.04
1752062400000,508.46,510.87,505.96,507.84,23810.725
1752066000000,507.84,509.75,507.1,508.7,14260.168
1752069600000,508.7,509.85,505.93,507.93,23354.726
1752073200000,507.92,507.94,505.55,506.31,9484.171
1752076800000,506.31,507.19,505.18,506.79,7846.391
1752080400000,506.78,506.78,502.2,503.23,15878.254
1752084000000,503.22,505.43,502.61,504.67,15175.633
1752087600000,504.67,510.71,504.5,509.23,25833.758
1752091200000,509.23,511.84,506.32,506.32,23807.381
1752094800000,506.31,511.63,506.13,511.25,12196.016
1752098400000,511.25,514.09,511.24,513.61,21268.671
1752102000000,513.62,516.34,513.5,514.25,14321.251
1752105600000,514.26,515.85,511.97,511.97,16034.973
1752109200000,511.97,512.93,510.66,511.76,17056.573
1752112800000,511.76,514.12,511.45,512.99,13054.001
1752116400000,512.99,513.3,509.38,510.09,9743.961
1752120000000,510.09,511.75,508.9,510.53,9715.897
1752123600000,510.53,512.14,509.27,511.41,8144.837
1752127200000,511.4,514.46,511.14,513.35,11656.705
1752130800000,513.34,515.55,513.06,515.26,11951.166
1752134400000,515.25,519.3,515.24,516.76,19337.017
1752138000000,516.76,517.86,515.42,516.88,9321.883
1752141600000,516.87,516.87,515.39,516.1,8159.068
1752145200000,516.1,516.1,514.37,515.64,6528.644
1752148800000,515.63,517.56,514.43,515.12,10449.958
1752152400000,515.12,516.0,505.09,508.66,59030.275
1752156000000,508.65,508.83,500.0,502.93,83428.187
1752159600000,502.93,504.96,502.41,504.11,14218.95
1752163200000,504.11,509.0,503.65,508.46,31670.161
1752166800000,508.47,510.0,507.43,509.95,42056.286
1752170400000,509.95,509.95,506.85,508.81,20618.585
1752174000000,508.81,511.76,508.48,511.22,11785.534
1752177600000,511.23,511.83,509.06,509.84,10847.728
1752181200000,509.84,521.0,509.6,519.0,56347.554
1752184800000,519.0,520.76,518.04,519.29,22117.674
1752188400000,519.3,519.79,516.47,518.22,15805.863
1752192000000,518.28,518.8,513.77,515.45,18883.94
1752195600000,515.45,519.0,515.1,518.61,10699.408
1752199200000,518.61,522.48,517.44,520.94,18848.651
1752202800000,520.93,521.18,519.5,520.56,11905.144
1752206400000,520.55,521.0,518.1,520.85,14004.975
1752210000000,520.84,529.26,520.58,522.75,43165.125
1752213600000,522.75,526.53,519.44,520.62,30692.685
1752217200000,520.62,521.87,517.32,519.05,26565.894
1752220800000,519.02,524.74,519.02,523.6,23687.602
1752224400000,523.59,526.64,522.48,525.31,20659.294
1752228000000,525.31,527.38,524.07,524.26,12037.977
1752231600000,524.25,524.69,521.18,522.46,15633.486
1752235200000,522.46,523.37,520.27,523.03,9786.179
1752238800000,523.03,530.0,522.24,528.43,27233.035
1752242400000,528.42,534.04,525.98,530.81,37856.342
1752246000000,530.81,539.87,526.83,528.95,53552.336
1752249600000,528.95,533.77,526.75,529.86,33923.702
1752253200000,529.87,534.99,529.15,534.08,14382.261
1752256800000,534.08,538.0,533.86,535.58,12361.253
1752260400000,535.58,537.78,533.21,536.22,21038.456
1752264000000,536.2,538.0,533.5,533.77,10071.747
1752267600000,533.77,534.89,529.31,531.48,15706.372
1752271200000,531.46,532.83,524.01,530.05,30883.96
1752274800000,530.01,536.51,529.07,531.38,16482.116
1752278400000,531.38,531.76,525.13,528.9,14409.23
1752282000000,528.9,533.53,528.7,533.0,9492.903
1752285600000,532.99,535.18,530.06,530.16,9132.459
1752289200000,530.16,532.89,530.06,531.86,5497.255
1752292800000,531.86,532.12,526.99,527.46,16612.425
1752296400000,527.47,527.96,514.75,515.57,80275.458
1752300000000,515.57,518.84,511.86,516.7,25590.008
1752303600000,516.7,518.37,515.7,517.62,11743.419
1752307200000,517.65,519.0,515.7,516.85,8529.073
1752310800000,516.85,522.37,516.51,520.86,9527.463
1752314400000,520.87,522.27,518.65,521.8,8176.618
1752318000000,521.8,522.99,517.0,519.19,10957.155
1752321600000,519.2,519.77,506.0,512.94,34791.788
1752325200000,512.94,512.94,502.96,508.13,43409.593
1752328800000,508.14,510.43,505.07,505.86,15015.565
1752332400000,505.84,506.39,502.49,504.6,19756.019
1752336000000,504.64,508.77,503.58,506.39,13384.783
1752339600000,506.4,509.95,506.21,509.57,4948.755
1752343200000,509.5,509.73,507.63,509.3,4524.52
1752346800000,509.3,509.37,507.14,508.25,4670.627
1752350400000,508.25,508.31,502.06,502.14,8518.393
1752354000000,502.13,508.23,501.41,508.13,6034.249
1752357600000,508.13,508.68,505.56,507.81,8491.992
1752361200000,507.81,508.34,504.4,505.85,8508.865
1752364800000,505.85,507.93,504.15,504.67,10123.2
1752368400000,504.67,508.01,504.51,506.86,6043.801
1752372000000,506.86,508.14,504.55,507.21,6769.17
1752375600000,507.21,507.37,505.66,506.21,4932.198
1752379200000,506.22,507.05,503.78,505.56,7916.065
1752382800000,505.55,507.05,504.43,504.66,6109.255
1752386400000,504.65,506.96,504.26,505.13,6604.82
1752390000000,505.12,508.03,504.6,507.28,7945.63
1752393600000,507.27,507.31,503.7,505.03,10902.128
1752397200000,505.03,505.64,502.53,503.12,8906.428
1752400800000,503.16,503.99,500.34,501.26,9886.792
1752404400000,501.26,504.59,501.26,504.24,13777.317
1752408000000,504.24,507.7,503.52,507.46,16247.81
1752411600000,507.46,512.77,506.11,509.51,47383.488
1752415200000,509.5,512.52,505.81,507.23,25674.689
1752418800000,507.23,510.97,502.39,505.51,25112.225
1752422400000,505.5,508.14,502.24,503.05,16609.575
1752426000000,503.06,507.42,502.07,506.26,9447.744
1752429600000,506.26,509.02,505.97,508.12,7164.968
1752433200000,508.12,510.38,507.53,508.06,8397.391
1752436800000,508.06,510.06,507.06,508.53,6059.049
1752440400000,508.53,509.0,503.3,505.73,13405.865
1752444000000,505.72,506.44,502.0,504.96,13749.664
1752447600000,504.95,509.0,504.48,507.61,9589.8
1752451200000,507.64,508.97,506.49,506.76,9185.521
1752454800000,506.77,507.08,503.94,504.6,11550.213
1752458400000,504.6,509.11,503.55,507.08,15650.085
1752462000000,507.08,515.5,506.79,514.44,21987.842
1752465600000,514.44,517.48,512.8,516.18,15996.809
1752469200000,516.19,518.47,509.25,513.84,27677.179
1752472800000,513.85,514.0,509.76,511.57,14538.205
1752476400000,511.56,527.15,511.39,516.91,51909.474
1752480000000,517.0,520.39,514.29,518.63,22780.551
1752483600000,518.63,519.2,511.57,516.78,17400.903
1752487200000,516.76,517.6,514.49,515.63,10762.527
1752490800000,515.6,515.82,512.03,512.86,11611.04
1752494400000,512.85,514.26,510.53,512.72,12154.037
1752498000000,512.72,513.47,509.46,511.41,13899.221
1752501600000,511.41,513.02,504.93,509.29,27570.039
1752505200000,509.33,509.36,501.3,504.09,22444.458
1752508800000,504.07,507.2,502.15,506.61,12877.522
1752512400000,506.61,507.11,504.37,504.87,6412.189
1752516000000,504.88,505.28,501.21,501.46,9623.796
1752519600000,501.45,504.42,500.91,503.82,8076.792
1752523200000,503.83,504.32,496.43,502.42,20196.303
1752526800000,502.42,505.29,501.32,504.41,8453.611
1752530400000,504.41,505.28,502.99,504.46,5455.046
1752534000000,504.44,504.99,503.41,504.48,5159.612
1752537600000,504.49,505.52,500.06,500.68,17408.634
1752541200000,500.68,502.44,496.5,497.92,20403.633
1752544800000,497.91,499.04,490.22,492.51,30962.161
1752548400000,492.48,492.75,487.06,491.29,32285.532
1752552000000,491.3,493.92,488.43,491.82,17606.271
1752555600000,491.81,493.72,490.18,491.21,8166.706
1752559200000,491.2,492.78,489.22,489.8,8659.337
1752562800000,489.8,491.04,487.18,487.38,22782.345
1752566400000,487.37,487.44,484.32,485.65,16642.539
1752570000000,485.65,488.42,485.0,485.51,8015.111
1752573600000,485.51,487.41,485.03,487.2,7085.472
1752577200000,487.21,488.96,483.66,488.75,15319.264
1752580800000,488.75,490.91,484.7,489.08,18716.07
1752584400000,489.09,492.39,487.58,489.49,25304.393
1752588000000,489.5,491.18,481.0,483.45,30473.281
1752591600000,483.46,488.81,482.8,487.52,20600.483
1752595200000,487.52,489.44,486.56,488.6,13869.317
1752598800000,488.6,495.14,488.6,494.67,12921.171
1752602400000,494.67,496.92,486.17,489.77,25967.225
1752606000000,489.75,492.11,486.65,487.07,10242.432
1752609600000,487.06,489.35,485.21,487.55,9056.418
1752613200000,487.54,493.25,487.25,492.48,7124.857
1752616800000,492.47,493.43,490.72,493.4,4777.217
1752620400000,493.4,497.8,493.4,497.31,14999.297
1752624000000,497.32,502.1,495.36,501.57,14875.711
1752627600000,501.56,505.25,500.13,504.84,18954.81
1752631200000,504.8,505.36,496.83,498.4,22196.045
1752634800000,498.39,499.77,495.68,496.78,10812.688
1752638400000,496.79,497.9,495.56,496.6,8852.917
1752642000000,496.59,498.24,496.16,497.81,12468.448
1752645600000,497.82,498.13,495.0,498.1,13144.6
1752649200000,498.1,499.81,497.38,498.88,10673.893
1752652800000,498.89,499.76,496.91,499.21,7589.272
1752656400000,499.23,502.51,498.81,499.86,22220.074
1752660000000,499.87,500.57,499.05,499.25,7228.383
1752663600000,499.24,500.41,499.15,499.73,6667.696
1752667200000,499.74,501.04,494.93,497.32,17658.942
1752670800000,497.32,498.45,494.34,496.4,15528.937
1752674400000,496.41,500.18,492.95,498.67,22451.44
1752678000000,498.74,500.21,490.64,495.06,26847.709
1752681600000,495.06,499.8,494.02,499.04,15824.561
1752685200000,499.02,502.6,497.97,501.86,14674.115
1752688800000,501.85,504.42,500.53,501.0,15053.485
1752692400000,501.0,501.75,498.48,500.41,10563.295
1752696000000,500.41,507.61,500.37,503.46,28646.311
1752699600000,503.45,508.49,502.8,505.92,19839.622
1752703200000,505.92,507.46,499.41,500.68,16732.952
1752706800000,500.67,500.88,497.12,498.55,15274.816
1752710400000,498.56,502.66,498.32,498.71,14338.09
1752714000000,498.7,499.89,488.75,492.07,32984.788
1752717600000,492.08,495.16,491.48,494.02,9930.125
1752721200000,494.02,494.24,488.37,491.37,18659.089
1752724800000,491.35,493.26,490.95,493.11,8142.186
1752728400000,493.11,495.13,491.21,494.91,11527.626
1752732000000,494.91,497.93,493.33,497.64,13796.999
1752735600000,497.63,497.64,492.53,495.42,12238.443
1752739200000,495.42,495.75,493.53,495.65,7773.225
1752742800000,495.64,504.07,494.77,502.05,25514.533
1752746400000,502.05,502.36,495.0,496.71,20280.261
1752750000000,496.71,497.16,495.0,495.75,10731.56
1752753600000,495.75,498.79,492.82,497.79,23644.657
1752757200000,497.77,498.42,489.01,494.58,27129.213
1752760800000,494.56,497.02,493.53,495.65,12956.714
1752764400000,495.65,496.05,491.36,495.06,13826.941
1752768000000,495.0,495.87,491.0,493.37,26599.213
1752771600000,493.38,497.93,492.74,497.83,14044.211
1752775200000,497.87,498.69,496.23,497.49,9752.699
1752778800000,497.49,497.9,490.09,490.66,13138.406
1752782400000,490.67,492.62,486.8,492.3,21194.247
1752786000000,492.3,498.21,491.56,496.64,23105.401
1752789600000,496.65,504.87,496.14,501.05,28538.469
1752793200000,501.06,504.65,498.83,499.59,25006.225
1752796800000,499.6,508.61,498.62,508.44,28593.751
1752800400000,508.45,514.21,508.17,512.76,47153.31
1752804000000,512.76,512.84,507.06,508.46,24141.396
1752807600000,508.47,513.12,507.11,512.71,14559.22
1752811200000,512.72,529.21,510.67,523.52,98221.945
1752814800000,523.51,539.7,521.66,534.49,83371.323
1752818400000,534.49,539.64,531.96,538.65,42212.634
1752822000000,538.67,543.8,524.53,525.43,48735.388
1752825600000,525.43,531.78,525.42,529.78,32819.19
1752829200000,529.77,532.35,526.9,532.02,28156.377
1752832800000,532.02,536.44,527.51,532.96,71618.316
1752836400000,532.96,533.42,525.69,531.97,30604.916
1752840000000,531.97,534.34,531.91,533.35,18278.597
1752843600000,533.35,533.36,525.47,526.19,25945.155
1752847200000,526.18,527.57,514.24,518.05,43214.092
1752850800000,518.02,518.64,508.0,512.91,40752.309
1752854400000,512.85,518.54,511.82,516.5,17023.181
1752858000000,516.48,519.56,516.0,516.91,9643.703
1752861600000,516.91,516.98,511.87,512.37,11054.166
1752865200000,512.39,516.93,508.47,514.07,25591.025
1752868800000,514.07,514.77,504.23,510.41,34477.106
1752872400000,510.41,516.39,509.95,513.25,12982.89
1752876000000,513.25,516.26,511.14,512.57,11055.745
1752879600000,512.58,514.5,509.87,514.34,8304.774
1752883200000,514.33,520.18,510.58,510.65,39144.967
1752886800000,510.66,514.32,508.1,512.13,13779.242
1752890400000,512.14,514.6,509.34,514.0,9755.721
1752894000000,514.01,515.52,513.38,514.81,12425.064
1752897600000,514.8,518.2,514.6,516.85,15163.645
1752901200000,516.85,517.55,513.54,515.4,8308.882
1752904800000,515.39,516.5,512.66,514.27,6785.436
1752908400000,514.27,515.76,507.37,509.74,33850.078
1752912000000,509.7,510.88,507.11,510.29,18558.211
1752915600000,510.29,511.41,509.47,510.35,7738.775
1752919200000,510.36,510.69,508.37,508.83,5999.842
1752922800000,508.82,509.35,505.32,505.8,11543.425
1752926400000,505.79,507.13,503.53,506.47,13526.026
1752930000000,506.46,506.61,503.9,505.2,8487.508
1752933600000,505.21,505.65,501.5,503.18,19393.259
1752937200000,503.19,505.76,502.82,503.67,12220.606
1752940800000,503.68,505.53,502.12,505.36,9513.494
1752944400000,505.37,505.44,502.52,503.65,5738.54
1752948000000,503.65,506.99,503.35,505.29,8632.182
1752951600000,505.3,522.8,504.36,514.86,69227.605
1752955200000,514.86,517.99,514.32,514.57,15712.677
1752958800000,514.56,516.07,510.21,513.91,12949.565
1752962400000,513.91,516.06,512.5,512.94,10909.595
1752966000000,512.91,513.51,511.57,513.0,5609.539
1752969600000,513.01,523.89,507.77,520.41,60255.356
1752973200000,520.39,523.83,519.77,522.64,21724.756
1752976800000,522.64,524.69,519.81,523.68,16288.853
1752980400000,523.68,525.16,520.85,522.35,16930.939
1752984000000,522.35,531.09,520.44,529.07,34659.416
1752987600000,529.08,533.3,523.24,524.99,17853.784
1752991200000,524.98,525.65,523.3,524.38,9557.125
1752994800000,524.4,526.09,524.24,525.27,7918.684
1752998400000,525.27,528.81,525.27,528.67,9845.126
1753002000000,528.67,529.49,523.81,525.88,18059.435
1753005600000,525.85,528.19,525.66,526.65,7964.158
1753009200000,526.67,536.9,524.63,532.34,43916.409
1753012800000,532.34,538.61,531.03,537.53,34714.089
1753016400000,537.53,545.72,536.67,545.52,36433.772
1753020000000,545.53,552.46,543.37,548.05,47998.931
1753023600000,548.04,553.71,547.96,551.14,32009.67
1753027200000,551.13,553.79,549.0,550.41,27904.594
1753030800000,550.38,552.99,546.2,549.94,29832.864
1753034400000,549.94,553.53,548.76,551.19,16565.506
1753038000000,551.2,551.5,548.19,548.79,8102.489
1753041600000,548.79,549.61,546.63,547.08,11793.416
1753045200000,547.09,547.42,541.74,546.06,15478.608
1753048800000,546.06,550.21,540.0,549.63,37192.948
1753052400000,549.63,549.7,547.2,548.16,12831.816
1753056000000,548.16,548.93,538.65,542.15,39230.422
1753059600000,542.16,542.45,526.82,530.57,68015.171
1753063200000,530.58,534.59,530.26,533.9,39616.221
1753066800000,533.88,536.0,532.77,534.56,24836.953
1753070400000,534.56,535.21,524.67,525.0,71437.545
1753074000000,525.0,527.78,522.93,526.17,32167.134
1753077600000,526.17,531.97,525.95,531.66,23396.262
1753081200000,531.65,534.38,530.67,530.87,23534.473
1753084800000,530.87,531.16,525.28,527.86,23413.336
1753088400000,527.87,531.88,526.23,531.25,22373.183
1753092000000,531.21,533.12,526.06,527.58,23736.458
1753095600000,527.58,535.22,527.24,528.99,30993.107
1753099200000,528.99,531.94,527.25,531.07,14164.696
1753102800000,531.08,532.91,527.39,532.3,21497.854
1753106400000,532.31,535.96,527.18,529.21,53168.891
1753110000000,529.2,531.96,526.0,527.64,38163.272
1753113600000,527.63,528.37,520.12,524.51,42547.715
1753117200000,524.51,526.79,523.95,526.69,10774.977
1753120800000,526.77,529.35,522.18,522.73,12610.684
1753124400000,522.74,525.69,518.07,519.42,28718.641
1753128000000,519.39,522.05,517.73,518.02,15289.081
1753131600000,518.01,521.44,516.65,520.79,15502.471
1753135200000,520.78,524.02,519.78,522.27,7540.763
1753138800000,522.27,523.92,520.0,522.48,20349.497
1753142400000,522.47,524.31,519.02,520.3,16255.805
1753146000000,520.3,524.47,512.0,523.26,39260.668
1753149600000,523.25,525.08,517.09,518.51,26113.352
1753153200000,518.51,520.1,514.98,519.15,20383.225
1753156800000,519.1,519.7,511.05,511.27,25601.397
1753160400000,511.28,520.95,511.01,517.5,22619.946
1753164000000,517.52,520.16,516.18,519.83,10014.447
1753167600000,519.84,524.11,519.19,520.64,17861.963
1753171200000,520.64,520.64,512.04,518.66,29490.414
1753174800000,518.64,521.47,512.78,520.43,20977.24
1753178400000,520.43,522.88,520.16,521.2,9225.272
1753182000000,521.21,522.34,519.13,521.01,11008.649
1753185600000,521.02,522.39,517.82,519.01,10727.102
1753189200000,519.03,521.06,513.9,514.28,23707.906
1753192800000,514.24,521.4,511.11,520.88,29540.512
1753196400000,520.88,521.45,517.36,518.76,16889.617
1753200000000,518.76,523.45,517.49,518.73,23286.835
1753203600000,518.73,521.32,516.16,519.88,22708.516
1753207200000,519.88,522.92,518.29,520.54,13698.474
1753210800000,520.53,521.33,513.2,514.42,18026.667
1753214400000,514.4,518.14,513.85,517.53,13619.558
1753218000000,517.53,535.53,516.64,528.92,63418.613
1753221600000,528.92,529.28,522.52,522.52,36769.529
1753225200000,522.52,529.08,522.12,526.14,30605.259
1753228800000,526.14,526.29,522.75,523.09,13620.805
1753232400000,523.12,524.71,520.47,523.44,16336.98
1753236000000,523.44,525.68,521.59,525.21,15899.108
1753239600000,525.21,529.09,523.35,525.85,38685.714
1753243200000,525.85,529.0,524.88,528.94,10426.604
1753246800000,528.94,529.88,526.61,528.52,11868.118
1753250400000,528.52,528.8,524.08,525.11,16530.511
1753254000000,525.02,527.23,524.03,526.66,8755.106
1753257600000,526.66,529.49,525.72,527.83,11142.174
1753261200000,527.83,527.85,522.45,525.75,17032.305
1753264800000,525.74,528.3,523.17,527.57,18929.807
1753268400000,527.56,528.79,525.45,528.33,11712.139
1753272000000,528.33,528.41,514.69,516.8,47555.583
1753275600000,516.81,520.82,501.0,508.07,89646.024
1753279200000,508.07,514.14,506.5,513.98,28910.741
1753282800000,513.97,516.23,508.28,514.95,17364.933
1753286400000,514.95,515.49,506.4,506.49,19514.967
1753290000000,506.49,509.16,502.28,507.68,32719.653
1753293600000,507.75,514.47,507.19,513.95,16663.093
1753297200000,513.95,514.47,509.99,510.39,11702.864
1753300800000,510.32,512.43,500.42,506.22,45538.557
1753304400000,506.17,509.19,497.28,508.16,28558.319
1753308000000,508.19,512.89,504.91,512.03,13498.52
1753311600000,512.03,512.91,510.88,511.76,7840.484
1753315200000,511.78,521.4,509.29,518.34,23947.394
1753318800000,518.34,522.23,515.47,522.23,17971.726
1753322400000,522.23,523.8,518.29,518.64,19979.624
1753326000000,518.64,520.5,513.98,515.04,18368.365
1753329600000,515.01,515.63,504.47,506.17,27698.493
1753333200000,506.16,506.74,494.66,496.05,49742.783
1753336800000,496.05,502.17,490.0,494.26,45972.451
1753340400000,494.29,503.79,490.0,503.19,36695.406
1753344000000,503.1,505.77,500.28,504.46,29567.082
1753347600000,504.48,518.06,504.39,516.17,62771.034
1753351200000,516.17,528.53,514.59,522.78,130840.884
1753354800000,522.78,526.92,516.19,520.14,45245.964
1753358400000,520.13,527.62,517.11,520.23,116663.659
1753362000000,520.21,522.12,517.39,517.8,18793.814
1753365600000,517.83,525.28,515.0,524.8,32750.729
1753369200000,524.8,526.98,519.66,521.55,28470.592
1753372800000,521.55,522.25,514.04,515.65,29597.539
1753376400000,515.67,521.33,514.9,519.98,12886.382
1753380000000,519.97,521.27,518.34,519.3,8349.915
1753383600000,519.29,520.0,515.08,515.32,7811.919
1753387200000,515.32,524.39,515.05,518.51,24465.126
1753390800000,518.51,519.27,514.01,514.92,11543.476
1753394400000,514.92,516.45,512.15,514.58,17606.567
1753398000000,514.56,514.56,509.48,513.05,23029.768
1753401600000,513.05,515.56,509.21,513.39,25491.719
1753405200000,513.39,527.42,509.24,525.13,122120.419
1753408800000,525.12,528.0,520.82,522.3,43322.145
1753412400000,522.27,523.46,515.55,517.05,26612.464
1753416000000,517.0,531.05,515.1,526.41,48918.503
1753419600000,526.42,527.22,522.15,522.39,18601.15
1753423200000,522.38,525.79,521.43,522.42,18801.629
1753426800000,522.43,529.89,520.53,525.19,36569.612
1753430400000,525.18,532.8,524.5,526.66,31110.654
1753434000000,526.66,548.0,526.51,544.53,73603.008
1753437600000,544.53,564.0,542.16,558.43,118293.625
1753441200000,558.45,564.24,554.37,554.64,42601.944
1753444800000,554.63,558.57,549.28,550.42,44436.358
1753448400000,550.42,551.82,544.25,545.42,39341.002
1753452000000,545.42,545.68,534.52,535.41,43161.149
1753455600000,535.41,538.8,529.96,534.27,32884.534
1753459200000,534.26,541.14,533.86,540.12,23421.896
1753462800000,540.1,543.14,539.59,541.01,18714.966
1753466400000,541.0,541.92,537.66,538.22,9765.055
1753470000000,538.2,541.08,537.03,540.76,8798.005
1753473600000,540.78,553.38,539.28,551.25,28576.545
1753477200000,551.26,552.06,545.98,549.89,19431.085
1753480800000,549.89,554.08,547.8,552.59,15964.581
1753484400000,552.6,558.56,551.77,557.35,25402.424
1753488000000,557.35,558.27,552.5,554.15,21851.378
1753491600000,554.18,557.44,552.05,556.94,14888.242
1753495200000,556.92,559.61,556.22,556.92,22768.401
1753498800000,556.9,557.01,553.29,555.06,12567.088
1753502400000,555.06,556.84,553.62,554.65,8894.223
1753506000000,554.67,555.13,553.23,553.9,7560.355
1753509600000,553.89,556.83,553.13,555.14,9267.734
1753513200000,555.14,555.42,551.43,552.03,12530.528
1753516800000,552.03,556.45,551.25,555.66,25649.149
1753520400000,555.66,556.44,552.94,554.2,10429.635
1753524000000,554.19,556.74,553.65,555.58,9314.811
1753527600000,555.59,559.0,555.13,558.63,14427.922
1753531200000,558.63,558.92,555.4,555.88,12792.473
1753534800000,555.88,558.43,554.73,557.25,6979.692
1753538400000,557.26,557.69,555.1,555.16,12888.488
1753542000000,555.16,557.5,555.05,556.15,10301.658
1753545600000,556.15,556.45,552.61,554.93,11764.053
1753549200000,554.94,559.7,554.16,559.0,10464.978
1753552800000,559.0,562.0,557.55,560.28,12652.687
1753556400000,560.28,563.5,559.31,561.31,9063.064
1753560000000,561.31,561.31,558.89,559.48,5362.569
1753563600000,559.47,561.46,558.99,560.22,5689.395
1753567200000,560.21,561.05,558.04,560.31,8881.257
1753570800000,560.31,561.73,559.06,559.31,8024.671
1753574400000,559.31,560.73,555.42,557.13,19712.697
1753578000000,557.13,580.0,556.63,569.06,71735.757
1753581600000,569.07,574.8,566.2,568.17,38384.611
1753585200000,568.17,569.03,565.56,568.28,13687.885
1753588800000,568.28,571.41,566.83,568.1,9085.595
1753592400000,568.1,570.02,565.01,569.76,11735.822
1753596000000,569.73,584.99,569.04,580.31,58274.472
1753599600000,580.32,586.32,579.93,585.37,28796.905
1753603200000,585.37,587.85,582.57,584.21,28359.002
1753606800000,584.21,586.71,583.15,585.39,11422.529
1753610400000,585.41,595.0,585.14,590.59,53192.065
1753614000000,590.59,594.29,590.16,593.26,18023.833
1753617600000,593.26,604.96,592.72,602.18,72937.831
1753621200000,602.16,602.65,593.62,594.95,35365.273
1753624800000,594.95,600.11,594.9,596.49,18517.589
1753628400000,596.5,599.5,593.6,598.77,18689.199
1753632000000,598.78,608.37,592.78,604.01,57844.517
1753635600000,604.01,605.57,599.62,599.63,35543.016
1753639200000,599.62,606.75,598.95,603.75,19298.602
1753642800000,603.75,605.35,601.65,604.92,11402.486
1753646400000,604.91,605.17,596.26,597.2,16027.083
1753650000000,597.2,600.74,596.43,598.42,10531.775
1753653600000,598.41,601.12,594.84,594.9,17899.671
1753657200000,594.9,595.69,589.65,589.94,49995.421
1753660800000,589.95,592.47,588.3,589.92,42294.306
1753664400000,589.92,595.79,589.54,594.38,26798.839
1753668000000,594.38,594.72,589.31,590.16,23383.444
1753671600000,590.15,590.43,589.77,589.96,12840.481
1753675200000,589.96,592.5,588.65,590.59,19158.823
1753678800000,590.59,605.57,589.77,592.11,109125.233
1753682400000,592.11,592.43,588.77,590.01,25772.334
1753686000000,590.01,590.29,578.35,580.16,63878.11
1753689600000,580.16,582.5,576.68,577.66,23977.176
1753693200000,577.7,591.33,577.0,583.29,38393.632
1753696800000,583.29,587.09,582.22,586.74,13396.498
1753700400000,586.8,587.97,585.66,586.05,9475.026
1753704000000,586.02,589.2,584.27,588.18,11990.971
1753707600000,588.23,590.62,579.0,581.88,58765.345
1753711200000,581.84,585.18,577.85,581.25,36877.026
1753714800000,581.25,586.28,580.26,584.17,14786.758
1753718400000,584.17,586.85,582.74,583.18,12371.549
1753722000000,583.17,584.43,581.38,582.73,8098.908
1753725600000,582.74,583.92,580.33,581.13,14202.699
1753729200000,581.12,582.98,575.06,578.33,23068.561
1753732800000,578.33,578.69,570.1,574.75,23305.709
1753736400000,574.74,579.76,574.4,575.59,13797.14
1753740000000,575.59,576.59,568.77,570.12,23084.364
1753743600000,570.16,572.5,569.24,572.44,12177.582
1753747200000,572.44,582.16,570.93,581.79,51236.062
1753750800000,581.8,583.76,579.51,580.4,22354.845
1753754400000,580.41,581.54,574.99,576.89,17401.885
1753758000000,576.88,583.96,576.8,582.45,18984.839
1753761600000,582.46,586.56,581.12,581.64,17826.984
1753765200000,581.64,582.03,578.07,578.19,11687.267
1753768800000,578.19,578.93,574.29,575.83,20048.925
1753772400000,575.84,580.0,574.56,575.6,15746.479
1753776000000,575.59,575.81,570.06,570.84,19653.233
1753779600000,570.84,573.27,569.1,571.9,15126.544
1753783200000,571.9,572.26,565.18,566.68,19148.991
1753786800000,566.68,570.05,564.45,566.44,12792.658
1753790400000,566.43,570.86,564.53,569.4,20233.272
1753794000000,569.43,574.61,567.63,568.85,21563.533
1753797600000,568.89,569.09,561.2,563.26,27683.457
1753801200000,563.17,564.21,560.2,562.11,16906.799
1753804800000,562.1,567.56,561.18,566.82,26145.23
1753808400000,566.84,568.5,562.92,565.21,11226.185
1753812000000,565.21,567.01,563.25,566.53,9989.933
1753815600000,566.53,569.29,562.63,564.18,11253.707
1753819200000,564.15,565.23,560.06,562.91,12234.632
1753822800000,562.92,567.97,560.88,565.23,8296.502
1753826400000,565.23,565.44,561.54,561.94,8219.719
1753830000000,561.95,564.49,561.62,564.05,5168.427
1753833600000,564.04,566.45,561.16,566.06,12725.056
1753837200000,566.06,568.62,563.32,566.95,11660.608
1753840800000,566.95,572.72,566.91,570.47,13993.078
1753844400000,570.46,570.87,568.21,568.76,5691.863
1753848000000,568.75,568.97,564.02,564.61,8371.573
1753851600000,564.62,566.82,563.05,565.08,6076.335
1753855200000,565.08,568.79,565.0,567.29,5563.703
1753858800000,567.28,570.22,564.47,566.44,7342.544
1753862400000,566.43,569.0,565.32,567.56,7354.21
1753866000000,567.56,568.6,562.18,562.95,9261.671
1753869600000,562.96,568.0,562.92,564.0,10890.007
1753873200000,564.0,567.06,557.83,561.89,25365.379
1753876800000,561.92,568.48,561.03,564.43,23871.421
1753880400000,564.42,567.2,562.87,565.46,13786.615
1753884000000,565.47,571.38,565.23,570.17,19422.098
1753887600000,570.18,570.79,566.13,568.9,13239.81
1753891200000,568.91,569.43,564.61,567.88,9752.396
1753894800000,567.88,572.0,566.62,570.66,10995.842
1753898400000,570.66,571.41,562.4,562.77,16554.189
1753902000000,562.76,565.6,548.42,564.82,54433.831
1753905600000,564.8,569.26,564.32,567.99,10498.29
1753909200000,567.99,569.13,564.6,566.49,7894.088
1753912800000,566.47,570.34,566.09,567.47,11776.008
1753916400000,567.42,594.51,567.22,589.53,93151.572
1753920000000,589.54,596.8,589.31,590.9,29691.971
1753923600000,590.89,591.01,580.71,584.34,25643.617
1753927200000,584.35,586.31,582.3,584.68,10909.716
1753930800000,584.67,586.46,581.75,583.38,10309.559
1753934400000,583.38,585.65,581.45,584.1,9285.864
1753938000000,584.1,589.99,581.0,582.79,13105.535
1753941600000,582.78,587.83,581.89,581.9,17412.717
1753945200000,581.9,582.94,580.0,581.92,11850.232
1753948800000,581.92,585.99,581.92,585.35,10544.41
1753952400000,585.35,586.83,584.01,585.85,7165.656
1753956000000,585.84,585.89,581.87,582.59,8851.416
1753959600000,582.59,583.96,581.12,583.09,8744.506
1753963200000,583.16,583.44,577.25,580.21,12823.327
1753966800000,580.21,580.21,575.15,577.43,16637.872
1753970400000,577.41,578.7,571.63,571.76,18282.926
1753974000000,571.75,575.0,571.16,574.16,13043.93
1753977600000,574.16,578.17,573.36,574.93,13436.736
1753981200000,574.92,574.92,568.52,569.15,14780.7
1753984800000,569.15,571.89,566.9,569.69,12777.999
1753988400000,569.68,569.97,562.96,563.4,14218.716
1753992000000,563.4,564.84,561.43,564.07,9909.666
1753995600000,564.06,576.3,563.48,571.05,29392.106
1753999200000,571.05,571.38,560.61,561.86,32308.444
1754002800000,561.86,565.17,559.68,561.22,13470.279
1754006400000,561.22,565.33,552.24,561.86,35787.502
1754010000000,561.86,564.0,556.05,559.69,20309.257
1754013600000,559.67,564.81,558.21,563.61,11804.4
1754017200000,563.6,575.9,561.73,570.1,37053.383
1754020800000,570.1,570.23,567.0,567.13,14580.056
1754024400000,567.15,569.84,563.0,564.35,15073.399
1754028000000,564.35,566.98,561.66,565.19,15787.106
1754031600000,565.19,565.71,557.0,558.84,15176.898
1754035200000,558.84,558.89,552.21,553.62,25686.16
1754038800000,553.6,558.18,553.19,553.29,22727.273
1754042400000,553.28,556.03,552.39,552.48,9198.226
1754046000000,552.48,558.39,550.0,558.01,15964.996
1754049600000,558.0,561.24,555.34,557.43,17013.554
1754053200000,557.43,558.53,545.61,549.59,35084.969
1754056800000,549.58,560.0,547.0,555.06,26932.78
1754060400000,555.12,555.69,548.36,552.25,14295.485
1754064000000,552.24,556.66,546.21,549.19,17259.554
1754067600000,549.11,551.41,542.25,543.81,23478.788
1754071200000,543.8,545.01,538.07,540.6,19460.807
1754074800000,540.54,542.64,536.5,539.8,21322.994
1754078400000,539.8,540.45,531.7,535.8,23221.961
1754082000000,535.79,541.47,534.56,540.28,13488.036
1754085600000,540.28,540.41,526.33,531.92,32511.23
1754089200000,531.93,537.15,530.3,535.8,11111.302
1754092800000,535.81,541.96,534.04,541.96,14182.959
1754096400000,541.95,543.23,537.82,539.28,7487.777
1754100000000,539.28,540.91,538.29,540.72,5096.262
1754103600000,540.71,542.62,539.09,539.56,5479.05
1754107200000,539.57,543.85,539.16,540.79,7141.227
1754110800000,540.78,542.59,538.75,542.47,6999.112
1754114400000,542.47,543.69,535.12,538.99,16912.101
1754118000000,538.92,541.82,534.63,540.99,12543.307
1754121600000,540.96,541.76,536.54,537.04,7067.399
1754125200000,537.05,538.17,532.61,534.87,10203.222
1754128800000,534.87,535.1,532.0,533.76,6834.112
1754132400000,533.75,537.95,531.04,534.01,11012.08
1754136000000,534.0,537.16,532.47,536.56,8227.946
1754139600000,536.56,539.6,535.86,538.2,8479.435
1754143200000,538.29,539.91,530.15,531.33,13708.415
1754146800000,531.32,535.53,527.75,528.97,14107.198
1754150400000,528.96,533.04,526.26,531.4,13481.728
1754154000000,531.4,534.49,523.93,526.41,16215.834
1754157600000,526.41,528.75,521.32,523.81,22025.552
1754161200000,523.79,529.07,522.21,522.21,12984.407
1754164800000,522.26,527.38,521.55,527.34,9926.213
1754168400000,527.34,529.27,524.27,525.57,6660.579
1754172000000,525.56,526.76,521.33,523.65,7703.015
1754175600000,523.65,523.95,517.63,519.92,13415.575
1754179200000,519.92,524.7,514.2,524.07,18012.903
1754182800000,524.06,527.0,522.06,525.23,10063.363
1754186400000,525.23,529.87,525.23,529.08,5889.364
1754190000000,529.08,529.35,527.24,528.85,5434.809
1754193600000,528.86,531.28,527.43,530.02,5460.263
1754197200000,530.01,531.38,529.56,530.56,5383.826
1754200800000,530.57,531.12,528.76,530.9,4016.302
1754204400000,530.9,540.04,530.23,535.55,34707.299
1754208000000,535.55,544.18,535.55,540.02,33908.707
1754211600000,540.02,540.69,537.79,539.29,6434.543
1754215200000,539.29,541.6,538.05,541.1,6089.424
1754218800000,541.1,542.89,537.05,537.57,10508.597
1754222400000,537.57,541.35,536.2,540.42,7528.322
1754226000000,540.42,542.01,539.71,541.74,6672.634
1754229600000,541.73,542.99,537.33,539.16,10024.134
1754233200000,539.12,541.22,537.21,541.05,6477.506
1754236800000,541.04,543.06,540.52,542.51,4776.565
1754240400000,542.5,542.94,540.16,542.87,4279.951
1754244000000,542.87,543.61,540.86,541.29,4584.435
1754247600000,541.29,542.64,540.58,542.04,4160.061
1754251200000,542.04,543.61,541.2,543.41,3868.135
1754254800000,543.41,547.32,543.12,547.32,5591.272
1754258400000,547.32,547.85,541.95,542.39,9127.399
1754262000000,542.39,548.88,541.77,544.05,10624.873
1754265600000,544.06,552.54,543.81,551.61,13358.963
1754269200000,551.61,552.61,547.86,552.36,10625.725
1754272800000,552.36,553.26,549.27,552.11,11208.227
1754276400000,552.06,553.73,550.51,552.75,7664.794
1754280000000,552.75,553.55,549.99,553.15,9281.296
1754283600000,553.15,553.18,551.02,552.2,6904.411
1754287200000,552.21,552.96,547.75,549.53,11639.211
1754290800000,549.53,553.28,549.01,552.9,7369.66
1754294400000,552.89,555.29,552.07,552.43,10697.612
1754298000000,552.43,557.03,551.47,552.75,9270.945
1754301600000,552.74,555.31,551.58,552.71,6063.762
1754305200000,552.71,555.27,551.34,554.47,8673.087
1754308800000,554.47,556.73,553.62,556.62,12132.243
1754312400000,556.61,556.93,551.81,555.99,14845.054
1754316000000,555.95,575.08,555.8,571.41,86073.473
1754319600000,571.41,579.27,570.3,576.2,35251.663
1754323200000,576.2,577.72,572.52,572.83,16033.758
1754326800000,572.83,575.16,568.92,569.94,20648.167
1754330400000,569.94,571.44,565.09,565.32,14900.807
1754334000000,565.31,565.96,560.11,560.65,15425.502
1754337600000,560.64,561.24,559.0,559.29,12645.443
1754341200000,559.28,560.39,556.15,556.75,12132.492
1754344800000,556.75,581.92,556.7,574.53,102337.894
1754348400000,574.53,577.11,572.12,574.27,15033.486
1754352000000,574.27,575.82,570.83,573.0,14818.743
1754355600000,573.0,577.96,571.3,573.69,19030.638
1754359200000,573.69,574.94,570.81,571.39,9900.165
1754362800000,571.4,571.58,565.68,565.94,15213.815
1754366400000,565.94,566.59,564.38,565.28,9068.753
1754370000000,565.29,566.82,564.8,565.47,9167.101
1754373600000,565.48,566.18,560.14,561.87,9904.103
1754377200000,561.86,562.76,557.46,562.73,20935.404
1754380800000,562.72,564.3,558.19,559.31,15592.843
1754384400000,559.31,575.46,558.4,572.34,47086.335
1754388000000,572.34,584.27,570.27,582.91,40990.479
1754391600000,582.88,583.2,574.62,576.94,22075.346
1754395200000,576.98,578.11,568.1,572.15,24400.321
1754398800000,572.12,573.31,569.56,570.57,9811.962
1754402400000,570.56,570.95,563.67,567.76,26533.085
1754406000000,567.73,570.59,562.58,564.7,19721.442
1754409600000,564.71,566.49,560.97,561.06,10541.192
1754413200000,561.06,561.92,559.33,561.21,10870.702
1754416800000,561.2,561.97,553.25,554.45,18802.216
1754420400000,554.45,555.3,541.77,543.44,29438.346
1754424000000,543.45,545.09,541.55,543.34,16501.282
1754427600000,543.36,549.98,543.22,547.72,11630.037
1754431200000,547.72,550.4,543.9,549.12,17897.458
1754434800000,549.12,552.5,548.8,551.41,10972.891
1754438400000,551.4,552.16,547.31,549.34,22147.66
1754442000000,549.29,553.59,548.7,553.13,11172.33
1754445600000,553.15,556.29,549.98,554.93,15889.095
1754449200000,554.94,558.0,553.65,555.27,13959.466
1754452800000,555.33,557.56,553.51,555.55,11227.564
1754456400000,555.55,565.01,555.11,559.94,38116.134
1754460000000,559.95,560.95,557.58,560.21,14263.822
1754463600000,560.24,565.07,558.57,562.2,14464.071
1754467200000,562.19,565.17,557.95,560.17,13482.263
1754470800000,560.17,562.19,556.9,558.57,10780.104
1754474400000,558.56,559.43,556.67,559.43,7187.131
1754478000000,559.43,562.69,558.87,561.72,10594.4
1754481600000,561.73,562.96,557.42,557.9,11379.088
1754485200000,557.93,561.0,556.79,558.46,14172.418
1754488800000,558.46,566.47,557.74,566.26,17645.875
1754492400000,566.26,571.54,563.32,571.39,22577.96
1754496000000,571.39,573.51,567.95,569.38,20465.154
1754499600000,569.37,572.09,566.46,571.99,10039.767
1754503200000,571.98,573.13,568.68,570.3,7497.182
1754506800000,570.3,572.17,569.62,571.76,4306.979
1754510400000,571.75,571.91,567.34,567.38,5832.728
1754514000000,567.36,570.81,567.36,569.97,5316.632
1754517600000,569.97,571.51,569.22,570.81,5474.743
1754521200000,570.81,572.98,570.19,570.85,7680.402
1754524800000,570.85,572.91,570.03,570.76,7474.806
1754528400000,570.76,572.13,568.67,569.62,10267.255
1754532000000,569.62,571.0,568.65,570.11,6066.021
1754535600000,570.11,571.0,568.15,569.15,7911.122
1754539200000,569.14,571.64,569.01,570.45,8004.083
1754542800000,570.44,571.71,567.84,571.48,14939.353
1754546400000,571.48,577.5,571.48,576.42,28667.557
1754550000000,576.43,579.32,575.73,576.98,28160.203
1754553600000,576.98,577.5,571.91,572.0,27076.86
1754557200000,572.0,576.0,567.14,575.39,39637.858
1754560800000,575.39,582.45,575.25,581.93,45441.151
1754564400000,581.93,584.85,574.13,581.07,63987.078
1754568000000,581.07,583.36,572.5,575.05,46263.748
1754571600000,575.0,580.69,573.44,576.77,34582.943
1754575200000,576.78,579.49,573.63,575.58,19299.441
1754578800000,575.58,576.98,574.24,576.41,7140.446
1754582400000,576.41,577.97,570.64,576.05,21181.066
1754586000000,576.04,577.47,575.8,576.81,5824.512
1754589600000,576.81,577.56,575.58,577.37,4075.435
1754593200000,577.36,579.99,576.16,579.69,8914.264
1754596800000,579.73,581.03,579.51,579.8,8719.574
1754600400000,579.8,582.89,578.71,580.58,10916.815
1754604000000,580.6,582.6,579.78,582.09,9540.3
1754607600000,582.09,582.57,580.09,581.9,9697.651
1754611200000,581.9,586.86,576.87,581.35,35083.532
1754614800000,581.36,583.39,572.92,575.93,46862.269
1754618400000,575.86,576.84,573.45,575.45,11649.0
1754622000000,575.45,578.31,574.01,575.23,9763.19
1754625600000,575.22,576.76,574.2,574.72,7773.153
1754629200000,574.71,575.59,573.0,573.78,8760.345
1754632800000,573.79,579.27,573.19,578.93,8434.019
1754636400000,578.93,580.81,577.4,579.91,26991.17
1754640000000,579.94,581.43,578.35,579.48,9032.372
1754643600000,579.47,581.31,578.79,581.05,5723.988
1754647200000,581.05,582.0,580.6,581.43,6009.251
1754650800000,581.43,582.49,580.09,580.28,7355.151
1754654400000,580.28,580.7,578.08,578.88,8364.709
1754658000000,578.88,582.47,578.88,582.23,11300.824
1754661600000,582.24,584.16,578.4,580.44,15274.662
1754665200000,580.44,580.5,576.67,579.44,13096.791
1754668800000,579.44,581.47,578.97,581.37,7936.557
1754672400000,581.39,588.0,581.31,587.99,17425.967
1754676000000,588.0,588.96,586.18,588.62,9350.122
1754679600000,588.62,589.1,587.12,588.56,5919.904
1754683200000,588.55,588.81,586.29,587.48,4913.501
1754686800000,587.48,587.69,586.29,587.43,2581.595
1754690400000,587.42,588.0,586.59,587.52,6200.265
1754694000000,587.52,588.43,585.53,585.89,6279.141
1754697600000,585.9,587.79,585.05,585.78,8059.267
1754701200000,585.77,585.83,583.9,584.68,5232.491
1754704800000,584.67,585.55,583.41,584.73,5119.159
1754708400000,584.73,586.91,584.41,585.52,5805.231
1754712000000,585.52,586.75,584.23,584.38,6846.726
1754715600000,584.37,592.12,583.92,589.44,24256.994
1754719200000,589.48,589.98,587.24,587.55,11197.422
1754722800000,587.56,588.21,586.26,587.18,7277.1
1754726400000,587.19,587.51,584.72,586.21,9382.156
1754730000000,586.21,587.63,585.6,586.8,6907.959
1754733600000,586.81,590.12,586.64,588.62,11712.754
1754737200000,588.62,588.76,585.57,585.96,7627.557
1754740800000,585.96,588.91,585.25,587.67,6719.043
1754744400000,587.66,587.99,568.08,574.91,95649.171
1754748000000,574.9,576.57,566.26,572.7,34979.106
1754751600000,572.68,572.71,564.57,567.94,50180.402
1754755200000,567.93,570.67,567.49,568.85,14040.03
1754758800000,568.85,571.32,568.3,570.24,9838.319
1754762400000,570.23,571.68,569.39,571.33,6976.212
1754766000000,571.33,573.0,570.9,571.41,11124.076
1754769600000,571.41,573.0,569.86,571.96,10053.155
1754773200000,571.95,573.0,568.71,571.51,7875.853
1754776800000,571.55,572.73,569.37,571.09,12472.732
1754780400000,571.1,571.21,565.68,565.92,13866.934
1754784000000,565.91,573.0,565.68,572.44,20351.449
1754787600000,572.44,576.19,571.69,574.16,24104.451
1754791200000,574.16,574.94,571.87,573.25,10823.981
1754794800000,573.2,581.75,572.43,578.37,34571.105
1754798400000,578.37,580.79,577.0,579.31,8705.651
1754802000000,579.31,579.6,568.6,568.75,51308.743
1754805600000,568.75,570.21,566.35,567.5,15787.76
1754809200000,567.49,568.72,561.0,562.97,26727.08
1754812800000,562.97,565.05,558.86,563.48,27782.855
1754816400000,563.48,566.91,562.46,566.32,10656.388
1754820000000,566.32,567.59,563.36,565.51,10845.306
1754823600000,565.51,567.78,564.22,567.49,6995.009
1754827200000,567.43,570.85,566.28,568.23,9429.249
1754830800000,568.22,569.23,563.86,564.02,8841.558
1754834400000,564.01,586.44,563.12,577.0,90099.525
1754838000000,577.0,581.32,572.85,573.47,35801.123
1754841600000,573.46,574.28,571.11,571.9,7487.598
1754845200000,571.88,573.31,570.43,570.52,9132.296
1754848800000,570.51,571.23,569.55,570.84,4267.83
1754852400000,570.84,572.16,570.29,570.92,4449.217
1754856000000,570.92,571.17,569.14,569.57,4828.402
1754859600000,569.56,570.39,567.01,570.04,8513.911
1754863200000,570.04,571.14,568.23,571.08,6147.456
1754866800000,571.11,571.87,569.45,570.24,5957.713
1754870400000,570.26,573.6,569.38,571.12,12034.337
1754874000000,571.12,574.1,569.78,572.42,12217.705
1754877600000,572.43,578.43,572.13,576.48,20423.731
1754881200000,576.47,577.34,573.75,576.74,12465.674
1754884800000,576.74,577.5,574.44,574.78,8063.944
1754888400000,574.78,577.35,574.45,577.13,7635.19
1754892000000,577.13,578.34,576.18,577.92,7310.962
1754895600000,577.91,579.34,572.51,573.82,17317.63
1754899200000,573.82,576.74,571.28,575.27,14495.395
1754902800000,575.26,595.26,572.89,592.34,109395.605
1754906400000,592.33,598.63,587.77,590.17,59455.235
1754910000000,590.16,592.15,585.73,587.35,34122.876
1754913600000,587.34,592.49,580.38,584.08,32392.826
1754917200000,584.05,585.55,580.14,585.42,25183.835
1754920800000,585.43,600.42,585.0,585.98,80465.503
1754924400000,585.98,589.47,585.34,587.88,11960.035
1754928000000,587.89,600.08,583.29,590.59,46321.002
1754931600000,590.49,594.02,588.9,590.51,13232.782
1754935200000,590.51,591.41,587.16,590.14,10796.956
1754938800000,590.13,591.43,580.67,584.16,14901.716
1754942400000,584.12,586.29,582.9,584.0,9798.512
1754946000000,583.98,584.46,575.2,578.73,21599.72
1754949600000,578.71,579.27,575.0,578.48,11379.635
1754953200000,578.49,581.66,578.01,578.49,7386.445
1754956800000,578.5,595.59,578.01,590.87,49274.362
1754960400000,590.87,597.12,589.08,595.54,47505.811
1754964000000,595.54,601.99,593.88,597.83,35630.232
1754967600000,597.83,599.27,593.0,593.14,18962.435
1754971200000,593.14,599.12,592.68,596.27,17476.234
1754974800000,596.28,596.36,590.54,591.64,15545.092
1754978400000,591.64,594.95,589.3,590.34,13750.4
1754982000000,590.34,593.12,590.12,590.98,9640.76
1754985600000,591.0,593.2,589.0,590.12,14677.998
1754989200000,590.12,596.57,588.8,591.33,28891.195
1754992800000,591.33,595.39,589.7,590.44,18016.578
1754996400000,590.44,593.67,586.27,592.04,18215.324
1755000000000,592.03,596.44,591.43,594.51,22463.471
1755003600000,594.51,595.2,587.82,589.63,27732.783
1755007200000,589.63,594.64,588.29,594.61,17345.653
1755010800000,594.6,605.5,593.1,604.28,50302.21
1755014400000,604.29,610.0,601.74,607.71,25308.291
1755018000000,607.7,623.33,605.95,616.64,47661.485
1755021600000,616.63,626.6,616.63,618.16,41468.845
1755025200000,618.16,623.13,617.7,619.49,16854.829
1755028800000,619.48,626.32,618.58,625.64,22053.625
1755032400000,625.62,626.47,614.71,619.57,24573.645
1755036000000,619.56,620.9,617.13,620.0,15194.003
1755039600000,620.0,620.83,618.12,619.11,8186.65
1755043200000,619.08,622.77,618.24,620.75,10796.068
1755046800000,620.75,620.86,615.13,617.46,13840.372
1755050400000,617.45,618.82,614.31,617.1,14279.261
1755054000000,617.1,618.58,615.63,615.94,11925.505
1755057600000,615.93,617.31,608.78,612.38,21678.754
1755061200000,612.37,613.75,603.33,604.63,29623.074
1755064800000,604.63,605.02,600.98,603.17,23364.063
1755068400000,603.17,609.06,602.15,608.56,22348.224
1755072000000,608.55,612.7,605.43,606.75,37440.153
1755075600000,606.75,610.05,606.75,609.28,15003.075
1755079200000,609.27,611.55,608.95,610.26,15783.342
1755082800000,610.26,611.96,606.07,609.14,18814.146
1755086400000,609.17,609.17,607.1,607.56,13096.553
1755090000000,607.56,633.0,607.24,626.88,160252.831
1755093600000,626.87,628.78,617.6,619.54,42326.729
1755097200000,619.55,624.72,618.49,619.2,24664.053
1755100800000,619.2,622.39,617.23,617.48,21298.502
1755104400000,617.48,619.23,611.74,613.57,26826.243
1755108000000,613.57,615.33,608.1,610.24,17662.039
1755111600000,610.24,613.34,608.87,612.93,9518.204
1755115200000,612.9,613.13,610.65,610.75,6764.985
1755118800000,610.74,613.49,610.36,612.2,7269.637
1755122400000,612.2,618.23,611.81,616.34,14686.475
1755126000000,616.32,618.37,615.62,616.26,9462.993
1755129600000,616.25,621.0,615.65,620.17,16440.665
1755133200000,620.16,625.16,618.48,625.08,17035.817
1755136800000,625.07,626.66,617.23,624.05,27444.726
1755140400000,624.05,625.13,621.97,623.31,12167.882
1755144000000,623.3,626.15,621.07,625.27,13148.578
1755147600000,625.26,627.5,620.25,622.25,23542.266
1755151200000,622.24,622.75,611.79,613.33,52984.129
1755154800000,613.32,613.92,607.04,608.86,24174.25
1755158400000,608.86,608.86,603.5,606.62,17951.118
1755162000000,606.63,611.33,605.87,610.61,18898.982
1755165600000,610.61,610.72,605.0,608.68,15237.323
1755169200000,608.67,609.32,605.75,608.74,7704.973
1755172800000,608.75,610.25,578.8,590.52,86010.931
1755176400000,590.46,596.78,582.12,594.06,46838.179
1755180000000,594.04,597.99,589.57,596.0,24290.426
1755183600000,595.99,596.12,588.98,591.78,15032.889
1755187200000,591.75,591.75,585.44,587.2,17073.754
1755190800000,587.19,592.07,584.76,589.57,10838.885
1755194400000,589.57,590.89,583.46,590.15,10185.54
1755198000000,590.15,592.86,590.06,590.3,5174.006
1755201600000,590.29,591.21,586.32,587.62,8061.918
1755205200000,587.61,589.58,581.95,587.29,10843.999
1755208800000,587.22,591.16,585.64,590.77,7545.143
1755212400000,590.76,594.68,590.6,593.05,9397.791
1755216000000,593.05,595.55,591.01,592.78,8554.339
1755219600000,592.78,596.09,591.41,593.54,9506.525
1755223200000,593.53,595.66,593.04,595.07,6179.799
1755226800000,595.07,597.24,594.18,595.4,6520.312
1755230400000,595.39,597.36,594.6,595.07,5265.251
1755234000000,595.06,596.94,593.12,596.63,5750.758
1755237600000,596.64,601.81,595.44,597.49,18595.615
1755241200000,597.49,599.82,596.08,598.44,10072.334
1755244800000,598.45,598.74,594.28,594.94,8821.253
1755248400000,594.94,596.44,593.16,595.14,9551.086
1755252000000,595.13,596.43,594.23,595.02,5031.51
1755255600000,595.03,595.91,594.06,595.13,4907.049
1755259200000,595.14,598.0,591.25,593.95,15730.959
1755262800000,593.96,594.47,588.63,590.04,12295.605
1755266400000,590.0,592.47,585.65,587.83,17394.331
1755270000000,587.84,588.47,579.7,583.22,28186.99
1755273600000,583.22,587.85,579.61,586.91,18093.208
1755277200000,586.92,590.0,584.35,589.18,10865.365
1755280800000,589.18,591.85,588.13,589.14,8029.109
1755284400000,589.18,590.98,586.83,587.65,6206.942
1755288000000,587.64,589.81,584.74,589.66,9018.443
1755291600000,589.65,590.69,586.44,588.82,4682.332
1755295200000,588.81,593.57,587.74,592.4,10057.661
1755298800000,592.39,593.25,589.66,592.26,6945.395
1755302400000,592.26,594.99,591.55,594.37,7387.81
1755306000000,594.37,596.2,593.34,595.93,7083.004
1755309600000,595.93,597.77,593.37,593.84,6251.283
1755313200000,593.83,594.84,593.11,593.95,3522.568
1755316800000,593.95,597.34,593.73,596.67,6368.914
1755320400000,596.67,596.85,595.16,595.81,4201.551
1755324000000,595.82,596.57,591.64,592.55,10018.611
1755327600000,592.55,594.6,592.47,593.89,9447.326
1755331200000,593.89,594.43,592.29,592.37,3932.115
1755334800000,592.4,592.96,588.9,589.08,5746.691
1755338400000,589.08,590.56,588.29,590.08,7658.027
1755342000000,590.07,592.41,588.82,589.4,5755.344
1755345600000,589.4,590.09,586.52,587.98,12758.518
1755349200000,587.97,588.38,584.82,585.12,9778.921
1755352800000,585.13,588.7,584.8,588.43,5473.543
1755356400000,588.43,588.67,579.61,580.49,21729.936
1755360000000,580.49,580.51,576.33,579.21,21813.446
1755363600000,579.22,579.81,577.79,578.09,6423.467
1755367200000,578.08,581.93,576.4,581.9,7155.179
1755370800000,581.9,584.43,580.72,583.73,6274.484
1755374400000,583.72,584.48,582.56,584.35,3520.871
1755378000000,584.35,587.46,584.08,585.89,7737.478
1755381600000,585.9,587.88,584.83,587.15,4427.254
1755385200000,587.15,587.94,586.39,587.2,2745.494
1755388800000,587.21,587.28,585.6,586.84,7219.415
1755392400000,586.84,588.5,584.19,587.32,14883.02
1755396000000,587.33,589.1,586.61,588.87,5144.338
1755399600000,588.85,589.18,586.36,587.97,6375.923
1755403200000,587.97,590.88,587.97,589.81,5688.664
1755406800000,589.81,590.9,587.86,587.95,5781.535
1755410400000,587.99,589.19,586.73,587.47,7492.618
1755414000000,587.47,588.83,587.46,588.47,3336.252
1755417600000,588.47,590.5,587.46,590.4,5062.65
1755421200000,590.39,591.16,588.81,591.01,5047.903
1755424800000,591.03,592.13,589.74,590.31,6810.768
1755428400000,590.26,591.43,590.12,590.15,3845.202
1755432000000,590.14,590.36,588.36,588.92,4555.085
1755435600000,588.91,589.91,588.55,589.75,4857.692
1755439200000,589.74,589.8,580.71,584.14,22800.151
1755442800000,584.13,587.19,583.05,586.41,13102.252
1755446400000,586.42,588.66,583.34,584.63,14170.087
1755450000000,584.64,585.67,583.2,584.93,4422.961
1755453600000,584.93,584.96,580.01,582.73,10496.345
1755457200000,582.71,584.49,582.15,583.48,5813.735
1755460800000,583.47,585.0,583.19,583.85,5331.319
1755464400000,583.85,583.92,582.71,582.93,2988.637
1755468000000,582.92,585.58,582.68,584.98,7143.125
1755471600000,584.98,584.98,581.6,581.86,4626.472
1755475200000,581.86,582.35,579.77,581.82,8790.688
1755478800000,581.82,581.85,576.95,578.38,15154.391
1755482400000,578.38,580.29,567.51,568.15,42845.244
1755486000000,568.14,568.51,563.0,567.78,15881.823
1755489600000,567.77,570.22,566.18,569.91,8252.728
1755493200000,569.92,571.41,566.72,569.89,7107.398
1755496800000,569.89,569.98,563.72,566.55,8970.736
1755500400000,566.54,567.6,565.65,566.49,4486.648
1755504000000,566.49,567.62,563.83,564.03,5963.765
1755507600000,564.03,566.77,562.03,565.51,10676.659
1755511200000,565.5,566.27,562.8,563.08,4895.245
1755514800000,563.07,563.32,560.53,561.85,9830.979
1755518400000,561.85,565.57,560.84,565.51,8169.201
1755522000000,565.51,567.29,560.39,560.51,12839.653
1755525600000,560.55,566.6,560.27,564.72,10812.377
1755529200000,564.71,565.66,561.65,565.66,5866.881
1755532800000,565.66,566.79,562.99,563.61,10287.985
1755536400000,563.6,568.19,563.08,566.27,10155.819
1755540000000,566.27,567.82,564.46,567.6,4185.844
1755543600000,567.62,570.79,566.81,570.07,6884.225
1755547200000,570.07,570.14,566.59,569.04,4138.857
1755550800000,569.01,570.91,568.26,570.21,4970.529
1755554400000,570.22,572.9,570.21,571.06,7306.79
1755558000000,571.05,572.04,568.34,568.64,7744.281
1755561600000,568.63,571.69,561.92,571.69,14824.461
1755565200000,571.68,573.4,566.66,567.39,6196.873
1755568800000,567.38,569.83,566.76,568.68,4804.682
1755572400000,568.68,568.93,562.28,563.71,10423.401
1755576000000,563.7,567.98,560.37,567.66,10684.158
1755579600000,567.66,569.33,566.58,566.97,5409.65
1755583200000,566.97,567.86,565.41,567.33,4629.021
1755586800000,567.33,567.79,562.98,564.43,6528.662
1755590400000,564.43,567.98,563.26,566.34,7523.941
1755594000000,566.34,568.02,565.14,566.92,5960.741
1755597600000,566.92,567.36,564.8,566.64,5120.11
1755601200000,566.64,568.68,566.29,568.31,4630.492
1755604800000,568.31,568.56,565.33,566.41,4115.196
1755608400000,566.41,567.64,560.42,562.42,13344.812
1755612000000,562.42,564.33,553.65,556.14,23880.661
1755615600000,556.14,558.61,553.58,555.0,12010.791
1755619200000,555.01,556.0,551.3,552.11,15758.935
1755622800000,552.13,554.85,548.88,554.43,11475.127
1755626400000,554.43,555.36,549.6,551.56,9537.489
1755630000000,551.55,557.16,549.26,555.33,10126.719
1755633600000,555.32,556.72,552.55,556.67,6565.025
1755637200000,556.68,557.07,554.67,555.16,3793.229
1755640800000,555.16,555.16,551.45,552.28,5349.987
1755644400000,552.27,552.34,547.3,548.15,10558.435
1755648000000,548.16,552.53,548.16,551.43,9069.2
1755651600000,551.44,553.12,546.56,551.39,9365.116
1755655200000,551.4,552.96,550.77,551.25,6740.131
1755658800000,551.26,553.96,550.14,550.54,4757.453
1755662400000,550.55,553.19,550.45,553.08,5074.973
1755666000000,553.08,553.59,550.59,553.51,3582.859
1755669600000,553.51,554.78,551.99,553.18,3823.125
1755673200000,553.19,554.15,549.14,549.3,5270.164
1755676800000,549.31,553.77,548.49,553.03,9213.583
1755680400000,553.03,553.56,550.27,550.79,9443.136
1755684000000,550.8,552.66,549.85,552.07,6406.499
1755687600000,552.05,552.44,545.45,549.91,11310.673
1755691200000,549.92,553.4,549.7,551.5,8476.487
1755694800000,551.47,551.98,545.08,545.95,12689.19
1755698400000,545.95,552.75,542.93,550.3,20366.749
1755702000000,550.28,557.6,549.56,552.64,20125.399
1755705600000,552.67,557.93,552.54,554.92,9311.038
1755709200000,554.92,560.37,554.77,558.72,10070.666
1755712800000,558.72,559.09,552.39,555.58,8713.393
1755716400000,555.58,561.82,555.55,561.64,8708.979
1755720000000,561.63,561.99,559.68,559.8,9171.4
1755723600000,559.8,560.87,558.06,559.68,5005.425
1755727200000,559.66,562.56,558.4,562.04,5778.747
1755730800000,562.02,562.24,558.58,560.64,6834.027
1755734400000,560.64,561.01,558.36,560.09,4780.426
1755738000000,560.08,564.03,558.54,563.71,5908.655
1755741600000,563.7,564.84,558.54,560.02,8966.493
1755745200000,560.02,564.57,559.57,559.89,7079.846
1755748800000,559.89,561.59,559.01,560.87,3573.383
1755752400000,560.87,562.41,559.17,562.41,4173.745
1755756000000,562.41,562.44,558.84,559.25,4467.402
1755759600000,559.24,559.76,556.21,559.41,5451.417
1755763200000,559.4,560.02,555.75,555.92,4463.847
1755766800000,555.91,556.94,554.48,555.6,4860.415
1755770400000,555.6,558.0,554.5,555.63,6085.79
1755774000000,555.62,557.66,553.72,554.65,5383.929
1755777600000,554.64,555.59,550.51,551.7,9159.034
1755781200000,551.69,557.72,550.86,554.13,11776.184
1755784800000,554.13,558.65,551.31,553.4,10645.566
1755788400000,553.4,555.94,550.33,552.92,9553.118
1755792000000,552.93,554.42,550.01,550.82,12916.769
1755795600000,550.82,554.28,550.44,553.44,7265.686
1755799200000,553.44,560.89,552.97,559.89,13714.156
1755802800000,559.88,562.48,555.64,556.59,12909.123
1755806400000,556.59,557.53,553.29,555.71,7826.252
1755810000000,555.71,556.64,553.2,555.68,4618.473
1755813600000,555.68,556.67,554.41,555.25,2543.893
1755817200000,555.24,555.43,552.29,554.39,3837.754
1755820800000,554.4,558.0,554.12,556.09,5762.725
1755824400000,556.09,558.98,554.1,558.18,4908.907
1755828000000,558.18,563.5,557.59,561.36,9383.553
1755831600000,561.4,566.33,558.77,559.24,16120.733
1755835200000,559.26,563.96,559.18,561.0,7680.349
1755838800000,561.0,561.13,558.06,559.57,5977.09
1755842400000,559.56,562.38,557.58,558.94,6373.948
1755846000000,558.93,563.56,558.49,562.74,6290.393
1755849600000,562.74,563.74,561.53,561.68,5428.221
1755853200000,561.68,563.12,559.21,560.38,7732.367
1755856800000,560.38,560.53,557.12,558.24,6358.127
1755860400000,558.29,558.51,555.0,555.29,7546.7
1755864000000,555.29,557.22,550.22,554.53,17023.502
1755867600000,554.53,561.54,554.15,557.93,12206.426
1755871200000,557.92,592.32,557.92,589.76,154953.315
1755874800000,589.78,602.58,589.69,595.96,54605.485
1755878400000,595.98,604.85,595.98,601.61,34817.544
1755882000000,601.61,607.86,600.5,602.8,18196.613
1755885600000,602.8,606.32,601.02,602.28,17317.999
1755889200000,602.29,602.76,598.8,601.04,9575.581
1755892800000,601.05,602.14,599.08,600.24,12158.972
1755896400000,600.23,602.39,598.15,600.72,9453.661
1755900000000,600.72,607.81,599.85,602.01,17755.776
1755903600000,602.0,603.28,599.29,599.78,7330.236
1755907200000,599.78,602.01,596.77,597.05,12011.981
1755910800000,597.04,597.55,593.64,594.01,12903.963
1755914400000,594.0,594.35,587.68,590.99,20257.971
1755918000000,590.99,592.85,588.92,589.18,6593.11
1755921600000,589.19,594.14,589.12,593.15,7647.642
1755925200000,593.15,593.98,591.15,591.64,9534.044
1755928800000,591.64,593.84,590.43,592.62,5275.261
1755932400000,592.63,593.77,589.55,589.73,6610.119
1755936000000,589.72,590.97,588.24,590.75,7211.075
1755939600000,590.75,591.65,589.05,591.14,7619.836
1755943200000,591.13,591.61,586.38,586.43,6744.051
1755946800000,586.42,588.01,584.88,585.82,16751.557
1755950400000,585.82,586.61,584.26,585.57,4913.762
1755954000000,585.58,592.69,585.07,589.08,43881.425
1755957600000,589.03,592.89,587.68,589.92,13026.848
1755961200000,589.91,590.81,588.83,588.99,5825.336
1755964800000,588.99,590.22,587.62,587.99,11601.387
1755968400000,587.99,588.68,587.27,587.8,4358.911
1755972000000,587.79,588.34,586.65,587.15,2772.827
1755975600000,587.15,589.53,587.05,589.52,2885.665
1755979200000,589.52,590.84,588.77,590.33,3053.891
1755982800000,590.32,590.44,587.91,588.3,3400.315
1755986400000,588.29,591.34,588.29,591.19,2433.466
1755990000000,591.19,592.03,590.73,591.25,3145.735
1755993600000,591.26,595.52,591.26,594.55,8707.158
1755997200000,594.55,597.76,594.09,596.66,8929.962
1756000800000,596.66,596.96,594.31,594.38,6546.88
1756004400000,594.38,597.31,592.79,596.29,9581.518
1756008000000,596.29,598.38,595.02,595.7,4538.453
1756011600000,595.71,596.9,593.58,594.42,4669.243
1756015200000,594.42,595.11,590.8,591.47,10630.461
1756018800000,591.47,593.31,590.73,591.41,8030.925
1756022400000,591.41,595.0,590.99,593.13,5172.16
1756026000000,593.13,594.68,593.06,593.68,3944.586
1756029600000,593.68,596.34,593.0,595.01,9435.752
1756033200000,595.0,597.28,593.37,595.42,10055.429
1756036800000,595.42,597.08,594.2,596.31,7914.51
1756040400000,596.3,596.3,591.36,592.45,11039.43
1756044000000,592.46,594.15,591.2,593.54,5404.69
1756047600000,593.61,596.2,592.99,593.93,6312.162
1756051200000,593.94,594.79,592.0,592.98,5857.75
1756054800000,592.98,598.74,592.94,597.21,10649.727
1756058400000,597.21,598.99,595.76,598.71,8698.644
1756062000000,598.7,599.99,583.51,590.27,57094.305
1756065600000,590.21,591.52,581.8,586.62,27731.209
1756069200000,586.63,592.92,584.52,589.59,14972.807
1756072800000,589.6,590.29,582.76,587.94,15645.646
1756076400000,588.0,589.27,582.91,583.03,9210.339
1756080000000,583.04,589.26,575.45,579.14,38834.25
1756083600000,579.14,584.55,579.13,583.63,18812.487
1756087200000,583.64,587.81,583.64,585.62,7553.328
1756090800000,585.61,586.69,581.48,581.92,5145.72
1756094400000,581.92,583.23,579.21,581.45,7680.79
1756098000000,581.45,582.5,573.75,574.36,15446.355
1756101600000,574.37,575.04,568.61,569.96,24107.686
1756105200000,569.97,572.87,565.32,566.43,20025.202
1756108800000,566.42,567.94,564.83,565.65,10152.007
1756112400000,565.64,566.34,564.16,565.86,6996.0
1756116000000,565.85,566.09,560.72,560.97,13560.13
1756119600000,560.98,564.97,560.62,564.5,8562.225
1756123200000,564.49,566.12,563.24,564.86,10108.327
1756126800000,564.85,567.31,562.71,564.12,14580.986
1756130400000,564.12,566.87,562.95,564.49,15420.695
1756134000000,564.48,565.4,557.83,558.65,15646.209
1756137600000,558.66,562.56,556.36,560.98,14311.318
1756141200000,560.97,561.15,558.1,559.12,7453.818
1756144800000,559.12,561.18,557.49,559.21,6356.983
1756148400000,559.3,559.57,550.93,551.94,17014.945
1756152000000,551.98,552.84,539.41,539.62,47322.631
1756155600000,539.67,542.11,535.7,538.87,29907.789
1756159200000,538.87,545.06,538.56,542.71,12597.329
1756162800000,542.69,544.67,541.28,543.34,7283.576
1756166400000,543.34,545.05,539.11,540.65,17539.486
1756170000000,540.64,546.35,539.04,545.8,10029.905
1756173600000,545.81,546.29,542.64,543.67,7506.028
1756177200000,543.66,544.2,541.52,543.39,5729.694
1756180800000,543.39,544.82,540.11,540.4,7922.442
1756184400000,540.4,541.81,539.46,540.6,6056.117
1756188000000,540.6,542.01,537.47,538.12,7098.485
1756191600000,538.11,544.35,537.52,542.15,10798.525
1756195200000,542.15,542.71,538.47,538.48,6403.526
1756198800000,538.47,539.99,536.66,537.59,5788.68
1756202400000,537.59,539.25,536.47,537.94,8465.314
1756206000000,537.94,538.28,533.48,536.14,14401.238
1756209600000,536.14,545.03,534.73,540.72,22262.683
1756213200000,540.71,541.88,535.17,540.04,19037.282
1756216800000,540.15,543.93,537.19,542.56,17918.617
1756220400000,542.55,543.37,536.31,537.65,11499.215
1756224000000,537.68,539.4,534.22,539.21,15467.67
1756227600000,539.2,539.64,532.2,533.35,11169.722
1756231200000,533.36,537.89,532.65,536.1,8987.186
1756234800000,536.11,541.56,534.17,541.12,12047.452
1756238400000,541.12,543.23,539.58,541.02,10722.503
1756242000000,541.0,541.32,537.16,541.31,6696.543
1756245600000,541.3,549.13,540.16,545.1,29035.515
1756249200000,545.1,554.84,543.7,550.61,42522.35
1756252800000,550.61,550.61,543.73,545.59,12570.501
1756256400000,545.59,548.46,544.01,548.25,8381.161
1756260000000,548.25,551.14,546.36,548.71,12290.91
1756263600000,548.72,555.84,546.23,554.51,24211.37
1756267200000,554.56,563.0,554.36,561.32,28623.052
1756270800000,561.35,562.18,555.39,555.99,14199.997
1756274400000,556.0,557.92,554.11,555.18,7860.298
1756278000000,555.18,555.91,552.65,554.08,8877.506
1756281600000,554.09,554.31,551.1,553.39,7639.147
1756285200000,553.38,555.66,551.63,552.58,8851.991
1756288800000,552.58,558.36,552.54,554.52,13773.787
1756292400000,554.52,556.1,552.08,552.89,8596.384
1756296000000,552.88,553.7,550.1,553.5,8312.452
1756299600000,553.41,556.39,551.05,553.26,10862.574
1756303200000,553.29,560.39,553.25,558.19,12954.429
1756306800000,558.19,560.58,557.11,558.43,8924.796
1756310400000,558.43,558.96,554.03,556.22,7302.229
1756314000000,556.2,559.42,555.31,558.41,7259.589
1756317600000,558.4,558.54,554.82,554.99,5092.193
1756321200000,554.99,556.04,550.5,555.28,10044.206
1756324800000,555.28,559.3,550.94,559.05,23542.302
1756328400000,559.05,559.17,550.96,553.67,11774.19
1756332000000,553.64,554.69,550.79,552.15,12705.788
1756335600000,552.14,552.98,549.0,550.08,8426.594
1756339200000,550.02,553.09,548.16,551.18,11158.503
1756342800000,551.18,553.95,550.94,553.79,4406.811
1756346400000,553.78,553.78,550.7,551.11,9005.488
1756350000000,551.11,554.69,550.54,554.54,6182.627
1756353600000,554.54,560.23,554.04,559.71,10897.528
1756357200000,559.75,560.3,556.68,558.36,7344.294
1756360800000,558.33,558.89,557.31,558.39,3548.405
1756364400000,558.38,563.78,558.07,562.26,14512.371
1756368000000,562.26,566.66,559.26,560.14,19172.435
1756371600000,560.13,560.2,555.28,555.52,7345.778
1756375200000,555.52,557.07,554.64,556.78,7641.554
1756378800000,556.78,556.9,554.41,555.48,5105.301
1756382400000,555.48,556.94,553.92,555.54,7134.627
1756386000000,555.54,556.92,552.75,553.72,9389.652
1756389600000,553.74,557.93,552.79,556.84,9774.423
1756393200000,556.83,558.33,553.31,554.54,17732.799
1756396800000,554.54,557.67,550.0,550.28,13672.829
1756400400000,550.27,554.51,549.82,553.52,6777.998
1756404000000,553.52,555.18,551.8,553.1,6120.841
1756407600000,553.09,554.14,550.33,550.45,4570.146
1756411200000,550.5,553.04,549.93,552.8,4255.464
1756414800000,552.81,553.21,551.58,552.36,3191.303
1756418400000,552.36,557.13,552.33,556.7,4212.824
1756422000000,556.7,558.08,555.99,557.56,4949.976
1756425600000,557.56,559.99,556.83,557.4,8667.039
1756429200000,557.4,557.64,552.12,552.29,8550.526
1756432800000,552.31,557.09,551.3,555.93,7184.328
1756436400000,555.92,559.29,555.4,556.01,10424.425
1756440000000,556.01,558.46,551.73,553.89,31620.939
1756443600000,553.9,557.14,553.18,554.94,13362.405
1756447200000,554.94,555.32,541.73,546.62,32104.474
1756450800000,546.62,546.62,536.89,537.89,32366.132
1756454400000,537.89,539.82,532.08,533.12,21310.473
1756458000000,533.12,537.71,530.64,535.72,27544.132
1756461600000,535.73,537.59,533.45,536.04,20115.899
1756465200000,536.04,537.54,531.85,534.81,23924.61
1756468800000,534.8,544.32,534.52,538.32,20407.765
1756472400000,538.27,538.63,530.45,531.98,19027.047
1756476000000,531.99,534.22,526.8,530.83,19985.954
1756479600000,530.82,535.5,530.1,534.46,15099.534
1756483200000,534.46,538.86,532.83,537.03,21450.498
1756486800000,537.03,537.33,532.91,534.24,7248.099
1756490400000,534.24,535.08,531.6,532.08,5977.789
1756494000000,532.05,535.11,531.14,532.92,6733.035
1756497600000,532.89,533.48,528.77,529.55,8787.255
1756501200000,529.59,533.77,528.01,532.69,6497.151
1756504800000,532.7,532.98,529.59,531.36,3734.336
1756508400000,531.36,532.04,530.41,530.57,5351.471
1756512000000,530.58,530.71,527.97,528.73,7520.711
1756515600000,528.72,533.58,523.89,524.45,19483.074
1756519200000,524.44,530.3,524.44,528.97,7662.435
1756522800000,528.97,535.16,528.88,531.45,8682.027
1756526400000,531.43,532.12,530.7,530.71,4576.425
1756530000000,530.71,532.92,530.0,531.6,4884.655
1756533600000,531.6,532.74,530.43,532.09,4022.379
1756537200000,532.1,533.14,531.42,532.72,4393.981
1756540800000,532.73,532.97,530.8,530.91,4327.902
1756544400000,530.91,531.96,530.6,531.75,4151.999
1756548000000,531.75,537.99,531.42,535.59,11854.581
1756551600000,535.59,535.84,533.86,535.01,3348.892
1756555200000,535.02,535.39,532.17,534.53,8300.504
1756558800000,534.52,535.75,531.66,534.89,7588.593
1756562400000,534.88,544.07,533.46,541.19,26210.494
1756566000000,541.19,546.15,540.6,545.39,21829.473
1756569600000,545.34,547.59,544.35,545.92,12381.995
1756573200000,545.92,546.8,541.5,542.13,7521.586
1756576800000,542.1,543.32,540.92,542.2,4625.083
1756580400000,542.21,542.55,540.93,542.18,4629.009
1756584000000,542.19,544.84,541.1,544.79,3839.922
1756587600000,544.79,545.53,542.52,543.33,3818.663
1756591200000,543.33,549.68,542.45,549.01,9865.308
1756594800000,549.01,553.91,549.01,552.45,9812.565
1756598400000,552.45,554.39,548.16,553.36,18507.28
1756602000000,553.36,553.36,550.33,552.55,9762.4
1756605600000,552.54,552.82,550.94,551.45,5006.016
1756609200000,551.44,551.96,549.17,550.82,7383.276
1756612800000,550.82,551.98,548.16,548.76,10700.473
1756616400000,548.76,548.99,547.54,548.36,4890.884
1756620000000,548.36,550.32,547.63,549.72,4956.558
1756623600000,549.71,552.4,549.63,551.67,5872.919
1756627200000,551.67,552.96,551.38,551.82,4158.058
1756630800000,551.82,552.0,549.35,549.63,4832.188
1756634400000,549.63,549.88,547.37,547.62,6552.382
1756638000000,547.61,549.57,547.49,548.98,4435.259
1756641600000,548.97,549.01,546.96,547.78,4107.071
1756645200000,547.77,548.34,546.27,546.42,5544.019
1756648800000,546.41,547.65,545.32,546.01,8581.128
1756652400000,546.0,548.52,545.83,545.97,8701.909
1756656000000,545.97,546.0,542.01,543.75,11633.823
1756659600000,543.74,544.03,542.94,543.1,3061.403
1756663200000,543.09,544.09,542.73,543.75,4608.016
1756666800000,543.75,543.76,542.38,543.18,3189.491
1756670400000,543.17,545.99,542.41,545.99,3690.464
1756674000000,545.98,546.11,544.75,546.09,3563.902
1756677600000,546.09,548.64,544.92,546.99,5973.469
1756681200000,546.99,551.0,542.83,543.94,16520.549
1756684800000,543.93,545.05,540.43,541.87,12671.429
1756688400000,541.87,542.64,538.5,538.54,8999.131
1756692000000,538.54,539.84,532.85,535.06,13465.794
1756695600000,535.05,537.47,533.25,534.76,8869.72
1756699200000,534.75,536.4,529.5,530.89,19665.664
1756702800000,530.88,534.48,529.64,534.13,7711.99
1756706400000,534.12,535.04,532.56,533.98,6247.908
1756710000000,533.97,551.11,533.07,549.19,24363.509
1756713600000,549.19,551.68,543.81,549.48,33517.038
1756717200000,549.5,550.87,545.86,546.55,8045.309
1756720800000,546.56,548.12,543.57,546.71,12506.77
1756724400000,546.66,550.1,545.73,546.57,11073.18
1756728000000,546.57,549.63,545.05,545.75,6863.299
1756731600000,545.78,549.66,544.38,544.89,6540.514
1756735200000,544.9,546.52,542.88,545.05,7202.917
1756738800000,545.05,545.59,542.04,543.12,9336.833
1756742400000,543.12,543.19,538.91,540.31,8282.697
1756746000000,540.3,543.7,540.12,543.66,8371.302
1756749600000,543.66,545.93,543.35,543.85,5210.404
1756753200000,543.86,548.51,543.29,546.43,12032.732
1756756800000,546.44,546.9,536.92,543.37,28668.199
1756760400000,543.33,543.33,533.44,537.58,18711.35
1756764000000,537.57,539.49,534.57,538.79,9201.226
1756767600000,538.77,544.98,538.24,544.91,8383.379
1756771200000,544.92,545.97,543.0,544.87,6478.181
1756774800000,544.88,563.59,544.82,556.81,45513.458
1756778400000,556.81,566.33,555.71,563.79,39152.431
1756782000000,563.78,566.34,561.84,564.03,20419.325
1756785600000,564.04,566.88,561.93,566.53,14899.106
1756789200000,566.55,572.73,565.69,568.05,27263.197
1756792800000,568.04,570.47,567.69,569.14,8246.862
1756796400000,569.14,569.75,566.37,567.37,11916.562
1756800000000,567.36,571.3,566.61,570.21,11833.493
1756803600000,570.21,573.12,569.3,571.87,10629.89
1756807200000,571.87,572.73,568.81,569.78,10427.833
1756810800000,569.78,570.15,564.35,565.42,15646.513
1756814400000,565.41,565.79,559.03,560.56,28349.103
1756818000000,560.56,578.8,560.12,577.4,47457.311
1756821600000,577.4,587.32,573.95,580.34,58407.103
1756825200000,580.26,581.6,571.31,573.7,27501.655
1756828800000,573.78,580.85,573.53,579.77,20497.401
1756832400000,579.77,585.65,579.44,585.26,23134.326
1756836000000,585.25,585.76,578.89,583.19,20620.295
1756839600000,583.19,584.02,581.39,582.23,6950.176
1756843200000,582.29,585.96,580.88,582.5,12942.277
1756846800000,582.49,584.19,580.88,583.92,6851.106
1756850400000,583.92,583.92,580.42,581.58,5220.575
1756854000000,581.59,585.65,581.1,584.35,8788.114
1756857600000,584.34,585.85,581.0,581.81,10825.023
1756861200000,581.81,587.14,578.18,586.4,16239.651
1756864800000,586.41,587.5,582.2,585.55,13884.207
1756868400000,585.55,590.43,583.64,587.42,25109.394
1756872000000,587.41,592.38,586.99,590.54,15717.306
1756875600000,590.56,605.91,589.57,595.76,65791.128
1756879200000,595.76,599.6,593.7,594.8,27915.559
1756882800000,594.76,599.99,593.0,599.05,21298.292
1756886400000,599.04,601.31,597.39,600.82,17604.131
1756890000000,600.82,604.91,597.4,604.11,33132.901
1756893600000,604.12,605.37,601.36,603.52,17849.471
1756897200000,603.52,605.09,601.62,602.58,12488.118
1756900800000,602.58,604.15,597.5,598.23,18677.777
1756904400000,598.22,599.81,594.32,597.25,27605.609
1756908000000,597.27,604.47,596.57,602.8,25023.749
1756911600000,602.79,603.1,578.75,585.64,122168.844
1756915200000,585.64,592.42,584.25,591.51,53548.726
1756918800000,591.51,600.0,590.65,597.34,31743.931
1756922400000,597.34,598.68,594.05,596.44,15712.373
1756926000000,596.43,599.2,596.14,598.61,8851.918
1756929600000,598.61,599.93,596.37,599.77,7862.253
1756933200000,599.77,600.0,598.26,599.83,6876.372
1756936800000,599.83,605.4,599.4,603.96,18553.028
1756940400000,603.96,604.51,599.2,603.3,26561.903
1756944000000,603.3,604.49,599.97,600.54,11542.636
1756947600000,600.54,600.56,587.2,587.98,64062.259
1756951200000,587.95,591.63,582.5,586.0,40448.911
1756954800000,586.0,590.54,585.95,589.62,15952.865
1756958400000,589.61,592.37,582.96,585.64,33966.301
1756962000000,585.65,588.3,584.81,586.2,11325.8
1756965600000,586.2,588.5,582.55,585.37,18798.669
1756969200000,585.37,587.78,585.24,586.08,14721.8
1756972800000,586.08,589.25,584.62,585.29,13909.249
1756976400000,585.29,587.14,585.29,586.72,7835.063
1756980000000,586.73,588.53,585.03,585.38,9181.324
1756983600000,585.38,589.33,585.02,587.11,7550.895
1756987200000,587.11,590.98,586.61,590.69,15831.727
1756990800000,590.68,590.8,587.21,588.47,9239.522
1756994400000,588.47,589.0,585.02,586.36,17795.29
1756998000000,586.3,589.05,584.23,586.84,29419.093
1757001600000,586.85,589.01,585.39,586.02,7933.528
1757005200000,586.02,587.3,585.5,585.68,4603.875
1757008800000,585.68,587.18,583.11,586.07,10706.219
1757012400000,586.06,587.59,585.71,586.92,4092.749
1757016000000,586.88,590.99,586.66,588.89,10880.698
1757019600000,588.9,591.0,588.32,590.05,4507.751
1757023200000,590.05,595.55,588.89,594.7,15469.567
1757026800000,594.67,595.8,585.72,586.33,34114.61
1757030400000,586.32,587.51,584.42,585.02,7845.702
1757034000000,585.02,591.18,584.7,591.11,12311.398
1757037600000,591.11,592.94,588.18,592.53,17413.007
1757041200000,592.53,594.7,590.83,591.53,13752.215
1757044800000,591.53,595.0,591.28,591.86,19544.341
1757048400000,591.86,594.69,591.1,593.95,18368.446
1757052000000,593.95,594.78,590.7,593.26,9085.336
1757055600000,593.25,601.65,592.2,599.85,42649.804
1757059200000,599.84,600.03,594.66,595.25,20984.054
1757062800000,595.24,597.07,593.01,595.7,15185.583
1757066400000,595.69,595.97,594.36,595.48,4507.864
1757070000000,595.48,597.61,595.36,596.82,5265.328
1757073600000,596.81,615.27,596.02,606.47,84270.353
1757077200000,606.46,620.0,605.51,609.48,108095.852
1757080800000,609.47,611.86,600.1,603.97,68676.31
1757084400000,603.97,612.64,603.07,609.64,40328.603
1757088000000,609.63,615.3,609.34,613.14,21233.125
1757091600000,613.15,614.4,609.14,612.06,19602.604
1757095200000,612.06,616.41,611.09,614.72,11674.484
1757098800000,614.72,614.72,608.18,611.71,17583.542
1757102400000,611.71,613.05,609.27,611.98,9747.912
1757106000000,611.98,612.06,607.0,609.22,10722.404
1757109600000,609.22,610.33,606.9,607.2,7500.275
1757113200000,607.19,608.58,606.33,606.55,5121.869
1757116800000,606.55,609.27,606.55,607.63,7087.665
1757120400000,607.62,609.65,602.73,608.66,24289.468
1757124000000,608.66,615.5,608.23,615.12,29127.164
1757127600000,615.12,616.95,612.72,614.41,12421.49
1757131200000,614.43,614.49,610.2,612.36,9658.829
1757134800000,612.36,612.52,610.25,611.18,5656.369
1757138400000,611.19,614.04,609.6,611.83,11073.233
1757142000000,611.83,613.0,610.1,611.21,8946.412
1757145600000,611.22,613.73,611.14,612.62,6585.923
1757149200000,612.61,613.43,605.0,606.55,18952.728
1757152800000,606.56,608.54,583.09,588.13,221284.293
1757156400000,588.12,590.0,585.77,588.59,33394.903
1757160000000,588.59,590.0,585.81,589.96,33383.925
1757163600000,589.96,594.59,587.69,593.29,41513.014
1757167200000,593.29,596.31,591.85,592.0,14220.781
1757170800000,592.01,595.79,591.24,593.43,14017.461
1757174400000,593.42,598.43,592.23,595.34,18222.793
1757178000000,595.34,597.63,593.81,597.63,7385.875
1757181600000,597.64,598.5,595.72,596.27,10707.608
1757185200000,596.27,596.59,593.1,594.06,10504.715
1757188800000,594.06,594.39,591.64,592.58,5085.045
1757192400000,592.57,594.23,591.93,592.92,4572.038
1757196000000,592.91,593.91,592.5,593.47,6071.962
1757199600000,593.46,598.0,592.95,594.89,10674.471
1757203200000,594.89,595.32,593.27,594.99,6905.42
1757206800000,594.98,595.27,593.43,594.27,10323.971
1757210400000,594.26,608.04,593.04,606.39,34281.785
1757214000000,606.39,607.0,598.21,598.72,21088.608
1757217600000,598.71,599.64,596.49,599.21,10953.308
1757221200000,599.21,599.27,596.59,597.64,3946.564
1757224800000,597.65,602.26,597.27,598.93,11393.441
1757228400000,598.92,601.67,598.61,600.86,5482.892
1757232000000,600.87,603.37,596.93,597.56,13234.175
1757235600000,597.55,599.8,596.82,599.07,6978.949
1757239200000,599.07,599.47,597.52,598.44,4241.529
1757242800000,598.44,603.95,598.21,601.9,13714.106
1757246400000,601.9,605.23,601.9,605.0,7289.2
1757250000000,605.0,606.2,604.21,605.98,10064.602
1757253600000,605.98,607.1,602.98,603.18,16296.949
1757257200000,603.17,604.54,600.71,601.12,9106.565
1757260800000,601.12,603.69,599.45,602.92,12345.944
1757264400000,602.92,603.72,601.63,602.38,5770.423
1757268000000,602.38,603.96,601.99,603.34,5782.198
1757271600000,603.34,604.54,602.88,604.35,3635.638
1757275200000,604.35,605.07,602.75,603.17,3658.876
1757278800000,603.17,603.9,602.68,603.04,3357.288
1757282400000,603.03,604.0,602.15,603.39,9832.067
1757286000000,603.39,604.0,602.54,602.95,8531.739
1757289600000,602.94,605.89,602.42,604.7,10165.139
1757293200000,604.71,605.14,601.78,602.65,8103.552
1757296800000,602.65,605.71,602.16,603.63,11459.371
1757300400000,603.63,604.84,602.64,603.4,7522.439
1757304000000,603.4,603.4,600.52,601.52,7592.753
1757307600000,601.52,601.8,599.45,600.64,5746.458
1757311200000,600.63,600.75,590.42,592.46,81700.66
1757314800000,592.46,593.1,588.88,592.26,46259.616
1757318400000,592.26,594.52,588.12,588.51,44936.827
1757322000000,588.51,597.18,586.63,596.8,45354.848
1757325600000,596.79,597.53,595.76,596.92,11818.125
1757329200000,596.92,597.52,590.43,594.65,18418.527
1757332800000,594.65,595.28,592.68,594.88,8135.219
1757336400000,594.88,596.59,591.4,592.03,14855.294
1757340000000,592.02,596.88,591.09,591.63,15655.081
1757343600000,591.63,592.98,588.75,588.97,11206.516
1757347200000,588.97,590.61,588.09,589.49,10175.324
1757350800000,589.48,589.69,585.51,585.88,13386.635
1757354400000,585.87,588.95,585.65,588.78,8735.276
1757358000000,588.78,589.2,585.29,587.18,9016.371
1757361600000,587.17,587.34,585.22,586.18,6477.114
1757365200000,586.17,587.94,585.44,587.67,5370.328
1757368800000,587.67,589.37,587.25,589.04,5323.445
1757372400000,589.04,589.04,587.24,587.95,6674.444
1757376000000,587.94,588.81,585.42,587.33,8630.899
1757379600000,587.33,590.44,586.03,586.35,15726.742
1757383200000,586.34,589.24,582.39,586.16,23829.305
1757386800000,586.12,586.33,582.83,583.39,13771.611
1757390400000,583.39,586.16,583.0,584.11,11801.149
1757394000000,584.11,584.34,577.41,580.25,25390.826
1757397600000,580.25,586.38,580.17,582.46,34816.102
1757401200000,582.45,586.14,581.36,585.78,20192.75
1757404800000,585.77,586.4,583.26,585.37,9437.963
1757408400000,585.37,588.88,585.05,586.59,13365.592
1757412000000,586.58,586.82,582.33,584.22,10054.321
1757415600000,584.22,584.8,582.06,582.43,6452.138
1757419200000,582.42,586.95,582.07,584.3,16182.37
1757422800000,584.3,586.66,582.96,584.31,9377.999
1757426400000,584.31,585.22,572.94,579.1,47596.877
1757430000000,579.0,579.57,575.82,577.09,13093.696
1757433600000,577.09,579.15,575.9,577.99,9210.465
1757437200000,578.0,578.55,574.79,575.98,13232.166
1757440800000,575.98,577.38,575.52,577.14,4151.475
1757444400000,577.15,578.95,576.87,578.45,3361.405
1757448000000,578.45,586.53,577.78,579.28,25229.718
1757451600000,579.29,579.94,577.8,578.11,5000.534
1757455200000,578.11,578.84,577.72,578.32,3581.92
1757458800000,578.32,581.4,577.21,580.05,7122.766
1757462400000,580.01,581.31,577.07,577.09,9911.752
1757466000000,577.09,580.11,577.09,578.8,6986.429
1757469600000,578.81,581.19,578.8,579.69,8496.804
1757473200000,579.69,582.96,578.65,579.0,9741.968
1757476800000,579.0,581.37,576.54,579.43,10878.556
1757480400000,579.43,579.53,577.5,578.44,3532.537
1757484000000,578.44,579.24,577.56,578.56,4049.464
1757487600000,578.55,581.6,578.55,581.28,7141.183
1757491200000,581.27,581.39,580.02,580.11,3968.041
1757494800000,580.11,582.58,578.87,581.9,6087.281
1757498400000,581.89,585.85,580.54,585.45,17613.572
1757502000000,585.45,588.54,583.54,585.25,21012.033
1757505600000,585.3,587.01,583.31,584.76,17446.894
1757509200000,584.75,588.54,583.46,587.69,16381.057
1757512800000,587.73,590.7,583.5,584.21,21401.901
1757516400000,584.21,585.24,579.26,580.04,12843.186
1757520000000,580.03,582.93,578.37,582.33,12933.348
1757523600000,582.33,582.81,578.0,578.84,10462.4
1757527200000,578.84,580.8,578.0,579.14,8920.433
1757530800000,579.14,579.97,576.66,579.41,7504.199
1757534400000,579.4,581.68,579.27,580.65,4599.567
1757538000000,580.65,580.65,579.15,579.73,3540.298
1757541600000,579.73,581.28,579.32,579.99,6711.581
1757545200000,580.0,581.25,579.32,580.57,4598.432
1757548800000,580.57,580.7,578.64,579.85,4726.665
1757552400000,579.84,580.5,578.8,579.17,6718.661
1757556000000,579.18,579.34,575.93,576.93,10261.349
1757559600000,576.92,584.97,576.2,584.33,29008.547
1757563200000,584.34,603.0,582.82,594.62,128336.214
1757566800000,594.62,595.39,587.29,590.56,57775.476
1757570400000,590.56,596.95,590.06,593.21,30510.644
1757574000000,593.21,604.27,590.12,598.9,55409.211
1757577600000,598.91,600.32,596.4,598.21,15088.174
1757581200000,598.21,598.63,593.17,594.92,20653.44
1757584800000,594.92,601.55,594.65,599.84,23464.023
1757588400000,599.85,599.96,599.0,599.33,10926.196
1757592000000,599.33,603.41,595.27,598.29,44589.941
1757595600000,598.29,599.58,592.91,596.46,19231.635
1757599200000,596.52,596.77,590.8,593.29,17659.916
1757602800000,593.27,593.61,588.6,588.87,17071.448
1757606400000,588.87,591.17,588.07,588.28,6117.53
1757610000000,588.28,590.9,586.9,590.04,10349.214
1757613600000,590.03,591.38,588.5,589.35,6771.711
1757617200000,589.36,589.99,588.66,588.96,4138.953
1757620800000,588.95,589.44,588.16,588.21,4379.081
1757624400000,588.21,589.43,588.21,588.93,3507.737
1757628000000,588.93,600.3,588.65,596.3,37327.327
1757631600000,596.3,597.67,595.04,596.33,6463.425
1757635200000,596.33,601.89,595.23,598.96,20590.312
1757638800000,598.96,600.0,595.55,596.11,11155.773
1757642400000,596.13,596.66,593.84,594.6,6227.005
1757646000000,594.59,594.69,593.64,593.96,5635.867
1757649600000,593.96,595.37,593.14,595.3,6546.481
1757653200000,595.3,597.51,594.5,597.5,8388.846
1757656800000,597.51,597.97,595.74,596.35,6850.043
1757660400000,596.35,597.0,593.25,593.34,6190.605
1757664000000,593.33,594.08,590.78,591.65,7472.634
1757667600000,591.65,592.65,590.0,591.13,9540.722
1757671200000,591.14,593.25,590.19,593.04,5235.901
1757674800000,593.04,593.61,589.64,589.85,6657.207
1757678400000,589.85,593.16,588.81,590.74,11908.286
1757682000000,590.74,590.74,589.02,589.66,5630.59
1757685600000,589.66,590.85,587.1,589.05,16462.877
1757689200000,589.04,589.49,586.87,588.0,8498.201
1757692800000,587.99,591.65,587.66,591.05,9160.135
1757696400000,591.05,596.36,591.0,595.59,14734.975
1757700000000,595.6,598.14,594.47,596.81,12883.686
1757703600000,596.82,598.95,596.13,598.71,11336.136
1757707200000,598.7,598.96,595.92,597.33,7886.537
1757710800000,597.33,597.38,594.67,595.86,6566.958
1757714400000,595.85,599.5,595.71,597.72,12747.624
1757718000000,597.71,599.28,596.3,598.31,5114.811
1757721600000,598.32,599.54,597.21,597.8,8715.386
1757725200000,597.79,599.22,594.51,595.09,7332.057
1757728800000,595.09,597.36,593.78,597.36,17116.179
1757732400000,597.37,602.89,596.59,601.18,21883.863
1757736000000,601.18,603.72,600.01,600.59,7861.023
1757739600000,600.58,603.32,600.4,602.21,8155.961
1757743200000,602.21,602.45,600.03,601.58,3800.617
1757746800000,601.58,601.77,598.59,599.44,5852.135
1757750400000,599.43,602.0,599.43,601.67,3704.197
1757754000000,601.66,605.18,601.66,604.69,8982.729
1757757600000,604.68,605.53,603.25,603.69,8043.024
1757761200000,603.68,603.68,599.54,603.47,20642.921
1757764800000,603.47,604.72,602.9,603.92,5140.895
1757768400000,603.91,603.92,595.71,600.4,17784.228
1757772000000,600.4,602.07,596.84,600.78,11741.533
1757775600000,600.78,602.89,597.58,600.24,9155.497
1757779200000,600.23,601.98,595.7,597.28,14834.305
1757782800000,597.28,599.64,594.3,598.63,11368.817
1757786400000,598.62,599.31,596.4,598.39,4731.138
1757790000000,598.39,598.96,596.69,597.15,2989.103
1757793600000,597.14,598.62,596.76,597.13,3376.821
1757797200000,597.12,599.28,597.12,597.95,3239.621
1757800800000,597.95,598.79,597.43,598.37,2679.984
1757804400000,598.37,598.92,597.62,598.52,2927.037
1757808000000,598.51,599.75,594.81,595.6,5401.741
1757811600000,595.59,595.59,591.65,595.34,13477.668
1757815200000,595.34,596.98,592.63,594.0,8019.943
1757818800000,594.0,594.17,589.02,589.8,9967.812
1757822400000,589.8,592.94,588.0,592.64,12379.286
1757826000000,592.64,595.0,592.64,593.24,6352.401
1757829600000,593.23,596.11,591.28,592.61,14469.557
1757833200000,592.61,592.84,590.53,591.77,2966.219
1757836800000,591.76,593.69,590.63,593.3,3307.753
1757840400000,593.3,594.49,592.29,594.06,4111.898
1757844000000,594.05,594.5,592.86,593.4,3665.748
1757847600000,593.4,595.23,591.73,594.16,7441.346
1757851200000,594.16,595.65,591.03,592.41,8316.252
1757854800000,592.43,600.78,591.4,593.25,24897.353
1757858400000,593.25,596.1,589.51,593.04,16714.109
1757862000000,593.03,594.34,590.16,592.82,9390.817
1757865600000,592.82,595.3,592.18,594.36,8785.462
1757869200000,594.36,596.45,593.31,596.07,5514.248
1757872800000,596.06,596.55,593.52,593.89,3737.905
1757876400000,593.91,595.61,592.86,594.83,2812.729
1757880000000,594.83,595.5,593.52,593.62,2711.134
1757883600000,593.62,595.06,592.76,595.06,4158.128
1757887200000,595.08,605.0,593.35,602.62,21644.459
1757890800000,602.63,602.9,598.47,601.13,15372.79
1757894400000,601.13,605.0,600.02,601.38,21078.496
1757898000000,601.38,603.95,598.5,600.27,16357.54
1757901600000,600.28,603.33,598.78,599.45,7968.889
1757905200000,599.45,602.22,598.93,600.94,5854.133
1757908800000,600.94,603.8,600.68,601.58,8225.39
1757912400000,601.58,603.28,599.69,603.17,10437.007
1757916000000,603.18,604.72,599.17,601.88,12635.45
1757919600000,601.87,603.88,598.12,600.2,18042.526
1757923200000,600.2,603.99,590.61,592.56,45355.673
1757926800000,592.54,602.31,591.9,595.22,22296.223
1757930400000,595.22,595.53,590.5,592.41,16155.304
1757934000000,592.41,594.0,590.28,593.53,12340.456
1757937600000,593.53,594.5,590.0,592.5,17029.254
1757941200000,592.49,594.2,590.5,592.53,10440.753
1757944800000,592.53,594.66,591.12,591.52,11997.266
1757948400000,591.53,593.17,589.33,592.09,16808.319
1757952000000,592.08,592.62,587.5,588.41,13430.519
1757955600000,588.4,593.19,587.57,592.99,7952.996
1757959200000,592.99,593.2,590.47,591.89,5121.769
1757962800000,591.89,593.76,589.64,591.8,8915.927
1757966400000,591.81,593.54,591.36,592.73,4986.968
1757970000000,592.73,594.14,591.74,593.97,3109.813
1757973600000,593.97,594.3,592.44,593.34,3877.006
1757977200000,593.37,593.95,592.53,593.35,3331.522
1757980800000,593.35,593.78,590.37,591.4,7190.14
1757984400000,591.4,594.39,591.06,591.35,5231.179
1757988000000,591.35,593.41,590.23,590.35,5972.531
1757991600000,590.35,592.53,590.1,590.81,4866.894
1757995200000,590.81,592.27,588.55,591.64,8382.216
1757998800000,591.63,595.24,591.22,594.79,9224.138
1758002400000,594.8,597.0,593.82,595.05,9034.949
1758006000000,595.04,595.88,594.07,594.89,3516.324
1758009600000,594.89,596.88,594.23,596.22,7107.205
1758013200000,596.22,596.23,593.53,593.6,5398.209
1758016800000,593.59,593.8,591.82,591.86,3977.255
1758020400000,591.85,592.22,590.25,590.31,6017.574
1758024000000,590.3,591.72,590.1,590.79,5922.431
1758027600000,590.79,595.08,590.34,593.02,20726.669
1758031200000,593.0,593.01,589.45,591.91,8344.084
1758034800000,591.9,596.25,590.12,596.05,9745.407
1758038400000,596.05,598.35,594.89,596.98,10740.949
1758042000000,596.97,601.7,596.94,598.21,13913.498
1758045600000,598.21,600.03,598.04,598.99,5729.414
1758049200000,598.99,601.3,598.31,601.08,7638.781
1758052800000,601.1,601.48,599.7,600.33,3342.88
1758056400000,600.33,601.37,600.04,601.23,3153.485
1758060000000,601.23,601.41,600.43,600.63,3125.313
1758063600000,600.63,601.1,597.54,598.51,12056.77
1758067200000,598.52,598.96,596.62,596.82,10589.534
1758070800000,596.82,597.7,596.0,596.43,4204.821
1758074400000,596.43,599.35,596.24,598.38,11374.983
1758078000000,598.37,600.0,597.63,597.76,7423.389
1758081600000,597.75,598.2,594.33,595.72,10658.603
1758085200000,595.72,599.33,595.56,599.0,6242.421
1758088800000,599.0,601.08,595.98,601.01,9503.113
1758092400000,601.01,602.46,600.62,601.71,8975.954
1758096000000,601.71,602.61,600.28,602.61,8494.308
1758099600000,602.61,602.91,598.81,598.91,5300.194
1758103200000,598.91,600.52,596.12,599.52,11407.961
1758106800000,599.52,599.59,597.82,598.91,3639.383
1758110400000,598.91,600.39,598.46,598.81,5595.708
1758114000000,598.8,600.15,597.54,598.35,6607.541
1758117600000,598.35,598.73,595.12,595.56,9059.244
1758121200000,595.55,596.28,592.84,592.95,8387.421
1758124800000,592.94,592.95,590.3,591.63,16392.726
1758128400000,591.63,598.09,590.31,590.61,13996.171
1758132000000,590.61,598.62,590.12,594.62,29529.599
1758135600000,594.61,600.45,594.5,599.85,13833.32
1758139200000,599.85,602.78,598.24,598.78,10774.212
1758142800000,598.77,607.6,597.02,607.4,11980.746
1758146400000,607.41,624.29,607.12,623.44,49542.486
1758150000000,623.45,625.46,615.6,616.43,26520.017
1758153600000,616.44,619.08,612.06,617.05,42189.627
1758157200000,617.04,621.06,615.91,619.17,14649.655
1758160800000,619.19,621.48,617.39,619.99,13608.35
1758164400000,619.99,648.0,619.72,644.17,91398.115
1758168000000,644.12,646.98,637.11,638.72,29425.455
1758171600000,638.73,640.46,633.85,635.15,16052.497
1758175200000,635.16,637.17,631.2,634.26,19999.62
1758178800000,634.26,636.3,631.1,635.66,14157.1
1758182400000,635.66,638.36,634.69,637.31,14996.959
1758186000000,637.31,639.21,635.99,638.11,8746.288
1758189600000,638.12,639.31,635.65,638.41,8369.836
1758193200000,638.4,644.13,638.34,643.61,17149.48
1758196800000,643.61,646.51,641.97,645.62,16412.997
1758200400000,645.62,650.89,641.93,644.06,36603.666
1758204000000,644.05,646.26,640.05,640.49,16537.549
1758207600000,640.48,640.48,637.46,637.94,12536.124
1758211200000,637.93,639.54,637.19,638.16,11377.922
1758214800000,638.15,639.86,637.64,638.49,7749.765
1758218400000,638.48,638.98,635.2,638.17,9370.434
1758222000000,638.16,638.32,635.08,636.69,6866.275
1758225600000,636.73,638.09,636.57,637.75,3580.306
1758229200000,637.74,638.07,633.8,635.77,9061.32
1758232800000,635.76,635.76,624.65,626.64,44718.415
1758236400000,626.64,626.73,620.68,624.09,40341.322
1758240000000,624.09,631.32,623.5,630.39,31426.446
1758243600000,630.4,632.08,628.76,630.26,9192.062
1758247200000,630.25,630.47,617.41,621.44,37328.663
1758250800000,621.44,621.91,613.92,614.93,41113.911
1758254400000,614.92,616.19,609.72,610.79,46750.225
1758258000000,610.8,611.41,607.22,609.83,18008.067
1758261600000,609.78,611.25,608.77,609.41,39514.858
1758265200000,609.41,612.8,609.12,610.36,8917.78
1758268800000,610.36,613.17,610.08,610.88,6959.983
1758272400000,610.88,611.57,607.11,607.89,8793.018
1758276000000,607.88,610.06,604.76,606.37,19714.1
1758279600000,606.36,606.41,604.45,605.53,12728.397
1758283200000,605.54,607.0,604.93,606.61,9914.003
1758286800000,606.61,607.0,604.47,605.43,10864.832
1758290400000,605.43,608.0,598.93,603.66,44943.48
1758294000000,603.65,606.94,600.1,604.6,32294.889
1758297600000,604.59,605.63,603.54,605.12,9238.229
1758301200000,605.13,605.18,601.78,602.79,6002.465
1758304800000,602.79,604.88,602.37,603.52,9461.808
1758308400000,603.52,604.44,600.53,601.12,8749.631
1758312000000,601.12,603.09,600.71,601.05,6131.559
1758315600000,601.1,601.69,600.2,600.91,4110.484
1758319200000,600.91,601.8,600.9,601.02,4153.592
1758322800000,601.02,601.15,597.48,600.38,13318.144
1758326400000,600.39,602.5,598.75,602.5,7289.574
1758330000000,602.5,603.06,601.25,602.25,6587.792
1758333600000,602.24,606.0,601.8,605.96,9800.949
1758337200000,605.96,606.0,603.66,603.82,6112.321
1758340800000,603.81,605.2,602.35,605.04,5806.279
1758344400000,605.04,605.32,602.77,603.69,7920.205
1758348000000,603.69,604.57,602.75,604.23,3780.817
1758351600000,604.22,605.99,604.18,605.53,4301.853
1758355200000,605.53,605.57,601.06,601.53,8074.456
1758358800000,601.53,602.55,599.65,600.76,5630.301
1758362400000,600.75,601.85,600.17,600.3,3805.38
1758366000000,600.29,602.48,600.11,602.09,3972.52
1758369600000,602.08,602.15,599.75,600.29,8000.753
1758373200000,600.28,600.45,599.42,599.42,3620.332
1758376800000,599.42,603.12,598.25,601.51,6482.597
1758380400000,601.52,604.0,601.51,602.9,8298.956
1758384000000,602.91,603.94,601.54,603.7,4097.075
1758387600000,603.7,603.7,598.77,601.0,8918.243
1758391200000,600.99,601.13,599.68,600.24,4309.579
1758394800000,600.23,601.72,597.83,597.97,8942.213
1758398400000,597.96,598.41,593.13,597.97,15063.193
1758402000000,597.97,598.0,595.39,596.17,6936.988
1758405600000,596.16,596.47,594.44,595.94,3447.86
1758409200000,595.94,596.0,592.84,594.3,8730.698
1758412800000,594.29,596.13,593.17,595.61,5540.205
1758416400000,595.6,596.27,594.02,596.02,3451.819
1758420000000,596.02,598.73,595.87,598.53,5315.631
1758423600000,598.52,599.12,597.71,599.1,3364.396
1758427200000,599.09,599.09,597.9,598.32,2500.87
1758430800000,598.31,599.55,597.9,599.16,3390.946
1758434400000,599.16,600.37,597.64,597.64,3402.445
1758438000000,597.65,598.25,596.68,597.2,3380.585
1758441600000,597.2,597.57,595.76,596.84,4050.065
1758445200000,596.84,597.66,593.64,597.48,9418.975
1758448800000,597.48,598.75,596.68,597.01,4090.813
1758452400000,597.01,598.32,596.56,598.32,3753.445
1758456000000,598.32,601.98,598.32,599.59,9226.379
1758459600000,599.59,600.68,599.08,599.1,3722.566
1758463200000,599.09,599.27,595.7,595.77,6087.661
1758466800000,595.76,597.06,595.0,595.89,4204.923
1758470400000,595.88,596.22,594.61,595.9,5468.928
1758474000000,595.9,597.01,594.54,596.45,3538.118
1758477600000,596.44,597.53,595.96,597.33,2856.42
1758481200000,597.32,597.33,595.35,596.26,2516.161
1758484800000,596.25,596.25,594.58,594.84,2444.421
1758488400000,594.83,596.81,594.78,596.27,2042.179
1758492000000,596.27,596.87,594.28,596.3,3742.18
1758495600000,596.3,596.34,593.2,593.43,5123.492
1758499200000,593.42,594.64,582.25,585.09,41204.068
1758502800000,585.09,590.49,584.19,588.26,13316.436
1758506400000,588.2,589.15,583.61,586.06,13764.802
1758510000000,586.06,588.92,585.42,588.06,6232.416
1758513600000,588.05,588.47,586.07,586.36,4184.772
1758517200000,586.35,586.44,576.95,577.64,10817.87
1758520800000,577.65,578.47,551.86,575.33,90380.413
1758524400000,575.33,575.34,570.38,571.02,12021.395
1758528000000,571.02,571.6,568.15,568.71,11492.97
1758531600000,568.71,570.97,566.94,569.4,11189.634
1758535200000,569.41,573.12,568.49,572.5,11338.305
1758538800000,572.5,572.72,569.81,571.16,6369.238
1758542400000,571.17,572.23,569.98,570.68,6011.284
1758546000000,570.68,573.16,568.25,571.82,11363.791
1758549600000,571.82,572.64,568.33,569.4,11598.581
1758553200000,569.4,569.96,566.25,568.23,12869.242
1758556800000,568.23,570.26,565.7,566.64,10718.822
1758560400000,566.64,566.93,564.4,564.82,6803.522
1758564000000,564.78,566.68,563.17,563.26,7014.427
1758567600000,563.25,564.35,560.69,561.79,10263.296
1758571200000,561.79,565.32,561.2,564.51,4750.688
1758574800000,564.51,566.98,562.69,566.39,5001.448
1758578400000,566.4,566.68,564.66,564.76,4081.418
1758582000000,564.76,567.7,564.63,566.78,6345.784
1758585600000,566.75,569.46,566.0,566.24,5880.519
1758589200000,566.24,567.89,564.04,564.21,9945.079
1758592800000,564.21,566.21,557.08,558.03,19736.747
1758596400000,558.02,566.04,555.29,563.76,19484.842
1758600000000,563.76,564.46,558.72,560.87,6311.459
1758603600000,560.86,564.05,559.62,560.65,6050.405
1758607200000,560.65,565.51,560.5,564.93,10001.378
1758610800000,564.91,565.25,562.38,563.21,7456.549
1758614400000,563.22,564.75,562.6,563.86,6030.553
1758618000000,563.86,565.06,560.51,561.37,7690.63
1758621600000,561.36,562.38,560.82,562.01,4249.993
1758625200000,562.01,562.17,559.56,561.44,5068.798
1758628800000,561.43,562.52,558.7,561.0,10262.401
1758632400000,561.0,561.48,558.12,559.34,10315.533
1758636000000,559.34,561.85,556.79,558.01,8842.355
1758639600000,558.0,561.4,556.81,558.72,9137.374
1758643200000,558.71,562.16,556.88,560.95,9097.046
1758646800000,560.95,561.13,554.35,555.11,11299.819
1758650400000,555.07,556.25,553.81,554.75,7663.538
1758654000000,554.75,557.76,553.56,554.4,5909.946
1758657600000,554.37,556.76,553.33,556.67,4549.971
1758661200000,556.67,559.8,555.02,558.62,6736.039
1758664800000,558.63,558.77,555.83,556.84,3224.212
1758668400000,556.84,558.0,555.4,556.44,3310.862
1758672000000,556.43,559.59,555.62,557.65,4338.19
1758675600000,557.64,560.58,556.44,560.37,3967.37
1758679200000,560.37,560.61,556.53,557.94,6095.038
1758682800000,557.93,558.72,552.11,553.68,9382.666
1758686400000,553.67,559.24,547.36,556.65,22579.659
1758690000000,556.64,561.28,556.14,561.07,7264.06
1758693600000,561.07,561.48,559.25,560.13,6492.335
1758697200000,560.13,560.38,557.71,558.94,5970.014
1758700800000,558.94,559.09,557.56,558.07,4704.792
1758704400000,558.06,559.76,557.23,559.53,4972.19
1758708000000,559.54,560.27,556.0,559.26,11678.785
1758711600000,559.26,561.28,559.12,560.33,4960.399
1758715200000,560.34,560.82,559.0,559.4,5309.108
1758718800000,559.42,561.3,558.13,558.34,9614.053
1758722400000,558.29,563.43,558.29,562.31,9145.842
1758726000000,562.31,562.85,558.54,558.97,9097.233
1758729600000,558.97,559.38,556.71,557.46,10363.44
1758733200000,557.47,560.15,557.29,558.51,4957.544
1758736800000,558.51,558.82,556.64,557.25,2874.143
1758740400000,557.24,557.48,555.51,556.39,4233.93
1758744000000,556.4,557.8,555.03,557.36,3832.441
1758747600000,557.35,557.35,553.83,554.24,4054.846
1758751200000,554.23,556.05,554.22,555.16,3687.031
1758754800000,555.16,556.65,555.06,556.05,3636.332
1758758400000,556.05,557.16,553.7,554.19,5111.813
1758762000000,554.18,555.39,551.11,552.32,9222.101
1758765600000,552.26,555.57,550.47,554.41,12192.663
1758769200000,554.4,554.66,550.5,552.44,9469.7
1758772800000,552.42,553.23,545.56,548.01,15163.356
1758776400000,548.0,551.93,546.65,550.79,5671.027
1758780000000,550.79,550.91,545.67,545.85,7016.715
1758783600000,545.85,548.73,545.5,547.36,5271.118
1758787200000,547.36,549.58,545.7,546.79,8082.474
1758790800000,546.79,550.96,546.16,547.14,8452.23
1758794400000,547.13,548.61,546.09,546.36,7113.453
1758798000000,546.37,547.18,543.98,544.92,9209.026
1758801600000,544.92,548.87,539.45,547.24,23581.829
1758805200000,547.23,551.91,545.69,548.9,20695.512
1758808800000,548.9,554.02,548.72,552.21,12157.051
1758812400000,552.2,553.46,550.46,553.23,6491.064
1758816000000,553.23,553.45,547.42,548.16,12716.306
1758819600000,548.12,548.16,535.39,537.74,37196.872
1758823200000,537.74,547.63,534.81,547.14,24275.924
1758826800000,547.15,548.41,541.42,542.38,8949.097
1758830400000,542.4,543.84,538.64,539.2,7114.404
1758834000000,539.21,542.85,536.39,539.33,8671.11
1758837600000,539.32,542.92,534.15,537.57,10827.927
1758841200000,537.57,540.22,532.71,536.17,11934.375
1758844800000,536.2,541.72,534.0,540.83,10877.104
1758848400000,540.83,543.05,539.43,541.17,7192.513
1758852000000,541.16,542.97,539.05,540.3,5311.417
1758855600000,540.3,540.92,537.39,539.59,5698.819
1758859200000,539.58,540.91,537.0,538.59,4205.259
1758862800000,538.6,541.22,536.09,537.09,5344.038
1758866400000,537.09,544.19,535.38,543.29,12648.641
1758870000000,543.3,550.75,541.36,545.08,31289.608
1758873600000,545.09,546.95,542.98,544.9,12055.31
1758877200000,544.91,545.68,541.01,542.29,8457.73
1758880800000,542.29,542.34,538.07,539.28,8349.974
1758884400000,539.29,543.1,537.78,541.95,8232.264
1758888000000,541.96,547.83,538.98,542.8,15033.436
1758891600000,542.79,545.73,540.39,544.83,10707.567
1758895200000,544.82,545.44,538.35,540.44,11124.328
1758898800000,540.44,544.74,540.13,542.81,6990.301
1758902400000,542.8,546.84,542.54,544.24,6499.305
1758906000000,544.21,547.61,543.68,546.24,8882.424
1758909600000,546.24,548.62,545.41,546.83,5865.336
1758913200000,546.83,547.44,544.8,546.54,5966.042
1758916800000,546.54,547.56,546.17,547.01,3263.42
1758920400000,547.0,548.41,546.43,548.27,3156.243
1758924000000,548.26,548.74,547.02,547.03,3147.088
1758927600000,547.02,548.28,546.26,547.82,2880.219
1758931200000,547.82,547.82,545.1,546.22,4156.744
1758934800000,546.21,546.35,543.74,544.0,4342.965
1758938400000,543.99,544.5,542.61,542.99,3729.443
1758942000000,542.98,546.36,542.79,544.18,6876.41
1758945600000,544.18,544.59,543.51,544.24,2892.966
1758949200000,544.24,544.24,542.48,543.2,2554.518
1758952800000,543.19,543.2,541.38,542.55,3483.415
1758956400000,542.55,543.31,542.2,542.79,3873.731
1758960000000,542.78,543.18,540.64,540.76,6119.624
1758963600000,540.76,545.42,540.25,544.52,8547.625
1758967200000,544.52,546.34,544.28,545.19,4590.997
1758970800000,545.18,545.43,544.24,544.56,2176.757
1758974400000,544.55,546.33,543.56,545.76,4755.864
1758978000000,545.76,546.01,544.26,545.05,3127.645
1758981600000,545.06,545.81,543.6,543.69,2921.755
1758985200000,543.68,543.69,541.71,543.42,5130.816
1758988800000,543.42,543.46,541.39,541.86,3108.147
1758992400000,541.86,541.99,539.3,540.98,4910.684
1758996000000,540.98,541.44,539.93,540.69,2777.522
1758999600000,540.69,541.83,540.14,541.71,3095.155
1759003200000,541.7,543.17,541.7,543.17,2426.182
1759006800000,543.17,543.86,542.12,543.66,1991.151
1759010400000,543.65,545.97,543.65,544.05,4341.948
1759014000000,544.05,544.71,542.88,543.48,2748.682
1759017600000,543.48,545.16,541.79,543.29,5219.401
1759021200000,543.29,543.63,540.55,540.78,3667.13
1759024800000,540.76,541.48,537.0,537.53,8343.804
1759028400000,537.52,538.32,535.63,535.86,7046.902
1759032000000,535.85,537.63,535.64,537.63,4157.986
1759035600000,537.64,538.78,537.26,538.21,4086.13
1759039200000,538.21,539.58,536.96,539.56,2868.497
1759042800000,539.55,541.55,538.95,540.62,4759.357
1759046400000,540.6,541.47,538.7,538.7,3742.436
1759050000000,538.69,539.0,537.19,537.26,3179.173
1759053600000,537.25,538.59,536.29,538.35,3249.784
1759057200000,538.34,538.81,536.39,537.66,3653.395
1759060800000,537.65,538.2,536.36,537.52,3514.525
1759064400000,537.52,541.12,537.13,540.47,4605.784
1759068000000,540.47,542.0,539.6,541.78,5293.93
1759071600000,541.79,544.73,541.53,544.41,6278.63
1759075200000,544.41,546.95,544.41,546.25,9463.569
1759078800000,546.25,550.02,545.13,548.13,9428.347
1759082400000,548.12,550.09,547.76,549.06,6478.346
1759086000000,549.06,551.67,548.05,550.57,6534.771
1759089600000,550.57,553.97,549.24,553.42,5738.149
1759093200000,553.41,554.16,550.5,551.83,3866.471
1759096800000,551.83,557.37,551.83,557.24,9999.672
1759100400000,557.24,557.95,554.54,555.99,7715.302
1759104000000,555.99,557.03,554.43,554.85,6584.825
1759107600000,554.85,555.1,552.97,553.24,6423.879
1759111200000,553.25,557.32,552.27,556.73,9160.68
1759114800000,556.73,557.11,555.24,556.72,4041.424
1759118400000,556.73,558.6,555.77,557.78,5754.513
1759122000000,557.78,559.55,555.39,558.95,6474.126
1759125600000,558.95,559.65,556.65,556.68,5751.689
1759129200000,556.72,557.16,554.9,555.34,11215.929
1759132800000,555.34,555.52,553.07,553.41,8541.785
1759136400000,553.41,554.34,550.39,551.66,7198.014
1759140000000,551.66,553.0,550.88,551.06,3415.515
1759143600000,551.06,553.73,549.6,552.67,6934.657
1759147200000,552.67,553.08,549.67,550.89,4423.245
1759150800000,550.88,562.11,550.38,558.8,19203.334
1759154400000,558.79,561.59,558.03,559.94,11874.713
1759158000000,559.94,561.18,557.3,558.06,6913.65
1759161600000,558.06,560.8,557.91,558.35,4908.411
1759165200000,558.35,560.28,556.56,559.21,6655.938
1759168800000,559.21,559.46,558.15,558.72,4532.791
1759172400000,558.72,560.66,557.78,560.13,3434.12
1759176000000,560.19,562.5,559.39,562.41,5082.113
1759179600000,562.42,562.78,560.6,561.17,5751.801
1759183200000,561.17,562.27,560.69,560.69,3288.571
1759186800000,560.69,561.89,560.39,560.63,4810.135
1759190400000,560.62,562.9,559.88,560.46,8839.287
1759194000000,560.46,562.85,558.81,559.53,7051.063
1759197600000,559.53,559.9,558.25,559.04,4158.828
1759201200000,559.04,561.98,558.78,561.18,4288.305
1759204800000,561.17,561.99,558.93,559.9,3412.992
1759208400000,559.89,560.98,559.27,559.79,3070.999
1759212000000,559.79,561.22,559.07,559.28,2987.18
1759215600000,559.27,559.43,556.17,557.67,7490.573
1759219200000,557.67,558.46,555.6,555.75,6470.776
1759222800000,555.74,557.07,554.81,555.55,12020.833
1759226400000,555.54,556.19,551.33,551.45,10831.385
1759230000000,551.44,552.0,548.98,550.41,8544.039
1759233600000,550.4,552.52,549.86,550.95,4771.672
1759237200000,550.95,554.55,550.71,552.3,6691.311
1759240800000,552.32,553.76,550.03,553.62,6092.268
1759244400000,553.62,553.73,549.12,551.49,6974.13
1759248000000,551.49,552.75,550.65,552.1,5843.699
1759251600000,552.11,553.38,551.31,552.04,7664.435
1759255200000,552.06,555.18,551.85,554.77,4061.256
1759258800000,554.77,559.37,554.68,558.88,6063.203
1759262400000,558.87,561.2,558.02,560.92,6238.245
1759266000000,560.9,561.98,559.25,559.58,4489.547
1759269600000,559.58,561.06,556.74,557.22,5295.837
1759273200000,557.22,560.51,556.28,560.25,7775.5
1759276800000,560.26,561.79,559.25,560.78,5571.508
1759280400000,560.78,562.5,560.3,562.44,4091.729
1759284000000,562.43,562.65,560.7,560.71,3537.475
1759287600000,560.7,562.16,559.5,559.98,4445.072
1759291200000,559.97,565.47,559.75,563.12,9229.23
1759294800000,563.12,564.24,561.42,561.72,4530.201
1759298400000,561.72,562.26,559.06,559.2,4201.615
1759302000000,559.2,561.78,559.04,561.42,3492.077
1759305600000,561.41,582.57,561.16,581.63,40560.012
1759309200000,581.63,600.56,579.74,589.03,89170.301
1759312800000,589.02,597.06,587.02,592.08,35473.579
1759316400000,592.08,593.33,586.64,587.26,12319.252
1759320000000,587.26,588.88,585.0,585.66,10887.901
1759323600000,585.66,587.27,582.82,584.07,10220.227
1759327200000,584.06,586.47,583.5,585.38,11273.832
1759330800000,585.38,586.46,581.58,583.0,10203.5
1759334400000,583.01,584.58,581.85,582.86,8836.318
1759338000000,582.85,583.43,579.97,580.15,6624.957
1759341600000,580.15,583.15,579.6,582.43,6026.976
1759345200000,582.42,589.0,582.13,587.34,11429.236
1759348800000,587.34,587.75,586.15,587.42,5826.666
1759352400000,587.42,590.59,585.48,589.3,6671.095
1759356000000,589.3,590.2,588.0,589.68,4904.579
1759359600000,589.67,598.02,588.93,592.57,23626.342
1759363200000,592.57,595.64,589.7,592.49,25568.553
1759366800000,592.49,595.65,591.33,594.66,13698.887
1759370400000,594.65,595.62,589.0,591.5,41618.453
1759374000000,591.5,592.27,583.0,585.39,89673.874
1759377600000,585.4,586.71,582.22,584.79,27650.916
1759381200000,584.8,585.5,583.28,583.66,10000.283
1759384800000,583.66,585.74,583.26,583.46,7975.613
1759388400000,583.46,586.68,583.15,585.66,10040.937
1759392000000,585.67,585.78,583.01,584.64,7793.278
1759395600000,584.63,586.9,583.92,586.71,6079.277
1759399200000,586.71,592.29,585.46,590.22,16101.149
1759402800000,590.22,590.62,587.76,588.26,8676.016
1759406400000,588.27,593.15,587.93,592.4,10432.275
1759410000000,592.39,594.46,588.43,589.85,24685.488
1759413600000,589.84,591.29,583.61,585.02,19658.862
1759417200000,585.03,587.73,580.0,587.61,20323.58
1759420800000,587.61,590.61,586.38,588.94,18601.102
1759424400000,588.94,589.35,586.69,589.09,8156.806
1759428000000,589.08,592.56,589.08,590.56,12598.932
1759431600000,590.55,593.16,589.33,591.16,11303.326
1759435200000,591.17,591.53,589.17,591.28,6415.965
1759438800000,591.28,593.28,590.58,591.91,5050.6
1759442400000,591.92,595.0,591.53,594.27,9630.217
1759446000000,594.26,597.43,593.1,593.98,13904.294
1759449600000,593.98,594.42,590.37,591.42,9927.589
1759453200000,591.42,593.87,590.32,592.4,6417.059
1759456800000,592.39,594.93,591.32,594.74,8203.626
1759460400000,594.74,597.23,594.57,595.03,9074.992
1759464000000,595.03,604.52,594.79,600.26,36195.889
1759467600000,600.26,601.93,599.02,600.76,17314.423
1759471200000,600.76,602.0,598.15,600.01,8697.698
1759474800000,600.01,601.99,598.09,599.41,10961.868
1759478400000,599.41,602.0,598.01,601.97,12425.648
1759482000000,601.97,602.0,598.15,598.33,6978.802
1759485600000,598.32,599.79,597.12,598.82,6155.131
1759489200000,598.82,599.12,597.68,598.61,5814.354
1759492800000,598.61,600.0,597.05,597.61,11157.516
1759496400000,597.6,599.96,597.0,599.55,12878.972
1759500000000,599.54,601.0,598.54,600.76,23109.086
1759503600000,600.76,610.28,599.39,609.36,29129.618
1759507200000,609.4,615.2,607.55,608.11,26185.814
1759510800000,608.12,608.14,598.1,603.65,36623.64
1759514400000,603.66,609.79,601.64,607.83,10256.628
1759518000000,607.82,609.75,603.85,604.88,7805.699
1759521600000,604.9,605.39,602.06,604.66,8250.23
1759525200000,604.66,604.7,602.63,603.69,3581.586
1759528800000,603.7,607.6,603.02,607.21,6414.727
1759532400000,607.2,609.58,606.45,608.0,7856.456
1759536000000,608.0,608.79,605.04,605.7,7056.16
1759539600000,605.7,606.4,595.07,596.99,41417.686
1759543200000,596.99,597.0,595.29,595.85,16556.075
1759546800000,595.86,596.07,591.6,593.09,16276.242
1759550400000,593.08,594.49,591.08,593.55,8204.186
1759554000000,593.56,595.2,592.98,593.54,9082.208
1759557600000,593.55,594.6,591.56,591.74,8758.278
1759561200000,591.75,592.25,589.31,590.44,9601.74
1759564800000,590.43,590.83,587.66,588.49,9028.82
1759568400000,588.48,589.86,587.27,587.28,5674.581
1759572000000,587.28,589.78,587.28,588.52,6612.843
1759575600000,588.51,590.22,587.5,589.83,5035.819
1759579200000,589.83,590.73,586.88,588.5,7248.335
1759582800000,588.49,591.91,588.4,590.77,5990.879
1759586400000,590.78,591.27,585.71,585.88,8623.987
1759590000000,585.9,590.86,584.04,588.96,24567.493
1759593600000,588.97,594.5,588.72,592.67,11530.17
1759597200000,592.67,593.94,590.58,590.95,5443.711
1759600800000,590.95,591.75,585.81,589.15,9142.194
1759604400000,589.14,589.54,586.96,587.83,3614.844
1759608000000,587.83,590.15,587.72,589.23,3430.733
1759611600000,589.23,591.44,589.03,590.81,3094.445
1759615200000,590.8,591.55,589.94,590.69,3469.386
1759618800000,590.69,590.79,589.53,589.67,2478.33
1759622400000,589.67,589.9,587.7,587.94,3823.191
1759626000000,587.93,590.16,587.29,589.93,4281.506
1759629600000,589.92,602.99,589.46,602.56,27112.332
1759633200000,602.55,612.5,601.6,602.26,36291.168
1759636800000,602.27,607.43,599.8,604.72,17548.084
1759640400000,604.71,607.58,602.48,603.53,12299.411
1759644000000,603.55,603.89,598.94,601.82,15738.888
1759647600000,601.82,604.86,601.8,604.22,6899.243
1759651200000,604.22,604.55,601.35,601.69,5610.258
1759654800000,601.68,601.92,598.22,599.11,11739.773
1759658400000,599.13,601.0,597.4,599.92,9361.029
1759662000000,599.92,600.54,598.1,600.23,5867.154
1759665600000,600.22,600.23,596.52,597.28,4448.188
1759669200000,597.28,598.61,596.1,596.83,3667.049
1759672800000,596.82,597.33,594.42,596.06,6654.165
1759676400000,596.05,597.79,595.38,595.38,4317.425
1759680000000,595.38,597.36,594.07,596.93,7919.555
1759683600000,596.94,597.73,594.58,595.43,4256.157
1759687200000,595.42,599.22,593.91,598.2,7112.37
1759690800000,598.21,598.63,592.46,594.72,14564.569
1759694400000,594.72,595.79,592.4,594.2,7091.466
1759698000000,594.19,594.5,591.0,591.96,4642.783
1759701600000,591.95,593.61,591.64,593.21,3386.934
1759705200000,593.2,594.49,593.05,593.99,3844.42
1759708800000,593.99,597.61,591.68,593.47,8979.032
1759712400000,593.48,599.67,592.33,598.86,9020.184
1759716000000,598.84,602.18,597.51,600.75,10537.299
1759719600000,600.75,601.26,597.93,598.2,4697.161
1759723200000,598.2,599.59,596.5,596.58,3606.541
1759726800000,596.59,598.99,596.1,597.73,4080.655
1759730400000,597.73,601.86,597.67,599.03,8062.98
1759734000000,599.02,599.57,595.28,597.28,6670.022
1759737600000,597.29,598.46,596.4,597.77,5550.784
1759741200000,597.77,598.63,596.93,598.41,3301.109
1759744800000,598.4,599.54,597.45,599.3,3700.151
1759748400000,599.29,601.18,598.18,600.12,5396.049
1759752000000,600.12,601.08,598.9,599.94,7331.063
1759755600000,599.94,601.86,598.39,601.12,9018.435
1759759200000,601.11,603.14,598.54,598.8,10693.634
1759762800000,598.84,602.69,598.1,600.49,7698.387
1759766400000,600.49,600.99,597.56,599.1,9152.65
1759770000000,599.08,601.86,598.65,600.12,6151.255
1759773600000,600.11,602.08,598.99,601.82,5215.064
1759777200000,601.79,606.6,601.43,603.57,17297.921
1759780800000,603.61,604.73,601.51,604.41,6114.416
1759784400000,604.41,604.56,602.02,603.72,5812.328
1759788000000,603.72,604.53,600.27,600.88,4250.993
1759791600000,600.89,601.28,598.22,598.57,5672.984
1759795200000,598.58,599.83,596.0,596.99,8724.566
1759798800000,596.98,598.33,593.22,596.05,15284.179
1759802400000,596.05,596.9,594.5,594.62,4812.051
1759806000000,594.61,595.78,593.95,595.32,3801.209
1759809600000,595.32,597.78,593.45,596.84,6986.222
1759813200000,596.83,597.65,594.85,597.11,4877.718
1759816800000,597.1,597.28,591.87,594.12,9262.744
1759820400000,594.11,595.92,593.72,595.08,5192.505
1759824000000,595.08,595.61,592.17,594.05,7061.345
1759827600000,594.0,596.1,593.75,593.95,4450.002
1759831200000,593.96,595.57,593.54,594.16,3913.389
1759834800000,594.15,594.65,591.32,591.5,8722.622
1759838400000,591.49,595.23,590.06,594.79,9090.294
1759842000000,594.79,595.24,583.88,588.51,34732.217
1759845600000,588.5,588.69,581.25,581.76,26168.918
1759849200000,581.78,583.75,574.76,578.01,43752.046
1759852800000,578.0,579.19,574.64,576.48,16995.193
1759856400000,576.48,577.75,575.05,576.27,9555.221
1759860000000,576.27,577.42,573.78,574.0,6676.662
1759863600000,574.0,579.63,573.96,578.06,8235.359
1759867200000,578.07,579.35,577.04,577.76,5937.674
1759870800000,577.75,579.31,576.79,577.67,3486.01
1759874400000,577.67,579.49,576.56,578.92,3071.985
1759878000000,578.92,579.03,574.92,576.08,5851.287
1759881600000,576.09,581.63,576.05,580.26,6853.955
1759885200000,580.26,581.44,579.31,579.72,4869.892
1759888800000,579.72,581.82,578.47,580.07,4709.415
1759892400000,580.07,580.72,575.88,577.81,10241.946
1759896000000,577.81,579.68,575.54,578.54,6452.967
1759899600000,578.53,578.53,572.75,574.63,5560.461
1759903200000,574.62,577.49,573.21,576.68,5387.264
1759906800000,576.68,578.4,575.04,577.92,4620.189
1759910400000,577.92,580.27,577.25,578.25,6010.61
1759914000000,578.25,579.07,577.53,578.21,3995.38
1759917600000,578.21,580.48,578.1,579.23,5160.425
1759921200000,579.24,580.06,577.2,577.42,4705.068
1759924800000,577.41,578.59,575.59,578.53,5354.97
1759928400000,578.52,580.65,575.7,580.47,6243.507
1759932000000,580.47,583.61,577.33,578.12,10138.815
1759935600000,578.14,580.76,577.13,577.2,5016.937
1759939200000,577.2,581.81,576.71,580.93,7147.792
1759942800000,580.93,586.47,580.9,585.71,13416.019
1759946400000,585.71,587.69,585.14,586.28,10602.978
1759950000000,586.23,587.49,585.06,586.66,4556.206
1759953600000,586.65,587.21,583.22,583.59,3853.458
1759957200000,583.59,584.06,582.16,583.52,5827.771
1759960800000,583.54,584.62,582.66,582.67,2550.032
1759964400000,582.66,583.79,581.25,583.02,2591.923
1759968000000,583.03,583.55,581.2,582.26,3525.572
1759971600000,582.25,582.53,579.45,581.55,5306.731
1759975200000,581.54,581.54,575.6,576.8,10879.087
1759978800000,576.79,582.36,576.67,580.86,5733.115
1759982400000,580.85,582.59,580.3,580.82,3637.215
1759986000000,580.82,580.84,578.71,579.58,4102.239
1759989600000,579.59,579.78,576.4,576.93,4867.913
1759993200000,576.93,579.24,576.42,578.01,4265.601
1759996800000,578.01,578.27,569.82,570.12,18537.716
1760000400000,570.12,574.81,569.97,573.82,6942.154
1760004000000,573.82,575.35,572.08,573.85,6473.52
1760007600000,573.85,576.35,573.85,575.14,5480.848
1760011200000,575.14,580.7,574.98,579.38,7476.435
1760014800000,579.38,579.81,574.07,575.0,10896.63
1760018400000,574.99,577.65,570.6,575.67,21978.919
1760022000000,575.69,579.05,573.8,575.61,9612.547
1760025600000,575.62,577.43,568.0,569.11,11599.923
1760029200000,569.04,574.91,568.68,574.66,8639.645
1760032800000,574.68,575.24,572.22,572.39,5160.564
1760036400000,572.39,575.66,572.25,575.4,3977.257
1760040000000,575.42,578.37,573.21,575.68,16011.56
1760043600000,575.69,576.8,574.53,576.13,2485.584
1760047200000,576.14,593.98,575.89,579.64,68721.713
1760050800000,579.63,580.0,577.97,579.55,8753.118
1760054400000,579.55,583.33,579.52,582.62,10488.473
1760058000000,582.62,587.62,582.21,587.61,8415.615
1760061600000,587.61,589.8,585.29,585.87,15757.082
1760065200000,585.88,600.99,583.73,593.39,38882.209
1760068800000,593.39,595.35,589.7,590.2,16800.204
1760072400000,590.21,591.31,587.0,590.3,8962.648
1760076000000,590.3,592.42,587.03,588.54,10510.263
1760079600000,588.53,589.19,584.8,585.5,12845.418
1760083200000,585.51,591.25,584.93,591.21,7850.421
1760086800000,591.21,596.68,588.18,588.69,34181.025
1760090400000,588.74,594.37,588.61,593.01,17788.934
1760094000000,593.01,595.66,592.87,594.76,8903.797
1760097600000,594.76,595.7,588.81,593.39,18300.928
1760101200000,593.41,596.45,590.41,593.22,21547.692
1760104800000,593.23,596.88,589.82,591.82,18781.467
1760108400000,591.84,593.86,572.74,577.11,88860.917
1760112000000,577.07,581.94,573.87,574.8,27383.36
1760115600000,574.76,575.6,567.37,570.34,22660.799
1760119200000,570.34,570.39,563.33,563.46,19188.569
1760122800000,563.45,564.71,555.69,559.65,29174.024
1760126400000,559.68,565.37,525.39,535.12,75017.746
1760130000000,535.14,585.1,460.18,542.55,348922.979
1760133600000,542.55,544.83,504.27,522.79,124686.381
1760137200000,522.74,528.25,510.13,512.97,54804.576
1760140800000,512.97,521.54,502.53,516.1,44568.998
1760144400000,516.08,516.48,504.81,511.54,31627.819
1760148000000,511.59,536.72,511.3,528.99,46042.596
1760151600000,528.91,539.72,524.31,529.1,35411.064
1760155200000,529.08,538.88,528.4,538.36,28506.769
1760158800000,538.42,539.66,525.28,528.9,22187.951
1760162400000,528.89,532.64,528.09,528.75,9181.987
1760166000000,528.77,530.56,525.4,528.63,10620.006
1760169600000,528.6,534.08,527.53,531.88,11393.832
1760173200000,531.88,536.59,531.0,531.41,23064.249
1760176800000,531.41,535.73,530.16,532.36,11322.197
1760180400000,532.37,532.75,526.5,529.76,10008.736
1760184000000,529.76,530.51,523.89,525.4,9454.361
1760187600000,525.4,526.99,521.76,524.53,14245.764
1760191200000,524.53,526.23,519.74,522.29,7756.286
1760194800000,522.28,527.55,522.11,524.64,11794.805
1760198400000,524.64,526.69,522.7,524.49,7342.406
1760202000000,524.49,525.51,521.26,521.46,6682.061
1760205600000,521.46,521.46,515.35,516.25,10659.739
1760209200000,516.26,516.35,499.42,501.74,23477.885
1760212800000,501.74,503.81,485.42,486.69,47391.636
1760216400000,486.69,492.17,477.21,491.89,39152.966
1760220000000,491.9,499.22,489.54,498.54,23396.133
1760223600000,498.55,505.7,498.47,499.58,19867.358
1760227200000,499.58,502.91,494.97,495.54,16564.125
1760230800000,495.55,500.97,495.32,496.63,9049.42
1760234400000,496.61,502.88,495.47,500.14,11084.371
1760238000000,500.2,513.67,499.82,510.0,21447.351
1760241600000,509.99,517.29,509.99,512.79,15433.952
1760245200000,512.79,524.09,512.66,520.27,19076.412
1760248800000,520.27,521.37,517.55,520.69,24754.437
1760252400000,520.69,522.72,518.92,521.21,18751.587
1760256000000,521.21,523.2,520.1,521.04,6845.844
1760259600000,521.05,521.15,518.03,519.94,7164.089
1760263200000,519.94,522.51,516.1,520.37,10297.79
1760266800000,520.36,526.32,520.36,522.79,11827.502
1760270400000,522.79,524.59,522.1,523.31,8002.158
1760274000000,523.32,523.99,517.93,518.54,10524.786
1760277600000,518.54,535.14,518.12,529.13,31419.607
1760281200000,529.14,538.56,527.86,536.08,37613.554
1760284800000,536.08,544.0,535.51,539.58,21580.25
1760288400000,539.53,542.43,535.25,537.89,11041.223
1760292000000,537.88,542.09,537.87,540.2,10671.354
1760295600000,540.2,542.22,539.15,541.28,4566.907
1760299200000,541.28,545.06,540.21,542.07,7572.755
1760302800000,542.07,542.12,533.02,538.23,12119.308
1760306400000,538.37,541.66,536.96,540.32,11029.931
1760310000000,540.26,541.75,537.33,540.19,7209.117
1760313600000,540.19,545.39,539.48,542.63,13500.781
1760317200000,542.63,546.91,541.67,546.61,7441.02
1760320800000,546.62,547.22,539.57,540.09,10230.456
1760324400000,540.09,541.62,537.18,537.77,9259.746
1760328000000,537.78,540.02,536.47,539.49,6804.731
1760331600000,539.48,540.93,537.67,539.67,7149.26
1760335200000,539.67,544.88,537.68,543.92,7737.625
1760338800000,543.91,545.88,541.61,542.83,12444.014
1760342400000,542.82,544.64,541.36,543.24,8177.096
1760346000000,543.23,543.78,540.09,543.43,6135.79
1760349600000,543.43,545.7,541.11,541.64,7391.157
1760353200000,541.64,541.64,529.26,537.01,24946.26
1760356800000,537.02,542.22,535.02,538.69,9923.86
1760360400000,538.68,545.27,536.7,544.46,28398.459
1760364000000,544.45,544.99,533.38,536.47,19760.078
1760367600000,536.46,543.7,536.33,540.63,14212.845
1760371200000,540.63,543.99,538.5,542.39,9026.084
1760374800000,542.39,548.25,541.9,547.85,11089.025
1760378400000,547.81,548.78,544.33,545.72,9292.711
1760382000000,545.72,549.14,545.12,546.9,5811.018
1760385600000,546.89,547.06,542.82,546.81,10501.666
1760389200000,546.81,547.59,545.54,547.32,4366.096
1760392800000,547.32,548.9,545.95,547.08,4792.769
1760396400000,547.08,548.37,545.08,546.19,4859.702
1760400000000,546.2,546.91,543.84,545.08,8746.811
1760403600000,545.08,545.08,541.78,542.67,6831.1
1760407200000,542.66,543.62,535.82,536.48,20219.653
1760410800000,536.48,539.5,533.4,538.47,23002.611
1760414400000,538.47,539.09,530.85,533.65,16918.722
1760418000000,533.64,537.51,524.1,525.25,53476.404
1760421600000,525.25,526.71,507.29,516.79,67333.865
1760425200000,516.77,519.58,514.03,516.74,25117.298
1760428800000,516.67,524.99,513.81,523.21,25505.743
1760432400000,523.2,527.21,518.28,519.1,33528.994
1760436000000,519.15,519.69,507.58,514.63,44956.907
1760439600000,514.64,521.27,514.15,518.24,21303.011
1760443200000,518.24,520.8,514.59,516.07,14239.451
1760446800000,516.06,521.3,511.52,518.75,20329.52
1760450400000,518.72,525.51,516.7,520.6,20438.162
1760454000000,520.59,530.88,519.4,530.68,13962.85
1760457600000,530.69,538.15,528.66,531.76,28254.695
1760461200000,531.76,536.95,526.54,533.49,16569.185
1760464800000,533.49,536.51,533.0,535.01,7825.753
1760468400000,535.01,537.78,528.11,533.69,13873.761
1760472000000,533.64,536.57,532.0,536.07,7050.508
1760475600000,536.07,536.9,532.22,536.57,7636.061
1760479200000,536.58,541.33,536.0,537.47,9026.402
1760482800000,537.46,540.59,537.36,537.72,3813.019
1760486400000,537.72,538.9,534.85,537.89,6903.663
1760490000000,537.89,538.27,533.62,535.99,6350.743
1760493600000,535.99,540.93,534.58,537.16,6263.269
1760497200000,537.16,537.78,531.08,534.35,9380.287
1760500800000,534.36,536.74,532.74,534.61,6126.744
1760504400000,534.61,536.39,532.68,535.41,5261.898
1760508000000,535.41,537.76,532.62,536.82,6873.067
1760511600000,536.83,537.82,534.16,536.38,4736.54
1760515200000,536.37,545.91,535.82,542.06,15280.393
1760518800000,542.07,542.26,535.78,537.72,9958.64
1760522400000,537.72,538.53,531.3,534.1,13687.078
1760526000000,534.09,534.66,528.97,531.45,10417.965
1760529600000,531.44,531.84,527.34,530.77,8556.949
1760533200000,530.77,533.83,522.15,527.89,20512.71
1760536800000,527.84,532.23,524.38,526.34,12035.48
1760540400000,526.33,528.55,520.69,522.88,13247.845
1760544000000,522.87,525.63,521.14,523.52,11315.361
1760547600000,523.52,526.15,520.04,525.56,10579.42
1760551200000,525.56,527.5,523.87,527.23,4671.169
1760554800000,527.22,527.31,521.73,522.85,4415.265
1760558400000,522.85,524.59,517.05,521.42,10400.584
1760562000000,521.43,524.6,518.57,520.59,7353.195
1760565600000,520.58,524.29,520.2,520.97,4157.732
1760569200000,520.96,523.06,520.25,521.9,3703.509
1760572800000,521.89,523.47,520.52,521.36,4725.427
1760576400000,521.35,525.92,521.15,525.42,4734.765
1760580000000,525.41,527.0,523.34,526.18,6987.87
1760583600000,526.18,526.7,523.08,523.29,4047.876
1760587200000,523.3,524.98,520.31,521.13,4297.761
1760590800000,521.13,523.85,518.74,521.26,5804.82
1760594400000,521.25,525.25,520.94,524.54,4468.235
1760598000000,524.53,524.63,520.13,521.93,5167.057
1760601600000,521.92,522.05,518.51,519.57,5127.003
1760605200000,519.56,525.81,511.24,524.76,27515.439
1760608800000,524.76,529.3,524.39,525.8,14829.829
1760612400000,525.78,526.5,522.38,524.33,9186.087
1760616000000,524.34,527.44,524.02,524.26,6576.787
1760619600000,524.25,525.12,519.03,520.32,10889.505
1760623200000,520.31,524.08,515.2,519.58,16682.781
1760626800000,519.58,520.65,509.18,510.47,21191.334
1760630400000,510.47,516.88,508.2,516.6,32242.85
1760634000000,516.64,517.0,509.87,511.17,9255.024
1760637600000,511.17,512.5,506.82,511.39,14389.772
1760641200000,511.4,511.99,502.8,506.47,15598.152
1760644800000,506.47,508.15,502.02,504.27,11563.063
1760648400000,504.28,506.56,502.55,506.36,8041.058
1760652000000,506.35,507.03,501.75,501.83,5086.752
1760655600000,501.83,506.17,500.88,504.46,8217.246
1760659200000,504.46,506.9,503.07,505.83,7222.202
1760662800000,505.83,510.42,505.83,507.77,12270.714
1760666400000,507.76,508.83,504.21,507.58,4570.28
1760670000000,507.58,509.01,506.62,508.02,5069.827
1760673600000,508.03,508.49,505.28,505.6,4826.103
1760677200000,505.61,505.83,500.52,501.34,8455.381
1760680800000,501.35,502.47,487.66,489.6,28392.81
1760684400000,489.63,490.92,477.8,478.79,33705.54
1760688000000,478.8,482.63,440.66,454.49,191522.683
1760691600000,454.5,468.52,453.43,461.63,36596.812
1760695200000,461.62,465.71,456.38,462.12,31727.016
1760698800000,462.13,471.82,461.65,465.72,35444.58
1760702400000,465.71,467.97,458.32,458.83,25743.511
1760706000000,458.84,465.48,458.09,462.7,25509.532
1760709600000,462.69,464.8,455.13,459.75,20175.115
1760713200000,459.76,469.47,459.21,469.19,18087.465
1760716800000,469.19,474.15,464.69,465.42,23112.688
1760720400000,465.43,467.57,461.55,465.74,13669.245
1760724000000,465.74,468.74,463.43,464.34,11920.352
1760727600000,464.34,467.08,463.03,465.83,9975.289
1760731200000,465.83,471.81,465.57,470.82,10775.446
1760734800000,470.84,473.77,470.5,472.09,10728.267
1760738400000,472.1,473.71,469.75,471.68,6954.714
1760742000000,471.69,471.85,468.64,469.51,6276.215
1760745600000,469.51,472.7,468.06,470.16,7256.285
1760749200000,470.17,474.37,470.01,474.1,6622.581
1760752800000,474.11,475.83,470.77,472.06,8449.836
1760756400000,472.06,475.88,472.06,474.5,5605.363
1760760000000,474.5,475.17,471.64,472.13,8644.838
1760763600000,472.13,476.52,472.13,475.58,5078.317
1760767200000,475.58,477.06,472.76,474.8,7397.306
1760770800000,474.82,481.07,474.01,475.02,15510.879
1760774400000,475.03,476.74,474.16,474.8,7425.855
1760778000000,474.81,476.36,473.68,475.09,5689.309
1760781600000,475.09,475.56,471.8,472.84,7002.57
1760785200000,472.85,473.81,470.88,471.67,6805.424
1760788800000,471.68,471.81,461.63,466.91,29710.039
1760792400000,466.91,467.15,464.64,465.87,9248.956
1760796000000,465.88,467.1,463.22,466.63,10693.466
1760799600000,466.64,467.06,464.59,465.7,5817.718
1760803200000,465.71,466.62,462.99,465.63,6809.557
1760806800000,465.63,467.36,463.49,466.93,6376.438
1760810400000,466.94,467.33,463.83,464.87,4145.484
1760814000000,464.88,467.05,464.83,466.57,3105.126
1760817600000,466.57,468.91,465.75,465.77,5568.945
1760821200000,465.76,468.57,464.71,467.89,5254.702
1760824800000,467.89,468.83,466.59,466.59,4270.348
1760828400000,466.59,468.05,465.75,468.02,2708.99
1760832000000,468.02,468.47,463.79,464.58,6339.948
1760835600000,464.58,465.96,462.6,465.37,4041.634
1760839200000,465.37,465.4,461.69,462.79,4792.293
1760842800000,462.79,465.2,462.07,464.91,5107.005
1760846400000,464.92,465.73,463.72,464.69,7030.68
1760850000000,464.69,465.23,462.06,462.67,5224.815
1760853600000,462.67,463.17,458.28,459.78,9184.468
1760857200000,459.78,461.92,458.83,461.18,9326.419
1760860800000,461.19,464.61,456.8,459.59,17493.602
1760864400000,459.6,467.0,456.36,464.55,29992.429
1760868000000,464.54,474.66,462.55,473.13,33138.533
1760871600000,473.12,474.76,468.89,469.41,19734.75
1760875200000,469.41,471.08,468.36,470.77,7581.692
1760878800000,470.72,477.87,470.05,477.29,9460.034
1760882400000,477.3,477.62,474.5,477.1,11710.117
1760886000000,477.09,478.46,474.81,475.84,9066.824
1760889600000,475.83,476.69,473.65,475.2,7607.507
1760893200000,475.21,477.71,473.22,474.02,9627.142
1760896800000,474.03,475.65,473.57,475.14,4427.64
1760900400000,475.13,475.29,472.22,472.77,4638.64
1760904000000,472.76,474.89,472.04,474.3,4988.273
1760907600000,474.3,474.56,471.69,472.87,3643.551
1760911200000,472.9,475.91,472.9,474.88,4923.024
1760914800000,474.89,474.9,471.73,472.21,4701.201
1760918400000,472.21,472.21,466.67,470.8,11814.968
1760922000000,470.8,472.07,469.04,469.24,5168.436
1760925600000,469.25,473.61,467.38,471.6,7541.097
1760929200000,471.61,478.47,470.11,477.25,10624.095
1760932800000,477.24,479.22,477.06,478.41,11384.947
1760936400000,478.41,480.28,476.58,479.82,8533.732
1760940000000,479.82,484.69,479.1,484.05,25427.789
1760943600000,484.06,484.06,479.7,480.57,9271.223
1760947200000,480.58,483.2,479.67,480.21,5743.827
1760950800000,480.2,481.34,479.0,481.21,7588.961
1760954400000,481.21,483.43,480.38,481.07,7156.78
1760958000000,481.07,481.78,479.82,481.2,5257.025
1760961600000,481.17,483.25,480.62,481.09,5853.739
1760965200000,481.1,483.36,479.5,482.8,9007.791
1760968800000,482.8,484.07,479.69,483.39,8169.129
1760972400000,483.39,485.68,479.33,479.51,8162.219
1760976000000,479.49,480.97,474.02,479.25,26737.844
1760979600000,479.24,481.51,477.09,480.85,10559.714
1760983200000,480.85,483.06,480.41,482.48,7567.816
1760986800000,482.47,486.02,480.87,484.59,6328.653
1760990400000,484.59,484.66,482.19,483.43,5178.058
1760994000000,483.44,484.36,480.03,480.94,4326.078
1760997600000,480.94,482.03,479.6,481.64,4220.026
1761001200000,481.64,481.64,478.47,478.47,4344.535
1761004800000,478.47,479.79,477.09,478.85,6614.845
1761008400000,478.86,479.16,475.71,476.8,5529.883
1761012000000,476.8,477.26,474.72,474.93,7033.612
1761015600000,474.93,475.47,472.0,472.76,5822.203
1761019200000,472.75,472.82,465.61,466.25,24914.971
1761022800000,466.26,467.81,465.0,465.4,14210.117
1761026400000,465.41,467.82,465.2,467.14,7744.194
1761030000000,467.12,470.08,466.53,468.55,8535.476
1761033600000,468.55,468.72,463.58,465.2,14068.507
1761037200000,465.19,465.7,464.06,465.16,7332.468
1761040800000,465.16,472.82,465.13,471.16,32157.423
1761044400000,471.14,474.55,470.51,471.98,25020.274
1761048000000,471.98,478.44,469.42,473.64,29047.735
1761051600000,473.63,478.15,471.12,476.36,14438.339
1761055200000,476.36,500.41,476.28,498.84,63863.464
1761058800000,498.83,509.74,497.01,509.36,46171.784
1761062400000,509.35,514.99,498.72,500.07,38548.291
1761066000000,500.08,502.79,495.19,500.08,21069.029
1761069600000,500.08,500.75,495.83,497.67,8559.43
1761073200000,497.66,500.85,494.71,494.91,7950.967
1761076800000,494.91,495.71,488.72,490.88,14699.75
1761080400000,490.87,493.06,486.29,491.45,8670.762
1761084000000,491.45,491.45,482.01,482.91,14077.399
1761087600000,482.91,486.5,478.08,480.5,23273.43
1761091200000,480.49,482.58,476.75,477.5,16072.756
1761094800000,477.5,482.75,477.5,481.92,9385.853
1761098400000,481.92,484.15,479.22,481.16,10552.898
1761102000000,481.16,482.54,478.66,481.11,8022.466
1761105600000,481.11,482.92,479.78,482.65,7851.143
1761109200000,482.65,482.65,475.16,477.84,11191.211
1761112800000,477.84,478.35,476.5,476.51,5806.47
1761116400000,476.5,479.07,474.72,478.26,7593.334
1761120000000,478.26,479.22,475.46,475.95,6607.985
1761123600000,475.94,476.71,470.92,471.91,11694.505
1761127200000,471.91,473.17,470.16,470.61,9068.469
1761130800000,470.61,474.87,466.76,472.66,20276.505
1761134400000,472.66,473.82,471.15,472.39,8067.112
1761138000000,472.38,475.5,470.19,474.84,13409.333
1761141600000,474.85,476.05,468.46,475.21,36199.953
1761145200000,475.21,477.55,468.09,473.48,19368.382
1761148800000,473.48,474.5,468.87,472.6,14668.01
1761152400000,472.61,474.44,469.37,470.74,8476.52
1761156000000,470.74,475.18,469.38,473.2,10031.142
1761159600000,473.19,475.24,471.49,474.92,12458.613
1761163200000,474.96,475.12,468.38,469.67,9974.287
1761166800000,469.66,469.71,461.65,468.02,24413.754
1761170400000,468.02,470.85,465.51,467.09,7782.771
1761174000000,467.08,473.73,466.94,472.9,8124.597
1761177600000,472.92,474.92,472.26,473.83,6538.743
1761181200000,473.83,477.29,473.73,476.27,6660.562
1761184800000,476.28,480.91,474.81,480.19,22675.935
1761188400000,480.23,489.28,479.54,482.98,47581.215
1761192000000,482.98,484.6,479.43,481.73,18172.152
1761195600000,481.73,487.37,480.02,487.13,31520.597
1761199200000,487.13,491.3,486.04,489.67,30511.46
1761202800000,489.67,489.85,483.38,483.87,20372.781
1761206400000,483.87,489.5,483.34,488.54,30097.299
1761210000000,488.51,488.91,482.44,483.19,32504.352
1761213600000,483.2,485.03,482.36,483.35,8923.886
1761217200000,483.35,484.64,481.8,484.19,10385.715
1761220800000,484.19,485.86,481.25,485.68,11283.216
1761224400000,485.68,486.25,483.17,484.73,9802.382
1761228000000,484.74,486.11,481.8,484.0,9703.329
1761231600000,484.0,486.56,482.49,483.43,14253.11
1761235200000,483.43,488.0,481.93,486.39,13348.287
1761238800000,486.39,487.32,483.33,486.61,12570.6
1761242400000,486.6,486.8,483.01,483.96,6296.048
1761246000000,483.96,484.38,482.14,483.18,5542.891
1761249600000,483.17,483.24,477.41,479.18,7059.326
1761253200000,479.17,481.07,478.73,480.36,4480.283
1761256800000,480.35,481.18,479.49,480.16,4170.456
1761260400000,480.15,481.62,479.39,479.9,6929.005
1761264000000,479.9,482.26,478.0,481.33,7860.634
1761267600000,481.32,482.37,479.28,482.3,5159.291
1761271200000,482.29,482.76,480.46,482.18,5513.176
1761274800000,482.17,482.69,481.31,481.95,6067.676
1761278400000,481.95,487.83,480.7,486.85,11875.674
1761282000000,486.85,488.57,485.69,487.59,6318.591
1761285600000,487.58,492.53,486.7,490.84,14001.484
1761289200000,490.84,494.58,489.16,490.59,19259.078
1761292800000,490.59,493.36,487.52,492.61,13565.683
1761296400000,492.6,493.74,490.72,491.25,7645.952
1761300000000,491.25,491.41,489.28,490.21,5378.252
1761303600000,490.21,496.64,489.51,494.35,17145.727
1761307200000,494.35,507.17,494.31,505.3,33624.899
1761310800000,505.3,506.82,495.99,499.29,26004.385
1761314400000,499.3,500.18,494.97,496.12,13582.471
1761318000000,496.13,500.24,494.64,497.45,11457.108
1761321600000,497.45,503.59,495.16,503.52,17876.776
1761325200000,503.53,505.5,498.35,498.36,11232.754
1761328800000,498.36,501.95,497.84,499.82,4850.276
1761332400000,499.82,501.39,499.05,499.28,6361.609
1761336000000,499.28,502.62,498.75,501.77,5338.627
1761339600000,501.77,503.19,500.47,502.6,3550.672
1761343200000,502.59,503.71,501.74,502.31,4073.64
1761346800000,502.32,502.99,501.39,502.98,3910.999
1761350400000,502.98,505.52,499.11,502.93,19576.167
1761354000000,502.93,506.99,502.61,505.29,7613.711
1761357600000,505.29,505.77,502.25,502.68,5411.943
1761361200000,502.67,503.62,501.76,501.95,3687.939
1761364800000,501.94,506.78,501.3,504.35,6292.267
1761368400000,504.34,505.88,503.49,505.81,3350.559
1761372000000,505.84,512.26,505.81,508.1,15446.632
1761375600000,508.1,509.28,506.52,507.25,5057.781
1761379200000,507.25,510.51,506.76,509.58,5161.454
1761382800000,509.58,510.67,507.34,507.39,4254.651
1761386400000,507.39,507.48,495.6,500.64,32569.979
1761390000000,500.64,501.12,497.63,499.6,10162.314
1761393600000,499.6,507.69,499.3,506.01,22263.243
1761397200000,506.01,510.31,505.0,508.7,13360.747
1761400800000,508.71,509.36,506.24,507.13,5972.465
1761404400000,507.12,508.21,505.48,506.56,5731.348
1761408000000,506.56,507.16,504.21,505.61,5591.024
1761411600000,505.61,508.43,505.61,506.96,2816.632
1761415200000,506.95,508.33,506.13,507.77,3714.605
1761418800000,507.77,507.84,505.95,506.93,2756.348
1761422400000,506.93,508.1,506.13,506.46,2777.216
1761426000000,506.47,507.12,505.28,506.81,2428.736
1761429600000,506.81,511.76,504.39,509.04,12068.32
1761433200000,509.03,510.25,506.8,507.56,7525.182
1761436800000,507.56,514.3,507.52,512.17,18060.672
1761440400000,512.16,514.69,509.17,510.41,10389.507
1761444000000,510.4,517.6,508.24,509.07,18684.697
1761447600000,509.07,509.77,507.68,508.02,5315.878
1761451200000,508.02,511.29,507.63,510.69,6048.642
1761454800000,510.69,511.63,510.02,510.66,3824.852
1761458400000,510.66,511.07,509.29,510.08,2799.13
1761462000000,510.07,518.88,509.75,518.21,15699.797
1761465600000,518.21,518.79,516.47,517.15,7579.861
1761469200000,517.15,523.68,517.03,523.02,20620.233
1761472800000,523.02,525.05,520.65,521.58,9078.87
1761476400000,521.58,540.07,521.5,538.78,37596.445
1761480000000,538.76,565.1,538.56,561.66,99781.478
1761483600000,561.66,562.33,554.13,559.52,24948.027
1761487200000,559.52,559.75,545.28,547.8,31576.142
1761490800000,547.8,549.15,545.0,548.44,14014.153
1761494400000,548.44,554.37,547.72,550.6,17914.504
1761498000000,550.6,553.0,550.09,550.6,6645.065
1761501600000,550.59,557.0,550.58,554.47,15761.793
1761505200000,554.47,555.81,552.36,554.0,6241.835
1761508800000,553.99,553.99,551.39,553.24,4742.995
1761512400000,553.23,553.85,548.08,551.72,7106.442
1761516000000,551.72,560.8,551.72,558.19,23111.246
1761519600000,558.19,559.04,555.35,558.8,12892.756
1761523200000,558.85,564.69,556.38,557.4,21324.763
1761526800000,557.39,563.48,556.72,562.48,15173.428
1761530400000,562.48,563.05,559.69,560.4,10783.353
1761534000000,560.4,561.25,554.27,559.52,13874.148
1761537600000,559.52,560.76,557.13,558.45,7870.463
1761541200000,558.45,560.0,555.38,555.73,7213.632
1761544800000,555.72,563.77,554.96,559.98,33405.571
1761548400000,559.97,561.2,556.2,560.07,18487.925
1761552000000,560.07,561.35,557.26,560.34,13549.81
1761555600000,560.34,560.61,555.25,555.99,11821.217
1761559200000,556.0,560.41,556.0,559.18,10597.075
1761562800000,559.18,563.0,557.42,561.58,12604.744
1761566400000,561.58,566.35,560.74,561.58,23106.948
1761570000000,561.58,571.84,559.27,568.85,28722.038
1761573600000,568.88,569.85,560.54,561.13,21890.625
1761577200000,561.12,567.3,560.89,562.89,15309.201
1761580800000,562.88,565.16,557.52,560.99,19529.508
1761584400000,560.98,561.79,559.23,559.98,5613.421
1761588000000,559.97,561.11,557.54,558.38,7080.323
1761591600000,558.37,559.71,555.5,557.84,6941.35
1761595200000,557.84,559.29,552.01,556.21,25474.39
1761598800000,556.2,558.61,555.3,556.6,7319.533
1761602400000,556.6,558.5,554.22,554.86,5661.528
1761606000000,554.86,557.2,552.6,555.27,5981.335
1761609600000,555.28,557.5,554.0,555.29,8060.45
1761613200000,555.29,557.21,554.28,556.06,7087.068
1761616800000,556.06,560.21,552.46,556.41,12470.296
1761620400000,556.41,560.0,554.87,559.54,14934.464
1761624000000,559.54,562.8,558.79,561.58,17980.181
1761627600000,561.59,562.0,549.39,554.84,26060.234
1761631200000,554.84,563.0,553.96,558.16,23501.952
1761634800000,558.16,560.49,554.15,554.25,19136.683
1761638400000,554.24,562.0,551.55,555.25,29861.443
1761642000000,555.25,556.76,553.44,554.89,8022.069
1761645600000,554.9,555.89,553.77,554.9,3806.228
1761649200000,554.91,556.25,554.57,555.2,3014.924
1761652800000,555.21,560.31,554.25,559.55,7133.986
1761656400000,559.57,566.4,559.23,564.74,15322.173
1761660000000,564.68,570.4,558.05,564.51,57886.146
1761663600000,564.52,566.17,559.23,561.77,10194.276
1761667200000,561.78,564.5,559.92,562.97,8439.08
1761670800000,562.98,564.98,561.36,561.94,7229.826
1761674400000,561.94,563.46,560.39,561.74,5330.124
1761678000000,561.75,564.47,556.81,560.31,14744.226
1761681600000,560.3,562.96,552.5,554.61,26196.843
1761685200000,554.6,558.39,549.59,556.86,14698.793
1761688800000,556.86,564.43,555.66,562.02,23101.477
1761692400000,562.02,562.02,555.53,557.14,9263.408
1761696000000,557.13,563.28,556.09,562.4,12341.232
1761699600000,562.4,564.57,559.98,561.27,9815.299
1761703200000,561.27,564.12,560.07,562.8,7153.96
1761706800000,562.8,564.43,560.84,561.52,5394.799
1761710400000,561.53,563.55,561.0,563.11,5610.835
1761714000000,563.11,566.0,560.52,561.79,18064.555
1761717600000,561.8,563.39,560.06,560.84,6777.881
1761721200000,560.84,561.73,558.02,559.97,5899.104
1761724800000,559.97,560.34,555.51,556.55,7969.765
1761728400000,556.55,557.59,552.98,553.5,8963.77
1761732000000,553.5,557.27,551.18,551.36,10446.529
1761735600000,551.36,554.63,548.32,552.45,28659.05
1761739200000,552.45,556.85,548.15,555.06,21358.455
1761742800000,555.05,557.7,553.63,554.26,9836.764
1761746400000,554.28,561.86,551.54,559.86,15843.825
1761750000000,559.86,562.0,555.93,557.24,21354.161
1761753600000,557.24,561.13,555.88,559.84,9597.013
1761757200000,559.84,562.0,559.0,561.69,8038.372
1761760800000,561.69,562.0,545.62,557.61,61395.006
1761764400000,557.7,559.35,554.76,557.12,12086.09
1761768000000,557.13,561.3,556.08,559.83,9171.377
1761771600000,559.81,561.41,559.22,560.97,3863.591
1761775200000,560.97,561.07,559.26,560.69,3460.647
1761778800000,560.68,560.98,554.81,555.22,12324.849
1761782400000,555.23,561.94,554.21,561.75,11624.543
1761786000000,561.75,562.0,560.06,560.91,6838.043
1761789600000,560.92,561.9,559.66,561.09,5637.543
1761793200000,561.09,561.38,558.82,559.69,4923.235
1761796800000,559.68,565.35,546.87,559.35,107680.44
1761800400000,559.35,568.15,558.42,566.5,33842.264
1761804000000,566.5,573.31,564.28,570.24,22523.922
1761807600000,570.24,575.84,568.56,571.81,26383.468
1761811200000,571.82,573.75,569.47,569.53,11853.628
1761814800000,569.53,570.48,563.44,565.25,23544.93
1761818400000,565.26,566.46,562.86,564.19,14308.294
1761822000000,564.2,566.96,560.3,562.5,13544.232
1761825600000,562.5,565.29,540.23,545.3,106559.225
1761829200000,545.24,547.3,530.68,533.67,61686.026
1761832800000,533.67,541.64,533.31,539.81,26896.839
1761836400000,539.81,540.77,534.54,535.89,13667.624
1761840000000,535.89,538.5,532.25,534.98,12961.621
1761843600000,534.97,537.73,529.64,535.62,17344.289
1761847200000,535.63,537.27,531.59,532.25,8862.85
1761850800000,532.24,533.59,526.89,529.62,14508.787
1761854400000,529.56,536.93,528.01,536.86,15140.586
1761858000000,536.87,539.03,534.49,538.95,7490.361
1761861600000,538.96,546.78,538.3,538.87,25792.236
1761865200000,538.87,541.71,537.73,540.8,12299.907
1761868800000,540.81,550.0,531.85,547.87,47908.927
1761872400000,547.89,567.96,545.22,549.44,93034.282
1761876000000,549.44,553.47,546.03,552.03,16116.586
1761879600000,552.03,554.58,550.83,552.91,9394.998
1761883200000,552.94,559.62,552.3,553.25,14928.835
1761886800000,553.24,554.86,547.71,548.15,12045.67
1761890400000,548.17,553.02,545.37,552.9,13166.755
1761894000000,552.91,556.56,552.05,554.25,12545.226
1761897600000,554.25,558.46,552.03,553.48,12668.535
1761901200000,553.49,554.72,551.2,552.76,5304.697
1761904800000,552.77,555.03,552.33,552.65,5609.601
1761908400000,552.65,555.43,550.5,555.2,8577.466
1761912000000,555.19,557.33,553.31,554.42,10064.02
1761915600000,554.41,558.33,552.08,553.66,10491.78
1761919200000,553.69,556.95,551.1,555.47,11113.069
1761922800000,555.46,557.64,553.39,557.34,12372.625
1761926400000,557.3,558.24,546.21,546.68,20382.303
1761930000000,546.67,549.47,545.07,547.21,11751.589
1761933600000,547.25,548.43,540.74,542.96,13916.097
1761937200000,542.95,547.88,538.89,546.29,10830.19
1761940800000,546.28,547.59,542.86,543.09,5384.889
1761944400000,543.07,545.2,541.4,543.3,6648.235
1761948000000,543.29,543.92,540.17,540.31,5845.392
1761951600000,540.3,541.43,534.31,534.53,15970.358
1761955200000,534.53,539.0,530.46,538.77,16433.302
1761958800000,538.76,544.69,537.93,540.88,11542.417
1761962400000,540.87,545.72,540.29,544.36,9877.0
1761966000000,544.36,544.95,542.0,544.83,5776.684
1761969600000,544.83,546.59,542.79,545.47,5432.695
1761973200000,545.47,549.5,545.0,549.32,5063.423
1761976800000,549.32,549.78,544.45,545.61,8000.146
1761980400000,545.61,548.0,544.71,547.38,5803.325
1761984000000,547.37,551.63,547.21,551.2,8571.876
1761987600000,551.19,559.95,550.44,557.15,17094.592
1761991200000,557.16,560.0,555.9,557.44,14339.807
1761994800000,557.46,558.66,556.09,556.66,4630.006
1761998400000,556.66,558.22,555.28,555.78,6206.409
1762002000000,555.74,556.24,552.38,553.52,7442.168
1762005600000,553.51,554.59,550.96,552.38,7553.018
1762009200000,552.37,555.26,550.21,552.85,8973.083
1762012800000,552.86,557.34,552.1,555.35,6967.136
1762016400000,555.35,555.77,552.9,553.85,4851.06
1762020000000,553.84,555.74,552.96,555.58,4551.372
1762023600000,555.57,556.36,553.76,554.31,3482.443
1762027200000,554.31,554.77,552.18,552.82,3085.815
1762030800000,552.81,553.68,551.24,551.44,3261.977
1762034400000,551.43,555.09,551.42,554.73,4571.806
1762038000000,554.73,555.09,552.92,553.67,3421.176
1762041600000,553.67,555.61,552.42,555.05,4173.562
1762045200000,555.05,555.54,550.93,552.27,7520.013
1762048800000,552.26,553.17,550.6,552.22,5038.167
1762052400000,552.2,552.55,550.01,550.56,3682.161
1762056000000,550.54,553.12,550.0,552.94,5776.585
1762059600000,552.94,553.76,547.1,548.75,6281.606
1762063200000,548.75,548.94,546.47,547.6,6439.359
1762066800000,547.6,552.24,547.0,550.9,6051.024
1762070400000,550.91,551.94,548.78,551.06,5973.432
1762074000000,551.06,553.08,549.48,550.03,4748.431
1762077600000,550.03,550.65,522.14,530.1,144588.955
1762081200000,530.11,534.27,529.45,533.56,21316.291
1762084800000,533.57,535.78,530.79,534.28,14758.614
1762088400000,534.27,535.73,529.52,529.79,11935.657
1762092000000,529.79,531.8,528.37,530.66,11549.551
1762095600000,530.66,535.54,529.29,533.67,10683.248
1762099200000,533.66,536.15,531.55,533.03,14141.837
1762102800000,533.04,533.97,532.4,533.88,4012.603
1762106400000,533.88,534.0,532.31,532.6,3629.401
1762110000000,532.6,533.79,531.67,532.43,3055.378
1762113600000,532.43,534.19,531.83,533.86,2755.286
1762117200000,533.86,534.2,531.84,532.49,3788.826
1762120800000,532.49,533.61,530.61,531.82,4566.61
1762124400000,531.83,537.25,531.83,536.4,8976.555
1762128000000,536.4,536.67,531.88,532.92,10592.153
1762131600000,532.92,535.07,531.24,532.18,9720.47
1762135200000,532.17,533.97,529.1,532.69,16561.603
1762138800000,532.69,532.93,525.62,527.02,23078.204
1762142400000,527.02,530.4,521.64,530.27,16326.836
1762146000000,530.27,534.39,528.15,528.51,9728.189
1762149600000,528.51,530.06,522.62,527.72,9894.24
1762153200000,527.7,527.81,523.57,525.43,9125.052
1762156800000,525.44,527.89,521.09,525.31,11799.803
1762160400000,525.3,527.43,519.0,520.2,13588.492
1762164000000,520.2,523.3,517.0,518.79,10721.836
1762167600000,518.79,524.95,518.67,523.67,8930.72
1762171200000,523.67,527.42,521.32,521.77,10500.114
1762174800000,521.77,526.66,519.75,520.24,16834.169
1762178400000,520.24,523.98,519.8,523.66,10794.118
1762182000000,523.68,524.27,488.88,509.03,94026.378
1762185600000,509.06,519.38,508.29,513.59,39926.943
1762189200000,513.6,521.73,513.11,521.45,13803.795
1762192800000,521.45,521.45,514.91,515.34,7612.847
1762196400000,515.32,517.23,513.12,513.51,7025.303
1762200000000,513.5,514.57,505.66,506.27,10933.212
1762203600000,506.26,510.06,501.72,508.38,12082.402
1762207200000,508.37,508.66,499.95,503.88,12767.153
1762210800000,503.87,505.85,501.38,505.44,7932.511
1762214400000,505.45,509.48,500.03,508.02,16554.033
1762218000000,508.02,511.75,506.56,508.55,8898.495
1762221600000,508.54,510.73,505.27,508.16,8311.687
1762225200000,508.16,512.38,507.95,510.41,8788.949
1762228800000,510.41,511.52,508.06,508.56,6958.215
1762232400000,508.55,509.4,490.28,490.48,39939.839
1762236000000,490.46,504.71,490.41,498.77,27296.278
1762239600000,498.76,500.77,492.12,493.94,16122.433
1762243200000,493.94,499.24,488.29,495.93,23459.331
1762246800000,495.93,498.34,493.33,494.12,12166.229
1762250400000,494.11,497.52,493.34,497.08,8679.114
1762254000000,497.07,503.25,496.54,500.02,18613.491
1762257600000,500.02,500.02,495.15,496.68,8147.972
1762261200000,496.67,497.27,493.43,494.51,8787.882
1762264800000,494.5,505.46,490.75,503.73,29800.266
1762268400000,503.77,507.46,496.51,498.15,24563.37
1762272000000,498.14,501.86,488.91,491.39,22077.259
1762275600000,491.38,491.44,477.72,486.93,43737.893
1762279200000,486.92,486.94,471.81,482.41,48333.324
1762282800000,482.44,484.79,474.16,474.56,18267.82
1762286400000,474.57,480.72,462.8,475.25,52952.123
1762290000000,475.31,476.0,459.7,473.95,40041.23
1762293600000,473.96,485.16,471.94,483.12,24360.879
1762297200000,483.12,486.57,479.68,479.73,12785.143
1762300800000,479.73,481.58,472.84,473.73,13822.292
1762304400000,473.74,475.27,460.02,473.61,35145.619
1762308000000,473.62,487.26,473.56,486.48,26055.958
1762311600000,486.49,488.54,484.49,487.21,13851.578
1762315200000,487.21,488.65,483.18,486.32,8407.493
1762318800000,486.31,489.5,485.43,486.22,7086.432
1762322400000,486.21,487.68,483.18,487.36,7892.823
1762326000000,487.37,487.45,482.52,483.54,9645.471
1762329600000,483.54,483.54,477.41,480.32,10946.39
1762333200000,480.33,483.94,479.94,483.81,6604.929
1762336800000,483.81,483.97,478.76,478.9,6618.687
1762340400000,478.91,487.51,478.88,487.19,8536.367
1762344000000,487.19,489.24,484.47,485.55,9243.492
1762347600000,485.54,491.06,483.05,488.83,9286.778
1762351200000,488.82,490.38,484.06,488.15,11968.47
1762354800000,488.16,491.86,486.67,491.29,11178.99
1762358400000,491.27,492.53,486.82,492.24,9147.397
1762362000000,492.24,494.22,490.21,491.63,6761.701
1762365600000,491.62,493.29,490.35,491.78,6482.893
1762369200000,491.75,491.88,488.2,489.18,6384.137
1762372800000,489.18,491.7,487.29,488.37,6832.732
1762376400000,488.42,488.42,485.82,487.88,6363.953
1762380000000,487.88,490.98,487.86,490.58,7636.316
1762383600000,490.62,491.4,488.41,488.69,4476.31
1762387200000,488.68,489.09,485.49,486.5,6627.999
1762390800000,486.49,487.18,481.95,486.49,8593.793
1762394400000,486.48,489.52,482.74,487.48,7746.358
1762398000000,487.47,488.97,485.7,486.22,5511.662
1762401600000,486.23,488.84,485.73,487.22,3962.268
1762405200000,487.23,487.27,478.81,479.88,7906.486
1762408800000,479.87,481.58,478.49,479.32,7089.591
1762412400000,479.35,482.19,477.94,478.1,9918.986
1762416000000,478.08,479.64,476.17,479.07,6367.623
1762419600000,479.07,480.97,477.68,479.21,4054.626
1762423200000,479.21,482.29,478.01,481.11,7051.11
1762426800000,481.11,481.11,478.28,479.74,4750.315
1762430400000,479.73,480.01,475.84,476.48,7598.552
1762434000000,476.47,483.46,476.27,480.86,8847.278
1762437600000,480.88,482.4,471.27,471.86,15120.597
1762441200000,471.85,476.69,468.45,470.45,16656.849
1762444800000,470.47,472.58,463.74,467.8,13015.908
1762448400000,467.83,472.29,466.02,471.86,9027.888
1762452000000,471.85,474.0,466.95,470.79,8656.741
1762455600000,470.78,473.33,469.69,471.62,8097.445
1762459200000,471.66,474.04,468.34,469.2,9176.654
1762462800000,469.2,473.16,467.63,471.84,5698.694
1762466400000,471.84,473.64,468.96,472.92,5279.731
1762470000000,472.89,472.89,468.06,472.53,5324.986
1762473600000,472.52,477.11,471.47,475.68,9493.756
1762477200000,475.68,479.27,472.05,479.13,19543.261
1762480800000,479.13,482.64,473.67,482.39,17911.112
1762484400000,482.4,485.36,479.01,480.08,27513.662
1762488000000,480.1,483.31,476.98,479.21,17920.451
1762491600000,479.22,486.88,478.87,486.85,32016.308
1762495200000,486.86,488.51,481.92,482.77,25003.104
1762498800000,482.77,487.88,482.02,487.36,28818.32
1762502400000,487.32,488.04,482.76,485.27,25900.49
1762506000000,485.25,488.23,482.34,485.1,11096.748
1762509600000,485.1,487.77,482.26,483.56,9233.646
1762513200000,483.55,483.55,474.72,480.98,29184.869
1762516800000,480.97,483.52,471.75,474.98,13635.506
1762520400000,474.98,478.6,473.23,476.99,12422.295
1762524000000,476.99,484.46,469.86,483.08,19826.826
1762527600000,483.1,487.64,478.65,486.36,19910.268
1762531200000,486.35,508.59,484.35,502.26,54951.732
1762534800000,502.26,507.08,498.26,506.8,23535.161
1762538400000,506.81,524.68,505.12,514.75,60558.107
1762542000000,514.74,517.45,512.16,515.21,10568.478
1762545600000,515.21,516.07,511.35,513.35,11363.451
1762549200000,513.33,518.77,512.55,518.07,7876.188
1762552800000,518.08,518.47,513.21,514.59,8648.5
1762556400000,514.6,515.08,510.0,512.0,8482.426
1762560000000,512.01,515.36,505.31,505.49,12229.977
1762563600000,505.49,514.0,505.26,511.7,11185.688
1762567200000,511.71,513.49,508.05,508.09,6394.506
1762570800000,508.09,510.21,503.51,504.13,10249.443
1762574400000,504.13,507.73,503.7,503.89,7549.496
1762578000000,503.88,505.77,499.53,499.91,8457.908
1762581600000,499.92,503.09,497.18,501.42,12648.463
1762585200000,501.41,503.37,499.8,503.37,6189.302
1762588800000,503.37,505.13,500.29,503.36,6787.389
1762592400000,503.35,504.32,499.69,501.2,4779.368
1762596000000,501.2,502.35,497.89,498.78,6755.713
1762599600000,498.77,500.37,496.29,497.75,7165.715
1762603200000,497.75,497.99,494.62,495.8,6725.605
1762606800000,495.8,496.19,489.73,490.08,9751.097
1762610400000,490.08,492.65,486.55,491.31,12131.833
1762614000000,491.27,492.24,485.64,487.0,9015.721
1762617600000,486.99,491.49,485.28,490.67,9374.527
1762621200000,490.71,492.47,489.58,492.13,4327.057
1762624800000,492.13,493.85,491.0,492.87,3650.432
1762628400000,492.86,493.03,486.63,490.37,7391.449
1762632000000,490.37,492.01,489.63,491.44,2718.595
1762635600000,491.45,492.19,489.7,492.13,3089.853
1762639200000,492.09,493.32,491.47,492.61,2733.961
1762642800000,492.6,496.34,492.21,495.4,4281.945
1762646400000,495.4,495.42,491.27,492.33,7878.54
1762650000000,492.32,496.61,492.13,496.44,5283.106
1762653600000,496.4,500.19,493.14,494.24,16700.465
1762657200000,494.23,494.99,488.29,489.5,8941.744
1762660800000,489.51,495.76,489.34,494.71,8872.658
1762664400000,494.71,495.6,491.89,493.18,5580.244
1762668000000,493.17,496.04,492.37,493.59,5816.746
1762671600000,493.6,495.26,493.15,494.19,5180.375
1762675200000,494.19,494.19,490.42,492.44,4398.512
1762678800000,492.44,497.14,490.97,491.16,6005.765
1762682400000,491.15,496.6,489.06,496.6,6605.734
1762686000000,496.61,497.75,493.78,494.63,7469.988
1762689600000,494.63,497.15,493.91,495.32,4241.233
1762693200000,495.32,498.9,494.53,498.58,6470.274
1762696800000,498.57,504.58,495.8,498.39,15350.139
1762700400000,498.38,501.4,496.87,498.46,8129.082
1762704000000,498.46,499.51,496.25,498.75,5366.211
1762707600000,498.75,499.39,494.17,498.15,5615.133
1762711200000,498.16,503.84,497.15,502.58,6679.215
1762714800000,502.65,503.35,500.11,503.24,5375.172
1762718400000,503.2,503.96,501.49,502.7,4747.48
1762722000000,502.67,504.85,501.66,503.8,4601.907
1762725600000,503.82,504.14,500.34,502.29,4304.81
1762729200000,502.31,506.82,500.36,503.21,7591.639
1762732800000,503.2,510.0,500.49,507.74,10618.343
1762736400000,507.73,509.34,503.73,504.12,8104.944
1762740000000,504.11,506.13,503.08,505.54,5064.383
1762743600000,505.54,507.99,503.4,504.94,7951.473
1762747200000,504.91,505.83,502.48,504.52,4898.254
1762750800000,504.52,505.77,501.62,503.46,4249.124
1762754400000,503.41,505.23,501.08,504.89,7185.004
1762758000000,504.9,510.12,504.77,509.37,17788.957
1762761600000,509.34,511.22,505.49,508.12,11965.69
1762765200000,508.15,519.28,507.37,515.45,23089.399
1762768800000,515.48,519.55,515.36,518.01,17766.125
1762772400000,518.01,521.62,517.0,519.24,10713.036
1762776000000,519.25,522.24,517.75,519.73,9883.334
1762779600000,519.77,524.0,519.77,522.48,12385.92
1762783200000,522.48,522.55,512.25,514.19,15512.416
1762786800000,514.15,516.3,510.22,512.36,11002.235
1762790400000,512.37,514.72,506.57,508.58,8491.132
1762794000000,508.57,513.74,507.88,512.04,5783.41
1762797600000,512.04,512.91,508.6,508.69,3821.174
1762801200000,508.69,512.0,507.49,509.86,4932.518
1762804800000,509.86,512.58,506.76,507.49,5719.069
1762808400000,507.49,507.6,501.25,504.15,9505.988
1762812000000,504.11,510.4,502.12,509.6,12135.281
1762815600000,509.6,520.17,508.57,517.05,27455.118
1762819200000,517.06,521.62,515.05,519.92,21489.577
1762822800000,519.91,531.86,518.25,519.42,34692.554
1762826400000,519.43,527.93,516.34,522.63,16345.291
1762830000000,522.62,528.0,522.02,526.57,15225.345
1762833600000,526.56,526.97,522.06,524.65,8343.777
1762837200000,524.65,527.04,520.02,520.75,12669.477
1762840800000,520.9,525.94,520.61,524.48,13238.138
1762844400000,524.48,524.53,514.36,514.68,58551.968
1762848000000,514.68,516.3,512.21,513.87,14215.6
1762851600000,513.87,515.73,510.28,511.91,9671.176
1762855200000,511.91,520.41,511.28,517.43,12107.307
1762858800000,517.44,518.74,515.2,516.04,5823.605
1762862400000,516.04,518.63,514.41,515.74,5306.155
1762866000000,515.76,517.29,511.31,511.55,7653.301
1762869600000,511.55,518.14,510.39,517.57,10246.233
1762873200000,517.56,517.56,508.0,511.58,17686.122
1762876800000,511.58,513.17,509.18,512.38,7604.125
1762880400000,512.39,513.8,508.43,509.68,5395.661
1762884000000,509.69,511.79,508.92,510.16,3757.23
1762887600000,510.17,510.17,506.1,507.47,12262.476
1762891200000,507.48,510.57,506.88,507.96,10109.732
1762894800000,507.97,509.67,504.55,505.22,6764.948
1762898400000,505.22,510.54,503.02,509.53,6933.835
1762902000000,509.53,509.85,503.95,505.29,6436.732
1762905600000,505.29,509.0,503.77,505.13,7878.821
1762909200000,505.13,510.26,504.88,507.63,7568.255
1762912800000,507.63,509.55,503.57,507.62,8214.424
1762916400000,507.62,509.46,506.55,509.39,4909.975
1762920000000,509.39,509.51,505.98,507.5,3732.467
1762923600000,507.49,511.84,507.26,509.77,5934.688
1762927200000,509.77,510.91,509.06,509.06,3300.493
1762930800000,509.07,510.24,506.78,507.61,4967.628
1762934400000,507.62,527.96,507.62,519.59,28677.238
1762938000000,519.59,523.52,518.09,519.03,9543.382
1762941600000,519.04,525.21,516.93,521.75,13909.955
1762945200000,521.75,522.8,520.45,522.54,5006.896
1762948800000,522.55,530.0,521.87,526.0,23270.266
1762952400000,526.01,531.98,525.47,528.8,38260.746
1762956000000,528.8,531.0,521.52,525.3,15079.988
1762959600000,525.29,530.55,514.89,516.1,21312.441
1762963200000,516.1,517.2,507.0,508.36,24515.297
1762966800000,508.35,510.78,502.91,507.44,14479.824
1762970400000,507.44,508.8,504.47,504.72,5606.742
1762974000000,504.71,504.81,497.79,503.38,11137.318
1762977600000,503.37,508.62,501.87,507.15,9186.907
1762981200000,507.14,509.8,506.08,507.87,6536.153
1762984800000,507.86,509.26,503.09,508.98,4904.366
1762988400000,508.96,509.59,505.17,506.83,4282.371
1762992000000,506.8,510.38,505.93,507.89,7037.989
1762995600000,507.88,520.47,507.52,514.96,23676.388
1762999200000,514.97,522.23,513.81,516.66,15231.05
1763002800000,516.67,526.96,511.64,523.76,18233.33
1763006400000,523.75,525.75,520.37,524.36,11241.367
1763010000000,524.34,528.73,523.65,528.0,8947.537
1763013600000,528.02,529.87,526.38,526.53,7297.749
1763017200000,526.54,527.83,524.18,524.58,7845.596
1763020800000,524.57,529.35,524.08,526.74,10997.862
1763024400000,526.74,527.52,522.43,523.98,8929.484
1763028000000,524.0,528.53,521.32,525.99,17139.986
1763031600000,525.99,528.46,524.26,528.14,7973.266
1763035200000,528.15,530.8,526.94,528.42,21273.014
1763038800000,528.42,528.94,520.0,521.77,20902.487
1763042400000,521.77,529.25,516.91,524.69,29305.036
1763046000000,524.69,528.04,516.5,519.5,20129.331
1763049600000,519.53,521.56,511.19,511.73,15109.099
1763053200000,511.72,518.69,510.17,513.2,33307.682
1763056800000,513.19,514.91,500.79,502.42,30154.827
1763060400000,502.42,503.91,497.58,499.12,15460.473
1763064000000,499.11,502.35,494.53,497.34,24191.24
1763067600000,497.34,499.23,493.48,494.59,8671.522
1763071200000,494.58,505.27,494.16,503.17,10800.079
1763074800000,503.17,511.48,501.63,508.98,16909.345
1763078400000,508.95,517.69,507.42,509.5,16969.838
1763082000000,509.52,512.18,507.28,510.14,11736.595
1763085600000,510.13,515.64,509.31,512.43,7887.874
1763089200000,512.43,512.7,507.58,511.14,11506.446
1763092800000,511.13,511.36,496.14,504.53,28719.038
1763096400000,504.53,507.12,497.05,502.21,24700.516
1763100000000,502.2,502.47,491.6,502.18,15425.832
1763103600000,502.17,504.18,497.51,500.13,15243.597
1763107200000,500.12,500.32,492.0,494.47,12624.536
1763110800000,494.49,496.79,486.16,487.24,17789.049
1763114400000,487.23,494.0,486.49,490.27,9913.841
1763118000000,490.26,491.0,484.51,487.53,12642.09
1763121600000,487.52,487.64,478.0,483.6,31107.643
1763125200000,483.6,486.49,476.41,481.49,18876.657
1763128800000,481.48,500.08,478.61,493.37,47817.49
1763132400000,493.37,496.01,487.84,491.07,15682.377
1763136000000,491.07,501.95,487.97,498.46,35854.453
1763139600000,498.47,501.88,491.52,492.16,20378.247
1763143200000,492.15,497.67,488.54,489.58,11338.426
1763146800000,489.57,496.84,488.84,493.57,8338.161
1763150400000,493.57,493.88,481.88,482.4,12609.42
1763154000000,482.41,487.49,480.47,485.3,8896.716
1763157600000,485.3,487.94,481.62,483.36,8746.954
1763161200000,483.36,484.14,475.29,479.28,14981.146
1763164800000,479.31,485.22,478.94,484.15,12007.913
1763168400000,484.14,488.5,480.92,487.36,8035.194
1763172000000,487.35,494.26,485.16,492.05,18328.825
1763175600000,492.03,502.43,491.12,501.31,23779.726
1763179200000,501.31,501.79,495.82,497.89,7414.801
1763182800000,497.9,498.59,495.9,496.86,5056.869
1763186400000,496.86,498.24,494.68,495.12,4578.107
1763190000000,495.12,497.28,493.53,496.67,5103.047
1763193600000,496.68,496.77,490.51,491.88,7484.305
1763197200000,491.87,499.57,491.25,496.37,7331.782
1763200800000,496.36,496.49,492.5,494.86,4434.875
1763204400000,494.86,498.19,494.19,496.71,6249.006
1763208000000,496.7,510.11,495.54,508.97,29960.088
1763211600000,508.98,519.44,506.11,510.96,29190.68
1763215200000,510.96,512.81,506.49,506.91,13767.789
1763218800000,506.91,509.36,505.41,506.76,7387.895
1763222400000,506.76,507.83,502.48,505.83,7880.27
1763226000000,505.83,507.98,502.84,506.72,8743.422
1763229600000,506.72,507.59,503.3,504.25,3916.182
1763233200000,504.26,507.33,504.23,506.71,2692.944
1763236800000,506.71,507.61,502.05,502.81,9710.261
1763240400000,502.82,503.08,498.37,498.64,6044.448
1763244000000,498.63,501.56,498.06,499.41,4477.002
1763247600000,499.41,502.75,499.01,502.1,4655.567
1763251200000,502.1,503.8,498.62,501.26,7987.974
1763254800000,501.24,503.24,498.45,501.28,9322.866
1763258400000,501.28,503.0,497.55,502.28,7600.89
1763262000000,502.27,503.78,499.6,501.26,6447.138
1763265600000,501.24,501.4,497.88,499.63,4033.18
1763269200000,499.63,503.3,499.42,500.72,3842.82
1763272800000,500.7,502.39,499.8,500.4,3274.443
1763276400000,500.4,503.88,499.76,503.72,4050.542
1763280000000,503.73,504.12,499.58,501.63,5292.84
1763283600000,501.64,504.0,499.95,503.95,5362.008
1763287200000,503.94,503.99,500.08,500.51,4764.693
1763290800000,500.5,500.98,492.32,493.24,12200.935
1763294400000,493.24,497.16,491.89,492.38,7619.999
1763298000000,492.38,493.14,487.47,488.41,9829.809
1763301600000,488.4,491.48,487.12,490.1,8494.091
1763305200000,490.09,490.33,481.05,481.94,13673.671
1763308800000,481.96,483.91,477.73,478.81,18706.936
1763312400000,478.8,479.43,472.14,476.51,17592.532
1763316000000,476.51,484.0,474.15,476.21,17720.966
1763319600000,476.2,481.85,475.95,478.39,9434.624
1763323200000,478.38,481.18,477.21,477.61,7557.296
1763326800000,477.6,478.77,474.34,477.57,6963.519
1763330400000,477.56,483.44,474.44,482.0,9138.114
1763334000000,482.0,486.94,474.04,483.07,21833.077
1763337600000,483.05,490.08,480.34,489.7,13216.447
1763341200000,489.7,489.91,484.98,485.79,6773.569
1763344800000,485.79,490.29,484.62,488.9,6097.668
1763348400000,488.9,490.95,487.98,490.74,5778.906
1763352000000,490.75,491.99,488.76,489.17,4598.909
1763355600000,489.17,489.65,486.9,487.68,3644.863
1763359200000,487.68,490.61,486.21,490.5,4273.485
1763362800000,490.49,495.02,490.02,493.44,5764.625
1763366400000,493.43,495.0,492.76,494.05,4928.376
1763370000000,494.04,497.41,492.7,493.03,8496.591
1763373600000,493.02,497.5,492.86,496.66,6604.825
1763377200000,496.66,501.96,496.53,500.28,11661.169
1763380800000,500.26,502.38,498.95,499.71,7280.601
1763384400000,499.7,501.51,494.52,496.97,27042.19
1763388000000,496.96,515.5,494.38,507.06,40107.149
1763391600000,507.07,512.13,502.03,503.46,26013.392
1763395200000,503.45,512.15,495.89,511.51,38222.821
1763398800000,511.53,514.02,503.07,504.74,19586.635
1763402400000,504.74,509.61,498.82,499.27,25472.933
1763406000000,499.26,503.11,494.3,496.66,15478.785
1763409600000,496.69,497.05,489.05,493.13,18933.088
1763413200000,493.1,495.23,484.9,491.23,14315.568
1763416800000,491.24,494.68,488.15,488.53,8836.569
1763420400000,488.53,491.13,488.08,490.33,10254.182
1763424000000,490.35,490.79,479.95,487.93,19082.144
1763427600000,487.93,492.64,483.5,486.7,14635.706
1763431200000,486.69,491.74,480.84,483.07,18832.293
1763434800000,483.08,491.81,478.66,490.41,20219.087
1763438400000,490.42,490.75,480.39,488.21,11405.588
1763442000000,488.21,489.6,484.18,487.35,11696.333
1763445600000,487.35,487.35,476.58,477.51,13154.329
1763449200000,477.5,488.34,475.38,488.05,12277.419
1763452800000,488.06,491.62,486.34,487.64,13545.327
1763456400000,487.62,491.01,484.53,490.09,10580.196
1763460000000,490.08,491.03,488.11,488.57,4523.834
1763463600000,488.56,488.86,485.1,486.23,5163.939
1763467200000,486.23,488.36,483.71,485.98,7639.807
1763470800000,485.97,487.09,482.05,486.4,7391.78
1763474400000,486.41,504.59,484.61,491.18,59300.999
1763478000000,491.16,507.72,490.21,506.22,33238.565
1763481600000,506.24,524.19,501.54,524.07,40806.216
1763485200000,524.04,524.72,513.45,519.66,24130.321
1763488800000,519.66,529.49,519.19,526.94,22196.039
1763492400000,526.94,530.35,526.28,529.83,15924.839
1763496000000,529.83,534.42,525.1,525.53,35596.858
1763499600000,525.55,526.91,522.5,523.84,14120.557
1763503200000,523.84,535.79,523.8,535.69,41485.313
1763506800000,535.69,537.0,520.42,522.72,58424.167
1763510400000,522.72,523.11,516.53,518.37,17857.977
1763514000000,518.37,518.51,504.91,507.67,47039.812
1763517600000,507.67,510.64,504.69,506.6,10459.566
1763521200000,506.62,506.7,500.32,501.43,9749.077
1763524800000,501.42,501.93,494.27,494.82,15010.909
1763528400000,494.82,495.95,489.27,494.51,17662.374
1763532000000,494.5,498.64,493.86,495.98,12409.524
1763535600000,495.98,502.96,495.79,500.52,9627.637
1763539200000,500.52,500.52,494.88,496.19,10340.546
1763542800000,496.18,496.63,493.8,495.15,10235.301
1763546400000,495.11,497.2,494.68,497.12,7271.616
1763550000000,497.11,497.91,494.27,494.28,7731.994
1763553600000,494.27,495.49,491.56,493.97,9656.092
1763557200000,493.97,494.2,489.67,490.19,8672.265
1763560800000,490.18,494.91,485.53,488.6,26405.355
1763564400000,488.64,493.94,483.15,483.27,30036.445
1763568000000,483.28,486.55,481.42,482.87,19186.521
1763571600000,482.85,483.88,477.09,478.49,18542.423
1763575200000,478.48,479.21,470.42,472.81,24530.887
1763578800000,472.81,476.54,470.29,474.5,17262.287
1763582400000,474.5,481.04,473.27,479.83,13771.343
1763586000000,479.86,489.66,479.18,486.68,22080.254
1763589600000,486.65,486.65,482.49,485.18,7030.964
1763593200000,485.18,490.17,484.01,486.05,12668.954
1763596800000,486.05,490.12,483.95,487.74,9026.47
1763600400000,487.73,493.18,486.64,490.9,8051.876
1763604000000,490.91,493.33,487.12,487.5,11941.215
1763607600000,487.56,489.7,487.36,488.0,6504.922
1763611200000,488.01,508.37,484.78,504.89,61795.141
1763614800000,504.85,513.0,502.57,505.15,55774.231
1763618400000,505.16,505.64,496.37,498.25,20742.076
1763622000000,498.25,505.77,496.69,501.61,26057.686
1763625600000,501.61,502.4,498.88,499.52,9956.472
1763629200000,499.53,499.9,494.47,498.56,15361.616
1763632800000,498.56,502.5,496.97,501.92,17614.372
1763636400000,501.94,506.4,500.24,503.87,14479.567
1763640000000,503.87,504.14,499.43,501.62,11397.667
1763643600000,501.63,504.75,496.43,499.2,24179.414
1763647200000,499.2,502.67,495.85,499.35,17444.277
1763650800000,499.35,500.24,494.61,495.99,11243.153
1763654400000,495.99,496.73,477.29,479.97,42536.128
1763658000000,479.96,482.42,474.01,482.23,28050.891
1763661600000,482.24,482.32,474.41,476.11,14900.971
1763665200000,476.11,479.19,473.48,476.68,13873.074
1763668800000,476.64,478.64,473.66,476.17,11443.225
1763672400000,476.19,484.54,475.86,480.81,16533.725
1763676000000,480.82,487.27,480.19,486.06,10526.103
1763679600000,486.06,486.49,479.37,480.2,8430.602
1763683200000,480.19,486.07,479.85,484.07,9664.461
1763686800000,484.07,486.48,482.82,485.21,6245.235
1763690400000,485.2,485.86,475.62,476.7,14257.634
1763694000000,476.7,484.67,476.65,482.64,11449.742
1763697600000,482.62,484.19,477.66,483.35,10181.649
1763701200000,483.35,485.46,479.12,481.05,9353.004
1763704800000,481.06,481.79,475.06,476.85,10010.251
1763708400000,476.83,477.76,453.0,464.25,67334.525
1763712000000,464.22,474.52,463.25,464.42,20686.308
1763715600000,464.53,468.05,459.43,464.14,25904.3
1763719200000,464.13,467.87,460.51,464.01,21635.654
1763722800000,464.0,465.94,455.3,455.55,14318.43
1763726400000,455.55,468.38,446.45,463.59,58852.263
1763730000000,463.59,469.27,461.35,468.45,18101.721
1763733600000,468.46,494.27,466.72,492.47,67328.391
1763737200000,492.44,500.85,486.39,487.8,70937.99
1763740800000,487.79,505.88,482.81,504.8,51330.134
1763744400000,504.8,514.67,503.28,508.87,40656.983
1763748000000,508.87,514.71,498.26,512.17,38175.709
1763751600000,512.17,514.88,509.49,510.7,16217.845
1763755200000,510.69,512.65,504.94,508.28,16969.563
1763758800000,508.47,546.08,506.39,538.51,79064.931
1763762400000,538.53,547.68,526.83,526.97,50032.811
1763766000000,526.97,540.85,524.27,533.33,40226.927
1763769600000,533.32,539.63,525.84,532.28,35971.189
1763773200000,532.28,536.99,527.04,534.33,23850.416
1763776800000,534.35,535.34,524.62,529.64,18437.456
1763780400000,529.64,536.74,528.84,533.96,24323.41
1763784000000,533.97,536.27,526.9,532.56,30852.092
1763787600000,532.56,533.72,520.85,528.34,34300.06
1763791200000,528.34,534.0,523.68,532.74,21985.401
1763794800000,532.8,535.59,530.68,534.67,18154.538
1763798400000,534.66,535.78,528.76,534.4,20853.817
1763802000000,534.41,538.5,530.63,533.4,22371.0
1763805600000,533.4,539.39,530.67,537.9,23761.013
1763809200000,537.86,563.39,537.0,559.56,91956.768
1763812800000,559.58,561.94,546.42,549.83,48391.569
1763816400000,549.84,552.81,538.83,540.49,38435.031
1763820000000,540.5,552.09,540.36,546.85,41067.48
1763823600000,546.86,549.24,534.7,538.71,43440.212
1763827200000,538.72,551.71,537.82,550.46,24793.327
1763830800000,550.44,554.49,547.34,551.1,19635.179
1763834400000,551.11,559.8,547.91,559.5,29000.435
1763838000000,559.49,567.8,557.1,563.88,31509.519
1763841600000,563.87,567.76,555.65,559.41,26891.179
1763845200000,559.4,559.94,552.17,554.47,24415.88
1763848800000,554.48,563.66,551.16,560.31,17868.146
1763852400000,560.31,562.94,555.22,556.12,11080.617
1763856000000,556.12,557.43,551.0,552.14,16562.375
1763859600000,552.14,554.0,545.45,548.3,24401.457
1763863200000,548.3,550.28,537.96,539.69,42574.203
1763866800000,539.69,543.32,538.33,541.84,15511.075
1763870400000,541.84,547.12,539.52,541.65,23003.089
1763874000000,541.64,543.66,539.0,541.13,12335.747
1763877600000,541.13,544.99,540.95,544.21,11085.181
1763881200000,544.2,553.27,542.86,552.67,32530.381
1763884800000,552.66,558.18,549.67,553.42,20936.372
1763888400000,553.41,554.44,548.22,549.42,13733.583
1763892000000,549.42,556.53,548.72,551.7,15493.152
1763895600000,551.71,552.16,546.03,547.73,16706.217
1763899200000,547.72,551.2,544.79,546.68,15218.698
1763902800000,546.67,554.21,545.52,550.49,18381.91
1763906400000,550.48,552.9,543.74,545.56,21772.019
1763910000000,545.56,549.61,540.56,546.47,22234.229
1763913600000,546.47,551.0,541.88,545.15,17020.277
1763917200000,545.15,551.92,544.26,549.51,12812.43
1763920800000,549.5,550.89,546.03,548.88,8853.233
1763924400000,548.88,550.49,543.19,547.15,18824.502
1763928000000,547.15,554.58,546.59,548.78,12846.02
1763931600000,548.78,554.58,548.75,554.14,7402.926
1763935200000,554.13,556.11,542.45,544.1,13021.743
1763938800000,544.1,544.78,536.05,539.07,18205.705
1763942400000,539.06,547.43,536.3,546.24,20836.823
1763946000000,546.23,553.88,543.59,551.83,23383.281
1763949600000,551.84,563.29,551.48,556.85,35537.874
1763953200000,556.85,558.51,551.04,551.69,12975.801
1763956800000,551.68,553.38,543.54,543.98,22380.694
1763960400000,543.97,552.32,543.18,547.67,14310.413
1763964000000,547.68,548.22,542.15,543.33,13456.32
1763967600000,543.32,546.58,542.2,544.7,8360.922
1763971200000,544.69,551.84,543.86,550.61,16594.408
1763974800000,550.61,550.83,542.0,542.78,15379.839
1763978400000,542.78,544.49,540.62,540.73,8574.241
1763982000000,540.72,544.04,538.1,543.82,12242.557
1763985600000,543.82,545.46,541.41,542.75,7275.115
1763989200000,542.74,549.1,541.9,545.69,10643.507
1763992800000,545.7,552.26,543.27,552.26,30968.311
1763996400000,552.26,554.73,548.55,549.58,18798.478
1764000000000,549.58,557.61,549.19,551.8,15861.509
1764003600000,551.81,558.1,551.81,557.08,16339.866
1764007200000,557.12,560.24,554.7,556.33,17661.993
1764010800000,556.32,558.61,554.58,556.83,8721.792
1764014400000,556.82,559.39,554.7,554.92,8793.463
1764018000000,554.91,555.66,550.33,550.67,9999.636
1764021600000,550.67,554.0,549.92,553.29,7862.665
1764025200000,553.28,555.89,546.4,549.03,19890.66
1764028800000,549.03,549.71,541.56,543.93,17599.583
1764032400000,543.93,545.62,542.65,544.08,6245.123
1764036000000,544.1,545.42,540.06,542.22,10120.913
1764039600000,542.21,544.53,540.71,540.87,7118.378
1764043200000,540.87,543.5,540.11,540.62,6628.747
1764046800000,540.61,540.68,532.79,534.65,24945.711
1764050400000,534.65,537.42,530.83,533.38,15660.437
1764054000000,533.37,534.52,523.0,526.37,49232.47
1764057600000,526.36,526.67,518.2,519.07,25370.831
1764061200000,519.08,521.1,518.08,519.97,16887.866
1764064800000,519.96,523.64,515.29,519.17,23918.918
1764068400000,519.17,522.25,518.48,521.72,12554.034
1764072000000,521.73,522.69,518.3,520.93,13917.31
1764075600000,520.93,524.23,520.25,521.45,13250.85
1764079200000,521.44,528.65,518.58,521.19,26608.062
1764082800000,521.2,523.16,519.24,520.24,13945.295
1764086400000,520.24,523.61,518.18,520.93,11895.114
1764090000000,520.92,524.84,518.85,520.7,11301.054
1764093600000,520.7,522.57,519.66,519.77,6264.591
1764097200000,519.78,520.19,516.89,519.54,10434.265
1764100800000,519.53,523.4,518.16,522.66,9510.108
1764104400000,522.65,524.0,520.49,521.12,5916.484
1764108000000,521.11,525.57,518.49,524.84,7067.723
1764111600000,524.83,528.06,523.49,526.85,9624.634
1764115200000,526.85,529.89,525.3,528.53,10538.788
1764118800000,528.53,533.02,527.31,529.2,10603.828
1764122400000,529.2,529.85,526.67,527.54,6564.547
1764126000000,527.54,530.56,526.18,526.28,6926.195
1764129600000,526.27,528.87,526.13,528.33,4891.959
1764133200000,528.33,532.54,528.33,530.57,8643.468
1764136800000,530.57,538.41,530.46,535.76,14153.885
1764140400000,535.76,536.49,531.94,533.73,9183.672
1764144000000,533.73,534.0,530.09,532.41,8668.187
1764147600000,532.4,535.11,530.51,535.07,10022.702
1764151200000,535.06,536.15,530.54,533.56,10583.192
1764154800000,533.55,535.1,530.61,532.46,6259.241
1764158400000,532.45,533.12,529.41,530.24,9799.538
1764162000000,530.24,538.57,528.73,537.86,21660.889
1764165600000,537.87,543.64,522.89,539.27,144949.998
1764169200000,539.27,540.79,534.53,537.93,22678.193
1764172800000,537.94,540.46,533.8,536.75,15740.977
1764176400000,536.76,546.58,536.48,545.42,22587.429
1764180000000,545.43,548.55,541.03,546.84,18909.818
1764183600000,546.84,548.19,543.05,544.04,6801.634
1764187200000,544.03,546.72,541.09,545.0,7650.394
1764190800000,545.0,545.06,541.89,544.44,6377.209
1764194400000,544.44,547.91,543.4,547.1,9493.873
1764198000000,547.09,547.21,542.97,543.28,7496.536
1764201600000,543.29,547.16,542.69,544.31,8953.393
1764205200000,544.31,545.77,542.13,544.66,6439.057
1764208800000,544.64,545.89,541.81,541.83,10926.268
1764212400000,541.82,543.22,539.29,539.52,6191.757
1764216000000,539.52,544.79,537.22,543.68,12940.645
1764219600000,543.68,544.78,541.08,543.47,6503.083
1764223200000,543.47,551.03,543.26,544.59,16624.102
1764226800000,544.59,545.96,543.01,545.49,4695.344
1764230400000,545.47,546.47,542.8,544.44,6229.176
1764234000000,544.44,545.38,542.03,542.39,4282.003
1764237600000,542.38,543.9,540.53,543.79,4418.375
1764241200000,543.78,543.96,541.42,542.87,3839.169
1764244800000,542.86,543.69,538.26,538.81,8063.528
1764248400000,538.81,539.28,535.04,535.84,13251.426
1764252000000,535.85,537.39,533.73,535.11,7053.708
1764255600000,535.11,537.84,533.57,534.96,10097.261
1764259200000,534.96,537.09,533.19,534.88,9010.408
1764262800000,534.88,536.04,532.0,532.48,6336.534
1764266400000,532.48,535.8,531.97,534.79,5776.229
1764270000000,534.78,535.69,531.08,533.7,10820.663
1764273600000,533.7,536.45,533.05,534.07,5381.351
1764277200000,534.06,535.67,532.96,535.19,5195.464
1764280800000,535.18,537.84,534.2,535.02,4854.756
1764284400000,535.01,535.45,531.58,532.53,6415.014
1764288000000,532.54,534.93,531.29,534.64,7780.073
1764291600000,534.64,538.0,532.06,535.4,13870.129
1764295200000,535.38,536.89,533.34,534.56,6114.339
1764298800000,534.57,544.62,532.13,537.28,33990.131
1764302400000,537.29,537.38,532.47,533.29,10056.078
1764306000000,533.29,537.07,530.02,533.37,14905.17
1764309600000,533.37,534.45,532.35,533.23,3183.61
1764313200000,533.23,536.35,532.72,535.24,4917.545
1764316800000,535.23,541.84,534.51,541.84,11704.864
1764320400000,541.83,541.96,535.95,537.76,13801.907
1764324000000,537.77,538.76,535.1,538.6,5696.423
1764327600000,538.63,539.51,534.17,535.48,7438.815
1764331200000,535.48,535.95,531.14,533.33,7681.965
1764334800000,533.33,537.87,531.72,536.24,11309.26
1764338400000,536.25,541.85,535.39,541.59,18968.1
1764342000000,541.59,543.48,538.16,542.1,10627.316
1764345600000,542.1,542.54,538.14,541.97,12921.244
1764349200000,541.97,543.12,538.38,539.91,9766.468
1764352800000,539.97,545.79,537.63,544.86,12175.522
1764356400000,544.86,554.24,544.85,551.74,24782.359
1764360000000,551.74,552.43,548.74,549.79,11785.522
1764363600000,549.8,551.1,546.78,547.59,7978.43
1764367200000,547.6,547.9,542.74,546.78,9515.794
1764370800000,546.79,551.11,546.79,548.3,9535.321
1764374400000,548.3,548.54,523.56,534.0,170973.956
1764378000000,534.0,538.31,530.69,532.39,27289.389
1764381600000,532.39,534.93,531.87,534.63,15138.427
1764385200000,534.63,535.67,533.19,534.12,9162.314
1764388800000,534.12,535.32,532.12,535.0,7348.432
1764392400000,535.0,536.7,533.95,534.4,5971.593
1764396000000,534.4,534.7,529.2,531.19,13051.958
1764399600000,531.18,534.0,530.23,531.56,12163.395
1764403200000,531.57,531.59,529.5,530.54,6844.423
1764406800000,530.54,532.05,528.88,530.0,6154.719
1764410400000,529.99,530.76,528.0,529.18,5835.251
1764414000000,529.18,530.13,528.33,529.12,3954.746
1764417600000,529.13,529.14,526.12,526.39,6780.29
1764421200000,526.38,527.8,525.28,526.3,5125.624
1764424800000,526.29,526.91,525.01,525.67,4938.995
1764428400000,525.66,528.99,525.66,527.36,5946.882
1764432000000,527.36,527.72,522.82,525.34,9308.931
1764435600000,525.33,525.33,521.0,522.71,7906.472
1764439200000,522.71,522.87,517.91,519.53,15936.081
1764442800000,519.6,522.49,517.95,520.18,11341.678
1764446400000,520.17,520.17,517.02,518.96,6862.997
1764450000000,518.99,520.81,518.05,519.56,6800.193
1764453600000,519.56,525.69,518.38,524.56,7317.725
1764457200000,524.53,524.54,519.49,521.11,8708.425
1764460800000,521.11,523.68,517.5,520.78,12436.33
1764464400000,520.77,527.25,520.06,524.74,12800.498
1764468000000,524.75,525.71,520.66,521.77,8834.513
1764471600000,521.77,524.48,521.62,524.1,4528.873
1764475200000,524.09,527.89,522.53,524.47,8880.985
1764478800000,524.47,524.51,519.69,520.48,5873.061
1764482400000,520.48,523.04,518.94,520.94,7761.572
1764486000000,520.96,524.23,520.78,523.51,3954.891
1764489600000,523.52,524.95,521.97,523.87,6038.685
1764493200000,523.88,536.15,522.95,534.11,25844.28
1764496800000,534.12,542.07,533.78,539.15,33506.743
1764500400000,539.15,542.0,535.93,536.88,15529.336
1764504000000,536.88,546.48,535.2,543.57,30638.46
1764507600000,543.57,562.17,540.08,557.87,95560.61
1764511200000,557.88,560.87,555.08,556.98,23520.2
1764514800000,556.98,559.05,549.26,553.73,20830.918
1764518400000,553.74,561.72,553.74,560.15,25020.937
1764522000000,560.14,560.49,555.18,558.27,15944.114
1764525600000,558.26,558.49,555.28,557.8,8113.362
1764529200000,557.8,557.95,553.77,555.37,5897.731
1764532800000,555.36,555.83,552.36,552.54,5868.544
1764536400000,552.53,553.12,549.19,550.17,8149.067
1764540000000,550.16,552.65,547.09,548.77,8359.551
1764543600000,548.77,549.11,539.79,540.47,26644.978
1764547200000,540.47,544.5,531.14,532.49,66932.485
1764550800000,532.49,536.8,529.74,531.13,34894.212
1764554400000,531.14,532.59,525.18,525.42,29776.024
1764558000000,525.41,527.15,520.02,521.83,35705.642
1764561600000,521.82,523.33,515.05,520.95,33903.485
1764565200000,520.95,521.46,515.17,518.24,16794.994
1764568800000,518.23,525.0,517.63,524.27,16466.307
1764572400000,524.27,524.33,518.48,521.62,13661.17
1764576000000,521.6,523.14,518.85,519.42,9391.406
1764579600000,519.47,523.61,519.01,521.88,14676.969
1764583200000,521.87,524.34,521.3,522.96,7305.472
1764586800000,522.95,523.24,519.85,521.15,11260.742
1764590400000,521.14,522.95,518.2,521.33,27023.508
1764594000000,521.34,527.19,520.5,524.25,14764.294
1764597600000,524.27,527.98,520.0,521.71,16363.541
1764601200000,521.71,522.78,509.38,514.14,45676.582
1764604800000,514.15,516.98,510.84,512.34,15690.764
1764608400000,512.35,516.32,511.06,512.68,10015.369
1764612000000,512.68,516.57,511.15,514.66,9445.324
1764615600000,514.65,515.32,508.36,510.15,14028.834
1764619200000,510.15,515.31,510.03,513.84,11386.666
1764622800000,513.81,523.24,513.77,520.65,17785.98
1764626400000,520.64,523.38,518.67,520.79,9836.312
1764630000000,520.78,525.83,520.77,522.65,10056.972
1764633600000,522.64,523.58,519.42,522.36,6775.881
1764637200000,522.35,534.76,522.04,531.7,74311.41
1764640800000,531.66,534.35,529.57,530.78,18233.191
1764644400000,530.77,532.16,521.3,523.78,18902.734
1764648000000,523.77,525.99,522.81,524.07,7905.058
1764651600000,524.06,525.59,522.11,522.27,5120.471
1764655200000,522.26,524.97,521.33,523.7,4765.169
1764658800000,523.7,524.42,519.96,522.25,6496.974
1764662400000,522.24,524.82,520.83,523.3,10099.242
1764666000000,523.31,527.0,522.75,524.49,5807.413
1764669600000,524.48,529.8,524.45,528.36,10948.158
1764673200000,528.35,532.39,527.34,529.23,10183.432
1764676800000,529.24,531.76,528.6,531.05,6097.849
1764680400000,531.05,532.28,527.74,530.06,11554.79
1764684000000,530.06,535.3,525.49,533.25,36772.783
1764687600000,533.22,542.76,532.62,541.26,57421.597
1764691200000,541.27,543.54,539.5,541.31,24473.043
1764694800000,541.31,547.99,540.56,546.4,22636.57
1764698400000,546.39,552.29,546.27,548.02,19281.343
1764702000000,548.02,555.0,548.02,553.24,20993.446
1764705600000,553.25,558.03,550.68,552.32,23979.944
1764709200000,552.32,554.96,550.26,550.75,7536.437
1764712800000,550.75,554.53,549.57,553.08,10106.524
1764716400000,553.08,553.14,544.95,545.13,12961.969
1764720000000,545.14,551.21,543.3,550.28,17345.674
1764723600000,550.28,551.81,548.27,550.83,9544.907
1764727200000,550.82,555.0,550.42,554.31,18036.504
1764730800000,554.31,560.62,551.63,559.96,23463.776
1764734400000,559.96,595.4,559.4,594.03,87408.393
1764738000000,594.03,598.08,585.72,587.31,50587.014
1764741600000,587.31,590.78,579.86,583.97,29793.662
1764745200000,583.96,587.47,581.2,583.52,20837.314
1764748800000,583.51,585.48,572.06,580.14,26418.947
1764752400000,580.13,580.72,577.13,578.98,9343.12
1764756000000,578.97,588.64,577.99,584.26,25197.114
1764759600000,584.25,587.93,583.1,586.59,11098.685
1764763200000,586.58,593.2,581.28,592.18,22584.66
1764766800000,592.18,593.85,584.29,586.74,26737.851
1764770400000,586.74,592.03,575.02,585.75,57301.087
1764774000000,585.75,591.08,581.47,588.72,25578.536
1764777600000,588.72,600.89,586.91,598.61,32780.606
1764781200000,598.62,599.9,592.02,595.44,19971.969
1764784800000,595.44,600.99,595.19,598.28,18970.015
1764788400000,598.28,600.22,596.23,597.76,7316.246
1764792000000,597.76,601.45,594.22,597.79,16035.801
1764795600000,597.76,607.21,595.81,603.67,21680.674
1764799200000,603.67,605.93,594.29,595.22,20972.735
1764802800000,595.21,599.09,587.91,590.16,19796.002
1764806400000,590.2,593.97,585.73,587.67,23233.859
1764810000000,587.67,593.27,586.66,588.87,12806.63
1764813600000,588.87,596.31,587.61,592.7,18903.903
1764817200000,592.7,598.51,590.0,592.02,14456.151
1764820800000,592.02,593.65,587.75,590.67,11561.623
1764824400000,590.66,593.0,589.18,591.79,9120.397
1764828000000,591.8,594.0,590.15,592.67,8909.53
1764831600000,592.67,592.98,588.06,592.58,9984.202
1764835200000,592.59,593.63,583.07,586.38,15507.797
1764838800000,586.35,588.0,580.73,581.78,15483.412
1764842400000,581.79,582.76,577.02,579.14,18022.435
1764846000000,579.13,580.43,574.02,574.4,16430.453
1764849600000,574.4,578.0,574.2,576.41,12655.431
1764853200000,576.42,582.2,575.4,578.11,17188.725
1764856800000,578.1,579.86,575.57,576.54,11445.361
1764860400000,576.54,586.61,576.48,581.45,21399.128
1764864000000,581.45,581.88,575.21,577.17,19828.039
1764867600000,577.16,577.45,571.0,575.15,22867.506
1764871200000,575.15,575.59,571.77,573.44,6784.442
1764874800000,573.43,575.12,565.94,574.0,24241.521
1764878400000,573.99,574.96,571.79,574.13,8215.354
1764882000000,574.13,576.81,573.53,575.91,8577.29
1764885600000,575.91,578.24,573.0,575.98,8151.743
1764889200000,575.98,578.51,572.82,574.5,7757.585
1764892800000,574.49,579.49,574.17,577.77,11469.885
1764896400000,577.76,582.99,576.51,577.67,15840.759
1764900000000,577.66,579.45,574.47,577.29,11196.638
1764903600000,577.28,580.0,576.13,576.97,8857.467
1764907200000,576.97,578.44,571.41,572.66,11890.535
1764910800000,572.65,573.59,569.25,572.59,10058.45
1764914400000,572.58,576.36,572.37,576.06,7317.165
1764918000000,576.05,577.98,574.62,575.18,4990.231
1764921600000,575.18,576.04,572.07,574.38,6239.664
1764925200000,574.39,574.76,566.02,567.09,17346.767
1764928800000,567.08,569.15,564.36,568.06,10520.139
1764932400000,568.07,575.86,567.57,573.39,11368.265
1764936000000,573.39,582.75,573.39,578.04,19381.812
1764939600000,578.04,581.31,570.87,573.37,21530.532
1764943200000,573.37,581.19,569.19,571.24,23373.273
1764946800000,571.22,582.58,571.17,573.73,36199.834
1764950400000,573.71,574.87,561.23,564.79,44658.707
1764954000000,564.78,567.33,558.88,565.89,22407.803
1764957600000,565.88,572.63,564.97,566.21,16161.546
1764961200000,566.22,570.9,564.0,568.19,14310.768
1764964800000,568.18,568.71,561.67,562.97,7542.697
1764968400000,562.98,563.99,559.84,562.63,7298.213
1764972000000,562.63,564.61,561.4,562.72,4598.175
1764975600000,562.72,563.08,556.43,559.2,16245.49
1764979200000,559.21,560.9,557.43,560.83,10183.25
1764982800000,560.83,564.24,559.53,561.69,10229.445
1764986400000,561.68,562.2,559.57,561.98,3943.423
1764990000000,561.98,573.0,561.79,572.85,18061.167
1764993600000,572.86,575.75,568.8,572.81,16589.991
1764997200000,572.8,576.56,568.77,576.45,14063.07
1765000800000,576.44,580.23,573.89,576.72,22186.344
1765004400000,576.73,577.67,572.58,575.62,9116.69
1765008000000,575.62,576.52,571.0,571.39,12035.833
1765011600000,571.4,584.2,571.4,582.57,17499.674
1765015200000,582.57,589.91,581.64,588.9,27560.55
1765018800000,588.91,596.44,584.93,589.42,42060.135
1765022400000,589.42,595.08,586.8,588.05,28891.366
1765026000000,588.05,590.0,586.13,588.52,14777.082
1765029600000,588.51,592.99,588.29,589.24,15781.101
1765033200000,589.25,590.76,581.22,586.55,28779.847
1765036800000,586.55,588.11,580.4,584.94,14277.635
1765040400000,584.96,588.68,582.95,587.25,10680.948
1765044000000,587.24,590.0,585.66,586.64,7792.93
1765047600000,586.64,591.78,583.81,591.3,11514.771
1765051200000,591.3,592.0,586.39,589.14,7521.382
1765054800000,589.14,589.14,584.8,585.83,8455.86
1765058400000,585.82,589.7,584.04,586.08,9007.966
1765062000000,586.09,587.98,580.98,583.16,12203.612
1765065600000,583.15,587.68,580.1,581.06,18980.26
1765069200000,581.06,584.83,580.9,583.8,8627.484
1765072800000,583.8,589.65,581.66,585.08,17743.406
1765076400000,585.08,587.14,583.08,586.53,11329.085
1765080000000,586.54,587.2,582.68,586.2,6735.209
1765083600000,586.2,591.86,585.74,589.79,11068.043
1765087200000,589.78,593.36,588.22,591.22,13585.018
1765090800000,591.23,592.14,586.2,587.57,13721.036
1765094400000,587.56,594.99,585.0,592.73,25067.131
1765098000000,592.73,593.11,574.11,576.75,51401.569
1765101600000,576.74,580.2,575.94,579.22,14618.719
1765105200000,579.22,581.0,577.11,578.62,6822.576
1765108800000,578.61,579.5,576.73,578.45,8237.107
1765112400000,578.45,579.98,573.13,577.08,14590.115
1765116000000,577.1,577.6,566.47,571.25,36218.882
1765119600000,571.22,580.97,569.71,579.81,20319.734
1765123200000,579.81,586.73,577.21,584.79,17934.794
1765126800000,584.77,603.41,582.82,602.73,53416.908
1765130400000,602.72,604.99,599.0,599.54,28657.014
1765134000000,599.54,600.67,594.24,595.54,12219.587
1765137600000,595.54,597.65,593.75,596.53,8496.1
1765141200000,596.52,596.57,588.2,590.53,15677.192
1765144800000,590.53,593.39,580.5,590.38,30543.612
1765148400000,590.34,599.42,590.1,598.03,23310.769
1765152000000,598.03,604.44,594.6,596.51,28938.559
1765155600000,596.51,603.5,593.13,599.32,24757.692
1765159200000,599.31,604.8,596.49,602.64,16996.502
1765162800000,602.63,603.36,597.74,599.68,14484.631
1765166400000,599.67,602.5,597.23,600.98,10346.196
1765170000000,600.98,602.7,599.41,601.85,6596.316
1765173600000,601.84,604.68,600.29,600.93,13003.526
1765177200000,600.92,601.79,598.0,600.53,12647.121
1765180800000,600.54,601.19,598.27,599.82,6212.485
1765184400000,599.81,602.98,594.63,595.07,19132.77
1765188000000,595.07,599.3,594.88,597.83,11206.256
1765191600000,597.83,598.2,592.98,593.7,8652.32
1765195200000,593.69,594.59,589.26,591.29,16968.759
1765198800000,591.29,594.56,590.16,594.34,12629.61
1765202400000,594.35,595.0,588.77,589.29,18005.109
1765206000000,589.32,592.04,586.02,588.13,23175.14
1765209600000,588.12,590.05,581.19,584.18,22198.347
1765213200000,584.17,585.12,578.3,582.02,17140.173
1765216800000,582.02,583.15,574.97,576.72,18222.801
1765220400000,576.7,579.09,575.36,576.0,13191.565
1765224000000,576.0,580.77,575.8,579.96,9773.984
1765227600000,579.96,582.49,579.36,580.91,10547.996
1765231200000,580.9,583.3,580.22,582.32,7739.314
1765234800000,582.31,582.78,578.51,578.77,7188.486
1765238400000,578.77,582.34,578.35,580.52,8650.129
1765242000000,580.51,582.28,573.85,574.92,14115.382
1765245600000,574.91,577.86,573.82,575.23,8798.961
1765249200000,575.22,579.19,575.18,577.01,10153.754
1765252800000,577.01,577.41,571.16,572.35,12406.993
1765256400000,572.34,572.78,569.53,570.83,10472.878
1765260000000,570.83,574.18,570.36,572.9,8277.222
1765263600000,572.9,575.37,572.55,574.8,7188.769
1765267200000,574.81,574.81,572.5,572.52,6372.277
1765270800000,572.54,572.83,569.99,571.8,6193.312
1765274400000,571.8,574.72,570.38,574.43,8524.998
1765278000000,574.44,574.45,571.76,572.39,7454.257
1765281600000,572.38,581.47,571.92,580.1,14461.623
1765285200000,580.1,588.19,578.79,581.55,28622.016
1765288800000,581.56,582.76,579.07,579.37,10483.648
1765292400000,579.37,588.45,579.14,585.86,28701.977
1765296000000,585.86,592.5,585.61,588.88,36385.636
1765299600000,588.88,590.85,581.0,581.55,25242.164
1765303200000,581.55,582.34,579.68,580.27,10877.432
1765306800000,580.26,584.26,579.32,583.91,10275.838
1765310400000,583.91,584.27,580.28,580.6,11824.982
1765314000000,580.6,581.93,573.57,578.01,29174.012
1765317600000,578.03,585.96,576.91,583.01,12153.044
1765321200000,583.01,585.46,580.76,584.27,8618.428
1765324800000,584.26,588.43,583.41,583.49,12050.348
1765328400000,583.48,584.52,571.02,576.87,38980.641
1765332000000,576.87,578.34,574.77,577.82,7040.586
1765335600000,577.81,577.87,558.0,560.8,100667.386
1765339200000,560.8,562.0,559.48,561.45,21357.404
1765342800000,561.44,565.93,561.08,565.19,19962.692
1765346400000,565.19,567.17,563.65,566.75,11607.135
1765350000000,566.75,567.04,563.13,564.11,15703.682
1765353600000,564.11,568.84,560.94,565.0,20229.387
1765357200000,565.01,569.44,564.25,569.09,10759.774
1765360800000,569.08,571.02,567.9,568.2,14923.685
1765364400000,568.2,569.4,565.82,568.3,19401.889
1765368000000,568.29,572.43,567.95,570.96,8354.548
1765371600000,570.96,572.53,569.49,569.63,7664.141
1765375200000,569.63,570.17,565.73,567.28,10579.787
1765378800000,567.26,568.37,562.25,563.78,13219.651
1765382400000,563.78,570.6,562.91,566.14,19807.825
1765386000000,566.13,571.44,565.57,570.51,17521.113
1765389600000,570.5,575.44,568.49,573.34,18312.502
1765393200000,573.34,577.66,568.87,576.14,33212.804
1765396800000,576.15,582.97,574.42,575.48,29673.949
1765400400000,575.48,577.11,570.84,575.12,14178.864
1765404000000,575.11,578.64,572.91,576.07,10128.068
1765407600000,576.06,576.86,571.93,572.35,6992.016
1765411200000,572.35,572.61,558.91,560.64,32749.21
1765414800000,560.65,560.99,552.18,556.57,47092.05
1765418400000,556.57,558.87,552.58,554.88,13546.814
1765422000000,554.88,555.62,551.03,554.01,16771.842
1765425600000,554.01,561.84,553.01,561.48,16952.847
1765429200000,561.48,563.5,559.47,562.85,9547.656
1765432800000,562.86,563.13,559.46,561.92,7085.541
1765436400000,561.92,562.01,557.58,558.32,6716.701
1765440000000,558.31,561.8,557.56,560.83,14241.381
1765443600000,560.82,562.39,559.37,559.73,6206.231
1765447200000,559.74,561.28,557.91,561.03,8790.16
1765450800000,561.04,561.48,557.5,559.51,6604.457
1765454400000,559.51,562.76,558.49,562.32,19406.515
1765458000000,562.31,564.56,560.57,563.82,17702.365
1765461600000,563.82,564.58,558.62,559.04,21083.106
1765465200000,559.04,564.23,558.63,559.7,11450.193
1765468800000,559.69,560.19,557.05,558.38,11328.877
1765472400000,558.38,559.27,557.06,557.77,6162.865
1765476000000,557.77,562.94,557.61,560.45,11991.965
1765479600000,560.45,564.25,560.43,562.5,8526.253
1765483200000,562.5,567.3,562.4,566.08,9086.85
1765486800000,566.07,573.99,566.07,571.25,17341.348
1765490400000,571.26,574.65,570.59,574.29,11424.022
1765494000000,574.29,576.34,572.79,573.93,9581.627
1765497600000,573.93,579.24,567.56,568.11,27978.521
1765501200000,568.12,577.87,567.26,573.81,18193.322
1765504800000,573.81,583.92,571.15,580.75,25797.974
1765508400000,580.75,584.33,579.09,579.44,11650.393
1765512000000,579.44,580.23,576.9,579.89,6944.481
1765515600000,579.89,581.22,577.08,579.53,10068.932
1765519200000,579.54,580.96,578.12,580.92,6838.478
1765522800000,580.92,588.54,577.13,578.14,23155.493
1765526400000,578.14,578.99,572.92,578.08,14639.826
1765530000000,578.15,578.97,575.67,577.97,6323.632
1765533600000,577.97,583.88,577.63,582.66,9166.792
1765537200000,582.66,583.98,580.44,582.85,6854.731
1765540800000,582.81,583.85,581.04,581.84,7878.014
1765544400000,581.84,585.42,581.33,582.64,10449.031
1765548000000,582.65,584.13,580.02,583.61,10867.36
1765551600000,583.6,585.37,576.54,580.3,46984.111
1765555200000,580.3,580.76,571.36,577.65,33475.521
1765558800000,577.66,582.03,575.01,575.46,14798.406
1765562400000,575.46,581.94,575.15,580.3,8538.126
1765566000000,580.3,580.61,574.81,576.75,8294.203
1765569600000,576.75,578.57,575.17,577.94,5365.035
1765573200000,577.96,580.34,576.96,578.19,5211.777
1765576800000,578.2,580.33,578.02,579.44,3638.178
1765580400000,579.45,582.03,579.45,581.33,4970.854
1765584000000,581.34,582.7,578.46,582.45,7714.48
1765587600000,582.45,586.44,580.04,582.27,11017.743
1765591200000,582.28,584.07,581.24,583.75,5541.188
1765594800000,583.75,584.09,580.02,581.41,6297.191
1765598400000,581.41,581.8,576.33,578.25,7348.355
1765602000000,578.24,578.64,574.51,577.13,10514.496
1765605600000,577.12,577.57,573.59,574.21,7330.776
1765609200000,574.2,575.69,571.64,573.68,10057.85
1765612800000,573.67,578.32,573.59,575.78,12008.822
1765616400000,575.77,576.67,574.6,575.53,3371.412
1765620000000,575.52,579.0,575.02,577.76,5054.385
1765623600000,577.74,577.99,575.19,576.0,3851.409
1765627200000,576.0,578.26,574.48,575.79,6095.983
1765630800000,575.78,577.35,574.63,577.1,5770.697
1765634400000,577.09,577.33,573.81,574.87,5281.641
1765638000000,574.86,577.63,574.31,577.44,6502.431
1765641600000,577.45,579.37,575.09,576.16,8020.086
1765645200000,576.15,576.15,567.82,569.65,12259.67
1765648800000,569.65,572.84,569.15,571.77,5274.175
1765652400000,571.77,573.81,571.2,573.57,4300.659
1765656000000,573.57,577.53,573.05,576.6,5208.282
1765659600000,576.6,576.83,572.26,575.2,4493.107
1765663200000,575.19,577.15,572.75,575.97,3279.739
1765666800000,575.97,581.65,575.15,579.61,8205.724
1765670400000,579.61,581.94,578.0,581.22,7239.144
1765674000000,581.21,581.4,577.02,577.6,7084.926
1765677600000,577.61,582.33,577.57,580.76,9615.653
1765681200000,580.77,583.54,579.98,583.21,7381.058
1765684800000,583.22,584.79,577.15,577.93,15421.85
1765688400000,577.94,579.03,575.53,577.79,8269.543
1765692000000,577.8,577.96,573.82,574.82,6413.82
1765695600000,574.83,578.5,574.13,576.68,6508.993
1765699200000,576.69,578.48,575.18,575.36,4494.198
1765702800000,575.36,577.27,572.68,576.76,8280.524
1765706400000,576.77,581.42,574.2,578.75,12190.492
1765710000000,578.75,578.88,570.25,575.11,19927.954
1765713600000,575.11,576.33,573.88,574.19,6314.527
1765717200000,574.19,574.6,570.0,573.17,10192.42
1765720800000,573.14,574.77,569.31,570.29,10004.145
1765724400000,570.29,570.8,567.01,568.41,11416.736
1765728000000,568.4,572.37,567.75,569.91,8636.872
1765731600000,569.9,570.41,566.2,566.67,12888.507
1765735200000,566.66,568.19,563.37,564.79,7846.936
1765738800000,564.78,564.86,560.05,560.81,10012.898
1765742400000,560.8,562.97,558.5,561.18,10127.884
1765746000000,561.17,562.44,554.06,556.54,10289.858
1765749600000,556.54,559.21,555.72,559.06,8429.402
1765753200000,559.05,560.83,553.15,557.84,19375.901
1765756800000,557.85,562.06,557.5,561.49,14340.294
1765760400000,561.49,569.63,560.04,566.62,16584.067
1765764000000,566.62,573.85,566.51,568.25,19228.891
1765767600000,568.24,569.24,564.17,564.31,10462.999
1765771200000,564.31,568.63,564.31,568.33,5963.961
1765774800000,568.33,568.5,565.01,565.54,5230.5
1765778400000,565.53,568.73,564.33,566.62,5261.793
1765782000000,566.61,567.21,564.7,566.52,5290.67
1765785600000,566.53,568.56,565.85,567.39,4649.557
1765789200000,567.39,568.65,565.91,567.66,4706.691
1765792800000,567.67,569.94,566.44,566.5,4969.505
1765796400000,566.5,567.27,562.77,564.31,6785.504
1765800000000,564.31,566.25,562.57,565.86,4584.667
1765803600000,565.86,565.97,560.49,560.9,7247.46
1765807200000,560.92,564.61,551.4,555.37,25854.67
1765810800000,555.36,556.58,538.34,541.63,59839.36
1765814400000,541.62,543.1,527.0,532.17,48886.308
1765818000000,532.16,532.7,524.46,525.54,27362.15
1765821600000,525.54,525.56,518.35,524.8,25137.161
1765825200000,524.79,530.8,524.61,529.36,25292.287
1765828800000,529.35,530.32,525.26,527.32,21255.379
1765832400000,527.35,532.6,525.88,532.29,11103.163
1765836000000,532.29,532.61,528.43,530.01,6158.695
1765839600000,530.02,537.39,529.69,535.44,17759.887
1765843200000,535.43,539.55,533.4,534.05,10417.02
1765846800000,534.05,536.73,531.95,535.98,7852.101
1765850400000,535.97,536.71,531.8,535.28,13477.99
1765854000000,535.28,535.81,531.59,535.08,9354.121
1765857600000,535.07,535.64,526.8,532.16,14304.171
1765861200000,532.15,533.01,530.73,531.19,5309.32
1765864800000,531.18,534.6,530.98,534.56,6461.273
1765868400000,534.56,536.67,529.8,530.5,9923.658
1765872000000,530.5,532.25,527.88,528.61,7107.782
1765875600000,528.62,531.95,527.91,531.34,4662.853
1765879200000,531.33,539.39,530.56,536.56,10534.442
1765882800000,536.56,544.54,534.7,542.77,20542.922
1765886400000,542.77,546.82,540.78,545.05,12880.215
1765890000000,545.04,548.56,536.45,538.24,25846.088
1765893600000,538.31,547.35,536.47,545.75,20417.911
1765897200000,545.75,557.4,543.55,554.86,32887.027
1765900800000,554.85,554.93,544.14,545.4,16201.7
1765904400000,545.4,547.66,544.67,545.65,6947.755
1765908000000,545.65,552.44,545.35,550.72,7102.378
1765911600000,550.71,550.93,546.13,547.7,5112.077
1765915200000,547.69,548.89,545.82,545.97,4316.362
1765918800000,545.96,549.83,545.48,548.3,4068.438
1765922400000,548.3,549.11,545.23,545.58,4010.265
1765926000000,545.58,546.83,544.51,545.72,5428.408
1765929600000,545.72,546.48,544.39,545.62,5272.564
1765933200000,545.62,549.1,545.24,546.09,7903.156
1765936800000,546.08,549.59,545.0,548.44,5758.683
1765940400000,548.45,549.76,544.81,545.75,4482.316
1765944000000,545.75,546.53,543.11,545.26,7423.487
1765947600000,545.27,546.94,542.36,545.86,8361.04
1765951200000,545.85,546.86,543.41,545.35,5227.879
1765954800000,545.35,546.36,541.07,546.0,8754.697
1765958400000,546.0,549.69,544.25,547.59,12782.233
1765962000000,547.6,549.37,544.36,545.24,14898.637
1765965600000,545.24,546.67,543.92,545.26,5527.062
1765969200000,545.25,549.49,544.19,548.27,9612.355
1765972800000,548.27,550.99,547.6,550.42,6870.68
1765976400000,550.42,553.9,549.12,553.21,13426.374
1765980000000,553.21,557.89,543.08,556.93,33529.517
1765983600000,556.94,568.2,552.86,554.21,71828.383
1765987200000,554.2,560.76,548.02,557.21,54014.369
1765990800000,557.2,558.97,548.88,549.59,22544.1
1765994400000,549.59,552.85,545.0,546.8,15816.912
1765998000000,546.82,548.32,540.54,546.1,19635.523
1766001600000,546.1,549.2,543.7,544.03,8082.41
1766005200000,544.03,546.0,543.59,545.3,6672.959
1766008800000,545.31,547.6,543.0,546.87,7709.776
1766012400000,546.87,547.11,544.3,546.18,4387.125
1766016000000,546.17,551.45,544.86,550.73,7240.136
1766019600000,550.73,551.06,544.35,545.63,8683.319
1766023200000,545.63,554.34,544.38,552.57,13945.492
1766026800000,552.57,553.16,544.38,544.91,12926.258
1766030400000,544.91,547.22,544.59,545.9,8626.248
1766034000000,545.9,546.29,537.95,538.47,15969.465
1766037600000,538.46,538.81,528.0,529.22,33558.425
1766041200000,529.21,534.14,528.5,530.43,21092.04
1766044800000,530.42,536.81,530.24,535.15,13843.407
1766048400000,535.16,542.4,534.23,539.41,11982.886
1766052000000,539.4,541.22,538.08,538.94,7152.713
1766055600000,538.94,539.01,534.11,537.03,11597.022
1766059200000,537.04,539.71,536.33,538.27,10310.757
1766062800000,538.27,571.7,538.26,570.37,176074.079
1766066400000,570.38,576.64,562.0,566.35,88342.975
1766070000000,566.34,574.44,563.72,573.01,30470.662
1766073600000,573.01,578.64,570.0,574.13,36377.121
1766077200000,574.13,574.47,556.1,563.0,56417.287
1766080800000,563.0,569.79,558.46,559.91,23202.686
1766084400000,559.9,576.73,556.22,560.88,60989.059
1766088000000,560.87,569.44,559.96,566.89,23989.507
1766091600000,566.85,572.69,566.85,570.74,18934.32
1766095200000,570.74,573.48,566.53,568.54,15241.426
1766098800000,568.54,570.83,562.5,565.34,14604.722
1766102400000,565.34,571.57,562.11,569.6,17329.418
1766106000000,569.6,569.72,561.07,563.96,15972.266
1766109600000,563.95,564.32,556.63,562.43,21520.884
1766113200000,562.43,597.0,562.06,584.9,128138.819
1766116800000,584.9,590.27,583.4,589.6,28380.185
1766120400000,589.6,589.88,582.85,585.87,18853.218
1766124000000,585.87,587.61,584.74,586.99,11403.299
1766127600000,586.99,592.64,584.24,585.45,30782.661
1766131200000,585.48,589.81,585.09,588.1,14017.734
1766134800000,588.09,592.0,587.57,591.33,13041.71
1766138400000,591.33,595.76,589.03,594.04,25037.893
1766142000000,594.03,600.0,588.9,589.7,45513.588
1766145600000,589.63,591.11,585.11,585.79,26576.741
1766149200000,585.8,588.42,584.21,586.31,16667.704
1766152800000,586.3,593.19,583.48,589.55,23262.332
1766156400000,589.53,596.0,588.3,589.3,27167.413
1766160000000,589.3,602.63,589.02,598.04,44697.685
1766163600000,598.03,612.8,597.56,606.65,81970.401
1766167200000,606.67,616.53,606.67,613.9,48980.675
1766170800000,613.91,625.51,613.67,623.89,58566.57
1766174400000,623.9,628.77,619.1,622.09,37310.645
1766178000000,622.11,625.18,621.19,623.0,15288.771
1766181600000,623.0,631.22,621.19,627.35,27717.199
1766185200000,627.34,628.02,621.84,624.29,13396.284
1766188800000,624.3,625.49,616.09,619.02,25940.17
1766192400000,619.02,619.77,604.07,607.27,59568.158
1766196000000,607.27,612.24,604.27,610.33,24104.121
1766199600000,610.33,611.18,596.37,600.8,30243.02
1766203200000,600.79,605.21,600.73,601.93,21165.067
1766206800000,601.93,609.63,601.72,607.38,29098.698
1766210400000,607.38,608.5,603.52,605.81,17749.873
1766214000000,605.82,606.12,593.34,594.44,62837.86
1766217600000,594.43,599.48,591.02,596.6,30596.032
1766221200000,596.59,598.5,590.74,594.02,18530.066
1766224800000,594.02,596.58,590.52,593.92,19770.172
1766228400000,593.93,594.97,591.82,593.38,10250.05
1766232000000,593.39,594.84,591.38,592.01,11364.289
1766235600000,592.03,593.29,587.91,592.29,22181.563
1766239200000,592.29,598.66,589.31,596.01,23172.045
1766242800000,596.0,601.27,594.12,600.24,22260.241
1766246400000,600.24,600.98,595.2,596.22,9706.093
1766250000000,596.24,596.79,594.39,595.49,6306.488
1766253600000,595.49,595.97,591.69,594.14,11871.173
1766257200000,594.14,595.45,593.57,594.56,4428.44
1766260800000,594.55,595.5,593.83,594.66,3550.964
1766264400000,594.65,596.34,594.0,594.49,4859.618
1766268000000,594.5,596.05,593.07,594.15,4734.453
1766271600000,594.15,595.76,591.21,591.72,7584.744
1766275200000,591.71,595.5,590.45,593.53,8868.451
1766278800000,593.52,597.94,591.04,596.68,14207.091
1766282400000,596.67,599.7,594.31,595.36,14123.933
1766286000000,595.35,602.71,594.5,599.99,14353.438
1766289600000,599.99,600.01,596.21,597.79,7705.78
1766293200000,597.78,599.32,593.19,594.83,8747.566
1766296800000,594.83,596.0,591.84,593.4,12671.909
1766300400000,593.41,594.43,585.3,587.97,25650.085
1766304000000,587.98,590.64,586.0,587.08,20680.455
1766307600000,587.08,589.32,583.5,588.32,31471.012
1766311200000,588.32,588.98,585.43,587.14,10440.156
1766314800000,587.15,587.53,586.0,587.18,5375.394
1766318400000,587.18,588.0,584.15,585.21,8054.523
1766322000000,585.21,585.4,576.43,577.6,37303.748
1766325600000,577.61,584.05,577.0,579.26,16897.835
1766329200000,579.26,581.55,577.5,579.49,9727.007
1766332800000,579.49,582.18,577.68,579.67,10734.013
1766336400000,579.67,581.27,578.49,580.8,8871.938
1766340000000,580.8,581.23,578.57,579.81,6021.342
1766343600000,579.81,584.27,579.03,583.45,10156.022
1766347200000,583.46,589.86,583.44,586.57,16546.63
1766350800000,586.57,589.37,583.64,584.45,7670.425
1766354400000,584.45,589.47,584.05,587.93,5175.432
1766358000000,587.94,591.2,587.0,590.76,7456.263
1766361600000,590.76,598.31,590.34,593.13,20636.893
1766365200000,593.12,596.69,584.82,587.04,24913.472
1766368800000,587.04,587.68,571.72,581.18,53685.559
1766372400000,581.18,584.04,579.29,581.46,12105.453
1766376000000,581.46,582.69,577.51,580.78,11113.824
1766379600000,580.77,585.19,579.27,580.57,16489.947
1766383200000,580.59,580.78,574.73,577.63,20910.155
1766386800000,577.62,579.0,576.76,577.29,11119.747
1766390400000,577.29,579.86,576.93,577.86,21073.816
1766394000000,577.87,580.0,577.7,579.64,15674.969
1766397600000,579.65,584.62,577.75,584.2,19535.456
1766401200000,584.2,594.86,583.71,589.68,33610.466
1766404800000,589.69,594.87,588.58,589.51,18433.057
1766408400000,589.51,595.53,588.54,589.12,18116.467
1766412000000,589.12,594.96,586.93,591.42,20566.77
1766415600000,591.42,597.3,586.48,594.49,23250.043
1766419200000,594.49,596.63,591.79,595.07,19148.676
1766422800000,595.06,595.59,590.45,593.25,10426.793
1766426400000,593.24,593.43,589.19,589.3,6702.807
1766430000000,589.29,589.59,583.55,588.1,21541.223
1766433600000,588.09,591.38,586.4,588.71,12264.612
1766437200000,588.7,590.45,587.59,589.26,6446.143
1766440800000,589.26,591.71,587.53,589.57,5049.215
1766444400000,589.57,590.93,588.31,589.99,5829.737
1766448000000,590.0,590.5,588.4,589.57,8377.592
1766451600000,589.57,590.9,588.3,590.56,6835.966
1766455200000,590.56,593.42,587.74,589.12,11200.792
1766458800000,589.15,590.43,587.3,589.59,6816.856
1766462400000,589.58,589.8,578.64,580.56,21669.589
1766466000000,580.57,581.64,577.0,579.53,10430.83
1766469600000,579.54,583.96,577.47,581.6,16082.102
1766473200000,581.6,583.04,580.91,581.46,7610.351
1766476800000,581.46,585.94,580.14,585.78,10154.632
1766480400000,585.79,587.52,583.44,584.19,21486.842
1766484000000,584.19,584.19,580.14,580.78,8067.109
1766487600000,580.78,582.5,579.04,580.27,7385.474
1766491200000,580.27,580.28,576.34,578.04,13804.295
1766494800000,578.05,580.42,576.03,576.54,11672.915
1766498400000,576.54,578.06,570.26,574.15,24157.252
1766502000000,574.16,578.0,571.95,576.44,12469.187
1766505600000,576.45,581.45,575.84,575.84,14754.497
1766509200000,575.88,577.09,570.05,570.49,12769.01
1766512800000,570.49,577.01,570.49,576.28,11568.172
1766516400000,576.28,578.3,574.04,574.77,6835.605
1766520000000,574.78,578.35,573.53,576.17,5475.592
1766523600000,576.17,576.69,574.79,576.53,3879.618
1766527200000,576.52,576.74,573.91,575.42,3685.155
1766530800000,575.43,575.6,571.44,572.02,10797.323
1766534400000,572.03,575.34,570.67,574.9,9674.683
1766538000000,574.9,577.47,574.8,576.14,7509.955
1766541600000,576.14,576.77,567.31,571.59,16970.127
1766545200000,571.59,573.88,568.0,572.69,10485.206
1766548800000,572.69,574.05,570.31,571.04,10108.568
1766552400000,571.04,576.5,570.5,572.82,19065.11
1766556000000,572.81,575.53,571.0,571.78,7514.083
1766559600000,571.77,574.14,571.39,572.32,5013.869
1766563200000,572.32,573.44,568.83,569.66,9137.173
1766566800000,569.66,572.79,569.49,570.85,5254.622
1766570400000,570.84,575.82,570.6,575.04,6753.168
1766574000000,575.03,577.87,574.41,574.69,7557.194
1766577600000,574.69,581.39,573.76,579.06,9252.072
1766581200000,579.06,579.11,575.17,575.26,5926.294
1766584800000,575.26,576.78,565.33,566.95,25595.408
1766588400000,566.93,568.87,564.32,568.11,22594.729
1766592000000,568.11,572.5,566.57,567.28,12735.111
1766595600000,567.27,567.93,565.01,565.37,8061.968
1766599200000,565.35,567.44,564.49,567.27,6209.906
1766602800000,567.26,567.5,564.5,565.2,5679.569
1766606400000,565.19,566.33,563.0,563.37,7673.936
1766610000000,563.36,567.0,563.36,565.58,5565.004
1766613600000,565.59,568.0,563.71,567.99,7689.615
1766617200000,567.99,569.43,565.4,568.31,8008.225
1766620800000,568.32,570.17,566.99,568.01,7058.962
1766624400000,568.01,569.0,566.17,568.46,5559.509
1766628000000,568.45,574.06,566.86,572.66,12302.884
1766631600000,572.66,573.63,569.44,571.7,7755.068
1766635200000,571.7,572.38,569.28,571.87,3466.419
1766638800000,571.84,572.86,571.01,571.67,3234.964
1766642400000,571.67,574.29,570.15,573.78,4579.767
1766646000000,573.77,575.22,573.17,573.92,6602.19
1766649600000,573.92,600.74,573.91,587.2,112755.959
1766653200000,587.2,587.76,583.45,587.6,16843.443
1766656800000,587.6,587.8,581.01,583.68,15040.27
1766660400000,583.68,586.58,583.33,586.26,5553.712
1766664000000,586.25,590.54,585.41,589.86,12815.021
1766667600000,589.87,591.24,586.17,590.16,10373.075
1766671200000,590.16,593.78,589.62,591.33,14925.81
1766674800000,591.33,595.64,589.18,593.65,16682.014
1766678400000,593.66,595.57,591.48,592.41,11663.018
1766682000000,592.41,596.47,591.71,595.66,8606.409
1766685600000,595.66,599.65,595.18,599.0,16219.575
1766689200000,598.99,599.67,594.54,595.07,9787.18
1766692800000,595.07,596.36,592.32,594.74,13722.449
1766696400000,594.74,596.0,594.23,594.54,4824.897
1766700000000,594.54,594.58,586.06,591.43,24142.689
1766703600000,591.43,596.53,588.35,589.4,24003.888
1766707200000,589.4,591.15,586.33,590.79,16416.788
1766710800000,590.79,595.32,589.58,592.03,12779.877
1766714400000,592.04,600.0,590.5,597.04,38767.376
1766718000000,597.05,614.87,596.86,609.84,80981.543
1766721600000,609.91,610.1,606.56,609.13,13408.889
1766725200000,609.13,609.19,605.0,606.3,10407.307
1766728800000,606.3,608.39,605.43,605.69,8842.085
1766732400000,605.74,610.3,595.56,599.52,56005.829
1766736000000,599.51,602.0,597.96,601.1,23494.29
1766739600000,601.1,604.79,599.86,604.65,10592.166
1766743200000,604.64,605.85,603.04,605.84,7131.112
1766746800000,605.83,607.46,604.81,605.5,8084.042
1766750400000,605.49,606.97,604.54,605.69,6662.418
1766754000000,605.69,606.49,603.5,605.6,7577.892
1766757600000,605.6,607.38,598.51,599.27,23892.527
1766761200000,599.26,604.07,595.28,601.77,34060.212
1766764800000,601.77,602.92,595.62,595.85,18198.681
1766768400000,595.85,598.71,595.73,597.3,15327.384
1766772000000,597.31,599.37,596.25,597.62,7481.309
1766775600000,597.62,600.24,597.5,598.36,4669.883
1766779200000,598.36,601.28,597.12,600.2,5719.255
1766782800000,600.17,600.41,594.38,594.51,5847.871
1766786400000,594.5,596.47,590.08,591.15,13086.134
1766790000000,591.15,595.03,589.68,594.57,13484.156
1766793600000,594.56,597.06,592.87,597.05,8637.333
1766797200000,597.06,598.94,596.4,598.88,7989.46
1766800800000,598.8,600.97,597.23,600.58,7958.948
1766804400000,600.57,602.84,599.5,601.8,6557.653
1766808000000,601.82,602.99,600.49,602.28,7960.811
1766811600000,602.28,602.45,600.24,601.52,4158.964
1766815200000,601.52,601.92,597.52,599.16,11757.507
1766818800000,599.17,602.4,598.88,600.13,11211.716
1766822400000,600.12,602.7,598.64,602.56,5795.053
1766826000000,602.56,620.64,602.07,609.96,84780.102
1766829600000,609.84,613.99,608.05,612.23,16370.859
1766833200000,612.22,615.0,610.15,611.32,12840.732
1766836800000,611.32,612.5,609.35,611.88,9174.42
1766840400000,611.87,615.67,610.39,613.31,14335.477
1766844000000,613.31,619.48,612.97,617.19,20862.279
1766847600000,617.19,623.0,615.8,620.45,23391.656
1766851200000,620.45,622.39,617.81,618.3,11409.491
1766854800000,618.29,621.63,616.35,621.18,13064.029
1766858400000,621.17,621.4,614.29,614.82,11667.699
1766862000000,614.81,619.85,613.29,619.6,9936.55
1766865600000,619.59,619.7,617.25,618.17,4607.808
1766869200000,618.17,619.9,616.75,619.23,6447.39
1766872800000,619.23,622.52,617.31,619.58,8203.178
1766876400000,619.58,625.55,618.92,622.9,18782.06
1766880000000,622.95,623.8,619.41,621.03,9305.226
1766883600000,621.03,621.64,609.66,613.12,35877.737
1766887200000,613.11,617.99,613.01,617.61,12450.388
1766890800000,617.6,618.0,613.47,613.96,7092.331
1766894400000,613.97,616.92,613.84,616.23,5215.49
1766898000000,616.23,616.31,611.8,614.17,17515.188
1766901600000,614.16,628.5,613.01,621.97,46758.434
1766905200000,622.04,623.49,620.18,620.91,15603.476
1766908800000,620.9,623.15,619.08,620.59,12513.448
1766912400000,620.59,622.44,616.71,619.92,14248.925
1766916000000,619.91,622.01,619.42,620.31,6290.436
1766919600000,620.3,621.32,618.26,620.02,5837.974
1766923200000,620.01,620.99,618.69,620.76,3925.147
1766926800000,620.76,624.34,620.34,621.75,9243.242
1766930400000,621.74,638.0,621.6,629.99,48513.013
1766934000000,630.0,634.5,629.39,631.23,22891.455
1766937600000,631.22,631.95,627.83,630.98,12947.301
1766941200000,630.98,633.28,628.95,629.76,9252.442
1766944800000,629.79,629.94,615.0,623.6,71227.272
1766948400000,623.6,624.25,616.32,619.82,21529.68
1766952000000,619.82,621.61,616.53,617.11,9346.769
1766955600000,617.1,618.0,615.02,617.67,10266.267
1766959200000,617.66,622.4,615.91,621.04,11640.676
1766962800000,621.03,622.55,618.52,621.95,7095.214
1766966400000,621.95,624.39,618.84,622.75,10973.698
1766970000000,622.72,623.91,619.1,622.25,11731.883
1766973600000,622.25,626.91,610.88,620.66,118626.036
1766977200000,620.7,622.0,608.24,615.88,78404.714
1766980800000,615.87,618.88,614.59,617.92,17508.051
1766984400000,617.92,619.83,617.69,617.91,9110.794
1766988000000,617.91,619.0,615.64,616.78,8653.989
1766991600000,616.79,618.27,614.5,616.94,12088.076
1766995200000,616.93,618.42,615.28,618.13,10237.822
1766998800000,618.13,619.47,604.98,607.35,63426.617
1767002400000,607.36,608.09,603.22,606.14,29134.081
1767006000000,606.15,606.34,600.8,601.01,19704.727
1767009600000,601.01,604.49,598.28,604.4,29708.977
1767013200000,604.32,604.73,600.55,601.62,9669.758
1767016800000,601.62,606.52,600.55,601.7,14225.424
1767020400000,601.71,603.36,600.26,600.81,9050.402
1767024000000,600.8,605.35,599.17,604.03,13681.357
1767027600000,604.02,604.99,593.0,593.98,36483.415
1767031200000,593.97,597.13,592.46,593.23,14285.927
1767034800000,593.22,596.78,592.97,596.77,7065.158
1767038400000,596.77,597.58,595.08,596.5,4972.581
1767042000000,596.5,598.0,595.5,596.17,4147.321
1767045600000,596.16,597.42,594.81,596.56,5342.727
1767049200000,596.56,604.01,596.29,598.75,11298.263
1767052800000,598.75,599.07,595.57,598.32,8691.292
1767056400000,598.31,600.7,597.21,599.23,6517.182
1767060000000,599.23,599.64,596.64,598.27,5191.351
1767063600000,598.27,603.42,597.0,602.55,9148.853
1767067200000,602.54,607.79,601.62,605.06,15030.665
1767070800000,605.06,605.15,601.24,602.17,7520.424
1767074400000,602.17,603.93,597.08,597.3,12967.63
1767078000000,597.29,598.67,595.0,597.17,11042.39
1767081600000,597.18,600.5,594.9,596.64,12921.666
1767085200000,596.64,598.26,595.99,596.7,5726.885
1767088800000,596.69,601.4,595.68,599.88,11118.603
1767092400000,599.88,600.34,598.81,599.61,4878.026
1767096000000,599.61,603.27,598.52,601.79,8303.786
1767099600000,601.79,606.17,600.24,604.94,9148.068
1767103200000,604.94,605.08,600.0,603.23,11962.346
1767106800000,603.23,603.99,599.34,602.01,9597.24
1767110400000,602.02,604.79,596.64,597.78,16399.012
1767114000000,597.78,600.28,594.88,595.67,14898.892
1767117600000,595.66,596.48,592.63,595.31,10387.533
1767121200000,595.31,597.71,593.24,596.27,5648.204
1767124800000,596.26,596.26,593.31,593.62,5584.552
1767128400000,593.62,594.59,590.33,593.37,7848.494
1767132000000,593.38,596.37,593.25,595.4,6872.548
1767135600000,595.4,597.98,594.15,595.57,9156.094
1767139200000,595.57,596.84,594.02,595.54,5656.474
1767142800000,595.56,596.86,593.85,596.0,7635.058
1767146400000,596.0,598.06,594.81,597.08,5581.518
1767150000000,597.08,599.37,596.76,597.92,5790.625
1767153600000,597.92,598.5,595.5,595.74,4052.665
1767157200000,595.74,599.55,595.67,599.38,4191.286
1767160800000,599.37,601.2,598.64,600.4,4667.838
1767164400000,600.4,600.74,598.82,599.92,3955.713
1767168000000,599.92,600.9,597.21,598.32,5174.255
1767171600000,598.31,600.03,598.04,599.46,4257.403
1767175200000,599.46,599.94,597.06,598.96,4783.595
1767178800000,598.96,602.77,598.38,601.74,9392.121
1767182400000,601.73,601.91,597.75,598.03,6967.326
1767186000000,598.02,598.82,594.33,596.13,10857.414
1767189600000,596.13,599.22,595.21,597.99,9810.293
1767193200000,597.95,598.0,594.42,595.68,9255.872
1767196800000,595.68,597.14,592.27,595.2,19725.36
1767200400000,595.19,599.79,594.92,597.35,8071.094
1767204000000,597.35,600.37,596.25,596.82,10045.965
1767207600000,596.82,597.83,595.48,597.29,4674.795
1767211200000,597.28,599.55,595.02,598.83,6926.565
1767214800000,598.83,601.85,598.13,600.47,6190.295
1767218400000,600.46,603.16,597.38,598.03,7355.676
1767222000000,598.02,600.24,596.9,599.15,5235.338
1767225600000,599.15,606.44,598.92,603.13,14782.416
1767229200000,603.13,603.15,596.41,599.59,10436.139
1767232800000,599.58,601.39,599.26,600.49,4029.862
1767236400000,600.48,600.48,595.91,596.53,7429.089
1767240000000,596.52,596.92,594.16,594.6,7943.481
1767243600000,594.6,597.06,594.59,596.42,3457.11
1767247200000,596.41,597.49,595.56,595.75,2587.28
1767250800000,595.76,596.82,594.68,594.86,4228.901
1767254400000,594.85,596.92,594.16,596.85,5014.808
1767258000000,596.84,598.38,595.35,595.67,5094.563
1767261600000,595.66,596.01,594.32,595.31,4537.703
1767265200000,595.3,595.74,593.0,595.49,8160.932
1767268800000,595.49,595.49,591.0,591.7,8413.086
1767272400000,591.7,593.61,590.96,591.48,8505.441
1767276000000,591.48,592.97,586.66,589.18,26336.732
1767279600000,589.18,592.05,586.88,590.43,10770.328
1767283200000,590.43,591.67,583.71,588.12,18039.204
1767286800000,588.12,590.86,587.72,589.27,10432.087
1767290400000,589.27,589.62,587.52,588.34,5204.343
1767294000000,588.34,591.26,588.0,590.5,5496.823
1767297600000,590.5,592.56,590.02,591.34,6608.547
1767301200000,591.33,593.15,590.03,592.4,5038.127
1767304800000,592.4,594.42,591.52,592.43,7900.184
1767308400000,592.42,593.95,592.0,592.87,5768.489
1767312000000,592.87,593.48,588.91,591.78,9871.168
1767315600000,591.79,591.96,587.05,588.99,6507.332
1767319200000,589.0,589.0,586.69,588.32,6697.468
1767322800000,588.31,592.5,584.76,591.93,17691.196
1767326400000,591.94,592.88,589.11,590.22,8079.487
1767330000000,590.22,592.8,589.64,592.21,4643.718
1767333600000,592.21,595.12,592.1,592.4,7520.206
1767337200000,592.4,595.88,592.4,594.16,7868.358
1767340800000,594.17,595.65,593.0,594.07,8509.302
1767344400000,594.07,599.87,593.89,599.03,11362.394
1767348000000,599.03,601.67,595.57,596.26,12127.559
1767351600000,596.25,596.28,593.24,594.96,7841.234
1767355200000,594.86,596.8,592.77,593.33,9696.113
1767358800000,593.32,596.4,591.88,593.7,12726.708
1767362400000,593.69,600.0,587.16,595.55,27379.359
1767366000000,595.55,597.12,588.46,591.85,19959.879
1767369600000,591.84,599.79,590.01,596.93,21319.683
1767373200000,596.92,618.29,596.61,612.19,108231.053
1767376800000,612.2,615.4,609.04,613.94,25434.325
1767380400000,613.94,615.29,611.47,611.66,14219.996
1767384000000,611.67,611.96,605.22,605.8,20171.759
1767387600000,605.79,607.29,604.22,606.53,8113.061
1767391200000,606.52,609.39,604.0,605.67,9451.307
1767394800000,605.67,613.12,604.6,609.61,17650.765
1767398400000,609.61,631.2,608.21,627.95,66277.452
1767402000000,627.96,641.0,621.0,637.22,81049.729
1767405600000,637.21,640.22,626.87,627.37,48088.851
1767409200000,627.37,630.0,625.52,628.43,12225.96
1767412800000,628.43,629.26,625.72,626.81,10599.612
1767416400000,626.82,627.59,621.06,624.69,12385.686
1767420000000,624.64,640.27,623.29,631.66,37977.402
1767423600000,631.67,638.43,625.65,626.67,33647.873
1767427200000,626.66,633.8,626.26,630.84,15524.672
1767430800000,630.83,633.63,629.89,629.96,11433.813
1767434400000,629.95,635.0,628.29,633.48,16202.192
1767438000000,633.48,641.93,633.48,635.6,32791.82
1767441600000,635.6,638.88,632.67,636.04,21488.553
1767445200000,636.04,642.5,635.08,639.32,27675.285
1767448800000,639.31,640.56,634.73,639.34,22645.252
1767452400000,639.35,640.78,629.68,631.37,35211.581
1767456000000,631.38,638.98,630.32,637.84,19797.659
1767459600000,637.84,640.78,636.14,639.43,13095.576
1767463200000,639.43,641.6,637.85,638.2,8972.856
1767466800000,638.2,638.96,635.74,638.78,6526.929
1767470400000,638.78,664.0,637.57,658.06,106533.481
1767474000000,658.06,659.5,649.89,652.69,30879.849
1767477600000,652.68,657.41,648.07,650.75,26171.299
1767481200000,650.75,656.44,650.56,654.19,14060.961
1767484800000,654.2,662.17,643.91,648.59,71344.569
1767488400000,648.58,650.8,641.71,644.42,34003.049
1767492000000,644.41,646.0,642.41,643.8,11939.293
1767495600000,643.79,647.0,642.8,645.97,14697.559
1767499200000,645.96,649.14,645.79,648.63,10041.993
1767502800000,648.62,649.98,643.2,643.89,15902.076
1767506400000,643.89,646.35,640.0,641.68,23497.168
1767510000000,641.68,643.47,640.45,641.24,7890.159
1767513600000,641.24,649.26,640.0,648.48,25447.036
1767517200000,648.47,652.55,644.93,649.62,43574.53
1767520800000,649.63,653.13,648.01,650.03,9524.446
1767524400000,650.02,654.5,646.99,647.66,14526.584
1767528000000,647.66,649.52,634.56,639.01,75241.726
1767531600000,639.0,641.45,638.0,640.62,17246.055
1767535200000,640.62,645.79,635.01,638.65,81168.96
1767538800000,638.65,644.89,636.6,641.37,41399.78
1767542400000,641.37,643.31,639.01,642.19,7783.454
1767546000000,642.18,645.33,641.87,644.74,8916.678
1767549600000,644.74,644.87,638.0,640.13,12834.148
1767553200000,640.13,642.02,637.07,641.68,7365.623
1767556800000,641.68,642.96,637.85,639.29,8398.493
1767560400000,639.29,641.48,638.43,640.12,5971.022
1767564000000,640.11,642.44,639.5,640.44,4501.139
1767567600000,640.44,642.44,637.81,638.7,6659.329
1767571200000,638.71,651.31,638.44,649.74,36803.488
1767574800000,649.75,654.99,648.09,649.78,26963.745
1767578400000,649.77,652.0,645.59,650.42,24244.839
1767582000000,650.41,651.24,647.5,650.5,10821.139
1767585600000,650.49,656.52,650.13,653.18,28590.077
1767589200000,653.18,657.85,651.66,654.55,26802.317
1767592800000,654.55,667.0,654.29,662.87,60603.167
1767596400000,662.86,663.41,658.45,660.99,17542.396
1767600000000,660.99,666.0,659.21,659.49,26853.766
1767603600000,659.47,664.52,657.84,662.35,25785.498
1767607200000,662.35,669.0,659.37,659.69,45816.776
1767610800000,659.7,659.99,648.35,654.08,44094.051
1767614400000,654.09,654.63,648.0,650.41,20578.282
1767618000000,650.39,651.72,648.63,651.08,12751.212
1767621600000,651.09,653.74,641.67,648.08,46239.419
1767625200000,648.12,653.14,645.21,649.91,22838.645
1767628800000,649.91,651.53,644.51,646.12,20757.339
1767632400000,646.14,649.12,643.01,648.06,20875.479
1767636000000,648.04,649.89,645.07,649.6,13957.721
1767639600000,649.6,649.98,646.36,649.25,10785.31
1767643200000,649.25,653.9,647.7,648.87,18018.627
1767646800000,648.88,649.0,645.0,646.38,10339.381
1767650400000,646.37,650.1,645.45,647.12,7718.591
1767654000000,647.11,647.88,643.3,644.95,9111.264
1767657600000,644.95,657.39,638.08,653.0,52054.901
1767661200000,652.98,655.38,648.1,648.43,15081.53
1767664800000,648.44,650.51,644.21,644.43,9242.634
1767668400000,644.43,646.72,643.62,646.04,7879.547
1767672000000,646.03,650.58,645.58,645.58,9278.309
1767675600000,645.58,648.15,645.07,647.45,6088.065
1767679200000,647.44,648.35,643.85,644.35,8576.846
1767682800000,644.35,647.27,641.66,641.76,10552.677
1767686400000,641.76,642.99,638.69,639.19,23064.96
1767690000000,639.18,643.78,637.28,638.61,19977.943
1767693600000,638.62,640.77,638.0,638.84,7422.402
1767697200000,638.9,641.39,636.49,639.35,11414.65
1767700800000,639.35,641.86,638.6,640.02,9147.765
1767704400000,640.01,642.13,623.49,632.86,74403.522
1767708000000,632.86,640.7,632.18,634.25,43106.389
1767711600000,634.25,636.52,625.55,630.86,28546.184
1767715200000,630.85,634.49,627.12,632.82,26305.381
1767718800000,632.81,634.76,625.45,627.48,19177.702
1767722400000,627.47,631.99,626.19,629.98,14391.71
1767726000000,629.97,633.98,628.81,630.6,9032.765
1767729600000,630.6,636.07,630.49,635.36,8201.786
1767733200000,635.35,640.37,633.89,634.85,17587.623
1767736800000,634.84,637.26,633.26,635.84,7309.289
1767740400000,635.83,639.84,635.56,637.81,8716.601
1767744000000,637.81,637.82,631.46,631.85,13164.688
1767747600000,631.87,633.61,628.1,629.5,13024.271
1767751200000,629.5,636.51,629.0,635.91,8852.021
1767754800000,635.91,636.42,633.05,634.08,7503.769
1767758400000,634.08,634.99,631.53,632.11,4352.664
1767762000000,632.12,635.03,630.72,631.75,6682.297
1767765600000,631.75,633.08,629.71,630.75,7243.614
1767769200000,630.76,633.45,629.81,633.37,6671.662
1767772800000,633.38,636.38,632.57,634.94,9183.444
1767776400000,634.94,635.09,625.3,628.5,19760.624
1767780000000,628.51,631.89,627.63,629.82,11770.271
1767783600000,629.82,631.39,629.44,630.15,7751.02
1767787200000,630.14,630.91,628.96,629.42,7287.623
1767790800000,629.4,633.6,628.42,631.9,8274.307
1767794400000,631.9,634.95,625.81,633.66,19579.017
1767798000000,633.66,633.76,626.74,627.42,17545.015
1767801600000,627.41,632.88,626.51,630.73,10176.158
1767805200000,630.74,632.97,628.59,629.23,7061.819
1767808800000,629.23,629.34,623.33,625.51,16012.177
1767812400000,625.51,628.75,621.01,628.18,12423.686
1767816000000,628.18,630.42,627.0,628.29,8397.081
1767819600000,628.28,630.0,627.86,629.68,4820.692
1767823200000,629.67,631.99,628.32,629.82,5186.577
1767826800000,629.83,632.64,627.4,628.91,7705.375
1767830400000,628.92,631.99,627.54,631.0,6702.823
1767834000000,631.0,651.75,630.21,650.06,77069.494
1767837600000,650.06,653.3,640.03,640.84,49974.54
1767841200000,640.84,644.76,637.34,638.91,16470.938
1767844800000,638.9,641.7,635.54,641.42,14027.374
1767848400000,641.41,645.11,639.57,640.12,10689.431
1767852000000,640.2,641.17,630.16,630.5,22411.102
1767855600000,630.5,636.71,630.01,635.6,19180.253
1767859200000,635.61,641.85,633.17,634.26,13970.511
1767862800000,634.26,634.71,628.04,628.24,32585.417
1767866400000,628.24,629.64,623.88,628.76,35222.651
1767870000000,628.76,629.9,625.17,628.6,10952.635
1767873600000,628.6,628.6,623.0,624.3,12019.289
1767877200000,624.3,625.5,619.48,623.3,17589.22
1767880800000,623.31,630.93,621.63,629.92,26416.758
1767884400000,629.91,639.08,627.58,636.86,34740.124
1767888000000,636.85,642.87,634.1,642.28,19824.303
1767891600000,642.29,642.72,626.89,628.1,35923.633
1767895200000,628.11,634.69,626.86,632.18,13565.449
1767898800000,632.18,634.46,628.77,630.23,7736.245
1767902400000,630.24,630.24,625.08,627.5,10636.944
1767906000000,627.5,632.05,627.49,630.65,5960.363
1767909600000,630.65,634.91,630.16,633.62,5551.717
1767913200000,633.61,634.89,631.19,631.75,4292.234
1767916800000,631.74,632.8,628.96,632.0,6682.026
1767920400000,632.0,638.35,631.41,637.24,12835.884
1767924000000,637.23,641.94,636.59,636.91,15956.49
1767927600000,636.91,640.74,636.91,639.64,9254.305
1767931200000,639.64,642.0,637.0,637.54,10388.042
1767934800000,637.54,638.32,634.74,635.6,8129.843
1767938400000,635.61,639.29,633.9,638.48,8691.662
1767942000000,638.48,638.72,630.52,630.82,11179.884
1767945600000,630.82,632.32,625.1,630.12,26969.331
1767949200000,630.11,632.03,629.27,630.36,7410.045
1767952800000,630.36,633.0,629.51,632.79,5297.476
1767956400000,632.79,633.62,630.77,631.5,3944.614
1767960000000,631.5,633.87,629.0,630.44,5730.077
1767963600000,630.44,632.74,628.33,630.43,8318.798
1767967200000,630.42,632.21,628.0,629.6,8816.04
1767970800000,629.61,637.92,627.14,634.83,27492.151
1767974400000,634.82,638.81,633.83,636.78,12125.619
1767978000000,636.79,637.46,633.91,634.81,7834.128
1767981600000,634.85,635.91,630.48,634.89,9635.354
1767985200000,634.88,635.0,630.06,630.1,8062.455
1767988800000,630.09,631.4,628.89,629.66,5140.848
1767992400000,629.65,633.17,627.92,632.6,6275.578
1767996000000,632.58,635.16,632.25,634.75,3683.59
1767999600000,634.74,635.88,633.69,634.37,4155.27
1768003200000,634.37,634.4,631.17,632.07,6078.829
1768006800000,632.07,637.35,631.0,636.38,9142.412
1768010400000,636.38,639.76,634.84,636.62,10659.06
1768014000000,636.62,636.72,632.11,633.0,6014.793
1768017600000,633.0,635.57,631.23,635.13,7017.351
1768021200000,635.12,638.35,634.37,635.72,9368.866
1768024800000,635.72,638.77,635.02,635.88,9178.538
1768028400000,635.88,639.13,635.37,637.87,8918.554
1768032000000,637.87,638.85,635.62,636.86,5965.098
1768035600000,636.86,638.2,635.86,637.13,4815.26
1768039200000,637.13,640.11,636.41,639.41,10390.283
1768042800000,639.42,640.84,636.46,637.96,8320.501
1768046400000,637.96,639.29,636.41,638.42,6052.167
1768050000000,638.42,639.24,636.77,637.63,4506.82
1768053600000,637.63,640.21,637.13,638.67,7746.152
1768057200000,638.66,640.45,637.9,639.04,5698.115
1768060800000,639.04,641.0,638.84,640.38,4928.459
1768064400000,640.38,641.89,638.57,640.13,5601.423
1768068000000,640.13,642.83,638.9,641.07,7137.661
1768071600000,641.06,644.08,641.06,641.86,6511.192
1768075200000,641.86,643.81,640.94,643.29,5958.092
1768078800000,643.29,649.99,642.2,649.04,22615.486
1768082400000,649.04,649.59,642.37,642.88,13778.991
1768086000000,642.88,644.71,642.29,643.47,5891.97
1768089600000,643.47,646.0,642.5,644.66,8473.263
1768093200000,644.66,646.58,639.5,641.67,9885.398
1768096800000,641.67,648.45,641.01,646.0,12419.483
1768100400000,645.99,649.18,644.38,648.55,11339.382
1768104000000,648.56,649.26,644.92,646.92,14611.428
1768107600000,646.92,657.7,645.66,655.01,31370.057
1768111200000,655.01,665.11,645.48,647.85,126591.837
1768114800000,647.84,653.76,644.55,653.01,36086.011
1768118400000,653.01,655.0,651.74,654.85,24148.735
1768122000000,654.86,654.9,650.19,650.51,17120.328
1768125600000,650.51,658.39,650.42,657.85,12157.897
1768129200000,657.86,659.29,647.75,649.51,55523.968
1768132800000,649.53,654.62,647.47,652.24,23382.408
1768136400000,652.25,653.21,649.07,649.39,7612.26
1768140000000,649.39,655.72,649.39,654.13,24529.438
1768143600000,654.13,654.75,650.75,654.58,12441.737
1768147200000,654.57,658.0,653.37,655.68,20146.242
1768150800000,655.68,659.3,655.12,658.37,10121.659
1768154400000,658.36,658.5,654.62,657.0,14901.004
1768158000000,656.99,657.27,654.86,655.51,6016.163
1768161600000,655.5,656.66,651.85,656.32,9999.354
1768165200000,656.31,656.31,651.81,653.59,6839.435
1768168800000,653.58,653.73,639.62,644.91,46627.531
1768172400000,644.91,650.57,643.78,648.49,18306.866
1768176000000,648.5,655.97,647.13,655.8,22524.77
1768179600000,655.8,660.69,641.69,646.35,86410.373
1768183200000,646.34,649.61,644.97,648.84,21713.032
1768186800000,648.83,649.96,646.66,647.13,16553.125
1768190400000,647.14,650.91,645.74,647.22,18857.448
1768194000000,647.21,647.4,640.69,642.19,29592.303
1768197600000,642.19,643.24,631.5,632.43,48741.155
1768201200000,632.42,634.19,615.0,618.02,79392.712
1768204800000,618.01,631.26,617.14,624.45,78666.211
1768208400000,624.46,628.0,623.34,626.35,19602.235
1768212000000,626.36,626.87,622.22,624.57,13269.948
1768215600000,624.57,627.67,624.12,625.85,10926.127
1768219200000,625.84,627.3,625.0,625.88,9404.813
1768222800000,625.89,626.19,623.4,624.7,13831.089
1768226400000,624.7,624.7,615.39,619.03,40898.95
1768230000000,619.03,620.0,615.02,618.53,28108.582
1768233600000,618.53,621.95,617.53,619.76,22399.457
1768237200000,619.77,621.26,612.8,617.35,27029.457
1768240800000,617.36,620.2,616.76,619.29,14514.226
1768244400000,619.28,621.23,618.12,620.88,10270.345
1768248000000,620.88,622.43,618.1,618.53,8719.874
1768251600000,618.53,620.93,617.42,620.45,7135.476
1768255200000,620.46,621.05,617.71,619.43,5936.098
1768258800000,619.42,623.45,618.55,621.14,13406.627
1768262400000,621.15,622.88,620.25,622.53,13151.444
1768266000000,622.53,626.0,622.12,624.29,10951.599
1768269600000,624.29,625.65,622.53,624.81,6978.61
1768273200000,624.8,625.5,614.32,614.54,16758.519
1768276800000,614.54,616.0,608.31,615.78,38363.693
1768280400000,615.78,617.72,608.88,609.18,32947.778
1768284000000,609.17,610.61,605.21,608.8,29820.785
1768287600000,608.8,611.08,606.85,611.08,11395.115
1768291200000,611.07,613.05,609.0,611.16,17546.04
1768294800000,611.14,613.66,610.13,611.63,14917.098
1768298400000,611.64,613.92,608.54,609.37,13303.077
1768302000000,609.37,610.66,608.77,609.17,7150.346
1768305600000,609.17,611.06,608.71,611.05,8078.301
1768309200000,611.05,612.49,608.91,610.43,16700.814
1768312800000,610.42,615.02,609.33,609.49,18996.544
1768316400000,609.48,612.41,605.13,611.93,25287.938
1768320000000,611.93,618.32,611.4,612.44,38334.751
1768323600000,612.43,613.19,609.68,610.22,12246.183
1768327200000,610.21,613.47,609.88,612.19,8782.766
1768330800000,612.19,615.16,610.4,613.74,8569.78
1768334400000,613.74,614.97,611.3,612.44,12013.936
1768338000000,612.43,614.75,610.61,613.8,7313.844
1768341600000,613.8,623.86,613.13,622.4,33704.628
1768345200000,622.4,624.35,612.75,616.65,37253.252
1768348800000,616.65,618.0,610.25,612.33,28142.275
1768352400000,612.34,618.42,611.28,617.49,14103.511
1768356000000,617.48,618.39,612.39,613.77,11611.19
1768359600000,613.76,618.88,612.82,618.38,9507.2
1768363200000,618.38,618.97,614.52,615.71,11735.168
1768366800000,615.71,617.58,613.59,614.35,8249.402
1768370400000,614.35,614.71,611.84,614.19,10763.36
1768374000000,614.18,615.92,613.33,613.98,8252.092
1768377600000,613.97,615.36,595.0,601.02,87300.286
1768381200000,601.01,604.56,599.95,602.55,23020.883
1768384800000,602.55,604.97,602.01,602.41,12678.457
1768388400000,602.41,603.71,598.56,599.17,19583.055
1768392000000,599.16,602.95,598.44,599.69,13267.259
1768395600000,599.69,600.43,593.0,599.71,36924.551
1768399200000,599.7,608.8,599.16,605.33,41334.476
1768402800000,605.34,608.39,603.58,607.17,21242.177
1768406400000,607.16,612.02,601.0,603.43,55188.613
1768410000000,603.43,606.6,601.95,602.53,18059.852
1768413600000,602.53,604.77,601.01,602.8,14111.541
1768417200000,602.8,607.42,602.54,603.84,13267.914
1768420800000,603.85,605.64,601.51,602.53,7378.757
1768424400000,602.53,603.0,601.0,602.09,6478.537
1768428000000,602.09,602.09,595.82,596.63,30681.364
1768431600000,596.64,599.83,595.22,596.96,12701.045
1768435200000,596.96,598.11,589.6,591.4,26246.832
1768438800000,591.4,600.3,585.48,599.62,56215.178
1768442400000,599.62,600.7,597.33,598.43,21485.337
1768446000000,598.44,600.21,597.04,598.85,18063.298
1768449600000,598.84,624.89,598.04,618.36,126671.785
1768453200000,618.36,619.74,612.78,614.14,25624.853
1768456800000,614.11,614.58,608.13,609.76,27340.539
1768460400000,609.76,614.28,609.24,611.14,18017.881
1768464000000,611.15,614.99,610.33,613.89,15647.488
1768467600000,613.89,630.56,612.31,624.35,71956.264
1768471200000,624.39,628.92,621.35,625.64,37145.088
1768474800000,625.63,629.0,621.03,621.6,30357.661
1768478400000,621.62,623.66,616.82,617.04,18211.666
1768482000000,617.04,617.99,610.1,611.91,30108.942
1768485600000,611.91,612.93,602.19,604.32,36927.996
1768489200000,604.33,606.0,596.13,600.9,42938.995
1768492800000,600.91,602.25,591.02,591.74,41320.736
1768496400000,591.73,595.28,580.6,587.8,75157.912
1768500000000,587.8,589.2,576.79,578.91,38292.121
1768503600000,578.91,582.66,574.12,581.63,61674.6
1768507200000,581.63,583.69,579.1,580.93,15375.025
1768510800000,580.93,585.49,580.48,584.4,12734.045
1768514400000,584.4,586.65,583.21,585.56,8083.013
1768518000000,585.54,593.33,584.41,590.37,18627.81
1768521600000,590.38,593.69,589.3,591.55,21659.304
1768525200000,591.56,591.74,589.08,590.5,10347.173
1768528800000,590.51,598.39,589.18,597.98,25142.924
1768532400000,597.98,598.45,592.45,593.18,18404.991
1768536000000,593.19,594.81,590.94,592.33,10903.731
1768539600000,592.33,601.96,591.07,598.88,33995.836
1768543200000,598.88,601.77,598.54,599.37,13521.361
1768546800000,599.37,600.93,597.68,600.46,15782.253
1768550400000,600.46,600.54,596.21,599.16,12606.887
1768554000000,599.16,600.05,598.77,599.55,6870.692
1768557600000,599.56,601.0,597.47,600.52,27477.421
1768561200000,600.53,600.53,598.55,599.45,8721.751
1768564800000,599.46,599.93,598.83,599.54,6221.386
1768568400000,599.54,600.93,598.6,599.13,6752.335
1768572000000,599.13,599.83,598.57,598.96,8085.858
1768575600000,598.96,601.0,594.36,599.07,31453.877
1768579200000,599.07,606.51,598.77,602.41,45367.489
1768582800000,602.4,605.03,599.6,602.53,16924.801
1768586400000,602.52,604.2,601.19,601.46,10768.179
1768590000000,601.47,602.23,596.42,600.36,16301.141
1768593600000,600.36,601.92,598.75,599.19,9065.369
1768597200000,599.18,600.09,598.31,599.0,8467.203
1768600800000,599.0,602.02,598.7,601.83,5121.299
1768604400000,601.82,601.84,598.74,598.99,8220.261
1768608000000,599.0,602.2,598.15,599.43,10264.345
1768611600000,599.43,599.43,598.48,599.1,4269.365
1768615200000,599.09,599.51,598.84,599.08,3298.122
1768618800000,599.08,599.91,595.43,595.95,6649.792
1768622400000,595.94,596.08,588.32,592.85,29317.005
1768626000000,592.86,594.97,591.24,594.53,6644.08
1768629600000,594.53,594.67,592.05,593.07,5753.941
1768633200000,593.07,594.01,591.68,592.25,5392.783
1768636800000,592.25,594.25,591.37,594.22,7648.544
1768640400000,594.22,596.7,593.37,596.12,9615.308
1768644000000,596.11,596.7,594.26,594.59,5554.821
1768647600000,594.58,595.52,593.7,595.29,3627.045
1768651200000,595.29,600.14,594.52,596.96,13569.616
1768654800000,596.95,598.25,596.4,597.57,4177.321
1768658400000,597.56,599.18,596.15,597.28,9276.197
1768662000000,597.26,598.18,596.44,597.59,7202.228
1768665600000,597.6,597.67,592.66,592.87,10495.427
1768669200000,592.86,594.0,591.76,592.67,5492.013
1768672800000,592.66,594.39,592.05,593.81,3736.717
1768676400000,593.8,593.91,592.51,593.37,3681.45
1768680000000,593.36,594.09,593.22,593.32,1966.213
1768683600000,593.31,594.39,593.1,594.04,2848.421
1768687200000,594.03,594.04,590.79,592.73,4427.828
1768690800000,592.72,594.0,592.01,593.78,3754.098
1768694400000,593.79,594.32,591.74,593.24,7775.926
1768698000000,593.24,593.53,590.1,591.18,8043.208
1768701600000,591.18,592.41,590.71,591.75,5623.983
1768705200000,591.76,595.59,591.76,594.68,6785.905
1768708800000,594.68,594.82,593.11,593.18,3254.874
1768712400000,593.19,595.1,593.07,595.0,3235.163
1768716000000,595.01,595.87,593.15,594.78,3344.535
1768719600000,594.79,596.0,594.32,595.0,4673.178
1768723200000,595.01,596.64,593.29,593.62,4512.399
1768726800000,593.62,594.76,593.03,594.54,3949.794
1768730400000,594.51,594.67,591.3,592.78,5753.035
1768734000000,592.78,592.78,591.21,591.39,2671.383
1768737600000,591.4,591.95,590.25,590.86,4377.119
1768741200000,590.85,592.56,590.05,592.26,6166.295
1768744800000,592.26,592.91,588.31,588.63,8318.366
1768748400000,588.63,593.4,587.12,592.41,11827.553
1768752000000,592.4,593.99,589.7,589.96,6608.529
1768755600000,589.96,591.22,589.02,591.15,3621.042
1768759200000,591.14,594.36,590.54,593.06,5286.813
1768762800000,593.06,594.21,591.7,592.51,4291.325
1768766400000,592.51,593.76,591.83,592.92,3645.29
1768770000000,592.92,594.21,592.41,592.93,2576.478
1768773600000,592.93,602.28,592.91,598.86,22963.178
1768777200000,598.86,601.44,590.71,591.12,39447.443
1768780800000,591.11,594.57,558.0,585.85,136375.801
1768784400000,585.84,587.38,581.67,583.94,17164.777
1768788000000,583.93,591.31,583.76,589.61,12715.784
1768791600000,589.61,591.46,588.4,589.49,9263.72
1768795200000,589.49,590.65,587.27,588.91,10977.878
1768798800000,588.92,590.64,588.42,589.12,9019.82
1768802400000,589.12,590.94,588.47,590.76,6303.763
1768806000000,590.76,591.0,588.44,590.6,8447.52
1768809600000,590.6,592.0,588.83,589.17,12041.603
1768813200000,589.16,589.52,588.28,589.06,5994.126
1768816800000,589.05,590.42,588.63,589.87,6196.68
1768820400000,589.87,590.73,588.99,589.41,4115.471
1768824000000,589.41,589.82,588.64,589.82,3356.083
1768827600000,589.81,590.54,589.08,589.56,4384.054
1768831200000,589.56,591.41,588.53,591.27,6286.202
1768834800000,591.27,594.36,590.16,590.43,13439.852
1768838400000,590.43,591.82,590.26,590.82,5605.253
1768842000000,590.82,590.82,588.73,589.36,5288.562
1768845600000,589.35,590.5,588.79,589.97,4455.412
1768849200000,589.97,590.86,588.86,589.12,3485.993
1768852800000,589.11,590.41,588.82,589.32,2708.166
1768856400000,589.32,589.75,588.8,589.2,2757.91
1768860000000,589.2,589.38,580.22,581.6,15483.625
1768863600000,581.59,586.23,580.18,583.59,11189.603
1768867200000,583.59,585.35,582.2,585.32,7577.087
1768870800000,585.31,586.8,584.7,585.66,4157.134
1768874400000,585.66,585.66,576.97,580.66,21734.445
1768878000000,580.67,582.83,579.99,581.5,5264.603
1768881600000,581.51,582.34,578.71,579.24,4624.412
1768885200000,579.25,581.52,578.0,579.11,10914.139
1768888800000,579.11,581.12,573.0,578.87,28069.383
1768892400000,578.87,580.22,577.23,578.85,8578.875
1768896000000,578.86,579.28,577.13,578.59,11227.223
1768899600000,578.59,578.83,572.08,572.74,11766.55
1768903200000,572.74,575.61,572.46,574.88,7390.387
1768906800000,574.88,578.69,574.59,577.59,6002.788
1768910400000,577.59,578.46,572.66,572.78,9234.014
1768914000000,572.78,573.12,568.23,569.39,17008.421
1768917600000,569.38,573.71,568.21,570.02,17828.109
1768921200000,570.02,573.44,568.29,570.92,19756.088
1768924800000,570.91,572.19,567.86,569.23,12965.369
1768928400000,569.22,571.07,567.91,569.12,11853.337
1768932000000,569.1,570.62,568.33,569.13,8556.573
1768935600000,569.15,570.67,567.51,570.59,10272.716
1768939200000,570.6,571.36,569.33,570.39,4183.356
1768942800000,570.4,570.75,567.9,569.19,6226.678
1768946400000,569.18,580.7,563.34,572.41,32391.59
1768950000000,572.42,576.57,570.36,572.63,16145.038
1768953600000,572.62,588.87,571.96,581.16,32163.37
1768957200000,581.16,582.96,579.36,579.71,8064.6
1768960800000,579.71,589.78,579.71,589.23,26037.417
1768964400000,589.23,591.77,585.52,589.32,20047.122
1768968000000,589.32,591.08,587.46,589.76,9120.919
1768971600000,589.77,597.66,589.77,595.5,20825.706
1768975200000,595.49,596.31,585.69,589.26,44704.757
1768978800000,589.25,594.36,587.32,592.08,16717.653
1768982400000,592.07,594.04,590.87,591.7,7353.979
1768986000000,591.7,595.56,591.4,594.53,7083.511
1768989600000,594.53,597.3,593.36,594.11,9631.567
1768993200000,594.1,596.39,591.77,592.6,9609.567
1768996800000,592.6,592.69,579.07,585.58,58504.145
1769000400000,585.57,588.2,582.99,584.97,9922.753
1769004000000,584.96,592.6,584.46,590.1,20218.811
1769007600000,590.09,593.38,588.9,591.12,11370.698
1769011200000,591.11,591.14,570.71,572.72,27558.322
1769014800000,572.73,577.75,569.57,577.39,28203.878
1769018400000,577.38,580.67,576.23,578.4,10100.227
1769022000000,578.41,589.21,576.67,588.61,24657.26
1769025600000,588.6,590.81,586.38,590.08,13806.11
1769029200000,590.1,592.6,589.32,591.58,5328.366
1769032800000,591.57,591.74,586.01,586.78,6233.748
1769036400000,586.78,589.52,583.56,584.38,9079.086
1769040000000,584.38,591.78,584.1,587.99,14725.163
1769043600000,587.99,594.32,587.46,592.65,10105.702
1769047200000,592.65,600.58,591.73,594.55,28699.49
1769050800000,594.55,594.93,591.6,592.95,4276.52
1769054400000,592.94,595.49,591.28,591.29,8458.699
1769058000000,591.29,592.08,589.69,591.22,5541.632
1769061600000,591.19,595.9,591.11,594.95,8409.599
1769065200000,594.95,600.13,593.75,596.47,20878.105
1769068800000,596.46,597.66,594.34,596.6,5991.523
1769072400000,596.59,599.69,595.96,598.44,6553.398
1769076000000,598.44,599.51,597.51,598.51,5238.167
1769079600000,598.5,598.62,594.6,594.78,7508.381
1769083200000,594.78,596.47,594.44,596.22,5145.59
1769086800000,596.22,598.79,592.76,594.27,9139.354
1769090400000,594.26,595.38,591.33,591.9,10435.782
1769094000000,591.89,595.49,589.3,594.12,11522.623
1769097600000,594.12,596.86,592.29,595.35,9395.718
1769101200000,595.35,601.93,594.89,600.77,12587.808
1769104800000,600.77,601.71,596.79,598.15,13343.434
1769108400000,598.15,603.5,597.14,602.43,11634.709
1769112000000,602.42,603.07,597.96,598.1,6102.786
1769115600000,598.12,599.58,596.2,596.91,3766.33
1769119200000,596.91,597.25,594.51,596.29,4800.07
1769122800000,596.29,599.32,595.09,598.64,4413.708
1769126400000,598.69,600.89,596.82,600.18,8116.38
1769130000000,600.19,600.99,598.17,598.99,5466.841
1769133600000,599.0,599.34,595.18,595.78,5118.388
1769137200000,595.78,598.95,595.77,598.26,5172.52
1769140800000,598.26,598.81,596.48,596.54,4574.794
1769144400000,596.53,596.79,594.33,595.42,5695.075
1769148000000,595.42,596.73,594.0,595.69,5157.342
1769151600000,595.69,596.04,594.16,594.17,4575.462
1769155200000,594.16,594.96,591.33,592.3,8573.655
1769158800000,592.29,594.86,592.23,593.93,4936.317
1769162400000,593.92,594.11,591.83,592.23,4163.682
1769166000000,592.22,596.0,592.0,594.85,3895.739
1769169600000,594.85,598.79,594.33,597.75,8691.183
1769173200000,597.74,598.64,595.17,596.79,3583.994
1769176800000,596.79,598.71,593.01,594.25,8811.424
1769180400000,594.27,594.59,590.02,594.07,13192.997
1769184000000,594.06,596.09,591.28,593.7,10978.608
1769187600000,593.7,599.66,592.44,595.86,12363.737
1769191200000,595.87,598.17,595.06,596.04,7417.056
1769194800000,596.04,596.16,592.14,593.06,8040.914
1769198400000,593.06,593.07,586.01,587.11,10668.813
1769202000000,587.1,591.72,586.78,590.1,5441.357
1769205600000,590.09,595.2,590.06,593.59,5055.575
1769209200000,593.58,595.66,593.0,595.22,2810.829
1769212800000,595.23,596.6,594.14,594.67,4317.302
1769216400000,594.66,595.2,591.81,593.39,3078.226
1769220000000,593.38,594.0,592.6,593.49,2938.978
1769223600000,593.48,594.63,592.51,593.28,3164.78
1769227200000,593.27,597.26,593.2,596.27,4675.094
1769230800000,596.27,596.73,592.59,593.38,3590.687
1769234400000,593.37,593.53,591.59,592.73,3091.989
1769238000000,592.72,594.11,590.29,593.07,4945.494
1769241600000,593.08,595.96,592.48,595.56,4530.309
1769245200000,595.56,595.84,594.41,595.07,1839.875
1769248800000,595.06,596.95,594.97,596.67,3357.736
1769252400000,596.67,598.66,596.62,597.3,4458.858
1769256000000,597.29,598.47,596.03,597.16,4397.695
1769259600000,597.15,598.26,595.56,596.68,3506.567
1769263200000,596.68,597.3,595.43,596.63,3601.29
1769266800000,596.62,598.17,594.67,595.79,3624.642
1769270400000,595.79,596.07,592.1,594.21,5631.593
1769274000000,594.2,594.63,593.42,594.48,1852.455
1769277600000,594.47,596.18,594.07,595.88,1963.175
1769281200000,595.87,596.4,594.0,594.3,2087.006
1769284800000,594.29,594.98,593.11,593.88,1586.585
1769288400000,593.87,594.6,593.0,594.28,1984.392
1769292000000,594.28,594.93,593.69,594.74,2169.827
1769295600000,594.74,594.96,593.04,593.21,2220.959
1769299200000,593.2,595.55,593.1,594.72,4021.826
1769302800000,594.72,595.23,592.48,592.74,3195.383
1769306400000,592.73,593.47,591.59,592.37,3538.696
1769310000000,592.37,593.36,590.74,591.63,3720.96
1769313600000,591.62,592.77,590.36,591.74,4307.376
1769317200000,591.74,592.61,591.1,592.61,2362.191
1769320800000,592.6,594.23,591.22,593.42,3302.241
1769324400000,593.42,593.42,590.59,590.99,3454.783
1769328000000,590.98,592.6,587.98,589.25,6260.741
1769331600000,589.25,591.95,588.78,590.35,3904.891
1769335200000,590.34,590.93,588.02,588.69,5831.824
1769338800000,588.68,588.68,586.03,586.51,5163.897
1769342400000,586.52,587.49,585.34,586.62,5527.948
1769346000000,586.62,587.31,585.65,586.58,3391.215
1769349600000,586.58,587.11,581.79,582.85,9803.108
1769353200000,582.84,582.93,578.61,582.14,13362.433
1769356800000,582.14,582.14,576.0,577.4,14118.985
1769360400000,577.4,579.45,576.46,578.13,3989.238
1769364000000,578.12,578.38,572.73,574.59,16107.207
1769367600000,574.59,575.08,566.34,568.74,22784.854
1769371200000,568.74,570.48,562.0,567.27,25166.886
1769374800000,567.27,570.89,566.4,569.93,9490.366
1769378400000,569.98,570.33,566.55,567.85,5344.349
1769382000000,567.86,572.52,565.55,571.79,7654.692
1769385600000,571.79,578.02,570.85,574.77,12905.397
1769389200000,574.77,582.8,574.73,580.75,14764.598
1769392800000,580.74,580.87,577.48,578.35,6236.065
1769396400000,578.35,580.13,573.29,574.85,4883.546
1769400000000,574.84,580.22,574.54,578.23,5835.104
1769403600000,578.23,579.36,576.72,578.78,4296.033
1769407200000,578.77,579.68,576.93,578.94,3228.866
1769410800000,578.93,580.58,577.87,580.12,3193.363
1769414400000,580.11,583.07,579.0,579.37,6663.853
1769418000000,579.37,579.48,574.9,575.19,6162.801
1769421600000,575.18,577.49,575.18,575.54,3718.38
1769425200000,575.53,577.51,575.53,576.72,3073.63
1769428800000,576.72,578.54,575.33,576.21,5800.526
1769432400000,576.2,578.19,575.01,577.53,3783.849
1769436000000,577.53,581.39,575.58,579.49,8567.498
1769439600000,579.48,582.79,576.0,577.27,10250.217
1769443200000,577.27,578.98,574.05,577.34,7699.531
1769446800000,577.34,578.49,573.05,576.63,10975.439
1769450400000,576.63,581.66,576.23,580.71,8044.144
1769454000000,580.7,581.18,576.79,577.13,3975.136
1769457600000,577.12,578.5,574.87,575.28,5813.039
1769461200000,575.28,579.85,574.89,578.71,3709.541
1769464800000,578.71,579.32,577.23,578.31,2449.81
1769468400000,578.31,580.75,577.92,578.17,3911.089
1769472000000,578.17,579.74,577.13,579.49,3255.385
1769475600000,579.48,581.35,577.33,580.36,5526.519
1769479200000,580.36,599.93,579.67,594.84,73423.594
1769482800000,594.83,596.23,592.04,592.73,18413.998
1769486400000,592.72,592.93,588.35,588.87,9961.139
1769490000000,588.87,590.35,587.08,589.95,6751.201
1769493600000,589.94,590.94,588.88,589.83,5531.047
1769497200000,589.83,592.56,588.4,588.98,6389.739
1769500800000,588.98,590.23,587.88,588.37,5116.509
1769504400000,588.37,591.58,587.1,591.37,11899.108
1769508000000,591.37,594.15,590.4,591.1,11731.259
1769511600000,591.11,591.28,588.8,590.2,5381.56
1769515200000,590.2,590.28,587.66,588.97,5549.765
1769518800000,588.96,590.9,586.7,587.26,7990.224
1769522400000,587.28,591.91,587.28,588.64,8069.0
1769526000000,588.64,590.94,585.8,589.22,16140.007
1769529600000,589.22,594.46,588.95,594.14,11412.822
1769533200000,594.15,594.25,587.97,589.54,10627.213
1769536800000,589.54,595.38,588.74,594.31,5347.844
1769540400000,594.32,596.34,593.44,595.44,6588.04
1769544000000,595.44,599.94,595.24,599.6,18537.081
1769547600000,599.58,600.0,597.78,598.47,9168.06
1769551200000,598.5,603.0,597.6,602.8,13294.208
1769554800000,602.81,603.35,599.58,599.74,7767.249
1769558400000,599.74,601.8,598.08,599.45,8658.883
1769562000000,599.46,600.59,597.77,599.06,7263.621
1769565600000,599.06,599.1,595.16,597.54,7578.0
1769569200000,597.55,599.22,595.28,598.96,6185.554
1769572800000,598.95,599.56,596.9,597.01,4573.893
1769576400000,597.01,598.47,589.92,594.12,28536.018
1769580000000,594.12,595.97,593.86,595.12,5530.468
1769583600000,595.13,595.44,592.01,592.64,5272.601
1769587200000,592.65,593.7,591.29,591.87,5478.036
1769590800000,591.86,595.31,591.86,595.23,5282.277
1769594400000,595.23,596.93,594.49,594.85,5745.828
1769598000000,594.85,597.7,594.06,597.48,6012.87
1769601600000,597.48,597.68,593.19,595.6,10344.273
1769605200000,595.6,599.14,595.6,597.4,7817.145
1769608800000,597.4,597.76,591.82,592.88,18837.193
1769612400000,592.89,593.86,590.1,591.61,8497.846
1769616000000,591.61,592.13,589.0,591.01,8275.377
1769619600000,591.0,595.65,589.83,593.2,6514.767
1769623200000,593.19,593.64,590.61,592.01,5173.751
1769626800000,591.99,593.4,589.64,592.28,7970.981
1769630400000,592.27,594.34,590.14,590.26,5219.311
1769634000000,590.28,592.49,589.03,590.9,4703.673
1769637600000,590.9,591.71,589.59,591.71,2730.479
1769641200000,591.7,592.08,590.15,590.87,4383.829
1769644800000,590.87,591.13,589.25,590.15,4300.273
1769648400000,590.15,590.7,587.47,587.94,6375.59
1769652000000,587.93,588.73,581.64,584.26,20136.432
1769655600000,584.26,585.82,579.99,581.4,12389.595
1769659200000,581.4,582.48,579.03,581.49,8403.461
1769662800000,581.49,582.7,578.35,579.14,8023.852
1769666400000,579.14,580.2,578.4,578.85,5045.863
1769670000000,578.84,582.95,578.51,582.25,6284.976
1769673600000,582.25,583.39,579.89,579.99,7006.292
1769677200000,579.99,580.08,578.5,578.52,4347.958
1769680800000,578.52,580.5,577.71,579.83,7332.02
1769684400000,579.84,579.97,576.29,576.7,5813.325
1769688000000,576.7,577.45,573.86,574.5,7963.691
1769691600000,574.49,575.87,574.0,575.66,5809.204
1769695200000,575.67,576.78,566.24,566.68,19246.002
1769698800000,566.71,566.79,548.0,552.29,82978.368
1769702400000,552.27,559.1,549.78,558.82,30903.008
1769706000000,558.82,562.9,555.1,555.72,21206.957
1769709600000,555.73,558.4,549.92,550.74,19509.451
1769713200000,550.73,555.28,549.74,553.69,12180.405
1769716800000,553.69,557.05,553.16,556.21,7116.134
1769720400000,556.18,558.46,556.06,557.51,6659.526
1769724000000,557.52,558.54,555.56,555.59,3730.466
1769727600000,555.6,555.65,553.09,553.69,5230.909
1769731200000,553.7,554.95,551.29,551.74,8503.707
1769734800000,551.73,553.27,534.75,542.17,54494.514
1769738400000,542.17,542.35,533.24,539.83,30616.975
1769742000000,539.82,545.32,539.57,544.67,11778.566
1769745600000,544.66,549.93,544.65,545.45,10912.722
1769749200000,545.48,549.07,544.25,546.69,6682.179
1769752800000,546.69,546.74,538.7,542.3,13055.496
1769756400000,542.29,550.41,541.95,548.63,19250.863
1769760000000,548.64,549.94,545.29,546.8,10802.373
1769763600000,546.8,548.44,543.19,545.41,10414.895
1769767200000,545.4,547.22,542.92,546.88,20492.456
1769770800000,546.88,552.94,546.45,552.33,9995.651
1769774400000,552.31,552.99,548.22,550.58,11787.899
1769778000000,550.58,553.23,547.28,550.86,13216.534
1769781600000,550.87,556.79,550.85,553.21,17565.907
1769785200000,553.21,555.35,547.78,551.11,14626.314
1769788800000,551.1,554.82,548.22,552.06,10456.383
1769792400000,552.06,555.08,550.24,550.95,7971.771
1769796000000,550.96,558.58,543.92,557.64,21193.193
1769799600000,557.63,559.52,555.08,556.04,12768.647
1769803200000,556.05,556.23,550.6,551.69,11112.71
1769806800000,551.69,554.74,550.5,553.53,6634.399
1769810400000,553.53,554.24,551.51,554.14,2907.802
1769814000000,554.13,554.18,551.19,552.92,2853.176
1769817600000,552.92,553.75,551.4,551.55,5390.135
1769821200000,551.55,553.38,550.38,551.32,3707.489
1769824800000,551.31,551.94,548.36,550.68,5552.111
1769828400000,550.67,551.57,547.6,548.28,4324.617
1769832000000,548.27,549.44,547.68,548.29,3370.94
1769835600000,548.29,548.42,545.3,545.55,4417.725
1769839200000,545.55,546.13,541.37,543.42,10754.117
1769842800000,543.42,544.97,539.12,542.33,10477.367
1769846400000,542.33,542.53,532.11,539.68,39536.335
1769850000000,539.68,540.92,535.68,537.04,8615.874
1769853600000,537.04,538.4,535.09,537.15,4315.569
1769857200000,537.13,537.13,532.79,534.04,5599.542
1769860800000,534.04,537.15,532.91,533.36,10765.666
1769864400000,533.35,533.55,528.26,530.02,15962.59
1769868000000,530.01,530.99,515.54,520.56,58221.67
1769871600000,520.55,524.96,518.8,519.35,15961.177
1769875200000,519.34,525.25,508.34,510.02,35394.068
1769878800000,510.02,511.91,472.01,487.59,124777.884
1769882400000,487.5,492.21,464.65,488.5,77206.987
1769886000000,488.5,493.2,483.26,486.53,28699.757
1769889600000,486.54,489.76,480.01,485.13,17820.596
1769893200000,485.15,491.13,482.44,489.32,16428.174
1769896800000,489.33,495.85,487.99,493.58,10041.763
1769900400000,493.58,510.98,493.56,507.09,46882.418
1769904000000,507.08,514.62,505.67,513.8,22239.394
1769907600000,513.79,515.53,507.99,514.84,19408.442
1769911200000,514.85,519.89,508.98,516.42,25870.53
1769914800000,516.42,519.0,514.93,517.48,10538.447
1769918400000,517.49,522.09,512.72,520.85,18599.165
1769922000000,520.89,523.65,518.72,521.5,15116.923
1769925600000,521.5,525.42,518.08,521.68,18283.164
1769929200000,521.68,528.88,517.85,525.58,25244.886
1769932800000,525.57,530.0,524.6,529.08,16628.321
1769936400000,529.07,530.58,521.93,529.02,19136.969
1769940000000,529.02,531.87,526.26,526.91,23405.743
1769943600000,526.91,536.61,526.91,535.29,23288.733
1769947200000,535.3,535.74,527.29,533.76,16693.894
1769950800000,533.77,537.75,528.91,531.78,17582.497
1769954400000,531.79,534.43,522.11,530.55,29866.412
1769958000000,530.55,530.62,516.76,521.8,34846.601
1769961600000,521.79,525.21,515.8,519.61,23640.964
1769965200000,519.61,523.39,517.14,523.09,11823.919
1769968800000,523.1,531.77,521.42,523.67,21050.793
1769972400000,523.66,525.09,517.2,520.2,11581.211
1769976000000,520.19,526.21,517.2,521.45,13777.939
1769979600000,521.44,521.44,514.36,516.57,16841.147
1769983200000,516.57,525.13,515.63,522.26,12984.904
1769986800000,522.25,523.47,508.72,515.84,35930.728
1769990400000,515.84,526.42,513.03,521.19,22316.548
1769994000000,521.19,524.67,514.5,520.99,23779.202
1769997600000,520.99,521.04,512.91,513.3,14209.304
1770001200000,513.31,514.44,496.75,510.5,49367.25
1770004800000,510.51,516.74,504.85,509.76,21111.734
1770008400000,509.75,512.36,499.82,504.26,21143.537
1770012000000,504.25,515.0,497.21,510.74,30809.817
1770015600000,510.74,516.51,508.53,511.55,13681.819
1770019200000,511.54,517.74,511.41,515.22,12453.111
1770022800000,515.21,519.9,512.18,517.49,16918.896
1770026400000,517.49,531.1,516.41,526.04,73512.02
1770030000000,526.05,526.83,523.54,524.26,9538.892
1770033600000,524.25,527.66,523.14,524.94,9898.194
1770037200000,524.93,537.5,523.54,532.95,40420.834
1770040800000,532.94,536.96,526.55,531.3,27415.133
1770044400000,531.29,543.4,529.58,540.28,38354.456
1770048000000,540.28,543.85,536.77,537.91,21189.046
1770051600000,537.92,541.37,536.07,537.51,7634.815
1770055200000,537.5,538.08,533.2,535.12,12228.693
1770058800000,535.11,537.23,534.54,535.86,5422.155
1770062400000,535.85,536.95,533.61,535.04,8162.931
1770066000000,535.06,537.44,534.12,537.06,6070.312
1770069600000,537.07,540.99,537.07,538.99,7052.888
1770073200000,538.99,541.27,537.48,539.29,7656.485
1770076800000,539.3,540.53,535.85,536.3,10349.4
1770080400000,536.3,536.64,532.36,533.46,10968.49
1770084000000,533.46,533.49,526.06,526.53,12278.473
1770087600000,526.53,533.76,525.9,532.61,12041.006
1770091200000,532.61,535.55,531.03,533.31,9531.918
1770094800000,533.31,533.52,525.64,525.95,11759.345
1770098400000,525.94,530.27,524.16,528.82,7601.349
1770102000000,528.81,531.68,528.09,529.96,5740.572
1770105600000,529.97,532.34,528.18,529.17,7449.048
1770109200000,529.18,531.37,524.0,527.01,13977.055
1770112800000,527.01,529.38,524.61,525.64,9376.225
1770116400000,525.64,527.67,525.16,526.39,4980.812
1770120000000,526.39,529.18,525.35,527.11,7428.412
1770123600000,527.1,529.43,526.74,527.91,5475.812
1770127200000,527.91,528.46,520.85,521.0,22050.284
1770130800000,520.99,532.86,519.68,532.66,28321.407
1770134400000,532.66,532.8,524.76,525.91,19804.677
1770138000000,525.91,530.86,518.58,519.03,34677.528
1770141600000,519.03,521.62,509.19,511.7,44716.189
1770145200000,511.69,528.75,510.39,527.69,35952.161
1770148800000,527.68,542.0,523.88,538.34,38874.694
1770152400000,538.34,541.07,529.9,530.6,15197.192
1770156000000,530.61,532.34,524.95,526.39,12453.807
1770159600000,526.38,527.08,522.6,526.62,9587.492
1770163200000,526.61,533.07,525.22,532.7,16507.388
1770166800000,532.71,537.52,532.08,533.64,16790.048
1770170400000,533.64,535.91,528.75,530.57,11978.899
1770174000000,530.56,533.94,530.04,533.48,8901.048
1770177600000,533.48,533.76,530.97,531.41,4706.278
1770181200000,531.41,531.91,528.07,529.54,3976.759
1770184800000,529.53,531.17,528.03,530.03,5838.627
1770188400000,530.02,532.08,528.25,531.0,5664.999
1770192000000,531.0,531.55,527.81,530.53,4939.096
1770195600000,530.52,531.03,526.7,526.9,4553.609
1770199200000,526.9,528.14,524.94,525.98,7709.493
1770202800000,525.98,530.32,521.43,529.14,15882.78
1770206400000,529.14,530.14,525.18,527.73,8970.134
1770210000000,527.73,527.88,521.91,522.3,7909.934
1770213600000,522.29,526.15,517.79,518.45,22511.056
1770217200000,518.45,523.85,515.07,520.44,34875.145
1770220800000,520.45,524.65,516.13,519.65,26840.284
1770224400000,519.65,522.5,514.58,519.89,25661.289
1770228000000,519.86,531.44,517.13,528.39,32195.9
1770231600000,528.38,539.51,528.12,538.58,26658.04
1770235200000,538.6,539.09,535.31,536.03,10198.048
1770238800000,536.04,536.91,527.22,530.14,13464.376
1770242400000,530.15,537.22,524.47,528.01,19660.952
1770246000000,528.01,534.38,526.62,532.13,11789.34
1770249600000,532.14,535.0,528.86,534.38,16570.637
1770253200000,534.38,542.32,533.24,535.19,37138.05
1770256800000,535.19,539.44,532.17,533.84,19671.104
1770260400000,533.84,534.78,528.38,529.23,19015.209
1770264000000,529.25,530.95,524.75,525.72,19356.294
1770267600000,525.73,526.23,519.2,521.24,22068.133
1770271200000,521.27,523.33,514.99,521.32,25170.067
1770274800000,521.32,532.45,520.63,526.26,29549.652
1770278400000,526.27,533.2,525.41,529.77,18374.292
1770282000000,529.79,532.54,521.72,522.09,18836.313
1770285600000,522.1,527.36,516.25,517.38,22900.282
1770289200000,517.37,519.74,508.36,511.38,37963.075
1770292800000,511.39,513.45,499.54,503.05,89467.81
1770296400000,503.04,507.57,499.78,502.4,22528.077
1770300000000,502.41,511.54,500.46,501.87,34217.982
1770303600000,501.85,502.9,480.69,488.9,91370.795
1770307200000,488.87,498.51,484.58,495.07,43303.63
1770310800000,495.07,496.35,480.0,480.65,39579.218
1770314400000,480.67,484.21,473.31,480.02,55377.757
1770318000000,480.02,480.3,471.95,474.21,22697.972
1770321600000,474.2,478.21,460.34,467.97,74914.614
1770325200000,467.97,476.56,460.92,462.05,46551.475
1770328800000,462.06,471.07,458.16,465.09,37194.398
1770332400000,465.09,471.04,452.37,453.47,38289.553
1770336000000,453.48,465.99,422.5,451.37,163601.754
1770339600000,451.28,460.58,447.43,459.63,60643.672
1770343200000,459.64,466.72,444.95,448.25,55621.599
1770346800000,448.25,453.07,443.79,451.13,41337.498
1770350400000,451.16,457.0,449.03,454.87,39613.73
1770354000000,454.86,473.9,454.38,470.4,42469.365
1770357600000,470.42,472.55,462.9,464.48,36556.617
1770361200000,464.48,467.67,460.3,465.68,35041.387
1770364800000,465.68,470.52,464.86,468.29,33041.983
1770368400000,468.29,474.87,465.59,471.32,34093.017
1770372000000,471.32,474.8,469.57,471.85,26612.127
1770375600000,471.81,474.06,470.4,472.37,20629.704
1770379200000,472.35,472.35,468.94,470.81,21529.249
1770382800000,470.82,491.44,470.43,485.98,78950.433
1770386400000,485.98,504.5,483.4,501.98,50464.532
1770390000000,502.0,502.15,489.96,491.29,27768.544
1770393600000,491.31,496.93,489.33,495.52,27653.373
1770397200000,495.53,500.94,493.73,498.39,36419.795
1770400800000,498.42,506.25,495.75,504.25,30543.725
1770404400000,504.25,505.34,498.54,501.43,14933.988
1770408000000,501.41,503.28,497.21,499.15,14095.902
1770411600000,499.15,505.32,497.11,503.85,10862.227
1770415200000,503.85,539.38,502.25,532.0,108188.336
1770418800000,532.05,543.01,520.14,522.93,70736.845
1770422400000,522.92,526.27,518.43,522.43,34102.552
1770426000000,522.43,532.5,518.88,528.6,21941.653
1770429600000,528.56,535.6,525.89,527.19,20544.501
1770433200000,527.2,529.9,523.6,525.82,12507.993
1770436800000,525.82,530.96,521.98,524.72,16123.108
1770440400000,524.7,533.3,524.45,527.54,15578.211
1770444000000,527.54,529.68,520.0,520.1,15502.272
1770447600000,520.11,525.12,513.75,519.81,50872.265
1770451200000,519.82,525.99,517.2,524.18,17523.865
1770454800000,524.18,525.26,515.43,516.39,17830.503
1770458400000,516.39,519.9,513.75,519.11,18174.418
1770462000000,519.11,519.55,515.77,517.87,9548.424
1770465600000,517.84,529.16,517.53,525.89,35227.401
1770469200000,525.9,528.35,523.76,525.89,12605.655
1770472800000,525.89,527.63,522.82,524.09,11454.634
1770476400000,524.09,530.76,523.37,527.03,16727.576
1770480000000,527.04,532.74,520.87,523.5,70843.052
1770483600000,523.5,531.03,521.29,528.19,17232.233
1770487200000,528.18,535.22,527.95,533.59,13057.915
1770490800000,533.58,535.81,532.69,534.28,7060.123
1770494400000,534.27,538.38,531.15,537.91,12663.652
1770498000000,537.92,539.83,535.23,536.33,10233.45
1770501600000,536.32,537.64,532.23,533.38,6805.184
1770505200000,533.39,533.58,520.0,524.92,36828.086
1770508800000,524.93,526.58,521.66,523.83,11169.035
1770512400000,523.82,523.95,521.2,521.8,5738.042
1770516000000,521.81,524.23,520.64,522.55,10045.818
1770519600000,522.55,523.26,518.65,519.21,7215.056
1770523200000,519.2,521.5,518.0,521.32,6440.01
1770526800000,521.32,521.43,518.41,520.16,7041.997
1770530400000,520.16,520.55,516.5,518.93,9463.104
1770534000000,518.94,524.21,517.93,523.52,12260.704
1770537600000,523.51,532.0,523.28,530.36,16911.623
1770541200000,530.38,531.84,525.5,525.8,10098.484
1770544800000,525.79,527.12,521.2,521.46,8952.867
1770548400000,521.47,527.5,521.16,526.67,10892.717
1770552000000,526.67,540.96,524.53,535.4,52216.534
1770555600000,535.39,535.87,529.6,532.5,18900.708
1770559200000,532.51,536.13,531.95,536.1,10196.533
1770562800000,536.09,536.09,529.51,530.41,9924.314
1770566400000,530.4,530.79,522.71,524.57,11819.305
1770570000000,524.58,529.24,524.49,525.92,7120.001
1770573600000,525.92,531.45,525.55,529.34,6226.713
1770577200000,529.34,533.0,528.33,532.18,5392.665
1770580800000,532.19,532.95,529.57,530.63,4869.808
1770584400000,530.62,532.32,525.01,526.01,6225.916
1770588000000,526.01,528.27,525.22,527.78,3283.295
1770591600000,527.77,535.61,523.21,526.64,15612.702
1770595200000,526.64,529.81,525.6,526.86,9324.135
1770598800000,526.85,529.0,521.37,524.35,11417.038
1770602400000,524.34,529.53,523.09,526.92,11900.883
1770606000000,526.92,531.79,525.99,528.97,11142.279
1770609600000,528.96,530.66,527.44,529.04,7473.393
1770613200000,529.03,529.17,526.1,527.17,6348.038
1770616800000,527.07,527.16,522.09,524.07,10053.96
1770620400000,524.06,525.14,520.68,521.09,7640.292
1770624000000,521.08,521.93,514.16,518.74,17538.017
1770627600000,518.73,520.87,515.72,516.03,9084.628
1770631200000,516.03,517.8,510.7,512.81,15520.9
1770634800000,512.82,519.8,512.82,517.7,10334.042
1770638400000,517.7,518.83,514.61,516.64,11107.278
1770642000000,516.65,519.21,513.54,513.77,6933.975
1770645600000,513.77,523.14,513.75,519.51,13749.469
1770649200000,519.51,524.85,519.27,524.35,13787.577
1770652800000,524.34,530.71,523.21,526.59,18047.135
1770656400000,526.57,534.9,526.46,534.03,13037.054
1770660000000,534.05,534.92,530.0,532.99,10209.242
1770663600000,532.99,534.9,532.07,534.86,5605.122
1770667200000,534.86,537.7,532.88,534.85,12063.759
1770670800000,534.84,535.52,528.42,532.9,7992.727
1770674400000,532.9,535.0,532.23,533.49,4912.1
1770678000000,533.49,535.83,532.02,532.66,6443.823
1770681600000,532.67,534.24,526.52,526.84,10720.49
1770685200000,526.83,532.26,526.48,531.8,7895.712
1770688800000,531.8,532.07,527.8,528.25,5003.621
1770692400000,528.25,528.78,519.66,523.37,13299.316
1770696000000,523.37,527.03,523.12,525.17,8277.071
1770699600000,525.17,525.41,521.0,522.94,5593.728
1770703200000,522.94,524.1,517.0,521.69,25675.648
1770706800000,521.69,523.3,517.58,519.89,15655.907
1770710400000,519.89,524.69,519.33,523.43,11366.113
1770714000000,523.38,525.53,520.3,522.02,6826.373
1770717600000,522.03,527.83,520.01,525.45,11052.131
1770721200000,525.45,531.99,525.24,529.07,19872.927
1770724800000,529.06,531.51,526.18,526.38,9086.041
1770728400000,526.38,527.1,520.95,522.24,16366.802
1770732000000,522.24,522.38,511.47,513.76,29555.375
1770735600000,513.76,522.79,512.24,517.29,21652.346
1770739200000,517.27,522.91,516.28,519.37,12184.095
1770742800000,519.37,522.44,518.77,521.14,10050.44
1770746400000,521.13,521.86,513.0,518.21,18607.232
1770750000000,518.2,520.79,516.8,519.93,9164.349
1770753600000,519.93,521.48,518.34,518.5,4868.433
1770757200000,518.53,523.27,517.77,521.95,8937.981
1770760800000,521.96,525.54,521.76,524.69,5057.06
1770764400000,524.69,525.86,522.96,524.06,6014.295
1770768000000,524.05,527.53,522.59,524.74,6849.939
1770771600000,524.74,527.78,522.92,523.43,5758.45
1770775200000,523.43,527.45,523.04,524.65,5665.695
1770778800000,524.65,524.72,517.8,520.57,10109.337
1770782400000,520.58,522.35,516.8,518.05,9697.938
1770786000000,518.05,519.84,517.8,517.95,4407.863
1770789600000,517.95,519.08,513.31,518.22,18964.123
1770793200000,518.23,520.14,515.0,517.31,9479.376
1770796800000,517.3,517.55,512.8,515.34,7541.957
1770800400000,515.34,516.41,512.56,513.25,5742.683
1770804000000,513.24,513.45,507.75,509.96,16481.9
1770807600000,509.96,513.6,509.13,513.33,7968.148
1770811200000,513.32,516.11,512.55,515.39,7884.368
1770814800000,515.39,521.86,513.45,518.46,16394.43
1770818400000,518.46,522.0,513.41,514.71,47439.19
1770822000000,514.71,516.32,506.87,510.62,27612.867
1770825600000,510.59,517.39,509.82,510.87,18807.802
1770829200000,510.93,517.72,509.5,515.35,9679.524
1770832800000,515.35,519.47,512.92,518.59,7552.842
1770836400000,518.59,520.48,517.22,518.46,6079.064
1770840000000,518.45,520.25,516.8,519.01,4644.098
1770843600000,519.01,523.93,518.02,520.65,21029.58
1770847200000,520.65,521.4,516.42,516.71,6606.125
1770850800000,516.71,518.34,512.04,515.72,8394.29
1770854400000,515.75,520.82,515.32,518.14,7896.812
1770858000000,518.13,520.31,517.4,517.84,6615.733
1770861600000,517.83,518.0,514.43,514.68,6348.973
1770865200000,514.67,516.65,514.04,515.02,4089.887
1770868800000,515.01,515.44,510.09,510.33,6592.299
1770872400000,510.32,511.24,503.95,509.81,13582.105
1770876000000,509.81,512.64,508.09,509.61,7035.048
1770879600000,509.6,510.71,506.61,510.41,6756.926
1770883200000,510.43,511.67,507.68,509.24,6980.958
1770886800000,509.25,511.66,508.49,510.23,7994.561
1770890400000,510.23,513.85,509.35,513.8,8698.452
1770894000000,513.79,515.64,511.71,513.42,9871.431
1770897600000,513.41,514.2,511.31,512.47,5555.57
1770901200000,512.47,517.49,511.35,517.37,10139.243
1770904800000,517.36,518.0,511.89,512.17,9220.94
1770908400000,512.21,513.02,502.71,503.21,25261.403
1770912000000,503.22,505.27,494.63,497.21,34293.783
1770915600000,497.23,501.34,495.99,496.3,10870.472
1770919200000,496.31,500.58,493.4,499.41,13617.585
1770922800000,499.41,505.3,498.15,501.6,8921.498
1770926400000,501.59,503.52,499.92,500.25,5633.888
1770930000000,500.25,503.05,499.46,500.46,5648.499
1770933600000,500.46,503.95,497.12,502.78,5846.229
1770937200000,502.77,508.07,500.0,502.85,18682.719
1770940800000,502.86,503.87,499.53,503.1,7071.946
1770944400000,503.09,508.43,502.63,507.01,6672.739
1770948000000,507.01,512.5,506.43,511.67,8074.111
1770951600000,511.67,513.68,509.98,512.35,7672.687
1770955200000,512.34,512.64,509.6,510.71,6849.903
1770958800000,510.71,512.52,508.71,509.19,4674.329
1770962400000,509.19,511.04,507.36,509.68,7119.754
1770966000000,509.68,514.51,509.64,511.73,9198.44
1770969600000,511.72,522.05,511.62,520.19,17350.983
1770973200000,520.19,520.29,517.16,518.97,7742.542
1770976800000,518.97,526.64,517.45,525.56,15849.669
1770980400000,525.59,528.75,523.06,527.5,14942.893
1770984000000,527.51,528.75,523.54,525.9,14903.181
1770987600000,525.9,531.58,524.25,528.75,17991.097
1770991200000,528.74,536.13,525.46,533.29,27222.574
1770994800000,533.29,547.24,532.02,543.79,52243.186
1770998400000,543.79,548.4,541.24,544.86,29193.057
1771002000000,544.85,549.98,542.5,549.76,14499.866
1771005600000,549.76,558.0,548.4,556.65,30252.339
1771009200000,556.65,559.31,555.6,557.43,12880.346
1771012800000,557.46,557.52,550.47,552.9,25537.015
1771016400000,552.9,565.05,551.4,563.14,27788.203
1771020000000,563.14,566.66,550.85,551.3,32235.792
1771023600000,551.3,573.45,549.21,563.74,76244.986
1771027200000,563.74,566.19,561.64,563.89,18112.367
1771030800000,563.87,567.06,562.36,566.52,12673.46
1771034400000,566.51,566.82,559.84,562.23,12836.634
1771038000000,562.23,564.81,560.52,563.27,6221.086
1771041600000,563.26,563.26,560.72,561.2,5687.434
1771045200000,561.2,564.58,558.61,558.88,9860.801
1771048800000,558.88,563.09,557.73,561.35,10822.446
1771052400000,561.35,564.37,560.04,562.79,7490.889
1771056000000,562.79,569.13,562.32,567.86,26456.708
1771059600000,567.86,568.31,564.7,565.69,10769.192
1771063200000,565.7,567.63,564.33,567.24,5236.481
1771066800000,567.23,572.39,563.6,564.75,24584.269
1771070400000,564.77,565.2,559.75,560.47,12097.324
1771074000000,560.46,562.59,556.56,560.88,15767.386
1771077600000,560.88,562.86,559.84,561.83,6640.365
1771081200000,561.82,564.36,561.26,564.17,7749.132
1771084800000,564.16,565.79,563.32,564.56,15154.299
1771088400000,564.56,566.05,560.42,562.31,10557.796
1771092000000,562.3,565.58,562.01,565.54,9660.824
1771095600000,565.53,569.0,564.82,568.53,9311.503
1771099200000,568.52,568.98,565.47,566.37,6492.876
1771102800000,566.38,567.38,563.52,565.7,7267.555
1771106400000,565.69,566.23,563.76,563.89,4491.772
1771110000000,563.88,564.28,561.64,562.51,9450.777
1771113600000,562.51,562.57,558.5,562.36,13608.334
1771117200000,562.35,565.09,560.84,564.86,6114.971
1771120800000,564.85,565.5,557.68,559.87,8727.655
1771124400000,559.86,562.72,555.72,562.7,9691.396
1771128000000,562.69,565.57,561.82,564.11,9408.683
1771131600000,564.12,566.06,563.31,563.5,4281.284
1771135200000,563.51,563.68,561.3,562.71,4450.765
1771138800000,562.69,564.34,560.28,560.87,5592.576
1771142400000,560.87,562.0,555.46,558.33,18701.259
1771146000000,558.32,562.77,557.88,559.96,7756.689
1771149600000,559.95,562.52,558.17,561.06,4762.406
1771153200000,561.08,561.89,559.8,560.37,4239.316
1771156800000,560.36,562.08,553.58,554.7,14278.711
1771160400000,554.72,557.9,551.15,554.06,18748.102
1771164000000,554.06,557.78,553.59,557.28,9506.751
1771167600000,557.27,561.81,555.84,557.85,11431.132
1771171200000,557.86,558.58,552.0,557.04,16575.26
1771174800000,557.05,559.0,550.1,554.22,10368.783
1771178400000,554.2,556.51,550.7,552.5,13474.288
1771182000000,552.49,555.73,549.96,552.09,6670.216
1771185600000,552.08,554.7,550.76,554.14,3425.08
1771189200000,554.14,558.37,554.14,554.94,4542.101
1771192800000,554.94,556.95,553.76,555.55,2921.766
1771196400000,555.57,555.57,551.54,553.32,6027.937
1771200000000,553.29,556.53,552.71,556.16,7548.887
1771203600000,556.16,557.76,554.72,557.28,6787.26
1771207200000,557.27,559.64,555.19,556.62,6197.143
1771210800000,556.62,563.04,556.62,562.46,10916.541
1771214400000,562.45,569.95,562.14,568.11,22439.252
1771218000000,568.1,568.53,557.66,559.37,16624.992
1771221600000,559.37,561.73,557.47,560.92,5832.848
1771225200000,560.92,561.46,554.92,557.3,8813.741
1771228800000,557.3,558.91,555.88,556.72,5049.746
1771232400000,556.72,559.06,556.36,557.67,5192.296
1771236000000,557.67,557.67,555.14,556.91,5675.176
1771239600000,556.92,559.0,553.81,557.88,7784.956
1771243200000,557.88,567.79,557.37,567.5,12057.055
1771246800000,567.51,570.37,557.17,559.15,24492.758
1771250400000,559.14,560.38,555.0,557.84,10718.948
1771254000000,557.81,559.35,551.05,555.98,13736.176
1771257600000,555.97,561.75,555.57,559.15,10327.71
1771261200000,559.14,560.25,556.79,559.77,4869.673
1771264800000,559.78,564.56,559.78,564.15,6914.101
1771268400000,564.15,576.0,563.31,570.81,30150.347
1771272000000,570.82,581.2,570.0,571.63,27149.642
1771275600000,571.63,575.1,566.73,574.25,19427.204
1771279200000,574.3,575.79,569.09,569.15,8249.199
1771282800000,569.15,570.2,567.38,568.73,6629.126
1771286400000,568.73,573.2,568.56,571.6,5966.102
1771290000000,571.6,577.5,571.6,573.45,10303.573
1771293600000,573.44,576.3,570.33,571.61,7691.301
1771297200000,571.6,572.38,564.34,565.92,11372.252
1771300800000,565.93,566.54,558.15,562.31,13870.873
1771304400000,562.29,563.57,560.08,561.65,7433.909
1771308000000,561.65,563.32,558.81,562.3,6899.66
1771311600000,562.3,562.54,559.42,559.68,3064.105
1771315200000,559.69,560.18,556.53,557.65,7856.091
1771318800000,557.63,560.0,556.85,559.47,5458.508
1771322400000,559.47,560.7,555.17,557.45,7425.923
1771326000000,557.44,558.53,555.73,557.36,8434.604
1771329600000,557.36,564.34,557.04,561.1,11278.864
1771333200000,561.1,566.56,560.49,562.25,7964.517
1771336800000,562.32,564.75,547.48,554.97,31158.46
1771340400000,554.96,558.28,552.67,557.72,16962.398
1771344000000,557.73,567.49,557.67,565.25,19763.231
1771347600000,565.24,566.97,560.52,561.8,14501.644
1771351200000,561.79,567.45,560.09,565.79,11799.928
1771354800000,565.81,570.61,562.62,566.62,21215.932
1771358400000,566.63,569.23,566.2,568.61,5462.22
1771362000000,568.64,569.41,565.92,567.63,3416.274
1771365600000,567.64,568.08,565.0,565.39,3448.587
1771369200000,565.38,565.5,562.17,563.06,7456.25
1771372800000,563.07,564.44,560.41,560.68,8290.347
1771376400000,560.68,562.25,555.74,557.93,11332.517
1771380000000,557.92,561.35,557.32,560.22,5239.384
1771383600000,560.21,563.77,560.11,563.67,4055.722
1771387200000,563.67,569.04,563.66,567.21,8326.009
1771390800000,567.21,569.89,563.64,564.14,4396.03
1771394400000,564.14,566.72,563.38,565.63,3738.408
1771398000000,565.63,567.63,565.2,566.47,3787.089
1771401600000,566.48,569.22,564.4,564.64,7560.729
1771405200000,564.64,566.4,562.29,563.38,9815.61
1771408800000,563.37,563.4,558.58,559.56,7710.785
1771412400000,559.56,560.19,555.94,558.59,10607.073
1771416000000,558.58,561.53,558.48,559.29,3944.039
1771419600000,559.29,560.14,555.3,556.36,8311.253
1771423200000,556.36,557.3,551.01,554.47,13456.015
1771426800000,554.46,563.25,554.0,559.56,12669.438
1771430400000,559.55,560.85,554.15,560.17,9322.643
1771434000000,560.17,564.49,559.92,562.85,8267.312
1771437600000,562.86,563.52,555.52,558.3,9334.93
1771441200000,558.29,560.72,552.81,553.94,12437.846
1771444800000,553.95,555.45,551.48,552.6,7769.807
1771448400000,552.6,554.62,550.31,552.26,7135.542
1771452000000,552.26,556.69,550.55,555.24,3355.223
1771455600000,555.28,557.77,554.54,557.44,5615.996
1771459200000,557.43,558.79,556.19,557.18,6437.769
1771462800000,557.18,560.63,556.91,558.48,6932.174
1771466400000,558.48,559.88,554.73,556.29,6862.713
1771470000000,556.28,558.45,555.38,556.83,3861.758
1771473600000,556.83,558.55,556.18,557.15,4071.611
1771477200000,557.15,557.71,554.17,556.53,3537.572
1771480800000,556.52,563.25,556.3,562.38,8551.29
1771484400000,562.38,564.5,560.72,561.5,5762.607
1771488000000,561.49,561.53,554.81,556.04,8405.39
1771491600000,556.05,556.65,543.91,547.76,39061.828
1771495200000,547.76,550.31,545.13,548.97,16479.877
1771498800000,548.96,550.83,545.94,547.21,10827.012
1771502400000,547.2,547.43,545.08,545.53,8870.009
1771506000000,545.53,549.12,538.16,539.64,34590.026
1771509600000,539.63,552.89,538.84,547.3,38085.307
1771513200000,547.3,549.91,545.36,548.84,15816.009
1771516800000,548.83,552.71,545.79,551.55,11158.26
1771520400000,551.58,557.88,550.36,552.26,10916.789
1771524000000,552.24,563.06,551.88,560.37,17315.403
1771527600000,560.39,560.66,556.59,559.24,7524.548
1771531200000,559.23,559.37,555.41,556.15,6072.05
1771534800000,556.13,561.06,555.45,560.06,6804.252
1771538400000,560.06,563.0,558.71,561.17,7024.239
1771542000000,561.18,562.2,559.34,559.92,4735.849
1771545600000,559.92,563.37,558.81,561.63,8586.686
1771549200000,561.61,562.25,558.97,560.13,8407.689
1771552800000,560.13,560.8,558.43,558.45,4049.678
1771556400000,558.44,561.66,558.44,561.3,5030.703
1771560000000,561.3,561.65,553.74,556.36,24252.344
1771563600000,556.36,563.14,555.94,561.68,11169.534
1771567200000,561.68,564.26,560.71,562.99,7218.323
1771570800000,563.0,563.12,557.19,558.83,5870.538
1771574400000,558.83,560.84,550.2,556.33,26293.532
1771578000000,556.32,558.37,554.69,555.43,8237.799
1771581600000,555.42,556.19,554.25,555.09,5431.415
1771585200000,555.08,555.67,552.84,553.14,5316.19
1771588800000,553.14,553.58,550.5,550.83,5916.032
1771592400000,550.82,550.83,541.68,543.84,34879.411
1771596000000,543.83,544.46,540.6,543.84,18009.045
1771599600000,543.86,559.57,542.08,555.7,57000.733
1771603200000,555.71,570.25,554.37,561.16,80112.778
1771606800000,561.15,563.16,554.09,562.73,18534.654
1771610400000,562.73,565.62,560.08,563.34,11708.937
1771614000000,563.34,566.01,559.28,559.89,7300.251
1771617600000,559.88,561.68,559.23,561.01,4516.105
1771621200000,561.0,561.55,558.25,559.08,5244.225
1771624800000,559.07,560.39,555.5,559.78,5813.83
1771628400000,559.78,562.79,559.71,562.05,4764.401
1771632000000,562.06,562.47,557.79,559.48,7789.324
1771635600000,559.48,564.0,558.09,563.57,8361.002
1771639200000,563.57,567.61,563.24,565.99,12835.299
1771642800000,565.99,566.96,564.05,564.9,5302.48
1771646400000,564.92,565.7,563.9,565.41,4387.879
1771650000000,565.4,567.77,565.08,566.86,5537.705
1771653600000,566.85,566.89,562.44,562.95,3541.768
1771657200000,562.94,564.93,562.01,564.69,3565.311
1771660800000,564.69,566.5,562.76,566.15,6509.721
1771664400000,566.16,568.96,565.9,567.19,8027.639
1771668000000,567.19,571.28,567.05,569.27,10887.895
1771671600000,569.26,570.18,567.01,567.32,5750.887
1771675200000,567.32,570.48,566.46,569.15,7598.175
1771678800000,569.14,570.13,568.29,570.03,5999.22
1771682400000,570.01,576.22,568.13,571.45,22796.06
1771686000000,571.44,574.0,570.33,572.8,6856.705
1771689600000,572.8,573.15,563.46,564.2,27661.904
1771693200000,564.19,565.14,563.29,563.99,5530.078
1771696800000,563.99,566.78,562.6,565.29,7336.332
1771700400000,565.28,566.3,563.58,564.0,3430.034
1771704000000,564.0,564.8,562.97,563.44,3563.874
1771707600000,563.43,565.64,562.89,565.22,2505.652
1771711200000,565.21,565.53,563.79,564.32,2828.735
1771714800000,564.31,565.36,563.42,563.76,3294.442
1771718400000,563.77,565.07,562.1,562.8,7401.359
1771722000000,562.8,563.51,561.1,562.19,3770.153
1771725600000,562.19,565.07,559.54,560.18,11605.866
1771729200000,560.17,570.17,559.0,569.15,16914.792
1771732800000,569.15,569.32,566.14,567.64,8896.394
1771736400000,567.64,567.96,565.62,567.45,4975.608
1771740000000,567.42,583.7,566.89,577.32,50009.074
1771743600000,577.32,585.66,573.49,580.48,126511.597
1771747200000,580.48,580.79,571.13,575.28,40830.403
1771750800000,575.28,575.38,571.48,571.99,8151.445
1771754400000,571.99,575.19,566.99,568.17,19298.024
1771758000000,568.16,578.56,567.21,575.16,29957.931
1771761600000,575.15,575.39,568.73,570.91,10929.065
1771765200000,570.9,575.68,568.8,572.52,17415.109
1771768800000,572.51,572.74,567.85,568.96,9121.859
1771772400000,568.95,571.19,567.8,569.12,8105.136
1771776000000,569.12,576.9,568.68,572.76,24486.163
1771779600000,572.76,574.76,569.97,570.95,8787.542
1771783200000,570.94,570.96,568.76,569.63,4086.78
1771786800000,569.62,570.74,565.59,566.91,7104.527
1771790400000,566.91,570.19,566.29,569.55,9485.073
1771794000000,569.55,570.78,569.09,570.06,6789.255
1771797600000,570.05,573.19,569.45,572.49,5974.835
1771801200000,572.48,572.49,569.4,570.37,4969.64
1771804800000,570.37,570.59,562.28,563.3,12193.155
1771808400000,563.3,564.12,537.34,540.95,122084.634
1771812000000,540.95,544.81,540.09,542.94,20609.606
1771815600000,542.94,543.42,538.65,539.92,15924.723
1771819200000,539.92,540.65,537.84,538.77,11957.807
1771822800000,538.76,541.65,538.3,539.52,7347.273
1771826400000,539.53,543.93,538.76,541.41,14289.348
1771830000000,541.42,543.58,540.52,542.43,9561.221
1771833600000,542.43,542.74,538.87,539.38,9243.684
1771837200000,539.38,545.15,537.39,544.88,22856.251
1771840800000,544.88,545.93,539.08,541.02,19720.094
1771844400000,541.02,542.55,539.52,539.61,8407.026
1771848000000,539.6,540.59,535.0,538.52,17930.416
1771851600000,538.53,539.64,535.01,535.27,12276.945
1771855200000,535.26,536.38,529.45,533.85,21027.986
1771858800000,533.89,538.2,532.18,534.94,11415.036
1771862400000,534.93,536.14,529.1,530.65,15779.851
1771866000000,530.66,532.11,525.02,528.36,20514.454
1771869600000,528.38,529.61,525.21,525.91,10504.661
1771873200000,525.91,528.0,508.3,509.6,126926.445
1771876800000,509.6,510.24,486.64,494.59,178594.418
1771880400000,494.6,500.96,493.93,499.97,28728.13
1771884000000,499.97,503.6,498.4,499.85,18898.601
1771887600000,499.85,504.78,492.44,495.27,22500.77
1771891200000,495.27,498.77,490.52,497.42,29969.5
1771894800000,497.39,497.96,487.72,488.57,39059.496
1771898400000,488.57,489.62,483.07,485.59,40952.653
1771902000000,485.59,486.62,483.11,484.23,21871.981
1771905600000,484.22,487.7,482.39,487.59,17681.569
1771909200000,487.59,492.58,483.59,483.76,17081.029
1771912800000,483.75,484.88,481.38,482.22,15977.456
1771916400000,482.22,486.45,480.61,480.98,12586.335
1771920000000,481.0,486.0,479.38,484.32,14738.667
1771923600000,484.32,485.25,481.54,484.69,10266.599
1771927200000,484.7,484.94,475.95,477.97,20089.013
1771930800000,477.97,479.37,475.79,478.79,20484.009
1771934400000,478.75,479.47,472.93,475.73,18485.678
1771938000000,475.73,481.07,474.02,479.7,19912.328
1771941600000,479.71,481.16,474.89,479.05,22267.379
1771945200000,479.05,480.36,472.94,475.24,30374.206
1771948800000,475.24,480.0,470.34,474.07,22258.545
1771952400000,474.08,476.72,472.0,476.0,14789.365
1771956000000,476.0,494.68,473.73,483.86,91994.201
1771959600000,483.87,487.98,482.2,482.69,18694.711
1771963200000,482.68,483.92,481.36,482.38,9525.87
1771966800000,482.41,485.15,480.06,484.78,11260.532
1771970400000,484.78,485.5,481.95,483.96,7188.631
1771974000000,483.96,486.41,482.15,484.2,10127.977
1771977600000,484.21,492.98,483.42,490.93,22119.562
1771981200000,490.94,506.16,489.01,499.01,68932.721
1771984800000,499.0,501.06,497.44,499.45,18168.359
1771988400000,499.44,499.91,495.65,498.89,13283.228
1771992000000,498.88,500.76,497.12,499.6,9606.71
1771995600000,499.59,500.21,493.55,495.25,15658.932
1771999200000,495.25,495.45,489.33,490.13,14133.283
1772002800000,490.13,492.68,487.13,490.32,12118.355
1772006400000,490.31,493.08,489.79,490.83,10178.367
1772010000000,490.82,494.22,490.52,491.89,8486.598
1772013600000,491.89,493.22,490.68,491.67,6083.275
1772017200000,491.68,492.49,485.41,486.97,14947.159
1772020800000,486.97,493.27,486.67,491.19,17299.683
1772024400000,491.19,515.26,490.13,507.45,133429.521
1772028000000,507.45,520.3,506.66,516.28,49259.127
1772031600000,516.28,519.9,514.35,517.19,33232.826
1772035200000,517.23,517.85,510.68,513.54,32988.333
1772038800000,513.53,515.65,511.78,514.18,17945.738
1772042400000,514.17,520.01,511.45,517.48,16426.578
1772046000000,517.47,517.59,511.29,515.42,16863.574
1772049600000,515.42,516.0,511.86,512.68,11290.886
1772053200000,512.68,517.83,508.3,511.53,23783.897
1772056800000,511.54,512.73,498.14,502.22,38715.901
1772060400000,502.21,502.9,490.26,492.42,27071.025
1772064000000,492.42,496.17,490.5,492.32,21687.666
1772067600000,492.33,497.25,491.81,494.18,13266.744
1772071200000,494.18,502.11,491.17,501.55,19687.073
1772074800000,501.55,501.97,495.98,499.62,14034.775
1772078400000,499.63,502.81,498.24,502.14,11205.203
1772082000000,502.13,502.78,499.6,501.75,11473.118
1772085600000,501.76,505.38,500.6,501.42,9625.549
1772089200000,501.43,503.01,500.33,501.15,11831.97
1772092800000,501.15,502.7,497.12,497.65,13234.114
1772096400000,497.66,502.84,497.48,502.23,9748.823
1772100000000,502.23,502.41,496.13,497.98,14477.417
1772103600000,497.98,502.2,497.75,500.71,9122.538
1772107200000,500.72,502.32,499.97,501.36,6224.371
1772110800000,501.36,501.62,496.56,497.15,12511.23
1772114400000,497.15,497.29,490.7,493.93,22704.503
1772118000000,493.92,494.25,486.7,489.19,21598.832
1772121600000,489.18,489.71,478.63,480.51,30176.549
1772125200000,480.51,483.0,479.38,480.84,9771.247
1772128800000,480.83,483.36,478.78,480.54,9102.381
1772132400000,480.53,483.9,479.6,482.1,11914.227
1772136000000,482.09,483.18,479.35,479.79,7053.275
1772139600000,479.78,480.85,479.05,479.64,4363.217
1772143200000,479.63,480.61,476.14,478.25,12010.102
1772146800000,478.24,480.07,476.81,477.99,7513.728
1772150400000,478.0,479.5,474.88,477.27,14974.058
1772154000000,477.28,480.56,475.54,479.62,11205.519
1772157600000,479.63,480.72,478.22,478.32,9562.472
1772161200000,478.33,481.99,477.76,480.63,6052.465
1772164800000,480.63,491.99,480.2,485.2,44160.68
1772168400000,485.23,487.41,484.27,484.82,8794.548
1772172000000,484.83,484.83,478.19,480.72,12448.694
1772175600000,480.72,481.84,478.74,481.17,5236.487
1772179200000,481.16,484.37,480.9,484.11,9458.885
1772182800000,484.11,485.72,480.53,481.67,9537.375
1772186400000,481.67,482.55,477.27,477.77,14746.212
1772190000000,477.77,479.82,470.55,474.23,24673.72
1772193600000,474.22,475.32,471.07,472.63,11523.08
1772197200000,472.62,473.17,461.26,466.09,47110.009
1772200800000,466.08,468.87,463.91,465.93,16412.133
1772204400000,465.92,469.62,465.02,465.38,12689.007
1772208000000,465.37,468.49,463.3,464.91,21541.841
1772211600000,464.91,468.0,460.41,467.32,16986.477
1772215200000,467.34,468.07,462.96,462.98,7543.306
1772218800000,462.97,464.08,461.0,462.97,8047.329
1772222400000,462.97,463.64,461.93,462.9,4851.6
1772226000000,462.91,464.73,459.35,460.3,8076.215
1772229600000,460.32,460.65,454.76,458.61,13047.789
1772233200000,458.6,461.69,457.8,461.16,7118.182
1772236800000,461.17,464.27,461.06,463.91,8357.335
1772240400000,463.91,463.91,460.2,461.95,9219.279
1772244000000,461.95,464.41,461.27,462.78,6273.449
1772247600000,462.78,463.1,459.96,461.59,5496.703
1772251200000,461.59,461.59,457.66,459.31,6585.967
1772254800000,459.31,459.44,455.34,458.85,9995.715
1772258400000,458.84,459.08,443.07,444.25,82373.022
1772262000000,444.24,452.12,440.06,445.99,41487.743
1772265600000,445.98,448.43,443.08,443.53,20702.043
1772269200000,443.52,446.25,440.73,442.26,16743.226
1772272800000,442.26,446.82,439.29,443.86,19969.439
1772276400000,443.86,446.81,443.61,444.74,13190.097
1772280000000,444.79,447.86,443.38,444.0,11515.778
1772283600000,443.97,452.76,441.28,448.76,30399.438
1772287200000,448.77,451.23,443.25,444.28,24478.359
1772290800000,444.34,447.35,442.77,444.18,16894.121
1772294400000,444.15,446.3,442.51,444.32,16382.071
1772298000000,444.36,444.74,440.08,444.55,16688.478
1772301600000,444.51,449.86,441.56,447.32,21119.494
1772305200000,447.31,451.58,442.0,448.42,24754.907
1772308800000,448.41,460.19,447.03,457.69,37025.434
1772312400000,457.7,458.17,452.56,454.82,15659.24
1772316000000,454.82,468.1,454.32,460.05,58629.811
1772319600000,460.05,460.62,454.79,457.16,15796.379
1772323200000,457.15,458.6,452.41,455.53,17056.748
1772326800000,455.53,462.62,450.82,460.3,18432.477
1772330400000,460.3,466.41,460.08,463.47,23338.31
1772334000000,463.46,464.27,459.26,460.78,10140.09
1772337600000,460.78,461.51,455.14,458.97,11409.864
1772341200000,458.97,459.51,456.08,456.72,6749.374
1772344800000,456.73,457.22,451.0,451.7,13781.611
1772348400000,451.71,453.14,449.17,452.57,11588.949
1772352000000,452.59,453.55,444.82,446.17,15096.941
1772355600000,446.17,448.78,445.01,446.22,10726.155
1772359200000,446.22,447.95,444.08,445.27,11262.011
1772362800000,445.27,447.89,444.87,445.94,10161.096
1772366400000,445.93,447.2,444.74,445.12,8861.945
1772370000000,445.11,453.9,444.7,449.36,26910.778
1772373600000,449.38,452.1,445.99,446.43,14532.62
1772377200000,446.43,449.75,445.98,446.96,9039.386
1772380800000,446.98,449.33,435.81,439.63,43061.264
1772384400000,439.62,441.64,433.33,438.53,35716.831
1772388000000,438.53,443.52,438.31,439.0,14093.277
1772391600000,438.99,439.34,434.76,436.64,13344.513
1772395200000,436.63,436.64,431.47,432.29,19354.147
1772398800000,432.29,439.24,432.14,438.76,8606.124
1772402400000,438.76,444.46,437.15,437.4,13627.305
1772406000000,437.4,442.66,434.19,441.26,13997.695
1772409600000,441.26,447.2,440.7,445.8,19583.083
1772413200000,445.8,454.19,445.36,449.79,25865.585
1772416800000,449.79,450.4,446.16,449.19,10601.979
1772420400000,449.19,451.1,446.59,449.88,10472.478
1772424000000,449.87,450.22,447.67,448.9,10255.579
1772427600000,448.9,453.32,447.52,451.53,8429.715
1772431200000,451.53,451.9,443.03,446.25,16841.065
1772434800000,446.24,446.69,439.63,440.38,17706.025
1772438400000,440.38,440.42,436.1,437.37,15080.387
1772442000000,437.36,446.31,436.86,437.25,34217.332
1772445600000,437.25,439.62,436.76,439.48,8550.689
1772449200000,439.48,439.48,435.59,437.54,10532.316
1772452800000,437.54,441.96,436.71,440.78,14262.964
1772456400000,440.78,444.5,438.92,440.14,15265.313
1772460000000,440.14,444.64,435.83,443.56,33300.856
1772463600000,443.55,451.58,440.56,447.09,44028.165
1772467200000,447.1,453.0,444.62,447.77,25600.033
1772470800000,447.67,448.97,441.39,445.4,15734.06
1772474400000,445.39,448.65,442.74,445.35,13121.106
1772478000000,445.35,446.53,442.24,444.18,11933.808
1772481600000,444.17,446.19,440.3,441.72,11836.102
1772485200000,441.72,447.89,440.08,446.25,8909.064
1772488800000,446.25,450.2,446.25,448.24,10764.544
1772492400000,448.24,448.24,442.37,444.76,7429.559
1772496000000,444.75,447.92,443.72,446.26,10439.432
1772499600000,446.25,446.93,442.69,443.26,8636.684
1772503200000,443.25,444.62,439.17,443.84,12578.738
1772506800000,443.84,444.61,440.28,443.93,8211.141
1772510400000,443.93,444.86,441.13,441.64,5317.476
1772514000000,441.63,444.13,439.79,441.19,8723.189
1772517600000,441.17,443.84,440.26,443.63,7537.466
1772521200000,443.63,447.92,443.34,444.05,12406.963
1772524800000,444.07,444.07,435.01,436.44,21791.556
1772528400000,436.45,437.9,434.31,435.96,13158.85
1772532000000,435.96,440.32,435.04,437.4,12904.18
1772535600000,437.37,439.26,436.43,437.54,6421.582
1772539200000,437.55,441.38,435.33,436.48,10025.319
1772542800000,436.48,436.67,432.18,434.12,11121.558
1772546400000,434.11,437.52,432.01,434.63,18891.016
1772550000000,434.61,440.85,433.63,439.98,23906.793
1772553600000,439.98,445.05,436.21,441.08,25294.016
1772557200000,441.11,442.51,437.05,441.1,10843.873
1772560800000,441.1,444.31,439.94,442.3,8251.138
1772564400000,442.3,443.0,439.73,441.36,7936.537
1772568000000,441.4,441.81,438.77,439.08,5301.325
1772571600000,439.07,441.78,437.91,441.5,5045.941
1772575200000,441.5,448.53,441.5,446.74,12775.901
1772578800000,446.74,449.75,443.34,443.52,12711.585
1772582400000,443.5,444.81,441.29,442.47,14242.589
1772586000000,442.47,445.19,440.83,443.04,9208.103
1772589600000,443.03,443.73,440.9,443.37,5367.581
1772593200000,443.36,443.74,439.32,442.19,9739.361
1772596800000,442.18,442.82,438.82,440.97,9834.887
1772600400000,440.97,443.12,439.59,441.35,5428.536
1772604000000,441.34,442.24,439.18,440.94,5647.473
1772607600000,440.94,458.66,439.34,451.91,53204.369
1772611200000,451.91,457.96,449.41,457.71,35182.171
1772614800000,457.71,462.28,456.97,459.74,29010.236
1772618400000,459.75,461.71,454.65,456.47,19212.102
1772622000000,456.48,459.08,455.76,458.24,10237.414
1772625600000,458.23,459.61,452.63,457.72,13011.023
1772629200000,457.72,460.12,457.23,459.63,8077.831
1772632800000,459.63,474.02,454.6,467.87,90294.328
1772636400000,467.87,472.74,465.12,472.42,29659.489
1772640000000,472.42,472.94,465.51,469.46,20740.843
1772643600000,469.46,470.18,463.47,466.86,12529.752
1772647200000,466.85,470.89,465.32,470.67,6172.094
1772650800000,470.68,476.54,470.32,471.13,15087.664
1772654400000,471.13,471.88,466.83,467.05,6839.868
1772658000000,467.09,470.58,466.7,470.16,4958.705
1772661600000,470.15,471.53,465.19,465.98,4889.893
1772665200000,465.97,468.7,464.24,466.62,8778.357
1772668800000,466.62,466.78,455.36,461.36,44262.004
1772672400000,461.36,463.62,458.7,459.36,7771.264
1772676000000,459.35,461.74,458.06,459.22,6925.902
1772679600000,459.22,460.84,458.52,460.1,4917.397
1772683200000,460.09,464.16,459.87,462.54,6922.141
1772686800000,462.54,463.57,459.3,460.0,5876.626
1772690400000,460.0,461.08,458.04,460.45,8068.161
1772694000000,460.44,460.59,455.78,458.58,9563.166
1772697600000,458.58,460.97,457.83,460.1,8427.474
1772701200000,460.09,463.86,459.94,463.35,6654.254
1772704800000,463.35,467.5,461.64,466.5,12556.03
1772708400000,466.5,466.64,461.25,462.83,7499.186
1772712000000,462.83,463.54,460.37,462.76,6371.644
1772715600000,462.77,462.9,458.24,461.48,9001.579
1772719200000,461.5,464.6,458.84,463.57,17147.666
1772722800000,463.59,463.96,457.28,458.87,12704.333
1772726400000,458.83,461.87,453.81,460.79,15570.32
1772730000000,460.79,462.73,456.36,456.87,15250.747
1772733600000,456.86,457.26,454.73,456.39,9984.499
1772737200000,456.39,459.66,456.13,456.49,4458.01
1772740800000,456.49,460.76,456.49,460.26,4649.423
1772744400000,460.25,460.66,459.01,459.6,5630.441
1772748000000,459.6,462.14,459.59,461.59,5255.836
1772751600000,461.59,464.07,461.06,461.29,8456.823
1772755200000,461.29,463.12,460.29,460.99,6373.139
1772758800000,460.98,462.74,457.55,462.14,10334.693
1772762400000,462.17,462.89,458.91,459.56,10482.131
1772766000000,459.55,461.35,459.51,459.79,5705.221
1772769600000,459.78,460.29,456.83,458.52,4515.872
1772773200000,458.51,459.27,455.63,457.82,9597.608
1772776800000,457.81,458.74,456.3,458.0,3619.826
1772780400000,458.0,460.13,456.59,459.3,4623.758
1772784000000,459.29,459.61,457.62,458.04,4833.92
1772787600000,458.04,458.78,455.32,456.67,5774.428
1772791200000,456.66,458.04,455.82,456.59,4479.613
1772794800000,456.59,456.86,452.7,452.84,8757.387
1772798400000,452.83,453.37,450.3,451.57,10866.654
1772802000000,451.59,453.69,445.0,445.22,17545.709
1772805600000,445.21,447.52,441.8,443.81,19167.943
1772809200000,443.78,446.44,442.05,442.86,12434.991
1772812800000,442.87,451.26,441.81,445.41,33433.573
1772816400000,445.4,452.6,443.88,446.36,32258.598
1772820000000,446.35,450.29,446.31,449.91,7521.335
1772823600000,449.91,452.75,448.7,449.66,6945.173
1772827200000,449.65,451.26,447.72,447.96,5960.42
1772830800000,447.97,451.2,447.81,449.88,5384.131
1772834400000,449.88,450.31,448.3,449.37,3890.412
1772838000000,449.37,450.85,449.02,449.29,3083.485
1772841600000,449.29,451.22,449.28,449.29,4605.314
1772845200000,449.3,450.05,447.74,448.81,3999.491
1772848800000,448.81,450.1,447.93,449.97,2772.318
1772852400000,449.97,451.97,447.98,448.45,6790.298
1772856000000,448.45,449.09,446.66,448.63,3416.876
1772859600000,448.63,449.5,447.92,448.99,2853.703
1772863200000,448.99,448.99,446.56,446.86,3986.79
1772866800000,446.86,448.89,446.29,448.37,3605.83
1772870400000,448.37,452.17,448.01,451.1,7655.818
1772874000000,451.1,451.62,450.04,450.47,3791.118
1772877600000,450.46,451.51,448.86,449.21,4472.135
1772881200000,449.2,451.46,448.09,450.5,6257.541
1772884800000,450.5,451.48,449.43,449.44,3901.383
1772888400000,449.44,451.34,449.24,450.63,5594.486
1772892000000,450.63,451.48,448.39,450.18,9673.517
1772895600000,450.18,452.24,449.03,449.99,6981.062
1772899200000,449.99,450.99,449.66,450.74,3080.148
1772902800000,450.74,452.0,450.74,450.77,2617.524
1772906400000,450.77,450.91,449.03,450.3,5036.933
1772910000000,450.31,450.31,445.47,446.41,10585.082
1772913600000,446.41,453.8,446.18,451.7,23621.349
1772917200000,451.68,452.02,449.78,450.42,5820.161
1772920800000,450.42,450.55,445.66,447.07,10141.619
1772924400000,447.08,449.92,447.08,449.81,2907.68
1772928000000,449.81,450.62,446.98,448.19,5266.289
1772931600000,448.19,450.62,447.32,449.32,5347.498
1772935200000,449.33,450.96,446.23,446.85,6549.089
1772938800000,446.85,448.72,445.45,447.81,5490.8
1772942400000,447.81,448.53,445.95,446.78,4245.426
1772946000000,446.77,449.1,446.7,448.72,3500.005
1772949600000,448.71,448.99,446.58,447.84,4474.265
1772953200000,447.84,450.2,447.41,449.56,4688.237
1772956800000,449.56,450.21,448.27,449.92,3566.793
1772960400000,449.92,452.37,449.73,450.57,6544.752
1772964000000,450.57,455.15,450.53,453.56,6661.161
1772967600000,453.56,453.56,448.03,448.55,8327.767
1772971200000,448.54,449.75,446.27,449.13,7182.311
1772974800000,449.13,449.92,444.6,447.68,7846.072
1772978400000,447.67,448.55,446.68,447.79,3772.81
1772982000000,447.79,448.65,445.63,446.78,6934.33
1772985600000,446.77,446.98,443.33,443.67,6537.338
1772989200000,443.67,445.17,443.27,445.0,4239.576
1772992800000,444.99,445.15,442.87,444.19,3297.381
1772996400000,444.19,448.22,443.92,447.0,5610.473
1773000000000,446.99,449.54,445.89,447.38,5715.615
1773003600000,447.38,448.32,445.23,447.73,3237.16
1773007200000,447.72,447.72,440.06,445.46,23106.721
1773010800000,445.46,446.27,441.13,442.76,8637.286
1773014400000,442.76,447.9,442.58,444.48,9090.109
1773018000000,444.49,447.89,442.96,444.48,7411.592
1773021600000,444.48,448.43,442.63,446.99,9807.602
1773025200000,446.99,454.3,446.68,450.47,16221.584
1773028800000,450.46,452.36,448.72,448.83,6042.353
1773032400000,448.83,452.52,447.93,451.44,10399.557
1773036000000,451.46,451.54,445.84,446.62,30829.297
1773039600000,446.63,448.16,444.28,447.05,7983.135
1773043200000,447.05,449.0,446.2,448.18,4482.781
1773046800000,448.16,451.3,445.76,448.45,8961.528
1773050400000,448.45,449.86,446.65,447.26,6209.931
1773054000000,447.26,449.99,446.41,449.44,4293.617
1773057600000,449.44,451.73,449.16,450.69,5501.072
1773061200000,450.68,456.55,450.57,454.13,18666.504
1773064800000,454.12,455.0,443.54,447.99,42823.247
1773068400000,447.98,449.4,445.15,448.3,12364.02
1773072000000,448.3,451.57,447.91,449.79,10324.419
1773075600000,449.79,451.44,449.0,449.93,6414.584
1773079200000,449.92,451.14,448.51,448.63,6708.975
1773082800000,448.63,453.51,448.18,449.99,15128.401
1773086400000,449.99,450.58,448.85,450.31,3812.349
1773090000000,450.28,451.07,449.07,449.76,2736.608
1773093600000,449.75,450.06,446.09,446.79,6847.495
1773097200000,446.78,447.08,443.28,444.25,12839.946
1773100800000,444.25,447.16,443.3,445.54,10069.526
1773104400000,445.53,447.93,445.0,447.28,5441.75
1773108000000,447.27,453.87,446.62,449.37,28895.571
1773111600000,449.36,450.24,445.88,446.67,10396.617
1773115200000,446.67,449.2,446.21,448.32,5986.798
1773118800000,448.32,449.27,446.09,446.51,5345.785
1773122400000,446.5,446.5,442.29,445.02,12181.843
1773126000000,445.01,446.34,443.9,445.9,7727.473
1773129600000,445.9,449.4,445.07,448.44,13922.26
1773133200000,448.41,452.0,447.32,450.2,11659.446
1773136800000,450.26,450.47,447.61,448.2,5917.343
1773140400000,448.19,448.42,445.14,446.52,8657.294
1773144000000,446.53,448.67,445.13,448.67,14868.651
1773147600000,448.67,450.17,446.0,446.18,11428.049
1773151200000,446.18,451.53,442.06,451.15,30807.795
1773154800000,451.23,451.87,448.94,450.43,15187.206
1773158400000,450.42,452.3,448.51,450.86,12234.329
1773162000000,450.85,451.8,448.18,449.0,9199.871
1773165600000,449.01,449.34,444.22,444.99,11956.231
1773169200000,444.98,446.0,443.72,445.25,7225.873
1773172800000,445.24,446.97,445.13,446.57,3280.073
1773176400000,446.56,447.26,443.6,444.58,4128.206
1773180000000,444.57,446.36,443.67,445.87,4891.642
1773183600000,445.86,446.79,445.13,446.68,5698.162
1773187200000,446.68,447.33,445.25,446.34,5698.43
1773190800000,446.36,448.23,446.14,448.21,5120.301
1773194400000,448.21,449.39,447.5,448.3,8992.729
1773198000000,448.3,448.92,445.96,447.45,6076.517
1773201600000,447.45,451.35,446.18,450.78,7832.91
1773205200000,450.78,451.99,448.01,449.12,8171.071
1773208800000,449.13,453.0,448.49,450.78,11637.882
1773212400000,450.78,452.16,448.39,449.01,7458.621
1773216000000,449.0,450.35,446.87,450.2,8720.851
1773219600000,450.19,450.19,446.8,447.17,5362.055
1773223200000,447.16,449.15,446.8,448.87,4879.28
1773226800000,448.87,449.6,447.7,447.86,5991.924
1773230400000,447.85,452.75,446.6,450.19,13135.011
1773234000000,450.18,461.33,448.86,452.95,101544.974
1773237600000,452.94,457.49,452.52,455.14,15170.838
1773241200000,455.14,455.54,450.58,455.26,13785.659
1773244800000,455.25,457.4,454.52,456.84,9358.69
1773248400000,456.84,458.66,455.4,456.67,9036.846
1773252000000,456.67,457.71,455.87,456.94,4936.246
1773255600000,456.93,457.97,455.88,457.48,3262.134
1773259200000,457.47,457.92,455.86,456.64,3390.582
1773262800000,456.63,459.5,455.99,458.81,9746.259
1773266400000,458.8,460.42,455.04,455.81,7214.314
1773270000000,455.8,456.45,454.28,454.82,4363.004
1773273600000,454.82,458.03,454.61,457.99,5369.087
1773277200000,458.0,458.05,455.41,456.25,5257.996
1773280800000,456.25,456.51,451.49,452.45,10224.323
1773284400000,452.45,454.59,451.89,453.08,6308.174
1773288000000,453.08,454.66,452.95,453.26,3377.579
1773291600000,453.26,454.63,453.02,454.32,3260.751
1773295200000,454.32,454.46,452.78,453.31,3850.887
1773298800000,453.32,455.73,452.49,455.18,4176.641
1773302400000,455.18,456.0,453.56,456.0,5485.337
1773306000000,455.99,457.68,453.96,455.82,5144.553
1773309600000,455.83,460.25,455.79,459.35,7919.746
1773313200000,459.35,459.87,457.39,457.8,7398.404
1773316800000,457.81,458.78,457.0,458.16,5256.223
1773320400000,458.16,461.15,456.45,458.48,10613.708
1773324000000,458.49,459.58,452.11,453.01,16236.507
1773327600000,453.0,456.61,452.78,455.99,7709.796
1773331200000,455.99,458.2,454.07,456.69,6625.789
1773334800000,456.68,457.24,454.03,454.59,5816.568
1773338400000,454.58,455.89,453.56,454.98,5061.939
1773342000000,454.97,457.01,454.64,455.99,5678.76
1773345600000,455.99,456.18,453.48,453.81,3597.172
1773349200000,453.8,455.05,453.8,454.73,1959.421
1773352800000,454.72,455.01,453.1,454.54,3714.8
1773356400000,454.53,457.45,454.48,454.99,7358.409
1773360000000,454.98,476.17,454.49,464.89,82463.694
1773363600000,464.88,472.06,459.56,466.9,79264.567
1773367200000,466.9,467.31,461.11,464.77,31596.168
1773370800000,464.77,470.05,464.24,467.55,21435.343
1773374400000,467.55,470.69,466.06,467.19,8666.3
1773378000000,467.18,467.5,465.63,465.63,5750.423
1773381600000,465.62,467.0,464.0,464.34,6486.815
1773385200000,464.37,465.84,464.07,465.59,5318.141
1773388800000,465.55,469.46,464.49,468.04,7701.847
1773392400000,468.03,470.78,467.97,469.14,10449.773
1773396000000,469.13,471.0,469.0,470.45,7545.493
1773399600000,470.45,470.93,469.66,469.88,4815.377
1773403200000,469.88,470.49,465.0,469.4,16820.411
1773406800000,469.4,473.96,467.08,469.02,32935.286
1773410400000,469.02,474.1,465.05,465.83,25407.054
1773414000000,465.83,468.59,462.5,463.13,16638.099
1773417600000,463.13,465.34,461.64,464.4,10205.559
1773421200000,464.4,465.51,461.0,462.56,8200.565
1773424800000,462.55,464.83,462.21,463.97,6981.646
1773428400000,463.96,464.77,462.65,462.98,3393.489
1773432000000,463.0,463.99,462.54,463.66,2731.394
1773435600000,463.66,464.5,462.27,462.56,3213.499
1773439200000,462.55,462.79,459.35,460.48,8447.153
1773442800000,460.47,461.8,459.49,460.62,6378.617
1773446400000,460.61,461.07,458.46,459.41,8050.627
1773450000000,459.41,460.81,458.06,459.54,5894.271
1773453600000,459.54,460.38,456.01,458.37,7884.909
1773457200000,458.37,461.6,458.25,460.74,7308.633
1773460800000,460.75,462.72,460.73,461.4,4400.368
1773464400000,461.41,462.12,459.8,460.21,4421.03
1773468000000,460.2,460.2,456.26,458.34,5219.621
1773471600000,458.34,461.52,457.8,458.98,6624.99
1773475200000,458.97,459.37,456.88,457.6,4883.423
1773478800000,457.59,458.45,455.75,457.05,4287.439
1773482400000,457.04,457.04,453.88,455.19,7319.815
1773486000000,455.15,463.82,454.95,460.13,32069.382
1773489600000,460.13,461.5,457.97,458.9,8563.286
1773493200000,458.89,460.61,457.53,459.38,6291.043
1773496800000,459.38,460.0,457.18,457.52,7416.727
1773500400000,457.52,463.13,456.89,461.2,18548.083
1773504000000,461.19,463.52,461.12,462.44,6442.751
1773507600000,462.44,463.34,461.46,461.7,4619.053
1773511200000,461.69,463.0,460.88,462.31,3786.49
1773514800000,462.31,463.72,462.14,463.52,2950.199
1773518400000,463.53,464.64,462.36,464.14,4525.498
1773522000000,464.13,465.14,462.57,465.06,3697.073
1773525600000,465.07,466.42,464.72,465.19,5550.216
1773529200000,465.19,468.2,464.51,467.3,7185.839
1773532800000,467.32,468.56,459.96,463.36,28559.844
1773536400000,463.35,464.2,463.03,463.8,3425.508
1773540000000,463.79,466.49,463.79,465.33,5018.371
1773543600000,465.32,465.86,464.01,464.85,4176.377
1773547200000,464.87,465.7,464.37,465.55,2838.145
1773550800000,465.55,466.66,464.87,465.17,3411.712
1773554400000,465.17,466.08,463.19,463.97,4232.152
1773558000000,463.96,465.08,463.45,464.4,4936.175
1773561600000,464.4,468.39,463.76,468.22,11424.589
1773565200000,468.22,469.5,466.05,466.45,8235.959
1773568800000,466.44,468.31,465.93,468.1,3571.416
1773572400000,468.11,468.91,467.47,468.3,3720.853
1773576000000,468.3,468.3,465.95,466.31,4547.13
1773579600000,466.31,467.04,458.79,463.29,42338.111
1773583200000,463.28,463.74,461.6,463.59,4417.719
1773586800000,463.58,463.79,461.98,462.39,2527.123
1773590400000,462.38,463.49,460.21,461.31,7497.117
1773594000000,461.31,464.25,461.24,463.3,3673.224
1773597600000,463.3,463.47,460.52,461.03,3433.945
1773601200000,461.02,461.72,460.45,461.23,3455.205
1773604800000,461.23,463.55,460.42,461.82,3954.298
1773608400000,461.82,465.0,461.16,464.44,3725.305
1773612000000,464.44,470.19,462.64,469.2,30973.613
1773615600000,469.21,470.2,466.91,469.34,12816.11
1773619200000,469.34,470.18,466.82,467.37,6197.873
1773622800000,467.37,467.94,464.86,467.63,7415.039
1773626400000,467.62,468.36,465.68,467.46,3588.882
1773630000000,467.46,475.48,466.71,471.37,20202.07
1773633600000,471.38,474.11,467.83,470.44,23056.365
1773637200000,470.44,474.0,470.44,473.58,9946.915
1773640800000,473.58,473.74,470.14,470.64,9788.138
1773644400000,470.63,473.0,470.49,471.46,7592.498
1773648000000,471.48,473.0,468.77,470.09,11063.526
1773651600000,470.1,472.58,470.09,471.75,5494.404
1773655200000,471.74,476.27,471.51,474.21,13932.584
1773658800000,474.21,475.91,472.61,473.89,9595.869
1773662400000,473.89,476.89,472.81,474.97,17663.103
1773666000000,474.96,479.91,474.82,477.52,15533.719
1773669600000,477.54,479.07,473.41,477.38,14534.167
1773673200000,477.38,479.52,475.47,475.89,10145.423
1773676800000,475.88,479.21,475.37,478.85,7287.256
1773680400000,478.86,479.64,477.2,478.3,8210.283
1773684000000,478.3,480.48,477.8,478.42,8146.968
1773687600000,478.42,482.11,477.88,479.46,8327.915
1773691200000,479.46,481.6,479.13,481.03,5046.535
1773694800000,481.03,483.5,479.45,480.66,9724.743
1773698400000,480.65,483.58,480.2,480.71,6308.331
1773702000000,480.71,480.71,476.71,478.58,8607.326
1773705600000,478.57,480.68,476.7,478.16,12390.465
1773709200000,478.15,480.87,476.61,477.96,11952.479
1773712800000,477.97,479.65,475.64,477.78,6518.122
1773716400000,477.77,477.77,473.32,474.99,10260.962
1773720000000,474.99,475.6,470.92,473.13,8822.557
1773723600000,473.12,474.9,472.18,474.0,5180.034
1773727200000,473.99,474.4,472.25,472.86,4494.727
1773730800000,472.86,475.57,472.75,473.46,4409.036
1773734400000,473.46,474.34,472.33,472.75,4962.768
1773738000000,472.75,474.73,471.94,473.18,5314.501
1773741600000,473.17,474.3,471.64,473.48,5425.207
1773745200000,473.48,475.61,473.35,474.65,4594.939
1773748800000,474.66,475.98,472.5,473.0,4746.652
1773752400000,472.99,474.92,471.72,473.13,6389.867
1773756000000,473.14,475.51,472.37,475.18,5962.814
1773759600000,475.19,477.52,470.35,472.35,11082.042
1773763200000,472.36,475.21,471.56,474.21,5521.926
1773766800000,474.22,476.14,473.85,475.71,3652.329
1773770400000,475.71,476.96,474.92,475.7,5818.713
1773774000000,475.71,476.0,473.68,474.02,4121.447
1773777600000,474.02,474.62,473.03,473.86,2135.543
1773781200000,473.85,475.49,473.59,475.1,3026.981
1773784800000,475.09,475.85,471.92,473.24,3540.19
1773788400000,473.25,473.33,469.81,470.33,4971.206
1773792000000,470.33,471.68,469.37,471.41,7720.211
1773795600000,471.41,471.93,469.94,470.18,3324.477
1773799200000,470.18,472.31,469.6,471.55,3932.856
1773802800000,471.56,472.22,470.12,470.32,4310.302
1773806400000,470.32,470.83,469.33,470.37,4500.432
1773810000000,470.38,472.36,469.77,470.38,4779.884
1773813600000,470.39,471.48,470.09,470.46,2208.9
1773817200000,470.46,470.46,468.7,469.85,4138.374
1773820800000,469.85,471.19,468.85,469.04,3798.626
1773824400000,469.03,469.32,468.23,469.16,3972.659
1773828000000,469.14,469.39,467.25,468.02,4469.251
1773831600000,468.02,468.11,461.54,462.12,19733.368
1773835200000,462.12,462.12,455.65,456.28,21290.472
1773838800000,456.29,457.0,453.4,454.41,15252.785
1773842400000,454.42,454.51,448.13,448.38,15569.797
1773846000000,448.39,449.97,446.08,448.08,15325.867
1773849600000,448.07,449.28,446.28,448.03,8172.471
1773853200000,448.03,457.65,447.14,452.5,32467.384
1773856800000,452.5,455.04,451.0,452.07,10901.152
1773860400000,452.06,453.76,451.56,452.02,6457.762
1773864000000,452.03,455.55,450.73,454.57,6268.354
1773867600000,454.56,457.93,454.31,457.8,5092.251
1773871200000,457.79,457.97,454.59,455.1,7799.214
1773874800000,455.1,456.8,454.36,456.54,4799.776
1773878400000,456.56,457.16,454.84,454.95,4699.54
1773882000000,454.95,455.49,453.86,454.65,3626.748
1773885600000,454.64,456.82,453.45,455.75,3429.904
1773889200000,455.75,459.99,455.74,456.88,9286.551
1773892800000,456.88,457.63,455.74,457.08,3974.781
1773896400000,457.08,457.45,455.57,456.19,2754.109
1773900000000,456.18,458.11,454.16,454.71,6459.487
1773903600000,454.71,459.32,449.27,455.99,34287.738
1773907200000,455.99,457.78,453.91,456.01,14515.992
1773910800000,456.01,460.06,455.52,459.41,7236.758
1773914400000,459.41,460.06,457.07,457.23,4548.936
1773918000000,457.22,457.8,455.14,455.19,3673.317
1773921600000,455.2,455.35,452.33,452.72,8422.753
1773925200000,452.72,456.94,451.83,456.93,10746.089
1773928800000,456.94,459.07,454.44,456.88,11626.911
1773932400000,456.87,458.14,452.26,453.39,11104.116
1773936000000,453.39,453.95,451.6,453.13,7094.158
1773939600000,453.13,456.47,451.48,455.9,6891.615
1773943200000,455.9,456.76,454.28,455.31,3599.807
1773946800000,455.3,457.99,455.27,455.98,7817.513
1773950400000,455.98,458.37,455.73,456.92,4721.641
1773954000000,456.92,457.26,455.0,455.32,3299.994
1773957600000,455.32,455.75,453.21,454.99,7586.737
1773961200000,454.98,456.18,453.86,455.32,4893.142
1773964800000,455.31,458.48,454.72,457.94,7069.087
1773968400000,457.93,461.58,456.64,461.42,9942.66
1773972000000,461.42,463.31,458.95,462.2,12687.789
1773975600000,462.2,464.94,461.44,464.23,10076.912
1773979200000,464.23,465.35,462.62,464.32,8132.534
1773982800000,464.31,464.4,461.48,461.95,6989.307
1773986400000,461.94,464.08,460.3,463.74,10530.406
1773990000000,463.73,468.63,461.56,466.63,16271.425
1773993600000,466.62,470.67,465.92,469.7,17428.44
1773997200000,469.7,469.82,457.73,463.56,45612.422
1774000800000,463.56,463.98,461.54,463.56,7385.993
1774004400000,463.56,469.59,463.47,467.28,26053.552
1774008000000,467.28,469.17,466.05,466.95,8422.369
1774011600000,466.96,468.08,463.75,465.11,13959.646
1774015200000,465.11,472.0,463.89,468.52,21666.189
1774018800000,468.53,471.83,467.46,468.87,8608.857
1774022400000,468.87,469.94,466.41,467.9,7908.784
1774026000000,467.9,469.05,465.3,467.7,6904.64
1774029600000,467.7,467.9,464.19,466.61,10062.308
1774033200000,466.61,468.8,466.15,468.64,7986.768
1774036800000,468.64,469.04,464.87,467.62,7061.077
1774040400000,467.63,471.0,466.31,470.24,8677.793
1774044000000,470.25,474.8,470.25,472.31,11354.993
1774047600000,472.32,474.79,470.54,474.23,14011.749
1774051200000,474.22,476.95,472.07,472.34,11228.201
1774054800000,472.34,472.74,470.14,470.95,4835.451
1774058400000,470.95,471.9,469.94,471.45,3657.912
1774062000000,471.45,471.5,469.57,470.56,4677.359
1774065600000,470.55,471.75,470.25,470.38,2736.892
1774069200000,470.38,471.73,470.37,471.19,2163.23
1774072800000,471.19,471.92,464.75,468.61,23198.387
1774076400000,468.6,468.6,464.52,467.94,20532.965
1774080000000,467.94,469.67,466.91,469.15,8667.899
1774083600000,469.15,470.06,467.04,469.19,5253.198
1774087200000,469.19,469.37,467.79,467.88,3251.244
1774090800000,467.87,468.17,466.02,467.63,5136.23
1774094400000,467.62,468.68,467.41,467.9,3177.876
1774098000000,467.89,469.06,466.32,468.43,5511.954
1774101600000,468.44,470.13,467.29,467.83,6760.611
1774105200000,467.82,468.82,465.39,465.85,7304.674
1774108800000,465.85,467.63,465.18,466.03,7183.047
1774112400000,466.03,468.21,466.02,467.34,5427.83
1774116000000,467.35,469.72,467.05,468.74,3860.702
1774119600000,468.74,469.46,467.0,467.4,3879.477
1774123200000,467.4,467.9,466.57,467.88,2590.916
1774126800000,467.87,468.81,467.4,468.32,2669.143
1774130400000,468.32,468.96,466.97,467.37,2497.236
1774134000000,467.37,467.38,459.32,462.15,19943.637
1774137600000,462.14,462.14,456.86,458.25,24692.928
1774141200000,458.24,460.07,457.74,459.48,8815.368
1774144800000,459.47,461.36,458.08,460.27,7914.237
1774148400000,460.26,469.21,459.15,464.34,43395.439
1774152000000,464.35,469.03,464.01,468.01,10504.467
1774155600000,468.01,468.38,465.94,466.48,7012.14
1774159200000,466.47,466.5,465.15,466.18,3391.985
1774162800000,466.17,467.09,464.28,464.39,4635.83
1774166400000,464.39,468.44,462.78,466.78,20921.996
1774170000000,466.79,467.44,464.96,465.46,6496.475
1774173600000,465.45,466.71,465.16,465.6,4744.939
1774177200000,465.6,468.8,464.84,464.95,12098.567
1774180800000,464.95,468.11,464.81,467.53,6499.979
1774184400000,467.53,469.22,466.72,467.6,8410.805
1774188000000,467.6,469.24,466.02,467.58,6769.48
1774191600000,467.57,469.9,466.3,468.55,11093.155
1774195200000,468.55,469.2,468.13,468.31,3294.881
1774198800000,468.3,468.3,466.96,467.17,4190.708
1774202400000,467.16,468.12,464.81,466.66,7160.655
1774206000000,466.65,467.0,464.48,465.29,4783.96
1774209600000,465.29,466.47,464.83,465.08,5132.354
1774213200000,465.07,468.4,460.69,466.12,24266.338
1774216800000,466.13,469.49,464.51,469.14,9233.936
1774220400000,469.15,470.99,466.97,467.1,8406.532
1774224000000,467.1,467.64,463.63,465.74,12569.25
1774227600000,465.86,470.5,465.42,468.42,9568.292
1774231200000,468.42,472.79,467.7,471.35,13230.723
1774234800000,471.36,472.62,467.96,468.42,7553.638
1774238400000,468.43,468.63,466.46,467.75,8256.075
1774242000000,467.74,469.09,466.32,467.89,5687.271
1774245600000,467.88,467.88,462.51,464.31,11637.341
1774249200000,464.34,467.67,462.85,466.14,14443.358
1774252800000,466.15,468.84,465.59,466.07,6370.234
1774256400000,466.06,466.71,464.06,466.69,4898.679
1774260000000,466.7,469.22,466.7,468.5,7359.534
1774263600000,468.49,487.66,468.07,475.72,99515.939
1774267200000,475.72,482.57,474.05,481.93,30733.369
1774270800000,481.93,484.0,479.76,482.0,13807.569
1774274400000,482.0,483.08,479.04,480.74,13656.61
1774278000000,480.73,481.4,476.76,477.88,11990.138
1774281600000,477.88,479.99,477.6,479.81,8930.265
1774285200000,479.81,480.55,475.18,478.66,16782.628
1774288800000,478.65,479.97,477.81,478.3,8642.075
1774292400000,478.29,480.08,475.9,476.51,8538.378
1774296000000,476.51,478.4,476.39,478.38,4702.069
1774299600000,478.37,479.93,476.2,476.23,5122.321
1774303200000,476.24,477.43,475.38,477.21,4654.653
1774306800000,477.19,478.08,475.5,477.66,3918.53
1774310400000,477.66,478.5,474.22,474.59,8764.087
1774314000000,474.6,477.33,472.64,473.31,11313.805
1774317600000,473.31,474.83,471.0,471.31,9554.607
1774321200000,471.31,474.09,471.0,473.87,6744.601
1774324800000,473.88,474.0,472.14,473.67,4194.676
1774328400000,473.68,476.95,472.07,474.96,8343.589
1774332000000,474.95,476.13,473.68,475.68,5312.713
1774335600000,475.67,476.94,475.1,476.49,6788.35
1774339200000,476.48,477.94,475.96,476.88,8367.773
1774342800000,476.88,479.83,476.45,479.23,6186.987
1774346400000,479.23,479.36,468.18,471.99,61399.303
1774350000000,471.99,474.07,470.97,473.07,8212.238
1774353600000,473.07,473.7,472.35,472.86,4639.159
1774357200000,472.85,473.35,469.82,471.55,8421.021
1774360800000,471.52,473.06,469.44,470.78,9200.481
1774364400000,470.78,474.71,470.68,473.99,8084.691
1774368000000,473.98,475.44,473.28,474.94,7078.665
1774371600000,474.94,475.24,470.66,472.46,9677.96
1774375200000,472.46,474.9,472.0,473.24,4466.367
1774378800000,473.24,473.9,472.44,473.76,3017.44
1774382400000,473.75,476.39,472.78,476.03,5745.445
1774386000000,476.03,478.0,475.4,477.59,5244.093
1774389600000,477.58,478.19,476.62,477.49,4354.058
1774393200000,477.49,478.22,476.88,477.0,4119.468
1774396800000,476.99,478.31,475.85,477.72,6421.151
1774400400000,477.72,478.25,476.86,477.19,3224.77
1774404000000,477.18,477.92,476.17,477.41,2914.622
1774407600000,477.4,479.02,476.34,478.8,3717.366
1774411200000,478.79,479.81,477.56,478.5,4529.166
1774414800000,478.49,480.0,477.49,477.66,4111.726
1774418400000,477.65,478.04,475.82,476.21,3834.108
1774422000000,476.22,478.86,474.0,477.91,9451.19
1774425600000,477.91,479.96,477.49,478.25,5856.48
1774429200000,478.25,478.69,477.25,478.36,3779.656
1774432800000,478.37,479.35,478.04,478.12,2666.871
1774436400000,478.12,479.31,476.68,477.29,5737.261
1774440000000,477.3,478.46,476.21,477.48,4758.708
1774443600000,477.47,477.74,474.43,475.76,8005.212
1774447200000,475.76,477.0,475.08,475.47,4133.774
1774450800000,475.49,476.5,472.91,476.1,8650.517
1774454400000,476.1,479.15,476.01,477.28,6410.755
1774458000000,477.28,477.45,475.37,475.89,3097.178
1774461600000,475.9,476.71,474.64,475.0,3363.752
1774465200000,475.01,475.69,473.4,473.9,3818.544
1774468800000,473.92,473.94,472.77,472.9,3226.096
1774472400000,472.9,473.1,471.72,472.31,3872.879
1774476000000,472.31,474.71,471.15,473.69,6228.04
1774479600000,473.7,473.92,472.22,473.28,3802.01
1774483200000,473.27,473.73,471.85,473.0,3594.529
1774486800000,473.0,473.25,471.94,472.24,2457.796
1774490400000,472.24,472.66,470.01,471.28,7502.353
1774494000000,471.28,471.28,469.77,470.26,6730.319
1774497600000,470.29,470.62,469.49,469.86,3448.236
1774501200000,469.85,469.97,466.0,467.3,7678.43
1774504800000,467.3,474.0,464.12,468.01,36336.851
1774508400000,468.02,469.14,466.62,466.69,9786.622
1774512000000,466.69,467.44,465.66,467.32,5094.909
1774515600000,467.33,468.02,463.71,464.71,8456.56
1774519200000,464.72,464.74,462.11,462.22,6648.235
1774522800000,462.22,463.28,460.8,461.66,9290.224
1774526400000,461.66,462.74,461.4,461.79,4401.158
1774530000000,461.8,465.12,461.15,464.02,8609.16
1774533600000,464.03,464.45,462.43,464.17,4699.504
1774537200000,464.16,464.16,460.82,461.52,8286.965
1774540800000,461.52,462.87,460.21,461.66,6897.481
1774544400000,461.66,463.76,461.5,462.04,3965.337
1774548000000,462.03,462.85,459.62,460.72,7601.512
1774551600000,460.71,460.72,458.49,459.7,4669.726
1774555200000,459.72,464.02,459.57,462.23,10463.302
1774558800000,462.22,462.35,460.24,461.54,7394.453
1774562400000,461.55,462.07,459.31,461.13,4885.35
1774566000000,461.12,462.23,460.96,461.71,5203.733
1774569600000,461.71,463.83,461.39,463.22,6484.766
1774573200000,463.22,464.69,463.21,464.26,4409.169
1774576800000,464.27,465.69,464.27,464.89,2942.935
1774580400000,464.89,465.41,462.99,463.57,4222.941
1774584000000,463.57,465.25,461.65,463.85,8082.664
1774587600000,463.85,471.99,463.49,471.71,25022.91
1774591200000,471.71,473.14,465.42,467.36,20245.038
1774594800000,467.36,469.5,457.75,458.23,24341.783
1774598400000,458.24,465.45,458.18,465.08,19196.099
1774602000000,465.06,468.2,463.09,466.09,18895.664
1774605600000,466.08,467.11,460.2,460.71,17414.548
1774609200000,460.71,462.59,459.3,461.43,11164.943
1774612800000,461.43,464.53,460.68,462.85,12131.196
1774616400000,462.85,464.36,460.32,461.16,10598.322
1774620000000,461.15,464.52,460.12,464.09,19544.759
1774623600000,464.06,469.78,463.88,466.45,20715.955
1774627200000,466.44,469.29,465.24,468.72,11732.224
1774630800000,468.71,471.28,463.53,464.65,17874.948
1774634400000,464.65,467.85,464.12,466.86,8890.596
1774638000000,466.85,467.21,464.84,465.75,7922.669
1774641600000,465.75,469.08,465.57,468.68,6362.93
1774645200000,468.68,471.68,468.68,469.8,9575.413
1774648800000,469.8,471.98,469.73,471.21,4942.689
1774652400000,471.21,472.71,470.18,472.32,8304.033
1774656000000,472.33,474.95,471.84,474.35,12922.141
1774659600000,474.34,475.76,471.41,474.08,9771.533
1774663200000,474.07,477.23,471.77,473.38,12072.737
1774666800000,473.38,475.34,473.03,474.82,4503.513
1774670400000,474.79,475.06,470.44,473.26,8489.47
1774674000000,473.26,474.14,471.88,473.87,4029.813
1774677600000,473.86,476.68,473.41,476.01,7114.657
1774681200000,476.0,479.54,475.81,479.21,10479.062
1774684800000,479.21,479.62,475.31,476.83,10273.107
1774688400000,476.82,478.0,475.71,477.89,4645.87
1774692000000,477.88,479.22,473.95,475.89,8231.978
1774695600000,475.89,477.89,475.59,477.49,3872.405
1774699200000,477.49,478.31,475.7,478.15,6172.947
1774702800000,478.16,483.44,478.07,481.02,19597.546
1774706400000,481.03,482.23,478.57,480.2,11342.605
1774710000000,480.21,483.34,480.21,482.21,9500.144
1774713600000,482.23,483.6,481.51,481.91,12282.703
1774717200000,481.92,483.5,481.03,481.98,8337.906
1774720800000,481.98,483.53,481.6,483.29,3803.897
1774724400000,483.29,483.41,480.82,482.26,7745.031
1774728000000,482.26,483.26,481.56,481.63,3673.136
1774731600000,481.63,482.92,480.73,482.38,6472.474
1774735200000,482.38,482.95,480.88,482.91,3695.62
1774738800000,482.9,483.18,477.82,480.74,17968.137
1774742400000,480.74,481.89,480.16,481.67,5345.128
1774746000000,481.67,483.74,481.46,483.55,6613.627
1774749600000,483.56,483.97,482.91,483.78,5683.056
1774753200000,483.78,484.0,482.35,483.52,5886.461
1774756800000,483.52,484.0,482.59,482.59,5115.121
1774760400000,482.59,483.85,481.19,483.15,4684.965
1774764000000,483.16,484.0,482.46,483.7,4365.974
1774767600000,483.7,483.74,481.65,482.42,3483.618
1774771200000,482.42,483.75,481.64,483.02,3968.617
1774774800000,483.02,483.58,481.27,481.97,5007.273
1774778400000,481.96,482.5,480.57,480.97,5272.755
1774782000000,480.98,482.77,480.69,482.15,4173.372
1774785600000,482.16,482.61,481.07,481.53,4355.9
1774789200000,481.54,481.65,477.27,477.85,15783.28
1774792800000,477.85,478.06,457.52,459.15,115274.992
1774796400000,459.14,462.0,457.15,458.84,27755.81
1774800000000,458.85,458.85,450.77,451.33,31039.996
1774803600000,451.34,454.79,449.07,453.01,21489.043
1774807200000,453.01,453.75,450.13,452.31,10770.573
1774810800000,452.31,455.19,451.07,454.24,8459.224
1774814400000,454.24,455.33,453.38,453.59,6434.833
1774818000000,453.59,454.68,452.0,454.32,6241.18
1774821600000,454.31,454.31,446.52,451.46,24196.383
1774825200000,451.46,453.39,447.82,452.42,18157.256
1774828800000,452.43,455.78,450.23,454.96,17846.965
1774832400000,454.97,456.06,453.5,455.74,10298.968
1774836000000,455.75,460.45,454.3,458.47,16544.337
1774839600000,458.47,458.81,455.1,456.49,12726.155
1774843200000,456.49,456.67,453.82,455.78,15063.983
1774846800000,455.79,456.78,453.93,454.44,10457.936
1774850400000,454.43,454.88,453.8,454.06,5420.515
1774854000000,454.05,454.4,451.58,452.96,10322.855
1774857600000,452.95,454.95,452.24,453.44,11125.269
1774861200000,453.44,454.55,452.15,453.99,6416.79
1774864800000,453.99,455.09,452.82,454.14,5540.091
1774868400000,454.15,457.78,453.61,456.08,9255.0
1774872000000,456.08,459.07,455.35,458.67,10983.774
1774875600000,458.66,459.25,456.31,456.76,15983.863
1774879200000,456.77,460.56,455.48,459.82,17467.403
1774882800000,459.82,465.95,459.05,464.82,25514.751
1774886400000,464.81,467.12,463.18,466.86,14493.278
1774890000000,466.86,467.17,462.24,463.7,19621.511
1774893600000,463.7,464.35,459.29,460.45,9506.429
1774897200000,460.41,461.58,456.68,459.14,9953.945
1774900800000,459.13,460.21,457.14,458.81,5568.488
1774904400000,458.81,462.55,458.46,461.35,5544.688
1774908000000,461.36,462.22,459.86,460.52,4428.522
1774911600000,460.52,460.52,457.88,459.93,6211.883
1774915200000,459.94,464.44,459.67,463.91,12499.606
1774918800000,463.91,468.13,462.76,466.07,12584.008
1774922400000,466.06,466.19,463.35,465.37,5279.347
1774926000000,465.36,466.61,464.24,466.61,5113.774
1774929600000,466.6,467.47,465.04,466.07,4818.859
1774933200000,466.07,470.2,464.66,469.22,9586.313
1774936800000,469.22,469.55,467.27,468.93,6473.402
1774940400000,468.93,470.15,467.12,469.82,9194.27
1774944000000,469.82,471.93,467.39,467.98,13054.173
1774947600000,467.99,468.19,464.18,465.4,12308.912
1774951200000,465.4,468.04,465.05,467.33,9858.173
1774954800000,467.32,469.12,466.13,466.94,11137.262
1774958400000,466.94,468.87,464.72,467.62,11045.713
1774962000000,467.62,471.45,466.2,470.64,17840.144
1774965600000,470.63,475.37,469.78,470.68,23018.842
1774969200000,470.69,474.8,469.35,469.59,18820.869
1774972800000,469.6,474.7,469.08,473.5,15235.149
1774976400000,473.49,478.0,472.91,474.41,15725.431
1774980000000,474.41,476.3,471.53,472.73,7963.926
1774983600000,472.72,473.15,469.96,470.56,5314.469
1774987200000,470.56,471.94,469.39,470.01,6279.633
1774990800000,470.01,470.18,463.61,464.07,21514.147
1774994400000,464.07,468.07,463.58,466.45,12689.555
1774998000000,466.45,467.9,466.05,466.37,5284.344
1775001600000,466.37,466.53,463.17,465.33,8695.647
1775005200000,465.33,465.53,461.0,462.01,8994.179
1775008800000,462.01,462.41,460.0,460.5,7403.987
1775012400000,460.5,464.51,460.34,462.91,8083.768
1775016000000,462.91,464.09,461.34,461.88,9273.2
1775019600000,461.87,463.74,461.59,462.24,5782.55
1775023200000,462.23,466.0,462.23,463.84,11322.597
1775026800000,463.85,464.89,459.69,460.3,11884.411
1775030400000,460.3,461.87,460.01,460.5,7172.805
1775034000000,460.5,460.67,458.58,458.85,7483.106
1775037600000,458.85,461.42,457.8,461.32,6731.488
1775041200000,461.31,463.31,461.24,462.1,6293.68
1775044800000,462.1,462.78,459.08,459.29,9061.714
1775048400000,459.28,461.21,457.48,459.2,9911.749
1775052000000,459.19,461.57,458.87,459.56,9490.573
1775055600000,459.56,460.66,457.36,458.77,11784.301
1775059200000,458.78,460.24,458.08,458.46,6667.403
1775062800000,458.46,460.33,457.91,458.47,7627.08
1775066400000,458.47,458.56,455.91,457.04,7082.896
1775070000000,457.04,457.13,455.24,455.33,3550.557
1775073600000,455.34,455.82,454.53,454.75,4849.399
1775077200000,454.76,455.29,453.62,454.55,6063.939
1775080800000,454.54,455.71,453.51,453.95,6242.685
1775084400000,453.95,455.0,453.47,454.99,3608.349
1775088000000,454.99,455.56,453.74,454.66,5790.993
1775091600000,454.65,454.83,449.27,449.93,21069.743
1775095200000,449.92,451.0,447.03,448.04,11971.498
1775098800000,448.03,448.03,444.62,444.78,14295.227
1775102400000,444.77,445.9,442.0,442.26,10293.422
1775106000000,442.26,444.54,439.24,442.01,20361.848
1775109600000,442.01,443.75,440.0,440.18,7065.827
1775113200000,440.18,442.0,440.08,441.23,6884.798
1775116800000,441.23,444.78,441.03,443.11,8708.437
1775120400000,443.1,445.8,443.04,445.08,7255.848
1775124000000,445.08,445.83,443.47,444.02,4909.259
1775127600000,444.03,445.44,442.14,443.87,5838.073
1775131200000,443.87,444.32,440.92,441.68,7395.84
1775134800000,441.68,444.26,440.72,444.16,11372.665
1775138400000,444.13,448.56,443.82,445.91,15320.797
1775142000000,445.91,445.91,442.0,442.41,7308.962
1775145600000,442.41,445.1,442.08,444.1,6951.459
1775149200000,444.1,445.13,439.35,440.82,11893.713
1775152800000,440.82,442.22,440.59,441.5,3745.369
1775156400000,441.5,442.34,439.29,442.29,4448.189
1775160000000,442.29,442.73,441.15,442.34,3486.291
1775163600000,442.34,443.49,442.11,443.44,3018.419
1775167200000,443.44,444.55,443.18,444.03,3299.111
1775170800000,444.04,445.31,443.38,443.9,4245.02
1775174400000,443.91,445.28,443.68,443.75,4690.578
1775178000000,443.74,444.57,443.14,444.18,2719.788
1775181600000,444.18,444.75,442.39,443.98,4245.901
1775185200000,443.99,444.73,443.8,444.64,3602.493
1775188800000,444.65,445.24,443.8,444.62,3285.465
1775192400000,444.63,446.33,443.82,443.91,6175.679
1775196000000,443.91,444.78,443.25,444.01,4962.239
1775199600000,444.01,445.28,443.8,444.43,3120.475
1775203200000,444.43,445.39,442.54,443.32,4940.403
1775206800000,443.31,443.44,441.27,441.85,6210.595
1775210400000,441.84,443.25,440.72,443.01,4607.443
1775214000000,443.01,443.88,442.22,443.25,2531.809
1775217600000,443.24,445.98,441.86,442.02,7914.684
1775221200000,442.02,442.32,440.83,442.01,4645.402
1775224800000,442.01,442.56,441.0,441.92,3306.323
1775228400000,441.91,441.96,439.72,440.28,6505.714
1775232000000,440.27,442.43,439.28,441.8,6514.433
1775235600000,441.8,442.0,440.17,442.0,3330.889
1775239200000,441.99,442.7,441.58,441.72,2948.269
1775242800000,441.73,441.74,440.52,441.6,3033.692
1775246400000,441.59,443.85,441.29,443.25,5601.205
1775250000000,443.25,444.32,443.01,443.41,6492.016
1775253600000,443.4,443.66,441.99,443.2,2283.105
1775257200000,443.19,443.22,442.0,442.79,2582.95
1775260800000,442.79,443.73,442.05,442.26,3014.744
1775264400000,442.26,442.71,441.65,442.4,3496.776
1775268000000,442.39,443.04,441.66,443.04,2981.53
1775271600000,443.04,443.69,442.71,443.33,3048.647
1775275200000,443.33,443.78,443.09,443.09,1323.275
1775278800000,443.09,443.8,442.73,443.57,1551.242
1775282400000,443.57,444.0,443.01,443.52,2869.198
1775286000000,443.52,443.56,442.2,442.56,3152.333
1775289600000,442.56,443.8,442.15,442.79,2833.766
1775293200000,442.79,442.98,442.0,442.16,2657.833
1775296800000,442.16,442.55,441.54,442.52,4088.521
1775300400000,442.53,442.58,441.62,442.42,2158.832
1775304000000,442.41,442.8,441.98,442.23,1678.333
1775307600000,442.23,445.16,441.9,443.17,6077.793
1775311200000,443.17,444.15,442.14,442.51,3298.514
1775314800000,442.51,443.47,442.11,442.45,3652.821
1775318400000,442.45,442.92,441.77,441.86,4517.767
1775322000000,441.86,442.92,441.53,441.61,2536.778
1775325600000,441.62,441.62,440.66,441.21,3738.075
1775329200000,441.21,442.53,440.66,440.9,3220.795
1775332800000,440.91,442.06,440.61,441.68,2736.616
1775336400000,441.68,443.62,441.04,441.93,3958.137
1775340000000,441.94,442.21,441.39,441.62,2338.724
1775343600000,441.62,441.62,440.71,440.8,3225.519
1775347200000,440.81,443.6,439.67,441.18,10173.145
1775350800000,441.19,441.21,440.04,440.06,2713.074
1775354400000,440.09,441.12,439.63,440.6,3226.233
1775358000000,440.6,440.64,439.68,440.03,2289.268
1775361600000,440.03,440.52,432.78,435.45,19097.021
1775365200000,435.45,437.72,434.08,436.31,19385.104
1775368800000,436.31,436.66,434.29,435.57,12834.512
1775372400000,435.57,436.1,434.54,435.44,3981.304
1775376000000,435.43,435.64,434.69,434.87,3211.868
1775379600000,434.88,435.92,434.46,435.6,6228.091
1775383200000,435.6,436.18,434.7,434.7,2202.949
1775386800000,434.7,435.08,432.3,432.76,9722.152
1775390400000,432.77,432.95,426.04,427.27,24216.741
1775394000000,427.27,427.59,425.47,426.5,10178.598
1775397600000,426.51,426.79,424.06,424.07,12973.821
1775401200000,424.08,424.53,420.02,421.09,31051.215
1775404800000,421.06,426.17,420.71,425.69,16853.516
1775408400000,425.69,427.96,424.84,425.99,7436.506
1775412000000,426.0,427.88,425.0,427.17,5595.815
1775415600000,427.17,427.26,424.11,425.32,6536.038
1775419200000,425.32,425.87,423.8,425.19,6751.922
1775422800000,425.18,425.82,421.99,422.03,8171.048
1775426400000,422.02,425.53,421.51,425.28,10484.248
1775430000000,425.29,430.0,424.25,428.33,20730.977
1775433600000,428.33,432.48,428.33,431.3,18413.377
1775437200000,431.3,432.6,430.38,431.56,10865.594
1775440800000,431.57,434.92,431.54,433.64,11196.772
1775444400000,433.63,434.64,431.87,432.77,6781.482
1775448000000,432.78,434.52,432.0,433.97,5090.904
1775451600000,433.97,436.11,433.37,435.72,7941.78
1775455200000,435.73,436.15,432.75,434.42,12627.195
1775458800000,434.42,436.89,433.54,435.84,5433.174
1775462400000,435.84,438.0,435.78,436.01,8518.551
1775466000000,436.0,439.94,435.64,437.42,14323.328
1775469600000,437.42,440.46,437.42,439.41,16020.958
1775473200000,439.4,439.4,437.11,438.83,7933.0
1775476800000,438.83,439.68,437.36,437.76,5397.715
1775480400000,437.76,439.22,436.77,437.32,8888.273
1775484000000,437.33,439.6,436.45,438.29,7561.203
1775487600000,438.29,438.64,436.92,438.13,4417.729
1775491200000,438.14,438.45,436.63,436.84,6349.801
1775494800000,436.84,438.07,435.38,437.19,7920.044
1775498400000,437.2,438.36,436.74,437.18,4339.638
1775502000000,437.18,437.18,435.83,436.26,2691.557
1775505600000,436.27,438.57,436.02,437.76,8150.33
1775509200000,437.76,438.59,437.45,437.76,2441.958
1775512800000,437.76,438.01,434.04,434.19,7870.197
1775516400000,434.18,435.9,432.13,434.83,10404.249
1775520000000,434.82,437.8,433.18,433.18,9827.569
1775523600000,433.18,433.82,429.67,430.91,7358.439
1775527200000,430.91,433.5,430.38,432.47,4979.514
1775530800000,432.47,433.59,431.98,432.15,3961.846
1775534400000,432.16,433.25,431.5,432.83,2556.81
1775538000000,432.83,432.92,431.82,432.58,2025.843
1775541600000,432.59,433.07,429.6,430.59,8263.079
1775545200000,430.6,431.62,430.08,430.72,3169.21
1775548800000,430.73,433.09,430.62,432.75,3796.213
1775552400000,432.76,434.06,432.49,433.06,3525.038
1775556000000,433.07,434.46,431.12,431.51,7064.306
1775559600000,431.51,432.46,430.32,432.18,4585.419
1775563200000,432.19,433.31,430.8,432.27,12032.933
1775566800000,432.27,434.17,432.0,432.39,6182.933
1775570400000,432.4,433.23,429.73,431.57,8986.257
1775574000000,431.57,434.92,431.14,432.85,7532.619
1775577600000,432.85,434.77,432.65,433.47,4726.92
1775581200000,433.46,435.93,432.76,434.54,6275.73
1775584800000,434.54,435.03,432.07,432.73,5740.745
1775588400000,432.72,435.48,432.41,435.36,5422.04
1775592000000,435.36,437.31,435.25,436.87,5954.433
1775595600000,436.88,442.28,436.87,440.29,21093.545
1775599200000,440.29,445.42,440.29,445.19,22477.468
1775602800000,445.19,448.0,443.67,445.6,25839.651
1775606400000,445.6,446.1,441.52,442.11,10702.23
1775610000000,442.11,443.61,441.69,442.85,4621.517
1775613600000,442.85,444.37,442.75,443.61,6653.87
1775617200000,443.61,443.81,441.84,442.64,3274.065
1775620800000,442.64,444.46,442.63,443.13,5387.221
1775624400000,443.15,444.18,442.62,443.12,7057.171
1775628000000,443.12,443.48,442.32,442.89,3259.162
1775631600000,442.89,445.7,442.52,443.9,4970.01
1775635200000,443.9,445.65,443.72,445.45,3807.871
1775638800000,445.45,447.31,445.15,446.93,6137.197
1775642400000,446.93,447.04,445.52,445.77,3241.117
1775646000000,445.77,446.2,443.72,445.45,5179.517
1775649600000,445.45,448.92,445.31,448.16,7899.185
1775653200000,448.16,449.55,446.75,447.81,10216.64
1775656800000,447.77,447.99,441.75,443.07,14135.548
1775660400000,443.07,445.33,442.9,444.79,4453.235
1775664000000,444.78,445.54,443.64,443.86,3277.893
1775667600000,443.86,445.89,443.21,445.76,4317.106
1775671200000,445.76,445.85,443.25,443.35,4050.613
1775674800000,443.35,443.62,442.0,442.38,4497.865
1775678400000,442.38,443.26,442.06,442.48,3027.169
1775682000000,442.48,443.96,441.86,443.22,3405.285
1775685600000,443.22,443.45,440.84,440.96,4648.493
1775689200000,440.96,441.47,439.32,441.07,4024.628
1775692800000,441.07,441.6,439.69,441.35,6044.042
1775696400000,441.35,441.53,439.64,440.8,4810.579
1775700000000,440.79,441.94,440.56,441.79,4535.3
1775703600000,441.78,441.93,439.84,440.79,2737.708
1775707200000,440.8,440.95,438.09,439.17,4938.096
1775710800000,439.17,441.75,438.87,441.23,4380.563
1775714400000,441.23,442.17,440.06,441.89,4042.098
1775718000000,441.89,445.46,441.89,443.43,9786.447
1775721600000,443.44,444.16,441.87,442.7,7417.175
1775725200000,442.7,443.81,441.86,443.38,3811.244
1775728800000,443.39,443.39,442.1,442.36,2795.44
1775732400000,442.36,442.36,439.12,440.93,7164.953
1775736000000,440.93,441.41,439.88,440.5,2926.715
1775739600000,440.5,440.82,433.6,435.15,25871.005
1775743200000,435.14,436.12,432.41,435.96,14462.612
1775746800000,435.95,441.88,435.14,440.91,19499.269
1775750400000,440.91,442.74,440.12,441.9,9685.866
1775754000000,441.89,444.69,441.84,444.18,11068.844
1775757600000,444.17,444.87,442.42,444.29,4146.869
1775761200000,444.28,446.66,443.94,444.61,6020.171
1775764800000,444.6,445.16,444.1,444.5,2958.48
1775768400000,444.5,445.13,442.97,443.51,5847.3
1775772000000,443.51,446.4,442.94,443.07,5584.143
1775775600000,443.06,444.4,442.34,442.88,5478.633
1775779200000,442.88,443.7,441.85,443.52,4516.203
1775782800000,443.52,446.03,442.35,444.47,4405.134
1775786400000,444.48,445.09,443.72,444.26,4118.403
1775790000000,444.26,444.26,442.08,442.91,3632.051
1775793600000,442.91,443.6,442.05,442.88,2864.994
1775797200000,442.87,443.26,440.07,440.3,4813.958
1775800800000,440.3,440.92,439.32,439.42,3896.302
1775804400000,439.43,439.62,436.77,436.91,8045.995
1775808000000,436.92,437.07,433.34,436.69,11598.659
1775811600000,436.69,439.5,436.12,438.46,9904.498
1775815200000,438.46,439.87,438.34,439.51,2648.531
1775818800000,439.51,442.43,439.39,442.2,5503.727
1775822400000,442.2,442.66,440.5,442.32,5551.288
1775826000000,442.32,442.82,441.16,442.48,3290.781
1775829600000,442.48,444.91,441.97,444.34,9809.819
1775833200000,444.33,445.06,441.91,442.57,5887.008
1775836800000,442.57,445.0,442.47,444.82,4349.778
1775840400000,444.82,445.16,443.31,444.33,2527.789
1775844000000,444.32,445.19,443.59,445.19,2861.736
1775847600000,445.19,446.65,444.87,445.53,4647.041
1775851200000,445.53,446.12,444.06,445.73,3776.903
1775854800000,445.73,446.0,444.48,445.12,2146.87
1775858400000,445.12,445.47,443.69,444.64,2899.64
1775862000000,444.63,444.67,443.21,443.48,1851.975
1775865600000,443.47,444.67,442.56,444.44,3026.267
1775869200000,444.44,444.62,442.76,443.96,1917.629
1775872800000,443.97,445.0,443.12,444.68,2938.103
1775876400000,444.69,445.14,442.66,442.97,2685.577
1775880000000,442.97,443.15,441.7,441.8,3213.092
1775883600000,441.81,441.81,440.09,440.3,5423.949
1775887200000,440.29,440.36,438.75,439.46,5587.426
1775890800000,439.46,440.29,439.17,440.06,2925.124
1775894400000,440.06,441.42,439.73,440.97,3164.279
1775898000000,440.96,441.95,440.52,440.66,2562.688
1775901600000,440.67,440.91,439.8,439.95,2449.84
1775905200000,439.95,440.34,438.75,439.75,3852.347
1775908800000,439.75,440.41,439.37,439.62,2787.303
1775912400000,439.64,439.64,437.81,439.1,3491.956
1775916000000,439.11,439.64,437.88,438.18,2094.355
1775919600000,438.19,439.6,438.0,438.14,1959.243
1775923200000,438.15,440.44,437.79,438.68,6151.744
1775926800000,438.68,439.35,438.1,438.41,3484.022
1775930400000,438.41,440.14,437.99,439.56,6722.637
1775934000000,439.55,441.16,439.4,440.72,5346.872
1775937600000,440.72,440.85,437.96,438.47,5170.116
1775941200000,438.47,439.83,438.18,438.78,2653.295
1775944800000,438.78,440.07,436.76,438.0,7207.324
1775948400000,437.99,438.17,436.22,437.35,3051.98
1775952000000,437.34,437.68,432.97,434.74,11136.821
1775955600000,434.74,436.42,424.64,426.05,37549.596
1775959200000,426.04,428.04,424.46,427.36,13418.043
1775962800000,427.36,428.44,426.45,426.58,5666.457
1775966400000,426.59,427.07,422.54,423.44,8671.944
1775970000000,423.44,425.6,423.26,425.06,3769.303
1775973600000,425.06,425.8,424.64,425.11,3144.114
1775977200000,425.09,425.26,422.94,425.13,4855.598
1775980800000,425.12,425.93,424.71,424.9,4163.066
1775984400000,424.89,425.46,424.49,425.38,3323.982
1775988000000,425.39,426.21,423.21,424.03,4647.413
1775991600000,424.02,425.66,423.26,425.35,6199.83
1775995200000,425.34,425.36,422.05,422.68,8264.014
1775998800000,422.68,423.88,421.23,422.04,10397.472
1776002400000,422.04,423.23,421.22,422.38,5327.088
1776006000000,422.39,423.88,421.91,421.92,5230.382
1776009600000,421.91,422.57,421.31,422.12,6291.298
1776013200000,422.12,423.53,422.05,423.28,3363.557
1776016800000,423.27,423.39,421.56,422.1,3744.178
1776020400000,422.1,423.57,421.85,423.24,3087.516
1776024000000,423.23,425.52,422.71,424.72,4898.876
1776027600000,424.71,424.81,422.97,423.26,3269.835
1776031200000,423.25,423.26,419.05,421.96,13271.371
1776034800000,421.96,421.96,419.72,421.01,4910.318
1776038400000,421.01,424.21,420.75,423.78,6007.545
1776042000000,423.79,424.54,423.01,424.53,2952.544
1776045600000,424.53,425.81,424.05,425.03,4017.988
1776049200000,425.03,425.59,424.34,425.56,3535.767
1776052800000,425.56,426.74,424.46,425.22,5073.146
1776056400000,425.22,425.44,423.85,425.4,3497.311
1776060000000,425.4,427.35,425.39,425.82,5041.913
1776063600000,425.82,426.03,423.76,424.51,4636.119
1776067200000,424.51,424.9,422.83,423.48,3254.076
1776070800000,423.48,425.82,423.48,425.82,2962.926
1776074400000,425.82,426.28,425.08,425.58,3893.598
1776078000000,425.58,426.12,425.16,425.65,2479.071
1776081600000,425.65,427.05,425.19,426.26,4114.04
1776085200000,426.26,427.85,424.41,427.62,7335.266
1776088800000,427.62,427.99,426.0,427.37,6753.031
1776092400000,427.36,427.59,425.47,426.26,5643.179
1776096000000,426.26,427.95,424.59,426.23,5036.81
1776099600000,426.24,427.68,425.47,426.0,3000.671
1776103200000,426.0,426.3,424.91,425.13,2149.52
1776106800000,425.14,428.28,424.72,428.06,6140.556
1776110400000,428.06,428.68,426.72,428.16,7548.958
1776114000000,428.17,429.5,427.9,429.17,3882.359
1776117600000,429.18,438.93,429.17,437.87,30044.588
1776121200000,437.87,440.48,436.18,438.15,14545.925
1776124800000,438.15,438.67,434.07,434.45,9498.621
1776128400000,434.45,436.3,433.79,435.57,4816.007
1776132000000,435.58,437.09,435.09,435.61,4057.623
1776135600000,435.62,435.64,433.84,434.55,2931.398
1776139200000,434.54,436.99,434.5,436.54,6608.287
1776142800000,436.53,438.44,435.55,436.38,9004.958
1776146400000,436.38,437.49,434.51,435.79,7967.42
1776150000000,435.78,437.77,434.76,435.6,5623.135
1776153600000,435.61,437.27,434.92,436.42,4709.429
1776157200000,436.42,437.87,436.05,437.13,4173.646
1776160800000,437.12,438.76,436.49,438.6,4521.622
1776164400000,438.59,439.5,436.97,439.06,5345.151
1776168000000,439.05,439.8,437.54,438.92,5570.885
1776171600000,438.92,443.83,438.78,442.74,11048.11
1776175200000,442.75,443.96,440.0,440.01,9916.767
1776178800000,440.01,441.98,436.98,441.16,16406.716
1776182400000,441.16,442.9,438.09,439.18,5574.455
1776186000000,439.17,440.24,437.62,439.74,4486.939
1776189600000,439.75,440.36,434.84,435.47,7325.689
1776193200000,435.46,436.0,433.12,434.29,6285.669
1776196800000,434.3,436.35,433.72,434.39,6220.885
1776200400000,434.39,436.48,434.36,436.17,2337.681
1776204000000,436.18,437.16,435.43,435.72,3986.972
1776207600000,435.71,436.62,434.75,436.08,3554.242
1776211200000,436.08,437.92,435.66,437.26,4447.759
1776214800000,437.26,438.39,435.32,435.78,4427.526
1776218400000,435.79,436.95,434.64,435.59,3841.956
1776222000000,435.59,435.79,434.08,435.02,3266.357
1776225600000,435.02,435.44,433.82,434.04,2520.467
1776229200000,434.04,434.71,431.72,431.92,4950.137
1776232800000,431.92,432.16,431.1,431.4,2996.461
1776236400000,431.4,432.19,428.0,428.4,9001.069
1776240000000,428.41,433.2,427.0,433.07,15570.217
1776243600000,433.07,434.5,432.89,434.41,5086.529
1776247200000,434.42,436.61,433.83,435.06,5292.03
1776250800000,435.08,436.19,434.1,435.07,3518.431
1776254400000,435.07,435.61,434.6,434.78,2459.968
1776258000000,434.78,435.06,432.16,433.18,6073.082
1776261600000,433.17,437.22,433.06,436.13,8654.791
1776265200000,436.13,437.37,433.7,434.32,4699.685
1776268800000,434.31,436.14,434.09,435.18,3613.891
1776272400000,435.18,437.61,434.5,437.32,3701.163
1776276000000,437.33,439.58,437.05,439.42,5746.64
1776279600000,439.42,443.24,439.14,441.58,7689.231
1776283200000,441.58,441.93,439.17,439.92,5665.061
1776286800000,439.92,439.93,437.93,439.43,3455.968
1776290400000,439.44,442.07,439.43,440.11,3787.35
1776294000000,440.12,440.82,438.32,440.59,7287.212
1776297600000,440.6,441.05,439.4,440.38,3654.44
1776301200000,440.4,440.61,438.97,440.01,2786.084
1776304800000,440.01,443.85,439.83,442.17,5466.794
1776308400000,442.16,443.31,441.88,442.35,4271.961
1776312000000,442.36,442.62,440.73,441.88,3035.269
1776315600000,441.89,443.8,440.97,443.06,4689.536
1776319200000,443.07,443.32,441.97,443.17,2979.042
1776322800000,443.17,443.82,440.49,441.17,6646.79
1776326400000,441.1,441.32,439.34,439.53,5436.031
1776330000000,439.53,440.44,439.29,439.3,3227.764
1776333600000,439.3,440.6,439.05,439.41,3487.695
1776337200000,439.41,440.25,438.4,439.82,3670.861
1776340800000,439.82,440.82,439.04,439.37,4316.082
1776344400000,439.37,442.95,434.52,437.17,14887.11
1776348000000,437.16,438.44,433.64,437.47,10320.423
1776351600000,437.43,441.98,437.1,441.21,7618.875
1776355200000,441.22,442.66,438.76,439.52,8434.442
1776358800000,439.52,440.8,438.63,439.75,4732.07
1776362400000,439.76,445.67,438.96,445.48,8171.912
1776366000000,445.49,447.0,444.33,446.6,8754.885
1776369600000,446.61,447.28,444.56,446.43,6276.924
1776373200000,446.44,446.76,444.73,445.77,4572.616
1776376800000,445.78,451.99,445.78,448.77,14264.726
1776380400000,448.77,457.37,448.77,454.64,28930.646
1776384000000,454.65,458.0,454.64,454.76,13692.852
1776387600000,454.75,455.16,451.67,453.3,14048.881
1776391200000,453.29,453.29,449.93,450.95,7261.631
1776394800000,450.95,451.13,449.09,449.25,4114.601
1776398400000,449.26,451.38,448.51,448.85,4906.229
1776402000000,448.85,449.03,447.0,447.35,4958.047
1776405600000,447.39,450.81,447.13,449.71,7084.068
1776409200000,449.72,449.92,448.11,449.47,5271.571
1776412800000,449.48,451.08,448.83,450.52,4779.581
1776416400000,450.52,451.68,448.13,449.07,11562.703
1776420000000,449.08,449.79,446.33,447.31,6629.857
1776423600000,447.31,449.89,447.12,449.57,4407.506
1776427200000,449.57,452.2,448.78,451.89,6255.358
1776430800000,451.88,457.11,450.26,456.87,24349.216
1776434400000,456.87,461.63,455.98,459.87,29433.642
1776438000000,459.87,461.36,457.05,458.07,15196.182
1776441600000,458.08,460.34,457.79,459.09,9450.367
1776445200000,459.09,459.56,454.62,455.05,7404.614
1776448800000,455.05,455.3,453.14,454.13,8027.01
1776452400000,454.13,454.94,453.47,454.64,3129.81
1776456000000,454.65,455.82,452.56,453.95,4188.199
1776459600000,453.94,455.31,453.49,454.74,4485.075
1776463200000,454.74,455.3,453.24,453.91,3955.756
1776466800000,453.91,453.94,451.42,453.17,4720.967
1776470400000,453.16,453.91,451.9,453.38,3586.583
1776474000000,453.4,454.43,453.08,453.68,3153.768
1776477600000,453.68,455.7,453.34,454.71,2676.691
1776481200000,454.71,455.5,453.46,453.83,2350.331
1776484800000,453.83,454.61,452.74,454.18,3247.261
1776488400000,454.18,454.36,452.85,453.48,1722.035
1776492000000,453.48,453.94,453.09,453.52,1460.178
1776495600000,453.52,454.65,452.14,452.89,3550.449
1776499200000,452.9,453.35,450.32,451.16,6217.583
1776502800000,451.16,451.3,449.0,449.34,8525.668
1776506400000,449.35,449.35,446.68,447.13,7170.274
1776510000000,447.12,447.23,443.92,444.91,12635.113
1776513600000,444.91,446.02,444.03,445.93,7284.685
1776517200000,445.92,446.41,444.02,446.18,4438.556
1776520800000,446.17,447.19,445.39,447.17,2904.589
1776524400000,447.18,447.71,445.21,445.52,7073.748
1776528000000,445.52,447.85,444.48,445.96,4843.185
1776531600000,445.95,446.17,444.13,445.41,2310.137
1776535200000,445.41,446.05,443.56,443.81,6181.006
1776538800000,443.84,445.03,443.05,444.04,3803.176
1776542400000,444.05,444.87,443.45,444.19,3380.629
1776546000000,444.19,444.82,443.12,444.52,2692.423
1776549600000,444.52,444.89,443.66,444.37,2089.228
1776553200000,444.4,444.98,443.27,443.35,2094.2
1776556800000,443.36,445.48,443.13,445.41,8405.132
1776560400000,445.41,445.9,443.77,445.18,2231.796
1776564000000,445.17,445.33,443.11,444.46,5586.399
1776567600000,444.46,445.59,443.12,444.69,4386.866
1776571200000,444.7,445.3,443.2,444.17,3257.204
1776574800000,444.17,445.09,443.39,444.36,2136.908
1776578400000,444.36,445.19,443.3,444.56,2743.25
1776582000000,444.57,444.57,439.03,441.51,30876.336
1776585600000,441.5,442.46,440.39,442.06,4219.567
1776589200000,442.07,442.33,437.7,439.52,13183.205
1776592800000,439.51,440.26,438.36,439.16,6536.885
1776596400000,439.17,441.4,438.7,440.88,7678.303
1776600000000,440.88,442.35,440.6,441.17,4775.326
1776603600000,441.17,443.81,440.74,441.03,7887.157
1776607200000,441.04,443.7,440.41,442.76,5808.629
1776610800000,442.75,443.06,440.02,442.65,4285.329
1776614400000,442.64,443.01,440.56,441.47,4078.742
1776618000000,441.47,441.54,438.01,438.08,6622.839
1776621600000,438.07,439.42,437.72,439.0,4071.078
1776625200000,439.01,440.74,439.0,440.02,3171.368
1776628800000,440.01,440.36,438.64,439.42,3288.038
1776632400000,439.43,440.18,438.25,438.48,2867.912
1776636000000,438.46,438.46,433.51,434.76,16706.027
1776639600000,434.77,435.45,433.76,434.9,5169.997
1776643200000,434.9,438.39,434.9,437.88,5507.799
1776646800000,437.88,439.09,437.62,438.38,3135.596
1776650400000,438.38,438.5,436.92,438.11,2580.738
1776654000000,438.11,438.63,437.62,438.38,1878.621
1776657600000,438.38,438.65,437.71,438.16,1730.568
1776661200000,438.16,438.16,436.0,437.06,3152.152
1776664800000,437.06,439.92,436.84,439.37,4533.866
1776668400000,439.37,442.72,438.96,441.05,7198.854
1776672000000,441.06,441.41,439.8,440.06,3804.919
1776675600000,440.05,441.88,439.81,441.26,2536.223
1776679200000,441.26,442.76,440.74,440.8,2813.878
1776682800000,440.79,440.84,439.95,440.2,3013.616
1776686400000,440.2,441.7,439.86,441.15,3487.333
1776690000000,441.15,442.9,440.54,442.27,4961.49
1776693600000,442.26,443.73,439.7,440.39,7115.69
1776697200000,440.4,442.99,439.02,442.44,6512.26
1776700800000,442.45,442.47,440.0,440.07,2675.486
1776704400000,440.08,442.86,439.84,442.22,4441.663
1776708000000,442.22,444.94,442.22,444.54,4799.948
1776711600000,444.55,444.83,443.41,444.11,2675.735
1776715200000,444.11,444.69,443.14,444.48,2740.739
1776718800000,444.48,446.17,443.56,444.34,6245.383
1776722400000,444.35,445.04,443.88,444.54,2216.918
1776726000000,444.54,444.54,443.06,443.35,2491.164
1776729600000,443.35,444.02,442.66,443.88,4569.633
1776733200000,443.88,444.75,443.0,443.24,2384.839
1776736800000,443.25,443.25,442.05,442.1,1976.183
1776740400000,442.1,442.25,440.88,441.77,2904.931
1776744000000,441.77,441.99,441.1,441.84,2348.068
1776747600000,441.84,443.05,441.76,442.26,1787.681
1776751200000,442.26,443.2,440.81,442.64,3387.666
1776754800000,442.64,444.81,442.26,444.21,4161.264
1776758400000,444.22,445.54,442.66,443.64,4513.491
1776762000000,443.64,444.29,443.01,444.07,3181.41
1776765600000,444.08,446.69,444.08,446.07,5758.828
1776769200000,446.07,446.1,444.33,444.89,3310.503
1776772800000,444.9,445.55,443.0,444.01,4938.052
1776776400000,444.02,444.85,443.19,444.36,3519.032
1776780000000,444.37,447.25,443.4,444.5,6720.395
1776783600000,444.47,446.37,443.63,445.34,4978.614
1776787200000,445.34,446.74,443.7,445.66,5073.662
1776790800000,445.66,447.7,442.85,446.14,9009.688
1776794400000,446.14,446.98,443.48,444.89,5428.585
1776798000000,444.86,445.66,440.1,440.96,7547.551
1776801600000,441.0,445.17,440.34,444.26,8962.022
1776805200000,444.25,445.83,443.6,445.25,3389.589
1776808800000,445.26,445.95,444.42,445.6,2348.164
1776812400000,445.61,449.14,445.5,448.21,8613.432
1776816000000,448.21,449.66,448.14,448.99,7821.229
1776819600000,448.99,449.19,447.09,448.15,2992.237
1776823200000,448.16,452.7,448.16,452.39,9563.339
1776826800000,452.39,454.0,450.21,452.77,9384.883
1776830400000,452.78,455.26,452.78,455.0,9073.906
1776834000000,455.02,469.27,454.81,465.33,68951.537
1776837600000,465.34,467.65,464.54,467.64,15078.561
1776841200000,467.65,470.73,466.47,469.7,17856.525
1776844800000,469.7,473.75,469.7,472.76,14902.752
1776848400000,472.81,473.14,469.24,469.39,8961.49
1776852000000,469.39,471.47,467.54,471.02,11375.591
1776855600000,471.02,471.05,465.82,466.72,12092.104
1776859200000,466.73,467.14,464.1,464.67,8656.682
1776862800000,464.66,465.55,462.98,464.4,10754.509
1776866400000,464.41,465.37,461.63,463.28,11684.016
1776870000000,463.28,465.26,463.05,464.81,7050.888
1776873600000,464.82,466.66,463.35,463.51,5817.953
1776877200000,463.52,464.54,462.16,463.26,3581.198
1776880800000,463.26,465.14,463.26,464.39,2834.622
1776884400000,464.4,464.75,462.72,462.85,3579.975
1776888000000,462.85,463.02,461.76,461.91,5206.947
1776891600000,461.91,463.63,461.76,462.94,2845.591
1776895200000,462.94,463.86,461.99,462.43,2745.936
1776898800000,462.43,462.43,460.01,460.11,5875.09
1776902400000,460.11,460.75,455.08,459.75,16922.069
1776906000000,459.76,460.02,457.51,458.5,5247.981
1776909600000,458.51,458.63,455.34,455.55,9716.041
1776913200000,455.55,455.97,453.87,454.7,7841.886
1776916800000,454.69,456.68,454.27,456.6,5425.538
1776920400000,456.6,456.65,454.26,455.66,4881.734
1776924000000,455.67,457.29,455.58,456.51,3307.742
1776927600000,456.51,456.74,454.68,455.04,5388.337
1776931200000,455.05,456.5,454.95,455.73,2937.152
1776934800000,455.73,455.73,453.52,455.02,3980.481
1776938400000,455.03,455.25,452.28,453.62,4658.332
1776942000000,453.63,456.17,453.16,455.56,6624.048
1776945600000,455.56,456.67,454.5,455.87,4800.067
1776949200000,455.88,456.18,454.76,455.35,2637.338
1776952800000,455.35,459.52,454.54,458.55,6397.454
1776956400000,458.56,458.84,455.64,458.25,15148.677
1776960000000,458.26,458.79,456.25,456.45,4441.66
1776963600000,456.45,457.69,453.3,456.29,13608.898
1776967200000,456.28,457.34,455.68,455.84,4806.224
1776970800000,455.84,457.7,455.3,456.87,3660.593
1776974400000,456.88,459.16,456.72,457.99,2923.411
1776978000000,457.96,459.3,456.88,458.15,3512.522
1776981600000,458.15,459.87,458.15,459.54,3274.904
1776985200000,459.54,460.67,458.73,460.55,7334.945
1776988800000,460.56,461.53,459.56,460.98,5258.417
1776992400000,460.98,461.01,458.68,460.32,5480.631
1776996000000,460.3,460.43,458.55,458.8,2605.647
1776999600000,458.79,459.72,455.65,456.49,6836.158
1777003200000,456.49,457.66,455.21,456.96,3711.625
1777006800000,456.96,457.69,455.67,456.99,2805.258
1777010400000,456.99,457.13,455.6,455.94,2447.959
1777014000000,455.95,456.43,455.28,455.83,5987.889
1777017600000,455.82,457.08,455.49,456.28,7586.203
1777021200000,456.29,456.6,455.37,456.31,3705.896
1777024800000,456.3,456.3,454.27,455.47,4878.636
1777028400000,455.47,458.17,455.47,457.35,7996.554
1777032000000,457.35,458.32,456.32,457.41,3360.404
1777035600000,457.37,458.34,456.4,457.92,4273.205
1777039200000,457.91,459.0,457.14,457.76,4420.337
1777042800000,457.76,460.95,456.69,459.99,6457.608
1777046400000,459.99,460.6,459.03,460.09,4438.355
1777050000000,460.08,460.43,457.3,458.09,5463.63
1777053600000,458.08,458.08,455.88,456.98,2950.869
1777057200000,456.99,457.67,456.09,456.17,2052.914
1777060800000,456.16,457.41,455.86,457.26,2403.857
1777064400000,457.23,458.09,456.19,456.45,2665.753
1777068000000,456.45,456.66,454.57,455.21,2811.251
1777071600000,455.22,456.2,454.95,455.92,2308.644
1777075200000,455.93,456.31,454.83,455.62,2256.733
1777078800000,455.62,456.37,454.5,454.56,2427.626
1777082400000,454.57,455.48,454.18,455.11,2408.768
1777086000000,455.12,455.66,454.37,455.25,1570.047
1777089600000,455.26,455.38,454.69,455.13,1280.88
1777093200000,455.14,455.14,454.02,454.78,2139.057
1777096800000,454.79,455.91,454.48,454.6,1812.938
1777100400000,454.6,454.83,454.01,454.31,1943.103
1777104000000,454.3,455.02,454.17,454.56,1751.312
1777107600000,454.57,455.09,454.17,454.56,1531.851
1777111200000,454.56,455.16,454.39,454.46,1610.387
1777114800000,454.47,454.47,453.03,453.41,4184.257
1777118400000,453.41,453.82,452.74,453.1,2678.019
1777122000000,453.11,454.81,453.11,453.84,1999.548
1777125600000,453.84,454.08,453.12,453.27,1360.724
1777129200000,453.27,455.05,452.95,453.56,2177.965
1777132800000,453.56,454.2,452.57,453.11,2840.883
1777136400000,453.11,453.25,451.79,452.28,3013.944
1777140000000,452.27,453.04,452.11,452.5,1598.33
1777143600000,452.5,452.89,452.24,452.37,1584.024
1777147200000,452.37,452.92,451.82,452.28,2139.062
1777150800000,452.28,452.56,451.98,452.42,1652.323
1777154400000,452.41,454.3,452.34,453.61,3382.258
1777158000000,453.61,453.88,452.57,452.9,5998.038
1777161600000,452.89,453.41,451.84,451.94,4711.037
1777165200000,451.94,452.29,451.29,451.3,4149.751
1777168800000,451.3,452.76,451.19,452.49,2241.236
1777172400000,452.49,452.9,451.47,451.97,2036.95
1777176000000,451.96,453.92,451.89,453.11,2990.336
1777179600000,453.11,455.69,453.0,453.33,5541.763
1777183200000,453.33,453.92,452.65,452.84,3421.04
1777186800000,452.84,453.79,452.5,453.41,1984.214
1777190400000,453.41,454.04,452.99,453.45,2097.599
1777194000000,453.44,453.57,452.04,452.72,2243.177
1777197600000,452.73,453.05,452.0,452.06,1217.497
1777201200000,452.06,452.99,452.01,452.63,1699.102
1777204800000,452.63,452.63,451.36,451.41,2270.979
1777208400000,451.41,451.42,450.04,450.84,4138.578
1777212000000,450.83,452.18,450.56,451.23,3280.327
1777215600000,451.25,452.04,450.84,451.88,1753.271
1777219200000,451.88,452.0,450.48,450.52,2102.915
1777222800000,450.51,451.6,450.16,450.86,3751.869
1777226400000,450.82,453.43,450.81,453.12,3805.757
1777230000000,453.12,453.95,452.75,453.7,3251.684
1777233600000,453.69,454.61,453.22,453.22,3199.733
1777237200000,453.21,455.0,452.48,454.55,4261.283
1777240800000,454.54,455.44,453.34,453.93,3870.794
1777244400000,453.92,455.33,453.16,454.69,2652.633
1777248000000,454.7,455.61,452.85,455.12,6892.89
1777251600000,455.14,457.66,454.79,457.09,7760.65
1777255200000,457.1,457.36,455.3,455.3,4073.973
1777258800000,455.29,456.2,455.0,455.54,3295.198
1777262400000,455.55,456.15,454.2,454.5,1979.003
1777266000000,454.5,454.6,448.08,448.23,13253.728
1777269600000,448.23,448.9,446.26,447.3,7388.391
1777273200000,447.3,447.56,446.59,446.62,3101.389
1777276800000,446.62,447.73,445.86,447.42,5674.42
1777280400000,447.43,448.48,446.82,447.94,3705.51
1777284000000,447.93,448.24,447.5,447.74,2108.118
1777287600000,447.74,447.83,447.07,447.71,1493.78
1777291200000,447.71,450.74,447.32,449.7,10551.397
1777294800000,449.7,453.01,448.4,452.41,9178.46
1777298400000,452.41,455.25,452.05,452.6,8341.67
1777302000000,452.61,454.89,449.01,450.98,13793.458
1777305600000,450.99,451.03,447.4,447.97,6056.28
1777309200000,447.98,448.84,446.63,447.94,4887.591
1777312800000,447.92,448.84,447.58,448.46,1899.62
1777316400000,448.46,448.57,446.95,448.17,1760.158
1777320000000,448.17,448.97,447.8,448.4,1740.745
1777323600000,448.4,448.86,447.67,447.73,2428.589
1777327200000,447.74,448.79,447.51,448.41,1792.758
1777330800000,448.42,449.99,448.0,449.53,2061.196
1777334400000,449.53,451.77,448.93,450.52,5517.682
1777338000000,450.51,450.8,448.45,448.98,3498.598
1777341600000,448.98,449.24,446.92,447.51,3166.082
1777345200000,447.51,447.75,446.6,447.6,2217.926
1777348800000,447.59,448.3,446.89,447.57,1777.464
1777352400000,447.58,449.11,447.36,447.48,2675.276
1777356000000,447.48,448.12,444.67,445.79,4572.0
1777359600000,445.79,446.61,444.54,446.38,3162.121
1777363200000,446.38,447.57,445.97,446.8,3494.804
1777366800000,446.8,447.45,446.24,446.91,2164.414
1777370400000,446.91,447.97,446.76,447.46,2596.65
1777374000000,447.48,447.63,445.96,446.56,2048.201
1777377600000,446.56,447.18,445.61,446.9,2477.725
1777381200000,446.91,447.9,445.08,446.94,4323.971
1777384800000,446.94,446.94,443.77,445.15,6813.568
1777388400000,445.16,445.99,442.33,445.97,9882.881
1777392000000,445.96,446.83,445.2,446.69,2940.425
1777395600000,446.7,447.82,445.52,447.42,3681.609
1777399200000,447.41,449.07,447.13,448.74,3156.027
1777402800000,448.74,449.85,448.38,449.73,2015.667
1777406400000,449.73,454.0,449.73,451.83,13469.087
1777410000000,451.83,451.96,450.25,451.93,2818.682
1777413600000,451.94,452.52,450.88,451.07,1747.853
1777417200000,451.06,453.5,450.85,453.36,2615.973
1777420800000,453.36,454.18,452.0,453.36,4680.106
1777424400000,453.36,453.46,451.24,452.15,3224.861
1777428000000,452.15,452.8,451.61,452.4,2760.012
1777431600000,452.4,454.83,451.96,453.52,7104.919
1777435200000,453.52,455.51,453.33,454.15,4633.457
1777438800000,454.15,454.36,452.9,453.99,2621.234
1777442400000,453.99,454.42,452.35,452.92,2399.212
1777446000000,452.92,453.98,452.58,453.07,3100.394
1777449600000,453.07,453.22,451.94,452.9,2458.223
1777453200000,452.89,455.14,452.16,454.49,5474.045
1777456800000,454.49,455.2,453.53,453.87,3452.541
1777460400000,453.87,454.44,453.1,453.92,2709.806
1777464000000,453.92,453.92,450.72,451.77,6229.27
1777467600000,451.78,452.8,448.79,450.54,6024.633
1777471200000,450.54,451.12,448.77,449.26,4574.479
1777474800000,449.27,449.76,446.12,446.54,9945.313
1777478400000,446.55,447.83,446.03,446.75,4934.088
1777482000000,446.75,448.78,446.73,448.7,3391.692
1777485600000,448.71,449.09,441.51,444.88,17360.806
1777489200000,444.88,445.35,444.06,445.11,2342.301
1777492800000,445.12,446.34,444.63,445.88,3762.655
1777496400000,445.89,447.79,445.03,446.82,2568.58
1777500000000,446.83,448.0,446.56,447.87,1645.371
1777503600000,447.87,448.0,446.77,447.23,2307.806
1777507200000,447.23,448.94,447.15,448.56,3059.221
1777510800000,448.56,448.68,447.58,447.95,2304.026
1777514400000,447.96,448.55,445.15,445.74,3913.448
1777518000000,445.74,447.09,445.66,446.61,2237.926
1777521600000,446.61,446.86,443.06,443.45,3908.095
1777525200000,443.44,443.8,441.92,442.43,4096.829
1777528800000,442.43,443.95,441.96,443.13,2435.709
1777532400000,443.14,445.41,442.84,445.4,2993.203
1777536000000,445.41,445.59,444.6,444.62,2488.149
1777539600000,444.59,446.9,444.59,445.55,2794.341
1777543200000,445.55,446.06,443.25,443.74,3687.583
1777546800000,443.74,445.6,443.68,444.24,2257.568
1777550400000,444.25,445.84,443.29,443.29,3499.64
1777554000000,443.31,443.74,441.08,442.79,8479.712
1777557600000,442.78,443.91,441.04,441.31,5251.107
1777561200000,441.31,444.67,440.81,443.94,7576.736
1777564800000,443.95,444.08,441.13,441.49,5163.611
1777568400000,441.49,441.78,440.04,440.98,3850.475
1777572000000,440.99,442.61,440.98,441.07,2388.553
1777575600000,441.06,442.12,440.76,440.84,2222.242
1777579200000,440.83,441.24,440.48,441.14,1435.033
1777582800000,441.14,441.91,440.37,440.52,1941.352
1777586400000,440.51,440.96,440.21,440.59,1983.7
1777590000000,440.6,441.48,440.57,440.67,2927.4
1777593600000,440.67,442.21,440.62,440.87,4086.012
1777597200000,440.88,442.26,440.77,442.09,2447.705
1777600800000,442.09,442.33,441.2,442.03,1929.64
1777604400000,442.03,444.59,441.78,444.05,6440.683
1777608000000,444.05,444.93,443.64,443.73,3818.506
1777611600000,443.74,444.5,443.35,443.46,1485.997
1777615200000,443.43,443.72,442.3,442.78,2151.189
1777618800000,442.78,443.58,442.32,443.21,1864.115
1777622400000,443.21,443.97,443.07,443.15,2533.428
1777626000000,443.15,443.34,442.17,442.42,1522.429
1777629600000,442.42,443.58,441.51,443.36,2202.816
1777633200000,443.36,443.76,442.24,442.63,2399.274
1777636800000,442.62,444.91,442.49,443.99,5078.866
1777640400000,443.98,455.34,443.97,453.27,26693.277
1777644000000,453.26,458.17,451.91,452.49,20946.893
1777647600000,452.49,452.97,449.7,451.27,11676.609
1777651200000,451.26,453.1,450.74,452.65,4946.046
1777654800000,452.65,453.9,450.68,452.62,4266.326
1777658400000,452.62,453.28,451.83,452.78,2751.598
1777662000000,452.78,453.89,452.59,453.56,2564.049
1777665600000,453.58,454.25,451.18,451.82,3900.184
1777669200000,451.81,452.16,450.29,450.93,2396.673
1777672800000,450.93,451.31,449.73,450.25,1389.211
1777676400000,450.25,450.67,449.68,450.24,1974.68
1777680000000,450.24,452.85,450.05,452.31,4437.307
1777683600000,452.31,452.6,451.88,452.45,1901.148
1777687200000,452.46,452.91,451.7,451.72,1438.059
1777690800000,451.73,451.76,450.24,450.88,3149.112
1777694400000,450.88,450.97,449.08,449.44,3416.162
1777698000000,449.44,450.22,448.84,449.72,2898.345
1777701600000,449.72,450.92,448.9,449.71,2255.089
1777705200000,449.7,449.7,448.61,448.86,1322.875
1777708800000,448.86,449.5,448.35,449.25,2401.015
1777712400000,449.25,449.54,448.14,448.29,3948.714
1777716000000,448.28,448.71,447.8,447.95,1921.515
1777719600000,447.94,447.94,444.01,444.94,9828.574
1777723200000,444.93,446.35,444.79,445.19,3854.194
1777726800000,445.19,446.69,445.19,445.78,3178.341
1777730400000,445.77,447.02,445.49,446.73,3326.61
1777734000000,446.72,447.14,446.12,446.72,2284.528
1777737600000,446.71,447.44,446.26,447.08,7639.341
1777741200000,447.1,447.1,445.73,446.02,2308.722
1777744800000,446.01,446.81,445.2,446.18,1291.034
1777748400000,446.17,447.09,445.93,446.55,1523.88
1777752000000,446.55,446.59,445.71,446.06,842.213
1777755600000,446.05,448.76,445.61,446.55,2711.488
1777759200000,446.54,446.98,445.66,446.25,1999.347
1777762800000,446.25,446.25,445.05,445.43,1197.121
1777766400000,445.43,445.74,443.25,444.13,5958.323
1777770000000,444.13,444.94,442.81,443.37,4331.246
1777773600000,443.36,443.39,442.23,443.25,3164.581
1777777200000,443.22,444.22,442.53,443.81,2426.795
1777780800000,443.81,443.93,442.87,443.72,2632.873
1777784400000,443.73,444.32,443.37,443.72,1714.447
1777788000000,443.71,443.88,442.72,443.39,2297.364
1777791600000,443.4,444.24,443.13,443.62,1881.597
1777795200000,443.61,444.66,443.36,443.9,2228.179
1777798800000,443.93,444.65,443.36,444.05,2135.089
1777802400000,444.06,444.53,443.45,444.1,1932.771
1777806000000,444.09,445.9,443.73,444.75,2328.99
1777809600000,444.75,446.54,444.75,446.44,4031.915
1777813200000,446.44,447.18,445.8,446.85,2464.557
1777816800000,446.85,447.33,445.73,446.7,2264.977
1777820400000,446.69,447.31,445.42,446.12,2855.734
1777824000000,446.12,446.18,444.52,444.67,2477.268
1777827600000,444.67,445.26,444.0,444.79,2617.914
1777831200000,444.8,445.27,444.46,444.89,1238.928
1777834800000,444.89,445.2,444.13,444.28,844.459
1777838400000,444.27,445.55,443.87,444.38,1865.694
1777842000000,444.38,445.18,443.49,444.3,1758.9
1777845600000,444.34,446.15,444.2,445.48,4145.969
1777849200000,445.48,445.56,442.72,442.94,3176.135
1777852800000,442.95,443.1,440.62,441.95,7342.49
1777856400000,441.94,446.68,441.12,446.34,8224.238
1777860000000,446.35,449.58,444.54,448.23,12189.351
1777863600000,448.24,449.99,447.8,449.53,6339.065
1777867200000,449.54,450.54,448.75,449.03,5334.111
1777870800000,449.04,449.17,446.89,447.47,5252.153
1777874400000,447.47,447.81,444.21,445.94,5227.656
1777878000000,445.94,446.98,445.61,446.52,2942.571
1777881600000,446.51,447.19,445.37,445.56,2464.933
1777885200000,445.57,445.77,444.58,445.6,3087.657
1777888800000,445.59,445.84,436.54,442.71,32144.917
1777892400000,442.71,444.04,442.43,443.69,4172.677
1777896000000,443.69,444.82,443.0,443.29,2397.075
1777899600000,443.27,445.82,442.57,443.55,8361.12
1777903200000,443.54,446.3,441.21,445.13,19620.497
1777906800000,445.13,445.54,440.3,442.31,11733.525
1777910400000,442.31,443.97,440.72,442.65,5367.39
1777914000000,442.65,444.43,442.65,443.93,3217.617
1777917600000,443.93,444.53,443.45,444.22,2017.042
1777921200000,444.22,444.22,443.41,443.81,1425.191
1777924800000,443.81,444.85,443.24,444.38,1957.462
1777928400000,444.39,445.11,443.79,444.21,2895.063
1777932000000,444.24,444.76,443.45,443.45,1675.889
1777935600000,443.44,444.42,442.76,443.58,4868.599
1777939200000,443.58,444.82,442.8,443.91,4374.144
1777942800000,443.91,444.28,443.07,443.65,1495.761
1777946400000,443.64,444.32,442.69,442.99,2666.62
1777950000000,443.0,445.85,442.86,445.48,4878.827
1777953600000,445.45,445.66,443.65,443.73,2846.034
1777957200000,443.73,448.04,443.47,445.04,11701.898
1777960800000,445.05,445.38,444.27,445.31,3057.796
1777964400000,445.32,446.7,444.64,446.35,2702.484
1777968000000,446.34,457.0,446.02,453.94,38779.72
1777971600000,453.94,455.91,453.31,454.48,11071.167
1777975200000,454.49,460.68,454.12,459.64,19072.143
1777978800000,459.63,461.36,459.61,460.93,11059.292
1777982400000,460.93,461.23,458.16,459.63,9961.755
1777986000000,459.58,461.07,458.45,458.64,8373.999
1777989600000,458.63,458.83,454.69,456.62,12102.918
1777993200000,456.61,456.82,454.26,455.34,6728.004
1777996800000,455.33,456.22,453.96,454.79,4008.685
1778000400000,454.77,455.06,453.75,453.91,2665.0
1778004000000,453.9,455.14,453.43,454.88,2176.54
1778007600000,454.89,455.55,454.28,455.41,1973.503
1778011200000,455.38,458.0,454.36,456.73,5852.367
1778014800000,456.73,458.18,455.13,455.87,6347.747
1778018400000,455.87,464.1,453.78,463.99,20167.594
1778022000000,463.98,464.14,460.49,461.19,9457.284
1778025600000,461.19,462.43,460.39,460.8,8944.074
1778029200000,460.79,464.32,460.47,463.45,5542.928
1778032800000,463.45,463.75,460.56,461.74,6144.215
1778036400000,461.72,461.84,458.65,459.43,5633.064
1778040000000,459.45,489.13,458.16,483.95,180455.749
1778043600000,483.95,484.61,473.79,477.26,58023.771
1778047200000,477.26,477.95,473.35,474.23,17715.956
1778050800000,474.24,475.07,471.88,472.01,15464.492
1778054400000,472.01,472.55,469.4,472.35,16485.041
1778058000000,472.35,472.74,469.85,471.77,11357.685
1778061600000,471.76,473.36,471.19,472.53,6953.32
1778065200000,472.52,473.64,471.67,472.75,8958.336
1778068800000,472.74,472.98,470.08,470.87,5340.265
1778072400000,470.86,471.4,466.0,467.64,14063.966
1778076000000,467.63,468.22,462.19,462.98,21818.193
1778079600000,462.97,468.48,462.86,467.67,7610.105
1778083200000,467.67,470.45,467.47,467.63,9086.059
1778086800000,467.63,468.3,464.75,465.48,11128.612
1778090400000,465.48,465.77,464.0,465.19,4590.17
1778094000000,465.18,465.77,464.45,465.38,2175.416
1778097600000,465.39,466.63,464.59,465.08,2464.759
1778101200000,465.09,466.81,464.46,466.09,1889.011
1778104800000,466.09,466.42,463.92,464.35,3219.426
1778108400000,464.36,465.56,462.69,465.46,3902.549
1778112000000,465.45,466.2,463.9,464.41,3884.949
1778115600000,464.4,465.19,462.69,464.4,4137.617
1778119200000,464.4,464.79,462.96,464.11,3170.123
1778122800000,464.11,464.12,460.5,461.46,7605.896
1778126400000,461.46,461.46,459.8,459.97,5513.299
1778130000000,459.98,462.0,459.98,460.68,5985.434
1778133600000,460.68,461.5,459.25,461.38,5351.004
1778137200000,461.38,461.84,459.53,459.92,6272.2
1778140800000,459.91,461.98,459.54,459.74,9099.448
1778144400000,459.75,460.63,459.06,459.06,3772.134
1778148000000,459.06,460.24,457.71,457.71,5087.869
1778151600000,457.7,458.8,457.35,458.31,4726.699
1778155200000,458.3,460.29,458.28,459.82,4554.021
1778158800000,459.82,460.49,455.0,455.32,13344.348
1778162400000,455.33,455.61,450.4,451.68,32270.755
1778166000000,451.68,453.09,449.83,450.44,11925.114
1778169600000,450.43,451.61,447.95,449.87,12539.547
1778173200000,449.87,452.0,449.47,451.57,6255.626
1778176800000,451.58,452.0,449.58,450.54,4605.903
1778180400000,450.55,450.79,448.18,449.7,7401.64
1778184000000,449.7,451.18,449.44,449.86,3330.848
1778187600000,449.86,450.39,449.16,449.65,2766.625
1778191200000,449.64,450.18,448.8,449.73,2835.743
1778194800000,449.73,450.9,449.54,449.96,3335.192
1778198400000,449.97,452.29,449.84,451.65,12265.714
1778202000000,451.64,452.62,450.03,450.67,6882.127
1778205600000,450.68,451.2,449.04,450.25,5842.921
1778209200000,450.25,451.7,449.77,450.13,4278.219
1778212800000,450.13,450.65,449.83,450.12,3006.307
1778216400000,450.13,450.57,449.85,450.3,2757.71
1778220000000,450.28,450.28,449.5,449.96,2349.579
1778223600000,449.96,450.43,448.59,450.01,3702.337
1778227200000,450.01,450.47,449.65,449.77,3497.678
1778230800000,449.77,450.24,449.3,449.67,2560.077
1778234400000,449.67,450.34,449.13,449.88,2721.973
1778238000000,449.9,450.31,449.66,450.06,3107.058
1778241600000,450.07,450.94,449.15,449.35,2679.738
1778245200000,449.35,449.81,448.87,449.42,3868.854
1778248800000,449.42,451.7,449.41,450.65,10956.03
1778252400000,450.65,450.78,447.19,450.05,7795.791
1778256000000,450.05,450.48,449.06,449.9,4039.945
1778259600000,449.9,452.49,449.52,451.5,6130.508
1778263200000,451.5,454.12,451.5,451.92,8112.03
1778266800000,451.92,453.49,451.2,451.83,5917.039
1778270400000,451.84,452.28,449.76,450.28,4546.162
1778274000000,450.27,451.0,449.12,450.73,4129.492
1778277600000,450.73,451.92,450.35,450.87,5229.337
1778281200000,450.89,450.89,449.51,450.16,4419.097
1778284800000,450.17,452.12,449.72,451.5,7654.734
1778288400000,451.51,453.57,451.02,453.01,5646.035
1778292000000,453.04,453.29,451.52,452.97,4913.022
1778295600000,452.96,453.6,451.56,451.8,5421.296
1778299200000,451.8,453.2,451.21,451.37,4644.432
1778302800000,451.36,452.49,450.83,451.19,4826.932
1778306400000,451.19,451.63,450.06,450.57,4396.66
1778310000000,450.57,450.8,449.86,450.49,4757.894
1778313600000,450.51,451.01,449.95,450.11,4088.271
1778317200000,450.11,450.48,449.06,449.88,4158.393
1778320800000,449.88,450.31,448.5,449.99,6318.461
1778324400000,449.99,450.53,449.7,450.0,4600.782
1778328000000,450.0,450.24,449.6,450.12,1959.226
1778331600000,450.13,450.44,449.63,450.16,2396.815
1778335200000,450.16,450.31,448.97,449.59,3224.381
1778338800000,449.6,449.77,447.96,449.68,5205.732
1778342400000,449.68,451.22,448.99,449.97,5450.754
1778346000000,449.97,450.84,448.32,449.8,7535.206
1778349600000,449.8,450.49,449.66,450.02,1457.556
1778353200000,450.03,450.37,449.43,450.1,2138.876
1778356800000,450.11,450.39,449.41,449.98,3534.04
1778360400000,449.99,450.54,449.53,449.88,2060.423
1778364000000,449.89,450.13,449.33,449.6,1308.156
1778367600000,449.6,449.99,449.01,449.5,2066.603
1778371200000,449.51,450.68,449.31,449.99,3168.86
1778374800000,449.99,450.01,448.79,449.77,2632.538
1778378400000,449.77,450.63,449.23,449.96,1971.588
1778382000000,449.96,450.21,449.58,450.03,1959.901
1778385600000,450.03,455.4,449.74,453.5,15616.976
1778389200000,453.5,453.84,451.16,451.31,8308.918
1778392800000,451.32,452.04,450.49,451.01,4656.664
1778396400000,451.02,453.19,450.78,452.7,4111.384
1778400000000,452.71,454.19,452.16,453.36,5134.18
1778403600000,453.36,454.74,452.7,453.89,3461.294
1778407200000,453.9,454.81,453.26,453.39,3661.546
1778410800000,453.39,454.21,451.9,453.49,3405.84
1778414400000,453.5,453.83,452.05,453.5,2435.047
1778418000000,453.49,453.89,452.64,453.67,3299.547
1778421600000,453.67,454.69,452.99,454.26,5222.013
1778425200000,454.28,456.48,453.86,456.21,5701.306
1778428800000,456.21,457.81,455.6,457.6,6247.044
1778432400000,457.6,460.79,457.27,460.48,9446.738
1778436000000,460.47,461.9,459.79,461.46,6577.898
1778439600000,461.46,462.62,460.11,461.76,5752.318
1778443200000,461.76,462.93,457.8,460.25,19415.922
1778446800000,460.24,461.84,457.74,459.77,10485.986
1778450400000,459.76,465.2,459.5,463.01,10674.682
1778454000000,463.01,464.11,462.02,464.1,5955.883
1778457600000,464.11,464.94,458.75,460.44,8800.777
1778461200000,460.45,461.64,459.0,460.24,3566.105
1778464800000,460.25,460.46,456.36,456.72,8092.274
1778468400000,456.72,456.73,451.22,452.64,15270.962
1778472000000,452.64,452.8,451.22,451.43,7206.288
1778475600000,451.44,453.16,451.0,451.47,6520.227
1778479200000,451.47,452.31,449.54,450.27,9691.893
1778482800000,450.28,450.93,449.5,449.84,8116.379
1778486400000,449.85,450.93,449.13,450.28,8595.395
1778490000000,450.28,450.82,449.94,450.5,5833.503
1778493600000,450.5,451.34,449.88,450.07,6226.402
1778497200000,450.07,450.74,449.73,450.35,6764.442
1778500800000,450.35,450.8,449.7,449.99,5635.037
1778504400000,449.99,450.56,448.28,450.01,8210.318
1778508000000,450.01,451.46,447.25,449.98,21505.027
1778511600000,449.98,451.29,449.69,450.2,6967.463
1778515200000,450.19,450.92,447.58,449.05,13715.058
1778518800000,449.04,450.74,447.89,450.03,7549.768
1778522400000,450.04,450.4,449.52,449.56,3365.337
1778526000000,449.56,451.24,449.21,450.06,6179.244
1778529600000,450.06,450.68,448.96,450.04,4339.282
1778533200000,450.04,450.14,449.22,449.72,3319.616
1778536800000,449.73,450.64,449.48,450.09,4293.172
1778540400000,450.1,450.31,449.58,449.89,2562.256
1778544000000,449.89,450.02,447.75,448.93,6296.561
1778547600000,448.93,449.29,441.96,443.4,35542.279
1778551200000,443.41,444.95,442.68,444.88,5706.045
1778554800000,444.88,445.65,444.49,445.32,3543.267
1778558400000,445.31,446.41,444.29,445.37,7849.319
1778562000000,445.37,446.13,445.19,445.2,2917.916
1778565600000,445.21,448.26,445.08,447.09,13064.495
1778569200000,447.09,448.6,446.51,448.28,6308.34
1778572800000,448.28,448.5,444.32,444.84,9958.299
1778576400000,444.84,445.28,444.16,444.65,4044.689
1778580000000,444.65,444.83,438.65,440.0,14680.241
1778583600000,440.0,440.76,436.74,439.93,18815.378
1778587200000,439.93,440.76,438.89,439.97,8126.836
1778590800000,439.97,440.32,438.49,438.74,4822.839
1778594400000,438.74,440.31,437.94,439.18,9033.241
1778598000000,439.18,440.08,437.14,438.14,5989.323
1778601600000,438.15,440.0,434.31,436.31,9637.56
1778605200000,436.32,438.94,436.11,438.19,5311.481
1778608800000,438.19,440.08,437.83,439.46,5271.37
1778612400000,439.47,440.14,439.39,439.93,2186.672
1778616000000,439.93,440.13,439.57,439.93,2473.988
1778619600000,439.93,440.22,438.47,439.02,2611.448
1778623200000,439.02,440.09,438.94,439.53,2206.357
1778626800000,439.54,440.07,438.96,439.37,1650.354
1778630400000,439.36,440.11,438.5,439.5,3604.783
1778634000000,439.5,440.89,439.32,440.01,4107.741
1778637600000,440.02,440.4,439.23,439.93,6465.257
1778641200000,439.92,442.61,439.79,442.46,5664.783
1778644800000,442.46,443.66,442.39,442.81,4610.856
1778648400000,442.81,442.96,441.49,442.94,5306.429
1778652000000,442.94,444.42,439.4,440.18,13055.89
1778655600000,440.18,440.59,436.89,439.27,12991.092
1778659200000,439.27,439.59,438.04,439.34,4611.075
1778662800000,439.35,441.0,439.27,440.01,6702.163
1778666400000,440.0,440.08,439.05,439.37,4113.871
1778670000000,439.36,439.6,437.54,437.63,6023.239
1778673600000,437.63,438.65,434.8,436.01,12721.196
1778677200000,436.02,437.41,430.23,431.64,19875.081
1778680800000,431.63,433.79,430.69,433.07,11409.946
1778684400000,433.08,433.77,429.62,430.31,13011.347
1778688000000,430.3,434.23,430.12,433.51,7040.655
1778691600000,433.51,434.38,432.89,433.23,3431.34
1778695200000,433.23,434.43,433.14,433.94,2395.117
1778698800000,433.93,433.95,433.03,433.29,1302.761
1778702400000,433.3,434.84,433.3,433.98,2060.158
1778706000000,433.99,434.08,432.66,433.17,2677.043
1778709600000,433.17,434.28,432.67,433.81,2776.409
1778713200000,433.81,434.18,433.36,433.8,1449.553
1778716800000,433.79,435.4,433.74,434.78,5837.938
1778720400000,434.77,435.24,433.8,435.24,2274.297
1778724000000,435.24,435.27,432.68,433.35,2521.785
1778727600000,433.41,433.98,431.42,431.79,4831.543
1778731200000,431.79,433.38,431.17,433.04,3585.377
1778734800000,433.05,435.08,432.85,434.08,2736.846
1778738400000,434.08,434.78,433.65,434.07,2612.29
1778742000000,434.06,434.29,433.13,433.31,1804.774
1778745600000,433.32,433.89,432.44,433.41,2863.353
1778749200000,433.41,433.88,432.65,433.34,1997.017
1778752800000,433.34,433.71,432.5,433.27,2623.413
1778756400000,433.27,433.48,431.8,432.17,2526.675
1778760000000,432.16,434.18,431.99,433.53,2436.539
1778763600000,433.53,434.62,432.9,433.0,4607.262
1778767200000,432.98,435.99,432.22,435.68,6130.082
1778770800000,435.68,436.28,434.17,435.17,7777.998
1778774400000,435.17,436.25,433.52,435.9,6690.497
1778778000000,435.89,437.5,435.56,436.16,6938.109
1778781600000,436.15,438.39,435.48,437.92,6628.522
1778785200000,437.92,438.54,437.35,437.77,3198.985
1778788800000,437.77,438.16,436.16,437.87,7342.906
1778792400000,437.86,438.24,436.41,437.54,3662.709
1778796000000,437.53,437.74,436.87,436.96,2486.126
1778799600000,436.96,436.99,434.07,434.63,4487.554
1778803200000,434.63,437.27,434.59,436.71,6666.383
1778806800000,436.71,437.24,435.0,435.08,5589.086
1778810400000,435.08,436.9,434.08,436.51,5085.29
1778814000000,436.52,437.0,434.62,435.36,5724.586
1778817600000,435.37,435.46,433.99,434.12,3868.372
1778821200000,434.11,435.0,431.9,432.34,6811.441
1778824800000,432.34,434.98,432.34,434.72,6046.934
1778828400000,434.72,436.56,434.08,434.71,10914.766
1778832000000,434.71,434.77,430.01,431.41,13562.114
1778835600000,431.42,431.53,430.09,431.24,4686.159
1778839200000,431.23,433.05,431.0,432.57,2763.351
1778842800000,432.57,432.78,430.25,430.61,6013.724
1778846400000,430.6,431.27,429.69,430.14,3628.728
1778850000000,430.15,430.68,423.23,424.63,35131.687
1778853600000,424.64,426.55,423.6,425.68,9847.685
1778857200000,425.69,426.04,423.84,424.68,7639.632
1778860800000,424.68,427.84,424.44,426.8,7076.719
1778864400000,426.81,428.04,426.27,426.72,3773.156
1778868000000,426.72,427.4,426.27,426.57,2560.863
1778871600000,426.58,426.74,424.8,424.93,2555.268
1778875200000,424.96,425.1,424.27,424.88,2189.911
1778878800000,424.87,426.04,424.3,424.39,9557.559
1778882400000,424.38,426.09,424.37,425.99,3170.46
1778886000000,425.98,426.68,425.95,426.45,1938.758
1778889600000,426.44,427.34,426.32,426.47,4652.21
1778893200000,426.48,426.5,424.67,425.5,2890.846
1778896800000,425.49,426.04,425.08,426.03,2281.515
1778900400000,426.04,427.72,426.04,427.39,6154.251
1778904000000,427.4,427.69,424.89,426.85,7201.611
1778907600000,426.85,427.0,422.52,423.46,14286.239
1778911200000,423.46,424.4,420.58,422.03,10576.904
1778914800000,422.04,422.31,416.16,419.84,25894.156
1778918400000,419.85,421.6,419.58,420.41,3535.154
1778922000000,420.42,420.8,412.61,413.96,73377.4
1778925600000,413.95,415.98,409.93,411.73,36035.948
1778929200000,411.72,413.6,410.28,410.88,15219.634
1778932800000,410.89,415.13,410.17,414.14,20201.543
1778936400000,414.13,415.53,413.88,415.09,4435.792
1778940000000,415.09,415.64,414.14,414.84,3286.404
1778943600000,414.83,417.44,414.68,416.77,4860.458
1778947200000,416.77,418.45,416.56,417.59,6881.767
1778950800000,417.59,418.44,417.4,417.67,3170.802
1778954400000,417.67,418.02,416.83,417.49,2664.331
1778958000000,417.49,417.89,416.92,417.28,2197.604
1778961600000,417.28,417.58,416.4,417.07,1898.064
1778965200000,417.06,417.69,416.57,416.59,3225.963
1778968800000,416.59,416.59,415.27,415.72,6674.712
1778972400000,415.72,415.98,415.23,415.49,2872.498
1778976000000,415.49,416.45,414.48,415.56,6148.861
1778979600000,415.55,415.59,413.05,413.05,6517.359
1778983200000,413.04,413.94,412.75,413.19,5301.19
1778986800000,413.19,415.22,413.19,414.89,5169.503
1778990400000,414.89,416.02,414.84,415.26,3011.306
1778994000000,415.24,416.58,414.98,415.34,2096.881
1778997600000,415.33,415.9,414.53,415.07,2349.718
1779001200000,415.08,415.23,414.3,415.15,2670.879
1779004800000,415.15,415.35,414.08,414.37,1966.788
1779008400000,414.38,415.08,414.13,414.81,2505.386
1779012000000,414.81,416.63,414.73,414.99,6933.108
1779015600000,414.99,415.02,413.37,413.86,3876.163
1779019200000,413.87,414.85,413.6,414.22,2384.672
1779022800000,414.22,414.22,412.22,413.19,4210.196
1779026400000,413.19,413.19,411.1,411.17,6810.397
1779030000000,411.16,412.32,410.86,412.0,3838.933
1779033600000,411.99,412.83,411.64,411.9,3750.979
1779037200000,411.9,412.09,407.65,411.1,26157.303
1779040800000,411.06,412.34,410.02,412.26,8762.398
1779044400000,412.25,413.75,412.21,413.54,2118.619
1779048000000,413.54,413.91,411.59,412.29,6693.915
1779051600000,412.28,414.18,411.95,413.41,9475.947
1779055200000,413.4,413.48,409.68,410.46,9363.833
1779058800000,410.47,410.47,397.43,404.44,68163.241
1779062400000,404.45,404.52,401.09,403.33,12718.877
1779066000000,403.34,403.62,385.64,390.68,102241.698
1779069600000,390.69,391.71,384.1,384.9,42884.624
1779073200000,384.9,386.59,384.42,384.89,10931.376
1779076800000,384.89,386.98,382.08,384.35,21872.71
1779080400000,384.35,384.74,371.95,374.89,59695.411
1779084000000,374.89,376.55,362.43,371.99,107229.606
1779087600000,371.99,375.12,362.5,364.84,81228.692
1779091200000,364.84,366.37,361.31,366.0,28646.223
1779094800000,366.0,366.2,362.1,363.37,16056.717
1779098400000,363.37,363.86,355.47,359.02,37597.509
1779102000000,359.02,360.15,347.16,356.03,82043.312
1779105600000,356.02,378.85,355.31,375.76,196226.756
1779109200000,375.76,380.65,373.45,377.38,52973.0
1779112800000,377.38,377.71,365.96,367.22,49640.619
1779116400000,367.23,376.36,365.04,372.32,55963.272
1779120000000,372.32,375.06,365.45,373.29,66556.364
1779123600000,373.29,375.5,371.86,375.3,17301.204
1779127200000,375.31,375.5,370.41,370.97,19206.333
1779130800000,370.96,378.87,370.88,377.86,24991.257
1779134400000,377.87,379.46,372.78,373.32,9925.613
1779138000000,373.32,375.98,371.67,374.27,9977.672
1779141600000,374.28,383.4,373.56,382.24,32135.616
1779145200000,382.24,383.29,377.54,378.28,18230.381
1779148800000,378.27,379.16,376.83,377.76,13844.455
1779152400000,377.76,378.37,374.8,375.09,10715.855
1779156000000,375.08,378.63,374.51,378.42,12182.974
1779159600000,378.42,381.92,378.34,379.8,12928.067
1779163200000,379.81,381.75,378.9,379.73,9553.001
1779166800000,379.72,381.03,377.42,380.85,8087.429
1779170400000,380.85,383.77,380.66,383.06,10412.476
1779174000000,383.06,383.06,379.97,380.78,7938.816
1779177600000,380.77,380.78,378.08,379.12,6974.519
1779181200000,379.11,379.69,375.94,378.19,13825.793
1779184800000,378.18,378.22,372.41,373.41,22857.879
1779188400000,373.41,385.38,372.74,380.73,69434.388
1779192000000,380.73,386.23,380.31,385.62,25631.567
1779195600000,385.62,386.49,380.34,382.1,16848.024
1779199200000,382.1,382.32,360.0,365.96,143414.584
1779202800000,365.97,366.72,363.76,364.55,19744.729
1779206400000,364.55,368.3,364.49,368.19,11364.782
1779210000000,368.19,369.0,366.58,367.27,10532.21
1779213600000,367.26,368.96,367.24,368.04,5103.878
1779217200000,368.03,369.25,367.13,367.73,4787.03
1779220800000,367.72,368.91,367.12,368.41,3722.64
1779224400000,368.41,369.89,368.12,369.12,5169.09
1779228000000,369.12,369.12,367.86,368.32,4287.39
1779231600000,368.33,370.52,368.03,369.95,6632.121
1779235200000,369.94,371.1,369.02,369.23,10211.249
1779238800000,369.24,370.27,367.0,369.49,8122.415
1779242400000,369.49,370.98,368.68,369.08,6197.643
1779246000000,369.07,370.61,368.76,369.71,4434.66
1779249600000,369.71,370.42,367.47,368.56,4985.277
1779253200000,368.55,370.58,368.54,369.85,7212.783
1779256800000,369.84,370.16,368.59,369.3,6645.557
1779260400000,369.3,371.43,368.83,370.17,10088.187
1779264000000,370.17,371.49,368.6,368.99,16896.237
1779267600000,368.99,369.73,367.22,368.33,11071.748
1779271200000,368.33,369.76,367.85,368.08,7395.233
1779274800000,368.07,368.45,366.74,367.08,5701.771
1779278400000,367.08,367.5,364.28,366.14,13146.63
1779282000000,366.14,366.28,363.81,365.11,10279.932
1779285600000,365.11,368.35,364.0,367.76,15436.406
1779289200000,367.74,371.36,366.23,369.83,15110.202
1779292800000,369.83,371.24,368.18,371.14,7412.074
1779296400000,371.14,373.86,370.63,371.98,13353.143
1779300000000,371.97,372.91,371.08,371.84,9458.337
1779303600000,371.83,373.08,370.24,372.46,9256.771
1779307200000,372.45,374.76,371.6,374.34,7262.522
1779310800000,374.35,374.88,372.85,373.47,8352.766
1779314400000,373.47,373.47,370.76,371.94,9210.404
1779318000000,371.94,373.11,371.54,372.91,3813.658
1779321600000,372.92,376.3,372.52,375.36,11329.504
1779325200000,375.37,378.36,375.07,377.27,7932.387
1779328800000,377.27,380.0,377.18,379.0,7653.399
1779332400000,378.99,382.0,374.16,380.09,106038.555
1779336000000,380.1,381.0,378.66,380.24,5325.724
1779339600000,380.24,380.85,377.53,377.72,7309.174
1779343200000,377.72,378.39,376.03,376.63,5407.559
1779346800000,376.62,377.9,375.82,377.22,4487.71
1779350400000,377.22,378.3,376.23,376.57,5158.283
1779354000000,376.56,377.53,375.13,375.2,4668.947
1779357600000,375.19,375.79,373.02,373.34,9532.432
1779361200000,373.33,375.32,373.0,374.38,4819.636
1779364800000,374.38,378.32,374.16,377.4,7770.694
1779368400000,377.4,379.11,376.54,378.6,11476.966
1779372000000,378.6,378.71,375.62,376.75,16610.384
1779375600000,376.76,380.84,376.72,379.48,7405.156
1779379200000,379.47,381.72,377.68,380.35,13847.793
1779382800000,380.36,383.33,380.35,381.74,14774.955
1779386400000,381.73,382.14,378.24,379.43,7286.072
1779390000000,379.43,379.74,378.58,379.38,4939.189
1779393600000,379.38,380.61,379.03,379.57,3792.3
1779397200000,379.58,381.6,379.58,379.78,8504.559
1779400800000,379.78,380.53,379.55,380.37,3097.926
1779404400000,380.37,381.4,379.59,380.19,4135.332
1779408000000,380.19,380.54,378.06,378.21,4883.2
1779411600000,378.2,378.94,377.01,377.89,4867.827
1779415200000,377.89,380.07,377.88,378.5,5736.492
1779418800000,378.5,379.29,378.24,379.1,2578.972
1779422400000,379.11,380.38,378.74,378.75,3655.703
1779426000000,378.74,378.92,377.42,377.55,2920.034
1779429600000,377.55,378.71,377.16,377.85,3837.706
1779433200000,377.85,380.18,377.31,379.69,7888.596
1779436800000,379.68,380.64,378.21,378.64,4810.719
1779440400000,378.64,379.8,378.05,379.5,3216.383
1779444000000,379.51,379.92,378.73,378.82,2905.868
1779447600000,378.81,379.24,377.54,379.2,5497.089
1779451200000,379.2,381.33,378.94,380.74,7123.081
1779454800000,380.74,380.89,378.33,378.71,7976.141
1779458400000,378.7,381.63,377.43,380.45,13383.446
1779462000000,380.46,381.56,378.41,379.73,7535.116
1779465600000,379.73,380.69,378.86,379.14,5546.921
1779469200000,379.14,380.08,377.8,378.03,5065.116
1779472800000,378.04,378.09,374.04,375.61,14014.683
1779476400000,375.61,375.74,370.37,372.62,13417.778
1779480000000,372.64,374.18,371.69,373.5,5925.893
1779483600000,373.49,375.0,372.92,374.37,4451.813
1779487200000,374.38,374.99,372.39,373.64,4175.784
1779490800000,373.64,373.88,358.72,360.36,91770.107
1779494400000,360.35,364.79,356.96,359.17,36163.483
1779498000000,359.16,361.2,358.83,360.66,6840.48
1779501600000,360.66,362.71,360.62,362.5,5993.546
1779505200000,362.5,364.39,362.47,363.71,8658.869
1779508800000,363.72,363.9,362.7,362.84,4692.43
1779512400000,362.84,363.11,360.65,361.57,6289.88
1779516000000,361.57,362.05,361.0,361.73,4306.558
1779519600000,361.74,361.86,353.21,356.58,26616.07
1779523200000,356.59,357.24,354.65,357.08,15952.38
1779526800000,357.09,357.6,342.08,343.91,118651.907
1779530400000,343.91,345.63,343.66,345.24,13577.301
1779534000000,345.23,345.99,344.86,345.45,11298.344
1779537600000,345.44,345.44,343.8,344.34,8093.678
1779541200000,344.35,346.94,344.12,346.25,13806.231
1779544800000,346.26,348.78,346.02,348.21,18316.788
1779548400000,348.21,350.07,347.71,348.74,10602.269
1779552000000,348.74,351.45,347.8,350.64,11798.809
1779555600000,350.64,352.89,350.63,351.37,11388.503
1779559200000,351.37,353.96,351.18,351.51,8406.525
1779562800000,351.5,352.81,350.43,352.5,5148.747
1779566400000,352.5,358.37,352.08,358.29,14408.671
1779570000000,358.29,359.4,354.55,356.1,17465.597
1779573600000,356.1,357.0,353.45,354.93,8548.852
1779577200000,354.93,355.94,354.26,355.07,7090.495
1779580800000,355.07,356.71,354.16,355.88,9873.281
1779584400000,355.88,357.19,355.41,355.83,6284.004
1779588000000,355.83,356.1,352.57,353.25,10621.864
1779591600000,353.25,355.51,352.88,354.01,6527.045
1779595200000,354.02,355.57,354.02,354.02,6152.539
1779598800000,354.01,354.15,350.53,352.91,10425.229
1779602400000,352.91,354.32,352.14,353.39,4521.016
1779606000000,353.39,353.61,351.73,352.1,5488.814
1779609600000,352.1,353.02,351.81,352.68,3510.644
1779613200000,352.68,353.82,352.49,353.33,4353.554
1779616800000,353.33,353.67,351.5,353.0,6027.651
1779620400000,353.02,354.13,351.91,353.65,8643.08
1779624000000,353.66,353.88,351.35,352.17,3976.307
1779627600000,352.17,352.79,348.82,350.8,7895.524
1779631200000,350.79,352.02,346.2,349.05,20726.568
1779634800000,349.04,349.86,348.48,348.67,5850.885
1779638400000,348.67,352.91,348.59,350.42,8596.154
1779642000000,350.41,350.94,349.76,350.27,3020.259
1779645600000,350.28,350.41,348.56,348.95,6177.682
1779649200000,348.95,349.66,348.05,349.17,5452.007
1779652800000,349.17,349.24,347.74,348.03,3301.976
1779656400000,348.04,348.79,332.29,340.82,87171.923
1779660000000,340.82,346.5,340.65,345.85,17247.921
1779663600000,345.86,347.39,345.7,346.38,6517.74
1779667200000,346.38,347.85,346.38,347.18,8054.921
1779670800000,347.18,347.73,343.6,344.02,6719.552
1779674400000,344.03,346.39,343.52,343.96,8245.54
1779678000000,343.97,345.5,343.57,344.76,6058.443
1779681600000,344.77,348.28,344.16,348.17,8155.873
1779685200000,348.18,350.53,347.78,349.88,7667.487
1779688800000,349.87,351.2,349.32,350.5,5536.026
1779692400000,350.5,351.47,348.6,350.68,7485.749
1779696000000,350.69,351.0,349.66,350.33,4002.46
1779699600000,350.33,351.86,349.91,351.38,5603.363
1779703200000,351.39,352.08,350.63,350.99,4171.511
1779706800000,350.99,351.01,349.04,349.37,4315.258
1779710400000,349.38,349.87,348.39,349.02,4943.553
1779714000000,349.03,349.53,347.46,348.65,4276.171
1779717600000,348.66,350.48,348.5,349.88,7603.709
1779721200000,349.88,352.08,348.67,349.42,10315.529
1779724800000,349.43,349.95,348.82,349.25,6532.881
1779728400000,349.25,350.75,349.15,350.12,4955.319
1779732000000,350.11,350.68,349.66,349.88,2458.467
1779735600000,349.88,350.51,349.08,350.51,3294.232
1779739200000,350.51,351.82,349.43,349.54,4992.611
1779742800000,349.53,351.34,349.08,351.0,2509.965
1779746400000,351.01,351.06,348.61,348.61,4314.795
1779750000000,348.62,351.59,348.15,351.28,4905.11
1779753600000,351.29,351.43,346.5,348.28,11780.957
1779757200000,348.27,348.32,345.34,345.98,9398.461
1779760800000,345.99,346.3,344.75,345.39,8952.22
1779764400000,345.39,346.33,343.69,346.02,7135.752
1779768000000,346.02,349.09,345.31,348.52,5700.48
1779771600000,348.53,351.7,348.27,351.59,8133.632
1779775200000,351.6,352.39,349.63,351.38,8512.611
1779778800000,351.39,351.57,347.8,349.19,7394.07
1779782400000,349.19,350.24,348.63,349.15,3791.186
1779786000000,349.14,350.9,348.43,349.93,5423.759
1779789600000,349.93,354.9,349.81,353.96,17019.387
1779793200000,353.96,354.41,352.37,353.26,11286.313
1779796800000,353.26,354.43,352.74,353.76,8043.012
1779800400000,353.75,354.2,350.8,353.22,7242.538
1779804000000,353.22,354.22,349.63,351.01,19299.756
1779807600000,351.01,351.72,348.06,349.18,16410.913
1779811200000,349.17,349.41,346.55,347.5,11452.791
1779814800000,347.5,348.57,342.25,344.3,21311.634
1779818400000,344.31,346.65,343.94,344.51,7265.847
1779822000000,344.51,346.13,343.52,345.66,3927.188
1779825600000,345.66,346.35,345.46,345.89,3027.751
1779829200000,345.89,346.13,344.04,344.37,3833.438
1779832800000,344.36,345.01,343.35,343.77,4447.694
1779836400000,343.76,344.32,342.91,343.07,5023.441
1779840000000,343.08,345.41,343.03,345.2,5178.237
1779843600000,345.2,345.4,342.9,343.17,4115.499
1779847200000,343.17,344.14,341.76,344.14,7848.357
1779850800000,344.14,344.55,342.41,342.77,3599.041
1779854400000,342.75,342.87,339.59,342.53,10090.904
1779858000000,342.53,344.44,342.24,343.81,4508.629
1779861600000,343.82,345.55,343.35,345.46,5244.933
1779865200000,345.47,345.95,344.44,345.47,4564.17
1779868800000,345.47,346.0,343.18,343.63,4926.204
1779872400000,343.63,344.0,342.58,343.14,3719.361
1779876000000,343.17,344.48,342.72,343.51,3411.235
1779879600000,343.52,344.32,342.06,342.45,3815.518
1779883200000,342.46,345.4,341.62,343.35,7769.209
1779886800000,343.34,343.87,339.21,340.57,13475.39
1779890400000,340.58,342.78,338.11,342.59,14011.666
1779894000000,342.59,347.34,342.47,345.31,13820.82
1779897600000,345.32,346.39,342.88,343.89,5184.873
1779901200000,343.89,344.07,340.01,340.83,7046.517
1779904800000,340.83,342.74,339.78,342.64,4860.667
1779908400000,342.65,343.73,342.19,343.31,4285.65
1779912000000,343.31,343.86,342.15,343.69,3615.405
1779915600000,343.69,343.79,335.34,337.0,13675.931
1779919200000,337.01,339.04,336.0,337.07,12500.461
1779922800000,337.06,338.43,331.43,334.39,27046.829
1779926400000,334.39,336.21,333.64,335.41,10516.305
1779930000000,335.41,335.85,332.16,334.46,6431.214
1779933600000,334.46,335.99,333.75,335.11,5601.955
1779937200000,335.12,335.5,330.33,333.17,23010.951
1779940800000,333.16,333.18,326.69,331.51,29535.748
1779944400000,331.52,332.75,324.08,324.85,27093.399
1779948000000,324.85,326.98,322.68,326.22,16989.32
1779951600000,326.26,328.26,325.88,326.33,13048.308
1779955200000,326.34,326.49,323.05,324.56,16123.609
1779958800000,324.55,326.1,324.33,324.93,5907.758
1779962400000,324.93,324.93,318.18,318.82,21590.203
1779966000000,318.82,319.18,294.87,301.03,180834.025
1779969600000,301.02,303.82,299.05,300.1,29141.918
1779973200000,300.1,300.8,296.3,297.26,32731.729
1779976800000,297.27,299.97,292.65,296.13,42323.214
1779980400000,296.13,297.5,293.15,295.73,19871.971
1779984000000,295.73,300.65,295.73,299.9,24613.095
1779987600000,299.91,304.11,299.35,303.02,16340.328
1779991200000,303.02,305.58,302.25,303.33,14797.912
1779994800000,303.34,303.59,299.6,300.02,10210.407
1779998400000,299.98,303.1,299.19,302.06,10848.633
1780002000000,302.07,303.13,300.62,301.59,8977.426
1780005600000,301.59,302.55,295.63,297.17,23263.285
1780009200000,297.16,299.94,296.94,299.72,8472.252
1780012800000,299.72,303.0,299.41,302.45,13483.074
1780016400000,302.45,302.95,299.75,299.97,8723.89
1780020000000,299.98,301.53,299.14,300.07,9702.754
1780023600000,300.06,302.92,300.06,302.48,8735.801
1780027200000,302.48,305.19,300.62,305.04,9714.824
1780030800000,305.04,305.61,302.79,304.57,10329.162
1780034400000,304.57,307.91,304.18,307.47,9554.627
1780038000000,307.46,309.02,304.63,305.34,20430.548
1780041600000,305.34,310.09,300.9,301.42,90288.365
1780045200000,301.43,304.54,300.54,301.82,17397.435
1780048800000,301.81,302.86,299.03,300.66,15439.397
1780052400000,300.66,301.09,297.56,298.88,16225.26
1780056000000,298.87,300.23,297.62,299.14,13032.496
1780059600000,299.14,299.69,296.47,299.04,12170.565
1780063200000,299.04,300.71,296.3,299.33,15345.897
1780066800000,299.33,308.46,299.02,305.67,45532.615
1780070400000,305.67,306.96,303.09,306.58,15885.737
1780074000000,306.58,307.58,304.87,305.54,10022.857
1780077600000,305.54,307.04,303.34,304.14,8898.444
1780081200000,304.14,304.59,302.18,304.07,7220.45
1780084800000,304.07,305.6,303.8,305.19,4162.857
1780088400000,305.19,305.46,301.56,301.65,6673.346
1780092000000,301.66,302.76,300.16,302.12,7613.588
1780095600000,302.12,302.59,301.45,302.04,4112.458
1780099200000,302.03,303.97,302.03,303.06,6352.947
1780102800000,303.06,304.92,302.69,304.63,8637.177
1780106400000,304.63,306.08,304.53,305.35,6841.295
1780110000000,305.35,305.81,302.52,302.86,7241.251
1780113600000,302.87,303.19,296.41,299.25,32701.939
1780117200000,299.25,301.62,298.55,301.21,8934.04
1780120800000,301.21,303.48,301.09,303.39,6106.904
1780124400000,303.38,303.5,300.7,301.82,8181.672
1780128000000,301.83,302.5,300.91,301.89,4686.696
1780131600000,301.89,304.24,301.59,302.77,5707.621
1780135200000,302.77,303.32,302.2,302.79,4284.97
1780138800000,302.79,303.71,302.46,303.36,3782.875
1780142400000,303.37,304.41,302.78,303.41,5159.997
1780146000000,303.42,304.47,303.15,304.42,3873.655
1780149600000,304.42,308.34,304.15,306.47,13291.893
1780153200000,306.47,307.21,305.36,306.07,7962.761
1780156800000,306.07,307.85,305.73,306.67,6377.621
1780160400000,306.67,306.81,305.41,306.14,5194.415
1780164000000,306.14,307.14,305.7,306.57,3714.804
1780167600000,306.56,306.76,305.32,306.11,3936.037
1780171200000,306.11,306.66,305.44,306.52,2773.462
1780174800000,306.53,306.63,305.12,305.47,3024.444
1780178400000,305.47,305.5,301.75,302.45,8757.146
1780182000000,302.46,303.76,302.3,303.48,4678.267
1780185600000,303.49,304.33,302.81,303.86,6750.378
1780189200000,303.86,304.63,302.78,303.07,6294.158
1780192800000,303.08,303.9,301.8,303.15,6040.668
1780196400000,303.15,304.23,303.11,303.76,4606.679
1780200000000,303.76,304.43,303.1,303.91,2819.538
1780203600000,303.92,304.41,303.22,304.13,3934.937
1780207200000,304.13,306.25,303.51,305.18,8369.998
1780210800000,305.17,305.9,303.88,305.62,15007.426
1780214400000,305.62,307.16,305.1,306.0,8100.621
1780218000000,306.0,307.39,305.27,306.07,8214.318
1780221600000,306.06,307.4,305.2,306.85,9199.038
1780225200000,306.86,307.68,303.16,303.16,19308.618
1780228800000,303.18,304.7,301.16,303.98,22705.262
1780232400000,303.97,304.49,302.4,302.77,6273.672
1780236000000,302.77,302.77,298.41,298.99,31525.031
1780239600000,299.0,300.39,298.47,299.25,7312.808
1780243200000,299.24,299.77,297.26,297.92,9585.065
1780246800000,297.91,299.21,297.17,298.92,6307.263
1780250400000,298.92,299.66,297.52,299.4,4373.542
1780254000000,299.4,300.9,298.59,300.69,5129.216
1780257600000,300.7,301.85,299.64,300.44,12727.05
1780261200000,300.45,302.32,299.94,302.24,4375.436
1780264800000,302.25,303.48,301.45,302.69,7233.045
1780268400000,302.7,303.95,300.79,302.57,7737.406
1780272000000,302.56,304.57,302.3,303.77,11198.161
1780275600000,303.77,303.91,297.04,297.48,25415.934
1780279200000,297.48,302.2,296.26,301.51,12797.883
1780282800000,301.5,302.5,299.98,300.53,7076.057
1780286400000,300.54,301.7,297.43,299.55,16463.395
1780290000000,299.55,299.78,297.91,298.3,7141.983
1780293600000,298.3,298.55,291.17,293.06,52948.252
1780297200000,293.06,294.4,287.0,288.78,39392.374
1780300800000,288.79,289.33,285.8,287.87,45046.539
1780304400000,287.88,289.57,287.42,288.51,15100.158
1780308000000,288.52,288.91,282.73,284.13,28811.196
1780311600000,284.13,284.61,277.47,279.94,56126.68
1780315200000,279.93,284.27,279.89,283.33,20901.899
1780318800000,283.33,285.5,281.75,284.68,20365.228
1780322400000,284.68,285.59,281.76,282.69,13033.634
1780326000000,282.7,287.37,282.6,286.57,21525.453
1780329600000,286.58,288.76,285.07,287.88,17354.217
1780333200000,287.89,292.68,287.36,290.52,18685.78
1780336800000,290.51,291.25,288.63,291.24,8391.128
1780340400000,291.24,291.5,289.69,291.49,4701.119
1780344000000,291.48,293.52,289.63,293.09,11521.695
1780347600000,293.1,293.18,289.1,289.58,7458.673
1780351200000,289.57,291.27,288.31,291.26,6449.307
1780354800000,291.25,293.7,289.58,293.35,7990.958
1780358400000,293.36,293.71,290.21,290.51,12393.139
1780362000000,290.51,291.12,287.75,287.92,8282.974
1780365600000,287.91,291.83,285.73,291.82,23462.753
1780369200000,291.8,293.05,290.48,291.48,10306.152
1780372800000,291.49,291.72,288.34,288.71,5765.312
1780376400000,288.71,289.62,287.51,287.65,7311.106
1780380000000,287.65,288.43,284.85,285.45,16932.856
1780383600000,285.45,288.79,284.1,286.89,11177.257
1780387200000,286.89,287.55,285.02,285.3,8610.658
1780390800000,285.3,286.08,282.07,282.63,21397.473
1780394400000,282.64,285.2,281.61,284.85,16675.991
1780398000000,284.85,285.62,282.86,283.19,16032.269
1780401600000,283.2,285.12,281.86,284.57,9651.594
1780405200000,284.58,288.0,284.42,285.43,14586.869
1780408800000,285.48,286.47,279.91,284.04,35654.403
1780412400000,284.04,284.24,279.14,281.24,32648.955
1780416000000,281.24,287.04,280.37,282.91,24624.675
1780419600000,282.91,286.65,282.61,284.52,12060.605
1780423200000,284.5,285.51,277.93,280.49,18525.175
1780426800000,280.49,282.62,276.05,281.17,23314.782
1780430400000,281.17,283.17,278.74,282.4,10487.388
1780434000000,282.4,284.38,281.06,281.83,9089.402
1780437600000,281.83,281.99,270.17,272.48,39576.796
1780441200000,272.47,272.64,265.16,268.41,64513.768
1780444800000,268.43,271.31,267.86,269.69,18093.553
1780448400000,269.68,270.0,257.91,262.44,57265.235
1780452000000,262.45,262.94,259.94,262.39,17172.401
1780455600000,262.39,263.88,241.0,247.09,220814.056
1780459200000,247.08,248.41,243.59,247.96,70952.424
1780462800000,247.95,255.17,247.41,253.94,89757.904
1780466400000,253.94,255.01,251.43,252.2,37130.35
1780470000000,252.2,256.0,250.32,251.61,85432.144
1780473600000,251.62,252.27,249.72,250.83,22866.738
1780477200000,250.83,251.53,247.28,248.26,125942.182
1780480800000,248.26,253.13,247.97,253.0,28537.867
1780484400000,253.01,254.46,248.76,249.04,20565.337
1780488000000,249.03,250.45,247.72,249.64,24125.122
1780491600000,249.64,250.95,247.07,248.39,27453.638
1780495200000,248.4,248.76,242.33,243.22,72958.044
1780498800000,243.22,247.59,243.17,246.94,28477.336
1780502400000,246.94,248.89,242.06,248.68,39533.92
1780506000000,248.69,249.46,244.83,249.03,30044.387
1780509600000,249.03,251.78,246.26,251.13,23779.765
1780513200000,251.14,251.9,241.23,243.41,57856.011
1780516800000,243.41,244.61,239.54,241.85,34273.551
1780520400000,241.85,247.52,241.19,247.29,62708.723
1780524000000,247.28,247.96,240.91,242.26,25661.403
1780527600000,242.25,243.52,239.37,243.19,33994.164
1780531200000,243.19,244.99,237.52,240.89,44325.724
1780534800000,240.9,241.53,232.59,234.52,60534.833
1780538400000,234.52,243.3,230.04,242.45,80772.7
1780542000000,242.45,250.67,242.19,246.58,40558.47
1780545600000,246.58,249.11,243.82,244.05,34605.261
1780549200000,244.05,245.28,241.45,242.4,31155.489
1780552800000,242.41,245.85,242.21,242.69,17036.083
1780556400000,242.7,244.97,242.1,243.78,22431.719
1780560000000,243.78,247.28,241.36,246.12,32545.414
1780563600000,246.12,246.19,238.51,243.25,33541.908
1780567200000,243.26,244.81,239.56,239.72,38965.205
1780570800000,239.72,245.34,239.46,245.08,24431.334
1780574400000,245.08,252.04,244.02,249.68,36886.471
1780578000000,249.69,250.63,246.47,250.44,36382.991
1780581600000,250.45,251.0,245.6,247.09,25409.224
1780585200000,247.08,248.42,244.21,246.02,28139.203
1780588800000,246.02,247.46,244.12,246.93,13948.831
1780592400000,246.93,247.55,244.85,246.79,12543.281
1780596000000,246.8,251.16,245.6,250.36,21279.311
1780599600000,250.37,251.9,249.13,249.97,19317.26
1780603200000,249.99,250.09,246.75,247.44,13407.172
1780606800000,247.44,248.78,241.6,243.02,23941.377
1780610400000,243.02,245.5,241.22,245.17,20454.311
1780614000000,245.16,245.85,242.5,245.27,19961.022
1780617600000,245.26,245.91,242.67,242.67,30145.136
1780621200000,242.68,245.17,241.34,244.45,16859.213
1780624800000,244.46,244.78,240.4,240.65,16172.764
1780628400000,240.66,242.56,238.69,239.38,18061.55
1780632000000,239.39,241.68,238.38,241.09,16332.925
1780635600000,241.09,241.41,233.43,234.03,24412.833
1780639200000,234.03,234.2,218.3,223.84,148831.127
1780642800000,223.84,225.95,219.55,225.49,44423.745
1780646400000,225.49,225.61,221.39,222.91,23789.866
1780650000000,222.91,228.91,222.68,228.91,36962.718
1780653600000,228.9,232.4,226.62,226.66,26816.83
1780657200000,226.66,226.84,222.39,222.76,30533.231
1780660800000,222.76,223.96,218.56,220.65,37407.587
1780664400000,220.64,225.09,213.66,215.92,67194.738
1780668000000,215.92,221.1,215.41,218.24,39791.521
1780671600000,218.25,218.91,213.26,214.2,31431.215
1780675200000,214.19,221.11,210.92,220.37,61202.829
1780678800000,220.36,221.24,217.08,218.07,20877.148
1780682400000,218.07,218.74,211.66,212.35,25090.504
1780686000000,212.36,217.33,209.2,216.06,28505.409
1780689600000,216.05,220.39,214.0,219.95,21257.46
1780693200000,219.94,221.71,219.6,220.15,11205.323
1780696800000,220.16,220.34,214.12,215.13,40096.645
1780700400000,215.13,215.78,207.66,209.72,44456.241
1780704000000,209.73,214.71,209.62,214.36,28952.279
1780707600000,214.36,215.73,211.69,212.55,14672.502
1780711200000,212.55,214.49,211.79,212.37,12575.9
1780714800000,212.37,212.88,209.59,211.25,16061.474
1780718400000,211.18,211.86,202.2,203.35,52644.176
1780722000000,203.36,211.63,201.7,211.25,39700.721
1780725600000,211.25,221.55,210.01,220.89,129133.35
1780729200000,220.9,225.74,219.51,222.04,62270.306
1780732800000,222.03,227.07,220.6,223.51,25681.608
1780736400000,223.51,224.96,221.76,222.78,15662.583
1780740000000,222.79,222.96,216.91,218.55,52440.451
1780743600000,218.55,219.97,216.38,219.51,22215.403
1780747200000,219.52,220.57,215.22,217.4,28192.044
1780750800000,217.41,219.45,216.16,218.7,11698.377
1780754400000,218.71,219.64,217.52,219.17,11916.081
1780758000000,219.18,219.91,215.65,217.17,12915.61
1780761600000,217.18,217.8,213.2,215.38,17765.687
1780765200000,215.39,215.96,213.39,214.07,10689.076
1780768800000,214.07,215.27,212.74,214.03,8489.874
1780772400000,214.03,215.27,213.66,213.97,5663.024
1780776000000,213.98,214.7,212.98,214.51,6026.93
1780779600000,214.51,217.42,214.34,216.07,8744.295
1780783200000,216.07,216.97,214.31,216.0,7793.657
1780786800000,216.01,217.91,215.85,217.15,7137.139
1780790400000,217.15,218.17,215.39,216.19,11145.615
1780794000000,216.18,220.72,215.99,220.61,20137.423
1780797600000,220.59,220.79,217.02,218.81,21932.367
1780801200000,218.8,221.51,218.2,221.48,10466.873
1780804800000,221.47,225.25,220.33,223.78,17454.17
1780808400000,223.77,225.97,222.55,225.44,16612.175
1780812000000,225.43,226.49,224.41,225.43,13485.778
1780815600000,225.42,226.13,222.51,223.53,15949.193
1780819200000,223.52,226.63,221.32,226.07,19504.99
1780822800000,226.07,229.94,225.88,226.41,27705.846
1780826400000,226.4,226.4,224.33,224.6,11094.528
1780830000000,224.6,225.03,223.64,223.91,8614.662
1780833600000,223.9,224.04,220.29,222.55,19747.066
1780837200000,222.54,224.01,221.9,223.29,9482.089
1780840800000,223.29,226.12,223.25,225.7,14878.313
1780844400000,225.7,225.7,222.71,224.03,11789.092
1780848000000,224.02,225.26,223.29,224.02,6956.342
1780851600000,224.04,225.57,223.55,224.43,7569.211
1780855200000,224.42,225.48,223.92,224.08,4898.623
1780858800000,224.08,224.12,218.3,219.37,23370.386
1780862400000,219.36,222.8,218.84,222.15,7276.497
1780866000000,222.15,223.59,221.55,223.06,8381.098
1780869600000,223.08,234.6,222.94,229.76,60371.942
1780873200000,229.75,230.68,226.85,230.14,21199.157
1780876800000,230.13,231.44,228.92,230.0,14153.65
1780880400000,230.01,230.34,219.74,222.13,76167.463
1780884000000,222.13,223.86,219.88,220.83,42589.886
1780887600000,220.83,222.47,219.8,221.08,32025.916
1780891200000,221.09,222.89,218.61,220.2,30326.295
1780894800000,220.2,222.05,219.87,221.83,11479.26
1780898400000,221.83,223.79,221.74,222.21,11270.068
1780902000000,222.21,222.68,214.99,217.07,156792.704
1780905600000,217.06,217.09,199.01,201.75,393507.025
1780909200000,201.75,208.41,201.09,206.98,71884.56
1780912800000,206.99,207.54,204.01,204.03,34347.549
1780916400000,204.04,208.28,203.49,207.36,40868.99
1780920000000,207.35,208.19,203.94,207.76,33484.001
1780923600000,207.77,208.26,205.83,207.14,31926.116
1780927200000,207.15,208.19,205.72,208.0,23004.946
1780930800000,208.0,213.82,208.0,210.04,60349.956
1780934400000,210.05,212.63,208.29,209.99,36801.626
1780938000000,209.99,210.2,206.25,208.74,40142.602
1780941600000,208.75,209.99,207.67,209.58,13210.466
1780945200000,209.58,211.2,209.08,210.72,15817.588
1780948800000,210.72,212.83,208.8,212.16,15997.425
1780952400000,212.16,214.09,210.92,211.11,22009.724
1780956000000,211.11,211.38,209.07,209.56,20927.745
1780959600000,209.56,211.07,208.45,209.22,16392.961
1780963200000,209.22,209.37,203.8,204.12,56068.635
1780966800000,204.11,206.55,203.77,206.28,23952.654
1780970400000,206.27,206.85,204.0,206.12,22685.951
1780974000000,206.13,207.94,205.53,207.54,17819.654
1780977600000,207.51,208.94,204.83,207.67,27505.726
1780981200000,207.66,209.01,206.84,207.67,15967.146
1780984800000,207.68,208.92,206.85,208.87,22835.987
1780988400000,208.88,210.85,207.56,210.01,34398.506
1780992000000,210.01,210.62,208.03,208.27,17147.414
1780995600000,208.27,208.65,206.0,206.56,18619.098
1780999200000,206.57,207.44,205.74,207.13,13277.793
1781002800000,207.13,207.85,204.48,206.85,18224.16
1781006400000,206.84,207.64,205.25,206.08,17079.539
1781010000000,206.08,206.64,204.15,205.84,20226.342
1781013600000,205.84,206.38,201.61,203.36,42117.306
1781017200000,203.36,204.26,201.33,201.98,25897.615
1781020800000,201.97,204.0,200.67,202.49,37075.257
1781024400000,202.49,205.77,202.37,202.95,35507.067
1781028000000,202.95,204.51,202.29,203.96,16300.941
1781031600000,203.95,205.29,203.29,204.99,10463.86
1781035200000,204.99,205.95,204.56,205.83,7949.956
1781038800000,205.84,205.97,202.47,202.95,9862.66
1781042400000,202.95,203.79,201.89,202.87,9414.705
1781046000000,202.87,203.98,202.14,203.32,11564.964
1781049600000,203.33,204.36,200.18,203.3,34034.415
1781053200000,203.31,203.38,200.56,201.41,13152.338
1781056800000,201.41,201.93,199.79,200.95,18946.463
1781060400000,200.94,203.04,200.75,201.9,13682.916
1781064000000,201.88,202.12,199.31,199.94,15649.512
1781067600000,199.95,200.28,197.09,199.8,33087.592
1781071200000,199.81,200.86,198.63,200.38,14123.681
1781074800000,200.38,201.27,198.95,199.27,17981.337
1781078400000,199.27,199.44,195.38,196.45,32083.178
1781082000000,196.46,197.66,193.91,197.37,33756.905
1781085600000,197.37,198.31,192.65,195.77,40336.891
1781089200000,195.78,196.07,193.62,193.88,30067.46
1781092800000,193.88,198.24,193.33,197.22,32213.471
1781096400000,197.22,201.21,197.03,199.91,35876.544
1781100000000,199.92,201.16,198.96,200.6,20432.145
1781103600000,200.61,202.43,199.5,201.9,26966.152
1781107200000,201.91,202.02,198.27,199.72,19988.653
1781110800000,199.75,200.74,196.55,198.28,20363.007
1781114400000,198.24,199.03,197.36,198.83,13011.242
1781118000000,198.83,199.01,195.2,195.28,17717.157
1781121600000,195.28,196.58,194.49,195.58,13718.131
1781125200000,195.58,195.8,191.66,192.24,24986.996
1781128800000,192.25,194.01,191.56,192.69,14347.211
1781132400000,192.69,195.34,192.38,194.25,10928.472
1781136000000,194.26,197.49,192.36,197.16,38021.735
1781139600000,197.15,198.9,196.77,198.19,22981.338
1781143200000,198.2,198.72,195.48,196.89,14466.712
1781146800000,196.89,203.0,195.83,201.07,41975.31
1781150400000,201.07,201.57,199.68,200.81,19007.299
1781154000000,200.81,201.37,199.55,200.13,13252.92
1781157600000,200.14,201.0,199.54,199.8,11397.401
1781161200000,199.8,202.54,199.37,200.46,22325.195
1781164800000,200.47,202.5,199.69,201.27,25141.021
1781168400000,201.28,201.57,199.76,200.51,8499.3
1781172000000,200.52,200.8,199.54,200.64,7034.801
1781175600000,200.63,201.87,200.06,201.58,9527.576
1781179200000,201.58,201.58,198.64,200.33,20270.547
1781182800000,200.33,201.69,199.84,200.7,14095.427
1781186400000,200.7,201.07,199.07,199.59,11915.801
1781190000000,199.56,200.34,198.24,199.34,17201.25
1781193600000,199.37,200.82,198.83,199.66,13953.424
1781197200000,199.66,204.68,199.36,204.57,33062.083
1781200800000,204.57,205.36,203.04,204.79,21281.865
1781204400000,204.79,205.72,201.72,204.65,21021.108
1781208000000,204.65,204.8,202.4,203.06,8845.01
1781211600000,203.06,206.18,203.05,204.71,10984.422
1781215200000,204.71,209.65,204.42,206.55,33288.362
1781218800000,206.55,206.59,204.78,205.17,10519.949
1781222400000,205.16,206.1,204.57,204.8,10629.634
1781226000000,204.79,205.2,203.53,204.25,7387.397
1781229600000,204.25,205.61,203.94,204.92,6594.253
1781233200000,204.91,205.13,204.08,205.04,6526.27
1781236800000,205.05,206.87,204.73,205.39,12270.718
1781240400000,205.39,205.47,203.39,203.82,8876.536
1781244000000,203.82,204.23,201.47,201.68,17247.933
1781247600000,201.69,202.9,201.35,202.6,8939.81
1781251200000,202.61,204.5,202.61,203.87,8219.086
1781254800000,203.87,205.66,203.6,204.66,14013.007
1781258400000,204.67,205.46,203.8,204.0,8505.083
1781262000000,204.01,205.07,203.9,204.49,10062.597
1781265600000,204.48,205.85,203.96,204.43,13513.42
1781269200000,204.42,205.36,201.7,202.78,19102.16
1781272800000,202.78,206.9,202.55,206.6,20792.877
1781276400000,206.61,208.96,204.49,205.02,32908.203
1781280000000,205.04,206.4,204.05,205.68,17413.708
1781283600000,205.69,206.38,204.22,204.32,8992.352
1781287200000,204.33,204.91,203.28,203.4,10232.682
1781290800000,203.4,204.98,203.22,203.94,11066.213
1781294400000,203.94,204.96,203.72,204.43,5058.882
1781298000000,204.43,205.42,203.48,203.82,4811.631
1781301600000,203.82,204.57,202.2,202.35,10760.008
1781305200000,202.33,202.4,200.75,201.98,13786.199
1781308800000,201.98,202.72,201.62,202.29,9538.789
1781312400000,202.3,204.08,202.27,203.92,7891.745
1781316000000,203.93,204.06,202.27,202.55,6537.375
1781319600000,202.56,203.06,201.65,202.86,7136.313
1781323200000,202.87,204.29,202.31,203.58,7092.948
1781326800000,203.58,204.05,200.81,202.96,19554.641
1781330400000,202.96,205.2,202.37,205.14,10303.284
1781334000000,205.12,208.95,204.17,207.58,38433.087
1781337600000,207.56,207.67,206.14,206.38,10965.37
1781341200000,206.38,208.19,206.33,206.97,10283.651
1781344800000,206.98,208.45,206.92,207.26,13677.104
1781348400000,207.26,208.5,207.01,207.72,7242.138
1781352000000,207.72,208.87,207.52,208.11,8732.84
1781355600000,208.09,209.26,207.8,208.7,8393.251
1781359200000,208.69,209.59,207.61,208.56,11993.56
1781362800000,208.56,209.24,207.95,208.55,10296.929
1781366400000,208.56,208.66,206.24,206.95,16615.045
1781370000000,206.94,207.88,205.66,206.1,8700.211
1781373600000,206.1,207.9,205.93,206.75,7046.471
1781377200000,206.76,207.95,206.53,207.37,4957.809
1781380800000,207.36,207.71,206.84,207.57,4874.093
1781384400000,207.58,209.65,206.85,208.83,6795.361
1781388000000,208.85,209.26,208.24,208.29,5909.411
1781391600000,208.29,209.25,207.89,208.48,5712.652
1781395200000,208.48,208.9,207.83,208.29,7604.302
1781398800000,208.3,209.34,207.65,208.61,6980.998
1781402400000,208.61,209.33,208.01,208.29,6991.899
1781406000000,208.28,208.97,208.02,208.67,4752.278
1781409600000,208.66,208.82,206.35,206.39,9044.271
1781413200000,206.38,206.7,202.5,203.39,22524.272
1781416800000,203.4,204.43,202.74,202.96,15389.627
1781420400000,202.95,203.74,202.15,203.3,9674.694
1781424000000,203.31,204.19,203.01,203.5,8811.993
1781427600000,203.5,204.5,202.22,204.37,12043.014
1781431200000,204.34,204.64,203.37,203.66,9138.923
1781434800000,203.67,204.49,203.5,203.96,4897.946
1781438400000,203.96,204.6,202.62,202.89,8829.181
1781442000000,202.9,203.27,201.2,202.17,12977.768
1781445600000,202.18,202.34,199.46,200.92,15250.999
1781449200000,200.91,201.57,200.65,201.43,7213.349
1781452800000,201.43,202.47,201.31,201.97,7919.619
1781456400000,201.97,202.38,200.86,201.15,6442.399
1781460000000,201.15,201.29,196.21,198.53,40839.941
1781463600000,198.53,199.87,198.08,198.89,10913.952
1781467200000,198.9,200.98,198.51,200.52,8991.009
1781470800000,200.52,209.0,200.35,208.27,36835.035
1781474400000,208.28,209.88,205.78,208.08,33301.442
1781478000000,208.09,210.67,207.31,210.51,17971.199
1781481600000,210.51,211.75,209.36,211.16,18379.004
1781485200000,211.16,211.22,209.23,209.6,12129.355
1781488800000,209.6,212.56,209.43,210.84,12797.235
1781492400000,210.84,212.05,210.47,211.65,7863.076
1781496000000,211.64,211.66,209.8,210.15,7624.764
1781499600000,210.16,212.19,209.82,211.55,7835.662
1781503200000,211.55,212.8,211.4,212.31,9873.078
1781506800000,212.31,213.96,211.63,212.07,14287.419
1781510400000,212.08,213.71,211.89,213.19,8761.25
1781514000000,213.2,214.98,212.63,214.93,11598.527
1781517600000,214.93,224.11,214.93,222.2,57002.386
1781521200000,222.21,228.54,220.81,228.09,44901.75
1781524800000,228.08,230.1,226.09,227.49,45616.572
1781528400000,227.5,229.9,225.56,228.32,46243.273
1781532000000,228.31,231.01,227.13,227.36,30161.594
1781535600000,227.36,227.56,223.2,227.11,44942.95
1781539200000,227.1,227.17,225.49,225.7,16141.378
1781542800000,225.69,225.87,224.23,225.52,12674.582
1781546400000,225.51,225.6,223.18,223.29,7715.145
1781550000000,223.28,224.28,220.28,224.15,24131.221
1781553600000,224.15,227.27,223.86,225.24,17221.216
1781557200000,225.23,226.46,224.06,225.98,10001.65
1781560800000,225.99,228.29,222.87,224.14,21822.85
1781564400000,224.14,224.79,222.9,224.46,8191.925
1781568000000,224.46,225.75,223.74,223.83,11531.203
1781571600000,223.83,224.65,223.24,223.61,8441.389
1781575200000,223.62,225.13,218.49,223.12,29819.568
1781578800000,223.12,223.23,220.73,222.55,17378.8
1781582400000,222.56,222.68,218.97,219.84,12756.853
1781586000000,219.85,221.49,219.84,220.29,7237.464
1781589600000,220.29,225.36,220.29,224.51,50176.791
1781593200000,224.51,225.77,223.63,224.57,12376.034
1781596800000,224.56,228.0,224.36,227.55,21699.233
1781600400000,227.55,227.57,223.85,224.53,16173.051
1781604000000,224.53,225.76,219.86,221.37,43572.899
1781607600000,221.37,222.15,216.76,218.03,58490.448
1781611200000,218.04,221.25,217.22,220.78,29226.781
1781614800000,220.8,220.97,217.32,217.54,20467.286
1781618400000,217.54,218.68,212.62,215.81,62825.565
1781622000000,215.8,217.07,215.18,215.85,13586.27
1781625600000,215.85,216.49,215.4,215.94,7564.964
1781629200000,215.94,218.15,215.94,217.97,11852.916
1781632800000,217.97,219.56,217.82,219.05,12352.091
1781636400000,219.05,219.06,217.37,218.1,8736.558
1781640000000,218.1,220.72,217.81,220.05,8672.409
1781643600000,220.05,223.73,219.71,220.41,45465.666
1781647200000,220.4,221.54,219.18,220.3,14660.357
1781650800000,220.31,220.63,212.1,213.88,65809.059
1781654400000,213.87,216.15,212.81,214.6,38928.418
1781658000000,214.61,216.42,213.25,216.23,15140.009
1781661600000,216.22,217.37,215.89,216.64,12795.778
1781665200000,216.65,216.66,212.14,213.98,33935.623
1781668800000,213.99,215.56,213.71,214.81,10409.987
1781672400000,214.82,215.75,214.08,214.59,10450.507
1781676000000,214.6,215.1,213.61,214.35,8863.671
1781679600000,214.35,215.33,213.85,214.91,8334.629
1781683200000,214.92,214.96,212.72,213.1,12150.151
1781686800000,213.09,214.6,213.0,213.98,9188.851
1781690400000,213.99,214.25,212.53,212.72,6257.822
1781694000000,212.73,213.15,210.68,211.7,25089.517
1781697600000,211.71,213.61,209.9,213.41,23557.14
1781701200000,213.41,213.67,211.87,212.16,14971.511
1781704800000,212.15,213.41,211.4,212.31,14034.524
1781708400000,212.31,216.13,212.0,215.91,18715.281
1781712000000,215.91,217.99,215.24,215.69,17097.466
1781715600000,215.69,217.01,214.89,216.56,9053.712
1781719200000,216.55,217.28,211.39,215.11,31564.66
1781722800000,215.11,215.75,208.26,209.02,37897.585
1781726400000,209.02,212.06,208.61,211.86,16012.687
1781730000000,211.86,212.59,210.21,210.69,7177.244
1781733600000,210.7,212.24,208.56,211.42,10326.031
1781737200000,211.41,213.05,211.39,212.32,5808.607
1781740800000,212.32,213.9,212.19,212.77,8389.484
1781744400000,212.77,214.24,212.5,213.03,5893.201
1781748000000,213.04,215.25,213.04,213.84,14156.933
1781751600000,213.84,214.07,211.15,211.39,10398.462
1781755200000,211.39,211.68,205.57,207.12,44128.179
1781758800000,207.12,207.55,206.02,207.29,12725.781
1781762400000,207.29,208.24,206.5,208.06,11226.733
1781766000000,208.06,209.8,207.83,209.39,9312.457
1781769600000,209.39,210.44,208.96,209.67,6465.982
1781773200000,209.68,210.09,208.13,209.24,7533.384
1781776800000,209.24,209.3,207.61,208.21,6930.884
1781780400000,208.22,208.74,206.52,207.08,9575.309
1781784000000,207.08,207.41,204.49,207.17,25497.129
1781787600000,207.18,207.44,204.57,205.49,14520.016
1781791200000,205.5,206.88,201.88,203.11,28049.666
1781794800000,203.1,204.23,192.19,194.73,149194.532
1781798400000,194.71,197.24,194.44,196.96,39762.657
1781802000000,196.97,197.04,194.41,196.16,16238.498
1781805600000,196.16,197.4,195.86,196.73,11413.076
1781809200000,196.73,198.31,196.39,197.98,10411.916
1781812800000,197.99,199.96,197.96,199.52,15511.482
1781816400000,199.52,199.7,198.29,198.94,8476.38
1781820000000,198.93,199.04,196.33,198.14,35190.017
1781823600000,198.15,199.93,197.81,199.54,10716.218
1781827200000,199.55,199.85,197.38,198.76,15853.606
1781830800000,198.76,199.05,197.35,198.3,8915.396
1781834400000,198.29,198.81,197.23,197.77,7841.893
1781838000000,197.77,198.12,192.86,194.59,46833.009
1781841600000,194.59,195.62,192.79,193.48,16201.583
1781845200000,193.48,195.5,193.43,195.0,13811.905
1781848800000,195.0,195.6,194.27,194.99,8610.871
1781852400000,194.99,194.99,193.14,193.81,10670.31
1781856000000,193.81,194.27,193.01,193.67,11028.528
1781859600000,193.68,193.85,192.62,193.57,9972.167
1781863200000,193.57,194.89,193.33,194.73,13023.656
1781866800000,194.74,195.3,193.88,195.05,11149.479
1781870400000,195.06,196.1,193.75,196.0,13966.796
1781874000000,196.01,198.9,195.49,197.73,23287.741
1781877600000,197.72,198.47,195.3,196.91,25296.473
1781881200000,196.92,197.67,196.02,196.81,9469.22
1781884800000,196.82,197.96,195.86,196.11,11265.379
1781888400000,196.11,198.27,195.61,197.53,9795.822
1781892000000,197.53,197.88,196.72,197.58,5188.096
1781895600000,197.59,197.61,196.51,197.18,5195.108
1781899200000,197.19,198.03,196.41,198.01,4545.191
1781902800000,198.02,198.23,196.66,196.81,5086.511
1781906400000,196.82,197.96,196.15,197.45,11955.687
1781910000000,197.46,198.77,197.09,198.38,7941.249
1781913600000,198.37,199.6,197.82,197.9,11125.313
1781917200000,197.91,198.33,197.06,198.09,7988.107
1781920800000,198.1,198.21,197.0,197.22,10985.989
1781924400000,197.21,197.98,196.87,197.44,3599.377
1781928000000,197.44,198.31,197.1,198.1,5164.214
1781931600000,198.1,200.46,197.87,199.04,13723.139
1781935200000,199.05,199.89,198.77,199.52,9220.648
1781938800000,199.53,200.79,198.65,199.7,12784.769
1781942400000,199.7,199.79,197.97,198.83,13727.878
1781946000000,198.84,199.65,198.71,199.38,4318.642
1781949600000,199.39,199.84,198.62,199.08,4965.25
1781953200000,199.09,199.32,197.01,198.29,14310.146
1781956800000,198.29,198.86,197.69,198.31,5670.543
1781960400000,198.31,198.41,196.52,197.13,12170.569
1781964000000,197.12,199.4,195.42,198.75,25609.671
1781967600000,198.75,200.62,198.25,200.03,15084.338
1781971200000,200.04,200.09,198.55,199.48,7172.426
1781974800000,199.48,199.48,197.49,198.53,8176.817
1781978400000,198.53,199.0,198.05,198.16,4493.421
1781982000000,198.16,198.8,197.93,198.47,4683.3
1781985600000,198.48,198.82,197.82,198.45,3407.851
1781989200000,198.46,199.08,198.26,198.89,6540.567
1781992800000,198.9,200.49,198.52,200.03,8666.775
1781996400000,200.04,200.19,199.48,199.91,6105.638
1782000000000,199.93,200.06,199.36,199.85,5264.389
1782003600000,199.85,199.93,198.78,199.2,6388.703
1782007200000,199.19,199.22,198.14,198.28,5164.843
1782010800000,198.28,199.79,198.1,199.53,5965.132
1782014400000,199.53,200.06,198.5,198.65,4775.608
1782018000000,198.65,199.03,198.18,198.47,6065.382
1782021600000,198.48,199.43,198.39,198.93,5116.963
1782025200000,198.94,199.3,198.55,198.81,3676.122
1782028800000,198.81,198.89,196.91,197.77,11962.955
1782032400000,197.76,198.39,197.17,198.15,5654.435
1782036000000,198.15,199.23,197.95,198.04,5628.585
1782039600000,198.05,198.74,196.56,197.83,12625.244
1782043200000,197.82,198.54,197.35,198.41,4726.582
1782046800000,198.41,198.66,197.84,198.35,4822.123
1782050400000,198.35,198.64,197.84,198.48,3559.632
1782054000000,198.48,199.96,198.31,199.55,8288.919
1782057600000,199.54,199.62,197.8,198.37,9360.263
1782061200000,198.38,198.92,198.15,198.28,3219.993
1782064800000,198.28,198.86,197.69,198.6,4551.006
1782068400000,198.61,199.02,198.24,198.48,3700.074
1782072000000,198.49,198.78,196.52,196.92,6630.932
1782075600000,196.93,197.05,194.62,196.18,17571.836
1782079200000,196.17,197.25,195.02,196.76,12084.242
1782082800000,196.76,196.76,194.33,194.74,13785.463
1782086400000,194.74,198.26,194.74,198.05,12433.097
1782090000000,198.06,201.48,197.61,200.34,24899.501
1782093600000,200.35,200.6,198.53,199.07,8751.574
1782097200000,199.07,199.97,197.73,198.51,8911.764
1782100800000,198.51,199.37,197.86,199.28,7944.602
1782104400000,199.27,200.38,199.01,199.34,8518.168
1782108000000,199.35,199.99,198.79,199.11,6302.667
1782111600000,199.1,200.39,198.9,199.23,7804.401
1782115200000,199.23,200.31,198.87,199.66,8325.454
1782118800000,199.66,200.08,199.01,199.21,5131.18
1782122400000,199.2,200.08,198.73,199.17,4129.428
1782126000000,199.17,201.68,199.06,201.02,12881.727
1782129600000,201.02,203.74,200.92,202.1,20906.708
1782133200000,202.11,204.76,201.56,204.49,21988.903
1782136800000,204.5,205.2,199.87,200.98,31275.052
1782140400000,200.98,202.48,200.42,201.14,15014.715
1782144000000,201.14,201.33,198.15,198.99,24731.825
1782147600000,198.98,199.34,197.73,198.97,8889.931
1782151200000,198.96,199.4,197.34,197.65,8015.007
1782154800000,197.65,198.78,197.34,198.67,8474.236
1782158400000,198.67,199.7,198.21,198.54,6507.09
1782162000000,198.53,198.76,197.31,198.58,5090.738
1782165600000,198.58,199.14,195.93,196.74,15890.46
1782169200000,196.74,197.47,196.38,197.42,4999.52
1782172800000,197.41,198.39,194.77,195.64,128115.617
1782176400000,195.64,196.64,194.86,196.08,17629.333
1782180000000,196.08,196.61,193.22,195.61,31026.401
1782183600000,195.6,195.85,194.58,195.85,8600.217
1782187200000,195.84,196.28,194.73,194.91,7744.604
1782190800000,194.92,195.46,193.91,194.55,12360.579
1782194400000,194.56,194.66,189.09,190.77,61901.848
1782198000000,190.78,191.59,190.5,190.83,16078.774
1782201600000,190.84,191.68,185.67,188.48,46996.774
1782205200000,188.5,190.04,188.5,189.78,15882.646
1782208800000,189.79,190.86,189.63,190.14,9871.375
1782212400000,190.15,191.84,190.0,191.05,10479.616
1782216000000,191.06,191.78,190.62,191.26,8983.175
1782219600000,191.26,193.14,190.28,191.71,30325.019
1782223200000,191.71,192.38,190.45,190.78,13635.789
1782226800000,190.78,190.84,189.15,190.29,11694.313
1782230400000,190.29,191.35,190.11,190.36,12580.203
1782234000000,190.36,191.09,189.54,189.88,6899.992
1782237600000,189.89,190.78,189.37,190.56,9507.76
1782241200000,190.55,192.04,190.34,191.67,8024.224
1782244800000,191.67,192.97,191.63,192.48,6227.902
1782248400000,192.48,194.7,192.46,193.53,8952.881
1782252000000,193.53,194.72,193.4,193.89,7591.25
1782255600000,193.87,194.96,193.06,194.44,7810.368
1782259200000,194.44,194.97,194.06,194.79,12497.52
1782262800000,194.79,196.5,194.09,195.8,25037.073
1782266400000,195.8,196.04,194.54,194.88,11358.61
1782270000000,194.88,195.16,193.97,194.11,8856.099
1782273600000,194.11,194.96,192.67,194.7,9691.375
1782277200000,194.7,195.96,194.46,194.83,15285.164
1782280800000,194.82,195.02,194.19,194.79,6385.349
1782284400000,194.8,194.94,192.23,194.36,20217.014
1782288000000,194.37,194.66,193.33,193.65,8478.108
1782291600000,193.66,193.78,192.53,193.27,11084.595
1782295200000,193.27,193.42,191.74,191.97,8359.458
1782298800000,191.98,194.52,190.71,193.4,22079.982
1782302400000,193.4,194.09,192.85,192.99,10065.169
1782306000000,192.99,193.08,190.03,190.83,32011.128
1782309600000,190.82,192.19,190.01,191.55,20164.486
1782313200000,191.55,191.72,187.55,187.78,24607.698
1782316800000,187.77,189.69,181.58,182.17,60381.64
1782320400000,182.17,184.45,180.82,181.26,41705.094
1782324000000,181.27,184.97,180.61,183.8,26376.288
1782327600000,183.81,184.83,183.31,184.7,14941.99
1782331200000,184.7,189.5,184.32,188.97,29849.904
1782334800000,188.98,189.36,187.41,189.16,11439.664
1782338400000,189.17,190.69,188.41,188.86,13008.362
1782342000000,188.86,190.63,188.53,190.27,8408.922
1782345600000,190.27,191.58,189.85,190.28,11622.852
1782349200000,190.28,190.81,190.03,190.43,7969.498
1782352800000,190.42,191.19,190.18,190.76,7408.866
1782356400000,190.76,191.43,190.21,191.16,7805.687
1782360000000,191.17,193.6,190.61,193.43,10353.519
1782363600000,193.44,195.17,193.17,194.39,23619.877
1782367200000,194.4,195.72,194.11,194.66,13772.357
1782370800000,194.66,195.67,194.51,194.83,10300.006
1782374400000,194.83,196.99,194.63,195.57,23117.632
1782378000000,195.58,195.97,194.64,194.99,13863.132
1782381600000,194.99,195.16,193.26,193.8,18034.72
1782385200000,193.81,194.36,193.01,193.91,14760.512
1782388800000,193.91,195.83,192.63,194.66,27271.294
1782392400000,194.66,195.96,182.12,182.81,76662.484
1782396000000,182.8,190.84,182.8,188.01,67170.411
1782399600000,188.01,189.2,186.25,189.1,26066.721
1782403200000,189.11,191.0,187.73,188.77,22498.896
1782406800000,188.78,191.35,188.5,190.43,20096.086
1782410400000,190.43,190.73,188.05,188.95,13722.95
1782414000000,188.96,188.99,186.44,187.26,14318.441
1782417600000,187.26,188.73,187.03,187.47,8526.229
1782421200000,187.47,191.0,187.33,190.83,11530.604
1782424800000,190.83,191.64,190.08,191.45,10378.706
1782428400000,191.44,193.61,191.14,192.85,15882.694
1782432000000,192.85,193.78,192.6,192.98,12158.694
1782435600000,192.97,193.49,188.84,190.06,21130.266
1782439200000,190.07,190.16,185.23,186.24,30204.861
1782442800000,186.25,192.12,184.76,191.76,25270.972
1782446400000,191.75,192.3,190.47,191.13,15354.446
1782450000000,191.14,194.0,190.34,192.86,27432.197
1782453600000,192.86,195.61,191.51,194.6,20839.287
1782457200000,194.59,196.0,194.33,195.72,16946.299
1782460800000,195.71,195.97,193.9,194.77,15108.325
1782464400000,194.78,195.68,193.25,193.64,17328.036
1782468000000,193.64,195.07,193.06,193.37,20218.53
1782471600000,193.37,194.45,192.21,193.22,15520.49
1782475200000,193.22,195.34,191.34,192.64,19808.914
1782478800000,192.65,196.77,191.11,196.36,35969.856
1782482400000,196.37,196.73,194.56,195.28,27259.926
1782486000000,195.29,201.7,195.05,200.26,45952.877
1782489600000,200.26,203.2,199.41,200.03,33972.253
1782493200000,200.03,200.43,198.22,198.72,15898.038
1782496800000,198.72,199.33,197.14,197.45,12889.745
1782500400000,197.46,199.45,197.08,197.7,12577.432
1782504000000,197.69,199.17,197.17,197.28,14135.261
1782507600000,197.28,198.57,196.62,197.54,7390.098
1782511200000,197.54,198.28,196.66,198.26,6082.335
1782514800000,198.27,198.88,196.67,197.28,10381.434
1782518400000,197.29,197.78,194.25,195.73,19188.089
1782522000000,195.74,196.29,195.3,196.06,6271.683
1782525600000,196.06,197.72,195.55,197.35,10980.645
1782529200000,197.35,197.35,196.0,196.52,8341.729
1782532800000,196.52,197.95,196.45,197.21,6195.88
1782536400000,197.21,197.86,196.56,197.41,6056.057
1782540000000,197.41,198.0,196.59,197.18,8061.924
1782543600000,197.18,198.15,196.61,197.04,7264.926
1782547200000,197.04,197.07,195.4,196.01,9038.256
1782550800000,196.01,196.46,195.52,196.42,8274.102
1782554400000,196.41,197.43,196.38,197.32,5001.446
1782558000000,197.32,197.36,195.81,196.15,6073.37
1782561600000,196.15,197.27,195.9,197.26,4702.933
1782565200000,197.26,198.35,197.25,197.87,8834.816
1782568800000,197.87,198.78,197.6,198.57,7328.186
1782572400000,198.57,199.91,198.57,199.48,13806.729
1782576000000,199.48,199.74,198.4,198.8,10201.694
1782579600000,198.79,198.82,196.87,197.69,9478.549
1782583200000,197.7,198.44,197.47,198.23,4654.838
1782586800000,198.23,198.78,195.73,196.56,10123.229
1782590400000,196.56,197.54,196.46,197.53,4966.841
1782594000000,197.53,198.05,196.29,196.34,6849.319
1782597600000,196.34,196.62,194.6,196.48,8565.948
1782601200000,196.48,196.81,195.21,195.29,5783.174
1782604800000,195.29,196.72,195.06,196.23,8310.905
1782608400000,196.23,196.75,195.49,196.23,5460.032
1782612000000,196.24,197.9,194.9,195.08,13477.03
1782615600000,195.07,195.31,193.52,194.82,15067.976
1782619200000,194.81,195.07,194.0,194.16,4965.882
1782622800000,194.16,194.29,192.97,194.05,9477.715
1782626400000,194.05,194.17,192.03,192.71,9782.22
1782630000000,192.7,193.57,192.59,193.18,8005.84
1782633600000,193.18,194.87,192.42,194.03,10222.013
1782637200000,194.03,194.57,192.78,193.01,12890.865
1782640800000,193.01,193.9,192.0,192.65,13790.762
1782644400000,192.65,193.81,192.41,193.55,12507.984
1782648000000,193.55,194.27,192.46,193.13,12887.775
1782651600000,193.13,193.27,191.91,192.53,14153.674
1782655200000,192.53,194.22,192.41,192.97,13473.218
1782658800000,192.98,193.82,192.56,193.13,17056.17
1782662400000,193.13,193.21,190.19,190.97,33278.812
1782666000000,190.96,191.85,189.26,190.58,23102.191
1782669600000,190.57,190.97,189.98,190.71,13997.012
1782673200000,190.7,191.48,189.33,190.36,14679.377
1782676800000,190.35,191.95,190.23,191.44,14803.682
1782680400000,191.43,191.48,189.57,190.01,13402.684
1782684000000,190.01,192.28,188.2,188.83,32637.88
1782687600000,188.82,191.46,188.5,190.84,22653.118
1782691200000,190.84,191.57,188.37,191.33,32224.731
1782694800000,191.34,192.05,189.9,191.57,28256.656
1782698400000,191.58,192.55,188.75,192.32,28630.233
1782702000000,192.33,194.8,192.1,194.03,28347.069
1782705600000,194.03,195.43,193.34,194.04,20240.935
1782709200000,194.04,195.26,191.72,195.22,24839.755
1782712800000,195.23,198.28,195.06,196.41,29407.353
1782716400000,196.42,197.53,195.61,196.71,16620.881
1782720000000,196.69,197.11,194.25,195.45,20138.065
1782723600000,195.45,197.07,195.33,196.72,17616.518
1782727200000,196.73,197.89,195.69,196.43,13211.248
1782730800000,196.42,197.91,195.5,196.34,13727.559
1782734400000,196.34,199.25,195.26,196.56,34443.363
1782738000000,196.57,198.86,194.72,196.45,30960.557
1782741600000,196.46,196.57,194.34,195.55,29198.996
1782745200000,195.56,196.64,193.57,196.29,21123.044
1782748800000,196.3,197.67,195.38,197.28,12908.38
1782752400000,197.29,201.53,197.28,201.11,31460.653
1782756000000,201.12,201.95,200.18,200.62,11578.855
1782759600000,200.63,202.85,200.12,202.34,13448.094
1782763200000,202.35,202.86,201.41,201.65,9418.968
1782766800000,201.66,202.81,201.23,201.91,6718.668
1782770400000,201.91,202.05,200.7,200.73,6891.614
1782774000000,200.73,201.18,199.95,201.11,7267.44
1782777600000,201.1,201.52,198.7,199.54,15743.6
1782781200000,199.55,200.58,198.51,199.13,14272.634
1782784800000,199.14,200.29,198.02,199.87,8278.985
1782788400000,199.88,201.18,199.41,199.45,9633.937
1782792000000,199.45,199.73,198.42,199.51,10009.97
1782795600000,199.51,199.54,198.12,199.13,8249.394
1782799200000,199.13,199.65,198.88,199.39,8304.088
1782802800000,199.39,200.55,198.68,200.37,8581.643
1782806400000,200.37,201.12,198.74,199.56,15682.575
1782810000000,199.55,201.97,199.15,201.88,8550.139
1782813600000,201.88,202.02,200.63,200.82,11571.315
1782817200000,200.83,201.22,198.91,199.21,10927.445
1782820800000,199.21,199.21,194.45,194.46,26232.259
1782824400000,194.46,198.23,194.07,197.39,34316.998
1782828000000,197.38,199.54,196.73,197.28,19104.606
1782831600000,197.29,201.34,196.64,200.27,33359.64
1782835200000,200.27,202.48,198.84,200.87,23672.486
1782838800000,200.87,202.33,198.3,198.51,13285.256
1782842400000,198.51,200.31,198.15,200.09,10926.215
1782846000000,200.08,200.79,198.94,200.26,10086.589
1782849600000,200.25,200.75,198.8,199.45,8371.026
1782853200000,199.45,199.99,198.52,199.87,5041.127
1782856800000,199.87,200.31,198.64,199.3,5474.275
1782860400000,199.31,200.07,198.97,199.89,5682.775
1782864000000,199.89,200.56,198.8,200.23,10082.953
1782867600000,200.24,201.47,195.61,200.74,25509.486
1782871200000,200.75,205.86,200.08,205.34,41049.904
1782874800000,205.34,210.24,203.6,207.48,36873.733
1782878400000,207.49,207.85,205.34,206.47,19699.095
1782882000000,206.46,206.78,205.06,205.83,10855.574
1782885600000,205.83,205.88,202.01,202.87,30935.313
1782889200000,202.88,203.25,201.5,203.04,12479.059
1782892800000,203.03,204.34,201.63,204.19,13197.847
1782896400000,204.2,206.0,203.88,204.57,13014.365
1782900000000,204.59,207.05,203.77,206.87,12891.113
1782903600000,206.87,206.95,203.56,203.67,13973.797
1782907200000,203.66,203.91,201.71,203.4,18114.675
1782910800000,203.39,208.24,203.31,207.99,28647.135
1782914400000,207.98,214.39,207.43,214.32,46428.76
1782918000000,214.32,218.65,213.74,214.75,53369.237
1782921600000,214.74,216.28,212.36,212.79,22624.531
1782925200000,212.79,213.42,211.14,212.78,24035.108
1782928800000,212.79,213.24,211.25,212.19,11775.691
1782932400000,212.18,213.92,211.57,212.41,13377.383
1782936000000,212.41,214.17,211.81,214.13,11210.382
1782939600000,214.14,217.23,213.94,216.39,16765.246
1782943200000,216.38,218.92,212.58,213.64,25087.775
1782946800000,213.63,213.82,207.66,209.89,44592.98
1782950400000,209.9,214.17,209.83,214.09,19838.482
1782954000000,214.09,215.99,212.87,214.94,14191.74
1782957600000,214.95,216.89,214.01,216.27,11489.137
1782961200000,216.28,218.27,214.42,217.94,20310.013
1782964800000,217.93,218.11,215.9,216.05,15177.208
1782968400000,216.05,216.09,213.65,215.25,14809.604
1782972000000,215.25,215.66,213.8,214.14,10421.944
1782975600000,214.15,214.45,213.25,213.52,9219.2
1782979200000,213.51,214.37,212.8,214.16,11887.946
1782982800000,214.16,218.58,213.88,215.81,36133.592
1782986400000,215.8,218.46,215.45,218.06,11565.063
1782990000000,218.07,219.16,215.35,216.14,20979.04
1782993600000,216.13,218.62,215.65,218.31,25512.607
1782997200000,218.32,218.72,216.33,217.65,20585.707
1783000800000,217.65,218.73,214.39,218.36,34151.592
1783004400000,218.36,219.78,216.21,217.65,21549.503
1783008000000,217.64,220.26,216.19,218.76,27423.697
1783011600000,218.76,223.76,218.52,222.07,33573.831
1783015200000,222.07,222.91,219.29,219.9,20964.378
1783018800000,219.9,221.32,219.0,219.75,9983.502
1783022400000,219.74,221.64,219.28,219.69,9454.266
1783026000000,219.69,221.4,219.05,221.04,8089.512
1783029600000,221.04,221.04,219.45,220.31,5466.258
1783033200000,220.31,221.35,219.61,220.15,6188.286
1783036800000,220.14,220.51,219.25,219.93,6279.214
1783040400000,219.93,226.61,219.7,224.0,35207.874
1783044000000,223.99,224.15,220.37,221.17,15447.36
1783047600000,221.16,222.48,220.54,220.91,10620.362
1783051200000,220.91,221.2,219.71,220.5,7817.744
1783054800000,220.5,223.76,220.41,223.1,10361.875
1783058400000,223.1,223.9,222.17,222.67,7809.886
1783062000000,222.67,224.67,222.56,224.1,8173.101
1783065600000,224.1,225.97,222.42,223.43,19034.773
1783069200000,223.42,225.49,223.21,224.24,13880.828
1783072800000,224.23,228.1,223.35,227.21,28591.327
1783076400000,227.21,227.85,225.14,226.28,20813.141
1783080000000,226.27,227.07,223.5,226.42,23110.364
1783083600000,226.43,229.09,226.41,228.01,21176.876
1783087200000,228.02,229.9,225.95,229.27,28438.953
1783090800000,229.27,229.98,226.11,227.43,29063.543
1783094400000,227.42,228.46,226.21,228.31,14038.582
1783098000000,228.31,229.26,227.47,228.04,10179.487
1783101600000,228.05,228.31,227.08,227.71,6011.211
1783105200000,227.7,229.36,227.41,227.48,11660.941
1783108800000,227.48,229.65,227.3,228.96,10139.8
1783112400000,228.95,230.94,228.1,229.64,10640.417
1783116000000,229.64,230.5,229.02,229.84,7194.759
1783119600000,229.83,230.29,229.15,229.23,6141.011
1783123200000,229.24,229.24,227.09,227.61,9435.54
1783126800000,227.62,227.98,226.24,226.83,9159.132
1783130400000,226.83,227.16,225.72,226.6,6391.881
1783134000000,226.6,227.19,225.66,226.44,6575.427
1783137600000,226.44,227.64,225.83,227.23,6620.863
1783141200000,227.22,228.02,226.48,227.24,5470.231
1783144800000,227.24,227.91,225.51,226.38,5796.826
1783148400000,226.37,226.78,225.77,226.61,4644.605
1783152000000,226.6,226.78,225.31,225.7,8466.312
1783155600000,225.71,225.99,224.09,224.51,7583.676
1783159200000,224.5,225.34,223.94,225.2,5342.81
1783162800000,225.19,226.44,224.71,225.8,5614.473
1783166400000,225.8,226.38,225.48,226.03,4317.875
1783170000000,226.02,226.92,225.57,226.87,6761.73
1783173600000,226.88,231.33,226.81,230.66,31201.43
1783177200000,230.69,232.65,229.94,232.36,21671.978
1783180800000,232.35,233.3,230.61,231.68,16117.387
1783184400000,231.68,233.16,231.02,232.28,12077.943
1783188000000,232.27,233.48,231.26,232.86,8623.823
1783191600000,232.86,234.75,232.63,233.72,12813.835
1783195200000,233.72,234.87,230.6,232.5,17064.065
1783198800000,232.5,234.9,232.43,234.21,10555.851
1783202400000,234.2,237.49,233.18,234.51,14029.462
1783206000000,234.52,237.56,232.95,236.02,16578.571
1783209600000,236.01,237.5,234.35,236.81,17913.102
1783213200000,236.8,241.13,236.52,237.68,25366.709
1783216800000,237.69,238.11,233.97,234.49,21947.646
1783220400000,234.48,238.31,234.11,236.38,19515.402
1783224000000,236.39,241.86,235.79,239.28,28940.924
1783227600000,239.27,240.19,236.6,238.3,16047.771
1783231200000,238.3,240.88,236.25,239.78,16397.968
1783234800000,239.77,241.52,237.13,240.63,20155.229
1783238400000,240.62,242.49,239.0,239.76,34305.027
1783242000000,239.76,242.6,235.85,236.54,72118.7
1783245600000,236.53,238.87,235.8,238.42,45076.931
1783249200000,238.41,239.14,236.32,236.59,44219.242
1783252800000,236.58,242.0,234.88,241.35,59299.782
1783256400000,241.34,241.94,236.35,237.39,46158.267
1783260000000,237.38,238.37,236.48,238.36,57254.472
1783263600000,238.35,239.47,236.86,237.56,54727.936
1783267200000,237.55,240.33,236.8,240.06,35720.397
1783270800000,240.06,240.51,238.32,239.45,15055.36
1783274400000,239.44,242.48,239.18,241.79,19369.307
1783278000000,241.79,249.32,241.52,247.95,57202.87
1783281600000,247.95,248.09,244.2,244.32,20786.5
1783285200000,244.32,247.24,242.72,245.2,21032.219
1783288800000,245.2,245.54,242.4,243.27,24817.102
1783292400000,243.28,244.67,241.8,244.21,20785.983
1783296000000,244.23,244.31,241.11,242.4,18928.428
1783299600000,242.39,242.97,241.11,242.13,15395.855
1783303200000,242.12,245.46,241.14,242.03,29513.388
1783306800000,242.03,242.45,239.3,241.17,56833.206
1783310400000,241.17,243.89,240.39,240.82,70009.594
1783314000000,240.81,242.6,238.39,241.63,74391.093
1783317600000,241.62,241.81,239.0,240.38,46228.182
1783321200000,240.38,241.14,239.46,240.38,11685.443
1783324800000,240.38,242.05,240.28,242.03,10026.588
1783328400000,242.02,242.41,235.99,237.44,37882.058
1783332000000,237.44,238.63,237.18,238.47,8365.473
1783335600000,238.47,238.72,236.31,236.83,9862.764
1783339200000,236.82,237.4,234.47,236.03,39277.475
1783342800000,236.02,236.97,234.55,235.82,24676.153
1783346400000,235.82,238.46,235.58,236.35,24277.978
1783350000000,236.35,240.19,235.89,239.59,17098.701
1783353600000,239.61,241.56,239.12,241.39,21295.417
1783357200000,241.4,245.06,240.81,244.08,16833.265
1783360800000,244.08,246.66,242.63,245.76,14729.697
1783364400000,245.76,248.83,245.1,246.13,24091.735
1783368000000,246.13,246.32,245.05,245.74,7290.886
1783371600000,245.73,251.43,245.44,246.86,24908.433
1783375200000,246.86,247.34,245.27,245.69,6455.595
1783378800000,245.69,245.96,240.9,241.9,27712.945
1783382400000,241.9,242.86,240.31,241.98,15646.67
1783386000000,241.98,242.26,240.58,241.55,6987.128
1783389600000,241.55,241.62,236.35,238.91,21415.744
1783393200000,238.9,239.97,237.72,237.88,13636.604
1783396800000,237.86,239.21,237.6,238.87,6587.224
1783400400000,238.87,240.46,237.68,239.64,13436.328
1783404000000,239.63,240.66,239.14,240.05,4853.294
1783407600000,240.05,240.43,238.5,238.51,5453.748
1783411200000,238.52,239.04,237.56,237.94,4688.085
1783414800000,237.93,238.6,237.74,238.32,4050.864
1783418400000,238.34,239.6,238.08,238.5,8358.003
1783422000000,238.5,239.71,237.72,239.37,7212.618
1783425600000,239.4,240.34,238.71,239.65,9952.989
1783429200000,239.65,239.99,237.54,237.82,13181.477
1783432800000,237.82,240.56,234.47,239.75,25941.984
1783436400000,239.75,242.81,239.32,242.75,26249.087
1783440000000,242.75,244.87,241.03,242.82,15310.901
1783443600000,242.82,243.8,242.01,243.16,8297.843
1783447200000,243.16,243.75,241.32,241.35,9773.692
1783450800000,241.34,243.97,239.59,243.27,13630.333
1783454400000,243.27,243.5,241.37,242.15,6118.556
1783458000000,242.16,242.61,239.73,239.82,7459.989
1783461600000,239.81,240.12,237.31,239.59,8836.092
1783465200000,239.58,241.03,239.02,239.15,4795.113
1783468800000,239.19,241.68,238.5,241.0,9888.793
1783472400000,241.0,241.29,236.4,237.51,12968.258
1783476000000,237.5,240.14,236.53,238.68,15507.724
1783479600000,238.7,239.73,236.04,236.49,9146.015
1783483200000,236.5,238.59,236.13,237.22,9804.351
1783486800000,237.21,237.86,236.88,237.32,8340.16
1783490400000,237.33,238.23,236.03,237.85,8882.524
1783494000000,237.85,239.2,237.12,238.2,8518.694
1783497600000,238.2,238.56,233.74,234.81,29318.345
1783501200000,234.8,235.24,232.41,232.85,17946.927
1783504800000,232.84,233.3,227.97,232.65,32949.79
1783508400000,232.64,235.22,232.0,234.75,20262.423
1783512000000,234.74,234.74,229.82,230.91,32009.801
1783515600000,230.91,233.59,229.3,233.5,57206.61
1783519200000,233.5,233.96,231.78,233.08,11878.61
1783522800000,233.08,233.35,230.69,231.81,7904.352
1783526400000,231.81,236.15,231.44,235.71,14273.761
1783530000000,235.7,236.87,233.86,234.02,10511.087
1783533600000,234.01,234.91,233.07,233.76,6029.342
1783537200000,233.77,235.11,233.65,234.75,3683.685
1783540800000,234.76,235.07,232.66,232.82,5233.637
1783544400000,232.81,233.96,232.09,233.56,4582.177
1783548000000,233.57,234.8,233.31,234.71,4578.375
1783551600000,234.71,236.54,234.55,235.27,7684.528
1783555200000,235.24,235.95,233.18,233.73,6849.407
1783558800000,233.73,236.85,233.42,233.55,9316.013
1783562400000,233.55,234.96,231.32,232.28,8704.449
1783566000000,232.27,234.0,232.0,233.94,7689.737
1783569600000,233.93,235.66,233.64,235.53,6269.282
1783573200000,235.52,237.7,234.99,237.32,8709.173
1783576800000,237.32,240.7,236.28,238.7,14273.462
1783580400000,238.7,240.47,238.36,239.32,9525.082
1783584000000,239.32,239.72,237.96,238.16,9715.264
1783587600000,238.17,238.66,236.13,236.82,9293.378
1783591200000,236.82,237.28,235.5,236.21,7063.747
1783594800000,236.2,237.19,235.99,237.03,5743.344
1783598400000,237.03,238.18,236.12,236.8,9639.008
1783602000000,236.78,238.26,236.33,237.6,7220.666
1783605600000,237.61,238.6,236.57,238.44,11559.808
1783609200000,238.44,238.6,236.48,236.9,7258.325
1783612800000,236.89,237.34,235.03,235.74,9449.695
1783616400000,235.73,237.57,235.5,237.57,6744.813
1783620000000,237.57,241.16,237.22,238.1,19715.295
1783623600000,238.09,238.46,237.56,237.84,4461.853
1783627200000,237.84,238.08,236.77,237.27,4580.013
1783630800000,237.27,238.21,237.2,237.47,4727.129
1783634400000,237.47,238.68,237.19,237.92,3511.221
1783638000000,237.92,237.96,236.59,237.63,3907.139
1783641600000,237.64,238.42,236.73,237.96,7094.303
1783645200000,237.96,243.0,237.58,241.94,18153.897
1783648800000,241.95,242.6,241.15,242.55,10455.618
1783652400000,242.55,242.9,241.65,242.14,6804.942
1783656000000,242.15,242.93,241.64,242.25,6413.397
1783659600000,242.24,243.29,241.81,242.96,5867.279
1783663200000,242.97,243.4,241.55,242.13,7261.67
1783666800000,242.13,243.5,241.84,243.22,5283.226
1783670400000,243.22,247.27,243.2,244.66,22369.668
1783674000000,244.65,245.93,244.06,245.06,8503.957
1783677600000,245.05,248.49,244.88,248.34,13462.84
1783681200000,248.34,250.22,246.9,248.13,26687.207
1783684800000,248.14,249.99,248.06,248.82,13690.931
1783688400000,248.81,254.87,248.3,252.78,38388.431
1783692000000,252.78,252.95,247.37,249.21,34295.968
1783695600000,249.22,250.98,248.62,249.43,17753.491
1783699200000,249.42,249.88,247.18,248.95,11858.978
1783702800000,248.95,249.64,246.53,246.53,9866.599
1783706400000,246.54,247.44,245.23,245.43,11245.489
1783710000000,245.42,246.77,244.7,245.79,10666.062
1783713600000,245.79,246.31,244.62,245.47,6772.123
1783717200000,245.46,246.8,245.31,246.18,5410.815
1783720800000,246.17,246.72,245.79,246.38,4043.098
1783724400000,246.37,246.37,244.95,245.12,4600.284
1783728000000,245.13,245.21,243.34,244.55,10016.145
1783731600000,244.54,245.09,243.82,244.33,5869.447
1783735200000,244.33,246.0,244.21,245.76,6081.333
1783738800000,245.75,245.9,244.71,245.6,5546.168
1783742400000,245.6,245.72,244.26,244.57,4689.73
1783746000000,244.56,245.6,244.19,245.26,4205.263
1783749600000,245.26,245.27,244.36,244.4,4630.741
1783753200000,244.39,244.62,243.82,244.14,3820.722
1783756800000,244.14,245.5,243.97,245.46,4722.355
1783760400000,245.46,247.49,245.44,246.22,11337.405
1783764000000,246.21,246.31,245.19,245.59,5910.701
1783767600000,245.58,247.18,245.58,246.65,5681.04
1783771200000,246.64,248.0,246.52,247.82,5620.403
1783774800000,247.81,248.13,246.76,248.07,6197.64
1783778400000,248.07,250.0,246.62,249.24,12562.243
1783782000000,249.24,249.67,246.79,248.04,13450.106
1783785600000,248.03,248.5,246.2,248.17,11731.976
1783789200000,248.16,248.44,246.49,247.67,6416.239
1783792800000,247.66,248.05,246.5,246.74,6126.823
1783796400000,246.74,249.99,246.73,248.01,11078.686
1783800000000,248.01,248.13,247.26,247.57,4467.79
1783803600000,247.57,247.94,246.61,247.03,4021.388
1783807200000,247.02,247.71,246.42,247.56,6240.736
1783810800000,247.57,247.63,243.68,243.74,13853.519
1783814400000,243.74,244.76,242.92,243.73,13643.158
1783818000000,243.73,246.63,243.44,246.57,7260.501
1783821600000,246.56,246.56,245.19,245.49,5882.163
1783825200000,245.48,246.45,244.98,245.84,4103.558
1783828800000,245.84,246.15,243.08,243.53,15004.336
1783832400000,243.53,244.26,243.05,243.87,4770.681
1783836000000,243.87,244.0,243.09,243.97,5740.16
1783839600000,243.96,244.63,243.74,244.38,3694.29
1783843200000,244.37,245.21,244.28,244.62,3504.971
1783846800000,244.62,244.83,243.37,244.6,4847.643
1783850400000,244.59,244.79,244.24,244.36,2828.933
1783854000000,244.36,248.11,244.31,246.19,12577.86
1783857600000,246.18,247.41,246.0,246.28,6950.916
1783861200000,246.28,246.83,245.0,245.27,5834.222
1783864800000,245.26,246.13,245.0,245.21,6383.483
1783868400000,245.21,245.85,244.7,245.25,5200.877
1783872000000,245.24,245.34,244.22,244.62,5944.756
1783875600000,244.61,245.01,243.88,244.3,4649.342
1783879200000,244.29,246.36,244.13,246.11,4507.401
1783882800000,246.1,246.87,245.62,246.59,3418.911
1783886400000,246.58,246.94,245.71,246.38,3473.427
1783890000000,246.37,246.76,244.09,244.1,4054.185
1783893600000,244.09,244.09,239.13,240.85,40345.515
1783897200000,240.84,240.84,238.74,240.05,13334.779
1783900800000,240.05,244.62,239.67,243.23,24129.809
1783904400000,243.23,243.33,240.08,240.24,12097.465
1783908000000,240.27,240.54,238.27,238.31,12031.98
1783911600000,238.31,238.66,234.52,236.2,22173.09
1783915200000,236.2,236.93,235.26,235.61,11351.302
1783918800000,235.62,237.22,234.86,236.36,15937.383
1783922400000,236.36,237.2,235.84,236.5,8871.259
1783926000000,236.5,237.41,236.08,236.92,7802.339
1783929600000,236.93,239.47,236.93,238.69,10900.329
1783933200000,238.69,238.71,237.84,238.1,6190.314
1783936800000,238.09,238.54,237.63,238.15,5656.809
1783940400000,238.15,238.99,237.26,237.6,5824.324
1783944000000,237.59,237.99,236.57,237.37,8443.535
1783947600000,237.36,239.85,235.75,238.96,21500.674
1783951200000,238.95,239.76,237.51,238.8,18594.653
1783954800000,238.8,239.48,236.43,236.97,6662.805
1783958400000,236.97,237.76,235.31,235.9,10547.299
1783962000000,235.9,236.43,234.33,234.45,10125.418
1783965600000,234.46,236.46,234.45,235.26,7290.734
1783969200000,235.27,236.15,235.09,235.96,5264.002
1783972800000,235.96,236.07,234.65,235.27,5381.666
1783976400000,235.26,235.27,232.77,233.97,8280.633
1783980000000,233.96,234.74,233.63,233.94,4999.877
1783983600000,233.94,236.5,233.71,236.29,8287.532
1783987200000,236.3,237.43,235.51,236.99,9335.687
1783990800000,236.99,237.12,235.72,236.22,4999.194
1783994400000,236.22,236.8,230.88,232.41,50566.948
1783998000000,232.41,233.73,231.69,233.57,8964.503
1784001600000,233.57,234.0,232.61,232.86,6942.125
1784005200000,232.86,237.45,232.58,236.13,30082.71
1784008800000,236.12,236.12,235.21,235.7,4775.236
1784012400000,235.71,235.83,234.32,234.74,5496.066
1784016000000,234.74,236.16,234.47,235.75,5181.95
1784019600000,235.76,236.48,235.57,235.97,3899.803
1784023200000,235.97,236.98,235.85,236.81,4240.175
1784026800000,236.81,238.36,236.62,237.75,7306.431
1784030400000,237.75,240.49,237.16,240.01,26206.081
1784034000000,240.02,242.19,238.81,239.01,27278.544
1784037600000,239.01,239.8,237.91,239.32,14279.339
1784041200000,239.32,240.34,238.51,239.03,12058.887
1784044800000,239.03,239.6,237.73,237.76,13080.253
1784048400000,237.76,237.76,236.14,237.13,13432.973
1784052000000,237.12,237.23,236.03,236.36,6561.717
1784055600000,236.35,237.23,235.49,235.71,8092.869
1784059200000,235.71,236.3,235.34,236.17,4557.544
1784062800000,236.17,237.47,235.74,236.4,4792.68
1784066400000,236.4,236.93,235.21,235.9,6135.721
1784070000000,235.89,237.04,235.53,236.69,6779.392
1784073600000,236.7,236.84,234.89,235.36,8891.03
1784077200000,235.35,235.38,233.02,233.57,9152.87
1784080800000,233.56,233.63,231.02,231.67,15175.345
1784084400000,231.66,234.69,231.22,233.37,12274.293
1784088000000,233.37,233.6,232.49,233.03,8211.399
1784091600000,233.03,236.47,232.57,234.94,28391.832
1784095200000,234.95,238.19,234.67,235.65,25180.131
1784098800000,235.65,236.12,234.15,234.98,10437.832
1784102400000,234.97,236.37,234.56,236.28,8952.729
1784106000000,236.27,236.88,235.35,235.53,6851.266
1784109600000,235.54,235.95,234.0,234.24,6928.354
1784113200000,234.25,235.41,234.13,235.18,5435.184
1784116800000,235.19,237.47,234.53,237.26,11876.736
1784120400000,237.25,238.07,234.96,235.51,16698.384
1784124000000,235.5,235.92,233.51,234.49,12695.892
1784127600000,234.49,234.83,233.44,234.33,11953.15
1784131200000,234.33,234.72,230.04,230.52,30347.003
1784134800000,230.52,230.59,225.31,228.19,41109.713
1784138400000,228.18,230.93,227.54,228.47,18301.774
1784142000000,228.47,228.97,227.09,227.48,9232.94
1784145600000,227.49,228.84,227.02,228.21,7624.425
1784149200000,228.21,228.29,225.61,226.49,9066.525
1784152800000,226.49,227.94,226.02,226.52,8084.053
1784156400000,226.52,226.7,221.95,223.01,29479.04
1784160000000,223.0,223.64,219.92,220.86,30905.118
1784163600000,220.85,223.09,220.22,221.56,19924.664
1784167200000,221.56,223.62,221.46,223.33,10414.378
1784170800000,223.32,224.2,220.35,220.69,21241.002
1784174400000,220.69,222.48,220.19,222.3,11827.728
1784178000000,222.29,227.03,220.91,223.66,71310.015
1784181600000,223.66,224.72,223.36,224.36,14163.249
1784185200000,224.37,224.72,222.23,224.42,18056.509
1784188800000,224.42,224.42,222.01,223.69,17148.616
1784192400000,223.69,223.99,220.35,221.51,22197.856
1784196000000,221.51,222.69,219.23,220.92,22759.701
1784199600000,220.93,222.28,220.54,222.05,9433.883
1784203200000,222.04,222.62,220.81,221.38,9173.798
1784206800000,221.38,223.53,220.04,222.75,18774.712
1784210400000,222.75,224.12,221.86,223.2,11800.174
1784214000000,223.2,223.75,221.42,222.73,11490.779
1784217600000,222.74,222.93,221.1,221.83,9808.643
1784221200000,221.83,222.87,220.54,222.25,10379.666
1784224800000,222.25,224.08,221.55,221.58,18029.599
1784228400000,221.57,222.88,221.16,222.39,7101.875
1784232000000,222.39,222.51,221.21,221.94,6225.265
1784235600000,221.93,222.71,221.26,222.58,3935.804
1784239200000,222.58,223.15,221.0,221.18,5927.26
1784242800000,221.17,221.97,220.46,221.72,10424.446
1784246400000,221.72,223.98,221.61,223.88,10253.263
1784250000000,223.87,224.51,222.15,222.86,11530.854
1784253600000,222.86,223.1,221.28,222.04,7257.591
1784257200000,222.04,223.95,222.04,222.83,8132.163
1784260800000,222.82,223.75,222.47,223.33,8243.638
1784264400000,223.32,224.0,221.69,221.94,13635.062
1784268000000,221.93,223.93,221.55,222.65,28663.977
1784271600000,222.64,223.44,221.93,222.01,8604.632
1784275200000,222.0,223.06,221.11,222.71,9952.008
1784278800000,222.72,223.34,222.6,222.93,6652.812
1784282400000,222.93,223.59,221.89,222.32,9227.185
1784286000000,222.32,222.67,216.94,218.3,38631.021
1784289600000,218.3,219.0,217.72,218.46,12828.897
1784293200000,218.46,218.46,215.1,217.94,24123.641
1784296800000,217.9,218.95,217.05,217.25,16490.239
1784300400000,217.25,217.94,213.51,216.8,37578.486
1784304000000,216.8,217.95,215.73,217.1,17351.899
1784307600000,217.11,219.71,216.96,218.77,12687.269
1784311200000,218.77,220.69,218.67,220.02,7240.839
1784314800000,220.01,220.33,218.97,219.86,7410.444
1784318400000,219.86,220.29,219.36,220.25,5021.47
1784322000000,220.25,221.4,219.02,219.15,7600.969
1784325600000,219.15,220.03,218.87,219.23,6170.281
1784329200000,219.22,219.86,218.87,219.64,4149.066
1784332800000,219.63,220.29,218.89,219.53,6426.452
1784336400000,219.52,219.6,218.22,218.6,6794.465
1784340000000,218.6,219.43,218.28,218.97,4946.428
1784343600000,218.96,219.73,218.44,219.17,6660.654
1784347200000,219.17,219.79,218.39,218.47,6154.638
1784350800000,218.47,219.1,218.23,218.55,3593.12
1784354400000,218.54,218.95,218.29,218.62,3829.043
1784358000000,218.62,218.8,218.1,218.63,3973.502
1784361600000,218.62,219.28,218.0,218.6,6148.485
1784365200000,218.59,218.63,216.55,218.13,8831.199
1784368800000,218.13,218.39,217.76,218.09,3967.341
1784372400000,218.09,219.65,218.06,219.34,5534.244
1784376000000,219.34,219.71,218.24,219.1,8803.344
1784379600000,219.11,222.27,218.4,220.38,13574.182
1784383200000,220.39,221.0,219.66,220.32,8606.036
1784386800000,220.32,220.76,219.33,219.64,5244.278
1784390400000,219.64,220.15,218.35,219.48,10142.211
1784394000000,219.48,221.5,219.33,220.7,11100.334
1784397600000,220.69,221.11,220.15,220.38,10549.304
1784401200000,220.37,220.66,219.85,220.19,3516.801
1784404800000,220.19,220.84,219.79,220.39,4103.025
1784408400000,220.39,220.64,219.44,220.22,5416.351
1784412000000,220.21,220.65,219.56,219.8,3859.242
1784415600000,219.79,220.47,219.67,219.97,3740.556
1784419200000,219.97,220.16,219.2,219.59,7614.126
1784422800000,219.6,220.19,219.29,219.48,9475.329
1784426400000,219.48,220.37,219.43,219.49,7011.311
1784430000000,219.49,219.55,218.12,218.27,9045.66
1784433600000,218.27,218.95,217.85,218.75,23968.52
1784437200000,218.75,219.42,217.53,217.84,20822.202
1784440800000,217.84,218.93,217.64,218.56,21764.521
1784444400000,218.56,218.64,217.79,217.86,18347.054
1784448000000,217.86,218.33,217.09,217.66,39478.935
1784451600000,217.66,217.97,216.94,217.38,58891.947
1784455200000,217.38,218.39,217.07,217.93,54720.379
1784458800000,217.93,217.96,216.77,217.07,104671.119
1784462400000,217.07,217.2,216.09,216.75,98838.825
1784466000000,216.75,217.42,216.02,217.18,103161.259
1784469600000,217.17,217.27,215.84,216.31,135837.81
1784473200000,216.3,216.42,214.11,216.12,194030.185
1784476800000,216.12,217.15,215.77,215.83,23874.583
1784480400000,215.83,217.41,214.87,216.15,21246.057
1784484000000,216.14,216.36,215.05,216.07,9316.621
