ts,open,high,low,close,volume
1775034000000,99.88,100.56,98.91,99.95,133423.68
1775037600000,99.96,100.49,99.4,99.85,66063.88
1775041200000,99.87,100.04,98.27,98.74,77120.3
1775044800000,98.74,100.75,98.02,100.49,166330.89
1775048400000,100.49,100.87,98.33,98.88,161409.46
1775052000000,98.88,99.4,98.12,98.91,113100.38
1775055600000,98.91,100.06,98.84,99.55,77936.1
1775059200000,99.53,100.64,99.46,99.9,66802.02
1775062800000,99.9,99.9,98.42,99.16,102766.52
1775066400000,99.15,100.33,99.07,99.69,139457.62
1775070000000,99.7,99.8,98.79,99.43,99290.23
1775073600000,99.44,99.84,98.69,98.81,70652.22
1775077200000,98.82,99.31,98.66,99.11,29927.27
1775080800000,99.11,99.12,98.55,98.95,33141.65
1775084400000,98.95,99.03,98.53,98.76,40197.56
1775088000000,98.76,98.83,97.4,97.88,170411.21
1775091600000,97.87,104.36,97.7,103.95,676154.55
1775095200000,103.95,104.45,103.38,103.62,144078.85
1775098800000,103.63,104.75,103.59,104.65,93396.23
1775102400000,104.65,105.63,104.54,104.86,131982.64
1775106000000,104.86,105.99,104.28,105.97,106227.16
1775109600000,105.97,106.58,105.68,105.92,155069.09
1775113200000,105.91,106.49,105.69,106.13,128689.18
1775116800000,106.12,107.2,105.92,107.02,185633.51
1775120400000,107.02,107.92,106.81,107.5,152202.57
1775124000000,107.49,108.39,107.35,108.15,188823.19
1775127600000,108.14,109.79,108.1,109.67,291313.14
1775131200000,109.67,113.17,109.26,112.99,699920.21
1775134800000,112.99,113.69,110.4,110.72,825632.26
1775138400000,110.73,111.53,106.37,108.53,1111398.48
1775142000000,108.54,111.88,107.97,111.29,633748.45
1775145600000,111.29,111.88,110.02,110.48,458162.26
1775149200000,110.49,111.53,109.47,111.2,307896.61
1775152800000,111.2,111.9,110.46,110.71,141748.02
1775156400000,110.72,111.42,110.41,111.22,96767.78
1775160000000,111.23,111.75,111.03,111.74,134600.13
1775163600000,111.73,112.16,111.71,111.93,78115.12
1775167200000,111.93,112.02,111.85,111.94,52737.58
1775170800000,111.94,111.96,111.87,111.93,39052.52
1775174400000,111.93,111.94,111.73,111.93,45080.84
1775178000000,111.94,111.96,111.8,111.94,42837.15
1775181600000,111.94,111.99,111.88,111.96,55772.77
1775185200000,111.96,112.02,111.92,111.96,45033.3
1775188800000,111.96,111.97,111.82,111.91,30523.86
1775192400000,111.91,111.95,111.82,111.9,28723.83
1775196000000,111.9,111.96,111.88,111.94,28767.65
1775199600000,111.94,111.97,111.86,111.94,26909.95
1775203200000,111.94,111.95,111.8,111.91,29505.73
1775206800000,111.91,111.94,111.83,111.9,32160.85
1775210400000,111.91,111.95,111.85,111.9,44100.23
1775214000000,111.89,111.92,111.84,111.89,34610.58
1775217600000,111.88,111.98,111.86,111.9,36862.26
1775221200000,111.9,112.0,111.9,111.97,38789.37
1775224800000,111.96,112.16,111.92,112.05,73315.46
1775228400000,112.05,112.11,111.95,112.0,58993.57
1775232000000,111.99,112.14,111.95,112.05,43663.67
1775235600000,112.04,112.16,112.03,112.15,59511.01
1775239200000,112.15,112.18,111.95,111.95,42141.76
1775242800000,111.95,112.0,111.95,111.99,14925.58
1775246400000,111.99,112.18,111.95,112.04,33154.27
1775250000000,112.04,112.13,111.76,111.79,33211.77
1775253600000,111.78,111.96,111.76,111.94,30738.26
1775257200000,111.94,111.98,111.85,111.94,19045.55
1775260800000,111.94,111.97,111.89,111.92,21384.95
1775264400000,111.92,111.95,111.9,111.9,13011.83
1775268000000,111.91,111.94,111.91,111.92,14020.44
1775271600000,111.93,111.98,111.92,111.97,9785.71
1775275200000,111.97,111.98,111.9,111.91,9689.78
1775278800000,111.91,111.94,111.9,111.93,11059.85
1775282400000,111.94,111.96,111.9,111.96,10317.29
1775286000000,111.96,111.97,111.93,111.96,10007.62
1775289600000,111.96,111.97,111.93,111.96,10624.39
1775293200000,111.96,111.98,111.95,111.98,9897.41
1775296800000,111.98,111.99,111.95,111.99,10683.19
1775300400000,111.99,112.0,111.97,111.99,10654.26
1775304000000,111.99,112.0,111.95,111.96,7501.42
1775307600000,111.96,111.98,111.91,111.98,11648.72
1775311200000,111.98,112.06,111.98,112.03,30787.81
1775314800000,112.02,112.04,111.96,112.0,19623.09
1775318400000,112.0,112.15,112.0,112.13,30517.95
1775322000000,112.13,112.24,112.07,112.17,24862.5
1775325600000,112.16,112.19,112.09,112.16,7575.0
1775329200000,112.15,112.16,112.0,112.02,15670.75
1775332800000,112.02,112.2,112.02,112.13,8412.01
1775336400000,112.13,112.22,112.11,112.18,8618.97
1775340000000,112.17,112.22,112.13,112.17,19820.13
1775343600000,112.16,112.22,112.12,112.13,19721.25
1775347200000,112.12,112.24,112.05,112.1,26938.51
1775350800000,112.1,112.26,112.08,112.17,12532.81
1775354400000,112.17,112.27,112.16,112.24,17558.78
1775358000000,112.23,112.27,112.12,112.2,17048.59
1775361600000,112.2,112.38,112.19,112.31,35813.14
1775365200000,112.31,112.35,112.31,112.32,18416.46
1775368800000,112.31,112.38,112.27,112.37,27673.75
1775372400000,112.36,112.37,112.11,112.18,39252.0
1775376000000,112.18,112.5,112.18,112.4,24061.53
1775379600000,112.4,112.48,112.16,112.25,19015.84
1775383200000,112.24,112.33,112.16,112.28,18407.07
1775386800000,112.28,112.47,112.21,112.47,24658.74
1775390400000,112.47,113.19,112.46,113.05,101548.14
1775394000000,113.04,113.34,112.41,112.73,90239.41
1775397600000,112.74,112.75,112.22,112.36,46456.66
1775401200000,112.37,112.57,111.06,111.8,114109.21
1775404800000,111.8,112.61,111.79,112.2,49199.58
1775408400000,112.21,112.92,112.21,112.49,44815.57
1775412000000,112.48,112.8,112.23,112.48,24106.84
1775415600000,112.47,112.59,111.82,112.39,42543.39
1775419200000,112.39,112.73,112.38,112.52,18112.76
1775422800000,112.51,112.83,112.31,112.71,43444.74
1775426400000,112.71,118.0,112.27,113.12,618489.29
1775430000000,113.11,113.85,112.35,113.77,266472.86
1775433600000,113.77,113.8,111.46,111.9,287195.31
1775437200000,111.91,112.57,111.2,111.6,166340.12
1775440800000,111.59,111.74,109.06,111.1,338697.5
1775444400000,111.1,111.96,110.94,111.08,162750.97
1775448000000,111.07,111.27,110.51,111.02,104674.02
1775451600000,111.02,111.75,110.69,111.48,85501.5
1775455200000,111.48,112.32,110.42,110.63,193080.32
1775458800000,110.63,111.51,108.54,109.1,270311.76
1775462400000,109.09,109.97,108.64,109.19,235500.15
1775466000000,109.18,111.32,108.74,111.19,332391.88
1775469600000,111.19,111.21,109.39,109.58,216791.57
1775473200000,109.58,110.2,109.31,109.88,131083.32
1775476800000,109.87,110.67,109.75,109.92,157427.87
1775480400000,109.91,112.85,109.62,111.62,428490.65
1775484000000,111.62,112.41,110.06,110.75,340684.98
1775487600000,110.75,112.33,110.64,111.62,234541.36
1775491200000,111.61,111.84,110.8,111.84,144025.27
1775494800000,111.84,114.72,111.82,113.82,449838.17
1775498400000,113.82,113.93,111.19,111.89,259749.91
1775502000000,111.89,112.71,111.67,112.24,71533.93
1775505600000,112.23,112.85,111.96,112.37,37500.69
1775509200000,112.37,112.6,112.3,112.45,24768.01
1775512800000,112.44,113.2,112.26,112.99,74921.79
1775516400000,112.99,113.62,112.65,113.51,68240.95
1775520000000,113.51,113.51,112.31,112.96,108763.46
1775523600000,112.97,114.87,112.38,114.62,144199.63
1775527200000,114.64,115.11,114.08,114.52,167944.77
1775530800000,114.53,115.42,114.41,115.34,118090.3
1775534400000,115.34,116.06,114.64,115.01,278533.11
1775538000000,115.0,115.65,114.42,114.87,206212.05
1775541600000,114.86,115.31,114.36,114.61,164599.36
1775545200000,114.6,115.35,114.36,115.12,239915.96
1775548800000,115.13,115.13,111.95,112.36,577707.28
1775552400000,112.36,112.75,110.92,112.26,348727.15
1775556000000,112.25,114.23,111.6,113.88,521953.78
1775559600000,113.88,115.44,113.64,115.33,224609.37
1775563200000,115.33,115.96,113.55,114.47,607285.9
1775566800000,114.47,115.59,113.85,115.47,401206.78
1775570400000,115.48,116.37,114.8,115.91,451513.67
1775574000000,115.92,117.0,114.27,114.82,756290.75
1775577600000,114.82,115.34,113.37,114.9,509113.27
1775581200000,114.9,115.55,113.24,113.82,340094.42
1775584800000,113.82,115.14,112.51,114.78,901581.69
1775588400000,114.79,115.12,109.53,111.77,1384697.84
1775592000000,111.76,111.94,109.49,109.66,954989.25
1775595600000,109.65,109.93,107.0,108.67,501899.94
1775599200000,108.67,109.41,97.61,98.74,3200282.19
1775602800000,98.75,98.77,91.14,96.46,3815719.49
1775606400000,96.46,98.0,94.01,96.74,1421753.04
1775610000000,96.73,97.21,95.59,96.37,551870.83
1775613600000,96.38,96.98,95.65,96.14,595765.1
1775617200000,96.14,96.33,95.21,96.09,460110.01
1775620800000,96.08,96.71,94.98,96.22,596287.99
1775624400000,96.22,96.4,95.0,95.32,416552.69
1775628000000,95.33,95.66,94.18,95.52,508345.15
1775631600000,95.51,96.13,95.28,95.58,436923.81
1775635200000,95.58,96.2,94.51,94.53,563866.76
1775638800000,94.53,94.99,93.64,94.11,467381.24
1775642400000,94.12,94.95,93.54,94.37,489752.58
1775646000000,94.37,94.6,92.67,92.87,767510.2
1775649600000,92.86,94.5,91.5,91.87,1488393.22
1775653200000,91.88,93.85,91.11,92.87,1158823.08
1775656800000,92.88,95.96,92.12,95.24,1616980.53
1775660400000,95.24,95.91,94.26,94.64,1049597.09
1775664000000,94.64,94.91,93.17,93.65,958323.04
1775667600000,93.64,95.44,93.33,94.76,932552.55
1775671200000,94.75,95.11,93.11,94.94,952279.99
1775674800000,94.94,96.2,94.7,95.41,964653.68
1775678400000,95.42,95.5,94.68,95.4,520210.27
1775682000000,95.4,95.72,94.31,95.31,171886.04
1775685600000,95.31,96.85,95.31,95.76,546233.51
1775689200000,95.77,96.09,95.32,95.99,306342.9
1775692800000,95.98,96.33,95.09,96.13,899948.05
1775696400000,96.14,96.91,95.43,95.49,559588.41
1775700000000,95.49,95.79,95.09,95.76,331252.28
1775703600000,95.76,95.89,95.17,95.66,235722.56
1775707200000,95.65,96.2,95.57,96.18,248712.15
1775710800000,96.18,96.41,95.56,95.66,364620.35
1775714400000,95.66,96.22,95.25,95.56,302619.27
1775718000000,95.55,96.5,95.5,96.27,472084.68
1775721600000,96.27,96.38,95.74,96.3,450362.23
1775725200000,96.29,96.35,95.7,95.99,331072.32
1775728800000,95.98,97.64,95.91,97.58,796293.45
1775732400000,97.59,97.63,96.47,97.06,595589.57
1775736000000,97.06,97.68,96.52,97.18,539132.53
1775739600000,97.18,98.36,96.87,98.25,616772.79
1775743200000,98.26,99.85,97.94,99.08,1033823.27
1775746800000,99.07,99.65,96.32,96.76,2795748.11
1775750400000,96.77,96.77,94.23,94.93,1879884.37
1775754000000,94.93,95.18,93.27,94.13,1165941.68
1775757600000,94.12,96.32,93.91,95.85,1149257.52
1775761200000,95.85,97.21,95.37,97.02,869363.75
1775764800000,97.01,97.02,95.07,95.13,489477.22
1775768400000,95.14,96.98,95.02,95.74,277447.02
1775772000000,95.73,96.06,94.85,95.86,594706.4
1775775600000,95.87,96.01,95.13,95.57,231560.94
1775779200000,95.56,95.72,95.03,95.5,282046.06
1775782800000,95.49,95.78,94.72,95.02,282496.88
1775786400000,95.01,95.36,94.92,95.12,258257.43
1775790000000,95.13,95.2,94.09,94.41,382464.15
1775793600000,94.41,94.92,94.2,94.87,147773.07
1775797200000,94.86,95.16,94.64,95.1,138098.4
1775800800000,95.1,95.36,94.85,95.12,195683.43
1775804400000,95.13,96.37,95.1,95.98,312679.84
1775808000000,95.97,96.54,95.59,96.34,290715.64
1775811600000,96.34,96.34,94.59,95.02,589094.45
1775815200000,95.01,95.36,94.3,94.72,372660.24
1775818800000,94.73,95.18,94.33,94.63,375925.28
1775822400000,94.63,94.83,93.56,94.55,495060.21
1775826000000,94.55,95.37,93.87,95.12,755379.36
1775829600000,95.13,95.48,94.05,94.79,833695.33
1775833200000,94.79,95.7,94.62,95.58,469109.85
1775836800000,95.57,95.68,94.5,94.78,423640.82
1775840400000,94.78,95.05,94.53,94.59,318064.07
1775844000000,94.59,94.89,92.68,92.89,617019.66
1775847600000,92.88,93.3,92.26,93.24,770765.81
1775851200000,93.24,93.24,91.7,92.35,546180.92
1775854800000,92.35,92.78,92.34,92.63,203579.57
1775858400000,92.62,93.21,92.61,93.16,280411.27
1775862000000,93.16,93.18,93.1,93.18,85237.85
1775865600000,93.18,93.18,92.98,93.04,98748.92
1775869200000,93.04,93.09,92.9,92.95,71093.75
1775872800000,92.95,93.05,92.94,93.04,52505.01
1775876400000,93.04,93.08,93.02,93.04,37338.21
1775880000000,93.04,93.1,93.0,93.04,52534.65
1775883600000,93.04,93.08,93.0,93.06,64819.43
1775887200000,93.06,93.1,93.0,93.02,52021.95
1775890800000,93.02,93.05,93.01,93.04,39083.72
1775894400000,93.03,93.06,93.0,93.01,27479.45
1775898000000,93.01,93.05,92.98,93.01,51066.7
1775901600000,93.01,93.05,92.99,93.02,35679.78
1775905200000,93.03,93.04,93.0,93.01,25999.47
1775908800000,93.02,93.04,92.98,92.99,61593.15
1775912400000,92.99,93.04,92.98,93.0,37909.53
1775916000000,93.01,93.03,92.93,92.98,70286.62
1775919600000,92.99,93.03,92.97,92.99,61126.63
1775923200000,92.98,92.99,91.25,91.73,705346.66
1775926800000,91.73,92.5,91.66,92.34,334490.7
1775930400000,92.33,92.68,92.25,92.5,208265.52
1775934000000,92.51,92.88,92.34,92.72,190828.53
1775937600000,92.73,92.73,92.25,92.53,108040.56
1775941200000,92.54,92.68,92.47,92.55,56565.3
1775944800000,92.56,92.8,92.39,92.72,89927.01
1775948400000,92.73,92.88,92.68,92.83,75613.89
1775952000000,92.83,92.85,92.36,92.36,78406.89
1775955600000,92.35,94.59,92.05,94.05,1336399.85
1775959200000,94.05,94.5,93.7,93.87,665561.76
1775962800000,93.88,94.05,93.21,93.37,376920.82
1775966400000,93.35,93.98,93.35,93.64,187926.47
1775970000000,93.64,93.91,93.36,93.84,179660.87
1775973600000,93.83,93.84,93.44,93.62,142280.5
1775977200000,93.62,93.87,93.15,93.24,364718.18
1775980800000,93.25,93.79,93.25,93.64,142185.96
1775984400000,93.64,93.98,93.56,93.77,98168.96
1775988000000,93.76,93.77,93.48,93.75,106661.8
1775991600000,93.75,93.77,93.47,93.56,182998.19
1775995200000,93.54,95.96,93.54,95.7,518941.76
1775998800000,95.71,96.63,95.01,95.43,647581.33
1776002400000,95.43,95.68,94.9,95.52,345941.88
1776006000000,95.51,95.89,95.04,95.25,377991.76
1776009600000,95.25,97.13,95.25,96.94,429387.89
1776013200000,96.93,96.98,96.0,96.14,189471.06
1776016800000,96.14,96.97,95.87,96.41,185350.21
1776020400000,96.42,97.03,96.35,96.65,186506.45
1776024000000,96.65,98.76,96.65,98.57,629312.86
1776027600000,98.57,98.97,97.22,97.9,428746.13
1776031200000,97.91,99.4,97.7,98.56,1447390.08
1776034800000,98.56,99.66,98.53,98.76,1981372.15
1776038400000,98.77,99.82,98.6,98.6,665269.34
1776042000000,98.59,98.9,98.31,98.8,384397.98
1776045600000,98.8,99.37,98.77,99.16,289970.63
1776049200000,99.16,99.49,99.02,99.35,263500.96
1776052800000,99.34,99.36,98.8,98.94,211199.75
1776056400000,98.94,99.17,98.51,98.63,235351.85
1776060000000,98.62,98.73,97.51,97.82,494221.43
1776063600000,97.81,98.54,97.53,98.49,322683.78
1776067200000,98.5,99.29,98.03,98.96,372347.57
1776070800000,98.96,99.04,98.48,98.89,277430.98
1776074400000,98.89,99.12,98.5,98.57,242684.24
1776078000000,98.57,99.06,98.05,99.05,383796.78
1776081600000,99.05,99.07,97.82,98.1,452706.05
1776085200000,98.11,98.28,94.74,96.26,1176227.81
1776088800000,96.27,97.12,95.53,96.66,818860.2
1776092400000,96.66,98.02,96.64,97.84,736554.65
1776096000000,97.83,97.83,94.4,95.06,1732784.2
1776099600000,95.05,95.44,94.44,94.88,467577.66
1776103200000,94.88,95.12,92.8,92.94,557034.91
1776106800000,92.95,94.02,92.87,93.83,404152.86
1776110400000,93.83,93.86,93.15,93.43,292494.01
1776114000000,93.43,93.57,93.02,93.3,110143.99
1776117600000,93.3,93.52,92.96,93.03,383027.26
1776121200000,93.04,93.1,91.63,92.05,583107.53
1776124800000,92.04,92.35,91.3,91.43,399005.42
1776128400000,91.43,92.71,91.41,92.59,383289.13
1776132000000,92.6,92.77,92.28,92.62,140110.44
1776135600000,92.62,92.92,92.14,92.42,280112.34
1776139200000,92.42,92.44,92.07,92.16,166411.84
1776142800000,92.15,92.84,92.08,92.72,172256.69
1776146400000,92.73,93.31,92.49,93.1,201090.92
1776150000000,93.1,93.14,91.54,92.72,503695.71
1776153600000,92.73,92.98,92.37,92.39,291918.4
1776157200000,92.38,93.05,92.2,92.8,209661.66
1776160800000,92.79,93.26,92.23,93.05,334236.81
1776164400000,93.05,93.4,92.01,92.74,377347.82
1776168000000,92.74,92.74,91.62,91.8,416673.84
1776171600000,91.79,92.09,90.7,90.88,593607.66
1776175200000,90.88,90.88,88.5,89.72,1230430.84
1776178800000,89.73,90.66,89.09,89.37,673197.84
1776182400000,89.38,89.49,88.71,89.4,417593.3
1776186000000,89.41,89.6,88.72,89.18,267517.49
1776189600000,89.17,89.27,88.19,88.88,318289.12
1776193200000,88.88,89.24,88.67,89.04,173694.51
1776196800000,89.03,89.16,88.5,88.85,179603.11
1776200400000,88.85,89.03,88.59,88.96,59132.35
1776204000000,88.97,89.24,88.63,88.89,257909.15
1776207600000,88.88,89.12,84.41,87.52,1444757.56
1776211200000,87.53,88.06,87.53,87.74,285005.04
1776214800000,87.75,88.06,87.34,87.78,180863.98
1776218400000,87.78,88.57,87.72,88.54,122281.93
1776222000000,88.53,88.68,88.18,88.21,150035.83
1776225600000,88.22,89.02,88.18,88.87,103313.66
1776229200000,88.87,88.95,88.5,88.55,126611.85
1776232800000,88.55,88.59,87.66,88.2,244814.76
1776236400000,88.2,88.7,88.12,88.25,200718.48
1776240000000,88.25,89.32,88.04,88.95,180009.15
1776243600000,88.94,89.89,88.88,89.56,302287.69
1776247200000,89.57,90.51,89.1,89.91,543075.45
1776250800000,89.91,90.08,88.59,89.04,385765.82
1776254400000,89.03,89.77,88.64,89.18,339439.25
1776258000000,89.19,89.41,87.78,88.26,334016.74
1776261600000,88.26,89.23,87.8,89.06,355268.29
1776265200000,89.06,89.77,88.88,89.15,289372.79
1776268800000,89.16,89.29,88.43,88.66,176464.63
1776272400000,88.66,89.12,88.35,89.01,183479.86
1776276000000,89.01,89.28,87.9,88.06,468981.59
1776279600000,88.06,88.06,87.72,87.93,101402.01
1776283200000,87.92,88.24,87.9,88.15,76617.46
1776286800000,88.14,88.25,87.91,88.04,30063.45
1776290400000,88.04,88.18,87.66,87.86,105199.38
1776294000000,87.86,87.88,87.55,87.77,56407.12
1776297600000,87.76,87.87,87.38,87.81,87791.67
1776301200000,87.81,88.19,87.63,88.1,107490.52
1776304800000,88.11,88.37,87.95,88.05,76077.2
1776308400000,88.04,88.24,87.83,88.21,53801.92
1776312000000,88.21,88.39,88.17,88.25,40814.98
1776315600000,88.25,88.28,87.87,87.96,79529.6
1776319200000,87.96,88.19,87.78,88.14,79470.92
1776322800000,88.13,89.42,88.11,89.38,270284.1
1776326400000,89.38,89.85,89.17,89.27,274899.96
1776330000000,89.27,89.66,89.11,89.52,129308.98
1776333600000,89.51,89.55,88.71,88.8,167122.51
1776337200000,88.8,88.9,88.3,88.69,259238.49
1776340800000,88.69,89.34,88.3,89.32,276493.14
1776344400000,89.32,90.48,88.82,90.21,480386.0
1776348000000,90.21,90.72,89.96,90.39,437911.21
1776351600000,90.38,90.93,89.78,90.32,989454.62
1776355200000,90.32,91.54,90.31,91.35,744175.48
1776358800000,91.35,91.9,91.17,91.61,463695.35
1776362400000,91.61,91.63,90.48,90.5,410117.15
1776366000000,90.5,90.71,89.94,90.18,161434.04
1776369600000,90.18,90.22,89.63,89.67,102133.98
1776373200000,89.67,89.87,89.52,89.76,71504.18
1776376800000,89.77,90.24,89.67,89.69,247489.87
1776380400000,89.7,90.31,89.69,90.14,98703.38
1776384000000,90.14,90.19,89.73,90.18,160697.15
1776387600000,90.17,90.33,89.83,89.97,118027.14
1776391200000,89.97,90.19,89.85,89.92,108600.42
1776394800000,89.92,90.14,89.76,89.93,61610.95
1776398400000,89.94,89.96,89.58,89.63,72495.99
1776402000000,89.63,89.83,89.43,89.56,161431.94
1776405600000,89.57,90.39,89.57,90.23,184979.72
1776409200000,90.23,90.36,89.89,90.05,191701.25
1776412800000,90.05,90.11,88.88,89.11,265511.98
1776416400000,89.11,89.24,87.54,87.75,481157.19
1776420000000,87.75,88.12,87.1,87.9,311220.02
1776423600000,87.9,88.09,87.51,87.74,155391.86
1776427200000,87.73,87.87,81.96,82.56,2729241.29
1776430800000,82.56,83.36,80.6,81.91,3493881.56
1776434400000,81.91,82.05,79.11,80.08,1927091.7
1776438000000,80.08,81.92,79.84,81.27,1717282.21
1776441600000,81.27,82.02,81.02,81.52,740061.18
1776445200000,81.52,83.16,81.47,81.98,1137498.38
1776448800000,81.98,83.69,81.86,83.35,717228.27
1776452400000,83.36,83.57,82.72,83.22,253291.07
1776456000000,83.22,84.12,83.07,84.05,300021.79
1776459600000,84.04,84.16,83.69,83.96,208941.24
1776463200000,83.96,84.45,83.86,84.0,220521.74
1776466800000,84.01,84.01,83.89,83.98,49303.17
1776470400000,83.99,84.03,83.89,84.01,65205.67
1776474000000,84.01,84.02,83.95,84.02,37473.55
1776477600000,84.02,84.06,83.9,84.02,63201.8
1776481200000,84.02,84.09,84.01,84.08,22000.43
1776484800000,84.08,84.11,84.03,84.05,35131.47
1776488400000,84.05,84.08,84.01,84.08,15317.6
1776492000000,84.08,84.08,83.93,83.94,40478.01
1776495600000,83.94,84.04,83.93,84.03,32217.53
1776499200000,84.03,84.55,84.03,84.13,532310.51
1776502800000,84.14,84.53,84.02,84.34,246796.09
1776506400000,84.34,84.74,84.24,84.56,212566.61
1776510000000,84.55,85.05,84.11,84.16,501293.42
1776513600000,84.16,84.6,84.16,84.45,159310.65
1776517200000,84.45,84.97,84.33,84.53,290995.94
1776520800000,84.53,84.54,84.18,84.25,160410.21
1776524400000,84.25,84.35,84.13,84.15,153359.99
1776528000000,84.16,84.62,84.16,84.52,147065.7
1776531600000,84.52,84.59,84.22,84.43,96580.34
1776535200000,84.42,84.62,84.29,84.55,100310.55
1776538800000,84.54,84.59,84.25,84.28,80654.8
1776542400000,84.27,84.59,84.27,84.49,67181.52
1776546000000,84.49,84.52,84.35,84.39,41432.66
1776549600000,84.39,84.44,83.71,84.22,211650.62
1776553200000,84.21,84.48,84.08,84.13,124630.05
1776556800000,84.13,84.73,84.12,84.4,146394.57
1776560400000,84.4,84.48,84.13,84.45,74371.64
1776564000000,84.45,84.57,84.2,84.41,54485.88
1776567600000,84.41,84.51,84.25,84.31,80712.71
1776571200000,84.31,84.62,84.31,84.6,72730.92
1776574800000,84.6,84.83,84.53,84.59,80934.3
1776578400000,84.6,84.85,84.55,84.79,60877.06
1776582000000,84.78,84.96,84.51,84.76,231217.49
1776585600000,84.76,85.7,84.76,85.46,224217.83
1776589200000,85.45,85.56,85.22,85.51,80298.56
1776592800000,85.51,85.55,85.08,85.13,94433.27
1776596400000,85.14,85.25,84.35,84.69,310419.91
1776600000000,84.68,85.72,84.65,85.17,309880.52
1776603600000,85.17,85.33,84.6,84.82,126389.68
1776607200000,84.82,84.99,84.48,84.69,179783.03
1776610800000,84.69,84.82,84.48,84.48,146535.36
1776614400000,84.5,86.99,84.5,86.86,396137.91
1776618000000,86.86,87.97,86.63,87.18,460052.19
1776621600000,87.19,87.67,87.16,87.48,157304.97
1776625200000,87.47,88.16,87.01,87.74,369024.25
1776628800000,87.74,89.09,87.74,89.08,265203.34
1776632400000,89.08,89.6,89.07,89.28,46822.99
1776636000000,89.28,89.93,87.11,87.57,955930.41
1776639600000,87.57,88.17,87.41,87.95,492584.56
1776643200000,87.96,88.74,87.96,88.12,800066.57
1776646800000,88.13,88.16,86.42,86.75,484393.86
1776650400000,86.75,87.44,86.63,87.2,251507.09
1776654000000,87.2,87.53,87.14,87.46,107666.13
1776657600000,87.46,87.93,87.32,87.48,99069.77
1776661200000,87.49,87.87,87.37,87.62,116089.26
1776664800000,87.61,88.05,87.32,87.43,135679.34
1776668400000,87.43,88.26,86.62,87.73,550493.15
1776672000000,87.74,88.41,87.39,87.46,311051.33
1776675600000,87.47,87.84,86.93,87.61,300429.67
1776679200000,87.62,87.67,86.71,87.54,212912.45
1776682800000,87.54,87.97,87.0,87.13,191861.71
1776686400000,87.12,87.58,86.73,86.99,258710.22
1776690000000,86.99,87.46,85.48,86.01,849018.24
1776693600000,86.02,87.84,85.98,87.33,740982.77
1776697200000,87.33,87.61,86.42,87.33,584992.06
1776700800000,87.34,87.7,86.96,87.21,442624.08
1776704400000,87.22,87.99,87.05,87.53,311015.39
1776708000000,87.52,87.77,87.01,87.4,268991.84
1776711600000,87.39,87.44,86.84,86.89,79949.89
1776715200000,86.89,87.06,85.62,85.92,155575.81
1776718800000,85.92,87.13,85.91,86.47,260285.6
1776722400000,86.47,86.63,85.83,86.36,503736.08
1776726000000,86.36,86.68,86.21,86.28,205177.78
1776729600000,86.28,86.63,86.2,86.56,159147.94
1776733200000,86.56,86.78,86.46,86.71,65825.59
1776736800000,86.71,86.83,86.55,86.68,64489.96
1776740400000,86.68,86.87,86.58,86.74,70667.37
1776744000000,86.74,86.75,86.33,86.33,72464.66
1776747600000,86.33,86.35,85.77,86.24,170160.11
1776751200000,86.25,86.77,86.22,86.68,141631.16
1776754800000,86.67,87.5,85.92,86.52,359548.85
1776758400000,86.51,86.88,86.07,86.85,299120.53
1776762000000,86.85,87.72,86.62,86.76,248014.48
1776765600000,86.75,86.84,86.22,86.7,165910.08
1776769200000,86.69,87.74,86.69,87.65,371983.04
1776772800000,87.65,87.77,86.86,87.37,486509.74
1776776400000,87.38,87.38,86.65,86.87,404489.56
1776780000000,86.87,88.82,86.84,88.8,797649.69
1776783600000,88.8,90.12,88.42,89.79,1124025.15
1776787200000,89.79,90.49,89.46,90.48,815976.7
1776790800000,90.48,91.52,89.05,89.5,1507543.92
1776794400000,89.51,90.04,88.0,88.86,974741.87
1776798000000,88.86,92.31,87.95,91.83,2573712.88
1776801600000,91.83,91.98,87.81,90.18,2502850.42
1776805200000,90.19,90.71,89.98,90.14,129657.8
1776808800000,90.13,90.66,89.75,90.41,557146.46
1776812400000,90.41,90.76,90.38,90.55,111307.25
1776816000000,90.55,90.56,88.84,89.88,411765.98
1776819600000,89.87,89.87,89.1,89.46,258854.75
1776823200000,89.46,89.58,89.22,89.43,194978.36
1776826800000,89.44,89.71,89.18,89.31,265825.06
1776830400000,89.31,89.62,89.22,89.56,222502.49
1776834000000,89.57,89.61,87.67,88.79,956144.93
1776837600000,88.79,88.99,88.65,88.72,289804.27
1776841200000,88.72,89.46,88.53,89.38,334347.93
1776844800000,89.38,91.47,89.25,90.84,562607.5
1776848400000,90.84,91.16,90.15,90.88,485486.77
1776852000000,90.88,90.97,89.96,90.13,390693.56
1776855600000,90.13,90.68,89.81,90.23,415414.75
1776859200000,90.23,91.59,89.73,91.43,686283.45
1776862800000,91.44,92.07,90.46,91.72,1212411.87
1776866400000,91.72,92.49,90.86,92.18,839812.02
1776870000000,92.18,93.34,91.32,93.1,1010224.25
1776873600000,93.09,93.77,92.89,93.62,902748.85
1776877200000,93.63,93.7,92.42,92.59,1084398.04
1776880800000,92.58,93.27,92.55,92.87,460012.15
1776884400000,92.87,93.06,92.32,92.58,424959.57
1776888000000,92.59,93.02,92.39,92.84,210216.24
1776891600000,92.85,92.85,92.54,92.67,50080.43
1776895200000,92.67,92.72,92.29,92.47,137043.09
1776898800000,92.47,92.76,92.37,92.72,93747.83
1776902400000,92.71,97.38,92.62,93.01,2905214.05
1776906000000,93.01,93.76,92.91,93.53,251304.71
1776909600000,93.54,95.22,93.51,95.09,373458.46
1776913200000,95.09,95.29,94.45,94.6,300601.29
1776916800000,94.6,94.72,94.01,94.06,274055.73
1776920400000,94.07,94.44,93.83,93.85,194179.2
1776924000000,93.85,94.65,93.66,94.41,151573.17
1776927600000,94.4,94.7,93.22,93.67,291249.93
1776931200000,93.67,95.03,93.65,94.86,380373.04
1776934800000,94.87,95.59,94.22,94.91,453577.14
1776938400000,94.91,95.04,93.72,93.94,247572.17
1776942000000,93.94,94.21,92.97,93.21,490937.87
1776945600000,93.21,94.04,92.31,93.22,1057798.92
1776949200000,93.21,94.43,93.01,93.99,522637.67
1776952800000,94.0,94.6,93.06,93.09,450378.97
1776956400000,93.1,94.66,92.96,94.42,368728.1
1776960000000,94.42,94.69,93.94,94.44,206622.32
1776963600000,94.43,98.34,94.41,96.17,1706095.19
1776967200000,96.18,96.77,95.21,96.63,780140.91
1776970800000,96.64,96.85,95.87,96.36,332174.48
1776974400000,96.37,97.41,96.35,96.93,234015.09
1776978000000,96.93,96.93,96.2,96.5,70540.66
1776981600000,96.5,97.25,95.99,96.97,233744.02
1776985200000,96.97,97.03,96.64,96.72,107526.06
1776988800000,96.72,97.47,96.52,97.13,189462.92
1776992400000,97.14,97.56,96.63,97.0,285744.55
1776996000000,96.99,97.08,96.35,96.45,170335.42
1776999600000,96.46,96.7,96.08,96.59,128287.27
1777003200000,96.6,96.65,95.94,95.98,107373.12
1777006800000,95.98,96.16,95.66,95.94,147754.73
1777010400000,95.94,96.53,95.48,96.47,244503.16
1777014000000,96.49,96.78,95.99,96.66,162810.32
1777017600000,96.66,97.77,96.66,96.88,342166.71
1777021200000,96.88,97.7,96.61,97.62,219890.75
1777024800000,97.63,97.63,96.79,96.86,224329.25
1777028400000,96.87,96.89,93.49,94.41,1453235.7
1777032000000,94.41,96.54,94.07,95.84,633208.66
1777035600000,95.83,95.86,94.59,95.16,515137.79
1777039200000,95.16,95.55,94.59,95.02,292446.33
1777042800000,95.01,95.72,92.46,93.39,1460521.85
1777046400000,93.4,94.37,93.0,93.66,761485.42
1777050000000,93.66,94.03,92.7,93.48,749302.21
1777053600000,93.47,94.61,93.47,94.18,416811.98
1777057200000,94.18,95.15,94.04,94.73,174614.39
1777060800000,94.74,95.6,94.73,94.91,515006.66
1777064400000,94.91,95.13,94.79,94.88,81984.82
1777068000000,94.89,94.97,94.84,94.93,29268.47
1777071600000,94.93,94.94,94.8,94.86,33188.88
1777075200000,94.86,94.9,94.83,94.88,16924.23
1777078800000,94.87,94.9,94.83,94.88,32096.81
1777082400000,94.88,94.89,94.78,94.84,30170.64
1777086000000,94.84,95.0,94.82,94.94,53841.85
1777089600000,94.94,94.95,94.91,94.94,15414.49
1777093200000,94.95,94.98,94.93,94.95,14069.64
1777096800000,94.94,94.96,94.89,94.94,14960.53
1777100400000,94.94,94.95,94.91,94.92,11971.57
1777104000000,94.92,94.93,94.9,94.9,12796.89
1777107600000,94.9,94.92,94.88,94.9,9701.83
1777111200000,94.91,94.92,94.9,94.91,8135.14
1777114800000,94.92,94.97,94.9,94.94,16906.87
1777118400000,94.95,94.96,94.9,94.92,13956.59
1777122000000,94.93,94.95,94.91,94.95,7056.9
1777125600000,94.94,94.96,94.91,94.92,12623.58
1777129200000,94.92,95.36,94.9,95.2,117386.09
1777132800000,95.2,95.5,95.08,95.19,237047.58
1777136400000,95.19,95.2,94.98,95.17,62654.87
1777140000000,95.17,95.21,95.01,95.01,29633.83
1777143600000,95.02,95.03,94.96,94.97,22684.95
1777147200000,94.97,95.04,94.97,95.02,14990.02
1777150800000,95.03,95.09,94.98,95.05,19230.99
1777154400000,95.05,95.08,94.93,95.07,36368.78
1777158000000,95.07,95.16,95.02,95.03,17623.65
1777161600000,95.04,95.06,94.97,95.04,30472.39
1777165200000,95.04,95.12,94.99,95.12,19332.38
1777168800000,95.12,95.13,95.03,95.07,20890.76
1777172400000,95.06,95.07,95.03,95.06,26324.84
1777176000000,95.06,95.12,95.06,95.11,18136.09
1777179600000,95.11,95.14,95.07,95.09,22522.74
1777183200000,95.08,95.12,95.06,95.11,23601.64
1777186800000,95.11,95.13,95.03,95.05,22779.44
1777190400000,95.05,95.29,95.05,95.23,66394.34
1777194000000,95.23,95.32,95.21,95.27,47950.81
1777197600000,95.28,95.31,95.23,95.28,21691.02
1777201200000,95.27,95.29,95.19,95.23,47017.52
1777204800000,95.23,95.45,95.23,95.36,63445.16
1777208400000,95.35,95.37,95.26,95.3,46063.89
1777212000000,95.3,95.31,95.1,95.23,67923.77
1777215600000,95.23,95.24,94.74,94.81,107160.37
1777219200000,94.82,95.14,94.59,94.66,71898.81
1777222800000,94.66,95.16,94.66,94.89,45957.14
1777226400000,94.89,95.09,94.88,95.03,28153.46
1777230000000,95.02,95.1,94.95,95.04,30499.03
1777233600000,95.05,95.05,94.99,95.04,17459.58
1777237200000,95.03,95.35,94.97,95.21,97505.2
1777240800000,95.21,96.62,95.17,95.93,545596.43
1777244400000,95.93,96.21,95.9,96.08,91339.96
1777248000000,96.08,96.52,95.74,96.05,235593.61
1777251600000,96.04,96.11,95.43,95.86,266641.17
1777255200000,95.85,95.85,95.23,95.24,102807.31
1777258800000,95.24,95.34,94.93,95.26,140834.91
1777262400000,95.25,95.62,95.16,95.54,59018.29
1777266000000,95.54,96.2,95.5,96.02,148996.69
1777269600000,96.02,96.35,95.96,96.02,103896.53
1777273200000,96.02,96.81,96.01,96.76,204703.17
1777276800000,96.76,97.03,96.37,96.43,278001.82
1777280400000,96.43,96.63,96.11,96.49,195728.5
1777284000000,96.49,96.5,95.05,95.4,264148.92
1777287600000,95.41,95.45,94.61,95.12,308759.95
1777291200000,95.12,96.49,94.86,96.29,332353.3
1777294800000,96.28,96.55,95.63,95.73,372849.36
1777298400000,95.72,96.77,95.32,96.72,505699.35
1777302000000,96.72,97.43,96.08,96.14,594914.31
1777305600000,96.13,96.57,96.05,96.55,169059.57
1777309200000,96.54,97.59,96.11,96.53,338254.11
1777312800000,96.53,97.15,96.2,96.5,124497.42
1777316400000,96.51,96.6,95.82,96.35,148351.67
1777320000000,96.35,96.73,96.23,96.65,86641.11
1777323600000,96.65,96.69,96.4,96.55,38244.62
1777327200000,96.55,96.75,96.26,96.59,138257.83
1777330800000,96.59,96.73,96.54,96.63,35736.66
1777334400000,96.62,97.1,96.2,96.95,205829.63
1777338000000,96.95,97.29,96.77,97.21,150096.76
1777341600000,97.21,97.43,97.13,97.3,169373.87
1777345200000,97.3,97.53,97.11,97.51,125406.4
1777348800000,97.51,97.7,97.25,97.39,149744.58
1777352400000,97.39,98.72,97.32,98.08,462758.29
1777356000000,98.08,98.38,97.68,98.31,379471.31
1777359600000,98.3,99.1,98.22,98.78,707385.1
1777363200000,98.78,99.17,98.08,98.86,620816.41
1777366800000,98.86,99.82,98.86,99.72,642457.04
1777370400000,99.72,99.98,99.4,99.67,589115.31
1777374000000,99.67,101.77,99.49,101.14,1061211.37
1777377600000,101.15,101.2,98.1,99.32,1385450.47
1777381200000,99.33,100.33,98.71,99.31,1329172.94
1777384800000,99.31,100.36,99.22,99.3,930828.19
1777388400000,99.3,99.89,98.96,99.69,908982.25
1777392000000,99.69,100.07,99.02,99.18,783983.21
1777395600000,99.17,100.36,99.1,100.11,532494.71
1777399200000,100.11,100.22,99.31,99.96,343183.85
1777402800000,99.96,100.0,99.73,99.79,245227.6
1777406400000,99.79,99.82,99.47,99.59,126703.69
1777410000000,99.59,99.69,99.47,99.55,31491.23
1777413600000,99.55,99.63,99.3,99.52,157079.21
1777417200000,99.52,99.62,99.11,99.29,244232.45
1777420800000,99.29,99.38,98.83,99.31,315617.86
1777424400000,99.3,100.61,99.22,100.26,489097.77
1777428000000,100.25,100.26,98.37,99.29,480003.29
1777431600000,99.29,99.44,98.76,99.24,143162.24
1777435200000,99.24,99.56,99.13,99.51,92422.61
1777438800000,99.5,99.8,99.49,99.76,97974.29
1777442400000,99.76,100.53,99.51,100.46,329029.67
1777446000000,100.45,101.79,100.26,101.54,549931.51
1777449600000,101.55,103.6,101.49,103.43,875737.43
1777453200000,103.43,103.52,102.8,103.41,454155.44
1777456800000,103.42,103.69,102.96,102.99,321713.43
1777460400000,103.0,103.34,102.64,103.28,357324.52
1777464000000,103.29,104.27,102.9,103.7,533061.22
1777467600000,103.7,105.05,102.97,104.82,1044712.95
1777471200000,104.82,105.28,104.3,105.02,604023.09
1777474800000,105.03,106.97,104.8,106.62,1057566.9
1777478400000,106.61,107.14,106.07,106.99,654708.79
1777482000000,107.0,107.58,106.13,106.4,989163.51
1777485600000,106.41,107.33,106.35,106.68,504040.69
1777489200000,106.68,108.36,106.6,107.61,477923.95
1777492800000,107.61,108.73,107.35,108.4,429927.77
1777496400000,108.4,108.76,108.11,108.41,246821.58
1777500000000,108.41,108.86,107.43,108.31,375969.41
1777503600000,108.32,108.37,107.68,107.81,140276.44
1777507200000,107.82,107.84,106.26,107.32,637410.32
1777510800000,107.32,107.5,106.96,107.08,230012.11
1777514400000,107.07,109.14,107.06,108.29,608724.43
1777518000000,108.3,109.45,108.04,108.96,539873.74
1777521600000,108.95,110.75,108.91,109.7,840954.3
1777525200000,109.69,109.7,108.7,109.19,383910.68
1777528800000,109.2,110.15,108.04,108.09,859333.91
1777532400000,108.08,109.79,107.41,108.2,955883.16
1777536000000,108.19,108.41,107.4,107.9,484063.8
1777539600000,107.9,108.76,106.3,106.83,782030.23
1777543200000,106.84,107.23,106.12,106.35,664661.73
1777546800000,106.36,106.36,103.45,104.46,1560124.66
1777550400000,104.47,105.75,104.39,105.18,776510.25
1777554000000,105.18,105.87,103.75,105.41,956821.89
1777557600000,105.4,106.41,104.66,105.87,794914.33
1777561200000,105.87,106.54,103.54,104.04,1262328.49
1777564800000,104.04,105.09,103.96,104.68,358117.84
1777568400000,104.68,104.77,103.27,103.59,674832.59
1777572000000,103.58,105.47,103.34,105.27,381153.16
1777575600000,105.28,105.32,104.62,105.12,192206.89
1777579200000,105.11,106.02,104.99,105.28,237997.85
1777582800000,105.27,105.44,104.77,104.82,89815.8
1777586400000,104.82,105.86,104.81,105.54,102564.84
1777590000000,105.54,105.81,105.38,105.59,94835.54
1777593600000,105.6,105.96,105.31,105.54,150489.35
1777597200000,105.54,105.89,105.05,105.24,108284.82
1777600800000,105.24,106.26,104.98,105.36,133919.1
1777604400000,105.35,105.65,105.31,105.43,90355.85
1777608000000,105.43,105.51,104.85,104.89,88864.22
1777611600000,104.9,105.21,104.88,104.96,69060.86
1777615200000,104.97,106.5,104.96,105.8,343501.02
1777618800000,105.81,106.03,104.07,105.38,620485.86
1777622400000,105.37,105.6,104.63,105.39,337073.52
1777626000000,105.39,106.03,105.1,105.31,272046.85
1777629600000,105.32,105.63,104.91,104.95,276219.67
1777633200000,104.94,105.11,103.86,104.01,571173.16
1777636800000,104.02,104.32,102.06,103.63,1341870.84
1777640400000,103.64,103.75,100.34,100.73,1636781.53
1777644000000,100.74,101.59,98.59,101.45,1807328.61
1777647600000,101.45,102.36,100.63,100.97,793696.46
1777651200000,100.98,102.54,100.55,101.73,1561122.3
1777654800000,101.74,101.95,101.13,101.29,724970.12
1777658400000,101.29,102.52,101.01,102.05,364087.91
1777662000000,102.06,102.29,101.7,102.02,152100.19
1777665600000,102.02,102.64,101.87,102.33,276799.03
1777669200000,102.33,102.56,102.33,102.43,83141.47
1777672800000,102.44,102.48,102.38,102.41,34491.52
1777676400000,102.41,102.56,102.41,102.51,30411.66
1777680000000,102.51,102.56,102.42,102.49,37257.81
1777683600000,102.48,102.49,102.38,102.39,40321.26
1777687200000,102.39,102.43,102.38,102.42,23742.21
1777690800000,102.43,102.44,102.4,102.41,15785.48
1777694400000,102.41,102.43,102.4,102.41,18370.39
1777698000000,102.41,102.46,102.41,102.42,15894.92
1777701600000,102.42,102.43,102.4,102.41,13234.61
1777705200000,102.41,102.43,102.37,102.41,26067.98
1777708800000,102.41,102.44,102.41,102.44,9610.07
1777712400000,102.44,102.44,102.41,102.42,8505.41
1777716000000,102.42,102.47,102.4,102.44,18387.54
1777719600000,102.44,102.45,102.37,102.39,21492.91
1777723200000,102.4,102.42,102.38,102.42,13112.98
1777726800000,102.41,102.42,102.4,102.4,8991.01
1777730400000,102.4,102.44,102.4,102.43,17944.99
1777734000000,102.42,102.43,102.39,102.4,11892.59
1777737600000,102.41,102.41,102.38,102.38,13154.77
1777741200000,102.38,102.39,101.34,102.1,149942.29
1777744800000,102.1,102.32,102.09,102.31,23057.67
1777748400000,102.31,102.35,102.3,102.33,10816.03
1777752000000,102.33,102.34,102.18,102.33,29912.45
1777755600000,102.32,102.34,102.27,102.28,13826.26
1777759200000,102.29,102.33,102.27,102.33,17069.44
1777762800000,102.33,102.39,102.3,102.32,25057.88
1777766400000,102.32,102.34,102.26,102.33,17586.57
1777770000000,102.34,102.36,102.32,102.35,23504.45
1777773600000,102.35,102.38,102.3,102.34,31569.84
1777777200000,102.34,102.39,102.33,102.39,16394.81
1777780800000,102.39,102.39,102.31,102.31,16238.82
1777784400000,102.32,102.33,102.3,102.32,12015.1
1777788000000,102.33,102.34,102.23,102.24,22019.67
1777791600000,102.23,102.32,102.22,102.29,13808.6
1777795200000,102.3,102.3,102.19,102.2,21780.86
1777798800000,102.19,102.29,102.16,102.17,39163.01
1777802400000,102.18,102.2,102.06,102.18,27369.37
1777806000000,102.18,102.25,102.16,102.21,32135.74
1777809600000,102.2,102.21,101.98,102.05,51622.52
1777813200000,102.04,102.07,101.95,101.96,30961.05
1777816800000,101.96,102.15,101.38,101.4,134249.21
1777820400000,101.4,101.76,100.48,101.44,309286.95
1777824000000,101.44,101.46,100.13,101.21,237774.23
1777827600000,101.21,101.67,100.85,101.62,104135.31
1777831200000,101.63,102.57,101.54,102.27,210835.09
1777834800000,102.27,102.32,101.81,102.15,132406.53
1777838400000,102.15,102.15,98.73,99.65,554244.65
1777842000000,99.66,100.09,98.64,99.5,282088.21
1777845600000,99.51,101.9,99.28,101.24,932016.89
1777849200000,101.23,102.07,101.16,101.98,260787.93
1777852800000,101.98,102.32,101.01,101.11,416043.18
1777856400000,101.11,101.92,101.09,101.53,184040.01
1777860000000,101.54,102.0,101.31,101.71,115813.84
1777863600000,101.7,102.09,101.66,101.81,117310.84
1777867200000,101.81,101.81,101.05,101.57,138713.15
1777870800000,101.58,101.68,100.08,100.86,363945.24
1777874400000,100.87,102.68,100.75,102.29,354194.92
1777878000000,102.29,103.45,102.26,103.42,388340.9
1777881600000,103.43,104.44,103.03,103.17,470348.34
1777885200000,103.17,103.24,102.53,102.97,155607.22
1777888800000,102.97,107.57,102.8,105.62,2656135.47
1777892400000,105.62,105.94,103.8,104.08,592854.93
1777896000000,104.07,104.13,102.08,102.77,720864.91
1777899600000,102.77,104.18,101.76,102.16,1183531.35
1777903200000,102.16,103.59,101.48,103.44,793577.95
1777906800000,103.44,105.93,102.9,105.5,1323102.05
1777910400000,105.51,106.56,104.64,106.01,999657.98
1777914000000,106.01,106.13,104.91,105.2,499464.58
1777917600000,105.19,106.61,104.67,105.61,318829.67
1777921200000,105.6,105.79,104.8,105.18,305241.18
1777924800000,105.18,105.23,104.54,105.05,72817.33
1777928400000,105.03,105.14,104.81,104.83,22369.71
1777932000000,104.83,105.34,104.59,104.84,91431.92
1777935600000,104.84,104.98,104.75,104.91,42833.64
1777939200000,104.9,105.22,104.42,104.73,128934.4
1777942800000,104.74,104.93,104.44,104.7,100678.17
1777946400000,104.69,104.69,103.84,104.12,217414.9
1777950000000,104.11,104.45,104.04,104.32,95255.61
1777953600000,104.32,104.32,103.76,104.07,112977.26
1777957200000,104.07,104.46,104.07,104.19,204374.05
1777960800000,104.19,105.28,103.9,104.36,468816.46
1777964400000,104.35,104.73,103.11,104.48,805966.73
1777968000000,104.47,104.6,103.04,103.37,872662.51
1777971600000,103.37,104.42,103.37,103.92,643041.82
1777975200000,103.92,104.3,103.43,104.07,505457.46
1777978800000,104.08,104.96,103.68,103.7,728132.26
1777982400000,103.7,104.12,102.55,103.15,1024104.67
1777986000000,103.15,103.29,102.02,102.06,645520.63
1777989600000,102.05,102.95,101.04,101.54,1460322.9
1777993200000,101.54,102.45,101.19,102.04,646396.1
1777996800000,102.04,102.35,101.7,102.26,423349.44
1778000400000,102.25,102.32,101.38,101.99,354117.0
1778004000000,101.98,102.58,101.78,102.22,380411.72
1778007600000,102.22,102.86,102.14,102.75,226360.19
1778011200000,102.76,102.77,102.31,102.62,133926.6
1778014800000,102.62,102.89,102.39,102.49,57649.43
1778018400000,102.5,102.59,99.04,100.95,1489965.71
1778022000000,100.94,101.1,99.2,99.75,788571.22
1778025600000,99.73,101.33,99.58,100.8,416629.38
1778029200000,100.8,101.19,99.96,100.49,255523.2
1778032800000,100.48,100.68,100.34,100.53,86834.76
1778036400000,100.54,100.87,100.25,100.49,71462.28
1778040000000,100.49,100.65,100.09,100.3,141695.62
1778043600000,100.3,101.24,100.1,100.22,177022.39
1778047200000,100.22,101.2,99.69,100.76,336648.27
1778050800000,100.76,101.1,97.59,97.69,857705.82
1778054400000,97.69,99.01,95.08,95.38,2114634.57
1778058000000,95.39,96.21,93.3,93.35,1938526.32
1778061600000,93.35,93.37,89.54,89.78,3557570.97
1778065200000,89.78,92.66,88.74,92.57,2602866.4
1778068800000,92.58,96.08,92.44,95.38,2438691.66
1778072400000,95.37,96.81,95.07,95.95,1561474.5
1778076000000,95.94,97.25,94.43,94.76,1322010.34
1778079600000,94.76,96.02,94.6,95.29,644664.67
1778083200000,95.29,96.26,94.53,95.76,480301.59
1778086800000,95.76,95.84,94.96,95.17,269948.77
1778090400000,95.18,95.25,94.25,95.09,343518.63
1778094000000,95.1,95.46,94.73,95.28,209580.24
1778097600000,95.28,96.19,94.99,96.05,226214.73
1778101200000,96.05,96.39,95.63,95.72,188875.94
1778104800000,95.72,96.12,95.48,95.77,174260.01
1778108400000,95.76,95.94,95.62,95.81,101131.64
1778112000000,95.81,96.34,95.58,96.0,243685.06
1778115600000,95.99,96.26,95.22,95.26,240239.52
1778119200000,95.26,95.6,94.7,95.54,161961.95
1778122800000,95.55,95.79,95.21,95.62,121672.15
1778126400000,95.62,95.66,95.36,95.4,136194.63
1778130000000,95.39,95.58,95.11,95.23,144100.58
1778133600000,95.24,95.51,94.03,94.47,506447.6
1778137200000,94.48,94.59,91.73,93.15,1459742.48
1778140800000,93.15,94.37,92.5,92.65,896387.39
1778144400000,92.64,93.02,91.95,92.68,503299.23
1778148000000,92.68,93.17,92.08,92.68,648466.92
1778151600000,92.68,92.78,91.17,91.64,675533.55
1778155200000,91.63,91.88,89.61,90.47,1125851.45
1778158800000,90.47,92.5,90.47,90.89,971387.15
1778162400000,90.89,91.38,90.07,90.92,596244.45
1778166000000,90.92,93.16,90.89,93.05,1053961.73
1778169600000,93.04,95.36,92.89,95.12,1266120.89
1778173200000,95.12,96.79,94.1,94.42,1904845.13
1778176800000,94.42,96.08,94.12,95.08,945487.25
1778180400000,95.08,96.71,94.94,95.92,979917.32
1778184000000,95.92,97.25,94.04,96.85,1226538.85
1778187600000,96.86,98.4,96.67,97.4,491338.21
1778191200000,97.4,97.83,95.32,96.43,681961.11
1778194800000,96.42,96.46,95.82,96.08,191190.0
1778198400000,96.08,96.39,95.52,95.65,371358.62
1778202000000,95.67,95.67,94.63,95.13,276796.13
1778205600000,95.13,95.59,94.2,94.85,313342.15
1778209200000,94.85,94.91,94.45,94.82,155817.24
1778212800000,94.81,95.57,94.71,94.82,229114.38
1778216400000,94.81,94.99,94.36,94.48,272754.57
1778220000000,94.48,94.85,93.27,94.22,555765.35
1778223600000,94.21,94.96,93.86,94.33,496430.26
1778227200000,94.32,94.53,93.21,93.62,523035.76
1778230800000,93.63,94.54,92.89,94.18,506472.08
1778234400000,94.19,94.38,93.53,93.91,466740.2
1778238000000,93.91,94.3,93.3,94.05,565433.8
1778241600000,94.05,94.59,93.6,94.36,637147.4
1778245200000,94.35,94.41,92.98,93.34,962457.81
1778248800000,93.34,94.78,93.33,94.32,715469.63
1778252400000,94.33,95.0,94.04,94.76,821993.24
1778256000000,94.75,94.89,94.22,94.83,497034.42
1778259600000,94.84,94.85,94.04,94.21,304352.38
1778263200000,94.22,94.52,93.32,94.29,530573.42
1778266800000,94.29,94.38,93.48,93.73,402186.75
1778270400000,93.72,93.72,93.07,93.36,341686.03
1778274000000,93.36,93.71,93.14,93.23,144020.34
1778277600000,93.24,93.31,93.0,93.21,74676.67
1778281200000,93.21,93.29,93.06,93.08,55236.39
1778284800000,93.07,93.07,91.82,92.48,192807.02
1778288400000,92.47,92.9,92.46,92.76,49994.7
1778292000000,92.76,93.05,92.72,92.94,46296.51
1778295600000,92.93,92.94,92.65,92.76,37066.33
1778299200000,92.76,92.82,92.6,92.69,30105.84
1778302800000,92.68,92.8,92.64,92.74,25794.06
1778306400000,92.73,92.98,92.67,92.85,73268.23
1778310000000,92.84,92.95,92.74,92.81,25414.19
1778313600000,92.8,92.95,92.7,92.89,29583.79
1778317200000,92.88,92.96,92.85,92.95,11711.32
1778320800000,92.95,93.04,92.86,92.89,20182.61
1778324400000,92.89,92.92,92.79,92.91,13388.64
1778328000000,92.92,93.21,92.91,93.21,26508.17
1778331600000,93.21,93.5,93.17,93.49,34924.59
1778335200000,93.49,93.85,93.37,93.74,103403.88
1778338800000,93.73,93.79,93.08,93.26,69107.84
1778342400000,93.25,93.56,93.24,93.49,20936.08
1778346000000,93.49,93.61,93.25,93.35,26859.58
1778349600000,93.35,93.39,93.24,93.39,19332.42
1778353200000,93.38,93.63,93.37,93.48,22991.5
1778356800000,93.48,93.56,93.41,93.44,5328.52
1778360400000,93.44,93.55,93.4,93.52,5552.13
1778364000000,93.52,93.58,93.33,93.35,4988.4
1778367600000,93.35,93.52,93.31,93.51,5903.64
1778371200000,93.5,93.58,93.35,93.55,9447.27
1778374800000,93.55,93.61,93.45,93.46,6516.53
1778378400000,93.47,93.54,93.33,93.35,8281.84
1778382000000,93.36,93.46,93.15,93.15,18073.76
1778385600000,93.15,93.29,92.69,93.16,57414.85
1778389200000,93.17,93.36,93.17,93.25,20959.24
1778392800000,93.25,93.45,93.19,93.22,14460.18
1778396400000,93.22,93.41,93.1,93.39,18896.11
1778400000000,93.38,93.42,93.19,93.3,15144.59
1778403600000,93.31,93.43,93.06,93.16,30689.89
1778407200000,93.16,93.3,93.09,93.26,10843.33
1778410800000,93.26,93.33,93.23,93.31,6953.43
1778414400000,93.31,93.32,92.76,92.84,70913.43
1778418000000,92.84,92.92,92.63,92.9,69057.03
1778421600000,92.9,93.43,92.84,92.98,87636.66
1778425200000,92.98,93.0,92.53,92.69,57481.92
1778428800000,92.69,92.91,92.62,92.79,24075.49
1778432400000,92.79,93.18,92.0,93.1,112478.45
1778436000000,93.1,94.44,92.81,94.34,194858.95
1778439600000,94.34,94.9,93.5,93.99,187417.88
1778443200000,93.99,97.5,93.95,96.03,820641.72
1778446800000,96.04,96.49,95.3,96.0,249891.27
1778450400000,96.01,96.99,95.91,96.69,751220.56
1778454000000,96.69,97.35,96.6,97.27,288569.92
1778457600000,97.27,98.15,96.92,97.56,564886.31
1778461200000,97.56,97.62,97.08,97.22,367420.37
1778464800000,97.22,98.07,97.07,98.0,178384.12
1778468400000,98.0,98.53,97.9,98.18,228880.83
1778472000000,98.18,98.54,98.13,98.42,105820.47
1778475600000,98.43,98.46,97.78,97.91,270767.08
1778479200000,97.91,98.24,97.02,97.18,314389.85
1778482800000,97.19,97.53,96.55,96.69,357134.09
1778486400000,96.67,96.77,95.32,95.93,570977.88
1778490000000,95.94,96.36,95.68,96.34,285128.94
1778493600000,96.34,96.38,95.54,96.26,242334.6
1778497200000,96.27,96.81,95.99,96.6,206238.05
1778500800000,96.59,96.96,94.86,96.24,684921.6
1778504400000,96.25,96.34,94.46,94.93,699326.8
1778508000000,94.92,96.4,94.85,95.98,1085201.87
1778511600000,95.98,96.58,95.54,96.22,334937.6
1778515200000,96.21,98.0,96.09,97.39,470621.26
1778518800000,97.39,97.4,96.31,96.51,251403.07
1778522400000,96.51,97.05,96.06,96.32,336960.53
1778526000000,96.32,96.68,96.03,96.53,148138.09
1778529600000,96.53,97.02,96.17,96.31,314300.0
1778533200000,96.31,96.38,96.18,96.31,57198.15
1778536800000,96.32,96.47,95.81,96.23,131822.27
1778540400000,96.22,96.28,95.95,96.04,42842.24
1778544000000,96.04,96.66,96.04,96.62,273379.25
1778547600000,96.61,97.03,96.24,96.89,307668.8
1778551200000,96.89,97.08,96.75,96.76,207725.98
1778554800000,96.77,96.97,96.6,96.92,217370.04
1778558400000,96.92,96.94,96.39,96.75,238962.73
1778562000000,96.75,97.26,96.51,96.91,306394.97
1778565600000,96.92,98.3,96.9,98.16,701662.74
1778569200000,98.16,98.29,97.83,98.22,531987.54
1778572800000,98.22,98.94,98.12,98.39,687119.23
1778576400000,98.4,99.25,98.36,98.63,711555.3
1778580000000,98.63,99.54,98.36,99.23,678798.92
1778583600000,99.22,99.64,98.72,98.99,759328.71
1778587200000,98.98,99.35,98.23,98.41,1053887.47
1778590800000,98.41,99.65,98.31,99.35,914100.53
1778594400000,99.35,99.64,98.97,99.43,752762.98
1778598000000,99.44,99.78,98.75,99.22,936179.47
1778601600000,99.21,99.37,98.72,99.07,740217.21
1778605200000,99.06,99.1,98.67,99.03,502392.97
1778608800000,99.02,99.9,98.9,99.67,811983.26
1778612400000,99.68,99.71,99.38,99.58,272201.46
1778616000000,99.59,99.6,98.94,99.05,288473.05
1778619600000,99.04,99.33,99.04,99.17,74697.43
1778623200000,99.17,99.28,98.64,98.8,205506.65
1778626800000,98.79,98.93,98.71,98.88,156184.47
1778630400000,98.88,98.88,97.89,98.31,474716.11
1778634000000,98.32,98.49,98.14,98.43,198877.79
1778637600000,98.44,98.56,97.66,97.93,152585.2
1778641200000,97.93,98.08,97.68,97.95,263683.85
1778644800000,97.94,97.94,97.4,97.57,160098.05
1778648400000,97.57,97.73,97.35,97.42,165705.26
1778652000000,97.43,97.93,97.38,97.81,244688.99
1778655600000,97.82,98.24,97.63,98.15,312272.79
1778659200000,98.15,98.64,97.95,98.45,547239.35
1778662800000,98.44,98.83,98.07,98.19,384586.25
1778666400000,98.2,99.15,98.19,99.09,417710.53
1778670000000,99.08,99.16,98.51,98.6,294659.48
1778673600000,98.59,99.17,98.29,98.72,568751.28
1778677200000,98.72,98.92,98.42,98.91,592739.39
1778680800000,98.91,99.6,98.76,99.21,654175.34
1778684400000,99.2,99.29,98.17,98.49,608588.77
1778688000000,98.48,98.48,96.92,98.01,850112.31
1778691600000,98.0,98.11,97.39,97.48,441618.64
1778695200000,97.47,97.49,96.62,97.04,559761.88
1778698800000,97.04,97.47,96.99,97.4,360731.71
1778702400000,97.4,97.44,96.56,96.88,450970.15
1778706000000,96.88,97.21,96.83,97.18,82556.21
1778709600000,97.17,97.18,96.58,96.74,187417.1
1778713200000,96.73,96.91,96.68,96.83,109764.19
1778716800000,96.83,97.06,96.71,96.81,213917.77
1778720400000,96.8,97.19,96.44,96.73,281017.3
1778724000000,96.73,97.19,96.65,97.14,189495.06
1778727600000,97.14,97.37,96.83,97.08,153648.43
1778731200000,97.07,97.18,97.01,97.07,79636.27
1778734800000,97.07,97.42,96.97,97.12,180972.69
1778738400000,97.12,97.12,95.49,96.71,443426.02
1778742000000,96.71,97.78,96.58,97.64,580350.34
1778745600000,97.63,98.06,96.81,97.05,519552.12
1778749200000,97.05,97.71,96.7,96.9,463936.57
1778752800000,96.91,97.34,96.04,96.67,821303.53
1778756400000,96.67,96.97,95.8,96.0,466852.64
1778760000000,96.0,96.57,95.11,96.04,730093.37
1778763600000,96.05,96.99,96.05,96.71,630619.91
1778767200000,96.72,97.47,96.11,96.34,625946.91
1778770800000,96.33,96.68,96.18,96.62,334580.86
1778774400000,96.62,96.73,95.99,96.63,240591.85
1778778000000,96.63,97.58,96.52,97.38,313820.36
1778781600000,97.38,97.63,96.81,97.09,173102.6
1778785200000,97.09,97.67,97.02,97.65,78220.57
1778788800000,97.64,97.89,97.54,97.76,114337.35
1778792400000,97.76,97.87,97.47,97.75,50425.92
1778796000000,97.74,97.81,97.2,97.66,130732.26
1778799600000,97.66,97.8,97.5,97.69,56476.44
1778803200000,97.69,97.81,97.41,97.63,73112.99
1778806800000,97.62,98.63,97.46,98.2,264440.87
1778810400000,98.2,98.69,97.8,98.37,224129.53
1778814000000,98.37,98.45,98.11,98.12,112312.46
1778817600000,98.11,98.34,98.11,98.18,44511.58
1778821200000,98.17,99.31,98.17,98.91,236614.0
1778824800000,98.91,99.22,98.66,98.81,267080.07
1778828400000,98.81,99.18,98.32,99.12,235617.7
1778832000000,99.11,100.65,98.97,100.33,786479.72
1778835600000,100.32,100.85,99.98,100.74,518722.27
1778839200000,100.73,100.73,98.55,99.0,1196859.01
1778842800000,99.0,100.06,98.8,99.97,471350.79
1778846400000,99.97,100.1,99.44,99.79,331203.32
1778850000000,99.8,99.92,99.15,99.85,537730.24
1778853600000,99.84,100.46,99.19,100.2,823192.39
1778857200000,100.2,101.09,99.86,100.82,662861.49
1778860800000,100.82,101.14,100.48,100.6,356247.8
1778864400000,100.61,100.81,100.25,100.63,315587.09
1778868000000,100.62,101.33,100.59,100.9,374549.2
1778871600000,100.89,101.25,100.81,101.09,239343.84
1778875200000,101.08,101.45,100.84,101.04,306596.33
1778878800000,101.04,101.24,100.9,101.05,80199.23
1778882400000,101.05,101.26,100.98,101.2,29176.5
1778886000000,101.19,101.19,101.06,101.06,14596.0
1778889600000,101.06,101.07,100.63,100.64,33777.91
1778893200000,100.64,101.13,100.61,100.97,39230.76
1778896800000,100.96,100.97,100.76,100.78,19826.44
1778900400000,100.78,100.96,100.63,100.74,23012.59
1778904000000,100.74,100.95,100.72,100.95,28188.72
1778907600000,100.94,100.97,100.85,100.92,11879.16
1778911200000,100.92,101.18,100.92,101.08,29071.58
1778914800000,101.08,101.85,101.05,101.55,187742.16
1778918400000,101.55,101.87,101.48,101.58,102932.14
1778922000000,101.58,101.82,101.47,101.81,62016.64
1778925600000,101.81,101.84,101.65,101.71,39996.02
1778929200000,101.71,101.81,101.71,101.78,43456.91
1778932800000,101.78,101.78,101.65,101.77,21909.02
1778936400000,101.78,101.78,101.43,101.71,35503.31
1778940000000,101.7,101.74,101.5,101.74,44629.95
1778943600000,101.73,101.82,101.63,101.63,27686.33
1778947200000,101.64,101.64,101.0,101.17,80701.0
1778950800000,101.17,101.38,101.01,101.2,23538.92
1778954400000,101.21,101.32,100.92,101.07,26107.5
1778958000000,101.07,101.16,100.92,101.03,27711.67
1778961600000,101.03,101.44,100.95,101.4,17777.26
1778965200000,101.4,101.77,101.4,101.74,18919.89
1778968800000,101.74,101.78,101.55,101.63,16418.22
1778972400000,101.62,101.75,101.61,101.69,8944.25
1778976000000,101.68,101.69,101.45,101.67,15464.09
1778979600000,101.67,101.69,101.36,101.37,19153.94
1778983200000,101.36,101.76,101.28,101.61,39796.04
1778986800000,101.6,101.64,101.43,101.51,19800.68
1778990400000,101.51,101.52,101.32,101.32,19200.44
1778994000000,101.32,101.45,101.16,101.44,28598.79
1778997600000,101.43,101.53,101.42,101.5,20018.41
1779001200000,101.51,101.64,101.23,101.3,18731.21
1779004800000,101.3,101.71,101.15,101.46,62490.75
1779008400000,101.47,101.5,101.3,101.39,39282.8
1779012000000,101.39,101.48,101.17,101.34,29511.43
1779015600000,101.34,101.53,101.25,101.45,15610.56
1779019200000,101.45,101.69,101.44,101.69,27171.11
1779022800000,101.68,101.92,101.68,101.9,66740.19
1779026400000,101.9,102.0,101.72,101.93,59506.98
1779030000000,101.93,101.95,101.65,101.82,43989.61
1779033600000,101.82,101.97,101.58,101.6,55836.41
1779037200000,101.6,101.85,101.6,101.84,19463.03
1779040800000,101.84,101.9,101.73,101.85,15638.29
1779044400000,101.84,101.92,101.5,101.62,29644.23
1779048000000,101.63,101.98,101.59,101.98,30290.28
1779051600000,101.97,102.0,101.45,101.47,43699.36
1779055200000,101.47,102.88,101.47,102.19,504192.74
1779058800000,102.18,102.7,102.17,102.41,184410.68
1779062400000,102.41,103.2,101.89,102.9,328653.66
1779066000000,102.9,104.25,102.56,103.2,451098.27
1779069600000,103.2,103.6,103.04,103.15,141455.92
1779073200000,103.14,103.35,103.03,103.11,93755.45
1779076800000,103.12,103.26,102.89,103.06,79100.89
1779080400000,103.05,103.19,102.47,102.8,145198.45
1779084000000,102.79,103.35,102.73,102.82,172552.05
1779087600000,102.81,102.85,101.5,102.13,411291.16
1779091200000,102.12,102.37,101.53,101.75,301648.97
1779094800000,101.74,102.48,101.65,102.17,254730.41
1779098400000,102.17,102.48,102.01,102.39,150679.97
1779102000000,102.39,103.17,99.94,100.81,1459006.07
1779105600000,100.82,101.56,98.52,98.98,1460974.75
1779109200000,98.99,100.18,98.89,99.56,1040084.22
1779112800000,99.55,102.28,99.5,102.13,843628.71
1779116400000,102.13,103.0,101.96,102.77,639858.06
1779120000000,102.76,103.56,102.61,102.83,410397.55
1779123600000,102.84,103.05,102.11,102.96,284387.59
1779127200000,102.96,105.0,102.95,104.53,600673.81
1779130800000,104.54,104.69,101.3,101.91,1449419.38
1779134400000,101.91,102.53,101.04,102.42,277475.97
1779138000000,102.43,102.46,101.87,102.26,66746.16
1779141600000,102.26,102.58,102.05,102.4,157519.11
1779145200000,102.39,102.43,102.14,102.19,40504.03
1779148800000,102.2,102.67,102.12,102.4,175403.62
1779152400000,102.4,102.96,102.17,102.43,204928.51
1779156000000,102.44,103.05,102.36,102.83,152260.74
1779159600000,102.84,103.08,102.57,102.75,103819.29
1779163200000,102.75,102.84,102.51,102.58,46840.64
1779166800000,102.57,103.36,102.51,103.07,154409.98
1779170400000,103.08,103.73,102.68,103.63,264541.38
1779174000000,103.62,103.89,102.93,103.05,280636.12
1779177600000,103.06,103.71,102.92,103.17,259689.59
1779181200000,103.18,103.47,102.49,102.71,237509.84
1779184800000,102.71,104.0,102.65,103.31,523187.07
1779188400000,103.31,103.94,103.29,103.86,229573.18
1779192000000,103.86,103.87,103.15,103.41,215726.67
1779195600000,103.41,104.54,103.03,103.32,675641.08
1779199200000,103.32,103.69,102.47,103.41,715747.46
1779202800000,103.41,103.8,102.91,103.73,354325.17
1779206400000,103.72,104.05,103.43,103.63,229200.77
1779210000000,103.63,103.98,103.22,103.39,192767.21
1779213600000,103.38,104.72,103.04,104.51,367751.22
1779217200000,104.52,104.53,104.02,104.35,123830.49
1779220800000,104.36,104.46,103.8,103.9,79325.46
1779224400000,103.89,104.08,103.65,103.83,34272.66
1779228000000,103.82,104.26,103.76,104.11,85668.13
1779231600000,104.11,104.19,103.66,103.84,59838.8
1779235200000,103.84,103.92,103.61,103.78,67787.82
1779238800000,103.78,104.37,103.08,103.54,199830.73
1779242400000,103.53,104.34,103.36,104.08,157412.73
1779246000000,104.07,104.22,103.54,103.64,102932.71
1779249600000,103.63,103.91,103.29,103.85,125635.75
1779253200000,103.85,103.86,103.53,103.76,105487.41
1779256800000,103.77,103.99,102.6,102.73,364436.46
1779260400000,102.73,103.13,102.42,102.98,260106.73
1779264000000,102.98,103.02,101.68,101.96,616455.5
1779267600000,101.97,102.66,101.56,102.27,288706.47
1779271200000,102.27,102.44,100.83,101.44,593446.27
1779274800000,101.44,102.7,101.36,102.45,370582.86
1779278400000,102.44,102.54,100.73,101.57,569121.08
1779282000000,101.57,102.26,101.25,102.22,489199.75
1779285600000,102.21,102.75,99.4,100.38,2971122.41
1779289200000,100.39,100.63,96.94,99.18,3255397.89
1779292800000,99.18,99.6,97.53,97.83,1193407.58
1779296400000,97.82,98.32,96.89,98.3,1153319.84
1779300000000,98.31,98.66,97.68,97.89,536389.47
1779303600000,97.89,98.59,97.7,98.46,337489.98
1779307200000,98.47,99.07,98.27,99.0,166618.36
1779310800000,98.99,99.1,98.59,98.78,63695.6
1779314400000,98.79,99.19,98.73,98.94,115822.81
1779318000000,98.94,99.18,98.72,98.84,50200.33
1779321600000,98.84,100.12,98.77,99.05,280405.22
1779325200000,99.05,99.09,98.42,98.53,174135.82
1779328800000,98.53,99.21,98.45,99.11,142619.3
1779332400000,99.12,99.22,98.89,99.03,59473.23
1779336000000,99.03,99.21,98.71,98.76,80197.53
1779339600000,98.76,100.0,98.73,99.37,222252.32
1779343200000,99.38,99.79,98.85,99.52,309356.35
1779346800000,99.52,99.83,99.21,99.28,185691.62
1779350400000,99.27,99.49,98.06,98.43,704174.83
1779354000000,98.43,98.47,97.29,97.56,518432.16
1779357600000,97.56,101.28,97.46,100.96,1385251.96
1779361200000,100.97,101.0,100.06,100.51,308788.0
1779364800000,100.51,101.2,100.35,101.02,533816.91
1779368400000,101.02,102.62,100.1,100.43,2321446.37
1779372000000,100.43,101.49,100.19,101.24,842424.18
1779375600000,101.24,102.06,100.67,100.67,455497.14
1779379200000,100.67,100.67,99.74,99.97,474837.36
1779382800000,99.96,100.37,95.71,96.32,2444962.63
1779386400000,96.32,98.28,95.94,97.97,1991576.89
1779390000000,97.97,98.32,97.07,97.39,802388.05
1779393600000,97.38,98.12,97.19,97.89,231501.16
1779397200000,97.89,97.89,97.11,97.5,146781.77
1779400800000,97.51,97.8,97.29,97.69,170808.83
1779404400000,97.68,97.88,97.49,97.7,53200.43
1779408000000,97.7,98.12,97.57,97.86,142765.8
1779411600000,97.87,98.31,97.56,97.61,140429.77
1779415200000,97.61,97.9,97.25,97.37,77848.01
1779418800000,97.37,97.48,97.16,97.41,61702.92
1779422400000,97.4,97.41,96.85,97.32,130828.33
1779426000000,97.31,98.51,97.31,98.3,168571.03
1779429600000,98.3,98.65,97.86,97.94,197802.81
1779433200000,97.94,98.84,97.91,98.39,241233.31
1779436800000,98.39,99.33,98.03,98.65,370757.6
1779440400000,98.66,99.0,97.86,98.45,196635.62
1779444000000,98.45,98.7,97.63,98.26,233214.28
1779447600000,98.27,98.6,97.18,97.49,296879.36
1779451200000,97.5,97.74,95.61,96.18,988845.55
1779454800000,96.18,98.08,95.4,97.67,1187164.08
1779458400000,97.68,98.12,97.23,97.51,283953.87
1779462000000,97.51,97.88,96.76,97.02,251740.34
1779465600000,97.02,97.33,96.5,96.81,276847.89
1779469200000,96.81,97.18,94.74,96.04,1214297.24
1779472800000,96.04,96.72,95.94,96.22,351973.13
1779476400000,96.22,96.95,96.1,96.24,317377.86
1779480000000,96.23,97.21,95.97,96.98,378273.74
1779483600000,96.98,97.41,96.93,97.17,121578.8
1779487200000,97.17,97.75,97.17,97.58,132308.68
1779490800000,97.57,98.88,97.57,98.32,228896.71
1779494400000,98.32,98.81,98.15,98.65,148398.06
1779498000000,98.64,98.78,98.47,98.67,84385.93
1779501600000,98.66,98.71,98.44,98.63,49477.14
1779505200000,98.62,98.71,98.32,98.63,53579.86
1779508800000,98.62,98.76,98.61,98.7,25522.69
1779512400000,98.7,98.73,98.26,98.59,56730.56
1779516000000,98.59,98.63,98.43,98.53,33473.2
1779519600000,98.52,98.58,98.26,98.38,93203.09
1779523200000,98.37,98.6,98.21,98.55,46361.93
1779526800000,98.55,98.6,98.5,98.59,21628.45
1779530400000,98.6,98.63,98.53,98.61,32878.89
1779534000000,98.61,98.63,98.51,98.55,22219.93
1779537600000,98.56,98.63,98.54,98.6,22930.35
1779541200000,98.59,98.74,97.05,97.16,338997.79
1779544800000,97.17,97.56,95.43,96.04,573129.72
1779548400000,96.05,97.2,95.94,96.64,351083.53
1779552000000,96.64,96.64,96.01,96.41,118186.86
1779555600000,96.42,96.7,96.13,96.24,72716.55
1779559200000,96.24,96.26,93.71,94.31,645661.5
1779562800000,94.31,94.39,93.8,94.33,230958.37
1779566400000,94.34,94.35,90.52,90.54,1308746.76
1779570000000,90.54,92.34,88.2,90.76,1226769.14
1779573600000,90.76,90.77,89.2,90.31,512682.62
1779577200000,90.3,90.77,89.78,89.95,254166.91
1779580800000,89.94,91.04,89.78,90.8,320573.58
1779584400000,90.8,91.33,90.63,90.85,206199.94
1779588000000,90.86,91.72,90.67,91.3,143032.9
1779591600000,91.29,91.45,89.86,90.32,209420.16
1779595200000,90.32,90.32,89.79,90.23,121448.31
1779598800000,90.24,90.34,90.03,90.18,72785.44
1779602400000,90.17,90.3,90.1,90.26,54945.86
1779606000000,90.26,91.54,90.25,90.77,260957.27
1779609600000,90.77,91.37,90.51,90.88,145449.67
1779613200000,90.87,90.93,90.44,90.66,59453.68
1779616800000,90.66,91.01,90.62,90.79,67684.85
1779620400000,90.79,90.96,90.57,90.77,64057.44
1779624000000,90.76,91.12,90.44,91.02,97437.84
1779627600000,91.02,91.9,91.0,91.57,197211.06
1779631200000,91.57,94.82,91.39,93.46,1458728.85
1779634800000,93.46,93.51,91.77,92.29,394216.47
1779638400000,92.3,93.19,92.02,92.51,223281.87
1779642000000,92.51,93.58,92.51,93.26,111929.1
1779645600000,93.26,93.45,93.14,93.35,30388.05
1779649200000,93.36,93.41,92.78,92.96,61571.13
1779652800000,92.97,93.6,92.68,93.5,94010.59
1779656400000,93.5,93.88,93.22,93.75,102840.63
1779660000000,93.75,93.79,91.15,91.52,660017.01
1779663600000,91.51,92.15,91.25,92.1,140741.9
1779667200000,92.09,92.25,90.88,91.89,281955.28
1779670800000,91.9,92.55,91.69,92.44,289049.49
1779674400000,92.43,92.59,91.72,91.73,103924.51
1779678000000,91.73,91.77,90.4,90.97,477478.93
1779681600000,90.97,91.3,90.86,91.0,97605.65
1779685200000,91.0,91.07,90.61,91.0,153398.03
1779688800000,91.0,91.61,90.88,91.41,153905.77
1779692400000,91.41,92.63,91.23,91.71,575498.28
1779696000000,91.7,92.5,91.59,91.76,240315.52
1779699600000,91.76,91.87,91.04,91.26,183828.01
1779703200000,91.25,91.35,90.76,90.98,197211.05
1779706800000,90.97,91.47,90.52,90.91,620407.38
1779710400000,90.91,91.59,90.33,91.52,404695.66
1779714000000,91.52,91.87,91.27,91.38,257499.08
1779717600000,91.38,91.51,90.87,91.41,309511.7
1779721200000,91.41,91.79,90.44,91.11,498060.98
1779724800000,91.12,91.58,89.71,89.88,559106.45
1779728400000,89.89,90.46,89.48,90.32,568731.06
1779732000000,90.33,90.49,90.14,90.46,132120.79
1779735600000,90.47,90.76,90.29,90.49,68169.28
1779739200000,90.5,91.24,89.94,90.89,243634.62
1779742800000,90.88,91.58,90.54,90.88,252349.86
1779746400000,90.89,91.24,90.38,90.82,244278.31
1779750000000,90.81,91.13,90.7,90.94,103603.69
1779753600000,90.94,91.63,90.94,91.54,283810.51
1779757200000,91.55,92.11,91.45,91.85,202025.91
1779760800000,91.85,91.93,91.35,91.58,120743.94
1779764400000,91.58,91.76,91.42,91.7,62726.49
1779768000000,91.69,92.08,91.62,92.0,177404.84
1779771600000,92.0,92.49,91.76,91.88,218306.59
1779775200000,91.88,92.32,91.38,91.65,238121.04
1779778800000,91.64,92.95,91.53,92.5,525017.77
1779782400000,92.5,93.56,92.33,93.17,466327.27
1779786000000,93.16,93.24,92.51,92.6,308500.51
1779789600000,92.59,92.69,91.47,92.02,414473.61
1779793200000,92.02,92.92,91.98,92.67,326644.79
1779796800000,92.67,93.32,92.42,92.77,278778.93
1779800400000,92.77,94.47,92.53,94.08,681729.13
1779804000000,94.07,94.35,93.1,94.12,618479.52
1779807600000,94.12,94.61,93.73,93.83,533897.95
1779811200000,93.83,94.26,93.6,93.97,208184.17
1779814800000,93.97,94.07,93.5,93.7,155541.73
1779818400000,93.7,94.0,93.33,93.64,205603.46
1779822000000,93.64,93.98,93.46,93.46,113315.62
1779825600000,93.45,93.8,93.15,93.47,72965.7
1779829200000,93.47,93.48,93.1,93.39,43633.77
1779832800000,93.39,93.72,93.29,93.55,96784.86
1779836400000,93.54,93.58,93.02,93.22,61845.63
1779840000000,93.23,93.33,92.74,92.93,217380.39
1779843600000,92.92,93.14,92.53,92.8,158727.45
1779847200000,92.8,92.8,92.13,92.35,145524.87
1779850800000,92.35,92.36,91.83,92.03,239050.6
1779854400000,92.03,92.07,91.79,91.94,155514.35
1779858000000,91.93,92.23,91.73,91.84,220199.74
1779861600000,91.84,92.04,91.38,91.53,194745.43
1779865200000,91.52,91.62,90.85,91.1,324271.81
1779868800000,91.09,91.23,89.72,90.19,782240.7
1779872400000,90.19,90.56,89.67,89.9,532630.27
1779876000000,89.89,90.53,89.87,90.25,319380.34
1779879600000,90.25,90.97,90.0,90.57,573179.82
1779883200000,90.57,90.79,87.79,88.86,2824943.01
1779886800000,88.87,90.04,88.81,89.85,972285.34
1779890400000,89.84,90.98,89.51,90.79,1201582.91
1779894000000,90.79,91.2,89.88,90.0,958450.39
1779897600000,89.99,90.52,89.41,89.9,476641.95
1779901200000,89.89,90.1,89.17,89.5,357057.94
1779904800000,89.5,89.55,88.5,88.96,252202.2
1779908400000,88.96,89.59,88.81,89.44,146836.98
1779912000000,89.45,89.63,89.3,89.38,79196.2
1779915600000,89.38,89.56,89.13,89.41,45727.63
1779919200000,89.4,90.09,89.18,89.77,217237.37
1779922800000,89.77,90.46,89.63,90.24,232676.63
1779926400000,90.25,90.69,90.24,90.46,259599.25
1779930000000,90.45,90.46,89.94,90.17,139893.96
1779933600000,90.16,90.92,89.92,90.89,237565.79
1779937200000,90.89,92.17,90.83,92.14,727168.69
1779940800000,92.15,92.45,91.94,92.11,426402.84
1779944400000,92.11,92.16,91.34,91.55,328886.06
1779948000000,91.54,91.57,90.66,91.12,249543.32
1779951600000,91.11,91.38,90.79,90.92,264026.53
1779955200000,90.93,90.99,90.46,90.54,272828.68
1779958800000,90.54,90.78,89.88,90.25,350989.03
1779962400000,90.26,91.34,90.02,90.99,337621.72
1779966000000,90.99,91.54,90.69,91.29,285470.7
1779969600000,91.28,91.42,90.38,90.52,374605.98
1779973200000,90.53,91.34,90.28,90.83,344298.34
1779976800000,90.82,91.13,87.88,89.54,3873496.63
1779980400000,89.54,90.17,89.08,89.81,748213.86
1779984000000,89.81,90.23,88.09,88.27,965916.26
1779987600000,88.27,89.2,88.18,88.88,370045.53
1779991200000,88.87,89.55,88.57,89.26,537078.0
1779994800000,89.26,89.52,89.05,89.51,145044.89
1779998400000,89.51,89.68,88.57,88.59,237777.29
1780002000000,88.6,88.66,88.21,88.47,105204.62
1780005600000,88.48,88.89,88.31,88.53,137010.19
1780009200000,88.54,88.68,88.27,88.58,183061.07
1780012800000,88.57,88.58,87.68,88.44,318642.77
1780016400000,88.43,88.51,87.76,88.0,235672.57
1780020000000,87.98,88.13,87.66,87.85,222638.0
1780023600000,87.85,88.38,87.36,88.28,355827.54
1780027200000,88.27,88.31,87.5,87.77,465394.01
1780030800000,87.78,88.15,87.71,88.05,111722.42
1780034400000,88.05,88.07,87.25,87.54,269619.17
1780038000000,87.53,89.01,87.4,88.75,384919.32
1780041600000,88.76,89.07,88.57,88.69,267424.71
1780045200000,88.69,88.71,86.94,87.57,772309.48
1780048800000,87.57,87.86,86.8,87.39,404504.24
1780052400000,87.39,88.34,87.22,87.64,335191.1
1780056000000,87.65,88.2,87.3,87.41,414136.62
1780059600000,87.41,87.89,86.83,87.72,536103.37
1780063200000,87.71,88.93,87.45,87.95,1457891.87
1780066800000,87.95,87.98,86.35,87.6,1840035.65
1780070400000,87.6,87.91,86.49,86.66,678841.89
1780074000000,86.65,87.33,86.63,87.2,391431.55
1780077600000,87.2,88.1,87.02,87.72,806984.43
1780081200000,87.73,88.2,87.57,88.13,198488.24
1780084800000,88.13,88.18,87.7,87.9,215474.36
1780088400000,87.9,88.39,87.89,88.15,116177.66
1780092000000,88.14,88.59,88.13,88.47,64778.66
1780095600000,88.47,88.9,88.47,88.64,106823.9
1780099200000,88.64,88.68,88.25,88.31,58938.22
1780102800000,88.32,88.32,87.94,88.07,86603.0
1780106400000,88.07,88.29,87.97,88.16,38723.0
1780110000000,88.15,88.5,88.14,88.37,53441.81
1780113600000,88.38,88.41,87.9,88.09,71839.26
1780117200000,88.1,88.21,87.94,88.13,34391.27
1780120800000,88.13,88.13,87.93,88.07,27193.07
1780124400000,88.08,88.19,88.02,88.16,21263.27
1780128000000,88.16,88.24,87.36,87.82,179248.22
1780131600000,87.82,87.86,87.73,87.78,19425.0
1780135200000,87.78,88.0,87.77,87.89,30065.16
1780138800000,87.88,88.15,87.86,88.08,21933.16
1780142400000,88.08,88.18,87.93,88.04,20347.25
1780146000000,88.05,88.42,88.01,88.39,52145.66
1780149600000,88.4,88.68,88.04,88.3,103316.48
1780153200000,88.3,88.43,88.05,88.22,50822.48
1780156800000,88.23,88.38,87.96,87.98,44206.92
1780160400000,87.98,88.2,87.98,88.11,22349.17
1780164000000,88.11,88.16,88.04,88.13,17249.95
1780167600000,88.13,88.15,88.07,88.12,6500.73
1780171200000,88.12,88.18,88.08,88.12,7679.83
1780174800000,88.12,88.49,88.12,88.43,29757.56
1780178400000,88.43,88.56,88.29,88.38,27063.96
1780182000000,88.38,88.44,88.25,88.35,17747.31
1780185600000,88.35,88.41,88.23,88.39,17118.49
1780189200000,88.4,88.55,88.25,88.4,27271.47
1780192800000,88.41,88.49,88.27,88.42,33480.81
1780196400000,88.42,88.42,88.3,88.33,16095.64
1780200000000,88.33,88.75,88.33,88.73,66699.97
1780203600000,88.74,88.77,88.6,88.72,35658.1
1780207200000,88.72,88.78,88.54,88.66,29235.8
1780210800000,88.66,88.71,88.51,88.6,27050.6
1780214400000,88.6,88.73,88.49,88.62,13524.32
1780218000000,88.63,88.64,88.45,88.6,15461.6
1780221600000,88.6,88.63,88.38,88.53,30882.92
1780225200000,88.54,88.69,88.53,88.67,14144.49
1780228800000,88.67,88.75,88.57,88.72,19726.15
1780232400000,88.71,88.74,88.55,88.58,25436.84
1780236000000,88.59,88.75,88.47,88.71,34468.7
1780239600000,88.71,88.78,88.7,88.78,24367.97
1780243200000,88.78,89.28,88.77,89.09,98525.48
1780246800000,89.08,89.29,88.9,89.22,54605.61
1780250400000,89.22,89.39,89.07,89.09,36854.96
1780254000000,89.1,89.15,88.85,88.97,29657.62
1780257600000,88.96,88.96,88.57,88.77,69008.77
1780261200000,88.77,88.92,88.65,88.82,38884.45
1780264800000,88.81,90.07,88.68,89.57,374960.56
1780268400000,89.57,89.6,89.14,89.45,114129.79
1780272000000,89.44,89.92,89.26,89.35,263329.38
1780275600000,89.35,90.15,89.04,89.88,247085.22
1780279200000,89.89,89.99,89.5,89.62,140346.56
1780282800000,89.61,90.01,89.19,89.76,229107.96
1780286400000,89.75,89.94,89.3,89.67,105023.73
1780290000000,89.67,89.97,89.49,89.76,170786.7
1780293600000,89.76,90.63,89.75,90.15,571554.27
1780297200000,90.14,90.75,90.08,90.41,355152.31
1780300800000,90.41,91.25,90.26,90.8,516872.6
1780304400000,90.81,91.19,90.54,90.76,237753.43
1780308000000,90.76,90.9,90.43,90.61,158530.25
1780311600000,90.61,90.77,90.16,90.24,203213.99
1780315200000,90.24,90.46,89.28,89.65,423092.2
1780318800000,89.65,94.1,89.46,94.06,3060537.27
1780322400000,94.06,94.55,92.84,94.4,1230594.21
1780326000000,94.4,94.59,92.16,93.64,1097101.57
1780329600000,93.63,94.34,92.63,92.67,948580.54
1780333200000,92.67,93.09,90.63,91.74,1665441.03
1780336800000,91.73,92.57,91.38,92.45,322537.26
1780340400000,92.45,92.56,92.05,92.39,262380.06
1780344000000,92.4,92.5,92.03,92.39,137878.66
1780347600000,92.39,92.83,92.26,92.31,104362.95
1780351200000,92.31,92.71,92.11,92.22,148068.17
1780354800000,92.21,92.31,91.69,91.86,92651.27
1780358400000,91.85,92.44,91.59,92.36,209946.68
1780362000000,92.36,92.59,91.44,91.66,416668.78
1780365600000,91.65,91.83,91.44,91.73,194215.91
1780369200000,91.73,91.75,91.2,91.37,157886.53
1780372800000,91.36,91.42,91.1,91.18,102414.83
1780376400000,91.18,91.44,90.87,91.34,211344.12
1780380000000,91.34,91.62,90.95,91.47,151471.86
1780383600000,91.46,91.66,90.51,90.76,398367.18
1780387200000,90.75,91.15,90.15,90.59,727883.25
1780390800000,90.6,91.05,90.11,90.98,316390.74
1780394400000,90.98,91.43,90.88,91.07,224619.26
1780398000000,91.07,91.19,90.68,90.98,190259.48
1780401600000,90.98,91.54,90.55,91.1,320654.82
1780405200000,91.09,92.39,91.05,92.22,521442.09
1780408800000,92.23,92.4,91.63,91.83,477698.88
1780412400000,91.84,92.98,91.33,92.76,497357.54
1780416000000,92.76,93.29,92.37,93.01,374928.05
1780419600000,93.01,93.82,92.8,93.73,327661.45
1780423200000,93.72,93.87,93.14,93.81,266020.7
1780426800000,93.8,93.82,93.34,93.59,111602.42
1780430400000,93.59,93.63,93.22,93.24,108897.25
1780434000000,93.24,93.65,93.1,93.65,72092.96
1780437600000,93.65,94.35,93.55,94.18,307132.32
1780441200000,94.18,95.96,94.04,94.49,1479576.23
1780444800000,94.48,94.82,94.18,94.28,339085.31
1780448400000,94.27,94.99,94.07,94.72,277500.25
1780452000000,94.72,94.75,94.41,94.63,157054.01
1780455600000,94.64,94.71,94.43,94.62,154417.04
1780459200000,94.61,95.14,94.6,94.81,160959.57
1780462800000,94.81,95.5,94.7,95.49,176909.14
1780466400000,95.5,95.75,95.09,95.67,300756.69
1780470000000,95.66,95.94,95.41,95.79,259557.14
1780473600000,95.79,96.49,95.52,96.26,446761.21
1780477200000,96.26,96.86,95.8,96.77,367150.19
1780480800000,96.78,96.87,95.48,95.9,898717.79
1780484400000,95.9,95.95,95.43,95.62,353931.55
1780488000000,95.61,96.39,95.2,95.92,379999.81
1780491600000,95.92,96.04,94.37,94.42,680111.37
1780495200000,94.41,95.6,94.24,95.17,590033.61
1780498800000,95.16,96.22,94.99,95.84,538185.59
1780502400000,95.83,96.26,95.57,95.59,337379.15
1780506000000,95.58,96.32,95.21,96.1,301386.43
1780509600000,96.1,96.44,95.8,95.95,350400.17
1780513200000,95.95,96.17,95.59,96.14,145342.23
1780516800000,96.14,96.37,95.89,96.05,175512.55
1780520400000,96.05,96.07,95.02,95.25,258657.14
1780524000000,95.25,95.8,94.99,95.16,346276.94
1780527600000,95.16,95.4,95.07,95.32,97067.75
1780531200000,95.32,95.63,95.09,95.2,206930.48
1780534800000,95.21,95.39,94.72,94.9,169864.59
1780538400000,94.89,95.02,94.7,94.73,190075.52
1780542000000,94.74,95.45,94.69,95.01,156673.97
1780545600000,95.01,95.3,94.97,95.11,94569.05
1780549200000,95.11,95.54,95.06,95.06,131810.5
1780552800000,95.07,95.36,94.83,95.12,131183.2
1780556400000,95.12,95.5,94.85,95.33,149354.12
1780560000000,95.34,95.56,94.32,94.8,404834.96
1780563600000,94.8,94.96,93.94,94.4,277232.41
1780567200000,94.41,95.19,94.38,94.79,252930.61
1780570800000,94.78,94.81,92.25,92.39,796395.58
1780574400000,92.38,92.95,91.87,92.59,989965.52
1780578000000,92.59,93.06,92.06,92.28,499988.38
1780581600000,92.29,93.01,91.95,92.97,423714.17
1780585200000,92.97,93.15,92.53,92.93,281188.18
1780588800000,92.93,93.05,92.21,92.32,218485.35
1780592400000,92.32,92.53,91.88,92.25,236235.68
1780596000000,92.24,93.36,91.83,93.2,365012.73
1780599600000,93.21,93.25,92.87,93.05,77690.5
1780603200000,93.05,93.06,92.72,92.76,82432.73
1780606800000,92.76,92.98,92.73,92.85,35453.41
1780610400000,92.85,92.87,92.56,92.77,67243.98
1780614000000,92.77,92.95,92.74,92.9,44490.0
1780617600000,92.9,92.92,92.52,92.57,74306.25
1780621200000,92.56,93.04,92.39,93.0,154073.08
1780624800000,93.0,93.42,92.96,93.3,165179.94
1780628400000,93.29,93.37,92.86,93.06,136520.97
1780632000000,93.06,93.06,92.81,92.87,104632.2
1780635600000,92.86,93.05,92.76,92.81,107903.66
1780639200000,92.81,92.97,92.41,92.55,348327.42
1780642800000,92.55,92.65,91.81,92.49,363422.46
1780646400000,92.49,92.69,91.25,92.55,545305.69
1780650000000,92.56,92.87,91.68,92.54,1239408.56
1780653600000,92.54,92.84,92.17,92.56,229235.25
1780657200000,92.56,93.33,92.3,92.68,431917.61
1780660800000,92.68,92.79,92.03,92.07,334771.86
1780664400000,92.07,92.27,90.96,91.19,839373.32
1780668000000,91.18,92.18,90.3,91.06,1171051.71
1780671600000,91.06,91.23,90.28,90.57,619976.88
1780675200000,90.57,90.69,89.4,89.79,840076.81
1780678800000,89.78,89.98,89.6,89.69,430630.03
1780682400000,89.68,90.34,89.56,89.91,508451.09
1780686000000,89.92,90.09,89.67,89.97,206911.86
1780689600000,89.96,90.03,89.72,89.8,134788.45
1780693200000,89.8,90.46,89.6,89.92,116362.3
1780696800000,89.92,91.51,89.79,90.85,198615.15
1780700400000,90.85,91.29,90.75,91.09,88203.59
1780704000000,91.1,91.9,91.07,91.59,111942.56
1780707600000,91.59,91.77,91.17,91.55,93851.44
1780711200000,91.56,91.88,91.32,91.64,105576.43
1780714800000,91.63,91.74,91.4,91.57,35459.21
1780718400000,91.57,91.65,90.18,90.46,128940.06
1780722000000,90.47,91.42,90.25,91.0,122837.71
1780725600000,90.99,91.26,90.2,90.35,83713.25
1780729200000,90.35,90.56,90.15,90.43,75585.58
1780732800000,90.42,90.83,90.21,90.81,49752.11
1780736400000,90.81,91.0,90.56,90.61,41981.92
1780740000000,90.61,90.8,90.43,90.8,36068.21
1780743600000,90.81,91.2,90.8,90.86,36620.7
1780747200000,90.86,91.08,90.75,90.93,33017.4
1780750800000,90.94,91.38,90.85,91.04,34818.75
1780754400000,91.05,91.47,91.0,91.41,38268.39
1780758000000,91.42,91.44,91.06,91.31,23572.54
1780761600000,91.31,91.64,91.06,91.5,32865.25
1780765200000,91.5,91.56,91.24,91.41,24697.3
1780768800000,91.42,91.52,91.11,91.35,26670.73
1780772400000,91.35,91.76,91.07,91.58,65481.62
1780776000000,91.58,91.87,91.31,91.67,42111.86
1780779600000,91.67,92.21,91.62,91.82,55101.73
1780783200000,91.82,91.97,91.52,91.77,31308.55
1780786800000,91.78,92.03,91.68,91.94,31390.07
1780790400000,91.95,92.14,91.84,91.96,20546.61
1780794000000,91.96,92.1,91.85,91.95,18512.53
1780797600000,91.94,91.95,91.47,91.69,35080.34
1780801200000,91.69,91.83,91.52,91.7,28796.75
1780804800000,91.71,91.9,91.49,91.56,23547.94
1780808400000,91.57,91.7,91.32,91.55,27161.78
1780812000000,91.56,91.67,91.41,91.46,18944.59
1780815600000,91.46,91.47,90.71,90.95,89370.27
1780819200000,90.95,91.14,90.54,91.14,56863.18
1780822800000,91.13,91.26,90.83,90.99,37406.31
1780826400000,90.98,91.25,90.94,91.16,20982.34
1780830000000,91.15,91.36,91.13,91.2,19707.96
1780833600000,91.19,91.84,91.17,91.74,80941.77
1780837200000,91.75,92.36,91.29,91.64,198067.18
1780840800000,91.64,91.96,91.3,91.95,93673.66
1780844400000,91.95,91.98,91.71,91.94,95454.21
1780848000000,91.95,92.15,91.94,92.13,54006.16
1780851600000,92.12,92.15,92.1,92.14,12656.84
1780855200000,92.13,92.83,92.12,92.53,125824.78
1780858800000,92.53,94.28,92.11,92.95,953793.45
1780862400000,92.95,93.37,91.45,92.13,357327.76
1780866000000,92.14,93.53,91.76,92.46,225640.85
1780869600000,92.46,93.25,91.94,92.28,620684.92
1780873200000,92.29,92.36,91.77,92.23,142079.94
1780876800000,92.24,92.27,91.66,91.77,229720.18
1780880400000,91.77,94.38,91.56,92.65,1666276.18
1780884000000,92.65,93.72,92.55,93.11,428312.44
1780887600000,93.11,93.49,92.85,93.08,213700.04
1780891200000,93.07,93.94,92.97,93.79,342380.21
1780894800000,93.79,94.16,93.42,93.79,339463.63
1780898400000,93.79,94.14,93.26,93.93,380042.04
1780902000000,93.93,94.2,93.35,93.95,356181.26
1780905600000,93.94,94.5,93.53,93.97,445585.01
1780909200000,93.96,94.18,93.53,93.93,339177.14
1780912800000,93.93,94.72,92.74,93.09,422409.47
1780916400000,93.09,93.38,90.44,90.65,1107053.44
1780920000000,90.65,91.56,90.45,91.29,649103.49
1780923600000,91.3,91.47,89.87,90.48,503147.44
1780927200000,90.48,91.55,90.41,91.11,355046.65
1780930800000,91.12,91.73,90.78,91.02,305730.35
1780934400000,91.01,91.1,90.37,90.76,437950.66
1780938000000,90.76,90.79,90.21,90.54,262126.14
1780941600000,90.55,90.82,90.3,90.52,161178.84
1780945200000,90.52,90.85,90.38,90.57,75042.01
1780948800000,90.59,90.8,90.34,90.51,104929.54
1780952400000,90.51,91.17,90.5,90.77,71377.12
1780956000000,90.76,90.77,90.47,90.59,98831.49
1780959600000,90.6,90.64,90.46,90.54,67290.06
1780963200000,90.54,90.63,89.93,90.24,199676.06
1780966800000,90.24,90.33,89.8,90.14,165320.05
1780970400000,90.14,90.2,89.66,89.88,151004.11
1780974000000,89.89,89.97,89.17,89.45,208335.61
1780977600000,89.45,89.68,89.31,89.59,119609.67
1780981200000,89.58,89.66,89.09,89.37,204720.49
1780984800000,89.36,89.38,88.76,89.15,276802.86
1780988400000,89.14,89.33,88.64,88.94,271092.15
1780992000000,88.95,89.12,88.02,88.46,480620.49
1780995600000,88.46,88.57,88.0,88.38,152375.43
1780999200000,88.38,88.69,87.94,88.2,204418.98
1781002800000,88.2,88.99,88.18,88.76,186280.57
1781006400000,88.77,88.88,88.12,88.29,253882.94
1781010000000,88.28,88.72,86.68,87.12,594991.2
1781013600000,87.13,87.5,86.65,87.05,466066.05
1781017200000,87.04,87.16,85.94,85.97,422020.01
1781020800000,85.97,88.65,85.27,87.12,1970309.6
1781024400000,87.13,87.68,86.39,87.34,649475.16
1781028000000,87.34,87.82,87.13,87.23,107733.44
1781031600000,87.24,87.79,87.09,87.45,96793.78
1781035200000,87.45,87.81,87.33,87.74,106574.14
1781038800000,87.74,88.45,87.52,88.22,193969.25
1781042400000,88.22,88.81,87.73,88.17,309311.82
1781046000000,88.17,88.4,87.92,88.26,84649.11
1781049600000,88.26,88.93,87.75,87.85,268806.52
1781053200000,87.84,88.37,87.34,88.28,291462.29
1781056800000,88.28,88.4,87.75,87.94,187551.23
1781060400000,87.94,88.15,87.59,87.64,145393.13
1781064000000,87.64,87.93,87.59,87.66,104443.15
1781067600000,87.66,87.75,86.85,87.07,306085.83
1781071200000,87.07,87.25,86.58,87.2,215297.12
1781074800000,87.2,87.62,86.65,87.07,219195.76
1781078400000,87.06,87.82,86.41,86.69,269906.24
1781082000000,86.69,87.4,86.41,86.84,216486.56
1781085600000,86.84,87.38,86.66,86.93,172104.42
1781089200000,86.92,89.25,86.69,88.83,1475904.01
1781092800000,88.83,88.89,87.57,87.93,582471.37
1781096400000,87.92,88.71,87.77,88.6,317274.0
1781100000000,88.59,89.14,88.28,89.03,312709.53
1781103600000,89.03,90.19,88.23,89.46,762026.59
1781107200000,89.45,90.04,89.3,89.8,245614.9
1781110800000,89.8,90.53,89.61,89.65,210065.86
1781114400000,89.65,89.66,88.55,88.95,255490.21
1781118000000,88.94,89.32,88.9,89.1,169735.27
1781121600000,89.09,90.37,88.87,90.33,274938.73
1781125200000,90.32,90.76,90.01,90.65,203797.07
1781128800000,90.65,91.74,90.36,91.71,664912.85
1781132400000,91.7,91.98,90.16,90.81,1592303.85
1781136000000,90.81,91.06,90.25,90.68,537151.52
1781139600000,90.67,90.75,89.61,90.06,662658.47
1781143200000,90.06,90.35,89.81,89.96,181116.45
1781146800000,89.96,90.5,89.94,90.21,116982.79
1781150400000,90.21,90.32,89.37,89.53,166454.67
1781154000000,89.52,89.59,88.8,89.13,388499.03
1781157600000,89.13,89.45,88.87,88.93,219240.22
1781161200000,88.93,89.0,87.97,88.35,461309.65
1781164800000,88.35,88.41,87.33,87.74,358132.77
1781168400000,87.73,88.35,87.63,87.87,285990.92
1781172000000,87.87,88.06,87.35,87.57,202668.04
1781175600000,87.56,87.98,87.23,87.71,287116.28
1781179200000,87.71,89.82,87.52,88.61,1511393.2
1781182800000,88.61,89.24,87.67,87.94,405719.55
1781186400000,87.94,88.9,87.93,88.57,196626.57
1781190000000,88.57,89.63,88.48,89.32,426472.41
1781193600000,89.31,89.81,89.09,89.29,235193.63
1781197200000,89.29,89.32,85.15,85.99,1791491.84
1781200800000,86.0,86.87,85.73,86.39,737396.64
1781204400000,86.4,86.46,84.48,85.15,1071215.37
1781208000000,85.15,85.21,84.32,85.07,458883.32
1781211600000,85.06,85.61,85.05,85.35,159104.89
1781215200000,85.35,85.35,83.73,84.55,497538.0
1781218800000,84.55,84.83,84.31,84.69,162365.88
1781222400000,84.69,85.32,84.67,85.22,190789.98
1781226000000,85.22,85.49,85.1,85.32,203146.48
1781229600000,85.32,85.43,85.04,85.29,102780.72
1781233200000,85.28,85.53,84.78,84.79,182411.6
1781236800000,84.79,84.89,84.61,84.63,118537.83
1781240400000,84.64,84.66,84.19,84.59,256481.41
1781244000000,84.58,84.66,84.2,84.54,174750.0
1781247600000,84.54,84.77,83.33,83.62,390806.31
1781251200000,83.62,83.66,81.74,82.39,1056855.2
1781254800000,82.4,82.72,82.05,82.66,220506.67
1781258400000,82.67,83.78,82.51,83.13,529605.68
1781262000000,83.13,83.64,82.58,83.38,353754.8
1781265600000,83.37,84.1,83.24,83.58,563682.3
1781269200000,83.57,85.46,83.44,85.41,1076438.34
1781272800000,85.41,85.65,83.28,83.49,1134098.99
1781276400000,83.49,83.56,82.67,82.98,500593.25
1781280000000,82.99,83.51,82.69,83.37,346469.77
1781283600000,83.36,83.53,82.99,83.39,170239.6
1781287200000,83.39,83.54,82.83,82.96,95833.55
1781290800000,82.96,83.18,82.81,82.85,171651.09
1781294400000,82.85,83.04,82.8,82.91,56163.26
1781298000000,82.91,83.27,82.89,82.95,41824.85
1781301600000,82.95,83.07,80.63,82.26,424455.07
1781305200000,82.26,82.46,82.05,82.19,85053.61
1781308800000,82.19,82.55,81.51,82.38,110566.44
1781312400000,82.38,82.72,82.1,82.49,66581.12
1781316000000,82.49,82.65,81.92,82.31,76115.2
1781319600000,82.32,82.33,81.85,82.03,59038.84
1781323200000,82.03,82.38,81.88,82.18,42415.45
1781326800000,82.19,82.27,81.89,81.95,38980.53
1781330400000,81.95,82.04,81.41,81.8,86675.14
1781334000000,81.8,82.1,81.62,81.83,76546.45
1781337600000,81.83,81.93,81.75,81.86,31051.16
1781341200000,81.87,82.0,81.7,81.75,30822.32
1781344800000,81.75,81.95,81.62,81.8,38855.65
1781348400000,81.8,81.83,81.31,81.45,57828.39
1781352000000,81.46,81.55,80.86,81.29,101603.75
1781355600000,81.3,81.62,81.04,81.48,89301.5
1781359200000,81.48,81.69,80.89,81.24,164408.5
1781362800000,81.23,81.29,81.11,81.24,49688.23
1781366400000,81.25,81.65,80.5,81.2,279950.76
1781370000000,81.21,81.41,80.66,80.66,114386.15
1781373600000,80.67,80.94,80.43,80.8,81926.19
1781377200000,80.8,81.21,80.67,81.0,37755.98
1781380800000,81.01,81.28,80.96,81.12,40437.41
1781384400000,81.13,81.45,81.01,81.27,48822.6
1781388000000,81.27,81.4,81.19,81.2,34045.91
1781391600000,81.21,81.35,81.08,81.17,23265.14
1781395200000,81.16,81.28,81.15,81.15,25665.75
1781398800000,81.15,81.26,81.01,81.23,23476.51
1781402400000,81.23,81.25,81.11,81.23,14707.56
1781406000000,81.23,81.26,81.05,81.12,31957.95
1781409600000,81.11,81.16,81.04,81.13,21871.14
1781413200000,81.13,81.19,81.08,81.14,13087.48
1781416800000,81.14,81.17,80.87,81.07,32663.68
1781420400000,81.08,81.09,80.22,80.51,176007.35
1781424000000,80.51,80.77,80.31,80.69,106006.54
1781427600000,80.68,81.01,80.47,80.72,135429.19
1781431200000,80.73,81.12,80.54,81.09,178937.24
1781434800000,81.1,81.15,80.85,80.92,63458.35
1781438400000,80.92,81.67,80.8,81.66,223809.58
1781442000000,81.66,81.85,81.2,81.71,193613.02
1781445600000,81.72,82.55,80.68,81.12,449317.67
1781449200000,81.11,81.8,81.08,81.7,132615.44
1781452800000,81.69,81.91,80.87,81.17,187683.75
1781456400000,81.16,81.43,80.94,81.18,70952.09
1781460000000,81.19,82.24,81.19,82.11,133178.82
1781463600000,82.11,82.39,81.53,81.54,114040.54
1781467200000,81.53,81.76,80.72,81.16,151837.74
1781470800000,81.17,81.29,77.0,78.08,1348743.41
1781474400000,78.07,80.73,77.93,80.05,1027706.71
1781478000000,80.06,80.12,79.58,79.78,204400.0
1781481600000,79.78,79.98,79.19,79.69,224364.17
1781485200000,79.69,79.96,79.29,79.7,157572.04
1781488800000,79.69,79.69,78.82,78.94,159207.84
1781492400000,78.93,79.37,78.83,79.22,163311.95
1781496000000,79.21,79.36,79.13,79.17,59236.83
1781499600000,79.18,79.69,79.15,79.5,127706.11
1781503200000,79.5,79.81,79.15,79.21,183819.48
1781506800000,79.22,79.37,78.48,79.11,286769.48
1781510400000,79.11,79.43,78.79,79.0,228911.36
1781514000000,79.01,79.15,78.6,78.9,213064.31
1781517600000,78.91,79.37,78.68,79.26,275521.99
1781521200000,79.27,79.29,78.86,79.19,133869.52
1781524800000,79.19,79.35,78.83,79.04,199419.27
1781528400000,79.05,79.33,78.92,78.97,150551.21
1781532000000,78.96,79.15,78.57,79.12,202921.59
1781535600000,79.13,79.43,78.83,78.91,234476.47
1781539200000,78.91,79.23,78.78,79.22,151740.88
1781542800000,79.22,79.45,79.01,79.28,190582.23
1781546400000,79.28,79.73,79.09,79.62,201805.74
1781550000000,79.62,80.14,79.61,79.97,129293.74
1781553600000,79.97,80.23,79.76,79.79,130978.88
1781557200000,79.79,79.95,79.56,79.81,52510.87
1781560800000,79.81,80.18,79.61,80.12,189397.95
1781564400000,80.12,80.18,79.95,80.15,115799.56
1781568000000,80.15,80.15,79.86,79.99,85352.55
1781571600000,79.99,80.06,79.53,79.62,143532.12
1781575200000,79.62,79.74,79.33,79.46,120999.46
1781578800000,79.46,79.51,79.33,79.45,64210.87
1781582400000,79.45,79.57,79.32,79.36,79280.79
1781586000000,79.36,79.37,79.04,79.26,112113.29
1781589600000,79.27,79.51,79.12,79.27,108887.6
1781593200000,79.27,79.28,78.16,78.21,360064.71
1781596800000,78.22,78.4,77.3,77.53,505971.7
1781600400000,77.54,78.16,77.54,77.82,167536.51
1781604000000,77.83,77.85,77.18,77.35,206380.83
1781607600000,77.35,77.54,77.14,77.36,182107.5
1781611200000,77.37,77.4,76.05,76.48,717308.59
1781614800000,76.48,77.25,76.44,76.95,420678.69
1781618400000,76.95,77.05,76.18,76.38,448956.54
1781622000000,76.39,76.57,74.97,75.27,654996.68
1781625600000,75.27,75.46,74.77,75.07,393366.75
1781629200000,75.07,75.39,74.88,75.15,165122.5
1781632800000,75.16,75.78,75.0,75.71,140797.41
1781636400000,75.71,76.43,75.71,76.14,496921.5
1781640000000,76.15,76.19,75.77,75.9,124141.29
1781643600000,75.89,75.97,75.61,75.83,70291.95
1781647200000,75.83,76.11,75.56,76.0,90021.5
1781650800000,76.0,76.04,75.79,75.91,39543.47
1781654400000,75.91,75.97,75.68,75.92,59336.67
1781658000000,75.92,75.95,75.41,75.49,119792.37
1781661600000,75.49,75.56,75.29,75.4,146821.17
1781665200000,75.41,75.41,74.77,74.87,142864.53
1781668800000,74.87,75.24,74.83,74.97,104299.72
1781672400000,74.96,76.04,74.3,75.51,819701.45
1781676000000,75.51,75.65,74.54,74.86,479191.81
1781679600000,74.85,75.15,74.12,75.06,642816.88
1781683200000,75.06,75.81,74.87,75.41,461680.74
1781686800000,75.41,75.66,74.86,75.36,293639.11
1781690400000,75.36,75.88,75.15,75.77,314008.11
1781694000000,75.76,76.32,75.62,76.06,351808.89
1781697600000,76.06,76.14,75.69,75.88,157550.94
1781701200000,75.88,76.53,75.81,76.37,224354.24
1781704800000,76.38,79.02,76.15,77.04,2228920.45
1781708400000,77.03,77.23,75.76,75.86,703235.41
1781712000000,75.87,76.26,75.59,75.65,329439.87
1781715600000,75.66,76.33,75.4,75.66,270897.27
1781719200000,75.66,76.28,75.55,75.76,402109.64
1781722800000,75.77,75.89,75.26,75.35,328309.89
1781726400000,75.34,75.41,74.87,75.02,211265.16
1781730000000,75.02,75.33,74.9,75.08,104305.3
1781733600000,75.07,75.76,74.93,75.39,237522.46
1781737200000,75.39,75.46,75.17,75.36,60189.43
1781740800000,75.35,75.39,75.0,75.35,177212.64
1781744400000,75.34,75.47,74.65,74.84,223266.66
1781748000000,74.85,75.07,74.59,74.86,127299.06
1781751600000,74.85,74.88,74.55,74.57,65467.1
1781755200000,74.57,74.62,74.07,74.18,247713.0
1781758800000,74.17,74.3,73.77,74.08,335788.26
1781762400000,74.09,74.37,73.46,74.24,357370.97
1781766000000,74.24,74.75,74.02,74.39,285889.58
1781769600000,74.38,74.55,73.87,74.04,210211.93
1781773200000,74.03,74.33,73.75,73.8,265821.53
1781776800000,73.81,75.08,73.78,74.64,327397.72
1781780400000,74.64,74.98,74.41,74.78,230860.43
1781784000000,74.78,74.85,74.34,74.51,228412.99
1781787600000,74.51,74.63,73.1,73.26,704118.87
1781791200000,73.26,73.6,72.97,73.36,325080.0
1781794800000,73.35,74.01,72.88,73.95,349921.47
1781798400000,73.95,74.49,73.67,74.34,281510.69
1781802000000,74.33,74.7,74.1,74.59,167642.63
1781805600000,74.6,76.05,74.6,75.64,692581.42
1781809200000,75.64,75.82,75.43,75.72,235159.07
1781812800000,75.71,75.88,75.29,75.49,169215.05
1781816400000,75.49,75.49,75.08,75.32,84156.66
1781820000000,75.32,75.67,75.26,75.38,134242.26
1781823600000,75.38,75.43,75.11,75.4,67036.96
1781827200000,75.4,75.41,74.97,75.07,194175.86
1781830800000,75.06,75.74,74.98,75.69,251386.84
1781834400000,75.69,75.87,75.52,75.63,130887.83
1781838000000,75.63,75.78,75.21,75.28,140112.59
1781841600000,75.28,75.97,75.22,75.69,220152.67
1781845200000,75.69,76.51,75.67,76.22,377783.65
1781848800000,76.23,76.78,76.08,76.19,270709.02
1781852400000,76.19,76.62,75.96,76.28,182526.58
1781856000000,76.29,76.53,75.52,75.86,408044.41
1781859600000,75.86,75.91,75.39,75.63,233083.56
1781863200000,75.64,76.27,75.62,75.89,417465.12
1781866800000,75.89,76.52,75.76,76.04,311367.16
1781870400000,76.04,76.76,75.22,75.3,725168.02
1781874000000,75.3,76.03,75.06,76.0,753394.01
1781877600000,76.0,76.25,75.9,76.2,255531.95
1781881200000,76.2,76.69,76.13,76.53,266228.53
1781884800000,76.53,76.82,76.45,76.55,156937.51
1781888400000,76.54,76.59,76.11,76.41,109043.51
1781892000000,76.41,76.51,76.31,76.39,42521.71
1781895600000,76.39,76.51,76.19,76.21,39382.82
1781899200000,76.21,76.58,76.15,76.49,57811.35
1781902800000,76.5,77.96,76.44,77.81,220230.2
1781906400000,77.82,77.86,76.99,77.12,157581.29
1781910000000,77.12,77.25,76.61,76.94,110303.17
1781913600000,76.93,77.26,76.43,76.67,106421.74
1781917200000,76.66,76.85,76.42,76.81,46311.19
1781920800000,76.81,77.22,76.75,76.98,69047.56
1781924400000,76.98,77.18,76.91,77.03,47235.23
1781928000000,77.03,77.04,76.74,76.83,45994.98
1781931600000,76.83,77.41,76.77,77.34,145577.43
1781935200000,77.34,77.54,77.24,77.45,112852.97
1781938800000,77.46,77.62,77.23,77.36,121987.91
1781942400000,77.37,77.45,77.25,77.33,40875.19
1781946000000,77.34,77.87,77.15,77.41,94206.68
1781949600000,77.4,77.51,77.23,77.33,36964.64
1781953200000,77.34,77.34,76.83,77.01,125040.1
1781956800000,77.01,77.11,76.87,76.88,42320.98
1781960400000,76.89,78.85,76.87,78.19,738273.15
1781964000000,78.19,78.77,77.02,77.29,509186.24
1781967600000,77.28,78.06,77.13,77.62,185339.06
1781971200000,77.62,77.91,77.5,77.88,101654.56
1781974800000,77.87,77.98,77.66,77.73,71153.56
1781978400000,77.72,77.98,77.68,77.73,50142.59
1781982000000,77.73,77.88,77.32,77.5,89098.71
1781985600000,77.5,77.55,77.33,77.5,48717.21
1781989200000,77.5,78.06,77.48,77.82,52683.01
1781992800000,77.81,77.92,77.67,77.78,36037.39
1781996400000,77.78,77.91,77.67,77.7,20606.65
1782000000000,77.7,78.04,77.67,78.04,29346.4
1782003600000,78.05,78.07,77.76,77.83,41766.47
1782007200000,77.83,77.9,77.71,77.76,22796.22
1782010800000,77.76,77.86,77.74,77.85,14299.12
1782014400000,77.85,78.02,77.84,77.93,24334.92
1782018000000,77.93,78.04,77.83,77.89,33284.07
1782021600000,77.89,77.93,77.67,77.75,69406.17
1782025200000,77.75,77.76,77.38,77.52,87839.69
1782028800000,77.52,77.74,77.42,77.71,56533.84
1782032400000,77.71,77.78,77.56,77.62,36209.56
1782036000000,77.63,77.72,77.44,77.56,34738.22
1782039600000,77.56,79.77,77.15,78.88,409277.3
1782043200000,78.88,78.92,77.63,77.91,222617.79
1782046800000,77.9,78.34,77.25,77.92,262533.66
1782050400000,77.92,78.24,77.8,78.14,91025.64
1782054000000,78.14,78.23,78.04,78.15,56748.01
1782057600000,78.16,78.76,77.85,78.73,174972.3
1782061200000,78.74,78.79,78.3,78.64,97812.06
1782064800000,78.64,79.28,78.64,79.26,93020.56
1782068400000,79.26,79.38,78.76,78.83,63658.86
1782072000000,78.84,78.98,78.22,78.34,67080.66
1782075600000,78.34,79.98,78.11,79.66,342229.79
1782079200000,79.66,79.73,77.32,77.57,1571645.94
1782082800000,77.58,77.93,77.54,77.73,223092.85
1782086400000,77.74,77.89,76.95,77.05,237716.38
1782090000000,77.05,77.06,75.5,75.82,693401.53
1782093600000,75.81,75.82,74.98,75.41,334854.94
1782097200000,75.4,75.93,75.37,75.7,170808.07
1782100800000,75.7,75.77,75.41,75.43,141852.85
1782104400000,75.43,75.46,75.05,75.35,158287.85
1782108000000,75.35,75.5,74.91,75.34,214646.75
1782111600000,75.33,76.03,75.25,75.64,162982.9
1782115200000,75.63,76.2,75.15,75.28,289023.71
1782118800000,75.28,75.5,75.15,75.37,148619.81
1782122400000,75.37,75.49,75.22,75.36,103239.34
1782126000000,75.36,75.49,74.64,75.04,377291.73
1782129600000,75.03,75.13,74.5,74.57,388508.59
1782133200000,74.58,75.12,73.53,73.82,975301.99
1782136800000,73.83,74.37,73.58,74.05,358335.99
1782140400000,74.06,74.08,73.33,73.49,506017.57
1782144000000,73.49,73.92,73.44,73.63,255768.5
1782147600000,73.63,73.79,73.31,73.35,290136.23
1782151200000,73.35,74.07,73.35,74.03,212919.89
1782154800000,74.03,74.36,74.02,74.31,97361.28
1782158400000,74.31,74.32,73.99,74.08,118094.28
1782162000000,74.07,74.31,73.95,74.14,46329.29
1782165600000,74.14,74.47,74.06,74.34,83522.3
1782169200000,74.34,74.35,74.11,74.18,35617.92
1782172800000,74.19,74.29,74.02,74.22,72273.61
1782176400000,74.22,74.28,73.82,73.95,112432.76
1782180000000,73.94,74.33,73.78,73.93,94568.27
1782183600000,73.93,73.96,73.63,73.71,147665.23
1782187200000,73.71,73.86,73.66,73.82,51974.94
1782190800000,73.82,73.86,73.13,73.19,379710.34
1782194400000,73.19,73.27,72.58,72.96,577441.93
1782198000000,72.97,73.27,72.57,73.23,275320.74
1782201600000,73.23,73.87,73.23,73.47,220511.43
1782205200000,73.47,73.71,73.19,73.55,146162.52
1782208800000,73.56,74.0,73.42,73.96,138764.87
1782212400000,73.95,74.12,73.64,73.9,250618.78
1782216000000,73.9,73.93,73.27,73.66,204689.06
1782219600000,73.67,73.79,72.92,73.03,278690.08
1782223200000,73.03,73.43,72.62,73.23,418091.55
1782226800000,73.22,73.53,72.8,73.08,152272.79
1782230400000,73.08,73.34,72.9,73.04,122755.37
1782234000000,73.04,73.36,73.04,73.11,97130.98
1782237600000,73.11,73.47,73.1,73.4,87717.78
1782241200000,73.39,73.46,73.28,73.35,40963.35
1782244800000,73.35,73.55,73.08,73.09,45612.39
1782248400000,73.08,73.26,73.08,73.25,23743.04
1782252000000,73.24,73.24,72.96,73.02,30176.07
1782255600000,73.02,73.05,72.72,72.77,58459.47
1782259200000,72.78,73.03,72.76,72.89,61435.15
1782262800000,72.88,73.11,72.42,72.74,322838.01
1782266400000,72.74,72.97,72.23,72.26,198248.36
1782270000000,72.26,72.53,72.13,72.47,150608.66
1782273600000,72.47,72.8,72.46,72.71,58823.4
1782277200000,72.72,72.82,72.47,72.54,84112.89
1782280800000,72.54,73.19,72.53,72.68,167824.46
1782284400000,72.67,72.69,72.03,72.05,274712.93
1782288000000,72.04,72.18,71.75,72.13,365522.02
1782291600000,72.13,72.19,71.62,72.04,243144.08
1782295200000,72.05,72.33,71.78,71.91,164139.67
1782298800000,71.91,71.96,70.96,71.02,498317.28
1782302400000,71.02,71.25,70.93,71.07,287880.55
1782306000000,71.06,71.08,69.78,69.87,776304.6
1782309600000,69.87,70.41,69.74,69.94,394356.3
1782313200000,69.94,70.6,69.76,70.52,293415.93
1782316800000,70.52,70.98,70.34,70.58,279286.05
1782320400000,70.58,70.68,70.16,70.54,386489.79
1782324000000,70.53,70.57,69.97,69.99,221361.98
1782327600000,70.0,70.17,69.94,70.09,87150.5
1782331200000,70.08,70.08,69.81,69.95,84617.53
1782334800000,69.95,70.16,69.95,70.06,48102.33
1782338400000,70.06,70.09,69.78,69.94,100382.76
1782342000000,69.94,70.07,69.92,70.06,36589.86
1782345600000,70.06,70.26,69.97,70.03,94761.36
1782349200000,70.03,70.1,69.2,69.41,343318.43
1782352800000,69.41,69.55,69.14,69.41,192095.99
1782356400000,69.42,69.46,69.11,69.39,155388.0
1782360000000,69.4,69.61,69.34,69.55,86452.11
1782363600000,69.55,69.65,69.28,69.44,141977.43
1782367200000,69.44,69.85,69.31,69.64,186167.12
1782370800000,69.63,70.1,69.47,70.02,209068.64
1782374400000,70.02,70.1,69.14,69.28,271228.67
1782378000000,69.29,69.7,68.96,69.63,225911.88
1782381600000,69.62,69.72,69.44,69.48,111028.36
1782385200000,69.48,70.02,69.35,69.87,155849.5
1782388800000,69.86,70.03,69.4,69.6,219216.59
1782392400000,69.6,70.51,69.52,70.5,498961.06
1782396000000,70.49,71.07,70.42,70.86,454992.52
1782399600000,70.85,71.82,70.82,71.5,377484.49
1782403200000,71.51,71.72,71.5,71.61,146664.74
1782406800000,71.62,71.85,71.36,71.83,183894.28
1782410400000,71.84,72.26,71.78,72.19,279394.34
1782414000000,72.2,72.55,71.95,72.09,183208.52
1782417600000,72.09,72.24,71.32,71.49,259011.67
1782421200000,71.49,71.58,71.21,71.52,58404.44
1782424800000,71.52,71.61,71.33,71.57,95181.55
1782428400000,71.57,71.62,71.49,71.58,42509.82
1782432000000,71.57,71.91,71.47,71.86,140419.86
1782435600000,71.87,71.9,71.26,71.29,173561.68
1782439200000,71.3,71.34,70.84,70.86,214874.0
1782442800000,70.86,70.87,70.55,70.66,168942.17
1782446400000,70.66,70.72,70.45,70.48,73684.14
1782450000000,70.47,71.03,70.41,70.96,363340.55
1782453600000,70.96,70.99,70.39,70.55,282214.96
1782457200000,70.54,70.59,69.88,69.93,208624.22
1782460800000,69.93,70.23,69.08,69.38,431938.91
1782464400000,69.38,69.58,69.09,69.15,248029.88
1782468000000,69.15,69.65,69.05,69.58,190679.23
1782471600000,69.58,70.4,69.57,70.14,247112.2
1782475200000,70.15,70.18,69.41,69.44,300665.85
1782478800000,69.43,70.58,69.24,69.45,870999.34
1782482400000,69.46,69.57,68.86,69.31,443081.51
1782486000000,69.32,69.61,68.63,69.17,993210.85
1782489600000,69.17,69.41,68.91,69.37,356392.53
1782493200000,69.38,69.57,69.11,69.33,251738.36
1782496800000,69.33,69.42,69.1,69.17,163524.27
1782500400000,69.17,69.65,69.08,69.57,146739.07
1782504000000,69.56,70.44,69.42,70.31,881124.62
1782507600000,70.31,70.76,70.31,70.48,233212.18
1782511200000,70.48,70.5,69.9,70.16,143165.26
1782514800000,70.16,70.52,70.15,70.5,111074.85
1782518400000,70.51,70.74,70.34,70.59,97395.31
1782522000000,70.59,70.61,70.26,70.27,52199.67
1782525600000,70.28,70.28,69.63,70.22,157396.01
1782529200000,70.23,70.45,70.18,70.44,46316.07
1782532800000,70.44,70.51,70.07,70.09,66340.71
1782536400000,70.09,70.22,69.99,70.06,75640.46
1782540000000,70.06,70.19,69.91,70.18,78346.43
1782543600000,70.18,70.41,70.16,70.35,56473.69
1782547200000,70.36,70.46,70.27,70.35,40483.04
1782550800000,70.35,70.58,70.29,70.52,71346.78
1782554400000,70.51,70.66,70.49,70.57,42942.92
1782558000000,70.58,70.74,70.55,70.68,34008.24
1782561600000,70.69,71.04,70.68,70.69,87643.38
1782565200000,70.69,71.06,70.65,70.98,59430.16
1782568800000,70.98,71.06,70.73,70.82,55745.25
1782572400000,70.82,70.87,70.35,70.6,85209.4
1782576000000,70.59,70.98,70.59,70.82,121807.16
1782579600000,70.82,70.91,70.6,70.61,122790.25
1782583200000,70.6,70.76,70.48,70.55,39318.89
1782586800000,70.56,70.82,70.52,70.77,15951.82
1782590400000,70.77,70.92,70.64,70.72,33225.21
1782594000000,70.71,71.2,70.41,71.13,79202.75
1782597600000,71.13,71.45,70.95,71.01,102639.01
1782601200000,71.01,71.72,70.78,71.53,310881.33
1782604800000,71.54,72.18,71.51,72.12,181650.55
1782608400000,72.13,72.58,71.98,72.43,338309.28
1782612000000,72.42,72.55,72.12,72.27,106389.73
1782615600000,72.26,72.33,70.09,71.48,507404.84
1782619200000,71.48,71.55,70.7,71.37,209257.85
1782622800000,71.37,71.63,71.11,71.14,158489.24
1782626400000,71.14,71.69,71.08,71.68,106899.21
1782630000000,71.68,71.83,71.55,71.6,121199.32
1782633600000,71.59,71.64,70.88,71.21,157342.86
1782637200000,71.2,71.28,71.04,71.19,137279.39
1782640800000,71.18,71.19,71.0,71.15,79509.49
1782644400000,71.15,71.48,71.11,71.47,92536.17
1782648000000,71.48,71.58,71.31,71.4,55825.37
1782651600000,71.4,71.66,71.33,71.47,86228.49
1782655200000,71.48,71.86,71.43,71.71,98941.01
1782658800000,71.72,71.79,71.55,71.74,153614.0
1782662400000,71.73,72.4,71.71,72.23,282132.2
1782666000000,72.24,72.25,71.37,71.46,218791.04
1782669600000,71.45,71.83,71.29,71.77,140123.46
1782673200000,71.78,71.98,71.57,71.86,84988.42
1782676800000,71.87,72.12,70.28,70.55,615936.2
1782680400000,70.54,70.94,70.09,70.77,227441.13
1782684000000,70.76,70.84,69.83,70.09,475677.09
1782687600000,70.09,70.15,69.71,69.84,185378.64
1782691200000,69.84,70.13,69.37,69.91,293427.43
1782694800000,69.9,70.32,69.83,70.07,174110.61
1782698400000,70.06,70.17,69.81,69.98,128414.86
1782702000000,69.98,70.15,69.94,70.1,116988.91
1782705600000,70.1,70.18,70.0,70.01,47577.42
1782709200000,70.01,70.03,69.52,69.57,196376.17
1782712800000,69.56,70.32,69.54,70.0,226111.25
1782716400000,70.0,70.07,69.57,69.59,146024.07
1782720000000,69.59,70.32,69.57,70.18,208842.98
1782723600000,70.18,70.77,69.97,70.65,183494.37
1782727200000,70.65,70.65,69.87,69.92,175852.48
1782730800000,69.93,70.14,69.69,69.99,355043.32
1782734400000,69.99,70.21,69.75,70.08,211373.09
1782738000000,70.08,70.34,69.94,70.12,176932.62
1782741600000,70.13,70.63,70.02,70.53,233585.98
1782745200000,70.53,70.74,70.32,70.66,137704.89
1782748800000,70.66,71.08,70.61,70.85,219160.76
1782752400000,70.84,71.19,70.72,70.93,199929.56
1782756000000,70.94,71.04,70.48,70.51,150336.72
1782759600000,70.5,70.6,70.41,70.58,67153.11
1782763200000,70.57,70.65,70.47,70.48,36089.71
1782766800000,70.48,70.63,70.43,70.49,44687.51
1782770400000,70.49,70.55,70.29,70.31,46252.5
1782774000000,70.32,70.35,70.17,70.18,53873.07
1782777600000,70.17,70.48,70.17,70.38,80248.02
1782781200000,70.38,70.49,70.19,70.4,85515.9
1782784800000,70.41,70.89,70.35,70.71,99089.49
1782788400000,70.72,70.76,70.37,70.42,81116.84
1782792000000,70.42,70.54,70.29,70.3,50860.03
1782795600000,70.29,70.43,70.0,70.15,94204.68
1782799200000,70.15,70.26,69.82,70.18,151243.22
1782802800000,70.18,70.47,70.15,70.32,120159.01
1782806400000,70.32,70.91,70.2,70.58,280518.56
1782810000000,70.59,71.1,70.54,71.07,172100.64
1782813600000,71.06,71.21,70.61,70.77,154442.47
1782817200000,70.77,71.24,70.6,71.18,153349.24
1782820800000,71.19,71.58,70.89,71.02,206099.76
1782824400000,71.02,71.58,70.77,70.96,307943.53
1782828000000,70.96,71.02,70.41,70.5,257027.14
1782831600000,70.5,70.51,69.81,69.86,381383.81
1782835200000,69.86,70.22,69.82,69.86,323657.91
1782838800000,69.86,69.94,69.63,69.74,184959.15
1782842400000,69.74,70.06,69.31,70.02,254729.49
1782846000000,70.02,70.2,69.94,70.13,93711.96
1782849600000,70.12,70.2,70.04,70.1,60341.48
1782853200000,70.09,70.29,70.08,70.22,42591.42
1782856800000,70.22,70.22,69.94,70.05,63033.11
1782860400000,70.04,70.18,69.98,70.16,35018.37
1782864000000,70.16,70.23,70.02,70.16,50342.6
1782867600000,70.17,70.19,69.7,69.83,142079.42
1782871200000,69.83,69.95,69.73,69.85,93034.01
1782874800000,69.84,69.93,69.82,69.89,45377.75
1782878400000,69.88,69.93,69.75,69.8,56054.42
1782882000000,69.79,69.92,69.64,69.67,69552.66
1782885600000,69.67,69.75,69.47,69.63,181345.2
1782889200000,69.63,69.76,69.2,69.43,187855.24
1782892800000,69.43,69.51,68.31,68.39,507562.62
1782896400000,68.38,68.83,68.29,68.82,251824.46
1782900000000,68.83,69.06,68.66,68.89,218151.32
1782903600000,68.89,69.2,68.78,69.17,172396.0
1782907200000,69.17,69.2,68.69,68.81,269042.91
1782910800000,68.82,69.28,68.8,69.11,295783.29
1782914400000,69.1,69.14,68.23,68.26,342689.12
1782918000000,68.27,68.62,68.14,68.22,373770.96
1782921600000,68.22,68.51,68.11,68.34,182891.63
1782925200000,68.34,68.45,68.2,68.35,108870.87
1782928800000,68.35,68.75,68.33,68.36,122180.83
1782932400000,68.36,68.4,67.97,68.08,138668.38
1782936000000,68.08,68.22,68.03,68.16,59873.72
1782939600000,68.16,68.33,68.12,68.17,36124.27
1782943200000,68.17,68.22,68.01,68.09,56934.99
1782946800000,68.09,68.12,68.0,68.05,36865.82
1782950400000,68.05,68.17,67.76,67.94,166926.31
1782954000000,67.95,67.98,67.63,67.87,165678.22
1782957600000,67.87,68.03,67.72,67.79,101588.09
1782961200000,67.78,67.84,67.64,67.77,120307.13
1782964800000,67.77,67.96,67.77,67.92,61923.14
1782968400000,67.92,67.95,67.75,67.91,95199.66
1782972000000,67.92,68.04,67.52,67.59,247483.14
1782975600000,67.59,68.28,67.47,67.98,297565.55
1782979200000,67.98,68.29,67.85,67.92,249555.96
1782982800000,67.93,67.96,67.41,67.59,255201.32
1782986400000,67.59,67.75,67.5,67.52,127701.09
1782990000000,67.52,67.68,67.07,67.22,299136.51
1782993600000,67.21,67.71,67.15,67.61,221814.51
1782997200000,67.6,68.13,67.52,67.83,288765.11
1783000800000,67.82,67.89,67.58,67.79,212963.37
1783004400000,67.8,67.91,67.47,67.78,212230.76
1783008000000,67.78,68.31,67.73,68.16,233391.4
1783011600000,68.15,68.54,68.11,68.5,164676.03
1783015200000,68.5,68.84,68.38,68.48,148314.04
1783018800000,68.49,68.57,68.44,68.5,58610.01
1783022400000,68.51,68.55,68.46,68.53,40728.43
1783026000000,68.54,68.63,68.53,68.57,20192.69
1783029600000,68.57,68.58,68.5,68.51,68278.34
1783033200000,68.51,68.54,68.41,68.42,32676.93
1783036800000,68.41,68.58,68.37,68.5,63779.59
1783040400000,68.51,68.96,68.39,68.94,152339.46
1783044000000,68.94,69.17,68.87,68.94,108111.76
1783047600000,68.93,69.2,68.93,69.07,81018.88
1783051200000,69.08,69.13,69.01,69.05,58145.49
1783054800000,69.05,69.3,69.04,69.25,89178.06
1783058400000,69.26,69.31,68.94,68.99,103687.06
1783062000000,68.99,69.05,68.46,68.56,127259.44
1783065600000,68.57,68.84,68.19,68.84,314156.74
1783069200000,68.84,68.9,68.56,68.73,191561.73
1783072800000,68.73,68.79,68.47,68.68,138422.64
1783076400000,68.68,68.78,68.41,68.45,95693.32
1783080000000,68.45,68.48,68.14,68.32,377567.05
1783083600000,68.32,68.83,68.29,68.82,246240.44
1783087200000,68.82,69.0,68.63,68.68,199132.05
1783090800000,68.69,68.85,68.42,68.83,220495.34
1783094400000,68.83,68.87,68.64,68.83,194370.32
1783098000000,68.84,68.93,68.81,68.86,37905.36
1783101600000,68.86,68.95,68.86,68.91,17158.18
1783105200000,68.92,69.02,68.91,68.95,26406.43
1783108800000,68.96,68.98,68.59,68.59,62041.2
1783112400000,68.6,68.89,68.59,68.88,21895.94
1783116000000,68.88,68.94,68.77,68.8,36196.93
1783119600000,68.79,68.83,68.69,68.8,30984.92
1783123200000,68.81,68.91,68.8,68.91,19734.14
1783126800000,68.91,68.95,68.65,68.72,27560.55
1783130400000,68.73,68.77,68.64,68.66,19461.15
1783134000000,68.65,68.69,68.61,68.67,11485.67
1783137600000,68.67,68.69,68.47,68.52,25481.22
1783141200000,68.53,68.6,68.48,68.59,22296.2
1783144800000,68.6,68.6,68.53,68.57,7363.11
1783148400000,68.57,68.71,68.53,68.7,20470.19
1783152000000,68.7,68.71,68.67,68.69,9570.62
1783155600000,68.68,68.97,68.66,68.97,41269.64
1783159200000,68.97,69.07,68.9,69.01,49310.16
1783162800000,69.01,69.16,68.97,69.12,29577.41
1783166400000,69.13,69.18,69.02,69.11,24474.48
1783170000000,69.12,69.12,68.87,68.9,35618.36
1783173600000,68.9,69.11,68.84,69.09,32078.01
1783177200000,69.09,69.09,68.88,68.99,29330.46
1783180800000,68.98,69.05,68.85,68.9,24673.47
1783184400000,68.9,68.97,68.86,68.94,18011.7
1783188000000,68.94,68.95,68.79,68.79,15423.22
1783191600000,68.8,68.83,68.61,68.8,46859.28
1783195200000,68.8,68.84,68.68,68.74,31180.2
1783198800000,68.74,68.85,68.67,68.74,19131.54
1783202400000,68.74,68.98,68.73,68.93,25756.51
1783206000000,68.92,68.94,68.72,68.74,36411.16
1783209600000,68.75,68.82,68.71,68.81,12112.83
1783213200000,68.81,68.84,68.75,68.82,18066.47
1783216800000,68.83,68.98,68.81,68.92,20373.26
1783220400000,68.91,68.97,68.86,68.89,16975.37
1783224000000,68.89,68.95,68.86,68.93,11421.98
1783227600000,68.93,68.94,68.88,68.92,16692.84
1783231200000,68.92,68.96,68.89,68.95,6124.2
1783234800000,68.95,69.03,68.88,68.98,24105.92
1783238400000,68.98,69.1,68.93,69.02,35003.24
1783242000000,69.02,69.06,68.95,68.99,10995.87
1783245600000,69.0,69.03,68.95,69.03,9349.5
1783249200000,69.02,69.02,68.9,68.95,22584.54
1783252800000,68.95,68.96,68.76,68.81,44120.11
1783256400000,68.82,68.93,68.78,68.88,18816.31
1783260000000,68.87,68.94,68.83,68.88,16158.65
1783263600000,68.88,68.9,68.76,68.79,23168.85
1783267200000,68.78,68.88,68.77,68.87,19733.31
1783270800000,68.87,68.9,68.84,68.85,6981.46
1783274400000,68.84,68.89,68.56,68.7,56147.52
1783278000000,68.7,68.78,68.66,68.66,27150.92
1783281600000,68.66,68.69,68.55,68.63,15771.53
1783285200000,68.62,68.88,68.55,68.74,35027.18
1783288800000,68.73,68.73,68.36,68.37,199170.39
1783292400000,68.36,68.5,68.28,68.3,103270.1
1783296000000,68.29,68.66,68.26,68.29,179370.8
1783299600000,68.28,68.93,68.22,68.9,206429.72
1783303200000,68.91,69.18,68.57,68.63,145417.13
1783306800000,68.63,68.64,68.43,68.49,132748.78
1783310400000,68.49,68.74,68.46,68.7,123603.62
1783314000000,68.71,68.92,68.7,68.89,191424.97
1783317600000,68.9,69.24,68.77,68.83,179818.87
1783321200000,68.83,68.83,67.86,67.96,299662.63
1783324800000,67.96,68.61,67.93,68.24,202150.9
1783328400000,68.24,68.59,68.14,68.34,148685.28
1783332000000,68.35,68.71,68.15,68.63,125842.82
1783335600000,68.64,68.78,68.38,68.69,95099.73
1783339200000,68.69,68.79,68.22,68.35,184618.38
1783342800000,68.35,68.97,68.14,68.75,212419.08
1783346400000,68.75,69.15,68.51,68.84,310451.67
1783350000000,68.84,69.05,68.65,68.79,234697.58
1783353600000,68.78,68.85,68.32,68.36,212916.66
1783357200000,68.37,68.62,68.28,68.57,103233.5
1783360800000,68.58,68.66,68.41,68.58,74479.34
1783364400000,68.57,68.8,68.57,68.73,48846.57
1783368000000,68.73,68.8,68.64,68.64,46508.69
1783371600000,68.64,68.75,68.6,68.75,35892.57
1783375200000,68.74,68.82,68.67,68.82,32963.63
1783378800000,68.82,68.94,68.71,68.81,35807.78
1783382400000,68.81,68.99,68.77,68.94,142453.55
1783386000000,68.94,69.12,68.67,69.12,169276.11
1783389600000,69.11,69.37,69.0,69.04,194793.72
1783393200000,69.04,69.27,68.89,69.0,109028.2
1783396800000,69.0,69.09,68.97,69.06,55190.63
1783400400000,69.06,69.47,69.05,69.4,152931.07
1783404000000,69.4,69.52,69.23,69.49,139950.46
1783407600000,69.5,69.68,69.37,69.4,177975.14
1783411200000,69.39,69.59,69.05,69.4,254722.73
1783414800000,69.4,69.78,69.13,69.36,228577.58
1783418400000,69.35,69.47,69.13,69.46,115014.83
1783422000000,69.46,69.53,69.01,69.06,171838.77
1783425600000,69.05,69.37,68.92,69.18,223085.63
1783429200000,69.17,70.13,69.17,70.07,530340.58
1783432800000,70.07,70.53,69.84,70.28,653436.67
1783436400000,70.28,70.6,70.15,70.41,461338.18
1783440000000,70.41,70.66,70.37,70.5,154445.78
1783443600000,70.49,70.74,70.38,70.47,277336.54
1783447200000,70.48,71.5,70.37,71.49,620107.83
1783450800000,71.5,72.55,71.48,71.94,1601295.75
1783454400000,71.93,72.32,71.92,72.21,338119.58
1783458000000,72.2,72.75,72.07,72.26,495274.14
1783461600000,72.27,72.63,72.13,72.48,143988.92
1783465200000,72.47,72.53,72.29,72.42,158433.23
1783468800000,72.42,72.71,71.95,71.97,295304.26
1783472400000,71.98,72.19,71.73,72.16,546908.68
1783476000000,72.17,72.64,72.03,72.28,285307.92
1783479600000,72.28,72.41,72.21,72.28,187373.81
1783483200000,72.27,72.42,72.25,72.4,128377.48
1783486800000,72.39,72.93,72.37,72.82,315847.86
1783490400000,72.81,72.95,72.59,72.6,240606.37
1783494000000,72.6,72.87,71.84,72.11,516322.06
1783497600000,72.11,74.93,71.98,74.86,2297004.91
1783501200000,74.86,75.28,74.11,74.85,1530895.03
1783504800000,74.84,74.9,73.78,74.14,928298.26
1783508400000,74.14,74.53,73.54,74.01,969556.14
1783512000000,74.02,74.27,73.12,73.85,1247837.53
1783515600000,73.84,74.27,73.33,73.76,1600817.28
1783519200000,73.77,75.81,73.74,75.32,2371246.09
1783522800000,75.31,76.06,75.23,75.78,766174.24
1783526400000,75.78,75.93,74.35,74.52,1329803.69
1783530000000,74.53,74.56,73.53,73.77,464742.79
1783533600000,73.77,73.85,73.36,73.6,373648.81
1783537200000,73.6,74.3,73.52,74.07,346943.31
1783540800000,74.07,75.04,74.07,74.77,505920.78
1783544400000,74.78,74.99,74.52,74.66,150989.41
1783548000000,74.67,75.01,74.16,74.48,409105.08
1783551600000,74.48,74.53,74.32,74.38,69866.17
1783555200000,74.38,74.45,73.97,73.98,435757.65
1783558800000,73.98,74.54,73.86,74.06,329584.21
1783562400000,74.06,74.64,73.94,74.5,198918.91
1783566000000,74.5,74.56,74.15,74.23,264181.36
1783569600000,74.23,74.39,74.2,74.34,137881.47
1783573200000,74.34,74.5,72.91,73.0,709378.51
1783576800000,73.01,73.47,72.96,73.25,427111.21
1783580400000,73.26,73.65,72.47,72.73,497328.05
1783584000000,72.72,72.99,72.32,72.97,397136.33
1783587600000,72.98,73.56,72.89,73.42,321179.63
1783591200000,73.43,74.55,73.34,74.2,410751.71
1783594800000,74.21,74.23,73.78,73.89,325933.0
1783598400000,73.89,74.05,73.56,73.82,234184.82
1783602000000,73.82,73.89,72.58,72.62,518783.19
1783605600000,72.61,72.99,72.15,72.26,512984.19
1783609200000,72.27,72.51,71.76,72.12,441708.93
1783612800000,72.12,72.26,71.62,71.91,345009.65
1783616400000,71.91,72.1,71.39,71.49,252398.52
1783620000000,71.49,72.18,71.42,71.59,385208.43
1783623600000,71.59,71.87,71.43,71.87,130391.32
1783627200000,71.87,71.91,71.63,71.83,113775.95
1783630800000,71.83,72.1,71.82,71.99,65269.13
1783634400000,71.99,71.99,71.32,71.81,215306.84
1783638000000,71.82,71.95,71.76,71.91,78252.25
1783641600000,71.92,71.98,71.72,71.94,192382.62
1783645200000,71.94,72.18,71.72,72.13,568639.56
1783648800000,72.13,72.36,72.07,72.31,96176.53
1783652400000,72.31,72.37,72.11,72.36,70070.05
1783656000000,72.37,72.5,72.1,72.22,130325.89
1783659600000,72.22,72.35,71.93,72.12,101935.16
1783663200000,72.12,72.21,71.68,72.01,154111.86
1783666800000,72.0,72.04,71.28,71.56,482483.18
1783670400000,71.55,72.13,71.16,71.87,523304.12
1783674000000,71.87,72.03,71.49,71.83,235879.94
1783677600000,71.83,72.24,71.79,72.19,190900.47
1783681200000,72.19,72.73,72.11,72.63,422790.88
1783684800000,72.63,72.77,71.42,71.91,764944.4
1783688400000,71.91,72.32,71.48,71.54,381053.13
1783692000000,71.55,73.04,71.41,71.92,1357642.56
1783695600000,71.91,71.91,70.78,71.03,784304.09
1783699200000,71.04,71.49,71.04,71.11,265491.74
1783702800000,71.12,71.42,71.05,71.33,129047.51
1783706400000,71.32,71.63,71.13,71.61,270730.8
1783710000000,71.62,71.71,71.48,71.59,107563.69
1783713600000,71.6,71.66,71.49,71.57,67948.69
1783717200000,71.57,71.64,71.27,71.48,73484.5
1783720800000,71.48,71.49,71.38,71.47,11471.67
1783724400000,71.47,71.54,71.42,71.48,42500.83
1783728000000,71.48,71.67,71.44,71.6,39528.15
1783731600000,71.6,71.62,71.38,71.52,37419.2
1783735200000,71.51,71.57,71.4,71.45,15821.17
1783738800000,71.44,71.85,71.37,71.52,124038.31
1783742400000,71.52,71.78,71.41,71.64,63559.05
1783746000000,71.64,71.65,71.34,71.4,34809.1
1783749600000,71.4,71.54,71.37,71.45,34823.74
1783753200000,71.46,71.51,71.39,71.46,27458.43
1783756800000,71.46,71.63,71.43,71.54,23953.14
1783760400000,71.54,71.63,71.42,71.58,47749.6
1783764000000,71.58,71.76,71.55,71.71,38906.4
1783767600000,71.71,71.78,71.55,71.74,41044.7
1783771200000,71.74,71.85,71.71,71.81,40934.07
1783774800000,71.81,71.85,71.67,71.7,22283.84
1783778400000,71.69,71.72,71.51,71.7,39918.16
1783782000000,71.69,71.75,71.52,71.59,56461.07
1783785600000,71.6,71.61,71.48,71.53,18919.78
1783789200000,71.53,71.82,71.53,71.73,47308.95
1783792800000,71.72,71.81,71.63,71.78,31656.77
1783796400000,71.78,71.78,71.66,71.68,35095.02
1783800000000,71.69,71.83,71.68,71.82,31291.75
1783803600000,71.82,71.84,71.63,71.81,16027.84
1783807200000,71.82,74.05,71.76,72.7,1258307.65
1783810800000,72.7,73.58,72.54,73.34,565435.69
1783814400000,73.34,74.15,73.27,73.94,483934.06
1783818000000,73.94,73.96,73.09,73.44,268968.85
1783821600000,73.44,73.85,72.8,73.23,303285.5
1783825200000,73.24,73.44,72.94,73.22,113392.32
1783828800000,73.23,73.48,73.1,73.43,87638.08
1783832400000,73.44,73.59,73.21,73.28,121195.34
1783836000000,73.29,73.48,72.97,73.42,93728.89
1783839600000,73.42,73.78,73.34,73.71,88412.85
1783843200000,73.71,73.86,73.44,73.65,125810.06
1783846800000,73.65,73.87,73.61,73.75,88550.82
1783850400000,73.74,73.92,73.64,73.84,51938.84
1783854000000,73.85,73.89,73.49,73.65,74303.05
1783857600000,73.64,73.74,73.05,73.45,196482.63
1783861200000,73.44,73.63,73.42,73.52,68850.33
1783864800000,73.52,73.65,73.38,73.51,47087.79
1783868400000,73.5,73.57,73.28,73.49,88495.17
1783872000000,73.5,73.78,73.42,73.66,66209.89
1783875600000,73.67,74.15,73.63,73.95,108995.97
1783879200000,73.96,74.15,73.36,73.76,129712.68
1783882800000,73.76,73.96,73.48,73.85,91012.42
1783886400000,73.85,74.07,73.77,73.94,52327.67
1783890000000,73.94,74.12,73.61,73.78,108386.33
1783893600000,73.79,74.12,73.19,73.52,794353.01
1783897200000,73.52,73.72,73.41,73.6,335685.27
1783900800000,73.6,74.31,73.55,74.1,282666.39
1783904400000,74.1,74.49,74.05,74.24,333923.61
1783908000000,74.25,74.43,73.99,74.14,263806.82
1783911600000,74.14,74.32,74.02,74.18,169375.95
1783915200000,74.18,74.42,74.16,74.4,74966.51
1783918800000,74.4,74.92,74.35,74.59,335903.95
1783922400000,74.59,74.61,73.89,73.98,431020.52
1783926000000,73.97,74.15,73.59,73.91,341997.96
1783929600000,73.91,73.96,72.68,72.96,820960.74
1783933200000,72.97,73.15,72.59,73.09,521653.43
1783936800000,73.08,73.83,73.08,73.72,571513.42
1783940400000,73.71,73.97,73.51,73.74,439937.62
1783944000000,73.74,74.39,73.62,73.76,387627.37
1783947600000,73.75,74.05,73.37,73.69,322144.4
1783951200000,73.69,75.13,73.48,74.37,1527200.66
1783954800000,74.36,74.87,74.3,74.78,335759.18
1783958400000,74.77,75.82,74.67,75.58,785526.06
1783962000000,75.57,77.47,75.28,77.43,1125171.14
1783965600000,77.43,78.28,77.24,77.5,1552587.12
1783969200000,77.5,77.8,77.32,77.49,448554.2
1783972800000,77.5,78.39,77.48,77.77,689662.91
1783976400000,77.78,77.88,77.44,77.67,215655.62
1783980000000,77.67,78.84,77.65,78.82,448860.45
1783983600000,78.82,79.34,78.38,78.71,531055.04
1783987200000,78.71,80.09,78.35,79.51,972634.28
1783990800000,79.51,79.58,78.65,79.07,496021.72
1783994400000,79.08,79.12,78.4,79.02,392146.32
1783998000000,79.02,79.55,78.91,79.09,345362.01
1784001600000,79.09,79.39,78.92,79.24,257701.73
1784005200000,79.24,79.37,78.33,78.84,356341.25
1784008800000,78.85,79.94,78.8,79.8,505204.01
1784012400000,79.79,80.32,79.38,79.74,567352.06
1784016000000,79.75,80.44,79.43,80.41,698335.23
1784019600000,80.41,80.58,79.47,79.98,584936.89
1784023200000,79.98,80.53,79.66,80.17,524847.38
1784026800000,80.18,80.31,78.86,78.93,916747.13
1784030400000,78.93,80.1,78.87,79.91,1093535.63
1784034000000,79.92,80.18,78.94,79.21,905267.57
1784037600000,79.22,79.35,77.72,78.27,1441173.88
1784041200000,78.27,79.27,77.31,78.89,2588260.34
1784044800000,78.89,79.03,78.3,78.55,471680.46
1784048400000,78.55,78.67,78.02,78.21,241203.71
1784052000000,78.21,79.06,78.21,78.93,327525.33
1784055600000,78.93,79.3,78.81,79.01,372829.9
1784059200000,79.01,79.54,79.0,79.07,195742.13
1784062800000,79.07,79.09,78.79,78.92,70715.93
1784066400000,78.91,79.49,78.89,79.21,289664.42
1784070000000,79.22,79.24,78.96,79.06,95780.72
1784073600000,79.06,79.79,78.84,79.39,227552.66
1784077200000,79.39,79.45,78.97,79.42,178436.85
1784080800000,79.42,79.62,79.21,79.49,114923.31
1784084400000,79.48,79.5,79.02,79.13,119089.28
1784088000000,79.12,79.25,78.85,78.99,130461.35
1784091600000,78.98,79.19,78.65,78.87,161664.58
1784095200000,78.87,79.21,78.68,79.15,134503.36
1784098800000,79.16,79.78,79.16,79.7,186392.71
1784102400000,79.7,80.06,78.62,78.67,516811.95
1784106000000,78.66,79.37,78.55,79.33,209257.73
1784109600000,79.33,79.59,79.18,79.2,193743.98
1784113200000,79.2,79.36,78.73,78.91,136069.87
1784116800000,78.9,79.22,78.88,79.09,132092.7
1784120400000,79.09,79.79,78.82,79.21,451912.79
1784124000000,79.22,79.27,78.09,78.18,681066.09
1784127600000,78.17,78.48,77.76,78.41,467721.79
1784131200000,78.42,79.14,78.37,78.94,383811.16
1784134800000,78.94,78.94,78.3,78.55,237282.67
1784138400000,78.54,79.32,78.41,79.23,245013.33
1784142000000,79.24,80.09,79.04,79.74,549387.08
1784145600000,79.74,79.95,79.62,79.67,172816.65
1784149200000,79.67,79.82,79.46,79.64,85116.76
1784152800000,79.64,79.96,79.41,79.71,163278.91
1784156400000,79.71,79.76,79.51,79.6,65503.79
1784160000000,79.6,79.67,79.31,79.58,143251.81
1784163600000,79.58,79.82,79.42,79.51,151340.13
1784167200000,79.52,79.72,79.46,79.49,65852.85
1784170800000,79.49,79.54,78.79,79.05,232438.32
1784174400000,79.04,79.11,78.78,78.92,115582.57
1784178000000,78.91,79.02,78.7,78.91,116381.67
1784181600000,78.92,79.2,78.79,78.93,167627.07
1784185200000,78.92,79.22,78.72,78.99,137530.56
1784188800000,78.99,79.11,78.72,78.79,261723.77
1784192400000,78.79,79.08,78.33,78.98,402848.84
1784196000000,78.99,79.13,78.83,79.1,162884.29
1784199600000,79.09,79.78,78.82,79.16,521582.04
1784203200000,79.15,80.12,79.12,79.91,573001.0
1784206800000,79.9,80.34,79.32,79.56,545676.36
1784210400000,79.56,79.76,78.95,79.05,593101.49
1784214000000,79.06,79.25,78.66,78.81,573539.72
1784217600000,78.8,79.52,78.26,78.43,673393.56
1784221200000,78.44,78.68,78.08,78.19,451183.24
1784224800000,78.19,78.45,77.97,78.39,343341.49
1784228400000,78.4,78.55,78.32,78.43,162403.04
1784232000000,78.42,79.03,78.23,78.93,210193.74
1784235600000,78.93,79.2,78.79,78.98,84090.72
1784239200000,78.98,79.09,78.84,78.97,81082.49
1784242800000,78.96,79.04,78.93,79.01,50217.56
1784246400000,79.01,79.16,78.79,79.12,137515.85
1784250000000,79.12,79.56,79.03,79.18,228484.92
1784253600000,79.19,79.25,78.8,79.03,144105.68
1784257200000,79.03,79.2,78.89,79.18,124871.72
1784260800000,79.18,79.31,79.08,79.18,80560.82
1784264400000,79.19,79.22,78.14,78.44,413843.99
1784268000000,78.44,78.89,77.96,78.63,406288.59
1784271600000,78.62,79.14,78.62,78.78,212780.49
1784275200000,78.78,79.35,78.55,79.3,597807.99
1784278800000,79.31,79.94,79.31,79.77,643171.97
1784282400000,79.77,80.09,79.59,79.97,370976.17
1784286000000,79.97,80.31,79.92,80.17,420113.92
1784289600000,80.17,80.45,80.03,80.39,530531.5
1784293200000,80.38,81.19,80.32,81.15,1046735.56
1784296800000,81.14,81.28,80.23,80.26,739252.82
1784300400000,80.25,80.87,79.84,80.69,1043094.5
1784304000000,80.69,81.58,80.62,81.45,925649.67
1784307600000,81.46,81.9,81.27,81.77,629814.57
1784311200000,81.76,82.08,81.39,81.43,526577.17
1784314800000,81.44,81.49,81.07,81.47,249281.89
1784318400000,81.47,81.84,81.34,81.79,156361.4
1784322000000,81.79,82.08,81.77,81.82,78006.93
1784325600000,81.82,82.37,81.7,82.36,103816.47
1784329200000,82.35,82.43,82.06,82.16,68032.46
1784332800000,82.16,82.35,81.63,82.01,98698.27
1784336400000,82.01,82.08,81.83,82.06,38917.41
1784340000000,82.07,82.2,81.92,82.06,54465.61
1784343600000,82.07,82.12,81.71,81.82,43404.32
1784347200000,81.82,81.82,81.47,81.51,92817.2
1784350800000,81.51,81.6,81.48,81.48,29040.42
1784354400000,81.48,81.7,81.39,81.69,50559.63
1784358000000,81.7,82.02,81.69,81.89,65603.41
1784361600000,81.9,82.08,81.87,82.08,33218.13
1784365200000,82.08,82.2,81.95,82.17,51180.49
1784368800000,82.17,82.91,82.14,82.6,223657.98
1784372400000,82.61,82.85,82.52,82.69,94289.94
1784376000000,82.69,82.79,82.6,82.75,63240.93
1784379600000,82.76,82.76,82.52,82.63,61165.31
1784383200000,82.64,82.73,82.46,82.54,72455.96
1784386800000,82.54,82.82,82.52,82.55,120115.12
1784390400000,82.56,82.79,82.54,82.7,61759.45
1784394000000,82.7,83.2,82.69,83.04,222787.0
1784397600000,83.04,84.68,83.04,84.0,622406.66
1784401200000,84.0,84.04,83.14,83.47,208316.96
1784404800000,83.47,83.91,83.44,83.65,108284.98
1784408400000,83.65,83.84,83.0,83.61,142742.78
1784412000000,83.62,84.13,83.61,83.93,144188.74
1784415600000,83.93,84.18,83.51,83.65,90561.74
1784419200000,83.66,83.9,83.58,83.73,45937.75
1784422800000,83.73,83.79,83.45,83.49,51606.31
1784426400000,83.48,83.71,83.24,83.45,68542.45
1784430000000,83.45,83.84,83.45,83.63,61527.35
1784433600000,83.62,83.8,83.54,83.65,56749.42
1784437200000,83.64,83.7,83.52,83.53,71561.49
1784440800000,83.54,83.98,83.42,83.94,100972.29
1784444400000,83.93,84.0,83.57,83.72,91306.51
1784448000000,83.73,83.93,83.66,83.9,38239.66
1784451600000,83.9,84.0,83.75,83.88,87010.73
1784455200000,83.87,83.88,83.71,83.74,43204.8
1784458800000,83.73,83.79,83.49,83.65,90059.15
1784462400000,83.65,83.9,83.6,83.85,31973.34
1784466000000,83.85,83.87,83.65,83.76,34093.68
1784469600000,83.77,83.85,83.7,83.84,41078.93
1784473200000,83.85,83.98,83.81,83.83,41763.72
1784476800000,83.83,83.97,83.55,83.67,73965.33
1784480400000,83.68,83.76,83.51,83.65,53110.39
1784484000000,83.65,83.8,83.31,83.37,95855.96
