ts,open,high,low,close,volume
1721415600000,0.12416,0.12599,0.12409,0.12519,199593525.0
1721419200000,0.12519,0.12538,0.12445,0.1248,109293585.0
1721422800000,0.1248,0.1258,0.12478,0.12502,72170896.0
1721426400000,0.12501,0.12571,0.12492,0.12527,63809122.0
1721430000000,0.12526,0.126,0.12516,0.12541,73908196.0
1721433600000,0.12541,0.12626,0.12436,0.12475,170803987.0
1721437200000,0.12474,0.12564,0.12435,0.12446,81982911.0
1721440800000,0.12446,0.12505,0.12423,0.12477,54917997.0
1721444400000,0.12477,0.12562,0.12472,0.12535,54632699.0
1721448000000,0.12535,0.1261,0.12508,0.1261,79049354.0
1721451600000,0.1261,0.12671,0.12535,0.12659,92615405.0
1721455200000,0.12659,0.12842,0.12648,0.1282,259045752.0
1721458800000,0.1282,0.12963,0.12734,0.12741,354470416.0
1721462400000,0.1274,0.12742,0.12622,0.12671,151593694.0
1721466000000,0.12672,0.1278,0.12581,0.12683,130342606.0
1721469600000,0.12682,0.12721,0.12633,0.12657,73693718.0
1721473200000,0.12657,0.12671,0.12568,0.1259,92871468.0
1721476800000,0.12591,0.12678,0.12583,0.12637,67578874.0
1721480400000,0.12638,0.12788,0.12519,0.12762,238945510.0
1721484000000,0.12763,0.12977,0.12734,0.12911,240027137.0
1721487600000,0.12912,0.135,0.12911,0.13477,987764571.0
1721491200000,0.13477,0.13562,0.13255,0.13312,619110682.0
1721494800000,0.13312,0.13521,0.1327,0.13497,294992041.0
1721498400000,0.13497,0.13578,0.13286,0.13484,332177550.0
1721502000000,0.13484,0.13531,0.13345,0.13364,128113344.0
1721505600000,0.13364,0.13533,0.13364,0.13434,130305611.0
1721509200000,0.13434,0.13445,0.13285,0.13417,123299134.0
1721512800000,0.13418,0.1347,0.13335,0.13411,100453915.0
1721516400000,0.13411,0.13458,0.13393,0.1342,71541156.0
1721520000000,0.13421,0.13458,0.13249,0.1326,144740772.0
1721523600000,0.1326,0.13366,0.13183,0.13341,139248884.0
1721527200000,0.13341,0.13378,0.13251,0.13255,86047795.0
1721530800000,0.13256,0.13335,0.13209,0.13215,67663337.0
1721534400000,0.13215,0.13258,0.13094,0.13118,131467147.0
1721538000000,0.13119,0.13149,0.13025,0.13114,189265780.0
1721541600000,0.13114,0.13133,0.13007,0.13019,138192509.0
1721545200000,0.13019,0.13126,0.1296,0.13086,169766280.0
1721548800000,0.13086,0.13153,0.13068,0.13078,117070849.0
1721552400000,0.13078,0.13215,0.13064,0.13165,129792031.0
1721556000000,0.13165,0.13187,0.13112,0.13131,80234087.0
1721559600000,0.13131,0.13177,0.13086,0.13154,97440964.0
1721563200000,0.13153,0.13207,0.1313,0.13196,95985445.0
1721566800000,0.13196,0.13243,0.13064,0.13128,134883161.0
1721570400000,0.13129,0.13278,0.13028,0.1322,164130875.0
1721574000000,0.1322,0.13272,0.13111,0.13146,146649814.0
1721577600000,0.13145,0.13192,0.12983,0.13182,240611751.0
1721581200000,0.13182,0.13216,0.12851,0.1287,266335782.0
1721584800000,0.1287,0.13013,0.12564,0.1285,681101700.0
1721588400000,0.12851,0.13424,0.12778,0.13393,609805885.0
1721592000000,0.13393,0.14372,0.1328,0.14091,1536147588.0
1721595600000,0.14091,0.14149,0.13773,0.13997,479169958.0
1721599200000,0.13998,0.1413,0.13919,0.1406,281361381.0
1721602800000,0.1406,0.1414,0.1394,0.14025,185505034.0
1721606400000,0.14025,0.14147,0.13882,0.13988,324290095.0
1721610000000,0.13988,0.14004,0.1383,0.13845,179530371.0
1721613600000,0.13844,0.141,0.13812,0.14093,164516710.0
1721617200000,0.14092,0.14157,0.14023,0.14147,154098391.0
1721620800000,0.14148,0.14265,0.14031,0.14105,220248284.0
1721624400000,0.14105,0.14118,0.13822,0.13909,266084647.0
1721628000000,0.13908,0.13994,0.13645,0.1381,320428334.0
1721631600000,0.1381,0.13815,0.13682,0.13696,154969331.0
1721635200000,0.13696,0.13789,0.1355,0.13662,293381381.0
1721638800000,0.13662,0.13796,0.13582,0.13732,228122539.0
1721642400000,0.13733,0.1383,0.13697,0.1377,133846349.0
1721646000000,0.13769,0.13893,0.13729,0.13866,179171329.0
1721649600000,0.13867,0.13974,0.13748,0.13973,171936792.0
1721653200000,0.13974,0.14084,0.13716,0.13764,490499436.0
1721656800000,0.13763,0.1385,0.13595,0.13661,319805459.0
1721660400000,0.13661,0.14183,0.13617,0.13971,507456018.0
1721664000000,0.1397,0.14092,0.13817,0.13849,387086684.0
1721667600000,0.1385,0.14159,0.13788,0.14148,190293594.0
1721671200000,0.14149,0.14222,0.13999,0.14032,267705761.0
1721674800000,0.14033,0.14218,0.13987,0.14208,208277374.0
1721678400000,0.14207,0.14238,0.14057,0.14138,188518239.0
1721682000000,0.14139,0.14152,0.13819,0.13888,205700200.0
1721685600000,0.13889,0.13897,0.13715,0.13823,233186781.0
1721689200000,0.13823,0.13823,0.13678,0.1377,165526480.0
1721692800000,0.1377,0.13918,0.13757,0.13833,126457046.0
1721696400000,0.13834,0.13859,0.13717,0.13771,147926875.0
1721700000000,0.13772,0.13847,0.1367,0.13838,121379867.0
1721703600000,0.13839,0.1386,0.13748,0.1377,74062619.0
1721707200000,0.1377,0.1382,0.13455,0.13541,331210304.0
1721710800000,0.13542,0.13579,0.13303,0.13372,307184096.0
1721714400000,0.13371,0.13462,0.13313,0.13391,144265973.0
1721718000000,0.13391,0.13454,0.13302,0.13446,178675502.0
1721721600000,0.13446,0.1365,0.13413,0.13585,200170688.0
1721725200000,0.13585,0.13654,0.13542,0.13548,142422174.0
1721728800000,0.13548,0.13576,0.13456,0.13456,115303516.0
1721732400000,0.13457,0.13501,0.13337,0.13451,190412558.0
1721736000000,0.13451,0.13466,0.13305,0.13368,163097002.0
1721739600000,0.13367,0.13398,0.13074,0.13161,442869388.0
1721743200000,0.13161,0.13436,0.12964,0.13421,540629022.0
1721746800000,0.13421,0.13423,0.13086,0.13183,304916512.0
1721750400000,0.13182,0.13232,0.12806,0.12808,333876931.0
1721754000000,0.12809,0.13008,0.128,0.12982,274281761.0
1721757600000,0.12982,0.13136,0.12928,0.13057,139481132.0
1721761200000,0.13058,0.13187,0.12989,0.13041,153278150.0
1721764800000,0.1304,0.13168,0.13026,0.1308,144208507.0
1721768400000,0.1308,0.13164,0.12995,0.12998,75993601.0
1721772000000,0.12997,0.13056,0.12951,0.13019,85270886.0
1721775600000,0.1302,0.13065,0.12957,0.13024,62320929.0
1721779200000,0.13023,0.13119,0.12914,0.12937,114652868.0
1721782800000,0.12937,0.13092,0.12937,0.12989,91265150.0
1721786400000,0.12989,0.13087,0.12915,0.13077,82813351.0
1721790000000,0.13077,0.13172,0.13034,0.13124,103924433.0
1721793600000,0.13123,0.13143,0.13063,0.13112,62747285.0
1721797200000,0.13113,0.13133,0.12972,0.13078,78784145.0
1721800800000,0.13078,0.13156,0.13052,0.13152,61232779.0
1721804400000,0.13153,0.13233,0.13131,0.13224,105551485.0
1721808000000,0.13225,0.13326,0.13175,0.1332,145249666.0
1721811600000,0.13321,0.13367,0.13247,0.13361,118183761.0
1721815200000,0.13362,0.13398,0.13298,0.13353,90575314.0
1721818800000,0.13353,0.13388,0.13306,0.13314,65411601.0
1721822400000,0.13315,0.13366,0.13215,0.13228,107565798.0
1721826000000,0.13228,0.13477,0.13224,0.13302,191681369.0
1721829600000,0.13302,0.13465,0.13271,0.13375,166484502.0
1721833200000,0.13374,0.13403,0.13124,0.13154,222951881.0
1721836800000,0.13156,0.13217,0.13033,0.13177,181842600.0
1721840400000,0.13178,0.13274,0.1315,0.13197,104756815.0
1721844000000,0.13197,0.13211,0.12943,0.12989,182169981.0
1721847600000,0.12989,0.13086,0.1293,0.12975,119881953.0
1721851200000,0.12975,0.13072,0.12962,0.13068,56637171.0
1721854800000,0.13069,0.13073,0.12722,0.12923,253508946.0
1721858400000,0.12923,0.12928,0.128,0.12827,113388813.0
1721862000000,0.12828,0.12835,0.12678,0.12786,161732660.0
1721865600000,0.12785,0.12869,0.12715,0.12731,149839711.0
1721869200000,0.1273,0.12732,0.12151,0.12437,953049422.0
1721872800000,0.12436,0.12438,0.12186,0.12306,289476095.0
1721876400000,0.12306,0.12313,0.12207,0.12271,118469294.0
1721880000000,0.12271,0.12412,0.12192,0.12404,144655797.0
1721883600000,0.12404,0.12454,0.12307,0.12336,119977235.0
1721887200000,0.12336,0.1244,0.12316,0.12411,69012306.0
1721890800000,0.12412,0.12437,0.12352,0.12357,71936492.0
1721894400000,0.12357,0.12443,0.12309,0.1243,108874083.0
1721898000000,0.12431,0.12514,0.12393,0.12506,97918330.0
1721901600000,0.12508,0.12516,0.12309,0.12379,136011947.0
1721905200000,0.12379,0.1245,0.12343,0.12422,92758822.0
1721908800000,0.12421,0.12518,0.12239,0.12335,202585951.0
1721912400000,0.12335,0.12445,0.12263,0.12376,155497829.0
1721916000000,0.12376,0.12543,0.12221,0.12535,255555292.0
1721919600000,0.12536,0.1255,0.12335,0.12407,179939201.0
1721923200000,0.12406,0.12514,0.12299,0.12451,114888252.0
1721926800000,0.12452,0.12495,0.12396,0.12467,57673164.0
1721930400000,0.12467,0.12478,0.12118,0.1219,195211773.0
1721934000000,0.12189,0.12323,0.12069,0.12205,258615410.0
1721937600000,0.12205,0.12359,0.12,0.12357,239785233.0
1721941200000,0.12358,0.12546,0.12344,0.12503,168879643.0
1721944800000,0.12502,0.12558,0.12415,0.12465,132434516.0
1721948400000,0.12465,0.12531,0.12447,0.12516,71834376.0
1721952000000,0.12517,0.12731,0.12498,0.12699,265844421.0
1721955600000,0.12698,0.12785,0.12657,0.12721,127166160.0
1721959200000,0.12722,0.12933,0.12715,0.12892,199734106.0
1721962800000,0.12892,0.12955,0.1283,0.12863,139280767.0
1721966400000,0.12863,0.12945,0.12829,0.12917,81157474.0
1721970000000,0.12917,0.12943,0.1287,0.1289,52407165.0
1721973600000,0.12889,0.12975,0.12867,0.12944,97333234.0
1721977200000,0.12944,0.12984,0.12892,0.129,70013863.0
1721980800000,0.129,0.12978,0.12894,0.12963,77048383.0
1721984400000,0.12963,0.13035,0.12956,0.12972,93373422.0
1721988000000,0.12972,0.13001,0.12889,0.12938,100106313.0
1721991600000,0.12938,0.12997,0.12897,0.12969,63155638.0
1721995200000,0.1297,0.1301,0.12907,0.12964,80135823.0
1721998800000,0.12964,0.13076,0.12892,0.1305,179706794.0
1722002400000,0.13049,0.13096,0.12906,0.12986,206510145.0
1722006000000,0.12987,0.13047,0.12974,0.13014,89358559.0
1722009600000,0.13015,0.13144,0.1299,0.13086,163035885.0
1722013200000,0.13086,0.1322,0.13071,0.13154,186135003.0
1722016800000,0.13154,0.13204,0.13071,0.13103,135906644.0
1722020400000,0.13103,0.13475,0.13098,0.13353,358804029.0
1722024000000,0.13354,0.13374,0.1324,0.13262,106030000.0
1722027600000,0.13263,0.13479,0.13232,0.13404,125489462.0
1722031200000,0.13404,0.13486,0.13372,0.13474,62534846.0
1722034800000,0.13474,0.13493,0.13407,0.13416,58035619.0
1722038400000,0.13416,0.13428,0.1331,0.13353,124592251.0
1722042000000,0.13353,0.13381,0.13284,0.13315,103062990.0
1722045600000,0.13316,0.13455,0.13286,0.13432,72762180.0
1722049200000,0.13433,0.13473,0.13386,0.13418,80561336.0
1722052800000,0.13418,0.1348,0.13417,0.13474,35688555.0
1722056400000,0.13474,0.135,0.13351,0.13372,88543657.0
1722060000000,0.13373,0.13429,0.13352,0.13427,53912940.0
1722063600000,0.13427,0.13468,0.134,0.13415,57833506.0
1722067200000,0.13416,0.13461,0.13374,0.13432,60874919.0
1722070800000,0.13432,0.13589,0.13424,0.1355,183470020.0
1722074400000,0.1355,0.13582,0.1351,0.13531,64478053.0
1722078000000,0.13531,0.13543,0.13442,0.13476,74749269.0
1722081600000,0.13476,0.13574,0.13458,0.13551,114386205.0
1722085200000,0.13552,0.13769,0.13538,0.13732,203296558.0
1722088800000,0.13732,0.13878,0.13514,0.13585,413864002.0
1722092400000,0.13585,0.13606,0.13352,0.13451,257296125.0
1722096000000,0.13451,0.13488,0.13278,0.13299,171685439.0
1722099600000,0.13298,0.13363,0.13173,0.13225,224026806.0
1722103200000,0.13226,0.13345,0.13205,0.13229,127018588.0
1722106800000,0.13229,0.13822,0.13082,0.1361,2239316473.0
1722110400000,0.13609,0.13614,0.13001,0.13352,1034962526.0
1722114000000,0.13353,0.13478,0.13198,0.13413,352297170.0
1722117600000,0.13413,0.13424,0.13289,0.13291,114616915.0
1722121200000,0.13292,0.13313,0.1312,0.13141,161986110.0
1722124800000,0.13141,0.13179,0.12975,0.131,254951744.0
1722128400000,0.13101,0.13125,0.13034,0.13035,106355096.0
1722132000000,0.13034,0.13056,0.12981,0.1303,91689856.0
1722135600000,0.1303,0.13042,0.1292,0.12951,100254130.0
1722139200000,0.12951,0.12975,0.12873,0.12879,125345748.0
1722142800000,0.12878,0.12942,0.12805,0.12927,150053437.0
1722146400000,0.12926,0.13033,0.12918,0.1301,106995198.0
1722150000000,0.13009,0.13054,0.12946,0.13045,101098931.0
1722153600000,0.13045,0.1305,0.1297,0.13025,69140035.0
1722157200000,0.13024,0.13123,0.13005,0.13111,155589794.0
1722160800000,0.13112,0.13159,0.13084,0.13129,98149461.0
1722164400000,0.1313,0.13177,0.13065,0.13076,95926069.0
1722168000000,0.13077,0.13119,0.1302,0.13113,93171077.0
1722171600000,0.13114,0.13132,0.13037,0.13085,71583216.0
1722175200000,0.13086,0.13097,0.12928,0.12954,157187702.0
1722178800000,0.12954,0.12978,0.12901,0.1294,67502992.0
1722182400000,0.1294,0.13004,0.12933,0.12945,47964287.0
1722186000000,0.12945,0.12999,0.12922,0.12985,42849106.0
1722189600000,0.12987,0.13083,0.12959,0.13046,86745806.0
1722193200000,0.13047,0.1308,0.1298,0.12987,58487884.0
1722196800000,0.12987,0.13,0.12925,0.12936,45993295.0
1722200400000,0.12936,0.12943,0.12852,0.12915,71206032.0
1722204000000,0.12916,0.12958,0.12857,0.12913,56883176.0
1722207600000,0.12913,0.13005,0.12906,0.12996,50705165.0
1722211200000,0.12995,0.1315,0.12959,0.1307,224676246.0
1722214800000,0.13069,0.13124,0.13,0.13065,86136052.0
1722218400000,0.13065,0.13439,0.13058,0.13422,354710341.0
1722222000000,0.13421,0.13476,0.1332,0.13358,235711497.0
1722225600000,0.13358,0.13416,0.13284,0.13382,117751246.0
1722229200000,0.13382,0.13453,0.13375,0.13401,81023881.0
1722232800000,0.13401,0.13486,0.13354,0.13444,142986883.0
1722236400000,0.13445,0.13475,0.1338,0.13457,143704029.0
1722240000000,0.13456,0.13505,0.13378,0.13405,322404505.0
1722243600000,0.13405,0.135,0.13398,0.13494,163996060.0
1722247200000,0.13494,0.13494,0.134,0.13411,85663014.0
1722250800000,0.13411,0.13434,0.13324,0.13328,89090245.0
1722254400000,0.13329,0.13417,0.13304,0.13375,126518359.0
1722258000000,0.13375,0.13407,0.13241,0.13262,165247780.0
1722261600000,0.13262,0.13273,0.13024,0.1305,295806419.0
1722265200000,0.13049,0.13088,0.12875,0.12985,285038839.0
1722268800000,0.12985,0.13019,0.12796,0.12864,227371622.0
1722272400000,0.12865,0.12973,0.12814,0.12891,181223129.0
1722276000000,0.12891,0.12966,0.12876,0.12918,91518203.0
1722279600000,0.12918,0.12964,0.12871,0.1293,59595570.0
1722283200000,0.12931,0.12987,0.12917,0.12956,44073096.0
1722286800000,0.12955,0.12957,0.12744,0.12922,124353954.0
1722290400000,0.12922,0.1296,0.12804,0.12833,74566567.0
1722294000000,0.12833,0.12892,0.12771,0.12837,111100309.0
1722297600000,0.12837,0.1294,0.12701,0.12937,159440860.0
1722301200000,0.12937,0.1305,0.12828,0.12862,128946530.0
1722304800000,0.12862,0.12915,0.12728,0.12869,135108849.0
1722308400000,0.12869,0.12982,0.12857,0.12922,81227898.0
1722312000000,0.12923,0.12973,0.12895,0.12945,61000132.0
1722315600000,0.12945,0.12957,0.12863,0.1288,50468850.0
1722319200000,0.12881,0.12925,0.12857,0.12907,46268567.0
1722322800000,0.12908,0.13058,0.12896,0.13004,132283693.0
1722326400000,0.13003,0.1302,0.12943,0.12955,85831356.0
1722330000000,0.12956,0.13,0.12891,0.12915,64445451.0
1722333600000,0.12915,0.13009,0.12881,0.12956,87091124.0
1722337200000,0.12955,0.12973,0.12887,0.12905,74349573.0
1722340800000,0.12904,0.12955,0.12811,0.12856,222443675.0
1722344400000,0.12855,0.1294,0.12756,0.12775,132575506.0
1722348000000,0.12775,0.12806,0.1267,0.12685,159669986.0
1722351600000,0.12685,0.12792,0.12631,0.12725,144647233.0
1722355200000,0.12724,0.12813,0.12657,0.1266,127852844.0
1722358800000,0.12661,0.1267,0.125,0.1258,216845221.0
1722362400000,0.1258,0.12624,0.12513,0.12586,93991712.0
1722366000000,0.12585,0.1259,0.12423,0.12511,154383436.0
1722369600000,0.12511,0.12561,0.12308,0.12549,219420448.0
1722373200000,0.12548,0.126,0.12437,0.1257,115032341.0
1722376800000,0.12571,0.12598,0.12543,0.12596,76671251.0
1722380400000,0.12597,0.12621,0.12515,0.12542,99029292.0
1722384000000,0.12543,0.12607,0.12459,0.12566,127054338.0
1722387600000,0.12566,0.12609,0.12503,0.12578,72644915.0
1722391200000,0.12577,0.12621,0.12507,0.12527,58677974.0
1722394800000,0.12527,0.12572,0.12508,0.12525,39064921.0
1722398400000,0.12525,0.12531,0.12356,0.12431,103594972.0
1722402000000,0.12432,0.12562,0.12379,0.12527,127397237.0
1722405600000,0.12526,0.1266,0.12515,0.12647,145661967.0
1722409200000,0.12648,0.127,0.12601,0.12601,82751851.0
1722412800000,0.12601,0.12628,0.12532,0.12592,84499036.0
1722416400000,0.12592,0.12638,0.12561,0.1258,65074997.0
1722420000000,0.12579,0.1258,0.12493,0.12496,82498707.0
1722423600000,0.12495,0.12565,0.1248,0.12546,54044783.0
1722427200000,0.12547,0.12609,0.12524,0.12562,60124542.0
1722430800000,0.12562,0.1273,0.12562,0.12674,172092284.0
1722434400000,0.12674,0.12728,0.12555,0.12665,149283825.0
1722438000000,0.12665,0.12692,0.12604,0.12611,66013870.0
1722441600000,0.12611,0.12669,0.12488,0.12531,144322116.0
1722445200000,0.12531,0.12699,0.12498,0.12642,90455243.0
1722448800000,0.12642,0.12652,0.12462,0.1259,183272016.0
1722452400000,0.12591,0.12618,0.12209,0.12288,305978376.0
1722456000000,0.12287,0.1231,0.12107,0.12178,266288321.0
1722459600000,0.12179,0.12254,0.1212,0.12237,120193389.0
1722463200000,0.12237,0.12279,0.12147,0.12247,73742916.0
1722466800000,0.12248,0.12258,0.12162,0.12187,66683074.0
1722470400000,0.12186,0.12305,0.12177,0.12285,114083468.0
1722474000000,0.12284,0.12308,0.12129,0.12235,114206307.0
1722477600000,0.12234,0.12244,0.12055,0.12145,177373539.0
1722481200000,0.12144,0.12161,0.12064,0.12093,105454617.0
1722484800000,0.12092,0.12137,0.11833,0.11867,279716486.0
1722488400000,0.11867,0.12087,0.118,0.12076,250173744.0
1722492000000,0.12075,0.12079,0.11971,0.11972,107725275.0
1722495600000,0.11972,0.12073,0.11969,0.12031,72396183.0
1722499200000,0.1203,0.12122,0.12022,0.12109,91880262.0
1722502800000,0.12109,0.12148,0.1206,0.12064,64122017.0
1722506400000,0.12064,0.12099,0.12032,0.12064,60798485.0
1722510000000,0.12064,0.12069,0.1199,0.12039,75994414.0
1722513600000,0.12039,0.12139,0.12022,0.12098,92696908.0
1722517200000,0.12097,0.12112,0.11955,0.12005,119623382.0
1722520800000,0.12004,0.12018,0.11663,0.11665,339051752.0
1722524400000,0.11665,0.1168,0.11506,0.11584,530491163.0
1722528000000,0.11584,0.11611,0.11356,0.1152,575471200.0
1722531600000,0.1152,0.1152,0.11384,0.11478,195884696.0
1722535200000,0.11478,0.11478,0.112,0.11358,371870367.0
1722538800000,0.11357,0.11507,0.11347,0.11488,119222462.0
1722542400000,0.11487,0.117,0.11425,0.11697,224670215.0
1722546000000,0.11698,0.11883,0.11696,0.11788,179518170.0
1722549600000,0.11789,0.11982,0.11778,0.11956,162788417.0
1722553200000,0.11956,0.1199,0.11843,0.11895,106851168.0
1722556800000,0.11894,0.11969,0.11806,0.11807,102015334.0
1722560400000,0.11807,0.1183,0.11733,0.11752,109497774.0
1722564000000,0.11753,0.1179,0.11569,0.11684,160301161.0
1722567600000,0.11684,0.11792,0.11647,0.11771,63262253.0
1722571200000,0.11771,0.11803,0.11717,0.11756,50330278.0
1722574800000,0.11757,0.1176,0.11587,0.11608,92928146.0
1722578400000,0.11609,0.11659,0.11437,0.11618,178396617.0
1722582000000,0.11617,0.11666,0.11534,0.11626,77503909.0
1722585600000,0.11626,0.11732,0.1156,0.11732,93777015.0
1722589200000,0.11732,0.1175,0.1167,0.11714,71820476.0
1722592800000,0.11714,0.11771,0.11659,0.11746,75504487.0
1722596400000,0.11745,0.11793,0.11703,0.11716,73740536.0
1722600000000,0.11716,0.1178,0.11615,0.11758,201464174.0
1722603600000,0.11757,0.11949,0.11695,0.11846,206526108.0
1722607200000,0.11846,0.1189,0.11334,0.1136,458300060.0
1722610800000,0.1136,0.11392,0.11012,0.1132,746400195.0
1722614400000,0.1132,0.11367,0.11184,0.11267,249480894.0
1722618000000,0.11266,0.11405,0.11225,0.11321,133395567.0
1722621600000,0.11322,0.11371,0.11224,0.11262,135068423.0
1722625200000,0.11261,0.11303,0.11152,0.11251,149781520.0
1722628800000,0.11251,0.11344,0.11143,0.11293,207573027.0
1722632400000,0.11293,0.11293,0.11023,0.11179,274015522.0
1722636000000,0.11178,0.11201,0.11062,0.11108,127670487.0
1722639600000,0.11109,0.11198,0.11045,0.11149,111909061.0
1722643200000,0.11148,0.11221,0.10986,0.11044,194490482.0
1722646800000,0.11044,0.11144,0.1082,0.11117,436360823.0
1722650400000,0.11116,0.11204,0.1109,0.11166,143571344.0
1722654000000,0.11165,0.11275,0.1113,0.1126,123532901.0
1722657600000,0.11261,0.11292,0.11217,0.11242,71025635.0
1722661200000,0.11242,0.11329,0.11238,0.11323,53305960.0
1722664800000,0.11324,0.1138,0.11309,0.11367,93310875.0
1722668400000,0.11367,0.11468,0.11364,0.11379,104493917.0
1722672000000,0.11378,0.11382,0.11221,0.11302,201031362.0
1722675600000,0.11302,0.11313,0.11236,0.11293,61265853.0
1722679200000,0.11294,0.11309,0.11245,0.11262,50348157.0
1722682800000,0.11261,0.11308,0.11232,0.11284,75194318.0
1722686400000,0.11284,0.11386,0.11262,0.11304,144157730.0
1722690000000,0.11304,0.11357,0.1127,0.11357,80930515.0
1722693600000,0.11357,0.1142,0.11319,0.11331,105073989.0
1722697200000,0.11331,0.11359,0.11039,0.11054,262377248.0
1722700800000,0.11054,0.11129,0.10839,0.10917,509542039.0
1722704400000,0.10918,0.10929,0.10661,0.10705,367812663.0
1722708000000,0.10705,0.10798,0.10606,0.10697,258308565.0
1722711600000,0.10697,0.1072,0.10568,0.1058,209108302.0
1722715200000,0.1058,0.10714,0.10517,0.10568,200577684.0
1722718800000,0.10569,0.10811,0.10534,0.10786,181502595.0
1722722400000,0.10786,0.10816,0.10713,0.10799,99220557.0
1722726000000,0.10799,0.10854,0.10743,0.10807,97899817.0
1722729600000,0.10806,0.10863,0.10766,0.1084,79704695.0
1722733200000,0.1084,0.10843,0.10714,0.10812,89283683.0
1722736800000,0.10812,0.10937,0.10788,0.10873,120978655.0
1722740400000,0.10873,0.10886,0.10827,0.10871,50860240.0
1722744000000,0.10871,0.10897,0.10748,0.10759,175967939.0
1722747600000,0.10759,0.10844,0.10748,0.10799,61928532.0
1722751200000,0.10799,0.10824,0.10763,0.10803,33785546.0
1722754800000,0.10804,0.10818,0.10656,0.10661,94394901.0
1722758400000,0.10661,0.10759,0.10554,0.10677,155733570.0
1722762000000,0.10678,0.10732,0.10644,0.10705,50804967.0
1722765600000,0.10705,0.10755,0.10644,0.10743,56679988.0
1722769200000,0.10744,0.10804,0.10725,0.10752,63073641.0
1722772800000,0.10752,0.10805,0.10702,0.10791,71201221.0
1722776400000,0.10791,0.10808,0.10697,0.10709,60326353.0
1722780000000,0.10708,0.10715,0.10304,0.10396,578976009.0
1722783600000,0.10397,0.10416,0.10285,0.10316,318346156.0
1722787200000,0.10317,0.10369,0.1013,0.10144,485545364.0
1722790800000,0.10144,0.10181,0.0989,0.10095,809729630.0
1722794400000,0.10094,0.10313,0.09995,0.10299,338042623.0
1722798000000,0.10299,0.10538,0.10206,0.10474,283240890.0
1722801600000,0.10473,0.10597,0.10406,0.1049,153992538.0
1722805200000,0.1049,0.10508,0.10424,0.10456,82188454.0
1722808800000,0.10457,0.10589,0.1041,0.10514,154251730.0
1722812400000,0.10514,0.10528,0.10355,0.10371,154944655.0
1722816000000,0.1037,0.10425,0.09546,0.09798,930739501.0
1722819600000,0.09798,0.09842,0.08788,0.09259,2297977159.0
1722823200000,0.09258,0.09355,0.08988,0.09331,1043780226.0
1722826800000,0.09331,0.09337,0.09088,0.09133,659865779.0
1722830400000,0.09133,0.09338,0.09107,0.09195,322970817.0
1722834000000,0.09194,0.09251,0.08811,0.08964,804798316.0
1722837600000,0.08964,0.09025,0.08101,0.08593,2161305944.0
1722841200000,0.08593,0.09009,0.08509,0.08873,774317929.0
1722844800000,0.08874,0.08914,0.08651,0.08717,529007910.0
1722848400000,0.08718,0.08758,0.08533,0.08668,459012054.0
1722852000000,0.08667,0.08683,0.08254,0.08283,710086481.0
1722855600000,0.08283,0.08509,0.08041,0.08453,975251425.0
1722859200000,0.08452,0.08549,0.08227,0.08271,953207146.0
1722862800000,0.0827,0.08983,0.082,0.08917,1224609239.0
1722866400000,0.08918,0.0947,0.08918,0.09343,1115785029.0
1722870000000,0.09344,0.09544,0.09238,0.09516,704627503.0
1722873600000,0.09514,0.09855,0.09435,0.09521,706622083.0
1722877200000,0.0952,0.09718,0.09438,0.09634,360685809.0
1722880800000,0.09635,0.09672,0.09278,0.09299,431640114.0
1722884400000,0.09299,0.09441,0.09266,0.09383,347517870.0
1722888000000,0.09382,0.0955,0.09375,0.09467,193229689.0
1722891600000,0.09467,0.09648,0.09391,0.09453,188880983.0
1722895200000,0.09454,0.0966,0.09441,0.09603,185606607.0
1722898800000,0.09603,0.09682,0.094,0.0943,181097798.0
1722902400000,0.09431,0.09951,0.094,0.09951,430434491.0
1722906000000,0.09952,0.10142,0.09798,0.0992,473294464.0
1722909600000,0.09919,0.09936,0.09808,0.09881,185777971.0
1722913200000,0.0988,0.09907,0.09807,0.09826,121425735.0
1722916800000,0.09826,0.0987,0.09748,0.09836,138371793.0
1722920400000,0.09835,0.09988,0.09791,0.09963,173580161.0
1722924000000,0.09962,0.10014,0.09884,0.09929,207586535.0
1722927600000,0.09929,0.09978,0.09821,0.09922,182441584.0
1722931200000,0.09921,0.09928,0.09596,0.09667,389442266.0
1722934800000,0.09668,0.09712,0.0959,0.09683,227047460.0
1722938400000,0.09682,0.09692,0.09555,0.09584,156174042.0
1722942000000,0.09585,0.09669,0.09517,0.09592,183117361.0
1722945600000,0.09591,0.0965,0.09474,0.09499,186006981.0
1722949200000,0.09498,0.09618,0.0939,0.09539,412975196.0
1722952800000,0.09538,0.09955,0.09525,0.09768,584559586.0
1722956400000,0.09769,0.09846,0.09629,0.09756,268146559.0
1722960000000,0.09756,0.09838,0.09661,0.09791,195079514.0
1722963600000,0.09792,0.09845,0.09665,0.09672,148395840.0
1722967200000,0.09671,0.09897,0.09669,0.09821,301889549.0
1722970800000,0.0982,0.09873,0.09698,0.09711,195054855.0
1722974400000,0.09711,0.09726,0.09587,0.09669,203362346.0
1722978000000,0.09669,0.09734,0.09612,0.09723,94912913.0
1722981600000,0.09723,0.09845,0.09601,0.0968,229441910.0
1722985200000,0.0968,0.09704,0.09591,0.09638,88779071.0
1722988800000,0.09639,0.09713,0.0951,0.09638,189731137.0
1722992400000,0.09637,0.09848,0.09504,0.09825,274709558.0
1722996000000,0.09825,0.09951,0.09739,0.09802,242686780.0
1722999600000,0.09802,0.09875,0.09775,0.09833,115715312.0
1723003200000,0.09832,0.09979,0.09815,0.09904,160190907.0
1723006800000,0.09904,0.09988,0.09866,0.09874,177748711.0
1723010400000,0.09874,0.09903,0.09803,0.09844,107846229.0
1723014000000,0.09843,0.09925,0.09788,0.09877,115947045.0
1723017600000,0.09877,0.09979,0.09863,0.09954,153544395.0
1723021200000,0.09954,0.10201,0.09914,0.10074,336064601.0
1723024800000,0.10073,0.10195,0.10027,0.10044,222574255.0
1723028400000,0.10044,0.10067,0.09907,0.0992,220717828.0
1723032000000,0.0992,0.101,0.09889,0.10085,237753818.0
1723035600000,0.10084,0.10158,0.09962,0.09993,302035779.0
1723039200000,0.09992,0.10022,0.09579,0.0976,666825326.0
1723042800000,0.09761,0.09858,0.09708,0.09805,293322693.0
1723046400000,0.09805,0.09829,0.0966,0.09725,278141722.0
1723050000000,0.09725,0.09795,0.09609,0.0971,268403236.0
1723053600000,0.09709,0.09754,0.09532,0.09562,376341005.0
1723057200000,0.09561,0.09662,0.09526,0.09616,131966100.0
1723060800000,0.09616,0.09764,0.09469,0.09635,443054445.0
1723064400000,0.09634,0.09707,0.09564,0.09646,160614040.0
1723068000000,0.09645,0.09661,0.09421,0.09597,202137274.0
1723071600000,0.09598,0.09651,0.09516,0.09555,98859331.0
1723075200000,0.09554,0.09636,0.09348,0.09512,296944426.0
1723078800000,0.09511,0.09894,0.09493,0.09862,362543689.0
1723082400000,0.09862,0.10096,0.0986,0.10005,237730982.0
1723086000000,0.10006,0.10046,0.09882,0.09886,162106869.0
1723089600000,0.09885,0.10029,0.09884,0.09886,167718540.0
1723093200000,0.09886,0.09982,0.09879,0.09951,93971579.0
1723096800000,0.09951,0.10001,0.09897,0.09954,97223549.0
1723100400000,0.09954,0.09989,0.09909,0.09914,98056780.0
1723104000000,0.09914,0.09996,0.09896,0.09971,106533458.0
1723107600000,0.09971,0.1004,0.09918,0.09968,100277990.0
1723111200000,0.09968,0.10046,0.09925,0.10029,104507807.0
1723114800000,0.10029,0.10057,0.09977,0.0999,94544734.0
1723118400000,0.0999,0.105,0.0993,0.10135,596133913.0
1723122000000,0.10135,0.10209,0.09892,0.1001,429186724.0
1723125600000,0.10011,0.10243,0.09987,0.10236,265085002.0
1723129200000,0.10235,0.10382,0.10207,0.10368,233735350.0
1723132800000,0.10369,0.10495,0.10357,0.10382,376800465.0
1723136400000,0.10381,0.10416,0.10266,0.10274,234104255.0
1723140000000,0.10273,0.10303,0.10233,0.10237,73353592.0
1723143600000,0.10237,0.10278,0.10182,0.1021,97367711.0
1723147200000,0.1021,0.10274,0.10189,0.10244,59396442.0
1723150800000,0.10243,0.1049,0.10242,0.10478,148094407.0
1723154400000,0.10479,0.10797,0.10401,0.10749,401320232.0
1723158000000,0.1075,0.10791,0.10616,0.10741,252068828.0
1723161600000,0.10741,0.10778,0.10631,0.10685,235722303.0
1723165200000,0.10685,0.10701,0.10579,0.10587,127871068.0
1723168800000,0.10587,0.10616,0.10526,0.1053,86900145.0
1723172400000,0.10529,0.10632,0.10525,0.10598,59586622.0
1723176000000,0.10597,0.1061,0.1041,0.10413,119848577.0
1723179600000,0.10412,0.10484,0.1038,0.10458,84937008.0
1723183200000,0.10459,0.10503,0.10413,0.10476,86026779.0
1723186800000,0.10477,0.10559,0.10469,0.10488,79108789.0
1723190400000,0.10487,0.10562,0.1046,0.1055,78335227.0
1723194000000,0.1055,0.10568,0.10444,0.10473,87027330.0
1723197600000,0.10474,0.1052,0.1035,0.10437,164379118.0
1723201200000,0.10438,0.10482,0.10391,0.1044,72669651.0
1723204800000,0.1044,0.10479,0.10352,0.10407,88911630.0
1723208400000,0.10408,0.10443,0.1023,0.10365,233120830.0
1723212000000,0.10365,0.10519,0.10153,0.10317,388639068.0
1723215600000,0.10317,0.1035,0.1016,0.10162,143372125.0
1723219200000,0.10163,0.10286,0.10157,0.1026,127985675.0
1723222800000,0.10261,0.10351,0.10245,0.10262,102785677.0
1723226400000,0.10262,0.10328,0.10209,0.10322,100726228.0
1723230000000,0.10322,0.10355,0.10279,0.10325,48113879.0
1723233600000,0.10325,0.10406,0.10309,0.10387,53009516.0
1723237200000,0.10387,0.10428,0.10287,0.1041,85915009.0
1723240800000,0.10411,0.10456,0.10332,0.1038,116045252.0
1723244400000,0.1038,0.10394,0.10287,0.10378,92158298.0
1723248000000,0.10379,0.10553,0.1033,0.10357,168634104.0
1723251600000,0.10357,0.1045,0.10333,0.10351,72806965.0
1723255200000,0.10352,0.10439,0.10343,0.10397,48735040.0
1723258800000,0.10398,0.10405,0.10345,0.10384,42700016.0
1723262400000,0.10385,0.10392,0.10282,0.1034,51086681.0
1723266000000,0.1034,0.10371,0.10309,0.10346,32203138.0
1723269600000,0.10347,0.10425,0.10334,0.1042,51111697.0
1723273200000,0.1042,0.10471,0.10406,0.10468,59959928.0
1723276800000,0.10468,0.10479,0.104,0.10426,58914570.0
1723280400000,0.10426,0.10475,0.10417,0.10439,69442776.0
1723284000000,0.1044,0.10463,0.10384,0.10423,55145967.0
1723287600000,0.10424,0.10466,0.10409,0.10445,42060453.0
1723291200000,0.10446,0.10449,0.10402,0.10409,34411933.0
1723294800000,0.10409,0.10418,0.10334,0.10342,70940213.0
1723298400000,0.10343,0.10416,0.1033,0.10402,55711133.0
1723302000000,0.10402,0.10479,0.1039,0.10421,67475968.0
1723305600000,0.10421,0.10513,0.10405,0.1049,78236118.0
1723309200000,0.1049,0.10563,0.10471,0.10559,67156618.0
1723312800000,0.1056,0.10587,0.1051,0.10525,107700618.0
1723316400000,0.10525,0.10572,0.105,0.10539,39299736.0
1723320000000,0.10538,0.10555,0.10477,0.10508,34205621.0
1723323600000,0.10508,0.10557,0.10506,0.1053,35993066.0
1723327200000,0.10529,0.10544,0.10491,0.10522,40887351.0
1723330800000,0.10522,0.10525,0.1048,0.10511,36719116.0
1723334400000,0.10512,0.10632,0.10493,0.10615,95841372.0
1723338000000,0.10616,0.1079,0.10592,0.10766,202423022.0
1723341600000,0.10766,0.10962,0.1076,0.10911,308220259.0
1723345200000,0.1091,0.11094,0.10905,0.10986,231804867.0
1723348800000,0.10986,0.11006,0.10832,0.10845,182131500.0
1723352400000,0.10844,0.10896,0.10837,0.10882,77260010.0
1723356000000,0.10881,0.10931,0.10872,0.10931,79762047.0
1723359600000,0.10931,0.11013,0.10909,0.10973,117094582.0
1723363200000,0.10973,0.11,0.1092,0.10927,95289599.0
1723366800000,0.10926,0.11,0.10818,0.10849,135303459.0
1723370400000,0.1085,0.10966,0.10791,0.10891,135119538.0
1723374000000,0.1089,0.10911,0.10714,0.10744,197571931.0
1723377600000,0.10744,0.10777,0.10611,0.10664,216425586.0
1723381200000,0.10665,0.10694,0.10505,0.1065,282277871.0
1723384800000,0.10649,0.10661,0.10422,0.10478,192619326.0
1723388400000,0.10477,0.10534,0.10397,0.10458,207519510.0
1723392000000,0.10457,0.10563,0.10418,0.10532,154818140.0
1723395600000,0.10532,0.10586,0.10478,0.10548,68850816.0
1723399200000,0.10548,0.10568,0.10442,0.10462,90751799.0
1723402800000,0.10462,0.10463,0.10274,0.10293,226156067.0
1723406400000,0.10293,0.10296,0.10125,0.1014,290793653.0
1723410000000,0.1014,0.102,0.10082,0.10171,132731489.0
1723413600000,0.1017,0.10216,0.10001,0.10128,258284820.0
1723417200000,0.10129,0.10129,0.10026,0.10053,98469290.0
1723420800000,0.10054,0.10163,0.10005,0.10101,190041299.0
1723424400000,0.10101,0.10203,0.10078,0.10154,143027803.0
1723428000000,0.10154,0.10226,0.10118,0.10213,79394089.0
1723431600000,0.10213,0.10238,0.1014,0.10153,80391109.0
1723435200000,0.10153,0.10211,0.10129,0.1016,74835063.0
1723438800000,0.1016,0.10204,0.10123,0.10178,46013530.0
1723442400000,0.10178,0.10191,0.10102,0.10145,64838568.0
1723446000000,0.10144,0.10361,0.1004,0.10304,246011359.0
1723449600000,0.10303,0.10432,0.10217,0.10241,174028783.0
1723453200000,0.10241,0.10366,0.1023,0.10336,89668180.0
1723456800000,0.10335,0.10508,0.10304,0.1049,139078521.0
1723460400000,0.10491,0.10725,0.1048,0.10635,275607369.0
1723464000000,0.10635,0.10652,0.10528,0.10555,198299879.0
1723467600000,0.10555,0.10619,0.10239,0.10285,382971412.0
1723471200000,0.10284,0.10705,0.10174,0.10667,571394784.0
1723474800000,0.10666,0.10811,0.10516,0.10708,564482318.0
1723478400000,0.10707,0.10769,0.10633,0.1066,219487933.0
1723482000000,0.1066,0.107,0.10556,0.10565,99990949.0
1723485600000,0.10566,0.10632,0.10382,0.1041,189022502.0
1723489200000,0.1041,0.10568,0.1041,0.10516,116059070.0
1723492800000,0.10517,0.1063,0.10484,0.10521,121785596.0
1723496400000,0.10521,0.10622,0.10426,0.106,118527727.0
1723500000000,0.106,0.10718,0.10574,0.10643,163167696.0
1723503600000,0.10643,0.10864,0.1064,0.10784,318381173.0
1723507200000,0.10783,0.10899,0.10669,0.10833,356610915.0
1723510800000,0.10834,0.10856,0.10714,0.10758,197716768.0
1723514400000,0.10758,0.10759,0.10627,0.10649,211213445.0
1723518000000,0.10648,0.10651,0.10432,0.10469,249807031.0
1723521600000,0.1047,0.10473,0.10401,0.10464,111496978.0
1723525200000,0.10463,0.10521,0.10423,0.10495,76222492.0
1723528800000,0.10496,0.10527,0.10411,0.10514,66203148.0
1723532400000,0.10514,0.10572,0.10451,0.10459,74580982.0
1723536000000,0.10458,0.10498,0.1039,0.10449,76513180.0
1723539600000,0.10448,0.10455,0.10366,0.10412,76882808.0
1723543200000,0.10412,0.10425,0.10331,0.10389,86294413.0
1723546800000,0.10389,0.10424,0.10324,0.10424,122576899.0
1723550400000,0.10424,0.10488,0.10388,0.10464,136607148.0
1723554000000,0.10464,0.10523,0.10409,0.10512,116308583.0
1723557600000,0.10512,0.10569,0.10395,0.1055,136999960.0
1723561200000,0.1055,0.10582,0.10485,0.1051,73296395.0
1723564800000,0.1051,0.10752,0.10499,0.10729,174324719.0
1723568400000,0.10729,0.10752,0.1064,0.10698,171823470.0
1723572000000,0.10698,0.10707,0.10577,0.10582,89236704.0
1723575600000,0.10581,0.10582,0.10444,0.10549,136769062.0
1723579200000,0.10548,0.1057,0.10507,0.10525,46838314.0
1723582800000,0.10524,0.10648,0.10523,0.10639,73130948.0
1723586400000,0.10639,0.10662,0.10572,0.10641,84579130.0
1723590000000,0.10641,0.10671,0.10591,0.1063,45421726.0
1723593600000,0.1063,0.10657,0.10593,0.10648,55126137.0
1723597200000,0.10647,0.1065,0.10511,0.10531,76590508.0
1723600800000,0.10531,0.10591,0.10512,0.10572,45856533.0
1723604400000,0.10572,0.10643,0.10556,0.10573,54731644.0
1723608000000,0.10574,0.10613,0.10553,0.10574,46688922.0
1723611600000,0.10574,0.10626,0.1054,0.10565,57448644.0
1723615200000,0.10564,0.10638,0.10525,0.10567,96001916.0
1723618800000,0.10567,0.10571,0.10528,0.10563,47728047.0
1723622400000,0.10562,0.10575,0.10503,0.10561,58061715.0
1723626000000,0.1056,0.10588,0.10531,0.10543,59955778.0
1723629600000,0.10543,0.10649,0.1054,0.10578,107341093.0
1723633200000,0.10577,0.10602,0.10511,0.10573,110915855.0
1723636800000,0.10573,0.10686,0.10519,0.10567,334401444.0
1723640400000,0.10566,0.10601,0.10246,0.10268,390195460.0
1723644000000,0.10269,0.10314,0.1013,0.10305,335244451.0
1723647600000,0.10305,0.10367,0.10211,0.10315,176532090.0
1723651200000,0.10315,0.10339,0.10221,0.10281,113929288.0
1723654800000,0.10282,0.10306,0.10241,0.10265,47511062.0
1723658400000,0.10264,0.10312,0.10222,0.10269,50796422.0
1723662000000,0.10268,0.10282,0.1022,0.10246,46635973.0
1723665600000,0.10246,0.10311,0.10234,0.1028,44419503.0
1723669200000,0.1028,0.1029,0.10203,0.10214,30866666.0
1723672800000,0.10213,0.10275,0.10144,0.1027,80733773.0
1723676400000,0.1027,0.10288,0.10228,0.10235,34353917.0
1723680000000,0.10235,0.1029,0.10213,0.10256,50941870.0
1723683600000,0.10257,0.10278,0.10182,0.10195,59916859.0
1723687200000,0.10196,0.10284,0.10167,0.10236,74683636.0
1723690800000,0.10237,0.10276,0.10228,0.10263,28875531.0
1723694400000,0.10263,0.10273,0.10228,0.10262,32910177.0
1723698000000,0.10262,0.10296,0.10199,0.10215,58654816.0
1723701600000,0.10215,0.10314,0.10177,0.10212,179982651.0
1723705200000,0.10212,0.10274,0.10177,0.10255,87170323.0
1723708800000,0.10255,0.10316,0.1022,0.10313,64583564.0
1723712400000,0.10313,0.10347,0.10242,0.10248,86592269.0
1723716000000,0.10248,0.10262,0.10193,0.10205,69262109.0
1723719600000,0.10205,0.10299,0.10203,0.10268,82152274.0
1723723200000,0.10267,0.10378,0.10215,0.10261,208591033.0
1723726800000,0.1026,0.10411,0.10218,0.10411,150061770.0
1723730400000,0.10411,0.10491,0.10379,0.10422,161323062.0
1723734000000,0.10422,0.10473,0.1037,0.10426,120187333.0
1723737600000,0.10426,0.10462,0.10352,0.104,82304492.0
1723741200000,0.10399,0.10402,0.1015,0.10166,153854052.0
1723744800000,0.10165,0.10168,0.09782,0.09923,874976808.0
1723748400000,0.09923,0.0995,0.09847,0.09904,219452591.0
1723752000000,0.09904,0.0992,0.09827,0.09914,143824313.0
1723755600000,0.09915,0.09929,0.09856,0.09917,98764650.0
1723759200000,0.09917,0.10048,0.09861,0.09999,151151422.0
1723762800000,0.09999,0.10048,0.09976,0.10013,70650326.0
1723766400000,0.10013,0.10041,0.09984,0.10016,97918971.0
1723770000000,0.10015,0.10045,0.09932,0.10002,81710138.0
1723773600000,0.10001,0.10149,0.09949,0.10096,148858102.0
1723777200000,0.10097,0.10104,0.10022,0.10039,89202761.0
1723780800000,0.10039,0.10138,0.1003,0.10132,139698874.0
1723784400000,0.10132,0.10139,0.10091,0.10095,43768780.0
1723788000000,0.10096,0.102,0.10081,0.1017,86388455.0
1723791600000,0.10171,0.10179,0.10129,0.10167,44877173.0
1723795200000,0.10166,0.10178,0.10128,0.10132,38847674.0
1723798800000,0.10132,0.10167,0.10119,0.10164,48190434.0
1723802400000,0.10164,0.10165,0.10103,0.10115,45953782.0
1723806000000,0.10114,0.10141,0.10067,0.10088,77269741.0
1723809600000,0.10088,0.10119,0.0983,0.09921,257494116.0
1723813200000,0.09921,0.10124,0.09891,0.09985,275372681.0
1723816800000,0.09986,0.10016,0.09837,0.09874,215135936.0
1723820400000,0.09874,0.09942,0.09736,0.09824,179462874.0
1723824000000,0.09823,0.09992,0.09802,0.0993,182406068.0
1723827600000,0.0993,0.10129,0.0982,0.10104,221197694.0
1723831200000,0.10105,0.1017,0.10056,0.1011,169592507.0
1723834800000,0.1011,0.10148,0.10072,0.10085,101305565.0
1723838400000,0.10085,0.10134,0.10069,0.10085,58844362.0
1723842000000,0.10085,0.10103,0.1004,0.10063,52204913.0
1723845600000,0.10062,0.10087,0.10028,0.10037,49773482.0
1723849200000,0.10036,0.10054,0.09984,0.10028,46518449.0
1723852800000,0.10028,0.10075,0.09992,0.10064,66003387.0
1723856400000,0.10064,0.10125,0.10055,0.10103,64456392.0
1723860000000,0.10102,0.10132,0.10078,0.10083,38102399.0
1723863600000,0.10083,0.10095,0.10032,0.10073,40801192.0
1723867200000,0.10074,0.10086,0.10055,0.10083,28779875.0
1723870800000,0.10084,0.10092,0.1006,0.10081,22451565.0
1723874400000,0.10081,0.10099,0.10069,0.10075,22533226.0
1723878000000,0.10075,0.10125,0.10067,0.10119,49030004.0
1723881600000,0.10119,0.10123,0.10085,0.10117,28453362.0
1723885200000,0.10117,0.10137,0.10094,0.10121,42902331.0
1723888800000,0.10122,0.1013,0.1008,0.10085,56067857.0
1723892400000,0.10085,0.10115,0.10067,0.101,54087780.0
1723896000000,0.101,0.10135,0.10084,0.10134,42592463.0
1723899600000,0.10135,0.10206,0.10127,0.1019,153914703.0
1723903200000,0.1019,0.10248,0.10161,0.10234,103055277.0
1723906800000,0.10234,0.10252,0.10193,0.10204,85820908.0
1723910400000,0.10204,0.10324,0.10203,0.10298,115596685.0
1723914000000,0.10298,0.10366,0.10286,0.10307,86916837.0
1723917600000,0.10307,0.1032,0.10232,0.10252,84287334.0
1723921200000,0.10252,0.10291,0.10232,0.10284,45937187.0
1723924800000,0.10284,0.10298,0.10254,0.10278,35382234.0
1723928400000,0.10278,0.1029,0.10235,0.10282,37466685.0
1723932000000,0.10282,0.10312,0.10251,0.10268,31731954.0
1723935600000,0.10268,0.10282,0.10246,0.10271,23959801.0
1723939200000,0.10271,0.10317,0.10247,0.10302,56652052.0
1723942800000,0.10301,0.1031,0.102,0.10208,58050214.0
1723946400000,0.10208,0.10325,0.10176,0.10319,87344287.0
1723950000000,0.10319,0.10341,0.10196,0.10203,81559014.0
1723953600000,0.10204,0.10232,0.1017,0.10215,48024930.0
1723957200000,0.10215,0.10239,0.10193,0.10224,40477768.0
1723960800000,0.10224,0.10257,0.10212,0.10237,31305016.0
1723964400000,0.10237,0.10239,0.10203,0.1022,22864282.0
1723968000000,0.10219,0.1024,0.102,0.10239,30606800.0
1723971600000,0.1024,0.10287,0.10205,0.10257,84116086.0
1723975200000,0.10257,0.10333,0.10257,0.10267,149361150.0
1723978800000,0.10267,0.10367,0.10246,0.10351,146491544.0
1723982400000,0.10351,0.10414,0.10325,0.10356,93194559.0
1723986000000,0.10356,0.10456,0.10319,0.10334,126041277.0
1723989600000,0.10333,0.10374,0.1027,0.10301,136739025.0
1723993200000,0.10301,0.10336,0.10262,0.10319,53801759.0
1723996800000,0.10319,0.10369,0.10305,0.1033,54709201.0
1724000400000,0.1033,0.10341,0.1019,0.10211,120280545.0
1724004000000,0.10211,0.10239,0.10193,0.10233,42245857.0
1724007600000,0.10234,0.10264,0.10214,0.10246,32027241.0
1724011200000,0.10246,0.10258,0.10208,0.1023,38733655.0
1724014800000,0.1023,0.10235,0.10088,0.10123,73815005.0
1724018400000,0.10123,0.10166,0.10116,0.10129,58873021.0
1724022000000,0.10129,0.10144,0.09989,0.09998,126388975.0
1724025600000,0.09999,0.10034,0.09937,0.09948,152255104.0
1724029200000,0.09948,0.10058,0.09939,0.10021,124944904.0
1724032800000,0.1002,0.10061,0.09994,0.10046,47805886.0
1724036400000,0.10046,0.1006,0.10025,0.10039,42102583.0
1724040000000,0.1004,0.10046,0.10007,0.10032,39787583.0
1724043600000,0.10032,0.10044,0.09997,0.10014,39580479.0
1724047200000,0.10013,0.10041,0.09974,0.1,56945702.0
1724050800000,0.10001,0.10023,0.09946,0.09979,74203686.0
1724054400000,0.09979,0.10026,0.09966,0.10018,49146308.0
1724058000000,0.10018,0.10045,0.09891,0.09903,122754306.0
1724061600000,0.09903,0.09962,0.09858,0.09908,152055378.0
1724065200000,0.09909,0.0999,0.09853,0.09978,133308148.0
1724068800000,0.09978,0.10032,0.09957,0.10005,87554876.0
1724072400000,0.10006,0.10099,0.09921,0.09938,175099758.0
1724076000000,0.09939,0.10021,0.099,0.10012,118862397.0
1724079600000,0.10012,0.10041,0.09981,0.09981,66523626.0
1724083200000,0.09981,0.10008,0.09929,0.09995,98186414.0
1724086800000,0.09995,0.10184,0.09988,0.10075,172495586.0
1724090400000,0.10075,0.10115,0.10009,0.10082,74129872.0
1724094000000,0.10083,0.10095,0.10022,0.10039,57110545.0
1724097600000,0.10039,0.10092,0.1002,0.10048,44225775.0
1724101200000,0.10048,0.10075,0.10033,0.10037,31311157.0
1724104800000,0.10038,0.10085,0.10037,0.1007,29435969.0
1724108400000,0.10071,0.1019,0.10054,0.10127,123967378.0
1724112000000,0.10128,0.10624,0.10102,0.10293,530747089.0
1724115600000,0.10292,0.10571,0.10246,0.10413,330414669.0
1724119200000,0.10414,0.10488,0.10255,0.10406,441123697.0
1724122800000,0.10406,0.10485,0.10351,0.10466,200067830.0
1724126400000,0.10467,0.10474,0.10376,0.10431,155857871.0
1724130000000,0.10432,0.1056,0.10428,0.10515,157195910.0
1724133600000,0.10515,0.10528,0.10463,0.10503,130100587.0
1724137200000,0.10504,0.10566,0.10472,0.10546,141899298.0
1724140800000,0.10545,0.10562,0.10452,0.10482,137977123.0
1724144400000,0.10481,0.10534,0.10475,0.10509,75768678.0
1724148000000,0.10508,0.10554,0.10497,0.1053,83689024.0
1724151600000,0.10531,0.10559,0.10447,0.10473,131883028.0
1724155200000,0.10472,0.1053,0.10464,0.10512,74128361.0
1724158800000,0.10511,0.1052,0.1035,0.10497,242454862.0
1724162400000,0.10496,0.105,0.10207,0.10211,503146638.0
1724166000000,0.10212,0.10239,0.10105,0.10212,275179702.0
1724169600000,0.10212,0.1032,0.10181,0.10284,216352595.0
1724173200000,0.10284,0.10347,0.1026,0.10326,75839771.0
1724176800000,0.10326,0.10413,0.1031,0.10363,99660781.0
1724180400000,0.10362,0.10437,0.10343,0.10418,56149055.0
1724184000000,0.10419,0.10462,0.10372,0.10376,70567864.0
1724187600000,0.10376,0.1038,0.10306,0.10337,87589206.0
1724191200000,0.10337,0.10388,0.10334,0.10356,40786282.0
1724194800000,0.10355,0.10363,0.10284,0.10286,49304808.0
1724198400000,0.10285,0.10358,0.10265,0.10275,67705700.0
1724202000000,0.10275,0.10328,0.10223,0.10326,80301203.0
1724205600000,0.10326,0.10408,0.10318,0.10388,73795915.0
1724209200000,0.10388,0.10414,0.10358,0.10376,45975716.0
1724212800000,0.10377,0.10378,0.10295,0.10362,101272319.0
1724216400000,0.10363,0.10384,0.10354,0.10374,33836727.0
1724220000000,0.10374,0.10455,0.1037,0.10436,76811786.0
1724223600000,0.10435,0.10472,0.10425,0.10457,60945340.0
1724227200000,0.10458,0.10488,0.10373,0.10415,86008969.0
1724230800000,0.10415,0.10418,0.10324,0.104,89833970.0
1724234400000,0.104,0.1043,0.10357,0.10424,72889190.0
1724238000000,0.10423,0.10437,0.10359,0.10363,46101135.0
1724241600000,0.10363,0.10399,0.10316,0.10376,69874540.0
1724245200000,0.10376,0.10414,0.10203,0.10403,200199389.0
1724248800000,0.10403,0.10479,0.10286,0.10335,306596636.0
1724252400000,0.10334,0.10425,0.103,0.1037,83141423.0
1724256000000,0.1037,0.10446,0.1034,0.10438,68720986.0
1724259600000,0.10438,0.10542,0.10406,0.10488,142057543.0
1724263200000,0.10487,0.10595,0.10463,0.1057,132400249.0
1724266800000,0.1057,0.1068,0.10529,0.10674,155690308.0
1724270400000,0.10674,0.10792,0.10654,0.10689,194706715.0
1724274000000,0.10688,0.10726,0.10637,0.10665,69546851.0
1724277600000,0.10665,0.10694,0.10617,0.10624,60341222.0
1724281200000,0.10623,0.1066,0.10575,0.10612,94480948.0
1724284800000,0.10613,0.10638,0.10572,0.10574,81335062.0
1724288400000,0.10574,0.10608,0.10561,0.10593,46840253.0
1724292000000,0.10593,0.10594,0.10392,0.10456,149666978.0
1724295600000,0.10456,0.10531,0.10432,0.10525,77670303.0
1724299200000,0.10526,0.10559,0.10508,0.10534,46190563.0
1724302800000,0.10534,0.10535,0.10481,0.10512,67842281.0
1724306400000,0.10513,0.1055,0.10505,0.10528,52629125.0
1724310000000,0.10529,0.10592,0.10526,0.10583,51457536.0
1724313600000,0.10583,0.10617,0.1055,0.10595,68342012.0
1724317200000,0.10595,0.10619,0.10556,0.10588,67198431.0
1724320800000,0.10589,0.10686,0.10572,0.10674,70431542.0
1724324400000,0.10675,0.10677,0.10623,0.10648,56639571.0
1724328000000,0.10647,0.10653,0.1054,0.10556,101510954.0
1724331600000,0.10557,0.10588,0.10501,0.10569,106667877.0
1724335200000,0.1057,0.10575,0.1051,0.10548,82257384.0
1724338800000,0.10547,0.10603,0.10466,0.10512,106973960.0
1724342400000,0.10512,0.10604,0.10499,0.10532,108381712.0
1724346000000,0.10533,0.10578,0.10484,0.1051,75886895.0
1724349600000,0.1051,0.10567,0.10493,0.10499,55096758.0
1724353200000,0.10499,0.1053,0.10467,0.10478,39826763.0
1724356800000,0.10478,0.10528,0.10471,0.10525,57608619.0
1724360400000,0.10525,0.10539,0.10491,0.1053,34055642.0
1724364000000,0.10529,0.10542,0.10501,0.10539,22612253.0
1724367600000,0.10538,0.10543,0.10507,0.10522,24239243.0
1724371200000,0.10521,0.1064,0.10518,0.10593,97356350.0
1724374800000,0.10593,0.10632,0.10567,0.106,46901089.0
1724378400000,0.106,0.10628,0.10582,0.10606,36224552.0
1724382000000,0.10606,0.10621,0.10584,0.10596,34243533.0
1724385600000,0.10597,0.10628,0.10596,0.10604,29904716.0
1724389200000,0.10604,0.10731,0.10599,0.10672,120292322.0
1724392800000,0.10672,0.10762,0.10644,0.1073,74274337.0
1724396400000,0.10731,0.10759,0.10705,0.10717,68759993.0
1724400000000,0.10717,0.10762,0.10714,0.1073,57573784.0
1724403600000,0.10729,0.1074,0.10654,0.10663,75116638.0
1724407200000,0.10664,0.10701,0.1066,0.1067,46646898.0
1724410800000,0.10669,0.10675,0.10602,0.10606,92914548.0
1724414400000,0.10607,0.11069,0.10605,0.10818,460635355.0
1724418000000,0.10818,0.10867,0.10742,0.10816,216474439.0
1724421600000,0.10816,0.1107,0.10544,0.10747,911702783.0
1724425200000,0.10748,0.11281,0.10733,0.10985,565115688.0
1724428800000,0.10985,0.11073,0.10958,0.11047,225347300.0
1724432400000,0.11046,0.11261,0.11006,0.1124,348242767.0
1724436000000,0.1124,0.11305,0.11165,0.11195,266881638.0
1724439600000,0.11195,0.11323,0.11179,0.113,185249833.0
1724443200000,0.11301,0.11344,0.11249,0.1128,113712770.0
1724446800000,0.11279,0.11431,0.11274,0.11427,133988740.0
1724450400000,0.11427,0.1154,0.1128,0.11322,405060514.0
1724454000000,0.11323,0.11368,0.11263,0.11288,165554257.0
1724457600000,0.11288,0.11335,0.11246,0.11297,83948362.0
1724461200000,0.11297,0.11298,0.11163,0.11233,90235637.0
1724464800000,0.11233,0.11284,0.11215,0.11277,73328635.0
1724468400000,0.11276,0.113,0.11241,0.11254,61560309.0
1724472000000,0.11253,0.113,0.11212,0.11216,67579354.0
1724475600000,0.11215,0.11267,0.11203,0.1125,83969896.0
1724479200000,0.1125,0.11266,0.1122,0.11229,62339569.0
1724482800000,0.1123,0.11248,0.11217,0.11231,81433498.0
1724486400000,0.1123,0.11273,0.11188,0.11271,93223449.0
1724490000000,0.11271,0.1131,0.11217,0.11299,77660438.0
1724493600000,0.11298,0.11387,0.11279,0.11331,103838275.0
1724497200000,0.11331,0.11369,0.11201,0.11214,163684449.0
1724500800000,0.11213,0.11314,0.11116,0.11179,327552508.0
1724504400000,0.11179,0.11233,0.11142,0.11221,127524963.0
1724508000000,0.11221,0.11259,0.11188,0.11256,83481175.0
1724511600000,0.11255,0.11257,0.11182,0.11208,115947871.0
1724515200000,0.11208,0.11486,0.11194,0.11443,319878912.0
1724518800000,0.11443,0.11462,0.11307,0.11332,161944306.0
1724522400000,0.11333,0.11422,0.11279,0.11381,130649244.0
1724526000000,0.11381,0.11487,0.11379,0.11422,154562069.0
1724529600000,0.11423,0.11496,0.11407,0.11416,96684118.0
1724533200000,0.11415,0.11416,0.11067,0.11102,313377396.0
1724536800000,0.11102,0.11213,0.111,0.1118,146101488.0
1724540400000,0.11181,0.11259,0.11178,0.1125,57066039.0
1724544000000,0.11251,0.11279,0.11078,0.11111,148170080.0
1724547600000,0.1111,0.11195,0.10974,0.11075,239774572.0
1724551200000,0.11075,0.11167,0.11075,0.11135,77264570.0
1724554800000,0.11135,0.11145,0.11012,0.1109,201491257.0
1724558400000,0.11091,0.11113,0.11013,0.11101,78771114.0
1724562000000,0.111,0.11113,0.11045,0.11073,49764032.0
1724565600000,0.11073,0.1109,0.10987,0.11014,103739628.0
1724569200000,0.11014,0.11015,0.10772,0.10834,321469650.0
1724572800000,0.10833,0.10932,0.10787,0.10902,127674574.0
1724576400000,0.10902,0.10928,0.10841,0.10894,80341375.0
1724580000000,0.10894,0.10905,0.10841,0.10871,69374886.0
1724583600000,0.10872,0.10941,0.10867,0.1088,81608183.0
1724587200000,0.10881,0.10924,0.10855,0.10908,53519043.0
1724590800000,0.10909,0.11009,0.10902,0.10983,152114783.0
1724594400000,0.10983,0.11057,0.10965,0.11032,110154128.0
1724598000000,0.11033,0.11087,0.10988,0.11017,106132322.0
1724601600000,0.11018,0.11066,0.1096,0.10984,105151480.0
1724605200000,0.10985,0.11033,0.10956,0.10994,61310344.0
1724608800000,0.10994,0.11029,0.10969,0.10996,80743871.0
1724612400000,0.10996,0.11018,0.10949,0.10966,114294502.0
1724616000000,0.10966,0.11002,0.1095,0.10969,39901912.0
1724619600000,0.1097,0.11076,0.10965,0.11053,92132697.0
1724623200000,0.11054,0.11093,0.11016,0.11049,62844746.0
1724626800000,0.1105,0.11114,0.10928,0.10954,188466752.0
1724630400000,0.10954,0.11027,0.10895,0.10961,122153628.0
1724634000000,0.10961,0.10987,0.1086,0.1088,108796161.0
1724637600000,0.1088,0.1092,0.1077,0.10913,166207051.0
1724641200000,0.10913,0.10936,0.10892,0.10929,50899284.0
1724644800000,0.10929,0.10985,0.1091,0.10973,45463370.0
1724648400000,0.10974,0.10977,0.109,0.10906,53625489.0
1724652000000,0.10905,0.10918,0.10809,0.10858,111114834.0
1724655600000,0.10858,0.10915,0.1081,0.10866,75547576.0
1724659200000,0.10867,0.10942,0.10859,0.10926,69295655.0
1724662800000,0.10925,0.10943,0.1081,0.10941,153709396.0
1724666400000,0.10941,0.10966,0.1087,0.10879,98683720.0
1724670000000,0.10878,0.10927,0.10856,0.10873,67516695.0
1724673600000,0.10874,0.10895,0.10661,0.1073,236532171.0
1724677200000,0.1073,0.10783,0.10661,0.10736,130579643.0
1724680800000,0.10737,0.10778,0.10646,0.10736,189024890.0
1724684400000,0.10737,0.10742,0.1061,0.10697,152163677.0
1724688000000,0.10697,0.10749,0.10655,0.10711,72907781.0
1724691600000,0.1071,0.1074,0.10494,0.10517,228584062.0
1724695200000,0.10518,0.10607,0.10431,0.10565,199319183.0
1724698800000,0.10565,0.10586,0.10506,0.10543,89414845.0
1724702400000,0.10542,0.10579,0.10472,0.10551,71460787.0
1724706000000,0.1055,0.10568,0.10438,0.10548,122353987.0
1724709600000,0.10547,0.10568,0.1051,0.10545,128697911.0
1724713200000,0.10545,0.10573,0.10506,0.10513,41572409.0
1724716800000,0.10513,0.10609,0.10509,0.10552,79411953.0
1724720400000,0.10551,0.10629,0.10543,0.10584,61212409.0
1724724000000,0.10585,0.10627,0.10538,0.10553,40186103.0
1724727600000,0.10553,0.10584,0.10514,0.10567,52083349.0
1724731200000,0.10567,0.10602,0.10541,0.10578,41911119.0
1724734800000,0.10578,0.10648,0.10574,0.10638,44448212.0
1724738400000,0.10638,0.10646,0.10551,0.10579,75394667.0
1724742000000,0.10579,0.10621,0.10572,0.10597,52504425.0
1724745600000,0.10597,0.10616,0.10492,0.10546,115283755.0
1724749200000,0.10547,0.10558,0.10435,0.10471,92566116.0
1724752800000,0.10472,0.10475,0.1034,0.10393,202388138.0
1724756400000,0.10394,0.10456,0.10361,0.10425,96947264.0
1724760000000,0.10424,0.10447,0.10348,0.10439,94481921.0
1724763600000,0.1044,0.10463,0.10387,0.10397,83333693.0
1724767200000,0.10398,0.10483,0.10315,0.10411,183589841.0
1724770800000,0.10411,0.1044,0.1036,0.10388,85996173.0
1724774400000,0.10388,0.10436,0.10336,0.10354,175386016.0
1724778000000,0.10354,0.10406,0.10332,0.10387,100098845.0
1724781600000,0.10386,0.10461,0.10361,0.10453,82261407.0
1724785200000,0.10454,0.1048,0.10382,0.10423,61543303.0
1724788800000,0.10423,0.10431,0.10326,0.10333,72707240.0
1724792400000,0.10333,0.10348,0.09861,0.10007,573355427.0
1724796000000,0.10008,0.1003,0.09622,0.09866,759275221.0
1724799600000,0.09865,0.09929,0.0979,0.09884,182031910.0
1724803200000,0.09884,0.09884,0.09762,0.09841,192005455.0
1724806800000,0.09842,0.09899,0.09782,0.09885,97777555.0
1724810400000,0.09885,0.099,0.09823,0.0988,70613333.0
1724814000000,0.0988,0.09968,0.09869,0.09952,82466762.0
1724817600000,0.09953,0.09964,0.09889,0.09908,68797888.0
1724821200000,0.09908,0.09966,0.09891,0.09923,64821617.0
1724824800000,0.09924,0.09939,0.09894,0.09901,63680229.0
1724828400000,0.099,0.09919,0.09791,0.09801,151093909.0
1724832000000,0.09802,0.09924,0.0974,0.09894,112398259.0
1724835600000,0.09894,0.10186,0.09882,0.10175,205524230.0
1724839200000,0.10174,0.10177,0.10068,0.10079,111037021.0
1724842800000,0.10079,0.10141,0.10055,0.10071,78261020.0
1724846400000,0.10071,0.10147,0.10056,0.10088,75857393.0
1724850000000,0.10088,0.10095,0.10002,0.10005,161388518.0
1724853600000,0.10007,0.10141,0.0997,0.10037,157596436.0
1724857200000,0.10037,0.10042,0.09874,0.09945,205418385.0
1724860800000,0.09944,0.09986,0.09676,0.09984,436461906.0
1724864400000,0.09984,0.09996,0.09846,0.09851,229850377.0
1724868000000,0.09851,0.10114,0.09822,0.1011,131409927.0
1724871600000,0.1011,0.10163,0.09884,0.09908,181691548.0
1724875200000,0.09908,0.10073,0.09897,0.0997,152007103.0
1724878800000,0.09972,0.10016,0.09909,0.09915,45922235.0
1724882400000,0.09915,0.09952,0.09856,0.09952,77773712.0
1724886000000,0.09952,0.09995,0.09919,0.09956,42297301.0
1724889600000,0.09956,0.10039,0.09943,0.10033,80004056.0
1724893200000,0.10032,0.10053,0.09978,0.10011,52343768.0
1724896800000,0.10011,0.10034,0.0997,0.10025,36516614.0
1724900400000,0.10025,0.10067,0.10016,0.10048,39824763.0
1724904000000,0.10049,0.10059,0.10014,0.10021,52304449.0
1724907600000,0.10021,0.10094,0.10005,0.10088,48996625.0
1724911200000,0.10088,0.10136,0.10082,0.10094,76529525.0
1724914800000,0.10094,0.10111,0.10049,0.10056,62371932.0
1724918400000,0.10055,0.10091,0.10016,0.10049,81138300.0
1724922000000,0.1005,0.10085,0.1004,0.10044,50561501.0
1724925600000,0.10044,0.10094,0.10041,0.10063,33445584.0
1724929200000,0.10063,0.10182,0.10047,0.10111,104775443.0
1724932800000,0.1011,0.10184,0.10095,0.1012,100428561.0
1724936400000,0.10119,0.10161,0.10089,0.10152,57888252.0
1724940000000,0.10153,0.10205,0.10132,0.10168,106121845.0
1724943600000,0.10168,0.10257,0.10161,0.10194,103080568.0
1724947200000,0.10194,0.10231,0.10095,0.10118,110026769.0
1724950800000,0.10118,0.1014,0.10071,0.10123,55704074.0
1724954400000,0.10123,0.10124,0.09831,0.09875,232665131.0
1724958000000,0.09876,0.09967,0.09821,0.09897,111741733.0
1724961600000,0.09896,0.09961,0.09881,0.09934,82063771.0
1724965200000,0.09935,0.0995,0.09896,0.09935,31939007.0
1724968800000,0.09935,0.10049,0.09832,0.09948,238102826.0
1724972400000,0.09949,0.10065,0.09939,0.10031,139655286.0
1724976000000,0.10031,0.10076,0.09987,0.10039,84557160.0
1724979600000,0.1004,0.10052,0.09957,0.10031,86403472.0
1724983200000,0.10031,0.10048,0.09988,0.10028,43760407.0
1724986800000,0.10027,0.10028,0.09977,0.10007,65381330.0
1724990400000,0.10007,0.10043,0.10002,0.10021,34832826.0
1724994000000,0.10022,0.10023,0.09951,0.09981,73860937.0
1724997600000,0.09981,0.10074,0.09951,0.10067,73954075.0
1725001200000,0.10067,0.10114,0.10048,0.1007,91970654.0
1725004800000,0.10069,0.10117,0.10063,0.10104,64775009.0
1725008400000,0.10105,0.1021,0.10097,0.10205,100898829.0
1725012000000,0.10206,0.10243,0.10146,0.10157,136571786.0
1725015600000,0.10157,0.10173,0.10102,0.10127,80527145.0
1725019200000,0.10127,0.10243,0.10113,0.1016,149276726.0
1725022800000,0.1016,0.10172,0.09992,0.1011,190214936.0
1725026400000,0.10111,0.1016,0.099,0.09904,283336124.0
1725030000000,0.09905,0.0994,0.09802,0.0984,337638817.0
1725033600000,0.09841,0.09916,0.09689,0.09864,405345316.0
1725037200000,0.09865,0.09942,0.09833,0.099,110134493.0
1725040800000,0.09899,0.1018,0.09894,0.10092,306386813.0
1725044400000,0.10091,0.10092,0.09992,0.1001,83272821.0
1725048000000,0.10011,0.10065,0.10008,0.1006,46816745.0
1725051600000,0.10061,0.10101,0.1005,0.10081,70826200.0
1725055200000,0.10081,0.10166,0.10081,0.10135,75565856.0
1725058800000,0.10135,0.10325,0.10101,0.10175,352953056.0
1725062400000,0.10175,0.10235,0.10129,0.10195,385140345.0
1725066000000,0.10196,0.10208,0.10118,0.10133,63560941.0
1725069600000,0.10133,0.10138,0.1008,0.1011,70014915.0
1725073200000,0.1011,0.10146,0.10095,0.10121,31182396.0
1725076800000,0.10122,0.10166,0.10121,0.10162,37867600.0
1725080400000,0.10162,0.10187,0.10133,0.10136,33338035.0
1725084000000,0.10136,0.10166,0.10126,0.10154,29632202.0
1725087600000,0.10154,0.10159,0.10091,0.10106,96478100.0
1725091200000,0.10106,0.10122,0.10054,0.1006,57973490.0
1725094800000,0.10059,0.10086,0.1003,0.10065,46667316.0
1725098400000,0.10065,0.10141,0.1005,0.10135,40017581.0
1725102000000,0.10136,0.10149,0.10117,0.10122,26071215.0
1725105600000,0.10122,0.10143,0.101,0.10132,39044214.0
1725109200000,0.10132,0.10148,0.10075,0.1008,49174456.0
1725112800000,0.1008,0.10138,0.10073,0.10126,43435302.0
1725116400000,0.10125,0.10162,0.10112,0.10161,49086921.0
1725120000000,0.10161,0.10162,0.10074,0.10098,58509889.0
1725123600000,0.10098,0.10135,0.10048,0.10129,74501483.0
1725127200000,0.10128,0.1023,0.10125,0.10148,102283677.0
1725130800000,0.10147,0.10168,0.10102,0.10104,42303163.0
1725134400000,0.10104,0.10143,0.10088,0.1012,59603375.0
1725138000000,0.10121,0.1017,0.10113,0.10153,37809542.0
1725141600000,0.10153,0.10169,0.10124,0.10127,24821788.0
1725145200000,0.10127,0.1014,0.10107,0.10124,25748441.0
1725148800000,0.10124,0.10148,0.10094,0.10108,41691137.0
1725152400000,0.10107,0.10121,0.1003,0.10038,50346216.0
1725156000000,0.10039,0.10048,0.09968,0.10048,109815652.0
1725159600000,0.10049,0.10065,0.10023,0.10024,30079970.0
1725163200000,0.10023,0.10024,0.09977,0.09995,39955124.0
1725166800000,0.09994,0.10006,0.0984,0.09865,169806259.0
1725170400000,0.09865,0.09943,0.09855,0.09917,65257638.0
1725174000000,0.09917,0.09968,0.09898,0.09966,51622994.0
1725177600000,0.09966,0.09978,0.09935,0.09946,45910298.0
1725181200000,0.09946,0.09973,0.09921,0.09936,43190456.0
1725184800000,0.09936,0.09936,0.09861,0.09883,76737865.0
1725188400000,0.09883,0.09932,0.09855,0.0993,57314459.0
1725192000000,0.0993,0.09938,0.09852,0.09868,52937236.0
1725195600000,0.09868,0.09914,0.09797,0.09861,116329181.0
1725199200000,0.09861,0.09864,0.09696,0.09786,316715008.0
1725202800000,0.09786,0.0989,0.09732,0.09847,131489894.0
1725206400000,0.09847,0.0988,0.09743,0.09765,97503518.0
1725210000000,0.09766,0.09797,0.09669,0.09735,137090998.0
1725213600000,0.09735,0.09884,0.0972,0.09844,119479641.0
1725217200000,0.09844,0.0993,0.09844,0.09906,149457603.0
1725220800000,0.09907,0.0995,0.09871,0.09882,48413953.0
1725224400000,0.09882,0.09886,0.09773,0.09813,40538813.0
1725228000000,0.09813,0.09823,0.09382,0.09434,439638437.0
1725231600000,0.09434,0.09564,0.09418,0.09502,189877580.0
1725235200000,0.09502,0.09585,0.09488,0.09552,139667274.0
1725238800000,0.09553,0.09599,0.09525,0.09542,64114065.0
1725242400000,0.09542,0.09589,0.09485,0.09491,79291123.0
1725246000000,0.09491,0.09549,0.09466,0.09517,74587329.0
1725249600000,0.09517,0.09532,0.09404,0.09408,92521103.0
1725253200000,0.09407,0.09566,0.09406,0.0952,90327344.0
1725256800000,0.09521,0.09556,0.09503,0.09515,53251207.0
1725260400000,0.09515,0.09542,0.09403,0.09446,113753507.0
1725264000000,0.09446,0.0963,0.09435,0.09591,178566160.0
1725267600000,0.09591,0.0975,0.09573,0.09732,149422220.0
1725271200000,0.09732,0.09799,0.09703,0.09744,161426728.0
1725274800000,0.09743,0.0977,0.097,0.09726,104061400.0
1725278400000,0.09726,0.0975,0.09686,0.09726,91168025.0
1725282000000,0.09726,0.09743,0.0966,0.09667,95642344.0
1725285600000,0.09666,0.09793,0.09605,0.09763,179238161.0
1725289200000,0.09763,0.09794,0.09725,0.09731,98026694.0
1725292800000,0.09732,0.09779,0.09684,0.09693,66248072.0
1725296400000,0.09693,0.09785,0.09691,0.0978,65428349.0
1725300000000,0.0978,0.09804,0.09735,0.09755,91661607.0
1725303600000,0.09754,0.09798,0.0972,0.09779,78062313.0
1725307200000,0.09779,0.09952,0.09755,0.09919,204050957.0
1725310800000,0.09919,0.09994,0.09853,0.09887,186882641.0
1725314400000,0.09888,0.09914,0.0986,0.09904,102330633.0
1725318000000,0.09903,0.09924,0.09879,0.09907,49655146.0
1725321600000,0.09907,0.09937,0.09874,0.09934,64876929.0
1725325200000,0.09934,0.0999,0.09919,0.09988,78343935.0
1725328800000,0.09988,0.10074,0.09971,0.09973,230572341.0
1725332400000,0.09973,0.09992,0.09944,0.09953,63777614.0
1725336000000,0.09953,0.09962,0.09905,0.09917,57614151.0
1725339600000,0.09917,0.09967,0.09898,0.09964,46066190.0
1725343200000,0.09964,0.09968,0.09925,0.09926,45253163.0
1725346800000,0.09926,0.09955,0.09918,0.09954,59323704.0
1725350400000,0.09955,0.09961,0.09855,0.09881,89549541.0
1725354000000,0.09881,0.0993,0.09879,0.0991,46376346.0
1725357600000,0.09911,0.09955,0.099,0.0993,46487218.0
1725361200000,0.0993,0.09967,0.09916,0.09957,45909587.0
1725364800000,0.09957,0.10045,0.09951,0.1001,84185527.0
1725368400000,0.1001,0.10041,0.09809,0.09829,258089007.0
1725372000000,0.09829,0.09829,0.09713,0.09735,277016516.0
1725375600000,0.09735,0.0981,0.09667,0.09687,163073114.0
1725379200000,0.09686,0.09765,0.09662,0.09743,128284312.0
1725382800000,0.09744,0.09857,0.09739,0.09787,110249217.0
1725386400000,0.09787,0.09823,0.09752,0.09787,76113804.0
1725390000000,0.09786,0.09842,0.09735,0.09769,82852757.0
1725393600000,0.09769,0.09809,0.09758,0.09796,92425992.0
1725397200000,0.09796,0.09807,0.09736,0.09784,62974138.0
1725400800000,0.09784,0.09796,0.09742,0.09742,50423127.0
1725404400000,0.09742,0.09749,0.09634,0.09674,122171768.0
1725408000000,0.09673,0.09747,0.09568,0.09579,163424385.0
1725411600000,0.0958,0.09583,0.09186,0.09468,855671596.0
1725415200000,0.09467,0.09523,0.09437,0.09496,125258151.0
1725418800000,0.09497,0.09601,0.09489,0.09574,127844296.0
1725422400000,0.09575,0.09592,0.09528,0.09587,73174354.0
1725426000000,0.09588,0.09591,0.09438,0.09467,211927149.0
1725429600000,0.09467,0.09557,0.09467,0.09511,108561173.0
1725433200000,0.09511,0.09672,0.09501,0.09629,113837161.0
1725436800000,0.09629,0.09688,0.09616,0.0966,87458627.0
1725440400000,0.0966,0.0969,0.09616,0.0962,84768663.0
1725444000000,0.0962,0.09636,0.09501,0.09507,122345850.0
1725447600000,0.09508,0.09574,0.09508,0.09551,79301709.0
1725451200000,0.09551,0.0959,0.09506,0.09527,115837596.0
1725454800000,0.09527,0.09577,0.09483,0.09569,142072941.0
1725458400000,0.09569,0.09759,0.09528,0.09726,315775118.0
1725462000000,0.09726,0.09872,0.09685,0.09846,361679401.0
1725465600000,0.09846,0.09951,0.09808,0.09917,337700040.0
1725469200000,0.09916,0.09921,0.09825,0.09825,193139352.0
1725472800000,0.09826,0.09853,0.09753,0.09762,83508156.0
1725476400000,0.09763,0.09816,0.09762,0.098,51371706.0
1725480000000,0.09799,0.09811,0.09747,0.09792,56190905.0
1725483600000,0.09793,0.09842,0.09792,0.09833,26351825.0
1725487200000,0.09833,0.09874,0.09809,0.0983,45292030.0
1725490800000,0.0983,0.09854,0.0978,0.09797,42216236.0
1725494400000,0.09797,0.09852,0.09779,0.0978,59680020.0
1725498000000,0.09779,0.09829,0.09779,0.09789,41967130.0
1725501600000,0.09789,0.09796,0.09699,0.09706,91490741.0
1725505200000,0.09706,0.09708,0.09595,0.09624,147495598.0
1725508800000,0.09625,0.09693,0.09606,0.09676,59786110.0
1725512400000,0.09675,0.09707,0.09659,0.09679,50491442.0
1725516000000,0.0968,0.09725,0.09612,0.09719,145460756.0
1725519600000,0.09719,0.09808,0.09708,0.09758,94767804.0
1725523200000,0.09757,0.09795,0.09735,0.09746,60363692.0
1725526800000,0.09747,0.09758,0.09694,0.09712,73434067.0
1725530400000,0.09712,0.09737,0.09695,0.09726,54280949.0
1725534000000,0.09727,0.09768,0.09709,0.09743,50272061.0
1725537600000,0.09743,0.09773,0.09695,0.09751,121635326.0
1725541200000,0.09751,0.09855,0.09721,0.09854,167551962.0
1725544800000,0.09855,0.09894,0.09762,0.09791,222752724.0
1725548400000,0.0979,0.09897,0.09643,0.09683,426185671.0
1725552000000,0.09684,0.09825,0.09644,0.09798,227138466.0
1725555600000,0.09798,0.09878,0.09783,0.09875,145101364.0
1725559200000,0.09876,0.09914,0.09852,0.09863,123621075.0
1725562800000,0.09862,0.09865,0.09685,0.09737,161569106.0
1725566400000,0.09737,0.09821,0.09728,0.09792,68834857.0
1725570000000,0.09792,0.09824,0.0973,0.0981,53805966.0
1725573600000,0.0981,0.0986,0.09741,0.09856,78714079.0
1725577200000,0.09856,0.09869,0.09812,0.09837,49333429.0
1725580800000,0.09837,0.09874,0.09797,0.09854,83436328.0
1725584400000,0.09853,0.09925,0.09815,0.0988,111864446.0
1725588000000,0.0988,0.0994,0.09862,0.09899,108814344.0
1725591600000,0.099,0.09924,0.09861,0.09875,72348841.0
1725595200000,0.09875,0.09904,0.09834,0.09843,60743895.0
1725598800000,0.09844,0.09883,0.09812,0.09874,86654017.0
1725602400000,0.09873,0.09892,0.09836,0.09865,55357108.0
1725606000000,0.09866,0.09871,0.09686,0.09738,260022052.0
1725609600000,0.09737,0.09779,0.09736,0.09777,85373739.0
1725613200000,0.09777,0.09795,0.09677,0.097,168053204.0
1725616800000,0.097,0.09772,0.09682,0.09725,97280401.0
1725620400000,0.09726,0.09739,0.0968,0.09686,77039950.0
1725624000000,0.09686,0.09783,0.09582,0.09767,399283252.0
1725627600000,0.09767,0.09774,0.09514,0.09537,395327608.0
1725631200000,0.09538,0.0954,0.09371,0.09432,595740770.0
1725634800000,0.09433,0.09475,0.09278,0.09364,497990031.0
1725638400000,0.09364,0.09366,0.09149,0.09201,466127246.0
1725642000000,0.09201,0.09272,0.09047,0.09174,485408336.0
1725645600000,0.09175,0.09207,0.09111,0.09112,201432922.0
1725649200000,0.09113,0.09172,0.09031,0.09081,327160855.0
1725652800000,0.09081,0.09126,0.0892,0.0894,516770956.0
1725656400000,0.08941,0.09132,0.08886,0.09132,368570366.0
1725660000000,0.09132,0.09194,0.09095,0.09151,108503352.0
1725663600000,0.09151,0.0925,0.09148,0.09244,81867864.0
1725667200000,0.09244,0.09278,0.09201,0.09202,76790639.0
1725670800000,0.09201,0.09217,0.0917,0.0919,72573167.0
1725674400000,0.09189,0.09242,0.09175,0.09209,52210440.0
1725678000000,0.09209,0.09227,0.09194,0.092,56409560.0
1725681600000,0.092,0.09245,0.09186,0.09244,40636613.0
1725685200000,0.09243,0.0934,0.09226,0.09304,114289323.0
1725688800000,0.09303,0.09328,0.09271,0.09317,91854890.0
1725692400000,0.09317,0.09432,0.09302,0.09394,247363875.0
1725696000000,0.09393,0.09444,0.09376,0.09422,124483265.0
1725699600000,0.09422,0.09429,0.09366,0.0938,78845018.0
1725703200000,0.0938,0.09433,0.09379,0.09407,61237177.0
1725706800000,0.09407,0.09487,0.09406,0.09443,147958591.0
1725710400000,0.09444,0.09502,0.09444,0.0949,75714136.0
1725714000000,0.09489,0.09523,0.09471,0.09499,76444921.0
1725717600000,0.09499,0.0953,0.09475,0.09488,74179803.0
1725721200000,0.09488,0.09565,0.09487,0.09539,117459247.0
1725724800000,0.09538,0.09552,0.09462,0.09487,131366371.0
1725728400000,0.09487,0.09499,0.09405,0.0945,145617400.0
1725732000000,0.09449,0.09504,0.0942,0.0948,91876684.0
1725735600000,0.0948,0.09509,0.09468,0.09486,50220206.0
1725739200000,0.09486,0.09521,0.09474,0.09495,58235441.0
1725742800000,0.09495,0.09538,0.09442,0.09506,96502149.0
1725746400000,0.09506,0.09536,0.09449,0.09482,94324696.0
1725750000000,0.09483,0.09536,0.09457,0.09534,59394425.0
1725753600000,0.09534,0.0955,0.09488,0.09531,63550831.0
1725757200000,0.09531,0.09568,0.09527,0.09558,56793396.0
1725760800000,0.09559,0.09649,0.09557,0.09639,123423771.0
1725764400000,0.0964,0.09698,0.09594,0.09614,120071337.0
1725768000000,0.09613,0.09616,0.09558,0.09576,106213096.0
1725771600000,0.09577,0.09588,0.09535,0.09535,66944563.0
1725775200000,0.09535,0.09552,0.09507,0.0951,56913532.0
1725778800000,0.09511,0.09566,0.09509,0.09558,68174348.0
1725782400000,0.09559,0.09588,0.09529,0.09585,67059756.0
1725786000000,0.09584,0.0964,0.09564,0.09564,90505210.0
1725789600000,0.09565,0.09609,0.09564,0.09583,39541751.0
1725793200000,0.09582,0.09591,0.0954,0.09571,60037720.0
1725796800000,0.0957,0.09586,0.09484,0.09504,112360783.0
1725800400000,0.09504,0.09528,0.09464,0.09517,78954727.0
1725804000000,0.09517,0.09534,0.0948,0.09512,89893336.0
1725807600000,0.09512,0.09526,0.09417,0.09432,150646546.0
1725811200000,0.09433,0.09479,0.09376,0.0945,151033858.0
1725814800000,0.0945,0.09542,0.09448,0.09539,73371666.0
1725818400000,0.09538,0.09549,0.09508,0.09536,42339805.0
1725822000000,0.09535,0.09565,0.0952,0.09526,57599080.0
1725825600000,0.09526,0.09532,0.0949,0.09525,50830056.0
1725829200000,0.09525,0.09588,0.09518,0.0954,79126507.0
1725832800000,0.0954,0.09693,0.09528,0.09561,269303132.0
1725836400000,0.09561,0.09618,0.09542,0.09609,79622453.0
1725840000000,0.09609,0.09663,0.09564,0.0964,138649099.0
1725843600000,0.0964,0.09767,0.09605,0.09712,442671697.0
1725847200000,0.09712,0.09724,0.09671,0.09719,195135472.0
1725850800000,0.09719,0.09735,0.09615,0.0969,122551512.0
1725854400000,0.0969,0.09713,0.09646,0.0965,67432092.0
1725858000000,0.09651,0.0966,0.09595,0.09611,60611098.0
1725861600000,0.0961,0.0971,0.09603,0.09696,76886192.0
1725865200000,0.09696,0.09723,0.09649,0.0971,106248504.0
1725868800000,0.09709,0.0977,0.09708,0.09759,110333543.0
1725872400000,0.09759,0.09895,0.09756,0.09787,255854179.0
1725876000000,0.09787,0.09871,0.09782,0.09854,117786026.0
1725879600000,0.09853,0.09857,0.09779,0.09787,89932024.0
1725883200000,0.09787,0.09817,0.09725,0.09808,104200098.0
1725886800000,0.09809,0.0985,0.09769,0.09816,144375590.0
1725890400000,0.09816,0.09828,0.0969,0.09727,135727722.0
1725894000000,0.09727,0.09899,0.09726,0.09885,166790912.0
1725897600000,0.09886,0.10482,0.09881,0.1037,978374499.0
1725901200000,0.10371,0.10448,0.10271,0.10327,315123068.0
1725904800000,0.10327,0.10381,0.10252,0.10363,222867616.0
1725908400000,0.10362,0.10399,0.10322,0.10376,108128210.0
1725912000000,0.10376,0.10409,0.10332,0.10409,99605926.0
1725915600000,0.10409,0.10492,0.10384,0.1043,191794222.0
1725919200000,0.10429,0.1045,0.10302,0.10331,135139020.0
1725922800000,0.10331,0.10408,0.1033,0.10375,118566141.0
1725926400000,0.10375,0.10387,0.10228,0.10324,185394751.0
1725930000000,0.10324,0.10332,0.10236,0.10273,70054084.0
1725933600000,0.10273,0.10275,0.10204,0.10251,87735061.0
1725937200000,0.10251,0.1029,0.10242,0.10247,62079910.0
1725940800000,0.10247,0.10362,0.10238,0.10349,110878655.0
1725944400000,0.10349,0.10379,0.1031,0.10377,93220032.0
1725948000000,0.10378,0.10379,0.1032,0.10328,54672629.0
1725951600000,0.10329,0.10399,0.10307,0.1037,126027637.0
1725955200000,0.1037,0.10408,0.10355,0.10408,91206237.0
1725958800000,0.10407,0.10456,0.10358,0.10435,129482570.0
1725962400000,0.10435,0.10443,0.10367,0.10387,113300445.0
1725966000000,0.10388,0.10399,0.10343,0.10363,99771483.0
1725969600000,0.10363,0.10367,0.10294,0.10298,103477154.0
1725973200000,0.10298,0.10301,0.1022,0.10241,152974007.0
1725976800000,0.10241,0.10283,0.1015,0.1021,232032910.0
1725980400000,0.10209,0.10296,0.10156,0.10158,152728616.0
1725984000000,0.10159,0.10272,0.10153,0.10241,98715991.0
1725987600000,0.1024,0.10312,0.10236,0.10255,112959852.0
1725991200000,0.10255,0.10346,0.10244,0.10259,142650020.0
1725994800000,0.10259,0.10318,0.10227,0.10296,96383049.0
1725998400000,0.10296,0.10325,0.10272,0.1028,58464589.0
1726002000000,0.1028,0.103,0.10246,0.1026,58783955.0
1726005600000,0.10261,0.10313,0.10251,0.10283,79326729.0
1726009200000,0.10283,0.1031,0.10259,0.10274,45142602.0
1726012800000,0.10275,0.10303,0.10241,0.10291,68168530.0
1726016400000,0.10292,0.103,0.1012,0.10144,177530909.0
1726020000000,0.10144,0.10204,0.10141,0.10144,92937375.0
1726023600000,0.10144,0.10146,0.10071,0.101,96955879.0
1726027200000,0.101,0.10104,0.09949,0.09962,200074494.0
1726030800000,0.09962,0.10001,0.09907,0.09983,135903922.0
1726034400000,0.09983,0.10022,0.09965,0.1,89329437.0
1726038000000,0.1,0.10099,0.1,0.10086,109974742.0
1726041600000,0.10086,0.10092,0.10035,0.10038,97080179.0
1726045200000,0.10038,0.10079,0.10005,0.10034,65503499.0
1726048800000,0.10034,0.10037,0.09959,0.09987,92715681.0
1726052400000,0.09988,0.10069,0.09986,0.1005,74795211.0
1726056000000,0.10049,0.10098,0.09965,0.10056,160411706.0
1726059600000,0.10056,0.10148,0.09837,0.09844,360714198.0
1726063200000,0.09845,0.09892,0.09779,0.09877,261966813.0
1726066800000,0.09878,0.10053,0.09835,0.09992,216475092.0
1726070400000,0.09993,0.10136,0.09984,0.1009,214949742.0
1726074000000,0.10091,0.10194,0.10085,0.10153,172803468.0
1726077600000,0.10153,0.10202,0.10133,0.10137,148684014.0
1726081200000,0.10137,0.10169,0.10109,0.10153,75661900.0
1726084800000,0.10153,0.10202,0.1015,0.10177,72261311.0
1726088400000,0.10176,0.10199,0.1012,0.1013,78701921.0
1726092000000,0.1013,0.10146,0.10092,0.10127,47873613.0
1726095600000,0.10127,0.10153,0.10115,0.10125,43040372.0
1726099200000,0.10125,0.10225,0.10119,0.10166,124035465.0
1726102800000,0.10166,0.10241,0.10164,0.10219,67003181.0
1726106400000,0.1022,0.10285,0.10178,0.10201,98753897.0
1726110000000,0.10201,0.10262,0.10201,0.10224,48007886.0
1726113600000,0.10223,0.10287,0.10218,0.10252,58477023.0
1726117200000,0.10252,0.10314,0.10222,0.10259,117759948.0
1726120800000,0.10259,0.10288,0.10192,0.10214,99617017.0
1726124400000,0.10214,0.10275,0.10207,0.10255,106147126.0
1726128000000,0.10255,0.1027,0.10211,0.10225,62667670.0
1726131600000,0.10225,0.10239,0.10191,0.10198,57171406.0
1726135200000,0.10197,0.1021,0.1016,0.10163,70887219.0
1726138800000,0.10162,0.10203,0.10152,0.10191,51030597.0
1726142400000,0.10191,0.10214,0.10131,0.10137,108099804.0
1726146000000,0.10137,0.10186,0.10078,0.10122,126749093.0
1726149600000,0.10123,0.10277,0.10106,0.10144,187567556.0
1726153200000,0.10145,0.10196,0.10037,0.10065,199625664.0
1726156800000,0.10065,0.10137,0.1006,0.10122,94791499.0
1726160400000,0.10122,0.10204,0.10107,0.10192,93126334.0
1726164000000,0.10192,0.10218,0.10153,0.10183,80239579.0
1726167600000,0.10182,0.10258,0.10175,0.10243,64119592.0
1726171200000,0.10243,0.10243,0.10187,0.10202,63838225.0
1726174800000,0.10202,0.10234,0.1017,0.102,63040165.0
1726178400000,0.102,0.10328,0.10198,0.10311,164415270.0
1726182000000,0.1031,0.1033,0.10266,0.10267,51035965.0
1726185600000,0.10268,0.10282,0.10226,0.10251,92203755.0
1726189200000,0.10251,0.10264,0.10172,0.10217,64428341.0
1726192800000,0.10216,0.10228,0.10181,0.10203,41728871.0
1726196400000,0.10203,0.10225,0.10178,0.10186,39945719.0
1726200000000,0.10185,0.10228,0.10177,0.10191,40105604.0
1726203600000,0.10191,0.1043,0.10188,0.10313,391008610.0
1726207200000,0.10312,0.10314,0.10262,0.10298,70610263.0
1726210800000,0.10297,0.10348,0.10279,0.10339,73803989.0
1726214400000,0.10339,0.10429,0.10334,0.10389,183972333.0
1726218000000,0.1039,0.1057,0.10374,0.10501,260194263.0
1726221600000,0.10501,0.10664,0.10499,0.10638,284136390.0
1726225200000,0.10638,0.10639,0.10419,0.10441,260338223.0
1726228800000,0.10441,0.1049,0.10365,0.10479,266409113.0
1726232400000,0.10479,0.10552,0.10451,0.10519,140028939.0
1726236000000,0.1052,0.10749,0.10486,0.10684,332853482.0
1726239600000,0.10684,0.10842,0.10657,0.10794,394951118.0
1726243200000,0.10793,0.10803,0.1066,0.10687,241341606.0
1726246800000,0.10686,0.10746,0.10666,0.10669,137017682.0
1726250400000,0.10669,0.10733,0.10638,0.10695,120209880.0
1726254000000,0.10694,0.10704,0.10613,0.10648,97015409.0
1726257600000,0.10649,0.10733,0.10638,0.10716,76326089.0
1726261200000,0.10716,0.10776,0.10699,0.10741,95236009.0
1726264800000,0.10741,0.10782,0.10709,0.1073,110312655.0
1726268400000,0.10731,0.10731,0.10646,0.1069,86773168.0
1726272000000,0.10691,0.1077,0.10685,0.10722,119780061.0
1726275600000,0.10723,0.10754,0.1068,0.10682,60730967.0
1726279200000,0.10681,0.10746,0.10681,0.10691,46702535.0
1726282800000,0.10692,0.10723,0.10676,0.10709,46042476.0
1726286400000,0.10709,0.10733,0.10659,0.10668,144959819.0
1726290000000,0.10667,0.10705,0.10626,0.10626,68975634.0
1726293600000,0.10627,0.10731,0.1062,0.10725,117034735.0
1726297200000,0.10725,0.10726,0.10657,0.10663,54066460.0
1726300800000,0.10663,0.1068,0.10624,0.10646,56515023.0
1726304400000,0.10646,0.10665,0.10587,0.10622,83841479.0
1726308000000,0.10621,0.10621,0.10544,0.10562,97487990.0
1726311600000,0.10563,0.10563,0.10479,0.1052,147060368.0
1726315200000,0.10521,0.10577,0.10501,0.10549,92827616.0
1726318800000,0.10549,0.10552,0.10498,0.10551,77487516.0
1726322400000,0.10551,0.10641,0.10529,0.10623,292162214.0
1726326000000,0.10623,0.1064,0.10539,0.10552,128655033.0
1726329600000,0.10552,0.10576,0.10507,0.10536,72984867.0
1726333200000,0.10536,0.10536,0.10491,0.10509,67998981.0
1726336800000,0.10509,0.10509,0.10426,0.10495,142772927.0
1726340400000,0.10495,0.10516,0.10475,0.10499,31576207.0
1726344000000,0.10499,0.10553,0.10486,0.10529,79988987.0
1726347600000,0.10529,0.10546,0.1052,0.10536,38173961.0
1726351200000,0.10536,0.10555,0.10513,0.10539,29541505.0
1726354800000,0.10539,0.10551,0.10527,0.10534,23015339.0
1726358400000,0.10534,0.106,0.10529,0.10569,69822412.0
1726362000000,0.1057,0.10635,0.10561,0.106,69249521.0
1726365600000,0.106,0.10604,0.10552,0.10572,67267967.0
1726369200000,0.10572,0.10615,0.10542,0.10565,76642676.0
1726372800000,0.10564,0.1058,0.10508,0.10513,52351689.0
1726376400000,0.10513,0.10547,0.10491,0.10502,61492836.0
1726380000000,0.10502,0.1056,0.105,0.10552,39263789.0
1726383600000,0.10551,0.10571,0.10536,0.1057,58850753.0
1726387200000,0.10571,0.10578,0.10539,0.10548,46389120.0
1726390800000,0.10547,0.1056,0.10508,0.10511,50273699.0
1726394400000,0.10511,0.1052,0.10431,0.10475,101379338.0
1726398000000,0.10475,0.10506,0.10452,0.10475,68131102.0
1726401600000,0.10475,0.10524,0.10458,0.10524,82370377.0
1726405200000,0.10524,0.106,0.10514,0.10555,112770842.0
1726408800000,0.10555,0.10595,0.10473,0.10592,110734407.0
1726412400000,0.10593,0.10639,0.10568,0.10616,88784962.0
1726416000000,0.10616,0.10621,0.10478,0.10483,107833027.0
1726419600000,0.10483,0.10551,0.10432,0.10535,124433527.0
1726423200000,0.10536,0.10588,0.10499,0.10565,118715714.0
1726426800000,0.10565,0.10633,0.10516,0.10526,127865511.0
1726430400000,0.10526,0.10527,0.10441,0.10492,86691167.0
1726434000000,0.10492,0.10492,0.10344,0.10403,191694531.0
1726437600000,0.10403,0.10409,0.1034,0.1038,57370849.0
1726441200000,0.10379,0.10379,0.10207,0.10275,199918216.0
1726444800000,0.10275,0.10318,0.10191,0.10228,150659529.0
1726448400000,0.10228,0.10243,0.10063,0.10114,218184167.0
1726452000000,0.10114,0.10121,0.09988,0.10031,199415167.0
1726455600000,0.10032,0.10144,0.10019,0.10143,107445625.0
1726459200000,0.10143,0.10148,0.10107,0.10114,58847535.0
1726462800000,0.10114,0.10193,0.10111,0.10188,76261058.0
1726466400000,0.10187,0.10215,0.1015,0.1016,66225024.0
1726470000000,0.1016,0.10262,0.10149,0.10237,77489188.0
1726473600000,0.10237,0.10296,0.10218,0.10241,71709173.0
1726477200000,0.10241,0.10278,0.10168,0.10171,108144914.0
1726480800000,0.10172,0.10213,0.10139,0.10197,82609012.0
1726484400000,0.10197,0.10203,0.10155,0.1016,53634334.0
1726488000000,0.1016,0.10186,0.10091,0.101,119908376.0
1726491600000,0.101,0.10156,0.10054,0.10145,124706171.0
1726495200000,0.10145,0.10152,0.09892,0.09992,316040270.0
1726498800000,0.09991,0.10067,0.09976,0.09986,113680321.0
1726502400000,0.09986,0.10002,0.09898,0.09929,181383512.0
1726506000000,0.0993,0.09994,0.0985,0.09985,204801617.0
1726509600000,0.09985,0.09993,0.09912,0.09939,71676519.0
1726513200000,0.0994,0.09963,0.09906,0.09918,76320534.0
1726516800000,0.09917,0.09936,0.09841,0.09845,120269884.0
1726520400000,0.09845,0.09931,0.09829,0.09928,77675364.0
1726524000000,0.09928,0.09942,0.09884,0.09911,65147915.0
1726527600000,0.0991,0.09996,0.0991,0.0996,55776242.0
1726531200000,0.0996,0.10001,0.09877,0.0988,100921651.0
1726534800000,0.09881,0.09924,0.09865,0.09909,69432894.0
1726538400000,0.09909,0.09963,0.09894,0.09942,62397423.0
1726542000000,0.09942,0.09992,0.09933,0.09974,44191749.0
1726545600000,0.09975,0.10026,0.0997,0.10023,67048653.0
1726549200000,0.10024,0.10124,0.10017,0.10103,82051013.0
1726552800000,0.10103,0.10108,0.10027,0.10036,62598619.0
1726556400000,0.10036,0.10092,0.10022,0.1008,66397952.0
1726560000000,0.1008,0.10107,0.10051,0.10063,57210791.0
1726563600000,0.10063,0.10098,0.1003,0.10067,67294785.0
1726567200000,0.10068,0.10118,0.10065,0.10115,80681536.0
1726570800000,0.10115,0.10127,0.10046,0.10054,67314137.0
1726574400000,0.10053,0.1009,0.10007,0.10076,99827176.0
1726578000000,0.10076,0.10098,0.09958,0.0996,130655693.0
1726581600000,0.0996,0.10193,0.09954,0.1008,401886873.0
1726585200000,0.1008,0.1026,0.10065,0.10225,322195350.0
1726588800000,0.10224,0.10246,0.10097,0.10137,202223816.0
1726592400000,0.10137,0.10205,0.1013,0.10179,95087069.0
1726596000000,0.10179,0.1021,0.10076,0.10113,107013157.0
1726599600000,0.10113,0.10144,0.10012,0.10074,148476978.0
1726603200000,0.10073,0.10124,0.10044,0.10088,96782390.0
1726606800000,0.10088,0.10145,0.10084,0.10129,44238302.0
1726610400000,0.10128,0.10129,0.10071,0.10093,50417363.0
1726614000000,0.10093,0.10114,0.1006,0.10105,38968889.0
1726617600000,0.10106,0.10106,0.09976,0.10037,105545259.0
1726621200000,0.10037,0.10064,0.09996,0.10028,61078455.0
1726624800000,0.10028,0.10109,0.10012,0.10094,82575953.0
1726628400000,0.10094,0.1015,0.10092,0.10108,81413421.0
1726632000000,0.10107,0.10132,0.10036,0.10063,63615417.0
1726635600000,0.10063,0.10097,0.1003,0.10079,50460090.0
1726639200000,0.10079,0.10104,0.10072,0.10097,52134890.0
1726642800000,0.10097,0.1016,0.10095,0.10153,68651986.0
1726646400000,0.10152,0.10174,0.10105,0.10112,82991512.0
1726650000000,0.10111,0.10111,0.09997,0.10001,117702634.0
1726653600000,0.10001,0.10061,0.09928,0.10038,185645489.0
1726657200000,0.10038,0.10061,0.10014,0.10019,52815187.0
1726660800000,0.10018,0.1009,0.09991,0.10081,80857944.0
1726664400000,0.10081,0.10115,0.09972,0.10019,121920156.0
1726668000000,0.10019,0.10096,0.09988,0.10043,107770483.0
1726671600000,0.10043,0.10094,0.09954,0.09995,119461650.0
1726675200000,0.09995,0.10067,0.09936,0.10045,144346432.0
1726678800000,0.10045,0.10188,0.09983,0.10125,150259903.0
1726682400000,0.10125,0.10341,0.10102,0.10165,606921482.0
1726686000000,0.10165,0.10176,0.10042,0.10101,240576395.0
1726689600000,0.101,0.10143,0.09981,0.10126,129440567.0
1726693200000,0.10127,0.10238,0.10126,0.1019,75998701.0
1726696800000,0.1019,0.1025,0.10187,0.10222,47470672.0
1726700400000,0.10223,0.10385,0.10222,0.10381,129456204.0
1726704000000,0.10382,0.10555,0.10381,0.10488,282164220.0
1726707600000,0.10487,0.10512,0.10342,0.10412,207311803.0
1726711200000,0.10412,0.10464,0.10367,0.10453,99661394.0
1726714800000,0.10452,0.10469,0.10392,0.10403,91681471.0
1726718400000,0.10403,0.10429,0.10373,0.10406,65773662.0
1726722000000,0.10406,0.10439,0.10385,0.10408,58149256.0
1726725600000,0.10408,0.10421,0.10352,0.10393,60366277.0
1726729200000,0.10393,0.10427,0.10364,0.10417,138427640.0
1726732800000,0.10417,0.10478,0.10405,0.10417,103957251.0
1726736400000,0.10418,0.10472,0.10401,0.10442,123177596.0
1726740000000,0.10442,0.10482,0.10412,0.10422,101887634.0
1726743600000,0.10422,0.10453,0.104,0.10441,66832869.0
1726747200000,0.10441,0.10531,0.10417,0.10467,199157492.0
1726750800000,0.10467,0.1054,0.1042,0.10483,127948619.0
1726754400000,0.10483,0.10545,0.10454,0.10483,121977984.0
1726758000000,0.10483,0.10514,0.10456,0.10498,89054448.0
1726761600000,0.10498,0.1071,0.10492,0.10674,292485909.0
1726765200000,0.10674,0.10706,0.10547,0.10643,260342574.0
1726768800000,0.10642,0.10683,0.10623,0.10643,93800455.0
1726772400000,0.10642,0.10645,0.10565,0.10575,81271918.0
1726776000000,0.10576,0.10622,0.10575,0.10597,59788308.0
1726779600000,0.10596,0.10617,0.10491,0.10495,86188762.0
1726783200000,0.10494,0.10518,0.10452,0.10513,132599015.0
1726786800000,0.10513,0.10565,0.10489,0.10497,80014600.0
1726790400000,0.10496,0.10531,0.10408,0.10423,112567445.0
1726794000000,0.10422,0.10453,0.10355,0.10434,145516858.0
1726797600000,0.10434,0.10457,0.10395,0.10449,66705018.0
1726801200000,0.10448,0.1061,0.1044,0.10605,145578233.0
1726804800000,0.10605,0.10693,0.10582,0.10668,273675015.0
1726808400000,0.10669,0.10747,0.10626,0.10681,149209126.0
1726812000000,0.10681,0.107,0.1061,0.10698,130318437.0
1726815600000,0.10699,0.10699,0.1062,0.10662,111184775.0
1726819200000,0.10662,0.10672,0.10577,0.10646,123748824.0
1726822800000,0.10646,0.10713,0.10639,0.10675,173290448.0
1726826400000,0.10676,0.10711,0.10645,0.10699,88552942.0
1726830000000,0.10698,0.10704,0.10555,0.10587,156541755.0
1726833600000,0.10587,0.10653,0.10583,0.10633,79839434.0
1726837200000,0.10633,0.10655,0.10452,0.1048,265213351.0
1726840800000,0.1048,0.10559,0.10422,0.10475,240679425.0
1726844400000,0.10475,0.10539,0.1039,0.10512,166466488.0
1726848000000,0.10513,0.10539,0.10432,0.10434,94670986.0
1726851600000,0.10435,0.10464,0.10396,0.10435,88181092.0
1726855200000,0.10435,0.10468,0.10368,0.10457,85012652.0
1726858800000,0.10457,0.105,0.1045,0.10461,67058681.0
1726862400000,0.10462,0.10527,0.10454,0.10506,39606916.0
1726866000000,0.10506,0.10584,0.10505,0.10554,65791479.0
1726869600000,0.10554,0.10582,0.10548,0.10567,31926702.0
1726873200000,0.10566,0.10568,0.10498,0.10548,61205635.0
1726876800000,0.10548,0.10561,0.10501,0.10513,84608395.0
1726880400000,0.10513,0.10528,0.10422,0.10423,93908305.0
1726884000000,0.10423,0.10479,0.104,0.10475,75514594.0
1726887600000,0.10476,0.10514,0.1047,0.10482,38879441.0
1726891200000,0.10482,0.10495,0.10422,0.10449,68521217.0
1726894800000,0.10449,0.10496,0.10439,0.10476,39886108.0
1726898400000,0.10476,0.10527,0.10471,0.10505,57792399.0
1726902000000,0.10506,0.10559,0.10498,0.10546,98645749.0
1726905600000,0.10546,0.10627,0.10533,0.10586,84862615.0
1726909200000,0.10586,0.10648,0.10573,0.10644,92998474.0
1726912800000,0.10644,0.1065,0.10588,0.10595,81419849.0
1726916400000,0.10596,0.10637,0.10587,0.10618,47883695.0
1726920000000,0.10618,0.10644,0.10588,0.10641,50440855.0
1726923600000,0.10641,0.108,0.10602,0.10753,260912405.0
1726927200000,0.10753,0.10964,0.10741,0.10887,347987558.0
1726930800000,0.10888,0.10969,0.10768,0.10925,252698377.0
1726934400000,0.10925,0.10944,0.10855,0.10907,136561892.0
1726938000000,0.10907,0.10934,0.10839,0.10847,88568928.0
1726941600000,0.10848,0.10866,0.10836,0.10864,53999164.0
1726945200000,0.10864,0.10921,0.10847,0.10856,94063184.0
1726948800000,0.10856,0.10902,0.10847,0.10873,50975298.0
1726952400000,0.10872,0.10885,0.10845,0.10861,35688928.0
1726956000000,0.1086,0.10953,0.10841,0.10948,66352737.0
1726959600000,0.10949,0.11048,0.10928,0.1099,182808462.0
1726963200000,0.10991,0.10996,0.10883,0.10937,121648002.0
1726966800000,0.10936,0.10956,0.10897,0.10916,54646293.0
1726970400000,0.10915,0.10927,0.10779,0.10818,132287425.0
1726974000000,0.10818,0.10845,0.10798,0.10801,89033024.0
1726977600000,0.10801,0.10845,0.10799,0.10807,39981100.0
1726981200000,0.10807,0.10818,0.10751,0.10763,63974611.0
1726984800000,0.10763,0.10821,0.10753,0.10783,55350031.0
1726988400000,0.10783,0.10799,0.10763,0.10788,39002232.0
1726992000000,0.10788,0.10809,0.10764,0.10803,47117135.0
1726995600000,0.10803,0.10804,0.10693,0.10708,120348917.0
1726999200000,0.10709,0.1073,0.10607,0.10645,204439696.0
1727002800000,0.10645,0.10703,0.10613,0.10654,163111134.0
1727006400000,0.10653,0.10683,0.10621,0.1066,69833984.0
1727010000000,0.10661,0.10687,0.10593,0.10608,103528403.0
1727013600000,0.10608,0.10643,0.10526,0.10571,142655896.0
1727017200000,0.10572,0.10595,0.10536,0.10563,77687604.0
1727020800000,0.10563,0.1062,0.10507,0.10606,118275697.0
1727024400000,0.10606,0.10693,0.10605,0.10656,109162091.0
1727028000000,0.10657,0.10659,0.10593,0.10625,60701922.0
1727031600000,0.10626,0.10661,0.10563,0.10637,51034484.0
1727035200000,0.10637,0.10682,0.10629,0.10642,73098724.0
1727038800000,0.10642,0.10661,0.10456,0.10472,105467495.0
1727042400000,0.10473,0.10702,0.10369,0.10676,334200774.0
1727046000000,0.10675,0.10703,0.10594,0.10627,86190548.0
1727049600000,0.10627,0.10672,0.10402,0.10624,251191591.0
1727053200000,0.10624,0.10784,0.10607,0.10761,172096596.0
1727056800000,0.10761,0.10775,0.10667,0.10766,131958655.0
1727060400000,0.10766,0.10917,0.10759,0.10815,277557255.0
1727064000000,0.10816,0.1085,0.10716,0.10758,109224057.0
1727067600000,0.10757,0.1082,0.1072,0.10802,67618646.0
1727071200000,0.10801,0.10823,0.10755,0.10786,77724346.0
1727074800000,0.10787,0.10793,0.10674,0.10711,127823061.0
1727078400000,0.10711,0.10716,0.10612,0.10628,149751963.0
1727082000000,0.10628,0.10716,0.10624,0.10709,88934441.0
1727085600000,0.10709,0.10756,0.10652,0.10714,106633011.0
1727089200000,0.10714,0.1072,0.10642,0.1066,77555770.0
1727092800000,0.10659,0.10698,0.10596,0.10624,91670013.0
1727096400000,0.10624,0.10669,0.10595,0.10624,100182351.0
1727100000000,0.10623,0.10765,0.10591,0.10653,216940770.0
1727103600000,0.10653,0.10749,0.10611,0.10719,153251202.0
1727107200000,0.10719,0.10772,0.10616,0.10628,158448725.0
1727110800000,0.10628,0.10689,0.10608,0.10682,61876495.0
1727114400000,0.10682,0.10738,0.10676,0.10712,65225387.0
1727118000000,0.10711,0.10723,0.1068,0.10693,42650440.0
1727121600000,0.10693,0.10721,0.10666,0.10674,36033632.0
1727125200000,0.10674,0.10783,0.10621,0.10779,139647948.0
1727128800000,0.1078,0.1084,0.10728,0.10782,104668517.0
1727132400000,0.10781,0.10843,0.10759,0.108,89094422.0
1727136000000,0.108,0.10852,0.10676,0.10705,189105431.0
1727139600000,0.10705,0.10835,0.10678,0.10773,167637917.0
1727143200000,0.10773,0.10838,0.1069,0.10832,151543323.0
1727146800000,0.10833,0.10884,0.10797,0.10821,118270092.0
1727150400000,0.1082,0.10834,0.107,0.10722,87483950.0
1727154000000,0.10723,0.10759,0.10718,0.10742,57060596.0
1727157600000,0.10742,0.1079,0.1074,0.10771,56198890.0
1727161200000,0.10771,0.10858,0.1077,0.10818,111739385.0
1727164800000,0.10819,0.10889,0.10785,0.10862,136219207.0
1727168400000,0.10862,0.10879,0.1081,0.10817,82242270.0
1727172000000,0.10816,0.10942,0.108,0.1089,143538589.0
1727175600000,0.1089,0.10935,0.10826,0.10915,140704889.0
1727179200000,0.10915,0.1101,0.10883,0.1089,217996309.0
1727182800000,0.10889,0.10981,0.10852,0.10907,171033890.0
1727186400000,0.10908,0.10922,0.1068,0.10769,402724832.0
1727190000000,0.10769,0.10822,0.10718,0.10745,126503211.0
1727193600000,0.10746,0.10789,0.10685,0.10767,117196149.0
1727197200000,0.10768,0.10942,0.10755,0.1088,189708380.0
1727200800000,0.1088,0.10953,0.10874,0.10899,122996124.0
1727204400000,0.10898,0.10996,0.10893,0.10986,87158811.0
1727208000000,0.10985,0.11019,0.10887,0.10896,142053591.0
1727211600000,0.10895,0.10927,0.10863,0.109,49684029.0
1727215200000,0.109,0.11066,0.10899,0.11021,188127043.0
1727218800000,0.11021,0.11037,0.10941,0.10973,89711418.0
1727222400000,0.10973,0.11113,0.10937,0.10983,289631778.0
1727226000000,0.10984,0.11116,0.10975,0.11022,142472850.0
1727229600000,0.11023,0.11087,0.11008,0.11043,75694479.0
1727233200000,0.11044,0.11056,0.10992,0.11054,77908520.0
1727236800000,0.11054,0.1107,0.10963,0.10965,86811802.0
1727240400000,0.10965,0.11012,0.10951,0.10968,73793000.0
1727244000000,0.10967,0.10967,0.10865,0.10877,123005278.0
1727247600000,0.10876,0.10911,0.10813,0.10895,123658688.0
1727251200000,0.10894,0.10934,0.10873,0.10916,71720136.0
1727254800000,0.10915,0.10926,0.10853,0.10855,91325229.0
1727258400000,0.10855,0.1091,0.10824,0.10904,102236228.0
1727262000000,0.10904,0.11046,0.10865,0.10977,214601349.0
1727265600000,0.10977,0.1098,0.1092,0.1092,121718719.0
1727269200000,0.1092,0.1094,0.1084,0.10912,150552621.0
1727272800000,0.10912,0.1099,0.10905,0.10985,130442307.0
1727276400000,0.10984,0.10998,0.10873,0.10881,169271996.0
1727280000000,0.10881,0.11062,0.10864,0.10979,250800106.0
1727283600000,0.10978,0.10997,0.10893,0.10949,191430872.0
1727287200000,0.10949,0.10984,0.1092,0.10968,91768068.0
1727290800000,0.10968,0.11008,0.10952,0.10962,99436246.0
1727294400000,0.10961,0.1105,0.10961,0.11027,105773259.0
1727298000000,0.11027,0.11049,0.10964,0.10982,85279889.0
1727301600000,0.10981,0.1099,0.10866,0.10907,155803215.0
1727305200000,0.10908,0.10916,0.1079,0.10843,148404460.0
1727308800000,0.10843,0.10903,0.10702,0.10751,160410307.0
1727312400000,0.10751,0.10819,0.1069,0.10818,138896789.0
1727316000000,0.10818,0.10876,0.1081,0.1087,83307002.0
1727319600000,0.1087,0.10904,0.10829,0.10901,73360326.0
1727323200000,0.10902,0.10903,0.10848,0.10876,58484230.0
1727326800000,0.10875,0.11012,0.10851,0.10989,172752600.0
1727330400000,0.10988,0.11492,0.10986,0.1132,919989851.0
1727334000000,0.1132,0.115,0.11292,0.11342,579118743.0
1727337600000,0.11343,0.11474,0.11323,0.11376,297030691.0
1727341200000,0.11375,0.114,0.1132,0.11347,178067758.0
1727344800000,0.11347,0.11523,0.11337,0.11494,299935567.0
1727348400000,0.11494,0.11508,0.1136,0.11362,218078998.0
1727352000000,0.11363,0.11465,0.11332,0.1145,182637906.0
1727355600000,0.1145,0.11501,0.1138,0.11472,198870957.0
1727359200000,0.11472,0.11578,0.11416,0.11466,404185719.0
1727362800000,0.11466,0.1172,0.11457,0.11669,781568636.0
1727366400000,0.11669,0.11934,0.11618,0.11918,529654917.0
1727370000000,0.11919,0.12071,0.11776,0.11784,543275598.0
1727373600000,0.11785,0.11859,0.11719,0.11835,229257806.0
1727377200000,0.11836,0.11872,0.1175,0.11758,131956460.0
1727380800000,0.11758,0.11819,0.11571,0.11575,200844281.0
1727384400000,0.11575,0.11723,0.11543,0.11701,188553191.0
1727388000000,0.11701,0.11806,0.11694,0.11786,153933617.0
1727391600000,0.11785,0.11829,0.11599,0.11813,379252190.0
1727395200000,0.11813,0.11887,0.11757,0.11806,218308748.0
1727398800000,0.11806,0.11944,0.11735,0.11803,416888154.0
1727402400000,0.11804,0.11827,0.11697,0.1173,117635576.0
1727406000000,0.11731,0.11865,0.11701,0.11861,121483035.0
1727409600000,0.11861,0.1213,0.11845,0.12124,300893038.0
1727413200000,0.12123,0.12231,0.1201,0.12204,518698006.0
1727416800000,0.12203,0.12368,0.12194,0.12363,368116564.0
1727420400000,0.12362,0.12371,0.12217,0.12285,263440417.0
1727424000000,0.12284,0.12684,0.12271,0.12348,550614453.0
1727427600000,0.12349,0.12458,0.12318,0.12422,207981688.0
1727431200000,0.12423,0.1244,0.12281,0.12299,317729676.0
1727434800000,0.123,0.12351,0.12229,0.12261,129862483.0
1727438400000,0.12261,0.1244,0.12217,0.12436,294190201.0
1727442000000,0.12436,0.12542,0.1232,0.12462,271829286.0
1727445600000,0.12462,0.12872,0.12426,0.12676,933856406.0
1727449200000,0.12675,0.12721,0.12543,0.12686,432369545.0
1727452800000,0.12686,0.12773,0.1254,0.12588,420282700.0
1727456400000,0.12587,0.12608,0.12336,0.12382,455742845.0
1727460000000,0.12383,0.12442,0.12352,0.12441,132821526.0
1727463600000,0.12441,0.12463,0.12384,0.12419,64949071.0
1727467200000,0.12419,0.12445,0.12322,0.12388,73866994.0
1727470800000,0.12388,0.12412,0.12336,0.12372,43070493.0
1727474400000,0.12372,0.12429,0.123,0.12397,126092483.0
1727478000000,0.12396,0.12446,0.12341,0.12348,58537211.0
1727481600000,0.12347,0.12476,0.12319,0.12468,170672091.0
1727485200000,0.12468,0.12482,0.12409,0.12461,84812596.0
1727488800000,0.12461,0.12676,0.12426,0.12629,251308260.0
1727492400000,0.12629,0.1267,0.12514,0.12615,270572957.0
1727496000000,0.12614,0.12633,0.12536,0.12574,114664970.0
1727499600000,0.12574,0.12598,0.12424,0.12428,108405770.0
1727503200000,0.12428,0.12446,0.12261,0.1231,274146171.0
1727506800000,0.12309,0.12345,0.12149,0.12182,307761565.0
1727510400000,0.12181,0.12258,0.12081,0.12156,569348484.0
1727514000000,0.12156,0.12231,0.12004,0.12225,352972141.0
1727517600000,0.12226,0.12381,0.1217,0.12346,286591490.0
1727521200000,0.12345,0.12545,0.1231,0.12483,296142369.0
1727524800000,0.12483,0.12484,0.12323,0.12337,206024602.0
1727528400000,0.12337,0.12419,0.12239,0.12399,227610761.0
1727532000000,0.124,0.13096,0.12398,0.1302,1282268857.0
1727535600000,0.13019,0.1322,0.12925,0.13099,973463208.0
1727539200000,0.13099,0.13177,0.12852,0.12894,528446125.0
1727542800000,0.12893,0.13018,0.12868,0.12944,174287166.0
1727546400000,0.12943,0.131,0.1292,0.13048,174084704.0
1727550000000,0.13047,0.13145,0.1301,0.13011,166339983.0
1727553600000,0.13012,0.13129,0.12996,0.1305,130414929.0
1727557200000,0.13049,0.13057,0.12723,0.12916,390566704.0
1727560800000,0.12915,0.12952,0.12842,0.12882,120732853.0
1727564400000,0.12882,0.12904,0.12751,0.12805,210535133.0
1727568000000,0.12805,0.1294,0.12706,0.12777,248802172.0
1727571600000,0.12777,0.12937,0.12716,0.12916,192668688.0
1727575200000,0.12916,0.13038,0.12874,0.12977,237243079.0
1727578800000,0.12977,0.12987,0.12864,0.12941,151550387.0
1727582400000,0.12941,0.12969,0.12813,0.1288,173284734.0
1727586000000,0.1288,0.12923,0.12722,0.12767,172813651.0
1727589600000,0.12767,0.12808,0.12653,0.12689,223148512.0
1727593200000,0.12689,0.1273,0.12582,0.12592,206357217.0
1727596800000,0.12591,0.12675,0.12552,0.12618,228352062.0
1727600400000,0.12618,0.12737,0.12617,0.12658,268292920.0
1727604000000,0.12657,0.12707,0.12568,0.12706,141684029.0
1727607600000,0.12705,0.1274,0.12654,0.12695,105166376.0
1727611200000,0.12694,0.12725,0.12571,0.12576,168184994.0
1727614800000,0.12576,0.12671,0.12488,0.12663,270573996.0
1727618400000,0.12662,0.12676,0.12501,0.12532,219262508.0
1727622000000,0.12533,0.12644,0.12518,0.12603,164835826.0
1727625600000,0.12603,0.12613,0.12491,0.12578,171746451.0
1727629200000,0.12577,0.12703,0.1257,0.12673,168719392.0
1727632800000,0.12673,0.12729,0.1266,0.1268,86814324.0
1727636400000,0.1268,0.12828,0.12668,0.12827,173481253.0
1727640000000,0.12827,0.12891,0.12676,0.12712,225699932.0
1727643600000,0.12712,0.12771,0.12674,0.12718,72296485.0
1727647200000,0.12718,0.12763,0.1257,0.12581,162616760.0
1727650800000,0.1258,0.126,0.12432,0.12435,201952934.0
1727654400000,0.12435,0.12461,0.12198,0.12406,402005343.0
1727658000000,0.12406,0.12456,0.12211,0.12235,260484324.0
1727661600000,0.12235,0.12279,0.12144,0.12156,249447293.0
1727665200000,0.12156,0.12258,0.12063,0.12247,249433531.0
1727668800000,0.12247,0.12253,0.12153,0.12219,109588983.0
1727672400000,0.12219,0.12315,0.12206,0.12314,147440094.0
1727676000000,0.12315,0.12355,0.1222,0.12224,163444150.0
1727679600000,0.12224,0.12315,0.12221,0.12288,81353632.0
1727683200000,0.12287,0.123,0.12145,0.12204,221963970.0
1727686800000,0.12205,0.12205,0.12016,0.1202,274403190.0
1727690400000,0.1202,0.12102,0.11908,0.11998,389923712.0
1727694000000,0.11999,0.12077,0.11937,0.12046,162014750.0
1727697600000,0.12047,0.12065,0.11954,0.12045,212245146.0
1727701200000,0.12045,0.12112,0.11979,0.11979,145244209.0
1727704800000,0.11979,0.12003,0.11832,0.11934,266663350.0
1727708400000,0.11935,0.11999,0.11687,0.11709,452336101.0
1727712000000,0.11709,0.11797,0.11684,0.1171,225010793.0
1727715600000,0.11711,0.1181,0.11692,0.1181,149322058.0
1727719200000,0.1181,0.11832,0.11661,0.11806,217029169.0
1727722800000,0.11806,0.1182,0.11757,0.11774,83619327.0
1727726400000,0.11775,0.11894,0.11766,0.11871,120633437.0
1727730000000,0.11872,0.11873,0.11771,0.1178,69035217.0
1727733600000,0.1178,0.11797,0.11546,0.11585,406248887.0
1727737200000,0.11586,0.11588,0.1132,0.11415,413269573.0
1727740800000,0.11415,0.11583,0.11334,0.11566,326988836.0
1727744400000,0.11566,0.11679,0.11546,0.11641,168319454.0
1727748000000,0.1164,0.11674,0.11523,0.11671,130193677.0
1727751600000,0.1167,0.11771,0.11649,0.11765,156315922.0
1727755200000,0.11765,0.11839,0.11724,0.11824,139775559.0
1727758800000,0.11825,0.11833,0.11757,0.11781,96900306.0
1727762400000,0.11782,0.11885,0.11771,0.11869,158029647.0
1727766000000,0.11868,0.11902,0.11814,0.11853,101835947.0
1727769600000,0.11853,0.1187,0.11779,0.11797,144770700.0
1727773200000,0.11797,0.11857,0.11791,0.11805,61287647.0
1727776800000,0.11804,0.11871,0.11777,0.11867,92688133.0
1727780400000,0.11868,0.11931,0.11795,0.11802,206256140.0
1727784000000,0.11801,0.1185,0.11727,0.11755,151145287.0
1727787600000,0.11755,0.11764,0.11343,0.11475,579426040.0
1727791200000,0.11475,0.1155,0.11115,0.11165,586022427.0
1727794800000,0.11165,0.11205,0.10777,0.11061,891804495.0
1727798400000,0.11061,0.11137,0.10756,0.10918,507660906.0
1727802000000,0.10917,0.10917,0.10249,0.10779,1330565749.0
1727805600000,0.10778,0.1089,0.1068,0.10781,443016457.0
1727809200000,0.10781,0.10782,0.10572,0.10593,257314862.0
1727812800000,0.10594,0.10676,0.10377,0.10645,484199407.0
1727816400000,0.10646,0.10775,0.10584,0.10754,222341688.0
1727820000000,0.10755,0.10757,0.10591,0.10653,146735968.0
1727823600000,0.10653,0.10731,0.10617,0.10679,118528728.0
1727827200000,0.10679,0.10831,0.10626,0.10743,246450600.0
1727830800000,0.10742,0.10837,0.10718,0.10808,155597882.0
1727834400000,0.10808,0.10849,0.10777,0.10825,104446259.0
1727838000000,0.10824,0.10883,0.10803,0.10831,86375667.0
1727841600000,0.1083,0.10832,0.10738,0.10772,101564162.0
1727845200000,0.10772,0.1082,0.1073,0.10768,103561290.0
1727848800000,0.10768,0.10933,0.10706,0.10898,159486821.0
1727852400000,0.10898,0.10947,0.10828,0.10841,129850775.0
1727856000000,0.10841,0.10893,0.10788,0.10839,125721147.0
1727859600000,0.10839,0.10857,0.10607,0.10634,235532317.0
1727863200000,0.10633,0.10735,0.10586,0.10589,150746636.0
1727866800000,0.10588,0.10683,0.10535,0.10624,195706227.0
1727870400000,0.10625,0.10636,0.1043,0.10462,280903110.0
1727874000000,0.10462,0.10642,0.10351,0.10595,367468088.0
1727877600000,0.10594,0.10673,0.10502,0.10505,306194513.0
1727881200000,0.10505,0.10676,0.10479,0.10613,222698595.0
1727884800000,0.10613,0.10763,0.10591,0.10618,232087944.0
1727888400000,0.10619,0.10632,0.10493,0.10573,168100847.0
1727892000000,0.10574,0.10589,0.10329,0.10376,301345457.0
1727895600000,0.10376,0.10468,0.10216,0.10422,492244199.0
1727899200000,0.10422,0.10595,0.10375,0.10543,272533243.0
1727902800000,0.10544,0.10571,0.10435,0.10482,125822034.0
1727906400000,0.10482,0.1055,0.10347,0.10547,133431372.0
1727910000000,0.10546,0.10549,0.10451,0.10459,83006474.0
1727913600000,0.10458,0.10586,0.10397,0.10546,206078457.0
1727917200000,0.10546,0.1065,0.1054,0.10633,147112077.0
1727920800000,0.10632,0.10673,0.10595,0.10611,81369665.0
1727924400000,0.10609,0.10677,0.10581,0.10607,111551860.0
1727928000000,0.10608,0.1061,0.1055,0.10568,67982949.0
1727931600000,0.10567,0.10583,0.10507,0.10521,81104352.0
1727935200000,0.1052,0.10598,0.10493,0.10568,62085509.0
1727938800000,0.10568,0.10614,0.10443,0.1046,127910865.0
1727942400000,0.1046,0.10483,0.10172,0.10221,437249872.0
1727946000000,0.10221,0.10383,0.101,0.10371,328389162.0
1727949600000,0.1037,0.10496,0.10332,0.10493,186207938.0
1727953200000,0.10493,0.10514,0.10391,0.10391,148188689.0
1727956800000,0.10391,0.10438,0.10306,0.10379,228284900.0
1727960400000,0.10378,0.10424,0.10186,0.10408,414123098.0
1727964000000,0.10407,0.10552,0.10231,0.10238,459559270.0
1727967600000,0.10238,0.10427,0.10124,0.10397,437538328.0
1727971200000,0.10398,0.10432,0.10184,0.10286,322058710.0
1727974800000,0.10286,0.10422,0.1021,0.10367,213647196.0
1727978400000,0.10366,0.10452,0.10341,0.10405,108773345.0
1727982000000,0.10405,0.10519,0.10368,0.10494,135359813.0
1727985600000,0.10493,0.10511,0.10404,0.10422,94978535.0
1727989200000,0.10423,0.10496,0.10366,0.10482,80336477.0
1727992800000,0.10482,0.10565,0.10448,0.1051,93090720.0
1727996400000,0.10509,0.10546,0.10473,0.10502,62770697.0
1728000000000,0.10501,0.10575,0.10466,0.10478,143035262.0
1728003600000,0.10478,0.10679,0.10478,0.10658,199402574.0
1728007200000,0.10658,0.10686,0.10588,0.10652,105587522.0
1728010800000,0.10651,0.10669,0.10603,0.10633,73249606.0
1728014400000,0.10632,0.10744,0.10629,0.10692,107668767.0
1728018000000,0.10692,0.10832,0.10685,0.10821,155768474.0
1728021600000,0.10822,0.10847,0.10735,0.10741,119298217.0
1728025200000,0.10741,0.10813,0.10709,0.10792,78317759.0
1728028800000,0.10793,0.1088,0.10767,0.10795,152763911.0
1728032400000,0.10796,0.10849,0.10729,0.10736,126426890.0
1728036000000,0.10736,0.10792,0.10707,0.10731,110748090.0
1728039600000,0.10731,0.1086,0.10719,0.10849,86644286.0
1728043200000,0.10848,0.10999,0.10776,0.10993,353287178.0
1728046800000,0.10992,0.11028,0.10779,0.10814,338841707.0
1728050400000,0.10813,0.10824,0.10652,0.10734,274439219.0
1728054000000,0.10734,0.10839,0.10731,0.10818,193470388.0
1728057600000,0.10819,0.10938,0.10784,0.10908,216860277.0
1728061200000,0.10908,0.10932,0.10819,0.10863,107119560.0
1728064800000,0.10863,0.10943,0.10848,0.10943,63055967.0
1728068400000,0.10942,0.11056,0.10917,0.11037,153824436.0
1728072000000,0.11037,0.11046,0.10948,0.11002,89504363.0
1728075600000,0.11002,0.11026,0.10939,0.10951,61655718.0
1728079200000,0.10951,0.10989,0.10918,0.10934,65913127.0
1728082800000,0.10934,0.10937,0.10869,0.10918,80991883.0
1728086400000,0.10918,0.11005,0.10916,0.11,103499267.0
1728090000000,0.10999,0.11019,0.10893,0.10906,80643680.0
1728093600000,0.10905,0.10915,0.10781,0.10796,113916606.0
1728097200000,0.10797,0.10826,0.10741,0.1078,124874603.0
1728100800000,0.1078,0.10856,0.10752,0.10821,73359129.0
1728104400000,0.10822,0.10908,0.10818,0.10905,66203525.0
1728108000000,0.10905,0.10915,0.10844,0.10912,68111272.0
1728111600000,0.10913,0.10928,0.10868,0.10871,62215045.0
1728115200000,0.10871,0.10952,0.1087,0.10952,65461082.0
1728118800000,0.10951,0.10995,0.10933,0.1097,78378046.0
1728122400000,0.1097,0.10995,0.10909,0.10918,67493225.0
1728126000000,0.10917,0.10952,0.10898,0.10912,56369301.0
1728129600000,0.10912,0.10973,0.10909,0.10969,55710585.0
1728133200000,0.1097,0.10982,0.10858,0.10869,112110234.0
1728136800000,0.10869,0.10935,0.10848,0.10912,79396616.0
1728140400000,0.10912,0.10994,0.10866,0.10969,107773003.0
1728144000000,0.10969,0.1102,0.1087,0.10884,217481261.0
1728147600000,0.10885,0.10947,0.10869,0.10912,73343595.0
1728151200000,0.10912,0.10926,0.1081,0.10836,80513097.0
1728154800000,0.10836,0.10867,0.10784,0.10805,105791694.0
1728158400000,0.10805,0.10836,0.10766,0.10775,100981721.0
1728162000000,0.10776,0.10872,0.10758,0.10828,75182555.0
1728165600000,0.10828,0.10981,0.10827,0.10967,87060740.0
1728169200000,0.10966,0.10967,0.10929,0.10937,51211380.0
1728172800000,0.10938,0.10949,0.10892,0.10926,55035490.0
1728176400000,0.10926,0.11004,0.10926,0.10986,89308216.0
1728180000000,0.10986,0.10997,0.10933,0.10951,39168452.0
1728183600000,0.10951,0.10964,0.10847,0.10855,56929930.0
1728187200000,0.10855,0.10918,0.10839,0.10873,65515512.0
1728190800000,0.10873,0.10897,0.10844,0.10864,42008017.0
1728194400000,0.10864,0.10905,0.10834,0.10851,60073138.0
1728198000000,0.10851,0.109,0.1085,0.10892,38843225.0
1728201600000,0.10891,0.10965,0.10871,0.10896,89498100.0
1728205200000,0.10897,0.10952,0.1089,0.10915,44345367.0
1728208800000,0.10916,0.10933,0.10878,0.10879,33316648.0
1728212400000,0.1088,0.1095,0.10876,0.10927,54550412.0
1728216000000,0.10926,0.10962,0.10908,0.10954,68987646.0
1728219600000,0.10954,0.11034,0.10954,0.10982,161437698.0
1728223200000,0.10982,0.11284,0.10944,0.11245,312182952.0
1728226800000,0.11244,0.11269,0.11106,0.1121,275191303.0
1728230400000,0.1121,0.11276,0.11083,0.11085,191885248.0
1728234000000,0.11086,0.11152,0.11078,0.11094,70003611.0
1728237600000,0.11093,0.11148,0.11093,0.11122,48348271.0
1728241200000,0.11122,0.11177,0.11042,0.11063,76483748.0
1728244800000,0.11062,0.11103,0.11046,0.11068,52087527.0
1728248400000,0.11068,0.11105,0.10959,0.10971,92451644.0
1728252000000,0.10971,0.11095,0.10966,0.11091,59320123.0
1728255600000,0.1109,0.11184,0.11089,0.11153,110881492.0
1728259200000,0.11154,0.1137,0.11084,0.11368,296404363.0
1728262800000,0.11368,0.11524,0.11351,0.11505,283738188.0
1728266400000,0.11504,0.11545,0.11423,0.11427,160861647.0
1728270000000,0.11427,0.11463,0.11318,0.1139,141420027.0
1728273600000,0.11391,0.11439,0.1135,0.11352,73037376.0
1728277200000,0.11353,0.11414,0.1133,0.11362,77952053.0
1728280800000,0.11362,0.11441,0.11349,0.11438,80277056.0
1728284400000,0.11438,0.11438,0.11334,0.11361,88228911.0
1728288000000,0.11362,0.1145,0.11337,0.11342,128266988.0
1728291600000,0.11342,0.11357,0.11134,0.1122,294869415.0
1728295200000,0.1122,0.11222,0.11092,0.11137,159486631.0
1728298800000,0.11138,0.11153,0.1104,0.11145,165511864.0
1728302400000,0.11145,0.11152,0.11081,0.11093,103301326.0
1728306000000,0.11094,0.11252,0.1108,0.11206,161364297.0
1728309600000,0.11206,0.11467,0.11203,0.11304,361485494.0
1728313200000,0.11303,0.11308,0.1116,0.11182,223142749.0
1728316800000,0.11181,0.11299,0.11133,0.11255,159436306.0
1728320400000,0.11254,0.11274,0.11172,0.11239,92718178.0
1728324000000,0.11239,0.11246,0.10922,0.10956,321296289.0
1728327600000,0.10956,0.11098,0.1095,0.11082,141958413.0
1728331200000,0.11083,0.11113,0.11049,0.11072,102831238.0
1728334800000,0.11072,0.11232,0.1106,0.11187,168030306.0
1728338400000,0.11186,0.11212,0.10984,0.11003,125810361.0
1728342000000,0.11004,0.11036,0.1082,0.10837,318007995.0
1728345600000,0.10837,0.10933,0.10786,0.10923,208264089.0
1728349200000,0.10923,0.10965,0.10853,0.10935,119158339.0
1728352800000,0.10935,0.10981,0.10891,0.10966,71815638.0
1728356400000,0.10966,0.10982,0.10906,0.10927,67019199.0
1728360000000,0.10926,0.10972,0.10877,0.10936,82924258.0
1728363600000,0.10937,0.10946,0.10728,0.10789,174533392.0
1728367200000,0.1079,0.108,0.10668,0.10791,176498720.0
1728370800000,0.1079,0.10794,0.10623,0.1073,199047200.0
1728374400000,0.10729,0.10778,0.10694,0.10752,107955387.0
1728378000000,0.10753,0.10781,0.10702,0.10764,82049360.0
1728381600000,0.10763,0.10777,0.107,0.10757,68288916.0
1728385200000,0.10757,0.10798,0.1073,0.10796,102416320.0
1728388800000,0.10797,0.1081,0.10685,0.10691,92656557.0
1728392400000,0.1069,0.10811,0.10612,0.10808,239784223.0
1728396000000,0.10808,0.10843,0.10607,0.10734,260614931.0
1728399600000,0.10734,0.1074,0.10517,0.10639,233950087.0
1728403200000,0.10639,0.1076,0.10585,0.10741,147825701.0
1728406800000,0.10741,0.10749,0.10634,0.10706,95127183.0
1728410400000,0.10707,0.10763,0.10614,0.10673,109728961.0
1728414000000,0.10672,0.10732,0.1062,0.1071,85966619.0
1728417600000,0.10709,0.10761,0.10679,0.10736,54546487.0
1728421200000,0.10737,0.10805,0.1071,0.10784,56342480.0
1728424800000,0.10785,0.10791,0.10703,0.10709,59004362.0
1728428400000,0.10709,0.10718,0.10647,0.10704,62015264.0
1728432000000,0.10705,0.108,0.10691,0.10785,115505826.0
1728435600000,0.10784,0.10891,0.10761,0.1088,156228960.0
1728439200000,0.1088,0.10932,0.1084,0.10843,102586728.0
1728442800000,0.10844,0.10927,0.10826,0.1087,114625974.0
1728446400000,0.10869,0.10908,0.10833,0.10837,76421728.0
1728450000000,0.10836,0.10963,0.10836,0.10938,102309821.0
1728453600000,0.10938,0.10944,0.10873,0.10891,64452169.0
1728457200000,0.10891,0.10899,0.10837,0.10887,74048488.0
1728460800000,0.10887,0.10914,0.10837,0.10859,63591420.0
1728464400000,0.10859,0.10928,0.10853,0.1092,98474364.0
1728468000000,0.1092,0.10935,0.10872,0.10919,75231390.0
1728471600000,0.10919,0.11046,0.10912,0.11038,125672586.0
1728475200000,0.11038,0.11125,0.10939,0.11036,389320004.0
1728478800000,0.11036,0.11036,0.10822,0.10826,348895197.0
1728482400000,0.10826,0.10905,0.10812,0.10882,170976025.0
1728486000000,0.10883,0.11149,0.10883,0.11057,348651529.0
1728489600000,0.11056,0.11077,0.1094,0.1096,202698870.0
1728493200000,0.10959,0.11013,0.10918,0.1099,108090603.0
1728496800000,0.1099,0.11019,0.10842,0.10869,180233357.0
1728500400000,0.10869,0.10915,0.10825,0.1091,94971104.0
1728504000000,0.10909,0.10912,0.10617,0.10619,317008099.0
1728507600000,0.1062,0.10782,0.10604,0.10776,124152772.0
1728511200000,0.10775,0.10776,0.10685,0.10747,78831106.0
1728514800000,0.10746,0.10827,0.10737,0.10788,75255115.0
1728518400000,0.10788,0.1083,0.10692,0.1078,137199022.0
1728522000000,0.1078,0.10816,0.10729,0.10756,107112609.0
1728525600000,0.10756,0.10794,0.10725,0.10786,62315973.0
1728529200000,0.10785,0.10821,0.10758,0.10785,45444520.0
1728532800000,0.10786,0.10833,0.10766,0.108,65841072.0
1728536400000,0.10801,0.10868,0.10763,0.10829,90594184.0
1728540000000,0.10829,0.10835,0.10777,0.10799,56149107.0
1728543600000,0.10798,0.10799,0.10717,0.10722,72147534.0
1728547200000,0.10723,0.1075,0.10608,0.10625,140384353.0
1728550800000,0.10624,0.10671,0.10569,0.10611,183380016.0
1728554400000,0.1061,0.10694,0.10603,0.10673,93422544.0
1728558000000,0.10673,0.10733,0.10669,0.10724,92299755.0
1728561600000,0.10724,0.10741,0.10532,0.106,288916242.0
1728565200000,0.106,0.10692,0.1051,0.10573,242503940.0
1728568800000,0.10572,0.10606,0.10435,0.10496,317274122.0
1728572400000,0.10495,0.10549,0.10436,0.10535,197409433.0
1728576000000,0.10534,0.10583,0.10462,0.10478,170240692.0
1728579600000,0.10478,0.10537,0.1037,0.104,246673218.0
1728583200000,0.104,0.10465,0.10307,0.10459,335378481.0
1728586800000,0.10458,0.1048,0.1043,0.10449,56662514.0
1728590400000,0.10449,0.10499,0.10421,0.1048,92449132.0
1728594000000,0.10481,0.10619,0.1046,0.10616,124321003.0
1728597600000,0.10616,0.10627,0.10556,0.10578,95289878.0
1728601200000,0.10578,0.10623,0.10569,0.10596,57679953.0
1728604800000,0.10595,0.10636,0.1058,0.10604,74646620.0
1728608400000,0.10603,0.10722,0.10552,0.10682,191465624.0
1728612000000,0.10682,0.10787,0.10647,0.10781,141069921.0
1728615600000,0.10782,0.10818,0.10748,0.10749,128592527.0
1728619200000,0.10748,0.10772,0.1072,0.10763,93879461.0
1728622800000,0.10763,0.10794,0.10753,0.10758,66545460.0
1728626400000,0.10758,0.10827,0.10757,0.10768,94101893.0
1728630000000,0.10768,0.108,0.1076,0.10769,57429385.0
1728633600000,0.10768,0.10816,0.10761,0.10784,61198186.0
1728637200000,0.10783,0.10858,0.10782,0.10842,89416060.0
1728640800000,0.10841,0.10882,0.1083,0.10867,98143783.0
1728644400000,0.10866,0.10882,0.10819,0.10851,75320691.0
1728648000000,0.1085,0.10893,0.10824,0.10867,120463773.0
1728651600000,0.10867,0.10887,0.10802,0.10855,135379955.0
1728655200000,0.10855,0.10932,0.10848,0.10886,167723798.0
1728658800000,0.10887,0.11016,0.10887,0.10989,224593756.0
1728662400000,0.10989,0.11022,0.1094,0.10998,173238199.0
1728666000000,0.10998,0.11128,0.10998,0.11106,228659799.0
1728669600000,0.11106,0.11116,0.1105,0.11071,90402022.0
1728673200000,0.11071,0.11133,0.11064,0.11103,113418762.0
1728676800000,0.11102,0.11112,0.11069,0.11098,92005360.0
1728680400000,0.11097,0.11137,0.11092,0.111,63775970.0
1728684000000,0.11099,0.11134,0.1106,0.11075,114916795.0
1728687600000,0.11074,0.11128,0.11062,0.11075,111629684.0
1728691200000,0.11075,0.11156,0.11057,0.11114,114147579.0
1728694800000,0.11113,0.11144,0.11071,0.11101,77666482.0
1728698400000,0.11101,0.11108,0.10984,0.1099,134477473.0
1728702000000,0.1099,0.11018,0.1093,0.10967,111835866.0
1728705600000,0.10967,0.11038,0.10967,0.11001,57481388.0
1728709200000,0.11001,0.11035,0.10987,0.11034,38067279.0
1728712800000,0.11034,0.111,0.11021,0.11073,68606987.0
1728716400000,0.11074,0.11133,0.1105,0.11124,66161016.0
1728720000000,0.11124,0.11138,0.111,0.11123,70389295.0
1728723600000,0.11122,0.1113,0.11088,0.11126,45900030.0
1728727200000,0.11126,0.11216,0.11097,0.1117,195077928.0
1728730800000,0.11169,0.1121,0.11128,0.11131,91477703.0
1728734400000,0.11131,0.1114,0.11064,0.11115,105126759.0
1728738000000,0.11115,0.11161,0.11105,0.11147,82044127.0
1728741600000,0.11147,0.11196,0.11122,0.11154,87990041.0
1728745200000,0.11154,0.11205,0.11108,0.11132,107921395.0
1728748800000,0.11133,0.11203,0.11102,0.11121,96525069.0
1728752400000,0.11122,0.11194,0.11117,0.11144,59191175.0
1728756000000,0.11144,0.11178,0.11107,0.11127,58085362.0
1728759600000,0.11127,0.1115,0.11071,0.11118,77684511.0
1728763200000,0.11117,0.11163,0.11115,0.11146,33396081.0
1728766800000,0.11145,0.11182,0.11144,0.11154,23997204.0
1728770400000,0.11154,0.11189,0.11116,0.11155,60378300.0
1728774000000,0.11155,0.11161,0.11118,0.11132,46175697.0
1728777600000,0.11133,0.11207,0.11131,0.11154,62657746.0
1728781200000,0.11154,0.11157,0.11035,0.11061,146896236.0
1728784800000,0.11061,0.11104,0.11054,0.11102,51511807.0
1728788400000,0.11102,0.11119,0.11053,0.11089,59593376.0
1728792000000,0.11089,0.11192,0.11089,0.1116,72725978.0
1728795600000,0.11159,0.11178,0.11125,0.11144,59622467.0
1728799200000,0.11144,0.11169,0.11121,0.11141,44370465.0
1728802800000,0.11141,0.11152,0.11101,0.11152,53766386.0
1728806400000,0.11151,0.11201,0.11146,0.11165,92956287.0
1728810000000,0.11165,0.11205,0.11163,0.11187,77420647.0
1728813600000,0.11186,0.11195,0.11103,0.11107,86435177.0
1728817200000,0.11106,0.11138,0.11051,0.11057,123145570.0
1728820800000,0.11058,0.11184,0.11055,0.11147,118149344.0
1728824400000,0.11147,0.11187,0.11132,0.11161,66250016.0
1728828000000,0.11161,0.11187,0.10956,0.10986,276859833.0
1728831600000,0.10987,0.11019,0.1086,0.10949,315181169.0
1728835200000,0.1095,0.11075,0.10938,0.11047,150482649.0
1728838800000,0.11047,0.1109,0.10973,0.10986,85343192.0
1728842400000,0.10986,0.10997,0.10886,0.10952,139486068.0
1728846000000,0.10952,0.11018,0.10947,0.11001,45578002.0
1728849600000,0.11001,0.11011,0.10968,0.11006,43090186.0
1728853200000,0.11006,0.11084,0.10989,0.11048,57652666.0
1728856800000,0.11048,0.11177,0.11048,0.11116,167045051.0
1728860400000,0.11115,0.11145,0.11085,0.11136,56414836.0
1728864000000,0.11135,0.11145,0.1097,0.10972,160609356.0
1728867600000,0.10973,0.11069,0.10971,0.11004,137559372.0
1728871200000,0.11004,0.11004,0.10926,0.10984,117862564.0
1728874800000,0.10984,0.11296,0.10981,0.11271,367122531.0
1728878400000,0.11272,0.1136,0.11248,0.11259,213021724.0
1728882000000,0.11259,0.11278,0.11121,0.11193,245188034.0
1728885600000,0.11194,0.11238,0.11148,0.11203,113518975.0
1728889200000,0.11204,0.11247,0.11165,0.11241,138084353.0
1728892800000,0.1124,0.11266,0.11179,0.11239,121981335.0
1728896400000,0.11238,0.11306,0.11202,0.11298,128079526.0
1728900000000,0.11299,0.11371,0.1127,0.1133,146719259.0
1728903600000,0.1133,0.11355,0.11279,0.11293,101044183.0
1728907200000,0.11293,0.11336,0.1127,0.11313,106595768.0
1728910800000,0.11313,0.11368,0.11247,0.11356,182192850.0
1728914400000,0.11354,0.11586,0.11352,0.11486,433879362.0
1728918000000,0.11486,0.1167,0.11478,0.11561,291459175.0
1728921600000,0.11561,0.11611,0.11454,0.11472,229793413.0
1728925200000,0.11472,0.116,0.11415,0.11491,357925729.0
1728928800000,0.11491,0.11533,0.11478,0.11493,90180988.0
1728932400000,0.11493,0.11582,0.11482,0.11556,144726540.0
1728936000000,0.11556,0.11619,0.11548,0.11572,82052424.0
1728939600000,0.11572,0.11594,0.11528,0.11567,58797522.0
1728943200000,0.11566,0.1176,0.11562,0.11756,173863807.0
1728946800000,0.11755,0.11768,0.11629,0.11664,210549502.0
1728950400000,0.11664,0.11907,0.11626,0.11821,373399814.0
1728954000000,0.11822,0.1193,0.11721,0.1179,188320888.0
1728957600000,0.1179,0.11877,0.11753,0.11817,90206084.0
1728961200000,0.11818,0.1183,0.11621,0.1163,161584549.0
1728964800000,0.11629,0.11733,0.11587,0.11698,136942930.0
1728968400000,0.11699,0.11709,0.11551,0.1159,157004669.0
1728972000000,0.11589,0.11629,0.11542,0.11618,90148384.0
1728975600000,0.11617,0.11672,0.11578,0.11585,103052635.0
1728979200000,0.11585,0.11668,0.11573,0.11617,104064142.0
1728982800000,0.11618,0.11631,0.11514,0.11555,151061711.0
1728986400000,0.11554,0.11618,0.11547,0.1158,80093667.0
1728990000000,0.1158,0.11599,0.1125,0.11289,574675402.0
1728993600000,0.11289,0.11465,0.11262,0.11423,271519725.0
1728997200000,0.11423,0.1181,0.1136,0.11765,415509339.0
1729000800000,0.11765,0.11832,0.11161,0.11262,956122668.0
1729004400000,0.11263,0.1132,0.11008,0.11286,646985415.0
1729008000000,0.11286,0.11612,0.11271,0.11438,559310803.0
1729011600000,0.11439,0.1159,0.11381,0.11559,211031858.0
1729015200000,0.11559,0.11737,0.11529,0.11557,275129158.0
1729018800000,0.11556,0.11585,0.11425,0.11468,140043387.0
1729022400000,0.11468,0.11474,0.11258,0.11272,202415463.0
1729026000000,0.11271,0.11441,0.11236,0.11435,166429380.0
1729029600000,0.11435,0.11544,0.11369,0.11516,152373509.0
1729033200000,0.11516,0.11783,0.11516,0.11747,255698427.0
1729036800000,0.11747,0.11774,0.11634,0.11646,201285152.0
1729040400000,0.11646,0.11717,0.11575,0.11656,197636281.0
1729044000000,0.11656,0.11774,0.11652,0.11665,144224459.0
1729047600000,0.11664,0.1172,0.11582,0.11657,188762394.0
1729051200000,0.11657,0.11733,0.11619,0.11722,143456591.0
1729054800000,0.11722,0.11959,0.11691,0.11836,314158289.0
1729058400000,0.11838,0.11944,0.11742,0.11826,315984304.0
1729062000000,0.11826,0.12036,0.1172,0.12016,478100413.0
1729065600000,0.12016,0.12536,0.11976,0.12393,1192898736.0
1729069200000,0.12393,0.12845,0.12285,0.1271,1415029205.0
1729072800000,0.12709,0.12758,0.1248,0.12537,643143710.0
1729076400000,0.12537,0.12646,0.12475,0.12592,476401238.0
1729080000000,0.12593,0.12733,0.1248,0.1261,623704800.0
1729083600000,0.1261,0.1271,0.12522,0.12569,658915140.0
1729087200000,0.12569,0.12792,0.12511,0.12571,691427068.0
1729090800000,0.12571,0.12725,0.1235,0.12616,688113403.0
1729094400000,0.12615,0.12717,0.12459,0.12647,544739186.0
1729098000000,0.12647,0.12826,0.12535,0.12706,557650058.0
1729101600000,0.12705,0.12752,0.1259,0.12639,386685751.0
1729105200000,0.12639,0.12747,0.12604,0.12736,233167604.0
1729108800000,0.12735,0.13006,0.12725,0.12831,794644961.0
1729112400000,0.1283,0.12847,0.12608,0.12666,450667184.0
1729116000000,0.12666,0.12737,0.12605,0.12693,189522117.0
1729119600000,0.12693,0.12701,0.12522,0.12571,211852189.0
1729123200000,0.12572,0.1267,0.12464,0.12477,339736764.0
1729126800000,0.12476,0.1252,0.1236,0.12489,312865667.0
1729130400000,0.12489,0.12531,0.12387,0.12453,179337667.0
1729134000000,0.12454,0.12559,0.12417,0.12508,178691741.0
1729137600000,0.12508,0.12516,0.12366,0.12392,199124913.0
1729141200000,0.12392,0.12446,0.12217,0.12268,331348904.0
1729144800000,0.12268,0.12366,0.12176,0.12218,442618377.0
1729148400000,0.12219,0.12275,0.12132,0.12201,267385403.0
1729152000000,0.12201,0.12259,0.12113,0.12247,307212906.0
1729155600000,0.12247,0.12356,0.12242,0.1229,340361929.0
1729159200000,0.1229,0.12323,0.12102,0.12287,312915083.0
1729162800000,0.12287,0.12322,0.12151,0.12161,197066660.0
1729166400000,0.1216,0.12263,0.12121,0.12208,244908885.0
1729170000000,0.12209,0.12258,0.12067,0.1211,444228576.0
1729173600000,0.12111,0.12206,0.12043,0.12156,395032954.0
1729177200000,0.12157,0.123,0.12066,0.12272,393866410.0
1729180800000,0.12272,0.12304,0.12134,0.12245,261636293.0
1729184400000,0.12246,0.12384,0.12157,0.1229,362890995.0
1729188000000,0.12291,0.12314,0.12053,0.12116,333398809.0
1729191600000,0.12117,0.12417,0.12082,0.12407,360339191.0
1729195200000,0.12406,0.12865,0.12394,0.1284,878273403.0
1729198800000,0.1284,0.13099,0.12742,0.12851,865369352.0
1729202400000,0.12851,0.1292,0.12729,0.12847,367977356.0
1729206000000,0.12848,0.12991,0.12808,0.1296,335807386.0
1729209600000,0.12961,0.1355,0.12946,0.13392,976534324.0
1729213200000,0.13392,0.1362,0.13361,0.13516,606825807.0
1729216800000,0.13516,0.13647,0.13374,0.13392,465431813.0
1729220400000,0.13392,0.13417,0.13237,0.13268,409553623.0
1729224000000,0.13268,0.13347,0.13145,0.13156,327776981.0
1729227600000,0.13157,0.13344,0.13085,0.1332,737138221.0
1729231200000,0.1332,0.13519,0.13277,0.13484,743221388.0
1729234800000,0.13484,0.13588,0.13356,0.1347,417405785.0
1729238400000,0.13469,0.13563,0.13443,0.1348,276067580.0
1729242000000,0.1348,0.13536,0.13378,0.13488,259747861.0
1729245600000,0.13488,0.1355,0.13404,0.13513,217724179.0
1729249200000,0.13513,0.13644,0.13314,0.13341,582462438.0
1729252800000,0.13341,0.13458,0.13328,0.13356,246726096.0
1729256400000,0.13355,0.13474,0.13244,0.13437,379513742.0
1729260000000,0.13437,0.13698,0.13325,0.13583,702533240.0
1729263600000,0.13583,0.1384,0.13513,0.13761,808261257.0
1729267200000,0.13761,0.14081,0.13602,0.1395,862936757.0
1729270800000,0.13951,0.14076,0.13806,0.13997,916268075.0
1729274400000,0.13997,0.14007,0.13829,0.13873,360306105.0
1729278000000,0.13872,0.13922,0.1365,0.13653,373981697.0
1729281600000,0.13653,0.1372,0.13601,0.13682,292951165.0
1729285200000,0.13681,0.13845,0.13669,0.1381,177893024.0
1729288800000,0.13809,0.13868,0.13747,0.13817,164597879.0
1729292400000,0.13817,0.13848,0.13704,0.13717,135156359.0
1729296000000,0.13717,0.13867,0.13692,0.13785,263590888.0
1729299600000,0.13785,0.14622,0.13775,0.14551,1050887561.0
1729303200000,0.14552,0.14697,0.14353,0.14554,751983130.0
1729306800000,0.14553,0.14677,0.14393,0.14418,423805157.0
1729310400000,0.14418,0.14495,0.14278,0.1433,642774377.0
1729314000000,0.1433,0.1445,0.14286,0.14414,233193699.0
1729317600000,0.14414,0.1454,0.14373,0.14514,262149416.0
1729321200000,0.14514,0.14537,0.1436,0.14398,256163904.0
1729324800000,0.14398,0.14526,0.14371,0.14462,182052544.0
1729328400000,0.14462,0.14586,0.14433,0.14479,333332861.0
1729332000000,0.14479,0.14658,0.14435,0.14609,458618155.0
1729335600000,0.14608,0.14655,0.1421,0.14218,749095585.0
1729339200000,0.14217,0.14591,0.14209,0.14536,589359711.0
1729342800000,0.14537,0.14549,0.14406,0.14425,351873395.0
1729346400000,0.14425,0.14648,0.14421,0.14637,329593091.0
1729350000000,0.14637,0.14683,0.14325,0.14385,522934668.0
1729353600000,0.14384,0.14447,0.14161,0.14172,460397174.0
1729357200000,0.14173,0.14233,0.13934,0.14002,720904096.0
1729360800000,0.14002,0.14119,0.13958,0.13986,325761602.0
1729364400000,0.13987,0.14095,0.1393,0.14003,262197502.0
1729368000000,0.14004,0.14096,0.13989,0.14075,136023032.0
1729371600000,0.14074,0.14204,0.14059,0.14111,198888614.0
1729375200000,0.14111,0.14348,0.14095,0.14334,233747213.0
1729378800000,0.14333,0.14675,0.14291,0.14402,558893932.0
1729382400000,0.14401,0.14574,0.14194,0.14201,419321502.0
1729386000000,0.14201,0.14325,0.14155,0.14189,278422043.0
1729389600000,0.14189,0.14273,0.14086,0.14201,237510421.0
1729393200000,0.14201,0.1421,0.14061,0.14133,216326016.0
1729396800000,0.14134,0.143,0.14088,0.14165,348608131.0
1729400400000,0.14164,0.14223,0.14084,0.14093,172526106.0
1729404000000,0.14094,0.14219,0.14067,0.14212,153310953.0
1729407600000,0.14212,0.14388,0.14184,0.14278,342883962.0
1729411200000,0.14278,0.14369,0.14185,0.14227,234609332.0
1729414800000,0.14228,0.14342,0.14211,0.1433,176073140.0
1729418400000,0.1433,0.1437,0.14222,0.14248,214249900.0
1729422000000,0.14247,0.14322,0.14232,0.14269,94344422.0
1729425600000,0.14269,0.14285,0.13755,0.1376,680718727.0
1729429200000,0.13761,0.13947,0.13718,0.13926,636664029.0
1729432800000,0.13927,0.14019,0.13863,0.13912,458398415.0
1729436400000,0.13911,0.13926,0.13753,0.13833,297906059.0
1729440000000,0.13834,0.14013,0.1383,0.14002,190729320.0
1729443600000,0.14002,0.1426,0.13948,0.14036,526057058.0
1729447200000,0.14037,0.14149,0.13997,0.14093,217389447.0
1729450800000,0.14093,0.14098,0.14001,0.14026,98358272.0
1729454400000,0.14026,0.14181,0.13983,0.14081,161171159.0
1729458000000,0.1408,0.14139,0.13962,0.14104,234449930.0
1729461600000,0.14104,0.1435,0.14077,0.14265,399313060.0
1729465200000,0.14264,0.14327,0.14164,0.1421,218426831.0
1729468800000,0.1421,0.14606,0.14138,0.14403,602546942.0
1729472400000,0.14403,0.14708,0.14357,0.14508,581300917.0
1729476000000,0.14507,0.1464,0.14366,0.1439,353285322.0
1729479600000,0.14389,0.14617,0.14355,0.14542,325606469.0
1729483200000,0.14542,0.14748,0.14422,0.14735,361692327.0
1729486800000,0.14735,0.1492,0.14627,0.14836,739291376.0
1729490400000,0.14837,0.14979,0.14695,0.14736,757906001.0
1729494000000,0.14737,0.14793,0.14596,0.14616,281884615.0
1729497600000,0.14616,0.14714,0.1444,0.1446,436368310.0
1729501200000,0.1446,0.1461,0.14403,0.14587,331192404.0
1729504800000,0.14587,0.1467,0.14476,0.14491,272011042.0
1729508400000,0.1449,0.14577,0.14391,0.14438,272250904.0
1729512000000,0.14439,0.14487,0.14283,0.14421,294015374.0
1729515600000,0.14422,0.14511,0.14077,0.14269,840875191.0
1729519200000,0.1427,0.14331,0.14124,0.14159,503276051.0
1729522800000,0.14159,0.14193,0.13869,0.14077,672476078.0
1729526400000,0.14077,0.14079,0.13812,0.14035,396054115.0
1729530000000,0.14034,0.14333,0.14008,0.1428,392925010.0
1729533600000,0.1428,0.14302,0.14128,0.14222,352483549.0
1729537200000,0.14222,0.14412,0.14218,0.14353,200243437.0
1729540800000,0.14355,0.14511,0.14259,0.14434,300421193.0
1729544400000,0.14433,0.14506,0.14372,0.14403,148848898.0
1729548000000,0.14403,0.14483,0.14346,0.14474,114484610.0
1729551600000,0.14474,0.1448,0.14322,0.14363,146291276.0
1729555200000,0.14363,0.14473,0.14036,0.14253,671615589.0
1729558800000,0.14254,0.14678,0.14179,0.14617,498295027.0
1729562400000,0.14616,0.14853,0.14427,0.14473,620450741.0
1729566000000,0.14473,0.1459,0.14419,0.14473,229368156.0
1729569600000,0.14474,0.14493,0.14365,0.14461,163039845.0
1729573200000,0.14461,0.14634,0.14446,0.14598,232473198.0
1729576800000,0.14598,0.14662,0.14547,0.14554,188154770.0
1729580400000,0.14553,0.14625,0.14428,0.14441,186869428.0
1729584000000,0.1444,0.14451,0.14256,0.14296,432870486.0
1729587600000,0.14297,0.1438,0.14137,0.14243,390933223.0
1729591200000,0.14242,0.14342,0.14159,0.14309,233080254.0
1729594800000,0.1431,0.14412,0.1418,0.14185,277830385.0
1729598400000,0.14185,0.14265,0.14015,0.14064,495916128.0
1729602000000,0.14065,0.14105,0.13825,0.13924,587893264.0
1729605600000,0.13923,0.14139,0.1387,0.1407,612570786.0
1729609200000,0.1407,0.1414,0.13812,0.13937,495335894.0
1729612800000,0.13937,0.1397,0.13661,0.13681,526969316.0
1729616400000,0.13681,0.13901,0.13642,0.13889,390084104.0
1729620000000,0.13889,0.1407,0.13886,0.13927,299023364.0
1729623600000,0.13926,0.14054,0.13909,0.13957,168511115.0
1729627200000,0.13957,0.14034,0.13928,0.14014,148554254.0
1729630800000,0.14014,0.14039,0.13949,0.13998,104606317.0
1729634400000,0.13998,0.14133,0.13971,0.14073,201722306.0
1729638000000,0.14072,0.14106,0.13923,0.13964,148447042.0
1729641600000,0.13964,0.1399,0.13751,0.13807,286392660.0
1729645200000,0.13807,0.1396,0.13802,0.13927,214410286.0
1729648800000,0.13926,0.13931,0.13778,0.13783,144905229.0
1729652400000,0.13782,0.13848,0.13678,0.13814,277385303.0
1729656000000,0.13815,0.13882,0.13764,0.13853,145103127.0
1729659600000,0.13854,0.13879,0.13749,0.13847,133962780.0
1729663200000,0.13848,0.14091,0.13825,0.13955,369846043.0
1729666800000,0.13955,0.14051,0.13915,0.13965,274728819.0
1729670400000,0.13965,0.14038,0.13795,0.13851,259216805.0
1729674000000,0.13851,0.13874,0.1365,0.1367,457494793.0
1729677600000,0.1367,0.13794,0.13593,0.1369,395346806.0
1729681200000,0.1369,0.13785,0.13652,0.13698,201411041.0
1729684800000,0.13698,0.13777,0.13624,0.13756,240520657.0
1729688400000,0.13756,0.14031,0.13726,0.14005,391788029.0
1729692000000,0.14005,0.14091,0.13929,0.13994,444042109.0
1729695600000,0.13993,0.1401,0.13823,0.13937,501791648.0
1729699200000,0.13937,0.14003,0.13597,0.1362,698295755.0
1729702800000,0.13621,0.13769,0.13438,0.13485,464170673.0
1729706400000,0.13485,0.13655,0.1331,0.13629,649740292.0
1729710000000,0.13629,0.13944,0.13542,0.13904,407717484.0
1729713600000,0.13905,0.13987,0.13842,0.13977,268482773.0
1729717200000,0.13976,0.13981,0.13788,0.13819,155747440.0
1729720800000,0.13819,0.139,0.13757,0.13841,148163947.0
1729724400000,0.13842,0.14026,0.13828,0.13998,204506075.0
1729728000000,0.13998,0.14303,0.13907,0.14256,515747033.0
1729731600000,0.14256,0.14318,0.14126,0.14136,331520340.0
1729735200000,0.14135,0.14162,0.14006,0.14065,338130240.0
1729738800000,0.14066,0.14083,0.1393,0.13939,189828904.0
1729742400000,0.13938,0.14044,0.13932,0.14009,156164262.0
1729746000000,0.14009,0.14108,0.13921,0.13936,245366473.0
1729749600000,0.13936,0.14002,0.13857,0.13863,212712812.0
1729753200000,0.13862,0.13918,0.13795,0.13832,184689631.0
1729756800000,0.13832,0.13902,0.13661,0.1367,286830061.0
1729760400000,0.1367,0.13786,0.13627,0.13753,259628320.0
1729764000000,0.13753,0.13841,0.13719,0.13744,181340121.0
1729767600000,0.13744,0.13915,0.13738,0.13893,201298390.0
1729771200000,0.13892,0.14018,0.13867,0.13961,292113295.0
1729774800000,0.13961,0.14298,0.13905,0.14274,491061729.0
1729778400000,0.14275,0.14343,0.13952,0.14105,741535349.0
1729782000000,0.14104,0.14242,0.14019,0.14056,326826621.0
1729785600000,0.14055,0.14105,0.13935,0.13963,221655905.0
1729789200000,0.13963,0.14117,0.13922,0.14031,162937489.0
1729792800000,0.14031,0.14113,0.13965,0.14006,140213451.0
1729796400000,0.14005,0.14286,0.13968,0.14238,283266962.0
1729800000000,0.14238,0.14265,0.14112,0.14178,190236968.0
1729803600000,0.14179,0.14385,0.14153,0.1417,290343183.0
1729807200000,0.14171,0.14252,0.14137,0.14198,117388474.0
1729810800000,0.14198,0.14322,0.14173,0.14188,175077633.0
1729814400000,0.14187,0.14275,0.14042,0.14065,247011983.0
1729818000000,0.14066,0.14088,0.1392,0.13963,219726485.0
1729821600000,0.13962,0.14008,0.13872,0.13976,202577093.0
1729825200000,0.13975,0.14084,0.13961,0.13983,164623882.0
1729828800000,0.13981,0.14008,0.13832,0.13954,249778704.0
1729832400000,0.13953,0.14079,0.13901,0.14018,154016653.0
1729836000000,0.14018,0.14025,0.13917,0.13939,104002940.0
1729839600000,0.13939,0.13967,0.13749,0.13806,341886522.0
1729843200000,0.13806,0.13817,0.13666,0.13792,396475693.0
1729846800000,0.1379,0.13932,0.13756,0.1391,178074656.0
1729850400000,0.13911,0.13912,0.13783,0.13851,223617878.0
1729854000000,0.13851,0.13968,0.13811,0.13909,187890763.0
1729857600000,0.13909,0.13972,0.13839,0.13848,185705142.0
1729861200000,0.13849,0.13874,0.13708,0.13855,333647705.0
1729864800000,0.13856,0.13974,0.13762,0.13769,334628441.0
1729868400000,0.13769,0.13853,0.1357,0.13633,397871554.0
1729872000000,0.13632,0.13704,0.1353,0.13623,352298276.0
1729875600000,0.13624,0.13709,0.13381,0.13421,459360561.0
1729879200000,0.13421,0.13579,0.13212,0.13429,687618690.0
1729882800000,0.13429,0.13594,0.13363,0.13543,265651794.0
1729886400000,0.13543,0.13592,0.13471,0.13522,163328935.0
1729890000000,0.13523,0.13664,0.1352,0.13635,102513299.0
1729893600000,0.13635,0.13676,0.13465,0.13475,153981950.0
1729897200000,0.13476,0.13498,0.12771,0.13154,1523192143.0
1729900800000,0.13155,0.13391,0.13062,0.1326,549130696.0
1729904400000,0.13259,0.13322,0.13125,0.13213,268641195.0
1729908000000,0.13212,0.1338,0.13128,0.13299,201270570.0
1729911600000,0.13299,0.13419,0.13279,0.13366,133907045.0
1729915200000,0.13366,0.13388,0.13317,0.1338,107318173.0
1729918800000,0.1338,0.13452,0.13362,0.13391,128966102.0
1729922400000,0.1339,0.13501,0.13366,0.13466,132664084.0
1729926000000,0.13465,0.13495,0.13423,0.13435,98554973.0
1729929600000,0.13434,0.13499,0.13429,0.13473,75960045.0
1729933200000,0.13474,0.1352,0.13449,0.13475,95747454.0
1729936800000,0.13476,0.13548,0.1345,0.13487,122487160.0
1729940400000,0.13487,0.13523,0.13448,0.13502,102323079.0
1729944000000,0.13501,0.13534,0.13447,0.13472,100558944.0
1729947600000,0.13472,0.13486,0.13331,0.13352,209219413.0
1729951200000,0.13353,0.13398,0.13205,0.13225,306392302.0
1729954800000,0.13226,0.13411,0.13215,0.13346,209597237.0
1729958400000,0.13346,0.13559,0.13324,0.13483,178445219.0
1729962000000,0.13483,0.13816,0.13476,0.13739,409925656.0
1729965600000,0.13739,0.13794,0.13572,0.13581,217829787.0
1729969200000,0.1358,0.13649,0.13575,0.13625,81240987.0
1729972800000,0.13625,0.13743,0.13608,0.13636,165030439.0
1729976400000,0.13636,0.13729,0.13623,0.13706,67688999.0
1729980000000,0.13705,0.13781,0.13697,0.13764,96273648.0
1729983600000,0.13763,0.13793,0.13723,0.13739,70460294.0
1729987200000,0.13739,0.13749,0.13627,0.13643,104723543.0
1729990800000,0.13643,0.1387,0.13602,0.13848,157283108.0
1729994400000,0.13847,0.13864,0.13783,0.13816,160392263.0
1729998000000,0.13816,0.13849,0.13773,0.1381,95777345.0
1730001600000,0.1381,0.13862,0.138,0.13812,85883878.0
1730005200000,0.13812,0.13841,0.13769,0.13796,95277792.0
1730008800000,0.13797,0.13845,0.13761,0.1382,88885402.0
1730012400000,0.1382,0.13855,0.13773,0.13814,67330947.0
1730016000000,0.13813,0.13854,0.1379,0.13836,96202745.0
1730019600000,0.13836,0.13847,0.13704,0.13721,146333718.0
1730023200000,0.13721,0.13773,0.13664,0.13667,117066645.0
1730026800000,0.13666,0.13809,0.1366,0.13729,156675819.0
1730030400000,0.13729,0.139,0.13728,0.13888,201123290.0
1730034000000,0.13887,0.14048,0.13862,0.13885,290146509.0
1730037600000,0.13885,0.13983,0.13868,0.13959,166143690.0
1730041200000,0.1396,0.1411,0.13955,0.14099,237873323.0
1730044800000,0.14098,0.14417,0.14098,0.14364,714221685.0
1730048400000,0.14364,0.14423,0.14205,0.14212,316255245.0
1730052000000,0.14211,0.14233,0.14107,0.14137,164236149.0
1730055600000,0.14138,0.14161,0.14035,0.14126,217370574.0
1730059200000,0.14126,0.14192,0.1407,0.14076,127288076.0
1730062800000,0.14075,0.1422,0.14053,0.14126,153963416.0
1730066400000,0.14126,0.14293,0.14125,0.1424,238081491.0
1730070000000,0.1424,0.1463,0.14235,0.14425,585931964.0
1730073600000,0.14424,0.14463,0.14196,0.14214,335214115.0
1730077200000,0.14213,0.14263,0.14107,0.14204,276619762.0
1730080800000,0.14204,0.14619,0.1418,0.1456,447846221.0
1730084400000,0.1456,0.14633,0.14268,0.14316,449666707.0
1730088000000,0.14317,0.14538,0.14277,0.14457,425489501.0
1730091600000,0.14456,0.14503,0.14243,0.14316,348773004.0
1730095200000,0.14317,0.14328,0.14182,0.143,222680745.0
1730098800000,0.14299,0.14479,0.14293,0.14338,365328206.0
1730102400000,0.14338,0.14424,0.14274,0.14319,193710945.0
1730106000000,0.14318,0.14442,0.14211,0.14433,237919109.0
1730109600000,0.14432,0.14595,0.14418,0.1457,390952562.0
1730113200000,0.14569,0.14695,0.14455,0.14563,419181984.0
1730116800000,0.14562,0.14781,0.14506,0.14763,527294109.0
1730120400000,0.14763,0.14907,0.14675,0.14692,811931703.0
1730124000000,0.14692,0.1513,0.14601,0.15057,1409975313.0
1730127600000,0.15058,0.15104,0.1471,0.14791,844121613.0
1730131200000,0.14791,0.15135,0.1478,0.14973,494562359.0
1730134800000,0.14972,0.15155,0.14844,0.15038,696492157.0
1730138400000,0.15038,0.15329,0.15024,0.15307,946126630.0
1730142000000,0.15307,0.16205,0.15275,0.15851,2790437937.0
1730145600000,0.15836,0.15931,0.15654,0.15699,550917800.0
1730149200000,0.15794,0.15964,0.15788,0.1593,161600026.0
1730152800000,0.16078,0.1619,0.15716,0.15823,951770275.0
1730156400000,0.15822,0.16263,0.1582,0.1614,774063549.0
1730160000000,0.16141,0.16896,0.16048,0.16791,1296919356.0
1730163600000,0.16792,0.16831,0.16552,0.16731,777701150.0
1730167200000,0.16731,0.16916,0.16514,0.16572,1132972337.0
1730170800000,0.16571,0.16898,0.16557,0.16719,604980510.0
1730174400000,0.1672,0.16755,0.16464,0.16539,521647896.0
1730178000000,0.16539,0.16563,0.16332,0.16493,517522550.0
1730181600000,0.16493,0.16601,0.16381,0.16478,345156972.0
1730185200000,0.16477,0.16536,0.16347,0.16472,304005445.0
1730188800000,0.16472,0.16554,0.1643,0.16515,247182928.0
1730192400000,0.16516,0.16553,0.16389,0.16455,264473015.0
1730196000000,0.16455,0.16604,0.16354,0.16544,352506015.0
1730199600000,0.16543,0.16777,0.16496,0.16658,444868089.0
1730203200000,0.16657,0.16688,0.16461,0.16569,302107007.0
1730206800000,0.16569,0.1685,0.16568,0.16797,581241343.0
1730210400000,0.16796,0.17018,0.16735,0.16803,802674997.0
1730214000000,0.16803,0.1732,0.16762,0.17275,1455719339.0
1730217600000,0.17275,0.17974,0.17244,0.17819,2197077835.0
1730221200000,0.17819,0.17929,0.17513,0.17689,855198008.0
1730224800000,0.17688,0.17714,0.1728,0.17593,839677781.0
1730228400000,0.17593,0.17654,0.16928,0.16983,1155640488.0
1730232000000,0.16982,0.17258,0.16829,0.1724,796271350.0
1730235600000,0.17239,0.17532,0.17138,0.17351,582296654.0
1730239200000,0.17351,0.17638,0.17328,0.17468,445035346.0
1730242800000,0.17468,0.17683,0.17384,0.17587,422027023.0
1730246400000,0.17586,0.1774,0.17404,0.17528,514787220.0
1730250000000,0.17528,0.17802,0.17215,0.17715,758789244.0
1730253600000,0.17715,0.17766,0.17408,0.17421,477216375.0
1730257200000,0.17421,0.17583,0.17283,0.17497,399621633.0
1730260800000,0.17497,0.17718,0.17468,0.17602,263167212.0
1730264400000,0.17602,0.17725,0.17575,0.17677,273216464.0
1730268000000,0.17676,0.17796,0.1735,0.17375,553746552.0
1730271600000,0.17375,0.17478,0.17211,0.17267,364275782.0
1730275200000,0.17267,0.17385,0.17019,0.17084,528313429.0
1730278800000,0.17084,0.17208,0.17022,0.17123,347737571.0
1730282400000,0.17123,0.17142,0.16955,0.17026,315414055.0
1730286000000,0.17027,0.17077,0.16723,0.16822,679174472.0
1730289600000,0.16821,0.17131,0.1677,0.1704,569325415.0
1730293200000,0.17039,0.17141,0.16826,0.17009,572165038.0
1730296800000,0.17008,0.17083,0.1684,0.16894,575507241.0
1730300400000,0.16893,0.16942,0.16481,0.16536,882569838.0
1730304000000,0.16537,0.16782,0.1644,0.16683,478047901.0
1730307600000,0.16683,0.16743,0.16612,0.1674,200114746.0
1730311200000,0.1674,0.16867,0.16717,0.16828,190739960.0
1730314800000,0.16828,0.1689,0.16728,0.16748,155683446.0
1730318400000,0.16747,0.16997,0.16644,0.16969,358249186.0
1730322000000,0.1697,0.1705,0.16825,0.17007,263380623.0
1730325600000,0.17008,0.17091,0.16885,0.16925,233905416.0
1730329200000,0.16925,0.1696,0.16798,0.16829,141536281.0
1730332800000,0.1683,0.17125,0.16728,0.16921,450114483.0
1730336400000,0.16922,0.1721,0.16867,0.17196,350278205.0
1730340000000,0.17197,0.17285,0.17011,0.17122,305772059.0
1730343600000,0.17121,0.17184,0.16984,0.17047,281411440.0
1730347200000,0.17047,0.17166,0.17041,0.17141,141325745.0
1730350800000,0.17141,0.17312,0.17116,0.17191,239713045.0
1730354400000,0.17191,0.17223,0.17057,0.17144,207222397.0
1730358000000,0.17144,0.17292,0.171,0.17207,224054339.0
1730361600000,0.17206,0.17224,0.16882,0.16986,410586035.0
1730365200000,0.16987,0.172,0.1696,0.17163,274467612.0
1730368800000,0.17162,0.17368,0.17066,0.17199,362474773.0
1730372400000,0.17199,0.17279,0.17068,0.17137,261021191.0
1730376000000,0.17137,0.172,0.16933,0.17118,559280681.0
1730379600000,0.17117,0.17224,0.16655,0.16735,797761080.0
1730383200000,0.16735,0.16788,0.16463,0.16658,1128941198.0
1730386800000,0.16658,0.16842,0.16533,0.16611,556944611.0
1730390400000,0.16611,0.16694,0.16416,0.16504,585992776.0
1730394000000,0.16505,0.16684,0.16449,0.16634,447652637.0
1730397600000,0.16634,0.16635,0.1615,0.1635,935366070.0
1730401200000,0.1635,0.16464,0.15878,0.15936,661192224.0
1730404800000,0.15935,0.16095,0.15634,0.15775,773876667.0
1730408400000,0.15774,0.16065,0.15647,0.16038,477828219.0
1730412000000,0.16039,0.16282,0.15994,0.16195,408931668.0
1730415600000,0.16195,0.16278,0.16122,0.16162,204545533.0
1730419200000,0.16163,0.16432,0.16132,0.16329,335890877.0
1730422800000,0.1633,0.1639,0.16021,0.16055,543041212.0
1730426400000,0.16055,0.16128,0.1568,0.16106,735309022.0
1730430000000,0.16106,0.16142,0.15796,0.15838,276060874.0
1730433600000,0.15837,0.16038,0.15757,0.16036,287473882.0
1730437200000,0.16036,0.16049,0.15922,0.15968,204965803.0
1730440800000,0.15968,0.16012,0.15502,0.15542,534290420.0
1730444400000,0.15541,0.15657,0.15417,0.15601,603702573.0
1730448000000,0.15602,0.15881,0.15573,0.15835,439521426.0
1730451600000,0.15835,0.15921,0.15782,0.15843,243954505.0
1730455200000,0.15844,0.1619,0.15813,0.16112,544678117.0
1730458800000,0.16111,0.1626,0.16061,0.16094,512657360.0
1730462400000,0.16094,0.16339,0.16085,0.16248,578309151.0
1730466000000,0.16247,0.16697,0.16177,0.16667,874438574.0
1730469600000,0.16666,0.16894,0.1651,0.16665,1127259059.0
1730473200000,0.16666,0.16692,0.15814,0.15932,1377859610.0
1730476800000,0.15932,0.16366,0.15874,0.16141,831512049.0
1730480400000,0.16141,0.16249,0.15959,0.16106,364696717.0
1730484000000,0.16107,0.16122,0.15929,0.16002,296894868.0
1730487600000,0.16003,0.16159,0.15911,0.16033,351358388.0
1730491200000,0.16034,0.16185,0.15983,0.16037,246348126.0
1730494800000,0.16036,0.1604,0.15652,0.1584,462207912.0
1730498400000,0.15839,0.15971,0.15675,0.15793,277348819.0
1730502000000,0.15794,0.15956,0.15743,0.15913,187716235.0
1730505600000,0.15912,0.16214,0.15903,0.16107,401664538.0
1730509200000,0.16108,0.16168,0.16057,0.16113,147558304.0
1730512800000,0.16114,0.16357,0.16113,0.16193,327981252.0
1730516400000,0.16193,0.16299,0.16081,0.16133,240467258.0
1730520000000,0.16133,0.1617,0.1602,0.16053,191036848.0
1730523600000,0.16053,0.16239,0.1593,0.16221,239074484.0
1730527200000,0.16221,0.16264,0.16135,0.16228,125778701.0
1730530800000,0.16228,0.16285,0.16161,0.16191,238630284.0
1730534400000,0.16191,0.16238,0.16001,0.1606,311567549.0
1730538000000,0.16061,0.16061,0.15901,0.15934,200447976.0
1730541600000,0.15933,0.16035,0.15852,0.16019,241906411.0
1730545200000,0.16019,0.16052,0.15894,0.15935,178166984.0
1730548800000,0.15935,0.16041,0.15555,0.15665,523619882.0
1730552400000,0.15665,0.15818,0.15585,0.15645,402251710.0
1730556000000,0.15645,0.15845,0.15634,0.15728,384700431.0
1730559600000,0.15727,0.158,0.15531,0.15692,319348952.0
1730563200000,0.15693,0.15911,0.15679,0.15853,304327354.0
1730566800000,0.15852,0.15858,0.15689,0.1577,181303289.0
1730570400000,0.1577,0.15884,0.15654,0.15825,251820658.0
1730574000000,0.15824,0.16027,0.15803,0.15956,190798519.0
1730577600000,0.15956,0.16018,0.15913,0.15959,187995129.0
1730581200000,0.15959,0.15969,0.15839,0.15868,123105747.0
1730584800000,0.15869,0.15946,0.15816,0.15934,96165048.0
1730588400000,0.15934,0.15953,0.15751,0.15952,222044426.0
1730592000000,0.15952,0.15987,0.15734,0.1574,271916588.0
1730595600000,0.15739,0.15797,0.15551,0.1556,386961507.0
1730599200000,0.15561,0.15615,0.1478,0.14968,1600953900.0
1730602800000,0.14968,0.15225,0.14893,0.15015,769401742.0
1730606400000,0.15016,0.15256,0.14968,0.15187,423183406.0
1730610000000,0.15187,0.15273,0.15029,0.15037,279212613.0
1730613600000,0.15037,0.1526,0.14983,0.1517,330934041.0
1730617200000,0.1517,0.15243,0.15124,0.15181,180261834.0
1730620800000,0.15181,0.15254,0.15109,0.15189,267364929.0
1730624400000,0.15189,0.15245,0.14956,0.15024,408347489.0
1730628000000,0.15024,0.15147,0.15009,0.15057,234642088.0
1730631600000,0.15058,0.15099,0.14765,0.14844,547843868.0
1730635200000,0.14844,0.15016,0.14829,0.14861,319093449.0
1730638800000,0.14862,0.14913,0.14614,0.14628,731133118.0
1730642400000,0.14627,0.14767,0.14396,0.14579,1041012616.0
1730646000000,0.1458,0.14625,0.14217,0.14579,1329422458.0
1730649600000,0.14577,0.14823,0.14539,0.14596,879668230.0
1730653200000,0.14595,0.14754,0.14568,0.14651,294886341.0
1730656800000,0.14652,0.14728,0.14389,0.14428,441432323.0
1730660400000,0.14429,0.14912,0.14417,0.1488,572289710.0
1730664000000,0.14881,0.15069,0.14809,0.15008,517055972.0
1730667600000,0.15009,0.15405,0.15009,0.15165,968626204.0
1730671200000,0.15165,0.15238,0.15015,0.1513,339222641.0
1730674800000,0.15129,0.15235,0.14985,0.15129,326972966.0
1730678400000,0.15129,0.15162,0.14815,0.14979,522878397.0
1730682000000,0.14979,0.15327,0.14932,0.15191,447779377.0
1730685600000,0.15192,0.15361,0.15125,0.15339,303617366.0
1730689200000,0.1534,0.15464,0.15134,0.15162,430877056.0
1730692800000,0.15161,0.15285,0.15144,0.15176,188059170.0
1730696400000,0.15177,0.15191,0.14936,0.14967,285345658.0
1730700000000,0.14967,0.15255,0.14959,0.1523,314070848.0
1730703600000,0.15229,0.15274,0.15065,0.15077,226743091.0
1730707200000,0.15076,0.15152,0.1495,0.15051,257102218.0
1730710800000,0.1505,0.15208,0.15041,0.1518,343536557.0
1730714400000,0.15179,0.15798,0.15161,0.156,1396393726.0
1730718000000,0.15599,0.15828,0.1552,0.15697,628581410.0
1730721600000,0.15696,0.15986,0.15632,0.15726,894077989.0
1730725200000,0.15727,0.159,0.156,0.1561,607814427.0
1730728800000,0.15609,0.15852,0.1544,0.15538,896459393.0
1730732400000,0.15539,0.15848,0.15497,0.15811,647975033.0
1730736000000,0.1581,0.16024,0.15465,0.15505,1010470255.0
1730739600000,0.15505,0.15956,0.15436,0.15714,939310116.0
1730743200000,0.15715,0.15789,0.15502,0.15663,474906439.0
1730746800000,0.15664,0.15987,0.15664,0.15923,567402702.0
1730750400000,0.15924,0.16019,0.15659,0.15679,584045113.0
1730754000000,0.15678,0.15839,0.15169,0.15201,986059423.0
1730757600000,0.152,0.15908,0.1517,0.15769,756309074.0
1730761200000,0.15768,0.15862,0.15647,0.15817,513125324.0
1730764800000,0.15817,0.16653,0.15785,0.16455,1477624724.0
1730768400000,0.16456,0.16481,0.15996,0.16239,960768285.0
1730772000000,0.16238,0.16318,0.1609,0.16184,345486492.0
1730775600000,0.16185,0.163,0.16088,0.16231,280641023.0
1730779200000,0.1623,0.16376,0.16133,0.16206,371272204.0
1730782800000,0.16206,0.16526,0.1618,0.16494,525044795.0
1730786400000,0.16494,0.1694,0.16494,0.16928,998681472.0
1730790000000,0.16927,0.1693,0.16643,0.16768,691777622.0
1730793600000,0.16769,0.16895,0.16708,0.16821,549333245.0
1730797200000,0.1682,0.17048,0.16729,0.16776,729748118.0
1730800800000,0.16776,0.16915,0.16579,0.16907,671497236.0
1730804400000,0.16908,0.17268,0.16863,0.17146,899825173.0
1730808000000,0.17146,0.1726,0.16901,0.16956,790373824.0
1730811600000,0.16956,0.17153,0.16851,0.1708,673621635.0
1730815200000,0.17081,0.17943,0.17023,0.17698,2709424107.0
1730818800000,0.17696,0.17728,0.17295,0.17458,1335116856.0
1730822400000,0.17459,0.17761,0.17416,0.17704,891709743.0
1730826000000,0.17705,0.17765,0.17526,0.17589,796152285.0
1730829600000,0.1759,0.1771,0.17333,0.17578,901547444.0
1730833200000,0.17578,0.17648,0.1656,0.16783,1862562241.0
1730836800000,0.16783,0.17022,0.16546,0.1691,1453784416.0
1730840400000,0.16911,0.16985,0.16668,0.16732,576156164.0
1730844000000,0.16732,0.17105,0.16524,0.17076,716271310.0
1730847600000,0.17076,0.17326,0.16944,0.16991,1002678486.0
1730851200000,0.16991,0.186,0.1689,0.18415,2750178487.0
1730854800000,0.18416,0.18692,0.1784,0.18061,3145375029.0
1730858400000,0.18061,0.2035,0.179,0.19984,4263142521.0
1730862000000,0.19983,0.22,0.19882,0.21143,6564972287.0
1730865600000,0.21143,0.2134,0.2038,0.20549,3121598905.0
1730869200000,0.20549,0.20774,0.19529,0.20682,3159946589.0
1730872800000,0.20682,0.21169,0.20297,0.20297,2487237599.0
1730876400000,0.20296,0.20888,0.19738,0.19989,2653838638.0
1730880000000,0.19988,0.20085,0.18656,0.19465,4127784033.0
1730883600000,0.19466,0.19974,0.19423,0.19774,1578774917.0
1730887200000,0.19773,0.2028,0.19567,0.20244,1261471916.0
1730890800000,0.20243,0.20429,0.20047,0.20224,1094251992.0
1730894400000,0.20224,0.20579,0.19652,0.19839,1595184263.0
1730898000000,0.19839,0.20016,0.19614,0.19934,1128092147.0
1730901600000,0.19934,0.20044,0.19142,0.19194,2079123305.0
1730905200000,0.19194,0.19525,0.18916,0.19169,1870744516.0
1730908800000,0.19168,0.19384,0.18712,0.19378,1495847321.0
1730912400000,0.19378,0.19378,0.18905,0.19212,777031818.0
1730916000000,0.19212,0.19604,0.19191,0.19433,867612158.0
1730919600000,0.19432,0.19545,0.19212,0.19486,812201197.0
1730923200000,0.19487,0.1982,0.19309,0.19463,997425859.0
1730926800000,0.19462,0.19879,0.19367,0.19826,767925206.0
1730930400000,0.19826,0.1998,0.19612,0.19869,611409122.0
1730934000000,0.1987,0.19968,0.19534,0.19646,625183245.0
1730937600000,0.19646,0.19726,0.19274,0.19566,815262241.0
1730941200000,0.19566,0.2046,0.19464,0.19944,1655025984.0
1730944800000,0.19945,0.20182,0.19772,0.20004,633542995.0
1730948400000,0.20007,0.20009,0.1947,0.19612,763649060.0
1730952000000,0.19612,0.19684,0.19197,0.1939,839284999.0
1730955600000,0.1939,0.19518,0.1926,0.19372,388499132.0
1730959200000,0.19372,0.19392,0.18872,0.19111,901850791.0
1730962800000,0.1911,0.19309,0.19089,0.19168,551821897.0
1730966400000,0.19168,0.19448,0.19108,0.19333,538098945.0
1730970000000,0.19332,0.19343,0.19127,0.19195,356417105.0
1730973600000,0.19195,0.19237,0.19021,0.19217,392665160.0
1730977200000,0.19217,0.19333,0.19044,0.19084,403408072.0
1730980800000,0.19084,0.19318,0.19037,0.19057,369810144.0
1730984400000,0.19058,0.19147,0.1852,0.18652,1105332582.0
1730988000000,0.18652,0.18962,0.18588,0.18923,767338025.0
1730991600000,0.18922,0.19469,0.1884,0.19421,890256851.0
1730995200000,0.19422,0.19628,0.19203,0.19382,886097774.0
1730998800000,0.19383,0.19542,0.19267,0.19478,454971276.0
1731002400000,0.19478,0.19759,0.19201,0.19465,795226633.0
1731006000000,0.19465,0.19486,0.19022,0.19377,690236861.0
1731009600000,0.19378,0.19409,0.1918,0.19261,314056688.0
1731013200000,0.19261,0.19548,0.19204,0.19309,366778443.0
1731016800000,0.19309,0.19427,0.19054,0.1915,412174679.0
1731020400000,0.19149,0.19405,0.19005,0.19334,411218308.0
1731024000000,0.19334,0.19924,0.19322,0.19475,948640612.0
1731027600000,0.19475,0.19595,0.19212,0.19339,464078059.0
1731031200000,0.1934,0.19387,0.19115,0.19141,374454799.0
1731034800000,0.19142,0.19507,0.19092,0.19487,341976234.0
1731038400000,0.19487,0.19569,0.19417,0.19504,339936961.0
1731042000000,0.19503,0.19965,0.19492,0.19955,714187830.0
1731045600000,0.19955,0.202,0.19741,0.20072,787956146.0
1731049200000,0.20072,0.20208,0.19855,0.19987,789674895.0
1731052800000,0.19986,0.20009,0.19646,0.19692,485957720.0
1731056400000,0.19692,0.19894,0.19651,0.1972,366682008.0
1731060000000,0.19719,0.19821,0.19521,0.19737,456179589.0
1731063600000,0.19737,0.19855,0.1963,0.19666,307167540.0
1731067200000,0.19665,0.1994,0.19649,0.1989,357097380.0
1731070800000,0.1989,0.20046,0.19647,0.20019,471802999.0
1731074400000,0.20019,0.2004,0.19436,0.19541,919285280.0
1731078000000,0.1954,0.19828,0.19323,0.19717,996714721.0
1731081600000,0.19715,0.19843,0.19223,0.19285,843378004.0
1731085200000,0.19284,0.19424,0.19051,0.19331,789321220.0
1731088800000,0.19331,0.1975,0.19277,0.19651,592517021.0
1731092400000,0.1965,0.19801,0.19512,0.19719,525499566.0
1731096000000,0.1972,0.19747,0.19521,0.19641,346697788.0
1731099600000,0.19641,0.20192,0.19637,0.2017,865661396.0
1731103200000,0.2017,0.20713,0.2014,0.20438,1093740067.0
1731106800000,0.20439,0.2048,0.2003,0.20203,578201096.0
1731110400000,0.20203,0.20458,0.20114,0.20192,586081378.0
1731114000000,0.20191,0.20261,0.19828,0.19868,424945432.0
1731117600000,0.19868,0.1997,0.19722,0.19935,426847076.0
1731121200000,0.19934,0.1998,0.19817,0.1994,248133270.0
1731124800000,0.19941,0.20053,0.19871,0.20038,217982841.0
1731128400000,0.20038,0.20325,0.19995,0.20238,547808858.0
1731132000000,0.20238,0.20578,0.20204,0.20512,672773131.0
1731135600000,0.20512,0.21019,0.20357,0.20935,980700924.0
1731139200000,0.20935,0.21293,0.2075,0.20973,966905075.0
1731142800000,0.20974,0.21194,0.20965,0.2111,457295307.0
1731146400000,0.2111,0.21146,0.20782,0.20891,435477831.0
1731150000000,0.20891,0.21042,0.2072,0.20751,358422616.0
1731153600000,0.20749,0.20845,0.20388,0.20483,714044248.0
1731157200000,0.20483,0.20698,0.2048,0.20598,441236352.0
1731160800000,0.20599,0.20689,0.20301,0.20472,491663904.0
1731164400000,0.20472,0.20595,0.2034,0.2055,263135894.0
1731168000000,0.20549,0.20678,0.2035,0.20531,501357235.0
1731171600000,0.20531,0.20753,0.2011,0.20696,762962898.0
1731175200000,0.20697,0.21049,0.20662,0.20998,448232438.0
1731178800000,0.20998,0.21129,0.20751,0.20791,426739462.0
1731182400000,0.20791,0.21073,0.20772,0.20947,282206785.0
1731186000000,0.20947,0.21625,0.20895,0.21412,926845310.0
1731189600000,0.21413,0.21692,0.2135,0.21409,620893161.0
1731193200000,0.2141,0.22025,0.21403,0.219,1271526836.0
1731196800000,0.219,0.2278,0.21664,0.22671,1690541475.0
1731200400000,0.22671,0.22864,0.22313,0.22458,977258949.0
1731204000000,0.22457,0.2297,0.22371,0.22402,954868100.0
1731207600000,0.22402,0.22945,0.22381,0.22861,595213872.0
1731211200000,0.22862,0.23295,0.22532,0.23221,1204073666.0
1731214800000,0.2322,0.23223,0.22485,0.22692,930452918.0
1731218400000,0.22693,0.2279,0.22455,0.22703,501321879.0
1731222000000,0.22703,0.22814,0.22554,0.22684,326510534.0
1731225600000,0.22684,0.23014,0.22657,0.22927,382506073.0
1731229200000,0.22928,0.23741,0.22859,0.23422,1049539921.0
1731232800000,0.23423,0.24048,0.23387,0.23989,768085314.0
1731236400000,0.23988,0.24383,0.23704,0.24242,1215856695.0
1731240000000,0.24242,0.24869,0.2392,0.24647,1785691154.0
1731243600000,0.24647,0.24912,0.2433,0.24751,948029070.0
1731247200000,0.24752,0.24976,0.238,0.24058,1782897651.0
1731250800000,0.24058,0.24787,0.23946,0.24722,948898008.0
1731254400000,0.24723,0.27077,0.24484,0.26391,3228668052.0
1731258000000,0.26392,0.27926,0.26071,0.27189,2485626680.0
1731261600000,0.27185,0.298,0.26913,0.2779,4137867707.0
1731265200000,0.27798,0.28644,0.26524,0.27132,3534804827.0
1731268800000,0.27132,0.2748,0.25816,0.2588,2148280716.0
1731272400000,0.25879,0.27222,0.2479,0.27067,2713450687.0
1731276000000,0.27066,0.28733,0.26821,0.27762,2200419988.0
1731279600000,0.27762,0.28045,0.2708,0.27794,1144871550.0
1731283200000,0.27794,0.29811,0.27553,0.29016,2378246586.0
1731286800000,0.29015,0.30437,0.28545,0.29299,2240530445.0
1731290400000,0.29295,0.29882,0.29007,0.29451,1233109815.0
1731294000000,0.29451,0.29538,0.28601,0.29322,1070727294.0
1731297600000,0.29323,0.29749,0.29002,0.29639,894851518.0
1731301200000,0.29638,0.29658,0.27285,0.2778,2275362863.0
1731304800000,0.2778,0.28435,0.27595,0.27907,1451325014.0
1731308400000,0.27908,0.28298,0.27468,0.28165,1006906991.0
1731312000000,0.28165,0.28525,0.28061,0.28068,928049166.0
1731315600000,0.28068,0.28301,0.2756,0.28159,1006307123.0
1731319200000,0.28158,0.29418,0.28142,0.28852,1456572279.0
1731322800000,0.28854,0.29602,0.28617,0.29321,1072837784.0
1731326400000,0.2932,0.29667,0.28364,0.28926,1663768056.0
1731330000000,0.28927,0.29122,0.28269,0.28562,1013863535.0
1731333600000,0.28561,0.29205,0.284,0.29134,1448917840.0
1731337200000,0.29133,0.31381,0.28911,0.31005,4148272563.0
1731340800000,0.31005,0.32898,0.30931,0.32433,3699459908.0
1731344400000,0.32433,0.32883,0.31962,0.32115,1762418924.0
1731348000000,0.32115,0.3245,0.3125,0.32376,1652059344.0
1731351600000,0.32375,0.32744,0.31556,0.31794,1700305470.0
1731355200000,0.31794,0.33186,0.31752,0.32143,1664596939.0
1731358800000,0.32143,0.33398,0.31786,0.33106,1906065217.0
1731362400000,0.33107,0.33306,0.31919,0.3275,1537297418.0
1731366000000,0.3275,0.352,0.32726,0.35184,3101579067.0
1731369600000,0.35185,0.3675,0.32699,0.36466,4204992997.0
1731373200000,0.36465,0.36559,0.35352,0.35521,1816228788.0
1731376800000,0.3552,0.36061,0.3438,0.35341,1521506235.0
1731380400000,0.35342,0.36566,0.34888,0.36387,1198601133.0
1731384000000,0.36386,0.40029,0.35973,0.3921,3559727950.0
1731387600000,0.3921,0.42295,0.38151,0.39993,4891602191.0
1731391200000,0.39993,0.41416,0.392,0.40698,2262809241.0
1731394800000,0.40697,0.41956,0.40052,0.41204,1921083547.0
1731398400000,0.41204,0.43959,0.40531,0.43304,2365238398.0
1731402000000,0.43437,0.43995,0.402,0.40279,3609803753.0
1731405600000,0.4028,0.4167,0.35244,0.38435,8990827241.0
1731409200000,0.38434,0.40392,0.37549,0.39629,3802939992.0
1731412800000,0.39625,0.406,0.3622,0.36995,3811256024.0
1731416400000,0.36995,0.37789,0.34112,0.36497,5049443879.0
1731420000000,0.36493,0.3838,0.34904,0.38219,3709550824.0
1731423600000,0.38218,0.389,0.365,0.37217,2943116710.0
1731427200000,0.37216,0.37367,0.35,0.36306,2548905020.0
1731430800000,0.36306,0.382,0.36066,0.37309,1881804431.0
1731434400000,0.37309,0.39735,0.37082,0.39431,1795876414.0
1731438000000,0.39432,0.39536,0.38005,0.3825,1554499601.0
1731441600000,0.3825,0.38788,0.37569,0.37804,1210174751.0
1731445200000,0.37803,0.38056,0.36716,0.37767,1058011422.0
1731448800000,0.37769,0.39919,0.37345,0.39604,1097059347.0
1731452400000,0.39605,0.39618,0.37936,0.3802,1225748004.0
1731456000000,0.3802,0.4165,0.36811,0.40299,3249676156.0
1731459600000,0.403,0.412,0.37559,0.38597,3674671434.0
1731463200000,0.38596,0.39599,0.37368,0.38712,1647364012.0
1731466800000,0.38713,0.39559,0.3702,0.37127,1483223995.0
1731470400000,0.37128,0.38419,0.35173,0.36656,2401991932.0
1731474000000,0.36656,0.37,0.358,0.3624,1234337300.0
1731477600000,0.36238,0.37,0.35635,0.36429,1171913078.0
1731481200000,0.36429,0.38044,0.3636,0.37766,1327754168.0
1731484800000,0.37767,0.38626,0.3728,0.37749,1401540437.0
1731488400000,0.37747,0.38209,0.369,0.3764,956736992.0
1731492000000,0.3764,0.3939,0.37456,0.3888,1260978914.0
1731495600000,0.38882,0.39507,0.38302,0.38868,1082727940.0
1731499200000,0.38866,0.39144,0.379,0.38726,943031938.0
1731502800000,0.38725,0.40981,0.38402,0.39702,2567208591.0
1731506400000,0.397,0.43439,0.39053,0.42422,3437917546.0
1731510000000,0.42417,0.42792,0.408,0.42043,2738590981.0
1731513600000,0.42042,0.42763,0.40693,0.4114,2431762218.0
1731517200000,0.41141,0.41882,0.401,0.40584,1151018490.0
1731520800000,0.40583,0.4075,0.3935,0.40337,1199009546.0
1731524400000,0.40337,0.40404,0.38121,0.3842,2083613255.0
1731528000000,0.3842,0.39346,0.37611,0.38795,1300591511.0
1731531600000,0.38796,0.38871,0.3711,0.38218,1116997920.0
1731535200000,0.38219,0.39242,0.38,0.3905,594553086.0
1731538800000,0.39047,0.4048,0.38542,0.39903,1011569881.0
1731542400000,0.39903,0.40082,0.38839,0.39089,816690363.0
1731546000000,0.39089,0.39603,0.38709,0.39291,691540761.0
1731549600000,0.3929,0.39491,0.38216,0.38915,774071582.0
1731553200000,0.38914,0.38971,0.37942,0.38654,573399791.0
1731556800000,0.38654,0.39371,0.38388,0.39276,505502428.0
1731560400000,0.39276,0.3953,0.3911,0.39456,407932229.0
1731564000000,0.39457,0.402,0.3805,0.385,851570028.0
1731567600000,0.38507,0.4,0.38224,0.39794,967556690.0
1731571200000,0.39794,0.40565,0.39609,0.40075,910606576.0
1731574800000,0.40074,0.40899,0.39679,0.4012,805920494.0
1731578400000,0.40121,0.40628,0.39868,0.40395,687805623.0
1731582000000,0.40397,0.40778,0.3872,0.39611,1497094230.0
1731585600000,0.39611,0.39689,0.38892,0.39372,806538952.0
1731589200000,0.39372,0.40849,0.39256,0.4061,1350112783.0
1731592800000,0.4061,0.4175,0.38785,0.38855,2981726555.0
1731596400000,0.38857,0.39475,0.37888,0.38418,1946750753.0
1731600000000,0.38419,0.40095,0.38056,0.4,1370487270.0
1731603600000,0.39999,0.40016,0.39,0.39553,694437441.0
1731607200000,0.39551,0.39844,0.39058,0.39226,361037406.0
1731610800000,0.39226,0.39805,0.39096,0.39497,371089537.0
1731614400000,0.39498,0.39498,0.38461,0.38508,513156712.0
1731618000000,0.38507,0.39105,0.38331,0.38716,455346181.0
1731621600000,0.38715,0.3884,0.372,0.37209,816845508.0
1731625200000,0.3721,0.37384,0.35276,0.36261,2010604224.0
1731628800000,0.36261,0.37644,0.36181,0.36781,1432171119.0
1731632400000,0.36777,0.37264,0.36301,0.37111,755834132.0
1731636000000,0.37111,0.37478,0.36511,0.37358,598670971.0
1731639600000,0.37359,0.37435,0.36812,0.37095,416110328.0
1731643200000,0.37095,0.37181,0.35313,0.35834,1165553937.0
1731646800000,0.35834,0.366,0.35467,0.36556,779358095.0
1731650400000,0.36557,0.37239,0.36501,0.37029,712869428.0
1731654000000,0.37029,0.3719,0.36536,0.36608,455089723.0
1731657600000,0.36609,0.37164,0.3615,0.36984,647484745.0
1731661200000,0.36984,0.37832,0.3694,0.37458,960910938.0
1731664800000,0.37459,0.37462,0.36637,0.36891,734639963.0
1731668400000,0.36891,0.37388,0.36744,0.37326,465615180.0
1731672000000,0.37325,0.38133,0.37,0.37165,910975162.0
1731675600000,0.37164,0.37365,0.36704,0.37096,621471613.0
1731679200000,0.37095,0.37131,0.35992,0.36189,1167694460.0
1731682800000,0.36188,0.36202,0.35214,0.35666,1142677265.0
1731686400000,0.35666,0.366,0.35473,0.35912,956913394.0
1731690000000,0.35915,0.3636,0.357,0.35735,523820776.0
1731693600000,0.35735,0.36318,0.35418,0.36231,648802253.0
1731697200000,0.36232,0.37394,0.36065,0.36982,762724177.0
1731700800000,0.36981,0.379,0.36905,0.3776,718711060.0
1731704400000,0.3776,0.37889,0.37087,0.37438,537724225.0
1731708000000,0.37438,0.3854,0.37344,0.37813,814524115.0
1731711600000,0.37812,0.38265,0.37677,0.38203,655243165.0
1731715200000,0.38202,0.38268,0.37231,0.37642,606060115.0
1731718800000,0.37642,0.3809,0.37578,0.37844,338706337.0
1731722400000,0.37843,0.38438,0.37725,0.3795,456964391.0
1731726000000,0.3795,0.38286,0.37612,0.38027,369352201.0
1731729600000,0.38026,0.38089,0.37441,0.37553,341262151.0
1731733200000,0.37553,0.3799,0.3747,0.37811,316785127.0
1731736800000,0.3781,0.39181,0.37622,0.37996,1331610308.0
1731740400000,0.37996,0.38168,0.37667,0.37886,457472201.0
1731744000000,0.37887,0.381,0.37668,0.37831,284187600.0
1731747600000,0.37831,0.38094,0.37202,0.37244,503858178.0
1731751200000,0.37244,0.38043,0.372,0.37617,465409545.0
1731754800000,0.37616,0.37774,0.37205,0.37622,435163436.0
1731758400000,0.37622,0.3779,0.36785,0.37456,748684113.0
1731762000000,0.37456,0.37742,0.36791,0.36971,476253645.0
1731765600000,0.36972,0.37176,0.36663,0.36764,506399930.0
1731769200000,0.36764,0.36796,0.36124,0.36587,708226482.0
1731772800000,0.36586,0.37023,0.3634,0.36754,391249640.0
1731776400000,0.36753,0.37548,0.36634,0.37272,522607705.0
1731780000000,0.37272,0.37466,0.37188,0.37292,278811965.0
1731783600000,0.37292,0.37546,0.37048,0.37283,277544702.0
1731787200000,0.37283,0.37371,0.36568,0.36622,296696873.0
1731790800000,0.36622,0.3698,0.36579,0.36976,171799715.0
1731794400000,0.36976,0.37092,0.363,0.36333,228540197.0
1731798000000,0.36333,0.36556,0.3599,0.36435,538876454.0
1731801600000,0.36436,0.36915,0.362,0.36709,487115326.0
1731805200000,0.36709,0.3681,0.35302,0.35807,637929827.0
1731808800000,0.35807,0.3581,0.3401,0.34925,1934261670.0
1731812400000,0.34924,0.3522,0.34517,0.35129,423549019.0
1731816000000,0.3513,0.35929,0.3475,0.35479,589909787.0
1731819600000,0.35479,0.35767,0.34918,0.34997,400398079.0
1731823200000,0.34997,0.35835,0.34889,0.35616,393474526.0
1731826800000,0.35615,0.36029,0.35486,0.35926,331050213.0
1731830400000,0.35925,0.36886,0.35775,0.36668,626439732.0
1731834000000,0.36669,0.37611,0.36433,0.36727,820698187.0
1731837600000,0.36728,0.36945,0.36261,0.36451,367008620.0
1731841200000,0.36451,0.36486,0.35771,0.36062,610162689.0
1731844800000,0.36062,0.37158,0.36054,0.36882,568754192.0
1731848400000,0.36882,0.36914,0.36063,0.36279,440458991.0
1731852000000,0.36278,0.36472,0.35728,0.36122,388148978.0
1731855600000,0.36122,0.36565,0.35822,0.36357,304182074.0
1731859200000,0.3636,0.36844,0.361,0.36767,342641707.0
1731862800000,0.36767,0.37089,0.3645,0.36756,406718896.0
1731866400000,0.36756,0.36806,0.35908,0.35929,357364323.0
1731870000000,0.3593,0.36084,0.3551,0.3595,355824394.0
1731873600000,0.35951,0.36573,0.3581,0.36142,364525382.0
1731877200000,0.36143,0.36453,0.3555,0.35596,337361470.0
1731880800000,0.35595,0.36276,0.3515,0.36105,416956315.0
1731884400000,0.36105,0.36819,0.358,0.36737,412818152.0
1731888000000,0.36737,0.3675,0.3611,0.36237,476795793.0
1731891600000,0.36238,0.3726,0.362,0.36956,535921162.0
1731895200000,0.36956,0.37646,0.36713,0.37231,583798628.0
1731898800000,0.37231,0.37291,0.36758,0.37241,327885623.0
1731902400000,0.3724,0.37556,0.36962,0.37315,389348770.0
1731906000000,0.37314,0.37573,0.36835,0.36981,342945721.0
1731909600000,0.3698,0.37984,0.36814,0.37961,624699237.0
1731913200000,0.37961,0.38128,0.37302,0.37544,632160314.0
1731916800000,0.37544,0.38041,0.37324,0.37562,540693628.0
1731920400000,0.37563,0.37695,0.3703,0.37142,568902103.0
1731924000000,0.37141,0.37444,0.3708,0.37238,252676537.0
1731927600000,0.37237,0.37249,0.36137,0.36312,802026768.0
1731931200000,0.36312,0.36698,0.36063,0.36427,532020598.0
1731934800000,0.36426,0.36521,0.35737,0.35956,722386685.0
1731938400000,0.35956,0.36714,0.35874,0.36331,688808825.0
1731942000000,0.36331,0.38026,0.36206,0.3781,1119269009.0
1731945600000,0.3781,0.38073,0.36715,0.37177,992020338.0
1731949200000,0.37177,0.37581,0.36901,0.37436,486151757.0
1731952800000,0.37436,0.37623,0.3692,0.37104,401444686.0
1731956400000,0.37105,0.37188,0.36241,0.36752,594881513.0
1731960000000,0.36752,0.38164,0.36566,0.37218,935262334.0
1731963600000,0.37219,0.37859,0.37127,0.37349,367748696.0
1731967200000,0.3735,0.37732,0.37098,0.37609,194944068.0
1731970800000,0.37608,0.37647,0.36974,0.37144,358792974.0
1731974400000,0.37145,0.37255,0.3664,0.37155,430318549.0
1731978000000,0.37156,0.37346,0.36983,0.37024,243023704.0
1731981600000,0.37023,0.37588,0.36973,0.37374,252032018.0
1731985200000,0.37375,0.37795,0.3732,0.37715,256700514.0
1731988800000,0.37716,0.39058,0.37715,0.387,1412468093.0
1731992400000,0.38701,0.39356,0.38448,0.3893,889932932.0
1731996000000,0.38929,0.3905,0.38606,0.38964,439156187.0
1731999600000,0.38964,0.39619,0.38733,0.38856,771963996.0
1732003200000,0.38858,0.39039,0.37882,0.3846,892730489.0
1732006800000,0.3846,0.387,0.38088,0.38428,418442921.0
1732010400000,0.38425,0.38749,0.38272,0.38483,315452765.0
1732014000000,0.38482,0.38691,0.38162,0.38317,276775682.0
1732017600000,0.38316,0.39268,0.3828,0.39214,634810225.0
1732021200000,0.39213,0.40656,0.38607,0.3868,2129799862.0
1732024800000,0.3868,0.39407,0.38559,0.38876,1191261041.0
1732028400000,0.38876,0.3965,0.38572,0.39507,802302731.0
1732032000000,0.39508,0.40284,0.3934,0.39986,1016565764.0
1732035600000,0.39986,0.40407,0.39729,0.4018,786755579.0
1732039200000,0.40181,0.421,0.4007,0.4135,1633714632.0
1732042800000,0.4135,0.41543,0.40422,0.40552,949612057.0
1732046400000,0.40553,0.40778,0.38651,0.39133,1522308013.0
1732050000000,0.39134,0.3937,0.38415,0.39,1234345129.0
1732053600000,0.39,0.39192,0.37951,0.38708,777503556.0
1732057200000,0.38707,0.39189,0.38515,0.3908,534387973.0
1732060800000,0.3908,0.39136,0.38443,0.38605,487453535.0
1732064400000,0.38605,0.38936,0.38028,0.38542,437550605.0
1732068000000,0.38543,0.38799,0.38128,0.38158,363581869.0
1732071600000,0.38158,0.38459,0.376,0.38356,702308573.0
1732075200000,0.38356,0.38702,0.38123,0.38551,355273133.0
1732078800000,0.38551,0.3901,0.38383,0.38999,387075463.0
1732082400000,0.39,0.3925,0.38627,0.38721,369013420.0
1732086000000,0.38722,0.39044,0.38607,0.39004,262563789.0
1732089600000,0.39004,0.3952,0.38901,0.3927,503907440.0
1732093200000,0.39271,0.39618,0.38902,0.38977,512401203.0
1732096800000,0.38978,0.39422,0.38905,0.39051,294383739.0
1732100400000,0.39051,0.39089,0.38404,0.38952,567038306.0
1732104000000,0.38951,0.38986,0.38045,0.38426,660017391.0
1732107600000,0.38426,0.39353,0.38287,0.38972,709084056.0
1732111200000,0.38974,0.39734,0.38837,0.39256,1129284802.0
1732114800000,0.39257,0.3937,0.38915,0.39297,463895553.0
1732118400000,0.39297,0.3933,0.37094,0.37946,1525380407.0
1732122000000,0.37946,0.38414,0.372,0.37201,647859925.0
1732125600000,0.37201,0.37615,0.37,0.37364,697783763.0
1732129200000,0.37363,0.374,0.364,0.37223,666856129.0
1732132800000,0.37222,0.3784,0.37049,0.37711,373124493.0
1732136400000,0.37711,0.37864,0.37449,0.37591,257488083.0
1732140000000,0.37591,0.38149,0.3758,0.379,366470314.0
1732143600000,0.379,0.3806,0.37631,0.37791,288436816.0
1732147200000,0.3779,0.38605,0.3771,0.38423,452640688.0
1732150800000,0.38422,0.385,0.38011,0.38042,259167165.0
1732154400000,0.38041,0.38064,0.3687,0.37364,795454136.0
1732158000000,0.37363,0.38141,0.37205,0.3763,534571118.0
1732161600000,0.37629,0.38966,0.37611,0.38692,918456394.0
1732165200000,0.38692,0.3906,0.38108,0.38389,613089256.0
1732168800000,0.3839,0.38553,0.38106,0.38411,335952607.0
1732172400000,0.38412,0.3876,0.38374,0.38535,249966331.0
1732176000000,0.38536,0.38797,0.38363,0.38527,269629486.0
1732179600000,0.38526,0.38638,0.38066,0.38143,325182716.0
1732183200000,0.38142,0.38438,0.37902,0.38415,323254019.0
1732186800000,0.38414,0.385,0.38015,0.38299,345890057.0
1732190400000,0.38299,0.39249,0.3824,0.38308,993756656.0
1732194000000,0.38306,0.39093,0.38292,0.38787,731573775.0
1732197600000,0.38787,0.396,0.3851,0.38735,1017019152.0
1732201200000,0.38735,0.38739,0.37737,0.38059,998099193.0
1732204800000,0.38059,0.38503,0.3789,0.38356,422265271.0
1732208400000,0.38355,0.38823,0.38121,0.38821,300270300.0
1732212000000,0.38818,0.38893,0.383,0.38577,382037038.0
1732215600000,0.38577,0.389,0.384,0.38487,425598194.0
1732219200000,0.38488,0.39199,0.38431,0.38691,449891584.0
1732222800000,0.38691,0.38742,0.38197,0.38412,322576567.0
1732226400000,0.38411,0.38673,0.38374,0.38504,127090684.0
1732230000000,0.38504,0.38902,0.38423,0.387,275026556.0
1732233600000,0.387,0.38976,0.38225,0.38352,514328237.0
1732237200000,0.38352,0.385,0.381,0.38309,366028276.0
1732240800000,0.38309,0.40274,0.38238,0.39725,1413258261.0
1732244400000,0.39725,0.39915,0.39003,0.39415,758716288.0
1732248000000,0.39414,0.40598,0.39309,0.39913,639099360.0
1732251600000,0.39913,0.39918,0.3943,0.39629,374283584.0
1732255200000,0.3963,0.39723,0.39114,0.39346,421202139.0
1732258800000,0.39345,0.39552,0.3906,0.39151,346702585.0
1732262400000,0.39152,0.39485,0.39103,0.39409,251234052.0
1732266000000,0.39409,0.39441,0.3883,0.39023,396732501.0
1732269600000,0.39023,0.39106,0.38508,0.38738,404342682.0
1732273200000,0.38739,0.3947,0.38542,0.39464,496374580.0
1732276800000,0.39465,0.4,0.39275,0.39981,752193736.0
1732280400000,0.39981,0.41781,0.38687,0.3988,3522534340.0
1732284000000,0.39878,0.40634,0.393,0.39494,1382152151.0
1732287600000,0.39493,0.40747,0.39363,0.40381,985786380.0
1732291200000,0.40381,0.41303,0.39737,0.40777,992333301.0
1732294800000,0.40778,0.41581,0.40456,0.40574,1048356015.0
1732298400000,0.40572,0.41,0.39797,0.3995,744830376.0
1732302000000,0.39951,0.402,0.395,0.4002,588612038.0
1732305600000,0.4002,0.40325,0.39906,0.4026,272157977.0
1732309200000,0.4026,0.41486,0.39982,0.41116,563914439.0
1732312800000,0.41115,0.4211,0.4102,0.41277,1197988208.0
1732316400000,0.41277,0.41486,0.4079,0.41301,448249739.0
1732320000000,0.41301,0.41767,0.40802,0.4109,615018584.0
1732323600000,0.4109,0.41162,0.40428,0.40992,515122606.0
1732327200000,0.40992,0.43089,0.40506,0.4283,1549124387.0
1732330800000,0.42826,0.43537,0.42212,0.43385,1327149082.0
1732334400000,0.43384,0.48044,0.43372,0.45704,4247373975.0
1732338000000,0.45705,0.46771,0.45338,0.46657,1200880571.0
1732341600000,0.46658,0.472,0.45873,0.46761,756863205.0
1732345200000,0.46763,0.46903,0.4563,0.46176,671472350.0
1732348800000,0.46177,0.46298,0.45374,0.46169,633459772.0
1732352400000,0.46169,0.46954,0.45961,0.46565,461232653.0
1732356000000,0.46565,0.48,0.46561,0.47557,1111621200.0
1732359600000,0.47557,0.481,0.46814,0.46988,861740662.0
1732363200000,0.46988,0.47586,0.46382,0.46862,677211206.0
1732366800000,0.46865,0.47345,0.465,0.46579,517991859.0
1732370400000,0.46579,0.4692,0.461,0.46629,587621642.0
1732374000000,0.46628,0.46635,0.45492,0.45539,720886455.0
1732377600000,0.45539,0.45883,0.412,0.4311,3291014447.0
1732381200000,0.4311,0.4347,0.41745,0.43184,1482494267.0
1732384800000,0.43178,0.43428,0.42586,0.43224,625588849.0
1732388400000,0.43225,0.43311,0.42087,0.42394,551093655.0
1732392000000,0.42394,0.42635,0.41337,0.42596,840197505.0
1732395600000,0.42597,0.43649,0.424,0.43616,570956932.0
1732399200000,0.43616,0.44332,0.433,0.43494,597897443.0
1732402800000,0.43493,0.43661,0.42676,0.43049,517768420.0
1732406400000,0.4305,0.44323,0.42756,0.4404,654607785.0
1732410000000,0.4404,0.45074,0.44039,0.44791,690952728.0
1732413600000,0.44791,0.45356,0.44545,0.44608,545552356.0
1732417200000,0.44607,0.44779,0.43947,0.44217,541068233.0
1732420800000,0.44217,0.44364,0.433,0.43794,631280058.0
1732424400000,0.43794,0.43955,0.43011,0.4354,439627401.0
1732428000000,0.43539,0.44016,0.43264,0.43911,337494126.0
1732431600000,0.43911,0.44102,0.43554,0.43876,269730601.0
1732435200000,0.43875,0.4396,0.4271,0.4284,452631982.0
1732438800000,0.42839,0.43287,0.42493,0.43181,421906432.0
1732442400000,0.4318,0.43375,0.42116,0.42317,558957030.0
1732446000000,0.42318,0.42618,0.41425,0.41519,1138707295.0
1732449600000,0.41519,0.42101,0.4,0.41028,2254082079.0
1732453200000,0.4103,0.42214,0.40838,0.41847,1222018833.0
1732456800000,0.41847,0.41859,0.40611,0.41335,1042519895.0
1732460400000,0.41334,0.41466,0.40166,0.40215,927807060.0
1732464000000,0.40214,0.41948,0.3992,0.41486,1174050293.0
1732467600000,0.41485,0.41537,0.40775,0.4114,582621284.0
1732471200000,0.41139,0.42382,0.41067,0.42049,539531777.0
1732474800000,0.4205,0.42115,0.41517,0.41803,315417548.0
1732478400000,0.41801,0.428,0.4165,0.4275,399412971.0
1732482000000,0.42749,0.42783,0.42114,0.4258,344473862.0
1732485600000,0.42581,0.43146,0.42299,0.42993,442161656.0
1732489200000,0.42993,0.43733,0.42716,0.43046,563796809.0
1732492800000,0.43045,0.43093,0.41925,0.42286,514622650.0
1732496400000,0.42286,0.42422,0.41164,0.4181,513447150.0
1732500000000,0.41809,0.42326,0.41772,0.41952,271942569.0
1732503600000,0.41952,0.42534,0.4187,0.4234,208872730.0
1732507200000,0.42341,0.42765,0.42005,0.42172,294936934.0
1732510800000,0.42172,0.42677,0.42138,0.42476,199438364.0
1732514400000,0.42475,0.42782,0.42205,0.42369,238474885.0
1732518000000,0.42369,0.42975,0.42312,0.42863,339655415.0
1732521600000,0.42863,0.43616,0.42748,0.43288,468845814.0
1732525200000,0.43289,0.43794,0.43146,0.43212,474170317.0
1732528800000,0.43211,0.43324,0.42719,0.4305,473568491.0
1732532400000,0.4305,0.43056,0.42275,0.42543,404910507.0
1732536000000,0.42543,0.42748,0.42137,0.4228,380294836.0
1732539600000,0.4228,0.42441,0.41427,0.41607,793926263.0
1732543200000,0.41607,0.41966,0.40268,0.40478,985764330.0
1732546800000,0.4048,0.4189,0.39515,0.41444,1711587597.0
1732550400000,0.41445,0.42482,0.41252,0.41518,856626309.0
1732554000000,0.41517,0.41538,0.39892,0.40118,1110396806.0
1732557600000,0.40118,0.40556,0.39848,0.40277,523029132.0
1732561200000,0.40276,0.40728,0.40021,0.40383,372173815.0
1732564800000,0.40383,0.40883,0.40125,0.40461,342018249.0
1732568400000,0.40458,0.40618,0.392,0.39714,619517733.0
1732572000000,0.39713,0.39964,0.38111,0.39365,1080481937.0
1732575600000,0.39364,0.39762,0.39065,0.39284,484575295.0
1732579200000,0.39282,0.40508,0.3906,0.39974,740418006.0
1732582800000,0.39975,0.40805,0.3995,0.40747,318661205.0
1732586400000,0.40747,0.4089,0.405,0.40727,249163106.0
1732590000000,0.40726,0.40778,0.40246,0.40587,270066592.0
1732593600000,0.40587,0.40805,0.40241,0.40543,225792201.0
1732597200000,0.40543,0.40824,0.40425,0.40751,196056212.0
1732600800000,0.4075,0.4091,0.40316,0.40433,235758493.0
1732604400000,0.40433,0.40441,0.39603,0.39822,542180063.0
1732608000000,0.3982,0.39845,0.3851,0.38922,896245942.0
1732611600000,0.38928,0.39377,0.386,0.39114,560631563.0
1732615200000,0.39115,0.39237,0.37713,0.37771,989560417.0
1732618800000,0.37771,0.38057,0.36482,0.37721,1824481422.0
1732622400000,0.37721,0.3799,0.36791,0.37183,937140861.0
1732626000000,0.37183,0.37995,0.3691,0.37749,714706951.0
1732629600000,0.37744,0.388,0.37185,0.38409,1103295436.0
1732633200000,0.38411,0.38585,0.37702,0.3794,645631222.0
1732636800000,0.3794,0.39075,0.37753,0.38872,660695991.0
1732640400000,0.38871,0.38982,0.38437,0.38675,281661199.0
1732644000000,0.38674,0.3875,0.37018,0.37422,861531758.0
1732647600000,0.37421,0.3795,0.37264,0.37897,533971515.0
1732651200000,0.37896,0.38793,0.37813,0.38484,497561741.0
1732654800000,0.38483,0.38671,0.38099,0.38254,331909696.0
1732658400000,0.38253,0.38828,0.38151,0.3819,241191989.0
1732662000000,0.38191,0.38922,0.38046,0.38733,246304819.0
1732665600000,0.38733,0.39336,0.382,0.38239,531824361.0
1732669200000,0.38239,0.39231,0.38035,0.39102,467808390.0
1732672800000,0.39101,0.39374,0.38627,0.39102,355130189.0
1732676400000,0.39102,0.39214,0.38558,0.38748,289971598.0
1732680000000,0.38747,0.39495,0.387,0.38963,374218992.0
1732683600000,0.38963,0.39169,0.38662,0.38919,229204758.0
1732687200000,0.38919,0.39534,0.38919,0.39257,349562162.0
1732690800000,0.39257,0.3998,0.39124,0.39774,397047602.0
1732694400000,0.39773,0.39798,0.3936,0.39469,363809141.0
1732698000000,0.39468,0.39514,0.38858,0.39259,363520059.0
1732701600000,0.39259,0.39784,0.39062,0.39535,371095902.0
1732705200000,0.39535,0.39604,0.38945,0.39075,311808717.0
1732708800000,0.39076,0.39121,0.38543,0.39041,428036713.0
1732712400000,0.3904,0.3965,0.38951,0.39641,453687086.0
1732716000000,0.39641,0.4,0.39123,0.39885,659165866.0
1732719600000,0.39885,0.40436,0.396,0.40148,736734151.0
1732723200000,0.40147,0.40569,0.39772,0.39973,638739738.0
1732726800000,0.39972,0.40344,0.39723,0.40225,330031698.0
1732730400000,0.40225,0.40286,0.39967,0.40129,237547969.0
1732734000000,0.40128,0.4053,0.4001,0.40364,259140738.0
1732737600000,0.40363,0.408,0.40229,0.40356,406835515.0
1732741200000,0.40358,0.40458,0.4,0.4018,210917581.0
1732744800000,0.40179,0.40632,0.40041,0.40274,197206969.0
1732748400000,0.40273,0.40482,0.4,0.4013,234930782.0
1732752000000,0.40129,0.41,0.3972,0.40847,511714635.0
1732755600000,0.40847,0.4121,0.40389,0.41191,413184429.0
1732759200000,0.4119,0.42927,0.41124,0.41532,1109570111.0
1732762800000,0.41531,0.4167,0.40347,0.40941,865704163.0
1732766400000,0.40941,0.41325,0.408,0.4104,303081735.0
1732770000000,0.4104,0.41249,0.40579,0.40723,245987704.0
1732773600000,0.40724,0.40789,0.40269,0.40597,323730046.0
1732777200000,0.40597,0.40748,0.4012,0.40318,245321479.0
1732780800000,0.40319,0.40703,0.39861,0.40546,383839163.0
1732784400000,0.40546,0.4074,0.4015,0.40164,210966592.0
1732788000000,0.40165,0.40579,0.39822,0.39931,466336564.0
1732791600000,0.3993,0.40328,0.3944,0.40202,464138043.0
1732795200000,0.40201,0.40364,0.39834,0.40087,231565816.0
1732798800000,0.40087,0.40336,0.39684,0.40247,281571694.0
1732802400000,0.40247,0.40517,0.399,0.39988,343493569.0
1732806000000,0.39988,0.40143,0.39122,0.39294,619171935.0
1732809600000,0.39293,0.39742,0.39293,0.39566,303888802.0
1732813200000,0.39567,0.39899,0.39566,0.3963,180666230.0
1732816800000,0.3963,0.40045,0.39612,0.40001,148009943.0
1732820400000,0.4,0.40092,0.39789,0.39919,119231937.0
1732824000000,0.39919,0.3993,0.39618,0.39703,125743678.0
1732827600000,0.39703,0.40112,0.39699,0.40037,152357063.0
1732831200000,0.40036,0.40435,0.4,0.40422,165645669.0
1732834800000,0.40422,0.40435,0.40155,0.40192,199843733.0
1732838400000,0.40193,0.4035,0.39965,0.40008,232754396.0
1732842000000,0.40009,0.40419,0.40003,0.40401,153409745.0
1732845600000,0.40401,0.40914,0.40395,0.40789,295804937.0
1732849200000,0.40789,0.40854,0.40524,0.40723,186670985.0
1732852800000,0.40723,0.40786,0.4045,0.40582,154243164.0
1732856400000,0.40578,0.40734,0.40454,0.40467,149242046.0
1732860000000,0.40467,0.40621,0.40333,0.40465,160867830.0
1732863600000,0.40465,0.4083,0.40032,0.40069,334520178.0
1732867200000,0.40068,0.40629,0.40068,0.40534,207886528.0
1732870800000,0.40535,0.41285,0.40523,0.40909,376037030.0
1732874400000,0.4091,0.41516,0.4091,0.41469,402979480.0
1732878000000,0.41469,0.41646,0.41111,0.4138,345244112.0
1732881600000,0.4138,0.41631,0.40906,0.41147,370577302.0
1732885200000,0.41148,0.41998,0.4097,0.41996,399560542.0
1732888800000,0.41996,0.42259,0.4159,0.42005,620936730.0
1732892400000,0.42006,0.42522,0.4157,0.41853,675162936.0
1732896000000,0.41854,0.42565,0.41552,0.41855,667740209.0
1732899600000,0.41855,0.4262,0.416,0.42083,652804398.0
1732903200000,0.42083,0.43041,0.42083,0.42777,570183632.0
1732906800000,0.42777,0.4348,0.42306,0.43475,471413719.0
1732910400000,0.43477,0.43791,0.43158,0.43217,484113043.0
1732914000000,0.43218,0.43457,0.42673,0.43134,371117024.0
1732917600000,0.43133,0.43134,0.426,0.42678,206917662.0
1732921200000,0.42678,0.42735,0.42434,0.42664,224890150.0
1732924800000,0.42663,0.4272,0.41774,0.42006,459468395.0
1732928400000,0.42005,0.4217,0.41739,0.41971,219880494.0
1732932000000,0.41972,0.4205,0.41402,0.41701,327308691.0
1732935600000,0.41702,0.424,0.41689,0.42258,252477812.0
1732939200000,0.42258,0.42352,0.42066,0.42218,202977276.0
1732942800000,0.4222,0.42921,0.4215,0.42913,247918235.0
1732946400000,0.42913,0.43443,0.42504,0.42598,612859105.0
1732950000000,0.42597,0.43223,0.42382,0.43189,321083037.0
1732953600000,0.43189,0.43626,0.4284,0.43336,525430619.0
1732957200000,0.43336,0.43336,0.42729,0.43086,294275041.0
1732960800000,0.43085,0.43089,0.4194,0.42062,581807825.0
1732964400000,0.42059,0.42605,0.41905,0.4226,287677709.0
1732968000000,0.4226,0.42603,0.42166,0.42371,196566032.0
1732971600000,0.4237,0.42486,0.42013,0.42129,214914711.0
1732975200000,0.42129,0.4242,0.4181,0.41909,220712738.0
1732978800000,0.4191,0.42398,0.41756,0.42297,265118239.0
1732982400000,0.42296,0.42929,0.42233,0.42757,290717791.0
1732986000000,0.42754,0.42854,0.42516,0.42531,196361009.0
1732989600000,0.42531,0.42684,0.42208,0.42447,157994282.0
1732993200000,0.42447,0.42717,0.42273,0.42632,129382944.0
1732996800000,0.42631,0.42857,0.42608,0.42845,117060572.0
1733000400000,0.42845,0.43024,0.42754,0.4283,177294394.0
1733004000000,0.42829,0.42834,0.42065,0.42157,235018395.0
1733007600000,0.42158,0.42353,0.42102,0.42179,195729781.0
1733011200000,0.42179,0.4353,0.42105,0.43053,764730977.0
1733014800000,0.43054,0.4375,0.42462,0.42623,753083057.0
1733018400000,0.42623,0.42817,0.41648,0.41814,547226259.0
1733022000000,0.41815,0.427,0.41776,0.42504,279360221.0
1733025600000,0.42503,0.43055,0.42417,0.42915,360795997.0
1733029200000,0.42914,0.43235,0.42633,0.42671,330164278.0
1733032800000,0.42671,0.42872,0.42555,0.4264,175510490.0
1733036400000,0.42639,0.42892,0.42567,0.42743,155332842.0
1733040000000,0.42743,0.43138,0.42703,0.42943,250307966.0
1733043600000,0.42942,0.42983,0.4266,0.4279,187138374.0
1733047200000,0.4279,0.42802,0.4205,0.42316,417203757.0
1733050800000,0.42317,0.42504,0.42292,0.42497,146573613.0
1733054400000,0.42496,0.42576,0.42201,0.42268,162190368.0
1733058000000,0.42269,0.42682,0.42141,0.42667,299042642.0
1733061600000,0.42666,0.42818,0.4227,0.42606,251586818.0
1733065200000,0.42607,0.43055,0.42521,0.42865,344427648.0
1733068800000,0.42866,0.444,0.4285,0.43909,1410254410.0
1733072400000,0.43911,0.43994,0.43019,0.43613,591433134.0
1733076000000,0.43613,0.43957,0.43254,0.43397,256569315.0
1733079600000,0.43396,0.4359,0.42813,0.43203,387711680.0
1733083200000,0.43202,0.4388,0.426,0.43637,526096626.0
1733086800000,0.43637,0.45019,0.43617,0.44988,583954994.0
1733090400000,0.44989,0.4502,0.44113,0.44299,464174143.0
1733094000000,0.443,0.44735,0.439,0.44092,424863541.0
1733097600000,0.44091,0.454,0.43851,0.44678,939220004.0
1733101200000,0.44679,0.45538,0.44229,0.45101,755641413.0
1733104800000,0.45101,0.461,0.45009,0.45739,883619716.0
1733108400000,0.45739,0.4643,0.43948,0.4423,1035507171.0
1733112000000,0.4423,0.44551,0.43357,0.43991,1271949870.0
1733115600000,0.43991,0.44282,0.43641,0.43932,323589488.0
1733119200000,0.43932,0.44,0.43156,0.43773,503567258.0
1733122800000,0.43773,0.44036,0.427,0.42884,850292559.0
1733126400000,0.42883,0.42919,0.4,0.40963,2089727280.0
1733130000000,0.40962,0.4154,0.4074,0.41403,633549657.0
1733133600000,0.41404,0.41424,0.40428,0.40552,480482227.0
1733137200000,0.40552,0.41219,0.40428,0.40895,440114711.0
1733140800000,0.40895,0.41549,0.40729,0.41091,472266882.0
1733144400000,0.4109,0.42192,0.41006,0.41963,558581722.0
1733148000000,0.41963,0.42568,0.41691,0.42257,613205889.0
1733151600000,0.42257,0.43798,0.41903,0.43375,1070984624.0
1733155200000,0.43375,0.43921,0.41713,0.42522,1291656936.0
1733158800000,0.42523,0.42848,0.408,0.41111,846977957.0
1733162400000,0.41107,0.42384,0.41065,0.42123,437331608.0
1733166000000,0.42123,0.42567,0.41746,0.42476,314906789.0
1733169600000,0.42477,0.4275,0.42177,0.42297,271463662.0
1733173200000,0.42301,0.42512,0.41936,0.42172,244353646.0
1733176800000,0.42172,0.42327,0.41801,0.4224,170845718.0
1733180400000,0.42242,0.42611,0.42179,0.42497,202367555.0
1733184000000,0.42496,0.42997,0.41941,0.42219,431265554.0
1733187600000,0.4222,0.42306,0.41628,0.4167,311244376.0
1733191200000,0.41669,0.42304,0.41509,0.42232,220257240.0
1733194800000,0.42233,0.42557,0.42109,0.42284,197782537.0
1733198400000,0.42284,0.42522,0.42132,0.42374,183110909.0
1733202000000,0.42374,0.42541,0.4207,0.42288,206260034.0
1733205600000,0.42287,0.42959,0.41601,0.41799,461994105.0
1733209200000,0.41798,0.41979,0.41222,0.41696,616734437.0
1733212800000,0.41696,0.42052,0.41524,0.41899,288937179.0
1733216400000,0.41898,0.41906,0.41462,0.41767,204400986.0
1733220000000,0.41767,0.42166,0.4112,0.41264,393552792.0
1733223600000,0.41264,0.419,0.41185,0.4189,301560846.0
1733227200000,0.4189,0.419,0.413,0.41429,306804096.0
1733230800000,0.41429,0.41533,0.39123,0.3961,1560283942.0
1733234400000,0.3961,0.4081,0.38799,0.40685,1708471211.0
1733238000000,0.40685,0.40991,0.40327,0.40638,689648704.0
1733241600000,0.40638,0.4125,0.40313,0.40372,550620596.0
1733245200000,0.40372,0.40809,0.4,0.40795,369414537.0
1733248800000,0.40794,0.40946,0.4071,0.40814,149114190.0
1733252400000,0.40815,0.40877,0.40213,0.40831,245420180.0
1733256000000,0.40831,0.41318,0.40761,0.41257,232344596.0
1733259600000,0.41257,0.41748,0.41069,0.41246,326032009.0
1733263200000,0.41246,0.41341,0.40809,0.41109,304981167.0
1733266800000,0.4111,0.41182,0.4066,0.4067,294430175.0
1733270400000,0.40671,0.4156,0.40666,0.41431,456473485.0
1733274000000,0.41431,0.41907,0.41252,0.4163,408097072.0
1733277600000,0.4163,0.4189,0.41042,0.41288,306954325.0
1733281200000,0.41288,0.41755,0.41255,0.41593,152656804.0
1733284800000,0.41593,0.41704,0.415,0.41606,114546802.0
1733288400000,0.41606,0.42042,0.41538,0.41952,294607542.0
1733292000000,0.41951,0.42075,0.4165,0.41942,238495452.0
1733295600000,0.41941,0.42328,0.41892,0.42112,286645912.0
1733299200000,0.42112,0.42399,0.4188,0.41966,433140740.0
1733302800000,0.41967,0.42129,0.41787,0.41852,223908197.0
1733306400000,0.41852,0.4188,0.41627,0.41755,227066262.0
1733310000000,0.41754,0.42033,0.41705,0.41731,179684927.0
1733313600000,0.4173,0.41792,0.40726,0.413,556834540.0
1733317200000,0.41301,0.41519,0.40802,0.41229,333416213.0
1733320800000,0.41229,0.41856,0.40884,0.41247,436738961.0
1733324400000,0.41247,0.41655,0.40934,0.41337,373706852.0
1733328000000,0.41336,0.41417,0.40017,0.40224,741531247.0
1733331600000,0.40224,0.40885,0.40166,0.40845,448558710.0
1733335200000,0.40845,0.41373,0.40816,0.41233,327511615.0
1733338800000,0.41233,0.41885,0.41141,0.41662,359301293.0
1733342400000,0.41663,0.42442,0.41483,0.41977,583366115.0
1733346000000,0.41977,0.43714,0.41957,0.42255,1214688219.0
1733349600000,0.42254,0.42674,0.41798,0.41885,400586597.0
1733353200000,0.41884,0.43398,0.4188,0.43318,819644188.0
1733356800000,0.43318,0.43685,0.42568,0.42579,904755260.0
1733360400000,0.42579,0.4295,0.40644,0.41317,1240400030.0
1733364000000,0.41317,0.43646,0.4124,0.4305,964780188.0
1733367600000,0.43051,0.455,0.43051,0.43577,1858536962.0
1733371200000,0.43576,0.46747,0.43539,0.46335,1194703641.0
1733374800000,0.46336,0.4659,0.4402,0.44747,1536932586.0
1733378400000,0.44747,0.44942,0.43384,0.4361,811270351.0
1733382000000,0.43609,0.44421,0.43148,0.43997,690796207.0
1733385600000,0.43997,0.44294,0.43668,0.43802,389712998.0
1733389200000,0.43801,0.44252,0.43514,0.44206,484616737.0
1733392800000,0.44205,0.44847,0.43877,0.44249,616685770.0
1733396400000,0.44249,0.44912,0.44189,0.44662,547696856.0
1733400000000,0.44662,0.4556,0.44488,0.44954,928633253.0
1733403600000,0.44952,0.45582,0.4461,0.45229,667269662.0
1733407200000,0.45229,0.45768,0.44703,0.44986,747634002.0
1733410800000,0.44986,0.45271,0.435,0.4393,1013802871.0
1733414400000,0.4393,0.44291,0.43315,0.43815,585358779.0
1733418000000,0.43817,0.44547,0.43645,0.4441,364853358.0
1733421600000,0.44411,0.44626,0.43845,0.4387,345369564.0
1733425200000,0.4387,0.44237,0.4315,0.43281,571980931.0
1733428800000,0.4328,0.4353,0.4247,0.43311,776812020.0
1733432400000,0.43312,0.43593,0.43166,0.43462,282774226.0
1733436000000,0.43462,0.43704,0.412,0.4308,1272878305.0
1733439600000,0.43079,0.43463,0.42018,0.42718,679718169.0
1733443200000,0.42719,0.43852,0.42238,0.4378,641973420.0
1733446800000,0.4378,0.44052,0.43366,0.43598,368950338.0
1733450400000,0.43599,0.43888,0.43334,0.4372,205925202.0
1733454000000,0.43721,0.43749,0.43266,0.43748,247551650.0
1733457600000,0.43749,0.43856,0.43406,0.43673,196028182.0
1733461200000,0.43672,0.4378,0.43414,0.43561,175019589.0
1733464800000,0.43562,0.43917,0.43526,0.43769,185259636.0
1733468400000,0.43769,0.43808,0.43522,0.43697,181115602.0
1733472000000,0.43698,0.44177,0.43347,0.43406,442562462.0
1733475600000,0.43406,0.43493,0.42588,0.42878,546500563.0
1733479200000,0.42877,0.42992,0.42342,0.42927,354630989.0
1733482800000,0.42927,0.43156,0.42495,0.42779,235763076.0
1733486400000,0.42779,0.43069,0.42113,0.42222,352615100.0
1733490000000,0.42223,0.43048,0.42,0.42681,644635262.0
1733493600000,0.4268,0.43388,0.42455,0.43326,495167380.0
1733497200000,0.43325,0.43792,0.4298,0.43278,617015313.0
1733500800000,0.43278,0.4355,0.4316,0.43375,309361650.0
1733504400000,0.43374,0.4402,0.43328,0.43708,371701742.0
1733508000000,0.43708,0.44049,0.43571,0.43896,262849275.0
1733511600000,0.43896,0.4412,0.43752,0.43921,209872650.0
1733515200000,0.43921,0.44199,0.4368,0.43908,238124024.0
1733518800000,0.43907,0.43976,0.43426,0.43448,198283773.0
1733522400000,0.43449,0.43782,0.43311,0.43683,159839748.0
1733526000000,0.43683,0.43777,0.43224,0.43505,198348035.0
1733529600000,0.43506,0.44091,0.43344,0.43823,250190896.0
1733533200000,0.43824,0.44072,0.43485,0.4375,217173423.0
1733536800000,0.4375,0.4394,0.43588,0.43695,111039987.0
1733540400000,0.43696,0.4373,0.43201,0.43403,226816266.0
1733544000000,0.43403,0.436,0.43267,0.43435,120631516.0
1733547600000,0.43434,0.4353,0.4309,0.4321,192408408.0
1733551200000,0.4321,0.44421,0.43149,0.44277,429810650.0
1733554800000,0.44276,0.45437,0.4387,0.44817,1247422157.0
1733558400000,0.44817,0.45026,0.44204,0.44415,483842714.0
1733562000000,0.44414,0.45059,0.44399,0.44958,320298126.0
1733565600000,0.44959,0.45368,0.44534,0.45075,362447719.0
1733569200000,0.45075,0.45354,0.44837,0.45025,312028027.0
1733572800000,0.45026,0.451,0.44671,0.44814,313735074.0
1733576400000,0.44813,0.44949,0.44557,0.44639,228443691.0
1733580000000,0.4464,0.4496,0.4425,0.44948,351049383.0
1733583600000,0.44947,0.45588,0.44829,0.45313,558380098.0
1733587200000,0.45314,0.46,0.45131,0.45779,629793918.0
1733590800000,0.45779,0.46096,0.45361,0.45807,609996590.0
1733594400000,0.45807,0.4669,0.45724,0.46,858473838.0
1733598000000,0.46,0.46544,0.45669,0.46536,452339903.0
1733601600000,0.46536,0.46543,0.4579,0.45913,386537714.0
1733605200000,0.45911,0.46289,0.45518,0.45814,363338773.0
1733608800000,0.45813,0.45958,0.45276,0.45278,208545703.0
1733612400000,0.45278,0.45723,0.45198,0.45332,239375668.0
1733616000000,0.45333,0.45713,0.45014,0.45587,275263948.0
1733619600000,0.45587,0.469,0.45587,0.46213,745872851.0
1733623200000,0.46212,0.46238,0.45925,0.46115,268485105.0
1733626800000,0.46115,0.46957,0.46067,0.46871,345404345.0
1733630400000,0.46871,0.485,0.46857,0.47503,1721641220.0
1733634000000,0.47502,0.47811,0.465,0.46786,827283302.0
1733637600000,0.46782,0.471,0.46424,0.4684,345906573.0
1733641200000,0.46841,0.47,0.465,0.46535,236476429.0
1733644800000,0.46536,0.4664,0.45354,0.45382,809846277.0
1733648400000,0.45383,0.4582,0.44637,0.44914,760374465.0
1733652000000,0.44914,0.45647,0.44903,0.45571,428449743.0
1733655600000,0.4557,0.4617,0.45486,0.45988,387550231.0
1733659200000,0.45987,0.46241,0.45577,0.46105,321083265.0
1733662800000,0.46106,0.46589,0.45945,0.46583,345056436.0
1733666400000,0.46583,0.46591,0.45735,0.45785,390686518.0
1733670000000,0.45785,0.46408,0.45433,0.46136,492196950.0
1733673600000,0.46136,0.469,0.4602,0.46449,496959714.0
1733677200000,0.46449,0.4686,0.46172,0.46596,323204311.0
1733680800000,0.46597,0.46765,0.45904,0.46252,316583918.0
1733684400000,0.46251,0.46578,0.46088,0.46513,239795105.0
1733688000000,0.46514,0.466,0.46,0.46032,169050823.0
1733691600000,0.46032,0.46526,0.45938,0.46444,174527361.0
1733695200000,0.46443,0.46616,0.46234,0.46564,110757292.0
1733698800000,0.46562,0.46822,0.46284,0.46673,263684877.0
1733702400000,0.46674,0.4677,0.45502,0.45752,482169802.0
1733706000000,0.45751,0.46129,0.45235,0.45317,390028726.0
1733709600000,0.45317,0.45636,0.449,0.45346,413238427.0
1733713200000,0.45346,0.45536,0.44497,0.45199,430722883.0
1733716800000,0.45198,0.45437,0.44729,0.45384,372592168.0
1733720400000,0.45384,0.45488,0.4513,0.45315,191424685.0
1733724000000,0.45314,0.45317,0.44326,0.44508,425801685.0
1733727600000,0.44507,0.44826,0.43829,0.44613,725466441.0
1733731200000,0.44612,0.44657,0.43231,0.43379,785469117.0
1733734800000,0.43377,0.43854,0.42838,0.43326,891774530.0
1733738400000,0.43326,0.43813,0.43233,0.43754,456485775.0
1733742000000,0.43754,0.43755,0.42709,0.42961,616024129.0
1733745600000,0.42961,0.43494,0.42495,0.43446,738809221.0
1733749200000,0.43445,0.44298,0.43182,0.44073,778909556.0
1733752800000,0.44074,0.44873,0.43863,0.44638,514315395.0
1733756400000,0.44638,0.44782,0.43126,0.43416,930708612.0
1733760000000,0.43418,0.44077,0.43255,0.43687,450610635.0
1733763600000,0.43687,0.43958,0.43312,0.43318,246462266.0
1733767200000,0.4332,0.43773,0.4332,0.43483,179726688.0
1733770800000,0.43484,0.43714,0.43213,0.43296,241430919.0
1733774400000,0.43295,0.43386,0.41388,0.41592,1376221767.0
1733778000000,0.41592,0.42648,0.36867,0.41717,3268219519.0
1733781600000,0.41716,0.42089,0.38557,0.41257,2097475151.0
1733785200000,0.41257,0.41734,0.40849,0.41393,711588539.0
1733788800000,0.41395,0.42298,0.405,0.41858,1042045673.0
1733792400000,0.41857,0.41934,0.405,0.41368,732423441.0
1733796000000,0.41368,0.41368,0.39646,0.39668,804204182.0
1733799600000,0.39667,0.40213,0.38685,0.40066,1499444167.0
1733803200000,0.40066,0.40452,0.3904,0.40387,634192792.0
1733806800000,0.40388,0.40856,0.40124,0.40657,412836296.0
1733810400000,0.40656,0.41365,0.40394,0.41102,457402870.0
1733814000000,0.41101,0.41136,0.406,0.4091,356986856.0
1733817600000,0.4091,0.41168,0.4044,0.4101,345444215.0
1733821200000,0.41011,0.4155,0.40739,0.41074,419144329.0
1733824800000,0.41074,0.4157,0.41052,0.41222,329133393.0
1733828400000,0.41222,0.41346,0.40698,0.40947,343270340.0
1733832000000,0.40948,0.41067,0.39254,0.3945,1043631144.0
1733835600000,0.3945,0.40384,0.39414,0.40017,703004040.0
1733839200000,0.40017,0.40678,0.39762,0.40108,631103043.0
1733842800000,0.40107,0.40263,0.37172,0.37283,1777431464.0
1733846400000,0.37283,0.38798,0.368,0.38716,1770493122.0
1733850000000,0.38716,0.38732,0.36637,0.36685,1059927766.0
1733853600000,0.36686,0.38155,0.365,0.37879,770935460.0
1733857200000,0.3788,0.3863,0.37823,0.38482,384407623.0
1733860800000,0.38482,0.3922,0.38337,0.38979,391866471.0
1733864400000,0.38979,0.39892,0.3897,0.39243,456339529.0
1733868000000,0.39242,0.39574,0.38971,0.39276,227612898.0
1733871600000,0.39276,0.39732,0.39145,0.39372,212352787.0
1733875200000,0.39372,0.39827,0.38435,0.38811,523492397.0
1733878800000,0.38811,0.38835,0.3761,0.37667,611474678.0
1733882400000,0.37668,0.38928,0.37497,0.38767,459292095.0
1733886000000,0.38766,0.39262,0.38708,0.39025,306521314.0
1733889600000,0.39026,0.392,0.38659,0.3903,206259822.0
1733893200000,0.3903,0.39219,0.38809,0.3914,170434623.0
1733896800000,0.39139,0.3946,0.38939,0.39209,297232014.0
1733900400000,0.3921,0.3938,0.38622,0.38671,322118574.0
1733904000000,0.38671,0.3992,0.38609,0.3963,538416398.0
1733907600000,0.39629,0.40081,0.3935,0.39984,338922432.0
1733911200000,0.39983,0.40066,0.39653,0.40038,243384628.0
1733914800000,0.40038,0.40513,0.39912,0.40192,476594242.0
1733918400000,0.40193,0.40559,0.40066,0.40301,384769379.0
1733922000000,0.40301,0.40947,0.40028,0.40614,665761606.0
1733925600000,0.40612,0.40888,0.40153,0.4082,422053686.0
1733929200000,0.40819,0.41895,0.4076,0.41288,928400446.0
1733932800000,0.41289,0.41853,0.40898,0.41139,751635196.0
1733936400000,0.41139,0.41458,0.40514,0.40598,540085794.0
1733940000000,0.40598,0.41242,0.40531,0.41048,341335522.0
1733943600000,0.41049,0.41624,0.41036,0.41504,264161447.0
1733947200000,0.41503,0.41834,0.41448,0.41611,246504103.0
1733950800000,0.41612,0.41871,0.41405,0.41755,148822026.0
1733954400000,0.41755,0.41877,0.4158,0.41635,137840820.0
1733958000000,0.41635,0.4179,0.41311,0.41404,180737296.0
1733961600000,0.41403,0.4149,0.40721,0.40949,326361809.0
1733965200000,0.40948,0.4121,0.40696,0.40831,315280563.0
1733968800000,0.40832,0.4185,0.40832,0.41793,256728084.0
1733972400000,0.41796,0.42205,0.41416,0.41561,469037701.0
1733976000000,0.4156,0.41884,0.41421,0.41648,249223813.0
1733979600000,0.41648,0.42423,0.41567,0.41854,428681910.0
1733983200000,0.41855,0.41985,0.41532,0.41757,226114692.0
1733986800000,0.41757,0.41858,0.41301,0.41381,204832838.0
1733990400000,0.4138,0.41831,0.41371,0.41678,186083036.0
1733994000000,0.41679,0.41859,0.41421,0.41473,186505383.0
1733997600000,0.41474,0.41496,0.41,0.41168,501059966.0
1734001200000,0.41168,0.41212,0.40783,0.41058,343716653.0
1734004800000,0.41059,0.41709,0.41048,0.41601,316108604.0
1734008400000,0.41601,0.41849,0.40817,0.41103,650981771.0
1734012000000,0.41102,0.41634,0.40898,0.41605,475963569.0
1734015600000,0.41604,0.41789,0.41146,0.41482,379545266.0
1734019200000,0.41481,0.41832,0.41225,0.41282,335843588.0
1734022800000,0.41281,0.41547,0.41067,0.41535,195598714.0
1734026400000,0.41535,0.41642,0.41191,0.41226,172546124.0
1734030000000,0.41226,0.41472,0.40114,0.4018,742324259.0
1734033600000,0.40181,0.40964,0.40162,0.40858,327733761.0
1734037200000,0.40858,0.40898,0.40401,0.40533,160157042.0
1734040800000,0.40534,0.40788,0.40145,0.40714,202047722.0
1734044400000,0.40714,0.40766,0.40392,0.406,140841980.0
1734048000000,0.406,0.40977,0.40475,0.40727,167523238.0
1734051600000,0.40727,0.40733,0.3989,0.40376,387810332.0
1734055200000,0.40376,0.40914,0.40344,0.40645,224803043.0
1734058800000,0.40644,0.40924,0.40582,0.4077,119964983.0
1734062400000,0.40771,0.40805,0.40457,0.40733,116374448.0
1734066000000,0.40732,0.409,0.40638,0.40674,109712989.0
1734069600000,0.40674,0.40834,0.40243,0.40244,151350373.0
1734073200000,0.40246,0.40558,0.39938,0.40437,249506436.0
1734076800000,0.40438,0.40646,0.40317,0.40634,136562378.0
1734080400000,0.40633,0.40714,0.40184,0.40314,170898281.0
1734084000000,0.40314,0.40531,0.40035,0.4033,220812518.0
1734087600000,0.40329,0.40773,0.40287,0.40331,177288236.0
1734091200000,0.4033,0.40773,0.40325,0.40753,191469679.0
1734094800000,0.40752,0.40797,0.40302,0.40566,221848522.0
1734098400000,0.40567,0.4117,0.40508,0.41142,342310358.0
1734102000000,0.41142,0.41218,0.4015,0.40271,460866029.0
1734105600000,0.4027,0.4081,0.4015,0.40571,360820441.0
1734109200000,0.40572,0.40984,0.40536,0.40934,219075871.0
1734112800000,0.40933,0.40941,0.40353,0.40408,192313220.0
1734116400000,0.40408,0.40437,0.40066,0.40371,320903059.0
1734120000000,0.4037,0.40677,0.40335,0.40508,172426837.0
1734123600000,0.40509,0.40634,0.40398,0.40408,96970762.0
1734127200000,0.40407,0.40509,0.40265,0.40283,93471357.0
1734130800000,0.40283,0.4094,0.4022,0.40901,204621064.0
1734134400000,0.409,0.40954,0.40583,0.40755,167124201.0
1734138000000,0.40755,0.41416,0.4075,0.41058,279840264.0
1734141600000,0.41058,0.41146,0.40855,0.4099,162892409.0
1734145200000,0.4099,0.41063,0.40873,0.4099,87430601.0
1734148800000,0.40989,0.41048,0.40808,0.40971,81494491.0
1734152400000,0.40971,0.41,0.40847,0.4093,78816943.0
1734156000000,0.40931,0.41211,0.40866,0.4102,132049082.0
1734159600000,0.4102,0.41069,0.4084,0.40927,109541181.0
1734163200000,0.40927,0.411,0.4077,0.40843,100640175.0
1734166800000,0.40844,0.40851,0.4065,0.40731,91135646.0
1734170400000,0.40731,0.40751,0.40445,0.4064,194685701.0
1734174000000,0.4064,0.40772,0.40544,0.40582,116639524.0
1734177600000,0.40582,0.40647,0.401,0.40109,273791315.0
1734181200000,0.40109,0.40222,0.39312,0.3953,699887166.0
1734184800000,0.3953,0.40046,0.39495,0.39889,284065702.0
1734188400000,0.3989,0.39985,0.39653,0.39706,228488699.0
1734192000000,0.39705,0.39705,0.39154,0.39615,385433201.0
1734195600000,0.39614,0.39675,0.39003,0.39157,314131365.0
1734199200000,0.39156,0.39335,0.38704,0.3889,395760040.0
1734202800000,0.3889,0.39248,0.38852,0.39223,203564576.0
1734206400000,0.39223,0.39324,0.38753,0.38847,196916002.0
1734210000000,0.38847,0.39216,0.38845,0.39112,123544368.0
1734213600000,0.39112,0.39469,0.38912,0.39367,167319996.0
1734217200000,0.39368,0.39987,0.39285,0.39805,273807370.0
1734220800000,0.39806,0.39891,0.39406,0.39562,178361369.0
1734224400000,0.39562,0.40016,0.39531,0.39939,183095475.0
1734228000000,0.39938,0.3999,0.39765,0.39851,115954793.0
1734231600000,0.39852,0.39925,0.39612,0.39668,120014195.0
1734235200000,0.39668,0.40231,0.39624,0.39932,227087825.0
1734238800000,0.39932,0.40052,0.39836,0.39905,97400047.0
1734242400000,0.39905,0.39973,0.39638,0.3968,91142828.0
1734246000000,0.3968,0.39804,0.39225,0.39578,217073124.0
1734249600000,0.39578,0.39918,0.394,0.3989,166607077.0
1734253200000,0.39889,0.39982,0.39707,0.39937,154536402.0
1734256800000,0.39937,0.40083,0.3975,0.39773,150148416.0
1734260400000,0.39773,0.40089,0.39747,0.40038,170719410.0
1734264000000,0.40039,0.40358,0.39912,0.40173,262668104.0
1734267600000,0.40172,0.40333,0.40001,0.40188,176432391.0
1734271200000,0.40189,0.40477,0.40189,0.40452,178738777.0
1734274800000,0.40453,0.40458,0.4022,0.40284,133407477.0
1734278400000,0.40285,0.40528,0.40207,0.40367,151915139.0
1734282000000,0.40368,0.40429,0.40218,0.40289,93862171.0
1734285600000,0.40289,0.4035,0.40157,0.40266,79850386.0
1734289200000,0.40266,0.40426,0.40236,0.40238,77198209.0
1734292800000,0.40237,0.40306,0.40146,0.4019,86568401.0
1734296400000,0.4019,0.40273,0.39701,0.39787,330375739.0
1734300000000,0.39787,0.40237,0.39691,0.40072,156770058.0
1734303600000,0.40072,0.4113,0.4005,0.40642,691472749.0
1734307200000,0.40643,0.41492,0.40507,0.41164,487176954.0
1734310800000,0.41163,0.41248,0.40901,0.41145,222040503.0
1734314400000,0.41145,0.41185,0.40614,0.40678,258713439.0
1734318000000,0.40679,0.40785,0.40281,0.40494,225716795.0
1734321600000,0.40494,0.40647,0.40422,0.40518,119400194.0
1734325200000,0.40518,0.40612,0.4031,0.40565,98926435.0
1734328800000,0.40564,0.4066,0.40365,0.40443,114742163.0
1734332400000,0.40443,0.40645,0.40362,0.40429,116621397.0
1734336000000,0.4043,0.40498,0.40135,0.40162,172312531.0
1734339600000,0.40161,0.40308,0.4001,0.40045,190586016.0
1734343200000,0.40046,0.40111,0.39761,0.39936,240424759.0
1734346800000,0.39936,0.39977,0.39226,0.39333,344032365.0
1734350400000,0.39334,0.39613,0.39275,0.39465,247729598.0
1734354000000,0.39465,0.39734,0.39255,0.39619,235150438.0
1734357600000,0.39618,0.40071,0.39584,0.39773,315032678.0
1734361200000,0.39773,0.40158,0.39653,0.40014,269460654.0
1734364800000,0.40015,0.41063,0.39993,0.40866,533641416.0
1734368400000,0.40866,0.4139,0.4075,0.40907,648233543.0
1734372000000,0.40908,0.41261,0.40794,0.41151,289791454.0
1734375600000,0.4115,0.41175,0.40376,0.40608,347959077.0
1734379200000,0.40609,0.40647,0.4022,0.40251,185538412.0
1734382800000,0.40254,0.40418,0.40181,0.40385,129144187.0
1734386400000,0.40384,0.40563,0.40284,0.40372,98991091.0
1734390000000,0.40372,0.40491,0.40006,0.40185,184134176.0
1734393600000,0.40185,0.4023,0.39602,0.39603,343221922.0
1734397200000,0.39603,0.40038,0.39542,0.40014,179327755.0
1734400800000,0.40014,0.40206,0.39978,0.4004,105282154.0
1734404400000,0.40039,0.40358,0.40015,0.40319,161802748.0
1734408000000,0.40318,0.40334,0.3983,0.40001,210176062.0
1734411600000,0.40002,0.40125,0.39655,0.40025,220366220.0
1734415200000,0.40025,0.40094,0.39752,0.39946,124340583.0
1734418800000,0.39946,0.40099,0.3951,0.39766,234448979.0
1734422400000,0.39766,0.4012,0.39752,0.39959,155785563.0
1734426000000,0.39959,0.40394,0.3984,0.40292,204983161.0
1734429600000,0.40291,0.40734,0.40197,0.40536,311671310.0
1734433200000,0.40536,0.40716,0.4033,0.40415,236389524.0
1734436800000,0.40414,0.40666,0.40239,0.40589,227563418.0
1734440400000,0.40588,0.41028,0.40417,0.40957,322643287.0
1734444000000,0.40958,0.40985,0.40133,0.40641,439217820.0
1734447600000,0.40641,0.40648,0.3955,0.39852,622148312.0
1734451200000,0.39852,0.40354,0.39601,0.40117,268211728.0
1734454800000,0.40117,0.40324,0.39999,0.40266,156226269.0
1734458400000,0.40265,0.40366,0.39778,0.39824,174647759.0
1734462000000,0.39825,0.40045,0.39673,0.39929,126118650.0
1734465600000,0.3993,0.40189,0.39833,0.39979,145646766.0
1734469200000,0.39979,0.40083,0.39765,0.39998,103261800.0
1734472800000,0.39998,0.40017,0.39428,0.39478,206645553.0
1734476400000,0.39478,0.39514,0.39103,0.39393,368803370.0
1734480000000,0.39393,0.39625,0.38928,0.39331,374720440.0
1734483600000,0.3933,0.39574,0.38833,0.38944,303152887.0
1734487200000,0.38946,0.39322,0.3881,0.39252,201259001.0
1734490800000,0.39253,0.3933,0.38893,0.38964,165961640.0
1734494400000,0.38963,0.38982,0.3804,0.38455,621086020.0
1734498000000,0.38455,0.38763,0.38301,0.38417,277516381.0
1734501600000,0.38417,0.3856,0.378,0.38272,405031445.0
1734505200000,0.38272,0.38482,0.38174,0.38366,136987764.0
1734508800000,0.38366,0.38474,0.38212,0.38405,118279833.0
1734512400000,0.38406,0.38752,0.3839,0.38657,165435455.0
1734516000000,0.38657,0.38798,0.38532,0.38745,120038883.0
1734519600000,0.38745,0.3899,0.38735,0.38943,150720781.0
1734523200000,0.38942,0.39012,0.38307,0.38431,292159953.0
1734526800000,0.38431,0.38645,0.38236,0.38383,213546259.0
1734530400000,0.38382,0.38666,0.38162,0.38195,282466604.0
1734534000000,0.38196,0.38659,0.37963,0.38411,347191054.0
1734537600000,0.38411,0.38538,0.38117,0.38472,189721624.0
1734541200000,0.38473,0.38798,0.38131,0.38628,209096817.0
1734544800000,0.38629,0.38985,0.38509,0.3896,213368583.0
1734548400000,0.3896,0.39002,0.37368,0.37422,670109689.0
1734552000000,0.37416,0.37635,0.3486,0.35891,2754476958.0
1734555600000,0.35893,0.36438,0.3558,0.36081,610121447.0
1734559200000,0.36081,0.36486,0.3572,0.35933,314967256.0
1734562800000,0.35933,0.36301,0.35571,0.35808,471920800.0
1734566400000,0.35809,0.36173,0.35472,0.36169,504188259.0
1734570000000,0.3617,0.3619,0.35122,0.35282,453677933.0
1734573600000,0.35282,0.35568,0.34,0.35554,1743744718.0
1734577200000,0.35554,0.36428,0.35518,0.36384,542734149.0
1734580800000,0.36383,0.36413,0.35981,0.35983,268863584.0
1734584400000,0.35984,0.36391,0.35983,0.36279,153316365.0
1734588000000,0.3628,0.36356,0.36018,0.36132,179617372.0
1734591600000,0.36133,0.36474,0.36095,0.36283,193102357.0
1734595200000,0.36284,0.36285,0.35749,0.35849,255481166.0
1734598800000,0.3585,0.3615,0.35834,0.36097,166649211.0
1734602400000,0.36097,0.3672,0.35944,0.36502,297176633.0
1734606000000,0.36503,0.36651,0.363,0.36602,173793660.0
1734609600000,0.36602,0.36707,0.36095,0.36201,260227071.0
1734613200000,0.362,0.36581,0.36178,0.36399,211825277.0
1734616800000,0.36399,0.36597,0.35575,0.35619,669113421.0
1734620400000,0.35618,0.35631,0.34296,0.35168,1171212340.0
1734624000000,0.35169,0.35304,0.347,0.35216,484692118.0
1734627600000,0.35217,0.35232,0.31251,0.32411,2218687580.0
1734631200000,0.32415,0.32591,0.302,0.31895,3149188192.0
1734634800000,0.31894,0.32236,0.303,0.31278,1326745129.0
1734638400000,0.3128,0.31693,0.3,0.31376,1253142304.0
1734642000000,0.31377,0.32345,0.31208,0.31831,735570905.0
1734645600000,0.31829,0.32349,0.31779,0.32218,434313712.0
1734649200000,0.32218,0.32223,0.31382,0.31416,460015426.0
1734652800000,0.31417,0.31735,0.30939,0.31288,690836696.0
1734656400000,0.31287,0.31632,0.30952,0.31369,421283957.0
1734660000000,0.31369,0.32893,0.31321,0.32706,671949649.0
1734663600000,0.32706,0.32737,0.3207,0.3217,300988731.0
1734667200000,0.3217,0.32463,0.31921,0.31975,268562727.0
1734670800000,0.31974,0.32133,0.31501,0.31516,281421556.0
1734674400000,0.31516,0.31925,0.31083,0.31419,458790867.0
1734678000000,0.31418,0.32234,0.31414,0.31677,509734442.0
1734681600000,0.31676,0.31695,0.29723,0.29977,1276471567.0
1734685200000,0.29982,0.30239,0.29182,0.29301,1327834382.0
1734688800000,0.29302,0.29528,0.2792,0.2839,2011922149.0
1734692400000,0.28389,0.28911,0.2623,0.2662,2764579920.0
1734696000000,0.26624,0.29236,0.26484,0.28936,2134723464.0
1734699600000,0.28936,0.30238,0.2852,0.29855,1702383551.0
1734703200000,0.29855,0.30147,0.29361,0.29648,874231484.0
1734706800000,0.29648,0.30891,0.29603,0.30449,1024604831.0
1734710400000,0.3045,0.31613,0.30202,0.30774,1093579856.0
1734714000000,0.30775,0.31496,0.30504,0.31245,599889280.0
1734717600000,0.31244,0.31359,0.30837,0.31049,359117757.0
1734721200000,0.31049,0.31957,0.31018,0.3171,436900635.0
1734724800000,0.3171,0.31733,0.30931,0.30976,518311007.0
1734728400000,0.30977,0.31152,0.30554,0.31032,530809778.0
1734732000000,0.31033,0.31997,0.30874,0.3182,396156982.0
1734735600000,0.31819,0.32108,0.31569,0.31779,306264495.0
1734739200000,0.31778,0.31852,0.31483,0.31584,305956922.0
1734742800000,0.31583,0.3316,0.31547,0.32587,859931570.0
1734746400000,0.32587,0.32808,0.32162,0.32527,357459496.0
1734750000000,0.32527,0.32609,0.32221,0.32594,215016946.0
1734753600000,0.32594,0.3285,0.32508,0.32818,212034791.0
1734757200000,0.32819,0.34222,0.32781,0.34158,658256111.0
1734760800000,0.34153,0.34851,0.33981,0.34615,881636597.0
1734764400000,0.34615,0.34987,0.34333,0.3461,620869556.0
1734768000000,0.3461,0.34791,0.33841,0.33914,712583678.0
1734771600000,0.33913,0.34021,0.33452,0.33761,543943809.0
1734775200000,0.33761,0.34286,0.33638,0.33826,421173686.0
1734778800000,0.33827,0.34031,0.332,0.33654,462659716.0
1734782400000,0.33653,0.33668,0.32338,0.32373,902201925.0
1734786000000,0.32373,0.32647,0.3139,0.32321,1356199008.0
1734789600000,0.32321,0.32948,0.32296,0.32373,792478167.0
1734793200000,0.32373,0.32834,0.32361,0.32681,341844759.0
1734796800000,0.32682,0.32958,0.32107,0.32295,631390030.0
1734800400000,0.32295,0.32696,0.31978,0.32512,512347858.0
1734804000000,0.32513,0.32664,0.31664,0.31834,420320368.0
1734807600000,0.31835,0.32193,0.31472,0.32172,496157312.0
1734811200000,0.32171,0.3255,0.32031,0.32272,383114362.0
1734814800000,0.32273,0.32386,0.31732,0.31908,286866685.0
1734818400000,0.3191,0.32372,0.31572,0.32182,281930424.0
1734822000000,0.32183,0.32266,0.31818,0.32027,289040825.0
1734825600000,0.32028,0.3235,0.31587,0.32036,442548940.0
1734829200000,0.32037,0.32251,0.31402,0.31884,394204526.0
1734832800000,0.31885,0.32104,0.31491,0.31653,329766763.0
1734836400000,0.31652,0.32058,0.31216,0.31777,481624851.0
1734840000000,0.31776,0.31865,0.3094,0.30943,459174566.0
1734843600000,0.30945,0.31198,0.30538,0.31005,691990410.0
1734847200000,0.31006,0.31628,0.30963,0.31526,340416171.0
1734850800000,0.31525,0.31641,0.31151,0.31292,270961533.0
1734854400000,0.31292,0.31836,0.3127,0.31608,328693606.0
1734858000000,0.31608,0.32435,0.31501,0.32004,469273871.0
1734861600000,0.32004,0.32298,0.31913,0.32047,303480503.0
1734865200000,0.32047,0.32207,0.31914,0.32115,221918251.0
1734868800000,0.32115,0.32372,0.31945,0.32067,320343081.0
1734872400000,0.32067,0.3225,0.31854,0.32006,263875245.0
1734876000000,0.32006,0.32126,0.30901,0.30982,903935320.0
1734879600000,0.30983,0.31438,0.30968,0.31278,418927159.0
1734883200000,0.31278,0.31863,0.31008,0.31687,389179150.0
1734886800000,0.31686,0.32058,0.31598,0.31786,300862209.0
1734890400000,0.31786,0.3215,0.3156,0.3175,285967119.0
1734894000000,0.31752,0.31807,0.30849,0.30967,367904982.0
1734897600000,0.30968,0.31437,0.30482,0.31403,559455062.0
1734901200000,0.31404,0.31616,0.3123,0.31305,242098219.0
1734904800000,0.31304,0.31354,0.30685,0.31327,383413229.0
1734908400000,0.31325,0.31612,0.31095,0.31246,242057489.0
1734912000000,0.31247,0.31318,0.30666,0.30879,343551519.0
1734915600000,0.30875,0.31449,0.30273,0.30896,638589002.0
1734919200000,0.30895,0.31204,0.30389,0.31095,507118008.0
1734922800000,0.31095,0.32141,0.30958,0.32046,523760527.0
1734926400000,0.32046,0.32238,0.3158,0.31715,373804717.0
1734930000000,0.31716,0.31836,0.3136,0.31576,217087415.0
1734933600000,0.31576,0.31648,0.3092,0.31012,314800714.0
1734937200000,0.31009,0.31395,0.30867,0.31241,275552918.0
1734940800000,0.31241,0.3143,0.31054,0.31398,221495831.0
1734944400000,0.31398,0.31846,0.31381,0.31679,248017787.0
1734948000000,0.31679,0.31879,0.31517,0.31718,225814965.0
1734951600000,0.31718,0.3182,0.31351,0.31443,165549046.0
1734955200000,0.31443,0.31755,0.31278,0.31663,233769124.0
1734958800000,0.31662,0.31723,0.30953,0.31095,342891001.0
1734962400000,0.31095,0.3148,0.30469,0.30812,626209829.0
1734966000000,0.30809,0.3082,0.3033,0.30506,572092023.0
1734969600000,0.30506,0.31496,0.30456,0.31387,534864708.0
1734973200000,0.31387,0.31589,0.31033,0.31105,517435889.0
1734976800000,0.31106,0.31315,0.30924,0.30999,213843544.0
1734980400000,0.31,0.3184,0.30988,0.31601,305282561.0
1734984000000,0.316,0.32418,0.31482,0.32226,329798781.0
1734987600000,0.32225,0.32868,0.32155,0.32162,513194558.0
1734991200000,0.32163,0.32731,0.32163,0.32674,226282559.0
1734994800000,0.32674,0.32762,0.32228,0.32481,182538524.0
1734998400000,0.32482,0.32483,0.32022,0.32386,220975089.0
1735002000000,0.32385,0.3247,0.3186,0.31904,229079408.0
1735005600000,0.31904,0.32033,0.31596,0.31845,241015315.0
1735009200000,0.31845,0.3221,0.3184,0.32167,130695966.0
1735012800000,0.32168,0.32322,0.32012,0.32273,133495510.0
1735016400000,0.32274,0.32427,0.322,0.32415,118148376.0
1735020000000,0.32415,0.32432,0.31909,0.31945,163065011.0
1735023600000,0.31946,0.32196,0.31845,0.32147,136951013.0
1735027200000,0.32147,0.323,0.32016,0.32183,156451522.0
1735030800000,0.32183,0.32253,0.31854,0.31957,142195200.0
1735034400000,0.31957,0.32011,0.31745,0.31921,155047182.0
1735038000000,0.31921,0.32175,0.31812,0.32155,136533326.0
1735041600000,0.32155,0.32163,0.319,0.32082,108877838.0
1735045200000,0.32082,0.33382,0.32043,0.33372,489627509.0
1735048800000,0.33372,0.33488,0.3297,0.33287,533939222.0
1735052400000,0.33287,0.34032,0.33084,0.33627,544466661.0
1735056000000,0.33627,0.33768,0.33158,0.33274,473932863.0
1735059600000,0.33274,0.33566,0.33249,0.33509,215999394.0
1735063200000,0.33508,0.33882,0.33407,0.33623,282081038.0
1735066800000,0.33622,0.33698,0.33164,0.33176,194011964.0
1735070400000,0.33176,0.33233,0.32759,0.33028,317406998.0
1735074000000,0.33028,0.33585,0.33009,0.33536,169064820.0
1735077600000,0.33536,0.3375,0.33466,0.33651,166140855.0
1735081200000,0.33652,0.3384,0.33568,0.33696,103795720.0
1735084800000,0.33695,0.3399,0.33479,0.33726,196684373.0
1735088400000,0.33725,0.33834,0.33515,0.33572,117746741.0
1735092000000,0.33573,0.33625,0.33279,0.33514,213975137.0
1735095600000,0.33514,0.33544,0.33139,0.33245,146540592.0
1735099200000,0.33246,0.33411,0.33109,0.33329,113651080.0
1735102800000,0.3333,0.33487,0.33236,0.33352,83797419.0
1735106400000,0.33353,0.33538,0.3318,0.33203,104725446.0
1735110000000,0.33203,0.335,0.33037,0.33134,150601833.0
1735113600000,0.33134,0.33335,0.33082,0.33139,102363608.0
1735117200000,0.33139,0.33277,0.33073,0.33232,101400352.0
1735120800000,0.33232,0.34212,0.33188,0.33441,534898694.0
1735124400000,0.3344,0.33654,0.32971,0.33053,317125377.0
1735128000000,0.33053,0.33247,0.32812,0.33104,304099688.0
1735131600000,0.33105,0.33257,0.32946,0.33127,110065219.0
1735135200000,0.33128,0.33395,0.33051,0.33272,142706529.0
1735138800000,0.33273,0.33313,0.32887,0.33045,164720401.0
1735142400000,0.33045,0.33176,0.32644,0.32839,296322453.0
1735146000000,0.3284,0.33016,0.3273,0.33004,107352715.0
1735149600000,0.33003,0.33216,0.32942,0.33094,194246725.0
1735153200000,0.33094,0.33333,0.33051,0.33266,124933866.0
1735156800000,0.33266,0.33468,0.33026,0.3315,190817030.0
1735160400000,0.33151,0.33345,0.32874,0.33179,159155224.0
1735164000000,0.3318,0.33467,0.33064,0.33328,124504679.0
1735167600000,0.33328,0.3352,0.33298,0.3342,120242277.0
1735171200000,0.3342,0.33788,0.33221,0.33313,249735013.0
1735174800000,0.33312,0.33447,0.3301,0.3317,142824552.0
1735178400000,0.33171,0.33367,0.32952,0.32975,141900251.0
1735182000000,0.32974,0.33074,0.32818,0.32853,141669603.0
1735185600000,0.32853,0.32861,0.32402,0.32555,246344713.0
1735189200000,0.32556,0.32697,0.32374,0.32632,148184296.0
1735192800000,0.32632,0.32662,0.32326,0.32508,128046357.0
1735196400000,0.32508,0.32607,0.322,0.32355,178622952.0
1735200000000,0.32354,0.32438,0.31384,0.31674,732044078.0
1735203600000,0.31675,0.3186,0.3165,0.31671,186637520.0
1735207200000,0.31672,0.31738,0.315,0.3165,169194396.0
1735210800000,0.31648,0.31918,0.31639,0.31745,163041664.0
1735214400000,0.31745,0.31807,0.31574,0.31641,132921321.0
1735218000000,0.31641,0.31688,0.31345,0.31609,253775485.0
1735221600000,0.31608,0.31845,0.31258,0.31437,337233258.0
1735225200000,0.31437,0.3167,0.31306,0.31429,191714925.0
1735228800000,0.31429,0.31729,0.31397,0.3166,224104754.0
1735232400000,0.31659,0.31665,0.31011,0.31298,311563792.0
1735236000000,0.31298,0.31444,0.31141,0.31417,124640199.0
1735239600000,0.31416,0.31455,0.31147,0.31403,128927610.0
1735243200000,0.31402,0.31441,0.31054,0.31224,124416954.0
1735246800000,0.31225,0.31371,0.3083,0.3134,315680995.0
1735250400000,0.3134,0.31493,0.31249,0.31306,77002747.0
1735254000000,0.31305,0.31344,0.30962,0.31252,159627686.0
1735257600000,0.31252,0.31389,0.31,0.31268,163185487.0
1735261200000,0.31268,0.31537,0.31125,0.31354,171914409.0
1735264800000,0.31355,0.31649,0.31222,0.31363,200644829.0
1735268400000,0.31363,0.3161,0.31278,0.31516,119771865.0
1735272000000,0.31516,0.31666,0.31362,0.31415,122720233.0
1735275600000,0.31415,0.31458,0.31171,0.31433,125171544.0
1735279200000,0.31433,0.31736,0.31424,0.31727,128643765.0
1735282800000,0.31727,0.31737,0.30855,0.31139,361347013.0
1735286400000,0.31139,0.31653,0.31139,0.31521,255915942.0
1735290000000,0.31521,0.32482,0.31508,0.3218,546906676.0
1735293600000,0.32178,0.32239,0.31705,0.3199,245099228.0
1735297200000,0.3199,0.32165,0.31904,0.32155,140926009.0
1735300800000,0.32153,0.32197,0.31912,0.31973,149516100.0
1735304400000,0.31972,0.32016,0.31641,0.31732,150916076.0
1735308000000,0.31731,0.31777,0.31166,0.3153,396601265.0
1735311600000,0.3153,0.31534,0.30906,0.31176,422768737.0
1735315200000,0.31176,0.31293,0.30973,0.311,210428423.0
1735318800000,0.31101,0.31556,0.30964,0.31471,292252878.0
1735322400000,0.31471,0.31536,0.31263,0.31463,160412170.0
1735326000000,0.31463,0.31546,0.3138,0.31529,79264130.0
1735329600000,0.31529,0.31548,0.31278,0.31432,80903327.0
1735333200000,0.31432,0.31482,0.31096,0.31119,81308481.0
1735336800000,0.31118,0.31319,0.30965,0.31141,131125420.0
1735340400000,0.31141,0.31244,0.30971,0.31176,135914550.0
1735344000000,0.31176,0.31405,0.31139,0.31382,119363178.0
1735347600000,0.31382,0.31488,0.31111,0.31323,151190054.0
1735351200000,0.31323,0.31471,0.3126,0.31322,91665333.0
1735354800000,0.31322,0.31537,0.31318,0.3147,87981433.0
1735358400000,0.31469,0.31481,0.31333,0.31364,49676930.0
1735362000000,0.31364,0.31597,0.31364,0.31542,108046519.0
1735365600000,0.31543,0.31627,0.315,0.31607,99170440.0
1735369200000,0.31606,0.31782,0.31439,0.31487,165097582.0
1735372800000,0.31488,0.31741,0.31476,0.31722,100277183.0
1735376400000,0.31722,0.31835,0.31666,0.31683,100753262.0
1735380000000,0.31683,0.31718,0.31562,0.31643,82288818.0
1735383600000,0.31644,0.31785,0.31632,0.31746,67856256.0
1735387200000,0.31746,0.31841,0.31618,0.31653,104084339.0
1735390800000,0.31652,0.31832,0.31645,0.31758,110376690.0
1735394400000,0.31759,0.32178,0.31731,0.31824,304621959.0
1735398000000,0.31825,0.32075,0.31818,0.31859,154880170.0
1735401600000,0.3186,0.32184,0.31855,0.3217,118267434.0
1735405200000,0.3217,0.32444,0.3212,0.32275,181855875.0
1735408800000,0.32275,0.32348,0.3206,0.3212,117217466.0
1735412400000,0.3212,0.32309,0.32118,0.32235,52897534.0
1735416000000,0.32236,0.32288,0.32156,0.32254,50069583.0
1735419600000,0.32254,0.32346,0.32169,0.32326,62850066.0
1735423200000,0.32326,0.32745,0.32286,0.32515,179580267.0
1735426800000,0.32516,0.32551,0.32361,0.32429,121715711.0
1735430400000,0.32429,0.32475,0.32236,0.32335,92997689.0
1735434000000,0.32334,0.32406,0.32098,0.32136,95802864.0
1735437600000,0.32136,0.32377,0.3212,0.3233,75005975.0
1735441200000,0.3233,0.32633,0.32235,0.3255,123015498.0
1735444800000,0.3255,0.32575,0.3235,0.32401,86324529.0
1735448400000,0.32401,0.32606,0.32312,0.32587,88543292.0
1735452000000,0.32587,0.32766,0.32525,0.32728,143782022.0
1735455600000,0.32728,0.32955,0.32624,0.32922,136827065.0
1735459200000,0.32921,0.32945,0.32676,0.32699,142681543.0
1735462800000,0.32699,0.32779,0.32598,0.32623,92865925.0
1735466400000,0.32623,0.32815,0.32611,0.32722,68334835.0
1735470000000,0.32723,0.32759,0.32524,0.32555,71858053.0
1735473600000,0.32555,0.32643,0.3242,0.32484,121985753.0
1735477200000,0.32486,0.32647,0.32366,0.32475,129925692.0
1735480800000,0.32476,0.3261,0.3194,0.32134,368502130.0
1735484400000,0.32134,0.32208,0.31957,0.31965,127304121.0
1735488000000,0.31965,0.32001,0.31518,0.31607,345409642.0
1735491600000,0.31607,0.3179,0.31517,0.31618,139908951.0
1735495200000,0.31618,0.31647,0.31422,0.31552,140323083.0
1735498800000,0.31552,0.31663,0.31532,0.31607,99889268.0
1735502400000,0.31607,0.31637,0.31314,0.31615,134128952.0
1735506000000,0.31614,0.31701,0.3131,0.31484,125766905.0
1735509600000,0.31484,0.31533,0.31169,0.31371,197144517.0
1735513200000,0.31371,0.31536,0.3124,0.31419,154238927.0
1735516800000,0.31418,0.31699,0.31301,0.31563,172311138.0
1735520400000,0.31563,0.3229,0.3151,0.32147,370695646.0
1735524000000,0.32147,0.32198,0.31736,0.32083,166556065.0
1735527600000,0.32084,0.32239,0.31856,0.31931,124578257.0
1735531200000,0.3193,0.32157,0.31674,0.31679,118986838.0
1735534800000,0.31678,0.31855,0.31534,0.31744,104140882.0
1735538400000,0.31743,0.322,0.31739,0.32114,167686354.0
1735542000000,0.32114,0.32176,0.31772,0.32025,137832773.0
1735545600000,0.32026,0.32258,0.31947,0.32108,156213182.0
1735549200000,0.32108,0.32285,0.32015,0.32158,151273867.0
1735552800000,0.32159,0.32218,0.31925,0.31961,109567925.0
1735556400000,0.31961,0.32213,0.31814,0.32083,143967519.0
1735560000000,0.32083,0.32319,0.32041,0.32082,148133913.0
1735563600000,0.32082,0.32147,0.3123,0.31266,375648882.0
1735567200000,0.31267,0.31531,0.30934,0.31019,459638127.0
1735570800000,0.3102,0.31245,0.30654,0.31075,484682406.0
1735574400000,0.31074,0.31154,0.30705,0.30869,204924845.0
1735578000000,0.30868,0.32054,0.30854,0.31749,486891831.0
1735581600000,0.31749,0.31968,0.31617,0.31883,237784606.0
1735585200000,0.31882,0.31985,0.3173,0.31983,142930192.0
1735588800000,0.31983,0.32258,0.31982,0.32076,202010015.0
1735592400000,0.32076,0.3208,0.31001,0.31083,393085305.0
1735596000000,0.31082,0.31483,0.3105,0.31356,161532908.0
1735599600000,0.31356,0.31429,0.31177,0.31382,114836620.0
1735603200000,0.31382,0.31519,0.31198,0.31223,135197480.0
1735606800000,0.31223,0.31347,0.31006,0.31252,181538638.0
1735610400000,0.31253,0.31408,0.31131,0.31249,119034581.0
1735614000000,0.3125,0.31295,0.31047,0.31138,120213939.0
1735617600000,0.31138,0.31352,0.3095,0.30993,120313154.0
1735621200000,0.30993,0.31205,0.30909,0.31059,101065713.0
1735624800000,0.31059,0.31331,0.30975,0.31139,159668594.0
1735628400000,0.31139,0.31249,0.31124,0.31207,72742928.0
1735632000000,0.31209,0.3215,0.31194,0.3167,429205358.0
1735635600000,0.3167,0.31888,0.31586,0.3181,145191673.0
1735639200000,0.31811,0.32016,0.31633,0.31907,150753415.0
1735642800000,0.31907,0.32006,0.31852,0.31971,81337681.0
1735646400000,0.31972,0.32231,0.31939,0.31946,206120856.0
1735650000000,0.31946,0.3265,0.31944,0.32448,419742390.0
1735653600000,0.32449,0.3289,0.32449,0.32631,337901416.0
1735657200000,0.32632,0.32827,0.32388,0.32745,277237875.0
1735660800000,0.32745,0.32792,0.32346,0.32525,271251962.0
1735664400000,0.32525,0.32546,0.31501,0.31913,526019070.0
1735668000000,0.31912,0.32034,0.31705,0.31745,184375498.0
1735671600000,0.31746,0.31887,0.31665,0.31811,88456652.0
1735675200000,0.3181,0.31895,0.31574,0.31665,120349937.0
1735678800000,0.31665,0.31794,0.31542,0.31767,102622543.0
1735682400000,0.31767,0.31809,0.315,0.31594,86041108.0
1735686000000,0.31593,0.31704,0.31508,0.31582,101751960.0
1735689600000,0.31582,0.32145,0.3154,0.32111,179039081.0
1735693200000,0.3211,0.32112,0.31794,0.31829,114354673.0
1735696800000,0.3183,0.31993,0.31803,0.31987,75200812.0
1735700400000,0.31988,0.32,0.31837,0.31876,57196418.0
1735704000000,0.31877,0.31906,0.31601,0.31611,103822864.0
1735707600000,0.3161,0.3183,0.31602,0.31755,73360814.0
1735711200000,0.31756,0.31843,0.31645,0.31818,67372949.0
1735714800000,0.31818,0.31828,0.31602,0.31665,93294524.0
1735718400000,0.31665,0.31712,0.31362,0.31387,149457996.0
1735722000000,0.31388,0.3147,0.3118,0.31354,200124177.0
1735725600000,0.31355,0.31525,0.31355,0.31417,103379140.0
1735729200000,0.31418,0.31682,0.31355,0.31603,125412388.0
1735732800000,0.31602,0.31845,0.3158,0.31757,131799852.0
1735736400000,0.31757,0.31831,0.31633,0.31784,110738406.0
1735740000000,0.31784,0.31975,0.31592,0.31798,203049381.0
1735743600000,0.31799,0.32062,0.31711,0.32024,129883180.0
1735747200000,0.32024,0.32077,0.31811,0.31928,135192787.0
1735750800000,0.31929,0.32031,0.31704,0.31996,103078750.0
1735754400000,0.31997,0.32524,0.31887,0.3245,168099568.0
1735758000000,0.3245,0.32595,0.32162,0.3248,233056272.0
1735761600000,0.32481,0.3259,0.32412,0.32523,128134899.0
1735765200000,0.32523,0.32741,0.324,0.32688,182209835.0
1735768800000,0.32687,0.327,0.32485,0.32605,82625250.0
1735772400000,0.32606,0.32648,0.32434,0.32504,105045274.0
1735776000000,0.32505,0.3388,0.3245,0.33381,795762597.0
1735779600000,0.33381,0.33512,0.33026,0.33175,230374315.0
1735783200000,0.33174,0.33319,0.33002,0.33315,201880332.0
1735786800000,0.33314,0.33372,0.33091,0.33131,131532099.0
1735790400000,0.33132,0.33556,0.33124,0.33384,173933897.0
1735794000000,0.33385,0.33422,0.33105,0.33159,143604643.0
1735797600000,0.33159,0.33227,0.32924,0.33129,162044790.0
1735801200000,0.3313,0.33475,0.33055,0.33425,213351665.0
1735804800000,0.33425,0.33687,0.33335,0.33667,174137943.0
1735808400000,0.33666,0.34074,0.33563,0.3398,265906940.0
1735812000000,0.33978,0.34483,0.33837,0.3442,439175175.0
1735815600000,0.34419,0.3445,0.34039,0.34207,283049322.0
1735819200000,0.34207,0.34408,0.34032,0.34158,264867554.0
1735822800000,0.34159,0.34183,0.33767,0.33824,267144082.0
1735826400000,0.33824,0.3427,0.33533,0.34065,542151315.0
1735830000000,0.34064,0.3412,0.3358,0.33689,278013845.0
1735833600000,0.33689,0.3402,0.33414,0.33893,270417093.0
1735837200000,0.33893,0.34037,0.33474,0.33733,220307038.0
1735840800000,0.33732,0.33885,0.33599,0.33868,98787320.0
1735844400000,0.33868,0.3399,0.33798,0.33864,88191703.0
1735848000000,0.33865,0.34021,0.33714,0.33727,87512235.0
1735851600000,0.33726,0.33768,0.33616,0.33736,55085873.0
1735855200000,0.33736,0.33875,0.3345,0.33813,98716255.0
1735858800000,0.33813,0.33963,0.33726,0.33879,83600806.0
1735862400000,0.3388,0.33964,0.3372,0.33765,85961345.0
1735866000000,0.33764,0.33933,0.33575,0.33932,110211431.0
1735869600000,0.33932,0.34265,0.33862,0.34002,183260676.0
1735873200000,0.34003,0.34187,0.33901,0.34169,135680158.0
1735876800000,0.3417,0.34172,0.3384,0.33886,95201450.0
1735880400000,0.33887,0.33947,0.33737,0.33921,113315975.0
1735884000000,0.33921,0.34195,0.33837,0.33849,153210121.0
1735887600000,0.33849,0.33871,0.33552,0.33663,208011389.0
1735891200000,0.33664,0.33869,0.3358,0.33725,139427285.0
1735894800000,0.33724,0.34093,0.33717,0.33989,161531099.0
1735898400000,0.33987,0.3412,0.33894,0.33981,129290053.0
1735902000000,0.33981,0.3495,0.33981,0.3486,568532489.0
1735905600000,0.34861,0.35272,0.34767,0.3508,707261316.0
1735909200000,0.3508,0.36545,0.35061,0.36246,1330178579.0
1735912800000,0.36246,0.3652,0.35913,0.36266,455519355.0
1735916400000,0.36268,0.369,0.36103,0.36596,602569835.0
1735920000000,0.36595,0.38151,0.3644,0.37249,995846446.0
1735923600000,0.37249,0.38027,0.3724,0.37552,463602436.0
1735927200000,0.37552,0.37983,0.37527,0.37939,227348449.0
1735930800000,0.37939,0.3829,0.37638,0.37946,361991321.0
1735934400000,0.37946,0.37984,0.37379,0.37688,276712161.0
1735938000000,0.37688,0.388,0.3765,0.3864,481693361.0
1735941600000,0.38641,0.3894,0.38238,0.38317,281454943.0
1735945200000,0.38317,0.3843,0.37832,0.37981,273252378.0
1735948800000,0.37981,0.38425,0.37883,0.38027,327847144.0
1735952400000,0.38026,0.38249,0.37702,0.38042,267503693.0
1735956000000,0.38042,0.3834,0.37788,0.38307,216110773.0
1735959600000,0.38307,0.395,0.38303,0.39189,787854222.0
1735963200000,0.39189,0.39194,0.38414,0.38718,394908665.0
1735966800000,0.38717,0.39499,0.38713,0.38916,491559995.0
1735970400000,0.38916,0.39052,0.38575,0.38794,302966781.0
1735974000000,0.38795,0.39087,0.38666,0.38782,270389491.0
1735977600000,0.38783,0.388,0.38286,0.38399,347575813.0
1735981200000,0.38399,0.38836,0.38372,0.38817,150876967.0
1735984800000,0.38816,0.38999,0.38528,0.3884,248918786.0
1735988400000,0.38841,0.39178,0.3878,0.39161,197939234.0
1735992000000,0.39162,0.39165,0.38726,0.38897,210389262.0
1735995600000,0.38896,0.39448,0.38806,0.39362,343037251.0
1735999200000,0.39361,0.39476,0.39056,0.39199,242691468.0
1736002800000,0.392,0.392,0.37632,0.37921,899860574.0
1736006400000,0.37922,0.38307,0.379,0.38185,352895438.0
1736010000000,0.38185,0.38509,0.38104,0.38457,201719575.0
1736013600000,0.38457,0.3851,0.38151,0.38235,150150560.0
1736017200000,0.38236,0.3846,0.38236,0.38389,81669690.0
1736020800000,0.38389,0.38805,0.38312,0.38691,162900812.0
1736024400000,0.38691,0.3928,0.38661,0.39073,306889858.0
1736028000000,0.39074,0.39864,0.38895,0.39608,388848036.0
1736031600000,0.39609,0.39621,0.39235,0.39467,271185509.0
1736035200000,0.39466,0.39773,0.39181,0.39219,287317964.0
1736038800000,0.39219,0.39392,0.38904,0.39121,238321563.0
1736042400000,0.3912,0.39266,0.3892,0.38994,136491437.0
1736046000000,0.38994,0.39018,0.38755,0.38854,136512850.0
1736049600000,0.38854,0.39185,0.38792,0.39134,207242760.0
1736053200000,0.39134,0.39165,0.3887,0.38935,90271575.0
1736056800000,0.38935,0.39175,0.38779,0.38985,171422912.0
1736060400000,0.38985,0.39102,0.38857,0.38964,82959320.0
1736064000000,0.38964,0.38972,0.38222,0.38606,406987753.0
1736067600000,0.38605,0.38668,0.38229,0.38287,178757304.0
1736071200000,0.38286,0.38401,0.38111,0.38316,195043769.0
1736074800000,0.38317,0.38549,0.38208,0.38217,165301282.0
1736078400000,0.38217,0.38297,0.38023,0.38111,207624827.0
1736082000000,0.3811,0.38336,0.37868,0.37913,204969611.0
1736085600000,0.37914,0.3832,0.37512,0.38166,528735979.0
1736089200000,0.38166,0.38548,0.38055,0.38345,269662605.0
1736092800000,0.38346,0.38487,0.38126,0.38254,150088050.0
1736096400000,0.38255,0.38329,0.38011,0.38092,114212793.0
1736100000000,0.38091,0.38213,0.37784,0.38193,194622138.0
1736103600000,0.38193,0.38318,0.38107,0.382,92220161.0
1736107200000,0.38199,0.384,0.38036,0.38115,124338516.0
1736110800000,0.38115,0.38337,0.38108,0.38226,77201257.0
1736114400000,0.38225,0.38421,0.3809,0.38334,87553070.0
1736118000000,0.38334,0.38489,0.38091,0.38219,121387356.0
1736121600000,0.3822,0.38313,0.37841,0.37879,188746429.0
1736125200000,0.37879,0.38422,0.3758,0.38288,293729986.0
1736128800000,0.38288,0.38952,0.38219,0.38496,493416806.0
1736132400000,0.38497,0.38763,0.38361,0.38575,165095306.0
1736136000000,0.38576,0.3878,0.38562,0.38756,128389753.0
1736139600000,0.38757,0.38855,0.38609,0.38659,142259831.0
1736143200000,0.3866,0.38771,0.38248,0.38396,216050488.0
1736146800000,0.38395,0.38485,0.3795,0.38295,275790868.0
1736150400000,0.38295,0.3847,0.38101,0.38243,181697411.0
1736154000000,0.38243,0.3855,0.3824,0.38549,116388494.0
1736157600000,0.38549,0.38678,0.3836,0.38509,170265666.0
1736161200000,0.38509,0.38833,0.3843,0.38667,186333517.0
1736164800000,0.38667,0.38777,0.38463,0.3849,140948082.0
1736168400000,0.3849,0.3866,0.38235,0.38592,183848011.0
1736172000000,0.38592,0.39319,0.38173,0.39033,652812640.0
1736175600000,0.39035,0.39199,0.38791,0.38947,530140471.0
1736179200000,0.38948,0.39556,0.38634,0.38974,582064563.0
1736182800000,0.38974,0.38974,0.38402,0.38762,294457337.0
1736186400000,0.38762,0.39048,0.38607,0.38884,175304832.0
1736190000000,0.38884,0.39099,0.38812,0.38891,112799144.0
1736193600000,0.38891,0.3907,0.38728,0.38842,102982605.0
1736197200000,0.38842,0.38932,0.3857,0.38643,105472293.0
1736200800000,0.38643,0.38855,0.38605,0.38759,76820711.0
1736204400000,0.38759,0.38795,0.38503,0.38767,95423351.0
1736208000000,0.38768,0.39121,0.3858,0.38856,161550153.0
1736211600000,0.38856,0.39621,0.38631,0.39571,367765857.0
1736215200000,0.3957,0.3983,0.39095,0.39126,413363746.0
1736218800000,0.39125,0.39266,0.38955,0.39174,157467517.0
1736222400000,0.39173,0.3934,0.39062,0.39075,113961941.0
1736226000000,0.39075,0.39186,0.38889,0.39041,138873825.0
1736229600000,0.3904,0.3925,0.38931,0.39052,125835820.0
1736233200000,0.39052,0.39257,0.39012,0.39156,122679949.0
1736236800000,0.39156,0.39719,0.39147,0.3964,274193702.0
1736240400000,0.39641,0.39695,0.39314,0.3936,246722084.0
1736244000000,0.3936,0.39368,0.3913,0.39145,163231774.0
1736247600000,0.39145,0.3929,0.38208,0.38496,517123912.0
1736251200000,0.38497,0.38646,0.38328,0.38585,232027619.0
1736254800000,0.38585,0.3879,0.3854,0.3864,154973077.0
1736258400000,0.3864,0.38766,0.37314,0.38008,499750449.0
1736262000000,0.38008,0.38088,0.35667,0.36377,2675990398.0
1736265600000,0.36377,0.36917,0.36087,0.36631,624864216.0
1736269200000,0.36632,0.36732,0.35781,0.36297,601234998.0
1736272800000,0.36296,0.36492,0.3512,0.3554,927400599.0
1736276400000,0.3554,0.35728,0.35043,0.3538,497309736.0
1736280000000,0.3538,0.35563,0.34649,0.35209,751312569.0
1736283600000,0.35209,0.35492,0.34751,0.34823,418643661.0
1736287200000,0.34823,0.3525,0.34718,0.3521,223216932.0
1736290800000,0.35209,0.35209,0.34754,0.3478,241978766.0
1736294400000,0.3478,0.35355,0.34765,0.35328,315991874.0
1736298000000,0.35329,0.35329,0.34551,0.34966,308461242.0
1736301600000,0.34966,0.35257,0.3483,0.34884,278777811.0
1736305200000,0.34885,0.35465,0.34488,0.35432,718409936.0
1736308800000,0.35432,0.3555,0.349,0.34971,420878465.0
1736312400000,0.34972,0.35293,0.34801,0.34886,247649118.0
1736316000000,0.34886,0.35056,0.34029,0.34079,697676848.0
1736319600000,0.34078,0.34561,0.33882,0.3443,447844772.0
1736323200000,0.3443,0.35213,0.34423,0.34964,298029895.0
1736326800000,0.34963,0.35153,0.34563,0.34572,209981920.0
1736330400000,0.34571,0.34999,0.34563,0.34908,161939437.0
1736334000000,0.34908,0.35019,0.34402,0.34658,298646070.0
1736337600000,0.34658,0.34848,0.34142,0.34171,354422570.0
1736341200000,0.34171,0.3496,0.34171,0.34623,377964831.0
1736344800000,0.34623,0.35352,0.34498,0.34808,418257513.0
1736348400000,0.34809,0.35231,0.343,0.34628,399175123.0
1736352000000,0.34627,0.34636,0.33726,0.33857,416216753.0
1736355600000,0.33856,0.3395,0.32434,0.334,1660164702.0
1736359200000,0.334,0.34325,0.33319,0.33596,634038262.0
1736362800000,0.33595,0.33961,0.33401,0.33552,342910299.0
1736366400000,0.33552,0.33741,0.33306,0.33614,177829376.0
1736370000000,0.33613,0.33716,0.33303,0.33632,203921434.0
1736373600000,0.33631,0.34484,0.33625,0.34381,265931338.0
1736377200000,0.34381,0.34384,0.34097,0.34206,113673440.0
1736380800000,0.34206,0.34399,0.3405,0.34386,142762029.0
1736384400000,0.34385,0.34669,0.34224,0.34245,219081737.0
1736388000000,0.34245,0.34336,0.33708,0.34162,338510717.0
1736391600000,0.34166,0.34197,0.33772,0.33807,131232392.0
1736395200000,0.33808,0.34061,0.3375,0.34003,141512361.0
1736398800000,0.34002,0.34039,0.33809,0.33844,72276374.0
1736402400000,0.33844,0.33971,0.33638,0.33667,149849472.0
1736406000000,0.33668,0.33786,0.33018,0.3317,453468943.0
1736409600000,0.33169,0.33549,0.33067,0.33334,296019567.0
1736413200000,0.33335,0.33518,0.33288,0.33383,117548967.0
1736416800000,0.33382,0.33428,0.32551,0.33014,581489316.0
1736420400000,0.33014,0.33375,0.32841,0.33005,272523855.0
1736424000000,0.33005,0.3321,0.328,0.32886,199375875.0
1736427600000,0.32886,0.33031,0.31781,0.31879,690596693.0
1736431200000,0.31878,0.32427,0.31745,0.32203,649328130.0
1736434800000,0.32202,0.33552,0.32021,0.33291,662355806.0
1736438400000,0.33292,0.33494,0.32769,0.33009,544341258.0
1736442000000,0.33009,0.33059,0.318,0.32031,708295726.0
1736445600000,0.32032,0.32455,0.31948,0.32266,351458574.0
1736449200000,0.32264,0.32334,0.31541,0.31663,320059479.0
1736452800000,0.31663,0.31951,0.31406,0.31749,430394309.0
1736456400000,0.31749,0.32037,0.316,0.31733,222975908.0
1736460000000,0.31733,0.32346,0.31679,0.32118,186499737.0
1736463600000,0.32118,0.32188,0.31931,0.32071,125228040.0
1736467200000,0.3207,0.32423,0.32063,0.32322,178035372.0
1736470800000,0.32322,0.32448,0.32128,0.32392,175420232.0
1736474400000,0.32392,0.32736,0.32339,0.32558,164897968.0
1736478000000,0.32559,0.3282,0.32546,0.32741,135912749.0
1736481600000,0.32741,0.32919,0.32617,0.32715,148144812.0
1736485200000,0.32716,0.33159,0.32534,0.32906,214491334.0
1736488800000,0.32905,0.333,0.32842,0.33289,194262215.0
1736492400000,0.33289,0.33927,0.33116,0.33538,431279043.0
1736496000000,0.33537,0.33778,0.33476,0.33607,210535083.0
1736499600000,0.33608,0.33756,0.33469,0.33599,137543396.0
1736503200000,0.33599,0.33816,0.3342,0.33758,155474092.0
1736506800000,0.33759,0.33783,0.33443,0.33596,198997092.0
1736510400000,0.33597,0.3365,0.3325,0.33532,189752520.0
1736514000000,0.33532,0.3358,0.32171,0.32632,1074548231.0
1736517600000,0.32629,0.3335,0.32508,0.32858,595946893.0
1736521200000,0.32858,0.33195,0.32228,0.32826,562753472.0
1736524800000,0.32827,0.32915,0.3242,0.32585,303046207.0
1736528400000,0.32585,0.33955,0.32478,0.33776,401907823.0
1736532000000,0.33776,0.33825,0.33247,0.33346,402166330.0
1736535600000,0.33347,0.33544,0.3311,0.3349,147667395.0
1736539200000,0.3349,0.33534,0.33134,0.33294,163073000.0
1736542800000,0.33294,0.33422,0.33197,0.33222,88640686.0
1736546400000,0.33222,0.33533,0.33121,0.33431,121391778.0
1736550000000,0.33432,0.33513,0.33322,0.33364,64070321.0
1736553600000,0.33365,0.3343,0.33155,0.33414,89424500.0
1736557200000,0.33414,0.33497,0.3321,0.33311,71002452.0
1736560800000,0.3331,0.33453,0.33206,0.33368,95946947.0
1736564400000,0.33368,0.33373,0.33071,0.33184,96136473.0
1736568000000,0.33183,0.33265,0.32941,0.3307,133642578.0
1736571600000,0.3307,0.33271,0.32989,0.33256,73174754.0
1736575200000,0.33256,0.33412,0.33155,0.33156,91886652.0
1736578800000,0.33155,0.33263,0.33042,0.33166,67572411.0
1736582400000,0.33165,0.33298,0.33028,0.33123,85176537.0
1736586000000,0.33122,0.33398,0.3312,0.33395,95292197.0
1736589600000,0.33396,0.33668,0.33336,0.3362,157698361.0
1736593200000,0.33621,0.33949,0.33535,0.33762,243315246.0
1736596800000,0.33762,0.33835,0.33654,0.33698,108125316.0
1736600400000,0.33698,0.3374,0.33397,0.33517,127425789.0
1736604000000,0.33517,0.337,0.33372,0.33646,114249037.0
1736607600000,0.33646,0.33694,0.33395,0.33457,88798996.0
1736611200000,0.33458,0.33685,0.33265,0.33603,206303452.0
1736614800000,0.33603,0.33613,0.33339,0.33509,109107049.0
1736618400000,0.33509,0.33647,0.33438,0.33623,93324144.0
1736622000000,0.33623,0.33849,0.33554,0.33824,117636966.0
1736625600000,0.33824,0.34349,0.33736,0.34317,235101699.0
1736629200000,0.34317,0.34792,0.34269,0.34765,291403427.0
1736632800000,0.34765,0.34785,0.34031,0.34093,205035228.0
1736636400000,0.34094,0.34277,0.34036,0.341,136084133.0
1736640000000,0.341,0.34132,0.33808,0.3384,127289060.0
1736643600000,0.33841,0.34068,0.33729,0.34068,137012296.0
1736647200000,0.34068,0.34082,0.33874,0.34039,76675535.0
1736650800000,0.3404,0.34079,0.33832,0.34057,103625698.0
1736654400000,0.34058,0.34331,0.34018,0.34195,112823180.0
1736658000000,0.34195,0.34266,0.34083,0.34121,67392065.0
1736661600000,0.34121,0.34165,0.33892,0.3392,95830217.0
1736665200000,0.33919,0.34075,0.33776,0.33993,99620309.0
1736668800000,0.33994,0.34048,0.33592,0.33671,157335453.0
1736672400000,0.33672,0.33742,0.33412,0.33547,175665025.0
1736676000000,0.33547,0.33642,0.334,0.3356,120459389.0
1736679600000,0.33561,0.33744,0.33514,0.33598,92048635.0
1736683200000,0.33598,0.33853,0.33491,0.33604,155931065.0
1736686800000,0.33604,0.3385,0.33549,0.3376,120370556.0
1736690400000,0.33761,0.33986,0.3373,0.33815,155646226.0
1736694000000,0.33816,0.34234,0.3375,0.34032,202383079.0
1736697600000,0.34033,0.34106,0.33786,0.34012,120653686.0
1736701200000,0.34012,0.34122,0.33875,0.34048,87817440.0
1736704800000,0.34047,0.34188,0.33852,0.3389,89934972.0
1736708400000,0.3389,0.34006,0.33807,0.3395,71656616.0
1736712000000,0.33951,0.34063,0.33732,0.33826,66678263.0
1736715600000,0.33827,0.33887,0.335,0.33544,196435615.0
1736719200000,0.33544,0.33555,0.3315,0.33343,218571149.0
1736722800000,0.33343,0.33619,0.33331,0.33573,117711671.0
1736726400000,0.33574,0.34606,0.33519,0.3413,455950758.0
1736730000000,0.34129,0.34221,0.33473,0.33569,293412267.0
1736733600000,0.33568,0.33645,0.33128,0.33339,305055476.0
1736737200000,0.33339,0.335,0.33038,0.33199,202189258.0
1736740800000,0.33199,0.33571,0.33128,0.33274,154254338.0
1736744400000,0.33274,0.33313,0.32744,0.32945,232243446.0
1736748000000,0.32946,0.33109,0.32534,0.32675,298959778.0
1736751600000,0.32675,0.32961,0.32562,0.32828,192530597.0
1736755200000,0.32829,0.32856,0.323,0.32519,287539658.0
1736758800000,0.32519,0.32645,0.32196,0.32411,372690295.0
1736762400000,0.32411,0.32442,0.31908,0.32012,425953204.0
1736766000000,0.32013,0.32135,0.31501,0.31519,431050353.0
1736769600000,0.31517,0.3194,0.31471,0.31676,460042145.0
1736773200000,0.31677,0.32268,0.31584,0.31876,403692317.0
1736776800000,0.31876,0.32538,0.30834,0.3218,1094973155.0
1736780400000,0.32181,0.3278,0.3205,0.32446,525194713.0
1736784000000,0.32446,0.32832,0.32072,0.32099,392897843.0
1736787600000,0.32099,0.32518,0.31948,0.32089,240913689.0
1736791200000,0.32089,0.32377,0.31841,0.32185,304020591.0
1736794800000,0.32184,0.32646,0.32117,0.3251,252454480.0
1736798400000,0.3251,0.3344,0.32377,0.3334,299265614.0
1736802000000,0.3334,0.33587,0.3323,0.33567,289664828.0
1736805600000,0.33567,0.3378,0.33456,0.33738,211144176.0
1736809200000,0.33738,0.33887,0.33624,0.33791,125090874.0
1736812800000,0.3379,0.34021,0.33567,0.34018,248314546.0
1736816400000,0.34017,0.34524,0.34015,0.34094,331392232.0
1736820000000,0.34094,0.34367,0.33917,0.34216,228472732.0
1736823600000,0.34216,0.34482,0.34151,0.34354,181245064.0
1736827200000,0.34353,0.34454,0.34202,0.34352,153887879.0
1736830800000,0.34351,0.34614,0.34182,0.34216,232184282.0
1736834400000,0.34217,0.34439,0.34104,0.34438,171032065.0
1736838000000,0.34438,0.34511,0.34247,0.3426,119394424.0
1736841600000,0.3426,0.34577,0.34256,0.34414,184615275.0
1736845200000,0.34415,0.35542,0.34389,0.35402,552207072.0
1736848800000,0.35403,0.3542,0.34933,0.35174,363245922.0
1736852400000,0.35174,0.35242,0.34764,0.34884,213173671.0
1736856000000,0.34884,0.3498,0.34492,0.34667,270041431.0
1736859600000,0.34667,0.35351,0.34571,0.34993,435381729.0
1736863200000,0.34993,0.3544,0.34862,0.35063,323289606.0
1736866800000,0.35063,0.35379,0.35012,0.35286,209343242.0
1736870400000,0.35285,0.35291,0.3485,0.35061,300233535.0
1736874000000,0.3506,0.35726,0.34969,0.35665,294171531.0
1736877600000,0.35665,0.36209,0.35508,0.35913,355517389.0
1736881200000,0.35913,0.35924,0.35412,0.35431,206263621.0
1736884800000,0.3543,0.35664,0.35166,0.35632,212754362.0
1736888400000,0.35633,0.35801,0.35518,0.35679,108760887.0
1736892000000,0.35679,0.3592,0.35585,0.35791,105036765.0
1736895600000,0.35791,0.35826,0.3553,0.35579,206753231.0
1736899200000,0.35579,0.35909,0.35427,0.35891,175538793.0
1736902800000,0.35891,0.3623,0.35717,0.36035,324584089.0
1736906400000,0.36035,0.364,0.359,0.36063,283207743.0
1736910000000,0.36063,0.36341,0.35968,0.36302,160066717.0
1736913600000,0.36302,0.36518,0.3609,0.36169,244096181.0
1736917200000,0.3617,0.36172,0.35808,0.36071,238141537.0
1736920800000,0.36071,0.36135,0.35838,0.36044,128766367.0
1736924400000,0.36045,0.36331,0.35924,0.36076,210966386.0
1736928000000,0.36077,0.36251,0.35941,0.35957,170353090.0
1736931600000,0.35957,0.36061,0.35213,0.35297,420663042.0
1736935200000,0.35297,0.356,0.35297,0.35409,189825329.0
1736938800000,0.35409,0.35445,0.34862,0.35174,322887118.0
1736942400000,0.35174,0.3528,0.34817,0.35121,226156844.0
1736946000000,0.35121,0.36969,0.35113,0.36723,1203128437.0
1736949600000,0.36722,0.36873,0.36201,0.36752,603896200.0
1736953200000,0.36752,0.37802,0.36631,0.37096,815871458.0
1736956800000,0.37096,0.37474,0.37082,0.37207,352971510.0
1736960400000,0.37206,0.37342,0.36811,0.36844,247422699.0
1736964000000,0.36845,0.37435,0.36841,0.37433,162790180.0
1736967600000,0.37432,0.37769,0.37386,0.37695,198699905.0
1736971200000,0.37695,0.37877,0.37428,0.37494,326748960.0
1736974800000,0.37494,0.3785,0.37432,0.37677,127039784.0
1736978400000,0.37677,0.38251,0.37612,0.38027,231305090.0
1736982000000,0.38028,0.38762,0.3795,0.38509,322805299.0
1736985600000,0.38509,0.38736,0.37317,0.37635,543905616.0
1736989200000,0.37636,0.37981,0.37561,0.37906,178793431.0
1736992800000,0.37906,0.37906,0.3753,0.37696,140644530.0
1736996400000,0.37696,0.37838,0.37367,0.37568,169782392.0
1737000000000,0.37568,0.37769,0.37547,0.37752,84504506.0
1737003600000,0.37752,0.37752,0.37536,0.37603,71998042.0
1737007200000,0.37603,0.3806,0.37509,0.38054,165519101.0
1737010800000,0.38055,0.38066,0.37808,0.37963,144391490.0
1737014400000,0.37964,0.38029,0.36743,0.3701,600478927.0
1737018000000,0.37009,0.37424,0.36817,0.37408,291988077.0
1737021600000,0.37408,0.376,0.37346,0.37477,176029926.0
1737025200000,0.37478,0.37815,0.37324,0.37746,348970080.0
1737028800000,0.37746,0.38663,0.37575,0.3849,562358562.0
1737032400000,0.38491,0.38577,0.37452,0.37816,599376470.0
1737036000000,0.37815,0.38228,0.3681,0.37263,864323934.0
1737039600000,0.37263,0.38163,0.37166,0.38141,485054223.0
1737043200000,0.38139,0.38583,0.38076,0.38401,473547738.0
1737046800000,0.384,0.3898,0.38211,0.38791,413795999.0
1737050400000,0.38791,0.39021,0.38238,0.38364,281271446.0
1737054000000,0.38364,0.38657,0.38236,0.38631,130423692.0
1737057600000,0.38631,0.38728,0.38207,0.38394,138337289.0
1737061200000,0.38394,0.38414,0.37871,0.38076,199374929.0
1737064800000,0.38077,0.38139,0.37408,0.37595,234884939.0
1737068400000,0.37594,0.37815,0.37485,0.37632,156589588.0
1737072000000,0.37632,0.37856,0.37534,0.37725,147032165.0
1737075600000,0.37725,0.38596,0.37687,0.38463,307910874.0
1737079200000,0.38464,0.38945,0.38347,0.38531,330995223.0
1737082800000,0.38531,0.38789,0.38452,0.3854,156449006.0
1737086400000,0.38539,0.38746,0.38356,0.3865,148671817.0
1737090000000,0.3865,0.38864,0.38587,0.38618,205931905.0
1737093600000,0.38618,0.3869,0.38475,0.3865,117440810.0
1737097200000,0.38649,0.39559,0.38588,0.39536,447681852.0
1737100800000,0.39534,0.4179,0.39528,0.41443,1741847714.0
1737104400000,0.41444,0.41926,0.40812,0.41065,935351602.0
1737108000000,0.41066,0.41585,0.40886,0.41439,350215096.0
1737111600000,0.41438,0.41715,0.41103,0.41124,302628259.0
1737115200000,0.41124,0.41438,0.40905,0.41,313370847.0
1737118800000,0.40999,0.41186,0.40336,0.40486,438119650.0
1737122400000,0.40486,0.41499,0.40482,0.41306,511059964.0
1737126000000,0.41305,0.41542,0.407,0.41288,539155679.0
1737129600000,0.41288,0.4219,0.40969,0.4156,668128590.0
1737133200000,0.4156,0.41875,0.41059,0.41098,403634328.0
1737136800000,0.41098,0.41384,0.4085,0.40887,214453976.0
1737140400000,0.40887,0.4168,0.40887,0.41619,215329299.0
1737144000000,0.4162,0.4186,0.41433,0.41719,269803072.0
1737147600000,0.41718,0.41853,0.4126,0.41448,202850318.0
1737151200000,0.41448,0.415,0.41,0.41107,139105763.0
1737154800000,0.41107,0.41621,0.41003,0.41512,142226656.0
1737158400000,0.41512,0.43298,0.41481,0.43038,975918770.0
1737162000000,0.43037,0.434,0.42215,0.42327,584275528.0
1737165600000,0.42328,0.42728,0.42216,0.42726,268109986.0
1737169200000,0.42725,0.42948,0.40482,0.41125,1005813932.0
1737172800000,0.41124,0.41322,0.397,0.40216,756879061.0
1737176400000,0.40215,0.40607,0.383,0.38752,1026518621.0
1737180000000,0.3875,0.40322,0.3872,0.40029,723249396.0
1737183600000,0.4003,0.40189,0.39287,0.39506,448221876.0
1737187200000,0.39506,0.40098,0.38827,0.39898,607100099.0
1737190800000,0.39899,0.40233,0.39521,0.39791,372998311.0
1737194400000,0.39791,0.4,0.39041,0.39628,418359242.0
1737198000000,0.39628,0.40239,0.39434,0.39969,320680348.0
1737201600000,0.3997,0.40082,0.39558,0.39795,214816122.0
1737205200000,0.39795,0.40423,0.39456,0.40419,383305274.0
1737208800000,0.4042,0.40459,0.39657,0.39707,300761146.0
1737212400000,0.39708,0.40285,0.3936,0.39742,396974760.0
1737216000000,0.39742,0.40036,0.38779,0.38843,816028611.0
1737219600000,0.38842,0.39539,0.38839,0.38862,440934853.0
1737223200000,0.38861,0.3941,0.3864,0.39009,401188159.0
1737226800000,0.39008,0.39831,0.39001,0.39656,573886923.0
1737230400000,0.39657,0.3967,0.39018,0.39176,171702886.0
1737234000000,0.39175,0.39509,0.39033,0.39052,116754295.0
1737237600000,0.39052,0.39585,0.39002,0.39213,105577630.0
1737241200000,0.39212,0.3987,0.3919,0.39625,245040320.0
1737244800000,0.39626,0.40281,0.39602,0.39974,374387925.0
1737248400000,0.39973,0.4036,0.39906,0.40148,245386589.0
1737252000000,0.40147,0.40978,0.40143,0.406,335250096.0
1737255600000,0.40601,0.40725,0.39968,0.3999,275497064.0
1737259200000,0.3999,0.40056,0.39069,0.39271,593721598.0
1737262800000,0.39271,0.4002,0.388,0.39782,519292122.0
1737266400000,0.39782,0.40184,0.39514,0.39566,358831194.0
1737270000000,0.39566,0.39694,0.38977,0.39236,704948445.0
1737273600000,0.39236,0.39317,0.37602,0.37719,845425102.0
1737277200000,0.37719,0.37869,0.3641,0.37755,1231952488.0
1737280800000,0.37755,0.37769,0.37003,0.37049,488948056.0
1737284400000,0.37049,0.37247,0.3588,0.36294,852328741.0
1737288000000,0.36293,0.3745,0.36266,0.37396,474991043.0
1737291600000,0.37397,0.37988,0.37048,0.3782,429321425.0
1737295200000,0.37819,0.38897,0.37601,0.38709,803830248.0
1737298800000,0.38709,0.39563,0.38447,0.38803,536267218.0
1737302400000,0.38803,0.39299,0.38524,0.38772,318818417.0
1737306000000,0.38772,0.39443,0.38709,0.39349,182261081.0
1737309600000,0.39348,0.39457,0.39065,0.39392,169788362.0
1737313200000,0.39391,0.39851,0.39135,0.39634,239405777.0
1737316800000,0.39635,0.39968,0.38848,0.3932,348156208.0
1737320400000,0.39321,0.39529,0.37022,0.37026,1161103480.0
1737324000000,0.37027,0.37573,0.35201,0.36687,1226469954.0
1737327600000,0.36687,0.36688,0.34641,0.35822,1324736782.0
1737331200000,0.35823,0.35846,0.3449,0.34691,1156168192.0
1737334800000,0.34692,0.35554,0.34657,0.35122,599152979.0
1737338400000,0.35123,0.36429,0.35038,0.35957,570587393.0
1737342000000,0.35957,0.36648,0.35705,0.36402,323497644.0
1737345600000,0.36402,0.36795,0.35932,0.36332,260545956.0
1737349200000,0.36332,0.36866,0.36069,0.36366,248512566.0
1737352800000,0.36367,0.38431,0.3625,0.37724,990514467.0
1737356400000,0.37723,0.38633,0.37115,0.37607,938238250.0
1737360000000,0.37608,0.38249,0.3756,0.38158,331770152.0
1737363600000,0.38157,0.38379,0.37567,0.37741,324225596.0
1737367200000,0.37741,0.38147,0.37614,0.37844,256016769.0
1737370800000,0.37844,0.38279,0.37468,0.38236,282470697.0
1737374400000,0.38235,0.38278,0.363,0.37,1027053083.0
1737378000000,0.37,0.3737,0.36824,0.37274,347419218.0
1737381600000,0.37273,0.37543,0.37082,0.37505,249219462.0
1737385200000,0.37504,0.37587,0.36556,0.36762,467830473.0
1737388800000,0.36762,0.3757,0.36031,0.37473,488631946.0
1737392400000,0.37472,0.38403,0.34808,0.35583,2444684554.0
1737396000000,0.35578,0.36406,0.35512,0.36334,398524685.0
1737399600000,0.3633,0.36414,0.356,0.35973,408054517.0
1737403200000,0.3597,0.36521,0.35558,0.36334,231099106.0
1737406800000,0.36334,0.36466,0.35256,0.35315,199059940.0
1737410400000,0.35313,0.36139,0.34791,0.35941,334516348.0
1737414000000,0.35942,0.36079,0.35259,0.3544,211728247.0
1737417600000,0.3544,0.35648,0.34265,0.34446,500984896.0
1737421200000,0.34447,0.35083,0.33847,0.34437,564208515.0
1737424800000,0.34437,0.34742,0.33936,0.34726,387866064.0
1737428400000,0.34725,0.34922,0.34391,0.3474,266526615.0
1737432000000,0.34741,0.34745,0.33552,0.34437,444907301.0
1737435600000,0.34437,0.3464,0.33734,0.33857,278499470.0
1737439200000,0.33858,0.34444,0.33616,0.341,338360797.0
1737442800000,0.34099,0.34468,0.33942,0.34225,211928283.0
1737446400000,0.34224,0.34483,0.3386,0.34307,254747196.0
1737450000000,0.34306,0.34739,0.34048,0.34371,273986748.0
1737453600000,0.34372,0.34744,0.34182,0.34572,270216363.0
1737457200000,0.34573,0.40157,0.34444,0.38474,4764267081.0
1737460800000,0.38474,0.39449,0.37576,0.37971,1730894361.0
1737464400000,0.37971,0.38192,0.36466,0.36923,1089041524.0
1737468000000,0.36924,0.38109,0.36617,0.37056,1203595357.0
1737471600000,0.37056,0.37993,0.36756,0.37946,671019897.0
1737475200000,0.37944,0.3857,0.37755,0.38085,703676028.0
1737478800000,0.38086,0.38356,0.37813,0.38322,292385490.0
1737482400000,0.38321,0.38659,0.3815,0.38533,369984275.0
1737486000000,0.38534,0.38584,0.38041,0.3843,199733045.0
1737489600000,0.3843,0.38522,0.38004,0.38303,172986468.0
1737493200000,0.38303,0.38478,0.37381,0.37701,556405723.0
1737496800000,0.37701,0.37941,0.37236,0.37316,237569788.0
1737500400000,0.37317,0.37361,0.369,0.37166,312183834.0
1737504000000,0.37165,0.37351,0.3674,0.37168,239185825.0
1737507600000,0.37167,0.37256,0.367,0.36895,155220631.0
1737511200000,0.36895,0.37203,0.36806,0.37096,124163434.0
1737514800000,0.37097,0.37365,0.37015,0.37133,149659463.0
1737518400000,0.37133,0.37311,0.36835,0.36997,152165786.0
1737522000000,0.36998,0.37134,0.36732,0.36758,119862449.0
1737525600000,0.36758,0.36904,0.36531,0.36723,185202718.0
1737529200000,0.36723,0.36755,0.36331,0.36476,185327775.0
1737532800000,0.36477,0.36559,0.35895,0.36318,377724979.0
1737536400000,0.36318,0.36548,0.3623,0.36381,192902871.0
1737540000000,0.36381,0.36542,0.36193,0.36522,149671752.0
1737543600000,0.36523,0.3675,0.3642,0.36647,192224353.0
1737547200000,0.36648,0.36777,0.36455,0.36596,164958796.0
1737550800000,0.36595,0.36603,0.35993,0.36091,317167591.0
1737554400000,0.36091,0.36387,0.35802,0.36179,326521470.0
1737558000000,0.3618,0.36438,0.3586,0.36028,203857665.0
1737561600000,0.36029,0.36208,0.35717,0.36058,246724111.0
1737565200000,0.36059,0.36336,0.36013,0.36292,176434077.0
1737568800000,0.36292,0.36408,0.35507,0.35581,212519847.0
1737572400000,0.35581,0.3613,0.35581,0.36023,198722078.0
1737576000000,0.36022,0.36217,0.35837,0.35913,117472578.0
1737579600000,0.35913,0.36054,0.35691,0.35895,123787356.0
1737583200000,0.35893,0.37366,0.35695,0.3595,940921388.0
1737586800000,0.3595,0.3642,0.35684,0.36272,340791685.0
1737590400000,0.36271,0.36434,0.35858,0.36033,192953165.0
1737594000000,0.36034,0.36224,0.35541,0.35701,171306171.0
1737597600000,0.35701,0.35732,0.35142,0.35345,331081531.0
1737601200000,0.35345,0.35688,0.35088,0.35172,224569696.0
1737604800000,0.35173,0.35253,0.3482,0.35021,253848595.0
1737608400000,0.35021,0.35316,0.34976,0.35221,135975474.0
1737612000000,0.35221,0.35552,0.35162,0.35272,133640782.0
1737615600000,0.35272,0.35425,0.35063,0.35379,148644056.0
1737619200000,0.35379,0.35382,0.34951,0.34983,134145905.0
1737622800000,0.34983,0.35241,0.34825,0.3493,139462688.0
1737626400000,0.3493,0.35135,0.34631,0.34814,205948645.0
1737630000000,0.34813,0.35007,0.347,0.34846,114595945.0
1737633600000,0.34846,0.34877,0.34536,0.34629,162810306.0
1737637200000,0.34629,0.35147,0.34416,0.35065,267115651.0
1737640800000,0.35064,0.35726,0.34776,0.35519,494759708.0
1737644400000,0.35519,0.35663,0.34803,0.35386,576096193.0
1737648000000,0.35386,0.35976,0.35301,0.35367,434194828.0
1737651600000,0.35366,0.35546,0.34914,0.3544,232470545.0
1737655200000,0.3544,0.3556,0.34949,0.34964,148726255.0
1737658800000,0.34965,0.34997,0.34447,0.34607,242654974.0
1737662400000,0.34606,0.35874,0.345,0.35024,797934262.0
1737666000000,0.35023,0.35123,0.34081,0.34499,390618092.0
1737669600000,0.345,0.35424,0.34437,0.35266,237641192.0
1737673200000,0.35265,0.35431,0.3514,0.35193,122868539.0
1737676800000,0.35193,0.35307,0.34699,0.34744,149022171.0
1737680400000,0.34744,0.35025,0.34516,0.34681,135834750.0
1737684000000,0.34681,0.34788,0.34252,0.34373,178612676.0
1737687600000,0.34372,0.34962,0.34254,0.34752,259845848.0
1737691200000,0.34751,0.35386,0.34612,0.3531,191997619.0
1737694800000,0.35309,0.35734,0.35218,0.35713,262867497.0
1737698400000,0.35713,0.35794,0.35545,0.35665,217290686.0
1737702000000,0.35665,0.35866,0.35565,0.3574,129966823.0
1737705600000,0.3574,0.36183,0.35687,0.35964,244983555.0
1737709200000,0.35964,0.3607,0.3576,0.35838,132252384.0
1737712800000,0.35837,0.36453,0.3576,0.36382,160424139.0
1737716400000,0.36382,0.36397,0.36143,0.36258,124378518.0
1737720000000,0.36258,0.36327,0.36012,0.36228,123037707.0
1737723600000,0.36229,0.36345,0.36042,0.36206,145179830.0
1737727200000,0.36205,0.36329,0.35874,0.36123,204549535.0
1737730800000,0.36122,0.36235,0.3575,0.35987,213172717.0
1737734400000,0.35987,0.36104,0.35801,0.35826,128277754.0
1737738000000,0.35828,0.36117,0.35663,0.36012,157778374.0
1737741600000,0.36012,0.36096,0.35781,0.35848,89347584.0
1737745200000,0.35847,0.35984,0.35671,0.35726,87040967.0
1737748800000,0.35726,0.35819,0.3518,0.35234,219878150.0
1737752400000,0.35234,0.35478,0.35202,0.35257,116047361.0
1737756000000,0.35258,0.3531,0.34916,0.35019,122473938.0
1737759600000,0.3502,0.35079,0.3485,0.35065,121296372.0
1737763200000,0.35065,0.35097,0.34531,0.34531,158328199.0
1737766800000,0.34531,0.35066,0.34529,0.34937,143526545.0
1737770400000,0.34936,0.35058,0.34779,0.34984,94069820.0
1737774000000,0.34984,0.354,0.34903,0.35328,148475883.0
1737777600000,0.35329,0.35331,0.34963,0.34978,90452560.0
1737781200000,0.34978,0.35075,0.34782,0.34974,107413727.0
1737784800000,0.34974,0.35093,0.34783,0.34868,86272352.0
1737788400000,0.34867,0.3494,0.34801,0.34837,63665569.0
1737792000000,0.34837,0.34996,0.34751,0.34826,69671332.0
1737795600000,0.34827,0.34878,0.34611,0.34658,80688428.0
1737799200000,0.34657,0.34855,0.34521,0.34833,117980586.0
1737802800000,0.34832,0.3508,0.34801,0.35026,93966372.0
1737806400000,0.35025,0.35061,0.34895,0.35032,74735814.0
1737810000000,0.35032,0.35107,0.3495,0.35018,71020501.0
1737813600000,0.35019,0.35075,0.3485,0.35049,73806307.0
1737817200000,0.35048,0.36204,0.35042,0.35609,823805997.0
1737820800000,0.35609,0.35859,0.35352,0.35533,173363871.0
1737824400000,0.35533,0.35566,0.35193,0.35478,125570336.0
1737828000000,0.35477,0.35651,0.35421,0.35552,104953883.0
1737831600000,0.35553,0.35746,0.355,0.35615,71046296.0
1737835200000,0.35615,0.3587,0.35608,0.35701,80901703.0
1737838800000,0.35701,0.3592,0.35618,0.359,72094946.0
1737842400000,0.35901,0.35979,0.35618,0.35719,82519195.0
1737846000000,0.3572,0.35767,0.35306,0.35335,105248400.0
1737849600000,0.35335,0.35553,0.3526,0.35408,63251394.0
1737853200000,0.35409,0.35552,0.35355,0.35434,58356210.0
1737856800000,0.35433,0.35436,0.3515,0.35304,85964070.0
1737860400000,0.35306,0.35613,0.35299,0.35457,98963392.0
1737864000000,0.35457,0.3572,0.35411,0.35544,111043457.0
1737867600000,0.35545,0.35573,0.35344,0.35401,62127092.0
1737871200000,0.354,0.35428,0.35307,0.35388,44786190.0
1737874800000,0.35388,0.35496,0.35316,0.35449,52336440.0
1737878400000,0.35449,0.35527,0.35247,0.35327,80289632.0
1737882000000,0.35326,0.35337,0.34969,0.35023,126934895.0
1737885600000,0.35023,0.35104,0.34866,0.3502,101893319.0
1737889200000,0.3502,0.35177,0.34989,0.35156,76633409.0
1737892800000,0.35156,0.35171,0.35021,0.35166,64037443.0
1737896400000,0.35166,0.35208,0.3505,0.3512,52160023.0
1737900000000,0.35119,0.3524,0.34994,0.3517,64334078.0
1737903600000,0.35169,0.3526,0.35057,0.35084,70569697.0
1737907200000,0.35083,0.35186,0.34965,0.35137,65036650.0
1737910800000,0.35137,0.35326,0.35092,0.35284,77694844.0
1737914400000,0.35283,0.35399,0.35216,0.35319,62073691.0
1737918000000,0.35319,0.35343,0.3522,0.35293,34801518.0
1737921600000,0.35294,0.35352,0.35054,0.35087,62062094.0
1737925200000,0.35087,0.351,0.34605,0.34605,155394953.0
1737928800000,0.34605,0.34639,0.34226,0.34344,326332920.0
1737932400000,0.34343,0.34343,0.33459,0.33579,521042617.0
1737936000000,0.33579,0.33689,0.33009,0.33177,459486448.0
1737939600000,0.33178,0.33307,0.32756,0.32915,328512822.0
1737943200000,0.32914,0.32959,0.32468,0.32684,419667993.0
1737946800000,0.32685,0.33129,0.32561,0.32971,288099591.0
1737950400000,0.32971,0.32971,0.32244,0.32314,255368939.0
1737954000000,0.32314,0.32491,0.31854,0.32173,405478583.0
1737957600000,0.32173,0.32286,0.31268,0.3149,594417095.0
1737961200000,0.3149,0.31682,0.30441,0.31496,886690771.0
1737964800000,0.31491,0.31501,0.30772,0.31312,419670719.0
1737968400000,0.31314,0.31696,0.31152,0.31458,358415128.0
1737972000000,0.31458,0.315,0.30806,0.30884,306656054.0
1737975600000,0.30885,0.31572,0.30876,0.31174,293026488.0
1737979200000,0.31175,0.32176,0.31018,0.32041,388414157.0
1737982800000,0.32041,0.32524,0.318,0.3196,552748102.0
1737986400000,0.31959,0.32793,0.3181,0.32662,442555783.0
1737990000000,0.32662,0.32861,0.32359,0.32621,346343484.0
1737993600000,0.32622,0.33058,0.32055,0.32124,465008541.0
1737997200000,0.32123,0.32388,0.31939,0.32047,226310813.0
1738000800000,0.32047,0.32293,0.31701,0.31875,205227093.0
1738004400000,0.31874,0.32304,0.31874,0.32154,146542919.0
1738008000000,0.32155,0.33181,0.32152,0.33031,256785227.0
1738011600000,0.33031,0.33538,0.32831,0.32917,335952598.0
1738015200000,0.32918,0.33275,0.32854,0.33085,117374010.0
1738018800000,0.33085,0.33433,0.33024,0.33377,97050338.0
1738022400000,0.33377,0.33769,0.33133,0.33227,230847399.0
1738026000000,0.33228,0.33461,0.32916,0.33289,159900676.0
1738029600000,0.33288,0.33508,0.33246,0.33428,160474578.0
1738033200000,0.33428,0.33629,0.33246,0.33462,124807328.0
1738036800000,0.33463,0.33889,0.33459,0.33654,140582486.0
1738040400000,0.33655,0.33858,0.33626,0.33668,93236213.0
1738044000000,0.33668,0.33678,0.33369,0.33399,103403717.0
1738047600000,0.33398,0.33612,0.333,0.33416,104033665.0
1738051200000,0.33417,0.3353,0.33271,0.3345,100036062.0
1738054800000,0.33449,0.33469,0.33197,0.33423,113575862.0
1738058400000,0.33423,0.33596,0.3334,0.33413,93824372.0
1738062000000,0.33413,0.33558,0.33213,0.33335,105161260.0
1738065600000,0.33335,0.33466,0.3295,0.33054,171806742.0
1738069200000,0.33053,0.33329,0.33048,0.33161,119028359.0
1738072800000,0.33161,0.3375,0.32809,0.33214,540021228.0
1738076400000,0.33213,0.33676,0.33187,0.333,297113175.0
1738080000000,0.333,0.33335,0.32599,0.32807,275476943.0
1738083600000,0.32807,0.33128,0.32712,0.3281,145205219.0
1738087200000,0.3281,0.32977,0.32337,0.32369,189763694.0
1738090800000,0.32369,0.32626,0.32259,0.32599,131311080.0
1738094400000,0.326,0.32695,0.32008,0.32076,210633517.0
1738098000000,0.32074,0.3268,0.31604,0.31654,444983214.0
1738101600000,0.31654,0.31967,0.315,0.31856,244617455.0
1738105200000,0.31855,0.31971,0.31598,0.31853,153444539.0
1738108800000,0.31852,0.32432,0.31801,0.32254,220785015.0
1738112400000,0.32255,0.32555,0.32247,0.32447,106809315.0
1738116000000,0.32447,0.32871,0.32447,0.32666,137968589.0
1738119600000,0.32666,0.32919,0.32596,0.32765,92112914.0
1738123200000,0.32766,0.32854,0.3263,0.32672,74348830.0
1738126800000,0.32671,0.32825,0.32592,0.32759,54223820.0
1738130400000,0.32759,0.3326,0.32759,0.33235,198301151.0
1738134000000,0.33235,0.33255,0.3308,0.33219,70064654.0
1738137600000,0.33219,0.33355,0.32974,0.33033,108792982.0
1738141200000,0.33033,0.33059,0.32608,0.32625,214515058.0
1738144800000,0.32625,0.32934,0.32502,0.32863,155503494.0
1738148400000,0.32863,0.32963,0.32682,0.32757,108583186.0
1738152000000,0.32757,0.32889,0.32512,0.32559,110294935.0
1738155600000,0.3256,0.32604,0.32191,0.32346,202536726.0
1738159200000,0.32346,0.3261,0.32227,0.32408,184765220.0
1738162800000,0.32409,0.32682,0.32306,0.32421,134671770.0
1738166400000,0.32421,0.32484,0.32163,0.32365,103125108.0
1738170000000,0.32365,0.32709,0.32351,0.32487,84329351.0
1738173600000,0.32487,0.32868,0.32207,0.32767,165786704.0
1738177200000,0.32767,0.33291,0.31635,0.3282,869160646.0
1738180800000,0.32818,0.33469,0.323,0.32981,493322633.0
1738184400000,0.3298,0.3334,0.32684,0.3296,229969964.0
1738188000000,0.3296,0.33073,0.32721,0.32738,90895224.0
1738191600000,0.32738,0.32912,0.32325,0.32388,150813132.0
1738195200000,0.32389,0.32707,0.32183,0.32674,139117745.0
1738198800000,0.32674,0.33178,0.32625,0.32913,148460043.0
1738202400000,0.32913,0.33129,0.32747,0.33129,87926207.0
1738206000000,0.3313,0.33328,0.33034,0.33293,98867654.0
1738209600000,0.33293,0.3336,0.33102,0.33307,94708091.0
1738213200000,0.33308,0.33315,0.33096,0.33214,68120448.0
1738216800000,0.33214,0.33316,0.33073,0.33115,76695875.0
1738220400000,0.33115,0.33224,0.32959,0.33092,84510432.0
1738224000000,0.33093,0.33198,0.32914,0.33041,62603224.0
1738227600000,0.33042,0.33332,0.33031,0.33179,103108428.0
1738231200000,0.33178,0.3321,0.33053,0.33193,64319241.0
1738234800000,0.33193,0.3326,0.33027,0.33215,62550807.0
1738238400000,0.33216,0.33237,0.32968,0.3309,70706972.0
1738242000000,0.3309,0.33743,0.33019,0.33299,228315603.0
1738245600000,0.33298,0.33823,0.33188,0.33693,263399083.0
1738249200000,0.33693,0.3387,0.33503,0.33631,203330949.0
1738252800000,0.33631,0.33706,0.33378,0.33475,134170220.0
1738256400000,0.33475,0.33488,0.33251,0.33376,105202461.0
1738260000000,0.33377,0.33497,0.33189,0.33461,81095708.0
1738263600000,0.3346,0.33518,0.33267,0.33473,102002282.0
1738267200000,0.33472,0.33504,0.3299,0.33084,151738864.0
1738270800000,0.33083,0.33225,0.3308,0.33159,57355391.0
1738274400000,0.33159,0.33348,0.33097,0.33188,51745620.0
1738278000000,0.33188,0.33338,0.33092,0.33137,52990789.0
1738281600000,0.33137,0.33245,0.32961,0.33182,91027067.0
1738285200000,0.33181,0.33221,0.33023,0.33116,40526150.0
1738288800000,0.33115,0.33177,0.32807,0.32876,87712770.0
1738292400000,0.32876,0.32876,0.3258,0.32784,110724424.0
1738296000000,0.32783,0.32819,0.32551,0.32596,76026169.0
1738299600000,0.32597,0.32802,0.32572,0.32794,45693065.0
1738303200000,0.32794,0.32972,0.32769,0.32881,72166540.0
1738306800000,0.32882,0.33065,0.32742,0.32801,101513875.0
1738310400000,0.328,0.3285,0.32619,0.32636,90281207.0
1738314000000,0.32636,0.32827,0.32593,0.32759,94197779.0
1738317600000,0.32759,0.32838,0.32657,0.32781,47672442.0
1738321200000,0.32782,0.33198,0.32777,0.33114,142262441.0
1738324800000,0.33114,0.33394,0.33043,0.33318,156501532.0
1738328400000,0.33318,0.33765,0.33318,0.33558,358256624.0
1738332000000,0.33557,0.33788,0.3304,0.33229,479725889.0
1738335600000,0.3323,0.34181,0.33229,0.33943,427039980.0
1738339200000,0.33943,0.34092,0.33552,0.33812,278510538.0
1738342800000,0.33811,0.33832,0.33283,0.33291,179756577.0
1738346400000,0.33291,0.3342,0.32419,0.32619,495129366.0
1738350000000,0.3262,0.32972,0.3258,0.32764,217062684.0
1738353600000,0.32763,0.32785,0.32329,0.32622,156653477.0
1738357200000,0.32621,0.32756,0.32395,0.32754,111517119.0
1738360800000,0.32754,0.33031,0.32613,0.32796,122852420.0
1738364400000,0.32795,0.32962,0.32723,0.32872,65700417.0
1738368000000,0.32873,0.32999,0.32743,0.3292,69593847.0
1738371600000,0.3292,0.33193,0.32898,0.33056,80027613.0
1738375200000,0.33056,0.33217,0.32921,0.32967,65507233.0
1738378800000,0.32967,0.33028,0.3265,0.3275,105038632.0
1738382400000,0.32749,0.3298,0.32706,0.32888,60263069.0
1738386000000,0.32888,0.32953,0.32854,0.32884,31048070.0
1738389600000,0.32884,0.32885,0.32596,0.32787,129308983.0
1738393200000,0.32786,0.32826,0.32512,0.3255,80568152.0
1738396800000,0.32549,0.32618,0.32313,0.32463,145744318.0
1738400400000,0.32463,0.32506,0.32015,0.32096,162290866.0
1738404000000,0.32097,0.32383,0.32096,0.32265,101001791.0
1738407600000,0.32266,0.32541,0.32222,0.32528,100921769.0
1738411200000,0.32528,0.32618,0.32418,0.32508,78346038.0
1738414800000,0.32508,0.32509,0.32165,0.322,96970536.0
1738418400000,0.322,0.32343,0.32078,0.32101,106495336.0
1738422000000,0.32101,0.32268,0.31969,0.3219,125755805.0
1738425600000,0.3219,0.32329,0.31926,0.31947,105084337.0
1738429200000,0.31946,0.32275,0.31942,0.32211,77205955.0
1738432800000,0.32212,0.32242,0.31845,0.31926,98564917.0
1738436400000,0.31927,0.31942,0.31312,0.315,260521554.0
1738440000000,0.31499,0.31512,0.3107,0.31317,309539311.0
1738443600000,0.31317,0.31561,0.31111,0.31161,156792935.0
1738447200000,0.31161,0.31304,0.30501,0.30766,414417549.0
1738450800000,0.30766,0.30985,0.30298,0.30771,429671707.0
1738454400000,0.3077,0.31324,0.30693,0.31212,231121352.0
1738458000000,0.31211,0.31459,0.3115,0.31298,106816710.0
1738461600000,0.31297,0.31305,0.306,0.30643,231815211.0
1738465200000,0.30643,0.30844,0.29667,0.29855,762268707.0
1738468800000,0.29855,0.30304,0.29702,0.30031,382911428.0
1738472400000,0.30032,0.30446,0.3001,0.30367,194326086.0
1738476000000,0.30367,0.30618,0.30115,0.30221,209168237.0
1738479600000,0.30222,0.3023,0.29862,0.30009,266538860.0
1738483200000,0.30009,0.30461,0.29959,0.30258,206312405.0
1738486800000,0.30257,0.3026,0.30005,0.30195,133703142.0
1738490400000,0.30195,0.30203,0.29765,0.29996,230126190.0
1738494000000,0.29997,0.30155,0.2884,0.29125,654810589.0
1738497600000,0.29125,0.29511,0.29008,0.29012,294243994.0
1738501200000,0.29012,0.29711,0.29012,0.29694,239225469.0
1738504800000,0.29695,0.29905,0.29615,0.29729,192476066.0
1738508400000,0.2973,0.2973,0.291,0.29448,276677915.0
1738512000000,0.29451,0.29468,0.27576,0.28047,986785958.0
1738515600000,0.28047,0.284,0.26784,0.27289,1702512392.0
1738519200000,0.2729,0.27645,0.265,0.26796,1263511386.0
1738522800000,0.26797,0.2771,0.26263,0.27443,1141148622.0
1738526400000,0.27444,0.27878,0.27203,0.27287,498888482.0
1738530000000,0.27288,0.27423,0.26612,0.26798,422944346.0
1738533600000,0.26799,0.27332,0.24946,0.26489,1132797934.0
1738537200000,0.26488,0.26819,0.25238,0.26793,1114199359.0
1738540800000,0.26794,0.26824,0.24322,0.25464,1672523864.0
1738544400000,0.25464,0.25748,0.2182,0.22885,2467729468.0
1738548000000,0.22885,0.23394,0.202,0.22782,2891349342.0
1738551600000,0.22783,0.242,0.22707,0.23376,1084759231.0
1738555200000,0.23376,0.23803,0.22206,0.22262,880090368.0
1738558800000,0.22262,0.23746,0.22231,0.2371,870241193.0
1738562400000,0.23709,0.24775,0.23385,0.24571,824273805.0
1738566000000,0.24571,0.25643,0.24452,0.25566,646567115.0
1738569600000,0.25565,0.25567,0.24505,0.24878,659333576.0
1738573200000,0.24877,0.25484,0.24749,0.25009,588020061.0
1738576800000,0.25009,0.2616,0.2489,0.26148,518734310.0
1738580400000,0.26148,0.26157,0.25257,0.25382,402189456.0
1738584000000,0.25383,0.25896,0.2506,0.2511,413122289.0
1738587600000,0.25111,0.2545,0.24731,0.25042,580756588.0
1738591200000,0.25043,0.25994,0.24041,0.25869,1469420367.0
1738594800000,0.25869,0.27189,0.25552,0.26816,1214416776.0
1738598400000,0.26817,0.2733,0.26574,0.26914,791748179.0
1738602000000,0.26915,0.27295,0.26681,0.27087,486795075.0
1738605600000,0.27086,0.27422,0.26878,0.27363,409044615.0
1738609200000,0.27362,0.28811,0.27209,0.28645,825533137.0
1738612800000,0.28646,0.28667,0.27446,0.27673,635514562.0
1738616400000,0.27673,0.28689,0.27613,0.28619,326624852.0
1738620000000,0.28621,0.29275,0.28563,0.28827,429726056.0
1738623600000,0.28828,0.2892,0.28287,0.28469,313720853.0
1738627200000,0.28468,0.28754,0.282,0.28241,336544911.0
1738630800000,0.28241,0.28883,0.28231,0.28665,227614799.0
1738634400000,0.28665,0.28738,0.28134,0.28181,198416047.0
1738638000000,0.28182,0.28296,0.27862,0.28121,327082910.0
1738641600000,0.2812,0.28305,0.27716,0.27771,280407150.0
1738645200000,0.2777,0.27788,0.25611,0.26035,1553516155.0
1738648800000,0.26036,0.26606,0.26006,0.26481,479087402.0
1738652400000,0.26481,0.26518,0.25814,0.25969,374069989.0
1738656000000,0.25968,0.26386,0.25758,0.26254,431793867.0
1738659600000,0.26254,0.26553,0.26204,0.26252,267055321.0
1738663200000,0.26252,0.26929,0.26239,0.26698,358162165.0
1738666800000,0.26697,0.27242,0.26664,0.2676,345945721.0
1738670400000,0.26761,0.27516,0.26761,0.27215,353327530.0
1738674000000,0.27213,0.27462,0.26846,0.26957,373988423.0
1738677600000,0.26957,0.27591,0.2664,0.27105,641178557.0
1738681200000,0.27105,0.2723,0.26278,0.26869,626677748.0
1738684800000,0.2687,0.27179,0.26693,0.26771,270720783.0
1738688400000,0.26771,0.27177,0.26641,0.26929,252469319.0
1738692000000,0.26929,0.27182,0.26793,0.27094,175870485.0
1738695600000,0.27094,0.27637,0.2653,0.2653,566623257.0
1738699200000,0.2653,0.26778,0.26061,0.26274,624623230.0
1738702800000,0.26275,0.26282,0.25517,0.25638,587733654.0
1738706400000,0.25638,0.26185,0.25575,0.26181,319488065.0
1738710000000,0.26181,0.26542,0.26088,0.26331,226321162.0
1738713600000,0.26332,0.26527,0.26225,0.26337,227732615.0
1738717200000,0.26336,0.26684,0.26222,0.2626,174448989.0
1738720800000,0.2626,0.2665,0.26069,0.26556,221335727.0
1738724400000,0.26556,0.26627,0.2635,0.26389,103006963.0
1738728000000,0.26388,0.26524,0.26303,0.26404,68640102.0
1738731600000,0.26404,0.26773,0.26218,0.26682,135832802.0
1738735200000,0.26682,0.2683,0.26356,0.26404,194813193.0
1738738800000,0.26404,0.26613,0.26298,0.26528,142784443.0
1738742400000,0.26527,0.2665,0.26354,0.26536,115151328.0
1738746000000,0.26536,0.26739,0.26324,0.26439,163625183.0
1738749600000,0.26438,0.26611,0.26401,0.26506,96671968.0
1738753200000,0.26507,0.26814,0.26499,0.26775,158348852.0
1738756800000,0.26776,0.26899,0.26519,0.26568,162990245.0
1738760400000,0.26569,0.26841,0.2651,0.2678,165090091.0
1738764000000,0.26779,0.2683,0.26316,0.26395,272834446.0
1738767600000,0.26394,0.26565,0.26083,0.26315,333307863.0
1738771200000,0.26314,0.26379,0.25723,0.26004,419075718.0
1738774800000,0.26004,0.2618,0.25446,0.25617,344091916.0
1738778400000,0.25618,0.25879,0.25357,0.25495,288835610.0
1738782000000,0.25494,0.25997,0.25409,0.25926,187504426.0
1738785600000,0.25927,0.26046,0.25446,0.25715,170363913.0
1738789200000,0.25715,0.2592,0.25618,0.25712,108301881.0
1738792800000,0.25712,0.25816,0.25309,0.25426,156605236.0
1738796400000,0.25425,0.25688,0.25377,0.25604,111837667.0
1738800000000,0.25603,0.25858,0.25576,0.25634,151444019.0
1738803600000,0.25634,0.2598,0.25479,0.25772,139526599.0
1738807200000,0.25771,0.26014,0.25743,0.25873,101223780.0
1738810800000,0.25873,0.2603,0.25753,0.25981,82003844.0
1738814400000,0.25982,0.26204,0.25924,0.26093,119217508.0
1738818000000,0.26094,0.26302,0.26088,0.26204,92423367.0
1738821600000,0.26204,0.26588,0.26111,0.26554,143127431.0
1738825200000,0.26554,0.26555,0.26204,0.26302,155456792.0
1738828800000,0.263,0.26372,0.26174,0.26233,99025163.0
1738832400000,0.26233,0.26507,0.26176,0.26427,123465871.0
1738836000000,0.26426,0.26486,0.26202,0.26342,107251577.0
1738839600000,0.26341,0.26374,0.25965,0.26256,220833798.0
1738843200000,0.26255,0.26322,0.25783,0.25907,222282314.0
1738846800000,0.25907,0.2625,0.25888,0.26182,187594953.0
1738850400000,0.26179,0.26232,0.255,0.25558,303294062.0
1738854000000,0.25559,0.25644,0.2474,0.2491,626343558.0
1738857600000,0.2491,0.25106,0.24582,0.24706,403184184.0
1738861200000,0.24705,0.25165,0.24551,0.24857,247533587.0
1738864800000,0.24857,0.24898,0.24488,0.24496,251947600.0
1738868400000,0.24495,0.2484,0.24248,0.24377,339504435.0
1738872000000,0.24377,0.2505,0.2432,0.25025,242396350.0
1738875600000,0.25025,0.25034,0.24586,0.24865,164654270.0
1738879200000,0.24866,0.25062,0.24567,0.25007,126205333.0
1738882800000,0.25007,0.2504,0.246,0.24773,139593148.0
1738886400000,0.24773,0.25176,0.2473,0.24849,150558165.0
1738890000000,0.24851,0.25413,0.24846,0.25278,135298390.0
1738893600000,0.25278,0.25404,0.2518,0.25286,107605220.0
1738897200000,0.25286,0.25379,0.25015,0.25153,90404576.0
1738900800000,0.25153,0.25326,0.25119,0.25171,76760851.0
1738904400000,0.25171,0.25233,0.24954,0.25092,98013854.0
1738908000000,0.25092,0.25109,0.24591,0.24815,232734610.0
1738911600000,0.24814,0.25213,0.24807,0.24879,206287543.0
1738915200000,0.24878,0.25223,0.24757,0.25056,153169421.0
1738918800000,0.25056,0.25323,0.25015,0.25283,160835813.0
1738922400000,0.25283,0.2541,0.25231,0.25314,113246273.0
1738926000000,0.25314,0.25546,0.25252,0.2554,137871093.0
1738929600000,0.25539,0.25593,0.25301,0.25441,133713555.0
1738933200000,0.25441,0.25914,0.25111,0.25827,424717564.0
1738936800000,0.25827,0.26143,0.25716,0.26014,455451890.0
1738940400000,0.26015,0.26021,0.2523,0.25442,485428510.0
1738944000000,0.25443,0.25519,0.25172,0.25255,202897888.0
1738947600000,0.25255,0.25315,0.24847,0.25053,228254556.0
1738951200000,0.25052,0.25447,0.2501,0.25245,148637277.0
1738954800000,0.25244,0.25302,0.25069,0.25081,97703601.0
1738958400000,0.2508,0.25104,0.24279,0.24346,319867860.0
1738962000000,0.24346,0.24543,0.24116,0.24173,242258668.0
1738965600000,0.24173,0.24287,0.23842,0.2428,312950784.0
1738969200000,0.24281,0.24695,0.24196,0.24637,193423049.0
1738972800000,0.24636,0.24983,0.24553,0.24895,193954492.0
1738976400000,0.24896,0.24896,0.24671,0.24717,141082046.0
1738980000000,0.24717,0.24791,0.24601,0.24746,149007567.0
1738983600000,0.24747,0.24876,0.24612,0.24667,93379358.0
1738987200000,0.24667,0.24723,0.24546,0.24602,91590644.0
1738990800000,0.24602,0.24627,0.24438,0.24575,104425927.0
1738994400000,0.24575,0.24754,0.24521,0.24629,86902490.0
1738998000000,0.24629,0.24912,0.24445,0.24789,129775647.0
1739001600000,0.24789,0.24867,0.24594,0.24599,68900807.0
1739005200000,0.24599,0.24794,0.24599,0.24778,63633893.0
1739008800000,0.24778,0.24879,0.24676,0.24733,81372763.0
1739012400000,0.24732,0.24851,0.24648,0.24809,66368595.0
1739016000000,0.24808,0.24878,0.2466,0.24749,72071345.0
1739019600000,0.2475,0.25141,0.2475,0.24975,151977670.0
1739023200000,0.24974,0.25091,0.2484,0.25013,133154144.0
1739026800000,0.25014,0.25138,0.2472,0.24853,165024783.0
1739030400000,0.24853,0.25146,0.24736,0.25063,120982686.0
1739034000000,0.25062,0.25353,0.25061,0.25244,141212463.0
1739037600000,0.25245,0.25293,0.25074,0.2524,103354423.0
1739041200000,0.25242,0.25395,0.25179,0.25234,110303806.0
1739044800000,0.25235,0.25282,0.25134,0.25191,56850041.0
1739048400000,0.2519,0.252,0.25072,0.25128,59520106.0
1739052000000,0.25128,0.25244,0.25044,0.25139,55006251.0
1739055600000,0.25138,0.25407,0.25136,0.25274,70803405.0
1739059200000,0.25274,0.25363,0.25182,0.25299,56810347.0
1739062800000,0.25299,0.25518,0.25268,0.25455,99622501.0
1739066400000,0.25456,0.25488,0.25322,0.25341,60263468.0
1739070000000,0.25342,0.25994,0.25298,0.2591,208780858.0
1739073600000,0.2591,0.2591,0.25623,0.25845,122701095.0
1739077200000,0.25844,0.25852,0.25628,0.25683,68672737.0
1739080800000,0.25682,0.2569,0.2549,0.2562,101049639.0
1739084400000,0.25621,0.25703,0.25543,0.25584,64403275.0
1739088000000,0.25584,0.25795,0.25573,0.25738,82897805.0
1739091600000,0.25738,0.25763,0.25535,0.25628,66001185.0
1739095200000,0.25628,0.25713,0.25546,0.25583,77946102.0
1739098800000,0.25583,0.25649,0.25384,0.2539,125502702.0
1739102400000,0.2539,0.25514,0.25304,0.25398,116523666.0
1739106000000,0.25398,0.25428,0.24853,0.24924,245233791.0
1739109600000,0.24924,0.25156,0.24879,0.25061,171301802.0
1739113200000,0.2506,0.25383,0.25053,0.25312,146458980.0
1739116800000,0.25312,0.25469,0.25244,0.25404,103535578.0
1739120400000,0.25403,0.25436,0.2505,0.25135,121263756.0
1739124000000,0.25136,0.25209,0.25066,0.25105,56316171.0
1739127600000,0.25104,0.25165,0.24853,0.2495,93261809.0
1739131200000,0.24949,0.25259,0.24924,0.25112,93861337.0
1739134800000,0.25111,0.2514,0.24022,0.24175,412051056.0
1739138400000,0.24173,0.24822,0.2395,0.24588,321576166.0
1739142000000,0.24587,0.24953,0.24493,0.24873,156913905.0
1739145600000,0.24873,0.25346,0.24859,0.251,223519442.0
1739149200000,0.25099,0.25116,0.24203,0.2434,292743967.0
1739152800000,0.24339,0.24514,0.24142,0.24306,269338708.0
1739156400000,0.24307,0.25125,0.24231,0.24796,392107128.0
1739160000000,0.24796,0.251,0.247,0.24863,165278976.0
1739163600000,0.24863,0.25249,0.24784,0.25004,136146657.0
1739167200000,0.25005,0.25065,0.2487,0.24992,83981409.0
1739170800000,0.24992,0.25137,0.24931,0.2507,88211308.0
1739174400000,0.2507,0.25337,0.25016,0.25255,153483915.0
1739178000000,0.25256,0.25304,0.25081,0.2515,110336811.0
1739181600000,0.25149,0.25263,0.24995,0.25068,109680748.0
1739185200000,0.25068,0.25214,0.24957,0.25118,88145128.0
1739188800000,0.25118,0.25176,0.24861,0.24949,108875423.0
1739192400000,0.24949,0.25533,0.2492,0.25411,201391190.0
1739196000000,0.2541,0.25473,0.24986,0.25077,283745225.0
1739199600000,0.25077,0.25278,0.24965,0.25134,168711820.0
1739203200000,0.25133,0.25425,0.25101,0.2536,158940523.0
1739206800000,0.2536,0.25436,0.2518,0.25365,113729274.0
1739210400000,0.25364,0.25534,0.25314,0.25434,129706833.0
1739214000000,0.25434,0.25507,0.25267,0.25324,93934443.0
1739217600000,0.25324,0.25637,0.25299,0.25534,96183656.0
1739221200000,0.25534,0.25546,0.25316,0.25407,62242841.0
1739224800000,0.25406,0.25489,0.25271,0.25341,62174218.0
1739228400000,0.25341,0.25542,0.25229,0.25528,91787125.0
1739232000000,0.25528,0.259,0.25494,0.25794,201234201.0
1739235600000,0.25793,0.25945,0.25685,0.25901,123618551.0
1739239200000,0.25901,0.26056,0.25618,0.25714,135303817.0
1739242800000,0.25714,0.25781,0.25582,0.25776,63220902.0
1739246400000,0.25776,0.26191,0.2574,0.26129,201760846.0
1739250000000,0.2613,0.26737,0.26069,0.26672,305496176.0
1739253600000,0.26672,0.2699,0.26438,0.26887,279056242.0
1739257200000,0.26888,0.26901,0.26609,0.26635,150173995.0
1739260800000,0.26636,0.26826,0.26513,0.26704,187103488.0
1739264400000,0.26705,0.2678,0.2645,0.26498,158237043.0
1739268000000,0.26498,0.26583,0.26359,0.26455,152764739.0
1739271600000,0.26455,0.26522,0.26365,0.26507,137178441.0
1739275200000,0.26507,0.26523,0.26183,0.26351,179850133.0
1739278800000,0.26351,0.26439,0.25518,0.25629,403813251.0
1739282400000,0.25629,0.25998,0.25568,0.25939,322992727.0
1739286000000,0.25939,0.26184,0.25781,0.25901,291332412.0
1739289600000,0.259,0.26035,0.25601,0.25674,206508035.0
1739293200000,0.25675,0.25681,0.25374,0.25503,246320407.0
1739296800000,0.25503,0.25504,0.2506,0.25128,266585741.0
1739300400000,0.25128,0.25199,0.24824,0.25034,254305881.0
1739304000000,0.25034,0.25306,0.24986,0.2522,240800692.0
1739307600000,0.2522,0.255,0.25165,0.25397,175812829.0
1739311200000,0.25396,0.25631,0.25116,0.25224,146231834.0
1739314800000,0.25225,0.25427,0.25202,0.25292,112800443.0
1739318400000,0.25291,0.25432,0.25097,0.25346,144487169.0
1739322000000,0.25346,0.25479,0.25156,0.25376,113130027.0
1739325600000,0.25377,0.25388,0.25031,0.25133,139647975.0
1739329200000,0.25134,0.25283,0.24951,0.25069,187627739.0
1739332800000,0.25068,0.25155,0.24933,0.2508,140183799.0
1739336400000,0.25081,0.25326,0.2502,0.25299,89934009.0
1739340000000,0.25299,0.25367,0.25129,0.25156,90363005.0
1739343600000,0.25155,0.25426,0.2511,0.25335,145193906.0
1739347200000,0.25337,0.25535,0.25312,0.25455,119020339.0
1739350800000,0.25456,0.255,0.25278,0.25459,86233323.0
1739354400000,0.25459,0.255,0.25322,0.25427,90423042.0
1739358000000,0.25427,0.25696,0.25427,0.25593,130584065.0
1739361600000,0.25593,0.26026,0.25591,0.25645,236173618.0
1739365200000,0.25646,0.25964,0.24755,0.25226,970056279.0
1739368800000,0.25224,0.25337,0.24642,0.25317,446370993.0
1739372400000,0.25318,0.25534,0.24912,0.25432,359708788.0
1739376000000,0.25433,0.25882,0.25047,0.25787,354201828.0
1739379600000,0.25787,0.26143,0.2578,0.26062,399198139.0
1739383200000,0.26063,0.26093,0.25754,0.25935,178398826.0
1739386800000,0.25935,0.26229,0.25751,0.26156,147764162.0
1739390400000,0.26157,0.26461,0.26052,0.2632,241960106.0
1739394000000,0.2632,0.26468,0.2624,0.26315,113873166.0
1739397600000,0.26316,0.26721,0.26223,0.26485,250871671.0
1739401200000,0.26485,0.26563,0.26248,0.26411,164957885.0
1739404800000,0.26412,0.26454,0.26212,0.26392,109895137.0
1739408400000,0.26392,0.26704,0.26337,0.26587,212519042.0
1739412000000,0.26587,0.266,0.26271,0.26316,158859894.0
1739415600000,0.26317,0.26519,0.26291,0.26519,66832311.0
1739419200000,0.26519,0.26546,0.26114,0.26199,135644286.0
1739422800000,0.26198,0.2628,0.25998,0.2618,191136602.0
1739426400000,0.26181,0.26218,0.25677,0.258,216756941.0
1739430000000,0.25801,0.25931,0.257,0.2583,113267661.0
1739433600000,0.2583,0.259,0.25618,0.25703,111536805.0
1739437200000,0.25702,0.25924,0.25622,0.25891,101085681.0
1739440800000,0.2589,0.25936,0.25787,0.25825,76045276.0
1739444400000,0.25824,0.2586,0.25575,0.25734,117292609.0
1739448000000,0.25735,0.25773,0.25542,0.25596,120470946.0
1739451600000,0.25596,0.25856,0.25495,0.25688,231276231.0
1739455200000,0.25688,0.257,0.25321,0.25517,289819101.0
1739458800000,0.25516,0.25812,0.25338,0.25721,223584551.0
1739462400000,0.25721,0.25721,0.25393,0.25499,148459331.0
1739466000000,0.255,0.25719,0.25482,0.25564,121189882.0
1739469600000,0.25565,0.2571,0.25427,0.25696,115740471.0
1739473200000,0.25696,0.2595,0.25581,0.25609,163684927.0
1739476800000,0.2561,0.25851,0.25593,0.25771,99691218.0
1739480400000,0.2577,0.26375,0.25747,0.26189,389672966.0
1739484000000,0.26189,0.26463,0.26047,0.26147,284020539.0
1739487600000,0.26147,0.26252,0.26017,0.2623,108918385.0
1739491200000,0.26231,0.26529,0.26062,0.2646,281883227.0
1739494800000,0.2646,0.26523,0.26101,0.26241,156387717.0
1739498400000,0.26242,0.26417,0.26178,0.262,101557175.0
1739502000000,0.26201,0.26433,0.2615,0.26382,97256298.0
1739505600000,0.26382,0.26413,0.26181,0.26214,72289596.0
1739509200000,0.26214,0.26297,0.26071,0.2616,85534551.0
1739512800000,0.2616,0.26253,0.26094,0.26232,67755857.0
1739516400000,0.26233,0.26429,0.2622,0.26378,114889220.0
1739520000000,0.26378,0.26837,0.26377,0.266,438993909.0
1739523600000,0.26599,0.2728,0.26561,0.27162,376302328.0
1739527200000,0.27162,0.27486,0.27076,0.27162,407152467.0
1739530800000,0.27162,0.27482,0.27053,0.2714,276612653.0
1739534400000,0.2714,0.27166,0.26709,0.26792,285552883.0
1739538000000,0.26792,0.27088,0.26626,0.26994,220378367.0
1739541600000,0.26995,0.2758,0.26903,0.27345,325923222.0
1739545200000,0.27346,0.27377,0.26787,0.27209,366950191.0
1739548800000,0.27208,0.27528,0.26975,0.27472,240544202.0
1739552400000,0.27471,0.28662,0.27346,0.28178,753172421.0
1739556000000,0.28177,0.28298,0.27718,0.27805,414183714.0
1739559600000,0.27806,0.27952,0.2749,0.27617,219152462.0
1739563200000,0.27617,0.27736,0.2722,0.27315,162017383.0
1739566800000,0.27315,0.2749,0.27058,0.27472,236718766.0
1739570400000,0.27473,0.27507,0.26742,0.26961,265201613.0
1739574000000,0.2696,0.27191,0.26872,0.27164,106545197.0
1739577600000,0.27164,0.27253,0.26985,0.27222,124102527.0
1739581200000,0.27222,0.2785,0.2721,0.27678,257373926.0
1739584800000,0.27677,0.28316,0.27576,0.28255,256442071.0
1739588400000,0.28255,0.28296,0.27841,0.27859,205674337.0
1739592000000,0.27859,0.28093,0.27779,0.27803,115455807.0
1739595600000,0.27802,0.27991,0.27765,0.27884,111284082.0
1739599200000,0.27883,0.27891,0.27604,0.27639,160223725.0
1739602800000,0.27638,0.27655,0.27356,0.2751,218657531.0
1739606400000,0.2751,0.27847,0.27509,0.2775,122953554.0
1739610000000,0.27749,0.27912,0.27634,0.27838,136602983.0
1739613600000,0.27839,0.27973,0.27698,0.27939,123664900.0
1739617200000,0.2794,0.28083,0.27563,0.27725,215206974.0
1739620800000,0.27726,0.27976,0.27585,0.27837,161474074.0
1739624400000,0.27838,0.2798,0.27717,0.27826,151751638.0
1739628000000,0.27826,0.27837,0.27123,0.2739,376157136.0
1739631600000,0.27389,0.27752,0.2737,0.2752,195279529.0
1739635200000,0.2752,0.27611,0.27197,0.27279,155653888.0
1739638800000,0.2728,0.27386,0.27065,0.27205,154198139.0
1739642400000,0.27206,0.27497,0.27159,0.2748,91627503.0
1739646000000,0.27481,0.27522,0.27007,0.27074,151777604.0
1739649600000,0.27075,0.27155,0.26802,0.27007,129416428.0
1739653200000,0.27007,0.27205,0.26993,0.27169,96485414.0
1739656800000,0.27169,0.27228,0.26921,0.27103,112829530.0
1739660400000,0.27104,0.27248,0.27073,0.27161,61827445.0
1739664000000,0.2716,0.27409,0.27102,0.2727,97670514.0
1739667600000,0.27271,0.27291,0.27124,0.2727,59885541.0
1739671200000,0.27271,0.27309,0.27007,0.27045,91261544.0
1739674800000,0.27045,0.27123,0.26879,0.27098,143886093.0
1739678400000,0.27099,0.27194,0.26998,0.27116,63822154.0
1739682000000,0.27115,0.27318,0.26993,0.272,85240995.0
1739685600000,0.27199,0.2729,0.27073,0.27096,91264544.0
1739689200000,0.27097,0.27097,0.26884,0.26941,152659539.0
1739692800000,0.26942,0.27073,0.26871,0.26948,100961032.0
1739696400000,0.26949,0.27135,0.26729,0.27121,204518801.0
1739700000000,0.2712,0.27125,0.26922,0.2693,118181601.0
1739703600000,0.2693,0.27099,0.26884,0.27079,60097109.0
1739707200000,0.27079,0.27092,0.26914,0.26956,82559534.0
1739710800000,0.26957,0.26957,0.26559,0.26606,197221861.0
1739714400000,0.26605,0.2682,0.26472,0.26799,251924460.0
1739718000000,0.268,0.26863,0.267,0.26754,101712045.0
1739721600000,0.26754,0.26814,0.26631,0.26663,97724750.0
1739725200000,0.26663,0.26786,0.26491,0.26536,130853122.0
1739728800000,0.26535,0.2661,0.26334,0.26552,151191551.0
1739732400000,0.26553,0.26689,0.26414,0.26633,81673010.0
1739736000000,0.26632,0.26681,0.26481,0.26511,64753771.0
1739739600000,0.26511,0.2679,0.2641,0.26745,93939822.0
1739743200000,0.26745,0.26758,0.26528,0.26701,67693169.0
1739746800000,0.26701,0.26704,0.26486,0.26545,124771493.0
1739750400000,0.26546,0.26666,0.26484,0.26639,90362996.0
1739754000000,0.26639,0.26874,0.26541,0.26805,115916417.0
1739757600000,0.26804,0.26855,0.26534,0.26586,107438915.0
1739761200000,0.26586,0.26608,0.2642,0.26566,100475128.0
1739764800000,0.26566,0.26573,0.26203,0.26261,142158495.0
1739768400000,0.2626,0.26332,0.25819,0.263,368221329.0
1739772000000,0.263,0.26427,0.2621,0.26311,116948473.0
1739775600000,0.26311,0.26394,0.25866,0.25962,165202295.0
1739779200000,0.25961,0.2625,0.25833,0.26177,154936151.0
1739782800000,0.26177,0.26449,0.26137,0.26366,175442282.0
1739786400000,0.26366,0.2655,0.2621,0.26267,188354180.0
1739790000000,0.26267,0.2641,0.26187,0.26339,84302666.0
1739793600000,0.2634,0.26568,0.26323,0.265,112440322.0
1739797200000,0.265,0.26545,0.2639,0.26472,111550050.0
1739800800000,0.26471,0.2686,0.26451,0.26757,288485250.0
1739804400000,0.26757,0.26833,0.25936,0.26016,344430719.0
1739808000000,0.26016,0.26156,0.25605,0.25716,421730085.0
1739811600000,0.25716,0.25958,0.25699,0.25764,192042469.0
1739815200000,0.25762,0.25763,0.254,0.25482,241068044.0
1739818800000,0.25481,0.25705,0.25358,0.25663,133719465.0
1739822400000,0.25662,0.25866,0.25629,0.25701,101156576.0
1739826000000,0.257,0.26114,0.25683,0.26104,96630664.0
1739829600000,0.26103,0.26127,0.25773,0.25795,102155926.0
1739833200000,0.25794,0.25922,0.25707,0.25807,75613534.0
1739836800000,0.25807,0.25916,0.25601,0.25624,89950771.0
1739840400000,0.25624,0.25946,0.25577,0.25919,91654040.0
1739844000000,0.25918,0.25977,0.2569,0.25735,80106939.0
1739847600000,0.25736,0.2585,0.25657,0.2577,61948987.0
1739851200000,0.2577,0.25793,0.25501,0.25591,87956691.0
1739854800000,0.25591,0.2561,0.25162,0.25232,186627616.0
1739858400000,0.25231,0.25253,0.24758,0.24783,447883532.0
1739862000000,0.24783,0.252,0.24684,0.25049,240536721.0
1739865600000,0.2505,0.2515,0.2479,0.24918,170199071.0
1739869200000,0.24918,0.25315,0.24832,0.25301,162932266.0
1739872800000,0.253,0.25377,0.25136,0.25193,114314495.0
1739876400000,0.25193,0.252,0.25033,0.25099,123744723.0
1739880000000,0.251,0.25447,0.25073,0.25365,157519901.0
1739883600000,0.25365,0.25415,0.25221,0.25381,114179235.0
1739887200000,0.25381,0.25579,0.24934,0.25098,281653337.0
1739890800000,0.25098,0.25109,0.2447,0.24673,389600417.0
1739894400000,0.24674,0.2486,0.24248,0.24298,425466574.0
1739898000000,0.24297,0.24577,0.24198,0.24552,287726691.0
1739901600000,0.24553,0.24862,0.24466,0.2473,222076077.0
1739905200000,0.24731,0.24847,0.2456,0.2468,119726971.0
1739908800000,0.24681,0.2479,0.24547,0.24673,76671724.0
1739912400000,0.24675,0.24985,0.24644,0.2485,138178109.0
1739916000000,0.2485,0.25038,0.24795,0.24894,65142094.0
1739919600000,0.24894,0.25124,0.24846,0.25119,82215274.0
1739923200000,0.25118,0.25206,0.2501,0.25037,112427291.0
1739926800000,0.25036,0.25076,0.24876,0.25056,97635989.0
1739930400000,0.25057,0.25337,0.25055,0.25281,123868211.0
1739934000000,0.25282,0.2531,0.25122,0.2527,74539707.0
1739937600000,0.2527,0.25292,0.24931,0.24933,111915096.0
1739941200000,0.24932,0.25137,0.2491,0.25106,92783596.0
1739944800000,0.25105,0.25291,0.25074,0.25218,83316135.0
1739948400000,0.25218,0.25451,0.2519,0.25374,172634482.0
1739952000000,0.25373,0.25449,0.252,0.25201,115568479.0
1739955600000,0.252,0.25374,0.2518,0.25333,88145134.0
1739959200000,0.25334,0.25472,0.25265,0.25382,131070349.0
1739962800000,0.25381,0.2553,0.25357,0.25496,106962444.0
1739966400000,0.25496,0.25528,0.25299,0.25307,113230635.0
1739970000000,0.25308,0.2549,0.25308,0.25422,93077540.0
1739973600000,0.25422,0.25509,0.25042,0.25071,203588814.0
1739977200000,0.25072,0.25359,0.24983,0.25224,227925051.0
1739980800000,0.25225,0.25489,0.25203,0.25392,131985050.0
1739984400000,0.25391,0.25475,0.25219,0.25316,102746296.0
1739988000000,0.25316,0.25321,0.25115,0.25122,91724471.0
1739991600000,0.25123,0.25291,0.25012,0.25182,104145497.0
1739995200000,0.25181,0.25318,0.251,0.25123,94159853.0
1739998800000,0.25122,0.25324,0.25078,0.25157,75363431.0
1740002400000,0.25157,0.25455,0.25099,0.25366,120454379.0
1740006000000,0.25366,0.25518,0.25366,0.25467,154187389.0
1740009600000,0.25466,0.25717,0.25399,0.2564,163187422.0
1740013200000,0.2564,0.25691,0.25397,0.25484,102243028.0
1740016800000,0.25485,0.25654,0.25404,0.25598,98862479.0
1740020400000,0.25598,0.25678,0.25472,0.25568,79202210.0
1740024000000,0.25569,0.257,0.25511,0.25539,102838533.0
1740027600000,0.2554,0.25688,0.25517,0.25558,85594816.0
1740031200000,0.25557,0.2558,0.25419,0.25446,65648952.0
1740034800000,0.25446,0.25512,0.25351,0.25449,72124221.0
1740038400000,0.25448,0.25481,0.25364,0.25402,80147407.0
1740042000000,0.25402,0.25438,0.25242,0.25303,105935782.0
1740045600000,0.25303,0.25515,0.25241,0.25497,95003254.0
1740049200000,0.25497,0.25557,0.25432,0.25504,143672840.0
1740052800000,0.25505,0.2555,0.25404,0.25423,68303659.0
1740056400000,0.25423,0.25487,0.25326,0.25448,108629960.0
1740060000000,0.25448,0.25747,0.25238,0.25282,335414155.0
1740063600000,0.25283,0.25336,0.25032,0.25085,216236673.0
1740067200000,0.25084,0.25311,0.24973,0.25119,219243780.0
1740070800000,0.25118,0.25272,0.25087,0.25221,156320915.0
1740074400000,0.25221,0.25486,0.25199,0.25333,138723966.0
1740078000000,0.25332,0.2548,0.25273,0.25429,106182768.0
1740081600000,0.25428,0.25576,0.25358,0.25392,86978835.0
1740085200000,0.25392,0.25396,0.25125,0.25152,94571617.0
1740088800000,0.25152,0.25316,0.25129,0.25242,92911576.0
1740092400000,0.25241,0.2555,0.2523,0.25458,84411293.0
1740096000000,0.25458,0.25507,0.25272,0.25353,82298753.0
1740099600000,0.25353,0.25392,0.2519,0.25327,68556892.0
1740103200000,0.25328,0.25418,0.25192,0.25213,77495869.0
1740106800000,0.25213,0.25322,0.25158,0.25192,82873862.0
1740110400000,0.25192,0.25371,0.25185,0.25336,62720941.0
1740114000000,0.25335,0.25433,0.25263,0.25361,66630163.0
1740117600000,0.2536,0.25364,0.25196,0.25354,100599513.0
1740121200000,0.25354,0.25463,0.25294,0.25307,76545720.0
1740124800000,0.25307,0.25474,0.25277,0.25428,86610427.0
1740128400000,0.25428,0.25835,0.25378,0.25547,317643904.0
1740132000000,0.25547,0.25697,0.2547,0.25627,125027570.0
1740135600000,0.25628,0.25648,0.25472,0.255,90326100.0
1740139200000,0.25499,0.25748,0.25453,0.25729,119859105.0
1740142800000,0.2573,0.2612,0.25686,0.26065,320566267.0
1740146400000,0.26064,0.26096,0.25562,0.258,321756715.0
1740150000000,0.25801,0.25982,0.24933,0.25223,688980059.0
1740153600000,0.25223,0.25524,0.25057,0.25208,364970247.0
1740157200000,0.25207,0.25308,0.24503,0.24604,435261691.0
1740160800000,0.24605,0.24721,0.24493,0.24631,210800358.0
1740164400000,0.2463,0.24659,0.2379,0.23984,592151150.0
1740168000000,0.23985,0.24149,0.23715,0.23836,308320202.0
1740171600000,0.23836,0.2393,0.23421,0.23661,328522022.0
1740175200000,0.23661,0.23944,0.23628,0.23923,189584379.0
1740178800000,0.23922,0.23982,0.23733,0.23941,139251781.0
1740182400000,0.23942,0.24119,0.23785,0.24086,168336418.0
1740186000000,0.24086,0.24404,0.2405,0.243,203728580.0
1740189600000,0.243,0.24301,0.24045,0.2417,108552433.0
1740193200000,0.2417,0.24234,0.24069,0.24163,91608366.0
1740196800000,0.24162,0.2429,0.24115,0.24254,56966788.0
1740200400000,0.24255,0.24479,0.24222,0.24399,115770070.0
1740204000000,0.244,0.24511,0.24337,0.24372,93366896.0
1740207600000,0.24373,0.24484,0.24345,0.24376,68930439.0
1740211200000,0.24377,0.24443,0.24283,0.24315,87286737.0
1740214800000,0.24315,0.24449,0.24315,0.24394,76474824.0
1740218400000,0.24395,0.24494,0.24332,0.24335,131965445.0
1740222000000,0.24334,0.24429,0.24307,0.24385,82389882.0
1740225600000,0.24386,0.2444,0.24327,0.24424,85415722.0
1740229200000,0.24424,0.24493,0.24284,0.24324,115760942.0
1740232800000,0.24324,0.24428,0.24321,0.24366,80518874.0
1740236400000,0.24365,0.24628,0.24365,0.24552,143559276.0
1740240000000,0.24552,0.24695,0.24508,0.2452,146674135.0
1740243600000,0.2452,0.24768,0.24476,0.24726,96643711.0
1740247200000,0.24726,0.24769,0.24552,0.24621,113871289.0
1740250800000,0.2462,0.247,0.24578,0.24693,55172644.0
1740254400000,0.24694,0.24714,0.24549,0.24624,57800148.0
1740258000000,0.24623,0.24688,0.246,0.24662,48347130.0
1740261600000,0.24661,0.24722,0.2464,0.24664,40469085.0
1740265200000,0.24664,0.24725,0.2459,0.24643,74821759.0
1740268800000,0.24643,0.24664,0.24531,0.24583,98271750.0
1740272400000,0.24582,0.24612,0.24438,0.2449,92124701.0
1740276000000,0.24491,0.24523,0.24375,0.24391,60918456.0
1740279600000,0.24391,0.24446,0.24339,0.24395,72509005.0
1740283200000,0.24395,0.24427,0.24305,0.24405,53487969.0
1740286800000,0.24404,0.24484,0.24358,0.24409,48367532.0
1740290400000,0.24409,0.2451,0.2438,0.24474,47157417.0
1740294000000,0.24474,0.24743,0.24449,0.24678,149018256.0
1740297600000,0.24678,0.24688,0.24595,0.24642,70064611.0
1740301200000,0.24643,0.2467,0.2445,0.24567,90975004.0
1740304800000,0.24567,0.24592,0.24459,0.24534,57624941.0
1740308400000,0.24534,0.24574,0.24425,0.24447,61967155.0
1740312000000,0.24447,0.24495,0.24306,0.24361,131354235.0
1740315600000,0.24362,0.24541,0.24356,0.24473,90646622.0
1740319200000,0.24474,0.24503,0.24287,0.24333,78182197.0
1740322800000,0.24333,0.24404,0.2403,0.24062,178744613.0
1740326400000,0.24063,0.24232,0.24051,0.24133,102922346.0
1740330000000,0.24134,0.24283,0.24125,0.24254,79003182.0
1740333600000,0.24254,0.24308,0.24173,0.24184,78302162.0
1740337200000,0.24183,0.24218,0.2409,0.24108,55927696.0
1740340800000,0.24109,0.24145,0.24022,0.2414,55812026.0
1740344400000,0.2414,0.24231,0.24121,0.24208,38607942.0
1740348000000,0.24208,0.24253,0.24046,0.24167,52364559.0
1740351600000,0.24168,0.24382,0.24161,0.24269,120545920.0
1740355200000,0.24268,0.24383,0.24198,0.2422,95223706.0
1740358800000,0.24221,0.2425,0.23814,0.23926,172134517.0
1740362400000,0.23925,0.23945,0.2347,0.23511,239649543.0
1740366000000,0.2351,0.23511,0.22789,0.23009,668880776.0
1740369600000,0.23009,0.23072,0.2263,0.22977,385551176.0
1740373200000,0.22977,0.23329,0.22888,0.23269,232343190.0
1740376800000,0.23269,0.23344,0.23153,0.23269,117400045.0
1740380400000,0.23268,0.23377,0.23259,0.23313,86801349.0
1740384000000,0.23314,0.23317,0.22811,0.2293,287946865.0
1740387600000,0.2293,0.23208,0.22893,0.23017,140121406.0
1740391200000,0.23017,0.23078,0.22714,0.22982,219817393.0
1740394800000,0.22983,0.23147,0.22856,0.23119,153576906.0
1740398400000,0.23119,0.23123,0.2298,0.23047,109430193.0
1740402000000,0.23047,0.23241,0.22919,0.23003,188193665.0
1740405600000,0.23003,0.23076,0.22429,0.22516,373742171.0
1740409200000,0.22516,0.22742,0.22224,0.22537,615621969.0
1740412800000,0.22537,0.22741,0.22427,0.22523,244493821.0
1740416400000,0.22522,0.22822,0.22494,0.22672,158555289.0
1740420000000,0.22672,0.22735,0.22494,0.22505,120796366.0
1740423600000,0.22504,0.22582,0.21844,0.22194,384482380.0
1740427200000,0.22195,0.22515,0.22115,0.22263,223025885.0
1740430800000,0.22262,0.22384,0.21918,0.21919,263354774.0
1740434400000,0.21919,0.21933,0.20571,0.20784,1519007309.0
1740438000000,0.20783,0.21435,0.20783,0.21037,484669944.0
1740441600000,0.21037,0.21393,0.20347,0.20965,832605411.0
1740445200000,0.20967,0.21201,0.20489,0.20939,499782233.0
1740448800000,0.2094,0.21368,0.20729,0.21274,379046087.0
1740452400000,0.21273,0.21331,0.20911,0.21021,248563748.0
1740456000000,0.21022,0.21127,0.2065,0.20774,430204193.0
1740459600000,0.20774,0.21269,0.20666,0.21254,335391732.0
1740463200000,0.21253,0.2129,0.20861,0.20891,276514870.0
1740466800000,0.20892,0.20948,0.19689,0.20372,1653725428.0
1740470400000,0.20374,0.20703,0.20279,0.20461,417361052.0
1740474000000,0.20461,0.2058,0.20094,0.20127,406458847.0
1740477600000,0.20128,0.20457,0.19545,0.20283,984912670.0
1740481200000,0.20283,0.20729,0.19873,0.20646,548604749.0
1740484800000,0.20646,0.20966,0.20557,0.20845,471734222.0
1740488400000,0.20845,0.20926,0.20517,0.20592,247947386.0
1740492000000,0.20593,0.20788,0.20096,0.2016,429984572.0
1740495600000,0.2016,0.20571,0.19801,0.20341,757878549.0
1740499200000,0.20341,0.2077,0.19993,0.20521,513831274.0
1740502800000,0.20521,0.20777,0.20374,0.20562,324884397.0
1740506400000,0.20562,0.20785,0.20298,0.20429,280686594.0
1740510000000,0.2043,0.20877,0.20205,0.2085,315443172.0
1740513600000,0.2085,0.21217,0.207,0.21039,376995648.0
1740517200000,0.21039,0.21259,0.2089,0.21224,194078731.0
1740520800000,0.21224,0.21448,0.2107,0.2125,270867667.0
1740524400000,0.21251,0.21379,0.21095,0.21147,190387681.0
1740528000000,0.21147,0.21195,0.20825,0.20834,370881769.0
1740531600000,0.20835,0.21064,0.20819,0.21004,119404941.0
1740535200000,0.21004,0.21329,0.20879,0.21249,154152284.0
1740538800000,0.21248,0.21398,0.21135,0.21195,163426085.0
1740542400000,0.21196,0.21375,0.21147,0.21194,124429695.0
1740546000000,0.21193,0.2125,0.20933,0.20943,140653015.0
1740549600000,0.20944,0.2118,0.20921,0.21174,130612042.0
1740553200000,0.21174,0.212,0.2082,0.21002,172524211.0
1740556800000,0.21003,0.2104,0.2081,0.21014,156079770.0
1740560400000,0.21014,0.21388,0.20985,0.21332,200937592.0
1740564000000,0.21331,0.21334,0.21168,0.21294,118170427.0
1740567600000,0.21294,0.21338,0.2097,0.2099,173520561.0
1740571200000,0.2099,0.21011,0.20504,0.20649,358810948.0
1740574800000,0.20649,0.20703,0.20496,0.20533,243806481.0
1740578400000,0.20532,0.2083,0.20192,0.20819,721630620.0
1740582000000,0.2082,0.21306,0.20811,0.20983,545444996.0
1740585600000,0.20983,0.21092,0.20535,0.20621,453551274.0
1740589200000,0.20621,0.20684,0.20085,0.20162,356635937.0
1740592800000,0.20161,0.2031,0.196,0.19736,818622119.0
1740596400000,0.19736,0.20044,0.19607,0.19859,465063557.0
1740600000000,0.19859,0.20393,0.19614,0.20356,527522631.0
1740603600000,0.20356,0.20558,0.20164,0.20482,357323611.0
1740607200000,0.20483,0.20768,0.20431,0.20493,182474898.0
1740610800000,0.20493,0.20603,0.20234,0.20347,145814178.0
1740614400000,0.20348,0.20454,0.20126,0.20279,217301174.0
1740618000000,0.20279,0.20589,0.20088,0.20414,238726667.0
1740621600000,0.20415,0.20679,0.2033,0.20405,139243468.0
1740625200000,0.20404,0.20677,0.20344,0.20623,118715939.0
1740628800000,0.20623,0.20711,0.20416,0.20503,137109879.0
1740632400000,0.20502,0.20784,0.20472,0.20753,166972554.0
1740636000000,0.20753,0.21048,0.20686,0.20881,262190931.0
1740639600000,0.20881,0.21019,0.20825,0.20861,141749362.0
1740643200000,0.2086,0.20892,0.20735,0.20768,131666465.0
1740646800000,0.20769,0.21006,0.20765,0.20908,137344269.0
1740650400000,0.20908,0.21146,0.20867,0.21129,159240385.0
1740654000000,0.21128,0.21145,0.20855,0.20918,186779803.0
1740657600000,0.20918,0.2105,0.20808,0.2093,164413813.0
1740661200000,0.20931,0.21015,0.20747,0.20811,237530178.0
1740664800000,0.2081,0.21029,0.20624,0.20643,293123735.0
1740668400000,0.20643,0.21,0.20481,0.20903,313001880.0
1740672000000,0.20904,0.211,0.2072,0.2076,249934269.0
1740675600000,0.2076,0.2095,0.20689,0.20907,154986445.0
1740679200000,0.20907,0.21014,0.2086,0.20893,98617818.0
1740682800000,0.20893,0.20901,0.20411,0.20493,219398296.0
1740686400000,0.20493,0.20513,0.20126,0.20276,403061224.0
1740690000000,0.20276,0.20612,0.2009,0.20603,281635664.0
1740693600000,0.20604,0.20674,0.20406,0.20652,124230822.0
1740697200000,0.20653,0.2076,0.2055,0.20678,110953908.0
1740700800000,0.20677,0.20716,0.20502,0.20545,118440860.0
1740704400000,0.20546,0.2062,0.19391,0.19549,1081010657.0
1740708000000,0.19549,0.19773,0.19002,0.19283,1106321743.0
1740711600000,0.19283,0.19432,0.18875,0.18956,542305623.0
1740715200000,0.18957,0.19034,0.18504,0.18867,837529687.0
1740718800000,0.18868,0.18916,0.1852,0.18802,430837415.0
1740722400000,0.18802,0.18888,0.18257,0.18531,590052844.0
1740726000000,0.18531,0.18805,0.1838,0.18527,372633035.0
1740729600000,0.18528,0.18646,0.1814,0.18613,540280334.0
1740733200000,0.18612,0.18884,0.18521,0.18835,434223368.0
1740736800000,0.18836,0.18869,0.18437,0.18476,265493293.0
1740740400000,0.18476,0.18773,0.18465,0.18577,213270522.0
1740744000000,0.18576,0.18709,0.18445,0.18662,227204923.0
1740747600000,0.18663,0.19137,0.18603,0.19051,571320697.0
1740751200000,0.19051,0.19419,0.19009,0.19271,557988064.0
1740754800000,0.19272,0.19937,0.19252,0.19742,565211163.0
1740758400000,0.19742,0.20049,0.19552,0.19817,372703846.0
1740762000000,0.19817,0.20019,0.19763,0.19803,247551722.0
1740765600000,0.19802,0.20238,0.19718,0.20068,306753615.0
1740769200000,0.20069,0.20219,0.20045,0.20099,161746564.0
1740772800000,0.201,0.20183,0.19884,0.20072,217856259.0
1740776400000,0.20072,0.2026,0.20027,0.20175,159043681.0
1740780000000,0.20176,0.2024,0.19985,0.2007,206151980.0
1740783600000,0.2007,0.20212,0.20015,0.20176,139424118.0
1740787200000,0.20176,0.20272,0.19929,0.19943,205072798.0
1740790800000,0.19943,0.20507,0.19926,0.20445,266891032.0
1740794400000,0.20446,0.20678,0.20275,0.20546,273639571.0
1740798000000,0.20546,0.20679,0.20465,0.20604,138140172.0
1740801600000,0.20603,0.20889,0.20554,0.2085,220310814.0
1740805200000,0.20849,0.20874,0.20566,0.20585,186743831.0
1740808800000,0.20585,0.20598,0.20349,0.2053,224345305.0
1740812400000,0.2053,0.2053,0.20351,0.20408,137963707.0
1740816000000,0.20407,0.20507,0.2036,0.20492,114277276.0
1740819600000,0.20492,0.20637,0.20416,0.20545,166213949.0
1740823200000,0.20545,0.20546,0.20295,0.20398,199185636.0
1740826800000,0.20398,0.20426,0.20143,0.20298,222958676.0
1740830400000,0.20298,0.20346,0.20138,0.20293,138343700.0
1740834000000,0.20293,0.20348,0.19935,0.20011,259494870.0
1740837600000,0.20011,0.20193,0.19979,0.20077,166589550.0
1740841200000,0.20078,0.20228,0.1997,0.20199,163189166.0
1740844800000,0.20198,0.20425,0.20181,0.20354,282153315.0
1740848400000,0.20354,0.20354,0.20083,0.20194,145754263.0
1740852000000,0.20193,0.20378,0.20104,0.20302,109706588.0
1740855600000,0.20302,0.20496,0.20285,0.20417,108273539.0
1740859200000,0.20418,0.20447,0.20302,0.20377,66096710.0
1740862800000,0.20377,0.20639,0.20302,0.20585,122821384.0
1740866400000,0.20585,0.20779,0.20522,0.20651,145864790.0
1740870000000,0.20652,0.20673,0.20483,0.20663,81971149.0
1740873600000,0.20663,0.20721,0.20454,0.20598,123711926.0
1740877200000,0.20599,0.20733,0.20536,0.20649,110492501.0
1740880800000,0.20649,0.20847,0.2051,0.20606,229393195.0
1740884400000,0.20606,0.20729,0.20572,0.20645,96848786.0
1740888000000,0.20645,0.20682,0.20548,0.2056,104306126.0
1740891600000,0.2056,0.20659,0.20504,0.20604,79508147.0
1740895200000,0.20604,0.20853,0.20471,0.207,158628749.0
1740898800000,0.207,0.20769,0.20628,0.20703,94072968.0
1740902400000,0.20703,0.20751,0.20529,0.20567,133179210.0
1740906000000,0.20566,0.20843,0.20529,0.20734,164562754.0
1740909600000,0.20733,0.21,0.20701,0.20814,243290905.0
1740913200000,0.20815,0.20822,0.20726,0.20765,110399168.0
1740916800000,0.20765,0.20774,0.20593,0.20687,127175880.0
1740920400000,0.20687,0.20688,0.20392,0.2047,223676040.0
1740924000000,0.2047,0.20487,0.20158,0.20225,283196262.0
1740927600000,0.20226,0.21864,0.20158,0.21078,1576183163.0
1740931200000,0.2108,0.23331,0.21035,0.22819,2164462765.0
1740934800000,0.22822,0.23559,0.2245,0.231,1243643303.0
1740938400000,0.23101,0.23182,0.22566,0.22744,526773879.0
1740942000000,0.22745,0.23244,0.22723,0.23181,262325491.0
1740945600000,0.2318,0.23451,0.23028,0.23286,318725234.0
1740949200000,0.23287,0.23491,0.23238,0.23417,247349026.0
1740952800000,0.23418,0.23857,0.23236,0.23691,209388404.0
1740956400000,0.2369,0.24203,0.23623,0.23918,401967442.0
1740960000000,0.23918,0.24046,0.23439,0.2345,410057749.0
1740963600000,0.23451,0.23586,0.23023,0.23063,356017656.0
1740967200000,0.23063,0.23099,0.22681,0.22916,338710188.0
1740970800000,0.22916,0.2298,0.22547,0.22723,249161752.0
1740974400000,0.22723,0.22863,0.22687,0.22839,109640725.0
1740978000000,0.22839,0.2288,0.22733,0.22809,95751870.0
1740981600000,0.22809,0.22809,0.21818,0.21975,483557926.0
1740985200000,0.21976,0.22257,0.21663,0.22235,452406077.0
1740988800000,0.22235,0.22254,0.21607,0.21771,333200614.0
1740992400000,0.21771,0.21918,0.21524,0.21823,304889803.0
1740996000000,0.21822,0.22107,0.21786,0.22008,222548338.0
1740999600000,0.22007,0.22041,0.21835,0.21955,156531282.0
1741003200000,0.21956,0.22182,0.21876,0.22069,219609470.0
1741006800000,0.2207,0.22469,0.22015,0.22349,310454423.0
1741010400000,0.22349,0.22359,0.21237,0.21285,697868444.0
1741014000000,0.21281,0.21866,0.21252,0.2151,517471526.0
1741017600000,0.2151,0.2171,0.21353,0.21593,274439158.0
1741021200000,0.21593,0.21769,0.21443,0.21538,163104211.0
1741024800000,0.21538,0.21569,0.20454,0.20594,826555740.0
1741028400000,0.20594,0.20745,0.19719,0.19864,895911891.0
1741032000000,0.19866,0.20105,0.19562,0.19918,660333476.0
1741035600000,0.19919,0.19988,0.19312,0.19414,528342145.0
1741039200000,0.19414,0.20042,0.19407,0.19984,362686643.0
1741042800000,0.19984,0.20098,0.19841,0.19903,201641222.0
1741046400000,0.19903,0.20113,0.19696,0.19726,302646199.0
1741050000000,0.19727,0.19805,0.1877,0.19031,784801631.0
1741053600000,0.19032,0.19281,0.18528,0.19145,584481735.0
1741057200000,0.19145,0.19333,0.19001,0.19114,302371844.0
1741060800000,0.19115,0.19279,0.19052,0.19094,145750936.0
1741064400000,0.19095,0.19501,0.19044,0.19386,276117339.0
1741068000000,0.19387,0.19458,0.19216,0.19274,129458706.0
1741071600000,0.19275,0.19326,0.19109,0.19193,128978222.0
1741075200000,0.19193,0.1938,0.19072,0.1931,144935575.0
1741078800000,0.19309,0.19359,0.19118,0.19188,140429484.0
1741082400000,0.19187,0.194,0.19137,0.19373,150690223.0
1741086000000,0.19372,0.1952,0.19293,0.19316,153964391.0
1741089600000,0.19315,0.19399,0.19157,0.19264,148007134.0
1741093200000,0.19263,0.19264,0.18816,0.18885,420796261.0
1741096800000,0.18886,0.20018,0.18826,0.19255,950380178.0
1741100400000,0.19256,0.19332,0.1877,0.19284,585992265.0
1741104000000,0.19284,0.19323,0.1826,0.19082,749065032.0
1741107600000,0.19082,0.19731,0.19059,0.19611,459602942.0
1741111200000,0.1961,0.19943,0.19517,0.199,242516410.0
1741114800000,0.199,0.20109,0.1982,0.20034,359657991.0
1741118400000,0.20035,0.20097,0.19654,0.19699,234976939.0
1741122000000,0.19699,0.20225,0.19611,0.19903,307789481.0
1741125600000,0.19903,0.20019,0.1982,0.19839,120493464.0
1741129200000,0.19839,0.19959,0.19749,0.19898,120377730.0
1741132800000,0.19897,0.1998,0.19705,0.198,157544501.0
1741136400000,0.19801,0.20106,0.19702,0.20102,159940238.0
1741140000000,0.20101,0.20417,0.19972,0.20179,286167966.0
1741143600000,0.20178,0.20315,0.1992,0.19934,140564539.0
1741147200000,0.19935,0.20015,0.19622,0.1983,298464708.0
1741150800000,0.19831,0.19904,0.19747,0.19773,82141607.0
1741154400000,0.19774,0.19949,0.19634,0.1991,115198823.0
1741158000000,0.1991,0.20063,0.19864,0.19949,130612567.0
1741161600000,0.19949,0.2014,0.19927,0.20044,103689259.0
1741165200000,0.20044,0.20439,0.19994,0.2022,257108452.0
1741168800000,0.20221,0.20656,0.20177,0.20468,320983097.0
1741172400000,0.20469,0.20538,0.2019,0.2027,196411408.0
1741176000000,0.20271,0.20543,0.20233,0.20301,249041927.0
1741179600000,0.20301,0.20377,0.19987,0.20083,283760158.0
1741183200000,0.20083,0.20124,0.19814,0.19903,317505625.0
1741186800000,0.19902,0.20213,0.19802,0.19969,273265185.0
1741190400000,0.19968,0.20118,0.19767,0.20032,192297685.0
1741194000000,0.20031,0.20359,0.19976,0.20196,214835375.0
1741197600000,0.20195,0.20363,0.20066,0.20326,147599377.0
1741201200000,0.20326,0.20472,0.20282,0.20389,102248796.0
1741204800000,0.20388,0.20487,0.20322,0.20446,109034608.0
1741208400000,0.20446,0.2048,0.20316,0.20383,75810319.0
1741212000000,0.20382,0.20513,0.2036,0.20458,68590767.0
1741215600000,0.20458,0.20557,0.20384,0.20463,113676351.0
1741219200000,0.20462,0.20523,0.2022,0.20252,129867916.0
1741222800000,0.20252,0.20824,0.20232,0.2053,239413912.0
1741226400000,0.20529,0.20765,0.20498,0.20708,178822893.0
1741230000000,0.20708,0.20935,0.20693,0.20824,191629946.0
1741233600000,0.20824,0.21466,0.20803,0.21412,219329740.0
1741237200000,0.21413,0.21989,0.214,0.21723,436133526.0
1741240800000,0.21723,0.2179,0.21288,0.21379,390715381.0
1741244400000,0.21378,0.21429,0.20757,0.2087,514293862.0
1741248000000,0.2087,0.21122,0.2084,0.20988,333412828.0
1741251600000,0.20987,0.2104,0.20776,0.20899,238371244.0
1741255200000,0.20898,0.21175,0.20843,0.2108,211014058.0
1741258800000,0.2108,0.21127,0.20939,0.21108,134647811.0
1741262400000,0.21109,0.21165,0.20651,0.20738,247675063.0
1741266000000,0.20737,0.20817,0.20519,0.20544,284969135.0
1741269600000,0.20544,0.20693,0.20258,0.20427,387956762.0
1741273200000,0.20426,0.20832,0.20389,0.20662,347071947.0
1741276800000,0.20662,0.20729,0.20237,0.20274,206378959.0
1741280400000,0.20274,0.20296,0.20003,0.20158,343583030.0
1741284000000,0.20157,0.20214,0.20023,0.20134,171150900.0
1741287600000,0.20133,0.20196,0.19886,0.19967,276428538.0
1741291200000,0.19968,0.20154,0.19925,0.20046,168106699.0
1741294800000,0.20047,0.20269,0.20011,0.20157,159567777.0
1741298400000,0.20157,0.20475,0.20108,0.20241,252958559.0
1741302000000,0.20241,0.20316,0.20128,0.2014,119687750.0
1741305600000,0.20139,0.20401,0.19011,0.19171,936411126.0
1741309200000,0.19171,0.19987,0.19101,0.19746,440303429.0
1741312800000,0.19745,0.19879,0.19619,0.1971,201255444.0
1741316400000,0.1971,0.19827,0.19596,0.19627,126462379.0
1741320000000,0.19627,0.1982,0.19603,0.19729,111519919.0
1741323600000,0.19729,0.20012,0.19718,0.19909,125721513.0
1741327200000,0.19908,0.20042,0.19794,0.19991,105276424.0
1741330800000,0.19992,0.20103,0.19942,0.20067,120062100.0
1741334400000,0.20067,0.20097,0.19952,0.20032,92754391.0
1741338000000,0.20032,0.20368,0.20022,0.20179,202282911.0
1741341600000,0.20179,0.20364,0.20145,0.2036,105617004.0
1741345200000,0.2036,0.20545,0.2031,0.20422,191497445.0
1741348800000,0.20422,0.20509,0.20184,0.20311,227315276.0
1741352400000,0.20311,0.20796,0.20308,0.20417,397724440.0
1741356000000,0.20417,0.20859,0.20289,0.20604,364739520.0
1741359600000,0.20603,0.20765,0.20251,0.20486,398848689.0
1741363200000,0.20485,0.2057,0.19824,0.19996,457491647.0
1741366800000,0.19995,0.20574,0.19932,0.20324,324502844.0
1741370400000,0.20325,0.20684,0.20261,0.20635,229127936.0
1741374000000,0.20635,0.20711,0.20378,0.2053,169653670.0
1741377600000,0.20529,0.20714,0.20276,0.20486,231146456.0
1741381200000,0.20484,0.20535,0.19941,0.20073,386692394.0
1741384800000,0.20073,0.20093,0.19746,0.19975,178915911.0
1741388400000,0.19975,0.19975,0.19576,0.19829,190841724.0
1741392000000,0.1983,0.2002,0.19739,0.19995,176442850.0
1741395600000,0.19995,0.2008,0.19508,0.19817,231657943.0
1741399200000,0.19816,0.19881,0.19712,0.19814,96308442.0
1741402800000,0.19814,0.19816,0.19565,0.1974,84268799.0
1741406400000,0.19741,0.19944,0.19616,0.19928,95703188.0
1741410000000,0.19929,0.19942,0.1966,0.19758,109367370.0
1741413600000,0.19759,0.19845,0.19671,0.19754,88346281.0
1741417200000,0.19754,0.19806,0.19591,0.19631,106495010.0
1741420800000,0.1963,0.19674,0.19521,0.19531,93619275.0
1741424400000,0.1953,0.19708,0.1941,0.19458,150799367.0
1741428000000,0.19457,0.19582,0.19433,0.19518,83549853.0
1741431600000,0.19518,0.1952,0.193,0.19424,206011312.0
1741435200000,0.19424,0.19538,0.19328,0.19483,146997295.0
1741438800000,0.19483,0.19597,0.19412,0.1953,101759261.0
1741442400000,0.1953,0.19659,0.1948,0.19497,109898416.0
1741446000000,0.19497,0.19583,0.19375,0.19454,103615250.0
1741449600000,0.19455,0.19501,0.19103,0.19274,247942032.0
1741453200000,0.19275,0.19436,0.19106,0.19327,192816274.0
1741456800000,0.19327,0.1938,0.19263,0.19372,64990929.0
1741460400000,0.19372,0.19542,0.19279,0.19479,90190686.0
1741464000000,0.19479,0.19497,0.19378,0.19388,51784566.0
1741467600000,0.19388,0.19523,0.19385,0.19404,64200594.0
1741471200000,0.19405,0.19423,0.19153,0.19284,111250290.0
1741474800000,0.19284,0.19298,0.19135,0.1922,70872800.0
1741478400000,0.1922,0.1938,0.1913,0.19324,78104042.0
1741482000000,0.19324,0.19414,0.1912,0.19134,72986191.0
1741485600000,0.19133,0.19189,0.18946,0.18988,167480743.0
1741489200000,0.18989,0.19141,0.18924,0.19071,116212211.0
1741492800000,0.19071,0.19086,0.18979,0.19067,75259833.0
1741496400000,0.19066,0.1915,0.19003,0.19031,85076067.0
1741500000000,0.19031,0.1905,0.18861,0.19003,132463054.0
1741503600000,0.19003,0.19197,0.18963,0.19133,121186390.0
1741507200000,0.19133,0.19136,0.18968,0.18979,88791346.0
1741510800000,0.1898,0.19004,0.18763,0.18796,176316184.0
1741514400000,0.18795,0.18836,0.18368,0.18454,413572401.0
1741518000000,0.18455,0.18587,0.18441,0.18514,195035466.0
1741521600000,0.18514,0.18518,0.18318,0.18426,219910346.0
1741525200000,0.18425,0.18478,0.18001,0.18014,375381634.0
1741528800000,0.18014,0.18195,0.17925,0.18103,427684245.0
1741532400000,0.18102,0.18118,0.17597,0.17726,499957979.0
1741536000000,0.17726,0.17788,0.17032,0.17055,1009159409.0
1741539600000,0.17055,0.17273,0.16641,0.16796,864007280.0
1741543200000,0.16795,0.17117,0.16524,0.16904,826495947.0
1741546800000,0.16905,0.17234,0.16834,0.17138,394584756.0
1741550400000,0.17138,0.17262,0.17067,0.17119,231672293.0
1741554000000,0.17119,0.1715,0.16784,0.16869,215491832.0
1741557600000,0.1687,0.16881,0.16641,0.16679,288975388.0
1741561200000,0.16679,0.1692,0.16541,0.16799,303625069.0
1741564800000,0.168,0.1711,0.16445,0.17028,529130946.0
1741568400000,0.17028,0.17234,0.1689,0.1711,288045345.0
1741572000000,0.1711,0.17403,0.17045,0.17235,280735890.0
1741575600000,0.17235,0.17281,0.17052,0.17169,158672531.0
1741579200000,0.17169,0.17448,0.17153,0.17442,163091306.0
1741582800000,0.17442,0.17497,0.17289,0.17351,161489533.0
1741586400000,0.17352,0.17384,0.17174,0.17285,172827469.0
1741590000000,0.17285,0.17469,0.17219,0.17371,167676808.0
1741593600000,0.17371,0.1738,0.17042,0.17079,236792282.0
1741597200000,0.17078,0.1809,0.17076,0.17428,911146650.0
1741600800000,0.17427,0.17529,0.17214,0.17401,262837356.0
1741604400000,0.17401,0.17821,0.17335,0.17731,258461273.0
1741608000000,0.1773,0.17835,0.17455,0.17617,290197430.0
1741611600000,0.17617,0.17665,0.17085,0.17136,363541290.0
1741615200000,0.17135,0.17135,0.1639,0.16568,952284952.0
1741618800000,0.16567,0.1701,0.16474,0.16713,426648405.0
1741622400000,0.16712,0.16778,0.16192,0.16276,445121653.0
1741626000000,0.16277,0.16322,0.15707,0.15794,850063990.0
1741629600000,0.15794,0.1605,0.15165,0.15205,665934489.0
1741633200000,0.15204,0.15848,0.15039,0.15742,795119324.0
1741636800000,0.15743,0.15854,0.15543,0.1572,289986585.0
1741640400000,0.15719,0.1584,0.15564,0.15697,211667948.0
1741644000000,0.15697,0.15765,0.15455,0.15534,208355827.0
1741647600000,0.15534,0.15656,0.1535,0.15401,258123606.0
1741651200000,0.15402,0.1567,0.14269,0.14812,1322648244.0
1741654800000,0.14811,0.15309,0.14378,0.15301,1033835203.0
1741658400000,0.15302,0.1551,0.1525,0.15427,456006884.0
1741662000000,0.15427,0.15644,0.15415,0.15434,239693994.0
1741665600000,0.15434,0.15728,0.15393,0.15631,352791288.0
1741669200000,0.1563,0.15956,0.15606,0.1587,325327702.0
1741672800000,0.15871,0.16015,0.157,0.15726,265861566.0
1741676400000,0.15725,0.15983,0.15706,0.15868,185897400.0
1741680000000,0.15868,0.16117,0.1583,0.15959,259007291.0
1741683600000,0.15959,0.16229,0.15955,0.16021,333290895.0
1741687200000,0.16022,0.16219,0.15952,0.16166,171301799.0
1741690800000,0.16166,0.16266,0.15998,0.16157,199678868.0
1741694400000,0.16156,0.16194,0.15753,0.1581,405192883.0
1741698000000,0.15809,0.16288,0.1563,0.15905,898006184.0
1741701600000,0.15904,0.16038,0.15274,0.15456,1025229644.0
1741705200000,0.15457,0.16202,0.15433,0.16108,547679891.0
1741708800000,0.16107,0.16493,0.15975,0.16278,526186977.0
1741712400000,0.16278,0.16407,0.15858,0.1596,538501841.0
1741716000000,0.15959,0.16828,0.15953,0.167,649498410.0
1741719600000,0.16699,0.16848,0.166,0.16827,303815295.0
1741723200000,0.16827,0.16853,0.16619,0.16628,163297819.0
1741726800000,0.16628,0.16766,0.16579,0.16647,129165158.0
1741730400000,0.16646,0.16754,0.16611,0.16705,106516207.0
1741734000000,0.16704,0.16724,0.16389,0.1645,197253451.0
1741737600000,0.1645,0.16557,0.16301,0.16387,239986550.0
1741741200000,0.16386,0.16829,0.16357,0.16642,282072138.0
1741744800000,0.16642,0.16653,0.16273,0.16335,259006851.0
1741748400000,0.16334,0.16405,0.16085,0.1611,216332550.0
1741752000000,0.1611,0.16173,0.15948,0.16051,283490278.0
1741755600000,0.16052,0.16278,0.16017,0.16243,186804064.0
1741759200000,0.16244,0.16275,0.16045,0.16199,190312994.0
1741762800000,0.16199,0.16587,0.16191,0.16533,308153462.0
1741766400000,0.16533,0.16879,0.16479,0.1678,442204735.0
1741770000000,0.1678,0.16941,0.16513,0.16698,340472570.0
1741773600000,0.16699,0.16726,0.16518,0.1666,155132011.0
1741777200000,0.1666,0.16871,0.16659,0.16847,169447720.0
1741780800000,0.16847,0.17406,0.16765,0.17194,679881571.0
1741784400000,0.17194,0.17278,0.16601,0.16694,578549735.0
1741788000000,0.16694,0.16726,0.16422,0.16443,478217552.0
1741791600000,0.16444,0.16558,0.16127,0.16511,645494342.0
1741795200000,0.16512,0.16814,0.16464,0.16598,303507384.0
1741798800000,0.16599,0.168,0.16524,0.16578,216123249.0
1741802400000,0.16579,0.1688,0.16541,0.16815,220018270.0
1741806000000,0.16815,0.16983,0.16743,0.16906,154198028.0
1741809600000,0.16907,0.17057,0.16851,0.16998,116743459.0
1741813200000,0.16998,0.17191,0.16902,0.16989,208218902.0
1741816800000,0.16989,0.17198,0.16969,0.17169,144548813.0
1741820400000,0.1717,0.17259,0.1709,0.17231,132067856.0
1741824000000,0.17231,0.1729,0.17097,0.17132,188858600.0
1741827600000,0.17133,0.17216,0.16984,0.17133,215541327.0
1741831200000,0.17133,0.17288,0.1707,0.17086,143710016.0
1741834800000,0.17086,0.17199,0.17006,0.17038,127531480.0
1741838400000,0.17037,0.17123,0.16859,0.16937,185870441.0
1741842000000,0.16936,0.17001,0.16703,0.1676,266112377.0
1741845600000,0.1676,0.16873,0.16637,0.16838,232372694.0
1741849200000,0.16839,0.17066,0.16802,0.16968,209564697.0
1741852800000,0.16967,0.1707,0.16809,0.16993,208083079.0
1741856400000,0.16993,0.17259,0.16983,0.17236,234459271.0
1741860000000,0.17235,0.1726,0.17023,0.17125,230002248.0
1741863600000,0.17124,0.17158,0.1694,0.17053,168977376.0
1741867200000,0.17053,0.17266,0.16789,0.16854,381824504.0
1741870800000,0.16854,0.17125,0.16561,0.16624,610164541.0
1741874400000,0.16623,0.16953,0.16537,0.16817,524840675.0
1741878000000,0.16818,0.16876,0.16533,0.16593,286425474.0
1741881600000,0.16592,0.16652,0.16435,0.1653,309078300.0
1741885200000,0.16531,0.16588,0.16224,0.16267,319583284.0
1741888800000,0.16266,0.16577,0.16255,0.16468,256122819.0
1741892400000,0.16468,0.16509,0.1622,0.1628,166321820.0
1741896000000,0.16279,0.16425,0.16178,0.16229,146942077.0
1741899600000,0.16228,0.16349,0.1616,0.16338,106188875.0
1741903200000,0.16337,0.16584,0.1631,0.16571,182893657.0
1741906800000,0.1657,0.16659,0.16462,0.16513,146404297.0
1741910400000,0.16514,0.16734,0.16454,0.16656,145468961.0
1741914000000,0.16657,0.16815,0.1658,0.16725,143592999.0
1741917600000,0.16725,0.16898,0.16702,0.16871,121565866.0
1741921200000,0.16871,0.16918,0.16733,0.1687,140192038.0
1741924800000,0.1687,0.16946,0.16848,0.16898,92269850.0
1741928400000,0.16899,0.16923,0.16813,0.16901,110609922.0
1741932000000,0.16902,0.16914,0.16772,0.16838,116583391.0
1741935600000,0.16838,0.16942,0.16778,0.16838,118044664.0
1741939200000,0.16837,0.17033,0.16835,0.16947,168880725.0
1741942800000,0.16947,0.1701,0.16881,0.16904,78717327.0
1741946400000,0.16904,0.17008,0.16807,0.16925,153043239.0
1741950000000,0.16926,0.17005,0.169,0.16969,87690069.0
1741953600000,0.1697,0.17056,0.16868,0.16982,124821156.0
1741957200000,0.16983,0.17208,0.16941,0.17136,238663750.0
1741960800000,0.17138,0.172,0.16939,0.17164,353475836.0
1741964400000,0.17165,0.17621,0.17165,0.17334,606788721.0
1741968000000,0.17335,0.17407,0.17179,0.17312,271177168.0
1741971600000,0.17312,0.17347,0.17075,0.17146,187630752.0
1741975200000,0.17146,0.17188,0.17053,0.17109,117334453.0
1741978800000,0.1711,0.17233,0.1702,0.17086,134082742.0
1741982400000,0.17086,0.17088,0.16918,0.17039,164330830.0
1741986000000,0.17039,0.17167,0.16995,0.17152,76576156.0
1741989600000,0.17152,0.17354,0.17118,0.17318,124684362.0
1741993200000,0.17318,0.1732,0.17145,0.17185,117484747.0
1741996800000,0.17186,0.17298,0.17136,0.17266,91352945.0
1742000400000,0.17267,0.17316,0.17109,0.17184,102285500.0
1742004000000,0.17184,0.17266,0.17114,0.17225,84526006.0
1742007600000,0.17225,0.17381,0.17209,0.17366,91406108.0
1742011200000,0.17366,0.17508,0.17262,0.17453,136345549.0
1742014800000,0.17454,0.17468,0.17322,0.17328,96047131.0
1742018400000,0.17329,0.17439,0.17286,0.17353,88890735.0
1742022000000,0.17353,0.17375,0.17142,0.17204,144350830.0
1742025600000,0.17205,0.17322,0.17121,0.17311,115510658.0
1742029200000,0.17312,0.17408,0.17231,0.17393,88370159.0
1742032800000,0.17394,0.17427,0.1732,0.17414,84100243.0
1742036400000,0.17414,0.17449,0.17359,0.17418,65899938.0
1742040000000,0.17418,0.1753,0.17385,0.17463,100121190.0
1742043600000,0.17464,0.1776,0.17459,0.17729,247372931.0
1742047200000,0.1773,0.1773,0.17491,0.17546,174772861.0
1742050800000,0.17546,0.17722,0.17536,0.17673,140708168.0
1742054400000,0.17673,0.17777,0.17572,0.17638,149115248.0
1742058000000,0.17637,0.17665,0.17506,0.17572,153072967.0
1742061600000,0.17572,0.17612,0.17456,0.17491,91240722.0
1742065200000,0.17492,0.17551,0.1743,0.17525,111302706.0
1742068800000,0.17526,0.17644,0.17518,0.17607,80361907.0
1742072400000,0.17607,0.17734,0.17588,0.17672,92982473.0
1742076000000,0.17672,0.17728,0.17611,0.17654,69340709.0
1742079600000,0.17655,0.17676,0.17554,0.17586,52411797.0
1742083200000,0.17585,0.17676,0.17513,0.17603,99461229.0
1742086800000,0.17603,0.1764,0.17375,0.17383,128820015.0
1742090400000,0.17383,0.17439,0.17287,0.17338,165382855.0
1742094000000,0.17339,0.1748,0.17312,0.17462,75832112.0
1742097600000,0.17461,0.17533,0.17422,0.17508,107010202.0
1742101200000,0.17509,0.17649,0.17489,0.17619,104591990.0
1742104800000,0.17618,0.17653,0.17554,0.17571,69717282.0
1742108400000,0.17571,0.17588,0.1745,0.17544,105049755.0
1742112000000,0.17545,0.17566,0.17418,0.17477,87404889.0
1742115600000,0.17477,0.17492,0.17147,0.17211,277823228.0
1742119200000,0.17212,0.17256,0.17084,0.17113,185080743.0
1742122800000,0.17113,0.17117,0.16674,0.16746,474327094.0
1742126400000,0.16747,0.16896,0.16738,0.16793,294368240.0
1742130000000,0.16792,0.16918,0.16558,0.16608,281705053.0
1742133600000,0.16607,0.16856,0.16601,0.1685,218583921.0
1742137200000,0.1685,0.16892,0.16704,0.16805,190377450.0
1742140800000,0.16805,0.17222,0.16788,0.16973,499577641.0
1742144400000,0.16973,0.1709,0.16895,0.17063,113045813.0
1742148000000,0.17063,0.17218,0.16965,0.17076,144355602.0
1742151600000,0.17076,0.17084,0.16719,0.16824,269831733.0
1742155200000,0.16824,0.16942,0.16796,0.16907,93164003.0
1742158800000,0.16906,0.16972,0.16804,0.16831,86366021.0
1742162400000,0.1683,0.16896,0.16653,0.16724,210143566.0
1742166000000,0.16725,0.16843,0.1665,0.1681,122486748.0
1742169600000,0.1681,0.17115,0.16792,0.17072,175323312.0
1742173200000,0.17073,0.17166,0.17001,0.17109,124419471.0
1742176800000,0.17108,0.17222,0.17081,0.1715,104924258.0
1742180400000,0.17149,0.1731,0.17149,0.17279,114884395.0
1742184000000,0.17279,0.17357,0.17212,0.17243,92915667.0
1742187600000,0.17243,0.17292,0.1714,0.17144,145669455.0
1742191200000,0.17143,0.17257,0.16982,0.17107,374199223.0
1742194800000,0.17108,0.1734,0.17083,0.17258,432684360.0
1742198400000,0.17258,0.17429,0.17168,0.174,171196920.0
1742202000000,0.17399,0.17484,0.17315,0.1737,144968500.0
1742205600000,0.1737,0.17399,0.17272,0.17311,118200023.0
1742209200000,0.17312,0.17394,0.17258,0.17286,91990694.0
1742212800000,0.17286,0.17423,0.17102,0.17103,348208832.0
1742216400000,0.17103,0.17233,0.17023,0.17076,240359581.0
1742220000000,0.17077,0.17205,0.16962,0.17093,179603342.0
1742223600000,0.17093,0.17257,0.16986,0.17214,189244370.0
1742227200000,0.17213,0.17335,0.17116,0.1719,124415947.0
1742230800000,0.1719,0.17489,0.1715,0.17428,171496878.0
1742234400000,0.17428,0.17617,0.17418,0.17573,349627403.0
1742238000000,0.17572,0.17613,0.17463,0.17484,148195926.0
1742241600000,0.17484,0.17508,0.17335,0.17347,141836245.0
1742245200000,0.17347,0.1748,0.17336,0.17437,89405808.0
1742248800000,0.17437,0.17461,0.17391,0.17434,75425529.0
1742252400000,0.17433,0.17438,0.17288,0.17325,69588762.0
1742256000000,0.17325,0.17343,0.1703,0.17099,206174346.0
1742259600000,0.17099,0.17136,0.16701,0.16755,320731596.0
1742263200000,0.16754,0.16924,0.16739,0.1685,245245941.0
1742266800000,0.16849,0.16851,0.16679,0.16765,164881028.0
1742270400000,0.16764,0.16848,0.16728,0.16771,107755055.0
1742274000000,0.16771,0.16886,0.16763,0.16866,117551084.0
1742277600000,0.16865,0.16865,0.16526,0.16625,301601238.0
1742281200000,0.16625,0.16818,0.16603,0.1677,221324653.0
1742284800000,0.16769,0.16963,0.1676,0.16852,204145191.0
1742288400000,0.16853,0.16857,0.16713,0.16734,112939174.0
1742292000000,0.16735,0.1678,0.16639,0.16697,142272876.0
1742295600000,0.16698,0.16706,0.16595,0.16626,87555479.0
1742299200000,0.16626,0.1671,0.16563,0.16618,151405708.0
1742302800000,0.16618,0.1666,0.16258,0.16338,433435096.0
1742306400000,0.16338,0.1656,0.16284,0.1649,240047501.0
1742310000000,0.1649,0.16518,0.16323,0.16359,140854692.0
1742313600000,0.16359,0.16515,0.16336,0.16455,114651004.0
1742317200000,0.16456,0.16473,0.16274,0.16349,120721116.0
1742320800000,0.16348,0.16493,0.16328,0.16467,106925967.0
1742324400000,0.16467,0.16638,0.16457,0.16618,120700473.0
1742328000000,0.16619,0.16653,0.16523,0.16603,91849801.0
1742331600000,0.16603,0.16693,0.16579,0.1663,80686289.0
1742335200000,0.16629,0.16794,0.16602,0.16753,84676269.0
1742338800000,0.16754,0.16863,0.16754,0.16794,127408083.0
1742342400000,0.16794,0.16944,0.16745,0.16863,145870233.0
1742346000000,0.16862,0.16882,0.16691,0.16697,127054017.0
1742349600000,0.16698,0.16791,0.16671,0.16786,102316227.0
1742353200000,0.16787,0.16893,0.16757,0.16872,129362520.0
1742356800000,0.16871,0.16889,0.16777,0.16801,66664719.0
1742360400000,0.168,0.16864,0.16779,0.1684,60007200.0
1742364000000,0.16841,0.1688,0.16763,0.16802,53781459.0
1742367600000,0.16802,0.16835,0.16708,0.16717,68702663.0
1742371200000,0.16717,0.16811,0.16714,0.16769,69532337.0
1742374800000,0.16769,0.16844,0.16732,0.16789,69716497.0
1742378400000,0.16789,0.16989,0.16789,0.16827,159170589.0
1742382000000,0.16826,0.1717,0.16794,0.17093,327792558.0
1742385600000,0.17093,0.17116,0.16879,0.1697,186765379.0
1742389200000,0.16971,0.17378,0.16906,0.17178,488061264.0
1742392800000,0.17178,0.17369,0.17121,0.17271,242113424.0
1742396400000,0.17271,0.17398,0.1718,0.17334,177637960.0
1742400000000,0.17334,0.17348,0.17103,0.17135,180707787.0
1742403600000,0.17134,0.17141,0.16841,0.17008,376635265.0
1742407200000,0.17009,0.17444,0.1683,0.17385,434884375.0
1742410800000,0.17385,0.17592,0.17245,0.17397,378695530.0
1742414400000,0.17398,0.17539,0.17339,0.17393,151073187.0
1742418000000,0.17392,0.17566,0.17386,0.17498,102196903.0
1742421600000,0.17498,0.17746,0.17497,0.17621,161519883.0
1742425200000,0.17622,0.17871,0.17604,0.1779,196108371.0
1742428800000,0.17791,0.17909,0.17584,0.17631,304519179.0
1742432400000,0.17631,0.17792,0.17614,0.17683,141418158.0
1742436000000,0.17682,0.17724,0.17536,0.17667,124308699.0
1742439600000,0.17667,0.17688,0.17544,0.1756,71144552.0
1742443200000,0.17561,0.17583,0.17392,0.17448,159763582.0
1742446800000,0.17447,0.17469,0.17351,0.17428,106331571.0
1742450400000,0.17428,0.17518,0.17407,0.17452,86542421.0
1742454000000,0.17452,0.17494,0.17373,0.17408,82998078.0
1742457600000,0.17408,0.17613,0.17331,0.17585,158794396.0
1742461200000,0.17585,0.17594,0.17384,0.17412,130486231.0
1742464800000,0.17412,0.17426,0.17078,0.17136,373958185.0
1742468400000,0.17136,0.17244,0.17122,0.17192,155703226.0
1742472000000,0.17192,0.17276,0.17142,0.1725,106540082.0
1742475600000,0.17251,0.17298,0.1712,0.17186,133762488.0
1742479200000,0.17185,0.17424,0.17178,0.17342,277738100.0
1742482800000,0.17341,0.1735,0.16952,0.16963,341871565.0
1742486400000,0.16962,0.1703,0.16652,0.16701,326644741.0
1742490000000,0.16701,0.16874,0.167,0.16837,215752678.0
1742493600000,0.16838,0.16959,0.16824,0.1688,136609021.0
1742497200000,0.1688,0.16956,0.16816,0.16928,82641152.0
1742500800000,0.16928,0.17005,0.16901,0.16948,83561559.0
1742504400000,0.16949,0.16965,0.16881,0.16893,59615973.0
1742508000000,0.16892,0.16924,0.16833,0.16861,69043177.0
1742511600000,0.16861,0.16954,0.16824,0.16938,66181648.0
1742515200000,0.16938,0.17053,0.16895,0.17023,106463188.0
1742518800000,0.17023,0.17148,0.16995,0.17137,112652853.0
1742522400000,0.17137,0.17146,0.17,0.17025,97051939.0
1742526000000,0.17025,0.17038,0.16874,0.16931,108141266.0
1742529600000,0.16931,0.17066,0.16922,0.17026,68970779.0
1742533200000,0.17025,0.17028,0.16877,0.16942,84442689.0
1742536800000,0.16942,0.16949,0.16836,0.16871,94448164.0
1742540400000,0.1687,0.16879,0.16738,0.16836,164741674.0
1742544000000,0.16837,0.16912,0.16714,0.16797,103902949.0
1742547600000,0.16797,0.1686,0.16714,0.16758,100656637.0
1742551200000,0.16758,0.16782,0.16596,0.16703,170406220.0
1742554800000,0.16703,0.16765,0.16661,0.16735,75203428.0
1742558400000,0.16735,0.16809,0.16581,0.16596,181485325.0
1742562000000,0.16597,0.16692,0.16457,0.16651,278971938.0
1742565600000,0.16652,0.16687,0.165,0.1666,166997074.0
1742569200000,0.16661,0.1667,0.16501,0.16542,129087676.0
1742572800000,0.16541,0.16753,0.16498,0.16731,162194446.0
1742576400000,0.16731,0.16835,0.16664,0.16784,128136436.0
1742580000000,0.16784,0.16913,0.16729,0.168,116290782.0
1742583600000,0.16801,0.1685,0.16763,0.16832,64059217.0
1742587200000,0.16832,0.16903,0.16793,0.16884,55698374.0
1742590800000,0.16884,0.16968,0.16841,0.1687,91359724.0
1742594400000,0.1687,0.16877,0.16731,0.16769,87068374.0
1742598000000,0.16769,0.16776,0.16675,0.16718,68727300.0
1742601600000,0.16718,0.16863,0.16688,0.16833,87594468.0
1742605200000,0.16834,0.169,0.16739,0.16759,73701445.0
1742608800000,0.16759,0.16855,0.16732,0.16805,51912296.0
1742612400000,0.16804,0.16891,0.1677,0.16864,64895380.0
1742616000000,0.16864,0.16923,0.1684,0.16908,57944705.0
1742619600000,0.16908,0.16919,0.16844,0.16881,65517104.0
1742623200000,0.1688,0.16936,0.16855,0.16903,55610567.0
1742626800000,0.16902,0.16953,0.16861,0.16884,66916030.0
1742630400000,0.16885,0.16891,0.16813,0.16857,76897120.0
1742634000000,0.16856,0.16972,0.16856,0.16891,92789938.0
1742637600000,0.1689,0.1695,0.1688,0.16905,65571230.0
1742641200000,0.16905,0.16913,0.16846,0.16869,69367317.0
1742644800000,0.1687,0.16895,0.16829,0.16863,51079419.0
1742648400000,0.16864,0.16881,0.16752,0.16812,86028587.0
1742652000000,0.16813,0.16826,0.1672,0.16725,76304794.0
1742655600000,0.16726,0.16809,0.16723,0.16796,54834539.0
1742659200000,0.16795,0.16844,0.1675,0.16817,61472051.0
1742662800000,0.16817,0.1689,0.16799,0.16875,54404781.0
1742666400000,0.16874,0.16925,0.1685,0.16906,72932116.0
1742670000000,0.16906,0.16962,0.1687,0.16893,66708215.0
1742673600000,0.16893,0.16928,0.16826,0.1683,53777353.0
1742677200000,0.16829,0.16847,0.16728,0.16763,89817834.0
1742680800000,0.16763,0.16825,0.16734,0.1675,67804530.0
1742684400000,0.16751,0.16751,0.16648,0.16729,103561730.0
1742688000000,0.16728,0.16781,0.16693,0.16724,65957665.0
1742691600000,0.16724,0.16824,0.16703,0.16793,73324740.0
1742695200000,0.16793,0.1688,0.16767,0.16873,67196908.0
1742698800000,0.16873,0.16883,0.16822,0.16864,54068387.0
1742702400000,0.16864,0.16875,0.1677,0.16788,69163395.0
1742706000000,0.16788,0.1685,0.16727,0.16832,92498005.0
1742709600000,0.16832,0.16988,0.16795,0.1696,153387827.0
1742713200000,0.16961,0.17034,0.16923,0.16953,201221247.0
1742716800000,0.16953,0.17014,0.16952,0.16982,84574834.0
1742720400000,0.16981,0.17099,0.16971,0.1704,99781702.0
1742724000000,0.17039,0.1712,0.17039,0.17082,82183381.0
1742727600000,0.17082,0.17218,0.1708,0.17091,170377808.0
1742731200000,0.17092,0.17159,0.1705,0.17079,90206811.0
1742734800000,0.17079,0.17178,0.17023,0.17166,132583373.0
1742738400000,0.17166,0.17206,0.17084,0.171,112544307.0
1742742000000,0.17101,0.17231,0.17096,0.17194,90719540.0
1742745600000,0.17194,0.17203,0.17049,0.1708,152292763.0
1742749200000,0.1708,0.17133,0.16968,0.17035,119137504.0
1742752800000,0.17035,0.17067,0.16958,0.1704,71145977.0
1742756400000,0.17041,0.17137,0.17017,0.17096,83847137.0
1742760000000,0.17095,0.17145,0.17062,0.17071,58093075.0
1742763600000,0.1707,0.1712,0.17004,0.17113,53240162.0
1742767200000,0.17112,0.17235,0.17066,0.17107,94894025.0
1742770800000,0.17107,0.17255,0.17106,0.17255,71395163.0
1742774400000,0.17254,0.17464,0.1721,0.1726,194591179.0
1742778000000,0.1726,0.17268,0.17058,0.17076,121460071.0
1742781600000,0.17076,0.17236,0.1706,0.17208,90839277.0
1742785200000,0.17207,0.17472,0.172,0.17367,270967228.0
1742788800000,0.17367,0.17545,0.17367,0.17479,208453116.0
1742792400000,0.17479,0.17528,0.17423,0.17482,103207126.0
1742796000000,0.17482,0.17594,0.17482,0.17556,132388309.0
1742799600000,0.17555,0.17584,0.17439,0.17483,114759089.0
1742803200000,0.17483,0.17674,0.17479,0.17617,146570974.0
1742806800000,0.17616,0.17656,0.17551,0.17601,115993932.0
1742810400000,0.17602,0.17693,0.17562,0.17669,119898842.0
1742814000000,0.17669,0.17714,0.17591,0.17692,144466087.0
1742817600000,0.17692,0.1774,0.17605,0.17648,154446213.0
1742821200000,0.17647,0.17693,0.17545,0.17689,166396271.0
1742824800000,0.1769,0.1847,0.17674,0.18192,909204482.0
1742828400000,0.18191,0.18396,0.1812,0.18338,298587426.0
1742832000000,0.18338,0.18464,0.18039,0.18158,404506070.0
1742835600000,0.18157,0.18312,0.18126,0.18291,150951469.0
1742839200000,0.18291,0.1879,0.18234,0.18697,398678582.0
1742842800000,0.18698,0.18863,0.18574,0.18632,320161923.0
1742846400000,0.18632,0.18899,0.18506,0.18577,233877534.0
1742850000000,0.18578,0.18618,0.18464,0.18553,132605419.0
1742853600000,0.18552,0.18598,0.18314,0.1835,233139236.0
1742857200000,0.1835,0.18375,0.18182,0.1829,208868601.0
1742860800000,0.1829,0.18669,0.18223,0.18604,293957644.0
1742864400000,0.18605,0.18608,0.18303,0.18535,237250244.0
1742868000000,0.18534,0.18789,0.18401,0.18521,247571561.0
1742871600000,0.1852,0.18571,0.18139,0.18191,328151031.0
1742875200000,0.18192,0.18308,0.1807,0.18288,207291707.0
1742878800000,0.18289,0.18499,0.18217,0.18464,178060221.0
1742882400000,0.18463,0.18512,0.18282,0.18322,170614960.0
1742886000000,0.18323,0.18402,0.18221,0.18294,119767679.0
1742889600000,0.18295,0.18453,0.18246,0.18424,121830187.0
1742893200000,0.18425,0.18631,0.18342,0.18558,203098130.0
1742896800000,0.18558,0.18687,0.18457,0.18609,174111219.0
1742900400000,0.18609,0.18714,0.18488,0.18588,239666338.0
1742904000000,0.18589,0.18673,0.18445,0.18459,206309443.0
1742907600000,0.18458,0.18933,0.18442,0.18721,490508607.0
1742911200000,0.18722,0.19243,0.18596,0.19155,626593305.0
1742914800000,0.19154,0.19355,0.19,0.19067,567978831.0
1742918400000,0.19067,0.19193,0.18865,0.18974,312301376.0
1742922000000,0.18975,0.19328,0.18975,0.19192,204553036.0
1742925600000,0.19191,0.19317,0.19004,0.19191,376738096.0
1742929200000,0.19191,0.193,0.19012,0.19104,251923797.0
1742932800000,0.19104,0.19189,0.18937,0.18997,225219623.0
1742936400000,0.18997,0.1939,0.18983,0.19077,279973793.0
1742940000000,0.19077,0.19169,0.18874,0.18937,190743550.0
1742943600000,0.18936,0.19096,0.18861,0.19056,112389434.0
1742947200000,0.19056,0.19458,0.18928,0.19303,355580132.0
1742950800000,0.19304,0.19586,0.19267,0.19455,269204209.0
1742954400000,0.19455,0.19483,0.19215,0.19276,202644209.0
1742958000000,0.19276,0.19351,0.18969,0.19023,254569553.0
1742961600000,0.19022,0.1916,0.18993,0.19116,157483091.0
1742965200000,0.19115,0.19286,0.1903,0.19277,167692481.0
1742968800000,0.19276,0.19486,0.19221,0.1946,185400847.0
1742972400000,0.19459,0.20198,0.19373,0.20118,757476588.0
1742976000000,0.20115,0.20478,0.20052,0.20205,635953425.0
1742979600000,0.20205,0.20499,0.202,0.20371,390454029.0
1742983200000,0.20371,0.20574,0.20365,0.20456,390670724.0
1742986800000,0.20456,0.20524,0.20285,0.20329,286626857.0
1742990400000,0.20329,0.20376,0.20125,0.20342,365479434.0
1742994000000,0.20343,0.20367,0.19715,0.19771,648777323.0
1742997600000,0.1977,0.19915,0.19523,0.19642,675943551.0
1743001200000,0.19642,0.1973,0.19464,0.19611,336475285.0
1743004800000,0.19611,0.19759,0.19495,0.19616,387573576.0
1743008400000,0.19617,0.19742,0.1933,0.19434,504646852.0
1743012000000,0.19434,0.1957,0.19322,0.19368,226921362.0
1743015600000,0.19368,0.1946,0.19163,0.19399,382836272.0
1743019200000,0.19399,0.19699,0.19366,0.1966,329069066.0
1743022800000,0.19661,0.19789,0.1931,0.195,363452773.0
1743026400000,0.19501,0.19555,0.192,0.19467,290224199.0
1743030000000,0.19468,0.19544,0.19343,0.19481,145584588.0
1743033600000,0.1948,0.19678,0.19268,0.19605,273336344.0
1743037200000,0.19604,0.1968,0.19444,0.19578,217464914.0
1743040800000,0.19578,0.20049,0.19564,0.19979,319158782.0
1743044400000,0.19979,0.19996,0.19754,0.19934,239426107.0
1743048000000,0.19935,0.19952,0.19734,0.19852,178093678.0
1743051600000,0.19852,0.19869,0.19552,0.1959,205699488.0
1743055200000,0.1959,0.19798,0.19582,0.19684,146806920.0
1743058800000,0.19684,0.19761,0.19507,0.19595,171235412.0
1743062400000,0.19596,0.19749,0.1947,0.19623,192420961.0
1743066000000,0.19624,0.19677,0.19519,0.19617,155060405.0
1743069600000,0.19618,0.19762,0.19493,0.19505,226535679.0
1743073200000,0.19505,0.19593,0.19238,0.19323,324853665.0
1743076800000,0.19322,0.19483,0.19271,0.19347,301037604.0
1743080400000,0.19346,0.19445,0.18888,0.19099,611788887.0
1743084000000,0.19099,0.19514,0.19027,0.19441,409652758.0
1743087600000,0.1944,0.19461,0.19145,0.192,251022432.0
1743091200000,0.19199,0.19312,0.19004,0.19023,223937360.0
1743094800000,0.19023,0.19084,0.18756,0.18876,354655843.0
1743098400000,0.18876,0.19119,0.18859,0.19091,184704222.0
1743102000000,0.19092,0.19231,0.19055,0.19093,212429157.0
1743105600000,0.19093,0.19187,0.19007,0.19104,155069077.0
1743109200000,0.19105,0.19331,0.19058,0.19248,122829716.0
1743112800000,0.19248,0.19258,0.19156,0.19165,75381921.0
1743116400000,0.19164,0.19168,0.1901,0.19039,106142175.0
1743120000000,0.19039,0.19043,0.18745,0.19025,255460965.0
1743123600000,0.19025,0.19272,0.18924,0.19154,222518043.0
1743127200000,0.19155,0.1928,0.19011,0.19048,131255278.0
1743130800000,0.19048,0.19069,0.18829,0.18929,187822829.0
1743134400000,0.18929,0.18977,0.18296,0.18521,556171309.0
1743138000000,0.18521,0.18521,0.18335,0.18353,238712870.0
1743141600000,0.18352,0.18487,0.18198,0.18264,246837646.0
1743145200000,0.18264,0.18383,0.1812,0.18151,255636953.0
1743148800000,0.18151,0.18274,0.18075,0.18193,229816034.0
1743152400000,0.18193,0.1823,0.18047,0.18072,215475749.0
1743156000000,0.18072,0.18177,0.18013,0.18033,188949230.0
1743159600000,0.18032,0.18294,0.1786,0.18169,557140305.0
1743163200000,0.18168,0.18256,0.18006,0.18022,313829823.0
1743166800000,0.18021,0.18205,0.17772,0.17929,378006742.0
1743170400000,0.1793,0.18125,0.17778,0.18021,427760080.0
1743174000000,0.1802,0.1812,0.17915,0.17942,224722924.0
1743177600000,0.17943,0.18051,0.17862,0.1793,237399542.0
1743181200000,0.17929,0.18106,0.17916,0.18096,204320025.0
1743184800000,0.18095,0.1813,0.17985,0.18069,118891688.0
1743188400000,0.18068,0.18088,0.17837,0.17851,137831933.0
1743192000000,0.17851,0.1804,0.1771,0.17764,200118304.0
1743195600000,0.17764,0.17975,0.17711,0.17945,177785464.0
1743199200000,0.17945,0.18118,0.1793,0.18117,139485750.0
1743202800000,0.18117,0.18146,0.1799,0.18013,81118541.0
1743206400000,0.18013,0.1825,0.1799,0.1808,199934744.0
1743210000000,0.1808,0.18156,0.17939,0.18012,122617695.0
1743213600000,0.18012,0.18058,0.17723,0.17745,169631904.0
1743217200000,0.17744,0.17918,0.175,0.17861,401684611.0
1743220800000,0.17861,0.1797,0.17757,0.17816,170408172.0
1743224400000,0.17815,0.17824,0.17629,0.17746,114949667.0
1743228000000,0.17745,0.17749,0.17524,0.17613,247029577.0
1743231600000,0.17613,0.17633,0.17361,0.17467,273342744.0
1743235200000,0.17467,0.17547,0.17385,0.17456,180643768.0
1743238800000,0.17455,0.17492,0.1712,0.17311,334321665.0
1743242400000,0.1731,0.17322,0.17071,0.17086,257922875.0
1743246000000,0.17085,0.17171,0.1683,0.16982,480031143.0
1743249600000,0.16982,0.17158,0.16938,0.17025,267572622.0
1743253200000,0.17025,0.17258,0.17021,0.17252,234302357.0
1743256800000,0.17252,0.17255,0.1705,0.17083,165653477.0
1743260400000,0.17082,0.17137,0.16958,0.16976,134926710.0
1743264000000,0.16976,0.17047,0.168,0.16816,248434628.0
1743267600000,0.16815,0.16987,0.16564,0.16801,552104927.0
1743271200000,0.16801,0.16937,0.16765,0.16813,216788065.0
1743274800000,0.16814,0.16936,0.16734,0.16931,159298889.0
1743278400000,0.16932,0.16933,0.16722,0.16729,158372703.0
1743282000000,0.16728,0.16875,0.16675,0.1678,133125772.0
1743285600000,0.16781,0.1685,0.16738,0.16795,86821231.0
1743289200000,0.16795,0.16975,0.16759,0.16946,94291240.0
1743292800000,0.16946,0.17027,0.16774,0.16936,224900241.0
1743296400000,0.16936,0.17166,0.16923,0.17036,270608780.0
1743300000000,0.17036,0.17197,0.1702,0.17131,161424434.0
1743303600000,0.17131,0.1723,0.17048,0.17063,172164881.0
1743307200000,0.17063,0.17186,0.1706,0.17127,110791100.0
1743310800000,0.17126,0.17209,0.1707,0.17094,108036512.0
1743314400000,0.17093,0.17149,0.1698,0.17074,141918063.0
1743318000000,0.17075,0.17141,0.17015,0.17036,75601403.0
1743321600000,0.17036,0.17183,0.17036,0.17163,85417567.0
1743325200000,0.17165,0.172,0.171,0.17118,105988249.0
1743328800000,0.17118,0.17173,0.1689,0.16903,177233749.0
1743332400000,0.16902,0.17058,0.16896,0.16962,117886625.0
1743336000000,0.16963,0.17045,0.1691,0.17006,99971071.0
1743339600000,0.17007,0.17087,0.1678,0.16827,252715589.0
1743343200000,0.16826,0.16944,0.16746,0.16871,205589459.0
1743346800000,0.16871,0.16999,0.16818,0.16851,126437815.0
1743350400000,0.16852,0.16907,0.166,0.16669,214809987.0
1743354000000,0.16669,0.1684,0.1661,0.1681,153534370.0
1743357600000,0.1681,0.17058,0.16809,0.17049,186281806.0
1743361200000,0.17049,0.17114,0.16912,0.16927,113256591.0
1743364800000,0.16927,0.16953,0.16843,0.16862,68179909.0
1743368400000,0.16862,0.16936,0.16657,0.16726,113924251.0
1743372000000,0.16725,0.16841,0.16434,0.16726,417209133.0
1743375600000,0.16725,0.16734,0.165,0.16645,178737519.0
1743379200000,0.16646,0.16742,0.16265,0.16386,359262902.0
1743382800000,0.16387,0.1677,0.16351,0.16673,325852225.0
1743386400000,0.16673,0.16806,0.16531,0.16689,174330288.0
1743390000000,0.16688,0.1675,0.16423,0.16462,204290586.0
1743393600000,0.16462,0.16604,0.16361,0.16531,168212906.0
1743397200000,0.16531,0.16735,0.16521,0.16615,195915539.0
1743400800000,0.16615,0.16656,0.16425,0.16488,146031133.0
1743404400000,0.16489,0.1659,0.16218,0.16332,361519448.0
1743408000000,0.16333,0.16485,0.16241,0.1625,264004967.0
1743411600000,0.1625,0.16325,0.16054,0.16108,375570463.0
1743415200000,0.16108,0.16406,0.16,0.16352,363930230.0
1743418800000,0.16353,0.1643,0.16192,0.16326,205828091.0
1743422400000,0.16326,0.1671,0.16248,0.16544,305450381.0
1743426000000,0.16544,0.16566,0.16068,0.16271,463247911.0
1743429600000,0.16271,0.16691,0.1627,0.16621,492876294.0
1743433200000,0.16621,0.16829,0.16607,0.16693,374465999.0
1743436800000,0.16694,0.16804,0.16634,0.16667,250876374.0
1743440400000,0.16666,0.1679,0.164,0.1654,364778284.0
1743444000000,0.16541,0.16759,0.16512,0.16689,166562300.0
1743447600000,0.16688,0.16789,0.1653,0.16569,147192254.0
1743451200000,0.16569,0.16695,0.16522,0.16558,103327947.0
1743454800000,0.16559,0.16649,0.16552,0.16566,60723123.0
1743458400000,0.16566,0.1657,0.16423,0.1655,133405558.0
1743462000000,0.16549,0.16691,0.16538,0.16658,134186101.0
1743465600000,0.16657,0.16792,0.16624,0.1671,175601510.0
1743469200000,0.1671,0.16734,0.16592,0.16634,107553601.0
1743472800000,0.16635,0.16873,0.16614,0.1687,128838125.0
1743476400000,0.1687,0.16967,0.16813,0.16846,163435220.0
1743480000000,0.16847,0.1691,0.1677,0.16904,119393637.0
1743483600000,0.16904,0.17089,0.1688,0.16882,300120505.0
1743487200000,0.16882,0.17057,0.16846,0.17004,167880985.0
1743490800000,0.17005,0.17085,0.16936,0.16953,141326715.0
1743494400000,0.16953,0.17456,0.16951,0.17423,419434196.0
1743498000000,0.17423,0.17515,0.17303,0.17352,231181291.0
1743501600000,0.17352,0.1737,0.17113,0.1713,264604937.0
1743505200000,0.1713,0.17153,0.16964,0.1704,253282779.0
1743508800000,0.1704,0.17168,0.17005,0.17076,158547877.0
1743512400000,0.17076,0.17216,0.17018,0.17111,187350397.0
1743516000000,0.17112,0.1718,0.16714,0.17115,549895319.0
1743519600000,0.17116,0.1756,0.17116,0.17487,452209233.0
1743523200000,0.17487,0.17572,0.17276,0.17346,259937854.0
1743526800000,0.17346,0.1737,0.17235,0.17251,105342160.0
1743530400000,0.1725,0.17253,0.17104,0.17177,134669011.0
1743534000000,0.17176,0.17241,0.17142,0.17205,81287848.0
1743537600000,0.17204,0.17278,0.1709,0.17273,121551764.0
1743541200000,0.17272,0.17368,0.17255,0.17323,112905409.0
1743544800000,0.17323,0.17476,0.17293,0.17391,115630195.0
1743548400000,0.17391,0.17498,0.173,0.17391,120345195.0
1743552000000,0.1739,0.174,0.1719,0.17219,176582996.0
1743555600000,0.17218,0.17305,0.17082,0.17216,178602661.0
1743559200000,0.17217,0.17239,0.16981,0.17086,230658212.0
1743562800000,0.17086,0.17247,0.17073,0.17108,131137487.0
1743566400000,0.17107,0.17211,0.17062,0.17152,100288818.0
1743570000000,0.17152,0.17154,0.16811,0.16823,219546596.0
1743573600000,0.16822,0.16932,0.16765,0.16803,223877277.0
1743577200000,0.16804,0.17009,0.16772,0.16961,183861653.0
1743580800000,0.16961,0.17099,0.1689,0.17031,158321609.0
1743584400000,0.17031,0.17306,0.17019,0.17165,212190185.0
1743588000000,0.17164,0.17347,0.17131,0.17185,204184725.0
1743591600000,0.17184,0.17275,0.17088,0.17124,147247697.0
1743595200000,0.17124,0.1723,0.17044,0.17218,180200145.0
1743598800000,0.17219,0.17462,0.1693,0.1718,412838579.0
1743602400000,0.17179,0.17312,0.17043,0.17231,417105284.0
1743606000000,0.17231,0.17804,0.17206,0.17609,1372386683.0
1743609600000,0.17609,0.17645,0.17343,0.1737,298635963.0
1743613200000,0.17369,0.17465,0.17045,0.17177,404452209.0
1743616800000,0.17176,0.1738,0.17144,0.17311,198424309.0
1743620400000,0.17311,0.17443,0.17247,0.1742,128017092.0
1743624000000,0.1742,0.18005,0.16996,0.17204,1201193964.0
1743627600000,0.17204,0.17266,0.16834,0.16989,337449086.0
1743631200000,0.16988,0.16988,0.16201,0.16293,658554855.0
1743634800000,0.16291,0.16509,0.16185,0.16376,393480050.0
1743638400000,0.16376,0.16609,0.16304,0.16603,310897829.0
1743642000000,0.16602,0.16668,0.16542,0.16571,186556090.0
1743645600000,0.16572,0.16656,0.16426,0.16644,183284705.0
1743649200000,0.16643,0.16663,0.16548,0.16604,97036026.0
1743652800000,0.16603,0.16729,0.16572,0.16682,130494196.0
1743656400000,0.16683,0.1674,0.16558,0.16563,103115633.0
1743660000000,0.16563,0.1661,0.1641,0.16443,171853630.0
1743663600000,0.16443,0.16505,0.16332,0.16424,290826075.0
1743667200000,0.16423,0.16503,0.16382,0.16463,117057171.0
1743670800000,0.16462,0.16495,0.16273,0.16291,197805879.0
1743674400000,0.1629,0.16357,0.16023,0.16041,323881752.0
1743678000000,0.1604,0.1614,0.15933,0.16042,223852265.0
1743681600000,0.16041,0.16104,0.1556,0.15686,593782887.0
1743685200000,0.15687,0.15968,0.15617,0.15916,491584385.0
1743688800000,0.15915,0.15923,0.15527,0.15556,481789308.0
1743692400000,0.15555,0.15862,0.15542,0.15833,327546133.0
1743696000000,0.15832,0.15908,0.1573,0.15752,213273522.0
1743699600000,0.15751,0.1585,0.15698,0.15769,140858837.0
1743703200000,0.15769,0.15987,0.15709,0.1588,218860064.0
1743706800000,0.15881,0.15985,0.15837,0.15861,136361213.0
1743710400000,0.15862,0.15966,0.15783,0.15926,121658115.0
1743714000000,0.15927,0.16137,0.15905,0.16088,152992521.0
1743717600000,0.16089,0.16145,0.16004,0.16083,132071814.0
1743721200000,0.16082,0.16222,0.15994,0.16222,155073840.0
1743724800000,0.16222,0.16324,0.16162,0.16178,191058355.0
1743728400000,0.16178,0.16285,0.15991,0.16036,193714880.0
1743732000000,0.16036,0.16289,0.16032,0.16203,137662666.0
1743735600000,0.16202,0.16281,0.16104,0.16258,137220563.0
1743739200000,0.16258,0.16288,0.16194,0.1623,109760260.0
1743742800000,0.1623,0.16438,0.16164,0.16416,194568386.0
1743746400000,0.16415,0.16518,0.16377,0.16378,191509372.0
1743750000000,0.16378,0.16678,0.16377,0.16623,246994299.0
1743753600000,0.16623,0.1675,0.16615,0.16661,276913914.0
1743757200000,0.16662,0.16737,0.16602,0.167,143215334.0
1743760800000,0.16699,0.16741,0.16222,0.16275,755034295.0
1743764400000,0.16274,0.1633,0.15991,0.16222,559508782.0
1743768000000,0.16221,0.1658,0.16149,0.16465,593471171.0
1743771600000,0.16466,0.167,0.163,0.1665,585371733.0
1743775200000,0.1665,0.16849,0.1654,0.16799,719418031.0
1743778800000,0.16798,0.17156,0.16722,0.16748,919061119.0
1743782400000,0.16748,0.16982,0.16696,0.16902,405691148.0
1743786000000,0.16902,0.17208,0.16771,0.17157,405760192.0
1743789600000,0.17158,0.17199,0.16954,0.16968,264621064.0
1743793200000,0.16968,0.17045,0.16881,0.16973,214491044.0
1743796800000,0.16974,0.17083,0.16858,0.1705,158442238.0
1743800400000,0.17051,0.17257,0.17035,0.17122,151289335.0
1743804000000,0.17122,0.17279,0.17122,0.17208,117974649.0
1743807600000,0.17207,0.17221,0.17031,0.1712,143199235.0
1743811200000,0.17119,0.17129,0.1696,0.17081,148796970.0
1743814800000,0.17082,0.17165,0.17059,0.17068,104703967.0
1743818400000,0.17069,0.17099,0.16991,0.17028,105655267.0
1743822000000,0.17029,0.17037,0.16923,0.1693,107232063.0
1743825600000,0.1693,0.17004,0.16884,0.1691,91672834.0
1743829200000,0.16909,0.16984,0.16884,0.16902,64524498.0
1743832800000,0.16901,0.16955,0.16797,0.16853,114430971.0
1743836400000,0.16854,0.16949,0.16834,0.16935,125577146.0
1743840000000,0.16934,0.16966,0.1685,0.16912,80143900.0
1743843600000,0.16912,0.17034,0.16911,0.1703,104124857.0
1743847200000,0.1703,0.17076,0.1693,0.16944,103726286.0
1743850800000,0.16944,0.17016,0.16926,0.17007,169938558.0
1743854400000,0.17007,0.17054,0.16816,0.16895,166838523.0
1743858000000,0.16896,0.16917,0.16603,0.16671,309520076.0
1743861600000,0.16671,0.16858,0.16664,0.16797,198581423.0
1743865200000,0.16797,0.168,0.16632,0.16715,159497010.0
1743868800000,0.16715,0.1678,0.16685,0.16735,94994675.0
1743872400000,0.16736,0.16825,0.16701,0.16766,75493193.0
1743876000000,0.16767,0.16872,0.16758,0.16845,78979419.0
1743879600000,0.16846,0.16865,0.1673,0.16749,63817949.0
1743883200000,0.16749,0.16834,0.16706,0.16797,75959656.0
1743886800000,0.16798,0.16833,0.16738,0.16746,43329908.0
1743890400000,0.16746,0.16817,0.16742,0.16794,33008482.0
1743894000000,0.16795,0.16926,0.16787,0.16887,90883939.0
1743897600000,0.16887,0.16947,0.1683,0.16922,99687482.0
1743901200000,0.16922,0.16992,0.16856,0.16865,89325081.0
1743904800000,0.16865,0.16882,0.16731,0.16739,97090406.0
1743908400000,0.16738,0.16799,0.16702,0.16762,86818411.0
1743912000000,0.16762,0.16767,0.16666,0.16749,91850324.0
1743915600000,0.16748,0.16791,0.16699,0.16772,88594553.0
1743919200000,0.16772,0.16784,0.16571,0.16604,140366710.0
1743922800000,0.16603,0.16613,0.16486,0.16498,210259070.0
1743926400000,0.16498,0.16542,0.16403,0.16533,195488933.0
1743930000000,0.16534,0.16538,0.16454,0.16467,80681301.0
1743933600000,0.16466,0.16476,0.16359,0.16426,168030273.0
1743937200000,0.16426,0.16459,0.1635,0.1642,116666607.0
1743940800000,0.16419,0.16449,0.16263,0.16274,209838937.0
1743944400000,0.16274,0.16303,0.15965,0.15997,389458287.0
1743948000000,0.15998,0.16273,0.15944,0.16265,414219674.0
1743951600000,0.16265,0.16294,0.16152,0.16169,173522805.0
1743955200000,0.16168,0.16168,0.1604,0.16073,224894119.0
1743958800000,0.16073,0.16105,0.15689,0.15707,557697038.0
1743962400000,0.15708,0.1571,0.15109,0.15207,983702323.0
1743966000000,0.15209,0.15322,0.15059,0.15251,611358501.0
1743969600000,0.15251,0.1532,0.1488,0.1494,556549958.0
1743973200000,0.14939,0.15297,0.149,0.15042,411844838.0
1743976800000,0.15041,0.15216,0.14714,0.14842,796106271.0
1743980400000,0.14841,0.14982,0.14574,0.14915,655763683.0
1743984000000,0.14914,0.1497,0.14573,0.14791,530159966.0
1743987600000,0.1479,0.15145,0.1479,0.14972,532186444.0
1743991200000,0.14972,0.14998,0.14647,0.14685,268330554.0
1743994800000,0.14685,0.14709,0.14015,0.14202,835023938.0
1743998400000,0.14203,0.1431,0.1397,0.14173,668293274.0
1744002000000,0.14174,0.14307,0.14059,0.14105,419586560.0
1744005600000,0.14104,0.1422,0.12983,0.13153,1893096574.0
1744009200000,0.13153,0.13506,0.13087,0.13217,1100189256.0
1744012800000,0.13216,0.1392,0.13169,0.1373,1053619688.0
1744016400000,0.13729,0.13975,0.13588,0.1377,581616213.0
1744020000000,0.1377,0.14166,0.13744,0.13876,697914386.0
1744023600000,0.13877,0.14048,0.13723,0.13811,385121743.0
1744027200000,0.13811,0.14252,0.13713,0.14177,828418585.0
1744030800000,0.14176,0.14719,0.13766,0.1461,1400162150.0
1744034400000,0.14609,0.15396,0.14406,0.1488,2508955666.0
1744038000000,0.14881,0.14994,0.14527,0.14694,877355734.0
1744041600000,0.14694,0.14715,0.14378,0.14412,582764307.0
1744045200000,0.14412,0.14956,0.14411,0.14908,609153298.0
1744048800000,0.14909,0.14963,0.147,0.14719,352116498.0
1744052400000,0.1472,0.14875,0.14619,0.14659,421026375.0
1744056000000,0.1466,0.15061,0.14654,0.14976,275172908.0
1744059600000,0.14976,0.15087,0.14804,0.14978,187774038.0
1744063200000,0.14979,0.15238,0.14958,0.15103,296109447.0
1744066800000,0.15103,0.15123,0.14867,0.14951,212064596.0
1744070400000,0.1495,0.15046,0.14716,0.1474,254425787.0
1744074000000,0.1474,0.1532,0.1468,0.15171,394874277.0
1744077600000,0.15171,0.15327,0.1512,0.15212,324833738.0
1744081200000,0.15212,0.15275,0.15068,0.15127,174931602.0
1744084800000,0.15127,0.15245,0.15078,0.15231,148015188.0
1744088400000,0.1523,0.15259,0.15007,0.15074,168753965.0
1744092000000,0.15073,0.15079,0.14893,0.14909,221742133.0
1744095600000,0.14908,0.15091,0.14825,0.15068,272805205.0
1744099200000,0.15067,0.15216,0.14959,0.15176,326045101.0
1744102800000,0.15175,0.1527,0.15049,0.15055,274282203.0
1744106400000,0.15054,0.15184,0.15014,0.15092,149713076.0
1744110000000,0.15093,0.1563,0.15068,0.156,514696228.0
1744113600000,0.156,0.15699,0.15366,0.15412,502027508.0
1744117200000,0.15412,0.15543,0.15263,0.15403,593653104.0
1744120800000,0.15403,0.15563,0.15054,0.15083,528864065.0
1744124400000,0.15084,0.15184,0.15,0.15077,403317200.0
1744128000000,0.15077,0.15108,0.14521,0.1459,840087730.0
1744131600000,0.14591,0.14602,0.14193,0.14515,1037693316.0
1744135200000,0.14516,0.14712,0.1445,0.14496,429705953.0
1744138800000,0.14496,0.14541,0.14233,0.14299,398769514.0
1744142400000,0.143,0.14464,0.14219,0.14381,206191357.0
1744146000000,0.14382,0.14424,0.14186,0.14406,176942692.0
1744149600000,0.14405,0.1441,0.14102,0.14275,354180135.0
1744153200000,0.14273,0.14299,0.14135,0.1422,207749625.0
1744156800000,0.1422,0.14356,0.14113,0.1416,412610367.0
1744160400000,0.1416,0.14199,0.13646,0.14112,941985120.0
1744164000000,0.14112,0.1427,0.13981,0.14002,352933178.0
1744167600000,0.14002,0.1408,0.13807,0.13874,347147865.0
1744171200000,0.13874,0.14324,0.13831,0.14214,608496301.0
1744174800000,0.14214,0.14445,0.14177,0.14353,377271657.0
1744178400000,0.14353,0.14581,0.14333,0.14439,437803481.0
1744182000000,0.14439,0.1475,0.14424,0.14675,475542888.0
1744185600000,0.14676,0.14726,0.14531,0.14636,352962660.0
1744189200000,0.14637,0.14706,0.14559,0.14625,205421568.0
1744192800000,0.14626,0.14814,0.14541,0.14744,290414893.0
1744196400000,0.14744,0.14745,0.14305,0.1438,1139291035.0
1744200000000,0.14379,0.14688,0.14289,0.14587,535675048.0
1744203600000,0.14587,0.14915,0.1453,0.14668,685997692.0
1744207200000,0.14668,0.14798,0.145,0.14513,428078174.0
1744210800000,0.14512,0.14705,0.145,0.14607,219664798.0
1744214400000,0.14608,0.14899,0.14574,0.14881,259051612.0
1744218000000,0.14881,0.16152,0.14707,0.16124,2055900285.0
1744221600000,0.16123,0.16206,0.15906,0.15943,786904773.0
1744225200000,0.15943,0.16105,0.15916,0.16023,274061382.0
1744228800000,0.16024,0.16276,0.16007,0.16267,235558026.0
1744232400000,0.16267,0.16416,0.16127,0.16291,380576462.0
1744236000000,0.16291,0.16325,0.16134,0.16151,149044587.0
1744239600000,0.16151,0.1618,0.15992,0.16028,245745856.0
1744243200000,0.16027,0.16043,0.15662,0.15852,405022783.0
1744246800000,0.15853,0.15879,0.157,0.15763,186164109.0
1744250400000,0.15762,0.15821,0.15668,0.15689,154901834.0
1744254000000,0.1569,0.15699,0.15351,0.1554,377952549.0
1744257600000,0.1554,0.15604,0.15428,0.15589,271383619.0
1744261200000,0.15588,0.15741,0.15559,0.15693,245093096.0
1744264800000,0.15693,0.15792,0.15662,0.15755,298847788.0
1744268400000,0.15754,0.1583,0.15525,0.15603,331734336.0
1744272000000,0.15602,0.15667,0.15516,0.15557,180313280.0
1744275600000,0.15558,0.15689,0.15486,0.15651,196510330.0
1744279200000,0.15651,0.15681,0.15514,0.15612,166275880.0
1744282800000,0.15613,0.15645,0.15493,0.1562,130353943.0
1744286400000,0.1562,0.15846,0.15521,0.1561,546736894.0
1744290000000,0.15611,0.15705,0.15364,0.15464,429337499.0
1744293600000,0.15463,0.15704,0.15386,0.1553,287872571.0
1744297200000,0.15529,0.15558,0.1491,0.1495,824447822.0
1744300800000,0.14949,0.15163,0.14872,0.15127,497551276.0
1744304400000,0.15127,0.15195,0.15001,0.15143,263739768.0
1744308000000,0.15144,0.15332,0.1513,0.15313,211925550.0
1744311600000,0.15314,0.15469,0.15291,0.1537,198275728.0
1744315200000,0.1537,0.15564,0.15368,0.15507,157796385.0
1744318800000,0.15507,0.15525,0.15368,0.15411,114003619.0
1744322400000,0.15412,0.15453,0.15362,0.15365,112203174.0
1744326000000,0.15365,0.15432,0.15303,0.15349,174220968.0
1744329600000,0.15348,0.15467,0.1532,0.15343,191136036.0
1744333200000,0.15343,0.15668,0.1533,0.15646,243075975.0
1744336800000,0.15647,0.1575,0.15559,0.15617,175906341.0
1744340400000,0.15618,0.15684,0.15611,0.1566,110250057.0
1744344000000,0.15661,0.15726,0.15607,0.15644,138654706.0
1744347600000,0.15645,0.1572,0.15572,0.15703,117639457.0
1744351200000,0.15703,0.15818,0.15703,0.15721,172063013.0
1744354800000,0.15722,0.15776,0.15644,0.15706,116090565.0
1744358400000,0.15706,0.15821,0.15606,0.15726,211818499.0
1744362000000,0.15726,0.15903,0.15667,0.15888,214550148.0
1744365600000,0.15889,0.16,0.158,0.15869,256511232.0
1744369200000,0.15869,0.15905,0.15754,0.15797,188996182.0
1744372800000,0.15798,0.15911,0.15723,0.15786,189365845.0
1744376400000,0.15786,0.15999,0.15692,0.15891,328777348.0
1744380000000,0.15891,0.15916,0.15678,0.15796,347207841.0
1744383600000,0.15795,0.15901,0.15739,0.15861,165438429.0
1744387200000,0.15861,0.15967,0.15771,0.15876,148173868.0
1744390800000,0.15876,0.16077,0.15851,0.16021,193150014.0
1744394400000,0.16021,0.16104,0.15951,0.15964,173513428.0
1744398000000,0.15964,0.1603,0.15934,0.15968,63030995.0
1744401600000,0.15967,0.16117,0.15942,0.16084,93399746.0
1744405200000,0.16084,0.16245,0.16039,0.16105,143679768.0
1744408800000,0.16106,0.16124,0.1604,0.1605,78526966.0
1744412400000,0.1605,0.1605,0.15938,0.15996,95968387.0
1744416000000,0.15996,0.1602,0.15898,0.15912,99635893.0
1744419600000,0.15911,0.15939,0.15836,0.15863,109005998.0
1744423200000,0.15863,0.1589,0.15755,0.15783,142761279.0
1744426800000,0.15783,0.15887,0.15779,0.15869,78695713.0
1744430400000,0.1587,0.16121,0.15843,0.16069,171884514.0
1744434000000,0.16068,0.1623,0.16059,0.16167,202326795.0
1744437600000,0.16168,0.16461,0.16166,0.163,284951950.0
1744441200000,0.16301,0.16338,0.16215,0.16289,193572232.0
1744444800000,0.1629,0.16418,0.16232,0.16247,182809492.0
1744448400000,0.16247,0.16329,0.1619,0.16289,97614883.0
1744452000000,0.1629,0.16291,0.16158,0.1621,90646496.0
1744455600000,0.1621,0.16242,0.16175,0.16176,91963849.0
1744459200000,0.16176,0.16292,0.16135,0.16257,156837951.0
1744462800000,0.16258,0.16581,0.16226,0.16532,380895902.0
1744466400000,0.16531,0.1673,0.16481,0.1658,336522515.0
1744470000000,0.16581,0.16867,0.16522,0.16739,423474798.0
1744473600000,0.16738,0.16822,0.16516,0.16582,329146380.0
1744477200000,0.16582,0.16613,0.16476,0.16566,177253790.0
1744480800000,0.16565,0.16732,0.16557,0.16712,160477912.0
1744484400000,0.16711,0.16739,0.16574,0.16624,99180621.0
1744488000000,0.16623,0.16834,0.16616,0.16801,133863647.0
1744491600000,0.168,0.16884,0.16751,0.16782,120289389.0
1744495200000,0.16782,0.1694,0.16778,0.16836,98606556.0
1744498800000,0.16837,0.16874,0.16736,0.16757,100758951.0
1744502400000,0.16757,0.1681,0.16632,0.16799,141938542.0
1744506000000,0.168,0.16859,0.16559,0.1658,192555222.0
1744509600000,0.1658,0.16638,0.16507,0.16601,147498796.0
1744513200000,0.166,0.16699,0.1656,0.16642,79336932.0
1744516800000,0.16642,0.16647,0.16454,0.16475,172108493.0
1744520400000,0.16475,0.16518,0.1638,0.16446,138013191.0
1744524000000,0.16446,0.16541,0.16427,0.16477,69510996.0
1744527600000,0.16478,0.16529,0.164,0.16403,69394699.0
1744531200000,0.16404,0.16522,0.16333,0.16511,185999565.0
1744534800000,0.1651,0.16837,0.16491,0.16804,245219880.0
1744538400000,0.16803,0.16833,0.16588,0.16659,207697503.0
1744542000000,0.16659,0.1668,0.16424,0.16504,153474086.0
1744545600000,0.16505,0.16562,0.1641,0.16483,131222954.0
1744549200000,0.16483,0.16518,0.16092,0.16162,372175512.0
1744552800000,0.16161,0.16311,0.16115,0.16293,212681997.0
1744556400000,0.16293,0.16295,0.16143,0.16223,132191625.0
1744560000000,0.16223,0.16357,0.16218,0.16351,146653504.0
1744563600000,0.1635,0.16706,0.16332,0.1664,337253446.0
1744567200000,0.16639,0.16808,0.16611,0.16716,329664186.0
1744570800000,0.16717,0.1673,0.16093,0.16296,518500010.0
1744574400000,0.16295,0.1655,0.16186,0.16245,316629800.0
1744578000000,0.16246,0.16356,0.161,0.16272,193969838.0
1744581600000,0.16273,0.16353,0.16162,0.162,119928767.0
1744585200000,0.16201,0.16309,0.1612,0.16252,136727675.0
1744588800000,0.16252,0.16668,0.16212,0.16466,278512199.0
1744592400000,0.16465,0.16607,0.16428,0.16505,117012608.0
1744596000000,0.16505,0.16957,0.1645,0.1665,401422101.0
1744599600000,0.16649,0.1666,0.16502,0.16538,191952888.0
1744603200000,0.16539,0.168,0.16479,0.16748,150838453.0
1744606800000,0.16749,0.16802,0.16518,0.16576,150170372.0
1744610400000,0.16577,0.16589,0.1641,0.16465,162253703.0
1744614000000,0.16464,0.16492,0.16254,0.16436,216353202.0
1744617600000,0.16436,0.16478,0.16322,0.164,128923820.0
1744621200000,0.164,0.16482,0.16256,0.16372,162366210.0
1744624800000,0.16371,0.16576,0.16328,0.16534,187739628.0
1744628400000,0.16535,0.16622,0.16469,0.1659,141564918.0
1744632000000,0.1659,0.16683,0.16527,0.16646,160148730.0
1744635600000,0.16646,0.16676,0.16219,0.16315,364552363.0
1744639200000,0.16316,0.16679,0.16265,0.16531,349095421.0
1744642800000,0.1653,0.16545,0.15935,0.16017,524827041.0
1744646400000,0.16017,0.16134,0.15897,0.16011,304489465.0
1744650000000,0.16011,0.16108,0.15964,0.16097,181264851.0
1744653600000,0.16097,0.16155,0.15948,0.16041,171049430.0
1744657200000,0.16041,0.16114,0.15951,0.15978,137301258.0
1744660800000,0.15978,0.15999,0.15822,0.15935,169519995.0
1744664400000,0.15935,0.15944,0.15717,0.15882,144761207.0
1744668000000,0.15882,0.15914,0.1581,0.15868,85165587.0
1744671600000,0.15869,0.15944,0.15831,0.15845,82041084.0
1744675200000,0.15845,0.15935,0.15742,0.15901,166298748.0
1744678800000,0.15902,0.16005,0.15728,0.15978,184811585.0
1744682400000,0.15979,0.16035,0.15816,0.15943,143159437.0
1744686000000,0.15942,0.16088,0.15895,0.16075,147970805.0
1744689600000,0.16075,0.16109,0.15952,0.16039,120955313.0
1744693200000,0.16039,0.16116,0.16002,0.16011,100974003.0
1744696800000,0.16011,0.16033,0.15866,0.15888,137057225.0
1744700400000,0.15887,0.1603,0.15871,0.15995,94284974.0
1744704000000,0.15995,0.16067,0.1594,0.15949,134507492.0
1744707600000,0.15948,0.16088,0.15918,0.16043,192163470.0
1744711200000,0.16043,0.16084,0.15865,0.15933,165367273.0
1744714800000,0.15933,0.1594,0.15792,0.15867,161862494.0
1744718400000,0.15867,0.15954,0.15774,0.15909,181659624.0
1744722000000,0.15909,0.16127,0.15855,0.15905,367481216.0
1744725600000,0.15904,0.15978,0.15581,0.1567,538327661.0
1744729200000,0.15669,0.15734,0.15456,0.15576,241117330.0
1744732800000,0.15577,0.15698,0.15562,0.15594,148730378.0
1744736400000,0.15595,0.15618,0.15461,0.15532,134088281.0
1744740000000,0.15532,0.15572,0.15433,0.15525,111101956.0
1744743600000,0.15524,0.15556,0.15451,0.15492,94485984.0
1744747200000,0.15492,0.15583,0.15404,0.15494,139503132.0
1744750800000,0.15495,0.1562,0.15455,0.15593,75105051.0
1744754400000,0.15592,0.15592,0.1534,0.15403,188430787.0
1744758000000,0.15402,0.15443,0.15302,0.15349,139257870.0
1744761600000,0.15349,0.15419,0.15206,0.15304,238913097.0
1744765200000,0.15303,0.15516,0.15286,0.15507,143963444.0
1744768800000,0.15508,0.15583,0.1549,0.15545,149300204.0
1744772400000,0.15546,0.15582,0.15467,0.15494,109735104.0
1744776000000,0.15493,0.15534,0.15401,0.15487,136584479.0
1744779600000,0.15487,0.15545,0.15303,0.15363,220048431.0
1744783200000,0.15362,0.15437,0.15322,0.15408,83053257.0
1744786800000,0.15409,0.15436,0.15241,0.15272,121905409.0
1744790400000,0.15272,0.15431,0.15128,0.1535,320122407.0
1744794000000,0.1535,0.15424,0.15264,0.1527,114188485.0
1744797600000,0.1527,0.15374,0.15263,0.1532,82608152.0
1744801200000,0.1532,0.15357,0.15232,0.15327,133656255.0
1744804800000,0.15327,0.15404,0.15234,0.15266,183696686.0
1744808400000,0.15267,0.15378,0.15181,0.15235,203371343.0
1744812000000,0.15235,0.1558,0.1523,0.15465,405468864.0
1744815600000,0.15466,0.15639,0.15428,0.15508,329041061.0
1744819200000,0.15509,0.15582,0.15369,0.15516,158308857.0
1744822800000,0.15515,0.1568,0.1501,0.15066,578096272.0
1744826400000,0.15066,0.15462,0.15051,0.15311,434613473.0
1744830000000,0.15311,0.15614,0.15219,0.15557,253095538.0
1744833600000,0.15556,0.15729,0.1549,0.15517,204701349.0
1744837200000,0.15516,0.15674,0.15462,0.15618,113815728.0
1744840800000,0.15619,0.15631,0.15537,0.15584,74478108.0
1744844400000,0.15585,0.15594,0.15407,0.15464,71478210.0
1744848000000,0.15463,0.15538,0.15428,0.15503,115562154.0
1744851600000,0.15503,0.15699,0.15462,0.1559,139477962.0
1744855200000,0.15591,0.15605,0.15503,0.15562,75357061.0
1744858800000,0.15562,0.1562,0.15396,0.15521,120915159.0
1744862400000,0.15521,0.15642,0.15481,0.15627,110721484.0
1744866000000,0.15626,0.15765,0.15605,0.15686,149855019.0
1744869600000,0.15687,0.1578,0.1566,0.15698,111114498.0
1744873200000,0.15697,0.15771,0.15652,0.15664,111029941.0
1744876800000,0.15664,0.15705,0.15588,0.15591,106953161.0
1744880400000,0.15591,0.15648,0.15548,0.15623,107676705.0
1744884000000,0.15623,0.15646,0.15531,0.15601,76457491.0
1744887600000,0.15602,0.15693,0.15572,0.15644,96654016.0
1744891200000,0.15645,0.1572,0.15608,0.15672,107583067.0
1744894800000,0.15672,0.15672,0.15536,0.15584,152233296.0
1744898400000,0.15584,0.15592,0.15288,0.15392,267369757.0
1744902000000,0.15392,0.15563,0.15388,0.15517,200046913.0
1744905600000,0.15517,0.15794,0.15452,0.15767,375313560.0
1744909200000,0.15766,0.15927,0.1571,0.15877,226599788.0
1744912800000,0.15878,0.15939,0.15761,0.15764,161050728.0
1744916400000,0.15765,0.15821,0.15555,0.15668,220377181.0
1744920000000,0.15668,0.15754,0.15663,0.15694,111995112.0
1744923600000,0.15694,0.15724,0.15625,0.15666,47996542.0
1744927200000,0.15666,0.15715,0.15515,0.1552,87611868.0
1744930800000,0.1552,0.15625,0.15518,0.15579,67864985.0
1744934400000,0.15578,0.156,0.15381,0.15403,142389155.0
1744938000000,0.15403,0.15519,0.15363,0.15384,148735804.0
1744941600000,0.15384,0.15485,0.15344,0.15446,118493392.0
1744945200000,0.15447,0.15496,0.15369,0.15467,88091739.0
1744948800000,0.15467,0.15526,0.15414,0.15492,75123109.0
1744952400000,0.15492,0.15493,0.15416,0.15482,65861830.0
1744956000000,0.15483,0.15512,0.15427,0.15479,60696751.0
1744959600000,0.15479,0.15531,0.15407,0.15507,107453803.0
1744963200000,0.15507,0.15612,0.15486,0.15552,116802004.0
1744966800000,0.15552,0.15582,0.15507,0.15528,74785537.0
1744970400000,0.15528,0.15572,0.15476,0.155,83018964.0
1744974000000,0.15501,0.15554,0.15466,0.1554,77752912.0
1744977600000,0.15539,0.15642,0.15508,0.15595,109876396.0
1744981200000,0.15596,0.15653,0.15535,0.15639,103133029.0
1744984800000,0.15639,0.15682,0.15592,0.15658,108602977.0
1744988400000,0.15658,0.1567,0.15531,0.15627,114772326.0
1744992000000,0.15628,0.15693,0.156,0.15676,110758349.0
1744995600000,0.15675,0.15749,0.15642,0.15733,160476417.0
1744999200000,0.15733,0.15875,0.15712,0.15807,149398719.0
1745002800000,0.15807,0.15831,0.15749,0.15784,90196376.0
1745006400000,0.15783,0.15833,0.15742,0.15804,82377457.0
1745010000000,0.15804,0.1589,0.1576,0.1587,73056173.0
1745013600000,0.1587,0.15883,0.15788,0.15803,60251672.0
1745017200000,0.15803,0.15811,0.1573,0.15753,88501522.0
1745020800000,0.15753,0.15778,0.1569,0.15737,85441179.0
1745024400000,0.15736,0.15827,0.15711,0.15787,81402537.0
1745028000000,0.15788,0.15893,0.15755,0.15834,124458271.0
1745031600000,0.15834,0.15967,0.15834,0.15936,163676412.0
1745035200000,0.15935,0.16086,0.15933,0.1595,156845867.0
1745038800000,0.1595,0.1598,0.1589,0.15901,101332170.0
1745042400000,0.159,0.15911,0.15827,0.15846,123709115.0
1745046000000,0.15846,0.15946,0.15846,0.159,105490372.0
1745049600000,0.159,0.15922,0.15843,0.15863,93941429.0
1745053200000,0.15863,0.15916,0.15819,0.15829,92170696.0
1745056800000,0.1583,0.15832,0.15754,0.15789,137035385.0
1745060400000,0.15789,0.15817,0.15775,0.158,53733263.0
1745064000000,0.15801,0.15833,0.15756,0.15799,82967202.0
1745067600000,0.15799,0.1586,0.15765,0.15851,65101975.0
1745071200000,0.15852,0.15878,0.15782,0.15796,92667305.0
1745074800000,0.15796,0.15888,0.15728,0.15774,159184053.0
1745078400000,0.15774,0.15826,0.1562,0.1565,189362085.0
1745082000000,0.1565,0.15815,0.15643,0.15786,135233828.0
1745085600000,0.15785,0.1584,0.15713,0.15723,118464057.0
1745089200000,0.15723,0.15756,0.15686,0.15724,65216280.0
1745092800000,0.15724,0.15743,0.15672,0.15703,64637854.0
1745096400000,0.15703,0.1578,0.15693,0.15769,54660256.0
1745100000000,0.15768,0.1581,0.1575,0.15767,51682838.0
1745103600000,0.15767,0.15784,0.15692,0.15726,72237741.0
1745107200000,0.15726,0.158,0.15701,0.15728,79453986.0
1745110800000,0.15727,0.159,0.15721,0.1589,131105954.0
1745114400000,0.15889,0.15936,0.15822,0.15833,101375025.0
1745118000000,0.15834,0.15841,0.15781,0.15828,67613384.0
1745121600000,0.15829,0.15917,0.15808,0.15884,89118051.0
1745125200000,0.15885,0.159,0.15845,0.15862,62500672.0
1745128800000,0.15863,0.1595,0.15763,0.15785,175700459.0
1745132400000,0.15784,0.15785,0.15642,0.15701,169945137.0
1745136000000,0.157,0.15707,0.15611,0.15634,125100375.0
1745139600000,0.15635,0.15645,0.15462,0.15508,230020904.0
1745143200000,0.15508,0.1553,0.15267,0.15335,240026319.0
1745146800000,0.15334,0.15361,0.15264,0.15324,194752451.0
1745150400000,0.15324,0.15438,0.1531,0.1542,186654437.0
1745154000000,0.15419,0.15454,0.1537,0.15426,92895027.0
1745157600000,0.15426,0.15504,0.15395,0.15452,123020935.0
1745161200000,0.15452,0.15453,0.15238,0.15279,225866700.0
1745164800000,0.15279,0.15411,0.15235,0.15403,195803789.0
1745168400000,0.15403,0.15407,0.15313,0.15359,79386035.0
1745172000000,0.15358,0.15429,0.1534,0.15422,82364538.0
1745175600000,0.15423,0.15492,0.15381,0.15485,129574784.0
1745179200000,0.15485,0.15727,0.1546,0.15601,319538200.0
1745182800000,0.156,0.15626,0.15521,0.1555,86698110.0
1745186400000,0.1555,0.15552,0.15336,0.1545,214512045.0
1745190000000,0.1545,0.15559,0.15449,0.15519,85092933.0
1745193600000,0.15519,0.16014,0.15493,0.15904,602002907.0
1745197200000,0.15903,0.16081,0.15862,0.16018,275778515.0
1745200800000,0.16019,0.16136,0.15957,0.16009,306836988.0
1745204400000,0.1601,0.161,0.16007,0.16025,152950681.0
1745208000000,0.16025,0.16116,0.15955,0.16089,155743209.0
1745211600000,0.16088,0.16258,0.16068,0.1618,217218716.0
1745215200000,0.1618,0.16233,0.16148,0.16185,133500130.0
1745218800000,0.16186,0.16276,0.16164,0.16191,159317268.0
1745222400000,0.16191,0.16242,0.16138,0.16197,111035520.0
1745226000000,0.16198,0.1628,0.16144,0.16233,193788532.0
1745229600000,0.16233,0.16246,0.161,0.1619,191480058.0
1745233200000,0.1619,0.16199,0.16014,0.16145,260743910.0
1745236800000,0.16146,0.16225,0.16083,0.1609,180077368.0
1745240400000,0.1609,0.162,0.15988,0.15993,302288405.0
1745244000000,0.15992,0.16352,0.15961,0.16183,414846046.0
1745247600000,0.16182,0.16197,0.16001,0.16044,215530908.0
1745251200000,0.16044,0.16123,0.15716,0.15795,352586673.0
1745254800000,0.15795,0.15813,0.15568,0.15721,558040548.0
1745258400000,0.15721,0.15768,0.15636,0.15652,174840258.0
1745262000000,0.15651,0.15867,0.1563,0.15837,177910259.0
1745265600000,0.15838,0.15842,0.15733,0.15841,78736696.0
1745269200000,0.15841,0.15903,0.15779,0.15862,91567602.0
1745272800000,0.15862,0.15863,0.15755,0.15849,69650859.0
1745276400000,0.1585,0.15945,0.15787,0.15931,99029310.0
1745280000000,0.15931,0.15981,0.15711,0.15933,231720639.0
1745283600000,0.15933,0.16234,0.15898,0.16145,319798082.0
1745287200000,0.16144,0.16212,0.15905,0.16006,247807352.0
1745290800000,0.16005,0.16118,0.1592,0.16089,185774509.0
1745294400000,0.16089,0.16174,0.16025,0.16026,104971542.0
1745298000000,0.16026,0.16147,0.16019,0.16128,102721162.0
1745301600000,0.16129,0.16169,0.16039,0.16161,156117241.0
1745305200000,0.16161,0.16475,0.16161,0.16375,419934117.0
1745308800000,0.16374,0.1645,0.16294,0.16385,257974415.0
1745312400000,0.16384,0.16491,0.16317,0.16349,241956713.0
1745316000000,0.1635,0.16455,0.16281,0.16435,194728290.0
1745319600000,0.16434,0.16474,0.16385,0.16404,179101314.0
1745323200000,0.16404,0.165,0.16369,0.16434,185884350.0
1745326800000,0.16434,0.16946,0.16401,0.16923,670048899.0
1745330400000,0.16923,0.1724,0.16796,0.17136,690109924.0
1745334000000,0.17135,0.17327,0.17011,0.17186,689683603.0
1745337600000,0.17186,0.17256,0.17035,0.17095,237387702.0
1745341200000,0.17094,0.17246,0.16988,0.17187,387246675.0
1745344800000,0.17187,0.17236,0.17088,0.17207,177473158.0
1745348400000,0.17207,0.17216,0.1705,0.17167,131883697.0
1745352000000,0.17167,0.17274,0.17147,0.17264,111762863.0
1745355600000,0.17264,0.17936,0.17238,0.17813,678799194.0
1745359200000,0.17813,0.18,0.17701,0.17784,592857589.0
1745362800000,0.17785,0.17943,0.17702,0.17857,399470659.0
1745366400000,0.17858,0.18472,0.17856,0.17931,674470135.0
1745370000000,0.1793,0.18179,0.17874,0.1798,366508422.0
1745373600000,0.17979,0.18288,0.17913,0.18144,285531663.0
1745377200000,0.18144,0.18213,0.18014,0.18208,157559050.0
1745380800000,0.18208,0.18515,0.18111,0.18512,279658147.0
1745384400000,0.18513,0.18513,0.18144,0.18151,306813146.0
1745388000000,0.1815,0.18255,0.18111,0.18139,159191336.0
1745391600000,0.18139,0.18237,0.17985,0.18212,312753991.0
1745395200000,0.18211,0.18329,0.18142,0.18243,221448094.0
1745398800000,0.18242,0.18378,0.1821,0.1821,163051012.0
1745402400000,0.1821,0.18289,0.18062,0.18275,244679574.0
1745406000000,0.18274,0.18391,0.1818,0.1822,208376410.0
1745409600000,0.18219,0.18457,0.18217,0.18444,214734154.0
1745413200000,0.18443,0.18538,0.17884,0.17948,786212146.0
1745416800000,0.17949,0.18104,0.17799,0.179,650955370.0
1745420400000,0.179,0.17928,0.17483,0.17838,887654043.0
1745424000000,0.17838,0.17943,0.17655,0.17809,400667723.0
1745427600000,0.17808,0.17998,0.17757,0.1795,201149536.0
1745431200000,0.1795,0.18164,0.17926,0.17967,268938789.0
1745434800000,0.17967,0.17987,0.17756,0.17831,274683928.0
1745438400000,0.17831,0.1799,0.17823,0.17953,121256282.0
1745442000000,0.17953,0.17971,0.17778,0.17827,102045424.0
1745445600000,0.17827,0.17891,0.17729,0.17885,93939724.0
1745449200000,0.17884,0.17937,0.17814,0.17858,72989945.0
1745452800000,0.17857,0.17929,0.17621,0.17651,243787775.0
1745456400000,0.17651,0.17733,0.17503,0.17653,342446474.0
1745460000000,0.17654,0.17721,0.17421,0.17433,297853925.0
1745463600000,0.17432,0.17566,0.17272,0.17285,238991772.0
1745467200000,0.17284,0.17365,0.17201,0.17343,219199802.0
1745470800000,0.17342,0.1744,0.1733,0.17353,156865123.0
1745474400000,0.17352,0.17454,0.17266,0.17294,163002013.0
1745478000000,0.17294,0.17413,0.17189,0.1724,194041925.0
1745481600000,0.17242,0.17323,0.16974,0.17124,423972669.0
1745485200000,0.17123,0.17285,0.17105,0.17276,204709161.0
1745488800000,0.17276,0.17406,0.17259,0.17388,165024759.0
1745492400000,0.17387,0.17395,0.17225,0.17353,187139798.0
1745496000000,0.17354,0.17429,0.17277,0.17422,169452951.0
1745499600000,0.17422,0.17523,0.17347,0.17424,229267606.0
1745503200000,0.17424,0.17833,0.17415,0.17722,757488934.0
1745506800000,0.17723,0.18075,0.17686,0.17841,435913267.0
1745510400000,0.1784,0.18198,0.17794,0.18106,393256007.0
1745514000000,0.18106,0.18186,0.17758,0.17888,415554757.0
1745517600000,0.17887,0.18097,0.1788,0.18007,222462437.0
1745521200000,0.18006,0.18119,0.17932,0.18098,225295336.0
1745524800000,0.18098,0.18186,0.18025,0.1808,129479968.0
1745528400000,0.1808,0.1811,0.17929,0.18004,116210378.0
1745532000000,0.18003,0.1812,0.17936,0.17963,85955051.0
1745535600000,0.17962,0.18322,0.17931,0.18246,297952899.0
1745539200000,0.18245,0.18307,0.18122,0.18268,240685935.0
1745542800000,0.18268,0.18471,0.18088,0.18107,258777851.0
1745546400000,0.18106,0.18173,0.17784,0.1783,315730847.0
1745550000000,0.1783,0.18077,0.17741,0.18039,225099156.0
1745553600000,0.18038,0.18149,0.17962,0.17979,169525805.0
1745557200000,0.17978,0.18099,0.17962,0.18009,111513719.0
1745560800000,0.1801,0.18199,0.17984,0.18141,165722549.0
1745564400000,0.1814,0.18295,0.181,0.1824,272761136.0
1745568000000,0.18241,0.18333,0.18132,0.1829,278679385.0
1745571600000,0.1829,0.18314,0.18145,0.18272,214350785.0
1745575200000,0.18271,0.18297,0.18014,0.18038,265513922.0
1745578800000,0.18038,0.18294,0.18038,0.18291,205007864.0
1745582400000,0.18292,0.18514,0.18059,0.18101,564005216.0
1745586000000,0.181,0.18165,0.17888,0.18041,367724711.0
1745589600000,0.18042,0.18609,0.18015,0.18584,642121781.0
1745593200000,0.18583,0.18615,0.18158,0.18263,498960332.0
1745596800000,0.18263,0.18432,0.18033,0.18378,362267197.0
1745600400000,0.18378,0.18476,0.18062,0.18109,387807289.0
1745604000000,0.1811,0.18262,0.18086,0.18114,150816418.0
1745607600000,0.18114,0.18185,0.18002,0.18155,181076997.0
1745611200000,0.18156,0.18164,0.18076,0.18097,91335953.0
1745614800000,0.18096,0.18221,0.18,0.18057,109891327.0
1745618400000,0.18056,0.1827,0.18055,0.18234,74069322.0
1745622000000,0.18234,0.18299,0.18145,0.18154,113601534.0
1745625600000,0.18153,0.18697,0.18153,0.18571,393455300.0
1745629200000,0.18571,0.19149,0.18447,0.19107,532901396.0
1745632800000,0.19108,0.19298,0.1888,0.18908,544636771.0
1745636400000,0.18907,0.18918,0.18512,0.18659,356446027.0
1745640000000,0.1866,0.18732,0.18361,0.18472,261745933.0
1745643600000,0.18471,0.18616,0.1845,0.18572,147155466.0
1745647200000,0.18573,0.18708,0.18557,0.18652,132794004.0
1745650800000,0.18652,0.18758,0.18581,0.18592,152453213.0
1745654400000,0.18591,0.1875,0.18376,0.18412,336215299.0
1745658000000,0.18413,0.18427,0.18185,0.18311,366523997.0
1745661600000,0.1831,0.18365,0.18255,0.183,147778736.0
1745665200000,0.18301,0.18322,0.18085,0.18146,230368281.0
1745668800000,0.18146,0.18236,0.18129,0.18194,162635154.0
1745672400000,0.18194,0.18238,0.18008,0.18159,179608435.0
1745676000000,0.18158,0.18233,0.18028,0.18161,166283815.0
1745679600000,0.1816,0.18305,0.18156,0.18235,174258157.0
1745683200000,0.18235,0.18243,0.18063,0.1813,151795974.0
1745686800000,0.1813,0.18188,0.1805,0.18147,95815295.0
1745690400000,0.18147,0.18154,0.18053,0.18061,65753951.0
1745694000000,0.1806,0.18127,0.18022,0.18108,96652538.0
1745697600000,0.18108,0.18133,0.18002,0.18007,90900096.0
1745701200000,0.18007,0.1812,0.18007,0.18044,59443879.0
1745704800000,0.18045,0.18238,0.18045,0.1817,143256986.0
1745708400000,0.1817,0.182,0.18132,0.18182,68007107.0
1745712000000,0.18183,0.18345,0.18101,0.18233,221278008.0
1745715600000,0.18234,0.18256,0.17756,0.1779,566748148.0
1745719200000,0.1779,0.17975,0.17743,0.17905,166927782.0
1745722800000,0.17906,0.17976,0.17895,0.17945,81829008.0
1745726400000,0.17944,0.1798,0.17766,0.17774,88229915.0
1745730000000,0.17773,0.17844,0.17638,0.17797,214217019.0
1745733600000,0.17797,0.17912,0.17786,0.17911,96572692.0
1745737200000,0.1791,0.18037,0.1791,0.18016,110242348.0
1745740800000,0.18015,0.18181,0.17966,0.18181,137422785.0
1745744400000,0.1818,0.1825,0.18124,0.182,168087573.0
1745748000000,0.18199,0.18208,0.18055,0.18089,184027799.0
1745751600000,0.18088,0.18134,0.18044,0.18064,76362317.0
1745755200000,0.18063,0.1828,0.17909,0.18069,381977413.0
1745758800000,0.18068,0.1826,0.17964,0.182,232587942.0
1745762400000,0.18201,0.18306,0.18122,0.18145,201140275.0
1745766000000,0.18145,0.18169,0.17966,0.18001,196784986.0
1745769600000,0.18001,0.18039,0.17757,0.17902,286725139.0
1745773200000,0.17902,0.17999,0.17855,0.17945,104005068.0
1745776800000,0.17945,0.18138,0.17926,0.18074,97392522.0
1745780400000,0.18073,0.18222,0.18072,0.18222,94055237.0
1745784000000,0.18221,0.18232,0.18126,0.18134,100659524.0
1745787600000,0.18133,0.18205,0.18103,0.18113,65070324.0
1745791200000,0.18113,0.18121,0.179,0.17997,161812081.0
1745794800000,0.17998,0.18028,0.17911,0.17924,91273113.0
1745798400000,0.17923,0.17948,0.17625,0.17756,408874498.0
1745802000000,0.17756,0.17812,0.17364,0.17492,465022730.0
1745805600000,0.17491,0.17694,0.17457,0.17692,217995394.0
1745809200000,0.17691,0.17987,0.17622,0.17872,219232771.0
1745812800000,0.17871,0.17988,0.17858,0.17911,146934638.0
1745816400000,0.17911,0.18,0.17857,0.17932,135234462.0
1745820000000,0.17932,0.1815,0.1792,0.18099,183155725.0
1745823600000,0.18099,0.18162,0.18026,0.18116,143254222.0
1745827200000,0.18116,0.18211,0.18074,0.18104,163525134.0
1745830800000,0.18104,0.18185,0.18057,0.18071,140889436.0
1745834400000,0.18071,0.18255,0.179,0.18133,391231718.0
1745838000000,0.18134,0.18269,0.18089,0.18169,203151248.0
1745841600000,0.1817,0.18178,0.18031,0.18047,195386295.0
1745845200000,0.18046,0.181,0.17706,0.17732,407213360.0
1745848800000,0.17732,0.17937,0.17662,0.1776,302320233.0
1745852400000,0.1776,0.17816,0.17411,0.17563,480229209.0
1745856000000,0.17562,0.17657,0.17383,0.1754,314888114.0
1745859600000,0.1754,0.17641,0.17429,0.1763,174015156.0
1745863200000,0.1763,0.17653,0.17504,0.17632,107416208.0
1745866800000,0.17632,0.17948,0.17622,0.17877,239717850.0
1745870400000,0.17877,0.17889,0.17759,0.178,121889583.0
1745874000000,0.178,0.17843,0.17733,0.17819,58903441.0
1745877600000,0.17819,0.17871,0.17733,0.1785,90165575.0
1745881200000,0.1785,0.17945,0.17803,0.17898,126046036.0
1745884800000,0.17897,0.1805,0.17789,0.17943,221090686.0
1745888400000,0.17943,0.18066,0.1785,0.17862,187377156.0
1745892000000,0.17862,0.17876,0.17686,0.17769,223444994.0
1745895600000,0.17769,0.17948,0.17756,0.17937,113313541.0
1745899200000,0.17936,0.18056,0.17734,0.17749,193318996.0
1745902800000,0.17748,0.17843,0.17727,0.17729,117438783.0
1745906400000,0.17728,0.17988,0.17723,0.17945,162637186.0
1745910000000,0.17944,0.18001,0.17915,0.17963,122046223.0
1745913600000,0.17962,0.18018,0.17846,0.17941,156267627.0
1745917200000,0.17941,0.17987,0.17839,0.17959,109686177.0
1745920800000,0.1796,0.17999,0.1776,0.17801,182750245.0
1745924400000,0.17801,0.17972,0.17789,0.17905,124503652.0
1745928000000,0.17905,0.17942,0.17752,0.17783,274924342.0
1745931600000,0.17782,0.17881,0.17673,0.1782,264774516.0
1745935200000,0.1782,0.17986,0.17745,0.17922,262841060.0
1745938800000,0.17923,0.17944,0.17769,0.17802,120174519.0
1745942400000,0.17801,0.18056,0.1778,0.17874,213216284.0
1745946000000,0.17873,0.17916,0.17761,0.17868,190019820.0
1745949600000,0.17868,0.17937,0.17807,0.17905,89670858.0
1745953200000,0.17905,0.17938,0.17823,0.17838,69319553.0
1745956800000,0.17837,0.1787,0.17686,0.17717,133746156.0
1745960400000,0.17717,0.17728,0.17431,0.17568,330768252.0
1745964000000,0.17567,0.17567,0.17376,0.17425,263627913.0
1745967600000,0.17426,0.17472,0.17229,0.17453,297228093.0
1745971200000,0.17454,0.17622,0.17437,0.17553,156552850.0
1745974800000,0.17553,0.17564,0.17328,0.1745,114333015.0
1745978400000,0.17449,0.17578,0.17415,0.17538,95971402.0
1745982000000,0.17537,0.17658,0.17462,0.17603,137854797.0
1745985600000,0.17602,0.17629,0.17527,0.17615,95437246.0
1745989200000,0.17615,0.17618,0.17514,0.17532,78342143.0
1745992800000,0.17531,0.17573,0.1747,0.17472,100017450.0
1745996400000,0.17472,0.17491,0.17244,0.17336,203327687.0
1746000000000,0.17336,0.17463,0.17282,0.17423,239634928.0
1746003600000,0.17423,0.17579,0.17421,0.17516,139885525.0
1746007200000,0.17516,0.17577,0.17459,0.17543,99396280.0
1746010800000,0.17542,0.17607,0.17514,0.17588,150628151.0
1746014400000,0.17588,0.17591,0.17061,0.17189,546329716.0
1746018000000,0.17189,0.17199,0.16654,0.16703,743546035.0
1746021600000,0.16703,0.17119,0.16669,0.16957,522971221.0
1746025200000,0.16958,0.17068,0.16939,0.16965,147794415.0
1746028800000,0.16965,0.17052,0.16867,0.17013,184971431.0
1746032400000,0.17014,0.17174,0.16941,0.17114,154790561.0
1746036000000,0.17113,0.17262,0.17094,0.17147,157009084.0
1746039600000,0.17147,0.17276,0.17042,0.17213,109802734.0
1746043200000,0.17214,0.17437,0.17199,0.17335,172814046.0
1746046800000,0.17335,0.17358,0.17212,0.17246,91597354.0
1746050400000,0.17245,0.17337,0.17183,0.17232,99778302.0
1746054000000,0.17232,0.17291,0.17209,0.17217,58827608.0
1746057600000,0.17217,0.17351,0.17199,0.17295,92257474.0
1746061200000,0.17295,0.1744,0.17295,0.1743,118001995.0
1746064800000,0.1743,0.17536,0.17397,0.17426,165195846.0
1746068400000,0.17427,0.17507,0.17376,0.17399,131636154.0
1746072000000,0.174,0.17439,0.17357,0.17425,74640587.0
1746075600000,0.17426,0.17545,0.17417,0.17519,95657764.0
1746079200000,0.1752,0.17539,0.17426,0.17476,77485122.0
1746082800000,0.17476,0.17547,0.17447,0.17523,66714101.0
1746086400000,0.17522,0.17642,0.17493,0.17609,129561268.0
1746090000000,0.17609,0.17747,0.17566,0.17681,119084012.0
1746093600000,0.1768,0.17935,0.17674,0.17855,338353110.0
1746097200000,0.17855,0.1795,0.17791,0.17929,296063096.0
1746100800000,0.17928,0.17983,0.1785,0.17889,174985407.0
1746104400000,0.1789,0.17927,0.17673,0.17682,336644381.0
1746108000000,0.17683,0.18165,0.17683,0.18138,326566495.0
1746111600000,0.18138,0.18245,0.18019,0.18054,389657611.0
1746115200000,0.18053,0.18294,0.18053,0.18177,231850920.0
1746118800000,0.18176,0.18329,0.1813,0.18188,264445288.0
1746122400000,0.18188,0.18206,0.18065,0.18196,159212871.0
1746126000000,0.18197,0.182,0.18039,0.1806,144364007.0
1746129600000,0.1806,0.18108,0.17995,0.1805,126788215.0
1746133200000,0.18049,0.18229,0.18048,0.1813,97674662.0
1746136800000,0.1813,0.18236,0.18114,0.18152,107703008.0
1746140400000,0.18151,0.18171,0.18022,0.18057,111293061.0
1746144000000,0.18057,0.18244,0.1797,0.18169,240559529.0
1746147600000,0.18168,0.18274,0.18071,0.18137,170083150.0
1746151200000,0.18138,0.18415,0.18073,0.18355,222565696.0
1746154800000,0.18354,0.1844,0.18231,0.18235,158765874.0
1746158400000,0.18235,0.18283,0.1806,0.18103,211342673.0
1746162000000,0.18104,0.18134,0.17997,0.18016,180590063.0
1746165600000,0.18016,0.18091,0.17968,0.18034,168063552.0
1746169200000,0.18034,0.18063,0.17907,0.17927,147869644.0
1746172800000,0.17927,0.18054,0.17922,0.18026,107706752.0
1746176400000,0.18026,0.18073,0.17975,0.17998,71949852.0
1746180000000,0.17999,0.18068,0.17993,0.18046,121001824.0
1746183600000,0.18046,0.18159,0.18046,0.18082,124521934.0
1746187200000,0.18082,0.18219,0.17995,0.18194,228747954.0
1746190800000,0.18194,0.18215,0.18079,0.18092,188502498.0
1746194400000,0.18093,0.1828,0.18078,0.18236,224822821.0
1746198000000,0.18236,0.18254,0.18008,0.18138,203974734.0
1746201600000,0.18138,0.18412,0.18138,0.18229,368471327.0
1746205200000,0.18228,0.18244,0.18109,0.1813,143439496.0
1746208800000,0.18129,0.18189,0.18048,0.1807,105631131.0
1746212400000,0.1807,0.1807,0.17946,0.17993,142000235.0
1746216000000,0.17993,0.18129,0.1797,0.18129,78369310.0
1746219600000,0.18129,0.18233,0.18044,0.18083,100424688.0
1746223200000,0.18084,0.18139,0.1805,0.18089,70851938.0
1746226800000,0.18089,0.1815,0.18071,0.18142,61366335.0
1746230400000,0.18143,0.18212,0.18095,0.18129,133400883.0
1746234000000,0.18128,0.18145,0.1799,0.18019,122536759.0
1746237600000,0.18019,0.18163,0.18013,0.18108,83052131.0
1746241200000,0.18108,0.18163,0.1802,0.18027,76779280.0
1746244800000,0.18026,0.18088,0.17999,0.18052,129782617.0
1746248400000,0.18051,0.18059,0.17992,0.17999,49099112.0
1746252000000,0.17999,0.18004,0.17832,0.17871,165157969.0
1746255600000,0.1787,0.17931,0.17818,0.17883,122075016.0
1746259200000,0.17883,0.17958,0.17834,0.17901,82769829.0
1746262800000,0.17901,0.17947,0.17863,0.1793,84737294.0
1746266400000,0.1793,0.17935,0.17727,0.17744,166208338.0
1746270000000,0.17744,0.17848,0.1773,0.178,122275857.0
1746273600000,0.17801,0.17871,0.17774,0.17834,88049390.0
1746277200000,0.17835,0.17892,0.17825,0.17872,86062028.0
1746280800000,0.17871,0.17899,0.17789,0.17857,112136812.0
1746284400000,0.17857,0.17948,0.17823,0.17842,112561425.0
1746288000000,0.17842,0.17847,0.17627,0.17701,203638065.0
1746291600000,0.17702,0.17713,0.17521,0.17644,273039804.0
1746295200000,0.17644,0.1773,0.17583,0.17616,103257209.0
1746298800000,0.17616,0.17753,0.17585,0.17749,75859683.0
1746302400000,0.17749,0.17755,0.17647,0.17664,56342525.0
1746306000000,0.17664,0.17722,0.17604,0.17637,68609557.0
1746309600000,0.17638,0.17691,0.17606,0.17631,69005598.0
1746313200000,0.17631,0.17632,0.17514,0.17555,117078722.0
1746316800000,0.17555,0.17635,0.17468,0.17512,159532865.0
1746320400000,0.17511,0.17637,0.17467,0.17611,111806073.0
1746324000000,0.17611,0.17734,0.17559,0.17585,134365597.0
1746327600000,0.17585,0.176,0.17503,0.17512,120004379.0
1746331200000,0.17511,0.17566,0.17429,0.17473,111105670.0
1746334800000,0.17473,0.17628,0.17459,0.17598,125605822.0
1746338400000,0.17597,0.17649,0.17518,0.17563,93164443.0
1746342000000,0.17563,0.17577,0.17436,0.17514,132842226.0
1746345600000,0.17513,0.17524,0.1738,0.17413,125917838.0
1746349200000,0.17412,0.1744,0.17353,0.17382,109002720.0
1746352800000,0.17383,0.17445,0.17318,0.17407,147788398.0
1746356400000,0.17407,0.175,0.17379,0.17402,140688479.0
1746360000000,0.17402,0.17467,0.17356,0.17359,91068994.0
1746363600000,0.17359,0.17402,0.17221,0.17304,204790602.0
1746367200000,0.17303,0.1741,0.17297,0.17395,139881549.0
1746370800000,0.17395,0.1743,0.1727,0.17362,128087063.0
1746374400000,0.17363,0.17393,0.17163,0.17209,189839569.0
1746378000000,0.17209,0.17261,0.17124,0.17234,181223153.0
1746381600000,0.17233,0.17283,0.1715,0.17156,82864443.0
1746385200000,0.17157,0.17245,0.17133,0.17192,79264448.0
1746388800000,0.17192,0.17298,0.17188,0.17279,90355626.0
1746392400000,0.17279,0.17288,0.17157,0.17267,74674300.0
1746396000000,0.17268,0.17272,0.17016,0.17078,271355274.0
1746399600000,0.17077,0.17108,0.16963,0.1704,214796719.0
1746403200000,0.17039,0.17162,0.1702,0.1714,119489987.0
1746406800000,0.17141,0.17157,0.168,0.16962,286388189.0
1746410400000,0.16961,0.17155,0.16856,0.1709,208544215.0
1746414000000,0.17089,0.17124,0.17023,0.17029,92595820.0
1746417600000,0.17028,0.17212,0.17015,0.17201,120827373.0
1746421200000,0.17201,0.17368,0.17185,0.17357,156542883.0
1746424800000,0.17356,0.17393,0.17289,0.17323,128667146.0
1746428400000,0.17323,0.1735,0.17276,0.17348,94155460.0
1746432000000,0.17348,0.174,0.17322,0.17363,111200447.0
1746435600000,0.17363,0.17456,0.17344,0.17381,121981453.0
1746439200000,0.17381,0.17388,0.17042,0.17113,283702370.0
1746442800000,0.17112,0.17187,0.17008,0.17086,197921093.0
1746446400000,0.17087,0.17158,0.17017,0.17065,143302038.0
1746450000000,0.17065,0.17114,0.16881,0.17055,272956424.0
1746453600000,0.17055,0.17141,0.16955,0.17003,209728752.0
1746457200000,0.17003,0.17038,0.1684,0.16889,181822767.0
1746460800000,0.1689,0.17046,0.16869,0.16967,120783753.0
1746464400000,0.16967,0.17121,0.16939,0.17104,94147939.0
1746468000000,0.17104,0.17253,0.17078,0.17196,170455750.0
1746471600000,0.17195,0.17249,0.17056,0.17079,115709523.0
1746475200000,0.17079,0.17081,0.1681,0.16942,198596515.0
1746478800000,0.16943,0.1708,0.1693,0.17039,123832113.0
1746482400000,0.17039,0.17221,0.17039,0.17154,118320316.0
1746486000000,0.17153,0.17176,0.17034,0.1705,78101899.0
1746489600000,0.1705,0.17077,0.16951,0.17013,118354971.0
1746493200000,0.17012,0.17109,0.16866,0.16874,169309688.0
1746496800000,0.16873,0.16908,0.16671,0.16846,280741946.0
1746500400000,0.16845,0.16995,0.1679,0.16972,169320678.0
1746504000000,0.16972,0.1703,0.16917,0.17006,106526205.0
1746507600000,0.17005,0.17017,0.16868,0.16878,101146945.0
1746511200000,0.16877,0.1695,0.16872,0.16947,55486011.0
1746514800000,0.16946,0.17015,0.16881,0.16928,114141407.0
1746518400000,0.16928,0.16929,0.16618,0.16825,415291825.0
1746522000000,0.16825,0.16861,0.16647,0.16741,150979019.0
1746525600000,0.16741,0.16742,0.16513,0.16548,250508771.0
1746529200000,0.16549,0.16628,0.16437,0.16528,253957086.0
1746532800000,0.16527,0.16627,0.16496,0.16602,168681419.0
1746536400000,0.16601,0.16612,0.16416,0.16485,289065652.0
1746540000000,0.16485,0.16823,0.16485,0.16623,317414711.0
1746543600000,0.16622,0.16779,0.16547,0.16659,287939887.0
1746547200000,0.16659,0.16718,0.1656,0.16563,172836019.0
1746550800000,0.16564,0.1679,0.16551,0.16697,161763401.0
1746554400000,0.16698,0.16942,0.16685,0.16936,222875346.0
1746558000000,0.16936,0.16975,0.16857,0.16881,152932657.0
1746561600000,0.16882,0.16974,0.16756,0.16824,177943444.0
1746565200000,0.16825,0.16932,0.16706,0.16828,167255375.0
1746568800000,0.16827,0.17156,0.1682,0.1714,334289493.0
1746572400000,0.17139,0.1725,0.17063,0.17211,191495181.0
1746576000000,0.1721,0.1743,0.17163,0.17336,243373931.0
1746579600000,0.17336,0.17437,0.17279,0.17304,197279314.0
1746583200000,0.17304,0.17315,0.17087,0.17121,244636081.0
1746586800000,0.17121,0.17184,0.17012,0.17175,174013951.0
1746590400000,0.17175,0.1725,0.17171,0.17224,129530195.0
1746594000000,0.17223,0.17232,0.17144,0.17164,81370441.0
1746597600000,0.17163,0.17248,0.17155,0.17235,82370661.0
1746601200000,0.17235,0.17338,0.17234,0.17322,123587565.0
1746604800000,0.17322,0.17351,0.17281,0.17326,88804702.0
1746608400000,0.17326,0.1739,0.17313,0.1738,91501339.0
1746612000000,0.17379,0.17391,0.17282,0.1738,114147951.0
1746615600000,0.1738,0.17385,0.17302,0.1733,63892342.0
1746619200000,0.17329,0.17348,0.17234,0.17273,136846496.0
1746622800000,0.17273,0.17294,0.17162,0.17232,184491596.0
1746626400000,0.17232,0.17303,0.17146,0.17179,149905266.0
1746630000000,0.17178,0.17185,0.17044,0.17076,190545031.0
1746633600000,0.17076,0.17145,0.16914,0.17112,276024212.0
1746637200000,0.17112,0.17168,0.17033,0.17096,166776931.0
1746640800000,0.17095,0.17258,0.16928,0.17094,472793247.0
1746644400000,0.17094,0.17123,0.16884,0.16984,266237412.0
1746648000000,0.16983,0.17036,0.1691,0.1703,183354521.0
1746651600000,0.17029,0.17225,0.17004,0.17164,132244662.0
1746655200000,0.17165,0.17251,0.17142,0.17206,110225753.0
1746658800000,0.17206,0.1729,0.1717,0.17193,94165922.0
1746662400000,0.17193,0.1738,0.17161,0.17358,160085753.0
1746666000000,0.17357,0.17568,0.17351,0.17399,411136739.0
1746669600000,0.17399,0.17715,0.17399,0.17692,314447647.0
1746673200000,0.17691,0.17945,0.17655,0.17934,351801409.0
1746676800000,0.17934,0.18273,0.17934,0.17968,641608839.0
1746680400000,0.17967,0.18063,0.17948,0.17985,175751472.0
1746684000000,0.17984,0.18092,0.17982,0.18087,126314183.0
1746687600000,0.18087,0.18271,0.18083,0.18143,285016564.0
1746691200000,0.18142,0.18326,0.18137,0.18225,204772833.0
1746694800000,0.18226,0.18369,0.18202,0.18357,193098393.0
1746698400000,0.18357,0.18555,0.18336,0.18504,293166148.0
1746702000000,0.18503,0.18508,0.18211,0.18302,344944513.0
1746705600000,0.18302,0.18482,0.18285,0.18369,293018115.0
1746709200000,0.18368,0.18511,0.1834,0.18435,315147336.0
1746712800000,0.18434,0.18708,0.18352,0.18572,417040095.0
1746716400000,0.18572,0.19143,0.18546,0.18929,770933695.0
1746720000000,0.18928,0.19291,0.18912,0.19073,473607341.0
1746723600000,0.19072,0.19168,0.18919,0.19016,238529124.0
1746727200000,0.19016,0.19127,0.18991,0.19046,184174256.0
1746730800000,0.19045,0.19122,0.18938,0.19091,209983297.0
1746734400000,0.19091,0.19594,0.18989,0.19519,450454468.0
1746738000000,0.19518,0.19716,0.19166,0.19297,453654631.0
1746741600000,0.19296,0.1943,0.19172,0.19429,234290983.0
1746745200000,0.19429,0.19837,0.19373,0.19807,311502119.0
1746748800000,0.19808,0.19866,0.19466,0.19562,375014048.0
1746752400000,0.19562,0.1974,0.19443,0.19628,221494027.0
1746756000000,0.19629,0.19656,0.19489,0.19575,206056428.0
1746759600000,0.19576,0.19752,0.19311,0.1935,345495802.0
1746763200000,0.19351,0.19457,0.19294,0.19403,295588178.0
1746766800000,0.19403,0.19559,0.19366,0.19549,141147531.0
1746770400000,0.1955,0.19722,0.19504,0.19697,174497500.0
1746774000000,0.19697,0.20929,0.19678,0.20577,1246838867.0
1746777600000,0.20577,0.2145,0.20223,0.20544,1300587140.0
1746781200000,0.20543,0.20729,0.20126,0.2054,713457655.0
1746784800000,0.20541,0.20978,0.20479,0.20935,356682115.0
1746788400000,0.20936,0.21156,0.20556,0.20715,456937927.0
1746792000000,0.20715,0.20799,0.20512,0.20735,320691837.0
1746795600000,0.20735,0.2099,0.2053,0.20902,297459920.0
1746799200000,0.20901,0.20901,0.20068,0.2038,727291277.0
1746802800000,0.2038,0.20501,0.20142,0.20419,460526280.0
1746806400000,0.2042,0.20429,0.20104,0.2014,397541309.0
1746810000000,0.20141,0.20616,0.20102,0.20578,336717045.0
1746813600000,0.20577,0.20588,0.20382,0.20431,122244909.0
1746817200000,0.20431,0.20542,0.20288,0.20502,169496779.0
1746820800000,0.20503,0.20603,0.20429,0.20591,97693698.0
1746824400000,0.2059,0.20602,0.20415,0.20493,81842628.0
1746828000000,0.20493,0.20542,0.20405,0.20417,81103655.0
1746831600000,0.20418,0.20542,0.20365,0.20521,94903734.0
1746835200000,0.20521,0.20899,0.20328,0.20358,423962866.0
1746838800000,0.20359,0.20687,0.20347,0.2051,178076817.0
1746842400000,0.2051,0.20976,0.20472,0.2083,312521296.0
1746846000000,0.2083,0.21078,0.20703,0.20975,315026316.0
1746849600000,0.20974,0.2108,0.20809,0.20877,214279703.0
1746853200000,0.20878,0.2164,0.20827,0.21534,332162349.0
1746856800000,0.21534,0.22633,0.21519,0.22606,1139874031.0
1746860400000,0.22607,0.22626,0.22144,0.22413,582861813.0
1746864000000,0.22414,0.22673,0.22234,0.22335,511378589.0
1746867600000,0.22336,0.23069,0.22135,0.22939,704189712.0
1746871200000,0.22939,0.23081,0.22555,0.22581,582726946.0
1746874800000,0.22581,0.2278,0.22233,0.22246,495783433.0
1746878400000,0.22247,0.22586,0.22247,0.22549,300752312.0
1746882000000,0.2255,0.22779,0.22475,0.227,248509037.0
1746885600000,0.22701,0.22914,0.22464,0.22771,316053209.0
1746889200000,0.2277,0.22899,0.22558,0.22692,396386086.0
1746892800000,0.22692,0.23243,0.22631,0.23145,507829654.0
1746896400000,0.23145,0.23941,0.23124,0.23257,1172456334.0
1746900000000,0.23257,0.23508,0.23127,0.23461,326730532.0
1746903600000,0.2346,0.23604,0.2312,0.23521,271940971.0
1746907200000,0.23521,0.2375,0.23196,0.23631,240858570.0
1746910800000,0.2363,0.24096,0.23583,0.24022,263963232.0
1746914400000,0.24021,0.24604,0.23812,0.24568,687887743.0
1746918000000,0.24567,0.2512,0.24541,0.25057,937171127.0
1746921600000,0.25058,0.25973,0.24409,0.24967,1771785289.0
1746925200000,0.24967,0.25027,0.23917,0.24069,1001171298.0
1746928800000,0.24069,0.24379,0.23544,0.23819,725615150.0
1746932400000,0.23819,0.24123,0.23659,0.23953,352116012.0
1746936000000,0.23953,0.2419,0.23894,0.24147,261453508.0
1746939600000,0.24148,0.24252,0.23861,0.23866,308495233.0
1746943200000,0.23866,0.2389,0.23239,0.23434,617907962.0
1746946800000,0.23433,0.23452,0.2275,0.23024,904172034.0
1746950400000,0.23024,0.2333,0.2292,0.22967,501527478.0
1746954000000,0.22967,0.23474,0.22964,0.23365,462682914.0
1746957600000,0.23364,0.2347,0.232,0.23372,349269586.0
1746961200000,0.23372,0.2346,0.23229,0.23408,206418577.0
1746964800000,0.23409,0.2358,0.23234,0.23428,373151653.0
1746968400000,0.23429,0.23624,0.22802,0.22828,703247607.0
1746972000000,0.22829,0.23183,0.22829,0.23124,364356235.0
1746975600000,0.23125,0.23372,0.22506,0.22685,671194240.0
1746979200000,0.22686,0.22833,0.22204,0.22601,855548471.0
1746982800000,0.22601,0.23171,0.22555,0.23097,365467094.0
1746986400000,0.23097,0.23328,0.2285,0.23144,432456633.0
1746990000000,0.23144,0.23301,0.2307,0.23096,170323872.0
1746993600000,0.23097,0.23171,0.22955,0.23056,120464624.0
1746997200000,0.23056,0.233,0.22903,0.23294,118229491.0
1747000800000,0.23295,0.23451,0.2293,0.23131,254722595.0
1747004400000,0.23131,0.23327,0.23039,0.23172,107466646.0
1747008000000,0.23173,0.23741,0.23126,0.23653,494834217.0
1747011600000,0.23653,0.24123,0.22998,0.2348,806290003.0
1747015200000,0.23481,0.23774,0.2337,0.23649,317426521.0
1747018800000,0.23647,0.23847,0.23364,0.23827,291164588.0
1747022400000,0.23825,0.2447,0.23751,0.24306,637189225.0
1747026000000,0.24306,0.24382,0.23603,0.23798,563449651.0
1747029600000,0.23798,0.24124,0.23686,0.24067,234787128.0
1747033200000,0.24067,0.25341,0.24067,0.24397,1627420831.0
1747036800000,0.24397,0.24892,0.24035,0.24734,770068444.0
1747040400000,0.24733,0.2521,0.24592,0.24763,755943002.0
1747044000000,0.24763,0.25071,0.24692,0.24877,411045191.0
1747047600000,0.24877,0.24988,0.24145,0.2422,575030895.0
1747051200000,0.24219,0.24601,0.24003,0.24433,576479157.0
1747054800000,0.24433,0.24645,0.2335,0.23988,922427611.0
1747058400000,0.23988,0.2415,0.23235,0.23433,936213386.0
1747062000000,0.23433,0.23594,0.23012,0.23227,704743761.0
1747065600000,0.23226,0.23672,0.23051,0.23538,469386123.0
1747069200000,0.23537,0.2367,0.22818,0.2298,504840050.0
1747072800000,0.2298,0.23054,0.22039,0.22436,1055699216.0
1747076400000,0.22436,0.22866,0.2237,0.22722,470174803.0
1747080000000,0.22722,0.22992,0.22531,0.22849,244759095.0
1747083600000,0.22849,0.23067,0.2277,0.23025,150597652.0
1747087200000,0.23025,0.2324,0.22916,0.23106,177906939.0
1747090800000,0.23107,0.23378,0.23066,0.2309,235088692.0
1747094400000,0.2309,0.23107,0.22491,0.22535,392145342.0
1747098000000,0.22535,0.22711,0.22176,0.22422,481914901.0
1747101600000,0.22421,0.22521,0.21773,0.22094,649451490.0
1747105200000,0.22094,0.22256,0.21717,0.21841,379661382.0
1747108800000,0.2184,0.22343,0.21736,0.22313,324453079.0
1747112400000,0.22312,0.22372,0.22092,0.22267,206777333.0
1747116000000,0.22268,0.22448,0.22262,0.22295,162871698.0
1747119600000,0.22295,0.22581,0.22268,0.22401,182939331.0
1747123200000,0.22402,0.22537,0.22286,0.22357,240525306.0
1747126800000,0.22358,0.22785,0.22347,0.22752,311974453.0
1747130400000,0.22752,0.22789,0.22558,0.22722,236686996.0
1747134000000,0.22721,0.22985,0.22654,0.22802,296890624.0
1747137600000,0.22802,0.23142,0.22553,0.22893,631386131.0
1747141200000,0.22893,0.23077,0.22698,0.22896,425622584.0
1747144800000,0.22898,0.2296,0.22412,0.22651,480391100.0
1747148400000,0.22652,0.23351,0.22614,0.23295,465037744.0
1747152000000,0.23294,0.24073,0.2328,0.23639,952038370.0
1747155600000,0.23639,0.23891,0.23563,0.2375,350424722.0
1747159200000,0.2375,0.23989,0.23669,0.2393,318623041.0
1747162800000,0.23929,0.24303,0.23753,0.23887,477598696.0
1747166400000,0.23887,0.23956,0.23644,0.23929,292641546.0
1747170000000,0.23929,0.23962,0.23741,0.23938,140423324.0
1747173600000,0.23937,0.24027,0.2378,0.23888,186246944.0
1747177200000,0.23888,0.2415,0.23746,0.24068,255291870.0
1747180800000,0.24069,0.24147,0.2375,0.23861,312870964.0
1747184400000,0.23861,0.24335,0.23726,0.2382,499943812.0
1747188000000,0.2382,0.23839,0.23352,0.2377,510388479.0
1747191600000,0.23769,0.23899,0.23557,0.23879,260538023.0
1747195200000,0.23879,0.24204,0.23689,0.24163,255151654.0
1747198800000,0.24164,0.24751,0.24121,0.24561,460382661.0
1747202400000,0.24562,0.24665,0.2416,0.2423,367770054.0
1747206000000,0.2423,0.24233,0.23661,0.23704,407668972.0
1747209600000,0.23704,0.23831,0.23301,0.23323,565206974.0
1747213200000,0.23324,0.23556,0.23177,0.23549,477526773.0
1747216800000,0.23549,0.23682,0.23465,0.23485,217076486.0
1747220400000,0.23486,0.23877,0.23486,0.23741,221781239.0
1747224000000,0.23741,0.23869,0.23524,0.23609,221232563.0
1747227600000,0.23608,0.23828,0.23214,0.23504,423648272.0
1747231200000,0.23503,0.23522,0.22985,0.23145,583445366.0
1747234800000,0.23146,0.23322,0.22938,0.23291,340915311.0
1747238400000,0.2329,0.23355,0.23018,0.23195,248895214.0
1747242000000,0.23196,0.23259,0.22806,0.23241,378186298.0
1747245600000,0.2324,0.23447,0.23214,0.2338,183067821.0
1747249200000,0.23379,0.23492,0.23303,0.23421,112060766.0
1747252800000,0.23422,0.23512,0.23311,0.2332,99226931.0
1747256400000,0.2332,0.23403,0.23124,0.23373,96775245.0
1747260000000,0.23372,0.23437,0.23138,0.2322,77931152.0
1747263600000,0.23221,0.23292,0.23059,0.23267,126547065.0
1747267200000,0.23268,0.23667,0.23253,0.2357,252124046.0
1747270800000,0.2357,0.23651,0.22751,0.22864,429883063.0
1747274400000,0.22865,0.23534,0.22803,0.23412,372283251.0
1747278000000,0.23413,0.2351,0.23121,0.23194,276967517.0
1747281600000,0.23193,0.23489,0.23168,0.23364,209165345.0
1747285200000,0.23363,0.23416,0.22744,0.22828,286749800.0
1747288800000,0.22828,0.23036,0.2258,0.22774,343440135.0
1747292400000,0.22774,0.22853,0.22242,0.22359,444068315.0
1747296000000,0.22358,0.22887,0.22352,0.22858,354507880.0
1747299600000,0.22857,0.2286,0.223,0.22528,351697004.0
1747303200000,0.22529,0.2256,0.22185,0.22397,272485853.0
1747306800000,0.22397,0.22708,0.22375,0.2266,229806919.0
1747310400000,0.22659,0.22936,0.22529,0.22717,458614805.0
1747314000000,0.22717,0.22842,0.22043,0.22219,610814596.0
1747317600000,0.22219,0.22313,0.21587,0.21835,677935383.0
1747321200000,0.21835,0.22602,0.21803,0.22508,471444074.0
1747324800000,0.22508,0.22772,0.22225,0.2276,371936131.0
1747328400000,0.22761,0.22937,0.22607,0.22658,274754753.0
1747332000000,0.22658,0.22692,0.21973,0.21994,351276554.0
1747335600000,0.21995,0.22273,0.21865,0.22202,296295329.0
1747339200000,0.22203,0.22416,0.21835,0.22095,422308550.0
1747342800000,0.22095,0.22125,0.21617,0.2199,258563501.0
1747346400000,0.21989,0.22239,0.21889,0.21897,178389975.0
1747350000000,0.21896,0.21934,0.21353,0.21926,497766311.0
1747353600000,0.21926,0.22256,0.21861,0.22072,290662918.0
1747357200000,0.22073,0.22337,0.2178,0.22273,304842299.0
1747360800000,0.22272,0.22638,0.22246,0.22515,385219841.0
1747364400000,0.22514,0.22714,0.22456,0.22607,184617119.0
1747368000000,0.22607,0.2271,0.22364,0.22523,211455815.0
1747371600000,0.22524,0.2275,0.22518,0.22614,146440038.0
1747375200000,0.22613,0.22749,0.22573,0.22644,157991651.0
1747378800000,0.22644,0.22761,0.22453,0.22571,225676929.0
1747382400000,0.22571,0.22645,0.22128,0.22347,301901408.0
1747386000000,0.22348,0.22903,0.22337,0.22873,386451803.0
1747389600000,0.22873,0.22981,0.22739,0.22955,281260792.0
1747393200000,0.22955,0.22998,0.22674,0.22704,248196196.0
1747396800000,0.22703,0.22777,0.22556,0.22622,194696960.0
1747400400000,0.22621,0.22945,0.22581,0.22906,270099368.0
1747404000000,0.22905,0.22905,0.22444,0.22619,328739070.0
1747407600000,0.2262,0.22978,0.22613,0.22886,274203227.0
1747411200000,0.22885,0.23085,0.2256,0.22795,347870992.0
1747414800000,0.22794,0.22874,0.22494,0.22574,181307485.0
1747418400000,0.22574,0.2277,0.22482,0.22535,175257564.0
1747422000000,0.22534,0.22705,0.2243,0.22687,132096599.0
1747425600000,0.22686,0.22695,0.22196,0.22413,269349575.0
1747429200000,0.22412,0.2256,0.22266,0.22367,118361240.0
1747432800000,0.22366,0.22386,0.21938,0.22125,244715644.0
1747436400000,0.22125,0.22312,0.22071,0.221,142496344.0
1747440000000,0.22098,0.22214,0.21755,0.21857,336424250.0
1747443600000,0.21856,0.21857,0.214,0.21569,404583041.0
1747447200000,0.21568,0.21799,0.21352,0.21703,312038340.0
1747450800000,0.21703,0.21816,0.21506,0.21815,168244089.0
1747454400000,0.21816,0.22006,0.2176,0.21902,142620223.0
1747458000000,0.21901,0.21945,0.21627,0.21648,150104321.0
1747461600000,0.21647,0.21812,0.21625,0.21772,135978163.0
1747465200000,0.21771,0.21884,0.21578,0.21702,166125171.0
1747468800000,0.21702,0.21732,0.21529,0.21545,210061981.0
1747472400000,0.21544,0.21667,0.21412,0.21568,230908568.0
1747476000000,0.21569,0.21715,0.21517,0.21583,125718759.0
1747479600000,0.21583,0.21648,0.21406,0.21543,145688619.0
1747483200000,0.21543,0.21575,0.21452,0.2147,138447721.0
1747486800000,0.2147,0.216,0.21163,0.21289,299705427.0
1747490400000,0.21288,0.21665,0.21268,0.21624,234222473.0
1747494000000,0.21624,0.21672,0.21482,0.21494,138119919.0
1747497600000,0.21494,0.21612,0.2106,0.21378,359412256.0
1747501200000,0.21378,0.21586,0.21328,0.21387,200772899.0
1747504800000,0.21386,0.21623,0.21357,0.21394,225417296.0
1747508400000,0.21395,0.21536,0.21318,0.21439,138330368.0
1747512000000,0.21439,0.21772,0.21361,0.21719,196289614.0
1747515600000,0.21719,0.21743,0.21529,0.21651,121414832.0
1747519200000,0.21651,0.21659,0.21188,0.21333,218381872.0
1747522800000,0.21334,0.21506,0.21267,0.21449,105489316.0
1747526400000,0.2145,0.21608,0.21388,0.21575,170554762.0
1747530000000,0.21575,0.21688,0.21504,0.21645,117989563.0
1747533600000,0.21645,0.21687,0.21563,0.21631,75386100.0
1747537200000,0.21631,0.21696,0.21403,0.21558,160900534.0
1747540800000,0.21559,0.21693,0.21547,0.21655,78145717.0
1747544400000,0.21654,0.22146,0.21654,0.22101,238293528.0
1747548000000,0.22101,0.22195,0.21905,0.21937,248528160.0
1747551600000,0.21937,0.22197,0.21886,0.22179,151871124.0
1747555200000,0.22179,0.22488,0.22175,0.22397,353551189.0
1747558800000,0.22398,0.22512,0.22177,0.22239,259018981.0
1747562400000,0.22239,0.22352,0.22181,0.2225,147478952.0
1747566000000,0.22249,0.22383,0.22201,0.22215,133942509.0
1747569600000,0.22214,0.2246,0.22111,0.22446,200016607.0
1747573200000,0.22446,0.22683,0.22361,0.2266,251774751.0
1747576800000,0.22661,0.2317,0.22537,0.23021,486148742.0
1747580400000,0.23022,0.23742,0.22864,0.23652,640455965.0
1747584000000,0.23653,0.23793,0.23277,0.23582,695010219.0
1747587600000,0.23584,0.2362,0.22992,0.23024,628125278.0
1747591200000,0.23025,0.23063,0.22563,0.22774,691268496.0
1747594800000,0.22773,0.22887,0.2218,0.22229,430822423.0
1747598400000,0.22229,0.22368,0.21842,0.22295,552737176.0
1747602000000,0.22295,0.22641,0.2228,0.22355,201387398.0
1747605600000,0.22354,0.22913,0.22102,0.22895,365554213.0
1747609200000,0.22894,0.23444,0.22733,0.23296,355265730.0
1747612800000,0.23297,0.23576,0.22522,0.2275,683847750.0
1747616400000,0.2275,0.22832,0.22405,0.22451,364379629.0
1747620000000,0.22451,0.2254,0.22206,0.22259,263309333.0
1747623600000,0.22259,0.22275,0.21918,0.21945,299905966.0
1747627200000,0.21945,0.22141,0.21608,0.2175,511328373.0
1747630800000,0.21751,0.21908,0.21602,0.21811,311436077.0
1747634400000,0.21811,0.21984,0.21391,0.21433,406457066.0
1747638000000,0.21433,0.21868,0.21413,0.21777,280569991.0
1747641600000,0.21777,0.21797,0.21518,0.21672,298327611.0
1747645200000,0.21673,0.21802,0.21529,0.21685,193773433.0
1747648800000,0.21685,0.21793,0.21556,0.21716,178250503.0
1747652400000,0.21717,0.2178,0.2162,0.21706,126632375.0
1747656000000,0.21706,0.21722,0.21368,0.21512,261699399.0
1747659600000,0.21511,0.21955,0.2149,0.21833,420212861.0
1747663200000,0.21832,0.22107,0.21741,0.22026,334243757.0
1747666800000,0.22026,0.22279,0.22005,0.22112,334431183.0
1747670400000,0.22111,0.22383,0.21916,0.22375,318995054.0
1747674000000,0.22375,0.22611,0.22308,0.22393,410840931.0
1747677600000,0.22393,0.22486,0.22138,0.22261,291454661.0
1747681200000,0.22261,0.225,0.22186,0.22422,203880823.0
1747684800000,0.22422,0.22539,0.22321,0.22469,167242056.0
1747688400000,0.22469,0.22489,0.22278,0.22419,115007452.0
1747692000000,0.22418,0.22418,0.22217,0.2232,108362545.0
1747695600000,0.22321,0.22483,0.223,0.22437,94936446.0
1747699200000,0.22437,0.22823,0.22366,0.22394,342525912.0
1747702800000,0.22393,0.22912,0.22356,0.22779,252193791.0
1747706400000,0.2278,0.23077,0.22664,0.22715,337867753.0
1747710000000,0.22716,0.22746,0.22462,0.22572,301367934.0
1747713600000,0.22572,0.22733,0.22416,0.2269,213398075.0
1747717200000,0.22689,0.22804,0.22587,0.22595,173613442.0
1747720800000,0.22594,0.22636,0.22312,0.22469,239805714.0
1747724400000,0.22469,0.22516,0.22172,0.22235,284415658.0
1747728000000,0.22234,0.22324,0.22025,0.22146,295775525.0
1747731600000,0.22145,0.22278,0.22099,0.22136,233400528.0
1747735200000,0.22135,0.22243,0.21944,0.22048,196625545.0
1747738800000,0.22048,0.22121,0.2186,0.22069,209545129.0
1747742400000,0.22069,0.22071,0.21789,0.2194,198448589.0
1747746000000,0.2194,0.22006,0.21751,0.21856,272128896.0
1747749600000,0.21856,0.22019,0.21792,0.21852,274986278.0
1747753200000,0.21852,0.22111,0.21842,0.22049,249709987.0
1747756800000,0.22048,0.22129,0.21875,0.21904,201301159.0
1747760400000,0.21905,0.22346,0.21889,0.2225,252714356.0
1747764000000,0.2225,0.22338,0.2176,0.21827,343585419.0
1747767600000,0.21826,0.22551,0.21779,0.22407,399195622.0
1747771200000,0.22408,0.22712,0.22254,0.22618,398423505.0
1747774800000,0.22618,0.2275,0.22412,0.22609,309027462.0
1747778400000,0.22609,0.22674,0.22344,0.22573,164736768.0
1747782000000,0.22574,0.22777,0.2251,0.22617,182894841.0
1747785600000,0.22617,0.22774,0.2247,0.22593,246591820.0
1747789200000,0.22593,0.22843,0.22547,0.22595,211749563.0
1747792800000,0.22594,0.22935,0.22381,0.22861,314844815.0
1747796400000,0.22861,0.23051,0.22839,0.229,251662661.0
1747800000000,0.229,0.23164,0.22817,0.23015,250410140.0
1747803600000,0.23015,0.2335,0.2301,0.23187,305029063.0
1747807200000,0.23188,0.23345,0.23034,0.23172,300490060.0
1747810800000,0.23173,0.23204,0.22586,0.22652,586945412.0
1747814400000,0.22652,0.22763,0.22511,0.22521,247816355.0
1747818000000,0.22522,0.22601,0.22455,0.22514,175353072.0
1747821600000,0.22513,0.22609,0.22463,0.22552,147769164.0
1747825200000,0.22552,0.22775,0.22534,0.22641,199814394.0
1747828800000,0.22641,0.22781,0.22543,0.22665,157550248.0
1747832400000,0.22666,0.22925,0.22535,0.22786,271514448.0
1747836000000,0.22787,0.2333,0.22658,0.23319,478458410.0
1747839600000,0.2332,0.23437,0.23009,0.23179,711974151.0
1747843200000,0.23179,0.23799,0.23039,0.23479,590645461.0
1747846800000,0.23479,0.23595,0.22244,0.22506,1459618771.0
1747850400000,0.22506,0.22875,0.22403,0.22664,426019516.0
1747854000000,0.22665,0.23088,0.22538,0.23008,279152945.0
1747857600000,0.23009,0.23047,0.2278,0.22954,161988677.0
1747861200000,0.22954,0.2304,0.22838,0.22904,93715020.0
1747864800000,0.22903,0.23383,0.22874,0.23289,272249958.0
1747868400000,0.23289,0.2377,0.2315,0.23398,548597842.0
1747872000000,0.23398,0.23863,0.23375,0.2383,436238633.0
1747875600000,0.2383,0.24361,0.23793,0.24011,807005750.0
1747879200000,0.24011,0.24212,0.23946,0.24041,356330971.0
1747882800000,0.24041,0.24314,0.2385,0.24109,345093240.0
1747886400000,0.2411,0.24204,0.23939,0.24094,230658763.0
1747890000000,0.24093,0.24169,0.23782,0.2381,296879672.0
1747893600000,0.23811,0.23937,0.23656,0.23795,290006335.0
1747897200000,0.23796,0.24147,0.23731,0.24101,287807851.0
1747900800000,0.24101,0.24496,0.2406,0.24247,545008065.0
1747904400000,0.24247,0.24384,0.24013,0.241,460176702.0
1747908000000,0.241,0.24217,0.23964,0.24023,184826300.0
1747911600000,0.24022,0.24193,0.2389,0.24015,239985755.0
1747915200000,0.24015,0.24217,0.23898,0.24161,231319548.0
1747918800000,0.24162,0.24177,0.2394,0.23992,279375578.0
1747922400000,0.23992,0.24257,0.23965,0.24075,303223772.0
1747926000000,0.24075,0.2428,0.24035,0.24123,200062736.0
1747929600000,0.24123,0.24249,0.23863,0.23952,247679610.0
1747933200000,0.23953,0.24256,0.2391,0.24131,168493501.0
1747936800000,0.24131,0.24268,0.24031,0.24167,139430489.0
1747940400000,0.24167,0.2419,0.23812,0.23927,173145562.0
1747944000000,0.23928,0.24093,0.23904,0.23979,162181894.0
1747947600000,0.23978,0.23978,0.2375,0.2389,131699160.0
1747951200000,0.23891,0.24293,0.23876,0.24086,265839344.0
1747954800000,0.24087,0.24573,0.24087,0.24547,281750439.0
1747958400000,0.24548,0.24854,0.24346,0.24662,525511948.0
1747962000000,0.24663,0.24876,0.24423,0.24807,358565295.0
1747965600000,0.24807,0.25439,0.24746,0.25123,831692155.0
1747969200000,0.25124,0.25217,0.24933,0.25095,305434149.0
1747972800000,0.25095,0.25149,0.24507,0.24731,509934726.0
1747976400000,0.2473,0.24843,0.2454,0.24777,227272722.0
1747980000000,0.24777,0.24797,0.24201,0.24305,488208653.0
1747983600000,0.24306,0.24558,0.24289,0.24339,250971953.0
1747987200000,0.24338,0.24577,0.24308,0.24515,188195809.0
1747990800000,0.24515,0.24882,0.24461,0.24849,259240429.0
1747994400000,0.2485,0.24859,0.24467,0.24621,271439824.0
1747998000000,0.2462,0.24634,0.23298,0.23509,924420171.0
1748001600000,0.2351,0.23538,0.22705,0.23233,1348736692.0
1748005200000,0.23233,0.23652,0.23011,0.23631,663467633.0
1748008800000,0.23631,0.23841,0.23501,0.23701,414968035.0
1748012400000,0.23701,0.23803,0.23411,0.23433,448337431.0
1748016000000,0.23432,0.23542,0.23178,0.23466,424339552.0
1748019600000,0.23466,0.23683,0.23411,0.23583,223632778.0
1748023200000,0.23582,0.23662,0.23228,0.2331,298074250.0
1748026800000,0.2331,0.2347,0.23238,0.23302,142975942.0
1748030400000,0.23301,0.23319,0.23032,0.23073,203058684.0
1748034000000,0.23074,0.23232,0.22954,0.23043,160592860.0
1748037600000,0.23043,0.23218,0.228,0.22858,186291761.0
1748041200000,0.22858,0.22918,0.22294,0.22505,513689848.0
1748044800000,0.22505,0.22804,0.22346,0.22548,326215475.0
1748048400000,0.22547,0.22791,0.22543,0.22636,165183879.0
1748052000000,0.22636,0.22871,0.22554,0.22823,141837519.0
1748055600000,0.22822,0.22993,0.22783,0.22932,134304845.0
1748059200000,0.22932,0.2303,0.22846,0.22981,123380057.0
1748062800000,0.22981,0.22989,0.22747,0.22842,148774454.0
1748066400000,0.22841,0.22916,0.22663,0.22764,143176398.0
1748070000000,0.22764,0.22881,0.2268,0.22722,124526774.0
1748073600000,0.22723,0.22791,0.22566,0.22784,184354905.0
1748077200000,0.22784,0.22874,0.22744,0.22766,117349970.0
1748080800000,0.22766,0.22994,0.2274,0.22959,202292403.0
1748084400000,0.22959,0.23025,0.22883,0.22894,183880364.0
1748088000000,0.22894,0.22925,0.22753,0.22823,153450604.0
1748091600000,0.22824,0.22845,0.2268,0.22697,120749935.0
1748095200000,0.22697,0.22863,0.22674,0.22825,100846273.0
1748098800000,0.22825,0.22909,0.22684,0.22759,105587979.0
1748102400000,0.22759,0.22808,0.2258,0.22756,124090172.0
1748106000000,0.22756,0.22857,0.22717,0.22747,90555427.0
1748109600000,0.22747,0.22889,0.22636,0.22663,115422257.0
1748113200000,0.22663,0.22737,0.22628,0.22711,71861384.0
1748116800000,0.2271,0.22802,0.22658,0.22731,67351549.0
1748120400000,0.22731,0.2274,0.225,0.22676,65379277.0
1748124000000,0.22677,0.2268,0.22467,0.22511,106505349.0
1748127600000,0.22512,0.22596,0.22364,0.22501,176638726.0
1748131200000,0.22501,0.22633,0.22033,0.22138,374226718.0
1748134800000,0.22138,0.2225,0.21929,0.22174,295583060.0
1748138400000,0.22174,0.2226,0.2203,0.22239,149865911.0
1748142000000,0.22238,0.22422,0.22226,0.22358,123640289.0
1748145600000,0.22358,0.22408,0.22246,0.22398,85711938.0
1748149200000,0.22397,0.22397,0.22271,0.22359,69760351.0
1748152800000,0.22358,0.22374,0.22221,0.22289,72694673.0
1748156400000,0.22289,0.22294,0.2204,0.22126,292931664.0
1748160000000,0.22126,0.22128,0.21761,0.21865,292931529.0
1748163600000,0.21864,0.21931,0.21705,0.21889,281645179.0
1748167200000,0.21889,0.2195,0.21784,0.21791,172365525.0
1748170800000,0.21791,0.21964,0.21753,0.21924,139944296.0
1748174400000,0.21924,0.22067,0.21872,0.22046,155646658.0
1748178000000,0.22046,0.22104,0.21919,0.21985,119721130.0
1748181600000,0.21986,0.22027,0.2177,0.21851,142254371.0
1748185200000,0.21852,0.21895,0.21552,0.21841,315004754.0
1748188800000,0.21841,0.21879,0.21634,0.21836,167463086.0
1748192400000,0.21836,0.21924,0.218,0.21895,99296702.0
1748196000000,0.21896,0.22003,0.21856,0.21922,77430824.0
1748199600000,0.21921,0.22073,0.21875,0.21992,70828540.0
1748203200000,0.21993,0.22019,0.21864,0.21965,71356677.0
1748206800000,0.21966,0.22033,0.21815,0.21891,65142057.0
1748210400000,0.21892,0.22448,0.21851,0.22432,314976116.0
1748214000000,0.22432,0.22508,0.22244,0.22478,215091791.0
1748217600000,0.22477,0.22723,0.2232,0.22711,270141019.0
1748221200000,0.22711,0.22768,0.22552,0.22712,212167295.0
1748224800000,0.22713,0.2273,0.22503,0.22551,139071298.0
1748228400000,0.22551,0.22762,0.22516,0.22709,131935786.0
1748232000000,0.2271,0.22832,0.22654,0.22758,165450699.0
1748235600000,0.22758,0.22816,0.22692,0.22768,100926830.0
1748239200000,0.22769,0.2289,0.22739,0.22862,122436651.0
1748242800000,0.22861,0.23025,0.22839,0.22974,223904325.0
1748246400000,0.22973,0.22999,0.22662,0.22705,265058053.0
1748250000000,0.22705,0.22786,0.22597,0.2264,156643923.0
1748253600000,0.22639,0.22745,0.22537,0.22586,132054476.0
1748257200000,0.22585,0.2266,0.22514,0.22606,105988338.0
1748260800000,0.22605,0.22778,0.22506,0.22717,180034762.0
1748264400000,0.22717,0.22765,0.22368,0.22461,214142218.0
1748268000000,0.22461,0.2253,0.22322,0.22441,205742601.0
1748271600000,0.22442,0.22897,0.22381,0.22688,326343246.0
1748275200000,0.22688,0.22795,0.22347,0.22426,301279471.0
1748278800000,0.22426,0.22517,0.22239,0.22321,150828254.0
1748282400000,0.22321,0.22474,0.22255,0.22358,94179439.0
1748286000000,0.22357,0.22454,0.22315,0.22402,68466302.0
1748289600000,0.22402,0.22655,0.22321,0.22639,99312023.0
1748293200000,0.22638,0.22664,0.22513,0.22625,74034811.0
1748296800000,0.22625,0.22768,0.22497,0.22515,112786256.0
1748300400000,0.22516,0.22609,0.22444,0.22585,95747703.0
1748304000000,0.22584,0.22701,0.22367,0.22411,140225361.0
1748307600000,0.22411,0.2242,0.21956,0.22207,391943885.0
1748311200000,0.22207,0.22443,0.22184,0.22312,142428154.0
1748314800000,0.22311,0.22556,0.22311,0.22416,152537971.0
1748318400000,0.22416,0.22497,0.22323,0.2235,154916178.0
1748322000000,0.2235,0.22489,0.22242,0.22448,134230133.0
1748325600000,0.22448,0.22687,0.22446,0.22493,237731797.0
1748329200000,0.22494,0.22842,0.22493,0.22769,183779261.0
1748332800000,0.22769,0.22908,0.22766,0.22857,203870966.0
1748336400000,0.22857,0.22886,0.22726,0.22865,179499606.0
1748340000000,0.22866,0.22877,0.22786,0.22849,99831637.0
1748343600000,0.22849,0.22889,0.22728,0.22862,132633911.0
1748347200000,0.22862,0.22926,0.22776,0.22842,153890816.0
1748350800000,0.22842,0.23206,0.22826,0.22858,567551338.0
1748354400000,0.22858,0.22954,0.22473,0.22709,460041896.0
1748358000000,0.2271,0.22913,0.22633,0.22857,238828534.0
1748361600000,0.2286,0.22989,0.22698,0.22829,361674304.0
1748365200000,0.2283,0.23025,0.22813,0.22912,224013881.0
1748368800000,0.22912,0.22979,0.22736,0.22748,171769888.0
1748372400000,0.22747,0.22786,0.2265,0.22717,142913520.0
1748376000000,0.22717,0.22848,0.22691,0.22765,90744786.0
1748379600000,0.22765,0.22864,0.22585,0.22621,100468170.0
1748383200000,0.22621,0.22686,0.22433,0.22583,182551686.0
1748386800000,0.22583,0.22626,0.22492,0.22589,98030936.0
1748390400000,0.22589,0.22772,0.22437,0.22748,166290781.0
1748394000000,0.22747,0.22776,0.224,0.22433,170624471.0
1748397600000,0.22434,0.22434,0.2228,0.22364,248964280.0
1748401200000,0.22364,0.22493,0.22335,0.22462,84003966.0
1748404800000,0.22461,0.22521,0.22353,0.22473,96596888.0
1748408400000,0.22472,0.22474,0.2236,0.2238,74638302.0
1748412000000,0.22381,0.22382,0.22182,0.22205,169486944.0
1748415600000,0.22204,0.22329,0.22165,0.22249,135435983.0
1748419200000,0.2225,0.22341,0.22185,0.223,115319246.0
1748422800000,0.223,0.22307,0.22107,0.22184,150322364.0
1748426400000,0.22185,0.22309,0.22076,0.22281,170289666.0
1748430000000,0.22282,0.22364,0.22245,0.22347,123263606.0
1748433600000,0.22346,0.2246,0.223,0.22326,165691756.0
1748437200000,0.22326,0.22358,0.22024,0.2206,285834711.0
1748440800000,0.22059,0.22113,0.219,0.21907,342786962.0
1748444400000,0.21907,0.2199,0.21755,0.21825,268470994.0
1748448000000,0.21826,0.22033,0.21804,0.22006,173759414.0
1748451600000,0.22006,0.22105,0.21859,0.21945,141749086.0
1748455200000,0.21946,0.22015,0.21809,0.21831,94089665.0
1748458800000,0.21831,0.21942,0.21672,0.21716,171001502.0
1748462400000,0.21715,0.21919,0.217,0.21909,131588512.0
1748466000000,0.2191,0.22007,0.21866,0.21982,67605263.0
1748469600000,0.21982,0.21991,0.21817,0.2191,85502822.0
1748473200000,0.2191,0.22154,0.21908,0.22086,164590057.0
1748476800000,0.22085,0.22508,0.21975,0.22481,268289369.0
1748480400000,0.22481,0.22495,0.22266,0.22398,229865794.0
1748484000000,0.22399,0.2278,0.223,0.22762,332563036.0
1748487600000,0.22761,0.22787,0.22571,0.22646,273472866.0
1748491200000,0.22646,0.22696,0.22203,0.22405,342576548.0
1748494800000,0.22404,0.22555,0.22368,0.22463,162797301.0
1748498400000,0.22463,0.2252,0.22397,0.22469,111020392.0
1748502000000,0.22468,0.225,0.2237,0.22429,107370571.0
1748505600000,0.22429,0.2256,0.22326,0.22534,191820443.0
1748509200000,0.22534,0.2258,0.22475,0.22545,117693007.0
1748512800000,0.22545,0.22597,0.22471,0.22589,115252669.0
1748516400000,0.22588,0.22601,0.22423,0.22481,142318015.0
1748520000000,0.2248,0.22483,0.2225,0.22314,212906871.0
1748523600000,0.22314,0.22416,0.22093,0.22148,291407209.0
1748527200000,0.22148,0.222,0.21791,0.22136,462310147.0
1748530800000,0.22136,0.22137,0.21922,0.21953,193218659.0
1748534400000,0.21954,0.2206,0.21828,0.2187,259023689.0
1748538000000,0.21869,0.22115,0.21828,0.21997,307155923.0
1748541600000,0.21998,0.22139,0.21803,0.21814,239554251.0
1748545200000,0.21815,0.21887,0.21436,0.21628,486580967.0
1748548800000,0.21628,0.21773,0.21617,0.21748,160028313.0
1748552400000,0.21749,0.21943,0.21739,0.21924,74416211.0
1748556000000,0.21925,0.21932,0.21688,0.21688,98925553.0
1748559600000,0.21689,0.21742,0.21389,0.21477,195344731.0
1748563200000,0.21477,0.21637,0.2,0.20365,952804077.0
1748566800000,0.2037,0.20809,0.20308,0.20695,674118773.0
1748570400000,0.20693,0.20974,0.2067,0.20857,277332842.0
1748574000000,0.20856,0.20944,0.20795,0.20849,130763627.0
1748577600000,0.20848,0.20921,0.20733,0.20883,158164765.0
1748581200000,0.20883,0.20942,0.20651,0.20752,250003570.0
1748584800000,0.20752,0.20766,0.20296,0.20465,459319545.0
1748588400000,0.20464,0.20593,0.20366,0.20419,261453475.0
1748592000000,0.20419,0.20585,0.20326,0.20409,218720905.0
1748595600000,0.20408,0.20503,0.20138,0.20471,373973757.0
1748599200000,0.20471,0.20525,0.20333,0.20508,199804032.0
1748602800000,0.20508,0.20562,0.20418,0.20491,193795328.0
1748606400000,0.20492,0.20582,0.20218,0.20444,319316489.0
1748610000000,0.20445,0.20523,0.2016,0.20198,285621850.0
1748613600000,0.20198,0.20336,0.20081,0.20215,320665526.0
1748617200000,0.20215,0.20404,0.2018,0.20196,177740952.0
1748620800000,0.20197,0.20274,0.1932,0.19628,959143227.0
1748624400000,0.19629,0.19851,0.19611,0.19693,302997004.0
1748628000000,0.19694,0.20034,0.19681,0.20021,243361028.0
1748631600000,0.2002,0.20117,0.19957,0.20031,133617574.0
1748635200000,0.20031,0.20055,0.19894,0.19936,129329584.0
1748638800000,0.19936,0.20039,0.19817,0.19868,87877555.0
1748642400000,0.19868,0.19915,0.19203,0.19214,415245891.0
1748646000000,0.19214,0.19428,0.19036,0.19348,474125570.0
1748649600000,0.19348,0.19445,0.18834,0.19145,569805711.0
1748653200000,0.19145,0.19234,0.18602,0.18976,722767497.0
1748656800000,0.18976,0.1924,0.18776,0.18785,371348853.0
1748660400000,0.18784,0.18929,0.18539,0.18923,550524544.0
1748664000000,0.18923,0.1907,0.18755,0.19045,288893830.0
1748667600000,0.19044,0.19104,0.18814,0.18827,155072456.0
1748671200000,0.18826,0.19028,0.1879,0.18964,163300687.0
1748674800000,0.18964,0.18993,0.1886,0.18916,102889101.0
1748678400000,0.18917,0.18959,0.18761,0.18865,209190102.0
1748682000000,0.18866,0.1895,0.18679,0.18749,192932505.0
1748685600000,0.18748,0.18943,0.18582,0.1871,321850787.0
1748689200000,0.18711,0.1872,0.18554,0.18642,138590899.0
1748692800000,0.18643,0.19095,0.18622,0.19086,445568332.0
1748696400000,0.19085,0.19496,0.19057,0.19106,602509330.0
1748700000000,0.19107,0.19324,0.19087,0.19295,229264864.0
1748703600000,0.19295,0.19433,0.1909,0.19167,332600303.0
1748707200000,0.19167,0.19379,0.19086,0.19301,193740774.0
1748710800000,0.19301,0.19337,0.19129,0.1915,116883298.0
1748714400000,0.19151,0.19317,0.1913,0.19279,75077634.0
1748718000000,0.19279,0.19499,0.19279,0.19443,135889193.0
1748721600000,0.19444,0.19484,0.19358,0.1944,77992733.0
1748725200000,0.1944,0.19543,0.19394,0.19468,132564310.0
1748728800000,0.19469,0.19494,0.193,0.19309,93682929.0
1748732400000,0.19308,0.19437,0.19208,0.19241,209008460.0
1748736000000,0.19242,0.19253,0.19087,0.19141,172856184.0
1748739600000,0.1914,0.19195,0.18828,0.18935,251639848.0
1748743200000,0.18935,0.19018,0.18781,0.18965,209743711.0
1748746800000,0.18965,0.19018,0.1881,0.19,155690415.0
1748750400000,0.19001,0.19211,0.18962,0.19166,175547595.0
1748754000000,0.19166,0.19206,0.19049,0.19069,133168823.0
1748757600000,0.19069,0.19071,0.18936,0.18961,125326318.0
1748761200000,0.1896,0.19017,0.18903,0.18999,106272819.0
1748764800000,0.18998,0.19016,0.18854,0.18932,133225578.0
1748768400000,0.18932,0.18992,0.18628,0.18745,281710626.0
1748772000000,0.18745,0.18864,0.18682,0.18851,166793287.0
1748775600000,0.18851,0.18967,0.18795,0.18933,125847017.0
1748779200000,0.18933,0.1895,0.18721,0.18791,170414128.0
1748782800000,0.18791,0.18961,0.18769,0.18901,140295076.0
1748786400000,0.18902,0.19231,0.18902,0.19121,301108683.0
1748790000000,0.19121,0.19245,0.19059,0.19173,178726109.0
1748793600000,0.19172,0.19464,0.19167,0.1931,356484837.0
1748797200000,0.1931,0.19343,0.19259,0.19266,113822327.0
1748800800000,0.19266,0.19271,0.18888,0.19075,256436708.0
1748804400000,0.19074,0.19186,0.19042,0.19179,139605163.0
1748808000000,0.19178,0.19249,0.19082,0.19132,94918129.0
1748811600000,0.19131,0.19325,0.19094,0.19313,86190754.0
1748815200000,0.19312,0.19427,0.19296,0.19351,171012024.0
1748818800000,0.19351,0.19483,0.19322,0.19353,139652159.0
1748822400000,0.19352,0.19433,0.19241,0.19277,175277082.0
1748826000000,0.19277,0.19411,0.192,0.19202,156756856.0
1748829600000,0.19203,0.19217,0.19052,0.19074,174962847.0
1748833200000,0.19075,0.19088,0.18906,0.19022,178709492.0
1748836800000,0.19021,0.19147,0.1899,0.19033,124673412.0
1748840400000,0.19032,0.19121,0.18947,0.19063,92884801.0
1748844000000,0.19064,0.19231,0.19001,0.1917,173029922.0
1748847600000,0.1917,0.19331,0.19158,0.19178,150110186.0
1748851200000,0.19178,0.19303,0.19071,0.19105,176206128.0
1748854800000,0.19106,0.19109,0.18921,0.18957,247299275.0
1748858400000,0.18958,0.1909,0.18911,0.19001,202354917.0
1748862000000,0.19002,0.19038,0.18841,0.18919,161365042.0
1748865600000,0.18918,0.19041,0.1885,0.19036,128848088.0
1748869200000,0.19036,0.19144,0.18892,0.18934,261536694.0
1748872800000,0.18933,0.19239,0.18853,0.19148,360977710.0
1748876400000,0.19147,0.19305,0.18998,0.19181,241625090.0
1748880000000,0.19181,0.19194,0.19019,0.19172,170145921.0
1748883600000,0.19172,0.19279,0.1907,0.19233,159878505.0
1748887200000,0.19232,0.19365,0.19092,0.1911,191476033.0
1748890800000,0.19109,0.19183,0.18874,0.19014,234952166.0
1748894400000,0.19014,0.19266,0.19011,0.19199,186112482.0
1748898000000,0.19199,0.19353,0.19195,0.19347,145623505.0
1748901600000,0.19346,0.19633,0.19343,0.19477,276483516.0
1748905200000,0.19478,0.19589,0.1945,0.19498,182374596.0
1748908800000,0.19498,0.19786,0.19446,0.19668,323433315.0
1748912400000,0.19669,0.20013,0.19622,0.19972,346669186.0
1748916000000,0.19972,0.2004,0.19609,0.19659,365011963.0
1748919600000,0.1966,0.19689,0.19451,0.1956,245327488.0
1748923200000,0.19561,0.19576,0.19414,0.19454,111001354.0
1748926800000,0.19453,0.19636,0.19453,0.19616,114286288.0
1748930400000,0.19616,0.19632,0.19512,0.19629,85875280.0
1748934000000,0.19629,0.19636,0.19497,0.19516,84734322.0
1748937600000,0.19515,0.19536,0.1932,0.194,210329956.0
1748941200000,0.19399,0.19518,0.19357,0.19473,144196031.0
1748944800000,0.19472,0.19562,0.19444,0.19522,129104393.0
1748948400000,0.19521,0.19584,0.19461,0.19494,115002953.0
1748952000000,0.19493,0.19582,0.19445,0.19539,115753461.0
1748955600000,0.19539,0.19645,0.19423,0.19524,308829120.0
1748959200000,0.19524,0.19844,0.1939,0.19804,424238419.0
1748962800000,0.19803,0.19857,0.19657,0.19727,238091359.0
1748966400000,0.19727,0.19748,0.19546,0.19547,203291100.0
1748970000000,0.19546,0.19685,0.19523,0.19614,135121702.0
1748973600000,0.19614,0.19617,0.19507,0.19586,102416909.0
1748977200000,0.19586,0.19733,0.19573,0.19703,125294074.0
1748980800000,0.19703,0.1971,0.19238,0.19435,287014288.0
1748984400000,0.19435,0.19489,0.1911,0.19223,202350514.0
1748988000000,0.19224,0.19454,0.19202,0.19406,131049515.0
1748991600000,0.19407,0.19414,0.19258,0.19302,87216197.0
1748995200000,0.19301,0.19385,0.19198,0.19384,130638657.0
1748998800000,0.19385,0.19589,0.19384,0.1949,158763308.0
1749002400000,0.1949,0.19609,0.19453,0.19472,101778498.0
1749006000000,0.19473,0.19701,0.19473,0.19596,146217782.0
1749009600000,0.19595,0.1966,0.19552,0.19568,80231963.0
1749013200000,0.19568,0.1964,0.19518,0.19561,133580959.0
1749016800000,0.19562,0.1962,0.19481,0.19573,128763749.0
1749020400000,0.19574,0.1962,0.19496,0.19533,78882162.0
1749024000000,0.19533,0.1965,0.19533,0.19568,110022503.0
1749027600000,0.19567,0.19665,0.19507,0.19625,137902982.0
1749031200000,0.19624,0.19657,0.19505,0.19535,134142064.0
1749034800000,0.19534,0.19565,0.19353,0.19372,181669572.0
1749038400000,0.19373,0.1943,0.19225,0.19252,231018070.0
1749042000000,0.19251,0.19327,0.19155,0.19176,215901722.0
1749045600000,0.19175,0.19245,0.18955,0.19239,343929150.0
1749049200000,0.19238,0.19349,0.19179,0.19273,206725969.0
1749052800000,0.19273,0.19282,0.19149,0.1923,141102480.0
1749056400000,0.1923,0.19235,0.18986,0.19073,187197288.0
1749060000000,0.19074,0.19144,0.19024,0.19045,96394104.0
1749063600000,0.19045,0.19076,0.18918,0.18919,110316314.0
1749067200000,0.18919,0.18935,0.18679,0.18822,301264198.0
1749070800000,0.18823,0.19016,0.18719,0.18951,135186276.0
1749074400000,0.18951,0.18959,0.18755,0.1883,129566463.0
1749078000000,0.1883,0.1887,0.18711,0.188,105990291.0
1749081600000,0.188,0.18924,0.18727,0.18898,135748846.0
1749085200000,0.18898,0.1896,0.18787,0.1884,92974556.0
1749088800000,0.18839,0.1907,0.18837,0.18965,142348887.0
1749092400000,0.18965,0.19025,0.18923,0.19005,70148601.0
1749096000000,0.19005,0.19066,0.18974,0.19033,59448779.0
1749099600000,0.19034,0.19056,0.18824,0.18902,127366426.0
1749103200000,0.18901,0.18984,0.18767,0.18797,174991358.0
1749106800000,0.18797,0.18973,0.18775,0.18841,173942965.0
1749110400000,0.18841,0.18919,0.18793,0.18904,82525906.0
1749114000000,0.18903,0.18974,0.18884,0.18956,83031009.0
1749117600000,0.18956,0.18983,0.18772,0.18847,124753767.0
1749121200000,0.18847,0.18937,0.18791,0.18931,92183042.0
1749124800000,0.18931,0.19226,0.18909,0.19167,302950596.0
1749128400000,0.19168,0.19239,0.18875,0.18898,331560763.0
1749132000000,0.18899,0.1904,0.187,0.18973,432790183.0
1749135600000,0.18974,0.19026,0.18845,0.18923,158866291.0
1749139200000,0.18922,0.18937,0.1797,0.18092,1377045818.0
1749142800000,0.18093,0.18218,0.17894,0.17966,476277616.0
1749146400000,0.17965,0.18026,0.17784,0.17869,438641201.0
1749150000000,0.17869,0.17909,0.1695,0.17387,1391264689.0
1749153600000,0.17387,0.1744,0.16778,0.16889,1366664387.0
1749157200000,0.16889,0.1718,0.16848,0.17145,754007313.0
1749160800000,0.17144,0.17222,0.16962,0.17158,303518312.0
1749164400000,0.17159,0.17219,0.17082,0.17095,237212846.0
1749168000000,0.17096,0.17204,0.16929,0.17193,337974143.0
1749171600000,0.17193,0.172,0.17094,0.17165,129600318.0
1749175200000,0.17165,0.17258,0.17034,0.17257,242551227.0
1749178800000,0.17257,0.17537,0.172,0.17515,398498839.0
1749182400000,0.17514,0.17589,0.17421,0.17556,249129016.0
1749186000000,0.17557,0.17621,0.17476,0.17591,276463225.0
1749189600000,0.17591,0.17638,0.17498,0.17536,283867153.0
1749193200000,0.17536,0.17591,0.1746,0.17473,199941712.0
1749196800000,0.17472,0.1756,0.17472,0.17499,154105371.0
1749200400000,0.17499,0.17672,0.17499,0.17564,223457111.0
1749204000000,0.17565,0.17698,0.17564,0.17629,182142345.0
1749207600000,0.1763,0.17804,0.17612,0.17752,313184519.0
1749211200000,0.17753,0.18011,0.17725,0.17752,518979806.0
1749214800000,0.17752,0.18138,0.17752,0.18004,422537529.0
1749218400000,0.18004,0.18333,0.17946,0.18268,402440237.0
1749222000000,0.18267,0.1844,0.18077,0.18177,462082889.0
1749225600000,0.18177,0.18232,0.17999,0.18028,282539538.0
1749229200000,0.18029,0.18055,0.17851,0.17992,381266899.0
1749232800000,0.17992,0.1801,0.17867,0.17903,147035242.0
1749236400000,0.17903,0.1802,0.17835,0.1789,173146380.0
1749240000000,0.17888,0.18051,0.17841,0.17956,145835361.0
1749243600000,0.17956,0.18044,0.17889,0.17987,99908100.0
1749247200000,0.17987,0.18,0.1787,0.17934,96462319.0
1749250800000,0.17934,0.17949,0.17855,0.17869,77406587.0
1749254400000,0.1787,0.18078,0.17766,0.1807,189713305.0
1749258000000,0.18071,0.18112,0.17918,0.17975,144418558.0
1749261600000,0.17975,0.18112,0.1794,0.1809,108897650.0
1749265200000,0.1809,0.18247,0.18057,0.18245,192319412.0
1749268800000,0.18246,0.18247,0.1814,0.18214,121913900.0
1749272400000,0.18214,0.18337,0.1818,0.18307,118203200.0
1749276000000,0.18308,0.18487,0.1822,0.18476,146556721.0
1749279600000,0.18476,0.1863,0.18382,0.18523,321226504.0
1749283200000,0.18523,0.18577,0.18431,0.18469,165141739.0
1749286800000,0.18469,0.18536,0.18456,0.18497,91265801.0
1749290400000,0.18498,0.18643,0.18479,0.18608,128947707.0
1749294000000,0.18608,0.18724,0.18573,0.18589,167599386.0
1749297600000,0.1859,0.18724,0.18565,0.18646,214954663.0
1749301200000,0.18647,0.18861,0.1861,0.18748,373829506.0
1749304800000,0.18749,0.1876,0.18641,0.18684,152003254.0
1749308400000,0.18684,0.18745,0.18622,0.18658,160797340.0
1749312000000,0.18658,0.18725,0.18328,0.18336,475041802.0
1749315600000,0.18335,0.18425,0.1818,0.18216,366424889.0
1749319200000,0.18217,0.18358,0.18205,0.18249,213547312.0
1749322800000,0.18248,0.18376,0.18241,0.18317,157097863.0
1749326400000,0.18316,0.18429,0.18316,0.18402,111269871.0
1749330000000,0.18402,0.18497,0.18399,0.18488,99428969.0
1749333600000,0.18487,0.18633,0.18487,0.18579,179246629.0
1749337200000,0.1858,0.18585,0.18435,0.18502,124072415.0
1749340800000,0.18502,0.18502,0.18305,0.18327,166126076.0
1749344400000,0.18327,0.1848,0.18304,0.1845,130200219.0
1749348000000,0.1845,0.18456,0.18347,0.18369,88042124.0
1749351600000,0.18369,0.18377,0.18312,0.18318,61351011.0
1749355200000,0.18318,0.18436,0.18313,0.18414,86290269.0
1749358800000,0.18415,0.18461,0.18349,0.18361,70148882.0
1749362400000,0.18362,0.18476,0.18351,0.1837,77443772.0
1749366000000,0.1837,0.18431,0.18274,0.18292,112892037.0
1749369600000,0.18292,0.18338,0.18264,0.18281,95189924.0
1749373200000,0.18282,0.18293,0.18026,0.18146,348911703.0
1749376800000,0.18146,0.18226,0.18121,0.18217,152218877.0
1749380400000,0.18217,0.18419,0.18211,0.18371,242643778.0
1749384000000,0.18371,0.18391,0.18253,0.18328,158283379.0
1749387600000,0.18327,0.18543,0.18221,0.18289,273114012.0
1749391200000,0.18289,0.18406,0.1827,0.18382,142043856.0
1749394800000,0.18383,0.18495,0.18374,0.18399,163066065.0
1749398400000,0.18398,0.18567,0.18376,0.18503,206944061.0
1749402000000,0.18504,0.18586,0.18452,0.18461,149776319.0
1749405600000,0.18462,0.18594,0.18445,0.18578,144907406.0
1749409200000,0.18577,0.1863,0.18542,0.18601,90693900.0
1749412800000,0.18601,0.1867,0.18521,0.18549,109073535.0
1749416400000,0.18549,0.18694,0.18536,0.18625,81219351.0
1749420000000,0.18626,0.18649,0.18361,0.18381,223781656.0
1749423600000,0.1838,0.18442,0.18355,0.18409,110913388.0
1749427200000,0.18409,0.18457,0.18291,0.18363,185408121.0
1749430800000,0.18362,0.18368,0.18182,0.18227,143988168.0
1749434400000,0.18226,0.18318,0.18184,0.18221,108974795.0
1749438000000,0.1822,0.18275,0.18106,0.18255,135201871.0
1749441600000,0.18254,0.18271,0.18116,0.18137,103081229.0
1749445200000,0.18137,0.18169,0.18045,0.18062,251749805.0
1749448800000,0.18062,0.18207,0.18009,0.18184,210268254.0
1749452400000,0.18185,0.18185,0.18063,0.18145,118527106.0
1749456000000,0.18145,0.18224,0.18071,0.18212,108841748.0
1749459600000,0.18213,0.18577,0.18172,0.18433,357343943.0
1749463200000,0.18434,0.18639,0.18368,0.18591,369474317.0
1749466800000,0.18591,0.1874,0.18496,0.18629,332589665.0
1749470400000,0.18628,0.18653,0.18482,0.1855,241801097.0
1749474000000,0.1855,0.1856,0.18242,0.1829,355983328.0
1749477600000,0.1829,0.18479,0.18252,0.18383,275836018.0
1749481200000,0.18384,0.18575,0.18368,0.1844,214545920.0
1749484800000,0.1844,0.18692,0.18439,0.18564,332599439.0
1749488400000,0.18564,0.18754,0.18548,0.18707,284753984.0
1749492000000,0.18708,0.18787,0.18641,0.18719,199915872.0
1749495600000,0.18718,0.18768,0.18584,0.18644,184341098.0
1749499200000,0.18644,0.18733,0.18643,0.18682,77755529.0
1749502800000,0.18683,0.19619,0.18683,0.19364,833096457.0
1749506400000,0.19365,0.19565,0.19362,0.19496,335828778.0
1749510000000,0.19496,0.19512,0.19307,0.19482,172849739.0
1749513600000,0.19481,0.19617,0.19401,0.19506,293642698.0
1749517200000,0.19505,0.19575,0.19417,0.19494,152577594.0
1749520800000,0.19494,0.19497,0.19326,0.19429,215535640.0
1749524400000,0.1943,0.19461,0.19276,0.19357,131592365.0
1749528000000,0.19358,0.19387,0.19234,0.19316,112657869.0
1749531600000,0.19316,0.19349,0.19046,0.1911,290959614.0
1749535200000,0.19111,0.19162,0.18978,0.19125,224159881.0
1749538800000,0.19125,0.19145,0.18999,0.19092,259671595.0
1749542400000,0.19093,0.1914,0.1896,0.18988,163449003.0
1749546000000,0.18988,0.19205,0.18954,0.19198,226846542.0
1749549600000,0.19198,0.19229,0.19005,0.19096,201443016.0
1749553200000,0.19097,0.19588,0.19009,0.19475,590078226.0
1749556800000,0.19474,0.19746,0.19356,0.19679,446457655.0
1749560400000,0.1968,0.19748,0.1919,0.19309,615851859.0
1749564000000,0.19309,0.19319,0.1899,0.19051,348866867.0
1749567600000,0.1905,0.19213,0.18847,0.19099,368877787.0
1749571200000,0.191,0.19171,0.18985,0.19044,175220502.0
1749574800000,0.19043,0.19186,0.19043,0.19081,113794398.0
1749578400000,0.19081,0.19399,0.19029,0.19368,189816395.0
1749582000000,0.19368,0.19655,0.19365,0.19454,373634546.0
1749585600000,0.19454,0.19531,0.19318,0.1951,153294166.0
1749589200000,0.1951,0.19555,0.19325,0.19432,141107031.0
1749592800000,0.19432,0.19687,0.19423,0.19608,232197032.0
1749596400000,0.19609,0.19848,0.19602,0.19838,237949513.0
1749600000000,0.19838,0.19897,0.19593,0.19612,296386439.0
1749603600000,0.19611,0.19629,0.19455,0.19499,191922479.0
1749607200000,0.19499,0.19669,0.19486,0.19565,134839704.0
1749610800000,0.19566,0.19891,0.19554,0.1976,213608644.0
1749614400000,0.19761,0.19865,0.19677,0.19824,140195771.0
1749618000000,0.19825,0.1984,0.19701,0.1974,124589913.0
1749621600000,0.19741,0.19871,0.19685,0.19834,151585494.0
1749625200000,0.19834,0.2067,0.19776,0.20239,1238763788.0
1749628800000,0.20239,0.20389,0.20167,0.20193,321683044.0
1749632400000,0.20194,0.2023,0.19876,0.19923,277935333.0
1749636000000,0.19923,0.2007,0.19888,0.2007,207300543.0
1749639600000,0.20069,0.2009,0.1981,0.19904,269031813.0
1749643200000,0.19904,0.20246,0.1982,0.20115,560937220.0
1749646800000,0.20115,0.20191,0.19902,0.19966,312735465.0
1749650400000,0.19966,0.20307,0.19951,0.20186,325127169.0
1749654000000,0.20186,0.20344,0.20078,0.20308,285588636.0
1749657600000,0.20308,0.20397,0.20195,0.20276,245826328.0
1749661200000,0.20275,0.20276,0.19824,0.19838,310254543.0
1749664800000,0.19837,0.19848,0.19559,0.19588,518912407.0
1749668400000,0.19587,0.19602,0.19405,0.19496,300588355.0
1749672000000,0.19495,0.19634,0.19357,0.19564,197086535.0
1749675600000,0.19564,0.19716,0.19232,0.19306,249165147.0
1749679200000,0.19307,0.19377,0.19117,0.19214,331237965.0
1749682800000,0.19214,0.19299,0.19199,0.19284,146872425.0
1749686400000,0.19284,0.19358,0.1912,0.19298,233636642.0
1749690000000,0.19297,0.19301,0.1905,0.19235,197163179.0
1749693600000,0.19234,0.1929,0.1912,0.19198,168982870.0
1749697200000,0.19197,0.19204,0.19001,0.19064,242341478.0
1749700800000,0.19065,0.19099,0.18931,0.19031,249681215.0
1749704400000,0.19031,0.19094,0.18918,0.1907,136655296.0
1749708000000,0.1907,0.19124,0.18959,0.19073,141683662.0
1749711600000,0.19073,0.1912,0.18886,0.18944,188792404.0
1749715200000,0.18943,0.19007,0.18858,0.18994,176626851.0
1749718800000,0.18994,0.19019,0.18918,0.18933,113524313.0
1749722400000,0.18932,0.18945,0.18752,0.18846,247391980.0
1749726000000,0.18846,0.18866,0.18629,0.18706,235025563.0
1749729600000,0.18707,0.18866,0.18656,0.18787,269420372.0
1749733200000,0.18787,0.18846,0.18689,0.1881,212596166.0
1749736800000,0.1881,0.1898,0.1881,0.18918,273223569.0
1749740400000,0.18919,0.18979,0.1854,0.1858,454767729.0
1749744000000,0.18581,0.18837,0.18555,0.18778,320080663.0
1749747600000,0.18778,0.19003,0.18754,0.18952,235114297.0
1749751200000,0.18952,0.18965,0.18588,0.18727,248903584.0
1749754800000,0.18727,0.18782,0.18363,0.18465,287611552.0
1749758400000,0.18464,0.18559,0.1798,0.18132,713242539.0
1749762000000,0.18131,0.18259,0.18036,0.18047,275092364.0
1749765600000,0.18046,0.18177,0.18029,0.18068,310956299.0
1749769200000,0.18068,0.18234,0.18057,0.18103,156750484.0
1749772800000,0.18103,0.1814,0.17045,0.17312,1453294974.0
1749776400000,0.17312,0.17313,0.16961,0.17211,762061306.0
1749780000000,0.17211,0.17263,0.17003,0.17154,488661911.0
1749783600000,0.17153,0.17505,0.17138,0.17426,415609006.0
1749787200000,0.17426,0.17427,0.17237,0.17328,239186045.0
1749790800000,0.17328,0.17342,0.17251,0.17253,171361030.0
1749794400000,0.17253,0.17415,0.1714,0.17414,274535324.0
1749798000000,0.17414,0.17447,0.17283,0.17428,223760442.0
1749801600000,0.17427,0.17633,0.17392,0.17436,377417356.0
1749805200000,0.17435,0.17468,0.17339,0.17418,242471513.0
1749808800000,0.17419,0.17497,0.17305,0.17494,187928205.0
1749812400000,0.17495,0.1758,0.17412,0.17559,209832136.0
1749816000000,0.1756,0.1761,0.17435,0.17458,232251469.0
1749819600000,0.17458,0.17643,0.17418,0.17506,268044003.0
1749823200000,0.17506,0.17597,0.17365,0.17553,337399999.0
1749826800000,0.17554,0.1787,0.17516,0.17777,479012712.0
1749830400000,0.17777,0.17985,0.17693,0.17897,450699942.0
1749834000000,0.17897,0.17897,0.17662,0.17831,279170131.0
1749837600000,0.17832,0.17873,0.1755,0.17662,354555345.0
1749841200000,0.17662,0.17767,0.17564,0.17645,242283966.0
1749844800000,0.17645,0.17853,0.17604,0.17795,199542590.0
1749848400000,0.17795,0.17907,0.17753,0.17861,103424644.0
1749852000000,0.17861,0.17959,0.17847,0.17944,111962234.0
1749855600000,0.17943,0.18043,0.1791,0.18032,141845163.0
1749859200000,0.18031,0.18036,0.17848,0.17868,239756489.0
1749862800000,0.17868,0.17868,0.17735,0.17752,244346889.0
1749866400000,0.17751,0.17803,0.17693,0.17733,97553319.0
1749870000000,0.17734,0.17817,0.17719,0.17772,91015689.0
1749873600000,0.17772,0.17843,0.17765,0.17805,161006279.0
1749877200000,0.17805,0.1782,0.17735,0.17779,92060067.0
1749880800000,0.17779,0.17799,0.17644,0.17648,198447026.0
1749884400000,0.17647,0.17686,0.1755,0.17651,157101427.0
1749888000000,0.17651,0.17697,0.17588,0.17689,111994274.0
1749891600000,0.17689,0.17696,0.17611,0.17622,89345819.0
1749895200000,0.17622,0.1772,0.17594,0.17691,105435186.0
1749898800000,0.17691,0.17787,0.17684,0.1778,140361127.0
1749902400000,0.17779,0.1779,0.17681,0.17783,95003939.0
1749906000000,0.17783,0.1783,0.17712,0.17779,103039580.0
1749909600000,0.17779,0.17825,0.17721,0.17747,96752181.0
1749913200000,0.17748,0.17772,0.17561,0.17666,230425844.0
1749916800000,0.17666,0.1772,0.17451,0.1752,267713346.0
1749920400000,0.1752,0.1775,0.17507,0.17715,188295567.0
1749924000000,0.17715,0.17822,0.17542,0.17662,226142928.0
1749927600000,0.17663,0.17724,0.17595,0.17602,95339699.0
1749931200000,0.17601,0.17668,0.17509,0.17664,123980988.0
1749934800000,0.17665,0.17838,0.17637,0.17807,114377550.0
1749938400000,0.17808,0.17848,0.17707,0.17757,104539644.0
1749942000000,0.17757,0.17842,0.1775,0.17817,70046279.0
1749945600000,0.17818,0.17845,0.1776,0.17841,88122836.0
1749949200000,0.17842,0.17862,0.17721,0.17734,117090534.0
1749952800000,0.17734,0.17809,0.17734,0.17739,72773619.0
1749956400000,0.17738,0.17799,0.17729,0.17756,47685332.0
1749960000000,0.17756,0.17839,0.17745,0.17828,104865336.0
1749963600000,0.17828,0.17828,0.176,0.17768,249755558.0
1749967200000,0.17767,0.17793,0.17598,0.17612,152890818.0
1749970800000,0.17613,0.17614,0.17515,0.1755,166840062.0
1749974400000,0.1755,0.17562,0.17444,0.1749,212441949.0
1749978000000,0.1749,0.17491,0.17351,0.17363,231982074.0
1749981600000,0.17363,0.17509,0.17358,0.1746,225485205.0
1749985200000,0.17461,0.17482,0.17361,0.17416,146926698.0
1749988800000,0.17415,0.17534,0.17376,0.17517,187059049.0
1749992400000,0.17516,0.17624,0.1747,0.17619,231597440.0
1749996000000,0.1762,0.17736,0.17481,0.17684,231028213.0
1749999600000,0.17685,0.177,0.17561,0.17587,237407320.0
1750003200000,0.17586,0.17654,0.17527,0.17617,114557450.0
1750006800000,0.17617,0.17674,0.17523,0.17635,84958710.0
1750010400000,0.17635,0.17644,0.17396,0.17479,188971562.0
1750014000000,0.17478,0.17542,0.17258,0.17356,186661592.0
1750017600000,0.17357,0.17359,0.17126,0.17248,272923626.0
1750021200000,0.17248,0.17363,0.17182,0.17348,122716341.0
1750024800000,0.17349,0.17561,0.17319,0.17496,209046840.0
1750028400000,0.17496,0.17588,0.17468,0.17543,137700675.0
1750032000000,0.17543,0.17577,0.17444,0.17482,199231812.0
1750035600000,0.17482,0.17598,0.1727,0.17589,363581281.0
1750039200000,0.17588,0.17674,0.17569,0.17599,210775894.0
1750042800000,0.17599,0.1769,0.17579,0.17585,103577757.0
1750046400000,0.17585,0.17741,0.1758,0.17693,181654464.0
1750050000000,0.17693,0.17847,0.1766,0.1774,210557252.0
1750053600000,0.17741,0.17773,0.17699,0.17727,157238309.0
1750057200000,0.17727,0.17879,0.17727,0.17822,202530056.0
1750060800000,0.17822,0.1783,0.17725,0.17769,141675188.0
1750064400000,0.1777,0.17772,0.17684,0.17706,148448277.0
1750068000000,0.17706,0.17776,0.17637,0.17673,128708533.0
1750071600000,0.17673,0.177,0.17527,0.17663,225008207.0
1750075200000,0.17664,0.17718,0.17617,0.17675,155201165.0
1750078800000,0.17676,0.178,0.17633,0.17784,227711315.0
1750082400000,0.17784,0.17938,0.17701,0.17797,386478165.0
1750086000000,0.17798,0.1786,0.17715,0.17748,223278661.0
1750089600000,0.17749,0.17913,0.17716,0.17861,239167305.0
1750093200000,0.1786,0.17925,0.17805,0.17868,145999364.0
1750096800000,0.17869,0.17996,0.17857,0.17987,139507507.0
1750100400000,0.17986,0.18112,0.17945,0.17983,295029319.0
1750104000000,0.17983,0.18029,0.17848,0.17973,232724738.0
1750107600000,0.17972,0.18002,0.17872,0.17941,134171238.0
1750111200000,0.1794,0.18006,0.17366,0.17544,561014590.0
1750114800000,0.17544,0.1765,0.172,0.17261,394164021.0
1750118400000,0.1726,0.17425,0.16847,0.17416,952150550.0
1750122000000,0.17417,0.17487,0.17306,0.17415,225237145.0
1750125600000,0.17416,0.1757,0.17262,0.1753,263814019.0
1750129200000,0.1753,0.17602,0.17459,0.17518,155722360.0
1750132800000,0.17518,0.17542,0.17382,0.17419,142922932.0
1750136400000,0.17418,0.17457,0.1732,0.17368,157628529.0
1750140000000,0.17367,0.17432,0.173,0.17354,102194218.0
1750143600000,0.17354,0.17404,0.1731,0.17374,117365476.0
1750147200000,0.17375,0.17402,0.17218,0.1724,145810287.0
1750150800000,0.17241,0.17282,0.1715,0.17231,177107178.0
1750154400000,0.17232,0.17232,0.1705,0.17167,189576709.0
1750158000000,0.17167,0.17169,0.17062,0.17129,167106761.0
1750161600000,0.17129,0.1722,0.17081,0.17109,151342584.0
1750165200000,0.17109,0.17221,0.17084,0.17129,166782194.0
1750168800000,0.1713,0.17232,0.17001,0.17028,197055824.0
1750172400000,0.17029,0.17033,0.1664,0.1678,711093270.0
1750176000000,0.1678,0.16807,0.16401,0.16404,591288403.0
1750179600000,0.16404,0.16744,0.16381,0.16641,451794785.0
1750183200000,0.16641,0.16891,0.16625,0.16889,178084333.0
1750186800000,0.16889,0.17142,0.1687,0.1703,364551169.0
1750190400000,0.17031,0.17079,0.16931,0.16948,227203553.0
1750194000000,0.16949,0.17112,0.16837,0.16956,254284658.0
1750197600000,0.16957,0.17002,0.16827,0.16847,136042728.0
1750201200000,0.16848,0.17016,0.16846,0.16926,109978813.0
1750204800000,0.16927,0.17049,0.16903,0.1702,145671590.0
1750208400000,0.17021,0.17169,0.17014,0.1703,186114287.0
1750212000000,0.17031,0.17059,0.16949,0.16967,131605746.0
1750215600000,0.16966,0.1709,0.16962,0.17058,69099738.0
1750219200000,0.17058,0.17216,0.17057,0.17155,108060798.0
1750222800000,0.17156,0.1719,0.17123,0.17127,75321043.0
1750226400000,0.17127,0.17143,0.16988,0.17036,131543061.0
1750230000000,0.17036,0.17119,0.17018,0.17112,91209168.0
1750233600000,0.17112,0.17165,0.16997,0.17044,114080708.0
1750237200000,0.17044,0.17088,0.16946,0.16965,112202380.0
1750240800000,0.16965,0.16974,0.16613,0.16673,343352337.0
1750244400000,0.16672,0.16898,0.16658,0.16864,220966845.0
1750248000000,0.16863,0.16868,0.16712,0.16731,136006816.0
1750251600000,0.16731,0.1674,0.16398,0.16661,495343539.0
1750255200000,0.1666,0.16941,0.16623,0.16735,513320937.0
1750258800000,0.16736,0.16868,0.1664,0.16808,233145689.0
1750262400000,0.16808,0.16825,0.16673,0.16717,133851898.0
1750266000000,0.16716,0.16805,0.16559,0.16759,278027057.0
1750269600000,0.16759,0.16888,0.16536,0.16548,462915322.0
1750273200000,0.16548,0.16825,0.16516,0.16694,311585850.0
1750276800000,0.16694,0.17108,0.16613,0.17046,276310572.0
1750280400000,0.17046,0.17129,0.16933,0.17088,202523757.0
1750284000000,0.17087,0.17149,0.17021,0.17035,102040719.0
1750287600000,0.17036,0.17105,0.16968,0.17057,108377069.0
1750291200000,0.17058,0.17195,0.16982,0.17077,194077716.0
1750294800000,0.17078,0.17084,0.16936,0.16966,148115345.0
1750298400000,0.16966,0.17066,0.16924,0.16981,94685070.0
1750302000000,0.16982,0.17092,0.16981,0.17083,70192962.0
1750305600000,0.17083,0.17096,0.17007,0.17083,71635688.0
1750309200000,0.17083,0.17149,0.17055,0.17062,109308092.0
1750312800000,0.17063,0.1711,0.16995,0.1701,112465590.0
1750316400000,0.17011,0.17084,0.16982,0.1699,71391563.0
1750320000000,0.16991,0.17075,0.16989,0.16994,83545193.0
1750323600000,0.16995,0.17076,0.16967,0.1704,129107339.0
1750327200000,0.1704,0.17052,0.16919,0.16944,157101652.0
1750330800000,0.16943,0.16944,0.16843,0.16887,169380807.0
1750334400000,0.16887,0.1695,0.16834,0.16941,158231442.0
1750338000000,0.16941,0.1699,0.16812,0.1683,200496048.0
1750341600000,0.1683,0.16923,0.16762,0.16806,184110892.0
1750345200000,0.16807,0.16878,0.16788,0.16818,112545590.0
1750348800000,0.16818,0.16937,0.16809,0.1683,163688976.0
1750352400000,0.1683,0.17035,0.16792,0.16981,201813973.0
1750356000000,0.16982,0.1709,0.16941,0.16991,179714572.0
1750359600000,0.16991,0.17033,0.16955,0.16968,96187416.0
1750363200000,0.16968,0.1705,0.16917,0.16964,103420408.0
1750366800000,0.16965,0.17059,0.16935,0.17017,94744777.0
1750370400000,0.17017,0.1717,0.17014,0.17098,148520339.0
1750374000000,0.17099,0.17132,0.17055,0.17085,110347506.0
1750377600000,0.17084,0.1715,0.17062,0.17088,105450647.0
1750381200000,0.17089,0.17101,0.16983,0.17024,113044796.0
1750384800000,0.17025,0.17033,0.16905,0.16938,95863242.0
1750388400000,0.16939,0.16985,0.16904,0.16922,103123996.0
1750392000000,0.16922,0.16925,0.16716,0.16742,203979503.0
1750395600000,0.16741,0.16825,0.16703,0.16813,128094693.0
1750399200000,0.16812,0.16844,0.16771,0.16785,81839041.0
1750402800000,0.16785,0.17054,0.16751,0.17046,303677025.0
1750406400000,0.17046,0.17133,0.16971,0.17028,264500934.0
1750410000000,0.17028,0.17059,0.16971,0.17003,83506770.0
1750413600000,0.17002,0.17074,0.16965,0.17058,80125357.0
1750417200000,0.17057,0.17104,0.16995,0.17071,98376143.0
1750420800000,0.1707,0.1719,0.1705,0.17122,164357582.0
1750424400000,0.17122,0.1719,0.16931,0.1701,285814461.0
1750428000000,0.1701,0.17038,0.16605,0.16616,618548573.0
1750431600000,0.16617,0.16734,0.16544,0.16592,354281895.0
1750435200000,0.16593,0.16609,0.16178,0.16288,680779713.0
1750438800000,0.16288,0.16328,0.1582,0.16154,1095853333.0
1750442400000,0.16154,0.16275,0.16106,0.16254,302549256.0
1750446000000,0.16255,0.16306,0.16104,0.16271,208704148.0
1750449600000,0.16271,0.16422,0.16266,0.16364,148357537.0
1750453200000,0.16365,0.16371,0.16214,0.1623,83394799.0
1750456800000,0.1623,0.16238,0.16088,0.16166,177460947.0
1750460400000,0.16166,0.16244,0.16131,0.16227,98582895.0
1750464000000,0.16227,0.16303,0.1619,0.16233,120604109.0
1750467600000,0.16234,0.16353,0.1622,0.16349,86810184.0
1750471200000,0.1635,0.16371,0.16274,0.16284,62463799.0
1750474800000,0.16283,0.16375,0.16279,0.16329,71292508.0
1750478400000,0.16328,0.16344,0.16288,0.16317,69394982.0
1750482000000,0.16318,0.1633,0.16279,0.16313,56096296.0
1750485600000,0.16314,0.1633,0.16284,0.16305,60165512.0
1750489200000,0.16306,0.16315,0.16244,0.16277,93573816.0
1750492800000,0.16276,0.16393,0.16261,0.16379,84082689.0
1750496400000,0.16379,0.1642,0.16329,0.16387,93648384.0
1750500000000,0.16387,0.1643,0.16316,0.16352,98332664.0
1750503600000,0.16352,0.16381,0.16305,0.16323,53448151.0
1750507200000,0.16322,0.16342,0.16214,0.16222,123935491.0
1750510800000,0.16223,0.16248,0.16003,0.16043,323961473.0
1750514400000,0.16042,0.16139,0.15994,0.16029,225491669.0
1750518000000,0.16029,0.16055,0.15893,0.16013,266266348.0
1750521600000,0.16013,0.16088,0.15944,0.16017,138954683.0
1750525200000,0.16017,0.1609,0.15809,0.15894,171800536.0
1750528800000,0.15894,0.15983,0.15723,0.1576,198637531.0
1750532400000,0.1576,0.15847,0.15707,0.15731,195515747.0
1750536000000,0.1573,0.15895,0.15688,0.1586,187717945.0
1750539600000,0.1586,0.15871,0.15,0.15253,795592645.0
1750543200000,0.15253,0.15439,0.15237,0.1538,261401320.0
1750546800000,0.1538,0.1546,0.15123,0.1544,466242538.0
1750550400000,0.1544,0.15763,0.15368,0.15687,501718665.0
1750554000000,0.15687,0.15727,0.15449,0.15466,212711306.0
1750557600000,0.15466,0.1559,0.15259,0.15407,324117194.0
1750561200000,0.15407,0.15528,0.15366,0.15456,198113319.0
1750564800000,0.15456,0.15635,0.15413,0.15602,231103625.0
1750568400000,0.15602,0.15695,0.1557,0.15651,150676601.0
1750572000000,0.15651,0.15726,0.15621,0.15694,151833648.0
1750575600000,0.15695,0.15721,0.15592,0.15623,237496541.0
1750579200000,0.15623,0.15678,0.15555,0.15646,130150835.0
1750582800000,0.15647,0.15714,0.15361,0.15373,395417347.0
1750586400000,0.15373,0.1557,0.15348,0.15496,242477034.0
1750590000000,0.15497,0.15638,0.15483,0.15553,155282809.0
1750593600000,0.15553,0.1563,0.15408,0.15529,176804573.0
1750597200000,0.15529,0.15578,0.14668,0.14893,1546558862.0
1750600800000,0.14893,0.14986,0.14522,0.14861,1072190179.0
1750604400000,0.14862,0.14935,0.14587,0.14616,433827224.0
1750608000000,0.14615,0.14849,0.14553,0.14832,566732262.0
1750611600000,0.14832,0.15026,0.14788,0.14984,384844545.0
1750615200000,0.14983,0.15048,0.14834,0.14863,293993688.0
1750618800000,0.14862,0.1489,0.14703,0.14735,265895699.0
1750622400000,0.14735,0.14872,0.14258,0.14806,823528257.0
1750626000000,0.14807,0.14894,0.14578,0.14625,294374300.0
1750629600000,0.14626,0.15082,0.14615,0.15081,521898026.0
1750633200000,0.15081,0.15169,0.15021,0.15118,260307692.0
1750636800000,0.15119,0.15298,0.15082,0.15142,351940836.0
1750640400000,0.15143,0.15249,0.15054,0.15245,156830845.0
1750644000000,0.15244,0.15262,0.15179,0.15243,114056301.0
1750647600000,0.15243,0.15295,0.15193,0.15211,112317452.0
1750651200000,0.15211,0.1533,0.1518,0.15269,132173433.0
1750654800000,0.1527,0.15462,0.15257,0.15419,193851171.0
1750658400000,0.15419,0.1548,0.15364,0.15431,202951875.0
1750662000000,0.15432,0.15494,0.15337,0.15376,226141429.0
1750665600000,0.15375,0.15447,0.15287,0.15335,157198074.0
1750669200000,0.15335,0.1534,0.15232,0.15271,171542459.0
1750672800000,0.15271,0.15279,0.15122,0.15186,173492262.0
1750676400000,0.15186,0.1522,0.15111,0.1521,138109331.0
1750680000000,0.15211,0.15403,0.15161,0.15391,298676944.0
1750683600000,0.1539,0.15573,0.15098,0.15533,818383685.0
1750687200000,0.15533,0.15645,0.15323,0.1537,605491920.0
1750690800000,0.1537,0.1551,0.15207,0.15237,314257363.0
1750694400000,0.15236,0.15259,0.14854,0.15046,888240846.0
1750698000000,0.15046,0.15553,0.14994,0.15538,777944792.0
1750701600000,0.15539,0.15759,0.15509,0.15628,501582450.0
1750705200000,0.15627,0.15771,0.15609,0.15712,240149410.0
1750708800000,0.15712,0.16018,0.15676,0.15878,453009538.0
1750712400000,0.15879,0.15931,0.1581,0.15863,189430111.0
1750716000000,0.15863,0.165,0.15863,0.16454,921041933.0
1750719600000,0.16454,0.16533,0.16342,0.16371,310430460.0
1750723200000,0.16371,0.16434,0.16222,0.16295,305713208.0
1750726800000,0.16296,0.16391,0.16269,0.16333,170653853.0
1750730400000,0.16332,0.16338,0.16181,0.16209,191690668.0
1750734000000,0.1621,0.16321,0.16201,0.16283,140386651.0
1750737600000,0.16283,0.16341,0.16239,0.16306,102145579.0
1750741200000,0.16307,0.16673,0.16298,0.16667,369167650.0
1750744800000,0.16667,0.16763,0.16566,0.16672,217944898.0
1750748400000,0.16671,0.16682,0.1625,0.16306,572483284.0
1750752000000,0.16305,0.16402,0.16217,0.16345,327442796.0
1750755600000,0.16345,0.16517,0.16292,0.16352,233387247.0
1750759200000,0.16352,0.16394,0.16298,0.16371,110794766.0
1750762800000,0.16371,0.16399,0.16239,0.1635,190362994.0
1750766400000,0.16351,0.16391,0.16247,0.16287,151937219.0
1750770000000,0.16287,0.16355,0.1616,0.16266,355041184.0
1750773600000,0.16266,0.16449,0.16247,0.16366,305910778.0
1750777200000,0.16367,0.16474,0.16261,0.1635,223083995.0
1750780800000,0.1635,0.16643,0.16325,0.16629,291659428.0
1750784400000,0.16628,0.16643,0.16361,0.16466,246364600.0
1750788000000,0.16467,0.16492,0.16314,0.16383,157513894.0
1750791600000,0.16384,0.16446,0.16262,0.16358,146773248.0
1750795200000,0.16357,0.1653,0.16341,0.16513,135736253.0
1750798800000,0.16513,0.1652,0.16424,0.1651,84149457.0
1750802400000,0.16509,0.16522,0.16407,0.16506,85164442.0
1750806000000,0.16506,0.16571,0.16441,0.16564,76048651.0
1750809600000,0.16563,0.16648,0.16444,0.16605,142868733.0
1750813200000,0.16604,0.16623,0.16476,0.16585,127304920.0
1750816800000,0.16586,0.16696,0.16572,0.16619,228743994.0
1750820400000,0.16619,0.16635,0.16525,0.16526,84400453.0
1750824000000,0.16526,0.1655,0.16419,0.16469,139274308.0
1750827600000,0.1647,0.16538,0.1645,0.16499,86461004.0
1750831200000,0.16498,0.16669,0.16465,0.16648,151351451.0
1750834800000,0.16649,0.16742,0.16594,0.16623,180019207.0
1750838400000,0.16622,0.16648,0.16466,0.16548,179483841.0
1750842000000,0.16549,0.16646,0.1644,0.16501,216359064.0
1750845600000,0.16501,0.16595,0.16459,0.16516,172830809.0
1750849200000,0.16517,0.16563,0.16415,0.16553,163506386.0
1750852800000,0.16553,0.16555,0.16431,0.16495,141001693.0
1750856400000,0.16496,0.16764,0.1645,0.16658,455184782.0
1750860000000,0.16658,0.16708,0.16312,0.16475,511334162.0
1750863600000,0.16476,0.16492,0.16247,0.1629,326646300.0
1750867200000,0.1629,0.16455,0.16288,0.16369,189029627.0
1750870800000,0.16368,0.16615,0.16337,0.16577,232804800.0
1750874400000,0.16576,0.1658,0.1645,0.16488,141185009.0
1750878000000,0.16488,0.16649,0.16484,0.16595,179692593.0
1750881600000,0.16594,0.16634,0.16528,0.16625,81680771.0
1750885200000,0.16624,0.16684,0.1651,0.16537,134562084.0
1750888800000,0.16536,0.16538,0.164,0.16422,154176934.0
1750892400000,0.16422,0.1646,0.16341,0.16451,109839447.0
1750896000000,0.1645,0.16544,0.1643,0.16457,102195916.0
1750899600000,0.16457,0.16665,0.16383,0.16555,236616171.0
1750903200000,0.16555,0.16666,0.16477,0.16639,198466141.0
1750906800000,0.16639,0.16809,0.16554,0.16586,319384270.0
1750910400000,0.16586,0.16597,0.16458,0.1653,176714981.0
1750914000000,0.1653,0.16532,0.16377,0.16419,136269805.0
1750917600000,0.16419,0.16532,0.16388,0.16455,119068472.0
1750921200000,0.16455,0.16562,0.16415,0.16478,163609536.0
1750924800000,0.16477,0.16539,0.16409,0.16415,137884311.0
1750928400000,0.16415,0.16438,0.16224,0.16236,355877367.0
1750932000000,0.16237,0.16287,0.16151,0.16213,242207017.0
1750935600000,0.16214,0.16214,0.16103,0.16147,230918402.0
1750939200000,0.16148,0.16179,0.16003,0.16033,237436750.0
1750942800000,0.16033,0.16067,0.15817,0.15857,566046079.0
1750946400000,0.15857,0.16083,0.15782,0.15993,444564162.0
1750950000000,0.15993,0.1606,0.1585,0.16001,279077175.0
1750953600000,0.16001,0.16016,0.15912,0.15943,127818563.0
1750957200000,0.15943,0.16037,0.15941,0.15971,140475489.0
1750960800000,0.15972,0.16072,0.15954,0.16011,146255268.0
1750964400000,0.16012,0.16126,0.15973,0.1609,129565715.0
1750968000000,0.1609,0.16365,0.16066,0.16212,272541156.0
1750971600000,0.16212,0.16216,0.15906,0.16034,277268332.0
1750975200000,0.16033,0.16094,0.15921,0.15938,136163257.0
1750978800000,0.15939,0.16018,0.15925,0.15993,114638710.0
1750982400000,0.15994,0.16062,0.15882,0.15899,147551000.0
1750986000000,0.15899,0.16134,0.158,0.16092,252360442.0
1750989600000,0.16093,0.16257,0.16069,0.16227,135104441.0
1750993200000,0.16227,0.16262,0.16165,0.16213,115397020.0
1750996800000,0.16212,0.16218,0.16142,0.16181,95311905.0
1751000400000,0.16181,0.16257,0.16052,0.16059,112444322.0
1751004000000,0.16059,0.16158,0.16042,0.16132,101028417.0
1751007600000,0.16131,0.16235,0.16047,0.16071,140353263.0
1751011200000,0.16072,0.16208,0.16068,0.1615,155869485.0
1751014800000,0.1615,0.16182,0.16091,0.16157,94311599.0
1751018400000,0.16156,0.16172,0.16065,0.16065,96085919.0
1751022000000,0.16066,0.16123,0.16008,0.16045,112504067.0
1751025600000,0.16045,0.16124,0.15927,0.15949,211352242.0
1751029200000,0.1595,0.15979,0.15813,0.15939,290148724.0
1751032800000,0.15939,0.16009,0.15826,0.15864,238225624.0
1751036400000,0.15864,0.16166,0.15847,0.16103,247264498.0
1751040000000,0.16103,0.16335,0.16048,0.16139,295418860.0
1751043600000,0.16138,0.16157,0.15888,0.15949,314517554.0
1751047200000,0.15949,0.15956,0.15693,0.15744,277088978.0
1751050800000,0.15744,0.1594,0.15728,0.15903,166715482.0
1751054400000,0.15903,0.16057,0.1588,0.16054,162377644.0
1751058000000,0.16054,0.16156,0.16006,0.16081,151323608.0
1751061600000,0.16081,0.16146,0.1608,0.16127,77753577.0
1751065200000,0.16128,0.16133,0.1605,0.16097,96757140.0
1751068800000,0.16098,0.16131,0.1606,0.16087,91169601.0
1751072400000,0.16086,0.16192,0.16032,0.16182,115002476.0
1751076000000,0.16183,0.16239,0.16157,0.16159,108525997.0
1751079600000,0.16158,0.16205,0.16147,0.16197,55811154.0
1751083200000,0.16198,0.16205,0.16153,0.16163,63404620.0
1751086800000,0.16163,0.16217,0.16161,0.16164,60105879.0
1751090400000,0.16164,0.16255,0.16164,0.16251,90553199.0
1751094000000,0.16251,0.16333,0.16229,0.16319,114754037.0
1751097600000,0.16319,0.16339,0.1625,0.16268,105906648.0
1751101200000,0.16267,0.16336,0.16235,0.163,90143719.0
1751104800000,0.163,0.16323,0.16236,0.16247,100675840.0
1751108400000,0.16247,0.16271,0.16202,0.16212,117062030.0
1751112000000,0.16211,0.16224,0.16172,0.16176,73618103.0
1751115600000,0.16176,0.16189,0.16122,0.16141,92046544.0
1751119200000,0.16142,0.1624,0.16142,0.16221,94715505.0
1751122800000,0.16221,0.16319,0.16186,0.16287,118135408.0
1751126400000,0.16287,0.16361,0.16241,0.1625,209659916.0
1751130000000,0.16251,0.16495,0.16251,0.16464,207713239.0
1751133600000,0.16464,0.16476,0.16333,0.16407,141411237.0
1751137200000,0.16407,0.16439,0.16344,0.16351,65285474.0
1751140800000,0.16351,0.16359,0.16301,0.16303,62028938.0
1751144400000,0.16303,0.16433,0.16303,0.1642,53855651.0
1751148000000,0.16419,0.16455,0.16391,0.16425,83354788.0
1751151600000,0.16425,0.16434,0.16343,0.16357,56352207.0
1751155200000,0.16357,0.16421,0.16334,0.16392,77153656.0
1751158800000,0.16393,0.16398,0.1633,0.16346,54476121.0
1751162400000,0.16347,0.16347,0.16255,0.16311,133532382.0
1751166000000,0.16311,0.16322,0.16251,0.16266,63284007.0
1751169600000,0.16265,0.16298,0.16252,0.16287,51199578.0
1751173200000,0.16286,0.16358,0.16254,0.16351,59802928.0
1751176800000,0.16352,0.16404,0.16348,0.16393,74356071.0
1751180400000,0.16393,0.16398,0.1634,0.16387,51825254.0
1751184000000,0.16386,0.16457,0.16351,0.16431,104162394.0
1751187600000,0.1643,0.16505,0.16388,0.16436,141525725.0
1751191200000,0.16435,0.16503,0.1639,0.1643,129021041.0
1751194800000,0.16431,0.16452,0.16375,0.16451,110983940.0
1751198400000,0.16451,0.16468,0.16382,0.16444,88547566.0
1751202000000,0.16444,0.16501,0.1642,0.1645,112202822.0
1751205600000,0.1645,0.16504,0.16333,0.16357,184915963.0
1751209200000,0.16357,0.16382,0.16311,0.16326,141656065.0
1751212800000,0.16326,0.16432,0.16307,0.16406,151205896.0
1751216400000,0.16406,0.16426,0.16328,0.16404,77292071.0
1751220000000,0.16404,0.16479,0.16373,0.16455,109159282.0
1751223600000,0.16456,0.16467,0.16398,0.16406,83261698.0
1751227200000,0.16406,0.16417,0.16374,0.16374,42844103.0
1751230800000,0.16374,0.16462,0.16315,0.16442,114178005.0
1751234400000,0.16442,0.16993,0.16437,0.16925,770950064.0
1751238000000,0.16926,0.16999,0.16835,0.16938,339759444.0
1751241600000,0.16937,0.16986,0.16871,0.1697,320693928.0
1751245200000,0.1697,0.16973,0.16838,0.16863,155298963.0
1751248800000,0.16864,0.16887,0.16734,0.16748,145994967.0
1751252400000,0.16748,0.16768,0.16658,0.16736,148187236.0
1751256000000,0.16736,0.16788,0.16653,0.16664,125914773.0
1751259600000,0.16664,0.16716,0.16651,0.16701,96432117.0
1751263200000,0.16701,0.16716,0.1642,0.16497,309088966.0
1751266800000,0.16497,0.16599,0.16458,0.16575,210581293.0
1751270400000,0.16574,0.16603,0.16494,0.16513,122953356.0
1751274000000,0.16514,0.16592,0.1646,0.16467,134820617.0
1751277600000,0.16466,0.16516,0.16442,0.16463,142503131.0
1751281200000,0.16463,0.16544,0.1645,0.16469,106810390.0
1751284800000,0.16469,0.16518,0.16362,0.16398,179534534.0
1751288400000,0.16397,0.16517,0.16362,0.16385,200040078.0
1751292000000,0.16386,0.16478,0.16289,0.16322,392836412.0
1751295600000,0.16323,0.16575,0.16215,0.16485,626065836.0
1751299200000,0.16484,0.16538,0.16407,0.16517,206963137.0
1751302800000,0.16517,0.16572,0.16483,0.16519,174794451.0
1751306400000,0.16519,0.16608,0.16417,0.1645,145820554.0
1751310000000,0.1645,0.16777,0.16446,0.16747,322180450.0
1751313600000,0.16749,0.16788,0.16662,0.16676,150639595.0
1751317200000,0.16677,0.16694,0.1651,0.16559,133186608.0
1751320800000,0.16559,0.16605,0.16504,0.16504,138091467.0
1751324400000,0.16504,0.16558,0.16472,0.16509,108826896.0
1751328000000,0.16509,0.16591,0.16428,0.16534,155616741.0
1751331600000,0.16533,0.16622,0.16492,0.16507,99623019.0
1751335200000,0.16508,0.16561,0.164,0.16418,123601430.0
1751338800000,0.16418,0.16493,0.16393,0.16487,95497817.0
1751342400000,0.16487,0.16488,0.16309,0.1631,150379712.0
1751346000000,0.1631,0.16341,0.16202,0.16269,282152679.0
1751349600000,0.16268,0.16306,0.16221,0.1629,105458015.0
1751353200000,0.16289,0.16301,0.1611,0.16247,288338138.0
1751356800000,0.16246,0.16246,0.1607,0.16084,206854831.0
1751360400000,0.16083,0.16138,0.16055,0.16128,221533573.0
1751364000000,0.16127,0.16167,0.16101,0.16147,128368466.0
1751367600000,0.16147,0.16172,0.16063,0.16077,146609499.0
1751371200000,0.16077,0.1611,0.15978,0.15997,253038685.0
1751374800000,0.15996,0.16033,0.15855,0.15987,483372259.0
1751378400000,0.15987,0.16065,0.15837,0.1593,381310823.0
1751382000000,0.1593,0.15995,0.15889,0.15928,172499090.0
1751385600000,0.15929,0.15982,0.15881,0.15938,159686955.0
1751389200000,0.15939,0.1596,0.15874,0.15942,92222056.0
1751392800000,0.15941,0.15943,0.15731,0.15789,232660593.0
1751396400000,0.15788,0.15869,0.15749,0.1579,196072026.0
1751400000000,0.1579,0.15862,0.15705,0.15833,186758874.0
1751403600000,0.15833,0.15885,0.15779,0.15827,90908127.0
1751407200000,0.15827,0.15827,0.15742,0.15754,87943714.0
1751410800000,0.15755,0.1577,0.15667,0.15769,170924650.0
1751414400000,0.15769,0.15837,0.15755,0.15767,145435422.0
1751418000000,0.15767,0.15874,0.15645,0.15863,222350868.0
1751421600000,0.15864,0.15896,0.15804,0.15844,85855977.0
1751425200000,0.15845,0.15947,0.15831,0.15935,161326308.0
1751428800000,0.15934,0.16041,0.15904,0.16038,168042200.0
1751432400000,0.16037,0.16079,0.15996,0.16064,154250909.0
1751436000000,0.16065,0.16146,0.16034,0.16139,163478009.0
1751439600000,0.1614,0.16166,0.16075,0.16077,126051294.0
1751443200000,0.16077,0.16188,0.16077,0.1614,189389174.0
1751446800000,0.16139,0.1616,0.1608,0.16098,155924248.0
1751450400000,0.16098,0.16171,0.16077,0.16166,107356782.0
1751454000000,0.16166,0.16221,0.16094,0.1611,160543898.0
1751457600000,0.1611,0.16119,0.15995,0.16043,218365631.0
1751461200000,0.16044,0.16245,0.16031,0.16185,314929545.0
1751464800000,0.16185,0.16382,0.16178,0.16343,431800058.0
1751468400000,0.16343,0.16591,0.1633,0.16572,432463015.0
1751472000000,0.16572,0.17263,0.16566,0.17181,1635328087.0
1751475600000,0.17182,0.17261,0.16848,0.1701,816500716.0
1751479200000,0.1701,0.17184,0.17009,0.17142,301020061.0
1751482800000,0.17141,0.17163,0.17006,0.1709,223626665.0
1751486400000,0.1709,0.17218,0.17071,0.17106,286232326.0
1751490000000,0.17106,0.17194,0.17095,0.17148,92918135.0
1751493600000,0.17149,0.1723,0.17065,0.17068,150315930.0
1751497200000,0.17068,0.17081,0.16839,0.16866,258864877.0
1751500800000,0.16866,0.16969,0.1673,0.1686,372231768.0
1751504400000,0.1686,0.16986,0.16799,0.16974,192007875.0
1751508000000,0.16975,0.16981,0.16811,0.16884,144132452.0
1751511600000,0.16884,0.1694,0.16838,0.16857,97929565.0
1751515200000,0.16857,0.1702,0.16834,0.17012,151909860.0
1751518800000,0.17012,0.17459,0.17012,0.17394,634217329.0
1751522400000,0.17394,0.1746,0.17313,0.17424,270891635.0
1751526000000,0.17424,0.17516,0.17334,0.17444,300892755.0
1751529600000,0.17445,0.17468,0.1737,0.17372,165477954.0
1751533200000,0.17373,0.17538,0.17364,0.17475,237990708.0
1751536800000,0.17474,0.17487,0.1733,0.174,208677113.0
1751540400000,0.17399,0.1743,0.1728,0.1736,194317182.0
1751544000000,0.1736,0.17519,0.17062,0.17191,729519873.0
1751547600000,0.17191,0.17515,0.17147,0.17448,563719619.0
1751551200000,0.17449,0.17498,0.17225,0.17291,446989083.0
1751554800000,0.17291,0.17313,0.16843,0.16956,535993842.0
1751558400000,0.16956,0.17106,0.16895,0.17062,313154995.0
1751562000000,0.17062,0.17126,0.17052,0.17085,131823437.0
1751565600000,0.17085,0.17179,0.17082,0.17161,101626643.0
1751569200000,0.17162,0.17209,0.17139,0.17174,83301053.0
1751572800000,0.17174,0.17263,0.17172,0.17236,81892144.0
1751576400000,0.17236,0.17277,0.17191,0.1722,80791647.0
1751580000000,0.1722,0.17262,0.17192,0.17256,64713724.0
1751583600000,0.17255,0.1727,0.17173,0.17194,78646598.0
1751587200000,0.17195,0.17238,0.17099,0.17146,130239974.0
1751590800000,0.17147,0.1729,0.17134,0.17229,138790453.0
1751594400000,0.1723,0.17263,0.17004,0.17059,253773429.0
1751598000000,0.17059,0.17119,0.17027,0.17078,99423600.0
1751601600000,0.17078,0.17114,0.16935,0.16939,150014130.0
1751605200000,0.16939,0.17023,0.16905,0.1697,177813294.0
1751608800000,0.1697,0.1697,0.16793,0.16854,234886382.0
1751612400000,0.16854,0.1691,0.16633,0.16655,333390053.0
1751616000000,0.16654,0.16694,0.16476,0.16675,429845859.0
1751619600000,0.16676,0.1675,0.16667,0.16727,227002657.0
1751623200000,0.16726,0.16771,0.16638,0.16657,188520738.0
1751626800000,0.16656,0.16715,0.16629,0.16657,140568518.0
1751630400000,0.16657,0.16723,0.16616,0.16667,123630438.0
1751634000000,0.16667,0.16718,0.1642,0.1643,470779832.0
1751637600000,0.16429,0.16496,0.1632,0.16422,463085379.0
1751641200000,0.16421,0.16433,0.16249,0.16307,363727220.0
1751644800000,0.16307,0.16329,0.16115,0.16225,714510980.0
1751648400000,0.16225,0.16281,0.16188,0.16276,460370316.0
1751652000000,0.16276,0.16277,0.16163,0.16189,193063239.0
1751655600000,0.1619,0.16243,0.16129,0.16188,131387836.0
1751659200000,0.16188,0.16277,0.16168,0.16252,115648586.0
1751662800000,0.16253,0.16276,0.16195,0.16273,80476433.0
1751666400000,0.16272,0.16422,0.16253,0.16401,210324868.0
1751670000000,0.16401,0.16401,0.16241,0.16279,128786007.0
1751673600000,0.1628,0.16376,0.16268,0.16326,147679955.0
1751677200000,0.16326,0.16349,0.16273,0.16313,117678363.0
1751680800000,0.16313,0.16328,0.16187,0.16305,163361689.0
1751684400000,0.16305,0.1646,0.16304,0.16427,199071400.0
1751688000000,0.16428,0.16467,0.16346,0.16351,112328908.0
1751691600000,0.16352,0.16432,0.16319,0.16425,97093704.0
1751695200000,0.16425,0.16487,0.16388,0.1648,84379987.0
1751698800000,0.1648,0.16499,0.16408,0.16435,91731329.0
1751702400000,0.16435,0.16493,0.16341,0.16389,116616558.0
1751706000000,0.16389,0.16449,0.16307,0.16436,128780680.0
1751709600000,0.16436,0.16449,0.16381,0.16382,69805088.0
1751713200000,0.16381,0.16462,0.16381,0.16403,51832304.0
1751716800000,0.16403,0.16419,0.16332,0.16415,123765373.0
1751720400000,0.16414,0.16442,0.16352,0.16369,101100125.0
1751724000000,0.16368,0.16404,0.16312,0.16362,138608542.0
1751727600000,0.16361,0.16367,0.16274,0.16294,81517693.0
1751731200000,0.16294,0.16363,0.16229,0.16318,136482748.0
1751734800000,0.16319,0.16363,0.16245,0.16331,116587689.0
1751738400000,0.16332,0.1634,0.16207,0.16245,85411188.0
1751742000000,0.16245,0.1635,0.16224,0.16333,78320550.0
1751745600000,0.16333,0.16421,0.16312,0.16414,82373470.0
1751749200000,0.16413,0.16434,0.16383,0.16421,54509565.0
1751752800000,0.16421,0.16447,0.16386,0.16431,57911692.0
1751756400000,0.1643,0.16462,0.16403,0.16413,65855265.0
1751760000000,0.16414,0.1644,0.16373,0.16433,62900389.0
1751763600000,0.16434,0.16443,0.16388,0.16414,64950797.0
1751767200000,0.16413,0.16434,0.16336,0.16338,117081411.0
1751770800000,0.16339,0.16373,0.1632,0.16369,69919116.0
1751774400000,0.16369,0.16388,0.16342,0.16353,62068013.0
1751778000000,0.16353,0.16357,0.16313,0.16325,38066598.0
1751781600000,0.16325,0.16417,0.16303,0.16382,112173294.0
1751785200000,0.16382,0.16426,0.16368,0.16373,76055830.0
1751788800000,0.16373,0.16402,0.16305,0.16375,130148697.0
1751792400000,0.16376,0.16397,0.16329,0.16332,118790050.0
1751796000000,0.16333,0.16487,0.16316,0.16448,206845163.0
1751799600000,0.16447,0.1655,0.16383,0.16541,178545192.0
1751803200000,0.16542,0.16741,0.16495,0.16684,282104183.0
1751806800000,0.16684,0.1752,0.16626,0.17299,1150926027.0
1751810400000,0.17298,0.17397,0.16881,0.17044,850793710.0
1751814000000,0.17044,0.17117,0.16944,0.17011,314669607.0
1751817600000,0.17012,0.17099,0.17012,0.17091,184853686.0
1751821200000,0.17091,0.17096,0.17006,0.17057,128075989.0
1751824800000,0.17056,0.17061,0.16735,0.16863,355581535.0
1751828400000,0.16862,0.16938,0.16853,0.16938,141024473.0
1751832000000,0.16937,0.17081,0.16935,0.17036,138258171.0
1751835600000,0.17036,0.17387,0.17036,0.1719,445831912.0
1751839200000,0.1719,0.1734,0.1719,0.173,216748965.0
1751842800000,0.173,0.17312,0.1711,0.17188,226670031.0
1751846400000,0.17188,0.17213,0.17062,0.17112,200218639.0
1751850000000,0.17112,0.17176,0.17011,0.17152,164692987.0
1751853600000,0.17153,0.17432,0.17153,0.17298,344296726.0
1751857200000,0.17299,0.17715,0.17286,0.17498,636395064.0
1751860800000,0.17499,0.17588,0.17402,0.17405,243884341.0
1751864400000,0.17406,0.17446,0.173,0.1732,185063045.0
1751868000000,0.1732,0.17428,0.17231,0.17249,245875946.0
1751871600000,0.1725,0.17344,0.17163,0.17314,283640972.0
1751875200000,0.17314,0.17331,0.17215,0.17258,149900166.0
1751878800000,0.17257,0.17257,0.17112,0.1712,218147603.0
1751882400000,0.1712,0.17161,0.17059,0.17118,200140793.0
1751886000000,0.17119,0.17146,0.1704,0.17087,150468962.0
1751889600000,0.17087,0.17091,0.1691,0.16945,320392005.0
1751893200000,0.16945,0.17088,0.16873,0.17066,452471791.0
1751896800000,0.17066,0.17075,0.16784,0.16844,440582622.0
1751900400000,0.16845,0.16924,0.16785,0.16846,228894141.0
1751904000000,0.16846,0.16904,0.16694,0.16707,458180541.0
1751907600000,0.16708,0.1682,0.16621,0.1672,335980978.0
1751911200000,0.1672,0.16778,0.16629,0.16774,178894739.0
1751914800000,0.16773,0.16869,0.16736,0.16784,265305330.0
1751918400000,0.16783,0.16783,0.16608,0.16681,166733482.0
1751922000000,0.16681,0.16741,0.16558,0.16711,185849324.0
1751925600000,0.16711,0.16725,0.16628,0.16689,75639780.0
1751929200000,0.16689,0.16798,0.16675,0.16782,112505491.0
1751932800000,0.16783,0.16868,0.16718,0.16761,263962269.0
1751936400000,0.16761,0.16761,0.16636,0.16666,141739838.0
1751940000000,0.16666,0.16731,0.16581,0.16642,278606341.0
1751943600000,0.16641,0.16824,0.16638,0.16789,137700147.0
1751947200000,0.16789,0.168,0.16724,0.16768,94869616.0
1751950800000,0.16769,0.16833,0.16732,0.16818,80136286.0
1751954400000,0.16818,0.16839,0.16755,0.16804,106403887.0
1751958000000,0.16804,0.16886,0.1673,0.16869,139241797.0
1751961600000,0.1687,0.16977,0.16815,0.16817,276517623.0
1751965200000,0.16817,0.16898,0.16791,0.16865,177642514.0
1751968800000,0.16866,0.17013,0.16848,0.16954,177398212.0
1751972400000,0.16955,0.17188,0.16941,0.17088,500241397.0
1751976000000,0.17089,0.17182,0.17054,0.17167,186415060.0
1751979600000,0.17166,0.17173,0.16995,0.17063,254286660.0
1751983200000,0.17062,0.17073,0.16826,0.16871,345493463.0
1751986800000,0.16871,0.17005,0.16853,0.16919,179324922.0
1751990400000,0.16919,0.17038,0.16848,0.16982,184274815.0
1751994000000,0.16983,0.17196,0.1697,0.17117,309186949.0
1751997600000,0.17117,0.17156,0.1706,0.1713,120722850.0
1752001200000,0.1713,0.1713,0.1701,0.17064,133077351.0
1752004800000,0.17063,0.17078,0.16981,0.16982,101748812.0
1752008400000,0.16981,0.17097,0.16981,0.17058,73549912.0
1752012000000,0.17057,0.17124,0.17041,0.17122,61406023.0
1752015600000,0.17122,0.17122,0.17055,0.17085,65820468.0
1752019200000,0.17084,0.17089,0.16992,0.17056,84175609.0
1752022800000,0.17056,0.17143,0.16981,0.17057,135609382.0
1752026400000,0.17056,0.17187,0.1704,0.17154,275236368.0
1752030000000,0.17155,0.17239,0.1701,0.17037,246927826.0
1752033600000,0.17037,0.17116,0.1701,0.17116,84155829.0
1752037200000,0.17115,0.17356,0.1706,0.17219,382922038.0
1752040800000,0.1722,0.17269,0.17152,0.17242,145890778.0
1752044400000,0.17243,0.17247,0.17159,0.17184,92529006.0
1752048000000,0.17185,0.17204,0.1712,0.17138,81370764.0
1752051600000,0.17138,0.17182,0.17104,0.17161,76604362.0
1752055200000,0.17162,0.17244,0.17145,0.1724,98382203.0
1752058800000,0.1724,0.17377,0.1724,0.17322,258216498.0
1752062400000,0.17323,0.17474,0.1729,0.17369,420426534.0
1752066000000,0.1737,0.17462,0.17276,0.17299,271210820.0
1752069600000,0.173,0.17367,0.17115,0.17226,526861859.0
1752073200000,0.17226,0.17339,0.172,0.17295,230603706.0
1752076800000,0.17295,0.17385,0.17286,0.17351,149403320.0
1752080400000,0.17351,0.17385,0.1722,0.17272,177548279.0
1752084000000,0.17272,0.17441,0.17243,0.17254,327023980.0
1752087600000,0.17254,0.17767,0.1725,0.17689,638507768.0
1752091200000,0.17689,0.18667,0.17516,0.18172,1691744416.0
1752094800000,0.18172,0.18291,0.1806,0.18084,326442937.0
1752098400000,0.18085,0.18242,0.18085,0.18201,190523503.0
1752102000000,0.182,0.18232,0.18046,0.18051,151318861.0
1752105600000,0.18052,0.18167,0.17872,0.17876,280045918.0
1752109200000,0.17875,0.18108,0.17875,0.18081,156746770.0
1752112800000,0.18081,0.1815,0.1804,0.18091,134441329.0
1752116400000,0.18092,0.18133,0.17982,0.18023,111592227.0
1752120000000,0.18023,0.1811,0.17935,0.18103,140113023.0
1752123600000,0.18103,0.18127,0.18044,0.18072,93734168.0
1752127200000,0.18073,0.18153,0.18008,0.18147,158801790.0
1752130800000,0.18147,0.1824,0.1813,0.18164,256814347.0
1752134400000,0.18163,0.18269,0.18143,0.18252,178276413.0
1752138000000,0.18252,0.18266,0.18111,0.18126,208600494.0
1752141600000,0.18126,0.18141,0.18035,0.18124,187164915.0
1752145200000,0.18124,0.18124,0.18038,0.18057,101520199.0
1752148800000,0.18057,0.18057,0.17954,0.1801,195697962.0
1752152400000,0.18011,0.18098,0.17937,0.1798,226818086.0
1752156000000,0.17981,0.18054,0.17877,0.18012,257875892.0
1752159600000,0.18011,0.18073,0.17908,0.1805,182819747.0
1752163200000,0.1805,0.18425,0.18007,0.18361,529852019.0
1752166800000,0.18361,0.1865,0.18304,0.18605,408675292.0
1752170400000,0.18605,0.18732,0.18392,0.18541,470584590.0
1752174000000,0.1854,0.18664,0.18513,0.1857,206460457.0
1752177600000,0.1857,0.18738,0.18567,0.18717,230213687.0
1752181200000,0.18716,0.19315,0.18666,0.1917,841005625.0
1752184800000,0.19169,0.19416,0.19131,0.19387,435843399.0
1752188400000,0.19388,0.19635,0.19303,0.195,608821294.0
1752192000000,0.19501,0.19558,0.19115,0.19265,490349911.0
1752195600000,0.19266,0.19594,0.1924,0.19571,259483119.0
1752199200000,0.1957,0.1992,0.19512,0.19886,517078386.0
1752202800000,0.19886,0.19914,0.19705,0.19822,297949625.0
1752206400000,0.19821,0.19874,0.19705,0.19838,245387047.0
1752210000000,0.19838,0.20136,0.19792,0.1982,665701376.0
1752213600000,0.19821,0.19978,0.19555,0.19661,418861020.0
1752217200000,0.19661,0.19841,0.19494,0.19641,498267501.0
1752220800000,0.19642,0.19798,0.19641,0.19762,205931596.0
1752224400000,0.19762,0.19982,0.19707,0.19882,325261506.0
1752228000000,0.19882,0.2005,0.1981,0.19935,344814097.0
1752231600000,0.19936,0.20037,0.19787,0.19897,366720017.0
1752235200000,0.19897,0.20143,0.19777,0.20056,513415681.0
1752238800000,0.20055,0.2045,0.19855,0.20271,902223208.0
1752242400000,0.20272,0.20693,0.20111,0.20436,1030501735.0
1752246000000,0.20435,0.20948,0.20025,0.20123,1154320254.0
1752249600000,0.20123,0.20579,0.19923,0.20509,750828252.0
1752253200000,0.20509,0.21264,0.20494,0.2108,1041979429.0
1752256800000,0.21078,0.21373,0.21067,0.21178,721937933.0
1752260400000,0.21177,0.21318,0.20926,0.21169,487892902.0
1752264000000,0.21168,0.21169,0.20597,0.2061,340419023.0
1752267600000,0.20609,0.20702,0.20162,0.20278,457748638.0
1752271200000,0.20277,0.20329,0.19624,0.20071,814619594.0
1752274800000,0.2007,0.20262,0.20013,0.20103,337721580.0
1752278400000,0.20103,0.20243,0.19766,0.19981,408001289.0
1752282000000,0.1998,0.20328,0.19971,0.20252,264503736.0
1752285600000,0.20251,0.20654,0.2021,0.20384,415653976.0
1752289200000,0.20383,0.20534,0.20294,0.20389,184575973.0
1752292800000,0.2039,0.20476,0.20124,0.20169,288223758.0
1752296400000,0.20169,0.20283,0.20034,0.20164,281056786.0
1752300000000,0.20164,0.20288,0.20057,0.20199,178453259.0
1752303600000,0.20198,0.20263,0.20035,0.20116,191118234.0
1752307200000,0.20117,0.20185,0.19914,0.20034,238777858.0
1752310800000,0.20033,0.20225,0.1997,0.20211,244142656.0
1752314400000,0.20211,0.2028,0.20097,0.20207,285404258.0
1752318000000,0.20207,0.20259,0.20019,0.20042,179297465.0
1752321600000,0.20042,0.20073,0.19337,0.19668,823972191.0
1752325200000,0.19669,0.19687,0.194,0.19686,385138450.0
1752328800000,0.19687,0.19825,0.19532,0.19566,334472986.0
1752332400000,0.19565,0.19617,0.19184,0.19308,621335792.0
1752336000000,0.19307,0.19578,0.1921,0.19417,296814619.0
1752339600000,0.19418,0.19743,0.19413,0.1972,259039382.0
1752343200000,0.19721,0.19794,0.19659,0.19748,153458417.0
1752346800000,0.19749,0.19815,0.19683,0.19742,158805607.0
1752350400000,0.19743,0.19746,0.19409,0.19409,149211486.0
1752354000000,0.19409,0.1969,0.19405,0.19645,154658969.0
1752357600000,0.19644,0.19741,0.19489,0.1972,158919947.0
1752361200000,0.1972,0.19784,0.19589,0.19732,128239692.0
1752364800000,0.19731,0.19887,0.1964,0.19728,204541870.0
1752368400000,0.19728,0.19898,0.19699,0.19822,171766678.0
1752372000000,0.19822,0.19938,0.19622,0.19834,210074257.0
1752375600000,0.19834,0.19889,0.19747,0.19847,118878475.0
1752379200000,0.19848,0.19919,0.1976,0.19906,144152954.0
1752382800000,0.19905,0.19913,0.19733,0.19754,102784723.0
1752386400000,0.19753,0.19976,0.1975,0.19866,183853325.0
1752390000000,0.19866,0.19984,0.19818,0.19931,202466310.0
1752393600000,0.19932,0.19932,0.19727,0.19777,157860543.0
1752397200000,0.19778,0.19834,0.19635,0.19704,184672872.0
1752400800000,0.19705,0.19792,0.19636,0.19676,158631666.0
1752404400000,0.19676,0.199,0.19674,0.19882,195853605.0
1752408000000,0.19882,0.20138,0.19818,0.20056,339128848.0
1752411600000,0.20056,0.20148,0.19878,0.2007,356857318.0
1752415200000,0.20071,0.20406,0.20013,0.20104,821434558.0
1752418800000,0.20103,0.20305,0.19947,0.20006,374347379.0
1752422400000,0.20007,0.20138,0.1982,0.1988,336828039.0
1752426000000,0.19881,0.201,0.19771,0.2007,233413412.0
1752429600000,0.20071,0.20228,0.2002,0.20182,157626017.0
1752433200000,0.20182,0.20335,0.20105,0.20116,157820865.0
1752436800000,0.20116,0.20189,0.19973,0.20092,155909648.0
1752440400000,0.20092,0.20092,0.19643,0.19731,292557195.0
1752444000000,0.19731,0.19803,0.19565,0.19704,290769158.0
1752447600000,0.19704,0.19882,0.19645,0.19843,182216263.0
1752451200000,0.19844,0.19999,0.19755,0.19862,280678874.0
1752454800000,0.19862,0.19989,0.19785,0.19936,221094755.0
1752458400000,0.19936,0.20279,0.199,0.20124,426307485.0
1752462000000,0.20124,0.20664,0.2008,0.2045,514506946.0
1752465600000,0.2045,0.20819,0.20384,0.20797,455189905.0
1752469200000,0.20797,0.21094,0.20314,0.20644,947541247.0
1752472800000,0.20645,0.207,0.20405,0.20638,341115029.0
1752476400000,0.20638,0.20903,0.20621,0.20762,361391126.0
1752480000000,0.20763,0.2078,0.20461,0.20676,374150449.0
1752483600000,0.20677,0.20924,0.20567,0.20747,389373121.0
1752487200000,0.20746,0.20779,0.20515,0.20668,385418708.0
1752490800000,0.20668,0.20811,0.20496,0.20558,318899095.0
1752494400000,0.20558,0.20635,0.20408,0.2057,259157520.0
1752498000000,0.20569,0.20659,0.20317,0.20552,381486748.0
1752501600000,0.20553,0.2071,0.20105,0.2028,637502025.0
1752505200000,0.20281,0.20283,0.19799,0.19926,582235929.0
1752508800000,0.19926,0.20154,0.19807,0.20139,493777097.0
1752512400000,0.20139,0.20144,0.19852,0.19988,221467830.0
1752516000000,0.19988,0.19996,0.19739,0.19786,288499113.0
1752519600000,0.19785,0.19881,0.19705,0.19835,200456730.0
1752523200000,0.19835,0.19836,0.19441,0.19751,411864376.0
1752526800000,0.19752,0.19849,0.19696,0.19801,109670041.0
1752530400000,0.198,0.1982,0.19687,0.19783,162581210.0
1752534000000,0.19783,0.19805,0.19636,0.19736,135268880.0
1752537600000,0.19737,0.19834,0.19451,0.19513,344529073.0
1752541200000,0.19512,0.19568,0.19224,0.19327,605376220.0
1752544800000,0.19328,0.19411,0.19102,0.19245,502028880.0
1752548400000,0.19244,0.19257,0.18843,0.19031,673648023.0
1752552000000,0.19031,0.19195,0.18856,0.19167,332111457.0
1752555600000,0.19167,0.19246,0.19084,0.19152,202696326.0
1752559200000,0.19151,0.19246,0.19065,0.19142,195842970.0
1752562800000,0.19142,0.19225,0.19042,0.19067,220418601.0
1752566400000,0.19067,0.19252,0.18952,0.19087,292716172.0
1752570000000,0.19086,0.19226,0.19073,0.19088,202115632.0
1752573600000,0.19087,0.1923,0.19083,0.19207,178199182.0
1752577200000,0.19207,0.19269,0.19062,0.19193,237266322.0
1752580800000,0.19193,0.19438,0.1901,0.19267,612152844.0
1752584400000,0.19266,0.19557,0.19217,0.19461,630949701.0
1752588000000,0.1946,0.19563,0.18919,0.18992,701351618.0
1752591600000,0.18993,0.19319,0.18935,0.19264,457297848.0
1752595200000,0.19264,0.19537,0.19227,0.1945,414357705.0
1752598800000,0.1945,0.19843,0.19423,0.19823,469816807.0
1752602400000,0.19823,0.19842,0.19233,0.19411,599017747.0
1752606000000,0.19411,0.19568,0.19153,0.19185,335271186.0
1752609600000,0.19185,0.19383,0.19115,0.19324,204847382.0
1752613200000,0.19323,0.19662,0.19298,0.19594,163282975.0
1752616800000,0.19594,0.19666,0.19495,0.19658,151671318.0
1752620400000,0.19657,0.19936,0.19657,0.19916,301013891.0
1752624000000,0.19915,0.2023,0.19782,0.20128,340697346.0
1752627600000,0.20129,0.20142,0.19952,0.20029,240362607.0
1752631200000,0.20029,0.20059,0.1958,0.19735,471804060.0
1752634800000,0.19735,0.19779,0.19654,0.19701,131367644.0
1752638400000,0.19701,0.19734,0.1955,0.1971,165639029.0
1752642000000,0.1971,0.19865,0.1971,0.19763,209864039.0
1752645600000,0.19763,0.19948,0.19676,0.1994,202628459.0
1752649200000,0.1994,0.19987,0.1982,0.19906,186990529.0
1752652800000,0.19906,0.20041,0.19831,0.20012,186079899.0
1752656400000,0.20012,0.20213,0.20002,0.20149,396682259.0
1752660000000,0.2015,0.20225,0.20059,0.20092,203081794.0
1752663600000,0.20093,0.20197,0.20032,0.2008,197449271.0
1752667200000,0.20078,0.20308,0.20054,0.20132,280668346.0
1752670800000,0.20132,0.2023,0.20004,0.20106,332101231.0
1752674400000,0.20106,0.20435,0.1993,0.20365,544233609.0
1752678000000,0.20366,0.20675,0.2002,0.20324,981321311.0
1752681600000,0.20325,0.20771,0.20227,0.20668,511207795.0
1752685200000,0.20668,0.20832,0.2056,0.20707,329801128.0
1752688800000,0.20707,0.21075,0.20706,0.20838,536436917.0
1752692400000,0.20839,0.20938,0.20681,0.20874,338498825.0
1752696000000,0.20873,0.21255,0.20847,0.21161,509187190.0
1752699600000,0.2116,0.22083,0.21078,0.21624,1086836490.0
1752703200000,0.21624,0.2187,0.21346,0.21472,626752029.0
1752706800000,0.21472,0.21544,0.2113,0.2127,427562369.0
1752710400000,0.21271,0.21778,0.21182,0.21536,481039048.0
1752714000000,0.21536,0.21714,0.209,0.21165,674116223.0
1752717600000,0.21164,0.21472,0.21122,0.21269,326982487.0
1752721200000,0.21269,0.21277,0.20657,0.20818,652590027.0
1752724800000,0.20817,0.21044,0.20733,0.21034,314144950.0
1752728400000,0.21033,0.21215,0.20887,0.21206,309547398.0
1752732000000,0.21205,0.21391,0.21025,0.21241,448671129.0
1752735600000,0.21241,0.21265,0.20956,0.212,353830102.0
1752739200000,0.212,0.21349,0.21137,0.21335,291800434.0
1752742800000,0.21334,0.21716,0.21267,0.21601,617805640.0
1752746400000,0.21601,0.21695,0.21389,0.21498,383320506.0
1752750000000,0.21499,0.21664,0.21262,0.21575,370104798.0
1752753600000,0.21574,0.21867,0.21306,0.21684,562469316.0
1752757200000,0.21683,0.21715,0.20909,0.21373,855201194.0
1752760800000,0.21373,0.21484,0.21177,0.21399,397945863.0
1752764400000,0.214,0.21471,0.21006,0.21382,419379824.0
1752768000000,0.2138,0.21512,0.20805,0.2114,783298447.0
1752771600000,0.21141,0.21338,0.20962,0.21316,415967019.0
1752775200000,0.21317,0.21574,0.21268,0.21499,374651429.0
1752778800000,0.215,0.21549,0.21075,0.21143,406377738.0
1752782400000,0.21142,0.21228,0.20769,0.21141,592216367.0
1752786000000,0.21142,0.2175,0.21119,0.21608,658496426.0
1752789600000,0.21608,0.2224,0.21551,0.21936,755877527.0
1752793200000,0.21936,0.22176,0.217,0.21826,569554934.0
1752796800000,0.21827,0.22577,0.21617,0.22427,848992525.0
1752800400000,0.22427,0.2333,0.22371,0.2324,1179644169.0
1752804000000,0.23238,0.23247,0.22863,0.23115,536433235.0
1752807600000,0.23116,0.23794,0.23029,0.23642,764320735.0
1752811200000,0.23641,0.23779,0.23358,0.23586,451665379.0
1752814800000,0.23587,0.24527,0.23513,0.24466,1293653870.0
1752818400000,0.24465,0.24928,0.24101,0.24571,1068315489.0
1752822000000,0.24572,0.2466,0.23872,0.23927,1274507330.0
1752825600000,0.23927,0.24293,0.23608,0.23809,906910242.0
1752829200000,0.23808,0.24112,0.2363,0.24075,504497587.0
1752832800000,0.24075,0.24229,0.2372,0.24159,508885463.0
1752836400000,0.24159,0.24193,0.23688,0.24012,527374237.0
1752840000000,0.24012,0.24834,0.23906,0.24709,799545493.0
1752843600000,0.2471,0.25249,0.244,0.24884,1332737095.0
1752847200000,0.24883,0.25439,0.24074,0.24342,2068459339.0
1752850800000,0.24343,0.24348,0.23441,0.23723,1366019959.0
1752854400000,0.23722,0.23885,0.23439,0.23718,775067995.0
1752858000000,0.23718,0.24101,0.23535,0.23911,501293880.0
1752861600000,0.23911,0.23954,0.2326,0.23439,595032921.0
1752865200000,0.23438,0.23599,0.23122,0.23411,552773233.0
1752868800000,0.23412,0.23425,0.22708,0.23172,1061592274.0
1752872400000,0.23173,0.23602,0.2313,0.23378,413754897.0
1752876000000,0.23377,0.23648,0.2318,0.2336,374441357.0
1752879600000,0.2336,0.23666,0.23147,0.23576,303467045.0
1752883200000,0.23577,0.2425,0.23553,0.23836,852492831.0
1752886800000,0.23836,0.24375,0.23622,0.24244,670451156.0
1752890400000,0.24245,0.24486,0.23899,0.24366,424031957.0
1752894000000,0.24365,0.25204,0.24253,0.2493,862296028.0
1752897600000,0.2493,0.25705,0.24876,0.25446,1336840309.0
1752901200000,0.25445,0.25613,0.25122,0.25327,644323005.0
1752904800000,0.25328,0.255,0.24993,0.25112,572975125.0
1752908400000,0.25107,0.255,0.25081,0.25372,88098552.0
1752912000000,0.25372,0.25515,0.25047,0.25297,92571666.0
1752915600000,0.25298,0.25451,0.25071,0.25313,67639133.0
1752919200000,0.25314,0.25777,0.25079,0.25152,117807308.0
1752922800000,0.25153,0.25277,0.24412,0.24494,216540662.0
1752926400000,0.24495,0.2476,0.244,0.24655,116361572.0
1752930000000,0.24655,0.24712,0.24149,0.24267,85056905.0
1752933600000,0.24268,0.24342,0.23897,0.23949,117044924.0
1752937200000,0.23949,0.24327,0.23937,0.24235,68798588.0
1752940800000,0.24236,0.24411,0.24059,0.24287,57731206.0
1752944400000,0.24288,0.24293,0.23978,0.24172,47800317.0
1752948000000,0.24172,0.24236,0.24066,0.24099,22426678.0
1752951600000,0.24099,0.2438,0.23963,0.24269,38289285.0
1752955200000,0.24268,0.24324,0.24064,0.2407,37991281.0
1752958800000,0.24069,0.24142,0.23741,0.24104,56830612.0
1752962400000,0.24104,0.24248,0.23973,0.24045,42391272.0
1752966000000,0.24044,0.24184,0.24007,0.24143,23396503.0
1752969600000,0.24142,0.2477,0.23998,0.24645,147013709.0
1752973200000,0.24645,0.25711,0.24595,0.25167,243065754.0
1752976800000,0.25167,0.25397,0.25034,0.25103,114336862.0
1752980400000,0.25103,0.25579,0.25081,0.25521,150074486.0
1752984000000,0.25521,0.25776,0.25249,0.25438,126913445.0
1752987600000,0.25439,0.25466,0.25073,0.25243,129500815.0
1752991200000,0.25242,0.2525,0.24889,0.25094,64794417.0
1752994800000,0.25094,0.253,0.25094,0.25144,59078975.0
1752998400000,0.25145,0.25485,0.25142,0.2546,76389217.0
1753002000000,0.25459,0.25582,0.25045,0.25053,150102052.0
1753005600000,0.25053,0.25216,0.25042,0.25117,44847874.0
1753009200000,0.25118,0.25313,0.25019,0.25159,54693260.0
1753012800000,0.25158,0.25324,0.25064,0.2531,66513008.0
1753016400000,0.2531,0.25524,0.2528,0.25508,67823649.0
1753020000000,0.25509,0.25516,0.25001,0.25345,99250270.0
1753023600000,0.25346,0.2545,0.25101,0.25415,69643411.0
1753027200000,0.25416,0.26842,0.25416,0.26497,482236330.0
1753030800000,0.26496,0.26762,0.2578,0.26272,197828812.0
1753034400000,0.26272,0.27387,0.26121,0.27259,208360839.0
1753038000000,0.27259,0.2783,0.27154,0.27385,244008681.0
1753041600000,0.27386,0.27473,0.26922,0.27083,115216126.0
1753045200000,0.27083,0.27282,0.26657,0.27215,76571561.0
1753048800000,0.27215,0.27635,0.26255,0.27379,235811751.0
1753052400000,0.2738,0.27739,0.27057,0.27375,167889860.0
1753056000000,0.27375,0.27789,0.26631,0.27089,302201708.0
1753059600000,0.27089,0.27126,0.26428,0.26695,127925178.0
1753063200000,0.26696,0.27182,0.26683,0.27047,79265222.0
1753066800000,0.27047,0.27266,0.26991,0.27128,58187160.0
1753070400000,0.27128,0.27434,0.26904,0.27162,69800526.0
1753074000000,0.27163,0.27434,0.26971,0.2743,53481383.0
1753077600000,0.27431,0.27858,0.27177,0.27286,155634221.0
1753081200000,0.27285,0.27482,0.2724,0.27355,67369018.0
1753084800000,0.27354,0.27931,0.27134,0.27217,134667237.0
1753088400000,0.27216,0.27287,0.26769,0.26901,130272195.0
1753092000000,0.26901,0.27198,0.26726,0.27124,98715763.0
1753095600000,0.27124,0.27441,0.27064,0.27105,79750213.0
1753099200000,0.27105,0.2742,0.26923,0.27237,79944070.0
1753102800000,0.27236,0.27573,0.26932,0.27457,141124335.0
1753106400000,0.27458,0.2822,0.27221,0.27822,257939097.0
1753110000000,0.27822,0.28608,0.27714,0.28216,258494934.0
1753113600000,0.28216,0.28657,0.27736,0.2819,294120989.0
1753117200000,0.2819,0.2875,0.27788,0.28001,186984527.0
1753120800000,0.28002,0.28212,0.27049,0.27105,171691327.0
1753124400000,0.27105,0.27297,0.2675,0.26874,122870044.0
1753128000000,0.26875,0.2713,0.26693,0.26693,83193541.0
1753131600000,0.26693,0.27162,0.26554,0.27112,60132694.0
1753135200000,0.27111,0.27378,0.2701,0.27161,54165156.0
1753138800000,0.27161,0.27211,0.26944,0.27142,51280195.0
1753142400000,0.27142,0.27492,0.27001,0.27155,97848262.0
1753146000000,0.27154,0.27349,0.26307,0.27264,215884368.0
1753149600000,0.27265,0.27319,0.26446,0.26583,113454909.0
1753153200000,0.26582,0.26758,0.26262,0.26604,134144833.0
1753156800000,0.26603,0.26672,0.25735,0.25772,219911994.0
1753160400000,0.25772,0.2648,0.25772,0.26409,145218364.0
1753164000000,0.2641,0.26633,0.26313,0.26506,55957475.0
1753167600000,0.26507,0.26957,0.26495,0.26649,111065617.0
1753171200000,0.26648,0.2684,0.26295,0.26733,104038849.0
1753174800000,0.26733,0.26792,0.26337,0.2659,73083710.0
1753178400000,0.2659,0.26812,0.26457,0.26811,77422382.0
1753182000000,0.26811,0.26902,0.26597,0.26709,52726938.0
1753185600000,0.2671,0.26769,0.26383,0.26474,65816509.0
1753189200000,0.26474,0.26766,0.26173,0.26258,114432204.0
1753192800000,0.26257,0.26733,0.25923,0.26725,111383115.0
1753196400000,0.26726,0.26881,0.26585,0.26642,59949267.0
1753200000000,0.26641,0.27023,0.26529,0.26743,94825154.0
1753203600000,0.26742,0.26836,0.2625,0.26516,61279019.0
1753207200000,0.26515,0.26791,0.26305,0.26617,54655349.0
1753210800000,0.26616,0.26737,0.2579,0.25972,78652160.0
1753214400000,0.25973,0.26454,0.25917,0.26325,45444993.0
1753218000000,0.26326,0.26699,0.26204,0.26623,30062651.0
1753221600000,0.26622,0.26884,0.26622,0.26728,35753084.0
1753225200000,0.26728,0.27111,0.26707,0.27093,39279580.0
1753228800000,0.27094,0.27108,0.26668,0.26684,38872368.0
1753232400000,0.26684,0.26849,0.26446,0.26754,44320800.0
1753236000000,0.26753,0.26892,0.26502,0.26627,56737470.0
1753239600000,0.26627,0.26651,0.26314,0.26416,65373855.0
1753243200000,0.26416,0.26695,0.2634,0.26675,22578407.0
1753246800000,0.26675,0.26681,0.26399,0.26532,51011781.0
1753250400000,0.26533,0.26556,0.26053,0.26183,58151326.0
1753254000000,0.26182,0.26289,0.25866,0.26013,52723723.0
1753257600000,0.26012,0.26148,0.259,0.26139,46777545.0
1753261200000,0.26139,0.26161,0.25601,0.25711,95551373.0
1753264800000,0.25711,0.25713,0.25347,0.2566,83832616.0
1753268400000,0.2566,0.2568,0.25456,0.25588,33968304.0
1753272000000,0.25587,0.25626,0.2478,0.24967,133124774.0
1753275600000,0.24966,0.25137,0.24059,0.24437,412932268.0
1753279200000,0.24436,0.24849,0.24352,0.24837,123984274.0
1753282800000,0.24836,0.25009,0.24514,0.24971,98125160.0
1753286400000,0.2497,0.2497,0.24217,0.24234,87029456.0
1753290000000,0.24233,0.24409,0.23713,0.24212,176238057.0
1753293600000,0.24212,0.24483,0.2408,0.24459,89245787.0
1753297200000,0.24458,0.24517,0.24167,0.24222,45448260.0
1753300800000,0.24221,0.24405,0.23353,0.2383,177896802.0
1753304400000,0.23831,0.23975,0.2305,0.23783,135654234.0
1753308000000,0.23783,0.24166,0.23526,0.23983,72112907.0
1753311600000,0.23984,0.24231,0.2396,0.24083,54607635.0
1753315200000,0.24078,0.24538,0.23845,0.24463,149617688.0
1753318800000,0.24463,0.2451,0.24159,0.24461,69405653.0
1753322400000,0.24461,0.246,0.24315,0.24359,80333552.0
1753326000000,0.24358,0.24665,0.24247,0.24298,63017611.0
1753329600000,0.24297,0.24431,0.23684,0.238,83717577.0
1753333200000,0.23801,0.23844,0.229,0.22961,188059363.0
1753336800000,0.22961,0.23313,0.22176,0.22615,254838528.0
1753340400000,0.22615,0.23366,0.22312,0.23299,257663410.0
1753344000000,0.23298,0.23658,0.23126,0.23589,78078968.0
1753347600000,0.2359,0.23735,0.23385,0.23591,59531301.0
1753351200000,0.23592,0.23784,0.23121,0.23483,85964998.0
1753354800000,0.23482,0.23981,0.23438,0.2387,81256451.0
1753358400000,0.23869,0.23968,0.23501,0.23708,88015182.0
1753362000000,0.23708,0.23977,0.23421,0.23459,92600748.0
1753365600000,0.2346,0.24448,0.23266,0.24397,125314269.0
1753369200000,0.24397,0.24502,0.23882,0.24005,127823067.0
1753372800000,0.24005,0.24036,0.23379,0.23551,87253728.0
1753376400000,0.23551,0.24121,0.23512,0.23961,46453784.0
1753380000000,0.23961,0.24122,0.23762,0.2402,43850699.0
1753383600000,0.24019,0.24159,0.23813,0.23829,49808636.0
1753387200000,0.23828,0.24101,0.23782,0.24011,22337134.0
1753390800000,0.24012,0.24026,0.23544,0.23616,26979929.0
1753394400000,0.23616,0.23679,0.23396,0.23512,38018660.0
1753398000000,0.23512,0.23512,0.23112,0.23218,90075151.0
1753401600000,0.23219,0.23245,0.22675,0.2275,126158584.0
1753405200000,0.22749,0.23064,0.22576,0.2296,91015116.0
1753408800000,0.2296,0.23155,0.22468,0.22552,99440574.0
1753412400000,0.22552,0.22759,0.2223,0.22544,141682378.0
1753416000000,0.22545,0.22994,0.22267,0.22951,103443692.0
1753419600000,0.22951,0.2298,0.22604,0.22645,94889303.0
1753423200000,0.22645,0.22833,0.22485,0.22718,51985251.0
1753426800000,0.22718,0.22966,0.22278,0.22587,93890261.0
1753430400000,0.22588,0.2296,0.22538,0.22656,87414103.0
1753434000000,0.22656,0.23188,0.22526,0.23179,111120517.0
1753437600000,0.23178,0.23334,0.23017,0.23184,95029569.0
1753441200000,0.23185,0.23322,0.23052,0.23109,57662180.0
1753444800000,0.2311,0.23282,0.22936,0.23134,64876551.0
1753448400000,0.23135,0.23252,0.22845,0.2309,86454306.0
1753452000000,0.2309,0.23121,0.22303,0.22347,130204851.0
1753455600000,0.22346,0.22585,0.22085,0.22435,120197897.0
1753459200000,0.22436,0.22717,0.22221,0.22674,65052034.0
1753462800000,0.22674,0.22825,0.2257,0.22651,55350450.0
1753466400000,0.22651,0.22784,0.22612,0.22714,35304625.0
1753470000000,0.22714,0.22923,0.22661,0.22717,44024710.0
1753473600000,0.22718,0.23286,0.22703,0.23251,46187270.0
1753477200000,0.2325,0.23549,0.2325,0.2346,66031653.0
1753480800000,0.23459,0.23634,0.234,0.23554,55924119.0
1753484400000,0.23554,0.23697,0.23508,0.23673,34598133.0
1753488000000,0.23673,0.23676,0.23482,0.23528,43639367.0
1753491600000,0.23529,0.23611,0.23296,0.23301,39951324.0
1753495200000,0.23301,0.23882,0.23301,0.23676,61964137.0
1753498800000,0.23675,0.2373,0.23576,0.23664,26105109.0
1753502400000,0.23665,0.2382,0.23652,0.23757,47562848.0
1753506000000,0.23757,0.23892,0.23674,0.23812,31286718.0
1753509600000,0.23813,0.23862,0.23678,0.23722,27901161.0
1753513200000,0.23721,0.23817,0.23667,0.23692,17939512.0
1753516800000,0.23692,0.23899,0.23676,0.23779,27324070.0
1753520400000,0.23779,0.23922,0.23733,0.23914,20416917.0
1753524000000,0.23913,0.24015,0.23841,0.23851,38558316.0
1753527600000,0.23852,0.2388,0.23563,0.23667,42045775.0
1753531200000,0.23666,0.2379,0.2354,0.23761,25742108.0
1753534800000,0.2376,0.2391,0.23686,0.23795,17370570.0
1753538400000,0.23796,0.23925,0.23657,0.2366,32578354.0
1753542000000,0.2366,0.2399,0.23563,0.2387,35450059.0
1753545600000,0.23869,0.23958,0.23637,0.23684,30203302.0
1753549200000,0.23684,0.23749,0.23581,0.23636,17387617.0
1753552800000,0.23636,0.2385,0.23442,0.23768,39763628.0
1753556400000,0.23768,0.2398,0.23741,0.23904,22612535.0
1753560000000,0.23904,0.23912,0.23687,0.23717,18814751.0
1753563600000,0.23717,0.23813,0.2363,0.23776,13962663.0
1753567200000,0.23775,0.24029,0.23647,0.2367,33719090.0
1753570800000,0.2367,0.23692,0.23515,0.23543,21563799.0
1753574400000,0.23544,0.23684,0.23488,0.23627,36802081.0
1753578000000,0.23627,0.23886,0.23554,0.23764,33849659.0
1753581600000,0.23764,0.23998,0.23674,0.23974,33405074.0
1753585200000,0.23975,0.24001,0.23837,0.23924,21359489.0
1753588800000,0.23924,0.24156,0.2385,0.24149,33169290.0
1753592400000,0.24149,0.24339,0.24071,0.24169,67316564.0
1753596000000,0.24169,0.24171,0.23824,0.23864,43427142.0
1753599600000,0.23864,0.23899,0.23628,0.23698,36901723.0
1753603200000,0.23698,0.23734,0.23504,0.23613,84378341.0
1753606800000,0.23612,0.23622,0.23432,0.23552,38812747.0
1753610400000,0.23552,0.23922,0.23548,0.2383,41926432.0
1753614000000,0.23831,0.23944,0.23613,0.23651,38904972.0
1753617600000,0.23651,0.23836,0.23532,0.23819,32561977.0
1753621200000,0.23818,0.23915,0.23664,0.23717,29366365.0
1753624800000,0.23717,0.23873,0.2354,0.2362,30507691.0
1753628400000,0.2362,0.23687,0.23451,0.2368,49985428.0
1753632000000,0.2368,0.24195,0.23665,0.23799,134194195.0
1753635600000,0.23799,0.23992,0.23663,0.23965,38831955.0
1753639200000,0.23965,0.2415,0.23937,0.24043,49830029.0
1753642800000,0.24042,0.24089,0.23882,0.23957,18282327.0
1753646400000,0.23957,0.24109,0.23872,0.23923,15777280.0
1753650000000,0.23923,0.24059,0.23753,0.24057,17442175.0
1753653600000,0.24058,0.24372,0.24045,0.24201,71759751.0
1753657200000,0.24201,0.24205,0.23942,0.24071,39524748.0
1753660800000,0.24071,0.24482,0.23972,0.24118,76626078.0
1753664400000,0.24118,0.24139,0.23787,0.23889,54884276.0
1753668000000,0.23888,0.24567,0.23813,0.24422,127431559.0
1753671600000,0.24422,0.2455,0.24249,0.24477,53883467.0
1753675200000,0.24477,0.24558,0.24295,0.24473,57060641.0
1753678800000,0.24473,0.24859,0.24408,0.24758,92787857.0
1753682400000,0.24759,0.24818,0.24529,0.24618,48495111.0
1753686000000,0.24619,0.24628,0.24144,0.24333,83511825.0
1753689600000,0.24332,0.24404,0.24077,0.24204,57184842.0
1753693200000,0.24204,0.2428,0.24026,0.24225,45616752.0
1753696800000,0.24225,0.24269,0.24051,0.24131,39384325.0
1753700400000,0.24131,0.2418,0.23966,0.24157,30832819.0
1753704000000,0.24157,0.24287,0.24045,0.24132,40068456.0
1753707600000,0.24132,0.2414,0.23562,0.23686,118737422.0
1753711200000,0.23685,0.238,0.23149,0.23215,174346349.0
1753714800000,0.23215,0.23448,0.23063,0.23221,69077137.0
1753718400000,0.23221,0.23389,0.23071,0.23215,49625508.0
1753722000000,0.23215,0.23306,0.23011,0.23068,59923797.0
1753725600000,0.23067,0.23111,0.22744,0.22898,96824780.0
1753729200000,0.22899,0.23071,0.22771,0.22961,52198720.0
1753732800000,0.22962,0.22989,0.22602,0.2277,43276961.0
1753736400000,0.22771,0.22958,0.22618,0.22773,36233942.0
1753740000000,0.22773,0.22844,0.22426,0.22608,72782311.0
1753743600000,0.22608,0.2271,0.22437,0.22615,39517191.0
1753747200000,0.22616,0.22842,0.22231,0.22586,89962841.0
1753750800000,0.22587,0.2274,0.22435,0.22452,66401930.0
1753754400000,0.22452,0.22531,0.22239,0.22363,55131124.0
1753758000000,0.22363,0.2275,0.22355,0.227,64480647.0
1753761600000,0.22701,0.22791,0.22566,0.22591,30442743.0
1753765200000,0.2259,0.22859,0.22584,0.22858,48314418.0
1753768800000,0.22858,0.23026,0.22781,0.22934,46579902.0
1753772400000,0.22935,0.23276,0.22934,0.23179,57488823.0
1753776000000,0.2318,0.23227,0.22944,0.23019,39591137.0
1753779600000,0.2302,0.23042,0.22841,0.229,35637639.0
1753783200000,0.229,0.22921,0.22525,0.22571,53685030.0
1753786800000,0.2257,0.22771,0.22553,0.22764,22886400.0
1753790400000,0.22764,0.23102,0.22722,0.2299,41116688.0
1753794000000,0.2299,0.23064,0.22652,0.22738,46967024.0
1753797600000,0.22739,0.22759,0.22112,0.22277,100536414.0
1753801200000,0.22276,0.22386,0.22061,0.22269,74258409.0
1753804800000,0.22268,0.22294,0.21744,0.22187,99408381.0
1753808400000,0.22186,0.22455,0.22139,0.223,49566359.0
1753812000000,0.22299,0.22361,0.22161,0.22241,24609608.0
1753815600000,0.22241,0.22415,0.22069,0.22143,38766813.0
1753819200000,0.22142,0.22307,0.21933,0.22146,42639737.0
1753822800000,0.22147,0.22391,0.22012,0.22318,22652958.0
1753826400000,0.22318,0.22393,0.22145,0.22367,22333685.0
1753830000000,0.22368,0.22444,0.22287,0.22392,19105717.0
1753833600000,0.22392,0.22407,0.22194,0.22361,33388888.0
1753837200000,0.22362,0.2257,0.22109,0.22481,36743786.0
1753840800000,0.2248,0.22655,0.22394,0.22453,25441642.0
1753844400000,0.22452,0.22531,0.22379,0.22442,18396141.0
1753848000000,0.22441,0.22517,0.22256,0.22291,21208442.0
1753851600000,0.2229,0.22435,0.22127,0.22355,29330463.0
1753855200000,0.22356,0.2242,0.22274,0.22367,19385150.0
1753858800000,0.22366,0.22434,0.2213,0.22196,20321913.0
1753862400000,0.22195,0.22352,0.22,0.22238,42927061.0
1753866000000,0.22239,0.22278,0.21954,0.22028,35524694.0
1753869600000,0.22028,0.22227,0.21857,0.21909,34683180.0
1753873200000,0.21909,0.22028,0.21482,0.21608,108810679.0
1753876800000,0.21608,0.21825,0.2143,0.21701,104504150.0
1753880400000,0.217,0.2181,0.21542,0.21766,68096652.0
1753884000000,0.21767,0.22307,0.21683,0.22242,61844759.0
1753887600000,0.22243,0.22297,0.21994,0.22142,51495422.0
1753891200000,0.22143,0.22375,0.22062,0.22127,43369138.0
1753894800000,0.22128,0.22311,0.22052,0.22301,22363056.0
1753898400000,0.22302,0.22451,0.21652,0.2167,94830394.0
1753902000000,0.2167,0.21799,0.209,0.21732,230817664.0
1753905600000,0.21731,0.21977,0.21696,0.21776,43424648.0
1753909200000,0.21776,0.21882,0.21543,0.21748,23393308.0
1753912800000,0.21747,0.21846,0.21626,0.2174,22614513.0
1753916400000,0.2174,0.22058,0.21732,0.21999,24965400.0
1753920000000,0.21998,0.22295,0.21898,0.22236,36582239.0
1753923600000,0.22237,0.22268,0.221,0.2216,25344235.0
1753927200000,0.2216,0.22284,0.22108,0.22258,23538900.0
1753930800000,0.22258,0.22384,0.22222,0.22306,39374599.0
1753934400000,0.22306,0.2235,0.2221,0.22322,28297197.0
1753938000000,0.22322,0.22384,0.22275,0.22308,18336344.0
1753941600000,0.22307,0.22432,0.22248,0.22408,21698518.0
1753945200000,0.22408,0.22423,0.22318,0.22356,17203874.0
1753948800000,0.22356,0.22517,0.22328,0.22469,25801497.0
1753952400000,0.22469,0.22566,0.22412,0.22525,21493298.0
1753956000000,0.22525,0.2254,0.22333,0.22337,20032404.0
1753959600000,0.22338,0.22378,0.22148,0.22224,24389687.0
1753963200000,0.22225,0.22258,0.22026,0.22123,37199497.0
1753966800000,0.22122,0.22128,0.21745,0.2187,56391030.0
1753970400000,0.2187,0.21941,0.21489,0.21505,59531198.0
1753974000000,0.21505,0.21838,0.21468,0.21763,39840973.0
1753977600000,0.21762,0.22138,0.217,0.22016,39691277.0
1753981200000,0.22017,0.22027,0.21553,0.216,40597504.0
1753984800000,0.216,0.21725,0.21362,0.21589,32535671.0
1753988400000,0.21589,0.21643,0.21281,0.21379,35885833.0
1753992000000,0.21379,0.21428,0.21211,0.21342,38576796.0
1753995600000,0.21342,0.21469,0.21094,0.21279,36533897.0
1753999200000,0.2128,0.21281,0.20983,0.21075,51681582.0
1754002800000,0.21075,0.21214,0.20814,0.20974,73326265.0
1754006400000,0.20975,0.2101,0.20335,0.20797,207378040.0
1754010000000,0.20796,0.20874,0.205,0.20737,84523205.0
1754013600000,0.20736,0.20993,0.20656,0.20954,46352350.0
1754017200000,0.20954,0.21059,0.2088,0.20912,48119348.0
1754020800000,0.20912,0.20913,0.20714,0.20741,36605592.0
1754024400000,0.20741,0.20867,0.20525,0.20612,47015292.0
1754028000000,0.20612,0.2066,0.20388,0.20604,73754306.0
1754031600000,0.20604,0.20679,0.20462,0.20597,47662243.0
1754035200000,0.20596,0.20596,0.20088,0.20398,136221725.0
1754038800000,0.20398,0.20625,0.20367,0.20432,62175077.0
1754042400000,0.20433,0.20631,0.20416,0.20581,30436831.0
1754046000000,0.20581,0.20757,0.20507,0.20755,29201323.0
1754049600000,0.20754,0.20963,0.2063,0.20753,70612244.0
1754053200000,0.20754,0.20877,0.20253,0.20393,96653976.0
1754056800000,0.20393,0.21025,0.20196,0.20967,134925431.0
1754060400000,0.20967,0.20996,0.20624,0.20962,67628715.0
1754064000000,0.20961,0.2125,0.20684,0.20758,70722169.0
1754067600000,0.20757,0.20822,0.20491,0.20606,63767453.0
1754071200000,0.20606,0.20776,0.2038,0.20621,61419790.0
1754074800000,0.20621,0.20922,0.2058,0.2084,60342942.0
1754078400000,0.2084,0.20883,0.20159,0.20568,94909872.0
1754082000000,0.20567,0.20748,0.20519,0.20552,48142820.0
1754085600000,0.20553,0.20567,0.19583,0.19813,261206943.0
1754089200000,0.19813,0.20155,0.19759,0.20097,56660117.0
1754092800000,0.20098,0.203,0.20016,0.20263,108408729.0
1754096400000,0.20262,0.20289,0.20076,0.20246,18417717.0
1754100000000,0.20245,0.20293,0.20174,0.202,13229855.0
1754103600000,0.202,0.20265,0.20157,0.2023,13752399.0
1754107200000,0.20229,0.20352,0.20169,0.20287,18821919.0
1754110800000,0.20287,0.20306,0.20192,0.20218,19308534.0
1754114400000,0.20217,0.20232,0.19476,0.19637,189250264.0
1754118000000,0.19636,0.20062,0.19446,0.20018,85007157.0
1754121600000,0.20018,0.201,0.19846,0.1987,32947024.0
1754125200000,0.1987,0.2,0.19821,0.1995,25959883.0
1754128800000,0.1995,0.19976,0.19721,0.19872,22509142.0
1754132400000,0.19872,0.20064,0.19762,0.19973,19049089.0
1754136000000,0.19973,0.19989,0.19773,0.19937,39740417.0
1754139600000,0.19938,0.20008,0.19766,0.19942,25437718.0
1754143200000,0.19942,0.19959,0.1943,0.19564,78885029.0
1754146800000,0.19564,0.19776,0.19364,0.19456,59405105.0
1754150400000,0.19457,0.1973,0.19242,0.19616,74424653.0
1754154000000,0.19616,0.19734,0.19129,0.19272,56102256.0
1754157600000,0.19271,0.19351,0.18959,0.19096,142570206.0
1754161200000,0.19096,0.19476,0.19008,0.19242,100225570.0
1754164800000,0.19241,0.1943,0.19201,0.19385,28954662.0
1754168400000,0.19385,0.19474,0.19235,0.19328,27745584.0
1754172000000,0.19328,0.1943,0.19124,0.19333,46390614.0
1754175600000,0.19334,0.19356,0.18944,0.19098,93610533.0
1754179200000,0.19098,0.194,0.18845,0.19359,113699666.0
1754182800000,0.19359,0.19541,0.1929,0.19464,72710246.0
1754186400000,0.19463,0.1962,0.19462,0.19595,43726920.0
1754190000000,0.19595,0.19646,0.1953,0.1958,26817667.0
1754193600000,0.1958,0.19617,0.19496,0.19568,27613623.0
1754197200000,0.19568,0.19636,0.19537,0.19563,17596249.0
1754200800000,0.19564,0.19603,0.19511,0.19572,16050454.0
1754204400000,0.19572,0.19691,0.1957,0.1963,22089001.0
1754208000000,0.1963,0.197,0.19556,0.19645,16319000.0
1754211600000,0.19644,0.19702,0.19572,0.1969,13465881.0
1754215200000,0.19691,0.19791,0.19683,0.19745,27485656.0
1754218800000,0.19745,0.1995,0.19742,0.19782,51562661.0
1754222400000,0.19782,0.19911,0.19719,0.19857,25313876.0
1754226000000,0.19857,0.19931,0.19775,0.19832,32603529.0
1754229600000,0.19832,0.1989,0.19677,0.19855,46276563.0
1754233200000,0.19855,0.1991,0.19764,0.19893,29645453.0
1754236800000,0.19892,0.19998,0.19782,0.19979,33320256.0
1754240400000,0.19978,0.20023,0.19899,0.19951,25441309.0
1754244000000,0.19952,0.19976,0.1984,0.19936,18538519.0
1754247600000,0.19936,0.20007,0.19865,0.19892,24308558.0
1754251200000,0.19893,0.19902,0.19801,0.1988,11020540.0
1754254800000,0.19881,0.19955,0.19847,0.19943,12114277.0
1754258400000,0.19943,0.19995,0.19794,0.19916,16357181.0
1754262000000,0.19916,0.20047,0.1985,0.19876,19551872.0
1754265600000,0.19875,0.20297,0.1985,0.20286,72373328.0
1754269200000,0.20286,0.20295,0.20086,0.20114,52266219.0
1754272800000,0.20114,0.20273,0.19993,0.20269,25151058.0
1754276400000,0.20269,0.2029,0.20135,0.20171,17936829.0
1754280000000,0.20171,0.2023,0.20083,0.201,21603909.0
1754283600000,0.20101,0.20117,0.19957,0.20066,22646589.0
1754287200000,0.20065,0.20377,0.19958,0.20262,127343172.0
1754290800000,0.20262,0.20393,0.20175,0.20311,32887752.0
1754294400000,0.2031,0.20406,0.20192,0.20215,46601666.0
1754298000000,0.20216,0.20278,0.20099,0.20125,25578727.0
1754301600000,0.20125,0.20252,0.2008,0.20137,29990485.0
1754305200000,0.20136,0.20153,0.20026,0.20104,24528731.0
1754308800000,0.20105,0.20191,0.20047,0.20176,21577622.0
1754312400000,0.20176,0.20429,0.20101,0.20412,52148693.0
1754316000000,0.20412,0.20629,0.20328,0.20375,123370426.0
1754319600000,0.20376,0.2047,0.20303,0.20385,37439922.0
1754323200000,0.20385,0.20849,0.20385,0.20771,72148757.0
1754326800000,0.20771,0.20982,0.20606,0.20642,53321275.0
1754330400000,0.20641,0.20689,0.20485,0.20531,26526198.0
1754334000000,0.20531,0.20575,0.20405,0.20467,28926563.0
1754337600000,0.20467,0.20707,0.20436,0.2066,18294255.0
1754341200000,0.2066,0.20955,0.20646,0.20884,28330602.0
1754344800000,0.20885,0.21076,0.20885,0.21076,32116007.0
1754348400000,0.21075,0.21127,0.20996,0.21039,23466910.0
1754352000000,0.21038,0.21106,0.20924,0.20969,40936961.0
1754355600000,0.20969,0.21047,0.2083,0.20851,21928067.0
1754359200000,0.20851,0.20928,0.20784,0.20921,28952243.0
1754362800000,0.20921,0.20923,0.20611,0.2064,35410492.0
1754366400000,0.20641,0.20709,0.20564,0.2059,23773173.0
1754370000000,0.2059,0.20668,0.20585,0.20656,16914954.0
1754373600000,0.20656,0.20748,0.20447,0.20507,25444440.0
1754377200000,0.20507,0.20545,0.20151,0.20187,65225394.0
1754380800000,0.20186,0.2036,0.20129,0.20331,29898839.0
1754384400000,0.20331,0.20681,0.20325,0.2067,32307987.0
1754388000000,0.2067,0.20885,0.20555,0.208,39810037.0
1754391600000,0.20801,0.20842,0.207,0.20744,16454884.0
1754395200000,0.20744,0.20767,0.20282,0.20327,48673995.0
1754398800000,0.20327,0.20497,0.20285,0.2045,39332756.0
1754402400000,0.2045,0.2045,0.19819,0.19924,130703367.0
1754406000000,0.19923,0.2003,0.19729,0.19823,56742992.0
1754409600000,0.19823,0.2001,0.19776,0.19866,42133585.0
1754413200000,0.19867,0.20017,0.19834,0.19996,20836509.0
1754416800000,0.19995,0.19995,0.19737,0.19903,25378433.0
1754420400000,0.19904,0.19971,0.19682,0.19786,22067550.0
1754424000000,0.19786,0.19966,0.19786,0.19807,13837097.0
1754427600000,0.19806,0.19908,0.19729,0.19758,17795033.0
1754431200000,0.19758,0.19928,0.19602,0.19928,23810951.0
1754434800000,0.19928,0.20035,0.19904,0.19981,25654052.0
1754438400000,0.19982,0.19988,0.19733,0.19764,20120297.0
1754442000000,0.19763,0.19844,0.19666,0.19836,29211256.0
1754445600000,0.19836,0.19837,0.19684,0.19771,13680854.0
1754449200000,0.19771,0.19787,0.19599,0.19642,22099262.0
1754452800000,0.19642,0.19675,0.1956,0.1965,26687606.0
1754456400000,0.1965,0.20145,0.19611,0.2001,56765730.0
1754460000000,0.20011,0.20123,0.19886,0.20053,20416937.0
1754463600000,0.20053,0.2024,0.20004,0.20139,24954380.0
1754467200000,0.20139,0.20156,0.19877,0.19959,28374322.0
1754470800000,0.19958,0.2016,0.19895,0.20093,23534673.0
1754474400000,0.20093,0.20122,0.19961,0.20053,19231675.0
1754478000000,0.20053,0.20202,0.20019,0.20048,21522944.0
1754481600000,0.20049,0.20097,0.19851,0.1994,29627696.0
1754485200000,0.19941,0.2012,0.19914,0.20061,35546720.0
1754488800000,0.20061,0.2034,0.19959,0.20334,53378739.0
1754492400000,0.20335,0.20571,0.2021,0.20524,57188372.0
1754496000000,0.20525,0.2062,0.20316,0.20378,37092143.0
1754499600000,0.20378,0.20623,0.2032,0.206,22496350.0
1754503200000,0.20599,0.20716,0.20552,0.2056,29296109.0
1754506800000,0.2056,0.20634,0.20495,0.20583,11139641.0
1754510400000,0.20584,0.20584,0.20476,0.20515,5914631.0
1754514000000,0.20515,0.2058,0.20447,0.20557,14483966.0
1754517600000,0.20557,0.20585,0.20511,0.2055,10626816.0
1754521200000,0.20549,0.2056,0.20484,0.20524,11535571.0
1754524800000,0.20525,0.20538,0.20393,0.20494,18757899.0
1754528400000,0.20495,0.20659,0.20419,0.20445,19468782.0
1754532000000,0.20444,0.20514,0.2035,0.20367,27709237.0
1754535600000,0.20367,0.20442,0.20331,0.20391,26911020.0
1754539200000,0.20392,0.20532,0.20383,0.20475,9527285.0
1754542800000,0.20474,0.20553,0.20406,0.20551,14156998.0
1754546400000,0.20551,0.20655,0.2053,0.20587,38909217.0
1754550000000,0.20586,0.20664,0.20539,0.20578,17545712.0
1754553600000,0.20577,0.20691,0.20568,0.20602,26147311.0
1754557200000,0.20602,0.20628,0.20529,0.20621,29809373.0
1754560800000,0.20621,0.21311,0.20607,0.21282,202940627.0
1754564400000,0.21283,0.21491,0.21238,0.21426,99879427.0
1754568000000,0.21425,0.21471,0.21274,0.21414,58219615.0
1754571600000,0.21415,0.21613,0.21384,0.21444,104023176.0
1754575200000,0.21444,0.21461,0.21216,0.21298,69998123.0
1754578800000,0.21298,0.21461,0.21233,0.21434,43731445.0
1754582400000,0.21433,0.21486,0.21014,0.21209,54042765.0
1754586000000,0.2121,0.21342,0.2115,0.21306,31158235.0
1754589600000,0.21306,0.21357,0.21205,0.21343,12146084.0
1754593200000,0.21343,0.21833,0.21317,0.21725,51308993.0
1754596800000,0.21725,0.2188,0.21638,0.2179,37490401.0
1754600400000,0.21791,0.21996,0.21743,0.21927,34536473.0
1754604000000,0.21928,0.22304,0.21928,0.22271,56179711.0
1754607600000,0.22271,0.22286,0.22141,0.22228,38287473.0
1754611200000,0.22228,0.22485,0.21978,0.22135,118730752.0
1754614800000,0.22136,0.22338,0.21953,0.22125,105768817.0
1754618400000,0.22125,0.22297,0.22072,0.22184,45083161.0
1754622000000,0.22184,0.22426,0.22146,0.22288,50530492.0
1754625600000,0.22288,0.22303,0.22098,0.22137,31621969.0
1754629200000,0.22138,0.22148,0.22011,0.22015,28669452.0
1754632800000,0.22015,0.22272,0.21967,0.22261,23798573.0
1754636400000,0.22262,0.22512,0.22145,0.22456,48494448.0
1754640000000,0.22455,0.22684,0.22225,0.22347,63336766.0
1754643600000,0.22347,0.22352,0.22148,0.22283,25635005.0
1754647200000,0.22283,0.22368,0.22173,0.2226,22954291.0
1754650800000,0.2226,0.22369,0.2226,0.22362,25320187.0
1754654400000,0.22362,0.22362,0.2214,0.22173,16509202.0
1754658000000,0.22174,0.228,0.22173,0.22776,55235491.0
1754661600000,0.22777,0.22943,0.22224,0.22354,105728453.0
1754665200000,0.22354,0.22392,0.21967,0.22125,57918636.0
1754668800000,0.22125,0.22328,0.22077,0.22295,33973381.0
1754672400000,0.22295,0.22838,0.22261,0.22823,54085149.0
1754676000000,0.22824,0.22987,0.22641,0.22686,67793115.0
1754679600000,0.22685,0.22919,0.22631,0.22916,37136743.0
1754683200000,0.22916,0.22966,0.22714,0.22949,38275609.0
1754686800000,0.22948,0.23005,0.228,0.22933,36352637.0
1754690400000,0.22932,0.23254,0.22872,0.23098,62355368.0
1754694000000,0.23097,0.2324,0.22986,0.23039,51139529.0
1754697600000,0.23039,0.2321,0.23013,0.23046,38748425.0
1754701200000,0.23046,0.23389,0.22972,0.23196,56637628.0
1754704800000,0.23196,0.23264,0.2309,0.23116,27609305.0
1754708400000,0.23115,0.232,0.22975,0.23026,35152329.0
1754712000000,0.23026,0.23198,0.22978,0.23105,26827869.0
1754715600000,0.23104,0.23622,0.23087,0.23567,107218876.0
1754719200000,0.23567,0.2367,0.2339,0.23494,65941603.0
1754722800000,0.23493,0.23641,0.23452,0.2358,40138416.0
1754726400000,0.2358,0.23774,0.23513,0.23654,49333844.0
1754730000000,0.23654,0.23838,0.23577,0.23746,48200011.0
1754733600000,0.23747,0.2388,0.23628,0.23714,63488609.0
1754737200000,0.23714,0.23844,0.23657,0.23776,33106977.0
1754740800000,0.23776,0.24454,0.237,0.24335,132006738.0
1754744400000,0.24335,0.24399,0.23743,0.23756,86464278.0
1754748000000,0.23756,0.2402,0.23581,0.2401,78674256.0
1754751600000,0.24009,0.24151,0.23772,0.24077,65757310.0
1754755200000,0.24077,0.24492,0.24032,0.24086,122960761.0
1754758800000,0.24086,0.24652,0.24052,0.24487,90170761.0
1754762400000,0.24488,0.24676,0.24367,0.24544,48598165.0
1754766000000,0.24545,0.24656,0.24242,0.243,51526240.0
1754769600000,0.243,0.24512,0.24185,0.24331,62970933.0
1754773200000,0.24331,0.24408,0.24108,0.24229,41561516.0
1754776800000,0.24228,0.2437,0.23945,0.24043,47050563.0
1754780400000,0.24044,0.24127,0.23952,0.23995,39936069.0
1754784000000,0.23995,0.24344,0.2392,0.24248,40255563.0
1754787600000,0.24248,0.24325,0.24081,0.24124,38008053.0
1754791200000,0.24125,0.24229,0.23876,0.23995,55076610.0
1754794800000,0.23994,0.24348,0.23885,0.24263,77972770.0
1754798400000,0.24262,0.24346,0.24122,0.24248,28778080.0
1754802000000,0.24248,0.24285,0.23781,0.23803,55665847.0
1754805600000,0.23803,0.2383,0.23575,0.23651,72905748.0
1754809200000,0.23651,0.23724,0.23138,0.23242,113137524.0
1754812800000,0.23243,0.2345,0.22941,0.23392,91221718.0
1754816400000,0.23393,0.23457,0.23309,0.23361,25965341.0
1754820000000,0.23361,0.234,0.23068,0.23148,29742072.0
1754823600000,0.23148,0.23269,0.23075,0.23097,35395041.0
1754827200000,0.23097,0.23246,0.23084,0.23201,22091747.0
1754830800000,0.23201,0.23305,0.23006,0.23026,26323104.0
1754834400000,0.23025,0.23432,0.22953,0.23364,50693837.0
1754838000000,0.23364,0.23492,0.2312,0.23257,150947495.0
1754841600000,0.23257,0.2347,0.232,0.2343,42551133.0
1754845200000,0.23429,0.23474,0.23288,0.23368,14323491.0
1754848800000,0.23369,0.23467,0.23362,0.23447,12138133.0
1754852400000,0.23447,0.23554,0.23406,0.23498,18199518.0
1754856000000,0.23498,0.23517,0.23262,0.23372,35037095.0
1754859600000,0.23372,0.23378,0.23103,0.23306,28154768.0
1754863200000,0.23308,0.23391,0.23209,0.23378,13095189.0
1754866800000,0.23378,0.23444,0.2325,0.23385,23229854.0
1754870400000,0.23385,0.23483,0.23219,0.23309,26553115.0
1754874000000,0.23308,0.23665,0.23273,0.23614,50807136.0
1754877600000,0.23613,0.24179,0.23596,0.24052,136064387.0
1754881200000,0.24052,0.24068,0.23809,0.23934,61482058.0
1754884800000,0.23933,0.24132,0.23905,0.23927,59226821.0
1754888400000,0.23927,0.24059,0.23752,0.23833,59775929.0
1754892000000,0.23833,0.23907,0.23696,0.23883,40211845.0
1754895600000,0.23883,0.23889,0.2332,0.23339,88424449.0
1754899200000,0.23339,0.23673,0.23178,0.23605,58119527.0
1754902800000,0.23604,0.23624,0.23327,0.23423,30020178.0
1754906400000,0.23424,0.23444,0.23212,0.23254,39364462.0
1754910000000,0.23254,0.23297,0.22692,0.2283,128472710.0
1754913600000,0.22829,0.2294,0.22645,0.22776,78126811.0
1754917200000,0.22777,0.23091,0.22562,0.22938,96042513.0
1754920800000,0.22938,0.23108,0.22791,0.22855,96328437.0
1754924400000,0.22855,0.2316,0.22714,0.23153,45806790.0
1754928000000,0.23154,0.2338,0.22948,0.23038,64476611.0
1754931600000,0.23037,0.23162,0.22909,0.23022,30214793.0
1754935200000,0.23024,0.23163,0.22791,0.23116,52913804.0
1754938800000,0.23115,0.2312,0.22593,0.22746,48118652.0
1754942400000,0.22744,0.22777,0.2258,0.22724,26959781.0
1754946000000,0.22722,0.2279,0.22258,0.22427,50824314.0
1754949600000,0.22427,0.22456,0.22117,0.22302,43128107.0
1754953200000,0.22301,0.22373,0.22206,0.22207,27087041.0
1754956800000,0.22208,0.22512,0.22188,0.22462,32542390.0
1754960400000,0.22461,0.22558,0.22397,0.22519,40649127.0
1754964000000,0.2252,0.22745,0.22465,0.22567,54391214.0
1754967600000,0.22567,0.22597,0.22421,0.22454,40007726.0
1754971200000,0.22453,0.22645,0.2241,0.22597,26886612.0
1754974800000,0.22597,0.22597,0.22244,0.22358,32430451.0
1754978400000,0.22357,0.22482,0.2213,0.22348,39056677.0
1754982000000,0.22348,0.22549,0.22347,0.22521,30556782.0
1754985600000,0.22521,0.2256,0.22327,0.22373,26090440.0
1754989200000,0.22372,0.224,0.22186,0.22209,35206950.0
1754992800000,0.22209,0.22234,0.22,0.22094,61523361.0
1754996400000,0.22095,0.22182,0.21865,0.22148,59905512.0
1755000000000,0.22148,0.22791,0.22063,0.22655,176995069.0
1755003600000,0.22657,0.22735,0.22272,0.22391,119575189.0
1755007200000,0.22391,0.22696,0.2233,0.22685,52166017.0
1755010800000,0.22684,0.22997,0.22653,0.22958,84296936.0
1755014400000,0.22959,0.23105,0.22802,0.2306,74097877.0
1755018000000,0.23061,0.2334,0.23023,0.23156,82457548.0
1755021600000,0.23157,0.23513,0.23127,0.23326,58876640.0
1755025200000,0.23326,0.23611,0.23324,0.23576,41088028.0
1755028800000,0.23577,0.23835,0.235,0.23742,66474571.0
1755032400000,0.23742,0.23806,0.2353,0.23601,59865379.0
1755036000000,0.23603,0.23708,0.23477,0.23699,54029605.0
1755039600000,0.23699,0.23749,0.23525,0.23582,30011716.0
1755043200000,0.23582,0.23818,0.23525,0.2363,49371815.0
1755046800000,0.23631,0.23644,0.23229,0.23307,73873077.0
1755050400000,0.23306,0.23681,0.23132,0.23677,64311333.0
1755054000000,0.23676,0.24,0.23496,0.23819,116189884.0
1755057600000,0.2382,0.24072,0.23782,0.24001,127313668.0
1755061200000,0.24,0.24013,0.23529,0.23563,67993001.0
1755064800000,0.23562,0.23672,0.23451,0.23583,58220023.0
1755068400000,0.23584,0.24496,0.23578,0.24488,243813111.0
1755072000000,0.24488,0.25058,0.24454,0.24958,242599712.0
1755075600000,0.24958,0.24987,0.24613,0.2496,107756953.0
1755079200000,0.2496,0.24964,0.24663,0.24681,67949356.0
1755082800000,0.2468,0.24787,0.24561,0.24663,58579747.0
1755086400000,0.24663,0.24817,0.24505,0.24566,75426982.0
1755090000000,0.24566,0.24866,0.24217,0.24479,149819421.0
1755093600000,0.24479,0.24539,0.24037,0.2407,157828182.0
1755097200000,0.24071,0.24286,0.23916,0.24122,95632399.0
1755100800000,0.24122,0.24373,0.24027,0.24229,83239002.0
1755104400000,0.24229,0.24383,0.24175,0.24307,34823069.0
1755108000000,0.24307,0.24394,0.24034,0.242,39742013.0
1755111600000,0.242,0.24425,0.24177,0.2439,36016263.0
1755115200000,0.24389,0.24404,0.24194,0.24308,22615334.0
1755118800000,0.24309,0.24457,0.24217,0.24317,36371422.0
1755122400000,0.24319,0.24619,0.24282,0.2445,45056939.0
1755126000000,0.2445,0.24626,0.24447,0.24482,49570917.0
1755129600000,0.24483,0.24773,0.24354,0.24426,119670706.0
1755133200000,0.24424,0.24913,0.24262,0.24679,100484570.0
1755136800000,0.24679,0.2549,0.24659,0.25489,152240304.0
1755140400000,0.25489,0.25574,0.25195,0.2527,166215596.0
1755144000000,0.25269,0.25457,0.25101,0.25125,73038915.0
1755147600000,0.25126,0.25226,0.24708,0.24814,82536908.0
1755151200000,0.24813,0.2486,0.24404,0.24778,115542005.0
1755154800000,0.24779,0.24814,0.24336,0.24503,82502130.0
1755158400000,0.24504,0.24511,0.24138,0.24206,101204686.0
1755162000000,0.24206,0.24282,0.24044,0.24244,76651798.0
1755165600000,0.24244,0.2425,0.23624,0.23839,150343295.0
1755169200000,0.2384,0.23873,0.23689,0.23797,84888276.0
1755172800000,0.23797,0.23926,0.21839,0.22618,514891221.0
1755176400000,0.22619,0.22864,0.2214,0.22653,369834541.0
1755180000000,0.22654,0.22939,0.2255,0.22821,124761503.0
1755183600000,0.22822,0.22839,0.22483,0.22542,107181370.0
1755187200000,0.22541,0.22552,0.22151,0.22365,171625810.0
1755190800000,0.22365,0.22437,0.22164,0.22384,89313169.0
1755194400000,0.22383,0.22467,0.2208,0.22421,84028265.0
1755198000000,0.22422,0.22508,0.22321,0.22348,47284568.0
1755201600000,0.22348,0.22377,0.22108,0.22266,79237532.0
1755205200000,0.22265,0.223,0.21578,0.21996,243956972.0
1755208800000,0.21995,0.22255,0.21838,0.22242,58795229.0
1755212400000,0.22242,0.2243,0.2223,0.22382,42149540.0
1755216000000,0.22381,0.2252,0.22286,0.22349,60383937.0
1755219600000,0.2235,0.22639,0.22296,0.22602,69706470.0
1755223200000,0.22601,0.22734,0.22538,0.22624,55699757.0
1755226800000,0.22625,0.23,0.22542,0.22989,72668480.0
1755230400000,0.22988,0.23265,0.22791,0.22803,85343818.0
1755234000000,0.22804,0.23148,0.22744,0.23124,42264279.0
1755237600000,0.23124,0.23299,0.22971,0.23055,74355064.0
1755241200000,0.23056,0.23111,0.22909,0.23059,52899131.0
1755244800000,0.23057,0.23215,0.23025,0.23101,50101951.0
1755248400000,0.23101,0.23168,0.22882,0.23005,58307865.0
1755252000000,0.23006,0.23278,0.22989,0.23044,76815908.0
1755255600000,0.23043,0.23132,0.2295,0.22974,30961175.0
1755259200000,0.22974,0.23227,0.22713,0.22968,125485163.0
1755262800000,0.22968,0.23048,0.22607,0.2273,111642806.0
1755266400000,0.22729,0.22928,0.22395,0.22464,108864871.0
1755270000000,0.22464,0.22592,0.22097,0.22231,131581565.0
1755273600000,0.22231,0.22443,0.22006,0.22336,118528184.0
1755277200000,0.22337,0.22538,0.22092,0.22427,66949710.0
1755280800000,0.22427,0.22483,0.22115,0.22215,45655202.0
1755284400000,0.22214,0.22419,0.22123,0.22178,27242370.0
1755288000000,0.22178,0.22693,0.22075,0.22678,40806015.0
1755291600000,0.22679,0.22978,0.226,0.22978,90628640.0
1755295200000,0.22978,0.23085,0.2272,0.23076,42698263.0
1755298800000,0.23075,0.23185,0.22686,0.22886,56701691.0
1755302400000,0.22885,0.23622,0.2281,0.23526,113547418.0
1755306000000,0.23527,0.23561,0.2325,0.23435,63821766.0
1755309600000,0.23434,0.23435,0.23184,0.23216,40716325.0
1755313200000,0.23216,0.23497,0.23198,0.23271,43896445.0
1755316800000,0.2327,0.23383,0.23224,0.23339,31070081.0
1755320400000,0.23339,0.23341,0.23061,0.23119,43445392.0
1755324000000,0.23119,0.23132,0.22964,0.23105,47879607.0
1755327600000,0.23106,0.23364,0.23105,0.2331,44517198.0
1755331200000,0.23311,0.2337,0.23204,0.23261,56927736.0
1755334800000,0.2326,0.23497,0.23122,0.23123,66386003.0
1755338400000,0.23124,0.23251,0.22887,0.22929,78967195.0
1755342000000,0.22929,0.23105,0.22711,0.22724,46748115.0
1755345600000,0.22724,0.22826,0.22522,0.22814,55102030.0
1755349200000,0.22815,0.23027,0.22692,0.22706,50232117.0
1755352800000,0.22706,0.22944,0.22672,0.22903,28687470.0
1755356400000,0.22903,0.22977,0.22789,0.22863,38621121.0
1755360000000,0.22863,0.23118,0.22853,0.22959,94732179.0
1755363600000,0.2296,0.2297,0.22801,0.22894,22444518.0
1755367200000,0.22893,0.23012,0.22829,0.22921,12987156.0
1755370800000,0.22921,0.23055,0.22912,0.22932,14047893.0
1755374400000,0.22932,0.23057,0.22886,0.23055,19406562.0
1755378000000,0.23055,0.23068,0.22929,0.22981,11721463.0
1755381600000,0.22982,0.23152,0.22914,0.23103,18950226.0
1755385200000,0.23102,0.23127,0.22972,0.23115,16581448.0
1755388800000,0.23115,0.23118,0.22991,0.2305,13222353.0
1755392400000,0.2305,0.23197,0.22835,0.23121,38449278.0
1755396000000,0.23121,0.23339,0.23033,0.23318,44846401.0
1755399600000,0.23318,0.23448,0.2324,0.23359,41349416.0
1755403200000,0.23359,0.23605,0.23354,0.23549,55533014.0
1755406800000,0.2355,0.2358,0.23364,0.23369,57241513.0
1755410400000,0.2337,0.23446,0.23259,0.23281,32760177.0
1755414000000,0.23281,0.23407,0.23227,0.23282,71018070.0
1755417600000,0.23282,0.23545,0.23258,0.2354,38964093.0
1755421200000,0.23539,0.23561,0.2324,0.2337,44753324.0
1755424800000,0.2337,0.23423,0.23256,0.23391,25022971.0
1755428400000,0.23391,0.23476,0.23281,0.23457,27725868.0
1755432000000,0.23457,0.2348,0.2328,0.23302,29192869.0
1755435600000,0.23302,0.23496,0.23219,0.23443,46904548.0
1755439200000,0.23444,0.23564,0.23309,0.23459,38510550.0
1755442800000,0.23458,0.24237,0.23451,0.24161,168320512.0
1755446400000,0.2416,0.24259,0.23629,0.23668,113410245.0
1755450000000,0.23667,0.23797,0.23545,0.23584,51083050.0
1755453600000,0.23585,0.23644,0.23064,0.23311,82136925.0
1755457200000,0.23311,0.23392,0.23191,0.23227,43758021.0
1755460800000,0.23227,0.23422,0.23185,0.23301,23956136.0
1755464400000,0.23302,0.23399,0.23265,0.23336,27496211.0
1755468000000,0.23336,0.23821,0.23315,0.23736,54605557.0
1755471600000,0.23736,0.23749,0.2342,0.23456,39717689.0
1755475200000,0.23457,0.23553,0.23278,0.23345,35643445.0
1755478800000,0.23345,0.23361,0.22812,0.22866,97133745.0
1755482400000,0.22866,0.22903,0.22434,0.22449,121501650.0
1755486000000,0.22449,0.22555,0.22242,0.22437,123799844.0
1755489600000,0.22436,0.22612,0.2234,0.22582,52442360.0
1755493200000,0.22583,0.22649,0.22252,0.22479,57165780.0
1755496800000,0.2248,0.2248,0.2206,0.22248,106628045.0
1755500400000,0.22247,0.22324,0.22154,0.22176,44068769.0
1755504000000,0.22176,0.22292,0.22106,0.22125,46546144.0
1755507600000,0.22124,0.2235,0.21992,0.22258,105498165.0
1755511200000,0.22258,0.22301,0.2213,0.22161,74653890.0
1755514800000,0.22161,0.22256,0.22109,0.22178,44668573.0
1755518400000,0.22178,0.2244,0.22138,0.22433,103681203.0
1755522000000,0.22433,0.22461,0.22052,0.22065,131806352.0
1755525600000,0.22065,0.22312,0.22038,0.22305,107975511.0
1755529200000,0.22304,0.22409,0.22132,0.22358,101892216.0
1755532800000,0.22358,0.22446,0.22075,0.22111,115112554.0
1755536400000,0.22112,0.22549,0.22108,0.22328,86132818.0
1755540000000,0.22329,0.22442,0.22206,0.22421,40829855.0
1755543600000,0.22422,0.22463,0.22296,0.22381,40313789.0
1755547200000,0.2238,0.22438,0.22204,0.22373,44071104.0
1755550800000,0.22372,0.22542,0.2236,0.22497,36402764.0
1755554400000,0.22497,0.22693,0.22438,0.22457,50835897.0
1755558000000,0.22457,0.22511,0.22179,0.22262,58303219.0
1755561600000,0.22262,0.22484,0.21918,0.22475,79288657.0
1755565200000,0.22474,0.22567,0.22121,0.22189,37195332.0
1755568800000,0.22188,0.22245,0.22062,0.22094,33383057.0
1755572400000,0.22094,0.22102,0.21567,0.21638,130713972.0
1755576000000,0.21638,0.21777,0.21435,0.21776,98632249.0
1755579600000,0.21775,0.21835,0.21672,0.21702,60257925.0
1755583200000,0.21701,0.21841,0.21656,0.21805,39288906.0
1755586800000,0.21806,0.21826,0.21624,0.21776,48703991.0
1755590400000,0.21775,0.2185,0.21624,0.21781,73797749.0
1755594000000,0.21781,0.21992,0.21761,0.21873,64603385.0
1755597600000,0.21873,0.22059,0.21839,0.21994,62613339.0
1755601200000,0.21995,0.22067,0.21928,0.2203,49632467.0
1755604800000,0.2203,0.22048,0.21907,0.22025,53800310.0
1755608400000,0.22024,0.22235,0.21825,0.21981,97939471.0
1755612000000,0.2198,0.22076,0.214,0.21501,161566513.0
1755615600000,0.21501,0.21754,0.21369,0.21441,120698546.0
1755619200000,0.2144,0.21491,0.21201,0.21288,132602692.0
1755622800000,0.21288,0.21447,0.21156,0.21371,59903578.0
1755626400000,0.2137,0.21437,0.21114,0.21191,70531119.0
1755630000000,0.21191,0.21382,0.21043,0.21205,96881015.0
1755633600000,0.21205,0.21394,0.21112,0.21375,45917286.0
1755637200000,0.21376,0.21427,0.21322,0.21379,37746301.0
1755640800000,0.21379,0.21379,0.2119,0.21211,53529500.0
1755644400000,0.21212,0.21227,0.20869,0.20943,88866901.0
1755648000000,0.20944,0.21171,0.20937,0.21111,58672227.0
1755651600000,0.2111,0.21212,0.20804,0.21089,141640161.0
1755655200000,0.2109,0.2124,0.21025,0.21133,108081017.0
1755658800000,0.21133,0.21327,0.21082,0.21181,96714891.0
1755662400000,0.21182,0.21366,0.21172,0.21314,155565410.0
1755666000000,0.21313,0.21335,0.21192,0.21333,153886450.0
1755669600000,0.21332,0.21342,0.21155,0.21301,244243083.0
1755673200000,0.21301,0.21413,0.2125,0.21264,178743784.0
1755676800000,0.21264,0.21526,0.21232,0.21511,47410365.0
1755680400000,0.21511,0.21522,0.21363,0.21431,44417916.0
1755684000000,0.21432,0.21576,0.21391,0.21515,33071228.0
1755687600000,0.21517,0.2156,0.21132,0.21404,40031215.0
1755691200000,0.21404,0.21606,0.21334,0.21442,41127470.0
1755694800000,0.21441,0.21445,0.20925,0.21006,86707683.0
1755698400000,0.21005,0.21492,0.20747,0.21372,114161621.0
1755702000000,0.21372,0.218,0.21338,0.21507,112286502.0
1755705600000,0.21506,0.21847,0.21506,0.21704,59403759.0
1755709200000,0.21703,0.22032,0.21692,0.21925,126247197.0
1755712800000,0.21926,0.21947,0.21575,0.21716,53335084.0
1755716400000,0.21716,0.22174,0.21704,0.22132,43379296.0
1755720000000,0.22132,0.22199,0.22056,0.22137,28293600.0
1755723600000,0.22136,0.2227,0.22046,0.22181,82744485.0
1755727200000,0.22181,0.22287,0.22127,0.22272,32773683.0
1755730800000,0.22271,0.22277,0.22126,0.22169,19169022.0
1755734400000,0.22168,0.22194,0.22022,0.22184,27609458.0
1755738000000,0.22183,0.22375,0.22053,0.2235,52027164.0
1755741600000,0.22349,0.2241,0.21949,0.22102,53394547.0
1755745200000,0.22103,0.2245,0.221,0.222,55619163.0
1755748800000,0.222,0.2237,0.22106,0.22269,27405156.0
1755752400000,0.2227,0.22416,0.22192,0.2241,33894743.0
1755756000000,0.2241,0.22414,0.22175,0.22206,26334303.0
1755759600000,0.22206,0.22245,0.2199,0.22142,69606241.0
1755763200000,0.22142,0.2218,0.21932,0.21933,34497891.0
1755766800000,0.21933,0.21947,0.21797,0.21813,46148707.0
1755770400000,0.21812,0.21899,0.21771,0.21837,21085807.0
1755774000000,0.21838,0.21916,0.2167,0.21759,28618640.0
1755777600000,0.21759,0.21832,0.21562,0.21618,46056909.0
1755781200000,0.21618,0.21901,0.21591,0.21726,78353880.0
1755784800000,0.21727,0.2207,0.21608,0.21687,105139651.0
1755788400000,0.21688,0.21714,0.21451,0.2155,52055505.0
1755792000000,0.2155,0.21719,0.21505,0.21556,38479674.0
1755795600000,0.21556,0.21681,0.21452,0.21627,31464278.0
1755799200000,0.21627,0.218,0.21567,0.21764,19926692.0
1755802800000,0.21763,0.21827,0.21465,0.21515,43068692.0
1755806400000,0.21515,0.2169,0.21388,0.21594,31955057.0
1755810000000,0.21594,0.21726,0.21455,0.21667,21825738.0
1755813600000,0.21667,0.21757,0.21623,0.21681,13241085.0
1755817200000,0.21682,0.21686,0.214,0.21473,25825433.0
1755820800000,0.21473,0.21742,0.21467,0.2163,28981090.0
1755824400000,0.2163,0.21706,0.21456,0.2166,20745411.0
1755828000000,0.2166,0.2192,0.21618,0.21796,60423466.0
1755831600000,0.21797,0.21858,0.21517,0.21576,24235752.0
1755835200000,0.21576,0.21807,0.21574,0.21702,24373629.0
1755838800000,0.21702,0.21856,0.21674,0.2177,31861705.0
1755842400000,0.21769,0.21873,0.2152,0.21601,50775781.0
1755846000000,0.21602,0.21839,0.21577,0.21794,30444705.0
1755849600000,0.21795,0.21909,0.21747,0.21774,35133687.0
1755853200000,0.21775,0.21806,0.21648,0.21723,27278833.0
1755856800000,0.21723,0.21725,0.21356,0.21418,50802173.0
1755860400000,0.21419,0.21429,0.2118,0.21198,51137444.0
1755864000000,0.21199,0.21219,0.20828,0.21069,101941402.0
1755867600000,0.21069,0.21434,0.20925,0.21206,159781946.0
1755871200000,0.21207,0.23083,0.21207,0.2286,719304597.0
1755874800000,0.22861,0.23371,0.22858,0.23013,258763347.0
1755878400000,0.23013,0.2373,0.2301,0.23519,203046238.0
1755882000000,0.23519,0.23934,0.23517,0.23773,153665447.0
1755885600000,0.23773,0.23868,0.2362,0.23809,72749335.0
1755889200000,0.2381,0.23979,0.23792,0.23876,56225188.0
1755892800000,0.23876,0.24027,0.23865,0.23934,75350743.0
1755896400000,0.23934,0.24222,0.23898,0.2413,100460093.0
1755900000000,0.2413,0.24189,0.23895,0.2394,70694138.0
1755903600000,0.2394,0.24175,0.23916,0.24054,62438791.0
1755907200000,0.24054,0.2409,0.23761,0.23768,77765949.0
1755910800000,0.23769,0.23816,0.23312,0.23525,154929684.0
1755914400000,0.23525,0.23569,0.22902,0.23142,167507287.0
1755918000000,0.23141,0.23233,0.23033,0.23155,72864480.0
1755921600000,0.23156,0.23529,0.23133,0.23528,89110437.0
1755925200000,0.23528,0.23824,0.23488,0.23779,90276397.0
1755928800000,0.23779,0.23881,0.23648,0.23857,70315025.0
1755932400000,0.23857,0.23937,0.23642,0.23722,61538563.0
1755936000000,0.23722,0.23978,0.23716,0.23839,84499679.0
1755939600000,0.23839,0.23887,0.23692,0.23818,44679419.0
1755943200000,0.23818,0.23835,0.23578,0.23614,45327451.0
1755946800000,0.23615,0.23735,0.23549,0.23616,34644564.0
1755950400000,0.23616,0.23903,0.23508,0.23683,72854441.0
1755954000000,0.23683,0.2369,0.23444,0.23523,53985478.0
1755957600000,0.23524,0.23704,0.2344,0.23563,53276438.0
1755961200000,0.23564,0.23715,0.23482,0.23645,42238234.0
1755964800000,0.23646,0.23686,0.23552,0.23641,30099539.0
1755968400000,0.23642,0.23755,0.2363,0.23654,48589486.0
1755972000000,0.23655,0.23727,0.23635,0.23686,12861463.0
1755975600000,0.23686,0.23758,0.23666,0.23736,8692522.0
1755979200000,0.23735,0.23753,0.23577,0.23642,9663224.0
1755982800000,0.23642,0.23644,0.2339,0.23481,30467241.0
1755986400000,0.23481,0.23625,0.23479,0.23604,15199635.0
1755990000000,0.23605,0.23679,0.2357,0.23631,12306507.0
1755993600000,0.23631,0.23833,0.23625,0.2378,29434888.0
1755997200000,0.2378,0.23789,0.23589,0.23707,26361673.0
1756000800000,0.23708,0.2379,0.23576,0.23602,36261756.0
1756004400000,0.23602,0.23693,0.235,0.2366,19075844.0
1756008000000,0.23661,0.2371,0.23559,0.23637,14457542.0
1756011600000,0.23637,0.23643,0.23481,0.23514,14014403.0
1756015200000,0.23514,0.23519,0.23193,0.23206,60418568.0
1756018800000,0.23205,0.23384,0.23199,0.23223,29775809.0
1756022400000,0.23223,0.2332,0.23134,0.2323,25228547.0
1756026000000,0.2323,0.23297,0.23139,0.23198,40070324.0
1756029600000,0.23198,0.23218,0.22934,0.22993,53069684.0
1756033200000,0.22993,0.23044,0.22826,0.22956,56053983.0
1756036800000,0.22956,0.23032,0.2292,0.23019,23328232.0
1756040400000,0.23018,0.23141,0.23002,0.23017,57474830.0
1756044000000,0.23017,0.23221,0.22925,0.23206,50973916.0
1756047600000,0.23205,0.23402,0.23078,0.23126,71391731.0
1756051200000,0.23126,0.2326,0.23039,0.23213,29456229.0
1756054800000,0.23213,0.23677,0.23205,0.23552,66508030.0
1756058400000,0.23552,0.24258,0.23496,0.24192,129671795.0
1756062000000,0.24192,0.24496,0.22927,0.23418,450575242.0
1756065600000,0.23418,0.23457,0.22858,0.23263,283694412.0
1756069200000,0.23264,0.23518,0.23088,0.23328,48610026.0
1756072800000,0.23328,0.23353,0.22761,0.23141,107961055.0
1756076400000,0.23142,0.23322,0.23116,0.23182,34747913.0
1756080000000,0.23182,0.23309,0.22542,0.22753,125305138.0
1756083600000,0.22753,0.23116,0.22724,0.22979,85727690.0
1756087200000,0.22978,0.23413,0.22964,0.23338,59560993.0
1756090800000,0.23337,0.23459,0.2304,0.23088,53411901.0
1756094400000,0.23088,0.23138,0.22837,0.22902,46215873.0
1756098000000,0.22903,0.22959,0.2266,0.22675,51172576.0
1756101600000,0.22673,0.22702,0.22246,0.22283,87691457.0
1756105200000,0.22283,0.22417,0.21983,0.22077,123387436.0
1756108800000,0.22077,0.22167,0.21915,0.22094,98998627.0
1756112400000,0.22093,0.22123,0.21957,0.22111,46966428.0
1756116000000,0.22112,0.22112,0.21691,0.21844,110537594.0
1756119600000,0.21845,0.21974,0.21767,0.21967,57849774.0
1756123200000,0.21967,0.22092,0.21856,0.2209,55725990.0
1756126800000,0.22089,0.22089,0.21742,0.21896,150553640.0
1756130400000,0.21896,0.22117,0.21835,0.22027,71655877.0
1756134000000,0.22026,0.22057,0.21793,0.21849,46617280.0
1756137600000,0.2185,0.22043,0.21714,0.21813,64676792.0
1756141200000,0.21814,0.21925,0.21659,0.21854,41364670.0
1756144800000,0.21855,0.21909,0.21726,0.2177,25368102.0
1756148400000,0.2177,0.21788,0.21344,0.2138,129496646.0
1756152000000,0.21381,0.21467,0.20683,0.20711,301281998.0
1756155600000,0.20712,0.20897,0.20585,0.20748,158305317.0
1756159200000,0.20749,0.20999,0.20708,0.2091,84056862.0
1756162800000,0.2091,0.21024,0.20838,0.20965,81444610.0
1756166400000,0.20965,0.21044,0.20711,0.20823,136741237.0
1756170000000,0.20823,0.21112,0.20754,0.21109,63788172.0
1756173600000,0.21109,0.21205,0.20939,0.21008,108388859.0
1756177200000,0.21007,0.21022,0.20864,0.20978,41055489.0
1756180800000,0.20979,0.21194,0.20975,0.21172,29156645.0
1756184400000,0.21172,0.21223,0.21084,0.21089,36260703.0
1756188000000,0.21088,0.21158,0.20933,0.20984,37699284.0
1756191600000,0.20983,0.21266,0.20916,0.21126,48664000.0
1756195200000,0.21126,0.21191,0.21019,0.21058,33058592.0
1756198800000,0.21059,0.21144,0.21014,0.2107,21276175.0
1756202400000,0.2107,0.2121,0.21054,0.21137,22583870.0
1756206000000,0.21138,0.21175,0.20944,0.2105,44608453.0
1756209600000,0.21051,0.21508,0.20931,0.21336,119974155.0
1756213200000,0.21336,0.21382,0.20988,0.21199,106453133.0
1756216800000,0.212,0.21457,0.21073,0.21427,74653571.0
1756220400000,0.21426,0.21533,0.212,0.21266,61705287.0
1756224000000,0.21266,0.2153,0.21246,0.21526,43735156.0
1756227600000,0.21526,0.21568,0.21366,0.21543,37798776.0
1756231200000,0.21544,0.21717,0.21537,0.21695,32959230.0
1756234800000,0.21694,0.21982,0.2159,0.21942,45483509.0
1756238400000,0.21942,0.21952,0.21755,0.21814,34875013.0
1756242000000,0.21815,0.21928,0.21731,0.21921,27463820.0
1756245600000,0.21921,0.2197,0.21823,0.21916,24396921.0
1756249200000,0.21916,0.21999,0.21819,0.21839,28710145.0
1756252800000,0.21839,0.21845,0.21639,0.21671,28907436.0
1756256400000,0.21671,0.21904,0.21606,0.21863,33836583.0
1756260000000,0.21864,0.21944,0.21782,0.21879,35755696.0
1756263600000,0.21879,0.22201,0.21799,0.22126,124315828.0
1756267200000,0.22124,0.22314,0.22086,0.22282,57911962.0
1756270800000,0.22283,0.22323,0.22106,0.22124,44895673.0
1756274400000,0.22125,0.22136,0.21939,0.21993,41621402.0
1756278000000,0.21993,0.22015,0.21811,0.21882,27603579.0
1756281600000,0.21883,0.21948,0.2174,0.21925,31599897.0
1756285200000,0.21925,0.22123,0.21899,0.22016,34824449.0
1756288800000,0.22017,0.22113,0.21952,0.21995,48288274.0
1756292400000,0.21994,0.22062,0.21986,0.22037,17302698.0
1756296000000,0.22036,0.22038,0.21836,0.21971,35859360.0
1756299600000,0.21971,0.22102,0.21781,0.21929,66042075.0
1756303200000,0.2193,0.2228,0.21853,0.2203,72111824.0
1756306800000,0.2203,0.22225,0.22007,0.22163,47575211.0
1756310400000,0.22163,0.22199,0.21946,0.22126,37313093.0
1756314000000,0.22125,0.22315,0.22031,0.22247,49057782.0
1756317600000,0.22247,0.22339,0.22091,0.22093,33606650.0
1756321200000,0.22094,0.22152,0.21862,0.22022,47811340.0
1756324800000,0.22022,0.2232,0.21824,0.22279,242293575.0
1756328400000,0.2228,0.22388,0.21979,0.22036,56493820.0
1756332000000,0.22036,0.22059,0.21803,0.21954,46479597.0
1756335600000,0.21953,0.22093,0.21837,0.21892,32037329.0
1756339200000,0.21891,0.22046,0.21668,0.21922,98853969.0
1756342800000,0.21922,0.22173,0.21919,0.22108,45203770.0
1756346400000,0.22109,0.22154,0.21968,0.22004,31133792.0
1756350000000,0.22004,0.22162,0.21991,0.22128,28258160.0
1756353600000,0.22128,0.22459,0.22092,0.22417,60999045.0
1756357200000,0.22418,0.22555,0.22251,0.22313,67606288.0
1756360800000,0.22313,0.22415,0.22295,0.22373,34869246.0
1756364400000,0.22372,0.2243,0.22275,0.22398,36434135.0
1756368000000,0.22398,0.22597,0.22346,0.22386,68600336.0
1756371600000,0.22386,0.22388,0.2225,0.22294,18841777.0
1756375200000,0.22293,0.22403,0.22258,0.22395,14049438.0
1756378800000,0.22396,0.22405,0.22307,0.2239,14726220.0
1756382400000,0.2239,0.22479,0.22316,0.22434,44723179.0
1756386000000,0.22435,0.22518,0.22273,0.22339,50209295.0
1756389600000,0.22338,0.22472,0.2228,0.22434,38654001.0
1756393200000,0.22434,0.22483,0.22013,0.2212,64656098.0
1756396800000,0.22121,0.22338,0.21954,0.21955,47197664.0
1756400400000,0.21954,0.22175,0.2193,0.22143,30268928.0
1756404000000,0.22144,0.2232,0.22114,0.22272,26051042.0
1756407600000,0.22271,0.22352,0.21963,0.21965,22860342.0
1756411200000,0.21965,0.22152,0.21918,0.22114,21326037.0
1756414800000,0.22114,0.22227,0.22105,0.22208,17232683.0
1756418400000,0.22208,0.22462,0.22208,0.22428,40324687.0
1756422000000,0.22427,0.22486,0.22385,0.22437,34992728.0
1756425600000,0.22438,0.22539,0.22279,0.22308,42738615.0
1756429200000,0.22307,0.22351,0.21948,0.22046,50464496.0
1756432800000,0.22045,0.22397,0.22012,0.22297,38709685.0
1756436400000,0.22297,0.2235,0.22154,0.22258,26461535.0
1756440000000,0.22258,0.22294,0.2204,0.22085,26847366.0
1756443600000,0.22086,0.22104,0.21995,0.22049,18266289.0
1756447200000,0.2205,0.22075,0.2176,0.21808,127284168.0
1756450800000,0.21808,0.21808,0.21428,0.21462,108594080.0
1756454400000,0.21463,0.21549,0.21248,0.21286,73875054.0
1756458000000,0.21285,0.2144,0.2117,0.21411,57847756.0
1756461600000,0.21411,0.2158,0.21395,0.21504,37661134.0
1756465200000,0.21504,0.21584,0.21431,0.2148,25249360.0
1756468800000,0.21479,0.22102,0.21468,0.21901,142774038.0
1756472400000,0.21902,0.2192,0.21365,0.21471,108321094.0
1756476000000,0.21472,0.21603,0.21216,0.2137,113652469.0
1756479600000,0.2137,0.21547,0.2128,0.21329,51952067.0
1756483200000,0.21329,0.21433,0.21155,0.21337,66095587.0
1756486800000,0.21336,0.21344,0.21066,0.21129,68861103.0
1756490400000,0.2113,0.21187,0.20977,0.21043,60034542.0
1756494000000,0.21042,0.21293,0.20981,0.21203,46789892.0
1756497600000,0.21203,0.21299,0.21006,0.21078,54242438.0
1756501200000,0.21079,0.21316,0.20981,0.21283,38001235.0
1756504800000,0.21283,0.21294,0.21169,0.21263,18117237.0
1756508400000,0.21264,0.2146,0.21263,0.21391,21935558.0
1756512000000,0.21391,0.21456,0.21331,0.21403,31419962.0
1756515600000,0.21404,0.21493,0.21137,0.21163,46125825.0
1756519200000,0.21164,0.21593,0.21126,0.21548,50334038.0
1756522800000,0.21548,0.21885,0.21541,0.21764,70068808.0
1756526400000,0.21765,0.21828,0.21644,0.21653,25214900.0
1756530000000,0.21653,0.2176,0.21642,0.21655,28610833.0
1756533600000,0.21656,0.21718,0.21633,0.21649,15091517.0
1756537200000,0.2165,0.21729,0.21603,0.21729,25495295.0
1756540800000,0.2173,0.21768,0.21609,0.21633,21484237.0
1756544400000,0.21634,0.21639,0.21531,0.21569,25494167.0
1756548000000,0.21569,0.21636,0.21502,0.2156,22407014.0
1756551600000,0.21559,0.21596,0.2148,0.21588,9410478.0
1756555200000,0.21589,0.21607,0.21343,0.21479,27173373.0
1756558800000,0.21479,0.2154,0.21283,0.21525,35826410.0
1756562400000,0.21526,0.21555,0.21431,0.21511,16799624.0
1756566000000,0.21511,0.21672,0.21464,0.21603,24231988.0
1756569600000,0.21603,0.21603,0.21507,0.21535,10774158.0
1756573200000,0.21535,0.21605,0.21464,0.21516,9666224.0
1756576800000,0.21516,0.21552,0.21458,0.21504,7658895.0
1756580400000,0.21505,0.21546,0.21468,0.21541,5473263.0
1756584000000,0.21542,0.21545,0.21446,0.21514,6837887.0
1756587600000,0.21514,0.21556,0.21481,0.2153,4987664.0
1756591200000,0.2153,0.21551,0.21459,0.2154,9856313.0
1756594800000,0.2154,0.21612,0.21537,0.21595,8320818.0
1756598400000,0.21595,0.21844,0.21595,0.2184,23388598.0
1756602000000,0.2184,0.21948,0.21744,0.21921,24710972.0
1756605600000,0.21921,0.21962,0.21838,0.21885,33533548.0
1756609200000,0.21886,0.22134,0.2187,0.22062,40201272.0
1756612800000,0.22063,0.22071,0.21841,0.21883,27447676.0
1756616400000,0.21884,0.21891,0.21782,0.2187,18260030.0
1756620000000,0.21869,0.21883,0.2171,0.21722,22165150.0
1756623600000,0.21722,0.21844,0.21717,0.21798,13329798.0
1756627200000,0.21799,0.21932,0.21798,0.21917,16677055.0
1756630800000,0.21917,0.21918,0.21743,0.21756,17156285.0
1756634400000,0.21757,0.21778,0.21609,0.21693,27689721.0
1756638000000,0.21693,0.21838,0.21656,0.21837,18626044.0
1756641600000,0.21836,0.21853,0.21686,0.21807,16536880.0
1756645200000,0.21806,0.21863,0.21701,0.21769,14382416.0
1756648800000,0.21768,0.21794,0.21627,0.21706,16875780.0
1756652400000,0.21707,0.21858,0.21701,0.21857,13935016.0
1756656000000,0.21857,0.21862,0.21737,0.21799,15494209.0
1756659600000,0.21799,0.21814,0.21698,0.2177,21514755.0
1756663200000,0.2177,0.21862,0.21753,0.21837,7477997.0
1756666800000,0.21837,0.21855,0.21725,0.21732,10396663.0
1756670400000,0.21733,0.21804,0.21682,0.21776,7839497.0
1756674000000,0.21775,0.21816,0.21707,0.21777,8849676.0
1756677600000,0.21777,0.21789,0.21541,0.2161,23769398.0
1756681200000,0.2161,0.2161,0.21327,0.21371,50704629.0
1756684800000,0.21371,0.21385,0.21097,0.21284,65695603.0
1756688400000,0.21284,0.2141,0.21168,0.21275,35821507.0
1756692000000,0.21276,0.21289,0.20885,0.20998,87930190.0
1756695600000,0.20998,0.21078,0.20893,0.21046,45892681.0
1756699200000,0.21045,0.21077,0.20841,0.20923,75153219.0
1756702800000,0.20923,0.21094,0.2082,0.21029,39774103.0
1756706400000,0.21028,0.21151,0.20916,0.21088,46607014.0
1756710000000,0.21087,0.21805,0.20982,0.218,126161677.0
1756713600000,0.218,0.21941,0.21616,0.2189,109481846.0
1756717200000,0.2189,0.21988,0.21779,0.218,60446675.0
1756720800000,0.218,0.21864,0.21514,0.21653,67990747.0
1756724400000,0.21652,0.21721,0.2153,0.21595,35731365.0
1756728000000,0.21595,0.21716,0.21524,0.21616,37849684.0
1756731600000,0.21616,0.21694,0.2142,0.21457,50939617.0
1756735200000,0.21457,0.21631,0.21409,0.21537,57438368.0
1756738800000,0.21537,0.21622,0.21272,0.2134,53447165.0
1756742400000,0.2134,0.2135,0.21114,0.21157,49625643.0
1756746000000,0.21158,0.21247,0.2102,0.21069,48663340.0
1756749600000,0.21069,0.21308,0.21052,0.21272,27789140.0
1756753200000,0.21272,0.2133,0.21174,0.21237,17539848.0
1756756800000,0.21238,0.21281,0.20673,0.20914,160652576.0
1756760400000,0.20913,0.20944,0.20476,0.20654,110258198.0
1756764000000,0.20653,0.20785,0.20554,0.20753,56285812.0
1756767600000,0.20753,0.21114,0.20746,0.21073,55385740.0
1756771200000,0.21074,0.2117,0.20944,0.20992,37693704.0
1756774800000,0.20992,0.2121,0.2092,0.21061,44097916.0
1756778400000,0.2106,0.213,0.20986,0.21292,31520869.0
1756782000000,0.21291,0.21416,0.21228,0.2134,45514232.0
1756785600000,0.2134,0.21424,0.2127,0.21417,27373102.0
1756789200000,0.21417,0.21445,0.21334,0.2142,16306595.0
1756792800000,0.21421,0.2149,0.2139,0.21429,26644024.0
1756796400000,0.2143,0.21438,0.21168,0.21227,43107367.0
1756800000000,0.21226,0.2141,0.21218,0.21328,33733914.0
1756803600000,0.21328,0.21405,0.21282,0.21343,31879533.0
1756807200000,0.21344,0.21358,0.21262,0.21331,15771554.0
1756810800000,0.21332,0.21336,0.21114,0.21151,27490199.0
1756814400000,0.21151,0.21181,0.20658,0.20696,121807680.0
1756818000000,0.20696,0.21358,0.20684,0.21284,149643604.0
1756821600000,0.21283,0.21397,0.21087,0.21291,80190493.0
1756825200000,0.2129,0.21303,0.20892,0.20939,52341843.0
1756828800000,0.20938,0.21252,0.20933,0.21198,37089264.0
1756832400000,0.21198,0.21322,0.21181,0.21224,20727285.0
1756836000000,0.21224,0.21255,0.20974,0.21167,28716326.0
1756839600000,0.21168,0.21259,0.21024,0.21125,24147016.0
1756843200000,0.21124,0.21419,0.2108,0.21358,45386724.0
1756846800000,0.21359,0.21557,0.21323,0.21497,38620150.0
1756850400000,0.21497,0.21507,0.21374,0.21491,25114482.0
1756854000000,0.21492,0.21547,0.21439,0.21489,26442620.0
1756857600000,0.21489,0.21549,0.2137,0.2139,25974434.0
1756861200000,0.21391,0.21493,0.21249,0.21491,45412533.0
1756864800000,0.2149,0.21686,0.21387,0.21611,61189670.0
1756868400000,0.21611,0.21648,0.21456,0.21531,37244229.0
1756872000000,0.2153,0.21561,0.21436,0.21523,17330113.0
1756875600000,0.21522,0.21533,0.21417,0.21461,23619331.0
1756879200000,0.21462,0.21626,0.21409,0.21588,31506763.0
1756882800000,0.21587,0.21637,0.21485,0.21608,34332614.0
1756886400000,0.21608,0.21724,0.21512,0.21562,33821438.0
1756890000000,0.21561,0.2165,0.21471,0.21643,18867401.0
1756893600000,0.21643,0.21723,0.21587,0.21652,36626840.0
1756897200000,0.21652,0.217,0.21631,0.21642,21985611.0
1756900800000,0.21642,0.21682,0.2151,0.21549,21739953.0
1756904400000,0.2155,0.21891,0.21537,0.217,55607237.0
1756908000000,0.217,0.21967,0.21668,0.21877,63293555.0
1756911600000,0.21878,0.2195,0.2181,0.21889,38042598.0
1756915200000,0.21888,0.21933,0.21741,0.21789,20957590.0
1756918800000,0.21789,0.21991,0.21789,0.2193,43834889.0
1756922400000,0.2193,0.21978,0.21863,0.21911,27416196.0
1756926000000,0.21911,0.22141,0.21863,0.22122,37342376.0
1756929600000,0.22122,0.22351,0.22122,0.22164,55764327.0
1756933200000,0.22164,0.22212,0.22053,0.22104,22713398.0
1756936800000,0.22103,0.22248,0.22072,0.22121,30605951.0
1756940400000,0.22121,0.22142,0.22026,0.2203,19675546.0
1756944000000,0.2203,0.22111,0.21986,0.22002,21091440.0
1756947600000,0.22001,0.22007,0.21846,0.21924,45346312.0
1756951200000,0.21924,0.21931,0.21747,0.21773,30005603.0
1756954800000,0.21772,0.21785,0.21594,0.21642,35329053.0
1756958400000,0.21642,0.21735,0.2162,0.21661,35777032.0
1756962000000,0.21661,0.21661,0.21448,0.21547,42639137.0
1756965600000,0.21548,0.21548,0.21413,0.21431,27205154.0
1756969200000,0.2143,0.21549,0.21421,0.21527,24644013.0
1756972800000,0.21527,0.21642,0.21488,0.21493,23889471.0
1756976400000,0.21493,0.21562,0.21478,0.21559,10665793.0
1756980000000,0.2156,0.21644,0.21541,0.2156,22229744.0
1756983600000,0.21559,0.21661,0.21525,0.21559,15285360.0
1756987200000,0.21559,0.21702,0.21547,0.21668,25607031.0
1756990800000,0.21668,0.21696,0.21493,0.21535,27674534.0
1756994400000,0.21535,0.21548,0.21276,0.21424,76275922.0
1756998000000,0.21424,0.21437,0.21162,0.21232,56130890.0
1757001600000,0.21231,0.2129,0.21162,0.21215,27668418.0
1757005200000,0.21216,0.21354,0.21191,0.21196,21513983.0
1757008800000,0.21197,0.21314,0.2109,0.21134,27996531.0
1757012400000,0.21134,0.21213,0.21047,0.21074,15949171.0
1757016000000,0.21074,0.21246,0.21056,0.21216,20934939.0
1757019600000,0.21215,0.21298,0.21193,0.21276,12095948.0
1757023200000,0.21276,0.21439,0.21265,0.21427,20866524.0
1757026800000,0.21427,0.21471,0.21226,0.21241,22650851.0
1757030400000,0.21241,0.21372,0.21182,0.21217,23937944.0
1757034000000,0.21217,0.21453,0.21188,0.21415,23910944.0
1757037600000,0.21416,0.21502,0.21391,0.21455,18849258.0
1757041200000,0.21456,0.21456,0.21287,0.21427,18480770.0
1757044800000,0.21428,0.21434,0.2135,0.21419,9092424.0
1757048400000,0.21418,0.21459,0.21397,0.21429,15294553.0
1757052000000,0.21429,0.2149,0.2137,0.21489,16087534.0
1757055600000,0.21489,0.21838,0.21482,0.21808,79625761.0
1757059200000,0.21808,0.21814,0.21645,0.21689,37854170.0
1757062800000,0.21689,0.21702,0.21529,0.21652,27623236.0
1757066400000,0.21652,0.2173,0.2163,0.2163,35201678.0
1757070000000,0.21629,0.217,0.21603,0.21677,16488250.0
1757073600000,0.21676,0.22037,0.21634,0.22032,195544058.0
1757077200000,0.22032,0.22097,0.21922,0.22012,98613604.0
1757080800000,0.22012,0.22014,0.21253,0.21308,227829047.0
1757084400000,0.21307,0.21549,0.21241,0.21421,51757140.0
1757088000000,0.2142,0.21531,0.21371,0.21491,24070104.0
1757091600000,0.2149,0.21512,0.21366,0.21467,14006105.0
1757095200000,0.21467,0.2165,0.21403,0.21608,16519589.0
1757098800000,0.21607,0.21735,0.2158,0.2173,28505127.0
1757102400000,0.2173,0.22014,0.21712,0.22013,73807327.0
1757106000000,0.22014,0.22019,0.21702,0.21789,79559443.0
1757109600000,0.2179,0.21879,0.21716,0.21844,18964060.0
1757113200000,0.21845,0.21887,0.21768,0.21788,25001586.0
1757116800000,0.21788,0.21888,0.21772,0.21807,20997088.0
1757120400000,0.21807,0.21823,0.21748,0.21773,9310760.0
1757124000000,0.21774,0.21806,0.21687,0.21803,14685390.0
1757127600000,0.21803,0.21827,0.21728,0.21772,14763428.0
1757131200000,0.21772,0.21786,0.21577,0.21619,22367267.0
1757134800000,0.2162,0.2162,0.21523,0.21545,16542233.0
1757138400000,0.21546,0.216,0.21533,0.21591,11674435.0
1757142000000,0.2159,0.2161,0.2157,0.21588,18408226.0
1757145600000,0.21589,0.21601,0.21524,0.21532,14347858.0
1757149200000,0.21531,0.21532,0.21421,0.21431,53055824.0
1757152800000,0.2143,0.21478,0.21396,0.21474,13266897.0
1757156400000,0.21473,0.21474,0.21403,0.21427,10438010.0
1757160000000,0.21427,0.21445,0.21334,0.21408,17941046.0
1757163600000,0.21408,0.2145,0.21375,0.21425,14416746.0
1757167200000,0.21426,0.21525,0.21411,0.21469,18283823.0
1757170800000,0.21469,0.21585,0.2137,0.21388,38814859.0
1757174400000,0.21388,0.21546,0.2135,0.21468,31315980.0
1757178000000,0.21469,0.21487,0.21353,0.21375,9767075.0
1757181600000,0.21374,0.21437,0.21354,0.21422,10314090.0
1757185200000,0.2142,0.21429,0.21225,0.21284,19837809.0
1757188800000,0.21284,0.21448,0.21274,0.21447,17197616.0
1757192400000,0.21448,0.21514,0.21424,0.21514,13412582.0
1757196000000,0.21513,0.21628,0.21496,0.21554,24337041.0
1757199600000,0.21554,0.21805,0.21523,0.21595,47458552.0
1757203200000,0.21595,0.21683,0.21568,0.21657,15701892.0
1757206800000,0.21657,0.21724,0.21634,0.21689,9233316.0
1757210400000,0.21688,0.21743,0.2165,0.21735,9994583.0
1757214000000,0.21735,0.21742,0.21632,0.21651,9516801.0
1757217600000,0.21652,0.21738,0.21613,0.21722,9639700.0
1757221200000,0.21722,0.21764,0.21676,0.2175,8641596.0
1757224800000,0.21749,0.21757,0.21656,0.21675,9063539.0
1757228400000,0.21674,0.21766,0.21661,0.21729,19094437.0
1757232000000,0.21729,0.21821,0.21727,0.21747,20165901.0
1757235600000,0.21746,0.218,0.21693,0.21742,12121453.0
1757239200000,0.21741,0.21807,0.21731,0.21804,8845168.0
1757242800000,0.21803,0.21951,0.2179,0.21923,26022722.0
1757246400000,0.21924,0.21924,0.21829,0.21855,21831880.0
1757250000000,0.21854,0.21943,0.21834,0.21914,29593831.0
1757253600000,0.21913,0.22518,0.21881,0.22272,279520071.0
1757257200000,0.22273,0.22501,0.22261,0.22368,66148220.0
1757260800000,0.22368,0.22463,0.22219,0.22276,40076477.0
1757264400000,0.22275,0.22323,0.22136,0.2214,30881604.0
1757268000000,0.2214,0.22199,0.22026,0.22117,21031112.0
1757271600000,0.22117,0.22275,0.22117,0.22229,22653962.0
1757275200000,0.22228,0.22397,0.22218,0.22389,17969887.0
1757278800000,0.22389,0.22434,0.22376,0.2238,24599745.0
1757282400000,0.22379,0.22817,0.22371,0.22781,78549339.0
1757286000000,0.22781,0.22926,0.22733,0.22877,91629835.0
1757289600000,0.22876,0.22894,0.22653,0.2272,82502650.0
1757293200000,0.2272,0.22878,0.22685,0.22793,64227239.0
1757296800000,0.22793,0.23237,0.22728,0.23219,109840495.0
1757300400000,0.2322,0.235,0.23151,0.23171,157167195.0
1757304000000,0.2317,0.2323,0.23047,0.23137,64753390.0
1757307600000,0.23137,0.23279,0.23094,0.2325,43283637.0
1757311200000,0.23251,0.23281,0.23133,0.23164,39577700.0
1757314800000,0.23164,0.233,0.23091,0.23261,45713280.0
1757318400000,0.23261,0.23439,0.2325,0.23298,59159111.0
1757322000000,0.23297,0.23468,0.23262,0.23376,38005909.0
1757325600000,0.23377,0.23476,0.23281,0.23407,53740971.0
1757329200000,0.23407,0.23413,0.23247,0.23337,50497135.0
1757332800000,0.23336,0.23584,0.23293,0.23508,53111994.0
1757336400000,0.23509,0.23986,0.23499,0.23617,184376480.0
1757340000000,0.23618,0.23946,0.23609,0.23835,77610951.0
1757343600000,0.23835,0.23888,0.23696,0.2384,64574804.0
1757347200000,0.2384,0.23968,0.23646,0.23737,97674824.0
1757350800000,0.23736,0.23965,0.2365,0.23768,51873828.0
1757354400000,0.23769,0.23935,0.23763,0.23892,32156575.0
1757358000000,0.23892,0.23917,0.23687,0.2376,35720273.0
1757361600000,0.23761,0.23948,0.23724,0.23941,63795026.0
1757365200000,0.2394,0.24349,0.23883,0.24178,104392161.0
1757368800000,0.24178,0.24413,0.24178,0.24298,62229057.0
1757372400000,0.24299,0.24408,0.24155,0.24164,47704561.0
1757376000000,0.24165,0.24397,0.23729,0.23867,136447448.0
1757379600000,0.23866,0.23938,0.23632,0.23733,78866222.0
1757383200000,0.23732,0.23754,0.23359,0.23456,108150166.0
1757386800000,0.23456,0.23686,0.23428,0.23648,49689373.0
1757390400000,0.23648,0.23753,0.23519,0.23661,41240615.0
1757394000000,0.2366,0.23754,0.23556,0.23743,31496192.0
1757397600000,0.23744,0.24215,0.23711,0.24108,90446135.0
1757401200000,0.24108,0.24202,0.23948,0.24025,58374429.0
1757404800000,0.24024,0.24156,0.23984,0.24156,37031580.0
1757408400000,0.24157,0.24166,0.23993,0.24079,27395626.0
1757412000000,0.24079,0.24261,0.24047,0.2409,53843339.0
1757415600000,0.24091,0.24219,0.24059,0.24161,38436332.0
1757419200000,0.24161,0.24952,0.24099,0.24578,272168330.0
1757422800000,0.24578,0.2486,0.24447,0.24697,154313768.0
1757426400000,0.24698,0.2479,0.23761,0.24044,284576949.0
1757430000000,0.24044,0.24089,0.23678,0.23827,128943955.0
1757433600000,0.23828,0.24003,0.23743,0.23993,67529666.0
1757437200000,0.23993,0.24196,0.238,0.23999,74956922.0
1757440800000,0.23998,0.24114,0.23895,0.24053,35568582.0
1757444400000,0.24054,0.24345,0.24034,0.24124,43811889.0
1757448000000,0.24124,0.2419,0.24015,0.24164,29536022.0
1757451600000,0.24164,0.24274,0.24017,0.24028,37663227.0
1757455200000,0.24028,0.24149,0.23943,0.24141,32511313.0
1757458800000,0.24141,0.24208,0.24013,0.24063,19727808.0
1757462400000,0.24063,0.24092,0.23682,0.23729,56087643.0
1757466000000,0.23728,0.23962,0.23618,0.23877,32463365.0
1757469600000,0.23877,0.24213,0.23874,0.2408,48931013.0
1757473200000,0.24081,0.2415,0.23985,0.24111,27718338.0
1757476800000,0.24112,0.24112,0.23951,0.24038,23685803.0
1757480400000,0.24038,0.24055,0.23844,0.23957,25151342.0
1757484000000,0.23956,0.24088,0.23846,0.23998,34392286.0
1757487600000,0.23998,0.24242,0.23975,0.24137,44587910.0
1757491200000,0.24137,0.24246,0.24038,0.24063,36194524.0
1757494800000,0.24064,0.24188,0.23944,0.24173,29042493.0
1757498400000,0.24173,0.24179,0.23992,0.24026,33480321.0
1757502000000,0.24027,0.24114,0.23959,0.24015,28553215.0
1757505600000,0.24016,0.24526,0.23997,0.24252,118961062.0
1757509200000,0.24252,0.24572,0.24186,0.24453,119014438.0
1757512800000,0.24454,0.24523,0.243,0.24351,64577888.0
1757516400000,0.24351,0.24536,0.24351,0.2437,56511771.0
1757520000000,0.2437,0.2485,0.24235,0.248,90433573.0
1757523600000,0.248,0.24868,0.24421,0.24539,66586390.0
1757527200000,0.24539,0.2459,0.24294,0.24452,34008267.0
1757530800000,0.24453,0.24467,0.238,0.23986,159301066.0
1757534400000,0.23986,0.24195,0.23972,0.24163,23901558.0
1757538000000,0.24163,0.24769,0.24137,0.24378,139828548.0
1757541600000,0.24377,0.24495,0.24359,0.24462,21944325.0
1757545200000,0.24462,0.24578,0.24419,0.24536,28821493.0
1757548800000,0.24535,0.24632,0.24375,0.24584,34075258.0
1757552400000,0.24584,0.24734,0.24535,0.24573,35600149.0
1757556000000,0.24573,0.24694,0.24546,0.24632,24813554.0
1757559600000,0.24631,0.25343,0.24631,0.2523,209877579.0
1757563200000,0.25231,0.25323,0.25138,0.25251,85117904.0
1757566800000,0.25251,0.2528,0.24932,0.25001,80225209.0
1757570400000,0.25001,0.25156,0.2495,0.25047,41318751.0
1757574000000,0.25048,0.25052,0.24823,0.24969,57240676.0
1757577600000,0.24969,0.25007,0.24875,0.24987,30380349.0
1757581200000,0.24987,0.25011,0.24883,0.24974,26400349.0
1757584800000,0.24973,0.25144,0.24945,0.251,37956137.0
1757588400000,0.251,0.25182,0.25004,0.25086,59070951.0
1757592000000,0.25087,0.25475,0.24228,0.24799,339431355.0
1757595600000,0.24799,0.251,0.24527,0.251,148494463.0
1757599200000,0.251,0.25103,0.24753,0.24956,77886355.0
1757602800000,0.24956,0.2496,0.24615,0.24692,66894461.0
1757606400000,0.24691,0.24998,0.24689,0.2497,58286505.0
1757610000000,0.2497,0.25078,0.24911,0.24992,43557453.0
1757613600000,0.24991,0.25164,0.24955,0.25123,37751753.0
1757617200000,0.25123,0.25282,0.2507,0.25217,45287048.0
1757620800000,0.25218,0.25224,0.25011,0.25034,22561538.0
1757624400000,0.25034,0.25312,0.25015,0.25272,32866111.0
1757628000000,0.25271,0.25666,0.25245,0.25539,125050438.0
1757631600000,0.25538,0.25699,0.25534,0.25603,40650519.0
1757635200000,0.25604,0.26463,0.25481,0.26179,193449561.0
1757638800000,0.26179,0.26359,0.25883,0.25906,106543668.0
1757642400000,0.25906,0.26185,0.25902,0.26166,60703386.0
1757646000000,0.26166,0.26182,0.25959,0.26099,55198161.0
1757649600000,0.26098,0.26222,0.25994,0.26138,49215366.0
1757653200000,0.26137,0.26401,0.26093,0.26335,95685447.0
1757656800000,0.26334,0.26336,0.26055,0.26098,59142669.0
1757660400000,0.26097,0.26194,0.25913,0.26015,44093737.0
1757664000000,0.26015,0.26079,0.25853,0.25979,69483093.0
1757667600000,0.25979,0.26098,0.25912,0.2602,37641667.0
1757671200000,0.2602,0.261,0.2591,0.26028,44460889.0
1757674800000,0.26027,0.26174,0.2597,0.25989,51871489.0
1757678400000,0.2599,0.26303,0.25788,0.26262,83655934.0
1757682000000,0.26263,0.26296,0.2611,0.26183,88254070.0
1757685600000,0.26182,0.2658,0.26127,0.26402,148841533.0
1757689200000,0.26401,0.2672,0.26304,0.26641,88676781.0
1757692800000,0.2664,0.27294,0.265,0.27084,220499691.0
1757696400000,0.27085,0.2731,0.26935,0.27003,119688848.0
1757700000000,0.27004,0.272,0.2695,0.27136,51669241.0
1757703600000,0.27136,0.27229,0.27003,0.27157,52422693.0
1757707200000,0.27157,0.27397,0.27078,0.27204,76839200.0
1757710800000,0.27204,0.27238,0.27,0.27185,58434916.0
1757714400000,0.27186,0.2786,0.27185,0.27785,144847127.0
1757718000000,0.27785,0.27789,0.27491,0.2755,81358874.0
1757721600000,0.2755,0.2781,0.27266,0.27726,123270176.0
1757725200000,0.27725,0.2828,0.277,0.27718,213482798.0
1757728800000,0.27718,0.279,0.27536,0.27813,61304523.0
1757732400000,0.27812,0.2807,0.2779,0.28029,58377129.0
1757736000000,0.28029,0.28578,0.27989,0.28435,160542189.0
1757739600000,0.28435,0.2846,0.28098,0.28251,101146584.0
1757743200000,0.28251,0.2854,0.28243,0.28382,97605645.0
1757746800000,0.28383,0.2845,0.2822,0.28316,64853240.0
1757750400000,0.28315,0.2864,0.28252,0.28636,109711830.0
1757754000000,0.28637,0.29947,0.2857,0.29859,416874264.0
1757757600000,0.29858,0.29858,0.29155,0.29391,277898846.0
1757761200000,0.29392,0.29677,0.29171,0.29626,122771536.0
1757764800000,0.29627,0.29638,0.29238,0.29574,120953833.0
1757768400000,0.29574,0.30684,0.29165,0.29704,475640523.0
1757772000000,0.29704,0.30019,0.2926,0.29692,216191161.0
1757775600000,0.29692,0.30488,0.29443,0.29699,264743039.0
1757779200000,0.29699,0.30097,0.29274,0.29333,261416527.0
1757782800000,0.29332,0.29382,0.28104,0.28708,417071700.0
1757786400000,0.28707,0.2879,0.28394,0.28702,108130535.0
1757790000000,0.28702,0.28724,0.28477,0.2861,58518187.0
1757793600000,0.2861,0.2893,0.2858,0.28851,75863384.0
1757797200000,0.28851,0.29235,0.28839,0.28926,109710920.0
1757800800000,0.28927,0.28967,0.28706,0.28836,39950511.0
1757804400000,0.28836,0.29114,0.28813,0.28938,59563119.0
1757808000000,0.28937,0.29061,0.28501,0.28608,107223201.0
1757811600000,0.28607,0.28976,0.2815,0.28936,174406576.0
1757815200000,0.28936,0.2951,0.28891,0.29252,172263224.0
1757818800000,0.29252,0.29273,0.28521,0.28635,117006146.0
1757822400000,0.28636,0.28774,0.28356,0.28665,136698028.0
1757826000000,0.28666,0.28946,0.28596,0.28932,53099495.0
1757829600000,0.28931,0.29114,0.28813,0.29074,48136579.0
1757833200000,0.29075,0.2925,0.28898,0.29172,83665942.0
1757836800000,0.29173,0.29235,0.2901,0.29098,65281284.0
1757840400000,0.29099,0.29336,0.29027,0.29108,71854180.0
1757844000000,0.29109,0.29162,0.28862,0.28984,72561408.0
1757847600000,0.28985,0.29014,0.28484,0.28551,102550111.0
1757851200000,0.28551,0.28715,0.28251,0.285,76297334.0
1757854800000,0.285,0.28565,0.28024,0.28224,128484749.0
1757858400000,0.28223,0.28465,0.27415,0.27678,324812465.0
1757862000000,0.27678,0.27738,0.2727,0.27381,167761283.0
1757865600000,0.27381,0.27719,0.27275,0.27618,131755360.0
1757869200000,0.27618,0.28338,0.27489,0.28163,133157451.0
1757872800000,0.28162,0.28201,0.27724,0.27798,54886625.0
1757876400000,0.27798,0.27981,0.27676,0.27787,44135445.0
1757880000000,0.27787,0.27964,0.27739,0.27905,22026002.0
1757883600000,0.27906,0.28291,0.27703,0.28138,59885435.0
1757887200000,0.28138,0.28263,0.27881,0.28108,36922466.0
1757890800000,0.28108,0.28126,0.27731,0.27796,43363404.0
1757894400000,0.27795,0.28082,0.27762,0.2781,65048453.0
1757898000000,0.27809,0.28051,0.27425,0.27892,103458694.0
1757901600000,0.27892,0.28145,0.27757,0.27794,69107630.0
1757905200000,0.27795,0.28064,0.27771,0.28014,41491782.0
1757908800000,0.28014,0.28205,0.27907,0.28019,64643596.0
1757912400000,0.28018,0.28187,0.2793,0.28158,54276514.0
1757916000000,0.28158,0.28175,0.2737,0.27502,112395993.0
1757919600000,0.27501,0.27668,0.2671,0.26828,280464480.0
1757923200000,0.26828,0.26833,0.25862,0.25976,565043240.0
1757926800000,0.25976,0.26378,0.25894,0.26343,172757319.0
1757930400000,0.26342,0.26467,0.2614,0.26419,88819764.0
1757934000000,0.2642,0.26585,0.26347,0.26528,90730123.0
1757937600000,0.26529,0.26554,0.26175,0.26238,85280181.0
1757941200000,0.26238,0.26513,0.26163,0.26354,112128939.0
1757944800000,0.26354,0.26478,0.2611,0.26257,91879106.0
1757948400000,0.26257,0.26463,0.26178,0.26418,77882872.0
1757952000000,0.26419,0.26687,0.26212,0.26327,77359478.0
1757955600000,0.26327,0.26641,0.26292,0.26623,90035294.0
1757959200000,0.26623,0.2663,0.26398,0.26457,40830369.0
1757962800000,0.26456,0.26651,0.26287,0.26412,61377520.0
1757966400000,0.26412,0.26744,0.2634,0.26743,51558616.0
1757970000000,0.26744,0.26943,0.26572,0.26847,50903500.0
1757973600000,0.26848,0.269,0.26596,0.26722,31445014.0
1757977200000,0.26721,0.269,0.26656,0.26831,37230957.0
1757980800000,0.2683,0.26833,0.26558,0.26696,58287011.0
1757984400000,0.26696,0.27014,0.26675,0.26777,68547167.0
1757988000000,0.26778,0.26938,0.26583,0.2661,53976871.0
1757991600000,0.26611,0.26855,0.26604,0.26719,36874818.0
1757995200000,0.2672,0.26745,0.26225,0.26524,94748390.0
1757998800000,0.26523,0.26855,0.26457,0.26804,56322194.0
1758002400000,0.26805,0.2696,0.26403,0.26631,88144498.0
1758006000000,0.26632,0.26818,0.26618,0.26771,34655731.0
1758009600000,0.26771,0.26965,0.26632,0.26733,63512143.0
1758013200000,0.26733,0.2675,0.26527,0.26586,58292964.0
1758016800000,0.26587,0.266,0.26346,0.26369,55549031.0
1758020400000,0.26368,0.26571,0.26357,0.26459,39703060.0
1758024000000,0.26459,0.26656,0.264,0.2662,72244371.0
1758027600000,0.2662,0.26704,0.25867,0.26209,176477214.0
1758031200000,0.26208,0.2623,0.257,0.26184,192325410.0
1758034800000,0.26185,0.26656,0.26004,0.26625,126938758.0
1758038400000,0.26625,0.26783,0.26443,0.26528,90223658.0
1758042000000,0.26528,0.2698,0.26511,0.26663,121143387.0
1758045600000,0.26662,0.26861,0.2662,0.26782,63306935.0
1758049200000,0.26781,0.26909,0.26701,0.26839,34846068.0
1758052800000,0.2684,0.2688,0.26731,0.26809,36422621.0
1758056400000,0.2681,0.26962,0.26768,0.2694,32440869.0
1758060000000,0.26941,0.27204,0.26873,0.27079,139891563.0
1758063600000,0.27078,0.27106,0.2692,0.26995,55020434.0
1758067200000,0.26994,0.27134,0.26825,0.26983,51824389.0
1758070800000,0.26984,0.27046,0.26774,0.26869,39247448.0
1758074400000,0.26869,0.27007,0.26748,0.26841,50462309.0
1758078000000,0.26841,0.26949,0.26618,0.26666,63354508.0
1758081600000,0.26666,0.26767,0.26384,0.26495,51400466.0
1758085200000,0.26494,0.2673,0.26415,0.26707,47755169.0
1758088800000,0.26706,0.26937,0.26654,0.2691,65233359.0
1758092400000,0.2691,0.27008,0.26827,0.26851,43306029.0
1758096000000,0.26851,0.26868,0.26584,0.26711,38114611.0
1758099600000,0.2671,0.26839,0.26616,0.2666,28347013.0
1758103200000,0.2666,0.26743,0.26448,0.26505,51058407.0
1758106800000,0.26505,0.26613,0.26474,0.26539,22903765.0
1758110400000,0.2654,0.26752,0.26456,0.26676,37913819.0
1758114000000,0.26676,0.26795,0.2648,0.26664,51161547.0
1758117600000,0.26665,0.26725,0.2624,0.26455,76859158.0
1758121200000,0.26455,0.2665,0.26439,0.26539,37018069.0
1758124800000,0.26539,0.26712,0.26309,0.26693,45336811.0
1758128400000,0.26694,0.2721,0.26136,0.26148,141571021.0
1758132000000,0.26175,0.27037,0.26045,0.26357,386772320.0
1758135600000,0.26357,0.27448,0.26341,0.27272,174605439.0
1758139200000,0.27271,0.27489,0.26885,0.26948,109340667.0
1758142800000,0.26948,0.27463,0.26696,0.27462,66708400.0
1758146400000,0.27462,0.28345,0.2746,0.28148,201796096.0
1758150000000,0.28148,0.28384,0.2798,0.28256,127780649.0
1758153600000,0.28257,0.28582,0.28112,0.28167,186697184.0
1758157200000,0.28166,0.28325,0.28064,0.28159,73107325.0
1758160800000,0.28159,0.28172,0.27828,0.28132,82375179.0
1758164400000,0.28132,0.28347,0.28085,0.283,83603474.0
1758168000000,0.283,0.28349,0.28122,0.28226,42221860.0
1758171600000,0.28226,0.28228,0.27921,0.27976,44661019.0
1758175200000,0.27976,0.28022,0.27635,0.27863,108918720.0
1758178800000,0.27863,0.2804,0.27831,0.27985,39693723.0
1758182400000,0.27985,0.28211,0.27908,0.2818,62752298.0
1758186000000,0.28179,0.28198,0.28011,0.28126,40627604.0
1758189600000,0.28125,0.28153,0.27827,0.27878,60613130.0
1758193200000,0.27879,0.28071,0.27868,0.27957,43133150.0
1758196800000,0.27957,0.28235,0.27867,0.28109,55820377.0
1758200400000,0.28109,0.28444,0.2796,0.28112,122242909.0
1758204000000,0.28112,0.28296,0.28018,0.28164,83116225.0
1758207600000,0.28165,0.2878,0.28093,0.28662,129397277.0
1758211200000,0.28662,0.28879,0.28448,0.28478,126014970.0
1758214800000,0.28477,0.28602,0.28276,0.28378,70058987.0
1758218400000,0.28379,0.28609,0.28273,0.28477,41543464.0
1758222000000,0.28476,0.28481,0.28087,0.28194,44782584.0
1758225600000,0.28195,0.28262,0.28098,0.281,23103529.0
1758229200000,0.28101,0.28193,0.28,0.2809,27745953.0
1758232800000,0.2809,0.28119,0.27768,0.27779,84305481.0
1758236400000,0.27778,0.27894,0.27559,0.27857,74735273.0
1758240000000,0.27856,0.28277,0.27841,0.28273,59599233.0
1758243600000,0.28273,0.28492,0.27974,0.28098,73687559.0
1758247200000,0.28099,0.28155,0.27875,0.27902,40551522.0
1758250800000,0.27901,0.28026,0.27642,0.2769,77895860.0
1758254400000,0.27689,0.27732,0.27351,0.27718,107139743.0
1758258000000,0.27719,0.27726,0.27444,0.27625,30976236.0
1758261600000,0.27624,0.27632,0.27341,0.27407,74451657.0
1758265200000,0.27407,0.27602,0.27328,0.27516,58503925.0
1758268800000,0.27515,0.27691,0.27501,0.27528,26340079.0
1758272400000,0.27527,0.27622,0.27243,0.27355,53189020.0
1758276000000,0.27355,0.27397,0.27234,0.27365,37174582.0
1758279600000,0.27364,0.27374,0.27023,0.27123,96122856.0
1758283200000,0.27123,0.27231,0.2698,0.27076,69871546.0
1758286800000,0.27075,0.27234,0.26981,0.27177,47343777.0
1758290400000,0.27177,0.27266,0.26821,0.2689,82964056.0
1758294000000,0.26891,0.26917,0.26424,0.2666,207429116.0
1758297600000,0.26661,0.26837,0.26626,0.26811,40958565.0
1758301200000,0.26811,0.2682,0.2648,0.26512,53958009.0
1758304800000,0.26512,0.26617,0.26312,0.26541,49283763.0
1758308400000,0.26541,0.26643,0.26482,0.26483,37588598.0
1758312000000,0.26483,0.26682,0.26476,0.26581,26938559.0
1758315600000,0.26581,0.26715,0.26492,0.26713,26435123.0
1758319200000,0.26713,0.26742,0.26654,0.26682,20774236.0
1758322800000,0.26682,0.26691,0.26324,0.26527,37250552.0
1758326400000,0.26526,0.26741,0.26478,0.2673,38445421.0
1758330000000,0.26731,0.26731,0.26496,0.26519,29927842.0
1758333600000,0.26519,0.26538,0.263,0.26526,65277485.0
1758337200000,0.26526,0.2654,0.26399,0.265,23080589.0
1758340800000,0.265,0.26601,0.26423,0.2656,27003795.0
1758344400000,0.2656,0.26696,0.26505,0.26693,31251168.0
1758348000000,0.26692,0.26692,0.26577,0.26617,30329179.0
1758351600000,0.26616,0.26664,0.26519,0.26658,26173416.0
1758355200000,0.26659,0.26659,0.26409,0.26421,24253457.0
1758358800000,0.26422,0.26491,0.26324,0.26397,32122965.0
1758362400000,0.26398,0.26493,0.2637,0.26377,13189331.0
1758366000000,0.26377,0.26537,0.26359,0.26517,17063025.0
1758369600000,0.26516,0.26543,0.2642,0.26483,12544393.0
1758373200000,0.26484,0.26681,0.26451,0.26566,49814723.0
1758376800000,0.26565,0.26676,0.26427,0.26655,43393827.0
1758380400000,0.26655,0.26947,0.26655,0.26884,94288923.0
1758384000000,0.26883,0.26919,0.26676,0.26841,35101084.0
1758387600000,0.2684,0.26864,0.26652,0.26773,27219178.0
1758391200000,0.26773,0.26773,0.26583,0.26615,18673074.0
1758394800000,0.26616,0.26696,0.26547,0.26621,15346316.0
1758398400000,0.2662,0.26722,0.26597,0.26708,13105393.0
1758402000000,0.26709,0.26866,0.26707,0.26797,16172908.0
1758405600000,0.26797,0.26894,0.26733,0.26822,15522395.0
1758409200000,0.26822,0.26828,0.26673,0.26759,11512969.0
1758412800000,0.26758,0.26899,0.26688,0.26859,20136494.0
1758416400000,0.26859,0.26919,0.26699,0.26758,44808428.0
1758420000000,0.26757,0.26885,0.26727,0.26845,28680310.0
1758423600000,0.26844,0.26965,0.26789,0.26956,20313336.0
1758427200000,0.26956,0.26965,0.26808,0.26853,18343356.0
1758430800000,0.26854,0.26897,0.26771,0.26877,19012415.0
1758434400000,0.26878,0.26955,0.26848,0.26871,27439355.0
1758438000000,0.2687,0.26886,0.2679,0.26821,16538619.0
1758441600000,0.2682,0.26844,0.2661,0.2666,26094380.0
1758445200000,0.2666,0.26684,0.26353,0.2663,53821969.0
1758448800000,0.26631,0.26728,0.26538,0.26553,25900410.0
1758452400000,0.26553,0.26672,0.26517,0.26572,19408118.0
1758456000000,0.26572,0.26788,0.2656,0.2666,22611322.0
1758459600000,0.26661,0.26764,0.26644,0.26743,14816846.0
1758463200000,0.26742,0.26796,0.26634,0.26656,18701202.0
1758466800000,0.26656,0.26726,0.26543,0.26561,22187044.0
1758470400000,0.26561,0.26604,0.2617,0.26314,87284671.0
1758474000000,0.26314,0.2639,0.2606,0.26381,71569708.0
1758477600000,0.26382,0.26444,0.26283,0.26423,37436673.0
1758481200000,0.26424,0.26432,0.26225,0.26347,14560436.0
1758484800000,0.26347,0.26374,0.26161,0.26205,20550289.0
1758488400000,0.26206,0.26283,0.26142,0.26221,12707034.0
1758492000000,0.26222,0.2631,0.26031,0.26292,33455075.0
1758495600000,0.26291,0.26297,0.26044,0.26074,33667259.0
1758499200000,0.26074,0.26239,0.24791,0.24995,470387494.0
1758502800000,0.24994,0.2515,0.24881,0.24981,145951333.0
1758506400000,0.24981,0.25092,0.24528,0.24694,227140808.0
1758510000000,0.24695,0.24892,0.24646,0.24877,81551809.0
1758513600000,0.24877,0.24974,0.24814,0.24899,71587831.0
1758517200000,0.24899,0.2494,0.24357,0.24394,117147473.0
1758520800000,0.2439,0.24438,0.23067,0.2403,606905812.0
1758524400000,0.24031,0.24044,0.2375,0.23772,138883073.0
1758528000000,0.23773,0.24068,0.23633,0.23957,154295886.0
1758531600000,0.23958,0.23984,0.23675,0.23761,125735362.0
1758535200000,0.2376,0.23997,0.23676,0.23976,63039681.0
1758538800000,0.23975,0.23999,0.2386,0.23917,67415045.0
1758542400000,0.23917,0.24095,0.23831,0.24026,58334904.0
1758546000000,0.24027,0.24277,0.23932,0.24185,126245650.0
1758549600000,0.24184,0.24324,0.24003,0.24047,106764086.0
1758553200000,0.24046,0.24106,0.23829,0.23953,76202910.0
1758556800000,0.23953,0.24152,0.23873,0.23943,62027858.0
1758560400000,0.23944,0.23989,0.23781,0.23925,64241326.0
1758564000000,0.23925,0.23961,0.2376,0.23766,36060306.0
1758567600000,0.23766,0.23828,0.23556,0.2363,61402245.0
1758571200000,0.23629,0.23888,0.23596,0.2385,32247739.0
1758574800000,0.2385,0.24151,0.2376,0.24151,45890200.0
1758578400000,0.2415,0.2415,0.2397,0.2399,25441674.0
1758582000000,0.23989,0.24168,0.23973,0.24122,16739119.0
1758585600000,0.24123,0.24299,0.24047,0.24068,61916393.0
1758589200000,0.24068,0.24081,0.23791,0.23798,38339636.0
1758592800000,0.23798,0.23939,0.23611,0.23643,89397021.0
1758596400000,0.23643,0.24219,0.23402,0.24035,147117451.0
1758600000000,0.24035,0.24114,0.23821,0.24013,43807850.0
1758603600000,0.24013,0.2414,0.23852,0.23992,51590553.0
1758607200000,0.23993,0.24343,0.23951,0.24261,130943088.0
1758610800000,0.2426,0.24268,0.24132,0.2415,50389245.0
1758614400000,0.24151,0.24228,0.24083,0.24192,47704602.0
1758618000000,0.24192,0.24296,0.23976,0.24055,49004728.0
1758621600000,0.24055,0.24114,0.24017,0.2409,21735768.0
1758625200000,0.24091,0.24104,0.23921,0.24085,30658319.0
1758628800000,0.24085,0.24206,0.24011,0.24079,67400564.0
1758632400000,0.2408,0.24142,0.23867,0.23965,67006987.0
1758636000000,0.23966,0.24174,0.23807,0.23877,79096168.0
1758639600000,0.23876,0.2416,0.23801,0.24068,57733846.0
1758643200000,0.24068,0.24389,0.23868,0.24268,107423939.0
1758646800000,0.24267,0.24304,0.23774,0.2385,59499433.0
1758650400000,0.2385,0.23961,0.23668,0.23752,48940239.0
1758654000000,0.23752,0.23997,0.23705,0.23792,46896669.0
1758657600000,0.23791,0.23936,0.23636,0.23932,33595254.0
1758661200000,0.23932,0.24145,0.23827,0.2404,45733378.0
1758664800000,0.2404,0.24075,0.23896,0.23936,21389283.0
1758668400000,0.23936,0.23982,0.23664,0.23709,31206190.0
1758672000000,0.23709,0.23994,0.23683,0.23845,33745770.0
1758675600000,0.23845,0.24058,0.23767,0.24025,32207377.0
1758679200000,0.24025,0.24041,0.23717,0.23862,79270699.0
1758682800000,0.23862,0.23909,0.23365,0.23449,116529965.0
1758686400000,0.23448,0.23756,0.23098,0.23622,274121432.0
1758690000000,0.23622,0.23975,0.23607,0.23897,45148860.0
1758693600000,0.23897,0.23945,0.23775,0.2388,78494524.0
1758697200000,0.2388,0.23957,0.238,0.23955,28656031.0
1758700800000,0.23955,0.24209,0.23895,0.24087,113555575.0
1758704400000,0.24088,0.242,0.24034,0.2418,35442997.0
1758708000000,0.24181,0.24259,0.24126,0.24204,32707970.0
1758711600000,0.24204,0.24369,0.24176,0.2431,50468281.0
1758715200000,0.24309,0.24368,0.24241,0.24286,38312869.0
1758718800000,0.24286,0.24565,0.24268,0.24348,83850814.0
1758722400000,0.24348,0.25057,0.24337,0.24878,147502652.0
1758726000000,0.24878,0.24926,0.24523,0.24557,106636164.0
1758729600000,0.24558,0.24642,0.24447,0.24474,55561769.0
1758733200000,0.24474,0.24648,0.2446,0.24543,48796656.0
1758736800000,0.24544,0.24555,0.24376,0.24454,29803463.0
1758740400000,0.24453,0.24496,0.24192,0.24352,120703054.0
1758744000000,0.24352,0.24396,0.24184,0.24329,27271997.0
1758747600000,0.24328,0.24394,0.24068,0.24115,33440055.0
1758751200000,0.24115,0.24235,0.24074,0.24098,43720135.0
1758754800000,0.24097,0.24174,0.24035,0.24107,29789261.0
1758758400000,0.24107,0.24197,0.23865,0.23946,64757263.0
1758762000000,0.23946,0.24021,0.23691,0.23755,74857184.0
1758765600000,0.23755,0.24039,0.23621,0.23908,66070838.0
1758769200000,0.23907,0.23909,0.23381,0.23616,113198330.0
1758772800000,0.23615,0.23661,0.23184,0.23338,140051302.0
1758776400000,0.23337,0.23585,0.2323,0.2349,50757615.0
1758780000000,0.23489,0.23502,0.23301,0.23338,41825942.0
1758783600000,0.23339,0.23471,0.23299,0.23328,46105039.0
1758787200000,0.23328,0.23485,0.23248,0.23324,46180618.0
1758790800000,0.23324,0.23474,0.232,0.23217,49463561.0
1758794400000,0.23217,0.23392,0.23148,0.23165,28503363.0
1758798000000,0.23165,0.2325,0.23026,0.23128,65032161.0
1758801600000,0.23128,0.2322,0.22578,0.22959,223350402.0
1758805200000,0.22958,0.23249,0.22791,0.23123,168412750.0
1758808800000,0.23124,0.23479,0.23104,0.23186,93341189.0
1758812400000,0.23186,0.23214,0.22976,0.23109,82955722.0
1758816000000,0.23109,0.23179,0.22673,0.22728,93784827.0
1758819600000,0.22728,0.22739,0.22046,0.22141,279249225.0
1758823200000,0.22142,0.22777,0.22069,0.22764,198352441.0
1758826800000,0.22764,0.22921,0.22589,0.22646,61338712.0
1758830400000,0.22647,0.22683,0.22388,0.22441,63627759.0
1758834000000,0.22441,0.22635,0.22307,0.22499,43755191.0
1758837600000,0.22498,0.2265,0.22306,0.22395,45028625.0
1758841200000,0.22395,0.22534,0.22087,0.22292,101106642.0
1758844800000,0.22292,0.22658,0.22268,0.22607,98767168.0
1758848400000,0.22607,0.22773,0.22518,0.22636,72505304.0
1758852000000,0.22635,0.22767,0.22523,0.22603,39732533.0
1758855600000,0.22603,0.22737,0.22513,0.22718,30924603.0
1758859200000,0.22718,0.2277,0.22569,0.22636,26289702.0
1758862800000,0.22636,0.22793,0.22544,0.22596,34751422.0
1758866400000,0.22596,0.22802,0.22471,0.22656,74855353.0
1758870000000,0.22656,0.22764,0.2248,0.22703,43947571.0
1758873600000,0.22702,0.22797,0.226,0.22645,58524693.0
1758877200000,0.22645,0.22706,0.22436,0.22543,49649329.0
1758880800000,0.22544,0.22557,0.22219,0.22291,99238215.0
1758884400000,0.2229,0.22547,0.22134,0.22452,67339059.0
1758888000000,0.22452,0.22809,0.22171,0.22648,180258319.0
1758891600000,0.22648,0.22804,0.22429,0.22748,98473682.0
1758895200000,0.22748,0.2279,0.22431,0.22531,51704789.0
1758898800000,0.22532,0.22795,0.2251,0.22726,53152442.0
1758902400000,0.22727,0.22999,0.2271,0.22945,72533674.0
1758906000000,0.22944,0.23194,0.2286,0.2316,72434085.0
1758909600000,0.2316,0.23331,0.23127,0.23245,46582197.0
1758913200000,0.23245,0.23282,0.22983,0.23091,68816842.0
1758916800000,0.23091,0.23168,0.23022,0.23054,20160798.0
1758920400000,0.23054,0.23159,0.22987,0.23109,25237244.0
1758924000000,0.2311,0.23235,0.23081,0.23147,22671931.0
1758927600000,0.23147,0.23262,0.23095,0.23244,17653110.0
1758931200000,0.23244,0.23333,0.23178,0.23293,29814714.0
1758934800000,0.23293,0.23319,0.23126,0.23221,22754931.0
1758938400000,0.23221,0.23306,0.23181,0.23246,18448418.0
1758942000000,0.23246,0.23431,0.23237,0.23357,33741668.0
1758945600000,0.23357,0.23399,0.23294,0.23332,22283749.0
1758949200000,0.23331,0.23331,0.23194,0.23277,24467294.0
1758952800000,0.23276,0.23283,0.23103,0.2317,24113168.0
1758956400000,0.2317,0.23204,0.23058,0.2311,19556917.0
1758960000000,0.2311,0.2311,0.22932,0.22956,52036124.0
1758963600000,0.22956,0.23002,0.22849,0.22984,60617555.0
1758967200000,0.22985,0.23078,0.22912,0.23019,32808379.0
1758970800000,0.23019,0.23053,0.22988,0.23003,9995993.0
1758974400000,0.23004,0.2309,0.22934,0.2307,25331175.0
1758978000000,0.23069,0.2308,0.23008,0.23044,14381535.0
1758981600000,0.23043,0.23071,0.22919,0.22921,17612815.0
1758985200000,0.22921,0.23035,0.22795,0.2302,42584146.0
1758988800000,0.23021,0.23054,0.22921,0.22943,25513686.0
1758992400000,0.22943,0.22946,0.2278,0.22901,25886851.0
1758996000000,0.229,0.22936,0.22844,0.22936,6864728.0
1758999600000,0.22937,0.23003,0.22904,0.22979,7196354.0
1759003200000,0.2298,0.23011,0.22938,0.22967,5572678.0
1759006800000,0.22967,0.23061,0.2295,0.23049,7702350.0
1759010400000,0.23049,0.23252,0.23048,0.23143,23483019.0
1759014000000,0.23143,0.23203,0.23052,0.23077,13896338.0
1759017600000,0.23077,0.23096,0.22929,0.22947,23515285.0
1759021200000,0.22947,0.22958,0.22765,0.22766,27156682.0
1759024800000,0.22765,0.22906,0.22756,0.22859,18604643.0
1759028400000,0.22859,0.22908,0.2281,0.22855,9693256.0
1759032000000,0.22854,0.22888,0.22816,0.22876,7868256.0
1759035600000,0.22877,0.22925,0.2281,0.22826,13147095.0
1759039200000,0.22826,0.22876,0.22722,0.22849,20153489.0
1759042800000,0.22848,0.22935,0.22794,0.2292,11859397.0
1759046400000,0.22921,0.22929,0.22666,0.22705,49078508.0
1759050000000,0.22704,0.22745,0.22581,0.22651,26832623.0
1759053600000,0.22651,0.22678,0.22561,0.22658,17292343.0
1759057200000,0.22657,0.22663,0.22556,0.22646,21356573.0
1759060800000,0.22646,0.22655,0.225,0.2259,33836640.0
1759064400000,0.2259,0.22865,0.22572,0.22837,36316305.0
1759068000000,0.22837,0.2294,0.22776,0.22912,21165390.0
1759071600000,0.22912,0.2299,0.22891,0.22983,20104603.0
1759075200000,0.22983,0.23153,0.22935,0.23034,38437895.0
1759078800000,0.23034,0.23185,0.23025,0.2312,36913275.0
1759082400000,0.2312,0.23184,0.23076,0.23183,12324362.0
1759086000000,0.23184,0.23199,0.23097,0.23186,20447134.0
1759089600000,0.23187,0.23385,0.2316,0.23296,38189226.0
1759093200000,0.23296,0.23392,0.23267,0.23332,19076921.0
1759096800000,0.23333,0.23708,0.23333,0.23614,83129061.0
1759100400000,0.23615,0.23768,0.23592,0.23735,23716183.0
1759104000000,0.23735,0.23746,0.23527,0.23572,36240042.0
1759107600000,0.23573,0.23621,0.23426,0.23448,29934475.0
1759111200000,0.23448,0.23672,0.23392,0.23586,29724384.0
1759114800000,0.23587,0.23591,0.23486,0.2358,23017864.0
1759118400000,0.23581,0.23588,0.23426,0.23468,18848107.0
1759122000000,0.23468,0.23479,0.23304,0.23395,19998044.0
1759125600000,0.23395,0.23401,0.23194,0.23197,43108592.0
1759129200000,0.23197,0.23279,0.23096,0.23255,30328175.0
1759132800000,0.23255,0.23376,0.23188,0.23271,30888629.0
1759136400000,0.2327,0.23297,0.23115,0.23165,27349955.0
1759140000000,0.23165,0.23198,0.23022,0.2303,27864337.0
1759143600000,0.2303,0.23108,0.22914,0.2309,37574878.0
1759147200000,0.2309,0.2323,0.22904,0.22955,56246977.0
1759150800000,0.22955,0.23473,0.22862,0.23399,144098619.0
1759154400000,0.23399,0.23767,0.23373,0.23678,122950925.0
1759158000000,0.23678,0.23712,0.23332,0.23374,59975779.0
1759161600000,0.23375,0.2351,0.2318,0.23202,36303621.0
1759165200000,0.23201,0.23355,0.23062,0.23327,49473550.0
1759168800000,0.23327,0.23333,0.23213,0.2333,18661988.0
1759172400000,0.23331,0.235,0.23277,0.23465,18416571.0
1759176000000,0.23465,0.23896,0.23453,0.23851,43092105.0
1759179600000,0.23851,0.23883,0.23696,0.23707,24549576.0
1759183200000,0.23706,0.23731,0.23567,0.23634,22025141.0
1759186800000,0.23634,0.23653,0.23468,0.23478,17932318.0
1759190400000,0.23478,0.23592,0.23288,0.23327,62597155.0
1759194000000,0.23327,0.23537,0.23195,0.23326,50478015.0
1759197600000,0.23325,0.23387,0.23263,0.23275,23723280.0
1759201200000,0.23275,0.23371,0.23185,0.2327,25102484.0
1759204800000,0.23271,0.23417,0.23256,0.23264,31352869.0
1759208400000,0.23265,0.23324,0.23131,0.23237,23865916.0
1759212000000,0.23237,0.23378,0.23154,0.23304,21267218.0
1759215600000,0.23304,0.2335,0.23122,0.23204,22472399.0
1759219200000,0.23204,0.23244,0.23077,0.23085,22302775.0
1759222800000,0.23085,0.23127,0.22938,0.22979,35984197.0
1759226400000,0.22979,0.2301,0.229,0.2296,28959497.0
1759230000000,0.22961,0.23046,0.22876,0.23029,27813521.0
1759233600000,0.23029,0.23038,0.2288,0.22895,23539148.0
1759237200000,0.22894,0.23125,0.22855,0.22973,49683890.0
1759240800000,0.22973,0.23012,0.2276,0.22963,49602220.0
1759244400000,0.22963,0.22965,0.2263,0.22801,47265830.0
1759248000000,0.22801,0.22886,0.22737,0.22844,17870229.0
1759251600000,0.22844,0.22986,0.22839,0.2292,27450462.0
1759255200000,0.22921,0.23125,0.22857,0.23096,16286602.0
1759258800000,0.23096,0.23285,0.23017,0.2326,33133139.0
1759262400000,0.23261,0.23399,0.23183,0.23371,25373874.0
1759266000000,0.23371,0.23408,0.23229,0.23236,24571916.0
1759269600000,0.23237,0.23357,0.23127,0.23164,33173633.0
1759273200000,0.23164,0.233,0.23087,0.23293,37148428.0
1759276800000,0.23294,0.23357,0.23124,0.23231,23368663.0
1759280400000,0.23232,0.23394,0.23186,0.23384,27159561.0
1759284000000,0.23384,0.23429,0.23263,0.23278,30529765.0
1759287600000,0.23277,0.23301,0.2307,0.23075,20623882.0
1759291200000,0.23075,0.23357,0.23034,0.23254,25283475.0
1759294800000,0.23255,0.23408,0.23255,0.23326,20916526.0
1759298400000,0.23325,0.23371,0.23209,0.23227,21324097.0
1759302000000,0.23227,0.2339,0.23214,0.23346,14968373.0
1759305600000,0.23345,0.24228,0.2333,0.24227,167002113.0
1759309200000,0.24227,0.24484,0.24092,0.24395,183652012.0
1759312800000,0.24395,0.24449,0.24133,0.24144,59766261.0
1759316400000,0.24145,0.24301,0.24143,0.24281,34504661.0
1759320000000,0.24282,0.24352,0.24198,0.24224,48040789.0
1759323600000,0.24224,0.24502,0.24224,0.24345,77025730.0
1759327200000,0.24344,0.24623,0.24304,0.24403,85765039.0
1759330800000,0.24403,0.24534,0.2428,0.24533,56397259.0
1759334400000,0.24534,0.24639,0.24434,0.24467,60278617.0
1759338000000,0.24466,0.24543,0.24325,0.24331,38576224.0
1759341600000,0.24332,0.24693,0.24332,0.24632,39174330.0
1759345200000,0.24632,0.2474,0.24599,0.2467,27287178.0
1759348800000,0.24671,0.24712,0.2461,0.24641,21433574.0
1759352400000,0.24642,0.24669,0.2448,0.24543,20917919.0
1759356000000,0.24543,0.24697,0.24542,0.24581,19914952.0
1759359600000,0.24582,0.24921,0.24567,0.24906,51299733.0
1759363200000,0.24906,0.2511,0.247,0.24707,87550290.0
1759366800000,0.24707,0.25307,0.2467,0.25271,56726943.0
1759370400000,0.25271,0.25584,0.25104,0.25496,103753277.0
1759374000000,0.25497,0.25566,0.25382,0.25386,43351223.0
1759377600000,0.25385,0.25465,0.25228,0.25328,51982263.0
1759381200000,0.25329,0.25468,0.25294,0.25375,35837076.0
1759384800000,0.25375,0.25715,0.25316,0.257,79781151.0
1759388400000,0.25699,0.25798,0.25525,0.25589,54452315.0
1759392000000,0.2559,0.25769,0.2554,0.25764,33069178.0
1759395600000,0.25763,0.2588,0.25693,0.2582,35547242.0
1759399200000,0.2582,0.2597,0.25668,0.25786,49854464.0
1759402800000,0.25786,0.25862,0.25557,0.25603,35966933.0
1759406400000,0.25604,0.25687,0.25483,0.2568,59089667.0
1759410000000,0.2568,0.25722,0.25261,0.25519,83474127.0
1759413600000,0.25519,0.2555,0.25046,0.2516,85431515.0
1759417200000,0.25161,0.2551,0.25079,0.25495,68144055.0
1759420800000,0.25496,0.2578,0.25421,0.25589,84614220.0
1759424400000,0.25588,0.25712,0.25482,0.25623,38196246.0
1759428000000,0.25622,0.2595,0.25622,0.25883,58721220.0
1759431600000,0.25882,0.2608,0.25839,0.25908,62356558.0
1759435200000,0.25909,0.26082,0.25834,0.26073,36770734.0
1759438800000,0.26074,0.26414,0.25975,0.26181,51383189.0
1759442400000,0.2618,0.26226,0.25959,0.26032,49113975.0
1759446000000,0.26032,0.26231,0.26032,0.262,41424932.0
1759449600000,0.26201,0.26225,0.25917,0.26021,49134869.0
1759453200000,0.26021,0.26175,0.25659,0.25679,87420049.0
1759456800000,0.25678,0.25922,0.25664,0.25911,42950313.0
1759460400000,0.2591,0.26155,0.25881,0.25926,52169155.0
1759464000000,0.25925,0.26146,0.25898,0.26029,44630580.0
1759467600000,0.26029,0.26042,0.25686,0.25739,40801924.0
1759471200000,0.25739,0.25759,0.25447,0.2558,55804115.0
1759474800000,0.25579,0.25612,0.25416,0.25538,51606119.0
1759478400000,0.25539,0.25643,0.25361,0.25634,49549107.0
1759482000000,0.25634,0.2572,0.25528,0.25682,33623596.0
1759485600000,0.25682,0.25738,0.25649,0.25667,19804365.0
1759489200000,0.25667,0.25672,0.25509,0.25574,22156154.0
1759492800000,0.25575,0.25643,0.25485,0.25543,35025911.0
1759496400000,0.25543,0.25793,0.25386,0.25593,51231729.0
1759500000000,0.25593,0.25816,0.25274,0.25706,84544170.0
1759503600000,0.25705,0.26107,0.25605,0.26066,97298946.0
1759507200000,0.26065,0.26534,0.25959,0.25998,172182341.0
1759510800000,0.25997,0.26059,0.25505,0.25634,195066215.0
1759514400000,0.25635,0.26008,0.25517,0.2598,55141933.0
1759518000000,0.2598,0.26123,0.25894,0.25926,40968055.0
1759521600000,0.25926,0.26053,0.25801,0.26,23000101.0
1759525200000,0.26001,0.26041,0.25796,0.25878,26635532.0
1759528800000,0.25878,0.25983,0.25877,0.2591,27269480.0
1759532400000,0.2591,0.25943,0.25807,0.25819,23536556.0
1759536000000,0.25819,0.25979,0.25715,0.25746,55572839.0
1759539600000,0.25746,0.25767,0.25469,0.25536,53738640.0
1759543200000,0.25535,0.25591,0.25336,0.25402,62908450.0
1759546800000,0.25402,0.25422,0.25149,0.25322,95154997.0
1759550400000,0.25322,0.25388,0.25233,0.25308,29161498.0
1759554000000,0.25308,0.25433,0.25282,0.25395,46146318.0
1759557600000,0.25394,0.25557,0.25387,0.25556,32017684.0
1759561200000,0.25556,0.25571,0.25354,0.25401,19949934.0
1759564800000,0.254,0.2543,0.25214,0.25242,38801295.0
1759568400000,0.25241,0.25342,0.25064,0.25085,42994666.0
1759572000000,0.25085,0.25195,0.24915,0.24947,48350727.0
1759575600000,0.24947,0.25016,0.24853,0.24952,54974452.0
1759579200000,0.24952,0.25017,0.24872,0.24916,22867457.0
1759582800000,0.24916,0.25177,0.24897,0.2512,48393174.0
1759586400000,0.25119,0.25268,0.2492,0.24923,31599655.0
1759590000000,0.24923,0.25005,0.24727,0.24773,64853045.0
1759593600000,0.24774,0.24887,0.2467,0.2485,43245827.0
1759597200000,0.24849,0.24956,0.24815,0.24902,18141994.0
1759600800000,0.24902,0.24933,0.2482,0.24847,13327238.0
1759604400000,0.24847,0.24949,0.24847,0.24945,8983981.0
1759608000000,0.24946,0.25048,0.24935,0.24938,18158736.0
1759611600000,0.24938,0.25042,0.24929,0.25009,10287856.0
1759615200000,0.25009,0.25099,0.24951,0.25027,14346355.0
1759618800000,0.25026,0.25126,0.25013,0.25084,11547391.0
1759622400000,0.25085,0.2516,0.24953,0.24969,22347052.0
1759626000000,0.24969,0.25191,0.24961,0.25183,24654709.0
1759629600000,0.25184,0.25698,0.25133,0.25668,101801805.0
1759633200000,0.25668,0.25966,0.25522,0.25833,110895827.0
1759636800000,0.25833,0.26398,0.25696,0.2625,131495350.0
1759640400000,0.2625,0.26364,0.26073,0.26155,70489614.0
1759644000000,0.26156,0.26187,0.26035,0.26067,50901352.0
1759647600000,0.26066,0.26422,0.26062,0.26399,81895868.0
1759651200000,0.26398,0.26471,0.26277,0.26382,64084662.0
1759654800000,0.26381,0.26518,0.26056,0.26104,136820683.0
1759658400000,0.26103,0.26124,0.25744,0.25907,112521749.0
1759662000000,0.25906,0.2597,0.2575,0.25873,56409714.0
1759665600000,0.25873,0.25877,0.25612,0.25659,39218961.0
1759669200000,0.25658,0.25755,0.25529,0.25702,55213219.0
1759672800000,0.25701,0.25805,0.25449,0.25547,54041982.0
1759676400000,0.25547,0.25697,0.25529,0.25636,33619833.0
1759680000000,0.25635,0.25721,0.25392,0.25709,51168326.0
1759683600000,0.2571,0.25793,0.25422,0.25485,77647814.0
1759687200000,0.25485,0.25565,0.25363,0.25506,24116669.0
1759690800000,0.25507,0.2551,0.25071,0.25146,67380875.0
1759694400000,0.25146,0.25303,0.25078,0.25223,27612480.0
1759698000000,0.25222,0.253,0.25143,0.25275,20918448.0
1759701600000,0.25275,0.25352,0.25137,0.2531,21583214.0
1759705200000,0.25309,0.25391,0.2527,0.25284,17315186.0
1759708800000,0.25283,0.25533,0.25104,0.25182,63778990.0
1759712400000,0.25183,0.25508,0.25057,0.25401,52578392.0
1759716000000,0.254,0.25506,0.25151,0.25415,36268177.0
1759719600000,0.25414,0.25469,0.25347,0.25389,18446743.0
1759723200000,0.25389,0.25425,0.25242,0.25268,18848022.0
1759726800000,0.25269,0.25384,0.25214,0.25366,19609284.0
1759730400000,0.25367,0.25843,0.25361,0.25727,61314627.0
1759734000000,0.25727,0.25805,0.25406,0.25507,40453976.0
1759737600000,0.25508,0.25799,0.25508,0.25746,45608756.0
1759741200000,0.25747,0.25916,0.25735,0.25838,43650891.0
1759744800000,0.25837,0.2593,0.25731,0.25909,40445011.0
1759748400000,0.25909,0.26191,0.25806,0.25989,71227449.0
1759752000000,0.25989,0.26151,0.25985,0.26041,49913759.0
1759755600000,0.2604,0.26257,0.25928,0.26213,91660324.0
1759759200000,0.26213,0.26522,0.26099,0.26215,152370981.0
1759762800000,0.26215,0.26837,0.26212,0.26688,174747026.0
1759766400000,0.26688,0.26816,0.26333,0.2653,109092405.0
1759770000000,0.2653,0.27024,0.26471,0.26741,125929103.0
1759773600000,0.2674,0.27044,0.26689,0.2694,62314166.0
1759777200000,0.26941,0.26965,0.26716,0.26842,57258209.0
1759780800000,0.26843,0.26941,0.26722,0.26785,44104606.0
1759784400000,0.26784,0.26903,0.26549,0.26903,52736967.0
1759788000000,0.26904,0.26978,0.26791,0.26888,38386951.0
1759791600000,0.26889,0.26953,0.26588,0.26603,46765436.0
1759795200000,0.26604,0.26715,0.26416,0.26584,61902257.0
1759798800000,0.26583,0.26752,0.26417,0.26513,43259556.0
1759802400000,0.26514,0.26796,0.26482,0.26717,48785006.0
1759806000000,0.26717,0.26819,0.26579,0.26655,28857866.0
1759809600000,0.26656,0.26831,0.26453,0.26723,43094869.0
1759813200000,0.26723,0.26743,0.26544,0.26585,35095667.0
1759816800000,0.26585,0.26613,0.26043,0.26051,98075239.0
1759820400000,0.26051,0.2615,0.25944,0.26033,61311602.0
1759824000000,0.26033,0.26037,0.25747,0.2596,81492830.0
1759827600000,0.25959,0.26082,0.2593,0.26046,53584660.0
1759831200000,0.26045,0.26167,0.25973,0.2615,58243138.0
1759834800000,0.26151,0.26221,0.2606,0.26169,45362000.0
1759838400000,0.26168,0.26472,0.26089,0.26435,58611443.0
1759842000000,0.26434,0.26548,0.25865,0.26103,126367962.0
1759845600000,0.26103,0.26135,0.25438,0.25479,173640060.0
1759849200000,0.25479,0.25567,0.25026,0.2515,244548977.0
1759852800000,0.2515,0.2538,0.24831,0.25248,176772303.0
1759856400000,0.25247,0.25307,0.25036,0.25039,51352826.0
1759860000000,0.25039,0.25122,0.24791,0.24848,74453607.0
1759863600000,0.24847,0.25047,0.2482,0.24928,83571412.0
1759867200000,0.24929,0.25214,0.24913,0.25135,41142965.0
1759870800000,0.25136,0.25196,0.2489,0.2497,35877537.0
1759874400000,0.24971,0.25061,0.24879,0.24981,36093629.0
1759878000000,0.24981,0.24988,0.24622,0.24682,76910351.0
1759881600000,0.24681,0.24967,0.24669,0.24874,65622361.0
1759885200000,0.24873,0.25022,0.24831,0.24977,32374592.0
1759888800000,0.24977,0.25061,0.24885,0.24886,30532099.0
1759892400000,0.24886,0.24886,0.24384,0.24473,101265767.0
1759896000000,0.24474,0.24706,0.24291,0.24692,70123942.0
1759899600000,0.24692,0.24695,0.24416,0.24538,31369741.0
1759903200000,0.24538,0.24633,0.24407,0.24616,40922415.0
1759906800000,0.24616,0.2471,0.24539,0.24663,36910700.0
1759910400000,0.24664,0.24949,0.24659,0.24836,60242230.0
1759914000000,0.24835,0.24908,0.24742,0.24846,28309854.0
1759917600000,0.24845,0.25039,0.24809,0.2501,34557895.0
1759921200000,0.2501,0.25065,0.2487,0.24929,30747989.0
1759924800000,0.2493,0.2526,0.24885,0.25231,56810006.0
1759928400000,0.2523,0.2535,0.24914,0.25289,73251759.0
1759932000000,0.25288,0.25678,0.25147,0.25223,123269440.0
1759935600000,0.25222,0.25543,0.25197,0.25323,51686027.0
1759939200000,0.25323,0.25673,0.25265,0.25666,64730362.0
1759942800000,0.25665,0.2611,0.25663,0.26035,108541036.0
1759946400000,0.26035,0.26082,0.258,0.25856,72843471.0
1759950000000,0.25855,0.25955,0.25722,0.25929,43298659.0
1759953600000,0.25929,0.25994,0.25655,0.25684,36669916.0
1759957200000,0.25684,0.25839,0.25679,0.25771,19566977.0
1759960800000,0.25771,0.25862,0.25665,0.25666,27472722.0
1759964400000,0.25666,0.25673,0.25486,0.25564,35503552.0
1759968000000,0.25565,0.25593,0.25326,0.25386,37466562.0
1759971600000,0.25385,0.25398,0.25104,0.25267,61909910.0
1759975200000,0.25266,0.25279,0.2466,0.24729,89459973.0
1759978800000,0.24728,0.2494,0.24728,0.24914,52854299.0
1759982400000,0.24913,0.25064,0.24843,0.25063,54814415.0
1759986000000,0.25063,0.25096,0.24908,0.24979,36917617.0
1759989600000,0.24978,0.24981,0.24754,0.24776,38695677.0
1759993200000,0.24775,0.24862,0.24649,0.24731,41893823.0
1759996800000,0.24732,0.24766,0.24305,0.24322,136427631.0
1760000400000,0.24322,0.2453,0.24315,0.24487,62884711.0
1760004000000,0.24488,0.24621,0.24399,0.24581,114958168.0
1760007600000,0.2458,0.24806,0.2458,0.24756,49166521.0
1760011200000,0.24756,0.25071,0.24735,0.2496,76989214.0
1760014800000,0.24959,0.24998,0.24505,0.24545,85654646.0
1760018400000,0.24545,0.24736,0.24228,0.24482,127742815.0
1760022000000,0.24483,0.24624,0.24311,0.24475,43988507.0
1760025600000,0.24475,0.24534,0.24099,0.24191,66846711.0
1760029200000,0.2419,0.24662,0.24153,0.24622,69497660.0
1760032800000,0.24621,0.24674,0.24493,0.245,34819067.0
1760036400000,0.24501,0.24717,0.24492,0.24655,28401783.0
1760040000000,0.24655,0.24755,0.24586,0.24752,29219904.0
1760043600000,0.24752,0.24892,0.24698,0.24882,28482687.0
1760047200000,0.24883,0.25037,0.24843,0.24937,28338990.0
1760050800000,0.24937,0.24941,0.24795,0.24849,17971122.0
1760054400000,0.2485,0.24992,0.24779,0.24897,34546166.0
1760058000000,0.24897,0.25007,0.2482,0.24869,25398465.0
1760061600000,0.24869,0.25002,0.24736,0.24858,38838112.0
1760065200000,0.24859,0.25347,0.24717,0.25128,97414017.0
1760068800000,0.25128,0.25296,0.25035,0.25115,53578599.0
1760072400000,0.25115,0.25244,0.24856,0.25198,70116274.0
1760076000000,0.25199,0.25283,0.24901,0.24961,40083530.0
1760079600000,0.2496,0.24972,0.24683,0.24731,55153239.0
1760083200000,0.24732,0.24936,0.24666,0.24914,35225866.0
1760086800000,0.24915,0.2507,0.24794,0.24866,32139964.0
1760090400000,0.24865,0.25118,0.2484,0.25064,36084073.0
1760094000000,0.25064,0.25114,0.24964,0.25075,24928627.0
1760097600000,0.25076,0.25146,0.24958,0.25084,25595183.0
1760101200000,0.25085,0.25403,0.25061,0.25185,87507161.0
1760104800000,0.25185,0.25304,0.2466,0.24702,102904940.0
1760108400000,0.24702,0.24734,0.23602,0.23788,429181454.0
1760112000000,0.23787,0.23968,0.23632,0.23654,160999398.0
1760115600000,0.23653,0.23714,0.23407,0.23492,101989153.0
1760119200000,0.23493,0.23597,0.23351,0.23406,73089294.0
1760122800000,0.23405,0.23468,0.23014,0.23183,172570109.0
1760126400000,0.23183,0.23455,0.21607,0.21904,406770749.0
1760130000000,0.21904,0.22132,0.095,0.18614,1826014741.0
1760133600000,0.18615,0.19509,0.16923,0.19412,1267238858.0
1760137200000,0.19413,0.2,0.18495,0.19349,833183025.0
1760140800000,0.19348,0.1985,0.1889,0.19537,544101248.0
1760144400000,0.19537,0.19567,0.18627,0.18926,351982258.0
1760148000000,0.18927,0.20048,0.189,0.1989,300226375.0
1760151600000,0.19889,0.19987,0.1904,0.19328,300005840.0
1760155200000,0.19328,0.1971,0.19296,0.19666,198051431.0
1760158800000,0.19666,0.19674,0.18994,0.19139,316264098.0
1760162400000,0.19138,0.197,0.19095,0.1921,304876946.0
1760166000000,0.1921,0.19355,0.1881,0.1912,420381898.0
1760169600000,0.1912,0.19605,0.1904,0.19535,208742979.0
1760173200000,0.19534,0.19776,0.19381,0.19409,186143541.0
1760176800000,0.19409,0.19664,0.1927,0.19388,136224621.0
1760180400000,0.19388,0.19448,0.19124,0.19392,131382701.0
1760184000000,0.19392,0.19446,0.18961,0.1911,148869666.0
1760187600000,0.1911,0.192,0.18584,0.19096,219254745.0
1760191200000,0.19097,0.1916,0.18895,0.19066,121898661.0
1760194800000,0.19066,0.19316,0.19057,0.19204,108973282.0
1760198400000,0.19203,0.19419,0.19141,0.19261,82291571.0
1760202000000,0.1926,0.19373,0.19203,0.19359,70253160.0
1760205600000,0.19359,0.19359,0.19206,0.19213,33860035.0
1760209200000,0.19212,0.19212,0.18286,0.18444,229028066.0
1760212800000,0.18443,0.18506,0.18034,0.18167,208811452.0
1760216400000,0.18168,0.18486,0.17816,0.18435,206226926.0
1760220000000,0.18435,0.18622,0.18376,0.18503,87353147.0
1760223600000,0.18503,0.18579,0.1843,0.18527,45574432.0
1760227200000,0.18527,0.18605,0.18189,0.1824,95847754.0
1760230800000,0.18239,0.185,0.1815,0.18182,74285138.0
1760234400000,0.18183,0.18464,0.18072,0.18213,83266446.0
1760238000000,0.18212,0.18675,0.18171,0.18523,88745204.0
1760241600000,0.18523,0.18894,0.1848,0.18798,103008390.0
1760245200000,0.18799,0.18945,0.18715,0.18862,44484022.0
1760248800000,0.18862,0.19118,0.18825,0.19081,57819397.0
1760252400000,0.19081,0.19101,0.18895,0.18984,58209245.0
1760256000000,0.18983,0.19075,0.18876,0.18876,51331270.0
1760259600000,0.18875,0.18982,0.18695,0.18959,71460832.0
1760263200000,0.18959,0.19054,0.18862,0.18885,54116354.0
1760266800000,0.18886,0.19002,0.18846,0.18876,33206982.0
1760270400000,0.18876,0.19067,0.18857,0.18984,58263218.0
1760274000000,0.18984,0.19055,0.18624,0.18692,79512666.0
1760277600000,0.18692,0.19986,0.18682,0.19615,369736889.0
1760281200000,0.19614,0.20676,0.19562,0.20514,531884456.0
1760284800000,0.20514,0.2095,0.20397,0.20666,432741160.0
1760288400000,0.20665,0.20827,0.20526,0.20679,146828129.0
1760292000000,0.20679,0.2092,0.20611,0.20759,105003474.0
1760295600000,0.20759,0.21053,0.20753,0.21019,92735352.0
1760299200000,0.2102,0.21421,0.20926,0.21083,234711768.0
1760302800000,0.21084,0.21145,0.20445,0.20681,240448173.0
1760306400000,0.20682,0.20871,0.20617,0.20752,108146114.0
1760310000000,0.20752,0.20809,0.20577,0.20717,74697726.0
1760313600000,0.20717,0.20882,0.20465,0.20652,150069649.0
1760317200000,0.20651,0.20943,0.20548,0.20932,81400272.0
1760320800000,0.20933,0.20999,0.20642,0.20885,66655258.0
1760324400000,0.20886,0.2097,0.20666,0.20723,50486380.0
1760328000000,0.20724,0.2099,0.20658,0.2095,67965350.0
1760331600000,0.20949,0.20982,0.20726,0.2078,54139820.0
1760335200000,0.2078,0.21138,0.20634,0.21034,95605054.0
1760338800000,0.21035,0.21279,0.20902,0.20991,161138076.0
1760342400000,0.20991,0.21277,0.20932,0.21231,75091803.0
1760346000000,0.2123,0.21262,0.21004,0.21146,69320177.0
1760349600000,0.21146,0.21154,0.2088,0.20992,78663519.0
1760353200000,0.20991,0.21013,0.20188,0.20574,266105838.0
1760356800000,0.20574,0.20785,0.20422,0.20572,123249463.0
1760360400000,0.20572,0.21313,0.20543,0.21124,349195072.0
1760364000000,0.21124,0.21192,0.20517,0.20609,189278160.0
1760367600000,0.20609,0.21137,0.20585,0.21017,126410676.0
1760371200000,0.21017,0.21172,0.20837,0.21079,97139419.0
1760374800000,0.2108,0.21442,0.21016,0.21409,148663544.0
1760378400000,0.21408,0.21606,0.21234,0.21418,159703236.0
1760382000000,0.21418,0.21714,0.21341,0.216,73249190.0
1760385600000,0.216,0.21823,0.21593,0.21812,46954858.0
1760389200000,0.21811,0.2183,0.21529,0.21545,33301869.0
1760392800000,0.21544,0.21603,0.21458,0.21536,44578264.0
1760396400000,0.21536,0.21539,0.21353,0.2138,37498020.0
1760400000000,0.2138,0.21565,0.21316,0.21427,44706218.0
1760403600000,0.21426,0.21438,0.21128,0.2117,67454655.0
1760407200000,0.2117,0.21189,0.20857,0.20887,92928882.0
1760410800000,0.20887,0.20905,0.2066,0.20781,107777810.0
1760414400000,0.2078,0.20834,0.20402,0.20492,112922971.0
1760418000000,0.20492,0.20678,0.20167,0.20339,192961900.0
1760421600000,0.20338,0.20439,0.19486,0.19878,354006038.0
1760425200000,0.19878,0.19998,0.19675,0.19786,204805073.0
1760428800000,0.19787,0.20153,0.19661,0.19974,106512480.0
1760432400000,0.19973,0.20113,0.1988,0.19958,78233825.0
1760436000000,0.19958,0.19959,0.19436,0.19749,159308254.0
1760439600000,0.1975,0.20041,0.19731,0.19905,89200777.0
1760443200000,0.19906,0.19916,0.1957,0.19613,95622424.0
1760446800000,0.19613,0.19916,0.1933,0.19802,178465752.0
1760450400000,0.19802,0.20175,0.19749,0.19895,144063808.0
1760454000000,0.19895,0.20388,0.19781,0.2035,117516080.0
1760457600000,0.2035,0.2071,0.20204,0.20293,177519321.0
1760461200000,0.20294,0.20491,0.19991,0.20337,117422273.0
1760464800000,0.20337,0.20527,0.203,0.20382,46439689.0
1760468400000,0.20382,0.20574,0.20036,0.20309,162624253.0
1760472000000,0.20309,0.2044,0.20198,0.20398,62332340.0
1760475600000,0.20398,0.20423,0.20215,0.20358,27374572.0
1760479200000,0.20359,0.20516,0.20306,0.2038,21320491.0
1760482800000,0.20379,0.20518,0.20371,0.20437,20055861.0
1760486400000,0.20436,0.2049,0.20262,0.20454,43491111.0
1760490000000,0.20454,0.20471,0.20242,0.20409,42574668.0
1760493600000,0.20409,0.20682,0.2039,0.20491,50554979.0
1760497200000,0.20491,0.20518,0.2015,0.2025,56862728.0
1760500800000,0.20251,0.20441,0.20168,0.20407,28036556.0
1760504400000,0.20408,0.20491,0.20284,0.20404,29506859.0
1760508000000,0.20403,0.20486,0.2018,0.20452,42507417.0
1760511600000,0.20452,0.20509,0.20342,0.20471,25278111.0
1760515200000,0.2047,0.20853,0.20447,0.20602,79547721.0
1760518800000,0.20601,0.20601,0.20322,0.20391,53565858.0
1760522400000,0.20391,0.2044,0.20237,0.20282,45073088.0
1760526000000,0.20281,0.20356,0.20069,0.2022,60247789.0
1760529600000,0.20219,0.20284,0.20048,0.20179,59834732.0
1760533200000,0.20179,0.20233,0.197,0.20075,146292068.0
1760536800000,0.20075,0.20328,0.19855,0.2,99984937.0
1760540400000,0.2,0.20099,0.19753,0.19867,109828765.0
1760544000000,0.19868,0.20021,0.19822,0.19891,48047026.0
1760547600000,0.19892,0.19931,0.19623,0.19922,92374032.0
1760551200000,0.19922,0.19959,0.19791,0.19936,25417908.0
1760554800000,0.19935,0.19938,0.19653,0.1972,39145254.0
1760558400000,0.1972,0.19886,0.1942,0.19662,77950294.0
1760562000000,0.19662,0.19778,0.19442,0.19512,43934623.0
1760565600000,0.19511,0.19684,0.1946,0.19517,25020556.0
1760569200000,0.19516,0.19666,0.19482,0.19621,31226268.0
1760572800000,0.19621,0.19684,0.1954,0.19585,34596460.0
1760576400000,0.19584,0.19844,0.19574,0.19807,23163212.0
1760580000000,0.19808,0.1991,0.1966,0.19798,55888089.0
1760583600000,0.19799,0.19824,0.19628,0.19644,33477258.0
1760587200000,0.19643,0.19775,0.19552,0.19583,25772999.0
1760590800000,0.19584,0.19758,0.19501,0.19598,38059655.0
1760594400000,0.19598,0.20077,0.1959,0.1989,134311440.0
1760598000000,0.19891,0.19915,0.1967,0.19744,49073372.0
1760601600000,0.19743,0.19777,0.19552,0.19633,26431673.0
1760605200000,0.19633,0.19912,0.19015,0.19815,237499349.0
1760608800000,0.19814,0.20062,0.19777,0.19939,53313608.0
1760612400000,0.19939,0.20038,0.19795,0.20034,33298943.0
1760616000000,0.20034,0.2015,0.19951,0.20003,71127957.0
1760619600000,0.20003,0.20035,0.19729,0.198,55755146.0
1760623200000,0.198,0.19826,0.1937,0.19513,143838131.0
1760626800000,0.19514,0.19609,0.18784,0.18942,178454149.0
1760630400000,0.18942,0.19484,0.1875,0.19481,188254731.0
1760634000000,0.1948,0.1948,0.19066,0.19127,88609903.0
1760637600000,0.19127,0.19142,0.18844,0.19051,120918588.0
1760641200000,0.19051,0.19088,0.18572,0.18778,89229304.0
1760644800000,0.18777,0.18864,0.18469,0.18557,110515527.0
1760648400000,0.18557,0.18832,0.18548,0.18816,51917908.0
1760652000000,0.18816,0.18852,0.18638,0.18642,29810892.0
1760655600000,0.18642,0.18894,0.18616,0.1885,30604671.0
1760659200000,0.1885,0.19011,0.18791,0.18967,36636636.0
1760662800000,0.18968,0.19114,0.18896,0.18966,45300058.0
1760666400000,0.18966,0.19027,0.18819,0.1897,36069493.0
1760670000000,0.18971,0.19051,0.18937,0.19034,28903146.0
1760673600000,0.19033,0.1905,0.1891,0.18931,17347748.0
1760677200000,0.18932,0.18987,0.18791,0.18823,37171392.0
1760680800000,0.18824,0.189,0.1818,0.18251,142370906.0
1760684400000,0.1825,0.18303,0.17831,0.17858,246845489.0
1760688000000,0.17859,0.1799,0.17592,0.17715,232972664.0
1760691600000,0.17716,0.18194,0.17645,0.17858,119270268.0
1760695200000,0.17857,0.17958,0.17555,0.17902,125861861.0
1760698800000,0.17901,0.184,0.17882,0.18273,134598710.0
1760702400000,0.18272,0.18431,0.18221,0.18229,55047639.0
1760706000000,0.18228,0.18463,0.18074,0.1833,122554142.0
1760709600000,0.1833,0.18393,0.17968,0.18146,76420392.0
1760713200000,0.18146,0.18494,0.18119,0.18488,56068783.0
1760716800000,0.18488,0.18726,0.18332,0.18381,119363985.0
1760720400000,0.18381,0.18518,0.18341,0.18461,32941688.0
1760724000000,0.18461,0.18615,0.18431,0.18491,23459151.0
1760727600000,0.18491,0.18554,0.18336,0.18443,20264191.0
1760731200000,0.18444,0.1865,0.18399,0.18601,23211496.0
1760734800000,0.18602,0.18761,0.18596,0.18735,27557180.0
1760738400000,0.18735,0.18776,0.18558,0.18613,23235581.0
1760742000000,0.18613,0.18616,0.18455,0.1847,17518362.0
1760745600000,0.18471,0.1863,0.18426,0.186,29677111.0
1760749200000,0.18601,0.18791,0.18596,0.18763,29750047.0
1760752800000,0.18764,0.18854,0.18568,0.18602,38844141.0
1760756400000,0.18601,0.18745,0.18596,0.18692,22330326.0
1760760000000,0.18692,0.18692,0.18505,0.18527,22721514.0
1760763600000,0.18527,0.18665,0.18507,0.18659,16483609.0
1760767200000,0.18659,0.18759,0.18616,0.18724,23888028.0
1760770800000,0.18725,0.18988,0.18717,0.18787,71720983.0
1760774400000,0.18788,0.18843,0.18704,0.1871,22586705.0
1760778000000,0.18709,0.18794,0.1866,0.1876,26180519.0
1760781600000,0.1876,0.18804,0.18672,0.18746,23226662.0
1760785200000,0.18746,0.18803,0.18687,0.18801,24366608.0
1760788800000,0.18801,0.18881,0.18726,0.18782,18743366.0
1760792400000,0.18782,0.18785,0.1863,0.18696,29418534.0
1760796000000,0.18697,0.1879,0.18586,0.18755,26739392.0
1760799600000,0.18756,0.1879,0.18657,0.18762,17239586.0
1760803200000,0.18762,0.18794,0.18598,0.18708,21807358.0
1760806800000,0.18708,0.1903,0.18678,0.19,35755561.0
1760810400000,0.19,0.19057,0.18901,0.18919,20942393.0
1760814000000,0.18918,0.18957,0.18855,0.1894,18551317.0
1760817600000,0.1894,0.19024,0.18882,0.18882,14081822.0
1760821200000,0.18883,0.18962,0.18824,0.18932,14113431.0
1760824800000,0.18932,0.18988,0.18899,0.18933,10363207.0
1760828400000,0.18932,0.1897,0.18895,0.18962,6968326.0
1760832000000,0.18961,0.18989,0.18777,0.1886,28841236.0
1760835600000,0.18861,0.18901,0.1878,0.18901,9730338.0
1760839200000,0.18902,0.18907,0.18794,0.18855,11577288.0
1760842800000,0.18855,0.19078,0.18834,0.19059,19008972.0
1760846400000,0.19059,0.19077,0.18941,0.19,14579181.0
1760850000000,0.19001,0.19118,0.18954,0.19007,18833924.0
1760853600000,0.19006,0.19032,0.1886,0.18908,17772845.0
1760857200000,0.18908,0.18959,0.18818,0.18879,17269259.0
1760860800000,0.18879,0.19096,0.18645,0.187,147112330.0
1760864400000,0.187,0.19184,0.186,0.18986,132342198.0
1760868000000,0.18986,0.1968,0.18895,0.1943,158584044.0
1760871600000,0.19429,0.19581,0.19278,0.19329,49245575.0
1760875200000,0.1933,0.19404,0.19259,0.19396,31264531.0
1760878800000,0.19396,0.19805,0.19362,0.19727,63733941.0
1760882400000,0.19728,0.19807,0.19607,0.19779,74486524.0
1760886000000,0.19778,0.19807,0.19587,0.19651,41913253.0
1760889600000,0.19651,0.19761,0.19545,0.19692,24531683.0
1760893200000,0.19692,0.19861,0.1965,0.19677,49858684.0
1760896800000,0.19677,0.19762,0.19655,0.19718,22767764.0
1760900400000,0.19718,0.19718,0.19606,0.19679,14672133.0
1760904000000,0.19678,0.19756,0.19658,0.19731,14387283.0
1760907600000,0.19732,0.19745,0.19576,0.19645,15505223.0
1760911200000,0.19646,0.1976,0.19626,0.19689,33399999.0
1760914800000,0.19688,0.19688,0.1948,0.19535,32902990.0
1760918400000,0.19534,0.19534,0.19168,0.19418,78434775.0
1760922000000,0.19418,0.19498,0.19358,0.19404,43927735.0
1760925600000,0.19404,0.19566,0.19282,0.1949,28376160.0
1760929200000,0.19491,0.19999,0.19423,0.19919,84018214.0
1760932800000,0.1992,0.20104,0.1992,0.20095,112317466.0
1760936400000,0.20095,0.20181,0.20009,0.20134,46981725.0
1760940000000,0.20135,0.20249,0.20082,0.20197,45518252.0
1760943600000,0.20196,0.20219,0.20072,0.20125,39452835.0
1760947200000,0.20124,0.2019,0.1998,0.20053,48009490.0
1760950800000,0.20053,0.20112,0.19988,0.20103,24473831.0
1760954400000,0.20103,0.20246,0.19977,0.20044,52753204.0
1760958000000,0.20044,0.20054,0.19954,0.20029,33629032.0
1760961600000,0.20028,0.20095,0.19987,0.20067,22261865.0
1760965200000,0.20067,0.20187,0.19985,0.20152,42340206.0
1760968800000,0.20152,0.20173,0.19955,0.20133,55296051.0
1760972400000,0.20133,0.20196,0.19924,0.19929,95334376.0
1760976000000,0.19929,0.19999,0.19582,0.19836,133743396.0
1760979600000,0.19836,0.19928,0.19667,0.19814,42809936.0
1760983200000,0.19814,0.1988,0.19741,0.19872,18802674.0
1760986800000,0.19871,0.20036,0.19775,0.19963,24138759.0
1760990400000,0.19964,0.2002,0.19897,0.19995,16904724.0
1760994000000,0.19994,0.20075,0.19839,0.19882,22798008.0
1760997600000,0.19882,0.20054,0.19849,0.20032,16435210.0
1761001200000,0.20033,0.20041,0.19947,0.2,12061082.0
1761004800000,0.2,0.20072,0.19917,0.20007,18465604.0
1761008400000,0.20007,0.20015,0.19729,0.19822,34512943.0
1761012000000,0.19823,0.19832,0.19621,0.19636,50453863.0
1761015600000,0.19637,0.19744,0.19587,0.1966,26672295.0
1761019200000,0.19659,0.19661,0.19283,0.19319,113594869.0
1761022800000,0.1932,0.19408,0.19291,0.19361,41431431.0
1761026400000,0.19362,0.19456,0.1931,0.1939,33837680.0
1761030000000,0.1939,0.19452,0.19331,0.19427,25418491.0
1761033600000,0.19428,0.19428,0.19201,0.19321,34485226.0
1761037200000,0.19321,0.19388,0.19277,0.19359,16687056.0
1761040800000,0.1936,0.19541,0.19314,0.19441,46926643.0
1761044400000,0.19441,0.19487,0.1933,0.19453,38054221.0
1761048000000,0.19453,0.19649,0.19419,0.19469,46738782.0
1761051600000,0.1947,0.19604,0.19372,0.19488,52656448.0
1761055200000,0.19489,0.20355,0.19488,0.20304,150371109.0
1761058800000,0.20305,0.20563,0.20181,0.2044,176859113.0
1761062400000,0.2044,0.205,0.20035,0.20088,127750816.0
1761066000000,0.20089,0.20259,0.1991,0.20146,118537320.0
1761069600000,0.20146,0.20199,0.2006,0.20181,28361890.0
1761073200000,0.20181,0.20239,0.20113,0.20147,17569467.0
1761076800000,0.20148,0.20177,0.19875,0.19947,47941290.0
1761080400000,0.19946,0.20044,0.19544,0.19901,87897387.0
1761084000000,0.199,0.19939,0.19491,0.19587,75875185.0
1761087600000,0.19587,0.19657,0.19362,0.19427,45342269.0
1761091200000,0.19427,0.19544,0.19251,0.19355,59591755.0
1761094800000,0.19355,0.19511,0.19333,0.19459,34125800.0
1761098400000,0.1946,0.19519,0.19425,0.19432,17553065.0
1761102000000,0.19432,0.19432,0.19263,0.19381,29416494.0
1761105600000,0.1938,0.19525,0.19366,0.19485,23961149.0
1761109200000,0.19484,0.19484,0.18958,0.19184,125017183.0
1761112800000,0.19183,0.19211,0.19121,0.19129,34030041.0
1761116400000,0.19128,0.19214,0.19029,0.19194,45817131.0
1761120000000,0.19193,0.19199,0.1908,0.19151,20079847.0
1761123600000,0.19151,0.19169,0.19003,0.19068,24638781.0
1761127200000,0.19069,0.19129,0.18978,0.19005,43893373.0
1761130800000,0.19005,0.19185,0.18663,0.191,107633474.0
1761134400000,0.191,0.19233,0.19044,0.1913,44083242.0
1761138000000,0.19131,0.19275,0.19001,0.19236,68646213.0
1761141600000,0.19236,0.19244,0.18814,0.19238,142546302.0
1761145200000,0.19238,0.19339,0.18969,0.19213,78986808.0
1761148800000,0.19213,0.19314,0.1904,0.19164,72957880.0
1761152400000,0.19163,0.1924,0.19005,0.19041,32558623.0
1761156000000,0.19041,0.19132,0.18945,0.19079,36758349.0
1761159600000,0.19079,0.19228,0.18862,0.19048,47857040.0
1761163200000,0.19048,0.19104,0.18894,0.18958,32923705.0
1761166800000,0.18958,0.18966,0.18467,0.18763,144924158.0
1761170400000,0.18762,0.1888,0.18671,0.18743,32503869.0
1761174000000,0.18743,0.19055,0.18732,0.18993,35339083.0
1761177600000,0.18993,0.19094,0.18959,0.19055,22022149.0
1761181200000,0.19055,0.19158,0.1904,0.19085,28934675.0
1761184800000,0.19085,0.19108,0.19042,0.19103,11987766.0
1761188400000,0.19102,0.19176,0.19079,0.19107,18144461.0
1761192000000,0.19107,0.19242,0.1908,0.19154,32073002.0
1761195600000,0.19155,0.19217,0.1913,0.1921,15462536.0
1761199200000,0.1921,0.19498,0.19194,0.19477,69976465.0
1761202800000,0.19477,0.19494,0.1931,0.194,40769144.0
1761206400000,0.19401,0.19514,0.19396,0.19424,35715322.0
1761210000000,0.19424,0.19511,0.19402,0.1949,88045701.0
1761213600000,0.19491,0.19598,0.19477,0.19481,34899027.0
1761217200000,0.1948,0.19494,0.19316,0.19331,109834791.0
1761220800000,0.19331,0.1939,0.19148,0.19386,55967432.0
1761224400000,0.19385,0.19514,0.19265,0.19426,55694633.0
1761228000000,0.19426,0.19492,0.1926,0.1944,38085531.0
1761231600000,0.19441,0.19616,0.19409,0.19553,45572049.0
1761235200000,0.19553,0.19705,0.19496,0.19686,36385410.0
1761238800000,0.19687,0.19745,0.19501,0.19704,50867535.0
1761242400000,0.19704,0.1972,0.19538,0.19578,25925123.0
1761246000000,0.19578,0.196,0.19483,0.19585,18585282.0
1761249600000,0.19585,0.19588,0.19245,0.19356,49197982.0
1761253200000,0.19355,0.19421,0.19318,0.19394,23933764.0
1761256800000,0.19394,0.19491,0.19385,0.19461,19645431.0
1761260400000,0.19462,0.19493,0.19431,0.19493,12399301.0
1761264000000,0.19492,0.19594,0.19434,0.19536,23932687.0
1761267600000,0.19535,0.1956,0.19451,0.19547,29835568.0
1761271200000,0.19547,0.19586,0.19475,0.19544,19591862.0
1761274800000,0.19544,0.19553,0.19481,0.19532,10536200.0
1761278400000,0.19532,0.19824,0.19502,0.19763,38879761.0
1761282000000,0.19763,0.19835,0.19722,0.19781,38399838.0
1761285600000,0.19782,0.19849,0.19753,0.19837,28120180.0
1761289200000,0.19837,0.19844,0.19608,0.19673,40598723.0
1761292800000,0.19674,0.19794,0.19607,0.19719,21375675.0
1761296400000,0.1972,0.1976,0.19688,0.19731,17292176.0
1761300000000,0.1973,0.1975,0.19657,0.19672,13886174.0
1761303600000,0.19672,0.19749,0.19538,0.19735,22813430.0
1761307200000,0.19735,0.20095,0.19707,0.19811,109356585.0
1761310800000,0.19812,0.19839,0.19567,0.19731,54906178.0
1761314400000,0.19731,0.19733,0.19391,0.19487,114349700.0
1761318000000,0.19487,0.19606,0.19428,0.19493,46445104.0
1761321600000,0.19492,0.19558,0.1941,0.19489,20511937.0
1761325200000,0.19489,0.19594,0.19474,0.19516,18923111.0
1761328800000,0.19517,0.19611,0.19497,0.19608,8812513.0
1761332400000,0.19608,0.19709,0.19603,0.19674,28792142.0
1761336000000,0.19674,0.19785,0.19664,0.19761,16000690.0
1761339600000,0.19762,0.19819,0.19705,0.19815,17632515.0
1761343200000,0.19815,0.1985,0.1977,0.19802,11809108.0
1761346800000,0.19802,0.19802,0.19732,0.19775,10176983.0
1761350400000,0.19774,0.19884,0.19737,0.19818,144537676.0
1761354000000,0.19818,0.19985,0.19796,0.19953,110971127.0
1761357600000,0.19954,0.19961,0.19844,0.19895,21114252.0
1761361200000,0.19895,0.19907,0.19778,0.19782,21940450.0
1761364800000,0.19783,0.19914,0.19782,0.19865,24649587.0
1761368400000,0.19865,0.19904,0.19806,0.19904,32594369.0
1761372000000,0.19904,0.1994,0.19844,0.19854,25961897.0
1761375600000,0.19855,0.19888,0.19768,0.19797,23060548.0
1761379200000,0.19797,0.19883,0.19789,0.19876,10922698.0
1761382800000,0.19877,0.19885,0.19758,0.19769,23592855.0
1761386400000,0.19768,0.19781,0.19674,0.197,18895800.0
1761390000000,0.19699,0.19774,0.19682,0.19752,9239145.0
1761393600000,0.19752,0.1985,0.19742,0.19818,15540124.0
1761397200000,0.19817,0.19827,0.19689,0.19743,32154396.0
1761400800000,0.19743,0.19747,0.19673,0.19697,26180187.0
1761404400000,0.19697,0.19697,0.19595,0.19622,31616760.0
1761408000000,0.19622,0.19674,0.19607,0.19663,24920836.0
1761411600000,0.19662,0.19727,0.19659,0.19694,15538624.0
1761415200000,0.19693,0.19816,0.19666,0.19793,12747523.0
1761418800000,0.19794,0.19794,0.19726,0.19735,8787452.0
1761422400000,0.19736,0.19761,0.19649,0.1966,10990626.0
1761426000000,0.19661,0.19714,0.19653,0.19696,10953707.0
1761429600000,0.19697,0.19748,0.19628,0.19724,13171544.0
1761433200000,0.19724,0.19728,0.19638,0.19652,10211833.0
1761436800000,0.19651,0.19703,0.19573,0.19631,27128540.0
1761440400000,0.1963,0.19648,0.19502,0.19544,22151827.0
1761444000000,0.19544,0.1956,0.19465,0.19499,18337608.0
1761447600000,0.19498,0.19534,0.19466,0.195,12340435.0
1761451200000,0.195,0.19577,0.19488,0.19561,11893280.0
1761454800000,0.19562,0.19614,0.19513,0.1959,12483913.0
1761458400000,0.19591,0.19635,0.19561,0.19612,9601146.0
1761462000000,0.19613,0.1967,0.19594,0.19669,14483782.0
1761465600000,0.19669,0.19731,0.19645,0.19709,16312516.0
1761469200000,0.19709,0.20094,0.19678,0.19957,71030192.0
1761472800000,0.19958,0.20016,0.1984,0.1991,41040580.0
1761476400000,0.1991,0.20246,0.19833,0.20183,78719287.0
1761480000000,0.20183,0.20286,0.20135,0.20254,99996661.0
1761483600000,0.20255,0.20389,0.20163,0.20295,72715880.0
1761487200000,0.20296,0.20327,0.20225,0.20258,38196112.0
1761490800000,0.20258,0.20377,0.20232,0.20307,35799766.0
1761494400000,0.20308,0.20318,0.20176,0.20221,38586815.0
1761498000000,0.2022,0.20308,0.2018,0.20231,29524702.0
1761501600000,0.20232,0.20297,0.20231,0.20251,16292532.0
1761505200000,0.20251,0.20256,0.20155,0.20186,16074165.0
1761508800000,0.20186,0.2019,0.20063,0.20106,32985323.0
1761512400000,0.20106,0.2024,0.20031,0.20216,18766803.0
1761516000000,0.20217,0.20742,0.20217,0.20553,133901287.0
1761519600000,0.20554,0.20686,0.20535,0.20577,41259756.0
1761523200000,0.20577,0.20816,0.20527,0.20755,56084344.0
1761526800000,0.20754,0.2093,0.20696,0.20905,47185391.0
1761530400000,0.20905,0.20953,0.20748,0.2077,42219316.0
1761534000000,0.2077,0.20832,0.20635,0.20686,71120404.0
1761537600000,0.20687,0.20765,0.20636,0.20763,25255858.0
1761541200000,0.20762,0.20892,0.20731,0.20748,41704697.0
1761544800000,0.20748,0.20826,0.20663,0.20801,38974349.0
1761548400000,0.20801,0.20867,0.20517,0.20629,46927621.0
1761552000000,0.20629,0.2065,0.20354,0.20411,100418885.0
1761555600000,0.2041,0.20413,0.20231,0.20297,63432892.0
1761559200000,0.20296,0.20343,0.20243,0.20296,39178628.0
1761562800000,0.20297,0.20385,0.20158,0.20336,42046598.0
1761566400000,0.20336,0.20345,0.20187,0.20209,22541767.0
1761570000000,0.2021,0.20381,0.20053,0.20324,55860124.0
1761573600000,0.20325,0.20352,0.20114,0.20195,37552166.0
1761577200000,0.20195,0.20355,0.2019,0.203,26639123.0
1761580800000,0.20299,0.20535,0.20299,0.20495,54923921.0
1761584400000,0.20495,0.20542,0.20398,0.2053,29330579.0
1761588000000,0.20529,0.20569,0.20431,0.20499,19807902.0
1761591600000,0.205,0.20514,0.20295,0.20314,26107503.0
1761595200000,0.20315,0.20315,0.2014,0.2014,32966923.0
1761598800000,0.2014,0.20275,0.20083,0.20173,23890700.0
1761602400000,0.20173,0.2025,0.20081,0.20101,20072919.0
1761606000000,0.20102,0.20107,0.19887,0.20038,46054772.0
1761609600000,0.20038,0.20125,0.19965,0.20052,34138517.0
1761613200000,0.20053,0.20159,0.20044,0.20103,22357138.0
1761616800000,0.20104,0.20131,0.19828,0.19951,36765129.0
1761620400000,0.1995,0.20016,0.19857,0.19971,51149763.0
1761624000000,0.1997,0.2002,0.19907,0.19987,15190282.0
1761627600000,0.19987,0.20019,0.19815,0.19839,29157788.0
1761631200000,0.19839,0.20131,0.19838,0.20123,28930802.0
1761634800000,0.20124,0.20206,0.20012,0.20034,28083225.0
1761638400000,0.20034,0.20119,0.19995,0.2004,29078535.0
1761642000000,0.2004,0.20108,0.19969,0.2004,25222014.0
1761645600000,0.20041,0.20049,0.1995,0.20035,17227796.0
1761649200000,0.20035,0.20078,0.19961,0.19977,23442020.0
1761652800000,0.19977,0.20127,0.19932,0.20104,37024944.0
1761656400000,0.20105,0.20256,0.20105,0.20196,58779682.0
1761660000000,0.20196,0.20311,0.19617,0.19944,127228364.0
1761663600000,0.19945,0.20057,0.19858,0.19972,40195948.0
1761667200000,0.19973,0.20204,0.19925,0.20143,38298919.0
1761670800000,0.20144,0.2025,0.20138,0.20224,23488248.0
1761674400000,0.20225,0.20245,0.20012,0.20072,26427134.0
1761678000000,0.20073,0.20126,0.19617,0.19679,58254600.0
1761681600000,0.19679,0.19687,0.19189,0.19295,195157340.0
1761685200000,0.19295,0.19363,0.19006,0.19278,112910827.0
1761688800000,0.19278,0.1942,0.19202,0.19408,41360455.0
1761692400000,0.19408,0.19413,0.19303,0.19362,28746781.0
1761696000000,0.19362,0.1942,0.19311,0.19336,23954970.0
1761699600000,0.19336,0.19475,0.19304,0.19383,24501376.0
1761703200000,0.19382,0.19406,0.19351,0.19385,10144521.0
1761706800000,0.19385,0.19385,0.19263,0.193,20286361.0
1761710400000,0.193,0.19407,0.19292,0.19383,16763578.0
1761714000000,0.19383,0.19486,0.19368,0.19401,22836221.0
1761717600000,0.19401,0.19442,0.19359,0.19419,21853167.0
1761721200000,0.19419,0.19456,0.19377,0.19435,26079197.0
1761724800000,0.19436,0.19445,0.19298,0.1933,27901835.0
1761728400000,0.19329,0.19371,0.19261,0.19332,20546478.0
1761732000000,0.19332,0.19491,0.19321,0.19398,16705195.0
1761735600000,0.19399,0.19567,0.19371,0.19542,22540817.0
1761739200000,0.19541,0.1965,0.19501,0.19611,28141276.0
1761742800000,0.19611,0.19728,0.19301,0.19396,86494261.0
1761746400000,0.19396,0.19409,0.1924,0.19324,41774125.0
1761750000000,0.19325,0.19367,0.19029,0.19114,75871384.0
1761753600000,0.19114,0.1926,0.19022,0.19216,47392766.0
1761757200000,0.19215,0.19609,0.192,0.19605,41653391.0
1761760800000,0.19604,0.197,0.1871,0.19287,374780309.0
1761764400000,0.19288,0.19526,0.19232,0.19404,74398708.0
1761768000000,0.19404,0.19662,0.19329,0.19602,68752551.0
1761771600000,0.19603,0.19691,0.19501,0.19607,47450376.0
1761775200000,0.19607,0.19651,0.19468,0.19485,43211642.0
1761778800000,0.19485,0.19494,0.19147,0.19237,92709249.0
1761782400000,0.19237,0.19311,0.19098,0.19304,40708518.0
1761786000000,0.19304,0.19373,0.19189,0.19317,27527950.0
1761789600000,0.19316,0.1946,0.19268,0.19445,28955357.0
1761793200000,0.19446,0.19451,0.19305,0.19372,27119241.0
1761796800000,0.19372,0.19373,0.1858,0.18755,218924089.0
1761800400000,0.18754,0.19151,0.18712,0.19105,62727563.0
1761804000000,0.19105,0.19225,0.19026,0.1913,39668965.0
1761807600000,0.1913,0.19346,0.19088,0.19264,27110181.0
1761811200000,0.19264,0.19266,0.19099,0.19112,37455509.0
1761814800000,0.19111,0.19135,0.1893,0.18935,24523963.0
1761818400000,0.18935,0.18999,0.1884,0.18873,29712558.0
1761822000000,0.18872,0.18911,0.18784,0.18795,33487526.0
1761825600000,0.18796,0.18833,0.18275,0.18415,161682319.0
1761829200000,0.18415,0.185,0.18149,0.18237,138551900.0
1761832800000,0.18237,0.18361,0.18135,0.18238,82966701.0
1761836400000,0.18237,0.18265,0.17989,0.18067,97133645.0
1761840000000,0.18067,0.18211,0.1796,0.18186,79607101.0
1761843600000,0.18186,0.18187,0.17822,0.18059,103769266.0
1761847200000,0.18058,0.1808,0.17835,0.17875,45181096.0
1761850800000,0.17874,0.17913,0.17645,0.17694,108354944.0
1761854400000,0.17693,0.17987,0.17642,0.17951,82965918.0
1761858000000,0.17951,0.18034,0.17868,0.17988,48198298.0
1761861600000,0.17988,0.18062,0.17952,0.18062,25493705.0
1761865200000,0.18062,0.18287,0.17981,0.18268,85635752.0
1761868800000,0.18268,0.18492,0.18228,0.18447,38264102.0
1761872400000,0.18448,0.18585,0.18414,0.18549,40751125.0
1761876000000,0.18548,0.18554,0.18335,0.18412,29559852.0
1761879600000,0.18413,0.18479,0.18356,0.18453,24860860.0
1761883200000,0.18453,0.18608,0.18431,0.18587,39625911.0
1761886800000,0.18586,0.18586,0.18477,0.18507,14277087.0
1761890400000,0.18506,0.18523,0.1842,0.18453,15757426.0
1761894000000,0.18453,0.18535,0.18399,0.18451,28035858.0
1761897600000,0.1845,0.18569,0.18368,0.18549,21636215.0
1761901200000,0.18549,0.18599,0.18502,0.18518,17124705.0
1761904800000,0.18519,0.1859,0.18507,0.18557,11919196.0
1761908400000,0.18556,0.18734,0.18498,0.18674,30800390.0
1761912000000,0.18673,0.18725,0.18485,0.18494,43471630.0
1761915600000,0.18495,0.18659,0.18458,0.18642,35457820.0
1761919200000,0.18643,0.18695,0.18518,0.18669,44381069.0
1761922800000,0.18669,0.18735,0.18562,0.186,41410923.0
1761926400000,0.18599,0.18616,0.18308,0.18355,44635687.0
1761930000000,0.18354,0.18522,0.18275,0.18446,36356464.0
1761933600000,0.18447,0.18614,0.18393,0.18536,38224801.0
1761937200000,0.18535,0.18816,0.18454,0.18748,38000271.0
1761940800000,0.18748,0.1876,0.18576,0.18599,20423137.0
1761944400000,0.18598,0.18656,0.18538,0.1863,14790334.0
1761948000000,0.1863,0.18685,0.18599,0.18627,11038925.0
1761951600000,0.18627,0.18686,0.18609,0.18644,12760552.0
1761955200000,0.18644,0.18656,0.18535,0.18625,25615125.0
1761958800000,0.18625,0.18675,0.1857,0.18571,12161325.0
1761962400000,0.1857,0.18646,0.18512,0.1864,11576722.0
1761966000000,0.18641,0.18717,0.18641,0.18698,20148208.0
1761969600000,0.18699,0.1872,0.18628,0.18693,12651424.0
1761973200000,0.18693,0.18705,0.18603,0.18606,10081434.0
1761976800000,0.18606,0.18633,0.18556,0.18609,13670156.0
1761980400000,0.18609,0.18723,0.18593,0.18709,26328009.0
1761984000000,0.18709,0.18785,0.1867,0.1878,24058264.0
1761987600000,0.1878,0.188,0.18675,0.18697,13434644.0
1761991200000,0.18697,0.18747,0.18678,0.18716,11139962.0
1761994800000,0.18716,0.18755,0.18675,0.18705,11241759.0
1761998400000,0.18704,0.18743,0.18683,0.18701,8641302.0
1762002000000,0.18701,0.18745,0.18596,0.18659,28898886.0
1762005600000,0.1866,0.18689,0.18544,0.18605,32960615.0
1762009200000,0.18606,0.18773,0.18591,0.18734,25053790.0
1762012800000,0.18734,0.18789,0.18691,0.18739,19074032.0
1762016400000,0.18739,0.1875,0.18664,0.18675,13658525.0
1762020000000,0.18674,0.1873,0.18662,0.18714,10199803.0
1762023600000,0.18715,0.18745,0.18684,0.18738,6471089.0
1762027200000,0.18739,0.18837,0.18727,0.18778,13093705.0
1762030800000,0.18777,0.188,0.18616,0.18624,14674020.0
1762034400000,0.18624,0.18699,0.18624,0.18698,7499391.0
1762038000000,0.18699,0.18754,0.18676,0.18736,8972433.0
1762041600000,0.18736,0.18738,0.18665,0.18694,5186670.0
1762045200000,0.18694,0.18702,0.18605,0.1861,11513328.0
1762048800000,0.1861,0.18695,0.18588,0.18645,9672244.0
1762052400000,0.18645,0.18653,0.18602,0.1862,6832281.0
1762056000000,0.18619,0.18823,0.18601,0.18802,21027094.0
1762059600000,0.18802,0.18812,0.18701,0.18767,11889629.0
1762063200000,0.18768,0.18795,0.18714,0.18779,9677294.0
1762066800000,0.18779,0.18884,0.18732,0.18822,14022448.0
1762070400000,0.18822,0.1884,0.18712,0.18736,13565418.0
1762074000000,0.18735,0.18791,0.18624,0.18636,14723619.0
1762077600000,0.18636,0.18663,0.18484,0.1855,44164662.0
1762081200000,0.1855,0.18711,0.18537,0.18698,17047845.0
1762084800000,0.18697,0.18704,0.1862,0.18641,19334268.0
1762088400000,0.18642,0.18647,0.1845,0.18516,20078738.0
1762092000000,0.18515,0.18557,0.18284,0.18376,39883614.0
1762095600000,0.18376,0.18461,0.18311,0.18345,19963342.0
1762099200000,0.18344,0.18388,0.18172,0.18386,45011337.0
1762102800000,0.18385,0.18407,0.18325,0.18406,10961159.0
1762106400000,0.18406,0.1843,0.18346,0.18393,6335007.0
1762110000000,0.18392,0.18408,0.18244,0.18326,13987086.0
1762113600000,0.18326,0.18342,0.18282,0.18327,5946387.0
1762117200000,0.18328,0.18436,0.18328,0.18379,7506714.0
1762120800000,0.1838,0.18419,0.18295,0.18413,10510039.0
1762124400000,0.18414,0.18677,0.18414,0.18638,43302711.0
1762128000000,0.18639,0.18666,0.18355,0.18373,33491813.0
1762131600000,0.18372,0.18442,0.18248,0.18297,22173685.0
1762135200000,0.18296,0.18316,0.18001,0.18096,54104808.0
1762138800000,0.18097,0.18129,0.17456,0.17514,180169556.0
1762142400000,0.17513,0.176,0.17333,0.17598,105093104.0
1762146000000,0.17597,0.17672,0.17374,0.17395,90139139.0
1762149600000,0.17395,0.17447,0.17111,0.17317,108550856.0
1762153200000,0.17316,0.17453,0.17236,0.17355,56697083.0
1762156800000,0.17354,0.17413,0.1724,0.17381,36048609.0
1762160400000,0.1738,0.17534,0.17255,0.17272,39125199.0
1762164000000,0.17272,0.17363,0.1714,0.17205,48650828.0
1762167600000,0.17206,0.17492,0.17204,0.17424,60082999.0
1762171200000,0.17423,0.17564,0.17402,0.17431,44020637.0
1762174800000,0.17431,0.17517,0.17358,0.17441,38425367.0
1762178400000,0.17442,0.17581,0.17372,0.17519,54213777.0
1762182000000,0.17519,0.17545,0.16017,0.16701,710120809.0
1762185600000,0.16702,0.16936,0.16553,0.16881,169467372.0
1762189200000,0.16881,0.17159,0.16851,0.17136,74518429.0
1762192800000,0.17137,0.1717,0.16897,0.16926,37108706.0
1762196400000,0.16925,0.16968,0.16795,0.1681,37880041.0
1762200000000,0.1681,0.16845,0.16527,0.16608,59862761.0
1762203600000,0.16607,0.1679,0.16444,0.16772,89888431.0
1762207200000,0.16772,0.16784,0.16458,0.1658,52335637.0
1762210800000,0.16581,0.16745,0.16433,0.16741,31796621.0
1762214400000,0.16741,0.16953,0.16561,0.16868,63788811.0
1762218000000,0.16869,0.17033,0.16796,0.17003,61264540.0
1762221600000,0.17003,0.17045,0.16901,0.16937,33457869.0
1762225200000,0.16938,0.17095,0.168,0.17041,103907988.0
1762228800000,0.17041,0.1711,0.16947,0.16951,65776308.0
1762232400000,0.16951,0.16983,0.16073,0.16109,263171554.0
1762236000000,0.16109,0.16735,0.16086,0.16444,162495631.0
1762239600000,0.16444,0.16468,0.16062,0.162,130231169.0
1762243200000,0.16201,0.16586,0.16091,0.1645,87377466.0
1762246800000,0.1645,0.16559,0.16364,0.16534,57629254.0
1762250400000,0.16534,0.16603,0.16464,0.16535,58896814.0
1762254000000,0.16536,0.16702,0.16512,0.16612,47237272.0
1762257600000,0.16613,0.16632,0.16365,0.1641,36235741.0
1762261200000,0.16409,0.16464,0.162,0.16286,62179876.0
1762264800000,0.16286,0.1678,0.1608,0.16692,214708356.0
1762268400000,0.16693,0.16853,0.16326,0.16397,116466360.0
1762272000000,0.16398,0.16517,0.15985,0.16016,167787436.0
1762275600000,0.16016,0.16128,0.1562,0.15924,219605001.0
1762279200000,0.15923,0.16035,0.15419,0.15983,255542521.0
1762282800000,0.15983,0.16152,0.15767,0.15797,98318370.0
1762286400000,0.15797,0.16069,0.15159,0.15889,376822952.0
1762290000000,0.15889,0.15972,0.15159,0.15909,350548286.0
1762293600000,0.1591,0.16436,0.15835,0.16344,142943068.0
1762297200000,0.16344,0.16427,0.16216,0.16223,63153643.0
1762300800000,0.16224,0.16344,0.16016,0.16087,65187276.0
1762304400000,0.16088,0.16103,0.15456,0.15973,170012434.0
1762308000000,0.15973,0.16467,0.15973,0.16431,138058371.0
1762311600000,0.16431,0.16498,0.16313,0.16445,62679706.0
1762315200000,0.16444,0.16538,0.16363,0.16476,52571392.0
1762318800000,0.16476,0.16619,0.1646,0.16498,46778261.0
1762322400000,0.16498,0.16548,0.16422,0.16537,30305835.0
1762326000000,0.16537,0.16549,0.16403,0.16493,21466767.0
1762329600000,0.16492,0.16492,0.16189,0.16285,80027834.0
1762333200000,0.16284,0.1642,0.16251,0.16389,35352846.0
1762336800000,0.16389,0.16392,0.161,0.16145,56262032.0
1762340400000,0.16146,0.16408,0.16138,0.16387,37208572.0
1762344000000,0.16388,0.16514,0.163,0.16428,52123287.0
1762347600000,0.16427,0.16617,0.16353,0.16554,49297152.0
1762351200000,0.16553,0.16709,0.16342,0.16581,158848072.0
1762354800000,0.16582,0.16736,0.16523,0.16733,72818624.0
1762358400000,0.16734,0.16792,0.16573,0.16747,77783178.0
1762362000000,0.16747,0.16828,0.16676,0.16737,69451687.0
1762365600000,0.16736,0.16886,0.16668,0.16811,35915221.0
1762369200000,0.1681,0.1684,0.16707,0.16728,37587909.0
1762372800000,0.16728,0.16826,0.16682,0.16748,34426881.0
1762376400000,0.16747,0.16747,0.16604,0.16702,26090360.0
1762380000000,0.16701,0.16811,0.16633,0.16804,18236511.0
1762383600000,0.16804,0.16831,0.16711,0.16719,22159344.0
1762387200000,0.16718,0.16718,0.16601,0.16691,34220064.0
1762390800000,0.1669,0.1669,0.16434,0.16626,45086025.0
1762394400000,0.16625,0.1678,0.16494,0.16694,33752923.0
1762398000000,0.16695,0.16758,0.16666,0.16706,25092761.0
1762401600000,0.16707,0.16741,0.16629,0.16675,24691759.0
1762405200000,0.16675,0.16685,0.16319,0.16378,71494473.0
1762408800000,0.16378,0.16448,0.16325,0.16333,30380928.0
1762412400000,0.16334,0.16447,0.16275,0.16323,60336721.0
1762416000000,0.16323,0.16413,0.16283,0.16351,22620882.0
1762419600000,0.16351,0.16395,0.16262,0.16285,26760493.0
1762423200000,0.16285,0.1641,0.16216,0.16333,29194851.0
1762426800000,0.16334,0.16336,0.16234,0.16304,19709021.0
1762430400000,0.16304,0.16322,0.16098,0.16129,36988079.0
1762434000000,0.16128,0.16384,0.16124,0.16309,52876606.0
1762437600000,0.16309,0.1635,0.16027,0.16067,55776721.0
1762441200000,0.16067,0.16234,0.15853,0.15915,110777528.0
1762444800000,0.15915,0.16004,0.15693,0.15867,72613761.0
1762448400000,0.15866,0.16069,0.1583,0.16036,52559180.0
1762452000000,0.16035,0.16212,0.15869,0.16104,51654205.0
1762455600000,0.16104,0.16141,0.15975,0.16076,33366547.0
1762459200000,0.16077,0.16157,0.15954,0.16047,26733723.0
1762462800000,0.16047,0.16291,0.1601,0.16238,24168194.0
1762466400000,0.16237,0.16274,0.16078,0.16195,18506795.0
1762470000000,0.16195,0.16195,0.16024,0.16164,31656918.0
1762473600000,0.16164,0.16332,0.16131,0.16303,44737657.0
1762477200000,0.16303,0.16345,0.16095,0.16323,46913974.0
1762480800000,0.16323,0.16423,0.1621,0.16413,48991464.0
1762484400000,0.16414,0.16509,0.16403,0.16436,30940435.0
1762488000000,0.16435,0.16473,0.16366,0.16461,29829727.0
1762491600000,0.16461,0.16649,0.16451,0.16624,43153394.0
1762495200000,0.16623,0.16642,0.16557,0.16557,35190769.0
1762498800000,0.16557,0.16725,0.16535,0.16701,32495930.0
1762502400000,0.16701,0.16735,0.166,0.1663,25238112.0
1762506000000,0.16631,0.16644,0.16384,0.16506,47644447.0
1762509600000,0.16505,0.16589,0.16376,0.16462,40899879.0
1762513200000,0.16462,0.16479,0.16215,0.16375,66939296.0
1762516800000,0.16374,0.16428,0.16034,0.16122,63858328.0
1762520400000,0.16122,0.16286,0.1607,0.16206,46381177.0
1762524000000,0.16205,0.16597,0.1596,0.16544,103075979.0
1762527600000,0.16545,0.17027,0.16408,0.16902,180183926.0
1762531200000,0.16902,0.17555,0.16834,0.17431,198002838.0
1762534800000,0.17431,0.17978,0.17334,0.17964,188979446.0
1762538400000,0.17965,0.18166,0.17882,0.17933,120224801.0
1762542000000,0.17932,0.18114,0.1782,0.18062,73397535.0
1762545600000,0.18062,0.1808,0.179,0.18024,41729138.0
1762549200000,0.18025,0.1816,0.17992,0.18052,31328388.0
1762552800000,0.18052,0.18077,0.17959,0.18056,27971705.0
1762556400000,0.18057,0.18063,0.17837,0.17877,44187316.0
1762560000000,0.17877,0.18049,0.17739,0.17759,89232391.0
1762563600000,0.17758,0.18197,0.17731,0.18098,88403152.0
1762567200000,0.18097,0.18297,0.18049,0.18138,83948722.0
1762570800000,0.18138,0.18332,0.17974,0.17978,92186935.0
1762574400000,0.17978,0.18227,0.17977,0.18148,48217347.0
1762578000000,0.18147,0.18189,0.17864,0.17873,62627989.0
1762581600000,0.17873,0.18023,0.17762,0.17959,77222200.0
1762585200000,0.17959,0.18051,0.17807,0.18021,40070572.0
1762588800000,0.18022,0.1822,0.17922,0.1814,52155845.0
1762592400000,0.18139,0.18187,0.17972,0.18024,52871351.0
1762596000000,0.18025,0.1808,0.17993,0.18044,29840214.0
1762599600000,0.18044,0.18117,0.17853,0.17912,55258704.0
1762603200000,0.17912,0.17963,0.17833,0.17949,29589884.0
1762606800000,0.17949,0.17956,0.17581,0.17596,100648558.0
1762610400000,0.17597,0.1765,0.17425,0.17584,77068203.0
1762614000000,0.17584,0.17619,0.17323,0.17397,64238315.0
1762617600000,0.17398,0.17504,0.173,0.1745,42381932.0
1762621200000,0.1745,0.17518,0.17375,0.17477,32668571.0
1762624800000,0.17478,0.17599,0.17413,0.17568,25168675.0
1762628400000,0.17567,0.17573,0.17357,0.17506,17782994.0
1762632000000,0.17506,0.17632,0.17456,0.17562,16676214.0
1762635600000,0.17562,0.17593,0.17508,0.17573,12275751.0
1762639200000,0.17573,0.17627,0.17522,0.17602,15863975.0
1762642800000,0.17602,0.17663,0.17539,0.17605,26461785.0
1762646400000,0.17605,0.17609,0.17437,0.17475,35495719.0
1762650000000,0.17475,0.17582,0.17421,0.17544,12231363.0
1762653600000,0.17544,0.17544,0.17182,0.17217,43251110.0
1762657200000,0.17217,0.17306,0.17123,0.17202,35242088.0
1762660800000,0.17202,0.17377,0.17189,0.17315,19742362.0
1762664400000,0.17314,0.17414,0.17267,0.17393,15939338.0
1762668000000,0.17393,0.17532,0.17351,0.17433,15508938.0
1762671600000,0.17433,0.17543,0.17416,0.1752,15689948.0
1762675200000,0.17519,0.17519,0.17361,0.17414,16065275.0
1762678800000,0.17414,0.17507,0.17335,0.17344,21588450.0
1762682400000,0.17344,0.17432,0.17243,0.17429,29848387.0
1762686000000,0.17429,0.17551,0.17429,0.17515,40389091.0
1762689600000,0.17514,0.17601,0.17478,0.17546,34840848.0
1762693200000,0.17546,0.17675,0.17523,0.17611,51393597.0
1762696800000,0.1761,0.17961,0.17501,0.17693,125628767.0
1762700400000,0.17693,0.17933,0.17691,0.17807,61060636.0
1762704000000,0.17807,0.17918,0.17671,0.17869,34823094.0
1762707600000,0.17869,0.17877,0.17683,0.17749,37199297.0
1762711200000,0.1775,0.179,0.17654,0.17881,23921188.0
1762714800000,0.17881,0.18015,0.17834,0.18013,27492551.0
1762718400000,0.18013,0.18042,0.1789,0.17943,29068399.0
1762722000000,0.17944,0.18025,0.17921,0.17992,23468215.0
1762725600000,0.17993,0.18003,0.17854,0.17967,30655464.0
1762729200000,0.17967,0.18158,0.17846,0.1793,44136808.0
1762732800000,0.1793,0.18376,0.17806,0.18243,98096399.0
1762736400000,0.18242,0.18329,0.18079,0.1808,56030905.0
1762740000000,0.1808,0.18163,0.17996,0.18118,50489492.0
1762743600000,0.18119,0.18226,0.18107,0.18167,34756017.0
1762747200000,0.18166,0.182,0.18035,0.1814,42352722.0
1762750800000,0.18141,0.18201,0.18012,0.18098,29982745.0
1762754400000,0.18099,0.18159,0.18011,0.18088,22030257.0
1762758000000,0.18089,0.18178,0.1804,0.18134,32571804.0
1762761600000,0.18133,0.18148,0.17963,0.18094,38213829.0
1762765200000,0.18094,0.18575,0.1807,0.18432,67555145.0
1762768800000,0.18432,0.18499,0.18222,0.18261,43353160.0
1762772400000,0.18261,0.1841,0.18256,0.18304,50949935.0
1762776000000,0.18304,0.18319,0.18141,0.18203,41808993.0
1762779600000,0.18203,0.184,0.18185,0.18297,32562504.0
1762783200000,0.18297,0.18297,0.17818,0.17941,117632190.0
1762786800000,0.17941,0.1805,0.17774,0.17921,95924626.0
1762790400000,0.17921,0.18026,0.17722,0.17816,51717008.0
1762794000000,0.17816,0.18048,0.17801,0.17989,34281668.0
1762797600000,0.1799,0.18022,0.17846,0.1785,20647523.0
1762801200000,0.17849,0.18117,0.17836,0.17992,44581627.0
1762804800000,0.17992,0.18116,0.17975,0.18032,22128487.0
1762808400000,0.18032,0.18034,0.17824,0.17938,32172056.0
1762812000000,0.17939,0.18418,0.17884,0.18333,41373716.0
1762815600000,0.18332,0.18348,0.18161,0.18179,21982226.0
1762819200000,0.18178,0.18246,0.17933,0.18106,42949829.0
1762822800000,0.18105,0.1864,0.1806,0.18084,113656244.0
1762826400000,0.18085,0.18443,0.17973,0.18294,103797693.0
1762830000000,0.18294,0.18394,0.18268,0.18281,56303855.0
1762833600000,0.18281,0.18337,0.17972,0.18003,69098475.0
1762837200000,0.18003,0.18006,0.17816,0.17826,49644632.0
1762840800000,0.17826,0.17856,0.17686,0.17808,60271353.0
1762844400000,0.17807,0.17838,0.17625,0.17639,47261454.0
1762848000000,0.17639,0.17755,0.17618,0.17729,26774527.0
1762851600000,0.17729,0.17859,0.17718,0.17748,28961961.0
1762855200000,0.17747,0.17786,0.17685,0.1776,25788617.0
1762858800000,0.1776,0.17881,0.17708,0.17767,23458187.0
1762862400000,0.17766,0.17858,0.17671,0.17791,25552197.0
1762866000000,0.17791,0.17855,0.17684,0.17714,27396880.0
1762869600000,0.17715,0.17886,0.1759,0.1787,97851403.0
1762873200000,0.1787,0.1787,0.17527,0.17617,90902555.0
1762876800000,0.17616,0.17713,0.17545,0.17599,53123306.0
1762880400000,0.176,0.17695,0.17427,0.17574,45013646.0
1762884000000,0.17573,0.17631,0.17462,0.1749,23040121.0
1762887600000,0.1749,0.17521,0.17344,0.17435,30465352.0
1762891200000,0.17435,0.17461,0.17259,0.17308,43545825.0
1762894800000,0.17309,0.17378,0.17172,0.17235,37994444.0
1762898400000,0.17234,0.17375,0.17171,0.17322,29383691.0
1762902000000,0.17323,0.17337,0.17154,0.17206,41954875.0
1762905600000,0.17207,0.17293,0.17142,0.1716,34747119.0
1762909200000,0.17161,0.17309,0.1714,0.17272,27139157.0
1762912800000,0.17272,0.17305,0.17094,0.17187,35206230.0
1762916400000,0.17188,0.17218,0.17151,0.17161,13727865.0
1762920000000,0.17161,0.17215,0.17109,0.17154,20727060.0
1762923600000,0.17155,0.17234,0.17125,0.17202,21647767.0
1762927200000,0.17202,0.17298,0.17195,0.17222,19577697.0
1762930800000,0.17222,0.17245,0.17118,0.17144,25382753.0
1762934400000,0.17144,0.17459,0.17144,0.17409,69631287.0
1762938000000,0.1741,0.17554,0.17404,0.17515,45726343.0
1762941600000,0.17514,0.17655,0.1751,0.1764,38498362.0
1762945200000,0.1764,0.17713,0.1759,0.17622,30104936.0
1762948800000,0.17623,0.17708,0.17577,0.17645,25867532.0
1762952400000,0.17645,0.17806,0.1757,0.17801,31416197.0
1762956000000,0.17801,0.17855,0.17347,0.17535,88376507.0
1762959600000,0.17535,0.17669,0.1708,0.17136,107198671.0
1762963200000,0.17136,0.17181,0.1679,0.16924,135216795.0
1762966800000,0.16924,0.17076,0.16808,0.16949,60593055.0
1762970400000,0.16949,0.16999,0.16834,0.16856,42874489.0
1762974000000,0.16857,0.16932,0.16721,0.16902,39202472.0
1762977600000,0.16902,0.17097,0.16853,0.17044,19594885.0
1762981200000,0.17045,0.17144,0.1703,0.17068,12450991.0
1762984800000,0.17068,0.17122,0.16949,0.17105,14776976.0
1762988400000,0.17105,0.17105,0.16956,0.17018,15175623.0
1762992000000,0.17018,0.17171,0.17004,0.17054,19263235.0
1762995600000,0.17053,0.17224,0.17047,0.17107,46293886.0
1762999200000,0.17107,0.17192,0.17053,0.17125,15726546.0
1763002800000,0.17125,0.17564,0.16922,0.17405,111655567.0
1763006400000,0.17406,0.17528,0.17325,0.17474,58945812.0
1763010000000,0.17473,0.17659,0.17342,0.17602,57814314.0
1763013600000,0.17603,0.17684,0.17551,0.17621,35103498.0
1763017200000,0.17621,0.17709,0.17519,0.17574,57463734.0
1763020800000,0.17573,0.17641,0.1754,0.17551,24323548.0
1763024400000,0.17552,0.17574,0.17421,0.17481,63225936.0
1763028000000,0.17482,0.17687,0.17482,0.17597,24605355.0
1763031600000,0.17597,0.17632,0.17522,0.17586,15443532.0
1763035200000,0.17586,0.17619,0.17523,0.17553,18313135.0
1763038800000,0.17553,0.1759,0.17365,0.17447,54304722.0
1763042400000,0.17447,0.17766,0.17293,0.17629,87268757.0
1763046000000,0.17628,0.17687,0.17213,0.17273,104203342.0
1763049600000,0.17273,0.17323,0.16952,0.16976,98262716.0
1763053200000,0.16976,0.16997,0.16535,0.16568,127773437.0
1763056800000,0.16569,0.16598,0.162,0.16268,132998972.0
1763060400000,0.16269,0.16364,0.1602,0.16127,121621106.0
1763064000000,0.16127,0.16264,0.16,0.1612,90845770.0
1763067600000,0.1612,0.16187,0.16015,0.16141,54616531.0
1763071200000,0.1614,0.16384,0.16104,0.16382,49001594.0
1763074800000,0.16382,0.16535,0.1629,0.16384,99570496.0
1763078400000,0.16383,0.16502,0.16257,0.16309,65809671.0
1763082000000,0.1631,0.16436,0.16257,0.16324,65344746.0
1763085600000,0.16324,0.16568,0.16317,0.16497,44746968.0
1763089200000,0.16496,0.16516,0.1635,0.16408,46489468.0
1763092800000,0.16408,0.16415,0.1591,0.16261,179896004.0
1763096400000,0.16261,0.16461,0.16239,0.16427,92688024.0
1763100000000,0.16427,0.16569,0.16123,0.16551,80520969.0
1763103600000,0.16551,0.16628,0.16416,0.1651,69628615.0
1763107200000,0.1651,0.1653,0.16323,0.16396,39002159.0
1763110800000,0.16396,0.16456,0.16188,0.1621,51740099.0
1763114400000,0.1621,0.16414,0.16204,0.16328,26248210.0
1763118000000,0.16328,0.16346,0.16072,0.16206,90870479.0
1763121600000,0.16207,0.16208,0.15767,0.161,158557029.0
1763125200000,0.16101,0.16197,0.1582,0.15973,111980286.0
1763128800000,0.15973,0.16407,0.15803,0.16264,170608224.0
1763132400000,0.16265,0.1647,0.16114,0.16287,99986476.0
1763136000000,0.16288,0.16477,0.1622,0.16402,78051098.0
1763139600000,0.16401,0.16455,0.1609,0.16165,57751389.0
1763143200000,0.16165,0.16332,0.16115,0.16153,48994247.0
1763146800000,0.16153,0.16383,0.16117,0.16331,35010937.0
1763150400000,0.16331,0.1634,0.15771,0.1589,60942934.0
1763154000000,0.15891,0.16077,0.15808,0.16016,28935470.0
1763157600000,0.16016,0.16111,0.15874,0.15933,30590192.0
1763161200000,0.15933,0.15933,0.15472,0.15765,103844884.0
1763164800000,0.15765,0.16027,0.15721,0.16013,50337950.0
1763168400000,0.16013,0.16171,0.15942,0.16137,48480059.0
1763172000000,0.16137,0.16243,0.161,0.1624,23579373.0
1763175600000,0.1624,0.16307,0.16188,0.16288,44908612.0
1763179200000,0.16289,0.16338,0.16225,0.16248,30515925.0
1763182800000,0.16248,0.16339,0.16225,0.16327,27716937.0
1763186400000,0.16327,0.1642,0.16301,0.1633,30732486.0
1763190000000,0.16329,0.16365,0.16272,0.16305,27952386.0
1763193600000,0.16305,0.16313,0.16077,0.16111,43033771.0
1763197200000,0.1611,0.16266,0.16082,0.16148,38995112.0
1763200800000,0.16148,0.16218,0.16093,0.16195,19999064.0
1763204400000,0.16195,0.16227,0.16134,0.16183,13472395.0
1763208000000,0.16182,0.16322,0.16159,0.16306,25859667.0
1763211600000,0.16306,0.16385,0.16277,0.1635,38655111.0
1763215200000,0.1635,0.16384,0.16321,0.16375,22735713.0
1763218800000,0.16375,0.1641,0.16295,0.16311,28320790.0
1763222400000,0.16311,0.16337,0.16209,0.16326,31718443.0
1763226000000,0.16327,0.16482,0.16317,0.16444,33801919.0
1763229600000,0.16444,0.16447,0.1636,0.16388,15572670.0
1763233200000,0.16389,0.16408,0.16334,0.16374,9767617.0
1763236800000,0.16375,0.164,0.16245,0.16264,20799074.0
1763240400000,0.16265,0.16384,0.16189,0.1623,25059261.0
1763244000000,0.16229,0.16369,0.16214,0.16365,12828498.0
1763247600000,0.16365,0.16395,0.16313,0.16316,9019195.0
1763251200000,0.16316,0.16334,0.16158,0.16209,15655561.0
1763254800000,0.16208,0.1622,0.15998,0.16174,65821138.0
1763258400000,0.16174,0.16383,0.1611,0.16372,59232558.0
1763262000000,0.16373,0.16445,0.1632,0.16387,17011185.0
1763265600000,0.16387,0.16413,0.16271,0.1632,13410995.0
1763269200000,0.16321,0.1643,0.16318,0.16341,14917395.0
1763272800000,0.16341,0.16393,0.16307,0.16315,7664710.0
1763276400000,0.16316,0.16411,0.16295,0.16407,8891700.0
1763280000000,0.16408,0.16445,0.16337,0.16389,12452761.0
1763283600000,0.1639,0.16563,0.16353,0.16544,23892874.0
1763287200000,0.16544,0.16555,0.16464,0.16468,30059991.0
1763290800000,0.16468,0.165,0.161,0.1614,75393076.0
1763294400000,0.1614,0.1623,0.1604,0.16114,31828289.0
1763298000000,0.16114,0.16182,0.16011,0.16074,29920512.0
1763301600000,0.16074,0.16217,0.16065,0.16162,21702792.0
1763305200000,0.16162,0.16165,0.15831,0.15859,63918443.0
1763308800000,0.15859,0.15957,0.15567,0.15632,84648353.0
1763312400000,0.15631,0.15704,0.1536,0.15548,123609298.0
1763316000000,0.15547,0.15794,0.15422,0.15486,73905090.0
1763319600000,0.15485,0.15728,0.15477,0.1559,31321448.0
1763323200000,0.15589,0.15773,0.15567,0.15646,25608319.0
1763326800000,0.15646,0.15657,0.15505,0.15633,39136206.0
1763330400000,0.15633,0.1586,0.15511,0.15804,45564436.0
1763334000000,0.15805,0.15968,0.15501,0.15857,117065809.0
1763337600000,0.15856,0.16069,0.157,0.15997,64332962.0
1763341200000,0.15998,0.16021,0.15893,0.15903,31217179.0
1763344800000,0.15904,0.16043,0.1581,0.16007,111111064.0
1763348400000,0.16007,0.16166,0.16002,0.16149,36533166.0
1763352000000,0.1615,0.16218,0.16104,0.16109,26076584.0
1763355600000,0.16109,0.16157,0.16083,0.16123,18647452.0
1763359200000,0.16124,0.16175,0.16069,0.16165,23997819.0
1763362800000,0.16164,0.16239,0.16142,0.16185,24398522.0
1763366400000,0.16186,0.16217,0.16136,0.16159,20557845.0
1763370000000,0.16158,0.16279,0.16114,0.16225,20987431.0
1763373600000,0.16225,0.1629,0.1621,0.1624,14796971.0
1763377200000,0.16241,0.16303,0.16195,0.16217,19093714.0
1763380800000,0.16216,0.16264,0.16144,0.16181,35423489.0
1763384400000,0.16181,0.16217,0.15758,0.15887,116727733.0
1763388000000,0.15886,0.1651,0.15788,0.16231,228437776.0
1763391600000,0.16231,0.16367,0.15785,0.15843,104278028.0
1763395200000,0.15844,0.16077,0.15562,0.16059,105868113.0
1763398800000,0.1606,0.16082,0.1557,0.15614,59915915.0
1763402400000,0.15613,0.15697,0.15372,0.15446,125265520.0
1763406000000,0.15445,0.1549,0.15183,0.15229,142521978.0
1763409600000,0.15229,0.15342,0.15104,0.15254,124839383.0
1763413200000,0.15254,0.15332,0.15066,0.15211,76602188.0
1763416800000,0.15212,0.15298,0.15154,0.15256,34001896.0
1763420400000,0.15257,0.15284,0.15145,0.15214,42714026.0
1763424000000,0.15214,0.1527,0.14943,0.15241,131757809.0
1763427600000,0.15241,0.15336,0.15195,0.15254,34719524.0
1763431200000,0.15254,0.15455,0.15045,0.15192,109373582.0
1763434800000,0.15192,0.15479,0.1502,0.15458,139819112.0
1763438400000,0.15459,0.15544,0.1522,0.15519,94814127.0
1763442000000,0.15519,0.15623,0.15398,0.15467,68793397.0
1763445600000,0.15467,0.15512,0.15342,0.1536,53603259.0
1763449200000,0.1536,0.15567,0.15295,0.15508,53127794.0
1763452800000,0.15508,0.15744,0.15503,0.15731,64907856.0
1763456400000,0.1573,0.15756,0.15629,0.15741,51551809.0
1763460000000,0.15741,0.15786,0.15661,0.15724,27451845.0
1763463600000,0.15723,0.15754,0.15652,0.15698,28819799.0
1763467200000,0.15698,0.15787,0.15629,0.15745,38329538.0
1763470800000,0.15745,0.15753,0.15584,0.15646,43350431.0
1763474400000,0.15645,0.15876,0.15616,0.15663,96540072.0
1763478000000,0.15662,0.16055,0.15608,0.15921,114651015.0
1763481600000,0.15922,0.16142,0.1587,0.16096,72078763.0
1763485200000,0.16095,0.16102,0.15971,0.16049,43882676.0
1763488800000,0.16049,0.16171,0.16049,0.16122,42408584.0
1763492400000,0.16123,0.16294,0.16094,0.16223,34366036.0
1763496000000,0.16224,0.16261,0.16134,0.16138,29142369.0
1763499600000,0.16138,0.16186,0.16052,0.16085,27399062.0
1763503200000,0.16085,0.16269,0.16084,0.16221,27875955.0
1763506800000,0.16221,0.16232,0.16134,0.16173,25102219.0
1763510400000,0.16172,0.16173,0.15985,0.1609,32600159.0
1763514000000,0.16091,0.16183,0.16004,0.16126,26619655.0
1763517600000,0.16126,0.1625,0.16085,0.16122,22895146.0
1763521200000,0.16122,0.16138,0.15924,0.15955,32654897.0
1763524800000,0.15954,0.16015,0.15841,0.1587,73048759.0
1763528400000,0.1587,0.15899,0.15536,0.1565,80118295.0
1763532000000,0.1565,0.1575,0.15583,0.15705,58183602.0
1763535600000,0.15705,0.15911,0.15691,0.15894,43055107.0
1763539200000,0.15894,0.15946,0.15787,0.15808,35111447.0
1763542800000,0.15807,0.15838,0.15726,0.1582,26637809.0
1763546400000,0.1582,0.15892,0.15795,0.15851,20968992.0
1763550000000,0.1585,0.15904,0.15813,0.15816,41549935.0
1763553600000,0.15817,0.15924,0.15777,0.15901,32751273.0
1763557200000,0.15902,0.15905,0.15716,0.15735,22658251.0
1763560800000,0.15736,0.1578,0.1559,0.15755,58064735.0
1763564400000,0.15756,0.15973,0.1542,0.15451,123050684.0
1763568000000,0.1545,0.15536,0.15176,0.15226,80904869.0
1763571600000,0.15226,0.1529,0.14853,0.14939,155473999.0
1763575200000,0.14939,0.14999,0.14712,0.14799,131003197.0
1763578800000,0.148,0.14927,0.14726,0.14881,63329965.0
1763582400000,0.14881,0.15089,0.148,0.1504,65447895.0
1763586000000,0.1504,0.15449,0.15007,0.15416,107653301.0
1763589600000,0.15416,0.1542,0.15263,0.15316,30939478.0
1763593200000,0.15315,0.15515,0.15309,0.1546,46574253.0
1763596800000,0.15459,0.15538,0.15375,0.15445,33018226.0
1763600400000,0.15446,0.15639,0.15409,0.1563,30901427.0
1763604000000,0.15629,0.15833,0.15612,0.15817,51206486.0
1763607600000,0.15818,0.15829,0.1573,0.15767,32251951.0
1763611200000,0.15767,0.15858,0.15682,0.15843,52762565.0
1763614800000,0.15844,0.15882,0.15751,0.15781,27835675.0
1763618400000,0.15781,0.15807,0.15638,0.15705,43191965.0
1763622000000,0.15705,0.1583,0.15686,0.15822,30638174.0
1763625600000,0.15822,0.15842,0.15745,0.15776,26465083.0
1763629200000,0.15777,0.15783,0.1567,0.15732,39912023.0
1763632800000,0.15732,0.15788,0.15644,0.1578,28090426.0
1763636400000,0.15779,0.15829,0.15724,0.158,29930055.0
1763640000000,0.158,0.15925,0.15749,0.15877,31134825.0
1763643600000,0.15878,0.15972,0.15745,0.15781,78950019.0
1763647200000,0.15782,0.15957,0.15625,0.15908,102873408.0
1763650800000,0.15908,0.15913,0.15713,0.15739,89319056.0
1763654400000,0.15739,0.15761,0.15,0.15069,276750425.0
1763658000000,0.15068,0.15137,0.1475,0.14843,184266796.0
1763661600000,0.14842,0.14972,0.14671,0.14734,109165909.0
1763665200000,0.14733,0.14988,0.14623,0.14965,86033342.0
1763668800000,0.14965,0.15017,0.14822,0.1493,46666584.0
1763672400000,0.14931,0.1523,0.14923,0.15102,52355455.0
1763676000000,0.15101,0.15317,0.15084,0.15272,37762352.0
1763679600000,0.15272,0.15286,0.14873,0.14892,78892455.0
1763683200000,0.14892,0.15062,0.14874,0.15012,41525409.0
1763686800000,0.15012,0.15109,0.14923,0.14978,28195441.0
1763690400000,0.14977,0.14991,0.14504,0.14542,117482536.0
1763694000000,0.14541,0.14825,0.14534,0.14691,59567218.0
1763697600000,0.14691,0.14776,0.145,0.14763,70502162.0
1763701200000,0.14764,0.14824,0.14614,0.14658,32769557.0
1763704800000,0.14658,0.14689,0.14522,0.1461,39931905.0
1763708400000,0.1461,0.14666,0.13441,0.14035,563597055.0
1763712000000,0.14035,0.14234,0.13969,0.14108,109085052.0
1763715600000,0.14108,0.14195,0.13796,0.13804,139841661.0
1763719200000,0.13803,0.13914,0.13697,0.13779,144035609.0
1763722800000,0.1378,0.13916,0.13638,0.13677,149053572.0
1763726400000,0.13677,0.13982,0.13321,0.13892,372582435.0
1763730000000,0.13891,0.14094,0.13831,0.14011,131951216.0
1763733600000,0.14011,0.14209,0.1388,0.14133,122521305.0
1763737200000,0.14133,0.14169,0.13746,0.13799,101396693.0
1763740800000,0.13798,0.14148,0.13575,0.14145,158493870.0
1763744400000,0.14145,0.1435,0.14119,0.14163,90131992.0
1763748000000,0.14163,0.14239,0.1384,0.14108,100031418.0
1763751600000,0.14108,0.14171,0.1394,0.13995,33245801.0
1763755200000,0.13995,0.14013,0.13756,0.13896,63487145.0
1763758800000,0.13896,0.14167,0.13806,0.14097,61278695.0
1763762400000,0.14097,0.14156,0.13654,0.13657,59252094.0
1763766000000,0.13657,0.14087,0.13574,0.14029,45482424.0
1763769600000,0.14029,0.1412,0.13952,0.14012,35419900.0
1763773200000,0.14012,0.14148,0.13992,0.14135,25321368.0
1763776800000,0.14136,0.14141,0.13852,0.13936,30441603.0
1763780400000,0.13935,0.14011,0.1388,0.1393,55166422.0
1763784000000,0.13929,0.13939,0.13565,0.13762,82221152.0
1763787600000,0.13763,0.13814,0.13579,0.13704,60046291.0
1763791200000,0.13704,0.13947,0.13606,0.13906,47104404.0
1763794800000,0.13906,0.14016,0.13869,0.13969,29573336.0
1763798400000,0.13969,0.13973,0.13549,0.13643,61136937.0
1763802000000,0.13643,0.14011,0.13582,0.13806,82116273.0
1763805600000,0.13806,0.13872,0.13601,0.13677,56519403.0
1763809200000,0.13677,0.13908,0.13633,0.13819,43409588.0
1763812800000,0.13818,0.13829,0.1364,0.13703,28086796.0
1763816400000,0.13703,0.13751,0.13563,0.13641,50780078.0
1763820000000,0.1364,0.13943,0.13632,0.1391,77437066.0
1763823600000,0.13909,0.13952,0.13729,0.13816,39565268.0
1763827200000,0.13816,0.13977,0.13811,0.13952,40943070.0
1763830800000,0.13953,0.13958,0.13868,0.13902,20888917.0
1763834400000,0.13903,0.13995,0.13865,0.13966,16809444.0
1763838000000,0.13967,0.14018,0.13912,0.13947,11639280.0
1763841600000,0.13947,0.14015,0.13874,0.13916,18893525.0
1763845200000,0.13915,0.14014,0.13901,0.14008,16756397.0
1763848800000,0.14009,0.1424,0.13939,0.14145,26843225.0
1763852400000,0.14145,0.14162,0.13992,0.14027,21024293.0
1763856000000,0.14027,0.14102,0.13966,0.14022,17510959.0
1763859600000,0.14023,0.14227,0.1402,0.14171,36760862.0
1763863200000,0.14171,0.14345,0.14124,0.14265,91920573.0
1763866800000,0.14265,0.14294,0.14192,0.14289,33499039.0
1763870400000,0.14289,0.1447,0.14279,0.14375,71079860.0
1763874000000,0.14375,0.14385,0.14297,0.14367,31046622.0
1763877600000,0.14367,0.14405,0.1427,0.14285,31912756.0
1763881200000,0.14284,0.14326,0.14196,0.1429,45387660.0
1763884800000,0.1429,0.14357,0.14284,0.14339,17543899.0
1763888400000,0.14339,0.1441,0.14327,0.14349,16565934.0
1763892000000,0.14349,0.14395,0.14291,0.14384,13932432.0
1763895600000,0.14384,0.14432,0.14327,0.14382,19888362.0
1763899200000,0.14382,0.14533,0.14367,0.14518,46225898.0
1763902800000,0.14519,0.14559,0.14438,0.14548,36710121.0
1763906400000,0.14548,0.14644,0.14454,0.14491,58779810.0
1763910000000,0.14492,0.14775,0.14467,0.14724,45885260.0
1763913600000,0.14724,0.14767,0.1454,0.14551,36337475.0
1763917200000,0.14552,0.14571,0.14463,0.14493,33291549.0
1763920800000,0.14493,0.14655,0.14493,0.14612,19447559.0
1763924400000,0.14612,0.1474,0.1459,0.14658,17000790.0
1763928000000,0.14659,0.14716,0.14621,0.1465,17522429.0
1763931600000,0.14651,0.14736,0.14579,0.14704,17038266.0
1763935200000,0.14705,0.14754,0.14636,0.14744,19410283.0
1763938800000,0.14744,0.14757,0.1443,0.145,71824507.0
1763942400000,0.145,0.14589,0.14355,0.14501,60428235.0
1763946000000,0.14502,0.14593,0.14399,0.14593,38450893.0
1763949600000,0.14593,0.1493,0.14583,0.14718,149775673.0
1763953200000,0.14718,0.14848,0.1466,0.14732,31273449.0
1763956800000,0.14732,0.14776,0.14453,0.14535,45876069.0
1763960400000,0.14534,0.1489,0.14511,0.14794,46488152.0
1763964000000,0.14793,0.14805,0.146,0.1469,36024791.0
1763967600000,0.14689,0.14711,0.14593,0.14623,18115816.0
1763971200000,0.14623,0.147,0.14575,0.14674,22331684.0
1763974800000,0.14673,0.14684,0.14395,0.14464,46409850.0
1763978400000,0.14464,0.14591,0.14453,0.14562,19152811.0
1763982000000,0.14562,0.14585,0.1448,0.14551,12922836.0
1763985600000,0.1455,0.1455,0.14448,0.14497,23382159.0
1763989200000,0.14497,0.14699,0.14478,0.14578,45062383.0
1763992800000,0.14577,0.1471,0.14279,0.14536,95640194.0
1763996400000,0.14537,0.14763,0.14468,0.14681,60595830.0
1764000000000,0.14682,0.14854,0.14673,0.14755,57016537.0
1764003600000,0.14756,0.15237,0.14755,0.1521,93008608.0
1764007200000,0.15211,0.153,0.15174,0.15254,66635988.0
1764010800000,0.15254,0.15331,0.15211,0.15248,36973459.0
1764014400000,0.15249,0.15397,0.15224,0.15321,45844905.0
1764018000000,0.1532,0.15322,0.15175,0.1522,31332469.0
1764021600000,0.15219,0.15315,0.15204,0.15278,25671674.0
1764025200000,0.15277,0.1529,0.15172,0.15181,25237909.0
1764028800000,0.1518,0.15217,0.15076,0.15184,37293649.0
1764032400000,0.15183,0.1523,0.15119,0.15122,27482981.0
1764036000000,0.15122,0.15174,0.15023,0.15163,28378291.0
1764039600000,0.15164,0.15194,0.15072,0.15119,19903914.0
1764043200000,0.15118,0.15201,0.15092,0.15184,15226257.0
1764046800000,0.15185,0.15185,0.15087,0.15142,16483098.0
1764050400000,0.15142,0.15146,0.1506,0.1509,12343093.0
1764054000000,0.1509,0.15099,0.14915,0.14927,34687587.0
1764057600000,0.14927,0.14974,0.14823,0.14833,27897057.0
1764061200000,0.14834,0.14867,0.14752,0.14862,27376433.0
1764064800000,0.14862,0.1491,0.14792,0.14899,18191112.0
1764068400000,0.149,0.14909,0.14837,0.14863,17618394.0
1764072000000,0.14864,0.15013,0.14829,0.14947,72267361.0
1764075600000,0.14946,0.14977,0.14767,0.14806,58190964.0
1764079200000,0.14807,0.14898,0.14585,0.14743,84974496.0
1764082800000,0.14744,0.1487,0.14608,0.14798,56468225.0
1764086400000,0.14798,0.15052,0.14793,0.14975,42857679.0
1764090000000,0.14974,0.15197,0.14915,0.15106,47202844.0
1764093600000,0.15106,0.15222,0.15079,0.15106,29069479.0
1764097200000,0.15106,0.15135,0.14842,0.15107,59456834.0
1764100800000,0.15108,0.15362,0.15083,0.15291,43364286.0
1764104400000,0.1529,0.15341,0.15235,0.15269,18470277.0
1764108000000,0.15269,0.15377,0.15117,0.15339,58494130.0
1764111600000,0.15338,0.15504,0.15289,0.15301,82443260.0
1764115200000,0.15301,0.15359,0.15257,0.15274,32414216.0
1764118800000,0.15275,0.15404,0.15197,0.15302,35885468.0
1764122400000,0.15303,0.15319,0.15173,0.15177,18268801.0
1764126000000,0.15176,0.15214,0.15033,0.15057,30907150.0
1764129600000,0.15058,0.15084,0.15001,0.15037,26503854.0
1764133200000,0.15037,0.15173,0.15031,0.15166,20063076.0
1764136800000,0.15166,0.1523,0.151,0.1521,17841878.0
1764140400000,0.1521,0.15246,0.15182,0.1524,12788544.0
1764144000000,0.1524,0.15241,0.15108,0.1511,21357755.0
1764147600000,0.15111,0.15143,0.14995,0.15011,23440791.0
1764151200000,0.15011,0.15066,0.14965,0.15046,22234063.0
1764154800000,0.15046,0.15048,0.14967,0.14989,18294660.0
1764158400000,0.14988,0.15019,0.14862,0.14945,41170158.0
1764162000000,0.14944,0.15104,0.14921,0.15076,34295738.0
1764165600000,0.15075,0.152,0.14971,0.15017,82952648.0
1764169200000,0.15017,0.15149,0.14979,0.1507,59587865.0
1764172800000,0.1507,0.15277,0.15069,0.1521,46291849.0
1764176400000,0.1521,0.15606,0.152,0.15573,89728021.0
1764180000000,0.15573,0.15681,0.15539,0.15666,68727899.0
1764183600000,0.15666,0.15676,0.1556,0.15589,32331849.0
1764187200000,0.15588,0.15633,0.15507,0.15538,27796546.0
1764190800000,0.15537,0.15615,0.15471,0.15568,19205357.0
1764194400000,0.15569,0.15623,0.15506,0.15527,22081079.0
1764198000000,0.15526,0.15575,0.15428,0.15474,54616721.0
1764201600000,0.15473,0.15501,0.15391,0.15446,32541015.0
1764205200000,0.15446,0.1554,0.1541,0.15513,24414741.0
1764208800000,0.15512,0.15559,0.15451,0.15467,26556189.0
1764212400000,0.15467,0.15511,0.15375,0.15392,18160191.0
1764216000000,0.15391,0.15486,0.1539,0.1547,12833220.0
1764219600000,0.1547,0.15481,0.15373,0.15395,27396989.0
1764223200000,0.15395,0.15463,0.15381,0.15424,17049284.0
1764226800000,0.15424,0.1546,0.15388,0.15425,10857297.0
1764230400000,0.15425,0.15426,0.15301,0.15372,17068043.0
1764234000000,0.15373,0.15457,0.15347,0.15384,19785500.0
1764237600000,0.15383,0.15383,0.15267,0.15322,20037054.0
1764241200000,0.15322,0.15333,0.15238,0.15286,11523418.0
1764244800000,0.15286,0.15301,0.1521,0.15234,23937049.0
1764248400000,0.15234,0.15314,0.15229,0.15264,29101808.0
1764252000000,0.15264,0.15307,0.15226,0.15289,14236290.0
1764255600000,0.15288,0.15406,0.15252,0.15399,24950298.0
1764259200000,0.15399,0.15406,0.15293,0.15328,22467204.0
1764262800000,0.15328,0.1534,0.15265,0.15319,17272163.0
1764266400000,0.1532,0.15442,0.15296,0.15413,15304569.0
1764270000000,0.15412,0.15417,0.1537,0.15396,9561595.0
1764273600000,0.15396,0.1546,0.15392,0.15431,10051425.0
1764277200000,0.1543,0.1548,0.15372,0.15373,13874084.0
1764280800000,0.15372,0.15395,0.15225,0.15249,14814875.0
1764284400000,0.15249,0.15317,0.15225,0.15264,8797739.0
1764288000000,0.15264,0.15292,0.15183,0.15204,15178798.0
1764291600000,0.15203,0.15204,0.15005,0.15025,28261065.0
1764295200000,0.15026,0.15108,0.14966,0.15103,39962863.0
1764298800000,0.15103,0.15117,0.15048,0.15098,23485006.0
1764302400000,0.15098,0.15115,0.15031,0.15046,29079081.0
1764306000000,0.15046,0.15122,0.15022,0.15102,16124299.0
1764309600000,0.15102,0.15102,0.14961,0.14995,26202037.0
1764313200000,0.14996,0.15058,0.14975,0.14984,15767117.0
1764316800000,0.14984,0.1532,0.14983,0.15319,35676745.0
1764320400000,0.15319,0.15354,0.15198,0.15225,30179465.0
1764324000000,0.15225,0.1525,0.15189,0.15227,11129468.0
1764327600000,0.15226,0.15226,0.14975,0.15043,33832375.0
1764331200000,0.15043,0.15106,0.15019,0.15099,19208909.0
1764334800000,0.151,0.15304,0.15025,0.15253,68840935.0
1764338400000,0.15253,0.15395,0.1518,0.15257,52820371.0
1764342000000,0.15257,0.15554,0.15242,0.15375,59873272.0
1764345600000,0.15376,0.15379,0.15034,0.15049,41731613.0
1764349200000,0.1505,0.15099,0.14867,0.14948,57276309.0
1764352800000,0.14947,0.14996,0.14825,0.14976,27649562.0
1764356400000,0.14977,0.1512,0.14964,0.151,15770781.0
1764360000000,0.151,0.15134,0.15008,0.15093,16512731.0
1764363600000,0.15093,0.15111,0.14978,0.1498,17500075.0
1764367200000,0.14981,0.1512,0.14952,0.15095,19800520.0
1764370800000,0.15095,0.15124,0.15015,0.15017,6282904.0
1764374400000,0.15016,0.15054,0.14999,0.15028,11040622.0
1764378000000,0.15027,0.15095,0.15008,0.15018,7563134.0
1764381600000,0.15018,0.15025,0.14948,0.15004,17739575.0
1764385200000,0.15004,0.15037,0.14963,0.14989,11913687.0
1764388800000,0.14989,0.15072,0.14955,0.15059,8527288.0
1764392400000,0.1506,0.15062,0.14958,0.14961,12116373.0
1764396000000,0.14961,0.1501,0.14853,0.14929,28358697.0
1764399600000,0.14928,0.14939,0.14868,0.14904,12963893.0
1764403200000,0.14904,0.14954,0.14892,0.1493,6129066.0
1764406800000,0.1493,0.14954,0.14896,0.14939,8707050.0
1764410400000,0.14939,0.14939,0.14843,0.14905,8155718.0
1764414000000,0.14905,0.14959,0.14885,0.1495,7131756.0
1764417600000,0.1495,0.15005,0.14912,0.14926,10259514.0
1764421200000,0.14926,0.14937,0.14883,0.14894,9239713.0
1764424800000,0.14893,0.14894,0.14833,0.1484,11112201.0
1764428400000,0.14839,0.14974,0.14839,0.14948,13273351.0
1764432000000,0.14948,0.14952,0.14863,0.14894,11430921.0
1764435600000,0.14894,0.14909,0.14744,0.14777,22958492.0
1764439200000,0.14776,0.14828,0.14725,0.14818,23173228.0
1764442800000,0.14818,0.14854,0.148,0.14822,11850151.0
1764446400000,0.14822,0.14892,0.14802,0.14885,9506131.0
1764450000000,0.14886,0.149,0.14824,0.1489,7946233.0
1764453600000,0.14889,0.14889,0.14782,0.14806,22203599.0
1764457200000,0.14807,0.14888,0.14784,0.14837,8205713.0
1764460800000,0.14837,0.1489,0.14836,0.14867,5889170.0
1764464400000,0.14867,0.14921,0.14856,0.14896,7640346.0
1764468000000,0.14896,0.14941,0.14855,0.14859,5669249.0
1764471600000,0.1486,0.14955,0.14796,0.14936,18657038.0
1764475200000,0.14937,0.14949,0.1489,0.14921,6315909.0
1764478800000,0.14921,0.14921,0.14839,0.14877,8106957.0
1764482400000,0.14876,0.14946,0.14857,0.1489,19704124.0
1764486000000,0.1489,0.14938,0.14883,0.14925,6682990.0
1764489600000,0.14924,0.14988,0.14872,0.14923,10625714.0
1764493200000,0.14923,0.14974,0.1491,0.14961,12637214.0
1764496800000,0.14961,0.1497,0.1489,0.14899,11173695.0
1764500400000,0.149,0.14929,0.14862,0.14882,9161278.0
1764504000000,0.14882,0.15015,0.14854,0.14953,23834502.0
1764507600000,0.14954,0.15059,0.14948,0.1505,33926239.0
1764511200000,0.15051,0.15057,0.14928,0.14958,18957447.0
1764514800000,0.14958,0.14977,0.14894,0.14937,16776589.0
1764518400000,0.14937,0.15055,0.14928,0.15032,16562193.0
1764522000000,0.15032,0.15032,0.1495,0.15004,15970105.0
1764525600000,0.15004,0.15008,0.14926,0.15,10449275.0
1764529200000,0.14999,0.15023,0.1496,0.14976,11277705.0
1764532800000,0.14975,0.15043,0.14925,0.14966,8314038.0
1764536400000,0.14965,0.14967,0.1484,0.14885,12772189.0
1764540000000,0.14885,0.14989,0.14877,0.14944,15579455.0
1764543600000,0.14944,0.14949,0.14588,0.14599,52494924.0
1764547200000,0.14599,0.14637,0.13876,0.13892,255620401.0
1764550800000,0.13891,0.14064,0.1387,0.1392,67975862.0
1764554400000,0.1392,0.1398,0.13821,0.13852,61129140.0
1764558000000,0.13851,0.13869,0.13694,0.13717,58826010.0
1764561600000,0.13717,0.13775,0.13667,0.13683,48855987.0
1764565200000,0.13683,0.13737,0.13668,0.13711,27617148.0
1764568800000,0.13712,0.13749,0.13667,0.13701,21759695.0
1764572400000,0.13701,0.13778,0.13655,0.13774,30691617.0
1764576000000,0.13774,0.13824,0.13747,0.13813,17374716.0
1764579600000,0.13813,0.13848,0.13702,0.13711,27381519.0
1764583200000,0.13711,0.13761,0.1371,0.13728,12930725.0
1764586800000,0.13728,0.13733,0.13662,0.13706,21592683.0
1764590400000,0.13705,0.13712,0.13429,0.13612,76457800.0
1764594000000,0.13611,0.13682,0.13477,0.13524,40772820.0
1764597600000,0.13524,0.13632,0.13472,0.13504,69080648.0
1764601200000,0.13504,0.13521,0.13177,0.13385,114591729.0
1764604800000,0.13385,0.13393,0.13217,0.13232,50977551.0
1764608400000,0.13233,0.13345,0.13211,0.13292,38176209.0
1764612000000,0.13293,0.13391,0.13268,0.13347,28316911.0
1764615600000,0.13347,0.13359,0.13262,0.13328,15942185.0
1764619200000,0.13327,0.13493,0.13324,0.1338,42981688.0
1764622800000,0.1338,0.13548,0.13376,0.13505,34082377.0
1764626400000,0.13506,0.13647,0.13506,0.13584,18513759.0
1764630000000,0.13584,0.13663,0.13545,0.13547,13002771.0
1764633600000,0.13546,0.13592,0.13493,0.13564,12729419.0
1764637200000,0.13563,0.13732,0.13546,0.13578,22085058.0
1764640800000,0.13578,0.1365,0.13542,0.13574,12366854.0
1764644400000,0.13573,0.13665,0.13504,0.13635,11636958.0
1764648000000,0.13634,0.13676,0.13594,0.13599,6594084.0
1764651600000,0.13598,0.13628,0.13566,0.13589,15208496.0
1764655200000,0.13588,0.13627,0.13554,0.13618,11166830.0
1764658800000,0.13617,0.13619,0.13542,0.13562,6971483.0
1764662400000,0.13561,0.13566,0.13443,0.13472,32017907.0
1764666000000,0.13471,0.136,0.13466,0.1356,10305749.0
1764669600000,0.1356,0.13727,0.1355,0.1367,14550205.0
1764673200000,0.1367,0.1373,0.1362,0.13699,18048352.0
1764676800000,0.137,0.13758,0.1368,0.13723,32873134.0
1764680400000,0.13723,0.13833,0.13681,0.1381,27321944.0
1764684000000,0.13809,0.14178,0.13789,0.14177,92384728.0
1764687600000,0.14178,0.14783,0.14173,0.14632,203495299.0
1764691200000,0.14632,0.14694,0.14489,0.14576,75693053.0
1764694800000,0.14575,0.14732,0.14535,0.14625,48953205.0
1764698400000,0.14625,0.14709,0.14593,0.14624,35383407.0
1764702000000,0.14624,0.1466,0.14574,0.14603,16830376.0
1764705600000,0.14603,0.14616,0.14473,0.14546,43001317.0
1764709200000,0.14545,0.14613,0.14531,0.14599,14378470.0
1764712800000,0.14599,0.14685,0.14597,0.14679,19912659.0
1764716400000,0.14679,0.14733,0.14572,0.14577,21827380.0
1764720000000,0.14578,0.14642,0.1452,0.14624,19136150.0
1764723600000,0.14624,0.14675,0.1458,0.14625,16460314.0
1764727200000,0.14625,0.14777,0.14618,0.14727,36724850.0
1764730800000,0.14728,0.14795,0.14705,0.14737,36993832.0
1764734400000,0.14737,0.14946,0.14721,0.1493,52884562.0
1764738000000,0.1493,0.1509,0.1493,0.15043,53251201.0
1764741600000,0.15043,0.15206,0.14979,0.15053,57523009.0
1764745200000,0.15053,0.15089,0.15023,0.1505,27583628.0
1764748800000,0.1505,0.15093,0.1498,0.15067,69767864.0
1764752400000,0.15066,0.15077,0.14968,0.1501,19248056.0
1764756000000,0.1501,0.15063,0.14941,0.14947,35948532.0
1764759600000,0.14947,0.15025,0.14914,0.15004,35013951.0
1764763200000,0.15003,0.15017,0.14946,0.14981,25341051.0
1764766800000,0.14982,0.15029,0.14917,0.14935,17159724.0
1764770400000,0.14936,0.15093,0.14651,0.14841,128748880.0
1764774000000,0.14842,0.14969,0.14792,0.14918,29796958.0
1764777600000,0.14918,0.15055,0.1484,0.14989,23631273.0
1764781200000,0.14989,0.15168,0.14988,0.15137,34334854.0
1764784800000,0.15136,0.15195,0.1502,0.15055,22484156.0
1764788400000,0.15054,0.15108,0.15033,0.15065,15417152.0
1764792000000,0.15065,0.1515,0.15014,0.15073,18434939.0
1764795600000,0.15073,0.15242,0.15062,0.15223,34839109.0
1764799200000,0.15222,0.15294,0.15145,0.15238,50610302.0
1764802800000,0.15239,0.1534,0.15146,0.15166,39316929.0
1764806400000,0.15167,0.15191,0.15068,0.15153,25788889.0
1764810000000,0.15152,0.1532,0.15111,0.15117,27482102.0
1764813600000,0.15117,0.15269,0.151,0.15206,18191511.0
1764817200000,0.15206,0.15229,0.15092,0.15106,13820019.0
1764820800000,0.15107,0.15163,0.15067,0.15098,10949793.0
1764824400000,0.15099,0.15108,0.14977,0.15018,23348038.0
1764828000000,0.15018,0.15077,0.14979,0.1504,19350628.0
1764831600000,0.1504,0.15041,0.14923,0.14988,24608938.0
1764835200000,0.14988,0.15029,0.14929,0.14949,14279294.0
1764838800000,0.14949,0.15042,0.14949,0.15002,19342279.0
1764842400000,0.15002,0.15017,0.14949,0.14971,17674173.0
1764846000000,0.14968,0.1498,0.14908,0.14938,18944449.0
1764849600000,0.14938,0.14976,0.14885,0.14946,22784603.0
1764853200000,0.14947,0.15008,0.14891,0.14909,34998857.0
1764856800000,0.14908,0.14965,0.14781,0.14805,49832487.0
1764860400000,0.14804,0.15103,0.148,0.15022,54831314.0
1764864000000,0.15022,0.15043,0.14894,0.14928,48356953.0
1764867600000,0.14927,0.14965,0.14815,0.14915,25680716.0
1764871200000,0.14915,0.14954,0.14824,0.14864,21018858.0
1764874800000,0.14865,0.14868,0.14557,0.14801,82716606.0
1764878400000,0.14801,0.14855,0.14751,0.14821,26966369.0
1764882000000,0.14822,0.14855,0.14715,0.14726,13989877.0
1764885600000,0.14726,0.14824,0.14726,0.14797,13738231.0
1764889200000,0.14797,0.14807,0.14729,0.14739,8667902.0
1764892800000,0.14739,0.14838,0.14737,0.14788,9677017.0
1764896400000,0.14788,0.14835,0.14765,0.14791,10542593.0
1764900000000,0.1479,0.14837,0.1475,0.14784,13793811.0
1764903600000,0.14785,0.14823,0.14718,0.14745,16119564.0
1764907200000,0.14745,0.14788,0.14643,0.14693,23352930.0
1764910800000,0.14692,0.14703,0.14619,0.14643,10210551.0
1764914400000,0.14643,0.14708,0.14642,0.14692,14506807.0
1764918000000,0.14692,0.14792,0.1468,0.14746,11752062.0
1764921600000,0.14746,0.14747,0.14604,0.14632,16271985.0
1764925200000,0.14631,0.14631,0.14409,0.14433,44398390.0
1764928800000,0.14432,0.14528,0.14421,0.14487,19749324.0
1764932400000,0.14487,0.145,0.14364,0.14432,27161977.0
1764936000000,0.14432,0.14453,0.14385,0.1445,13995300.0
1764939600000,0.14449,0.14492,0.14295,0.14313,69494390.0
1764943200000,0.14314,0.14339,0.14182,0.14236,52258364.0
1764946800000,0.14236,0.14466,0.14213,0.14252,65727118.0
1764950400000,0.14251,0.14257,0.13756,0.13878,119264498.0
1764954000000,0.13877,0.13937,0.13788,0.13856,33271440.0
1764957600000,0.13856,0.1394,0.13744,0.13776,41806309.0
1764961200000,0.13776,0.13942,0.13722,0.13903,37889280.0
1764964800000,0.13902,0.1391,0.13803,0.13828,19928441.0
1764968400000,0.13828,0.13906,0.13827,0.13873,16653180.0
1764972000000,0.13874,0.13944,0.13815,0.13918,17164885.0
1764975600000,0.13918,0.13966,0.13852,0.13956,14222969.0
1764979200000,0.13956,0.13999,0.13895,0.1399,6950963.0
1764982800000,0.1399,0.14039,0.13966,0.13991,11142302.0
1764986400000,0.13991,0.13994,0.13913,0.1395,15622982.0
1764990000000,0.13949,0.1403,0.13948,0.13996,13880850.0
1764993600000,0.13996,0.14005,0.13925,0.13961,10448131.0
1764997200000,0.1396,0.13989,0.13905,0.13932,9956320.0
1765000800000,0.13931,0.13955,0.139,0.13908,9077283.0
1765004400000,0.13909,0.13968,0.1388,0.13928,10007957.0
1765008000000,0.13928,0.13942,0.13836,0.13847,19192542.0
1765011600000,0.13846,0.13943,0.13845,0.1392,12536237.0
1765015200000,0.1392,0.13949,0.13897,0.13911,5151000.0
1765018800000,0.1391,0.13987,0.13901,0.13968,11559934.0
1765022400000,0.13968,0.13992,0.13926,0.13948,7852906.0
1765026000000,0.13949,0.14018,0.13941,0.13977,9986044.0
1765029600000,0.13977,0.14076,0.13958,0.14003,34962295.0
1765033200000,0.14004,0.14013,0.13902,0.13959,20078024.0
1765036800000,0.13959,0.14039,0.13954,0.13975,11052839.0
1765040400000,0.13974,0.14028,0.13953,0.13989,19036375.0
1765044000000,0.1399,0.14058,0.1397,0.13991,13755906.0
1765047600000,0.13991,0.14008,0.13907,0.13935,18267200.0
1765051200000,0.13935,0.1398,0.1392,0.13974,7577235.0
1765054800000,0.13973,0.1405,0.13956,0.13992,16871756.0
1765058400000,0.13992,0.14023,0.13952,0.13959,7794729.0
1765062000000,0.13959,0.13978,0.13906,0.13975,9682492.0
1765065600000,0.13976,0.14039,0.1397,0.14018,9755478.0
1765069200000,0.14017,0.14033,0.13958,0.13958,6014248.0
1765072800000,0.13957,0.14043,0.13957,0.14025,5151829.0
1765076400000,0.14025,0.14042,0.14,0.14035,6974126.0
1765080000000,0.14035,0.1404,0.13979,0.14003,5916252.0
1765083600000,0.14002,0.14025,0.13993,0.14014,4807367.0
1765087200000,0.14014,0.1409,0.14008,0.14075,13667697.0
1765090800000,0.14076,0.14084,0.13934,0.13949,13784249.0
1765094400000,0.13949,0.13985,0.13904,0.13924,8412251.0
1765098000000,0.13923,0.13948,0.13844,0.13874,11459441.0
1765101600000,0.13875,0.1393,0.13864,0.13882,7291371.0
1765105200000,0.13883,0.1391,0.13873,0.1389,4662800.0
1765108800000,0.13891,0.1399,0.13882,0.13972,5650807.0
1765112400000,0.13972,0.13974,0.13785,0.13827,20060005.0
1765116000000,0.13827,0.13829,0.13486,0.13515,144332325.0
1765119600000,0.13514,0.13955,0.13504,0.13931,89968721.0
1765123200000,0.13931,0.13931,0.13818,0.13924,31817368.0
1765126800000,0.13923,0.1421,0.13866,0.14145,80391059.0
1765130400000,0.14145,0.14291,0.14144,0.14219,36261548.0
1765134000000,0.14219,0.14236,0.14126,0.1421,12672489.0
1765137600000,0.1421,0.14229,0.14178,0.14214,5632828.0
1765141200000,0.14214,0.14214,0.13841,0.13919,27725015.0
1765144800000,0.13918,0.13918,0.13584,0.13769,67122111.0
1765148400000,0.13769,0.13879,0.13741,0.13867,18818857.0
1765152000000,0.13868,0.13925,0.13799,0.13816,14334450.0
1765155600000,0.13817,0.14153,0.13813,0.13998,32771287.0
1765159200000,0.13999,0.14066,0.1396,0.14052,13463282.0
1765162800000,0.14052,0.14073,0.14008,0.14031,11673624.0
1765166400000,0.14031,0.14144,0.14025,0.14095,15310259.0
1765170000000,0.14094,0.14162,0.14068,0.14143,8995312.0
1765173600000,0.14142,0.14221,0.14128,0.14176,13842217.0
1765177200000,0.14176,0.14263,0.14153,0.14221,18604656.0
1765180800000,0.14221,0.14281,0.14195,0.14268,9735563.0
1765184400000,0.14267,0.14483,0.1426,0.14387,45631884.0
1765188000000,0.14387,0.14415,0.14354,0.14384,13174601.0
1765191600000,0.14384,0.14401,0.14297,0.14325,24842433.0
1765195200000,0.14324,0.14367,0.14267,0.14349,22411703.0
1765198800000,0.14348,0.14422,0.14323,0.14372,22000606.0
1765202400000,0.14373,0.14505,0.14274,0.14335,60721673.0
1765206000000,0.14336,0.14405,0.14189,0.14247,62600259.0
1765209600000,0.14248,0.14396,0.14161,0.14301,39120160.0
1765213200000,0.14301,0.14355,0.14172,0.14301,32898149.0
1765216800000,0.14301,0.14348,0.1412,0.14169,47030901.0
1765220400000,0.14169,0.14323,0.14165,0.14266,18804980.0
1765224000000,0.14267,0.14382,0.14259,0.1436,16223852.0
1765227600000,0.14361,0.14405,0.14299,0.14383,15489197.0
1765231200000,0.14382,0.14394,0.14277,0.14324,10772866.0
1765234800000,0.14323,0.14341,0.14191,0.14259,67114413.0
1765238400000,0.1426,0.14271,0.1415,0.14171,13380417.0
1765242000000,0.14171,0.14203,0.14041,0.14071,29708236.0
1765245600000,0.14072,0.14135,0.14056,0.14059,19529863.0
1765249200000,0.1406,0.14175,0.14026,0.1416,24372381.0
1765252800000,0.1416,0.14167,0.14036,0.14046,15725959.0
1765256400000,0.14045,0.14085,0.13987,0.14014,19442357.0
1765260000000,0.14015,0.14045,0.13942,0.14015,20269947.0
1765263600000,0.14015,0.14092,0.13983,0.1408,15861019.0
1765267200000,0.1408,0.14103,0.14044,0.1408,9563860.0
1765270800000,0.1408,0.1408,0.14003,0.14012,9256071.0
1765274400000,0.14013,0.14053,0.13961,0.14027,13509101.0
1765278000000,0.14027,0.14091,0.13995,0.14087,10002595.0
1765281600000,0.14087,0.14179,0.14067,0.14158,15353297.0
1765285200000,0.14157,0.14244,0.14135,0.14178,26524722.0
1765288800000,0.14178,0.14236,0.14049,0.141,65824496.0
1765292400000,0.14101,0.14682,0.14094,0.1463,147027731.0
1765296000000,0.1463,0.15236,0.1463,0.15141,216475550.0
1765299600000,0.15141,0.15319,0.15063,0.15094,120605586.0
1765303200000,0.15095,0.15201,0.1506,0.15131,47808253.0
1765306800000,0.15131,0.15158,0.15047,0.1509,25727433.0
1765310400000,0.15089,0.15158,0.14876,0.14919,62676338.0
1765314000000,0.14918,0.1499,0.14683,0.14797,34351014.0
1765317600000,0.14797,0.14927,0.14788,0.1487,16943787.0
1765321200000,0.14869,0.14899,0.14793,0.14797,13104359.0
1765324800000,0.14796,0.14828,0.14668,0.14671,21542264.0
1765328400000,0.1467,0.14718,0.14622,0.14665,21316958.0
1765332000000,0.14664,0.14731,0.146,0.14725,21813739.0
1765335600000,0.14726,0.14772,0.14684,0.14742,18800303.0
1765339200000,0.14741,0.14784,0.14689,0.14728,13790645.0
1765342800000,0.14728,0.14771,0.14664,0.14689,12622964.0
1765346400000,0.14689,0.14699,0.14652,0.14683,7437841.0
1765350000000,0.14683,0.14683,0.14606,0.14671,10291584.0
1765353600000,0.1467,0.14708,0.14637,0.14642,14486692.0
1765357200000,0.14641,0.14754,0.14571,0.14737,19837242.0
1765360800000,0.14737,0.14814,0.14561,0.14563,29676943.0
1765364400000,0.14563,0.14622,0.14519,0.14587,24679678.0
1765368000000,0.14587,0.14591,0.145,0.14575,13474548.0
1765371600000,0.14574,0.14674,0.14556,0.146,24680352.0
1765375200000,0.14599,0.14599,0.14484,0.1455,18723391.0
1765378800000,0.14549,0.14606,0.14456,0.14516,18407111.0
1765382400000,0.14517,0.14621,0.14492,0.14586,22177868.0
1765386000000,0.14586,0.14681,0.14535,0.14613,14048251.0
1765389600000,0.14612,0.14856,0.14573,0.14693,33608732.0
1765393200000,0.14694,0.14933,0.14541,0.14752,140462144.0
1765396800000,0.14753,0.15031,0.14554,0.1462,114654902.0
1765400400000,0.14619,0.1468,0.14435,0.14454,43069968.0
1765404000000,0.14455,0.14526,0.14235,0.14437,79939437.0
1765407600000,0.14436,0.14484,0.14322,0.14332,31075469.0
1765411200000,0.14332,0.1436,0.14052,0.1412,36593112.0
1765414800000,0.1412,0.14125,0.13944,0.13972,45470592.0
1765418400000,0.13972,0.13977,0.13817,0.13855,70056414.0
1765422000000,0.13854,0.13856,0.13719,0.13808,65194666.0
1765425600000,0.13809,0.13908,0.13739,0.13887,62796030.0
1765429200000,0.13887,0.13905,0.13827,0.13889,23409330.0
1765432800000,0.13888,0.13895,0.1379,0.13857,25217175.0
1765436400000,0.13857,0.13858,0.13797,0.13811,22745872.0
1765440000000,0.1381,0.1381,0.13715,0.13803,24429467.0
1765443600000,0.13802,0.13826,0.1376,0.13777,19995011.0
1765447200000,0.13777,0.13814,0.1375,0.13807,12785499.0
1765450800000,0.13808,0.13845,0.13781,0.13801,17362744.0
1765454400000,0.138,0.13808,0.13752,0.13788,24950008.0
1765458000000,0.13788,0.13821,0.13762,0.13807,18986179.0
1765461600000,0.13806,0.1382,0.13658,0.13719,54788799.0
1765465200000,0.13719,0.13834,0.13672,0.13712,49800917.0
1765468800000,0.13712,0.13764,0.13623,0.13694,34013105.0
1765472400000,0.13695,0.13766,0.13678,0.13706,19551440.0
1765476000000,0.13706,0.13925,0.13687,0.13805,42972889.0
1765479600000,0.13806,0.13965,0.13787,0.1384,38549346.0
1765483200000,0.13839,0.14023,0.13835,0.14005,24290078.0
1765486800000,0.14006,0.14281,0.14003,0.14176,51417539.0
1765490400000,0.14176,0.14225,0.13993,0.14049,22979186.0
1765494000000,0.14048,0.14094,0.13994,0.14033,21641241.0
1765497600000,0.14034,0.14078,0.13871,0.13884,20680855.0
1765501200000,0.13885,0.1407,0.13885,0.14038,15829723.0
1765504800000,0.14037,0.14132,0.1401,0.14118,10129146.0
1765508400000,0.14118,0.14133,0.14034,0.14059,11790508.0
1765512000000,0.14058,0.14069,0.14014,0.14028,7827980.0
1765515600000,0.14028,0.14103,0.13976,0.14087,23042006.0
1765519200000,0.14086,0.14155,0.14061,0.14083,16164794.0
1765522800000,0.14084,0.14093,0.14035,0.14063,10505511.0
1765526400000,0.14062,0.14075,0.13992,0.14043,12298503.0
1765530000000,0.14044,0.14104,0.13997,0.14093,14109815.0
1765533600000,0.14093,0.14138,0.14088,0.14109,11257829.0
1765537200000,0.14109,0.14119,0.14068,0.1411,11570852.0
1765540800000,0.14109,0.1414,0.14075,0.14139,9610316.0
1765544400000,0.14139,0.14139,0.14086,0.14096,12893280.0
1765548000000,0.14097,0.1412,0.13998,0.14066,20062206.0
1765551600000,0.14065,0.14065,0.13503,0.13561,107842607.0
1765555200000,0.13561,0.13641,0.13428,0.13532,94075594.0
1765558800000,0.13531,0.13674,0.13523,0.13569,46180308.0
1765562400000,0.13569,0.13728,0.13552,0.13657,28193905.0
1765566000000,0.13657,0.13663,0.13579,0.1361,12631364.0
1765569600000,0.13609,0.13629,0.13547,0.13611,12076550.0
1765573200000,0.13611,0.13686,0.13602,0.13648,7983619.0
1765576800000,0.13648,0.13705,0.13635,0.13694,8315638.0
1765580400000,0.13693,0.13733,0.13682,0.13692,7223900.0
1765584000000,0.13692,0.13758,0.13691,0.13724,6678232.0
1765587600000,0.13724,0.1375,0.13706,0.13729,5024988.0
1765591200000,0.1373,0.13767,0.13727,0.13732,8575884.0
1765594800000,0.13731,0.1377,0.137,0.13752,11751528.0
1765598400000,0.13752,0.13767,0.13733,0.13753,3690195.0
1765602000000,0.13752,0.13789,0.13716,0.13735,9178353.0
1765605600000,0.13734,0.13755,0.13713,0.13741,8785282.0
1765609200000,0.13741,0.13792,0.1374,0.13777,8295217.0
1765612800000,0.13777,0.13873,0.13777,0.1384,18292955.0
1765616400000,0.1384,0.13864,0.1382,0.13839,6396378.0
1765620000000,0.13838,0.13955,0.13836,0.1395,15334836.0
1765623600000,0.1395,0.13952,0.13869,0.13882,10249237.0
1765627200000,0.13881,0.14002,0.13881,0.13944,13965828.0
1765630800000,0.13944,0.13954,0.13891,0.13921,6781562.0
1765634400000,0.13922,0.13951,0.13854,0.13919,15089380.0
1765638000000,0.13919,0.13999,0.13914,0.1395,8005096.0
1765641600000,0.13949,0.13992,0.13909,0.13945,8941141.0
1765645200000,0.13944,0.13947,0.1389,0.13904,8779804.0
1765648800000,0.13904,0.1394,0.13867,0.13874,12546505.0
1765652400000,0.13874,0.13926,0.13869,0.13899,4150176.0
1765656000000,0.13899,0.13906,0.13865,0.13877,3219281.0
1765659600000,0.13876,0.13909,0.13789,0.13894,11814535.0
1765663200000,0.13894,0.13944,0.13848,0.13923,6014149.0
1765666800000,0.13922,0.13922,0.13873,0.13905,3841642.0
1765670400000,0.13906,0.13919,0.13866,0.13887,6597444.0
1765674000000,0.13887,0.1391,0.13858,0.13878,5109048.0
1765677600000,0.13879,0.13924,0.13872,0.13905,8063049.0
1765681200000,0.13904,0.13925,0.13867,0.13883,6050574.0
1765684800000,0.13883,0.13891,0.13824,0.13845,8982514.0
1765688400000,0.13844,0.13844,0.13765,0.13804,12155552.0
1765692000000,0.13803,0.13819,0.13753,0.13802,7767278.0
1765695600000,0.13803,0.13844,0.13799,0.13824,6848591.0
1765699200000,0.13825,0.13844,0.1378,0.13787,5232357.0
1765702800000,0.13787,0.13787,0.13746,0.13763,6442031.0
1765706400000,0.13764,0.13771,0.13682,0.13748,18480855.0
1765710000000,0.13748,0.13764,0.13573,0.13679,32254546.0
1765713600000,0.13679,0.13723,0.13628,0.13694,13820230.0
1765717200000,0.13694,0.13695,0.13636,0.13691,10758538.0
1765720800000,0.13691,0.13711,0.13513,0.13556,25707590.0
1765724400000,0.13557,0.13568,0.13494,0.13548,25808200.0
1765728000000,0.13547,0.13617,0.13513,0.13555,21548355.0
1765731600000,0.13556,0.13584,0.13332,0.13386,93464560.0
1765735200000,0.13385,0.13492,0.13367,0.13485,17928647.0
1765738800000,0.13485,0.13494,0.13396,0.13432,13477956.0
1765742400000,0.13432,0.13481,0.13352,0.13389,25866747.0
1765746000000,0.13388,0.13443,0.13343,0.13383,11806936.0
1765749600000,0.13384,0.13443,0.13346,0.13426,13289044.0
1765753200000,0.13427,0.13477,0.13261,0.13408,49519874.0
1765756800000,0.13407,0.1353,0.13404,0.13503,27154651.0
1765760400000,0.13504,0.13683,0.13485,0.13639,28946766.0
1765764000000,0.1364,0.13845,0.1364,0.13662,39048296.0
1765767600000,0.13662,0.13725,0.13612,0.13619,13334322.0
1765771200000,0.13619,0.13688,0.13601,0.13662,15944055.0
1765774800000,0.13662,0.13694,0.13655,0.13678,8301519.0
1765778400000,0.13678,0.13727,0.13639,0.13688,7769853.0
1765782000000,0.13689,0.1371,0.13601,0.13635,13824029.0
1765785600000,0.13635,0.13682,0.13614,0.13633,8000412.0
1765789200000,0.13633,0.13738,0.13629,0.13711,11923962.0
1765792800000,0.13711,0.13774,0.13691,0.13708,13688093.0
1765796400000,0.13708,0.13721,0.1365,0.13682,5652872.0
1765800000000,0.13682,0.1371,0.13645,0.13693,6484143.0
1765803600000,0.13692,0.1371,0.13593,0.13638,20885179.0
1765807200000,0.13637,0.13749,0.13272,0.13362,81944008.0
1765810800000,0.13362,0.13374,0.12977,0.13076,208790407.0
1765814400000,0.13076,0.13121,0.12872,0.12967,66954982.0
1765818000000,0.12966,0.12991,0.12785,0.12793,55198795.0
1765821600000,0.12793,0.12848,0.12661,0.12839,41797142.0
1765825200000,0.1284,0.12942,0.1281,0.12889,32633817.0
1765828800000,0.12888,0.12888,0.12752,0.12796,24081384.0
1765832400000,0.12797,0.12904,0.12769,0.12884,18889717.0
1765836000000,0.12885,0.1289,0.12824,0.1289,15853474.0
1765839600000,0.1289,0.12979,0.12883,0.12975,17302558.0
1765843200000,0.12975,0.13014,0.12876,0.12889,19145820.0
1765846800000,0.12889,0.12977,0.12876,0.12926,25624334.0
1765850400000,0.12927,0.12993,0.12882,0.12936,12388242.0
1765854000000,0.12937,0.12956,0.12834,0.12925,20094663.0
1765857600000,0.12925,0.12942,0.12716,0.12898,28654350.0
1765861200000,0.12898,0.12945,0.1287,0.12905,11332260.0
1765864800000,0.12905,0.1302,0.12902,0.12993,11346048.0
1765868400000,0.12994,0.13001,0.12831,0.12843,15672375.0
1765872000000,0.12843,0.12917,0.12837,0.12869,8857227.0
1765875600000,0.12868,0.12921,0.12867,0.12892,7563063.0
1765879200000,0.12893,0.13149,0.12874,0.13087,20511636.0
1765882800000,0.13087,0.13205,0.13056,0.13165,39848545.0
1765886400000,0.13166,0.13191,0.13103,0.1314,17166764.0
1765890000000,0.13139,0.13263,0.12975,0.12983,74773378.0
1765893600000,0.12984,0.13258,0.12888,0.13136,74157609.0
1765897200000,0.13137,0.13305,0.13069,0.13268,44459394.0
1765900800000,0.13269,0.13282,0.13124,0.13164,32015104.0
1765904400000,0.13164,0.13225,0.13102,0.13113,14808173.0
1765908000000,0.13114,0.133,0.13095,0.13233,19667409.0
1765911600000,0.13232,0.13257,0.13137,0.13207,10530391.0
1765915200000,0.13206,0.13248,0.1318,0.13192,7187192.0
1765918800000,0.13192,0.13238,0.13179,0.13214,5496427.0
1765922400000,0.13213,0.13227,0.13175,0.13199,5548270.0
1765926000000,0.13199,0.13203,0.1314,0.13179,10827881.0
1765929600000,0.13179,0.13179,0.13109,0.13144,10832990.0
1765933200000,0.13145,0.13244,0.13145,0.13173,12836515.0
1765936800000,0.13174,0.13211,0.13101,0.13187,5435868.0
1765940400000,0.13188,0.13208,0.13115,0.13125,4572849.0
1765944000000,0.13125,0.13127,0.13063,0.13099,8437046.0
1765947600000,0.13099,0.13112,0.13,0.13099,13736062.0
1765951200000,0.13099,0.13136,0.13081,0.1309,8851618.0
1765954800000,0.1309,0.13142,0.13044,0.13091,11832102.0
1765958400000,0.13091,0.13091,0.13016,0.13029,9977303.0
1765962000000,0.1303,0.1303,0.12949,0.1297,22066053.0
1765965600000,0.12971,0.13019,0.12935,0.12979,11122758.0
1765969200000,0.12979,0.13053,0.12973,0.1303,7005593.0
1765972800000,0.13029,0.13033,0.12966,0.13015,15023776.0
1765976400000,0.13015,0.13136,0.12956,0.13109,25202432.0
1765980000000,0.13109,0.13464,0.12942,0.13448,101879908.0
1765983600000,0.13448,0.13631,0.12967,0.12994,173485329.0
1765987200000,0.12994,0.13076,0.12583,0.12746,155353100.0
1765990800000,0.12745,0.12814,0.12622,0.12669,58024808.0
1765994400000,0.1267,0.12752,0.12534,0.12565,42905201.0
1765998000000,0.12566,0.12646,0.12481,0.12645,41887450.0
1766001600000,0.12646,0.12782,0.12605,0.12679,21578080.0
1766005200000,0.12678,0.12702,0.12572,0.12579,17403100.0
1766008800000,0.1258,0.12686,0.12533,0.12669,18794675.0
1766012400000,0.1267,0.1267,0.12566,0.12633,20655522.0
1766016000000,0.12633,0.12656,0.12601,0.12641,12275706.0
1766019600000,0.12641,0.12641,0.12513,0.12554,35844580.0
1766023200000,0.12554,0.12679,0.12524,0.12627,20581613.0
1766026800000,0.12627,0.12628,0.12522,0.12541,12440754.0
1766030400000,0.12542,0.1259,0.12535,0.12549,13885594.0
1766034000000,0.12548,0.12548,0.12385,0.1242,35688509.0
1766037600000,0.1242,0.12507,0.12401,0.12467,25484287.0
1766041200000,0.12467,0.12508,0.12447,0.12484,19351150.0
1766044800000,0.12485,0.12567,0.12467,0.12523,32319209.0
1766048400000,0.12523,0.12594,0.12483,0.12589,21160034.0
1766052000000,0.12589,0.12646,0.1257,0.12635,19971376.0
1766055600000,0.12635,0.12638,0.1257,0.12614,15794248.0
1766059200000,0.12614,0.12681,0.12578,0.12631,21714753.0
1766062800000,0.12631,0.12972,0.12631,0.12929,139154548.0
1766066400000,0.12929,0.13047,0.12769,0.12863,76084383.0
1766070000000,0.12863,0.13072,0.12789,0.12953,61334728.0
1766073600000,0.12953,0.12979,0.12843,0.12866,33658313.0
1766077200000,0.12865,0.12869,0.12137,0.12362,240135384.0
1766080800000,0.12362,0.12506,0.12276,0.12317,61787314.0
1766084400000,0.12317,0.12338,0.11993,0.12026,114160387.0
1766088000000,0.12025,0.12177,0.12009,0.12078,47878226.0
1766091600000,0.12078,0.12322,0.12077,0.1232,56644934.0
1766095200000,0.12321,0.12373,0.12277,0.12302,22193163.0
1766098800000,0.12302,0.12305,0.1219,0.12207,30460506.0
1766102400000,0.12207,0.12242,0.12153,0.12231,33999523.0
1766106000000,0.12231,0.12231,0.12056,0.12119,23999926.0
1766109600000,0.12118,0.12196,0.12058,0.12158,37097542.0
1766113200000,0.12158,0.1263,0.1215,0.12551,101036422.0
1766116800000,0.12551,0.1265,0.12543,0.12611,50486381.0
1766120400000,0.12612,0.12617,0.12541,0.12569,26182534.0
1766124000000,0.12569,0.12673,0.12539,0.12648,19144892.0
1766127600000,0.12649,0.12885,0.12649,0.12795,46281163.0
1766131200000,0.12795,0.12865,0.12767,0.1282,19622977.0
1766134800000,0.12819,0.12831,0.12757,0.12799,16907273.0
1766138400000,0.12799,0.12835,0.12785,0.12819,16162826.0
1766142000000,0.12819,0.12861,0.128,0.12822,10129617.0
1766145600000,0.12822,0.12896,0.12792,0.12859,19293091.0
1766149200000,0.1286,0.1291,0.12819,0.12856,22678707.0
1766152800000,0.12857,0.13048,0.12794,0.12946,66183391.0
1766156400000,0.12947,0.13207,0.12915,0.12962,91014316.0
1766160000000,0.12961,0.1325,0.12957,0.13102,82895603.0
1766163600000,0.13102,0.13225,0.12967,0.12968,52256342.0
1766167200000,0.12968,0.13149,0.12968,0.13124,28282853.0
1766170800000,0.13125,0.13353,0.13125,0.13288,41835761.0
1766174400000,0.13289,0.13342,0.1326,0.13303,32838984.0
1766178000000,0.13302,0.13305,0.13176,0.13197,18715866.0
1766181600000,0.13197,0.13293,0.13196,0.13252,15247541.0
1766185200000,0.13252,0.13258,0.13215,0.13222,14210556.0
1766188800000,0.13222,0.13229,0.13101,0.13112,16123233.0
1766192400000,0.13111,0.13125,0.13088,0.13106,12896686.0
1766196000000,0.13106,0.13142,0.13073,0.13109,17031161.0
1766199600000,0.13109,0.13182,0.1309,0.13147,22044987.0
1766203200000,0.13148,0.13157,0.13069,0.13086,11347258.0
1766206800000,0.13087,0.13151,0.13077,0.13107,6544610.0
1766210400000,0.13108,0.1314,0.13105,0.13121,2591831.0
1766214000000,0.13122,0.13167,0.13094,0.13157,6700017.0
1766217600000,0.13157,0.13261,0.13151,0.13193,17889037.0
1766221200000,0.13193,0.13251,0.13192,0.13225,12268810.0
1766224800000,0.13226,0.13236,0.13159,0.13171,10669268.0
1766228400000,0.13171,0.13217,0.13156,0.13197,7798795.0
1766232000000,0.13198,0.13214,0.13175,0.13181,5997510.0
1766235600000,0.1318,0.13218,0.13135,0.13206,17954005.0
1766239200000,0.13207,0.13238,0.13122,0.13227,9927831.0
1766242800000,0.13228,0.13234,0.13164,0.1321,14346432.0
1766246400000,0.1321,0.1323,0.13168,0.13189,9907924.0
1766250000000,0.13189,0.13217,0.1316,0.13172,5507079.0
1766253600000,0.13172,0.13234,0.1316,0.13216,12948820.0
1766257200000,0.13215,0.13236,0.13193,0.13217,3424482.0
1766260800000,0.13218,0.13232,0.132,0.13228,6671644.0
1766264400000,0.13227,0.13246,0.1321,0.13213,9036989.0
1766268000000,0.13214,0.13237,0.13153,0.13221,10972435.0
1766271600000,0.1322,0.13238,0.13192,0.13194,6296857.0
1766275200000,0.13193,0.13219,0.13174,0.13195,4652138.0
1766278800000,0.13194,0.13194,0.13112,0.13114,9722670.0
1766282400000,0.13115,0.13142,0.13049,0.13087,17412485.0
1766286000000,0.13087,0.13163,0.13076,0.13112,8131844.0
1766289600000,0.13112,0.13131,0.13095,0.13116,4583972.0
1766293200000,0.13115,0.13178,0.13112,0.13149,6187099.0
1766296800000,0.13149,0.13168,0.13138,0.13151,3762895.0
1766300400000,0.13151,0.13155,0.13122,0.13136,4518899.0
1766304000000,0.13136,0.13307,0.13122,0.13281,15075498.0
1766307600000,0.13281,0.13342,0.13233,0.13277,20547907.0
1766311200000,0.13278,0.13296,0.1317,0.13193,12966193.0
1766314800000,0.13193,0.13199,0.13138,0.13174,5352913.0
1766318400000,0.13174,0.13233,0.13116,0.13172,12239231.0
1766322000000,0.13172,0.13175,0.12871,0.12897,65694245.0
1766325600000,0.12896,0.13008,0.12881,0.12968,23315557.0
1766329200000,0.12969,0.12989,0.12898,0.12953,19813469.0
1766332800000,0.12952,0.13032,0.12912,0.1301,15333055.0
1766336400000,0.13011,0.13049,0.12974,0.13002,12449542.0
1766340000000,0.13001,0.13004,0.12914,0.12973,12059774.0
1766343600000,0.12973,0.13057,0.12949,0.13037,12705304.0
1766347200000,0.13037,0.13039,0.12979,0.12992,2866730.0
1766350800000,0.12993,0.13015,0.12936,0.12957,4618710.0
1766354400000,0.12957,0.13063,0.12944,0.13057,7583651.0
1766358000000,0.13057,0.1314,0.13057,0.13112,13423944.0
1766361600000,0.13113,0.13424,0.13113,0.13165,56576132.0
1766365200000,0.13165,0.13301,0.13138,0.1314,23034047.0
1766368800000,0.13141,0.13144,0.12952,0.13095,43026372.0
1766372400000,0.13096,0.13287,0.1306,0.13204,17942117.0
1766376000000,0.13205,0.13274,0.13202,0.13247,16246218.0
1766379600000,0.13247,0.13263,0.13186,0.13191,14658524.0
1766383200000,0.13191,0.13204,0.13151,0.13164,8288337.0
1766386800000,0.13164,0.13241,0.13152,0.1321,5976833.0
1766390400000,0.1321,0.1333,0.13171,0.13227,31823087.0
1766394000000,0.13228,0.13263,0.13182,0.13232,12699795.0
1766397600000,0.13231,0.13258,0.13198,0.13222,11552115.0
1766401200000,0.13223,0.13327,0.13191,0.13288,14050552.0
1766404800000,0.13289,0.1342,0.13259,0.13329,33004173.0
1766408400000,0.13329,0.13349,0.13253,0.13293,29007093.0
1766412000000,0.13293,0.13444,0.13273,0.13407,43243155.0
1766415600000,0.13408,0.1354,0.13267,0.13439,39903110.0
1766419200000,0.13439,0.13521,0.13367,0.13369,25024550.0
1766422800000,0.1337,0.13407,0.13307,0.13392,16435425.0
1766426400000,0.13392,0.13519,0.13372,0.1343,24947878.0
1766430000000,0.1343,0.13439,0.13166,0.13193,37355298.0
1766433600000,0.13192,0.13241,0.13089,0.13122,28820997.0
1766437200000,0.13121,0.13217,0.13121,0.13143,10397810.0
1766440800000,0.13144,0.13269,0.13111,0.1325,21427828.0
1766444400000,0.13249,0.13263,0.13202,0.13258,13112349.0
1766448000000,0.13258,0.13342,0.1323,0.13327,15882742.0
1766451600000,0.13328,0.13348,0.13243,0.13291,12081783.0
1766455200000,0.1329,0.13369,0.13201,0.13227,14500894.0
1766458800000,0.13227,0.13276,0.13133,0.13251,19505084.0
1766462400000,0.13252,0.13307,0.13192,0.13192,10105395.0
1766466000000,0.13191,0.132,0.13053,0.13116,20690740.0
1766469600000,0.13115,0.1314,0.1301,0.13078,26245146.0
1766473200000,0.13078,0.13093,0.12991,0.13046,43884388.0
1766476800000,0.13046,0.13091,0.12996,0.13008,11497027.0
1766480400000,0.13007,0.13049,0.12997,0.13025,14752502.0
1766484000000,0.13026,0.13096,0.1302,0.13086,8108667.0
1766487600000,0.13085,0.1314,0.13069,0.13111,9893913.0
1766491200000,0.13111,0.13112,0.1301,0.13028,13237996.0
1766494800000,0.13027,0.13052,0.12915,0.1296,32043652.0
1766498400000,0.12959,0.13053,0.12789,0.12891,70149887.0
1766502000000,0.1289,0.12978,0.12853,0.12951,33933466.0
1766505600000,0.12951,0.13095,0.12907,0.1305,44935083.0
1766509200000,0.1305,0.1307,0.12825,0.12839,32438503.0
1766512800000,0.12838,0.13013,0.1283,0.12981,21338978.0
1766516400000,0.12982,0.12998,0.12874,0.129,10308849.0
1766520000000,0.12899,0.13051,0.12862,0.1295,17005686.0
1766523600000,0.12951,0.12962,0.12922,0.12955,6394773.0
1766527200000,0.12955,0.12997,0.12904,0.12943,10619692.0
1766530800000,0.12942,0.12968,0.129,0.12928,7860024.0
1766534400000,0.12929,0.13006,0.12912,0.13002,8772040.0
1766538000000,0.13002,0.13038,0.12945,0.12976,11980313.0
1766541600000,0.12976,0.12978,0.12781,0.12826,21356710.0
1766545200000,0.12826,0.12866,0.12751,0.1285,20504275.0
1766548800000,0.12849,0.12893,0.12762,0.12763,10688586.0
1766552400000,0.12762,0.12799,0.127,0.12732,19712153.0
1766556000000,0.12733,0.12734,0.1267,0.12723,15583255.0
1766559600000,0.12724,0.1277,0.12708,0.12709,16221800.0
1766563200000,0.12709,0.12736,0.12651,0.12721,19125297.0
1766566800000,0.12722,0.12769,0.12722,0.12756,6496332.0
1766570400000,0.12755,0.12797,0.12733,0.12759,9267293.0
1766574000000,0.12759,0.12842,0.12759,0.128,10025062.0
1766577600000,0.12801,0.12852,0.12772,0.12842,6870780.0
1766581200000,0.12841,0.12844,0.12773,0.1281,5729350.0
1766584800000,0.12811,0.12862,0.1268,0.12736,40182945.0
1766588400000,0.12737,0.12846,0.12695,0.12837,19862421.0
1766592000000,0.12836,0.12946,0.12806,0.1287,26788268.0
1766595600000,0.12871,0.12908,0.12791,0.12796,12671398.0
1766599200000,0.12796,0.12824,0.12762,0.12796,9897889.0
1766602800000,0.12796,0.1282,0.12766,0.12817,9270052.0
1766606400000,0.12817,0.12873,0.1281,0.12822,7184089.0
1766610000000,0.12821,0.12875,0.12821,0.12856,8619716.0
1766613600000,0.12855,0.12938,0.12851,0.12921,10490529.0
1766617200000,0.12921,0.12927,0.12852,0.12856,8394201.0
1766620800000,0.12855,0.12867,0.12791,0.12797,7837375.0
1766624400000,0.12798,0.12872,0.12797,0.12863,8114101.0
1766628000000,0.12862,0.12903,0.1284,0.12876,5047233.0
1766631600000,0.12876,0.12909,0.12851,0.12879,7083139.0
1766635200000,0.12878,0.12885,0.12858,0.12874,9537026.0
1766638800000,0.12874,0.12874,0.12828,0.12839,11046028.0
1766642400000,0.12838,0.12857,0.1281,0.12835,8469924.0
1766646000000,0.12834,0.12837,0.12773,0.12795,11507992.0
1766649600000,0.12795,0.12858,0.12681,0.1274,28607447.0
1766653200000,0.1274,0.12753,0.12714,0.12746,8843882.0
1766656800000,0.12746,0.12747,0.12561,0.12606,33234723.0
1766660400000,0.12606,0.12653,0.126,0.12623,11336271.0
1766664000000,0.12624,0.1267,0.12613,0.12668,9646725.0
1766667600000,0.12668,0.1267,0.1259,0.1264,16218698.0
1766671200000,0.12639,0.12654,0.12591,0.12636,19259501.0
1766674800000,0.12637,0.12826,0.12622,0.12762,36768196.0
1766678400000,0.12762,0.12801,0.12672,0.12708,27368125.0
1766682000000,0.12708,0.12725,0.1268,0.12705,12495030.0
1766685600000,0.12706,0.12764,0.12706,0.12742,14683848.0
1766689200000,0.12741,0.12748,0.12693,0.12714,7206381.0
1766692800000,0.12714,0.12728,0.12668,0.12707,11141295.0
1766696400000,0.12706,0.1273,0.12692,0.12692,6860879.0
1766700000000,0.12691,0.12695,0.12319,0.12401,59410621.0
1766703600000,0.12402,0.12472,0.123,0.12365,47074023.0
1766707200000,0.12364,0.124,0.12313,0.12371,38679578.0
1766710800000,0.12371,0.12417,0.12358,0.12398,21465604.0
1766714400000,0.12398,0.12752,0.12384,0.12628,84797402.0
1766718000000,0.12629,0.1265,0.12546,0.12604,29446047.0
1766721600000,0.12603,0.12607,0.12536,0.12572,53410393.0
1766725200000,0.12572,0.12578,0.12528,0.12566,24272048.0
1766728800000,0.12566,0.12624,0.12562,0.12599,19364760.0
1766732400000,0.12599,0.12669,0.12522,0.12537,26632289.0
1766736000000,0.12537,0.126,0.12535,0.12583,14579099.0
1766739600000,0.12582,0.12611,0.12552,0.12588,20080819.0
1766743200000,0.12588,0.12591,0.12556,0.12573,7239108.0
1766746800000,0.12573,0.12573,0.12527,0.12537,9659207.0
1766750400000,0.12537,0.12588,0.12536,0.12577,9508642.0
1766754000000,0.12577,0.1264,0.12563,0.12621,12623072.0
1766757600000,0.12621,0.12626,0.12238,0.12268,73351280.0
1766761200000,0.12268,0.12268,0.12129,0.12214,89334312.0
1766764800000,0.12214,0.12228,0.12064,0.12078,57724196.0
1766768400000,0.12077,0.12198,0.12068,0.12163,31734942.0
1766772000000,0.12163,0.12224,0.12156,0.12186,12060238.0
1766775600000,0.12186,0.12247,0.12174,0.12211,17234721.0
1766779200000,0.12212,0.12262,0.12186,0.12222,17433572.0
1766782800000,0.12222,0.12227,0.12175,0.12179,10255447.0
1766786400000,0.12179,0.12221,0.12165,0.12216,15853232.0
1766790000000,0.12215,0.12218,0.12173,0.12211,23142132.0
1766793600000,0.12211,0.12248,0.12193,0.12221,9700137.0
1766797200000,0.12222,0.12269,0.12214,0.12268,6347767.0
1766800800000,0.12268,0.12279,0.12231,0.12265,9240918.0
1766804400000,0.12265,0.12342,0.12248,0.12329,11600567.0
1766808000000,0.1233,0.12337,0.12274,0.12281,7718587.0
1766811600000,0.12281,0.12295,0.1227,0.12284,7420405.0
1766815200000,0.12283,0.12292,0.12257,0.12269,10732591.0
1766818800000,0.12269,0.12323,0.12269,0.12271,8917206.0
1766822400000,0.1227,0.12285,0.12245,0.12253,7968663.0
1766826000000,0.12254,0.12287,0.1225,0.1227,10014808.0
1766829600000,0.1227,0.12287,0.12204,0.1225,12926110.0
1766833200000,0.12251,0.12312,0.12224,0.12305,12192517.0
1766836800000,0.12305,0.1234,0.12278,0.12289,15466681.0
1766840400000,0.12289,0.12298,0.12261,0.1227,9241173.0
1766844000000,0.1227,0.12297,0.12242,0.12279,7639890.0
1766847600000,0.1228,0.12322,0.12273,0.12304,8784306.0
1766851200000,0.12304,0.1233,0.12264,0.12274,12029478.0
1766854800000,0.12274,0.12304,0.12264,0.123,5140856.0
1766858400000,0.12299,0.12307,0.12283,0.12292,6170677.0
1766862000000,0.12291,0.12298,0.12275,0.12293,3720519.0
1766865600000,0.12294,0.12335,0.12292,0.12301,6108061.0
1766869200000,0.12301,0.1237,0.12301,0.12359,13096461.0
1766872800000,0.1236,0.12452,0.12316,0.12327,14029359.0
1766876400000,0.12327,0.12492,0.12327,0.12435,26013510.0
1766880000000,0.12435,0.12466,0.12399,0.1241,12551504.0
1766883600000,0.1241,0.1242,0.12368,0.12382,8585025.0
1766887200000,0.12382,0.12429,0.12377,0.12405,7858272.0
1766890800000,0.12406,0.1242,0.12395,0.12412,8225756.0
1766894400000,0.12411,0.12424,0.124,0.12402,6324261.0
1766898000000,0.12402,0.12409,0.12376,0.1239,8210971.0
1766901600000,0.1239,0.1243,0.12382,0.12419,6552989.0
1766905200000,0.12419,0.12439,0.12407,0.12417,6265789.0
1766908800000,0.12418,0.1244,0.12391,0.12404,7877249.0
1766912400000,0.12404,0.12405,0.12349,0.12372,10856915.0
1766916000000,0.12372,0.12422,0.12368,0.12386,8049380.0
1766919600000,0.12387,0.12414,0.12375,0.12397,4839042.0
1766923200000,0.12398,0.12424,0.12383,0.12394,5666116.0
1766926800000,0.12395,0.12423,0.12393,0.12418,5650002.0
1766930400000,0.12418,0.1248,0.12414,0.12449,17266779.0
1766934000000,0.12449,0.1249,0.12418,0.12425,10346004.0
1766937600000,0.12425,0.12467,0.12398,0.12416,8708116.0
1766941200000,0.12416,0.12459,0.12414,0.12423,4073466.0
1766944800000,0.12424,0.12428,0.12314,0.12336,24643660.0
1766948400000,0.12337,0.12385,0.12318,0.12346,11101162.0
1766952000000,0.12346,0.12358,0.12318,0.12322,6666325.0
1766955600000,0.12321,0.12346,0.12277,0.12346,16003510.0
1766959200000,0.12346,0.12407,0.12293,0.12396,7209172.0
1766962800000,0.12396,0.12411,0.12324,0.12393,7862734.0
1766966400000,0.12394,0.1257,0.12378,0.12515,30718762.0
1766970000000,0.12514,0.12604,0.12437,0.12576,36191489.0
1766973600000,0.12576,0.12709,0.12576,0.12638,61035571.0
1766977200000,0.12639,0.12777,0.12629,0.12749,39603895.0
1766980800000,0.12749,0.12805,0.1273,0.12737,31446087.0
1766984400000,0.12737,0.12766,0.12682,0.12688,22078034.0
1766988000000,0.12689,0.12722,0.12655,0.12696,19240864.0
1766991600000,0.12697,0.12724,0.12622,0.12715,26862296.0
1766995200000,0.12716,0.12723,0.12647,0.12666,21285759.0
1766998800000,0.12666,0.12676,0.12432,0.12496,57362604.0
1767002400000,0.12495,0.1258,0.12481,0.12528,21482071.0
1767006000000,0.12528,0.12549,0.12488,0.1249,14968018.0
1767009600000,0.12489,0.12502,0.12251,0.12393,56390875.0
1767013200000,0.12393,0.12404,0.12315,0.12357,18743384.0
1767016800000,0.12356,0.12491,0.12323,0.1237,55910343.0
1767020400000,0.1237,0.12475,0.12354,0.1241,37914228.0
1767024000000,0.1241,0.12413,0.12325,0.12365,16510260.0
1767027600000,0.12366,0.12404,0.12325,0.12402,16291385.0
1767031200000,0.12402,0.12417,0.12273,0.12303,18390832.0
1767034800000,0.12304,0.12348,0.1228,0.12286,19459782.0
1767038400000,0.12287,0.12304,0.12228,0.1225,18774861.0
1767042000000,0.1225,0.12304,0.12242,0.12291,10038875.0
1767045600000,0.12291,0.1233,0.12238,0.12288,11813445.0
1767049200000,0.12289,0.12317,0.12272,0.12288,11012404.0
1767052800000,0.12288,0.1231,0.12255,0.12285,7785526.0
1767056400000,0.12286,0.12307,0.12253,0.1229,8126196.0
1767060000000,0.1229,0.12292,0.1224,0.12272,9546800.0
1767063600000,0.12273,0.12374,0.12247,0.12348,12702624.0
1767067200000,0.12348,0.12365,0.12323,0.12348,16054163.0
1767070800000,0.12347,0.1235,0.12288,0.12296,6440955.0
1767074400000,0.12296,0.12363,0.12293,0.12329,8604054.0
1767078000000,0.12328,0.12384,0.12323,0.1237,13397202.0
1767081600000,0.12371,0.12486,0.12371,0.12452,36343195.0
1767085200000,0.12452,0.1249,0.1243,0.12459,13307814.0
1767088800000,0.12459,0.12525,0.12454,0.12455,96762003.0
1767092400000,0.12455,0.12498,0.12443,0.12457,27032884.0
1767096000000,0.12458,0.12489,0.12353,0.12375,111311104.0
1767099600000,0.12375,0.12435,0.12356,0.12418,46831582.0
1767103200000,0.12418,0.12537,0.12317,0.12489,61591102.0
1767106800000,0.12488,0.12508,0.12384,0.12455,20296345.0
1767110400000,0.12455,0.12502,0.12388,0.12416,22556533.0
1767114000000,0.12416,0.12443,0.12338,0.12373,18524122.0
1767117600000,0.12372,0.12384,0.12311,0.1234,19449410.0
1767121200000,0.12341,0.12348,0.1226,0.12331,23753234.0
1767124800000,0.1233,0.12333,0.12257,0.12264,13099096.0
1767128400000,0.12264,0.12299,0.12256,0.12286,15487418.0
1767132000000,0.12286,0.12332,0.12281,0.12326,9708859.0
1767135600000,0.12326,0.12347,0.12308,0.12336,8788476.0
1767139200000,0.12335,0.12336,0.12291,0.12302,10248567.0
1767142800000,0.12302,0.12376,0.12293,0.12331,13453096.0
1767146400000,0.12331,0.12362,0.12305,0.12356,17499846.0
1767150000000,0.12355,0.12362,0.12301,0.12312,6005754.0
1767153600000,0.12313,0.12325,0.12296,0.12298,5538674.0
1767157200000,0.12299,0.12332,0.12297,0.12317,7982833.0
1767160800000,0.12316,0.12321,0.12304,0.12307,4527302.0
1767164400000,0.12308,0.12338,0.12289,0.12338,10537503.0
1767168000000,0.12338,0.1237,0.12298,0.12307,8794768.0
1767171600000,0.12307,0.12326,0.123,0.12315,5802077.0
1767175200000,0.12314,0.12326,0.12282,0.12305,8678570.0
1767178800000,0.12305,0.12361,0.12299,0.12343,14652582.0
1767182400000,0.12342,0.12346,0.12288,0.123,8853705.0
1767186000000,0.12299,0.1233,0.12285,0.1232,10175891.0
1767189600000,0.12321,0.12381,0.12276,0.12298,19116562.0
1767193200000,0.12298,0.12298,0.12058,0.12116,70082469.0
1767196800000,0.12116,0.12153,0.11626,0.119,198914160.0
1767200400000,0.11899,0.11903,0.11793,0.11802,44340192.0
1767204000000,0.11802,0.11829,0.11714,0.1172,44209622.0
1767207600000,0.11721,0.11758,0.11715,0.11727,29220505.0
1767211200000,0.11727,0.11738,0.11612,0.11716,58282361.0
1767214800000,0.11717,0.11765,0.11712,0.11751,16306055.0
1767218400000,0.1175,0.11782,0.11707,0.11769,30850534.0
1767222000000,0.11768,0.11768,0.11731,0.11747,26261980.0
1767225600000,0.11747,0.11798,0.11742,0.11793,28094637.0
1767229200000,0.11793,0.11867,0.11792,0.11853,22374664.0
1767232800000,0.11854,0.1188,0.11833,0.11856,10576648.0
1767236400000,0.11857,0.1187,0.11819,0.1183,12765997.0
1767240000000,0.1183,0.11843,0.11796,0.11802,13614678.0
1767243600000,0.11801,0.11873,0.11799,0.11855,8270785.0
1767247200000,0.11855,0.11866,0.11831,0.11845,8040695.0
1767250800000,0.11845,0.11866,0.11837,0.11843,11642766.0
1767254400000,0.11843,0.12042,0.11837,0.12039,36204438.0
1767258000000,0.12039,0.12126,0.12021,0.12038,76309656.0
1767261600000,0.12039,0.12075,0.12025,0.12055,17863954.0
1767265200000,0.12056,0.12093,0.12039,0.12066,9641566.0
1767268800000,0.12066,0.1208,0.12048,0.12063,11765414.0
1767272400000,0.12064,0.12108,0.12058,0.12083,20091969.0
1767276000000,0.12082,0.12108,0.12029,0.12076,23426043.0
1767279600000,0.12076,0.1275,0.12066,0.12469,173890194.0
1767283200000,0.12468,0.12555,0.12363,0.1244,111013443.0
1767286800000,0.12439,0.12549,0.1243,0.12492,54109791.0
1767290400000,0.12492,0.12531,0.12453,0.12478,44504112.0
1767294000000,0.12478,0.12588,0.12473,0.12584,30590256.0
1767297600000,0.12584,0.1264,0.12549,0.1261,60355256.0
1767301200000,0.12611,0.12633,0.12567,0.12628,36320628.0
1767304800000,0.12628,0.12703,0.12628,0.12665,32684620.0
1767308400000,0.12665,0.12724,0.1264,0.12683,32413503.0
1767312000000,0.12682,0.12695,0.12592,0.12647,29277795.0
1767315600000,0.12647,0.12698,0.12625,0.12662,23342406.0
1767319200000,0.12662,0.12704,0.12622,0.12687,18869870.0
1767322800000,0.12687,0.12947,0.12658,0.12867,84353057.0
1767326400000,0.12867,0.1291,0.12785,0.12831,38695875.0
1767330000000,0.12831,0.12842,0.1275,0.12815,27822233.0
1767333600000,0.12815,0.12887,0.12814,0.12858,32543522.0
1767337200000,0.12859,0.12878,0.12772,0.12793,24006066.0
1767340800000,0.12793,0.12894,0.12792,0.12884,45807258.0
1767344400000,0.12885,0.13482,0.12867,0.13277,219178330.0
1767348000000,0.13277,0.13354,0.13203,0.13301,90965781.0
1767351600000,0.13301,0.13308,0.12852,0.12947,144636948.0
1767355200000,0.12948,0.13192,0.12929,0.13139,67931242.0
1767358800000,0.1314,0.13253,0.13115,0.13169,94715669.0
1767362400000,0.13169,0.13542,0.12955,0.13403,310976637.0
1767366000000,0.13403,0.13623,0.13309,0.13528,128629096.0
1767369600000,0.13528,0.13855,0.13484,0.13838,152060972.0
1767373200000,0.13837,0.13982,0.138,0.13931,104107565.0
1767376800000,0.13932,0.13997,0.13745,0.13836,100589348.0
1767380400000,0.13836,0.13954,0.13829,0.13949,60928276.0
1767384000000,0.1395,0.14053,0.13892,0.13957,60697541.0
1767387600000,0.13957,0.14231,0.13946,0.14137,78877346.0
1767391200000,0.14136,0.14498,0.14125,0.1443,203969996.0
1767394800000,0.1443,0.14435,0.14145,0.14188,97049015.0
1767398400000,0.14187,0.14329,0.14186,0.14194,60078356.0
1767402000000,0.14193,0.14294,0.14166,0.14214,44205725.0
1767405600000,0.14215,0.14373,0.14106,0.14352,67703860.0
1767409200000,0.14352,0.14451,0.14301,0.14407,44390259.0
1767412800000,0.14408,0.14431,0.14263,0.14286,37753602.0
1767416400000,0.14287,0.14334,0.14213,0.14295,33037909.0
1767420000000,0.14294,0.14389,0.14132,0.14201,49703847.0
1767423600000,0.142,0.14221,0.13914,0.14002,124675942.0
1767427200000,0.14001,0.14151,0.13938,0.14087,70320406.0
1767430800000,0.14088,0.14323,0.14033,0.14261,77041856.0
1767434400000,0.14262,0.14329,0.14245,0.14267,46734647.0
1767438000000,0.14268,0.14284,0.14221,0.14252,42660661.0
1767441600000,0.14252,0.14308,0.14227,0.14262,59386740.0
1767445200000,0.14263,0.14317,0.14246,0.14294,39361473.0
1767448800000,0.14295,0.14346,0.14224,0.14251,33796111.0
1767452400000,0.14251,0.14279,0.14221,0.14225,20223156.0
1767456000000,0.14226,0.1424,0.14093,0.14119,55414214.0
1767459600000,0.1412,0.14188,0.14074,0.14158,20605274.0
1767463200000,0.14158,0.14244,0.14135,0.14182,18680072.0
1767466800000,0.14182,0.14182,0.14142,0.14167,5469867.0
1767470400000,0.14167,0.14261,0.14127,0.1423,19324827.0
1767474000000,0.14231,0.14294,0.14207,0.1424,20327436.0
1767477600000,0.1424,0.1432,0.14213,0.14275,17024386.0
1767481200000,0.14275,0.14372,0.14271,0.14315,19975167.0
1767484800000,0.14314,0.14712,0.14278,0.14635,129019184.0
1767488400000,0.14634,0.14661,0.14503,0.14653,41883386.0
1767492000000,0.14653,0.14749,0.14605,0.14716,41479937.0
1767495600000,0.14716,0.15196,0.14675,0.15102,166912658.0
1767499200000,0.15103,0.15333,0.15077,0.15207,94348479.0
1767502800000,0.15208,0.15296,0.15138,0.15277,46248983.0
1767506400000,0.15277,0.15413,0.14979,0.1504,108411483.0
1767510000000,0.15041,0.15202,0.15025,0.15151,50703521.0
1767513600000,0.15151,0.15246,0.15067,0.15216,53509841.0
1767517200000,0.15216,0.1528,0.15135,0.1522,37938487.0
1767520800000,0.15221,0.15286,0.15194,0.15235,29495646.0
1767524400000,0.15234,0.15235,0.15115,0.15194,36830753.0
1767528000000,0.15194,0.15418,0.15154,0.15294,75141522.0
1767531600000,0.15293,0.1533,0.15175,0.15216,31574329.0
1767535200000,0.15216,0.15255,0.15042,0.15141,57488237.0
1767538800000,0.1514,0.15178,0.15042,0.15143,41870529.0
1767542400000,0.15143,0.15218,0.15053,0.15196,55407716.0
1767546000000,0.15196,0.15285,0.15178,0.15219,30385487.0
1767549600000,0.15219,0.15227,0.15081,0.15173,29280360.0
1767553200000,0.15172,0.15175,0.14771,0.14987,103241831.0
1767556800000,0.14987,0.15069,0.14962,0.14992,20432107.0
1767560400000,0.14991,0.15069,0.14889,0.14939,31504659.0
1767564000000,0.1494,0.14994,0.14859,0.14901,26037736.0
1767567600000,0.14901,0.15023,0.1488,0.14953,31875989.0
1767571200000,0.14952,0.15129,0.14884,0.15047,75102815.0
1767574800000,0.15047,0.15248,0.15004,0.15175,71352335.0
1767578400000,0.15175,0.1522,0.15051,0.15191,43342213.0
1767582000000,0.1519,0.15224,0.15138,0.15157,17541116.0
1767585600000,0.15157,0.15171,0.14874,0.1506,56826786.0
1767589200000,0.1506,0.15105,0.15025,0.15026,22692237.0
1767592800000,0.15025,0.15109,0.14931,0.15058,38461558.0
1767596400000,0.15057,0.1508,0.14995,0.15,10853708.0
1767600000000,0.15,0.15073,0.14923,0.14923,23765397.0
1767603600000,0.14923,0.14933,0.14632,0.1469,71870096.0
1767607200000,0.14691,0.14827,0.14581,0.14725,67920710.0
1767610800000,0.14725,0.14792,0.14676,0.14778,30977124.0
1767614400000,0.14778,0.14787,0.14691,0.14738,15346039.0
1767618000000,0.14739,0.14801,0.14649,0.14701,31578185.0
1767621600000,0.14701,0.14888,0.1463,0.14823,50650754.0
1767625200000,0.14823,0.14946,0.14648,0.14886,71631064.0
1767628800000,0.14886,0.15141,0.14844,0.15047,88550759.0
1767632400000,0.15047,0.15386,0.14881,0.153,111039879.0
1767636000000,0.15301,0.15305,0.15095,0.15219,53704050.0
1767639600000,0.1522,0.15299,0.1513,0.15175,26764520.0
1767643200000,0.15175,0.1545,0.15085,0.15145,54068635.0
1767646800000,0.15145,0.15328,0.15119,0.15185,40568896.0
1767650400000,0.15184,0.15321,0.15139,0.15266,22852458.0
1767654000000,0.15266,0.15288,0.15164,0.15171,17584576.0
1767657600000,0.15171,0.15214,0.1492,0.15199,61960895.0
1767661200000,0.152,0.15451,0.15127,0.15149,69811384.0
1767664800000,0.1515,0.15288,0.15137,0.15152,34351324.0
1767668400000,0.15153,0.15314,0.15101,0.1528,29320186.0
1767672000000,0.1528,0.15295,0.15181,0.15186,23832913.0
1767675600000,0.15186,0.15206,0.15102,0.15145,27570152.0
1767679200000,0.15144,0.15243,0.15053,0.15113,36360435.0
1767682800000,0.15114,0.1512,0.14918,0.14957,42268020.0
1767686400000,0.14958,0.15042,0.14952,0.14969,24024667.0
1767690000000,0.14969,0.15091,0.14954,0.1506,16685068.0
1767693600000,0.15059,0.15089,0.15011,0.15065,14898071.0
1767697200000,0.15066,0.15095,0.15027,0.15048,26324700.0
1767700800000,0.15047,0.15212,0.1501,0.15183,23608976.0
1767704400000,0.15183,0.15206,0.15128,0.15157,18102418.0
1767708000000,0.15158,0.15656,0.15158,0.15262,196734176.0
1767711600000,0.15263,0.15353,0.14913,0.14999,101751650.0
1767715200000,0.14998,0.15033,0.14417,0.14553,227005446.0
1767718800000,0.14552,0.14666,0.14352,0.14418,111497318.0
1767722400000,0.14417,0.14615,0.14366,0.14555,45112705.0
1767726000000,0.14556,0.14599,0.14528,0.14588,17750217.0
1767729600000,0.14588,0.14743,0.14585,0.14721,21148418.0
1767733200000,0.14721,0.15086,0.14672,0.14972,60576052.0
1767736800000,0.14971,0.15077,0.14959,0.14995,26769512.0
1767740400000,0.14994,0.15105,0.14982,0.15055,14854044.0
1767744000000,0.15055,0.15055,0.14808,0.14819,31140106.0
1767747600000,0.14818,0.14873,0.14719,0.14757,33943450.0
1767751200000,0.14757,0.14857,0.14693,0.14853,24796378.0
1767754800000,0.14853,0.14934,0.14822,0.14838,19204722.0
1767758400000,0.14838,0.14875,0.1477,0.14823,10131747.0
1767762000000,0.14824,0.14853,0.14734,0.14765,13898433.0
1767765600000,0.14764,0.14864,0.14763,0.14819,10105794.0
1767769200000,0.14819,0.14919,0.14815,0.14907,11089471.0
1767772800000,0.14907,0.15405,0.14903,0.15346,131234606.0
1767776400000,0.15346,0.15348,0.14833,0.1485,84806782.0
1767780000000,0.1485,0.14898,0.14753,0.14839,30416115.0
1767783600000,0.14839,0.14955,0.14831,0.14891,20808892.0
1767787200000,0.1489,0.14895,0.14794,0.14806,17357914.0
1767790800000,0.14806,0.14886,0.14746,0.14778,17847366.0
1767794400000,0.14778,0.1481,0.1451,0.14778,80953353.0
1767798000000,0.14779,0.14787,0.14487,0.14611,72348380.0
1767801600000,0.14611,0.14792,0.14602,0.14761,36044388.0
1767805200000,0.14762,0.1485,0.14678,0.14706,31190907.0
1767808800000,0.14705,0.14743,0.14606,0.14657,25345188.0
1767812400000,0.14656,0.14723,0.14549,0.1466,28001528.0
1767816000000,0.1466,0.14693,0.14554,0.14625,16068274.0
1767819600000,0.14626,0.14702,0.14626,0.14644,10888365.0
1767823200000,0.14643,0.1473,0.14544,0.14612,17625245.0
1767826800000,0.14612,0.14724,0.14545,0.14642,21855012.0
1767830400000,0.14642,0.14756,0.14581,0.14718,14606539.0
1767834000000,0.14719,0.14777,0.14654,0.14741,17015321.0
1767837600000,0.14742,0.14765,0.14565,0.14599,21649319.0
1767841200000,0.14599,0.14659,0.14458,0.14525,17411086.0
1767844800000,0.14525,0.14741,0.14489,0.14693,25311133.0
1767848400000,0.14694,0.14736,0.1454,0.14561,15856724.0
1767852000000,0.14561,0.14578,0.14238,0.1425,116045472.0
1767855600000,0.14251,0.14415,0.14124,0.14399,67272482.0
1767859200000,0.14399,0.14491,0.14324,0.14354,28693124.0
1767862800000,0.14355,0.144,0.14226,0.14236,19079469.0
1767866400000,0.14235,0.14334,0.14136,0.14303,49202837.0
1767870000000,0.14302,0.14314,0.138,0.14099,153588320.0
1767873600000,0.141,0.14102,0.13913,0.13954,51057350.0
1767877200000,0.13954,0.14029,0.13928,0.13972,24293094.0
1767880800000,0.13972,0.14021,0.13823,0.13968,57772559.0
1767884400000,0.13968,0.14211,0.13902,0.14186,104525523.0
1767888000000,0.14187,0.14246,0.14059,0.14237,49865493.0
1767891600000,0.14238,0.14324,0.14163,0.1431,36683415.0
1767895200000,0.14309,0.14317,0.14183,0.14215,18595585.0
1767898800000,0.14215,0.14295,0.1417,0.1419,17470523.0
1767902400000,0.1419,0.14231,0.14093,0.14205,15163109.0
1767906000000,0.14206,0.14307,0.14198,0.1429,12483720.0
1767909600000,0.14291,0.14345,0.14177,0.14253,14988985.0
1767913200000,0.14253,0.14289,0.14194,0.14194,10878335.0
1767916800000,0.14195,0.14262,0.14195,0.14252,8537480.0
1767920400000,0.14252,0.14366,0.14116,0.14191,41973605.0
1767924000000,0.1419,0.14338,0.14184,0.14201,17275999.0
1767927600000,0.14202,0.14309,0.14184,0.143,11566193.0
1767931200000,0.14301,0.14319,0.1422,0.1424,10770079.0
1767934800000,0.1424,0.14305,0.14225,0.14295,13588092.0
1767938400000,0.14294,0.1432,0.14256,0.14314,10085062.0
1767942000000,0.14314,0.14316,0.14195,0.14196,18271990.0
1767945600000,0.14197,0.14216,0.13881,0.13969,92827328.0
1767949200000,0.13968,0.14101,0.13967,0.1407,22282016.0
1767952800000,0.14071,0.14124,0.14039,0.14086,11401732.0
1767956400000,0.14086,0.14104,0.14018,0.14034,11175637.0
1767960000000,0.14034,0.14053,0.13973,0.13993,19044744.0
1767963600000,0.13994,0.14163,0.13992,0.14051,39419881.0
1767967200000,0.14051,0.14054,0.13861,0.13892,60406958.0
1767970800000,0.13892,0.14462,0.13825,0.14211,136244821.0
1767974400000,0.14212,0.14425,0.14204,0.14368,46905343.0
1767978000000,0.14368,0.14381,0.14117,0.14251,27942456.0
1767981600000,0.1425,0.1426,0.13907,0.14048,33245660.0
1767985200000,0.14048,0.14048,0.13895,0.13954,20325198.0
1767988800000,0.13953,0.14043,0.13934,0.13988,15383973.0
1767992400000,0.13989,0.14097,0.13958,0.14088,15597430.0
1767996000000,0.14087,0.14118,0.1402,0.14103,12421278.0
1767999600000,0.14102,0.14113,0.1405,0.14071,6917986.0
1768003200000,0.1407,0.14072,0.14013,0.1403,4849900.0
1768006800000,0.14029,0.14052,0.14005,0.14034,4274940.0
1768010400000,0.14034,0.14072,0.13975,0.14028,6946117.0
1768014000000,0.14027,0.14055,0.13974,0.14028,7600474.0
1768017600000,0.14029,0.14045,0.13964,0.14017,10764035.0
1768021200000,0.14017,0.14054,0.14004,0.1401,4918290.0
1768024800000,0.14009,0.14019,0.13946,0.1399,9875857.0
1768028400000,0.1399,0.14061,0.13985,0.14039,10952896.0
1768032000000,0.14039,0.14048,0.13951,0.13984,22921907.0
1768035600000,0.13984,0.14039,0.13972,0.14019,22094219.0
1768039200000,0.1402,0.14056,0.14006,0.14049,9326234.0
1768042800000,0.14049,0.14051,0.13976,0.14003,14051557.0
1768046400000,0.14003,0.14031,0.13988,0.14019,8755015.0
1768050000000,0.14019,0.14045,0.13987,0.14014,6689326.0
1768053600000,0.14014,0.14015,0.1396,0.13993,10339662.0
1768057200000,0.13993,0.1402,0.13987,0.13998,9123551.0
1768060800000,0.13997,0.14025,0.13971,0.14002,6170410.0
1768064400000,0.14003,0.1403,0.13969,0.13973,7570233.0
1768068000000,0.13973,0.14014,0.13951,0.13996,11348918.0
1768071600000,0.13996,0.14038,0.13987,0.14033,6592177.0
1768075200000,0.14034,0.14048,0.14001,0.14006,3880345.0
1768078800000,0.14005,0.14007,0.13974,0.13988,7393688.0
1768082400000,0.13989,0.14,0.13906,0.13918,7743488.0
1768086000000,0.13919,0.13985,0.13904,0.13965,5466510.0
1768089600000,0.13965,0.13965,0.13874,0.13897,16906184.0
1768093200000,0.13898,0.13918,0.13856,0.13912,12086674.0
1768096800000,0.13913,0.13944,0.1389,0.13909,10707957.0
1768100400000,0.1391,0.13923,0.13891,0.1391,5608775.0
1768104000000,0.13911,0.13924,0.13875,0.1392,9179126.0
1768107600000,0.1392,0.13983,0.139,0.13954,12986271.0
1768111200000,0.13953,0.13975,0.13905,0.13968,10561018.0
1768114800000,0.13969,0.14005,0.13949,0.14003,6135022.0
1768118400000,0.14004,0.14031,0.13979,0.14019,8949022.0
1768122000000,0.14019,0.14037,0.13982,0.13999,6766282.0
1768125600000,0.13999,0.1402,0.13976,0.13991,5034540.0
1768129200000,0.1399,0.13991,0.13946,0.13971,7267376.0
1768132800000,0.13972,0.1412,0.13964,0.14094,16085766.0
1768136400000,0.14094,0.14103,0.14031,0.14047,9868916.0
1768140000000,0.14046,0.14118,0.1404,0.14094,8462850.0
1768143600000,0.14095,0.14109,0.13674,0.13817,75871650.0
1768147200000,0.13817,0.13997,0.13807,0.13885,52202241.0
1768150800000,0.13885,0.13907,0.13781,0.1388,16286178.0
1768154400000,0.13881,0.13881,0.13797,0.13854,11458370.0
1768158000000,0.13854,0.13859,0.13726,0.13759,15551201.0
1768161600000,0.13758,0.1376,0.13585,0.13689,34468875.0
1768165200000,0.13688,0.13777,0.13588,0.13764,28476369.0
1768168800000,0.13764,0.13764,0.13636,0.13703,18987747.0
1768172400000,0.13702,0.13833,0.13607,0.13801,19500993.0
1768176000000,0.13801,0.13876,0.13664,0.13874,32677027.0
1768179600000,0.13873,0.13958,0.13843,0.13919,37942022.0
1768183200000,0.13919,0.14213,0.13908,0.14156,55550708.0
1768186800000,0.14157,0.14237,0.14029,0.14042,43710709.0
1768190400000,0.14042,0.14104,0.14016,0.14081,17708501.0
1768194000000,0.1408,0.14134,0.14014,0.14101,17840763.0
1768197600000,0.141,0.141,0.13947,0.13959,18357917.0
1768201200000,0.13959,0.14029,0.13779,0.13793,31919397.0
1768204800000,0.13792,0.13872,0.1356,0.13681,81576696.0
1768208400000,0.13682,0.13718,0.13646,0.13668,25332156.0
1768212000000,0.13669,0.13719,0.13612,0.13637,19791234.0
1768215600000,0.13638,0.13697,0.13624,0.13669,12658431.0
1768219200000,0.1367,0.13679,0.13621,0.13633,19533871.0
1768222800000,0.13634,0.13653,0.13561,0.13611,26976649.0
1768226400000,0.1361,0.13743,0.13492,0.1368,59540745.0
1768230000000,0.1368,0.13864,0.13628,0.13847,60639943.0
1768233600000,0.13846,0.14014,0.13822,0.13935,41855986.0
1768237200000,0.13935,0.13967,0.13683,0.138,32502493.0
1768240800000,0.13801,0.139,0.13763,0.13811,13105125.0
1768244400000,0.13811,0.13846,0.13762,0.13832,7654653.0
1768248000000,0.13832,0.13892,0.13718,0.13726,11741954.0
1768251600000,0.13725,0.13727,0.13555,0.13615,21404532.0
1768255200000,0.13615,0.13719,0.13607,0.13695,17065016.0
1768258800000,0.13695,0.13706,0.13628,0.13662,13956352.0
1768262400000,0.13661,0.1371,0.13636,0.13698,32287370.0
1768266000000,0.13697,0.13742,0.13626,0.13666,11008282.0
1768269600000,0.13666,0.13737,0.13665,0.13682,13413645.0
1768273200000,0.13682,0.13739,0.13654,0.1371,13690818.0
1768276800000,0.13711,0.13789,0.13711,0.13786,16102905.0
1768280400000,0.13785,0.13958,0.13782,0.13892,31544951.0
1768284000000,0.13893,0.13953,0.13859,0.13903,27889011.0
1768287600000,0.13904,0.13907,0.1384,0.13864,15942623.0
1768291200000,0.13864,0.13999,0.1386,0.1397,26624797.0
1768294800000,0.13969,0.14037,0.13916,0.13962,29228505.0
1768298400000,0.13961,0.1402,0.13923,0.13936,16226293.0
1768302000000,0.13937,0.13941,0.13888,0.13906,22643941.0
1768305600000,0.13906,0.13969,0.13875,0.13948,9674058.0
1768309200000,0.13948,0.14087,0.13918,0.13963,56137580.0
1768312800000,0.13962,0.14189,0.13892,0.14043,67220783.0
1768316400000,0.14042,0.14235,0.13936,0.14214,53477455.0
1768320000000,0.14213,0.14358,0.14207,0.14285,85834544.0
1768323600000,0.14286,0.1431,0.14195,0.14242,28610023.0
1768327200000,0.14242,0.14382,0.14222,0.14328,27364017.0
1768330800000,0.14329,0.14478,0.14308,0.14439,29718114.0
1768334400000,0.1444,0.14505,0.14353,0.1442,44335914.0
1768338000000,0.14421,0.14484,0.14413,0.14457,20805177.0
1768341600000,0.14457,0.15047,0.14457,0.14967,197519414.0
1768345200000,0.14968,0.15095,0.14741,0.14828,84828004.0
1768348800000,0.14828,0.14932,0.1479,0.14828,39802677.0
1768352400000,0.14828,0.1487,0.1472,0.14765,33024349.0
1768356000000,0.14765,0.14892,0.14727,0.14831,34428518.0
1768359600000,0.14831,0.14976,0.14799,0.14961,34447727.0
1768363200000,0.1496,0.14983,0.14849,0.14856,33252437.0
1768366800000,0.14856,0.14856,0.14742,0.1477,23652946.0
1768370400000,0.1477,0.14828,0.14687,0.14816,29932683.0
1768374000000,0.14816,0.14885,0.14799,0.14847,21252973.0
1768377600000,0.14847,0.14875,0.14785,0.14786,15993550.0
1768381200000,0.14786,0.14863,0.14785,0.14821,11743780.0
1768384800000,0.1482,0.1483,0.14701,0.14737,20706179.0
1768388400000,0.14736,0.14739,0.14581,0.146,25808523.0
1768392000000,0.14599,0.14695,0.14582,0.14663,18356712.0
1768395600000,0.14663,0.14698,0.14562,0.14578,16202313.0
1768399200000,0.14577,0.14945,0.14565,0.14838,66751036.0
1768402800000,0.14839,0.14983,0.14745,0.14899,85759186.0
1768406400000,0.14899,0.15133,0.14892,0.14976,99594167.0
1768410000000,0.14976,0.15045,0.14769,0.148,49435689.0
1768413600000,0.148,0.14888,0.14628,0.14766,42664944.0
1768417200000,0.14766,0.14954,0.14727,0.14789,57777789.0
1768420800000,0.14789,0.14916,0.1468,0.14729,54574035.0
1768424400000,0.14728,0.14787,0.14672,0.14749,18681929.0
1768428000000,0.14749,0.14765,0.1463,0.1466,23425991.0
1768431600000,0.14661,0.14802,0.14659,0.14718,15941926.0
1768435200000,0.14719,0.14721,0.14542,0.14585,32393695.0
1768438800000,0.14586,0.14656,0.14434,0.14466,39670599.0
1768442400000,0.14465,0.14507,0.14357,0.14401,26320147.0
1768446000000,0.14401,0.14432,0.14242,0.1427,53512998.0
1768449600000,0.1427,0.14366,0.14258,0.14346,27860505.0
1768453200000,0.14345,0.14393,0.14327,0.14358,28047576.0
1768456800000,0.14357,0.14388,0.14282,0.14314,18018643.0
1768460400000,0.14314,0.14449,0.14302,0.14417,23663367.0
1768464000000,0.14417,0.14424,0.14354,0.14418,12365378.0
1768467600000,0.14418,0.14509,0.14343,0.14451,28070483.0
1768471200000,0.1445,0.14456,0.14373,0.14404,13318319.0
1768474800000,0.14404,0.14432,0.14332,0.1437,12312543.0
1768478400000,0.14369,0.14438,0.14354,0.14434,14210461.0
1768482000000,0.14435,0.14495,0.14401,0.14454,17326940.0
1768485600000,0.14455,0.14499,0.14186,0.14282,53407347.0
1768489200000,0.14281,0.1432,0.14007,0.1421,78859664.0
1768492800000,0.14209,0.14246,0.14053,0.14168,129932161.0
1768496400000,0.14169,0.14234,0.14064,0.14087,40776210.0
1768500000000,0.14087,0.14133,0.13963,0.14011,39422806.0
1768503600000,0.1401,0.14039,0.13915,0.14001,29777726.0
1768507200000,0.14,0.1405,0.13881,0.1392,31820567.0
1768510800000,0.13921,0.14001,0.1391,0.13969,9930948.0
1768514400000,0.13968,0.1404,0.13957,0.14009,11809868.0
1768518000000,0.14008,0.14031,0.13975,0.14004,12757237.0
1768521600000,0.14005,0.14045,0.13988,0.14,18133085.0
1768525200000,0.14001,0.14041,0.13951,0.14018,15291980.0
1768528800000,0.14017,0.14023,0.13913,0.14023,33381519.0
1768532400000,0.14023,0.14035,0.13935,0.13942,12396669.0
1768536000000,0.13942,0.13974,0.13844,0.13899,27642027.0
1768539600000,0.13899,0.14025,0.13896,0.14005,20776150.0
1768543200000,0.14005,0.14036,0.13988,0.14026,9497519.0
1768546800000,0.14026,0.14032,0.13967,0.14003,9831707.0
1768550400000,0.14003,0.14035,0.13991,0.13997,15122722.0
1768554000000,0.13997,0.14011,0.13938,0.13942,8540479.0
1768557600000,0.13942,0.13951,0.13892,0.13907,11677706.0
1768561200000,0.13908,0.13926,0.13703,0.13802,359419610.0
1768564800000,0.13801,0.13808,0.13714,0.13798,80081207.0
1768568400000,0.13798,0.13825,0.1374,0.13792,28279284.0
1768572000000,0.13791,0.13842,0.13752,0.13777,38708527.0
1768575600000,0.13778,0.13832,0.1351,0.13601,89857348.0
1768579200000,0.13602,0.13686,0.13562,0.13651,47159139.0
1768582800000,0.1365,0.13725,0.13584,0.13718,25766329.0
1768586400000,0.13719,0.1374,0.13687,0.13717,16241643.0
1768590000000,0.13717,0.13742,0.1364,0.13725,15748905.0
1768593600000,0.13725,0.13799,0.13627,0.13794,30266547.0
1768597200000,0.13795,0.13813,0.13746,0.1377,33313010.0
1768600800000,0.1377,0.13816,0.13734,0.13814,19669851.0
1768604400000,0.13813,0.13846,0.13791,0.13813,24038382.0
1768608000000,0.13813,0.13838,0.13783,0.13819,14879436.0
1768611600000,0.13819,0.13859,0.13804,0.13816,8586090.0
1768615200000,0.13817,0.13821,0.1373,0.13769,24836907.0
1768618800000,0.13769,0.1378,0.13731,0.1374,6817683.0
1768622400000,0.13741,0.1379,0.13719,0.13775,7973813.0
1768626000000,0.13775,0.13789,0.13742,0.13761,11418068.0
1768629600000,0.1376,0.13762,0.13715,0.13722,13423733.0
1768633200000,0.13723,0.13747,0.13682,0.1373,11499344.0
1768636800000,0.1373,0.13758,0.13722,0.13751,9300237.0
1768640400000,0.13752,0.1377,0.13725,0.13726,12320147.0
1768644000000,0.13725,0.13774,0.13709,0.13756,7817193.0
1768647600000,0.13756,0.13795,0.13723,0.13771,12593875.0
1768651200000,0.1377,0.13792,0.13753,0.13759,8266693.0
1768654800000,0.1376,0.13787,0.1374,0.13782,12702969.0
1768658400000,0.13782,0.13858,0.13756,0.13846,16614209.0
1768662000000,0.13846,0.14003,0.13822,0.13953,54556158.0
1768665600000,0.13953,0.13992,0.13821,0.13873,48190725.0
1768669200000,0.13873,0.13916,0.13853,0.13886,9976787.0
1768672800000,0.13885,0.13893,0.13857,0.13873,6413119.0
1768676400000,0.13874,0.13889,0.13845,0.13869,5981451.0
1768680000000,0.1387,0.139,0.13856,0.13869,5944390.0
1768683600000,0.13869,0.13871,0.13831,0.13863,7214202.0
1768687200000,0.13863,0.13863,0.1373,0.13779,17022402.0
1768690800000,0.13778,0.13802,0.13768,0.13788,8778048.0
1768694400000,0.13788,0.13835,0.13743,0.13758,16307064.0
1768698000000,0.13759,0.13768,0.13684,0.13709,23011679.0
1768701600000,0.1371,0.13744,0.13681,0.13694,14832888.0
1768705200000,0.13695,0.13765,0.13692,0.13742,7352967.0
1768708800000,0.13742,0.13753,0.13706,0.13749,6154488.0
1768712400000,0.13748,0.13749,0.13698,0.1373,9682771.0
1768716000000,0.1373,0.13737,0.13697,0.13729,6505622.0
1768719600000,0.13728,0.13732,0.13669,0.13714,8265331.0
1768723200000,0.13714,0.13757,0.13688,0.13741,7971318.0
1768726800000,0.1374,0.13761,0.13721,0.13753,5407114.0
1768730400000,0.13754,0.13771,0.13707,0.13719,17483969.0
1768734000000,0.13718,0.13738,0.13707,0.13716,4148690.0
1768737600000,0.13717,0.13746,0.13695,0.13706,11480652.0
1768741200000,0.13706,0.13733,0.13659,0.13709,17668232.0
1768744800000,0.13709,0.13807,0.13663,0.13678,29086934.0
1768748400000,0.13678,0.13695,0.13632,0.13656,17055820.0
1768752000000,0.13657,0.13712,0.13638,0.13672,9379581.0
1768755600000,0.13671,0.13698,0.13632,0.13687,13542974.0
1768759200000,0.13687,0.13785,0.13659,0.13767,15935067.0
1768762800000,0.13767,0.1379,0.1369,0.13717,9039197.0
1768766400000,0.13717,0.13778,0.13689,0.13741,6495700.0
1768770000000,0.13741,0.13754,0.13705,0.13724,5610417.0
1768773600000,0.13723,0.13796,0.13722,0.1377,8267950.0
1768777200000,0.1377,0.1377,0.13133,0.13164,208353525.0
1768780800000,0.13163,0.13163,0.12,0.12664,620255182.0
1768784400000,0.12663,0.12746,0.12612,0.12665,96637356.0
1768788000000,0.12665,0.12747,0.12629,0.12717,56906852.0
1768791600000,0.12717,0.1275,0.12688,0.12735,35831510.0
1768795200000,0.12734,0.1276,0.1268,0.12719,38836590.0
1768798800000,0.12718,0.12771,0.12695,0.12719,36248199.0
1768802400000,0.12719,0.12721,0.1265,0.12684,35930078.0
1768806000000,0.12684,0.1273,0.12684,0.1272,18209305.0
1768809600000,0.1272,0.1284,0.12708,0.12823,54058428.0
1768813200000,0.12823,0.12831,0.12755,0.12789,26282638.0
1768816800000,0.12789,0.12793,0.12746,0.12777,20393927.0
1768820400000,0.12778,0.12804,0.12762,0.12785,21233193.0
1768824000000,0.12786,0.12826,0.12732,0.12781,26752315.0
1768827600000,0.12781,0.12836,0.1276,0.12801,16538879.0
1768831200000,0.12802,0.12899,0.12783,0.12825,35293760.0
1768834800000,0.12825,0.12865,0.12774,0.12781,32198141.0
1768838400000,0.1278,0.12952,0.12771,0.12918,35070223.0
1768842000000,0.12917,0.12931,0.12869,0.12909,17684998.0
1768845600000,0.12909,0.12966,0.12899,0.12907,17180619.0
1768849200000,0.12908,0.13019,0.12908,0.12988,22269028.0
1768852800000,0.12988,0.13053,0.12971,0.13027,19867571.0
1768856400000,0.13027,0.13066,0.12953,0.12957,13819586.0
1768860000000,0.12956,0.12971,0.12857,0.12861,24642762.0
1768863600000,0.1286,0.1297,0.12852,0.12916,25222701.0
1768867200000,0.12917,0.12934,0.12862,0.1287,14292084.0
1768870800000,0.1287,0.1292,0.12807,0.12862,15635548.0
1768874400000,0.12862,0.12891,0.12807,0.12845,17038488.0
1768878000000,0.12846,0.12861,0.12774,0.12798,16228789.0
1768881600000,0.12797,0.12824,0.12758,0.1277,15881733.0
1768885200000,0.12769,0.12826,0.12716,0.12801,41946262.0
1768888800000,0.12802,0.12802,0.12645,0.12685,44894095.0
1768892400000,0.12685,0.12745,0.12673,0.12677,21352212.0
1768896000000,0.12677,0.12703,0.1253,0.12612,63586807.0
1768899600000,0.12611,0.1262,0.12543,0.12573,28590921.0
1768903200000,0.12574,0.12614,0.12544,0.12554,21458189.0
1768906800000,0.12554,0.12594,0.12515,0.12526,11461111.0
1768910400000,0.12527,0.12599,0.12519,0.12586,12684462.0
1768914000000,0.12587,0.12587,0.12461,0.12474,43963466.0
1768917600000,0.12473,0.12676,0.1247,0.12564,78848279.0
1768921200000,0.12565,0.12609,0.12417,0.1252,67822188.0
1768924800000,0.1252,0.12568,0.12332,0.12388,58048362.0
1768928400000,0.12387,0.12483,0.12329,0.12384,41048865.0
1768932000000,0.12385,0.12432,0.12342,0.1237,32612622.0
1768935600000,0.12371,0.12429,0.12334,0.12395,18059834.0
1768939200000,0.12394,0.12448,0.12347,0.1242,23178481.0
1768942800000,0.12421,0.12431,0.12355,0.12394,12445848.0
1768946400000,0.12394,0.12434,0.12178,0.12367,71770159.0
1768950000000,0.12367,0.12378,0.1231,0.12336,21481313.0
1768953600000,0.12336,0.12523,0.1232,0.12515,43491270.0
1768957200000,0.12515,0.12588,0.12508,0.12578,31470639.0
1768960800000,0.12578,0.1265,0.12574,0.12587,24266806.0
1768964400000,0.12587,0.12611,0.12544,0.12552,16875848.0
1768968000000,0.12551,0.12574,0.1253,0.12536,8502701.0
1768971600000,0.12537,0.1264,0.1253,0.12588,42295541.0
1768975200000,0.12587,0.12589,0.12499,0.12532,37800254.0
1768978800000,0.12532,0.1257,0.1248,0.12497,17695882.0
1768982400000,0.12496,0.12503,0.1238,0.12434,23152275.0
1768986000000,0.12433,0.12476,0.12405,0.12447,11449712.0
1768989600000,0.12446,0.12495,0.12421,0.12423,12485572.0
1768993200000,0.12422,0.12449,0.12286,0.1231,24456736.0
1768996800000,0.12309,0.12325,0.12157,0.12279,62722438.0
1769000400000,0.12279,0.12336,0.12238,0.12264,32062667.0
1769004000000,0.12264,0.12627,0.12254,0.12584,103148957.0
1769007600000,0.12583,0.12663,0.12502,0.12638,60980975.0
1769011200000,0.12638,0.12645,0.1204,0.12078,88700178.0
1769014800000,0.12077,0.12225,0.12029,0.12203,59436347.0
1769018400000,0.12203,0.12388,0.12168,0.12355,30076627.0
1769022000000,0.12355,0.12837,0.12317,0.1281,83814418.0
1769025600000,0.12811,0.12834,0.12645,0.12781,34036836.0
1769029200000,0.12782,0.1287,0.12749,0.12807,18550511.0
1769032800000,0.12807,0.12884,0.12716,0.12728,19416828.0
1769036400000,0.12729,0.12791,0.12624,0.12654,55784757.0
1769040000000,0.12653,0.12748,0.12653,0.12713,22231288.0
1769043600000,0.12713,0.12784,0.12694,0.12777,12568137.0
1769047200000,0.12777,0.12794,0.12699,0.12709,15649419.0
1769050800000,0.12709,0.12757,0.12645,0.12692,11778123.0
1769054400000,0.12691,0.12742,0.12689,0.12725,13270782.0
1769058000000,0.12725,0.12734,0.12683,0.12706,10462005.0
1769061600000,0.12706,0.12719,0.12641,0.12677,15401475.0
1769065200000,0.12678,0.12683,0.126,0.12611,14486391.0
1769068800000,0.12611,0.12651,0.12575,0.12649,10730118.0
1769072400000,0.12648,0.12718,0.12629,0.12695,14267020.0
1769076000000,0.12695,0.12704,0.12644,0.12662,11203059.0
1769079600000,0.12661,0.12661,0.12573,0.12588,17299774.0
1769083200000,0.12588,0.12605,0.12563,0.12564,15505631.0
1769086800000,0.12563,0.12652,0.12501,0.12544,29322410.0
1769090400000,0.12543,0.12566,0.12396,0.12428,40117422.0
1769094000000,0.12429,0.12495,0.12322,0.1243,38551545.0
1769097600000,0.12431,0.12559,0.12413,0.12511,29803313.0
1769101200000,0.12511,0.12553,0.12449,0.1253,18409613.0
1769104800000,0.12529,0.12529,0.1242,0.1243,17630493.0
1769108400000,0.12429,0.12516,0.1239,0.12475,10209931.0
1769112000000,0.12475,0.12489,0.12365,0.12403,24132001.0
1769115600000,0.12404,0.12459,0.12381,0.12401,7176848.0
1769119200000,0.12402,0.12443,0.12383,0.12428,15662555.0
1769122800000,0.12428,0.12452,0.12375,0.12437,9087064.0
1769126400000,0.12437,0.12462,0.12404,0.1244,10972718.0
1769130000000,0.1244,0.12543,0.1244,0.12529,25889107.0
1769133600000,0.12529,0.12538,0.12472,0.12477,13094585.0
1769137200000,0.12476,0.12574,0.12474,0.1255,21563439.0
1769140800000,0.1255,0.12598,0.12527,0.12577,22473910.0
1769144400000,0.12577,0.12577,0.12514,0.12536,10747156.0
1769148000000,0.12537,0.12593,0.12487,0.12504,33991282.0
1769151600000,0.12504,0.12535,0.12495,0.12508,12156922.0
1769155200000,0.12508,0.12531,0.12419,0.12449,13858882.0
1769158800000,0.12448,0.12503,0.12436,0.12482,12818307.0
1769162400000,0.12482,0.12531,0.12471,0.125,7424035.0
1769166000000,0.12501,0.12544,0.12495,0.12519,12065948.0
1769169600000,0.12518,0.12535,0.12493,0.12516,9254955.0
1769173200000,0.12516,0.12519,0.12444,0.12454,5930844.0
1769176800000,0.12453,0.12459,0.12203,0.12302,68049011.0
1769180400000,0.12303,0.12493,0.12251,0.12471,38547987.0
1769184000000,0.12472,0.1264,0.12434,0.12576,37750167.0
1769187600000,0.12576,0.12788,0.12508,0.12635,47303143.0
1769191200000,0.12634,0.1271,0.12601,0.12645,23647512.0
1769194800000,0.12645,0.12645,0.12433,0.12473,46555388.0
1769198400000,0.12473,0.12507,0.12321,0.12381,25973163.0
1769202000000,0.1238,0.12458,0.12368,0.12419,9349785.0
1769205600000,0.12418,0.12516,0.12415,0.12512,12705616.0
1769209200000,0.12511,0.12511,0.12436,0.12477,11458990.0
1769212800000,0.12478,0.12487,0.12435,0.12436,3830989.0
1769216400000,0.12435,0.12452,0.12409,0.12432,3748950.0
1769220000000,0.12432,0.12452,0.12426,0.12435,3875657.0
1769223600000,0.12434,0.12486,0.12426,0.12444,5737399.0
1769227200000,0.12444,0.12488,0.1244,0.12457,5786952.0
1769230800000,0.12458,0.12461,0.12433,0.1245,7383803.0
1769234400000,0.12449,0.1246,0.12431,0.12446,6272869.0
1769238000000,0.12447,0.12449,0.12402,0.1242,6325532.0
1769241600000,0.1242,0.1247,0.12412,0.12469,7328003.0
1769245200000,0.12468,0.12469,0.12445,0.12453,3602853.0
1769248800000,0.12453,0.1248,0.12436,0.12476,5148557.0
1769252400000,0.12476,0.12494,0.12461,0.12462,6663990.0
1769256000000,0.12463,0.12475,0.12441,0.12457,9527791.0
1769259600000,0.12458,0.12458,0.12403,0.12403,7662306.0
1769263200000,0.12402,0.1243,0.12391,0.12409,22158551.0
1769266800000,0.12409,0.12425,0.12352,0.12369,7828363.0
1769270400000,0.12368,0.12412,0.12291,0.1239,21971352.0
1769274000000,0.1239,0.12416,0.1237,0.12416,8296567.0
1769277600000,0.12416,0.12422,0.124,0.12407,2556640.0
1769281200000,0.12408,0.12424,0.12389,0.12415,4171375.0
1769284800000,0.12414,0.12453,0.12412,0.12422,2525484.0
1769288400000,0.12422,0.12434,0.12403,0.12433,5304096.0
1769292000000,0.12433,0.12475,0.12431,0.12462,5733267.0
1769295600000,0.12462,0.1247,0.12418,0.12423,5249309.0
1769299200000,0.12422,0.12435,0.12395,0.12421,13629645.0
1769302800000,0.12421,0.1243,0.1236,0.12373,11395314.0
1769306400000,0.12373,0.12397,0.12366,0.12387,4589147.0
1769310000000,0.12387,0.12394,0.123,0.1233,13326057.0
1769313600000,0.1233,0.1236,0.12318,0.12333,4688093.0
1769317200000,0.12334,0.1235,0.12322,0.12345,4230121.0
1769320800000,0.12345,0.12345,0.12292,0.12317,10446114.0
1769324400000,0.12318,0.12318,0.12265,0.123,7274387.0
1769328000000,0.123,0.12309,0.12234,0.12269,8299829.0
1769331600000,0.1227,0.12343,0.12256,0.1232,12757518.0
1769335200000,0.1232,0.1237,0.12298,0.12346,12396476.0
1769338800000,0.12345,0.12357,0.12315,0.12335,6175558.0
1769342400000,0.12335,0.12335,0.12284,0.12326,7800540.0
1769346000000,0.12325,0.12338,0.12291,0.12324,5585855.0
1769349600000,0.12325,0.1233,0.12172,0.12215,27492754.0
1769353200000,0.12214,0.12273,0.12199,0.1223,31829037.0
1769356800000,0.1223,0.1223,0.11969,0.1209,135193678.0
1769360400000,0.1209,0.12124,0.12035,0.12078,20428709.0
1769364000000,0.12078,0.12094,0.11932,0.1202,66210916.0
1769367600000,0.12019,0.1204,0.11764,0.1188,91963485.0
1769371200000,0.11879,0.11942,0.11784,0.1184,49634078.0
1769374800000,0.1184,0.1197,0.11837,0.11962,42963962.0
1769378400000,0.11962,0.11965,0.11854,0.11911,30328894.0
1769382000000,0.11912,0.11964,0.11851,0.11945,25837309.0
1769385600000,0.11945,0.12077,0.11924,0.12068,28089538.0
1769389200000,0.12069,0.12282,0.12067,0.12253,59784097.0
1769392800000,0.12253,0.1226,0.12162,0.12182,28681152.0
1769396400000,0.12182,0.12223,0.12104,0.12132,17237684.0
1769400000000,0.12132,0.12298,0.12132,0.12207,21243014.0
1769403600000,0.12208,0.12215,0.12151,0.12164,9557544.0
1769407200000,0.12164,0.12184,0.12129,0.12167,28635352.0
1769410800000,0.12167,0.12204,0.12148,0.12174,17776565.0
1769414400000,0.12175,0.1226,0.12137,0.12178,25868833.0
1769418000000,0.12178,0.12185,0.12065,0.12075,25007846.0
1769421600000,0.12075,0.1214,0.12072,0.12122,11116143.0
1769425200000,0.12123,0.12157,0.12045,0.12103,63843988.0
1769428800000,0.12104,0.12153,0.12104,0.12135,18985144.0
1769432400000,0.12135,0.12192,0.12124,0.12172,18508861.0
1769436000000,0.12171,0.1233,0.12112,0.12279,63631182.0
1769439600000,0.12278,0.12381,0.12173,0.12225,62978970.0
1769443200000,0.12226,0.12333,0.12216,0.12267,34828358.0
1769446800000,0.12268,0.12306,0.12147,0.12231,33441470.0
1769450400000,0.1223,0.12349,0.12217,0.12293,28809628.0
1769454000000,0.12294,0.12327,0.1222,0.12241,14265111.0
1769457600000,0.1224,0.12245,0.12155,0.12175,11952614.0
1769461200000,0.12174,0.1231,0.12154,0.1225,24938100.0
1769464800000,0.1225,0.12295,0.12231,0.12253,39887703.0
1769468400000,0.12252,0.12285,0.12219,0.12236,19018100.0
1769472000000,0.12236,0.12249,0.12195,0.12224,15707380.0
1769475600000,0.12224,0.12289,0.12194,0.12255,29694996.0
1769479200000,0.12256,0.12325,0.12256,0.1232,14087508.0
1769482800000,0.12319,0.12333,0.12273,0.12287,9934830.0
1769486400000,0.12286,0.1235,0.12255,0.12284,12172655.0
1769490000000,0.12285,0.12292,0.12239,0.12263,19022306.0
1769493600000,0.12263,0.12269,0.12201,0.12218,23456318.0
1769497200000,0.12219,0.12249,0.1221,0.1222,7185587.0
1769500800000,0.12219,0.12245,0.12207,0.12222,6852761.0
1769504400000,0.12222,0.12231,0.12181,0.122,22374610.0
1769508000000,0.12201,0.12212,0.12168,0.12191,14316856.0
1769511600000,0.12191,0.12273,0.12167,0.1224,45863698.0
1769515200000,0.1224,0.12285,0.122,0.1221,17812266.0
1769518800000,0.12209,0.1223,0.12139,0.12162,20966254.0
1769522400000,0.12162,0.1228,0.12157,0.12189,23699960.0
1769526000000,0.1219,0.12301,0.12176,0.12299,25288698.0
1769529600000,0.12299,0.12565,0.12294,0.12497,135723328.0
1769533200000,0.12497,0.12499,0.12178,0.12222,85464040.0
1769536800000,0.12223,0.12472,0.12199,0.12425,38996386.0
1769540400000,0.12424,0.12462,0.1238,0.12436,24373353.0
1769544000000,0.12435,0.12601,0.12433,0.12587,44991429.0
1769547600000,0.12587,0.12617,0.12511,0.12529,21993248.0
1769551200000,0.12529,0.12666,0.12529,0.12617,30953678.0
1769554800000,0.12617,0.12658,0.12594,0.12619,13590162.0
1769558400000,0.1262,0.12641,0.12546,0.12588,21531902.0
1769562000000,0.12587,0.12594,0.125,0.12521,18036120.0
1769565600000,0.12521,0.12521,0.12462,0.12498,9532378.0
1769569200000,0.12498,0.12508,0.12423,0.12453,25911058.0
1769572800000,0.12453,0.12464,0.12393,0.12444,15196729.0
1769576400000,0.12444,0.12539,0.12435,0.12525,33728727.0
1769580000000,0.12526,0.12605,0.12496,0.12596,13964209.0
1769583600000,0.12596,0.12605,0.12535,0.12554,11886854.0
1769587200000,0.12554,0.12602,0.12546,0.12564,8745975.0
1769590800000,0.12565,0.12735,0.1255,0.12715,30646475.0
1769594400000,0.12715,0.12775,0.12615,0.12651,81452138.0
1769598000000,0.1265,0.12727,0.12608,0.12716,22477718.0
1769601600000,0.12716,0.1272,0.12599,0.12636,32849473.0
1769605200000,0.12636,0.12672,0.12593,0.12606,42690756.0
1769608800000,0.12606,0.12606,0.12492,0.12526,43733201.0
1769612400000,0.12527,0.12559,0.12386,0.12463,30046477.0
1769616000000,0.12464,0.1252,0.12416,0.1245,21485447.0
1769619600000,0.12449,0.12584,0.12372,0.12526,33967451.0
1769623200000,0.12525,0.12525,0.12428,0.12475,27151118.0
1769626800000,0.12474,0.12565,0.12446,0.12528,35976555.0
1769630400000,0.12527,0.12632,0.12487,0.12495,32728129.0
1769634000000,0.12495,0.12574,0.12427,0.1255,28922030.0
1769637600000,0.12551,0.12569,0.12474,0.12548,9578106.0
1769641200000,0.12549,0.12568,0.12474,0.125,18983524.0
1769644800000,0.125,0.12525,0.12402,0.12456,21786784.0
1769648400000,0.12456,0.12477,0.12311,0.12338,26443346.0
1769652000000,0.12339,0.12383,0.12185,0.12227,59282578.0
1769655600000,0.12227,0.12303,0.12192,0.12222,20794703.0
1769659200000,0.12223,0.12225,0.12135,0.12195,24323483.0
1769662800000,0.12195,0.12248,0.12176,0.12186,14160293.0
1769666400000,0.12186,0.12212,0.12171,0.1221,12288429.0
1769670000000,0.1221,0.12228,0.12191,0.12201,9788319.0
1769673600000,0.12202,0.12238,0.12158,0.12177,21027343.0
1769677200000,0.12178,0.12201,0.12156,0.12156,14663957.0
1769680800000,0.12157,0.12168,0.1206,0.12109,78844596.0
1769684400000,0.12109,0.12139,0.1208,0.12115,15772594.0
1769688000000,0.12115,0.12117,0.12035,0.12079,13681453.0
1769691600000,0.12078,0.1211,0.12075,0.12103,6613577.0
1769695200000,0.12104,0.12111,0.11867,0.11874,89442817.0
1769698800000,0.11875,0.1188,0.11533,0.11623,306355135.0
1769702400000,0.11622,0.11715,0.11533,0.11711,102341339.0
1769706000000,0.11712,0.11881,0.11658,0.1167,70368366.0
1769709600000,0.11669,0.11693,0.1144,0.11469,116533871.0
1769713200000,0.11468,0.11608,0.11455,0.11555,60448158.0
1769716800000,0.11556,0.11644,0.1153,0.11621,35587079.0
1769720400000,0.11622,0.11707,0.11622,0.11681,29040345.0
1769724000000,0.11681,0.11719,0.11666,0.11705,23252151.0
1769727600000,0.11706,0.1174,0.11657,0.11728,16473112.0
1769731200000,0.11729,0.11772,0.11693,0.11707,17416632.0
1769734800000,0.11707,0.1173,0.11217,0.11543,216204731.0
1769738400000,0.11543,0.11547,0.1131,0.11439,75172312.0
1769742000000,0.1144,0.11504,0.11405,0.11426,44039018.0
1769745600000,0.11426,0.11558,0.11426,0.1149,24830577.0
1769749200000,0.1149,0.11525,0.11465,0.11482,17192997.0
1769752800000,0.11482,0.11487,0.11221,0.11298,63535343.0
1769756400000,0.11298,0.11492,0.11296,0.11453,54098011.0
1769760000000,0.11454,0.11479,0.11355,0.11405,22880700.0
1769763600000,0.11406,0.1143,0.11304,0.11351,25328555.0
1769767200000,0.1135,0.11397,0.11317,0.11393,17873415.0
1769770800000,0.11393,0.11591,0.11383,0.11554,29493224.0
1769774400000,0.11554,0.11577,0.11468,0.11497,24902655.0
1769778000000,0.11497,0.11527,0.11381,0.11461,53024079.0
1769781600000,0.11461,0.11646,0.1146,0.11577,44203275.0
1769785200000,0.11577,0.1166,0.11416,0.11605,54837288.0
1769788800000,0.11605,0.11713,0.11544,0.11626,51203481.0
1769792400000,0.11626,0.11721,0.11557,0.11631,31406538.0
1769796000000,0.11631,0.11828,0.11352,0.11773,97664435.0
1769799600000,0.11773,0.11871,0.11748,0.11776,59046243.0
1769803200000,0.11776,0.11776,0.11543,0.11582,73498568.0
1769806800000,0.11582,0.11694,0.11575,0.11647,36212579.0
1769810400000,0.11646,0.11671,0.11556,0.11616,16349255.0
1769814000000,0.11615,0.11628,0.11536,0.11581,14422320.0
1769817600000,0.11582,0.11591,0.11523,0.11545,9621926.0
1769821200000,0.11545,0.11593,0.11527,0.11567,7056713.0
1769824800000,0.11566,0.11566,0.11483,0.11534,13215559.0
1769828400000,0.11534,0.11554,0.11505,0.11519,12846215.0
1769832000000,0.11518,0.11549,0.11468,0.11482,14395431.0
1769835600000,0.11482,0.11482,0.1144,0.11469,25466477.0
1769839200000,0.1147,0.11475,0.11339,0.11391,59286981.0
1769842800000,0.11392,0.11405,0.11207,0.1128,35645382.0
1769846400000,0.11281,0.11306,0.11032,0.11162,108272904.0
1769850000000,0.11163,0.11269,0.11142,0.11206,33030345.0
1769853600000,0.11207,0.11253,0.1116,0.11201,16607537.0
1769857200000,0.112,0.11215,0.11146,0.11189,15198345.0
1769860800000,0.11188,0.11188,0.11111,0.11133,26244890.0
1769864400000,0.11134,0.11143,0.1102,0.11087,49741337.0
1769868000000,0.11087,0.11157,0.1051,0.10698,344705056.0
1769871600000,0.10698,0.1082,0.1066,0.10679,86417276.0
1769875200000,0.10679,0.1081,0.10469,0.10532,182552010.0
1769878800000,0.10531,0.10557,0.099,0.10213,472478127.0
1769882400000,0.10213,0.10266,0.09461,0.10156,477464380.0
1769886000000,0.10157,0.10294,0.10132,0.10185,208994740.0
1769889600000,0.10185,0.10277,0.10053,0.10176,75552295.0
1769893200000,0.10175,0.103,0.10097,0.10273,75952741.0
1769896800000,0.10274,0.10288,0.10177,0.10245,41641475.0
1769900400000,0.10244,0.10478,0.10242,0.10426,70571499.0
1769904000000,0.10426,0.10524,0.10406,0.1049,47446214.0
1769907600000,0.10491,0.10499,0.10361,0.1049,28663170.0
1769911200000,0.10491,0.10559,0.1047,0.10513,23148919.0
1769914800000,0.10513,0.10534,0.10461,0.10495,19629296.0
1769918400000,0.10495,0.10558,0.10489,0.10512,24138695.0
1769922000000,0.10512,0.10544,0.10458,0.10474,18791037.0
1769925600000,0.10474,0.10564,0.10465,0.10499,20945181.0
1769929200000,0.10498,0.10641,0.10445,0.1058,36577546.0
1769932800000,0.10579,0.10653,0.10528,0.10597,25948092.0
1769936400000,0.10597,0.10657,0.10542,0.1064,17605729.0
1769940000000,0.10641,0.10643,0.10452,0.10465,36671684.0
1769943600000,0.10466,0.10613,0.10466,0.1059,30287147.0
1769947200000,0.1059,0.10629,0.10523,0.10578,26816076.0
1769950800000,0.10577,0.10685,0.1053,0.10567,28562920.0
1769954400000,0.10567,0.10636,0.10391,0.10532,88112531.0
1769958000000,0.10533,0.10544,0.10258,0.10409,117386496.0
1769961600000,0.10408,0.10522,0.1031,0.104,76956459.0
1769965200000,0.104,0.10425,0.10301,0.1042,47093340.0
1769968800000,0.10421,0.10635,0.10419,0.10551,62994265.0
1769972400000,0.1055,0.10579,0.1036,0.10419,31610296.0
1769976000000,0.10418,0.10581,0.10314,0.1046,51062496.0
1769979600000,0.1046,0.10469,0.10321,0.10379,45078350.0
1769983200000,0.1038,0.1058,0.10363,0.1047,44552645.0
1769986800000,0.10469,0.10578,0.10103,0.10426,178062754.0
1769990400000,0.10427,0.1061,0.10323,0.10513,65505619.0
1769994000000,0.10514,0.1065,0.10329,0.10511,101561498.0
1769997600000,0.10511,0.10554,0.10362,0.10387,42088454.0
1770001200000,0.10387,0.10404,0.09982,0.10338,198386295.0
1770004800000,0.10338,0.10518,0.10185,0.10346,93817547.0
1770008400000,0.10345,0.1035,0.09993,0.10085,95786746.0
1770012000000,0.10084,0.10439,0.09955,0.10306,189099476.0
1770015600000,0.10306,0.10417,0.10268,0.1031,70006331.0
1770019200000,0.1031,0.10446,0.10308,0.10391,51371042.0
1770022800000,0.10391,0.10521,0.10314,0.10457,75700284.0
1770026400000,0.10458,0.10626,0.10441,0.10489,85612670.0
1770030000000,0.1049,0.10551,0.10478,0.10491,32116694.0
1770033600000,0.1049,0.10653,0.1049,0.10611,38664978.0
1770037200000,0.10611,0.10689,0.10582,0.1066,35131647.0
1770040800000,0.10661,0.1085,0.10565,0.10748,111026253.0
1770044400000,0.10748,0.11056,0.10723,0.10954,103769114.0
1770048000000,0.10954,0.11,0.10842,0.10861,42735441.0
1770051600000,0.10861,0.10925,0.10805,0.10852,30487249.0
1770055200000,0.10852,0.10892,0.10772,0.10833,37279429.0
1770058800000,0.10832,0.10858,0.10733,0.10738,22128875.0
1770062400000,0.10737,0.10788,0.10704,0.1075,26787125.0
1770066000000,0.1075,0.10837,0.10746,0.10822,25146863.0
1770069600000,0.10822,0.10872,0.10821,0.10861,11521463.0
1770073200000,0.10861,0.10865,0.10779,0.10792,18851629.0
1770076800000,0.10791,0.10827,0.10742,0.10821,17806319.0
1770080400000,0.1082,0.1082,0.10732,0.10787,13277415.0
1770084000000,0.10787,0.10788,0.10594,0.10603,48550316.0
1770087600000,0.10603,0.10768,0.10555,0.10743,94015509.0
1770091200000,0.10743,0.10828,0.10695,0.10784,27693021.0
1770094800000,0.10784,0.1079,0.10664,0.10669,17091984.0
1770098400000,0.1067,0.10703,0.10607,0.10694,20018089.0
1770102000000,0.10693,0.10903,0.10659,0.10828,51592118.0
1770105600000,0.10829,0.10902,0.10782,0.10793,57182509.0
1770109200000,0.10793,0.1083,0.10645,0.10708,61487235.0
1770112800000,0.10709,0.10763,0.10662,0.10686,17416674.0
1770116400000,0.10686,0.10706,0.10656,0.10665,16358962.0
1770120000000,0.10666,0.10833,0.10627,0.10786,59029766.0
1770123600000,0.10786,0.1085,0.10743,0.10835,28961774.0
1770127200000,0.10834,0.10857,0.10573,0.10583,72832622.0
1770130800000,0.10582,0.11053,0.10546,0.11017,195875274.0
1770134400000,0.11018,0.1102,0.10602,0.10646,134294564.0
1770138000000,0.10646,0.10671,0.10414,0.10425,93315350.0
1770141600000,0.10425,0.10513,0.1023,0.10249,156665212.0
1770145200000,0.1025,0.10698,0.10226,0.10642,126152566.0
1770148800000,0.10641,0.11053,0.10523,0.10923,165630232.0
1770152400000,0.10924,0.10972,0.10743,0.1077,69629003.0
1770156000000,0.1077,0.10777,0.10588,0.10631,37851661.0
1770159600000,0.10631,0.10639,0.10542,0.10602,31614391.0
1770163200000,0.10602,0.10696,0.10553,0.10651,22045134.0
1770166800000,0.10652,0.10814,0.10652,0.10783,43442654.0
1770170400000,0.10782,0.10787,0.1067,0.10717,29320182.0
1770174000000,0.10717,0.10947,0.10704,0.10892,45395914.0
1770177600000,0.10892,0.10917,0.10832,0.10841,18948587.0
1770181200000,0.10842,0.10864,0.10733,0.10773,23026702.0
1770184800000,0.10772,0.10882,0.10759,0.10848,79153736.0
1770188400000,0.10848,0.1089,0.10792,0.10846,28857133.0
1770192000000,0.10847,0.10872,0.10781,0.10854,13365783.0
1770195600000,0.10854,0.10854,0.1075,0.10783,19572253.0
1770199200000,0.10784,0.10816,0.10756,0.10773,20308856.0
1770202800000,0.10774,0.10779,0.10637,0.10731,55432155.0
1770206400000,0.10731,0.10779,0.10714,0.10739,30608483.0
1770210000000,0.10738,0.10753,0.1057,0.10577,55592709.0
1770213600000,0.10576,0.10658,0.10398,0.10415,107409094.0
1770217200000,0.10416,0.10532,0.10276,0.10342,116533822.0
1770220800000,0.10343,0.10431,0.10196,0.10323,141821853.0
1770224400000,0.10323,0.10386,0.10142,0.1029,97087327.0
1770228000000,0.1029,0.10483,0.10153,0.10363,119522792.0
1770231600000,0.10364,0.10556,0.10341,0.10535,60724567.0
1770235200000,0.10535,0.10549,0.10438,0.10453,21303614.0
1770238800000,0.10452,0.10483,0.10231,0.10308,45859185.0
1770242400000,0.10309,0.1048,0.10127,0.10285,73297251.0
1770246000000,0.10284,0.10472,0.10252,0.10383,54251705.0
1770249600000,0.10383,0.10409,0.10314,0.10358,24671186.0
1770253200000,0.10358,0.10477,0.10254,0.1036,58371132.0
1770256800000,0.10361,0.10438,0.10226,0.10251,113783550.0
1770260400000,0.1025,0.10367,0.10221,0.1026,54558901.0
1770264000000,0.1026,0.10321,0.1016,0.10225,75369745.0
1770267600000,0.10226,0.10361,0.10092,0.10234,123020500.0
1770271200000,0.10235,0.10252,0.10065,0.10116,73667196.0
1770274800000,0.10115,0.10285,0.10095,0.10117,67679807.0
1770278400000,0.10118,0.10282,0.10108,0.10183,34619314.0
1770282000000,0.10183,0.10297,0.1015,0.10167,42208802.0
1770285600000,0.10168,0.10172,0.09914,0.09951,85371607.0
1770289200000,0.0995,0.09983,0.09736,0.09874,125928398.0
1770292800000,0.09875,0.09917,0.09764,0.09852,109601363.0
1770296400000,0.09852,0.09937,0.09793,0.09829,73684199.0
1770300000000,0.09828,0.10054,0.09825,0.0985,93178073.0
1770303600000,0.09849,0.09879,0.09265,0.09421,443388168.0
1770307200000,0.09421,0.09545,0.093,0.09425,211409080.0
1770310800000,0.09425,0.09461,0.091,0.09194,192533510.0
1770314400000,0.09194,0.09279,0.09048,0.0925,141956135.0
1770318000000,0.09251,0.09284,0.09074,0.09118,67175789.0
1770321600000,0.09118,0.09185,0.08729,0.08908,412145637.0
1770325200000,0.08908,0.09129,0.08751,0.08839,227138138.0
1770328800000,0.08839,0.0907,0.08675,0.08964,189537765.0
1770332400000,0.08964,0.09132,0.08805,0.08849,125817599.0
1770336000000,0.08848,0.08885,0.08001,0.08762,903815058.0
1770339600000,0.08762,0.09105,0.08725,0.0908,186480673.0
1770343200000,0.09081,0.0914,0.08879,0.08939,109433592.0
1770346800000,0.0894,0.09026,0.08916,0.08989,80407459.0
1770350400000,0.08988,0.09149,0.0895,0.09088,58490243.0
1770354000000,0.09087,0.09352,0.09075,0.09312,86703096.0
1770357600000,0.09313,0.09348,0.09127,0.09146,103898718.0
1770361200000,0.09146,0.09163,0.09039,0.09071,84211009.0
1770364800000,0.09072,0.09133,0.09015,0.09084,73740724.0
1770368400000,0.09083,0.09298,0.09059,0.09262,71060645.0
1770372000000,0.09261,0.09385,0.09215,0.09368,56813479.0
1770375600000,0.09367,0.09431,0.09319,0.09371,54235665.0
1770379200000,0.0937,0.0937,0.09304,0.09348,35398148.0
1770382800000,0.09348,0.09549,0.09328,0.09483,85221087.0
1770386400000,0.09484,0.09686,0.09378,0.09645,114656251.0
1770390000000,0.09646,0.09694,0.09545,0.09643,109323059.0
1770393600000,0.09643,0.10014,0.09604,0.09916,190269485.0
1770397200000,0.09916,0.10211,0.09854,0.1002,146583185.0
1770400800000,0.10021,0.1004,0.09825,0.09916,116663371.0
1770404400000,0.09917,0.09965,0.09829,0.09878,60222763.0
1770408000000,0.09877,0.0997,0.09813,0.09867,55967572.0
1770411600000,0.09868,0.09924,0.09812,0.09877,27237232.0
1770415200000,0.09878,0.09981,0.09871,0.09947,38222396.0
1770418800000,0.09947,0.09982,0.09838,0.09848,45441866.0
1770422400000,0.09847,0.0985,0.09744,0.09784,58627110.0
1770426000000,0.09784,0.09874,0.09729,0.09851,39100892.0
1770429600000,0.0985,0.09871,0.09769,0.09807,27250715.0
1770433200000,0.09807,0.09901,0.09798,0.09863,28048772.0
1770436800000,0.09863,0.09923,0.09785,0.09813,70759444.0
1770440400000,0.09812,0.0989,0.09806,0.09842,29367407.0
1770444000000,0.09842,0.09891,0.0964,0.09653,68680548.0
1770447600000,0.09653,0.0971,0.09472,0.09585,123086059.0
1770451200000,0.09584,0.09631,0.09546,0.09588,47895591.0
1770454800000,0.09589,0.0963,0.09515,0.0955,33269514.0
1770458400000,0.0955,0.09568,0.09482,0.09559,39652147.0
1770462000000,0.09558,0.09565,0.09522,0.09547,22136160.0
1770465600000,0.09546,0.09774,0.09536,0.0969,103561989.0
1770469200000,0.09691,0.09715,0.09583,0.09614,54969783.0
1770472800000,0.09615,0.09653,0.0954,0.09568,28146978.0
1770476400000,0.09569,0.09713,0.09553,0.09683,43074883.0
1770480000000,0.09682,0.0988,0.09639,0.09777,496965693.0
1770483600000,0.09777,0.09849,0.097,0.09807,22169306.0
1770487200000,0.09806,0.09948,0.09797,0.0988,39921304.0
1770490800000,0.0988,0.09915,0.09828,0.0984,15775383.0
1770494400000,0.0984,0.09892,0.09822,0.09871,16585983.0
1770498000000,0.09871,0.09893,0.09825,0.09835,11008377.0
1770501600000,0.09834,0.09884,0.09824,0.09835,12641802.0
1770505200000,0.09835,0.09846,0.09767,0.09823,15994621.0
1770508800000,0.09823,0.09838,0.09762,0.09789,12692977.0
1770512400000,0.09789,0.0985,0.09787,0.09805,10124881.0
1770516000000,0.09805,0.09844,0.0973,0.09767,12917363.0
1770519600000,0.09766,0.09781,0.0969,0.09699,17256126.0
1770523200000,0.09698,0.09725,0.09665,0.09721,15509407.0
1770526800000,0.09721,0.09762,0.09686,0.09701,13905873.0
1770530400000,0.09701,0.09719,0.0967,0.09686,11970710.0
1770534000000,0.09686,0.09697,0.09635,0.09687,13338148.0
1770537600000,0.09687,0.09881,0.09672,0.09863,45907071.0
1770541200000,0.09864,0.09867,0.09735,0.09744,32273415.0
1770544800000,0.09745,0.09793,0.0962,0.09668,31157424.0
1770548400000,0.09667,0.09858,0.09656,0.09844,36772571.0
1770552000000,0.09845,0.0985,0.09757,0.09839,27948983.0
1770555600000,0.09839,0.09862,0.09776,0.09833,38382201.0
1770559200000,0.09833,0.09852,0.09777,0.09826,16706837.0
1770562800000,0.09825,0.09844,0.09686,0.09734,32606986.0
1770566400000,0.09733,0.09784,0.0951,0.09555,54486760.0
1770570000000,0.09555,0.09672,0.09551,0.09643,19129230.0
1770573600000,0.09643,0.09796,0.09636,0.09736,25826082.0
1770577200000,0.09736,0.0979,0.09713,0.09771,13075373.0
1770580800000,0.09772,0.09772,0.09655,0.0967,15617357.0
1770584400000,0.0967,0.09693,0.09592,0.09635,18950255.0
1770588000000,0.09635,0.09712,0.09635,0.09702,25924228.0
1770591600000,0.09701,0.09902,0.09596,0.09663,74045182.0
1770595200000,0.09663,0.09698,0.09583,0.0965,25902123.0
1770598800000,0.09649,0.09717,0.09559,0.09617,35919401.0
1770602400000,0.09618,0.09748,0.09593,0.09666,27703381.0
1770606000000,0.09667,0.09738,0.09648,0.09715,28557354.0
1770609600000,0.09715,0.09715,0.09634,0.09655,14088777.0
1770613200000,0.09654,0.0966,0.09595,0.09642,21333324.0
1770616800000,0.09641,0.09641,0.0949,0.09546,27986217.0
1770620400000,0.09545,0.09584,0.0951,0.09534,17303685.0
1770624000000,0.09534,0.09538,0.09373,0.09431,45004650.0
1770627600000,0.09432,0.09476,0.09378,0.09396,34394169.0
1770631200000,0.09395,0.09422,0.09243,0.09286,45588793.0
1770634800000,0.09286,0.09363,0.09286,0.09319,38073853.0
1770638400000,0.0932,0.09445,0.09314,0.09416,25695410.0
1770642000000,0.09417,0.09457,0.09373,0.09375,13090944.0
1770645600000,0.09375,0.09516,0.09343,0.09494,41576215.0
1770649200000,0.09494,0.09563,0.09408,0.09522,31398491.0
1770652800000,0.09521,0.09642,0.09433,0.09554,32752306.0
1770656400000,0.09554,0.09661,0.09472,0.09631,43064726.0
1770660000000,0.09631,0.09678,0.09553,0.0961,32095113.0
1770663600000,0.0961,0.0966,0.09584,0.09636,20637453.0
1770667200000,0.09636,0.09681,0.09581,0.09645,22729992.0
1770670800000,0.09646,0.09668,0.09529,0.0964,27374866.0
1770674400000,0.0964,0.09666,0.09617,0.09647,11945888.0
1770678000000,0.09646,0.097,0.09599,0.09611,18270431.0
1770681600000,0.09612,0.09642,0.09589,0.09599,9615208.0
1770685200000,0.096,0.09657,0.09594,0.09642,10878459.0
1770688800000,0.09642,0.09646,0.0958,0.09606,7055361.0
1770692400000,0.09606,0.09623,0.09426,0.09487,32781371.0
1770696000000,0.09488,0.09567,0.09482,0.09545,17625946.0
1770699600000,0.09544,0.09556,0.0945,0.09484,16458200.0
1770703200000,0.09483,0.0949,0.09297,0.09336,47262528.0
1770706800000,0.09336,0.09402,0.0933,0.09367,19272881.0
1770710400000,0.09367,0.09403,0.09331,0.09383,20306748.0
1770714000000,0.09383,0.09423,0.09332,0.0936,17456617.0
1770717600000,0.09361,0.09372,0.09326,0.09326,11801241.0
1770721200000,0.09326,0.09348,0.09273,0.09294,23065086.0
1770724800000,0.09293,0.0932,0.09287,0.09305,12318155.0
1770728400000,0.09305,0.09366,0.09272,0.09341,22414469.0
1770732000000,0.09341,0.09377,0.09182,0.09251,61349392.0
1770735600000,0.09252,0.09354,0.09217,0.09303,44253560.0
1770739200000,0.09304,0.09368,0.09248,0.09346,27831975.0
1770742800000,0.09346,0.09417,0.09303,0.09401,18842567.0
1770746400000,0.09402,0.0941,0.09219,0.09264,22216003.0
1770750000000,0.09263,0.09339,0.09227,0.09306,16671193.0
1770753600000,0.09306,0.09318,0.09258,0.09289,11426639.0
1770757200000,0.09289,0.09312,0.09228,0.09266,11754359.0
1770760800000,0.09266,0.0931,0.09257,0.09264,6651786.0
1770764400000,0.09264,0.09295,0.09258,0.09277,8181883.0
1770768000000,0.09277,0.09311,0.09267,0.09298,5358680.0
1770771600000,0.09298,0.09314,0.09274,0.09299,5427699.0
1770775200000,0.09299,0.09362,0.09299,0.09305,13081879.0
1770778800000,0.09305,0.09345,0.09212,0.093,20392398.0
1770782400000,0.09301,0.09323,0.09158,0.0919,40048065.0
1770786000000,0.09191,0.09233,0.09152,0.09163,20796226.0
1770789600000,0.09164,0.09166,0.09021,0.09043,51345896.0
1770793200000,0.09043,0.09099,0.09032,0.09056,17400824.0
1770796800000,0.09056,0.0907,0.09012,0.09051,22160488.0
1770800400000,0.09051,0.09054,0.08985,0.09009,31629188.0
1770804000000,0.09009,0.09027,0.0894,0.08967,31146214.0
1770807600000,0.08967,0.09033,0.08964,0.09023,19795602.0
1770811200000,0.09023,0.09041,0.08987,0.09006,24634741.0
1770814800000,0.09006,0.0907,0.08928,0.09013,56943104.0
1770818400000,0.09014,0.09255,0.08888,0.08906,113705669.0
1770822000000,0.08906,0.08955,0.0879,0.08903,73377811.0
1770825600000,0.08902,0.09053,0.08883,0.08893,47852578.0
1770829200000,0.08893,0.09092,0.0887,0.09012,38091737.0
1770832800000,0.09013,0.09132,0.08973,0.09109,33625155.0
1770836400000,0.09109,0.09142,0.09062,0.09107,19513962.0
1770840000000,0.09106,0.09131,0.09032,0.09113,15924038.0
1770843600000,0.09114,0.09227,0.09095,0.09198,35115434.0
1770847200000,0.09198,0.092,0.0909,0.09102,22771953.0
1770850800000,0.09103,0.09133,0.0905,0.09112,28004629.0
1770854400000,0.09113,0.09191,0.09112,0.09157,16827981.0
1770858000000,0.09157,0.09203,0.09152,0.09155,13830258.0
1770861600000,0.09155,0.09197,0.09136,0.09163,13675202.0
1770865200000,0.09163,0.09229,0.09154,0.09218,11903531.0
1770868800000,0.09218,0.09224,0.09168,0.09185,69791242.0
1770872400000,0.09184,0.09216,0.09149,0.09201,17925891.0
1770876000000,0.092,0.09299,0.09198,0.09268,25700172.0
1770879600000,0.09268,0.09305,0.09247,0.09295,11593811.0
1770883200000,0.09295,0.09321,0.09242,0.0926,19248349.0
1770886800000,0.09261,0.09368,0.09252,0.09346,19493548.0
1770890400000,0.09347,0.09409,0.09317,0.09406,18936955.0
1770894000000,0.09407,0.09427,0.09365,0.09388,20695295.0
1770897600000,0.09389,0.09398,0.09333,0.09358,18016581.0
1770901200000,0.09359,0.09435,0.09302,0.09426,34251328.0
1770904800000,0.09427,0.09455,0.09372,0.09397,29258137.0
1770908400000,0.09397,0.09455,0.09316,0.09324,41263699.0
1770912000000,0.09323,0.09374,0.09104,0.09141,82631204.0
1770915600000,0.0914,0.0922,0.09127,0.09142,35667896.0
1770919200000,0.09143,0.09207,0.09086,0.09137,25393904.0
1770922800000,0.09137,0.09234,0.09077,0.09169,23270177.0
1770926400000,0.09169,0.09186,0.09069,0.09097,19284608.0
1770930000000,0.09097,0.09175,0.09097,0.09161,16988767.0
1770933600000,0.09161,0.09278,0.09138,0.09264,18988043.0
1770937200000,0.09264,0.09347,0.09246,0.093,42772153.0
1770940800000,0.09299,0.09332,0.09213,0.09232,19914082.0
1770944400000,0.09232,0.09287,0.09229,0.0925,9632658.0
1770948000000,0.0925,0.09302,0.09232,0.09288,8171580.0
1770951600000,0.09288,0.09339,0.09265,0.09297,12015983.0
1770955200000,0.09296,0.09296,0.09241,0.09254,8512292.0
1770958800000,0.09255,0.09272,0.09204,0.09204,8819551.0
1770962400000,0.09205,0.09255,0.09179,0.09249,18201147.0
1770966000000,0.09249,0.0935,0.09247,0.09303,24265899.0
1770969600000,0.09304,0.09401,0.09299,0.09388,20360198.0
1770973200000,0.09388,0.0939,0.09335,0.09365,11777110.0
1770976800000,0.09366,0.09413,0.09348,0.09392,13241656.0
1770980400000,0.09392,0.09412,0.09363,0.09398,14685681.0
1770984000000,0.09399,0.09399,0.09334,0.09344,11672975.0
1770987600000,0.09344,0.09437,0.0932,0.09361,35249671.0
1770991200000,0.0936,0.09448,0.09293,0.09396,83561510.0
1770994800000,0.09397,0.09666,0.09382,0.09536,119371413.0
1770998400000,0.09537,0.09691,0.09501,0.09642,70163495.0
1771002000000,0.09641,0.097,0.09593,0.0963,70947629.0
1771005600000,0.0963,0.09673,0.09581,0.09656,28258360.0
1771009200000,0.09657,0.09698,0.09632,0.09636,19302308.0
1771012800000,0.09637,0.09694,0.09609,0.09684,24119584.0
1771016400000,0.09684,0.09764,0.09681,0.09706,63507500.0
1771020000000,0.09706,0.0974,0.09677,0.09709,16665378.0
1771023600000,0.09708,0.09711,0.09645,0.09667,15016955.0
1771027200000,0.09668,0.09699,0.0964,0.09684,11491711.0
1771030800000,0.09683,0.09707,0.09654,0.09666,8976408.0
1771034400000,0.09666,0.09677,0.0963,0.09661,8120761.0
1771038000000,0.09661,0.09702,0.09643,0.09684,15866041.0
1771041600000,0.09684,0.09692,0.09658,0.09671,7362280.0
1771045200000,0.09671,0.09706,0.09664,0.09671,4971991.0
1771048800000,0.09672,0.09681,0.09641,0.09657,14707494.0
1771052400000,0.09657,0.09672,0.09646,0.09654,7406820.0
1771056000000,0.09655,0.09778,0.09652,0.09767,28272521.0
1771059600000,0.09767,0.09836,0.09743,0.09823,59863321.0
1771063200000,0.09823,0.09836,0.09766,0.09817,17788830.0
1771066800000,0.09817,0.10095,0.09806,0.10062,77000369.0
1771070400000,0.10062,0.10085,0.09955,0.09962,42375874.0
1771074000000,0.09962,0.10026,0.09909,0.10009,40406652.0
1771077600000,0.1001,0.1035,0.09993,0.10327,83333321.0
1771081200000,0.10326,0.10425,0.1025,0.104,74859012.0
1771084800000,0.104,0.10546,0.10251,0.10491,94970827.0
1771088400000,0.10492,0.106,0.10482,0.10558,61863484.0
1771092000000,0.10557,0.10742,0.10548,0.10724,91288052.0
1771095600000,0.10725,0.10929,0.1068,0.10858,96707951.0
1771099200000,0.10859,0.10944,0.10793,0.10929,90114272.0
1771102800000,0.10929,0.1121,0.10924,0.11085,162337652.0
1771106400000,0.11084,0.11383,0.11073,0.11242,153327128.0
1771110000000,0.11241,0.11264,0.1102,0.11104,96595486.0
1771113600000,0.11104,0.11206,0.11048,0.11185,80023206.0
1771117200000,0.11184,0.11371,0.1113,0.11336,97546384.0
1771120800000,0.11335,0.11457,0.11192,0.11344,118388734.0
1771124400000,0.11343,0.11552,0.11271,0.11478,184480855.0
1771128000000,0.11479,0.11757,0.11401,0.11599,232653609.0
1771131600000,0.11598,0.11688,0.11549,0.11594,97934258.0
1771135200000,0.11593,0.11613,0.11416,0.11506,69607797.0
1771138800000,0.11506,0.1167,0.11475,0.11607,70000954.0
1771142400000,0.11608,0.1165,0.11314,0.114,147091313.0
1771146000000,0.11399,0.11536,0.11393,0.11451,74089582.0
1771149600000,0.11452,0.1146,0.11224,0.11362,107287457.0
1771153200000,0.11362,0.11399,0.11253,0.11273,52369013.0
1771156800000,0.11274,0.11298,0.10866,0.10866,157040300.0
1771160400000,0.10866,0.11012,0.10722,0.1076,132744161.0
1771164000000,0.1076,0.10878,0.10686,0.10819,112124027.0
1771167600000,0.10818,0.1093,0.10765,0.10777,46044011.0
1771171200000,0.10777,0.10777,0.1063,0.10731,70558146.0
1771174800000,0.10731,0.10752,0.10326,0.10502,115822767.0
1771178400000,0.10503,0.10552,0.10373,0.1041,79637662.0
1771182000000,0.10409,0.10425,0.1025,0.10273,63724191.0
1771185600000,0.10272,0.10344,0.10219,0.10295,44462870.0
1771189200000,0.10296,0.10338,0.10232,0.10249,37770760.0
1771192800000,0.10249,0.10345,0.10239,0.10336,31406108.0
1771196400000,0.10336,0.10336,0.10155,0.10269,37761051.0
1771200000000,0.10268,0.10315,0.10202,0.10247,52108060.0
1771203600000,0.10247,0.10298,0.10179,0.10238,27138608.0
1771207200000,0.10238,0.10306,0.10179,0.10191,28803716.0
1771210800000,0.10192,0.10234,0.10161,0.10219,24718347.0
1771214400000,0.10219,0.10345,0.10213,0.10343,36524529.0
1771218000000,0.10343,0.1036,0.10121,0.10187,54028965.0
1771221600000,0.10187,0.1026,0.10157,0.10239,19359357.0
1771225200000,0.10238,0.10245,0.10171,0.10203,21671319.0
1771228800000,0.10203,0.10254,0.10199,0.10234,21472031.0
1771232400000,0.10234,0.10339,0.10225,0.10311,41706848.0
1771236000000,0.10311,0.10311,0.10244,0.10274,25307710.0
1771239600000,0.10274,0.10295,0.10073,0.10161,65201918.0
1771243200000,0.10162,0.10298,0.10139,0.1027,72763473.0
1771246800000,0.1027,0.10346,0.0997,0.10013,160971035.0
1771250400000,0.10013,0.10117,0.09934,0.10055,67164162.0
1771254000000,0.10056,0.10116,0.0985,0.09957,98623658.0
1771257600000,0.09958,0.10129,0.09948,0.10113,39302911.0
1771261200000,0.10112,0.10121,0.10019,0.10087,30672696.0
1771264800000,0.10087,0.10121,0.10029,0.10049,21496304.0
1771268400000,0.1005,0.10092,0.10014,0.10031,15995300.0
1771272000000,0.1003,0.10116,0.09989,0.10097,24784420.0
1771275600000,0.10096,0.1014,0.10052,0.10119,23626321.0
1771279200000,0.1012,0.10124,0.10012,0.10061,28476483.0
1771282800000,0.10061,0.10119,0.10039,0.10102,9658011.0
1771286400000,0.10103,0.10108,0.10047,0.1006,10469540.0
1771290000000,0.1006,0.10102,0.1,0.10021,44752548.0
1771293600000,0.10021,0.10132,0.09957,0.10117,33509686.0
1771297200000,0.10117,0.10118,0.10047,0.10052,17173115.0
1771300800000,0.10052,0.1008,0.09989,0.10019,22016806.0
1771304400000,0.1002,0.10029,0.09909,0.09971,30586805.0
1771308000000,0.09971,0.10029,0.0997,0.10007,7671297.0
1771311600000,0.10007,0.10007,0.09959,0.09977,13231086.0
1771315200000,0.09978,0.10009,0.09907,0.09914,18878119.0
1771318800000,0.09914,0.09939,0.09872,0.09933,28777694.0
1771322400000,0.09933,0.09951,0.0985,0.0988,22891233.0
1771326000000,0.0988,0.09908,0.09845,0.09887,24266239.0
1771329600000,0.09887,0.09999,0.09878,0.09965,26346359.0
1771333200000,0.09966,0.1009,0.0994,0.10056,23105269.0
1771336800000,0.10055,0.10106,0.09836,0.09906,121488611.0
1771340400000,0.09906,0.10066,0.099,0.10049,44110961.0
1771344000000,0.1005,0.1036,0.10041,0.10199,114289242.0
1771347600000,0.10199,0.10218,0.09972,0.10027,97748040.0
1771351200000,0.10028,0.10243,0.10019,0.10181,44320665.0
1771354800000,0.10182,0.10217,0.10087,0.1011,22770950.0
1771358400000,0.1011,0.10127,0.10031,0.10057,14664439.0
1771362000000,0.10057,0.10145,0.10056,0.1011,12442475.0
1771365600000,0.10111,0.10119,0.1005,0.10065,10014085.0
1771369200000,0.10065,0.10087,0.10039,0.10066,8068829.0
1771372800000,0.10067,0.10137,0.10045,0.10052,18386925.0
1771376400000,0.10053,0.10085,0.09994,0.10018,12745370.0
1771380000000,0.10018,0.1012,0.10012,0.1008,11661953.0
1771383600000,0.10079,0.10147,0.10057,0.10124,10760086.0
1771387200000,0.10125,0.10126,0.10063,0.101,13345489.0
1771390800000,0.10099,0.1012,0.10065,0.10104,7057327.0
1771394400000,0.10105,0.10143,0.101,0.10106,9703440.0
1771398000000,0.10106,0.10178,0.10077,0.10143,13780737.0
1771401600000,0.10143,0.10203,0.10109,0.10177,29484278.0
1771405200000,0.10178,0.1018,0.10119,0.10125,13848595.0
1771408800000,0.10126,0.10154,0.10025,0.10047,20638290.0
1771412400000,0.10048,0.10067,0.09923,0.10009,27060607.0
1771416000000,0.10009,0.10049,0.09969,0.1003,14010777.0
1771419600000,0.1003,0.10044,0.09947,0.09989,14469977.0
1771423200000,0.09988,0.10059,0.09943,0.10039,27204641.0
1771426800000,0.1004,0.1023,0.10034,0.1011,75169385.0
1771430400000,0.10109,0.10119,0.0997,0.10014,36963591.0
1771434000000,0.10014,0.10082,0.09952,0.09963,17389699.0
1771437600000,0.09964,0.09994,0.09854,0.09888,42800986.0
1771441200000,0.09888,0.09949,0.09749,0.09853,53285472.0
1771444800000,0.09854,0.09915,0.09835,0.09848,21568765.0
1771448400000,0.09849,0.09901,0.09816,0.09843,26125192.0
1771452000000,0.09844,0.09876,0.09794,0.09843,13812706.0
1771455600000,0.09843,0.09862,0.09806,0.09855,8970633.0
1771459200000,0.09855,0.09868,0.09812,0.09818,9430981.0
1771462800000,0.09819,0.099,0.09816,0.09885,15774645.0
1771466400000,0.09886,0.09892,0.09785,0.09846,43569267.0
1771470000000,0.09845,0.09874,0.0981,0.09862,8320639.0
1771473600000,0.09863,0.09924,0.09861,0.09874,12157314.0
1771477200000,0.09874,0.09888,0.09675,0.09748,101547043.0
1771480800000,0.09748,0.09876,0.09742,0.09846,17444225.0
1771484400000,0.09847,0.09878,0.09815,0.09834,17574136.0
1771488000000,0.09834,0.09837,0.09713,0.09745,24110328.0
1771491600000,0.09746,0.09806,0.09714,0.09747,25212869.0
1771495200000,0.09747,0.09799,0.0972,0.09775,13758429.0
1771498800000,0.09776,0.09803,0.09748,0.0977,16267828.0
1771502400000,0.0977,0.09786,0.09742,0.09752,14032885.0
1771506000000,0.09752,0.09763,0.09643,0.09698,29718794.0
1771509600000,0.09698,0.09834,0.09658,0.09794,58125945.0
1771513200000,0.09794,0.0983,0.09653,0.09686,38350414.0
1771516800000,0.09686,0.09727,0.09551,0.0968,51224667.0
1771520400000,0.0968,0.0982,0.09652,0.09682,35244095.0
1771524000000,0.09681,0.0983,0.09674,0.0982,32562411.0
1771527600000,0.09821,0.09846,0.09724,0.09811,17099746.0
1771531200000,0.0981,0.09827,0.09735,0.09786,19578265.0
1771534800000,0.09786,0.09817,0.09769,0.09775,9199639.0
1771538400000,0.09775,0.09836,0.09756,0.09806,10774143.0
1771542000000,0.09807,0.09839,0.09782,0.09837,7054311.0
1771545600000,0.09836,0.09918,0.09818,0.09869,19335738.0
1771549200000,0.09869,0.09915,0.09867,0.09883,11112197.0
1771552800000,0.09884,0.09948,0.09877,0.09912,12479262.0
1771556400000,0.09912,0.09935,0.09855,0.09873,15550003.0
1771560000000,0.09874,0.09888,0.0982,0.09867,22801320.0
1771563600000,0.09868,0.09998,0.09841,0.09904,50889541.0
1771567200000,0.09905,0.09918,0.09863,0.09894,15639430.0
1771570800000,0.09894,0.09895,0.09845,0.09861,12573832.0
1771574400000,0.0986,0.09903,0.0983,0.09859,20079321.0
1771578000000,0.09858,0.09938,0.09849,0.09919,40344952.0
1771581600000,0.09919,0.09945,0.09898,0.09917,20689634.0
1771585200000,0.09918,0.09922,0.09831,0.09848,24502520.0
1771588800000,0.09849,0.09888,0.0982,0.0984,26742199.0
1771592400000,0.09839,0.09839,0.09566,0.09629,89262978.0
1771596000000,0.09628,0.09851,0.09622,0.09787,41145048.0
1771599600000,0.09788,0.10056,0.09788,0.10029,122249750.0
1771603200000,0.1003,0.10244,0.10002,0.10119,139679607.0
1771606800000,0.1012,0.10152,0.09869,0.10133,78856687.0
1771610400000,0.10132,0.10197,0.10063,0.10149,44923939.0
1771614000000,0.1015,0.10176,0.10004,0.10026,16432541.0
1771617600000,0.10026,0.10119,0.1002,0.10071,12343897.0
1771621200000,0.10071,0.10087,0.10025,0.1003,12445714.0
1771624800000,0.10029,0.10053,0.09968,0.10039,19359949.0
1771628400000,0.10038,0.10061,0.09997,0.10011,10286370.0
1771632000000,0.10011,0.10029,0.09899,0.09936,46691322.0
1771635600000,0.09936,0.10028,0.09934,0.10011,15244317.0
1771639200000,0.10012,0.10029,0.09974,0.10012,9156416.0
1771642800000,0.10012,0.10014,0.09951,0.09994,13149256.0
1771646400000,0.09995,0.10008,0.09975,0.09987,5614529.0
1771650000000,0.09987,0.10014,0.09987,0.09997,5874684.0
1771653600000,0.09998,0.10007,0.09966,0.09992,6029078.0
1771657200000,0.09991,0.10022,0.09978,0.10009,5720247.0
1771660800000,0.10009,0.10046,0.09993,0.10042,10342961.0
1771664400000,0.10041,0.10098,0.10017,0.10035,17141132.0
1771668000000,0.10035,0.10053,0.1,0.10015,12446309.0
1771671600000,0.10015,0.10037,0.09983,0.10006,13728862.0
1771675200000,0.10007,0.10023,0.09968,0.10018,17495811.0
1771678800000,0.10017,0.1005,0.10001,0.10049,8041408.0
1771682400000,0.1005,0.10081,0.10007,0.10049,27490749.0
1771686000000,0.1005,0.10057,0.09993,0.10002,13183534.0
1771689600000,0.10003,0.10007,0.0994,0.09965,24614987.0
1771693200000,0.09966,0.09971,0.09899,0.09943,48660119.0
1771696800000,0.09943,0.09998,0.09942,0.09983,9788987.0
1771700400000,0.09984,0.09987,0.09938,0.09947,6498996.0
1771704000000,0.09946,0.09958,0.09882,0.09887,13812319.0
1771707600000,0.09887,0.09938,0.09873,0.09938,9369482.0
1771711200000,0.09937,0.09956,0.09903,0.09919,10599738.0
1771714800000,0.09918,0.09925,0.0984,0.09841,15635481.0
1771718400000,0.09842,0.09855,0.09762,0.0979,23138177.0
1771722000000,0.0979,0.09824,0.09774,0.09815,8296811.0
1771725600000,0.09815,0.0982,0.09711,0.09728,16927348.0
1771729200000,0.09729,0.09758,0.09675,0.09742,31133326.0
1771732800000,0.09742,0.09752,0.0972,0.0974,6760112.0
1771736400000,0.09739,0.0974,0.0969,0.09703,11311906.0
1771740000000,0.09703,0.09737,0.0969,0.09727,14459505.0
1771743600000,0.09726,0.09747,0.09717,0.0973,8137211.0
1771747200000,0.0973,0.09734,0.09707,0.09715,6854938.0
1771750800000,0.09714,0.09738,0.09706,0.09731,6337462.0
1771754400000,0.09731,0.0975,0.0972,0.0974,6541142.0
1771758000000,0.0974,0.09766,0.09725,0.09735,7658690.0
1771761600000,0.09735,0.0974,0.09633,0.0966,33297584.0
1771765200000,0.0966,0.09687,0.09575,0.09614,30641575.0
1771768800000,0.09613,0.09615,0.09513,0.09584,36931386.0
1771772400000,0.09584,0.09611,0.09519,0.09576,21259305.0
1771776000000,0.09576,0.0959,0.0954,0.09587,12670522.0
1771779600000,0.09587,0.09587,0.09474,0.09496,37382505.0
1771783200000,0.09496,0.09534,0.09469,0.09524,17510105.0
1771786800000,0.09524,0.09531,0.09493,0.09508,9171356.0
1771790400000,0.09509,0.09509,0.09457,0.09479,9537973.0
1771794000000,0.0948,0.09546,0.0948,0.0954,12961110.0
1771797600000,0.09541,0.09597,0.09521,0.09572,14075247.0
1771801200000,0.09572,0.09583,0.09513,0.09558,10584277.0
1771804800000,0.09559,0.09577,0.09441,0.09447,14592328.0
1771808400000,0.09448,0.09452,0.09145,0.0921,209548399.0
1771812000000,0.0921,0.09299,0.09197,0.09265,47874978.0
1771815600000,0.09265,0.09325,0.09265,0.09275,40664477.0
1771819200000,0.09275,0.09291,0.0923,0.09249,14986533.0
1771822800000,0.09249,0.093,0.09232,0.09279,15182729.0
1771826400000,0.09278,0.09467,0.09271,0.09461,33847820.0
1771830000000,0.09461,0.09527,0.09451,0.09488,23058100.0
1771833600000,0.09487,0.09509,0.0944,0.09477,12374960.0
1771837200000,0.09478,0.09674,0.09468,0.09656,41095858.0
1771840800000,0.09657,0.09702,0.09611,0.09633,21321858.0
1771844400000,0.09633,0.09714,0.09633,0.09671,28050877.0
1771848000000,0.09672,0.0976,0.09641,0.09717,28682753.0
1771851600000,0.09718,0.09755,0.09674,0.09682,35088653.0
1771855200000,0.09683,0.09704,0.09551,0.09619,48442063.0
1771858800000,0.09619,0.09649,0.09491,0.09496,30683950.0
1771862400000,0.09495,0.09542,0.09406,0.09451,36957325.0
1771866000000,0.09452,0.09492,0.09283,0.0939,44894305.0
1771869600000,0.09389,0.09444,0.09329,0.09343,29399279.0
1771873200000,0.09344,0.09354,0.09256,0.09286,24017252.0
1771876800000,0.09286,0.09341,0.09259,0.09325,16214785.0
1771880400000,0.09324,0.09351,0.09292,0.09332,18580939.0
1771884000000,0.09332,0.09355,0.09304,0.09306,33047409.0
1771887600000,0.09306,0.09341,0.09249,0.09266,37237491.0
1771891200000,0.09267,0.09338,0.09267,0.0932,26112363.0
1771894800000,0.09321,0.0936,0.09095,0.09275,109314264.0
1771898400000,0.09274,0.09326,0.09218,0.09261,15716658.0
1771902000000,0.0926,0.0926,0.09178,0.0921,22784527.0
1771905600000,0.09211,0.09217,0.09106,0.09145,35158968.0
1771909200000,0.09145,0.09171,0.09063,0.09127,28075155.0
1771912800000,0.09126,0.09144,0.09083,0.09102,22011003.0
1771916400000,0.09103,0.09146,0.09083,0.09126,12940056.0
1771920000000,0.09126,0.0917,0.09096,0.09157,26704260.0
1771923600000,0.09157,0.09168,0.09072,0.09124,13646924.0
1771927200000,0.09124,0.09164,0.09105,0.09146,7232261.0
1771930800000,0.09146,0.09155,0.09089,0.0913,12005357.0
1771934400000,0.0913,0.09149,0.09102,0.09113,13742332.0
1771938000000,0.09114,0.09124,0.09014,0.09083,42544416.0
1771941600000,0.09083,0.09206,0.08996,0.09134,68643294.0
1771945200000,0.09135,0.09257,0.09114,0.09176,46920862.0
1771948800000,0.09176,0.0927,0.09138,0.09207,49637429.0
1771952400000,0.09208,0.09235,0.09143,0.09167,31499472.0
1771956000000,0.09167,0.09228,0.09152,0.09207,25880969.0
1771959600000,0.09208,0.09231,0.09169,0.09202,17374110.0
1771963200000,0.09202,0.09239,0.09189,0.0922,15375174.0
1771966800000,0.09219,0.09219,0.09157,0.09183,15257356.0
1771970400000,0.09182,0.09231,0.09174,0.09202,15161782.0
1771974000000,0.09201,0.09201,0.09133,0.09137,16279277.0
1771977600000,0.09138,0.09148,0.0909,0.09118,17766577.0
1771981200000,0.09117,0.09497,0.09113,0.09389,99077984.0
1771984800000,0.09388,0.0947,0.09353,0.09357,55079565.0
1771988400000,0.09357,0.09373,0.09264,0.09276,31534930.0
1771992000000,0.09276,0.09297,0.09177,0.09265,27355941.0
1771995600000,0.09264,0.09268,0.09138,0.09201,21607183.0
1771999200000,0.092,0.09253,0.09199,0.09232,14127692.0
1772002800000,0.09232,0.09293,0.09228,0.09284,8696601.0
1772006400000,0.09284,0.09354,0.0925,0.09348,20563252.0
1772010000000,0.09347,0.09388,0.09321,0.0935,17203536.0
1772013600000,0.09351,0.09395,0.09338,0.09368,16391432.0
1772017200000,0.09368,0.09427,0.09343,0.09408,19414300.0
1772020800000,0.09407,0.09608,0.09403,0.09576,49289098.0
1772024400000,0.09577,0.09746,0.09566,0.097,71471617.0
1772028000000,0.09701,0.10098,0.09701,0.10085,151193310.0
1772031600000,0.10084,0.10268,0.10026,0.10157,220230752.0
1772035200000,0.10158,0.10284,0.1008,0.10267,111242486.0
1772038800000,0.10268,0.10348,0.10247,0.10283,81427976.0
1772042400000,0.10283,0.10398,0.10227,0.10359,57658966.0
1772046000000,0.10359,0.10431,0.10324,0.10407,49053091.0
1772049600000,0.10407,0.10462,0.10334,0.10404,49976794.0
1772053200000,0.10404,0.10618,0.10388,0.10531,80948875.0
1772056800000,0.10532,0.1059,0.10223,0.10294,91188835.0
1772060400000,0.10294,0.10343,0.09947,0.10095,104683381.0
1772064000000,0.10095,0.1016,0.09982,0.10046,86212033.0
1772067600000,0.10046,0.10131,0.1003,0.10062,37491688.0
1772071200000,0.10062,0.1016,0.09987,0.10138,33129642.0
1772074800000,0.10138,0.10149,0.1007,0.10082,20560298.0
1772078400000,0.10082,0.1017,0.10064,0.10118,32608514.0
1772082000000,0.10117,0.10117,0.09966,0.10022,40465616.0
1772085600000,0.10022,0.10054,0.09986,0.10002,11933264.0
1772089200000,0.10001,0.10023,0.0993,0.09957,19410230.0
1772092800000,0.09957,0.10036,0.09955,0.09958,20700503.0
1772096400000,0.09958,0.1006,0.09948,0.10022,26821684.0
1772100000000,0.10021,0.10022,0.09873,0.09895,28468286.0
1772103600000,0.09894,0.09905,0.09828,0.0985,17949925.0
1772107200000,0.09851,0.09947,0.09846,0.0994,18810073.0
1772110800000,0.0994,0.09951,0.09885,0.09899,13811918.0
1772114400000,0.099,0.09948,0.09808,0.09888,41519923.0
1772118000000,0.09887,0.09905,0.09742,0.09861,73324658.0
1772121600000,0.09861,0.09879,0.09561,0.09574,91781065.0
1772125200000,0.09573,0.09679,0.09564,0.09582,31736028.0
1772128800000,0.09581,0.09667,0.0954,0.09609,38150962.0
1772132400000,0.09609,0.0976,0.09606,0.09735,53056780.0
1772136000000,0.09734,0.09765,0.09664,0.09678,20032005.0
1772139600000,0.09678,0.09691,0.09645,0.09672,11944488.0
1772143200000,0.09672,0.09718,0.09653,0.09694,13304792.0
1772146800000,0.09693,0.0972,0.09659,0.09701,13458380.0
1772150400000,0.09702,0.09706,0.09624,0.09669,14840026.0
1772154000000,0.09669,0.09718,0.09641,0.09712,16079691.0
1772157600000,0.09712,0.09768,0.09708,0.09721,21012901.0
1772161200000,0.09722,0.09768,0.09664,0.09755,19338662.0
1772164800000,0.09754,0.09911,0.0975,0.09844,69393721.0
1772168400000,0.09844,0.09902,0.0984,0.09854,20003087.0
1772172000000,0.09855,0.09907,0.098,0.09887,17722264.0
1772175600000,0.09887,0.09898,0.09778,0.09843,23621900.0
1772179200000,0.09843,0.09863,0.098,0.09827,12117603.0
1772182800000,0.09828,0.09858,0.09702,0.09738,26330152.0
1772186400000,0.09737,0.09748,0.09593,0.09606,34585065.0
1772190000000,0.09605,0.09647,0.09463,0.095,63393552.0
1772193600000,0.095,0.09538,0.09474,0.09518,32315672.0
1772197200000,0.09519,0.09557,0.09388,0.09479,77602443.0
1772200800000,0.09478,0.09491,0.09379,0.09395,31031436.0
1772204400000,0.09394,0.09445,0.09362,0.09405,30576360.0
1772208000000,0.09404,0.09429,0.09334,0.09365,35821437.0
1772211600000,0.09366,0.09392,0.093,0.09373,27151127.0
1772215200000,0.09373,0.0939,0.09327,0.09343,14833630.0
1772218800000,0.09342,0.09345,0.09273,0.09301,17291942.0
1772222400000,0.09302,0.09341,0.09296,0.09324,10894915.0
1772226000000,0.09325,0.09349,0.09292,0.09312,12854685.0
1772229600000,0.09312,0.09324,0.09198,0.09313,39015671.0
1772233200000,0.09312,0.09343,0.09292,0.09337,20797220.0
1772236800000,0.09337,0.09374,0.0933,0.0935,16928164.0
1772240400000,0.0935,0.09371,0.09321,0.09333,15905725.0
1772244000000,0.09332,0.09377,0.09325,0.09372,9563357.0
1772247600000,0.09372,0.09372,0.09312,0.09323,9892277.0
1772251200000,0.09323,0.09341,0.09271,0.09311,12597955.0
1772254800000,0.09311,0.09318,0.09243,0.0926,11703558.0
1772258400000,0.09259,0.09264,0.08823,0.08867,264779431.0
1772262000000,0.08866,0.09046,0.08804,0.08933,128942404.0
1772265600000,0.08933,0.08946,0.08842,0.08862,42044948.0
1772269200000,0.08861,0.08922,0.0878,0.08841,66951226.0
1772272800000,0.08841,0.08921,0.08771,0.08855,66695857.0
1772276400000,0.08855,0.08922,0.08849,0.08874,49808666.0
1772280000000,0.08874,0.08933,0.08856,0.08885,39321398.0
1772283600000,0.08886,0.09212,0.08883,0.09148,121057226.0
1772287200000,0.09148,0.09194,0.09006,0.09027,77271378.0
1772290800000,0.09028,0.09106,0.08977,0.09081,39165078.0
1772294400000,0.0908,0.09115,0.09037,0.09089,20575587.0
1772298000000,0.0909,0.09128,0.09016,0.09111,25508575.0
1772301600000,0.0911,0.09284,0.09078,0.09215,51852845.0
1772305200000,0.09214,0.09343,0.09149,0.09286,61205573.0
1772308800000,0.09286,0.09464,0.09263,0.09431,43172467.0
1772312400000,0.09432,0.09444,0.09341,0.09386,37451520.0
1772316000000,0.09386,0.095,0.09386,0.09394,33977207.0
1772319600000,0.09393,0.0942,0.09379,0.09405,16719520.0
1772323200000,0.09406,0.09427,0.09354,0.09393,22223594.0
1772326800000,0.09392,0.0962,0.09306,0.09548,80879639.0
1772330400000,0.09548,0.09788,0.09548,0.09705,145499472.0
1772334000000,0.09704,0.09729,0.09589,0.0961,48560838.0
1772337600000,0.0961,0.09655,0.09567,0.09625,47738413.0
1772341200000,0.09625,0.09659,0.09585,0.09593,15314269.0
1772344800000,0.09593,0.096,0.09443,0.09478,52336315.0
1772348400000,0.09478,0.09502,0.09434,0.09486,15772038.0
1772352000000,0.09487,0.09491,0.09336,0.09362,30882050.0
1772355600000,0.09362,0.09444,0.0933,0.09348,25856922.0
1772359200000,0.09348,0.09404,0.09319,0.09369,20692733.0
1772362800000,0.09369,0.09386,0.09339,0.09353,19176262.0
1772366400000,0.09352,0.09377,0.09287,0.09295,14320551.0
1772370000000,0.09296,0.09496,0.09249,0.09433,68070652.0
1772373600000,0.09433,0.09553,0.09374,0.09406,45181231.0
1772377200000,0.09405,0.09465,0.0938,0.09387,25107594.0
1772380800000,0.09388,0.09454,0.09208,0.09291,70796716.0
1772384400000,0.0929,0.09294,0.09172,0.09232,53688123.0
1772388000000,0.09233,0.09363,0.09233,0.09278,35611179.0
1772391600000,0.09279,0.09279,0.0915,0.0918,35324491.0
1772395200000,0.0918,0.09191,0.09056,0.0909,55300344.0
1772398800000,0.09089,0.09217,0.09085,0.09199,28550025.0
1772402400000,0.09199,0.09348,0.09177,0.09187,52554548.0
1772406000000,0.09186,0.09299,0.09168,0.0919,15872502.0
1772409600000,0.0919,0.09343,0.09184,0.09304,23917935.0
1772413200000,0.09304,0.09448,0.09294,0.09331,32090402.0
1772416800000,0.09332,0.09367,0.09254,0.09271,32562760.0
1772420400000,0.09271,0.09356,0.09241,0.09327,23371717.0
1772424000000,0.09328,0.09354,0.09294,0.0932,16266663.0
1772427600000,0.0932,0.09354,0.09273,0.09302,12477815.0
1772431200000,0.09302,0.09302,0.09161,0.09203,24452967.0
1772434800000,0.09202,0.09208,0.09117,0.09174,13763468.0
1772438400000,0.09175,0.09245,0.09132,0.09231,22203702.0
1772442000000,0.09231,0.09297,0.09205,0.09205,18959759.0
1772445600000,0.09205,0.0923,0.09161,0.0919,18792438.0
1772449200000,0.0919,0.0922,0.09146,0.09185,21065305.0
1772452800000,0.09185,0.09204,0.09125,0.09142,17055686.0
1772456400000,0.09142,0.0917,0.09081,0.09095,29513978.0
1772460000000,0.09095,0.0939,0.0908,0.09359,66925700.0
1772463600000,0.09359,0.09664,0.09335,0.09567,183554083.0
1772467200000,0.09568,0.09771,0.09545,0.09624,121900399.0
1772470800000,0.09624,0.09648,0.09433,0.09543,73032626.0
1772474400000,0.09543,0.09606,0.09459,0.0955,32316198.0
1772478000000,0.09549,0.09586,0.09491,0.09553,31844820.0
1772481600000,0.09552,0.096,0.09462,0.09465,25311981.0
1772485200000,0.09466,0.0947,0.09395,0.09413,21152368.0
1772488800000,0.09414,0.09505,0.09404,0.0948,43193081.0
1772492400000,0.09481,0.09487,0.0933,0.09356,33937818.0
1772496000000,0.09356,0.09378,0.09277,0.09353,27238684.0
1772499600000,0.09352,0.09385,0.09284,0.0929,18055346.0
1772503200000,0.09291,0.09297,0.09216,0.09261,30838319.0
1772506800000,0.09261,0.09278,0.09209,0.09258,19054825.0
1772510400000,0.09258,0.09263,0.0916,0.09175,17433769.0
1772514000000,0.09174,0.09243,0.09124,0.09168,29563921.0
1772517600000,0.09168,0.09182,0.09131,0.09167,23529068.0
1772521200000,0.09168,0.09209,0.0911,0.09136,68482993.0
1772524800000,0.09135,0.09158,0.08973,0.08995,85210658.0
1772528400000,0.08996,0.09055,0.08951,0.08967,69029549.0
1772532000000,0.08966,0.09009,0.08923,0.08986,44351416.0
1772535600000,0.08987,0.09016,0.08963,0.09007,30686794.0
1772539200000,0.09007,0.09109,0.08981,0.09043,53652130.0
1772542800000,0.09043,0.09047,0.08962,0.08987,32550803.0
1772546400000,0.08986,0.09099,0.08868,0.08935,92988570.0
1772550000000,0.08934,0.09065,0.08874,0.09021,60615259.0
1772553600000,0.0902,0.09242,0.08978,0.09091,103404661.0
1772557200000,0.09091,0.09101,0.08946,0.09015,39641737.0
1772560800000,0.09016,0.09063,0.0893,0.08979,36400998.0
1772564400000,0.0898,0.08996,0.08912,0.08941,42659256.0
1772568000000,0.08942,0.08947,0.08886,0.08913,30997960.0
1772571600000,0.08912,0.08945,0.08847,0.08938,37749423.0
1772575200000,0.08939,0.09063,0.08939,0.09019,33172644.0
1772578800000,0.09018,0.09088,0.0899,0.08997,29935713.0
1772582400000,0.08998,0.09019,0.08927,0.08983,26702987.0
1772586000000,0.08984,0.09065,0.08952,0.08989,33975598.0
1772589600000,0.08988,0.09017,0.08946,0.08994,30838420.0
1772593200000,0.08994,0.09014,0.08859,0.08939,38699734.0
1772596800000,0.08939,0.08983,0.08894,0.0893,21641506.0
1772600400000,0.08929,0.08966,0.08872,0.08926,22503059.0
1772604000000,0.08926,0.08978,0.08873,0.08922,30469536.0
1772607600000,0.08922,0.09056,0.08887,0.09015,42471347.0
1772611200000,0.09015,0.09259,0.08971,0.0923,120989046.0
1772614800000,0.0923,0.09345,0.09195,0.09256,172277428.0
1772618400000,0.09256,0.0933,0.09247,0.09303,76116223.0
1772622000000,0.09304,0.09315,0.09192,0.0923,44988733.0
1772625600000,0.09229,0.09266,0.09149,0.09242,46090122.0
1772629200000,0.09242,0.09422,0.09235,0.09407,75117175.0
1772632800000,0.09407,0.0961,0.09386,0.09524,206701915.0
1772636400000,0.09525,0.09921,0.09523,0.09905,278767873.0
1772640000000,0.09905,0.10003,0.09747,0.09961,188749769.0
1772643600000,0.09961,0.10337,0.09951,0.10182,222842078.0
1772647200000,0.10182,0.10245,0.10121,0.10217,98378271.0
1772650800000,0.10217,0.10434,0.10189,0.10275,116064341.0
1772654400000,0.10276,0.1035,0.10196,0.10222,90875220.0
1772658000000,0.10223,0.1027,0.10167,0.10221,90358560.0
1772661600000,0.10221,0.10305,0.09869,0.0992,109351843.0
1772665200000,0.09919,0.09989,0.09888,0.09893,75592461.0
1772668800000,0.09893,0.09924,0.09772,0.09814,62465039.0
1772672400000,0.09814,0.09884,0.09652,0.09688,66892797.0
1772676000000,0.09688,0.09731,0.09617,0.09643,30690366.0
1772679600000,0.09643,0.09645,0.09593,0.09621,52833793.0
1772683200000,0.09621,0.09737,0.09611,0.09678,62328008.0
1772686800000,0.09678,0.09708,0.096,0.09607,31463336.0
1772690400000,0.09607,0.09656,0.0955,0.09653,50205711.0
1772694000000,0.09652,0.09668,0.09522,0.09569,33214441.0
1772697600000,0.09568,0.09592,0.09533,0.09574,29313115.0
1772701200000,0.09574,0.09659,0.09568,0.09626,50906569.0
1772704800000,0.09627,0.098,0.09605,0.09769,62101529.0
1772708400000,0.09768,0.09788,0.0957,0.09593,70573299.0
1772712000000,0.09593,0.09646,0.09548,0.09626,39989843.0
1772715600000,0.09627,0.09631,0.09462,0.09513,61275670.0
1772719200000,0.09514,0.09575,0.09425,0.09543,85108942.0
1772722800000,0.09544,0.09564,0.0939,0.09428,61323301.0
1772726400000,0.09428,0.09429,0.09275,0.09389,59283642.0
1772730000000,0.09389,0.09429,0.09282,0.09308,32225947.0
1772733600000,0.09308,0.09394,0.09293,0.09374,34087932.0
1772737200000,0.09375,0.09456,0.09373,0.09392,20001247.0
1772740800000,0.09392,0.09482,0.09388,0.09434,29012904.0
1772744400000,0.09434,0.0947,0.09368,0.09391,22109051.0
1772748000000,0.09392,0.09408,0.09353,0.09383,12718296.0
1772751600000,0.09383,0.09392,0.09345,0.09356,9764013.0
1772755200000,0.09356,0.09388,0.09346,0.09371,12024478.0
1772758800000,0.09372,0.09434,0.09315,0.09405,23331927.0
1772762400000,0.09406,0.09408,0.09351,0.09364,18961475.0
1772766000000,0.09364,0.09406,0.09358,0.09392,8990039.0
1772769600000,0.09391,0.09393,0.093,0.09345,16135394.0
1772773200000,0.09346,0.09374,0.09318,0.0936,15249595.0
1772776800000,0.0936,0.09377,0.09333,0.09338,12548966.0
1772780400000,0.09338,0.09441,0.09332,0.094,72948351.0
1772784000000,0.09399,0.094,0.0929,0.09326,32751118.0
1772787600000,0.09326,0.09329,0.09245,0.09323,28772734.0
1772791200000,0.09323,0.09381,0.09315,0.09352,18954942.0
1772794800000,0.09351,0.09368,0.09296,0.09309,11267613.0
1772798400000,0.0931,0.0935,0.0927,0.09307,22427226.0
1772802000000,0.09306,0.09356,0.09141,0.09158,98062612.0
1772805600000,0.09157,0.09168,0.09,0.09033,184041478.0
1772809200000,0.09033,0.09099,0.09,0.09026,76414543.0
1772812800000,0.09025,0.09131,0.09019,0.09081,67914176.0
1772816400000,0.0908,0.0911,0.09001,0.0903,44202466.0
1772820000000,0.09029,0.0908,0.09023,0.09067,25710810.0
1772823600000,0.09067,0.09116,0.09063,0.09086,13344136.0
1772827200000,0.09087,0.09113,0.09057,0.09105,14084496.0
1772830800000,0.09105,0.09117,0.09077,0.09111,12426559.0
1772834400000,0.09112,0.09169,0.09097,0.09128,23747304.0
1772838000000,0.09128,0.09139,0.09112,0.09129,17043361.0
1772841600000,0.09129,0.09155,0.09121,0.09141,14596879.0
1772845200000,0.0914,0.09174,0.09128,0.09154,17427893.0
1772848800000,0.09155,0.09166,0.09115,0.09162,13961195.0
1772852400000,0.09161,0.09213,0.09104,0.09107,40139238.0
1772856000000,0.09107,0.09126,0.0907,0.09084,16616588.0
1772859600000,0.09083,0.09096,0.09047,0.09071,13345342.0
1772863200000,0.0907,0.09088,0.09047,0.09058,7882236.0
1772866800000,0.09059,0.09074,0.09039,0.09057,9378827.0
1772870400000,0.09058,0.09086,0.09041,0.09042,17838032.0
1772874000000,0.09042,0.09063,0.09004,0.09038,20800735.0
1772877600000,0.09038,0.09055,0.09031,0.09038,8966037.0
1772881200000,0.09037,0.09083,0.09013,0.0906,20063415.0
1772884800000,0.09059,0.09066,0.09034,0.09039,9605701.0
1772888400000,0.0904,0.09062,0.09016,0.0903,16247384.0
1772892000000,0.09029,0.09042,0.08943,0.09008,78780391.0
1772895600000,0.09007,0.09018,0.08962,0.09002,18142625.0
1772899200000,0.09001,0.09021,0.08992,0.09017,7915353.0
1772902800000,0.09017,0.09063,0.09016,0.09047,11278276.0
1772906400000,0.09047,0.09048,0.08962,0.09015,23901322.0
1772910000000,0.09014,0.09015,0.08927,0.08959,39351129.0
1772913600000,0.0896,0.09016,0.08958,0.09007,10326628.0
1772917200000,0.09007,0.0902,0.08981,0.09,7094640.0
1772920800000,0.09,0.09006,0.08942,0.08976,10948013.0
1772924400000,0.08977,0.09003,0.08971,0.08993,9177580.0
1772928000000,0.08993,0.0902,0.08972,0.08992,8624989.0
1772931600000,0.08992,0.09011,0.08976,0.09002,9486550.0
1772935200000,0.09002,0.09009,0.08878,0.08927,50809259.0
1772938800000,0.08928,0.08949,0.089,0.08935,23069131.0
1772942400000,0.08936,0.08961,0.08875,0.08899,26959875.0
1772946000000,0.08898,0.08971,0.08897,0.0894,12915030.0
1772949600000,0.0894,0.08946,0.08903,0.08911,18721750.0
1772953200000,0.0891,0.08957,0.08902,0.08932,33026304.0
1772956800000,0.08931,0.08945,0.08894,0.08939,29047903.0
1772960400000,0.08939,0.09011,0.08925,0.08993,32819696.0
1772964000000,0.08994,0.09133,0.08993,0.09053,38490379.0
1772967600000,0.09052,0.09052,0.08912,0.08935,32820120.0
1772971200000,0.08936,0.08949,0.08814,0.08896,77277334.0
1772974800000,0.08895,0.08908,0.0879,0.08869,71437008.0
1772978400000,0.08869,0.08926,0.08862,0.08912,26148997.0
1772982000000,0.08911,0.08918,0.08853,0.08871,17713699.0
1772985600000,0.08871,0.08886,0.08826,0.08854,26844683.0
1772989200000,0.08855,0.0891,0.08852,0.08863,12696819.0
1772992800000,0.08864,0.08869,0.0882,0.08851,14963721.0
1772996400000,0.08852,0.0897,0.0884,0.08934,27818604.0
1773000000000,0.08934,0.09011,0.08917,0.08971,24611014.0
1773003600000,0.08971,0.08986,0.08908,0.08956,13823850.0
1773007200000,0.08955,0.08966,0.08666,0.08944,175402551.0
1773010800000,0.08944,0.08986,0.08891,0.08915,28592141.0
1773014400000,0.08914,0.09051,0.08909,0.08983,47985395.0
1773018000000,0.08982,0.09011,0.08931,0.08938,29267389.0
1773021600000,0.08937,0.09002,0.089,0.08975,28169772.0
1773025200000,0.08975,0.09169,0.08965,0.09038,117147489.0
1773028800000,0.09039,0.0909,0.09021,0.09035,24768546.0
1773032400000,0.09035,0.09178,0.09011,0.09146,75738208.0
1773036000000,0.09147,0.09169,0.09029,0.09042,35563087.0
1773039600000,0.09042,0.09046,0.08933,0.08999,38577049.0
1773043200000,0.09,0.09066,0.0899,0.0905,27611942.0
1773046800000,0.0905,0.09138,0.09005,0.0904,60396386.0
1773050400000,0.09041,0.09077,0.08995,0.09011,25201691.0
1773054000000,0.09011,0.09056,0.08975,0.09037,19375467.0
1773057600000,0.09038,0.09115,0.09038,0.09088,32288120.0
1773061200000,0.09088,0.09246,0.09081,0.09192,71403548.0
1773064800000,0.09192,0.09231,0.09085,0.0916,72842901.0
1773068400000,0.0916,0.09187,0.09063,0.09112,42796784.0
1773072000000,0.09113,0.09165,0.09075,0.09122,29193476.0
1773075600000,0.09122,0.09175,0.09097,0.0914,33315832.0
1773079200000,0.0914,0.09171,0.09079,0.09086,30904930.0
1773082800000,0.09087,0.09283,0.09066,0.09128,64961025.0
1773086400000,0.09128,0.09148,0.0908,0.09125,27152149.0
1773090000000,0.09125,0.09182,0.0911,0.0915,12331719.0
1773093600000,0.0915,0.09158,0.09047,0.09072,31887805.0
1773097200000,0.09071,0.09094,0.09022,0.09049,17770048.0
1773100800000,0.09048,0.09144,0.09033,0.09105,18828865.0
1773104400000,0.09105,0.0913,0.0905,0.09102,15525444.0
1773108000000,0.09101,0.09238,0.0907,0.09201,62589804.0
1773111600000,0.092,0.09222,0.09101,0.09122,32576932.0
1773115200000,0.09122,0.09208,0.09115,0.09189,16665914.0
1773118800000,0.09189,0.09233,0.09167,0.0918,18137832.0
1773122400000,0.0918,0.09187,0.09139,0.09163,9984990.0
1773126000000,0.09162,0.09248,0.09139,0.09235,68823131.0
1773129600000,0.09235,0.09422,0.09225,0.09356,89595499.0
1773133200000,0.09357,0.09556,0.09357,0.0952,73956102.0
1773136800000,0.0952,0.09591,0.09445,0.09549,62048325.0
1773140400000,0.09549,0.09575,0.09419,0.0945,65489386.0
1773144000000,0.09451,0.09506,0.09427,0.09499,50761181.0
1773147600000,0.09499,0.09707,0.09457,0.09609,183656881.0
1773151200000,0.0961,0.09965,0.09491,0.09935,252043649.0
1773154800000,0.09935,0.09975,0.09768,0.09912,223195687.0
1773158400000,0.09912,0.10046,0.09864,0.09982,162205768.0
1773162000000,0.09981,0.10003,0.09786,0.09824,122243946.0
1773165600000,0.09824,0.09826,0.09506,0.09545,122847987.0
1773169200000,0.09545,0.09553,0.09431,0.09477,53499151.0
1773172800000,0.09476,0.09507,0.09446,0.09496,47780451.0
1773176400000,0.09497,0.09532,0.0939,0.09442,39150945.0
1773180000000,0.09442,0.09486,0.09403,0.09434,26471091.0
1773183600000,0.09434,0.09477,0.09433,0.09452,17687168.0
1773187200000,0.09452,0.09509,0.09406,0.09444,68107676.0
1773190800000,0.09444,0.09447,0.09329,0.09362,35519621.0
1773194400000,0.09362,0.09368,0.09244,0.093,46908863.0
1773198000000,0.09299,0.09321,0.09243,0.09262,36593583.0
1773201600000,0.09261,0.09324,0.09222,0.09312,90845944.0
1773205200000,0.09313,0.09319,0.09143,0.09167,72487799.0
1773208800000,0.09167,0.09229,0.09148,0.09205,44644147.0
1773212400000,0.09205,0.09238,0.09146,0.09194,35754126.0
1773216000000,0.09194,0.09237,0.0917,0.09209,39491203.0
1773219600000,0.09209,0.09214,0.09153,0.09169,24481366.0
1773223200000,0.0917,0.09228,0.09161,0.09225,18209998.0
1773226800000,0.09225,0.09241,0.09181,0.09197,24560893.0
1773230400000,0.09198,0.0935,0.09173,0.09249,52036008.0
1773234000000,0.09249,0.09485,0.09244,0.09311,155890090.0
1773237600000,0.09311,0.09426,0.09268,0.09348,82594655.0
1773241200000,0.09348,0.09356,0.0912,0.09237,101935614.0
1773244800000,0.09237,0.09314,0.09225,0.09302,42535824.0
1773248400000,0.09302,0.09424,0.09269,0.09369,78295758.0
1773252000000,0.09369,0.09462,0.09369,0.09438,38248031.0
1773255600000,0.09438,0.09457,0.09373,0.09384,23954328.0
1773259200000,0.09384,0.09385,0.0933,0.09366,12927648.0
1773262800000,0.09366,0.09388,0.0935,0.0937,13230282.0
1773266400000,0.09371,0.09422,0.09334,0.09345,22377930.0
1773270000000,0.09345,0.09379,0.09276,0.09288,18354107.0
1773273600000,0.09289,0.09304,0.09246,0.09274,17791029.0
1773277200000,0.09273,0.09273,0.09215,0.09236,12363594.0
1773280800000,0.09236,0.09255,0.0918,0.09191,22670457.0
1773284400000,0.0919,0.09255,0.09185,0.09216,18947151.0
1773288000000,0.09216,0.09237,0.09195,0.09199,11396494.0
1773291600000,0.09198,0.09222,0.09187,0.09204,10249968.0
1773295200000,0.09204,0.09217,0.0918,0.09205,18569620.0
1773298800000,0.09204,0.093,0.09187,0.09291,58158780.0
1773302400000,0.09291,0.09329,0.09253,0.09293,40289094.0
1773306000000,0.09293,0.09364,0.0924,0.09308,29323794.0
1773309600000,0.09308,0.09451,0.09294,0.09432,55609400.0
1773313200000,0.09432,0.09519,0.09409,0.09469,45351830.0
1773316800000,0.0947,0.09586,0.09458,0.09512,65815469.0
1773320400000,0.09513,0.09562,0.09396,0.09489,79536444.0
1773324000000,0.09489,0.0958,0.09327,0.09369,90113162.0
1773327600000,0.09369,0.09476,0.09307,0.09409,78327162.0
1773331200000,0.09409,0.09487,0.09334,0.09473,37102725.0
1773334800000,0.09474,0.09492,0.0941,0.09436,22665237.0
1773338400000,0.09436,0.09453,0.09376,0.09384,15508892.0
1773342000000,0.09383,0.09472,0.0937,0.09443,21701821.0
1773345600000,0.09443,0.09459,0.09403,0.09411,11530275.0
1773349200000,0.09412,0.09477,0.09409,0.09469,12894808.0
1773352800000,0.09468,0.09486,0.09426,0.09442,16615940.0
1773356400000,0.09441,0.09534,0.0944,0.09475,37363040.0
1773360000000,0.09474,0.09806,0.09454,0.09683,150595751.0
1773363600000,0.09682,0.0972,0.09627,0.09708,55984410.0
1773367200000,0.09708,0.09718,0.0957,0.09595,63887939.0
1773370800000,0.09596,0.09699,0.09593,0.09676,27115311.0
1773374400000,0.09677,0.09683,0.09616,0.09624,17114485.0
1773378000000,0.09623,0.09689,0.0958,0.09652,22302630.0
1773381600000,0.09653,0.09678,0.09608,0.09665,21010391.0
1773385200000,0.09664,0.09676,0.09627,0.09651,20428861.0
1773388800000,0.09651,0.09772,0.0961,0.09734,50580296.0
1773392400000,0.09734,0.09913,0.09721,0.09863,79519025.0
1773396000000,0.09863,0.09952,0.09849,0.099,109734680.0
1773399600000,0.099,0.1004,0.09896,0.10003,131297934.0
1773403200000,0.10003,0.10199,0.09939,0.10067,166756129.0
1773406800000,0.10068,0.10118,0.09957,0.10038,131363272.0
1773410400000,0.10038,0.10074,0.09733,0.0978,193698844.0
1773414000000,0.0978,0.09891,0.09759,0.09795,91131412.0
1773417600000,0.09795,0.09847,0.09735,0.09773,100571961.0
1773421200000,0.09773,0.09775,0.09567,0.0961,87943643.0
1773424800000,0.0961,0.09639,0.09567,0.09585,33604542.0
1773428400000,0.09585,0.0962,0.09543,0.09603,32869862.0
1773432000000,0.09604,0.09654,0.09592,0.09654,17319386.0
1773435600000,0.09654,0.09679,0.09592,0.09623,24872913.0
1773439200000,0.09622,0.09629,0.09545,0.09596,32326980.0
1773442800000,0.09597,0.09608,0.09578,0.09596,15264318.0
1773446400000,0.09596,0.09602,0.09503,0.0954,66460995.0
1773450000000,0.0954,0.09584,0.09529,0.09569,48360320.0
1773453600000,0.09569,0.0959,0.09542,0.0958,17683304.0
1773457200000,0.09581,0.09627,0.0956,0.09605,42435234.0
1773460800000,0.09605,0.09643,0.09562,0.09574,29361899.0
1773464400000,0.09575,0.0958,0.09533,0.09568,21972094.0
1773468000000,0.09568,0.09568,0.09426,0.09475,60636922.0
1773471600000,0.09475,0.09492,0.09452,0.09463,21243480.0
1773475200000,0.09462,0.09481,0.09437,0.09444,23773086.0
1773478800000,0.09443,0.09459,0.09415,0.09424,22647810.0
1773482400000,0.09423,0.09444,0.094,0.09442,15903072.0
1773486000000,0.09441,0.09553,0.09441,0.09527,41742859.0
1773489600000,0.09527,0.09534,0.09474,0.09496,24336872.0
1773493200000,0.09496,0.09547,0.09489,0.09525,17386703.0
1773496800000,0.09526,0.09567,0.09444,0.09457,59840240.0
1773500400000,0.09456,0.09501,0.09452,0.09493,23189065.0
1773504000000,0.09493,0.09545,0.09468,0.09532,19363476.0
1773507600000,0.09532,0.09532,0.09465,0.09467,7879892.0
1773511200000,0.09466,0.0948,0.09436,0.0947,12717982.0
1773514800000,0.0947,0.0948,0.09457,0.09479,5157817.0
1773518400000,0.09479,0.09503,0.09461,0.0948,11827893.0
1773522000000,0.0948,0.09513,0.09466,0.09506,9180096.0
1773525600000,0.09507,0.09526,0.0949,0.09514,8501865.0
1773529200000,0.09514,0.09618,0.09514,0.09604,33837568.0
1773532800000,0.09605,0.09619,0.0954,0.09557,25971971.0
1773536400000,0.09558,0.09598,0.09545,0.09557,19220293.0
1773540000000,0.09557,0.09746,0.09557,0.0969,84442103.0
1773543600000,0.09691,0.09728,0.09593,0.09601,33004500.0
1773547200000,0.09601,0.09628,0.09568,0.09599,19202488.0
1773550800000,0.09599,0.0965,0.0957,0.09609,42084127.0
1773554400000,0.0961,0.0962,0.09553,0.09572,23939593.0
1773558000000,0.09571,0.09594,0.09553,0.09562,18031953.0
1773561600000,0.09563,0.09655,0.09561,0.09646,54909731.0
1773565200000,0.09646,0.09663,0.09615,0.09616,23951539.0
1773568800000,0.09616,0.09638,0.09596,0.09626,18703633.0
1773572400000,0.09625,0.09656,0.09606,0.09639,15036179.0
1773576000000,0.0964,0.09649,0.09605,0.09637,10316669.0
1773579600000,0.09638,0.09666,0.09466,0.09532,80218622.0
1773583200000,0.09531,0.09561,0.09509,0.09558,22823259.0
1773586800000,0.09559,0.09559,0.09489,0.09498,26453982.0
1773590400000,0.09497,0.09511,0.09445,0.0947,35623262.0
1773594000000,0.0947,0.09583,0.09464,0.09549,18460660.0
1773597600000,0.0955,0.09559,0.09468,0.0948,19079037.0
1773601200000,0.0948,0.09535,0.0947,0.09518,15638129.0
1773604800000,0.09518,0.09588,0.09496,0.09537,16317523.0
1773608400000,0.09537,0.09606,0.09503,0.09587,21573558.0
1773612000000,0.09587,0.09767,0.09528,0.09735,90950062.0
1773615600000,0.09736,0.09809,0.09663,0.09738,75807914.0
1773619200000,0.09738,0.0982,0.09723,0.09797,56036528.0
1773622800000,0.09797,0.09816,0.0973,0.09761,56465098.0
1773626400000,0.09761,0.09846,0.09704,0.09811,64291346.0
1773630000000,0.09812,0.10143,0.0978,0.09997,244815078.0
1773633600000,0.09998,0.10117,0.09979,0.10071,113780563.0
1773637200000,0.10071,0.1018,0.10048,0.10159,95957940.0
1773640800000,0.10159,0.10258,0.1012,0.10167,123638807.0
1773644400000,0.10168,0.10268,0.10163,0.10202,103815893.0
1773648000000,0.10203,0.10297,0.10021,0.10034,153276655.0
1773651600000,0.10035,0.10137,0.09983,0.10108,114550970.0
1773655200000,0.10109,0.1013,0.10012,0.10069,67654444.0
1773658800000,0.10069,0.10069,0.09938,0.09995,63372885.0
1773662400000,0.09996,0.1005,0.09973,0.10009,59050379.0
1773666000000,0.10009,0.10172,0.09995,0.10054,107577041.0
1773669600000,0.10054,0.10351,0.09993,0.10314,248205186.0
1773673200000,0.10314,0.10335,0.09996,0.10007,108374634.0
1773676800000,0.10007,0.10137,0.09987,0.10116,51537813.0
1773680400000,0.10116,0.10171,0.1009,0.10144,35624597.0
1773684000000,0.10143,0.10241,0.10124,0.10175,41409667.0
1773687600000,0.10176,0.10296,0.1015,0.10198,33586997.0
1773691200000,0.10198,0.10211,0.10149,0.10154,24472698.0
1773694800000,0.10153,0.10268,0.10122,0.10198,40436267.0
1773698400000,0.10198,0.10344,0.10198,0.10325,67246448.0
1773702000000,0.10325,0.10375,0.10224,0.10304,47311698.0
1773705600000,0.10304,0.10402,0.10254,0.10321,71229769.0
1773709200000,0.10322,0.1039,0.10259,0.10324,69835845.0
1773712800000,0.10324,0.10449,0.10221,0.10352,108180160.0
1773716400000,0.10353,0.1036,0.10066,0.10124,103235616.0
1773720000000,0.10125,0.10166,0.09995,0.10054,83649977.0
1773723600000,0.10053,0.10076,0.09947,0.1,48449072.0
1773727200000,0.1,0.10058,0.09961,0.10007,32008072.0
1773730800000,0.10008,0.10113,0.10002,0.10052,26467269.0
1773734400000,0.10053,0.10144,0.10046,0.10087,38646175.0
1773738000000,0.10086,0.10129,0.10034,0.10074,35579141.0
1773741600000,0.10075,0.10077,0.1,0.10019,39600667.0
1773745200000,0.1002,0.10053,0.1,0.10016,26055263.0
1773748800000,0.10016,0.10024,0.0987,0.09881,60705182.0
1773752400000,0.09881,0.09971,0.0985,0.09894,78309112.0
1773756000000,0.09895,0.09981,0.0983,0.09971,68576277.0
1773759600000,0.09971,0.10053,0.09883,0.09967,80409082.0
1773763200000,0.09967,0.10038,0.09941,0.0999,39094269.0
1773766800000,0.09991,0.10067,0.0996,0.10065,18791191.0
1773770400000,0.10064,0.10113,0.10035,0.10096,23092342.0
1773774000000,0.10096,0.1011,0.10016,0.10024,16080760.0
1773777600000,0.10024,0.10067,0.09995,0.10057,10903339.0
1773781200000,0.10056,0.10129,0.1004,0.10119,24076865.0
1773784800000,0.10119,0.10174,0.10037,0.10089,23426735.0
1773788400000,0.10088,0.10115,0.10003,0.10015,14248769.0
1773792000000,0.10015,0.10042,0.09968,0.10013,17857488.0
1773795600000,0.10013,0.10088,0.10012,0.10034,20917619.0
1773799200000,0.10033,0.10139,0.10029,0.10091,20119158.0
1773802800000,0.1009,0.10185,0.10066,0.10116,35459213.0
1773806400000,0.10116,0.10123,0.09969,0.10019,54952672.0
1773810000000,0.10019,0.10111,0.10008,0.10024,32032579.0
1773813600000,0.10024,0.10097,0.1001,0.10014,17721195.0
1773817200000,0.10015,0.10015,0.09922,0.09956,45579087.0
1773820800000,0.09956,0.10007,0.09952,0.09979,13862445.0
1773824400000,0.09979,0.10011,0.09966,0.0999,14844311.0
1773828000000,0.0999,0.10002,0.09883,0.09918,22426904.0
1773831600000,0.09918,0.0994,0.09661,0.09711,164545909.0
1773835200000,0.0971,0.09711,0.09568,0.09594,109723734.0
1773838800000,0.09594,0.09629,0.09542,0.09578,114541084.0
1773842400000,0.09578,0.09583,0.09428,0.09452,90113948.0
1773846000000,0.09451,0.09481,0.09389,0.09436,89417025.0
1773849600000,0.09435,0.09435,0.0935,0.09385,105608539.0
1773853200000,0.09385,0.0948,0.09328,0.09436,95672223.0
1773856800000,0.09436,0.09555,0.0942,0.09452,114248193.0
1773860400000,0.09451,0.09537,0.0945,0.09463,36270394.0
1773864000000,0.09464,0.09523,0.09394,0.09515,37557714.0
1773867600000,0.09514,0.09562,0.09499,0.09535,22313864.0
1773871200000,0.09535,0.09535,0.09488,0.09499,16755323.0
1773874800000,0.09499,0.0953,0.09478,0.09526,25539645.0
1773878400000,0.09526,0.0955,0.095,0.09506,35685021.0
1773882000000,0.09507,0.09526,0.09487,0.09489,9981577.0
1773885600000,0.09489,0.09498,0.09445,0.09457,12831626.0
1773889200000,0.09457,0.09609,0.09457,0.09546,31976035.0
1773892800000,0.09545,0.09551,0.09472,0.09478,17033547.0
1773896400000,0.09479,0.09497,0.09425,0.09453,44773532.0
1773900000000,0.09453,0.09489,0.09419,0.09459,15410428.0
1773903600000,0.09459,0.09486,0.0932,0.09439,91913069.0
1773907200000,0.09439,0.09465,0.09412,0.09418,22396635.0
1773910800000,0.09419,0.0954,0.09419,0.09508,40408270.0
1773914400000,0.09509,0.09517,0.09415,0.0942,16973725.0
1773918000000,0.09421,0.09427,0.09377,0.09401,35441319.0
1773921600000,0.09402,0.09402,0.0925,0.09254,47240875.0
1773925200000,0.09255,0.09368,0.09215,0.09337,73413553.0
1773928800000,0.09338,0.09378,0.09253,0.09307,28443299.0
1773932400000,0.09307,0.09349,0.0923,0.09287,33432263.0
1773936000000,0.09287,0.0929,0.09207,0.0924,31310407.0
1773939600000,0.09239,0.093,0.09177,0.09292,30189305.0
1773943200000,0.09291,0.09311,0.09247,0.09279,15248975.0
1773946800000,0.09278,0.09396,0.09276,0.09333,31787264.0
1773950400000,0.09333,0.09381,0.09326,0.09358,13320702.0
1773954000000,0.09357,0.09381,0.09349,0.09365,13625449.0
1773957600000,0.09365,0.09369,0.093,0.0933,21145506.0
1773961200000,0.09331,0.09372,0.0932,0.09354,20093607.0
1773964800000,0.09353,0.09398,0.0935,0.09395,12786808.0
1773968400000,0.09394,0.09466,0.09394,0.09426,30092836.0
1773972000000,0.09426,0.09434,0.09355,0.09401,21939320.0
1773975600000,0.09401,0.09453,0.09382,0.0941,21794490.0
1773979200000,0.09409,0.0947,0.0938,0.09463,17631992.0
1773982800000,0.09462,0.09541,0.09454,0.09475,41765253.0
1773986400000,0.09475,0.09488,0.09434,0.0944,14755143.0
1773990000000,0.09439,0.09439,0.09363,0.09409,21239115.0
1773993600000,0.09409,0.0951,0.09406,0.0945,25600123.0
1773997200000,0.09451,0.09452,0.0937,0.09391,16970712.0
1774000800000,0.09392,0.09449,0.0935,0.0944,16055196.0
1774004400000,0.09439,0.09476,0.09384,0.09407,18536770.0
1774008000000,0.09408,0.09444,0.09366,0.09383,27350472.0
1774011600000,0.09384,0.09427,0.09326,0.09341,31879472.0
1774015200000,0.09342,0.09427,0.0931,0.09373,47271906.0
1774018800000,0.09374,0.09433,0.09352,0.09422,18049752.0
1774022400000,0.09421,0.09445,0.09359,0.09395,19395547.0
1774026000000,0.09395,0.09416,0.09344,0.09404,19642506.0
1774029600000,0.09405,0.09425,0.09322,0.09358,13877971.0
1774033200000,0.09358,0.09378,0.09287,0.09371,19639809.0
1774036800000,0.09372,0.09379,0.0932,0.09373,6962209.0
1774040400000,0.09374,0.09448,0.09345,0.09421,21979740.0
1774044000000,0.09421,0.09495,0.09421,0.09437,20158797.0
1774047600000,0.09437,0.09437,0.0939,0.09416,9609750.0
1774051200000,0.09417,0.09439,0.09403,0.09433,6597054.0
1774054800000,0.09432,0.09458,0.09393,0.09399,7747375.0
1774058400000,0.094,0.09484,0.09397,0.09475,30813271.0
1774062000000,0.09474,0.09499,0.09462,0.09474,8908450.0
1774065600000,0.09473,0.0949,0.09454,0.09462,8595124.0
1774069200000,0.09462,0.09494,0.09462,0.09474,8314593.0
1774072800000,0.09473,0.09494,0.09443,0.09462,16200737.0
1774076400000,0.09461,0.09473,0.09428,0.09437,9375862.0
1774080000000,0.09438,0.09445,0.09421,0.09437,6686512.0
1774083600000,0.09437,0.09451,0.09425,0.09433,3575378.0
1774087200000,0.09432,0.09434,0.0939,0.09398,7425022.0
1774090800000,0.09399,0.09407,0.0938,0.094,7223710.0
1774094400000,0.094,0.09415,0.0939,0.09397,4965993.0
1774098000000,0.09398,0.094,0.09353,0.09369,8934103.0
1774101600000,0.09369,0.09425,0.09362,0.0937,22008405.0
1774105200000,0.0937,0.09467,0.09364,0.09464,37074653.0
1774108800000,0.09465,0.09467,0.09423,0.09432,19117537.0
1774112400000,0.09432,0.09436,0.09392,0.09407,7682877.0
1774116000000,0.09407,0.09426,0.09394,0.09409,4997778.0
1774119600000,0.09408,0.09415,0.09388,0.09408,5170206.0
1774123200000,0.09408,0.09443,0.094,0.09434,7095125.0
1774126800000,0.09434,0.09437,0.09406,0.09417,4410451.0
1774130400000,0.09416,0.09422,0.09393,0.09401,9554722.0
1774134000000,0.09401,0.09401,0.09061,0.09135,151085626.0
1774137600000,0.09133,0.09198,0.09,0.09146,108370851.0
1774141200000,0.09146,0.09186,0.09105,0.09148,60660322.0
1774144800000,0.09148,0.09238,0.09148,0.09205,37255511.0
1774148400000,0.09205,0.09287,0.09174,0.09234,41612930.0
1774152000000,0.09234,0.09283,0.09217,0.09267,29402742.0
1774155600000,0.09267,0.09268,0.09214,0.09217,19237724.0
1774159200000,0.09217,0.09217,0.09175,0.09189,14997014.0
1774162800000,0.09188,0.09202,0.09132,0.09133,22673528.0
1774166400000,0.09133,0.09141,0.09075,0.09119,44141494.0
1774170000000,0.09118,0.09163,0.09104,0.09123,16943204.0
1774173600000,0.09123,0.09123,0.09092,0.09101,12609291.0
1774177200000,0.09101,0.09128,0.09089,0.09112,18577848.0
1774180800000,0.09112,0.09197,0.09112,0.09151,25113501.0
1774184400000,0.09151,0.09195,0.09115,0.09138,13737853.0
1774188000000,0.09138,0.09182,0.09112,0.09141,12994896.0
1774191600000,0.09142,0.0917,0.09131,0.09163,12467083.0
1774195200000,0.09162,0.09177,0.0914,0.09163,11088416.0
1774198800000,0.09163,0.09163,0.0914,0.09148,5963985.0
1774202400000,0.09147,0.09147,0.09022,0.09078,32649665.0
1774206000000,0.09078,0.09079,0.0901,0.09049,19592503.0
1774209600000,0.09049,0.09078,0.0901,0.09022,18189016.0
1774213200000,0.09022,0.09031,0.08916,0.08993,81850901.0
1774216800000,0.08993,0.09065,0.08933,0.09052,51818396.0
1774220400000,0.09053,0.09078,0.09005,0.09015,14733474.0
1774224000000,0.09015,0.0906,0.08978,0.09034,21183921.0
1774227600000,0.09033,0.09096,0.09016,0.09051,18623790.0
1774231200000,0.09051,0.0913,0.09035,0.09103,19203687.0
1774234800000,0.09102,0.09149,0.09063,0.09064,13347581.0
1774238400000,0.09065,0.09115,0.09064,0.09103,5912914.0
1774242000000,0.09104,0.09125,0.09063,0.09098,11522774.0
1774245600000,0.09097,0.09098,0.09007,0.09038,27135182.0
1774249200000,0.09038,0.09072,0.08977,0.09045,24647559.0
1774252800000,0.09046,0.09083,0.08985,0.08988,26578539.0
1774256400000,0.08988,0.09004,0.08925,0.09003,24574015.0
1774260000000,0.09002,0.0904,0.08977,0.08999,17130946.0
1774263600000,0.08999,0.09535,0.08999,0.09254,351633345.0
1774267200000,0.09255,0.09347,0.09189,0.09333,70662526.0
1774270800000,0.09333,0.09447,0.09291,0.09425,53944143.0
1774274400000,0.09426,0.09503,0.09397,0.09493,49918453.0
1774278000000,0.09493,0.09577,0.09369,0.0938,80231702.0
1774281600000,0.09379,0.0943,0.09308,0.09397,40302922.0
1774285200000,0.09397,0.09509,0.09374,0.09497,28992997.0
1774288800000,0.09497,0.0956,0.09469,0.09548,32322920.0
1774292400000,0.09547,0.09578,0.09479,0.09489,22987861.0
1774296000000,0.09489,0.0955,0.09479,0.09502,13871898.0
1774299600000,0.09502,0.09529,0.09486,0.09497,18910150.0
1774303200000,0.09498,0.09506,0.09412,0.09431,22805863.0
1774306800000,0.09431,0.09437,0.09353,0.09415,24946965.0
1774310400000,0.09416,0.09439,0.09314,0.09366,21880597.0
1774314000000,0.09365,0.09367,0.0927,0.09318,25391909.0
1774317600000,0.09318,0.09389,0.09308,0.09313,13591303.0
1774321200000,0.09313,0.09389,0.09308,0.09378,12434787.0
1774324800000,0.09377,0.09393,0.09331,0.09361,11067033.0
1774328400000,0.0936,0.09383,0.09318,0.09359,16420716.0
1774332000000,0.09359,0.09387,0.09331,0.09378,14474532.0
1774335600000,0.09377,0.09543,0.09365,0.09524,34944345.0
1774339200000,0.09525,0.09562,0.09496,0.09511,33727101.0
1774342800000,0.0951,0.0953,0.09469,0.09509,39563419.0
1774346400000,0.09508,0.09508,0.09392,0.0942,31830207.0
1774350000000,0.0942,0.09449,0.0936,0.09425,23471790.0
1774353600000,0.09425,0.09459,0.09404,0.09435,16396577.0
1774357200000,0.09434,0.09466,0.09348,0.09365,58644536.0
1774360800000,0.09364,0.09428,0.09266,0.09347,49740546.0
1774364400000,0.09348,0.09395,0.09333,0.09337,22317307.0
1774368000000,0.09337,0.09378,0.0931,0.0933,14928470.0
1774371600000,0.0933,0.0934,0.09245,0.09261,31732261.0
1774375200000,0.09262,0.09326,0.09251,0.09294,22359494.0
1774378800000,0.09295,0.0934,0.09294,0.09312,6064062.0
1774382400000,0.09312,0.09491,0.09305,0.09459,36923244.0
1774386000000,0.09459,0.09482,0.09409,0.09457,13957848.0
1774389600000,0.09457,0.09492,0.0944,0.09471,20074677.0
1774393200000,0.09471,0.09543,0.09467,0.0951,30519484.0
1774396800000,0.09511,0.09549,0.09463,0.09501,36013294.0
1774400400000,0.095,0.09538,0.09482,0.09514,22025845.0
1774404000000,0.09515,0.09523,0.09471,0.09474,19272148.0
1774407600000,0.09475,0.09534,0.09441,0.09522,19037472.0
1774411200000,0.09521,0.09571,0.095,0.09554,17941872.0
1774414800000,0.09555,0.09701,0.09555,0.09624,122445758.0
1774418400000,0.09623,0.0977,0.09622,0.09697,75382691.0
1774422000000,0.09697,0.09761,0.09655,0.0968,47071048.0
1774425600000,0.09681,0.0975,0.09681,0.09698,39025343.0
1774429200000,0.09698,0.097,0.09644,0.09686,26487185.0
1774432800000,0.09686,0.09715,0.0968,0.09701,15943383.0
1774436400000,0.09701,0.09748,0.09678,0.09699,29651844.0
1774440000000,0.09699,0.09796,0.09651,0.09775,49224440.0
1774443600000,0.09776,0.09789,0.09718,0.0974,29905972.0
1774447200000,0.09741,0.09785,0.0969,0.09693,34235418.0
1774450800000,0.09693,0.09697,0.09558,0.09596,93875016.0
1774454400000,0.09597,0.0971,0.09582,0.09657,36670186.0
1774458000000,0.09658,0.0968,0.09609,0.0962,18067683.0
1774461600000,0.09619,0.09659,0.09597,0.09618,12355393.0
1774465200000,0.09617,0.09652,0.09601,0.09644,9338219.0
1774468800000,0.09644,0.09647,0.09574,0.0962,9564592.0
1774472400000,0.09621,0.09651,0.09606,0.09616,10531842.0
1774476000000,0.09615,0.0968,0.09592,0.09639,14549479.0
1774479600000,0.0964,0.09643,0.09588,0.09618,12965574.0
1774483200000,0.09618,0.09627,0.09577,0.0959,8708773.0
1774486800000,0.0959,0.09605,0.09551,0.09571,13025441.0
1774490400000,0.09571,0.09572,0.09455,0.09486,69764194.0
1774494000000,0.09485,0.09487,0.0941,0.09459,27945713.0
1774497600000,0.09459,0.09461,0.0942,0.09428,15791791.0
1774501200000,0.09428,0.09429,0.09266,0.09275,52105226.0
1774504800000,0.09274,0.09286,0.09226,0.09268,44598399.0
1774508400000,0.09267,0.09288,0.09234,0.09275,20572422.0
1774512000000,0.09275,0.09276,0.0921,0.09229,37097279.0
1774515600000,0.09229,0.09236,0.09113,0.09164,80073843.0
1774519200000,0.09164,0.09181,0.0914,0.0918,29732033.0
1774522800000,0.0918,0.0918,0.09129,0.09133,80646518.0
1774526400000,0.09133,0.09163,0.09114,0.0916,27715490.0
1774530000000,0.0916,0.0922,0.0913,0.09175,51327889.0
1774533600000,0.09174,0.09192,0.09128,0.0916,32828074.0
1774537200000,0.0916,0.0916,0.09056,0.09096,49501345.0
1774540800000,0.09097,0.09141,0.09085,0.09106,52223504.0
1774544400000,0.09105,0.09156,0.09078,0.09093,24370402.0
1774548000000,0.09093,0.09115,0.09059,0.09104,19372464.0
1774551600000,0.09105,0.09129,0.09091,0.0911,9486844.0
1774555200000,0.09111,0.09269,0.09096,0.09178,53089202.0
1774558800000,0.09177,0.09276,0.09168,0.09232,19201523.0
1774562400000,0.09231,0.09248,0.0919,0.09215,14885198.0
1774566000000,0.09216,0.0923,0.09185,0.09205,13549704.0
1774569600000,0.09205,0.09224,0.09178,0.09203,16509726.0
1774573200000,0.09204,0.09249,0.09197,0.09248,9008696.0
1774576800000,0.09249,0.09271,0.09222,0.09235,8849973.0
1774580400000,0.09236,0.09241,0.09192,0.09195,7277234.0
1774584000000,0.09196,0.09213,0.09138,0.09195,22007572.0
1774587600000,0.09195,0.09235,0.09182,0.09192,7596093.0
1774591200000,0.09193,0.09208,0.09182,0.09193,5285271.0
1774594800000,0.09194,0.09231,0.09184,0.09222,15814321.0
1774598400000,0.09223,0.09241,0.09112,0.09185,26184303.0
1774602000000,0.09184,0.09184,0.091,0.09104,17918897.0
1774605600000,0.09104,0.09113,0.08933,0.08963,102845470.0
1774609200000,0.08963,0.09028,0.0893,0.09013,35803772.0
1774612800000,0.09012,0.09036,0.08981,0.09017,21752238.0
1774616400000,0.09017,0.0904,0.08961,0.08988,37353508.0
1774620000000,0.08987,0.09018,0.08932,0.08996,51015254.0
1774623600000,0.08997,0.09093,0.0897,0.09036,36302923.0
1774627200000,0.09035,0.0905,0.0899,0.09008,23612039.0
1774630800000,0.09009,0.09053,0.08975,0.08978,17727711.0
1774634400000,0.08979,0.09009,0.08947,0.09,18846101.0
1774638000000,0.08999,0.09035,0.08978,0.09007,8915127.0
1774641600000,0.09007,0.09024,0.08965,0.09007,11520425.0
1774645200000,0.09006,0.09032,0.08988,0.08997,8815806.0
1774648800000,0.08996,0.09011,0.08978,0.09,12642367.0
1774652400000,0.09001,0.09022,0.08971,0.09011,10706875.0
1774656000000,0.0901,0.09033,0.09006,0.09028,8490180.0
1774659600000,0.09028,0.09046,0.0899,0.09039,17120860.0
1774663200000,0.09039,0.09067,0.09009,0.09023,6956658.0
1774666800000,0.09023,0.09024,0.08982,0.08989,9783783.0
1774670400000,0.0899,0.0901,0.08969,0.09002,7456379.0
1774674000000,0.09003,0.09033,0.08979,0.09033,8773198.0
1774677600000,0.09032,0.0907,0.09023,0.09035,10772121.0
1774681200000,0.09035,0.09129,0.09033,0.0912,11386505.0
1774684800000,0.0912,0.0914,0.09093,0.09099,14798126.0
1774688400000,0.09099,0.09115,0.09081,0.09101,5964713.0
1774692000000,0.09102,0.09216,0.09099,0.09113,39356002.0
1774695600000,0.09113,0.0915,0.09104,0.09137,17347521.0
1774699200000,0.09136,0.09174,0.09115,0.09135,14934631.0
1774702800000,0.09136,0.09289,0.09119,0.09269,62110894.0
1774706400000,0.09269,0.09408,0.09255,0.09361,85425788.0
1774710000000,0.09362,0.09533,0.09351,0.09405,121915483.0
1774713600000,0.09406,0.0943,0.09285,0.09287,60729704.0
1774717200000,0.09286,0.09326,0.09235,0.09255,35143676.0
1774720800000,0.09254,0.0928,0.09233,0.09259,24534605.0
1774724400000,0.09259,0.09271,0.09197,0.09226,14841120.0
1774728000000,0.09227,0.09246,0.092,0.09225,8020281.0
1774731600000,0.09225,0.09232,0.09157,0.09179,15044332.0
1774735200000,0.09179,0.09186,0.09143,0.09167,16880922.0
1774738800000,0.09167,0.09168,0.0904,0.091,44816341.0
1774742400000,0.09099,0.09102,0.09056,0.09091,15843245.0
1774746000000,0.09092,0.0913,0.09076,0.0911,16312640.0
1774749600000,0.09111,0.09141,0.09094,0.09123,8705386.0
1774753200000,0.09122,0.09169,0.09106,0.09145,18394960.0
1774756800000,0.09144,0.09145,0.09102,0.09108,10748151.0
1774760400000,0.09107,0.09113,0.0907,0.09105,11968493.0
1774764000000,0.09104,0.09147,0.09095,0.09135,16805841.0
1774767600000,0.09135,0.09135,0.09099,0.09118,7481626.0
1774771200000,0.09118,0.09137,0.09106,0.09114,8183853.0
1774774800000,0.09114,0.09115,0.09078,0.09093,9876878.0
1774778400000,0.09092,0.09092,0.09038,0.09064,11267608.0
1774782000000,0.09064,0.09126,0.09062,0.09098,10416648.0
1774785600000,0.09097,0.09098,0.09062,0.09092,6768580.0
1774789200000,0.09091,0.09093,0.09021,0.09033,17915276.0
1774792800000,0.09034,0.09081,0.09013,0.09042,17475389.0
1774796400000,0.09042,0.09074,0.09001,0.09018,28373634.0
1774800000000,0.09017,0.09049,0.0901,0.0902,10740961.0
1774803600000,0.0902,0.09042,0.0899,0.0904,16584700.0
1774807200000,0.0904,0.09083,0.09019,0.0906,7723256.0
1774810800000,0.09059,0.0907,0.09042,0.09064,13913144.0
1774814400000,0.09064,0.09149,0.09061,0.09103,11248419.0
1774818000000,0.09102,0.09157,0.09102,0.09137,9510262.0
1774821600000,0.09136,0.09136,0.088,0.08999,108989843.0
1774825200000,0.08998,0.09077,0.08985,0.09045,37040971.0
1774828800000,0.09046,0.09219,0.09026,0.09128,40758413.0
1774832400000,0.09127,0.09192,0.09127,0.09156,21536735.0
1774836000000,0.09157,0.09289,0.0915,0.09248,43275425.0
1774839600000,0.09248,0.09263,0.09201,0.09245,25502375.0
1774843200000,0.09246,0.09311,0.09246,0.09294,34208045.0
1774846800000,0.09294,0.09366,0.09291,0.09304,65754984.0
1774850400000,0.09304,0.09345,0.09258,0.09258,83402226.0
1774854000000,0.09257,0.09361,0.09253,0.09334,41696154.0
1774857600000,0.09334,0.09394,0.09309,0.09318,28944838.0
1774861200000,0.09319,0.09323,0.09259,0.09276,27432854.0
1774864800000,0.09276,0.09295,0.09209,0.09274,29365309.0
1774868400000,0.09274,0.09361,0.09269,0.09288,38171220.0
1774872000000,0.09289,0.09319,0.09277,0.0929,32616064.0
1774875600000,0.0929,0.09334,0.09271,0.09286,31027296.0
1774879200000,0.09286,0.0933,0.09232,0.09303,40132743.0
1774882800000,0.09302,0.09323,0.09245,0.0929,22937159.0
1774886400000,0.0929,0.09304,0.09248,0.09274,19205439.0
1774890000000,0.09273,0.09287,0.09154,0.09166,35251223.0
1774893600000,0.09166,0.0918,0.09082,0.09103,36778750.0
1774897200000,0.09102,0.09107,0.09049,0.09094,30146219.0
1774900800000,0.09094,0.09114,0.09084,0.09085,13594219.0
1774904400000,0.09085,0.09155,0.09067,0.09128,23184961.0
1774908000000,0.09128,0.09148,0.09089,0.09107,15229775.0
1774911600000,0.09107,0.09107,0.09038,0.09083,28362959.0
1774915200000,0.09084,0.09138,0.09052,0.09114,35397546.0
1774918800000,0.09113,0.09277,0.09101,0.09222,53605652.0
1774922400000,0.09222,0.09237,0.09185,0.09214,15502649.0
1774926000000,0.09214,0.09214,0.09146,0.09166,24161845.0
1774929600000,0.09167,0.09194,0.09135,0.09139,26100090.0
1774933200000,0.09138,0.0915,0.09114,0.09139,12943136.0
1774936800000,0.0914,0.09178,0.091,0.09171,14365773.0
1774940400000,0.09171,0.09179,0.09103,0.09128,18235723.0
1774944000000,0.09128,0.09152,0.09068,0.09078,17154784.0
1774947600000,0.09078,0.09097,0.08937,0.08972,70429861.0
1774951200000,0.08972,0.0903,0.08963,0.09006,27138921.0
1774954800000,0.09007,0.09064,0.08995,0.09036,31903204.0
1774958400000,0.09036,0.09073,0.09026,0.09033,18329945.0
1774962000000,0.09032,0.09161,0.09031,0.09121,33979075.0
1774965600000,0.09121,0.09191,0.09014,0.09046,58858184.0
1774969200000,0.09045,0.0914,0.09037,0.09042,27489473.0
1774972800000,0.09042,0.09214,0.09032,0.09153,61703857.0
1774976400000,0.09152,0.09265,0.0913,0.09155,50333056.0
1774980000000,0.09154,0.09232,0.09154,0.09232,23050390.0
1774983600000,0.09232,0.09253,0.09186,0.09214,17906547.0
1774987200000,0.09214,0.09271,0.09212,0.09271,22421562.0
1774990800000,0.09271,0.09284,0.09216,0.09242,15441699.0
1774994400000,0.09241,0.09247,0.09135,0.09178,41252031.0
1774998000000,0.09178,0.0924,0.09172,0.09232,9605483.0
1775001600000,0.09232,0.09278,0.09202,0.09258,22416680.0
1775005200000,0.09259,0.09264,0.09174,0.09184,22878591.0
1775008800000,0.09183,0.09213,0.0916,0.09177,14551323.0
1775012400000,0.09178,0.09263,0.09178,0.09246,20484644.0
1775016000000,0.09246,0.0926,0.09224,0.0924,15808368.0
1775019600000,0.09241,0.09332,0.09216,0.09321,46303236.0
1775023200000,0.09321,0.09442,0.09319,0.09429,62341817.0
1775026800000,0.09429,0.09453,0.09322,0.09326,68494769.0
1775030400000,0.09326,0.09342,0.09233,0.09246,30545760.0
1775034000000,0.09246,0.09263,0.09188,0.09242,47051168.0
1775037600000,0.09242,0.09269,0.092,0.09247,18368152.0
1775041200000,0.09247,0.09278,0.09226,0.09252,23749954.0
1775044800000,0.09252,0.09326,0.0923,0.09258,26549190.0
1775048400000,0.09259,0.09294,0.09211,0.0924,21430510.0
1775052000000,0.0924,0.09306,0.09231,0.09285,21035248.0
1775055600000,0.09286,0.09324,0.09255,0.09308,18934782.0
1775059200000,0.09308,0.0937,0.09258,0.09341,29299722.0
1775062800000,0.09342,0.09429,0.09277,0.09282,47974441.0
1775066400000,0.09282,0.0929,0.0924,0.09252,15719595.0
1775070000000,0.09253,0.09297,0.09249,0.09285,11129221.0
1775073600000,0.09286,0.0929,0.09227,0.09262,16081933.0
1775077200000,0.09263,0.09335,0.0926,0.09311,13098248.0
1775080800000,0.09312,0.0932,0.09239,0.09243,16686938.0
1775084400000,0.09243,0.09265,0.09208,0.09219,10910277.0
1775088000000,0.09218,0.09273,0.09201,0.09251,16746172.0
1775091600000,0.09251,0.09255,0.09007,0.09059,142539930.0
1775095200000,0.09058,0.0906,0.08979,0.09015,59713135.0
1775098800000,0.09014,0.09048,0.08954,0.09014,47204543.0
1775102400000,0.09013,0.09013,0.08963,0.08974,27697445.0
1775106000000,0.08974,0.09019,0.08922,0.0901,37705687.0
1775109600000,0.0901,0.09034,0.08989,0.09007,24342569.0
1775113200000,0.09006,0.09038,0.08988,0.09025,44146735.0
1775116800000,0.09025,0.09031,0.09002,0.09008,16264465.0
1775120400000,0.09008,0.09056,0.08981,0.09024,22490476.0
1775124000000,0.09023,0.09023,0.08973,0.0899,19647675.0
1775127600000,0.08991,0.09008,0.08949,0.08997,19360361.0
1775131200000,0.08997,0.09,0.08932,0.08939,20753680.0
1775134800000,0.0894,0.08983,0.08899,0.08978,28780806.0
1775138400000,0.08979,0.0912,0.08958,0.09062,47938495.0
1775142000000,0.09061,0.09075,0.09005,0.09033,18098283.0
1775145600000,0.09033,0.09083,0.09002,0.09013,15852731.0
1775149200000,0.09013,0.09079,0.0897,0.08975,21165785.0
1775152800000,0.08975,0.09036,0.08964,0.09018,10865293.0
1775156400000,0.09018,0.09032,0.08995,0.0903,5970178.0
1775160000000,0.09029,0.09072,0.09009,0.09062,9594095.0
1775163600000,0.09062,0.09067,0.09025,0.0905,5079087.0
1775167200000,0.09049,0.09062,0.0902,0.09042,6076374.0
1775170800000,0.09043,0.09047,0.0902,0.0904,4544495.0
1775174400000,0.0904,0.09054,0.09019,0.09028,5594958.0
1775178000000,0.09027,0.09077,0.09011,0.09029,16391665.0
1775181600000,0.09029,0.09068,0.08992,0.09038,16784607.0
1775185200000,0.09037,0.09066,0.09016,0.0906,10124177.0
1775188800000,0.09061,0.09075,0.09031,0.09067,7863100.0
1775192400000,0.09068,0.09154,0.09039,0.09113,27008362.0
1775196000000,0.09114,0.09139,0.09079,0.09119,13353530.0
1775199600000,0.09118,0.09145,0.09094,0.09118,12552335.0
1775203200000,0.09118,0.09158,0.09118,0.09143,14463236.0
1775206800000,0.09144,0.09151,0.09103,0.09145,11293249.0
1775210400000,0.09144,0.09168,0.09113,0.09148,11927773.0
1775214000000,0.09148,0.09155,0.09134,0.09146,4938392.0
1775217600000,0.09146,0.09225,0.09115,0.09127,36991754.0
1775221200000,0.09127,0.09145,0.09081,0.0914,19862651.0
1775224800000,0.0914,0.09179,0.09121,0.09148,18925478.0
1775228400000,0.09148,0.09203,0.09142,0.09151,34808198.0
1775232000000,0.09152,0.09205,0.0915,0.09201,13978483.0
1775235600000,0.09201,0.09259,0.0919,0.09206,32963754.0
1775239200000,0.09206,0.09245,0.09179,0.0918,12300755.0
1775242800000,0.0918,0.09186,0.09118,0.09178,22906792.0
1775246400000,0.09177,0.09207,0.09173,0.09197,10992903.0
1775250000000,0.09197,0.09237,0.09195,0.09213,16317610.0
1775253600000,0.09212,0.09221,0.09154,0.09162,8976739.0
1775257200000,0.09162,0.09162,0.09125,0.09156,8799049.0
1775260800000,0.09155,0.09155,0.09131,0.09139,4341458.0
1775264400000,0.09139,0.09139,0.09113,0.09122,16232250.0
1775268000000,0.09121,0.09127,0.09094,0.09108,7762077.0
1775271600000,0.09109,0.09134,0.09109,0.09125,5822134.0
1775275200000,0.09126,0.09152,0.09118,0.09134,4994692.0
1775278800000,0.09133,0.09133,0.0911,0.09114,8467692.0
1775282400000,0.09115,0.09151,0.09102,0.09144,8283625.0
1775286000000,0.09145,0.09148,0.09118,0.09137,6082577.0
1775289600000,0.09138,0.09138,0.09103,0.09111,4988682.0
1775293200000,0.09112,0.09115,0.09092,0.09093,5027671.0
1775296800000,0.09094,0.0911,0.09073,0.09106,10338642.0
1775300400000,0.09106,0.09123,0.09098,0.09114,4014263.0
1775304000000,0.09115,0.09117,0.09084,0.09097,4367371.0
1775307600000,0.09097,0.09113,0.09085,0.09102,9995166.0
1775311200000,0.09102,0.09116,0.09074,0.09112,17648378.0
1775314800000,0.09112,0.09194,0.09108,0.09176,24499258.0
1775318400000,0.09177,0.09214,0.09152,0.09185,21287522.0
1775322000000,0.09185,0.09248,0.09168,0.09224,31686176.0
1775325600000,0.09225,0.09247,0.09219,0.09225,19923347.0
1775329200000,0.09226,0.09312,0.09215,0.09228,38605335.0
1775332800000,0.09228,0.0924,0.09199,0.09203,7136923.0
1775336400000,0.09203,0.09242,0.09199,0.09212,18171341.0
1775340000000,0.09212,0.0922,0.09199,0.09206,7861108.0
1775343600000,0.09206,0.09207,0.09182,0.09207,6801217.0
1775347200000,0.09206,0.09215,0.0917,0.09178,9629539.0
1775350800000,0.09178,0.09181,0.09138,0.09153,23364811.0
1775354400000,0.09153,0.09154,0.09132,0.09153,7762611.0
1775358000000,0.09152,0.09155,0.09131,0.09139,3547011.0
1775361600000,0.09139,0.09139,0.09101,0.09109,9481268.0
1775365200000,0.09109,0.09116,0.09056,0.09071,16494803.0
1775368800000,0.09072,0.09074,0.0899,0.09031,49767036.0
1775372400000,0.09032,0.09042,0.09,0.09009,30327035.0
1775376000000,0.0901,0.09034,0.09002,0.09026,13163225.0
1775379600000,0.09025,0.09044,0.09017,0.09036,12049814.0
1775383200000,0.09035,0.09063,0.09023,0.09027,6821409.0
1775386800000,0.09027,0.09043,0.09021,0.09035,4974831.0
1775390400000,0.09035,0.09035,0.08972,0.09002,45058061.0
1775394000000,0.09002,0.09031,0.08971,0.09031,17438508.0
1775397600000,0.09031,0.09058,0.09016,0.09027,18708909.0
1775401200000,0.09026,0.09146,0.08999,0.09066,39680285.0
1775404800000,0.09067,0.09081,0.09027,0.09038,10438881.0
1775408400000,0.09039,0.09066,0.09022,0.09058,7039718.0
1775412000000,0.09057,0.09066,0.09027,0.0906,7799249.0
1775415600000,0.0906,0.09086,0.09028,0.09052,8581126.0
1775419200000,0.09053,0.09088,0.09046,0.09069,10883564.0
1775422800000,0.09069,0.09073,0.09032,0.09057,20465567.0
1775426400000,0.09056,0.09155,0.09023,0.09142,20046776.0
1775430000000,0.09143,0.09244,0.09129,0.09238,52759568.0
1775433600000,0.09239,0.09353,0.09239,0.09278,99113788.0
1775437200000,0.09278,0.09297,0.09148,0.0923,63619760.0
1775440800000,0.0923,0.09362,0.09225,0.09285,62370063.0
1775444400000,0.09285,0.09313,0.09215,0.09232,39021913.0
1775448000000,0.09231,0.0929,0.09224,0.09258,19824538.0
1775451600000,0.09258,0.09279,0.0923,0.09244,13109902.0
1775455200000,0.09243,0.09272,0.09194,0.09216,23446087.0
1775458800000,0.09216,0.09225,0.09174,0.0921,16091686.0
1775462400000,0.09211,0.09261,0.09193,0.09217,10633211.0
1775466000000,0.09217,0.0935,0.09216,0.09295,44938435.0
1775469600000,0.09294,0.09343,0.09292,0.09307,32303072.0
1775473200000,0.09307,0.09314,0.09283,0.09304,16698462.0
1775476800000,0.09305,0.09314,0.09236,0.09247,35647922.0
1775480400000,0.09247,0.09277,0.09225,0.09238,16280369.0
1775484000000,0.09238,0.09296,0.09211,0.09281,29507404.0
1775487600000,0.0928,0.09304,0.09252,0.09283,14806084.0
1775491200000,0.09284,0.09291,0.09222,0.09234,15311198.0
1775494800000,0.09234,0.09234,0.0916,0.09197,27926143.0
1775498400000,0.09197,0.09224,0.09186,0.09218,10601530.0
1775502000000,0.09218,0.09218,0.09167,0.09194,9489539.0
1775505600000,0.09195,0.09199,0.09174,0.09187,6725850.0
1775509200000,0.09186,0.09186,0.09139,0.09146,11630505.0
1775512800000,0.09145,0.09145,0.09042,0.09042,61556018.0
1775516400000,0.09041,0.09067,0.08993,0.09061,105501015.0
1775520000000,0.0906,0.09094,0.09046,0.0907,34894639.0
1775523600000,0.0907,0.09097,0.09036,0.09041,18469084.0
1775527200000,0.09041,0.09073,0.09023,0.09054,14257871.0
1775530800000,0.09054,0.09062,0.09042,0.09053,8836825.0
1775534400000,0.09052,0.09079,0.09029,0.09073,13865821.0
1775538000000,0.09073,0.09074,0.09039,0.09054,24114171.0
1775541600000,0.09054,0.09075,0.09024,0.09067,38496689.0
1775545200000,0.09068,0.0908,0.09056,0.0906,24047851.0
1775548800000,0.0906,0.09103,0.09058,0.09098,14079958.0
1775552400000,0.09099,0.09147,0.09094,0.09129,20531885.0
1775556000000,0.09129,0.09141,0.09036,0.09055,38864288.0
1775559600000,0.09056,0.09081,0.09031,0.09053,26135263.0
1775563200000,0.09053,0.09089,0.09011,0.09066,25528465.0
1775566800000,0.09067,0.09083,0.09037,0.09046,17778424.0
1775570400000,0.09046,0.09062,0.09005,0.0902,27687938.0
1775574000000,0.09019,0.09069,0.09008,0.0904,18890702.0
1775577600000,0.09039,0.09082,0.09036,0.09062,13559265.0
1775581200000,0.09063,0.09208,0.09055,0.09174,42185898.0
1775584800000,0.09173,0.0919,0.09097,0.09116,48727150.0
1775588400000,0.09116,0.09236,0.09105,0.09228,42268949.0
1775592000000,0.09229,0.09274,0.09207,0.09211,69909328.0
1775595600000,0.0921,0.09303,0.09209,0.09287,67072504.0
1775599200000,0.09288,0.09505,0.09282,0.095,221574936.0
1775602800000,0.09501,0.09606,0.09477,0.09492,198450734.0
1775606400000,0.09492,0.09525,0.09374,0.09423,99226577.0
1775610000000,0.09424,0.09465,0.09404,0.09447,35565889.0
1775613600000,0.09447,0.095,0.09434,0.09465,33141682.0
1775617200000,0.09465,0.09484,0.09446,0.09459,19796480.0
1775620800000,0.09459,0.09508,0.09454,0.09454,29821073.0
1775624400000,0.09455,0.09497,0.09448,0.09496,20615534.0
1775628000000,0.09496,0.09497,0.09455,0.09461,29840706.0
1775631600000,0.09462,0.09486,0.09438,0.09457,20713030.0
1775635200000,0.09457,0.09489,0.09433,0.09489,19211908.0
1775638800000,0.09488,0.09495,0.09448,0.09478,31603369.0
1775642400000,0.09477,0.0956,0.09435,0.0944,75888099.0
1775646000000,0.09439,0.09467,0.09374,0.09425,67208301.0
1775649600000,0.09426,0.09451,0.09387,0.09446,32437683.0
1775653200000,0.09447,0.09511,0.0944,0.09451,55874379.0
1775656800000,0.09452,0.0946,0.09263,0.09292,73866397.0
1775660400000,0.09292,0.09351,0.0927,0.09343,27267661.0
1775664000000,0.09343,0.09362,0.09325,0.09353,13919226.0
1775667600000,0.09352,0.09413,0.09328,0.09404,23551921.0
1775671200000,0.09403,0.09407,0.09308,0.09312,21459583.0
1775674800000,0.09311,0.0932,0.09275,0.0931,16651162.0
1775678400000,0.09309,0.09328,0.09287,0.09312,6639555.0
1775682000000,0.09313,0.09378,0.09299,0.09359,14310126.0
1775685600000,0.09359,0.09364,0.09274,0.09282,18116085.0
1775689200000,0.09281,0.09281,0.09213,0.0924,41252267.0
1775692800000,0.0924,0.09247,0.09173,0.09208,31411185.0
1775696400000,0.09207,0.09214,0.09109,0.09162,60616849.0
1775700000000,0.09161,0.09192,0.09148,0.09167,21000518.0
1775703600000,0.09166,0.0918,0.09146,0.09155,10809057.0
1775707200000,0.09154,0.09154,0.09122,0.09124,19502234.0
1775710800000,0.09123,0.09187,0.09091,0.09144,86243872.0
1775714400000,0.09145,0.09162,0.0912,0.09151,15023614.0
1775718000000,0.09152,0.09164,0.09138,0.0914,13195144.0
1775721600000,0.09139,0.0916,0.0912,0.09149,21829845.0
1775725200000,0.09148,0.09207,0.09131,0.09196,22766476.0
1775728800000,0.09195,0.09198,0.0917,0.09173,11037528.0
1775732400000,0.09173,0.09185,0.09155,0.09168,10975441.0
1775736000000,0.09168,0.09181,0.09145,0.09159,12765546.0
1775739600000,0.09159,0.09168,0.09103,0.09127,39079972.0
1775743200000,0.09128,0.09157,0.09096,0.09144,52197145.0
1775746800000,0.09143,0.09326,0.0913,0.09289,86817698.0
1775750400000,0.0929,0.09342,0.09208,0.09248,54000507.0
1775754000000,0.09248,0.09352,0.09247,0.09343,40687234.0
1775757600000,0.09344,0.09357,0.0929,0.09328,22069602.0
1775761200000,0.09328,0.09388,0.09307,0.09382,28278203.0
1775764800000,0.09381,0.09434,0.09377,0.09398,23552490.0
1775768400000,0.09398,0.09437,0.09369,0.09386,20982472.0
1775772000000,0.09386,0.09499,0.09325,0.0934,63063819.0
1775775600000,0.0934,0.09347,0.09233,0.0926,34992583.0
1775779200000,0.09259,0.09267,0.09206,0.09246,19315089.0
1775782800000,0.09245,0.09284,0.09192,0.09235,25018776.0
1775786400000,0.09234,0.09281,0.09227,0.09253,13334683.0
1775790000000,0.09253,0.09274,0.09211,0.09219,10889023.0
1775793600000,0.0922,0.09294,0.09218,0.09277,11021722.0
1775797200000,0.09278,0.0932,0.09258,0.09275,17824763.0
1775800800000,0.09274,0.09306,0.09241,0.09265,10713852.0
1775804400000,0.09265,0.09283,0.09212,0.09229,21304098.0
1775808000000,0.09229,0.09251,0.09195,0.09212,24068697.0
1775811600000,0.09211,0.09253,0.09209,0.09236,12166872.0
1775815200000,0.09235,0.09238,0.09209,0.09221,10371683.0
1775818800000,0.09221,0.0927,0.09216,0.09248,29901688.0
1775822400000,0.09248,0.09314,0.09236,0.09287,37629104.0
1775826000000,0.09286,0.09314,0.0923,0.09292,25122646.0
1775829600000,0.09291,0.09422,0.09282,0.09399,85223314.0
1775833200000,0.09399,0.0946,0.09307,0.09333,68935231.0
1775836800000,0.09334,0.09408,0.09334,0.09391,20007828.0
1775840400000,0.09392,0.09395,0.09342,0.09369,10205623.0
1775844000000,0.0937,0.09424,0.09358,0.09413,28209869.0
1775847600000,0.09413,0.09529,0.09412,0.09503,105185012.0
1775851200000,0.09504,0.0952,0.09419,0.09457,55781758.0
1775854800000,0.09458,0.09465,0.09402,0.09431,17906071.0
1775858400000,0.09432,0.09436,0.0937,0.09389,24727115.0
1775862000000,0.0939,0.09392,0.09355,0.09368,16243138.0
1775865600000,0.09369,0.0938,0.0934,0.09357,13130600.0
1775869200000,0.09357,0.09373,0.09325,0.09359,17176448.0
1775872800000,0.09359,0.09401,0.09347,0.09366,16011132.0
1775876400000,0.09366,0.0941,0.09362,0.09366,14292505.0
1775880000000,0.09367,0.09386,0.09339,0.09358,10594269.0
1775883600000,0.09359,0.09359,0.09283,0.09294,22833923.0
1775887200000,0.09294,0.09294,0.09267,0.09279,12518842.0
1775890800000,0.09279,0.09299,0.09272,0.09289,23912097.0
1775894400000,0.09289,0.093,0.09274,0.09284,7616737.0
1775898000000,0.09283,0.09306,0.09261,0.09297,17352850.0
1775901600000,0.09296,0.09299,0.09272,0.09287,8815964.0
1775905200000,0.09287,0.09298,0.09277,0.09294,10334255.0
1775908800000,0.09293,0.09308,0.09279,0.09296,20325349.0
1775912400000,0.09296,0.09296,0.09224,0.09259,60346477.0
1775916000000,0.09259,0.09276,0.09248,0.09264,14123382.0
1775919600000,0.09264,0.09306,0.09262,0.09274,22345705.0
1775923200000,0.09274,0.09374,0.09271,0.09339,23588147.0
1775926800000,0.09339,0.0934,0.09301,0.09304,15009743.0
1775930400000,0.09304,0.09417,0.09274,0.09395,41436903.0
1775934000000,0.09396,0.09478,0.09396,0.0947,47792786.0
1775937600000,0.0947,0.09489,0.09358,0.09389,51882316.0
1775941200000,0.09389,0.09423,0.09362,0.09391,13014833.0
1775944800000,0.09391,0.09432,0.0934,0.09368,19814180.0
1775948400000,0.09367,0.09368,0.0928,0.09309,22296541.0
1775952000000,0.09309,0.09314,0.09262,0.09306,23439769.0
1775955600000,0.09306,0.09326,0.09062,0.09109,136972717.0
1775959200000,0.09108,0.09166,0.09083,0.09154,67154525.0
1775962800000,0.09154,0.09166,0.09113,0.09116,38833413.0
1775966400000,0.09115,0.09126,0.091,0.09118,57251255.0
1775970000000,0.09118,0.09147,0.09105,0.0914,27843941.0
1775973600000,0.0914,0.09162,0.0913,0.09138,37673381.0
1775977200000,0.09138,0.09149,0.09128,0.09139,21464197.0
1775980800000,0.09138,0.09142,0.09124,0.09128,14768222.0
1775984400000,0.09129,0.09129,0.09113,0.09121,11145843.0
1775988000000,0.09121,0.09125,0.09094,0.09107,37545980.0
1775991600000,0.09107,0.09135,0.09101,0.09132,15827499.0
1775995200000,0.09131,0.09141,0.09093,0.09102,26784841.0
1775998800000,0.09102,0.09119,0.09068,0.09072,39584688.0
1776002400000,0.09071,0.09092,0.09039,0.09049,47860820.0
1776006000000,0.0905,0.09072,0.09028,0.09064,24611020.0
1776009600000,0.09065,0.0908,0.09054,0.09071,13740848.0
1776013200000,0.09072,0.09121,0.09064,0.0911,20963715.0
1776016800000,0.09111,0.0913,0.09101,0.09111,15755062.0
1776020400000,0.09111,0.0913,0.09084,0.09092,12751393.0
1776024000000,0.09091,0.0917,0.09085,0.09154,15011566.0
1776027600000,0.09154,0.09174,0.0912,0.09136,6384608.0
1776031200000,0.09135,0.09135,0.09058,0.09102,24444510.0
1776034800000,0.09102,0.09102,0.0905,0.09084,24610662.0
1776038400000,0.09085,0.09152,0.09076,0.09134,18468577.0
1776042000000,0.09134,0.09151,0.09104,0.09142,29635044.0
1776045600000,0.09141,0.09154,0.09102,0.0911,12213132.0
1776049200000,0.09111,0.09132,0.09105,0.0912,6788168.0
1776052800000,0.09119,0.09126,0.09089,0.09095,7649719.0
1776056400000,0.09095,0.0913,0.09083,0.09127,24658473.0
1776060000000,0.09127,0.09154,0.09126,0.09148,13243432.0
1776063600000,0.09148,0.09153,0.09079,0.09089,57671862.0
1776067200000,0.09089,0.09102,0.09069,0.09089,27211546.0
1776070800000,0.0909,0.09129,0.09088,0.09099,15142182.0
1776074400000,0.09099,0.09104,0.09082,0.09088,9312104.0
1776078000000,0.09089,0.09102,0.09082,0.09093,11486958.0
1776081600000,0.09093,0.09193,0.09084,0.09162,44050967.0
1776085200000,0.09163,0.09186,0.09082,0.09184,49042494.0
1776088800000,0.09184,0.09266,0.0915,0.09252,57888087.0
1776092400000,0.09252,0.09258,0.09156,0.09172,27250745.0
1776096000000,0.09172,0.09216,0.09135,0.09197,21232480.0
1776099600000,0.09197,0.0923,0.09135,0.09158,53545806.0
1776103200000,0.09157,0.0918,0.09137,0.0918,13836460.0
1776106800000,0.0918,0.09327,0.09171,0.0931,64007077.0
1776110400000,0.0931,0.09323,0.09244,0.09253,52450805.0
1776114000000,0.09253,0.09281,0.09246,0.0927,30634379.0
1776117600000,0.0927,0.09437,0.0927,0.09405,141711691.0
1776121200000,0.09406,0.09433,0.0937,0.09411,118694391.0
1776124800000,0.09411,0.09429,0.09338,0.09354,68438434.0
1776128400000,0.09353,0.09366,0.09305,0.09355,39152647.0
1776132000000,0.09355,0.09397,0.09341,0.09348,53929998.0
1776135600000,0.09348,0.0938,0.09336,0.09356,17341098.0
1776139200000,0.09356,0.09374,0.09328,0.09336,13847332.0
1776142800000,0.09336,0.09337,0.0927,0.0928,23910383.0
1776146400000,0.0928,0.09337,0.09279,0.09324,28857802.0
1776150000000,0.09323,0.0937,0.09319,0.09361,29051118.0
1776153600000,0.09361,0.09466,0.0934,0.09436,74583747.0
1776157200000,0.09437,0.09483,0.09421,0.09448,45427056.0
1776160800000,0.09449,0.09463,0.0938,0.09441,53026079.0
1776164400000,0.09441,0.09579,0.09386,0.09431,101059069.0
1776168000000,0.09431,0.0944,0.09372,0.09414,29436487.0
1776171600000,0.09413,0.09726,0.09406,0.09707,154933971.0
1776175200000,0.09707,0.09805,0.0958,0.09607,190309985.0
1776178800000,0.09608,0.09642,0.09525,0.09541,110934806.0
1776182400000,0.0954,0.09603,0.09474,0.09514,43141786.0
1776186000000,0.09513,0.09533,0.09421,0.09465,37328518.0
1776189600000,0.09466,0.09492,0.0929,0.09312,59110590.0
1776193200000,0.09311,0.09335,0.09239,0.09285,32422730.0
1776196800000,0.09285,0.09299,0.09241,0.09266,35614579.0
1776200400000,0.09267,0.09332,0.09267,0.09325,19410541.0
1776204000000,0.09325,0.09339,0.09254,0.09289,39724329.0
1776207600000,0.09289,0.0932,0.09274,0.09297,15963249.0
1776211200000,0.09297,0.09354,0.09295,0.09328,28164363.0
1776214800000,0.09328,0.09362,0.09315,0.09346,22868495.0
1776218400000,0.09346,0.09362,0.09298,0.09316,18829893.0
1776222000000,0.09316,0.09338,0.09309,0.09316,12438570.0
1776225600000,0.09316,0.09373,0.0931,0.09365,22261598.0
1776229200000,0.09364,0.09392,0.09311,0.09348,13116318.0
1776232800000,0.09348,0.09352,0.09269,0.09272,24429815.0
1776236400000,0.09273,0.09327,0.09257,0.09279,38885849.0
1776240000000,0.0928,0.09321,0.09275,0.0931,14250251.0
1776243600000,0.09311,0.0932,0.09284,0.09293,15073994.0
1776247200000,0.09292,0.09328,0.09261,0.09295,26114647.0
1776250800000,0.09295,0.09377,0.09293,0.09355,22575539.0
1776254400000,0.09355,0.09376,0.09335,0.09351,17667174.0
1776258000000,0.09351,0.09365,0.09312,0.09344,21128683.0
1776261600000,0.09343,0.09418,0.09318,0.09396,32512928.0
1776265200000,0.09396,0.09402,0.09314,0.09359,24755855.0
1776268800000,0.09359,0.09453,0.0935,0.09445,37650434.0
1776272400000,0.09444,0.09509,0.09437,0.09477,29807810.0
1776276000000,0.09477,0.09532,0.09471,0.09519,24569539.0
1776279600000,0.09519,0.09679,0.0951,0.09607,76649291.0
1776283200000,0.09607,0.09617,0.09499,0.09516,35323909.0
1776286800000,0.09516,0.09533,0.09455,0.09525,29391473.0
1776290400000,0.09524,0.09594,0.09508,0.09511,31603208.0
1776294000000,0.09511,0.09514,0.0944,0.09488,23680136.0
1776297600000,0.09489,0.09499,0.09452,0.09492,15353536.0
1776301200000,0.09492,0.09501,0.09452,0.09487,18209624.0
1776304800000,0.09488,0.09658,0.09484,0.09595,55031081.0
1776308400000,0.09595,0.09745,0.09589,0.09702,98011263.0
1776312000000,0.09703,0.09799,0.09664,0.09692,117277673.0
1776315600000,0.09692,0.0971,0.0961,0.09661,42561120.0
1776319200000,0.09662,0.0968,0.09611,0.09665,19319463.0
1776322800000,0.09666,0.09693,0.09621,0.09649,27185070.0
1776326400000,0.09649,0.09652,0.09595,0.09595,27926319.0
1776330000000,0.09596,0.09661,0.09583,0.09601,27297488.0
1776333600000,0.09601,0.09605,0.09533,0.0958,42301436.0
1776337200000,0.0958,0.09647,0.09565,0.09634,33662523.0
1776340800000,0.09633,0.09729,0.09631,0.09673,63113386.0
1776344400000,0.09673,0.09775,0.09494,0.09582,99812830.0
1776348000000,0.09582,0.0961,0.09449,0.09545,122615219.0
1776351600000,0.09544,0.09736,0.0953,0.09731,91019955.0
1776355200000,0.09731,0.09855,0.09642,0.09684,155174334.0
1776358800000,0.09685,0.09785,0.09648,0.09777,60271730.0
1776362400000,0.09776,0.09988,0.09747,0.09918,135201694.0
1776366000000,0.09919,0.09977,0.09905,0.09943,87219830.0
1776369600000,0.09943,0.09976,0.098,0.09853,63238041.0
1776373200000,0.09854,0.0998,0.09828,0.09862,112262349.0
1776376800000,0.09863,0.09921,0.09863,0.09891,35658400.0
1776380400000,0.09892,0.09981,0.09876,0.09921,44132001.0
1776384000000,0.09921,0.0994,0.09842,0.09892,58462692.0
1776387600000,0.09891,0.09964,0.09796,0.09831,58490103.0
1776391200000,0.09831,0.09848,0.09734,0.09789,49654138.0
1776394800000,0.09789,0.09812,0.09755,0.09776,22121119.0
1776398400000,0.09775,0.09791,0.0974,0.09748,24519726.0
1776402000000,0.09749,0.09753,0.09673,0.09679,34667756.0
1776405600000,0.09678,0.09772,0.09671,0.09762,22549977.0
1776409200000,0.09763,0.09853,0.09762,0.09808,41522971.0
1776412800000,0.09808,0.09879,0.09779,0.09856,48559441.0
1776416400000,0.09855,0.09952,0.09814,0.09893,76144528.0
1776420000000,0.09892,0.09899,0.0977,0.098,53922470.0
1776423600000,0.09799,0.09903,0.09798,0.09875,32190070.0
1776427200000,0.09876,0.10023,0.09845,0.10011,83079902.0
1776430800000,0.10012,0.1015,0.09991,0.10102,230379922.0
1776434400000,0.10102,0.10155,0.10055,0.10104,99339458.0
1776438000000,0.10105,0.10144,0.09991,0.10058,91496333.0
1776441600000,0.10057,0.10218,0.10053,0.10196,88119797.0
1776445200000,0.10197,0.10208,0.1002,0.10105,75490678.0
1776448800000,0.10106,0.10121,0.09985,0.10017,34413349.0
1776452400000,0.10017,0.1006,0.09983,0.09998,22484119.0
1776456000000,0.09999,0.10024,0.09944,0.10019,17863315.0
1776459600000,0.10019,0.10064,0.09983,0.10014,18061563.0
1776463200000,0.10013,0.10061,0.1,0.10024,31110062.0
1776466800000,0.10024,0.10024,0.09879,0.09941,62905350.0
1776470400000,0.0994,0.09976,0.09909,0.09929,26112263.0
1776474000000,0.09929,0.09976,0.0989,0.09915,32997508.0
1776477600000,0.09916,0.09957,0.09881,0.09909,29513277.0
1776481200000,0.09909,0.09912,0.09817,0.09855,46555504.0
1776484800000,0.09855,0.09872,0.0981,0.09837,25441774.0
1776488400000,0.09836,0.09895,0.09834,0.09886,19640085.0
1776492000000,0.09885,0.09896,0.09852,0.09878,11725754.0
1776495600000,0.09878,0.09908,0.09871,0.09888,17813377.0
1776499200000,0.09888,0.09889,0.0966,0.09708,181079377.0
1776502800000,0.09708,0.09729,0.09659,0.09706,44665232.0
1776506400000,0.09706,0.09706,0.09634,0.0965,48256720.0
1776510000000,0.0965,0.09652,0.09555,0.09602,53987908.0
1776513600000,0.09601,0.09626,0.0957,0.09611,37747183.0
1776517200000,0.09611,0.09619,0.09544,0.09578,42089452.0
1776520800000,0.09578,0.09618,0.09553,0.09617,26538407.0
1776524400000,0.09617,0.09641,0.09582,0.09599,40497583.0
1776528000000,0.09599,0.09618,0.09548,0.09564,41777335.0
1776531600000,0.09563,0.09571,0.09524,0.09542,17334643.0
1776535200000,0.09542,0.09554,0.0941,0.09451,65039352.0
1776538800000,0.09451,0.09508,0.09448,0.0948,20321182.0
1776542400000,0.09479,0.09519,0.09461,0.09501,17073855.0
1776546000000,0.09501,0.09537,0.09481,0.09523,14690295.0
1776549600000,0.09523,0.09527,0.09486,0.09514,21769966.0
1776553200000,0.09513,0.09526,0.09472,0.09479,22049034.0
1776556800000,0.0948,0.09502,0.09462,0.09485,16521183.0
1776560400000,0.09486,0.0951,0.09465,0.09501,22110244.0
1776564000000,0.095,0.09504,0.09436,0.09475,38034451.0
1776567600000,0.09475,0.09507,0.09446,0.09476,20012142.0
1776571200000,0.09476,0.09484,0.09412,0.09462,32079237.0
1776574800000,0.09462,0.09522,0.09455,0.09483,28993838.0
1776578400000,0.09483,0.09505,0.0945,0.09488,25165687.0
1776582000000,0.09487,0.09488,0.0935,0.09414,68553305.0
1776585600000,0.09413,0.09428,0.09391,0.09411,27463584.0
1776589200000,0.0941,0.09414,0.09352,0.09373,25663127.0
1776592800000,0.09373,0.09392,0.09344,0.09391,27969323.0
1776596400000,0.09391,0.09495,0.09386,0.09453,74609562.0
1776600000000,0.09453,0.09527,0.09447,0.09454,54724528.0
1776603600000,0.09454,0.09643,0.09447,0.09534,143028729.0
1776607200000,0.09535,0.09619,0.09484,0.09536,82424552.0
1776610800000,0.09535,0.09561,0.09425,0.09559,85854770.0
1776614400000,0.09559,0.09569,0.09428,0.09457,59216217.0
1776618000000,0.09457,0.09469,0.09373,0.09407,48488526.0
1776621600000,0.09407,0.0944,0.09389,0.09415,21861152.0
1776625200000,0.09415,0.09458,0.09411,0.0945,14947881.0
1776628800000,0.09449,0.0945,0.09369,0.09406,22283629.0
1776632400000,0.09405,0.09436,0.09379,0.09384,11450423.0
1776636000000,0.09383,0.09383,0.0926,0.09311,112846305.0
1776639600000,0.0931,0.0931,0.09255,0.09302,24197663.0
1776643200000,0.09303,0.0941,0.0929,0.09393,47981962.0
1776646800000,0.09392,0.0943,0.09369,0.09407,19366538.0
1776650400000,0.09407,0.09419,0.09369,0.09406,15047639.0
1776654000000,0.09407,0.09434,0.09375,0.09426,11483548.0
1776657600000,0.09426,0.09464,0.094,0.09459,16417999.0
1776661200000,0.0946,0.09467,0.09359,0.09395,22963307.0
1776664800000,0.09395,0.0945,0.09382,0.09422,39503590.0
1776668400000,0.09423,0.09546,0.09414,0.09457,53737454.0
1776672000000,0.09457,0.09468,0.09415,0.09424,38639855.0
1776675600000,0.09424,0.09468,0.09404,0.09451,27496392.0
1776679200000,0.09452,0.09502,0.09448,0.09448,29832130.0
1776682800000,0.09449,0.09477,0.09419,0.09449,30089615.0
1776686400000,0.09449,0.09503,0.09438,0.09485,33976314.0
1776690000000,0.09484,0.09502,0.09447,0.09489,27598702.0
1776693600000,0.09488,0.09536,0.09418,0.09438,51653650.0
1776697200000,0.09439,0.09541,0.09407,0.09497,54439144.0
1776700800000,0.09497,0.09499,0.09437,0.09454,50282759.0
1776704400000,0.09455,0.09524,0.0945,0.09508,27489991.0
1776708000000,0.09508,0.09577,0.09508,0.09562,49614734.0
1776711600000,0.09563,0.09571,0.09524,0.09553,19407278.0
1776715200000,0.09553,0.09585,0.0953,0.09583,18123593.0
1776718800000,0.09582,0.09609,0.09539,0.09572,22930127.0
1776722400000,0.09572,0.09594,0.09555,0.09556,14623574.0
1776726000000,0.09556,0.09556,0.09499,0.09521,19058068.0
1776729600000,0.09521,0.09563,0.09512,0.09551,15172485.0
1776733200000,0.0955,0.096,0.09538,0.09543,36597167.0
1776736800000,0.09542,0.09548,0.09508,0.09509,15526556.0
1776740400000,0.09509,0.09517,0.09462,0.09488,18842938.0
1776744000000,0.09489,0.09543,0.09488,0.09522,32739337.0
1776747600000,0.09523,0.09555,0.09505,0.09545,25443841.0
1776751200000,0.09544,0.09582,0.09514,0.09536,16283866.0
1776754800000,0.09537,0.09566,0.09517,0.09528,13862570.0
1776758400000,0.09527,0.09588,0.09518,0.09537,14939715.0
1776762000000,0.09538,0.09575,0.09522,0.09567,17717878.0
1776765600000,0.09568,0.09593,0.0955,0.09577,18129172.0
1776769200000,0.09578,0.09582,0.09535,0.09544,23327234.0
1776772800000,0.09545,0.09551,0.09466,0.095,32029889.0
1776776400000,0.09499,0.09531,0.09483,0.09518,22208366.0
1776780000000,0.09519,0.0957,0.09482,0.09495,31707204.0
1776783600000,0.09495,0.09527,0.09443,0.09477,26657955.0
1776787200000,0.09478,0.09517,0.09458,0.09464,25054391.0
1776790800000,0.09463,0.09487,0.09366,0.09443,36646195.0
1776794400000,0.09443,0.09454,0.09406,0.09451,13483486.0
1776798000000,0.09451,0.09485,0.09356,0.09387,22742651.0
1776801600000,0.09387,0.09495,0.09379,0.09464,25132153.0
1776805200000,0.09464,0.09475,0.09445,0.09467,5767977.0
1776808800000,0.09466,0.09472,0.09417,0.09446,8124779.0
1776812400000,0.09445,0.09527,0.09439,0.09518,13679722.0
1776816000000,0.09519,0.09536,0.09506,0.09517,17170849.0
1776819600000,0.09517,0.09528,0.09487,0.09497,13169439.0
1776823200000,0.09498,0.09662,0.09487,0.09654,66472615.0
1776826800000,0.09655,0.09694,0.09615,0.0963,49170873.0
1776830400000,0.0963,0.09654,0.09601,0.09628,13613160.0
1776834000000,0.09628,0.0977,0.09619,0.09714,83164285.0
1776837600000,0.09715,0.0977,0.09698,0.09767,33375827.0
1776841200000,0.09768,0.09832,0.09692,0.09752,85158261.0
1776844800000,0.09753,0.09822,0.09748,0.09786,46122692.0
1776848400000,0.09787,0.09817,0.09752,0.09755,19504034.0
1776852000000,0.09755,0.09844,0.09728,0.09822,34127689.0
1776855600000,0.09822,0.0986,0.09772,0.09802,34940238.0
1776859200000,0.09802,0.09823,0.09736,0.09761,41094931.0
1776862800000,0.09762,0.09826,0.09738,0.098,34927709.0
1776866400000,0.09801,0.09832,0.09765,0.09801,41924197.0
1776870000000,0.098,0.09828,0.0975,0.09788,44700513.0
1776873600000,0.09789,0.0982,0.09683,0.09698,45420610.0
1776877200000,0.09697,0.09751,0.09695,0.09725,25991571.0
1776880800000,0.09724,0.09758,0.09708,0.0971,13242347.0
1776884400000,0.0971,0.09711,0.0963,0.09669,29500774.0
1776888000000,0.09668,0.09672,0.09623,0.09632,19707268.0
1776891600000,0.09632,0.0969,0.0963,0.09674,23327153.0
1776895200000,0.09674,0.09683,0.09627,0.09645,17530777.0
1776898800000,0.09646,0.09647,0.0956,0.09565,23253743.0
1776902400000,0.09564,0.09657,0.09564,0.09626,71680280.0
1776906000000,0.09627,0.09661,0.09575,0.09635,35421149.0
1776909600000,0.09635,0.09637,0.09568,0.09589,39410220.0
1776913200000,0.09588,0.09602,0.09528,0.0956,34208993.0
1776916800000,0.0956,0.09607,0.09554,0.09593,50825701.0
1776920400000,0.09593,0.0962,0.09569,0.09601,15162444.0
1776924000000,0.09602,0.09648,0.09599,0.09609,23089925.0
1776927600000,0.09609,0.09616,0.09556,0.09593,21242413.0
1776931200000,0.09593,0.09628,0.09576,0.09597,26512394.0
1776934800000,0.09598,0.09599,0.09536,0.09566,22370499.0
1776938400000,0.09565,0.09577,0.09532,0.09572,28501499.0
1776942000000,0.09573,0.09632,0.09573,0.09618,21857834.0
1776945600000,0.09618,0.09696,0.09617,0.09654,38059303.0
1776949200000,0.09653,0.09666,0.09586,0.09622,34491245.0
1776952800000,0.09622,0.09712,0.09603,0.09708,29279979.0
1776956400000,0.09708,0.09803,0.09699,0.09738,131255865.0
1776960000000,0.09737,0.09745,0.09685,0.09691,28130928.0
1776963600000,0.09692,0.09706,0.09516,0.09613,93382008.0
1776967200000,0.09613,0.09642,0.09592,0.09592,35937534.0
1776970800000,0.09593,0.09643,0.09584,0.09622,27607048.0
1776974400000,0.09622,0.09695,0.09617,0.09667,18664639.0
1776978000000,0.09667,0.0975,0.09664,0.09713,33817712.0
1776981600000,0.09712,0.09774,0.09712,0.09726,29875898.0
1776985200000,0.09726,0.09738,0.09701,0.09714,22258863.0
1776988800000,0.09714,0.09774,0.09703,0.09763,33342590.0
1776992400000,0.09763,0.09804,0.09707,0.09794,45765548.0
1776996000000,0.09793,0.09805,0.0976,0.09774,49204100.0
1776999600000,0.09773,0.09782,0.09691,0.09723,41613545.0
1777003200000,0.09723,0.0974,0.09698,0.09731,13447156.0
1777006800000,0.09732,0.09748,0.09699,0.09723,29185993.0
1777010400000,0.09724,0.09778,0.097,0.09745,46564667.0
1777014000000,0.09744,0.09821,0.09743,0.09781,70552545.0
1777017600000,0.09781,0.09805,0.09746,0.09788,33140720.0
1777021200000,0.09788,0.09792,0.09682,0.09717,50141485.0
1777024800000,0.09717,0.0982,0.09707,0.09784,49080503.0
1777028400000,0.09785,0.09856,0.09784,0.09821,62834710.0
1777032000000,0.09822,0.09856,0.09772,0.09796,56904400.0
1777035600000,0.09797,0.09852,0.09768,0.0979,32678942.0
1777039200000,0.0979,0.09799,0.09733,0.09771,33872848.0
1777042800000,0.09771,0.09831,0.09725,0.09809,26038683.0
1777046400000,0.0981,0.09839,0.09769,0.09801,23667235.0
1777050000000,0.098,0.09823,0.09767,0.09817,29208790.0
1777053600000,0.09817,0.09833,0.09768,0.09828,16183892.0
1777057200000,0.09829,0.09848,0.09813,0.09842,22848266.0
1777060800000,0.09842,0.09895,0.09811,0.09887,48133744.0
1777064400000,0.09887,0.09957,0.0986,0.09867,86468322.0
1777068000000,0.09868,0.09873,0.09787,0.09801,57748434.0
1777071600000,0.09802,0.09849,0.098,0.09843,22077862.0
1777075200000,0.09842,0.09844,0.09803,0.09838,16680953.0
1777078800000,0.09837,0.09909,0.09835,0.09844,47711347.0
1777082400000,0.09845,0.09868,0.0982,0.0985,23721066.0
1777086000000,0.09851,0.09896,0.0983,0.09883,26084901.0
1777089600000,0.09883,0.09895,0.09854,0.0986,13658889.0
1777093200000,0.09859,0.09861,0.09837,0.09844,9239501.0
1777096800000,0.09845,0.09865,0.0981,0.09837,29142168.0
1777100400000,0.09836,0.0991,0.09826,0.09841,38087000.0
1777104000000,0.09841,0.09865,0.0982,0.0986,32883792.0
1777107600000,0.09859,0.0987,0.09835,0.09856,12115260.0
1777111200000,0.09856,0.09867,0.09846,0.09854,9426281.0
1777114800000,0.09855,0.09855,0.09786,0.09797,21308074.0
1777118400000,0.09797,0.09809,0.09773,0.09798,19998745.0
1777122000000,0.09797,0.09841,0.0979,0.09827,14427942.0
1777125600000,0.09827,0.09856,0.09809,0.0983,11556477.0
1777129200000,0.09829,0.09879,0.09809,0.09819,35724154.0
1777132800000,0.09818,0.09833,0.09756,0.09787,26603663.0
1777136400000,0.09786,0.09799,0.0976,0.09778,25780473.0
1777140000000,0.09779,0.09792,0.09738,0.0977,25672880.0
1777143600000,0.09769,0.09781,0.09749,0.09768,8591578.0
1777147200000,0.09769,0.09795,0.09759,0.09795,11276220.0
1777150800000,0.09795,0.09808,0.09784,0.09799,10527527.0
1777154400000,0.09799,0.09826,0.09787,0.09804,11962446.0
1777158000000,0.09804,0.09823,0.09789,0.098,12832872.0
1777161600000,0.09799,0.09803,0.09768,0.09785,16127755.0
1777165200000,0.09785,0.09808,0.09778,0.09786,9092742.0
1777168800000,0.09785,0.09816,0.09758,0.09795,23234307.0
1777172400000,0.09795,0.09847,0.09766,0.09778,35499047.0
1777176000000,0.09778,0.09828,0.09748,0.09807,26729819.0
1777179600000,0.09806,0.09872,0.09805,0.09832,31018072.0
1777183200000,0.09832,0.09859,0.09832,0.09848,14347876.0
1777186800000,0.09847,0.09863,0.0984,0.09858,14043155.0
1777190400000,0.09858,0.09865,0.09832,0.09836,13207047.0
1777194000000,0.09836,0.09857,0.0983,0.09848,12044496.0
1777197600000,0.09847,0.09875,0.09832,0.09867,31140128.0
1777201200000,0.09868,0.09918,0.0986,0.09903,42996187.0
1777204800000,0.09904,0.09915,0.09859,0.09868,43676191.0
1777208400000,0.09868,0.09877,0.09812,0.0986,34197025.0
1777212000000,0.0986,0.09899,0.09844,0.09882,18295849.0
1777215600000,0.09883,0.09915,0.09875,0.09903,19097515.0
1777219200000,0.09903,0.09907,0.09865,0.09868,23638364.0
1777222800000,0.09868,0.09895,0.0985,0.09885,15187379.0
1777226400000,0.09885,0.09972,0.09871,0.09911,28693397.0
1777230000000,0.09912,0.09967,0.0991,0.09919,20447268.0
1777233600000,0.09919,0.09994,0.09907,0.09908,32888664.0
1777237200000,0.09908,0.09945,0.09869,0.09939,30268940.0
1777240800000,0.09939,0.09975,0.09898,0.09915,18915072.0
1777244400000,0.09914,0.09958,0.09879,0.09922,16889360.0
1777248000000,0.09922,0.09996,0.09889,0.09995,32940866.0
1777251600000,0.09995,0.10042,0.0994,0.10032,59580680.0
1777255200000,0.10032,0.1007,0.0999,0.10042,41037837.0
1777258800000,0.10042,0.10086,0.10021,0.10021,31290396.0
1777262400000,0.10022,0.10056,0.09983,0.10002,38386733.0
1777266000000,0.10003,0.10004,0.09819,0.09841,79853953.0
1777269600000,0.09841,0.09843,0.09762,0.098,44771763.0
1777273200000,0.098,0.09812,0.09766,0.09784,27526604.0
1777276800000,0.09783,0.0983,0.0977,0.09829,29994382.0
1777280400000,0.09829,0.09846,0.09796,0.09827,70235790.0
1777284000000,0.09827,0.09844,0.09806,0.09812,21575461.0
1777287600000,0.09812,0.09855,0.09769,0.09851,51082899.0
1777291200000,0.0985,0.09851,0.09809,0.09815,20465220.0
1777294800000,0.09816,0.09851,0.0979,0.09818,28043909.0
1777298400000,0.09817,0.09925,0.09811,0.09879,60198992.0
1777302000000,0.09879,0.09881,0.09694,0.09722,106667993.0
1777305600000,0.09723,0.09792,0.09707,0.09749,35384537.0
1777309200000,0.09749,0.098,0.09749,0.09776,14695410.0
1777312800000,0.09775,0.09813,0.09768,0.09782,11190558.0
1777316400000,0.09782,0.0981,0.0974,0.09786,14956769.0
1777320000000,0.09785,0.09815,0.09785,0.09807,9265621.0
1777323600000,0.09807,0.09827,0.09792,0.09797,10023830.0
1777327200000,0.09798,0.09876,0.09794,0.09876,18158269.0
1777330800000,0.09876,0.0991,0.09863,0.09895,20098193.0
1777334400000,0.09894,0.09924,0.09861,0.09897,24030609.0
1777338000000,0.09896,0.09946,0.09891,0.09921,50854168.0
1777341600000,0.09922,0.09955,0.09879,0.09918,55458349.0
1777345200000,0.09917,0.09947,0.09898,0.09934,51315140.0
1777348800000,0.09935,0.10103,0.09931,0.09965,166536414.0
1777352400000,0.09964,0.10055,0.09962,0.10028,105492933.0
1777356000000,0.10029,0.10047,0.09911,0.09953,67352841.0
1777359600000,0.09953,0.09976,0.09898,0.09965,31670672.0
1777363200000,0.09965,0.09998,0.09928,0.09976,41278567.0
1777366800000,0.09975,0.09993,0.09899,0.09922,29796485.0
1777370400000,0.09922,0.0994,0.09909,0.09923,21077025.0
1777374000000,0.09923,0.09928,0.09843,0.09861,58287021.0
1777377600000,0.09861,0.09905,0.09828,0.09902,53400653.0
1777381200000,0.09901,0.09918,0.0984,0.09869,63206662.0
1777384800000,0.09869,0.09889,0.09806,0.09889,34270006.0
1777388400000,0.09889,0.09955,0.09873,0.09954,27130787.0
1777392000000,0.09953,0.09983,0.09919,0.09972,42059829.0
1777395600000,0.09972,0.09974,0.09918,0.09933,21350537.0
1777399200000,0.09932,0.09967,0.09921,0.09954,18666336.0
1777402800000,0.09954,0.09987,0.09929,0.09974,16240105.0
1777406400000,0.09974,0.09989,0.0996,0.09975,11387760.0
1777410000000,0.09974,0.09997,0.09917,0.0995,25864442.0
1777413600000,0.0995,0.10022,0.09941,0.0995,44580766.0
1777417200000,0.09949,0.09949,0.09885,0.09935,25415861.0
1777420800000,0.09934,0.1001,0.09924,0.0999,78613238.0
1777424400000,0.09991,0.10028,0.09945,0.10014,36144325.0
1777428000000,0.10015,0.10035,0.09976,0.09998,34824102.0
1777431600000,0.09998,0.10145,0.09994,0.10137,96707656.0
1777435200000,0.10137,0.10253,0.10115,0.1018,127926663.0
1777438800000,0.1018,0.10251,0.10157,0.10231,112744333.0
1777442400000,0.10231,0.10251,0.10181,0.10216,59553169.0
1777446000000,0.10217,0.10547,0.10209,0.10496,228591896.0
1777449600000,0.10497,0.10597,0.10464,0.10544,175823568.0
1777453200000,0.10543,0.112,0.10519,0.10946,372462869.0
1777456800000,0.10946,0.11063,0.10922,0.11009,204730724.0
1777460400000,0.11008,0.11061,0.10944,0.10969,117279733.0
1777464000000,0.10969,0.10973,0.10645,0.10718,216528144.0
1777467600000,0.10718,0.1076,0.10521,0.10637,137290787.0
1777471200000,0.10636,0.10654,0.10449,0.10514,100039922.0
1777474800000,0.10515,0.1054,0.10295,0.1034,136297248.0
1777478400000,0.10339,0.10391,0.10176,0.10229,140909778.0
1777482000000,0.1023,0.10556,0.10212,0.10395,121712452.0
1777485600000,0.10395,0.10406,0.10096,0.1022,143107720.0
1777489200000,0.10219,0.10224,0.10105,0.10145,45014389.0
1777492800000,0.10145,0.10251,0.10141,0.10214,36308616.0
1777496400000,0.10214,0.10365,0.10197,0.10324,32750321.0
1777500000000,0.10324,0.10384,0.10297,0.10351,24560597.0
1777503600000,0.10352,0.10422,0.10342,0.10408,33859411.0
1777507200000,0.10407,0.10831,0.10397,0.10794,176809330.0
1777510800000,0.10794,0.10841,0.10636,0.10691,103863749.0
1777514400000,0.10691,0.1073,0.1045,0.10539,156581038.0
1777518000000,0.10538,0.10749,0.10515,0.1068,66596107.0
1777521600000,0.10679,0.10683,0.10478,0.10499,67455223.0
1777525200000,0.10499,0.10595,0.10434,0.10543,87914030.0
1777528800000,0.10543,0.10643,0.10528,0.10626,41900722.0
1777532400000,0.10626,0.10708,0.10597,0.10701,57100825.0
1777536000000,0.10701,0.10731,0.10642,0.10696,49112933.0
1777539600000,0.10695,0.10813,0.10675,0.10749,81886774.0
1777543200000,0.10749,0.10786,0.10621,0.10671,67711607.0
1777546800000,0.10672,0.10693,0.10564,0.1064,59583265.0
1777550400000,0.1064,0.10684,0.10616,0.10636,29532700.0
1777554000000,0.10637,0.1075,0.106,0.10676,59740593.0
1777557600000,0.10677,0.10731,0.10589,0.10645,69324721.0
1777561200000,0.10645,0.10758,0.10604,0.10708,49718466.0
1777564800000,0.10709,0.10717,0.10611,0.10629,53964521.0
1777568400000,0.1063,0.1065,0.10542,0.10574,55637300.0
1777572000000,0.10574,0.10622,0.10541,0.10558,24395317.0
1777575600000,0.10559,0.10631,0.10545,0.10617,18149121.0
1777579200000,0.10617,0.10676,0.10585,0.10657,26235553.0
1777582800000,0.10657,0.10689,0.1063,0.10631,20960214.0
1777586400000,0.10631,0.10667,0.10599,0.10629,16179436.0
1777590000000,0.10629,0.10666,0.10608,0.1065,15132827.0
1777593600000,0.1065,0.10793,0.10641,0.10758,60190958.0
1777597200000,0.10758,0.10927,0.10751,0.10903,108264887.0
1777600800000,0.10903,0.10938,0.10832,0.10841,56865760.0
1777604400000,0.1084,0.10985,0.10806,0.1091,92484658.0
1777608000000,0.10911,0.10943,0.10825,0.10885,34351573.0
1777611600000,0.10886,0.10948,0.10886,0.10913,23500428.0
1777615200000,0.10913,0.10922,0.10834,0.10842,31671412.0
1777618800000,0.10842,0.10852,0.10793,0.10824,43609954.0
1777622400000,0.10825,0.10892,0.10799,0.1085,33193422.0
1777626000000,0.1085,0.10867,0.1074,0.10774,33560180.0
1777629600000,0.10773,0.10839,0.10728,0.10833,29432859.0
1777633200000,0.10833,0.1092,0.10829,0.10885,38609558.0
1777636800000,0.10884,0.10934,0.1086,0.10892,62499831.0
1777640400000,0.10893,0.11055,0.10893,0.10976,102053330.0
1777644000000,0.10976,0.10999,0.10901,0.10963,98437935.0
1777647600000,0.10963,0.10996,0.10886,0.10944,50158425.0
1777651200000,0.10944,0.10972,0.10815,0.10895,79583892.0
1777654800000,0.10894,0.10913,0.1085,0.10897,22709025.0
1777658400000,0.10898,0.10905,0.10857,0.10898,13783015.0
1777662000000,0.10899,0.10924,0.10877,0.10911,10773512.0
1777665600000,0.10911,0.1092,0.10826,0.10851,13067063.0
1777669200000,0.1085,0.10967,0.10843,0.10941,26447296.0
1777672800000,0.10941,0.10959,0.10836,0.10846,22363807.0
1777676400000,0.10846,0.10853,0.10772,0.10853,44424319.0
1777680000000,0.10853,0.10935,0.10848,0.10874,32475114.0
1777683600000,0.10874,0.10897,0.10849,0.10864,12687106.0
1777687200000,0.10863,0.10874,0.1082,0.10847,19419011.0
1777690800000,0.10847,0.10862,0.10806,0.10816,15866494.0
1777694400000,0.10817,0.10837,0.10779,0.10807,51055726.0
1777698000000,0.10808,0.10815,0.10743,0.10753,31185594.0
1777701600000,0.10753,0.1081,0.10752,0.10807,12900426.0
1777705200000,0.10806,0.10812,0.10786,0.10791,11945290.0
1777708800000,0.10792,0.108,0.10764,0.10767,13021773.0
1777712400000,0.10767,0.10799,0.10754,0.10775,28956082.0
1777716000000,0.10776,0.10807,0.10774,0.10774,7274393.0
1777719600000,0.10775,0.10786,0.10741,0.10773,18512053.0
1777723200000,0.10774,0.10789,0.10714,0.1076,29165835.0
1777726800000,0.10761,0.1088,0.10761,0.1086,28002485.0
1777730400000,0.1086,0.10916,0.10836,0.10872,39387494.0
1777734000000,0.10873,0.10922,0.10868,0.10901,20599391.0
1777737600000,0.10902,0.10936,0.10865,0.10899,41153009.0
1777741200000,0.109,0.10913,0.10863,0.10877,12854914.0
1777744800000,0.10876,0.10876,0.10824,0.10838,23943897.0
1777748400000,0.10839,0.10857,0.10828,0.10842,9859537.0
1777752000000,0.10843,0.10887,0.10834,0.1088,14121936.0
1777755600000,0.1088,0.10913,0.108,0.10876,37671196.0
1777759200000,0.10876,0.1092,0.10844,0.10879,20289717.0
1777762800000,0.10879,0.10883,0.10824,0.10851,27706565.0
1777766400000,0.10851,0.10858,0.10792,0.10822,13840315.0
1777770000000,0.10822,0.10823,0.10752,0.10766,16508468.0
1777773600000,0.10766,0.1078,0.10715,0.10753,23298781.0
1777777200000,0.10752,0.10797,0.10734,0.10785,26078042.0
1777780800000,0.10785,0.10823,0.10775,0.10792,23738643.0
1777784400000,0.10791,0.10814,0.10777,0.10795,12144109.0
1777788000000,0.10794,0.10797,0.10751,0.10785,24829417.0
1777791600000,0.10785,0.10826,0.10785,0.10791,15699753.0
1777795200000,0.10792,0.10819,0.1079,0.10798,7984936.0
1777798800000,0.10799,0.10836,0.1079,0.10817,11867712.0
1777802400000,0.10818,0.10824,0.10762,0.10768,20193310.0
1777806000000,0.10767,0.10881,0.10751,0.1087,38874818.0
1777809600000,0.1087,0.1094,0.1087,0.10881,31459857.0
1777813200000,0.10881,0.10905,0.10848,0.10862,18325774.0
1777816800000,0.10862,0.1089,0.10848,0.10865,11783794.0
1777820400000,0.10864,0.10896,0.10827,0.10847,13379883.0
1777824000000,0.10848,0.10862,0.1081,0.1083,12769447.0
1777827600000,0.10829,0.10876,0.10802,0.10848,10813818.0
1777831200000,0.10849,0.1086,0.1083,0.10842,5400933.0
1777834800000,0.10842,0.10879,0.10835,0.1086,8143036.0
1777838400000,0.1086,0.10927,0.10856,0.1088,16686628.0
1777842000000,0.1088,0.10914,0.10774,0.10815,20840975.0
1777845600000,0.10815,0.10966,0.10815,0.10928,33181052.0
1777849200000,0.10927,0.10948,0.1082,0.1083,20238559.0
1777852800000,0.10829,0.10907,0.10765,0.10899,29916778.0
1777856400000,0.109,0.11334,0.10899,0.11253,245181419.0
1777860000000,0.11253,0.11349,0.11149,0.11305,123125735.0
1777863600000,0.11305,0.11383,0.11218,0.11296,71655611.0
1777867200000,0.11297,0.11361,0.11282,0.11308,46682864.0
1777870800000,0.11309,0.1132,0.1124,0.11251,28250126.0
1777874400000,0.11252,0.11264,0.11102,0.11204,52040990.0
1777878000000,0.11205,0.11268,0.11189,0.11233,19510988.0
1777881600000,0.11232,0.11245,0.11186,0.11195,19385487.0
1777885200000,0.11195,0.1124,0.1115,0.11189,21532317.0
1777888800000,0.1119,0.11194,0.10878,0.11029,266617939.0
1777892400000,0.11029,0.11072,0.11002,0.1105,35870166.0
1777896000000,0.11049,0.11097,0.11027,0.11038,30083422.0
1777899600000,0.11037,0.11132,0.10985,0.11072,57123287.0
1777903200000,0.11073,0.11266,0.11022,0.11203,61968267.0
1777906800000,0.11204,0.11214,0.10961,0.11023,166952005.0
1777910400000,0.11024,0.11093,0.10984,0.11055,46123893.0
1777914000000,0.11055,0.11161,0.11047,0.11117,31681351.0
1777917600000,0.11118,0.11138,0.11072,0.11108,15714932.0
1777921200000,0.11107,0.11112,0.11023,0.11042,13776837.0
1777924800000,0.11042,0.11043,0.11,0.11024,8810396.0
1777928400000,0.11024,0.11096,0.11015,0.11057,12269431.0
1777932000000,0.11056,0.11091,0.11012,0.11032,24964851.0
1777935600000,0.11031,0.11036,0.11,0.1101,10215252.0
1777939200000,0.11011,0.11098,0.10996,0.11078,15038369.0
1777942800000,0.11079,0.11131,0.11052,0.11098,15166960.0
1777946400000,0.11098,0.11171,0.11095,0.11131,19736906.0
1777950000000,0.11132,0.1118,0.11122,0.1114,17159916.0
1777953600000,0.11141,0.11182,0.11127,0.11142,16671761.0
1777957200000,0.11141,0.11195,0.1113,0.11165,34237819.0
1777960800000,0.11166,0.11178,0.11124,0.1117,16055070.0
1777964400000,0.11171,0.11193,0.11132,0.11145,20136621.0
1777968000000,0.11145,0.11168,0.11129,0.11163,17333320.0
1777971600000,0.11163,0.11166,0.11075,0.1111,22493215.0
1777975200000,0.1111,0.11182,0.11101,0.11179,29292657.0
1777978800000,0.11178,0.11219,0.11135,0.11197,34733470.0
1777982400000,0.11197,0.11219,0.1118,0.11205,17871091.0
1777986000000,0.11206,0.11285,0.11192,0.1124,71188911.0
1777989600000,0.11241,0.11284,0.11152,0.11235,81620868.0
1777993200000,0.11235,0.11294,0.11226,0.11241,27563294.0
1777996800000,0.1124,0.11291,0.11165,0.11257,100289203.0
1778000400000,0.11258,0.11449,0.11248,0.11368,92006805.0
1778004000000,0.11368,0.11414,0.11327,0.1134,25787316.0
1778007600000,0.11339,0.11409,0.1133,0.11356,22988191.0
1778011200000,0.11355,0.11426,0.11311,0.11401,22902636.0
1778014800000,0.11401,0.11577,0.11356,0.11543,47931866.0
1778018400000,0.11543,0.11651,0.11483,0.11534,108230347.0
1778022000000,0.11533,0.11592,0.11437,0.11484,49757889.0
1778025600000,0.11485,0.11506,0.11378,0.11433,45912446.0
1778029200000,0.11433,0.11539,0.11416,0.11499,46621464.0
1778032800000,0.115,0.11565,0.11449,0.11562,41665382.0
1778036400000,0.11562,0.1161,0.11494,0.11594,36431436.0
1778040000000,0.11594,0.11599,0.11494,0.11499,28455254.0
1778043600000,0.11499,0.11612,0.11476,0.11586,39309492.0
1778047200000,0.11586,0.11603,0.11513,0.11536,49748451.0
1778050800000,0.11536,0.1164,0.11479,0.11574,77628817.0
1778054400000,0.11573,0.11689,0.1156,0.11684,54521969.0
1778058000000,0.11684,0.1169,0.11586,0.11638,78546388.0
1778061600000,0.11639,0.11666,0.11594,0.11647,41456355.0
1778065200000,0.11647,0.11706,0.11623,0.11659,37910724.0
1778068800000,0.11659,0.1168,0.11598,0.11609,34050266.0
1778072400000,0.11609,0.11609,0.11133,0.11277,306085495.0
1778076000000,0.11278,0.11375,0.11185,0.11285,88920521.0
1778079600000,0.11285,0.11358,0.11275,0.11306,45124435.0
1778083200000,0.11305,0.11363,0.11253,0.11318,44730475.0
1778086800000,0.11317,0.11355,0.11293,0.11312,24750334.0
1778090400000,0.11312,0.11334,0.11271,0.11274,28086793.0
1778094000000,0.11273,0.11302,0.11254,0.11295,18060146.0
1778097600000,0.11296,0.11327,0.11232,0.11275,17386616.0
1778101200000,0.11276,0.11312,0.11258,0.11301,15393982.0
1778104800000,0.113,0.11303,0.11217,0.11241,18096763.0
1778108400000,0.1124,0.1125,0.11193,0.11245,21689620.0
1778112000000,0.11245,0.11251,0.11133,0.11147,36149345.0
1778115600000,0.11146,0.11157,0.11032,0.11113,47736116.0
1778119200000,0.11113,0.11122,0.11015,0.1106,46624378.0
1778122800000,0.1106,0.11084,0.11018,0.11029,27148412.0
1778126400000,0.11029,0.11076,0.11008,0.11066,34202209.0
1778130000000,0.11067,0.11136,0.11042,0.11076,61491884.0
1778133600000,0.11076,0.11146,0.11039,0.11146,47993984.0
1778137200000,0.11145,0.11178,0.11122,0.1117,40328174.0
1778140800000,0.11169,0.11193,0.11129,0.11146,74164567.0
1778144400000,0.11147,0.113,0.11124,0.11137,132178410.0
1778148000000,0.11137,0.11183,0.11077,0.11103,51368623.0
1778151600000,0.11103,0.11144,0.11082,0.11112,23492903.0
1778155200000,0.11111,0.11159,0.11108,0.11152,22050821.0
1778158800000,0.11152,0.11152,0.10803,0.10944,112115008.0
1778162400000,0.10944,0.10975,0.10835,0.10902,111360519.0
1778166000000,0.10901,0.10952,0.1067,0.10799,144061431.0
1778169600000,0.10799,0.1083,0.10741,0.10766,35366097.0
1778173200000,0.10767,0.10805,0.10707,0.108,22762382.0
1778176800000,0.108,0.10859,0.10782,0.10806,23977886.0
1778180400000,0.10806,0.10833,0.10776,0.10795,22623996.0
1778184000000,0.10794,0.10847,0.10778,0.10779,15119585.0
1778187600000,0.10779,0.10814,0.10735,0.10774,31081057.0
1778191200000,0.10773,0.10788,0.10736,0.10768,22448312.0
1778194800000,0.10768,0.10794,0.1075,0.10783,15512149.0
1778198400000,0.10784,0.10804,0.10678,0.10695,118771388.0
1778202000000,0.10695,0.10706,0.10613,0.10668,45355899.0
1778205600000,0.10668,0.10668,0.10581,0.10632,46680018.0
1778209200000,0.10632,0.10665,0.10583,0.1064,30992254.0
1778212800000,0.10639,0.10662,0.10622,0.10648,11223555.0
1778216400000,0.10648,0.10654,0.10592,0.10594,18903304.0
1778220000000,0.10594,0.10642,0.1056,0.10627,52084224.0
1778223600000,0.10626,0.10649,0.1059,0.10631,54529389.0
1778227200000,0.10631,0.10719,0.10615,0.10702,50198838.0
1778230800000,0.10702,0.10774,0.1068,0.10714,56333784.0
1778234400000,0.10714,0.10763,0.10677,0.1074,35350968.0
1778238000000,0.10741,0.10765,0.10726,0.10739,38632991.0
1778241600000,0.1074,0.10766,0.10658,0.10669,40775461.0
1778245200000,0.10669,0.10693,0.10629,0.10675,31972472.0
1778248800000,0.10676,0.1079,0.10671,0.10778,48279141.0
1778252400000,0.10777,0.1082,0.10688,0.10807,43957619.0
1778256000000,0.10807,0.10814,0.10726,0.10739,23100192.0
1778259600000,0.10739,0.10844,0.10736,0.10804,30854655.0
1778263200000,0.10805,0.10902,0.10805,0.1085,46321225.0
1778266800000,0.1085,0.10909,0.10826,0.10896,36112936.0
1778270400000,0.10897,0.10948,0.10847,0.10867,29812138.0
1778274000000,0.10867,0.10933,0.10857,0.10932,20775353.0
1778277600000,0.10932,0.10968,0.10917,0.10959,20175897.0
1778281200000,0.10958,0.1096,0.10915,0.10952,17195467.0
1778284800000,0.10953,0.10988,0.10937,0.10951,21061143.0
1778288400000,0.10951,0.11088,0.10946,0.11049,40227074.0
1778292000000,0.11048,0.11118,0.11043,0.11051,34777943.0
1778295600000,0.11051,0.11097,0.11018,0.11036,16881300.0
1778299200000,0.11036,0.11131,0.11036,0.11064,43248081.0
1778302800000,0.11064,0.11079,0.10995,0.11067,32440224.0
1778306400000,0.11067,0.11139,0.11034,0.11068,63566094.0
1778310000000,0.11069,0.1107,0.10992,0.11021,32740490.0
1778313600000,0.11021,0.11067,0.11019,0.11036,11950499.0
1778317200000,0.11035,0.11037,0.10965,0.10995,18422921.0
1778320800000,0.10994,0.10994,0.10944,0.10969,18801472.0
1778324400000,0.10968,0.10989,0.10955,0.10958,11611038.0
1778328000000,0.10958,0.10975,0.10918,0.10943,12957490.0
1778331600000,0.10942,0.10945,0.10872,0.10921,20554477.0
1778335200000,0.10921,0.10924,0.10831,0.10847,21889927.0
1778338800000,0.10848,0.10883,0.10809,0.10863,21686993.0
1778342400000,0.10863,0.10919,0.10848,0.10891,21590146.0
1778346000000,0.10891,0.10965,0.10891,0.10944,18706905.0
1778349600000,0.10944,0.10998,0.10944,0.10963,7527702.0
1778353200000,0.10963,0.10976,0.1095,0.10971,5089690.0
1778356800000,0.10972,0.10973,0.10927,0.10938,6635824.0
1778360400000,0.10938,0.10955,0.10911,0.10934,9171794.0
1778364000000,0.10934,0.10941,0.10902,0.10907,7322318.0
1778367600000,0.10907,0.10923,0.10858,0.10874,9578684.0
1778371200000,0.10874,0.10895,0.10831,0.10845,11821723.0
1778374800000,0.10845,0.10845,0.10782,0.10812,18716113.0
1778378400000,0.10811,0.109,0.10793,0.10859,18726112.0
1778382000000,0.10859,0.10885,0.10845,0.10848,10125311.0
1778385600000,0.10849,0.10871,0.10833,0.10849,6974340.0
1778389200000,0.10848,0.10867,0.10834,0.1084,6521450.0
1778392800000,0.1084,0.1085,0.10818,0.10843,6666091.0
1778396400000,0.10843,0.10875,0.10831,0.10854,5816239.0
1778400000000,0.10853,0.10896,0.10849,0.10874,10270065.0
1778403600000,0.10874,0.10927,0.1085,0.10855,28556764.0
1778407200000,0.10856,0.10878,0.10782,0.10874,40425875.0
1778410800000,0.10874,0.10886,0.10795,0.10821,22938817.0
1778414400000,0.1082,0.10832,0.10792,0.10811,13657504.0
1778418000000,0.10811,0.10847,0.108,0.10828,27228610.0
1778421600000,0.10828,0.10848,0.10789,0.10832,19594535.0
1778425200000,0.10833,0.10914,0.10827,0.10913,26290704.0
1778428800000,0.10914,0.10975,0.10885,0.10965,46964272.0
1778432400000,0.10966,0.11114,0.10945,0.11092,68666365.0
1778436000000,0.11092,0.11168,0.11067,0.11103,39734612.0
1778439600000,0.11102,0.11152,0.11031,0.11109,24307128.0
1778443200000,0.1111,0.11156,0.10643,0.10796,123333481.0
1778446800000,0.10796,0.10895,0.10765,0.10829,56339173.0
1778450400000,0.10828,0.11219,0.10809,0.11189,155595259.0
1778454000000,0.11188,0.11286,0.1114,0.11246,195344728.0
1778457600000,0.11246,0.11276,0.10979,0.11047,134783730.0
1778461200000,0.11047,0.1118,0.11001,0.11065,61519937.0
1778464800000,0.11064,0.11092,0.10946,0.10981,45103349.0
1778468400000,0.10981,0.10985,0.10839,0.10911,60976932.0
1778472000000,0.1091,0.11001,0.1088,0.10952,65393498.0
1778475600000,0.10951,0.11002,0.10936,0.10983,23725336.0
1778479200000,0.10984,0.11015,0.10924,0.10954,27556976.0
1778482800000,0.10955,0.10955,0.10856,0.10928,55021704.0
1778486400000,0.10929,0.10976,0.10875,0.10947,39357155.0
1778490000000,0.10947,0.11002,0.10945,0.10976,19767799.0
1778493600000,0.10975,0.11042,0.10967,0.11,33845621.0
1778497200000,0.10999,0.11041,0.10956,0.11032,16162070.0
1778500800000,0.11032,0.11051,0.10944,0.10957,22057489.0
1778504400000,0.10957,0.11009,0.10907,0.10993,38450370.0
1778508000000,0.10993,0.11076,0.10892,0.1097,47177523.0
1778511600000,0.10971,0.111,0.1094,0.11092,52036509.0
1778515200000,0.11092,0.1116,0.11067,0.1112,45327457.0
1778518800000,0.1112,0.1118,0.11072,0.11139,56020801.0
1778522400000,0.11139,0.1115,0.11056,0.11057,52803507.0
1778526000000,0.11058,0.11184,0.11039,0.11159,30897436.0
1778529600000,0.1116,0.1118,0.11125,0.11145,24965390.0
1778533200000,0.11144,0.11165,0.11104,0.11113,25679176.0
1778536800000,0.11113,0.11167,0.111,0.11145,30376860.0
1778540400000,0.11144,0.11148,0.11097,0.11132,23268762.0
1778544000000,0.11131,0.1116,0.11108,0.11132,22190185.0
1778547600000,0.11131,0.11153,0.10973,0.11083,58594525.0
1778551200000,0.11084,0.1115,0.11051,0.11079,32884262.0
1778554800000,0.11078,0.11094,0.10998,0.11011,17729502.0
1778558400000,0.1101,0.11044,0.10978,0.10988,28653931.0
1778562000000,0.10988,0.11055,0.10984,0.11039,30511328.0
1778565600000,0.11039,0.1113,0.11026,0.11056,41940970.0
1778569200000,0.11056,0.11057,0.10976,0.1099,42274650.0
1778572800000,0.10991,0.11033,0.10921,0.10982,36230536.0
1778576400000,0.10982,0.10986,0.10924,0.10979,23995372.0
1778580000000,0.10978,0.1098,0.1089,0.10917,23269453.0
1778583600000,0.10917,0.10952,0.10857,0.10944,33307280.0
1778587200000,0.10944,0.10965,0.10876,0.1092,28904843.0
1778590800000,0.10921,0.10941,0.1082,0.10847,59334428.0
1778594400000,0.10847,0.10925,0.10793,0.10883,42106112.0
1778598000000,0.10883,0.10913,0.1082,0.10868,42961767.0
1778601600000,0.10868,0.10908,0.10752,0.10793,43972929.0
1778605200000,0.10793,0.10931,0.10791,0.10907,32010956.0
1778608800000,0.10906,0.10954,0.10892,0.1093,18163028.0
1778612400000,0.10931,0.11028,0.1092,0.10987,30618578.0
1778616000000,0.10987,0.11032,0.10982,0.1102,19925848.0
1778619600000,0.11019,0.11073,0.10991,0.11002,43591891.0
1778623200000,0.11002,0.11043,0.11,0.11028,24260093.0
1778626800000,0.11029,0.11049,0.10988,0.11015,24888696.0
1778630400000,0.11016,0.11076,0.10994,0.11068,23109765.0
1778634000000,0.11069,0.11178,0.11066,0.11114,91470770.0
1778637600000,0.11114,0.11152,0.11084,0.11112,40035766.0
1778641200000,0.11111,0.11175,0.11107,0.11173,33425616.0
1778644800000,0.11174,0.11284,0.11129,0.11219,85738593.0
1778648400000,0.1122,0.11274,0.1116,0.11207,55016852.0
1778652000000,0.11208,0.11248,0.1118,0.11184,43750723.0
1778655600000,0.11184,0.11243,0.1114,0.11234,37284617.0
1778659200000,0.11235,0.1125,0.11199,0.11235,30840950.0
1778662800000,0.11234,0.11462,0.11233,0.11427,205952625.0
1778666400000,0.11428,0.11452,0.11355,0.11379,84671815.0
1778670000000,0.11379,0.11408,0.11239,0.1127,67996246.0
1778673600000,0.11269,0.11314,0.1109,0.11182,102938361.0
1778677200000,0.11182,0.11238,0.1105,0.11055,71463385.0
1778680800000,0.11054,0.1119,0.10994,0.11185,64867495.0
1778684400000,0.11185,0.11223,0.10965,0.10995,83413909.0
1778688000000,0.10995,0.11213,0.10989,0.112,70847141.0
1778691600000,0.112,0.11335,0.11198,0.11315,69636597.0
1778695200000,0.11316,0.11472,0.11316,0.11339,77522425.0
1778698800000,0.11338,0.11353,0.11238,0.11297,42031200.0
1778702400000,0.11296,0.11353,0.11276,0.11343,17067673.0
1778706000000,0.11343,0.11351,0.11233,0.11291,27282858.0
1778709600000,0.11292,0.11373,0.11238,0.1136,20030697.0
1778713200000,0.11361,0.11402,0.11267,0.11269,42904533.0
1778716800000,0.11269,0.11546,0.11238,0.11439,151317742.0
1778720400000,0.11438,0.11495,0.1138,0.11454,92017610.0
1778724000000,0.11454,0.11493,0.11325,0.11346,46291105.0
1778727600000,0.11346,0.11382,0.11215,0.1124,75034142.0
1778731200000,0.11241,0.11317,0.11197,0.11304,35775472.0
1778734800000,0.11304,0.11527,0.11294,0.11511,62883531.0
1778738400000,0.11511,0.11543,0.11377,0.11457,62900769.0
1778742000000,0.11457,0.11508,0.11381,0.11392,64896869.0
1778745600000,0.11391,0.11404,0.11311,0.11337,49300151.0
1778749200000,0.11337,0.11361,0.11276,0.11332,38235910.0
1778752800000,0.11331,0.11379,0.113,0.1137,36243692.0
1778756400000,0.11369,0.11381,0.11309,0.11316,26769720.0
1778760000000,0.11315,0.11576,0.11304,0.11528,86485322.0
1778763600000,0.11529,0.11668,0.11414,0.11436,124334360.0
1778767200000,0.11435,0.1155,0.11402,0.115,255682283.0
1778770800000,0.11499,0.11531,0.11362,0.11397,412550466.0
1778774400000,0.11397,0.11617,0.1134,0.11609,261755268.0
1778778000000,0.11609,0.11636,0.11505,0.11591,79106942.0
1778781600000,0.1159,0.11861,0.11567,0.11734,153834850.0
1778785200000,0.11734,0.11783,0.11576,0.11615,50771485.0
1778788800000,0.11616,0.11632,0.11496,0.11604,51734602.0
1778792400000,0.11605,0.1168,0.11552,0.11675,33519924.0
1778796000000,0.11676,0.11687,0.11632,0.11644,34584121.0
1778799600000,0.11643,0.11643,0.11509,0.11546,46554088.0
1778803200000,0.11545,0.11703,0.11545,0.11673,58566081.0
1778806800000,0.11673,0.11749,0.116,0.11607,54619801.0
1778810400000,0.11607,0.11675,0.11519,0.11647,47194600.0
1778814000000,0.11646,0.11675,0.1156,0.11616,30622421.0
1778817600000,0.11616,0.11616,0.11427,0.11434,51104643.0
1778821200000,0.11435,0.11468,0.11262,0.11347,111923387.0
1778824800000,0.11347,0.11478,0.11332,0.11461,54283396.0
1778828400000,0.11462,0.11542,0.11416,0.11488,94299990.0
1778832000000,0.11489,0.11547,0.11383,0.11528,74732094.0
1778835600000,0.11529,0.11567,0.11418,0.11438,69333042.0
1778839200000,0.11438,0.1155,0.1142,0.11531,29745671.0
1778842800000,0.11531,0.11534,0.11436,0.11445,22007002.0
1778846400000,0.11445,0.1145,0.11358,0.11421,92065806.0
1778850000000,0.1142,0.1142,0.11093,0.11139,127223592.0
1778853600000,0.11139,0.11266,0.11102,0.11184,139696166.0
1778857200000,0.11184,0.11206,0.11072,0.11158,58007614.0
1778860800000,0.11158,0.11304,0.11147,0.11266,53364580.0
1778864400000,0.11267,0.11307,0.1121,0.11263,31134479.0
1778868000000,0.11263,0.11342,0.11262,0.11311,30437117.0
1778871600000,0.11311,0.11338,0.11262,0.11298,25442786.0
1778875200000,0.11299,0.11335,0.11257,0.11318,19930823.0
1778878800000,0.11318,0.11347,0.11275,0.11295,19436415.0
1778882400000,0.11295,0.1138,0.1128,0.11364,21125437.0
1778886000000,0.11365,0.11382,0.11322,0.11336,17433384.0
1778889600000,0.11335,0.11348,0.11279,0.11292,24110483.0
1778893200000,0.11293,0.11296,0.1122,0.11268,24898377.0
1778896800000,0.11268,0.11291,0.11234,0.11253,13737194.0
1778900400000,0.11254,0.11285,0.11238,0.11262,16717612.0
1778904000000,0.11261,0.11266,0.11097,0.11173,60729301.0
1778907600000,0.11172,0.11213,0.11133,0.11166,33302556.0
1778911200000,0.11166,0.11176,0.11025,0.11062,37465698.0
1778914800000,0.11062,0.11063,0.10909,0.11013,79106391.0
1778918400000,0.11012,0.11047,0.11,0.11006,22171567.0
1778922000000,0.11007,0.11027,0.1088,0.10927,52318115.0
1778925600000,0.10926,0.10941,0.10818,0.10877,66904486.0
1778929200000,0.10877,0.10945,0.10877,0.10899,29046530.0
1778932800000,0.10899,0.10913,0.10848,0.10867,26121900.0
1778936400000,0.10866,0.10874,0.10775,0.1086,64263448.0
1778940000000,0.10861,0.10974,0.10831,0.10897,36495915.0
1778943600000,0.10897,0.10996,0.10887,0.1097,38984353.0
1778947200000,0.10969,0.11011,0.10946,0.10979,35613447.0
1778950800000,0.1098,0.11006,0.10951,0.10955,26701780.0
1778954400000,0.10955,0.10969,0.10927,0.10943,14741598.0
1778958000000,0.10944,0.10977,0.10936,0.10963,9566399.0
1778961600000,0.10963,0.10989,0.10942,0.10961,6907148.0
1778965200000,0.1096,0.11022,0.10948,0.1098,21217815.0
1778968800000,0.1098,0.10983,0.10944,0.10947,8424698.0
1778972400000,0.10946,0.10954,0.10922,0.10937,9501146.0
1778976000000,0.10937,0.10967,0.10888,0.10915,18353200.0
1778979600000,0.10916,0.10923,0.1081,0.10811,33303338.0
1778983200000,0.10811,0.10882,0.10809,0.10866,20358456.0
1778986800000,0.10865,0.10951,0.10865,0.10921,14104274.0
1778990400000,0.10921,0.10991,0.10914,0.10972,13589566.0
1778994000000,0.10971,0.11043,0.10967,0.11,19510354.0
1778997600000,0.11,0.1102,0.10948,0.1097,11207027.0
1779001200000,0.10969,0.11032,0.10958,0.1102,10415985.0
1779004800000,0.11019,0.11042,0.1098,0.11028,16316272.0
1779008400000,0.11027,0.11116,0.11015,0.11109,25995964.0
1779012000000,0.11108,0.11196,0.11105,0.11174,35972592.0
1779015600000,0.11174,0.11179,0.1112,0.11151,13526530.0
1779019200000,0.11151,0.11281,0.11149,0.11206,49047235.0
1779022800000,0.11206,0.11207,0.111,0.11164,28623347.0
1779026400000,0.11163,0.11171,0.11052,0.11078,38694731.0
1779030000000,0.11078,0.11111,0.11017,0.11044,27801423.0
1779033600000,0.11043,0.11069,0.10981,0.11004,26561077.0
1779037200000,0.11005,0.11024,0.10955,0.10996,20511163.0
1779040800000,0.10995,0.11044,0.10963,0.11038,9011210.0
1779044400000,0.11038,0.111,0.11037,0.11074,12200104.0
1779048000000,0.11073,0.1109,0.11046,0.11056,12084055.0
1779051600000,0.11055,0.1113,0.11039,0.11123,14096842.0
1779055200000,0.11123,0.11129,0.10933,0.10952,22261831.0
1779058800000,0.10953,0.1096,0.10562,0.10899,180163760.0
1779062400000,0.10899,0.1091,0.10653,0.10695,190677793.0
1779066000000,0.10694,0.10709,0.10586,0.1067,62926783.0
1779069600000,0.10671,0.10718,0.10637,0.10664,24123901.0
1779073200000,0.10664,0.10716,0.1062,0.10658,19979495.0
1779076800000,0.10659,0.10696,0.106,0.10687,17101206.0
1779080400000,0.10687,0.10706,0.10595,0.10611,29719250.0
1779084000000,0.10611,0.10625,0.10365,0.1047,145879844.0
1779087600000,0.10471,0.105,0.10368,0.1043,62479962.0
1779091200000,0.10431,0.10471,0.10402,0.1044,18170540.0
1779094800000,0.10441,0.10448,0.10398,0.10405,11405093.0
1779098400000,0.10406,0.10449,0.10377,0.10405,22765078.0
1779102000000,0.10405,0.10591,0.10381,0.10507,54960974.0
1779105600000,0.10507,0.10649,0.10507,0.10638,103444386.0
1779109200000,0.10638,0.10649,0.10425,0.1051,91834774.0
1779112800000,0.1051,0.1051,0.10385,0.10424,67196973.0
1779116400000,0.10424,0.10444,0.10305,0.10391,73884658.0
1779120000000,0.10392,0.10438,0.10326,0.10365,29530553.0
1779123600000,0.10365,0.10428,0.10349,0.10401,12701803.0
1779127200000,0.104,0.10405,0.10252,0.10266,51288799.0
1779130800000,0.10266,0.10496,0.10262,0.10477,45622548.0
1779134400000,0.10478,0.10524,0.10403,0.10418,24757669.0
1779138000000,0.10418,0.10515,0.10391,0.10507,21526129.0
1779141600000,0.10508,0.10558,0.10466,0.105,27701848.0
1779145200000,0.10499,0.10521,0.10462,0.10477,9974221.0
1779148800000,0.10477,0.10554,0.10463,0.10521,17591082.0
1779152400000,0.10521,0.10521,0.10419,0.10426,15669771.0
1779156000000,0.10426,0.10477,0.10388,0.10415,12597651.0
1779159600000,0.10414,0.10469,0.10402,0.10434,8939920.0
1779163200000,0.10433,0.10536,0.10417,0.1053,15000004.0
1779166800000,0.10531,0.10538,0.10419,0.10454,35609904.0
1779170400000,0.10453,0.1047,0.10413,0.10448,16361829.0
1779174000000,0.10448,0.10521,0.10421,0.10519,34867613.0
1779177600000,0.1052,0.10525,0.10447,0.10447,27519730.0
1779181200000,0.10448,0.10471,0.10375,0.10418,20152440.0
1779184800000,0.10417,0.10447,0.1036,0.10421,15940946.0
1779188400000,0.10422,0.10438,0.10368,0.10372,15043248.0
1779192000000,0.10373,0.1043,0.10351,0.10415,16970168.0
1779195600000,0.10416,0.10463,0.10356,0.10432,23055120.0
1779199200000,0.10432,0.10451,0.10288,0.10339,54159014.0
1779202800000,0.1034,0.10393,0.10325,0.1036,13308776.0
1779206400000,0.1036,0.1042,0.10339,0.1041,12769004.0
1779210000000,0.1041,0.10423,0.10347,0.10369,10291603.0
1779213600000,0.1037,0.1038,0.10333,0.10345,9278130.0
1779217200000,0.10346,0.1039,0.10315,0.10327,7134592.0
1779220800000,0.10327,0.1037,0.10327,0.10363,4669521.0
1779224400000,0.10363,0.1038,0.10347,0.1035,3848576.0
1779228000000,0.1035,0.1035,0.10266,0.10276,23427558.0
1779231600000,0.10276,0.10333,0.10266,0.103,9709385.0
1779235200000,0.10299,0.10311,0.1019,0.10278,77308112.0
1779238800000,0.10278,0.10304,0.10227,0.10277,19761959.0
1779242400000,0.10277,0.10306,0.10245,0.10257,9591547.0
1779246000000,0.10257,0.1031,0.10239,0.10288,9929743.0
1779249600000,0.10288,0.10294,0.10217,0.10246,15010643.0
1779253200000,0.10246,0.10374,0.10246,0.10354,30458930.0
1779256800000,0.10353,0.10412,0.10348,0.10405,13526710.0
1779260400000,0.10405,0.10408,0.10348,0.10361,12364926.0
1779264000000,0.10362,0.10408,0.10346,0.10381,14242128.0
1779267600000,0.1038,0.10394,0.10352,0.10365,11079138.0
1779271200000,0.10366,0.10414,0.10366,0.10391,12018081.0
1779274800000,0.10391,0.10401,0.1035,0.10371,9750277.0
1779278400000,0.1037,0.1045,0.10351,0.10418,18894749.0
1779282000000,0.10417,0.1043,0.10304,0.10365,25370598.0
1779285600000,0.10366,0.10459,0.10323,0.10434,31384316.0
1779289200000,0.10434,0.10497,0.10387,0.10419,35140078.0
1779292800000,0.10418,0.10459,0.10363,0.1044,32758361.0
1779296400000,0.10439,0.10485,0.10415,0.10449,22992808.0
1779300000000,0.10448,0.10463,0.104,0.10408,9510381.0
1779303600000,0.10408,0.10447,0.10402,0.10424,6487391.0
1779307200000,0.10424,0.1044,0.10372,0.10416,9968370.0
1779310800000,0.10415,0.10425,0.10376,0.10379,5161718.0
1779314400000,0.10378,0.10378,0.10298,0.10359,17066472.0
1779318000000,0.10358,0.10375,0.10326,0.10371,6075265.0
1779321600000,0.10372,0.10465,0.10367,0.10456,17877340.0
1779325200000,0.10457,0.10496,0.10443,0.10466,12309651.0
1779328800000,0.10465,0.10529,0.10458,0.10511,15150181.0
1779332400000,0.1051,0.10585,0.10494,0.10565,32343146.0
1779336000000,0.10564,0.10614,0.1051,0.1056,31474955.0
1779339600000,0.10561,0.10593,0.10533,0.10591,22435194.0
1779343200000,0.10591,0.10609,0.10481,0.10508,48132263.0
1779346800000,0.10509,0.10578,0.10488,0.10563,10579115.0
1779350400000,0.10564,0.10641,0.10558,0.10585,44917029.0
1779354000000,0.10584,0.10589,0.10506,0.10524,22288650.0
1779357600000,0.10524,0.10535,0.10383,0.10408,39448924.0
1779361200000,0.10409,0.10464,0.10391,0.1043,16127077.0
1779364800000,0.10431,0.1048,0.10407,0.10458,15480827.0
1779368400000,0.10458,0.1049,0.10385,0.10477,32955645.0
1779372000000,0.10476,0.10491,0.10386,0.10422,36692682.0
1779375600000,0.10421,0.10496,0.10395,0.10469,23589733.0
1779379200000,0.1047,0.10491,0.10422,0.1045,18062889.0
1779382800000,0.1045,0.10652,0.10436,0.10618,69476995.0
1779386400000,0.10618,0.10634,0.10497,0.10547,29250113.0
1779390000000,0.10548,0.10599,0.1054,0.10578,20155131.0
1779393600000,0.10578,0.10608,0.10559,0.10566,12212342.0
1779397200000,0.10566,0.10578,0.10546,0.1055,13743635.0
1779400800000,0.10551,0.10562,0.10522,0.10543,12696755.0
1779404400000,0.10542,0.10575,0.10519,0.10568,8496875.0
1779408000000,0.10567,0.1057,0.10512,0.10515,9485276.0
1779411600000,0.10514,0.10604,0.10504,0.10601,18559139.0
1779415200000,0.10601,0.10629,0.10577,0.10599,15065190.0
1779418800000,0.106,0.10624,0.1057,0.10591,17268315.0
1779422400000,0.10591,0.10619,0.10567,0.10574,6073579.0
1779426000000,0.10574,0.10615,0.10553,0.10563,7911862.0
1779429600000,0.10564,0.10573,0.1052,0.10528,11144295.0
1779433200000,0.10527,0.10585,0.10492,0.10559,18292186.0
1779436800000,0.1056,0.106,0.10544,0.10581,14766354.0
1779440400000,0.1058,0.10604,0.10552,0.10575,8097664.0
1779444000000,0.10575,0.1059,0.10553,0.10582,6756371.0
1779447600000,0.10583,0.10648,0.1056,0.10643,22766277.0
1779451200000,0.10644,0.1068,0.10617,0.1066,32857027.0
1779454800000,0.10661,0.10682,0.10603,0.10652,25342453.0
1779458400000,0.10652,0.10652,0.10526,0.10546,23632401.0
1779462000000,0.10546,0.10638,0.10522,0.10608,24055567.0
1779465600000,0.10608,0.10639,0.1057,0.10604,13290242.0
1779469200000,0.10605,0.10626,0.10544,0.10546,18810050.0
1779472800000,0.10546,0.10555,0.10325,0.10427,70906761.0
1779476400000,0.10427,0.10451,0.10271,0.10346,71082782.0
1779480000000,0.10347,0.10414,0.10343,0.10399,22243847.0
1779483600000,0.10398,0.10439,0.10392,0.10433,8805178.0
1779487200000,0.10432,0.10435,0.10318,0.10347,29883415.0
1779490800000,0.10347,0.10381,0.10152,0.10234,50835074.0
1779494400000,0.10234,0.10238,0.1007,0.10133,126827622.0
1779498000000,0.10133,0.10187,0.10133,0.10179,19699798.0
1779501600000,0.10178,0.10187,0.10152,0.10176,17704438.0
1779505200000,0.10175,0.10192,0.10164,0.1017,8680362.0
1779508800000,0.10169,0.10177,0.10136,0.10152,11311482.0
1779512400000,0.10152,0.1017,0.10116,0.10124,29505203.0
1779516000000,0.10123,0.10133,0.10038,0.10087,46088910.0
1779519600000,0.10087,0.10101,0.09736,0.09893,157759847.0
1779523200000,0.09892,0.09984,0.09879,0.09972,62569022.0
1779526800000,0.09972,0.09989,0.09938,0.0994,26896754.0
1779530400000,0.09941,0.09972,0.09937,0.09952,13431114.0
1779534000000,0.09952,0.09971,0.09926,0.09927,8222605.0
1779537600000,0.09926,0.09929,0.09893,0.09918,17749859.0
1779541200000,0.09917,0.10067,0.09917,0.10057,28804408.0
1779544800000,0.10056,0.10119,0.1002,0.10104,39723584.0
1779548400000,0.10104,0.10202,0.10087,0.10109,64360587.0
1779552000000,0.10109,0.10151,0.1008,0.10116,23549635.0
1779555600000,0.10116,0.10141,0.101,0.10134,7732282.0
1779559200000,0.10134,0.10276,0.10128,0.10234,28542578.0
1779562800000,0.10234,0.1027,0.10214,0.10257,11381934.0
1779566400000,0.10257,0.10486,0.10229,0.10484,65336165.0
1779570000000,0.10484,0.1051,0.10319,0.10362,54196168.0
1779573600000,0.10362,0.10396,0.10243,0.10296,36135077.0
1779577200000,0.10296,0.10331,0.10286,0.10307,18196669.0
1779580800000,0.10308,0.10338,0.10274,0.10316,17920996.0
1779584400000,0.10315,0.10338,0.10308,0.10327,7825498.0
1779588000000,0.10328,0.1034,0.10282,0.10315,8968767.0
1779591600000,0.10315,0.10332,0.10278,0.10299,9578166.0
1779595200000,0.103,0.1033,0.10293,0.10311,9228200.0
1779598800000,0.10312,0.10312,0.10245,0.1029,10800908.0
1779602400000,0.10289,0.10322,0.10272,0.10314,7462843.0
1779606000000,0.10314,0.10324,0.10284,0.10291,10065933.0
1779609600000,0.10291,0.10297,0.10266,0.10286,7094668.0
1779613200000,0.10286,0.1033,0.10276,0.10329,15587313.0
1779616800000,0.10329,0.10394,0.10291,0.10306,27839522.0
1779620400000,0.10306,0.10364,0.10296,0.1033,32892938.0
1779624000000,0.10331,0.10334,0.10278,0.10296,13300099.0
1779627600000,0.10296,0.1033,0.10263,0.1029,16733268.0
1779631200000,0.1029,0.10295,0.10117,0.10215,54215658.0
1779634800000,0.10215,0.10223,0.10186,0.10195,7899019.0
1779638400000,0.10195,0.10245,0.1019,0.10228,8515227.0
1779642000000,0.10228,0.10253,0.10211,0.10237,6796400.0
1779645600000,0.10237,0.10247,0.1019,0.102,8110916.0
1779649200000,0.102,0.1022,0.10184,0.10211,3636496.0
1779652800000,0.10212,0.10218,0.10169,0.1018,9566801.0
1779656400000,0.1018,0.10205,0.10055,0.10067,29164440.0
1779660000000,0.10067,0.10212,0.10067,0.10169,18954189.0
1779663600000,0.1017,0.10252,0.1017,0.10227,15697766.0
1779667200000,0.10228,0.10285,0.10228,0.10257,11066396.0
1779670800000,0.10258,0.10267,0.10173,0.1018,9077258.0
1779674400000,0.10181,0.10269,0.10181,0.10218,13433293.0
1779678000000,0.10219,0.10232,0.10175,0.10201,10796758.0
1779681600000,0.10202,0.10275,0.10179,0.10258,17219986.0
1779685200000,0.10258,0.10309,0.10251,0.10298,22343995.0
1779688800000,0.10297,0.10317,0.10244,0.10295,10144225.0
1779692400000,0.10296,0.10332,0.10248,0.10282,19942356.0
1779696000000,0.10282,0.10286,0.10259,0.10276,5782426.0
1779699600000,0.10276,0.10293,0.10237,0.1027,24065445.0
1779703200000,0.1027,0.10304,0.10265,0.10294,13599693.0
1779706800000,0.10294,0.10308,0.10266,0.10287,16157043.0
1779710400000,0.10287,0.10312,0.10268,0.10282,8462147.0
1779714000000,0.10282,0.10293,0.1027,0.10292,7120691.0
1779717600000,0.10292,0.10331,0.1029,0.10325,20544121.0
1779721200000,0.10324,0.10364,0.10284,0.10299,24617381.0
1779724800000,0.10299,0.1038,0.10282,0.10347,19639176.0
1779728400000,0.10348,0.10361,0.10316,0.10327,9621897.0
1779732000000,0.10326,0.10353,0.10303,0.10309,4336659.0
1779735600000,0.10309,0.10312,0.10267,0.10276,15368011.0
1779739200000,0.10275,0.10291,0.10234,0.10238,12084381.0
1779742800000,0.10238,0.10264,0.10218,0.10233,6910348.0
1779746400000,0.10233,0.10246,0.10169,0.10175,17815189.0
1779750000000,0.10174,0.1023,0.10165,0.10214,10845332.0
1779753600000,0.10214,0.10221,0.10072,0.10131,23456572.0
1779757200000,0.10131,0.10136,0.10043,0.10067,21394041.0
1779760800000,0.10067,0.10098,0.1005,0.10093,13824492.0
1779764400000,0.10092,0.10112,0.10053,0.1011,7336605.0
1779768000000,0.10111,0.10149,0.10099,0.10137,12360696.0
1779771600000,0.10136,0.10213,0.10125,0.10179,10499882.0
1779775200000,0.10178,0.10179,0.10133,0.10159,11002112.0
1779778800000,0.1016,0.10164,0.10091,0.10116,13965594.0
1779782400000,0.10116,0.10139,0.101,0.10126,6028883.0
1779786000000,0.10127,0.10148,0.10106,0.10116,9194170.0
1779789600000,0.10117,0.10257,0.10101,0.10234,25891204.0
1779793200000,0.10234,0.1026,0.10215,0.10241,17988857.0
1779796800000,0.10242,0.1028,0.1022,0.10273,26023203.0
1779800400000,0.10272,0.103,0.10186,0.10278,35459657.0
1779804000000,0.10279,0.10386,0.10234,0.10288,52371473.0
1779807600000,0.10288,0.10304,0.1014,0.10206,70119473.0
1779811200000,0.10206,0.10214,0.10117,0.10149,38986763.0
1779814800000,0.10149,0.10173,0.10028,0.10105,49667603.0
1779818400000,0.10105,0.1015,0.10071,0.10086,16957723.0
1779822000000,0.10087,0.10135,0.1005,0.10114,12488275.0
1779825600000,0.10115,0.10142,0.10103,0.10123,7987911.0
1779829200000,0.10123,0.10128,0.10061,0.10078,8444121.0
1779832800000,0.10079,0.10124,0.10067,0.10096,9567805.0
1779836400000,0.10096,0.10131,0.10096,0.10105,6069527.0
1779840000000,0.10104,0.10188,0.10104,0.10184,13423799.0
1779843600000,0.10185,0.10189,0.10138,0.10155,7442858.0
1779847200000,0.10156,0.10161,0.10109,0.10159,12607860.0
1779850800000,0.10159,0.10174,0.10103,0.10122,8860400.0
1779854400000,0.10123,0.10167,0.10028,0.10157,36420753.0
1779858000000,0.10158,0.10176,0.10135,0.10169,12571299.0
1779861600000,0.1017,0.1023,0.10143,0.10222,21265609.0
1779865200000,0.10222,0.10235,0.10192,0.10217,18672345.0
1779868800000,0.10216,0.10257,0.102,0.10214,23806098.0
1779872400000,0.10215,0.10227,0.10164,0.10194,18352431.0
1779876000000,0.10195,0.10221,0.10161,0.10172,16250585.0
1779879600000,0.10172,0.102,0.10164,0.10171,13310451.0
1779883200000,0.10171,0.10242,0.10118,0.10205,29902351.0
1779886800000,0.10204,0.10225,0.1007,0.10137,46354524.0
1779890400000,0.10137,0.10193,0.10085,0.10157,28223726.0
1779894000000,0.10157,0.10339,0.10153,0.10259,55757102.0
1779897600000,0.10259,0.10287,0.10155,0.10201,27345411.0
1779901200000,0.10202,0.10205,0.10101,0.10126,19075947.0
1779904800000,0.10125,0.10186,0.10096,0.10182,11278482.0
1779908400000,0.10181,0.10229,0.10177,0.10218,10466723.0
1779912000000,0.10219,0.10243,0.10188,0.10213,11475843.0
1779915600000,0.10213,0.10213,0.0993,0.10042,56623815.0
1779919200000,0.10042,0.10101,0.10015,0.10044,31722408.0
1779922800000,0.10044,0.10075,0.1,0.10049,23278394.0
1779926400000,0.10049,0.10084,0.10034,0.10054,9861547.0
1779930000000,0.10055,0.10064,0.09985,0.10051,25117873.0
1779933600000,0.10052,0.10066,0.10011,0.10021,10539705.0
1779937200000,0.10021,0.10024,0.09801,0.09823,95430179.0
1779940800000,0.09824,0.09839,0.09711,0.09824,71014109.0
1779944400000,0.09825,0.09833,0.09719,0.09753,36149299.0
1779948000000,0.09753,0.09816,0.09742,0.098,14212355.0
1779951600000,0.09799,0.09892,0.09781,0.09873,47201497.0
1779955200000,0.09874,0.09877,0.09813,0.09829,13282838.0
1779958800000,0.0983,0.09879,0.09829,0.09871,9971098.0
1779962400000,0.0987,0.09887,0.09811,0.09811,14293994.0
1779966000000,0.09812,0.09824,0.0978,0.09808,14661369.0
1779969600000,0.09807,0.09815,0.09741,0.09809,46147244.0
1779973200000,0.09808,0.09838,0.09735,0.09773,34325442.0
1779976800000,0.09774,0.09873,0.09646,0.0983,97469762.0
1779980400000,0.09831,0.0987,0.09757,0.09845,21477921.0
1779984000000,0.09846,0.09947,0.09795,0.09946,22058964.0
1779987600000,0.09946,0.1004,0.0992,0.09995,34152760.0
1779991200000,0.09994,0.10051,0.09991,0.10023,28156921.0
1779994800000,0.10023,0.10024,0.09949,0.09952,15249738.0
1779998400000,0.09953,0.10008,0.09913,0.09976,21847963.0
1780002000000,0.09976,0.10053,0.0997,0.1,21990757.0
1780005600000,0.10001,0.10023,0.09928,0.09949,14611684.0
1780009200000,0.09948,0.09985,0.09941,0.09957,8694671.0
1780012800000,0.09956,0.1001,0.09956,0.09991,8500907.0
1780016400000,0.09991,0.1001,0.0993,0.09954,24008601.0
1780020000000,0.09955,0.09971,0.09886,0.09896,19623928.0
1780023600000,0.09897,0.09957,0.09897,0.09907,17254015.0
1780027200000,0.09908,0.09926,0.09863,0.09924,13284955.0
1780030800000,0.09925,0.09964,0.09919,0.09959,6937905.0
1780034400000,0.09958,0.09988,0.09931,0.0996,9602242.0
1780038000000,0.0996,0.09976,0.09908,0.09964,10991520.0
1780041600000,0.09963,0.09992,0.09945,0.0995,9275922.0
1780045200000,0.0995,0.09987,0.09941,0.09974,8302574.0
1780048800000,0.09974,0.09976,0.09941,0.09972,7190253.0
1780052400000,0.09971,0.09973,0.0987,0.09911,20752217.0
1780056000000,0.09911,0.09915,0.09844,0.09865,17311562.0
1780059600000,0.09864,0.09878,0.09802,0.09841,24242005.0
1780063200000,0.09841,0.09914,0.09744,0.09891,53241591.0
1780066800000,0.09892,0.1012,0.09879,0.10039,80798584.0
1780070400000,0.1004,0.10094,0.09989,0.10058,34380269.0
1780074000000,0.10058,0.10088,0.10021,0.10037,19830150.0
1780077600000,0.10037,0.10059,0.09932,0.09967,28205867.0
1780081200000,0.09968,0.10022,0.0992,0.10008,15801606.0
1780084800000,0.10009,0.10033,0.09991,0.10012,8053326.0
1780088400000,0.10011,0.10053,0.09958,0.0996,18699566.0
1780092000000,0.0996,0.09997,0.09941,0.09982,9877966.0
1780095600000,0.09982,0.10002,0.09947,0.0997,9334670.0
1780099200000,0.09971,0.10021,0.09949,0.10012,13865979.0
1780102800000,0.10012,0.10096,0.10001,0.10095,21659537.0
1780106400000,0.10096,0.10161,0.10095,0.10157,32042508.0
1780110000000,0.10158,0.10183,0.10102,0.1011,28400307.0
1780113600000,0.10111,0.10136,0.10021,0.10079,33226297.0
1780117200000,0.10078,0.10146,0.1007,0.10145,30216644.0
1780120800000,0.10145,0.10174,0.10122,0.10138,17262701.0
1780124400000,0.10138,0.10144,0.10103,0.1013,7248188.0
1780128000000,0.10129,0.10132,0.10082,0.10084,8863110.0
1780131600000,0.10083,0.10106,0.1007,0.10093,7996202.0
1780135200000,0.10094,0.10103,0.10075,0.10082,11548031.0
1780138800000,0.10082,0.10096,0.10055,0.10085,7259060.0
1780142400000,0.10086,0.10097,0.1007,0.10095,16910155.0
1780146000000,0.10094,0.10114,0.10073,0.10097,11908176.0
1780149600000,0.10098,0.1015,0.10098,0.10119,17925562.0
1780153200000,0.1012,0.10155,0.10107,0.10133,11477195.0
1780156800000,0.10134,0.10169,0.1013,0.10154,14040926.0
1780160400000,0.10153,0.10162,0.10117,0.10158,8821876.0
1780164000000,0.10159,0.1017,0.10127,0.10152,5788346.0
1780167600000,0.10152,0.10152,0.10123,0.10141,7381882.0
1780171200000,0.10142,0.10156,0.1011,0.1013,18440193.0
1780174800000,0.1013,0.10153,0.10124,0.10129,10547374.0
1780178400000,0.1013,0.1013,0.10046,0.10069,23276573.0
1780182000000,0.10069,0.10083,0.10038,0.10061,16867436.0
1780185600000,0.10061,0.10096,0.10046,0.1009,20284138.0
1780189200000,0.10089,0.10122,0.10081,0.10086,13839647.0
1780192800000,0.10087,0.10144,0.10081,0.10117,15213746.0
1780196400000,0.10117,0.10141,0.10111,0.10133,9704137.0
1780200000000,0.10132,0.10138,0.1011,0.10128,14243429.0
1780203600000,0.10128,0.1013,0.10083,0.10093,8371768.0
1780207200000,0.10094,0.10097,0.10073,0.10091,10145585.0
1780210800000,0.10092,0.10092,0.10019,0.1006,16933499.0
1780214400000,0.10059,0.10079,0.10046,0.10063,8838658.0
1780218000000,0.10062,0.10083,0.10044,0.10057,15035073.0
1780221600000,0.10057,0.10065,0.10025,0.10065,8303445.0
1780225200000,0.10064,0.10101,0.10064,0.1008,12521358.0
1780228800000,0.10081,0.10098,0.10064,0.10088,9743754.0
1780232400000,0.10087,0.10121,0.1008,0.10088,11709570.0
1780236000000,0.10088,0.10091,0.0996,0.10003,42485140.0
1780239600000,0.10002,0.10038,0.09984,0.09985,15660172.0
1780243200000,0.09984,0.09999,0.09909,0.09936,32024811.0
1780246800000,0.09935,0.09958,0.09912,0.09946,12621884.0
1780250400000,0.09946,0.09959,0.09927,0.0995,7291986.0
1780254000000,0.09951,0.09963,0.09913,0.09955,6715203.0
1780257600000,0.09956,0.09995,0.09956,0.09989,9593646.0
1780261200000,0.09988,0.10045,0.09967,0.10033,9571885.0
1780264800000,0.10033,0.10068,0.10004,0.10046,16151100.0
1780268400000,0.10046,0.10103,0.0999,0.10041,17392770.0
1780272000000,0.10042,0.10115,0.10028,0.10093,37885357.0
1780275600000,0.10094,0.10099,0.09985,0.09986,31696039.0
1780279200000,0.09985,0.10129,0.0997,0.10105,48171578.0
1780282800000,0.10105,0.10158,0.10103,0.10112,46684585.0
1780286400000,0.10111,0.10132,0.1001,0.10069,38092941.0
1780290000000,0.10068,0.10076,0.09998,0.10032,33673038.0
1780293600000,0.10031,0.10037,0.09974,0.10019,29729637.0
1780297200000,0.10018,0.10025,0.09913,0.09922,38213879.0
1780300800000,0.09921,0.09989,0.0991,0.09985,28696021.0
1780304400000,0.09984,0.1003,0.09984,0.10007,27533004.0
1780308000000,0.10008,0.10035,0.09977,0.10021,20236719.0
1780311600000,0.10022,0.10033,0.09969,0.09994,19745025.0
1780315200000,0.09995,0.10013,0.09924,0.09995,36659704.0
1780318800000,0.09996,0.10011,0.0984,0.09916,89446554.0
1780322400000,0.09916,0.09943,0.09853,0.09871,45671025.0
1780326000000,0.09871,0.09897,0.098,0.09832,43911176.0
1780329600000,0.09833,0.09959,0.0978,0.09956,43698382.0
1780333200000,0.09956,0.10045,0.09946,0.10013,43513972.0
1780336800000,0.10013,0.10041,0.09976,0.09994,16834458.0
1780340400000,0.09995,0.10066,0.09976,0.10062,17081442.0
1780344000000,0.10062,0.10082,0.10033,0.10062,12226240.0
1780347600000,0.10063,0.10063,0.09977,0.09989,16330367.0
1780351200000,0.0999,0.10093,0.09952,0.10084,25855977.0
1780354800000,0.10084,0.10117,0.10047,0.1011,52632388.0
1780358400000,0.1011,0.10129,0.10061,0.1009,40073449.0
1780362000000,0.10089,0.10105,0.1,0.10012,41283895.0
1780365600000,0.10013,0.10085,0.09944,0.10085,45897880.0
1780369200000,0.10084,0.10102,0.10059,0.10094,26448609.0
1780372800000,0.10094,0.10106,0.10022,0.10027,28611279.0
1780376400000,0.10026,0.10035,0.09948,0.09956,41558832.0
1780380000000,0.09955,0.09972,0.0989,0.09927,42731559.0
1780383600000,0.09928,0.09956,0.09866,0.09924,32595659.0
1780387200000,0.09924,0.09949,0.09903,0.09924,21560766.0
1780390800000,0.09924,0.09927,0.0985,0.09878,27113907.0
1780394400000,0.09879,0.09938,0.09863,0.09931,20129627.0
1780398000000,0.0993,0.09933,0.09869,0.09876,17406989.0
1780401600000,0.09877,0.09897,0.09843,0.09873,23772699.0
1780405200000,0.09874,0.09899,0.09836,0.09849,27032874.0
1780408800000,0.09849,0.09854,0.09539,0.09636,181160673.0
1780412400000,0.09635,0.09648,0.09359,0.09487,206948199.0
1780416000000,0.09488,0.09638,0.09461,0.09532,89253091.0
1780419600000,0.09531,0.09612,0.09527,0.09565,30459458.0
1780423200000,0.09564,0.09593,0.09404,0.0945,48331854.0
1780426800000,0.09451,0.0947,0.0925,0.09409,85140535.0
1780430400000,0.09409,0.09452,0.09334,0.09422,28341688.0
1780434000000,0.09422,0.09495,0.09394,0.09428,24193369.0
1780437600000,0.09427,0.09427,0.09181,0.09223,100042272.0
1780441200000,0.09224,0.0929,0.09117,0.09275,90617534.0
1780444800000,0.09275,0.09356,0.09256,0.09323,35722687.0
1780448400000,0.09322,0.09338,0.09237,0.09317,30454763.0
1780452000000,0.09317,0.09319,0.09253,0.09277,15817127.0
1780455600000,0.09276,0.09289,0.09085,0.09158,74849788.0
1780459200000,0.09159,0.09288,0.09158,0.09288,39260657.0
1780462800000,0.09288,0.09424,0.09288,0.094,62958097.0
1780466400000,0.094,0.09454,0.09379,0.09392,36167334.0
1780470000000,0.09393,0.09453,0.0937,0.09418,16348519.0
1780473600000,0.09418,0.09421,0.09372,0.09396,16460871.0
1780477200000,0.09396,0.09424,0.09345,0.09382,21946025.0
1780480800000,0.09382,0.09449,0.09376,0.0943,11966484.0
1780484400000,0.09431,0.09454,0.09372,0.09398,14122460.0
1780488000000,0.09399,0.09434,0.0937,0.09411,18804451.0
1780491600000,0.09412,0.0944,0.09378,0.09422,17794299.0
1780495200000,0.09421,0.09427,0.09314,0.0937,39132613.0
1780498800000,0.09371,0.09387,0.09276,0.0928,35742079.0
1780502400000,0.09281,0.09306,0.09159,0.09244,57696674.0
1780506000000,0.09244,0.09308,0.09162,0.09261,27478659.0
1780509600000,0.09262,0.09303,0.09204,0.09291,15771170.0
1780513200000,0.0929,0.09298,0.0916,0.0918,33742830.0
1780516800000,0.09179,0.09238,0.09057,0.09114,51705431.0
1780520400000,0.09115,0.09311,0.0909,0.09297,35680681.0
1780524000000,0.09296,0.09327,0.09185,0.0921,24349941.0
1780527600000,0.09211,0.09213,0.09114,0.09139,31888910.0
1780531200000,0.09139,0.09188,0.08985,0.0907,98102548.0
1780534800000,0.09071,0.09112,0.08824,0.08852,121831402.0
1780538400000,0.08852,0.08995,0.08579,0.08938,272147000.0
1780542000000,0.08939,0.09154,0.08938,0.09133,60441144.0
1780545600000,0.09134,0.09158,0.09066,0.09076,40583204.0
1780549200000,0.09076,0.09076,0.08953,0.09008,49526133.0
1780552800000,0.09007,0.09096,0.08967,0.08979,31332408.0
1780556400000,0.0898,0.08988,0.08876,0.08877,52646962.0
1780560000000,0.08877,0.08922,0.08798,0.0888,42607812.0
1780563600000,0.0888,0.08882,0.08692,0.08802,60358405.0
1780567200000,0.08803,0.08805,0.08667,0.08707,87201667.0
1780570800000,0.08707,0.0881,0.08682,0.08793,44233672.0
1780574400000,0.08794,0.0897,0.08766,0.08953,41795772.0
1780578000000,0.08953,0.08962,0.08803,0.08944,45039657.0
1780581600000,0.08943,0.08971,0.08895,0.08935,45702654.0
1780585200000,0.08934,0.09018,0.08914,0.08953,33470504.0
1780588800000,0.08953,0.08958,0.08875,0.08921,22317579.0
1780592400000,0.08921,0.0896,0.08845,0.08937,28355141.0
1780596000000,0.08937,0.09003,0.08856,0.08949,39316764.0
1780599600000,0.08948,0.08984,0.08881,0.08907,19857973.0
1780603200000,0.08906,0.0891,0.08837,0.08875,24684731.0
1780606800000,0.08876,0.08906,0.08703,0.08729,26120201.0
1780610400000,0.08728,0.08822,0.087,0.08811,36824722.0
1780614000000,0.08811,0.08867,0.08753,0.08858,20007436.0
1780617600000,0.08857,0.0888,0.08773,0.08782,21930022.0
1780621200000,0.08781,0.08832,0.087,0.08795,34662831.0
1780624800000,0.08795,0.088,0.08611,0.08622,49513243.0
1780628400000,0.08622,0.08694,0.08588,0.08594,51405709.0
1780632000000,0.08594,0.08719,0.08569,0.08685,64780511.0
1780635600000,0.08685,0.08706,0.08488,0.08509,109693738.0
1780639200000,0.08509,0.08528,0.08203,0.08375,261412148.0
1780642800000,0.08375,0.08507,0.0823,0.085,110637064.0
1780646400000,0.085,0.085,0.08331,0.08359,41931181.0
1780650000000,0.0836,0.08502,0.08359,0.08499,64384958.0
1780653600000,0.08499,0.08544,0.08444,0.08473,38042704.0
1780657200000,0.08473,0.08497,0.084,0.08402,39592260.0
1780660800000,0.08401,0.08426,0.08286,0.08362,72424208.0
1780664400000,0.08361,0.08491,0.082,0.08202,118428242.0
1780668000000,0.08203,0.08359,0.08139,0.08274,145687146.0
1780671600000,0.08275,0.08286,0.08097,0.08155,160730615.0
1780675200000,0.08154,0.08344,0.08023,0.08322,165336609.0
1780678800000,0.08322,0.08346,0.08219,0.08261,45330338.0
1780682400000,0.08262,0.08299,0.07968,0.08001,135953682.0
1780686000000,0.08002,0.08185,0.079,0.08104,99244857.0
1780689600000,0.08103,0.08285,0.08009,0.08251,77138770.0
1780693200000,0.0825,0.08362,0.0824,0.08314,76010321.0
1780696800000,0.08314,0.08316,0.08202,0.08282,48502395.0
1780700400000,0.08282,0.08315,0.0805,0.08148,53614381.0
1780704000000,0.08149,0.08304,0.08146,0.0828,36661351.0
1780707600000,0.0828,0.08301,0.08182,0.08191,18816986.0
1780711200000,0.0819,0.08199,0.0811,0.08147,29837148.0
1780714800000,0.08148,0.08148,0.08053,0.08107,36883194.0
1780718400000,0.08106,0.08148,0.07784,0.07862,147307666.0
1780722000000,0.07863,0.08082,0.07766,0.08053,104691764.0
1780725600000,0.08054,0.0815,0.08026,0.08035,45106199.0
1780729200000,0.08035,0.0818,0.08023,0.0815,36800462.0
1780732800000,0.08151,0.08249,0.08115,0.08225,36911242.0
1780736400000,0.08225,0.08258,0.08112,0.08137,32878236.0
1780740000000,0.08136,0.08136,0.07989,0.08058,63808638.0
1780743600000,0.08058,0.08162,0.08052,0.08126,26342504.0
1780747200000,0.08127,0.08239,0.08095,0.08206,57723925.0
1780750800000,0.08206,0.08242,0.08148,0.08185,22857971.0
1780754400000,0.08186,0.0826,0.08177,0.08196,38758599.0
1780758000000,0.08196,0.08212,0.08089,0.08168,41608055.0
1780761600000,0.08168,0.08205,0.08071,0.08125,27144728.0
1780765200000,0.08124,0.08138,0.08047,0.08065,29110151.0
1780768800000,0.08064,0.08134,0.08055,0.08098,12552666.0
1780772400000,0.08097,0.08142,0.08067,0.08072,15561975.0
1780776000000,0.08072,0.08098,0.0805,0.08089,16722454.0
1780779600000,0.08088,0.08171,0.08087,0.0812,21303016.0
1780783200000,0.0812,0.08164,0.08103,0.08134,10636823.0
1780786800000,0.08134,0.08195,0.08127,0.08192,10358083.0
1780790400000,0.08192,0.08214,0.08165,0.08177,14062122.0
1780794000000,0.08176,0.08388,0.0817,0.08351,54387997.0
1780797600000,0.08352,0.08369,0.08284,0.08346,31733648.0
1780801200000,0.08345,0.08374,0.08323,0.08354,13521387.0
1780804800000,0.08354,0.08398,0.08296,0.08388,22950279.0
1780808400000,0.08388,0.08425,0.08363,0.08392,30063410.0
1780812000000,0.08392,0.08486,0.08368,0.08458,44104788.0
1780815600000,0.08457,0.08502,0.08442,0.08497,35262674.0
1780819200000,0.08497,0.08564,0.08452,0.08556,54228213.0
1780822800000,0.08555,0.086,0.08473,0.0848,34157090.0
1780826400000,0.08479,0.08488,0.08414,0.08438,28483906.0
1780830000000,0.08438,0.08482,0.08416,0.08459,20769905.0
1780833600000,0.0846,0.08463,0.0832,0.08378,52994795.0
1780837200000,0.08378,0.08402,0.08363,0.08385,14259175.0
1780840800000,0.08385,0.085,0.08383,0.08457,27027885.0
1780844400000,0.08456,0.08496,0.08427,0.08465,15893626.0
1780848000000,0.08465,0.08499,0.08451,0.08482,17601627.0
1780851600000,0.08481,0.08532,0.08463,0.08483,26990915.0
1780855200000,0.08484,0.08497,0.08433,0.08437,8788244.0
1780858800000,0.08437,0.08439,0.083,0.08336,31520758.0
1780862400000,0.08335,0.08432,0.08313,0.08417,20829757.0
1780866000000,0.08417,0.08424,0.08357,0.08402,9872162.0
1780869600000,0.08403,0.08756,0.08385,0.08553,157072434.0
1780873200000,0.08552,0.08646,0.08546,0.08628,31885903.0
1780876800000,0.08627,0.08682,0.0858,0.0864,36186310.0
1780880400000,0.0864,0.08653,0.08483,0.08571,40240567.0
1780884000000,0.08571,0.08595,0.08543,0.08591,34842747.0
1780887600000,0.0859,0.08632,0.08556,0.08592,22258893.0
1780891200000,0.08593,0.086,0.08483,0.08494,24233398.0
1780894800000,0.08494,0.08512,0.08436,0.0848,27984178.0
1780898400000,0.0848,0.08541,0.08479,0.0853,18835127.0
1780902000000,0.0853,0.08579,0.08497,0.08566,19307231.0
1780905600000,0.08566,0.08566,0.0849,0.08515,15458800.0
1780909200000,0.08515,0.08594,0.0851,0.08592,18878403.0
1780912800000,0.08591,0.08601,0.08528,0.08566,21637533.0
1780916400000,0.08566,0.08684,0.08547,0.0864,41409427.0
1780920000000,0.0864,0.087,0.0858,0.08684,36555904.0
1780923600000,0.08684,0.08693,0.08606,0.08636,36242620.0
1780927200000,0.08635,0.08684,0.08614,0.0867,17850908.0
1780930800000,0.08671,0.08747,0.0867,0.08698,32080273.0
1780934400000,0.08699,0.08754,0.08639,0.08647,29903188.0
1780938000000,0.08647,0.08684,0.08615,0.08684,16079508.0
1780941600000,0.08684,0.08728,0.08661,0.08685,14184736.0
1780945200000,0.08685,0.0871,0.08668,0.0868,14243566.0
1780948800000,0.08681,0.08685,0.08632,0.08676,7379615.0
1780952400000,0.08677,0.08749,0.08676,0.08706,17333270.0
1780956000000,0.08706,0.08713,0.08663,0.08702,16279112.0
1780959600000,0.08703,0.08723,0.08613,0.08634,19895143.0
1780963200000,0.08635,0.08649,0.08459,0.08482,82190489.0
1780966800000,0.08482,0.08537,0.08475,0.08513,24777582.0
1780970400000,0.08512,0.08532,0.08456,0.08532,29127481.0
1780974000000,0.08533,0.0855,0.08493,0.08531,13603796.0
1780977600000,0.0853,0.08646,0.08506,0.08616,48957829.0
1780981200000,0.08615,0.08675,0.08595,0.08647,23082710.0
1780984800000,0.08647,0.08674,0.08628,0.08633,17104563.0
1780988400000,0.08634,0.08666,0.08599,0.08641,22039047.0
1780992000000,0.08641,0.08645,0.08576,0.08586,20077566.0
1780995600000,0.08586,0.08606,0.08526,0.08542,17779738.0
1780999200000,0.08543,0.08561,0.08521,0.08551,20175574.0
1781002800000,0.0855,0.0856,0.08517,0.08553,16099865.0
1781006400000,0.08552,0.08595,0.08549,0.08586,15530442.0
1781010000000,0.08586,0.08612,0.08523,0.08571,28167457.0
1781013600000,0.0857,0.08591,0.08433,0.08502,67278231.0
1781017200000,0.08503,0.08532,0.08407,0.0841,63078311.0
1781020800000,0.0841,0.08447,0.08316,0.08435,62167225.0
1781024400000,0.08435,0.08548,0.08433,0.08478,38341064.0
1781028000000,0.08479,0.08527,0.0846,0.0849,40239396.0
1781031600000,0.08489,0.08537,0.08472,0.08521,25722540.0
1781035200000,0.08521,0.08562,0.08513,0.08556,26773278.0
1781038800000,0.08556,0.08571,0.08465,0.08484,17346437.0
1781042400000,0.08484,0.08514,0.08452,0.08454,11416270.0
1781046000000,0.08454,0.08496,0.08445,0.08479,20385542.0
1781049600000,0.08479,0.08515,0.08421,0.08508,12466827.0
1781053200000,0.08507,0.08514,0.08449,0.08469,10853486.0
1781056800000,0.08469,0.08481,0.08369,0.08382,16217620.0
1781060400000,0.08382,0.08427,0.08381,0.08395,7238607.0
1781064000000,0.08396,0.08412,0.08348,0.08361,11278988.0
1781067600000,0.08361,0.08375,0.08326,0.08357,10510587.0
1781071200000,0.08358,0.08386,0.08328,0.08365,14562455.0
1781074800000,0.08364,0.08437,0.08359,0.08422,14623457.0
1781078400000,0.08423,0.08425,0.08321,0.08342,21697930.0
1781082000000,0.08342,0.08365,0.08285,0.08354,29449579.0
1781085600000,0.08354,0.0839,0.08326,0.08372,10909247.0
1781089200000,0.08372,0.08376,0.08282,0.0833,31146460.0
1781092800000,0.08331,0.0846,0.08303,0.08391,50302821.0
1781096400000,0.0839,0.0852,0.08376,0.0846,39704034.0
1781100000000,0.08461,0.08476,0.08397,0.08453,33438456.0
1781103600000,0.08453,0.08547,0.08402,0.08513,41023860.0
1781107200000,0.08514,0.08523,0.08374,0.08416,36616325.0
1781110800000,0.08416,0.08449,0.08337,0.08391,29046760.0
1781114400000,0.08391,0.08405,0.0833,0.08392,16126896.0
1781118000000,0.08391,0.08394,0.08303,0.08316,14939491.0
1781121600000,0.08316,0.08331,0.08267,0.08286,21254117.0
1781125200000,0.08285,0.08285,0.08183,0.08217,25641758.0
1781128800000,0.08218,0.08271,0.08187,0.08236,23484392.0
1781132400000,0.08235,0.08313,0.08215,0.08294,21618891.0
1781136000000,0.08295,0.08366,0.08295,0.08343,18985810.0
1781139600000,0.08344,0.08448,0.08343,0.08427,18991280.0
1781143200000,0.08427,0.08435,0.08363,0.08415,12560477.0
1781146800000,0.08415,0.08529,0.08392,0.08504,26897617.0
1781150400000,0.08505,0.08544,0.08481,0.08519,26676492.0
1781154000000,0.08519,0.08519,0.0848,0.0848,21623285.0
1781157600000,0.0848,0.08518,0.0846,0.08477,26807524.0
1781161200000,0.08476,0.08504,0.08467,0.08488,21425134.0
1781164800000,0.08487,0.0855,0.08486,0.08526,18753260.0
1781168400000,0.08526,0.08526,0.08478,0.08509,16984818.0
1781172000000,0.0851,0.08522,0.08497,0.08517,10446451.0
1781175600000,0.08516,0.08558,0.08494,0.08532,15977862.0
1781179200000,0.08533,0.08534,0.08423,0.08478,46124047.0
1781182800000,0.08477,0.08525,0.08451,0.085,21429762.0
1781186400000,0.085,0.08545,0.08465,0.08501,18829990.0
1781190000000,0.08501,0.08521,0.0846,0.08494,18773397.0
1781193600000,0.08495,0.08515,0.08463,0.08474,18276916.0
1781197200000,0.08473,0.08686,0.08441,0.08674,78220131.0
1781200800000,0.08674,0.08702,0.08626,0.08652,33867576.0
1781204400000,0.08651,0.08708,0.08621,0.08651,40350360.0
1781208000000,0.08651,0.08664,0.08601,0.08632,14293851.0
1781211600000,0.08632,0.08673,0.08631,0.08644,20289799.0
1781215200000,0.08645,0.08672,0.08628,0.08639,14538528.0
1781218800000,0.08639,0.08651,0.08599,0.08608,11318655.0
1781222400000,0.08608,0.08621,0.08587,0.0859,20448922.0
1781226000000,0.08589,0.08614,0.08561,0.0859,16862424.0
1781229600000,0.08591,0.08658,0.08591,0.0864,13811041.0
1781233200000,0.08641,0.08659,0.08619,0.08658,8914019.0
1781236800000,0.08659,0.08715,0.08646,0.08701,36153177.0
1781240400000,0.08701,0.08746,0.08671,0.08678,71211442.0
1781244000000,0.08678,0.08711,0.08505,0.08542,92748465.0
1781247600000,0.08542,0.08601,0.08542,0.08596,25136678.0
1781251200000,0.08596,0.08672,0.08595,0.08666,30975695.0
1781254800000,0.08666,0.0873,0.08653,0.08702,24365215.0
1781258400000,0.08703,0.08709,0.08634,0.0866,24726185.0
1781262000000,0.08661,0.08696,0.08648,0.08696,11566789.0
1781265600000,0.08695,0.0873,0.08679,0.08702,23946650.0
1781269200000,0.08702,0.08737,0.08666,0.08701,40336485.0
1781272800000,0.08701,0.09247,0.08694,0.09061,321606368.0
1781276400000,0.09061,0.09084,0.08719,0.08744,182897884.0
1781280000000,0.08744,0.08878,0.08721,0.08878,75314342.0
1781283600000,0.08879,0.08904,0.08777,0.08786,29597378.0
1781287200000,0.08787,0.0881,0.08746,0.08758,19850098.0
1781290800000,0.08759,0.08815,0.08731,0.08741,19357451.0
1781294400000,0.08741,0.08784,0.08735,0.08747,20680154.0
1781298000000,0.08748,0.08773,0.08654,0.08672,20271755.0
1781301600000,0.08672,0.08684,0.08617,0.08637,23494737.0
1781305200000,0.08637,0.08637,0.08558,0.08598,38379467.0
1781308800000,0.08599,0.08622,0.0858,0.08611,15422061.0
1781312400000,0.08611,0.08679,0.08609,0.08677,22413638.0
1781316000000,0.08678,0.08692,0.08625,0.08646,17071203.0
1781319600000,0.08646,0.08659,0.08608,0.0863,16005478.0
1781323200000,0.08629,0.08649,0.08603,0.08609,10003509.0
1781326800000,0.0861,0.0863,0.08581,0.08616,15752888.0
1781330400000,0.08616,0.08677,0.08608,0.08666,24929474.0
1781334000000,0.08666,0.08725,0.08646,0.08707,33677509.0
1781337600000,0.08707,0.08739,0.08692,0.08714,17645775.0
1781341200000,0.08714,0.08747,0.08703,0.08715,20941585.0
1781344800000,0.08715,0.08752,0.08712,0.08732,17151264.0
1781348400000,0.08732,0.08796,0.08726,0.08796,19277316.0
1781352000000,0.08795,0.08876,0.08774,0.08857,27199372.0
1781355600000,0.08857,0.08859,0.08802,0.08812,23841557.0
1781359200000,0.08812,0.08844,0.08805,0.08837,18161837.0
1781362800000,0.08838,0.08883,0.08828,0.08835,36208260.0
1781366400000,0.08836,0.08838,0.08754,0.08792,38612330.0
1781370000000,0.08791,0.08795,0.08739,0.08762,28154774.0
1781373600000,0.08762,0.08787,0.08756,0.08769,6076624.0
1781377200000,0.08769,0.0879,0.08751,0.08763,14869959.0
1781380800000,0.08763,0.08778,0.08753,0.08767,5633735.0
1781384400000,0.08766,0.08859,0.08763,0.08816,24367319.0
1781388000000,0.08816,0.08818,0.0878,0.08785,12091826.0
1781391600000,0.08784,0.08804,0.08773,0.08788,7201688.0
1781395200000,0.08787,0.08794,0.08757,0.0877,8429674.0
1781398800000,0.08769,0.08801,0.08758,0.08781,9345189.0
1781402400000,0.08781,0.08811,0.08776,0.08793,11053946.0
1781406000000,0.08792,0.08816,0.08781,0.08809,8987847.0
1781409600000,0.08809,0.08814,0.08744,0.0876,9977608.0
1781413200000,0.08761,0.08778,0.08727,0.08763,10170932.0
1781416800000,0.08763,0.08786,0.08741,0.08751,5945662.0
1781420400000,0.08751,0.08752,0.08704,0.08719,7591868.0
1781424000000,0.08719,0.08747,0.08703,0.08721,10587395.0
1781427600000,0.08721,0.08746,0.08673,0.08742,9368586.0
1781431200000,0.08742,0.08751,0.08709,0.08712,8278647.0
1781434800000,0.08713,0.08728,0.08701,0.08703,4681349.0
1781438400000,0.08703,0.0871,0.0864,0.08658,22402052.0
1781442000000,0.08658,0.08669,0.08621,0.0865,20192401.0
1781445600000,0.0865,0.08655,0.08568,0.08602,34946067.0
1781449200000,0.08603,0.08639,0.08591,0.08632,50585509.0
1781452800000,0.08632,0.08669,0.08629,0.08646,21038687.0
1781456400000,0.08645,0.08665,0.08625,0.08636,12573886.0
1781460000000,0.08637,0.08646,0.08615,0.08635,6498103.0
1781463600000,0.08636,0.08663,0.08624,0.08642,2727804.0
1781467200000,0.08642,0.08697,0.0863,0.08665,9390492.0
1781470800000,0.08665,0.08913,0.08661,0.08857,62854479.0
1781474400000,0.08857,0.08882,0.08799,0.08839,51064419.0
1781478000000,0.08839,0.08899,0.08811,0.08889,36607843.0
1781481600000,0.08889,0.08917,0.08851,0.0888,39337967.0
1781485200000,0.08881,0.08889,0.08825,0.08843,50901133.0
1781488800000,0.08842,0.08921,0.08835,0.08876,19593239.0
1781492400000,0.08876,0.08913,0.08867,0.08896,26854884.0
1781496000000,0.08897,0.08902,0.08857,0.08858,19198993.0
1781499600000,0.08858,0.08895,0.08847,0.08874,15533055.0
1781503200000,0.08874,0.089,0.08863,0.08872,16959489.0
1781506800000,0.08872,0.08878,0.08838,0.08853,15035566.0
1781510400000,0.08853,0.08893,0.08844,0.08855,19594088.0
1781514000000,0.08855,0.08876,0.08812,0.08859,17597207.0
1781517600000,0.08858,0.08946,0.08845,0.08922,29858485.0
1781521200000,0.08921,0.09011,0.08902,0.08971,61087083.0
1781524800000,0.08972,0.09023,0.08953,0.09008,32751263.0
1781528400000,0.09008,0.09092,0.08997,0.09033,84460945.0
1781532000000,0.09032,0.09034,0.08907,0.08952,176995756.0
1781535600000,0.08952,0.09077,0.08923,0.09071,53214443.0
1781539200000,0.0907,0.09071,0.09005,0.09008,32585955.0
1781542800000,0.09008,0.09011,0.08928,0.08968,33096977.0
1781546400000,0.08967,0.08974,0.08926,0.08933,18316604.0
1781550000000,0.08933,0.08974,0.08859,0.089,39514757.0
1781553600000,0.089,0.08925,0.08869,0.08901,30899727.0
1781557200000,0.089,0.08917,0.08864,0.08884,14869141.0
1781560800000,0.08884,0.08898,0.08781,0.08802,44411845.0
1781564400000,0.08803,0.08828,0.0878,0.08814,16128413.0
1781568000000,0.08814,0.08832,0.08769,0.08776,16638741.0
1781571600000,0.08776,0.08812,0.08774,0.08787,12939545.0
1781575200000,0.08787,0.088,0.08681,0.08699,56257403.0
1781578800000,0.087,0.08754,0.08687,0.08747,17951238.0
1781582400000,0.08747,0.0876,0.08672,0.08695,22518154.0
1781586000000,0.08694,0.08735,0.08693,0.08728,55264447.0
1781589600000,0.08728,0.08773,0.08728,0.08763,17885457.0
1781593200000,0.08764,0.08786,0.08745,0.08785,17037885.0
1781596800000,0.08785,0.08909,0.08761,0.08885,74825723.0
1781600400000,0.08885,0.08896,0.08841,0.08855,26554167.0
1781604000000,0.08855,0.08868,0.08825,0.08828,12682015.0
1781607600000,0.08828,0.08844,0.08783,0.0882,13922279.0
1781611200000,0.08819,0.08893,0.08792,0.08843,31572489.0
1781614800000,0.08844,0.08848,0.08722,0.08743,28700924.0
1781618400000,0.08743,0.08777,0.08622,0.08668,43990300.0
1781622000000,0.08667,0.0874,0.08656,0.08719,17819755.0
1781625600000,0.08718,0.0873,0.0863,0.08654,56914110.0
1781629200000,0.08654,0.08737,0.08652,0.08725,14946770.0
1781632800000,0.08726,0.08787,0.08722,0.08758,14997106.0
1781636400000,0.08759,0.08769,0.08699,0.08728,20849939.0
1781640000000,0.08728,0.08779,0.08711,0.08767,13076813.0
1781643600000,0.08768,0.08779,0.08727,0.08748,11012890.0
1781647200000,0.08747,0.08764,0.0872,0.08735,6198115.0
1781650800000,0.08735,0.08742,0.08701,0.08717,7361429.0
1781654400000,0.08717,0.08751,0.08713,0.0874,16082947.0
1781658000000,0.08741,0.08786,0.08699,0.08777,12762530.0
1781661600000,0.08778,0.08812,0.08751,0.08778,11024375.0
1781665200000,0.08778,0.08778,0.08729,0.08748,18954900.0
1781668800000,0.08749,0.08786,0.08738,0.08753,5799452.0
1781672400000,0.08753,0.08769,0.08723,0.0874,10993867.0
1781676000000,0.0874,0.08751,0.08675,0.08702,18962276.0
1781679600000,0.08703,0.08723,0.08658,0.0869,20700054.0
1781683200000,0.08691,0.08692,0.08575,0.08597,29517122.0
1781686800000,0.08596,0.08628,0.0859,0.08606,17167367.0
1781690400000,0.08607,0.08618,0.0859,0.08598,6656369.0
1781694000000,0.08599,0.0861,0.0855,0.08584,27296489.0
1781697600000,0.08584,0.08628,0.08548,0.08625,15303043.0
1781701200000,0.08625,0.08661,0.08595,0.08628,16576136.0
1781704800000,0.08628,0.08657,0.08565,0.08608,14130918.0
1781708400000,0.08608,0.08729,0.08601,0.08729,19964664.0
1781712000000,0.08729,0.08777,0.08704,0.08706,19808314.0
1781715600000,0.08707,0.08762,0.08693,0.08759,12964343.0
1781719200000,0.08759,0.08789,0.08587,0.08704,43230307.0
1781722800000,0.08705,0.08724,0.085,0.08542,54532977.0
1781726400000,0.08541,0.08626,0.08528,0.08622,15704395.0
1781730000000,0.08623,0.08626,0.08545,0.0856,11747689.0
1781733600000,0.0856,0.08597,0.08464,0.08584,17163100.0
1781737200000,0.08584,0.08617,0.08578,0.08593,5095812.0
1781740800000,0.08592,0.08636,0.08591,0.08621,6495173.0
1781744400000,0.08621,0.08657,0.08608,0.08623,8423187.0
1781748000000,0.08624,0.08638,0.08606,0.08619,5746609.0
1781751600000,0.08618,0.08619,0.08521,0.08533,12532162.0
1781755200000,0.08533,0.08541,0.0844,0.08467,21765430.0
1781758800000,0.08466,0.08468,0.08394,0.08428,23608339.0
1781762400000,0.08428,0.08478,0.08413,0.08468,13887297.0
1781766000000,0.08468,0.08514,0.08445,0.08494,9686816.0
1781769600000,0.08495,0.08525,0.0848,0.08508,10527668.0
1781773200000,0.08507,0.08523,0.08489,0.0851,6603904.0
1781776800000,0.08509,0.08511,0.08457,0.08489,11612290.0
1781780400000,0.08489,0.08504,0.08431,0.08452,8247417.0
1781784000000,0.08453,0.08487,0.08445,0.08484,7401917.0
1781787600000,0.08484,0.0849,0.08358,0.08407,20815755.0
1781791200000,0.08407,0.0845,0.08363,0.0839,22334844.0
1781794800000,0.0839,0.08391,0.08184,0.08199,91161580.0
1781798400000,0.08199,0.08277,0.08192,0.08268,26367887.0
1781802000000,0.08269,0.08271,0.082,0.08236,19663536.0
1781805600000,0.08237,0.08266,0.08225,0.08242,20967630.0
1781809200000,0.08242,0.08303,0.08237,0.08289,11417881.0
1781812800000,0.08289,0.08354,0.08289,0.08343,15486102.0
1781816400000,0.08343,0.08355,0.08308,0.0834,7281543.0
1781820000000,0.08339,0.08351,0.08301,0.08345,9125204.0
1781823600000,0.08345,0.0836,0.08313,0.08352,6200859.0
1781827200000,0.08351,0.08379,0.08337,0.08364,7384661.0
1781830800000,0.08365,0.0839,0.08347,0.08385,8489155.0
1781834400000,0.08385,0.08396,0.08351,0.08365,6150207.0
1781838000000,0.08366,0.08374,0.08261,0.08289,25756470.0
1781841600000,0.08289,0.08304,0.08205,0.08225,14665188.0
1781845200000,0.08226,0.08273,0.08224,0.08263,7504998.0
1781848800000,0.08262,0.0828,0.08245,0.08274,8408122.0
1781852400000,0.08273,0.08275,0.08199,0.08235,12057024.0
1781856000000,0.08235,0.08268,0.08231,0.08254,7334329.0
1781859600000,0.08255,0.08263,0.08208,0.08225,11691086.0
1781863200000,0.08224,0.08245,0.08205,0.08234,7010009.0
1781866800000,0.08234,0.08249,0.08216,0.0824,7492733.0
1781870400000,0.08241,0.08273,0.08188,0.08268,17744819.0
1781874000000,0.08268,0.08351,0.08246,0.08323,20833978.0
1781877600000,0.08323,0.08341,0.08298,0.08311,14363182.0
1781881200000,0.08311,0.0834,0.08299,0.0832,7150996.0
1781884800000,0.08321,0.08341,0.08286,0.08289,8648611.0
1781888400000,0.0829,0.08346,0.08276,0.08335,6187714.0
1781892000000,0.08335,0.08341,0.08294,0.08316,3561230.0
1781895600000,0.08316,0.08317,0.08273,0.08292,3339542.0
1781899200000,0.08293,0.08325,0.08271,0.08323,2639782.0
1781902800000,0.08323,0.08332,0.08279,0.08286,8265740.0
1781906400000,0.08285,0.08328,0.08282,0.08324,8179326.0
1781910000000,0.08325,0.08373,0.08312,0.08357,11211831.0
1781913600000,0.08356,0.08393,0.08344,0.08348,8116765.0
1781917200000,0.08347,0.08361,0.08329,0.0835,5312006.0
1781920800000,0.08349,0.08357,0.08302,0.08305,16375485.0
1781924400000,0.08305,0.08335,0.08305,0.08327,5705482.0
1781928000000,0.08327,0.08352,0.08321,0.08352,9656829.0
1781931600000,0.08353,0.0842,0.08345,0.08397,20118890.0
1781935200000,0.08397,0.08429,0.08389,0.0842,10738646.0
1781938800000,0.08421,0.08434,0.08393,0.08409,20298991.0
1781942400000,0.0841,0.08414,0.08381,0.08397,8082248.0
1781946000000,0.08398,0.08431,0.08398,0.08419,7057137.0
1781949600000,0.08419,0.08423,0.08386,0.08395,4847009.0
1781953200000,0.08396,0.08403,0.08377,0.08388,5016678.0
1781956800000,0.08388,0.08403,0.08372,0.08384,6134742.0
1781960400000,0.08384,0.08388,0.08321,0.0833,9225430.0
1781964000000,0.0833,0.08415,0.08262,0.08373,19736777.0
1781967600000,0.08373,0.08422,0.08353,0.08375,19604168.0
1781971200000,0.08376,0.08377,0.08331,0.0835,5090848.0
1781974800000,0.0835,0.0835,0.08284,0.08309,12040537.0
1781978400000,0.08309,0.08343,0.08308,0.08314,7583187.0
1781982000000,0.08315,0.08345,0.08314,0.08334,2830174.0
1781985600000,0.08335,0.08344,0.08323,0.08339,3222594.0
1781989200000,0.08339,0.08363,0.08336,0.08352,6167739.0
1781992800000,0.08351,0.08404,0.08341,0.08385,8058438.0
1781996400000,0.08385,0.08406,0.08366,0.0837,5207521.0
1782000000000,0.08371,0.08374,0.08356,0.08368,2607504.0
1782003600000,0.08368,0.08371,0.08351,0.08364,2883723.0
1782007200000,0.08364,0.0837,0.08358,0.08358,2501668.0
1782010800000,0.08358,0.08387,0.08346,0.08369,4665779.0
1782014400000,0.08369,0.08381,0.08328,0.08331,5948106.0
1782018000000,0.08331,0.08344,0.08314,0.08325,8741033.0
1782021600000,0.08325,0.08351,0.08322,0.08343,7438104.0
1782025200000,0.08343,0.08367,0.08332,0.08349,6719475.0
1782028800000,0.0835,0.08357,0.08288,0.08315,8799408.0
1782032400000,0.08316,0.08339,0.08301,0.08336,7390012.0
1782036000000,0.08337,0.08356,0.08327,0.08328,10505922.0
1782039600000,0.08328,0.08335,0.08276,0.08305,8779602.0
1782043200000,0.08305,0.08339,0.08293,0.08334,7593820.0
1782046800000,0.08334,0.0835,0.08315,0.08348,6946016.0
1782050400000,0.08348,0.08355,0.08328,0.08345,6340697.0
1782054000000,0.08346,0.08365,0.08341,0.08344,5412869.0
1782057600000,0.08343,0.08359,0.08314,0.08357,15316290.0
1782061200000,0.08358,0.08378,0.08323,0.08339,12135183.0
1782064800000,0.0834,0.08368,0.08316,0.08348,5792067.0
1782068400000,0.08348,0.08367,0.08345,0.08364,3255495.0
1782072000000,0.08364,0.08368,0.08307,0.08316,4766605.0
1782075600000,0.08316,0.08321,0.08231,0.08289,18949518.0
1782079200000,0.08289,0.08313,0.08267,0.08291,8748480.0
1782082800000,0.08291,0.08291,0.08214,0.08224,13417217.0
1782086400000,0.08223,0.08321,0.08223,0.08316,16143895.0
1782090000000,0.08316,0.08426,0.08302,0.0837,19319780.0
1782093600000,0.0837,0.08378,0.08332,0.08332,6217385.0
1782097200000,0.08332,0.08351,0.08282,0.08293,8160926.0
1782100800000,0.08294,0.08324,0.08279,0.08323,5337995.0
1782104400000,0.08324,0.08349,0.08319,0.08332,4823747.0
1782108000000,0.08333,0.08352,0.08313,0.0832,6569654.0
1782111600000,0.0832,0.08373,0.08316,0.0835,7729116.0
1782115200000,0.08351,0.08381,0.08335,0.08359,9898582.0
1782118800000,0.0836,0.08378,0.08357,0.0837,5429834.0
1782122400000,0.08371,0.08399,0.0835,0.08369,8042851.0
1782126000000,0.0837,0.08447,0.08366,0.08423,23641116.0
1782129600000,0.08424,0.08467,0.08419,0.08461,23182340.0
1782133200000,0.08462,0.08506,0.08436,0.08503,20851196.0
1782136800000,0.08504,0.08509,0.08371,0.08396,26246404.0
1782140400000,0.08396,0.08415,0.08353,0.08364,19797193.0
1782144000000,0.08365,0.08368,0.08311,0.08338,19962675.0
1782147600000,0.08338,0.08343,0.08294,0.08331,9785053.0
1782151200000,0.0833,0.08346,0.0828,0.08289,15286736.0
1782154800000,0.0829,0.08293,0.08248,0.08276,14941041.0
1782158400000,0.08276,0.08302,0.08265,0.08285,7213187.0
1782162000000,0.08285,0.08288,0.08237,0.08274,10475895.0
1782165600000,0.08273,0.08287,0.08188,0.08225,30816989.0
1782169200000,0.08224,0.08255,0.08216,0.08247,13898066.0
1782172800000,0.08248,0.0826,0.082,0.08259,16964782.0
1782176400000,0.08258,0.08271,0.0812,0.08191,42175198.0
1782180000000,0.08191,0.08238,0.08175,0.0823,9255210.0
1782183600000,0.0823,0.0823,0.08187,0.08223,8415643.0
1782187200000,0.08222,0.08225,0.08162,0.08169,9444433.0
1782190800000,0.08169,0.08184,0.08137,0.08171,14877488.0
1782194400000,0.08172,0.08172,0.07968,0.08026,98634249.0
1782198000000,0.08025,0.08044,0.07997,0.08,20230772.0
1782201600000,0.08,0.08005,0.07841,0.07913,94504328.0
1782205200000,0.07913,0.0793,0.07896,0.07903,25761039.0
1782208800000,0.07903,0.07936,0.07898,0.07911,14390436.0
1782212400000,0.07912,0.07964,0.07911,0.07958,21084657.0
1782216000000,0.07959,0.07966,0.0793,0.07944,18585926.0
1782219600000,0.07944,0.07982,0.07903,0.07962,28879841.0
1782223200000,0.07963,0.07983,0.07888,0.07899,41566211.0
1782226800000,0.07899,0.07905,0.07837,0.07882,34607994.0
1782230400000,0.07883,0.07937,0.07871,0.07892,25238330.0
1782234000000,0.07891,0.07912,0.07853,0.0786,12362445.0
1782237600000,0.0786,0.07888,0.0783,0.0786,8165824.0
1782241200000,0.07861,0.07878,0.07835,0.07846,24833565.0
1782244800000,0.07846,0.07883,0.07839,0.07851,9300993.0
1782248400000,0.07852,0.0788,0.07851,0.07876,15481286.0
1782252000000,0.07877,0.07915,0.07872,0.07899,7407067.0
1782255600000,0.07898,0.07912,0.07874,0.07889,5055138.0
1782259200000,0.07889,0.07927,0.07886,0.07914,9145016.0
1782262800000,0.07915,0.07981,0.07893,0.07958,15085651.0
1782266400000,0.07957,0.07965,0.07907,0.07911,14731998.0
1782270000000,0.07911,0.07934,0.07881,0.0791,11154033.0
1782273600000,0.0791,0.07923,0.07848,0.07918,8144017.0
1782277200000,0.07917,0.07947,0.0791,0.0792,8397293.0
1782280800000,0.07921,0.07925,0.07897,0.07903,5284593.0
1782284400000,0.07903,0.07907,0.07877,0.07886,9333655.0
1782288000000,0.07886,0.07922,0.07884,0.07917,7405040.0
1782291600000,0.07918,0.07919,0.0787,0.07896,9709282.0
1782295200000,0.07895,0.07895,0.07851,0.07858,10248042.0
1782298800000,0.07859,0.07962,0.07801,0.07903,30489982.0
1782302400000,0.07903,0.07908,0.07857,0.07861,8156966.0
1782306000000,0.07862,0.07865,0.07668,0.07682,114494638.0
1782309600000,0.07681,0.07717,0.07648,0.07678,87604610.0
1782313200000,0.07678,0.07699,0.07459,0.07478,138522443.0
1782316800000,0.07477,0.07566,0.07362,0.0742,110577604.0
1782320400000,0.0742,0.07459,0.0728,0.07308,103505455.0
1782324000000,0.07308,0.07443,0.0729,0.0739,39790498.0
1782327600000,0.07391,0.0742,0.07363,0.07413,26614158.0
1782331200000,0.07414,0.07583,0.074,0.07559,41758973.0
1782334800000,0.07558,0.07616,0.07514,0.07606,17659132.0
1782338400000,0.07606,0.07649,0.0758,0.07587,31537125.0
1782342000000,0.07587,0.0762,0.07577,0.07612,9552193.0
1782345600000,0.07613,0.07646,0.07601,0.07615,31210766.0
1782349200000,0.07615,0.07641,0.07609,0.07631,15310737.0
1782352800000,0.07631,0.07642,0.07603,0.07621,19275269.0
1782356400000,0.07622,0.07632,0.07591,0.07605,10426961.0
1782360000000,0.07605,0.07681,0.07581,0.07677,17408222.0
1782363600000,0.07676,0.07748,0.0767,0.07727,29177547.0
1782367200000,0.07728,0.0775,0.07707,0.0773,11070207.0
1782370800000,0.0773,0.07737,0.07706,0.07736,9531049.0
1782374400000,0.07736,0.07738,0.07702,0.07707,10826438.0
1782378000000,0.07707,0.07718,0.07683,0.07697,5492033.0
1782381600000,0.07697,0.07699,0.07611,0.07621,20096163.0
1782385200000,0.07621,0.07632,0.07576,0.07596,16834711.0
1782388800000,0.07595,0.07639,0.07539,0.07604,29097736.0
1782392400000,0.07605,0.07647,0.07145,0.07176,142495479.0
1782396000000,0.07176,0.07461,0.07176,0.07315,102640949.0
1782399600000,0.07316,0.07352,0.07216,0.07342,44422322.0
1782403200000,0.07342,0.07421,0.07312,0.07341,45117218.0
1782406800000,0.07341,0.07527,0.07339,0.07495,32214627.0
1782410400000,0.07496,0.07499,0.07348,0.07361,26758861.0
1782414000000,0.07362,0.07367,0.07292,0.07339,26075037.0
1782417600000,0.0734,0.07406,0.0734,0.07359,14292432.0
1782421200000,0.07359,0.07493,0.07358,0.07491,14200666.0
1782424800000,0.07491,0.07501,0.07454,0.0747,11760493.0
1782428400000,0.07471,0.07532,0.07462,0.07491,8976611.0
1782432000000,0.0749,0.07511,0.07464,0.07469,13659049.0
1782435600000,0.07469,0.07478,0.07384,0.07403,22622924.0
1782439200000,0.07404,0.07408,0.0725,0.07271,46941524.0
1782442800000,0.07272,0.07482,0.07212,0.07468,62811245.0
1782446400000,0.07467,0.07483,0.07414,0.07427,13733217.0
1782450000000,0.07428,0.07453,0.07397,0.07443,9834191.0
1782453600000,0.07442,0.07524,0.07399,0.07475,107162343.0
1782457200000,0.07474,0.07529,0.07467,0.0751,39632389.0
1782460800000,0.0751,0.07518,0.07428,0.07444,26308040.0
1782464400000,0.07444,0.07457,0.07392,0.07401,14276983.0
1782468000000,0.07402,0.07415,0.07362,0.07371,12324159.0
1782471600000,0.07372,0.07402,0.07332,0.07346,12573279.0
1782475200000,0.07347,0.07428,0.07294,0.07337,20268088.0
1782478800000,0.07337,0.07476,0.07281,0.07474,58958665.0
1782482400000,0.07474,0.07492,0.07386,0.07397,43985699.0
1782486000000,0.07397,0.0754,0.07386,0.07499,35344198.0
1782489600000,0.075,0.07564,0.07462,0.07531,38680600.0
1782493200000,0.0753,0.07575,0.07522,0.07558,14258062.0
1782496800000,0.07559,0.07581,0.07509,0.07519,9174538.0
1782500400000,0.07519,0.07612,0.07505,0.07556,19913513.0
1782504000000,0.07557,0.07614,0.07533,0.07548,23220488.0
1782507600000,0.07549,0.07588,0.07525,0.07546,7255425.0
1782511200000,0.07545,0.07574,0.07517,0.0757,6781790.0
1782514800000,0.0757,0.07592,0.07562,0.0758,7940271.0
1782518400000,0.0758,0.076,0.07512,0.07544,17303463.0
1782522000000,0.07545,0.0755,0.07527,0.07542,6517503.0
1782525600000,0.07543,0.07607,0.0754,0.07592,11928034.0
1782529200000,0.07591,0.07598,0.07561,0.07567,9823403.0
1782532800000,0.07567,0.07601,0.07558,0.07563,8511628.0
1782536400000,0.07563,0.07579,0.07541,0.07576,8551723.0
1782540000000,0.07576,0.07587,0.07546,0.07571,11299286.0
1782543600000,0.07572,0.07588,0.07558,0.07582,7504580.0
1782547200000,0.07582,0.07583,0.07542,0.07557,9718971.0
1782550800000,0.07556,0.07567,0.07529,0.07541,9957275.0
1782554400000,0.0754,0.07545,0.07526,0.07537,11868672.0
1782558000000,0.07536,0.07538,0.07496,0.07534,14322983.0
1782561600000,0.07533,0.07565,0.07526,0.07558,9215594.0
1782565200000,0.07559,0.07595,0.07548,0.07581,11461115.0
1782568800000,0.07582,0.07608,0.07572,0.07598,20072161.0
1782572400000,0.07599,0.07644,0.07588,0.07625,18082362.0
1782576000000,0.07625,0.07636,0.07595,0.07625,14283806.0
1782579600000,0.07624,0.07628,0.0756,0.07567,12864914.0
1782583200000,0.07567,0.0757,0.07522,0.07536,11776506.0
1782586800000,0.07536,0.07545,0.0745,0.07476,16421754.0
1782590400000,0.07477,0.07495,0.0747,0.07478,4631658.0
1782594000000,0.07478,0.075,0.0744,0.07458,12395579.0
1782597600000,0.07458,0.07486,0.07408,0.07483,11819836.0
1782601200000,0.07483,0.07489,0.07442,0.0745,8603498.0
1782604800000,0.0745,0.0747,0.07447,0.0746,4229951.0
1782608400000,0.0746,0.07467,0.07437,0.07447,14683601.0
1782612000000,0.07448,0.07463,0.07408,0.07415,59631716.0
1782615600000,0.07415,0.07447,0.07411,0.07429,8769199.0
1782619200000,0.07428,0.07428,0.07397,0.07402,10176542.0
1782622800000,0.07402,0.07404,0.0735,0.07386,11902048.0
1782626400000,0.07387,0.0739,0.07323,0.07349,12675604.0
1782630000000,0.07348,0.07379,0.07344,0.07379,10173351.0
1782633600000,0.07378,0.07429,0.07367,0.07408,14389060.0
1782637200000,0.07408,0.07428,0.07353,0.07356,15962120.0
1782640800000,0.07357,0.07375,0.07331,0.07349,15761770.0
1782644400000,0.0735,0.0739,0.07335,0.07385,9470130.0
1782648000000,0.07385,0.07405,0.07345,0.07379,7462675.0
1782651600000,0.07378,0.07379,0.0734,0.07354,7959054.0
1782655200000,0.07353,0.07401,0.07353,0.07366,10016886.0
1782658800000,0.07366,0.0739,0.07339,0.07358,17062115.0
1782662400000,0.07359,0.07363,0.07295,0.07317,24396625.0
1782666000000,0.07317,0.07344,0.07273,0.07321,13788531.0
1782669600000,0.0732,0.07332,0.07297,0.07327,4820572.0
1782673200000,0.07327,0.07336,0.07263,0.07294,6561964.0
1782676800000,0.07293,0.07345,0.0729,0.07322,3693825.0
1782680400000,0.07322,0.07326,0.0725,0.07278,10721208.0
1782684000000,0.07279,0.07375,0.07216,0.07246,26459605.0
1782687600000,0.07245,0.0734,0.07239,0.0732,11688717.0
1782691200000,0.0732,0.07338,0.07218,0.07332,16537876.0
1782694800000,0.07333,0.07337,0.07255,0.07282,13729763.0
1782698400000,0.07281,0.07319,0.07196,0.07312,42274401.0
1782702000000,0.07312,0.07365,0.07306,0.07329,14249782.0
1782705600000,0.0733,0.07332,0.07232,0.07255,10358452.0
1782709200000,0.07256,0.0731,0.07207,0.0731,15543795.0
1782712800000,0.07311,0.07349,0.07301,0.07319,9213177.0
1782716400000,0.07319,0.07332,0.07277,0.07278,21106264.0
1782720000000,0.07278,0.07293,0.07222,0.07254,22992516.0
1782723600000,0.07253,0.07298,0.07252,0.07279,14226790.0
1782727200000,0.0728,0.07323,0.0728,0.07292,11117325.0
1782730800000,0.07293,0.07315,0.07248,0.07284,14086524.0
1782734400000,0.07284,0.0739,0.07246,0.07298,47571329.0
1782738000000,0.07298,0.07352,0.07225,0.07274,26777050.0
1782741600000,0.07275,0.07294,0.07203,0.0726,24450799.0
1782745200000,0.07261,0.07299,0.072,0.07283,17168183.0
1782748800000,0.07283,0.07299,0.07213,0.07281,21246416.0
1782752400000,0.07281,0.07429,0.07279,0.07391,33874603.0
1782756000000,0.07391,0.07409,0.07372,0.07386,13550298.0
1782759600000,0.07387,0.07413,0.07371,0.07391,16623466.0
1782763200000,0.07391,0.07395,0.0737,0.07372,12530785.0
1782766800000,0.07372,0.07414,0.07361,0.07396,8670856.0
1782770400000,0.07397,0.07404,0.07345,0.07345,10653335.0
1782774000000,0.07346,0.07352,0.07323,0.07344,4789969.0
1782777600000,0.07344,0.07358,0.07251,0.07253,19709635.0
1782781200000,0.07254,0.07278,0.07227,0.07254,23263467.0
1782784800000,0.07255,0.07273,0.07229,0.07264,10809102.0
1782788400000,0.07263,0.0728,0.07237,0.07244,14893520.0
1782792000000,0.07244,0.07259,0.07213,0.07245,13013394.0
1782795600000,0.07245,0.07246,0.07208,0.07244,24967635.0
1782799200000,0.07245,0.07259,0.07229,0.07247,5684457.0
1782802800000,0.07247,0.07261,0.0723,0.0724,9314598.0
1782806400000,0.0724,0.07248,0.072,0.07236,25075633.0
1782810000000,0.07236,0.07258,0.07223,0.07257,14487858.0
1782813600000,0.07256,0.07264,0.07225,0.0725,51497174.0
1782817200000,0.07249,0.07256,0.071,0.07143,55265656.0
1782820800000,0.07143,0.07143,0.06952,0.06966,168693148.0
1782824400000,0.06967,0.07086,0.06967,0.07077,53911351.0
1782828000000,0.07076,0.07131,0.07021,0.07035,48480120.0
1782831600000,0.07035,0.0711,0.0702,0.07072,38000764.0
1782835200000,0.07073,0.07155,0.07058,0.0714,38046257.0
1782838800000,0.07141,0.07165,0.07114,0.07134,12823310.0
1782842400000,0.07135,0.0729,0.07126,0.07239,59685921.0
1782846000000,0.07239,0.07255,0.07213,0.0723,8608879.0
1782849600000,0.07229,0.07239,0.07191,0.07205,7457276.0
1782853200000,0.07206,0.07226,0.07192,0.07217,10672280.0
1782856800000,0.07218,0.07234,0.07181,0.07197,6432396.0
1782860400000,0.07198,0.07216,0.07184,0.07208,5243657.0
1782864000000,0.07208,0.0722,0.07162,0.07181,21439024.0
1782867600000,0.07181,0.07211,0.0705,0.07187,29666140.0
1782871200000,0.07187,0.0723,0.07174,0.07199,14637825.0
1782874800000,0.072,0.07251,0.07186,0.07235,14367762.0
1782878400000,0.07234,0.07271,0.07227,0.07256,16254878.0
1782882000000,0.07256,0.0726,0.07224,0.07234,9264286.0
1782885600000,0.07235,0.07238,0.07109,0.07143,26835566.0
1782889200000,0.07143,0.07162,0.07128,0.0715,8042919.0
1782892800000,0.07149,0.07156,0.07089,0.07149,38719077.0
1782896400000,0.07149,0.07162,0.07115,0.07129,16914747.0
1782900000000,0.0713,0.07138,0.07081,0.07097,15276632.0
1782903600000,0.07097,0.07126,0.07082,0.07116,8716958.0
1782907200000,0.07116,0.07144,0.07086,0.07144,13027640.0
1782910800000,0.07145,0.07249,0.07121,0.0724,31918994.0
1782914400000,0.0724,0.07299,0.07214,0.07269,45953577.0
1782918000000,0.07268,0.07357,0.07266,0.07337,32321244.0
1782921600000,0.07337,0.07355,0.07292,0.07307,20547957.0
1782925200000,0.07307,0.07363,0.07278,0.07348,11494556.0
1782928800000,0.07347,0.0736,0.07301,0.07311,8647497.0
1782932400000,0.07311,0.07338,0.07269,0.07283,8900039.0
1782936000000,0.07284,0.07292,0.07254,0.07283,6244814.0
1782939600000,0.07283,0.07361,0.07282,0.07346,15101819.0
1782943200000,0.07346,0.07399,0.07299,0.07307,26522289.0
1782946800000,0.07306,0.07306,0.07217,0.07222,25483769.0
1782950400000,0.07222,0.07231,0.07168,0.07193,21956804.0
1782954000000,0.07194,0.07287,0.0719,0.07256,9036182.0
1782957600000,0.07255,0.07284,0.07227,0.07276,9768174.0
1782961200000,0.07276,0.07349,0.07233,0.07341,52248088.0
1782964800000,0.0734,0.07343,0.07292,0.0733,19465702.0
1782968400000,0.07329,0.07329,0.0726,0.07273,13383788.0
1782972000000,0.07273,0.07288,0.07241,0.0725,12991615.0
1782975600000,0.07249,0.07264,0.07228,0.07254,10758294.0
1782979200000,0.07254,0.07309,0.0725,0.07306,11937648.0
1782982800000,0.07305,0.0738,0.07264,0.07347,65490464.0
1782986400000,0.07346,0.07412,0.07338,0.07397,22866530.0
1782990000000,0.07397,0.07436,0.07381,0.07418,48507119.0
1782993600000,0.07417,0.07476,0.07407,0.07435,50902196.0
1782997200000,0.07436,0.07556,0.07424,0.07507,69343180.0
1783000800000,0.07507,0.0755,0.07428,0.07451,41052553.0
1783004400000,0.07451,0.07476,0.074,0.07454,21696405.0
1783008000000,0.07454,0.07479,0.0741,0.07431,15722290.0
1783011600000,0.0743,0.0746,0.07412,0.07425,7899354.0
1783015200000,0.07424,0.07455,0.07422,0.07437,9984809.0
1783018800000,0.07438,0.0745,0.07412,0.07422,9610810.0
1783022400000,0.07422,0.07427,0.07399,0.07411,10140815.0
1783026000000,0.07412,0.07417,0.07383,0.07407,11340846.0
1783029600000,0.07406,0.07413,0.07374,0.07399,16682929.0
1783033200000,0.07398,0.07439,0.07387,0.07418,11700173.0
1783036800000,0.07418,0.07432,0.07393,0.074,18770764.0
1783040400000,0.07399,0.07497,0.07396,0.07481,17500349.0
1783044000000,0.07481,0.07492,0.07438,0.07474,15987731.0
1783047600000,0.07473,0.07487,0.07426,0.07477,20808019.0
1783051200000,0.07478,0.07483,0.07446,0.0745,9721748.0
1783054800000,0.0745,0.07541,0.07446,0.07504,21780314.0
1783058400000,0.07504,0.07534,0.07501,0.07522,12465838.0
1783062000000,0.07522,0.07538,0.07508,0.0753,17948183.0
1783065600000,0.0753,0.07559,0.07484,0.07489,54096818.0
1783069200000,0.07489,0.07515,0.07475,0.075,14329635.0
1783072800000,0.075,0.07558,0.07495,0.07538,30930918.0
1783076400000,0.07539,0.07612,0.07525,0.07592,30974230.0
1783080000000,0.07593,0.07614,0.07564,0.07603,20509354.0
1783083600000,0.07604,0.07671,0.07594,0.07663,30606043.0
1783087200000,0.07663,0.07681,0.07592,0.07675,27645575.0
1783090800000,0.07676,0.07737,0.07619,0.07634,41563285.0
1783094400000,0.07635,0.07677,0.07614,0.07645,18669838.0
1783098000000,0.07646,0.07706,0.07639,0.07697,12440863.0
1783101600000,0.07697,0.077,0.07668,0.07689,17363952.0
1783105200000,0.07689,0.07767,0.07675,0.07718,19343602.0
1783108800000,0.07717,0.07823,0.07713,0.07801,26613146.0
1783112400000,0.07802,0.07848,0.07749,0.07816,21176459.0
1783116000000,0.07817,0.07823,0.07752,0.07781,13172964.0
1783119600000,0.07781,0.07782,0.07722,0.07754,22197047.0
1783123200000,0.07754,0.07774,0.0773,0.07736,16927397.0
1783126800000,0.07736,0.07736,0.0767,0.07684,20843072.0
1783130400000,0.07685,0.07705,0.07661,0.077,31758720.0
1783134000000,0.07701,0.07747,0.07675,0.07731,14812173.0
1783137600000,0.07731,0.07815,0.07716,0.07779,35218986.0
1783141200000,0.07779,0.0778,0.07707,0.07716,23747723.0
1783144800000,0.07716,0.07748,0.07665,0.07706,18836543.0
1783148400000,0.07707,0.07709,0.07652,0.07693,37287642.0
1783152000000,0.07692,0.07704,0.07677,0.07701,9427614.0
1783155600000,0.07702,0.07724,0.07662,0.07686,26824085.0
1783159200000,0.07686,0.07716,0.07673,0.07712,7648391.0
1783162800000,0.07712,0.07719,0.0769,0.07691,9062895.0
1783166400000,0.0769,0.07717,0.07684,0.07713,42942373.0
1783170000000,0.07714,0.07748,0.07695,0.07716,10362861.0
1783173600000,0.07716,0.0778,0.07714,0.0777,15002722.0
1783177200000,0.0777,0.07875,0.07767,0.07856,43252597.0
1783180800000,0.07857,0.07893,0.07818,0.07849,27560203.0
1783184400000,0.07849,0.07924,0.07808,0.07909,16599672.0
1783188000000,0.07909,0.07931,0.07891,0.07917,14970004.0
1783191600000,0.07918,0.07938,0.07848,0.07857,12425505.0
1783195200000,0.07856,0.07873,0.07792,0.07805,10157370.0
1783198800000,0.07806,0.07853,0.07802,0.07825,11108217.0
1783202400000,0.07825,0.07827,0.07782,0.07794,4832195.0
1783206000000,0.07795,0.07796,0.07738,0.07766,12268216.0
1783209600000,0.07766,0.07768,0.077,0.07718,14475756.0
1783213200000,0.07718,0.07737,0.0767,0.07684,19993397.0
1783216800000,0.07684,0.07684,0.07563,0.07587,35482235.0
1783220400000,0.07587,0.07624,0.07584,0.07597,16569618.0
1783224000000,0.07597,0.07638,0.07585,0.07609,38868517.0
1783227600000,0.07609,0.0761,0.07564,0.07583,13510079.0
1783231200000,0.07584,0.07599,0.07563,0.07589,5878736.0
1783234800000,0.0759,0.07626,0.07574,0.07618,11084438.0
1783238400000,0.07618,0.07627,0.07599,0.07602,7607505.0
1783242000000,0.07602,0.07604,0.07535,0.07557,15580833.0
1783245600000,0.07556,0.07598,0.07531,0.07584,8704195.0
1783249200000,0.07585,0.07599,0.07575,0.07592,5231964.0
1783252800000,0.07593,0.07661,0.07571,0.07655,25792135.0
1783256400000,0.07655,0.07673,0.07638,0.07662,11782721.0
1783260000000,0.07663,0.0772,0.0765,0.07708,13377411.0
1783263600000,0.07708,0.07737,0.07681,0.07716,15913133.0
1783267200000,0.07717,0.07749,0.07691,0.07706,11697592.0
1783270800000,0.07705,0.07786,0.07702,0.0773,17848643.0
1783274400000,0.0773,0.07778,0.07722,0.07763,6513845.0
1783278000000,0.07762,0.0778,0.0772,0.07729,5439027.0
1783281600000,0.07729,0.07749,0.07701,0.0771,6376279.0
1783285200000,0.07711,0.07833,0.07692,0.07793,13922945.0
1783288800000,0.07793,0.07879,0.07773,0.07838,38981155.0
1783292400000,0.07838,0.07883,0.07773,0.07787,28059873.0
1783296000000,0.07788,0.07812,0.07705,0.07811,23430558.0
1783299600000,0.07811,0.07827,0.07766,0.07771,11180683.0
1783303200000,0.07772,0.07805,0.07739,0.07768,13972084.0
1783306800000,0.07767,0.07778,0.07718,0.07748,21538231.0
1783310400000,0.07747,0.07747,0.07707,0.0771,9497849.0
1783314000000,0.07709,0.07711,0.07643,0.07663,30856939.0
1783317600000,0.07663,0.07676,0.07652,0.07665,7098575.0
1783321200000,0.07664,0.07711,0.07652,0.07693,7178413.0
1783324800000,0.07693,0.07721,0.07685,0.07705,11593955.0
1783328400000,0.07704,0.07707,0.07656,0.07673,8346523.0
1783332000000,0.07672,0.07728,0.07668,0.07714,9472429.0
1783335600000,0.07714,0.07744,0.07673,0.07673,11978862.0
1783339200000,0.07672,0.07672,0.07494,0.07494,94676355.0
1783342800000,0.07495,0.07555,0.07437,0.07527,52953240.0
1783346400000,0.07528,0.07593,0.07506,0.07559,21760302.0
1783350000000,0.07559,0.07656,0.07555,0.07625,132856693.0
1783353600000,0.07624,0.0771,0.07598,0.0768,44810335.0
1783357200000,0.07681,0.07714,0.07644,0.07663,25441788.0
1783360800000,0.07663,0.07704,0.07647,0.07682,9889710.0
1783364400000,0.07682,0.07719,0.07676,0.07694,8187323.0
1783368000000,0.07694,0.07707,0.07668,0.07686,4394473.0
1783371600000,0.07687,0.07835,0.07686,0.07756,45589876.0
1783375200000,0.07756,0.07762,0.07699,0.07706,9639375.0
1783378800000,0.07706,0.07716,0.07658,0.07666,12890817.0
1783382400000,0.07666,0.07702,0.07647,0.07679,16998433.0
1783386000000,0.07679,0.07682,0.0759,0.07606,18319576.0
1783389600000,0.07606,0.07619,0.07526,0.07532,17683587.0
1783393200000,0.07533,0.07543,0.07496,0.07515,15432222.0
1783396800000,0.07514,0.07519,0.07452,0.07471,22708426.0
1783400400000,0.07471,0.07499,0.07426,0.07486,21205232.0
1783404000000,0.07486,0.07552,0.07473,0.07548,29579201.0
1783407600000,0.07547,0.07566,0.07495,0.07498,19573261.0
1783411200000,0.07499,0.07504,0.07472,0.07482,15853215.0
1783414800000,0.07482,0.07509,0.07475,0.07496,13495208.0
1783418400000,0.07496,0.07521,0.07459,0.07465,21111457.0
1783422000000,0.07464,0.0749,0.07436,0.0748,20572350.0
1783425600000,0.07481,0.07544,0.07475,0.07487,18504470.0
1783429200000,0.07486,0.07491,0.07411,0.07429,24589982.0
1783432800000,0.0743,0.07497,0.07372,0.07483,25240257.0
1783436400000,0.07484,0.07541,0.07457,0.07521,38324296.0
1783440000000,0.07521,0.07575,0.07481,0.07537,18924698.0
1783443600000,0.07537,0.07558,0.07519,0.07547,15004017.0
1783447200000,0.07547,0.07547,0.07447,0.07452,14072773.0
1783450800000,0.07452,0.07493,0.07412,0.07474,9626664.0
1783454400000,0.07475,0.07486,0.07427,0.07438,3700661.0
1783458000000,0.07438,0.07459,0.07396,0.07404,10516936.0
1783461600000,0.07403,0.07452,0.0736,0.07448,11636722.0
1783465200000,0.07447,0.07472,0.07413,0.07418,6901463.0
1783468800000,0.07419,0.07448,0.07415,0.07437,8689221.0
1783472400000,0.07437,0.07441,0.07283,0.07307,44487555.0
1783476000000,0.07306,0.0731,0.07231,0.07293,35400544.0
1783479600000,0.07293,0.07312,0.07256,0.07261,23252627.0
1783483200000,0.07262,0.07272,0.07236,0.07261,17290077.0
1783486800000,0.07261,0.07277,0.07237,0.07254,10420258.0
1783490400000,0.07255,0.07256,0.07176,0.07214,48230705.0
1783494000000,0.07214,0.07266,0.0719,0.07245,19022556.0
1783497600000,0.07245,0.07255,0.07101,0.07131,54012053.0
1783501200000,0.07132,0.07166,0.07109,0.07131,25599602.0
1783504800000,0.07132,0.07174,0.07114,0.07164,12009335.0
1783508400000,0.07165,0.07216,0.07155,0.07207,15954964.0
1783512000000,0.07207,0.07221,0.07183,0.07183,11981832.0
1783515600000,0.07183,0.07233,0.07173,0.072,22563144.0
1783519200000,0.07199,0.07221,0.07148,0.07188,22696043.0
1783522800000,0.07188,0.07193,0.07126,0.07186,11361907.0
1783526400000,0.07187,0.07257,0.07184,0.07255,17724481.0
1783530000000,0.07255,0.07295,0.07231,0.07251,12373262.0
1783533600000,0.07251,0.07279,0.07222,0.07247,12871332.0
1783537200000,0.07247,0.07271,0.07228,0.07265,5144153.0
1783540800000,0.07266,0.07272,0.07234,0.07241,10640853.0
1783544400000,0.07241,0.07258,0.07207,0.07253,7848101.0
1783548000000,0.07253,0.07279,0.07232,0.07245,4616845.0
1783551600000,0.07245,0.07249,0.07219,0.07243,6765204.0
1783555200000,0.07242,0.07246,0.07213,0.07228,4749765.0
1783558800000,0.07229,0.073,0.0721,0.07213,16309562.0
1783562400000,0.07213,0.07263,0.07198,0.07217,9196456.0
1783566000000,0.07218,0.07241,0.07201,0.07228,7981841.0
1783569600000,0.07228,0.07266,0.07222,0.07265,11499968.0
1783573200000,0.07264,0.07288,0.07232,0.07278,27772290.0
1783576800000,0.07278,0.07306,0.07257,0.073,31454672.0
1783580400000,0.07301,0.0732,0.07268,0.07281,18746868.0
1783584000000,0.0728,0.07308,0.07272,0.07289,14787666.0
1783587600000,0.07288,0.07288,0.07257,0.07278,9732998.0
1783591200000,0.07278,0.07285,0.07228,0.07241,10749933.0
1783594800000,0.07241,0.07252,0.07225,0.0725,10343069.0
1783598400000,0.0725,0.07256,0.07205,0.07228,29879116.0
1783602000000,0.07228,0.07276,0.07205,0.07261,15042288.0
1783605600000,0.07262,0.07276,0.0722,0.07268,9047705.0
1783609200000,0.07269,0.07292,0.07254,0.07265,7671463.0
1783612800000,0.07265,0.07281,0.07237,0.07272,13063777.0
1783616400000,0.07271,0.07309,0.07266,0.07295,14948356.0
1783620000000,0.07294,0.07344,0.0729,0.07316,15026445.0
1783623600000,0.07317,0.07335,0.0729,0.07306,5510379.0
1783627200000,0.07307,0.0734,0.07297,0.07329,6165854.0
1783630800000,0.07329,0.07357,0.07322,0.07336,9413768.0
1783634400000,0.07337,0.07344,0.07308,0.07309,6576091.0
1783638000000,0.07308,0.07321,0.07282,0.07289,3347146.0
1783641600000,0.0729,0.07297,0.07266,0.07291,11108035.0
1783645200000,0.07292,0.07423,0.07274,0.07384,33796836.0
1783648800000,0.07385,0.07415,0.07378,0.07406,18962585.0
1783652400000,0.07405,0.07418,0.07384,0.07402,9891149.0
1783656000000,0.07403,0.07423,0.07387,0.07401,9656601.0
1783659600000,0.07401,0.07422,0.07383,0.07414,9183180.0
1783663200000,0.07415,0.07427,0.07386,0.07394,8093284.0
1783666800000,0.07394,0.07408,0.0737,0.07376,11521352.0
1783670400000,0.07377,0.07448,0.07374,0.07424,19069727.0
1783674000000,0.07425,0.07447,0.07403,0.07438,8886530.0
1783677600000,0.07439,0.07468,0.07426,0.07445,14729048.0
1783681200000,0.07445,0.07464,0.07415,0.07437,8230576.0
1783684800000,0.07437,0.07452,0.07399,0.07399,19065508.0
1783688400000,0.07399,0.07452,0.07391,0.07434,10410559.0
1783692000000,0.07434,0.07441,0.07334,0.07388,33987351.0
1783695600000,0.07387,0.07415,0.07375,0.07407,7804990.0
1783699200000,0.07406,0.07435,0.07389,0.07425,8459127.0
1783702800000,0.07426,0.07438,0.07382,0.07388,7035671.0
1783706400000,0.07388,0.07416,0.07364,0.07379,14755403.0
1783710000000,0.07378,0.07438,0.07371,0.07417,8145994.0
1783713600000,0.07417,0.07428,0.07396,0.07419,4923947.0
1783717200000,0.0742,0.07426,0.07409,0.07414,4894447.0
1783720800000,0.07414,0.07428,0.07402,0.07413,4076411.0
1783724400000,0.07414,0.0742,0.07395,0.07412,5763964.0
1783728000000,0.07411,0.07425,0.07391,0.07422,5181393.0
1783731600000,0.07422,0.07438,0.07405,0.07407,4054478.0
1783735200000,0.07408,0.07428,0.07404,0.07423,6649838.0
1783738800000,0.07422,0.07441,0.0741,0.07429,5162380.0
1783742400000,0.07429,0.07443,0.07423,0.07433,7382560.0
1783746000000,0.07432,0.07454,0.07423,0.07445,7836322.0
1783749600000,0.07444,0.07466,0.07434,0.07436,13204021.0
1783753200000,0.07436,0.07444,0.07419,0.07429,11941614.0
1783756800000,0.07428,0.07432,0.07413,0.07424,4803806.0
1783760400000,0.07424,0.07444,0.07415,0.07417,5497773.0
1783764000000,0.07417,0.07475,0.07415,0.0745,8364712.0
1783767600000,0.0745,0.07461,0.07443,0.07448,5294116.0
1783771200000,0.07448,0.07466,0.07438,0.0746,8205215.0
1783774800000,0.0746,0.075,0.07451,0.07467,8697465.0
1783778400000,0.07467,0.07548,0.07467,0.07518,19548451.0
1783782000000,0.07518,0.0756,0.07489,0.07533,37368565.0
1783785600000,0.07533,0.07538,0.07493,0.07504,9999843.0
1783789200000,0.07504,0.07533,0.07496,0.07511,11790396.0
1783792800000,0.0751,0.07527,0.07502,0.0752,6030473.0
1783796400000,0.07521,0.07557,0.07518,0.07535,11464853.0
1783800000000,0.07535,0.07542,0.07516,0.07517,4544981.0
1783803600000,0.07517,0.07535,0.07511,0.0752,3888533.0
1783807200000,0.0752,0.0752,0.07459,0.07464,12655338.0
1783810800000,0.07465,0.07471,0.07319,0.07321,37245689.0
1783814400000,0.0732,0.07332,0.07228,0.07266,40215998.0
1783818000000,0.07266,0.07339,0.07258,0.07339,20850918.0
1783821600000,0.07339,0.07339,0.0731,0.07323,10010235.0
1783825200000,0.07323,0.07349,0.07305,0.07343,14970586.0
1783828800000,0.07342,0.07355,0.07304,0.07313,7465114.0
1783832400000,0.07313,0.0733,0.07303,0.07315,5155188.0
1783836000000,0.07314,0.07314,0.07257,0.07289,13420312.0
1783839600000,0.07289,0.07304,0.07278,0.07293,5206662.0
1783843200000,0.07293,0.07324,0.0729,0.07303,5693056.0
1783846800000,0.07304,0.07316,0.07272,0.07301,4930390.0
1783850400000,0.073,0.07305,0.0729,0.07302,3398312.0
1783854000000,0.07301,0.07329,0.07287,0.07324,9856434.0
1783857600000,0.07323,0.07349,0.07316,0.0734,7163520.0
1783861200000,0.0734,0.07356,0.07325,0.07326,25305746.0
1783864800000,0.07325,0.07389,0.07319,0.07373,12428567.0
1783868400000,0.07373,0.07387,0.0736,0.07372,11253619.0
1783872000000,0.07373,0.07379,0.07347,0.07364,7288754.0
1783875600000,0.07363,0.07368,0.07332,0.07342,5029006.0
1783879200000,0.07342,0.07368,0.07335,0.07366,6824795.0
1783882800000,0.07366,0.07374,0.07345,0.07367,4300363.0
1783886400000,0.07367,0.07369,0.07342,0.07346,2753957.0
1783890000000,0.07346,0.07358,0.07292,0.07309,12243679.0
1783893600000,0.07309,0.07309,0.0724,0.07274,16954879.0
1783897200000,0.07275,0.07286,0.07255,0.07272,4881620.0
1783900800000,0.07272,0.07417,0.07262,0.07343,23322079.0
1783904400000,0.07343,0.07352,0.07246,0.07253,12318644.0
1783908000000,0.07254,0.07293,0.07238,0.07277,10622686.0
1783911600000,0.07276,0.07277,0.07161,0.0721,39944344.0
1783915200000,0.0721,0.07229,0.07192,0.07205,9943228.0
1783918800000,0.07205,0.07245,0.07187,0.07232,21908330.0
1783922400000,0.07232,0.07241,0.0721,0.07234,6017410.0
1783926000000,0.07235,0.07253,0.07223,0.07237,8249663.0
1783929600000,0.07237,0.07269,0.0723,0.07256,9608600.0
1783933200000,0.07256,0.07257,0.07232,0.07237,3987511.0
1783936800000,0.07237,0.07239,0.07208,0.07219,11521405.0
1783940400000,0.07219,0.07248,0.07219,0.0723,9601539.0
1783944000000,0.0723,0.07237,0.07195,0.07211,11615606.0
1783947600000,0.07211,0.07237,0.07188,0.07212,13275256.0
1783951200000,0.07211,0.07257,0.07189,0.07254,18337951.0
1783954800000,0.07253,0.07261,0.07205,0.07209,12278198.0
1783958400000,0.07208,0.07219,0.07151,0.07164,16154716.0
1783962000000,0.07165,0.07182,0.07092,0.07095,21458692.0
1783965600000,0.07095,0.07148,0.07094,0.07135,14270462.0
1783969200000,0.07136,0.07188,0.07135,0.07183,8477253.0
1783972800000,0.07183,0.07198,0.07155,0.07179,5105244.0
1783976400000,0.07179,0.07181,0.07108,0.07151,7843345.0
1783980000000,0.0715,0.07184,0.07134,0.07135,4076810.0
1783983600000,0.07135,0.07201,0.07123,0.07197,6078462.0
1783987200000,0.07198,0.07244,0.07184,0.07234,13563329.0
1783990800000,0.07234,0.07237,0.07191,0.07192,9707255.0
1783994400000,0.07191,0.07205,0.07178,0.07183,9667224.0
1783998000000,0.07183,0.07207,0.07144,0.07205,15222081.0
1784001600000,0.07205,0.07217,0.07193,0.07207,5476977.0
1784005200000,0.07208,0.07243,0.07208,0.07236,11484290.0
1784008800000,0.07236,0.07244,0.07227,0.07231,3457781.0
1784012400000,0.07231,0.07238,0.07212,0.07219,5693011.0
1784016000000,0.07219,0.07231,0.07206,0.07211,5427757.0
1784019600000,0.07212,0.07228,0.07206,0.07209,4327500.0
1784023200000,0.07209,0.07237,0.07198,0.07227,5782958.0
1784026800000,0.07227,0.07235,0.0722,0.07227,4759386.0
1784030400000,0.07228,0.07348,0.07213,0.07335,68983290.0
1784034000000,0.07336,0.07411,0.0731,0.0739,60801856.0
1784037600000,0.0739,0.07469,0.07367,0.07454,57805785.0
1784041200000,0.07454,0.07518,0.07434,0.07491,54171516.0
1784044800000,0.07491,0.07538,0.07452,0.07458,45220545.0
1784048400000,0.07457,0.07464,0.07407,0.07456,20278136.0
1784052000000,0.07456,0.07463,0.07419,0.07446,11809211.0
1784055600000,0.07445,0.07457,0.07414,0.07424,18636691.0
1784059200000,0.07424,0.07428,0.07402,0.0741,6447742.0
1784062800000,0.0741,0.07469,0.07407,0.07433,11316652.0
1784066400000,0.07433,0.07461,0.07401,0.07437,19833903.0
1784070000000,0.07438,0.07466,0.07423,0.07445,13927528.0
1784073600000,0.07444,0.07452,0.07394,0.07411,18691108.0
1784077200000,0.07412,0.07419,0.07387,0.07402,9280329.0
1784080800000,0.07402,0.07411,0.07367,0.07374,14227893.0
1784084400000,0.07375,0.0742,0.07371,0.07404,16635849.0
1784088000000,0.07404,0.07423,0.07381,0.0741,9369852.0
1784091600000,0.0741,0.07452,0.07385,0.07442,11175083.0
1784095200000,0.07443,0.07492,0.07435,0.07442,19213875.0
1784098800000,0.07442,0.07442,0.07387,0.07401,23699218.0
1784102400000,0.07401,0.0743,0.07392,0.07421,6387968.0
1784106000000,0.07421,0.07452,0.07338,0.0737,151118242.0
1784109600000,0.07369,0.07388,0.07362,0.07379,16276959.0
1784113200000,0.07378,0.07387,0.07356,0.07386,16582891.0
1784116800000,0.07385,0.07477,0.07366,0.07469,34111668.0
1784120400000,0.07469,0.07525,0.07429,0.07455,42465603.0
1784124000000,0.07456,0.07518,0.07449,0.0749,31313555.0
1784127600000,0.07491,0.07501,0.07432,0.07462,23315017.0
1784131200000,0.07463,0.07468,0.07336,0.07394,36349373.0
1784134800000,0.07395,0.07439,0.07381,0.07425,21500934.0
1784138400000,0.07424,0.0748,0.07396,0.07405,16755846.0
1784142000000,0.07406,0.07418,0.07367,0.07382,8942339.0
1784145600000,0.07383,0.07415,0.07376,0.07403,7892598.0
1784149200000,0.07402,0.07419,0.07393,0.07404,5945451.0
1784152800000,0.07404,0.07425,0.07392,0.07404,6735800.0
1784156400000,0.07405,0.07419,0.07397,0.07409,4662869.0
1784160000000,0.07409,0.07427,0.07374,0.07391,8544129.0
1784163600000,0.07391,0.0742,0.07362,0.07413,7903661.0
1784167200000,0.07414,0.07439,0.07405,0.07437,6278808.0
1784170800000,0.07437,0.0745,0.07394,0.07399,15012608.0
1784174400000,0.074,0.0741,0.07377,0.07381,8413971.0
1784178000000,0.07381,0.07428,0.07379,0.07423,16023514.0
1784181600000,0.07423,0.07436,0.07389,0.07413,8714558.0
1784185200000,0.07413,0.07415,0.07332,0.07356,17023596.0
1784188800000,0.07356,0.07358,0.07263,0.07315,63681699.0
1784192400000,0.07315,0.07327,0.07303,0.07311,12464274.0
1784196000000,0.07311,0.07343,0.07306,0.07332,3829669.0
1784199600000,0.07333,0.07333,0.07303,0.07327,7400965.0
1784203200000,0.07326,0.07331,0.07275,0.07288,14540897.0
1784206800000,0.07288,0.07374,0.07284,0.07361,19597945.0
1784210400000,0.0736,0.07397,0.07334,0.07362,13514098.0
1784214000000,0.07362,0.07397,0.07316,0.07361,12659375.0
1784217600000,0.07362,0.07372,0.07335,0.07342,7935871.0
1784221200000,0.07342,0.07349,0.07294,0.07322,8613127.0
1784224800000,0.07323,0.07366,0.0732,0.07343,5716639.0
1784228400000,0.07342,0.07351,0.07309,0.07318,13048344.0
1784232000000,0.07317,0.07323,0.07305,0.07307,3191899.0
1784235600000,0.07307,0.07328,0.07293,0.07311,6749460.0
1784239200000,0.07312,0.07334,0.07261,0.07273,8072441.0
1784242800000,0.07274,0.07278,0.07212,0.07236,16543400.0
1784246400000,0.07236,0.07277,0.07209,0.07275,10432134.0
1784250000000,0.07275,0.07287,0.07206,0.07218,7845690.0
1784253600000,0.07217,0.07229,0.07185,0.07209,17549346.0
1784257200000,0.0721,0.07265,0.07208,0.07244,7936439.0
1784260800000,0.07244,0.07246,0.072,0.07229,10902599.0
1784264400000,0.07228,0.07229,0.07142,0.07153,25235621.0
1784268000000,0.07152,0.07199,0.0714,0.07183,18068501.0
1784271600000,0.07183,0.0719,0.07159,0.07169,9574057.0
1784275200000,0.07169,0.07178,0.07117,0.07147,15433861.0
1784278800000,0.07147,0.07175,0.07144,0.07173,7777048.0
1784282400000,0.07174,0.07207,0.0717,0.07199,20150798.0
1784286000000,0.07199,0.07212,0.07188,0.07203,12725797.0
1784289600000,0.07203,0.07205,0.07167,0.07169,8254911.0
1784293200000,0.0717,0.07196,0.071,0.07191,31684166.0
1784296800000,0.07192,0.07229,0.07174,0.07193,17535464.0
1784300400000,0.07192,0.07215,0.07154,0.07215,20406982.0
1784304000000,0.07214,0.07256,0.07199,0.07235,22522642.0
1784307600000,0.07235,0.07298,0.07235,0.07257,18108828.0
1784311200000,0.07258,0.07288,0.07238,0.0728,14137171.0
1784314800000,0.07279,0.0728,0.07241,0.07266,9783067.0
1784318400000,0.07266,0.07272,0.07233,0.07269,5503442.0
1784322000000,0.07269,0.07293,0.07263,0.07267,8873407.0
1784325600000,0.07268,0.07272,0.07242,0.07255,3141663.0
1784329200000,0.07256,0.07262,0.07235,0.07256,4627082.0
1784332800000,0.07256,0.07271,0.07249,0.0725,5752963.0
1784336400000,0.0725,0.07264,0.07241,0.07258,2442619.0
1784340000000,0.07258,0.07279,0.07251,0.07257,8066218.0
1784343600000,0.07257,0.07281,0.07256,0.07268,6534547.0
1784347200000,0.07268,0.0727,0.0725,0.0725,3266749.0
1784350800000,0.07251,0.07251,0.07211,0.07223,13101487.0
1784354400000,0.07223,0.07243,0.07215,0.07237,4539955.0
1784358000000,0.07237,0.07242,0.07228,0.07231,2374820.0
1784361600000,0.07231,0.07246,0.07223,0.07226,4953021.0
1784365200000,0.07226,0.07229,0.07194,0.07217,9437284.0
1784368800000,0.07217,0.07232,0.07213,0.07221,3511409.0
1784372400000,0.07222,0.0723,0.07217,0.07225,4154852.0
1784376000000,0.07225,0.0725,0.07204,0.07235,5930897.0
1784379600000,0.07234,0.07234,0.07195,0.07212,7633880.0
1784383200000,0.07212,0.07235,0.07207,0.07227,5147658.0
1784386800000,0.07228,0.07235,0.07214,0.07219,11554854.0
1784390400000,0.07219,0.07237,0.07209,0.07232,6813855.0
1784394000000,0.07232,0.07248,0.07217,0.0724,4330814.0
1784397600000,0.0724,0.07266,0.07228,0.07234,5268719.0
1784401200000,0.07235,0.07246,0.0723,0.0724,2766234.0
1784404800000,0.0724,0.07257,0.0723,0.07241,4305030.0
1784408400000,0.07241,0.07258,0.07227,0.07237,3758102.0
1784412000000,0.07238,0.07256,0.07234,0.07249,5206431.0
1784415600000,0.07248,0.07257,0.0724,0.07253,4649302.0
1784419200000,0.07254,0.07259,0.07241,0.07255,3190212.0
1784422800000,0.07255,0.07258,0.07241,0.07243,1702155.0
1784426400000,0.07243,0.07285,0.0724,0.07265,10876723.0
1784430000000,0.07265,0.07268,0.07235,0.07243,5344810.0
1784433600000,0.07244,0.0725,0.07227,0.07236,2103320.0
1784437200000,0.07236,0.07251,0.07231,0.07235,3823837.0
1784440800000,0.07236,0.07249,0.07232,0.07244,1558601.0
1784444400000,0.07247,0.07262,0.07237,0.07244,38111676.0
1784448000000,0.07244,0.07271,0.07237,0.07264,45682996.0
1784451600000,0.07264,0.07275,0.07234,0.07246,71898209.0
1784455200000,0.07246,0.07279,0.07232,0.0726,89980439.0
1784458800000,0.0726,0.07273,0.07244,0.0725,61314350.0
1784462400000,0.07251,0.0726,0.07227,0.07241,73533870.0
1784466000000,0.07242,0.07252,0.07217,0.07239,95040593.0
1784469600000,0.07239,0.07277,0.0723,0.07259,89661348.0
1784473200000,0.07258,0.07262,0.07236,0.07243,41426860.0
1784476800000,0.07244,0.07251,0.07227,0.07227,54578440.0
1784480400000,0.07228,0.07243,0.07187,0.0722,133354825.0
1784484000000,0.0722,0.07221,0.07157,0.07199,128399787.0
