ts,open,high,low,close,volume
1776668400000,624.23,629.48,623.21,624.69,6643.15
1776672000000,624.69,625.56,622.71,623.82,5345.832
1776675600000,623.81,627.03,623.47,626.71,4677.187
1776679200000,626.72,628.14,626.01,626.05,4118.23
1776682800000,626.04,626.8,625.15,625.5,3411.239
1776686400000,625.49,627.94,624.3,625.05,4920.4
1776690000000,625.05,626.6,623.4,625.82,7676.973
1776693600000,625.82,628.06,622.81,623.58,6928.703
1776697200000,623.59,628.36,620.87,628.31,4312.986
1776700800000,628.31,629.42,626.89,627.11,2987.224
1776704400000,627.12,630.0,626.71,629.48,3168.79
1776708000000,629.48,631.8,629.28,630.97,4669.74
1776711600000,630.97,631.7,630.0,630.56,1762.862
1776715200000,630.57,631.9,629.56,631.01,4047.982
1776718800000,631.01,632.08,629.17,630.42,3443.092
1776722400000,630.42,631.5,628.75,628.94,1483.617
1776726000000,628.93,629.4,628.0,629.26,1889.524
1776729600000,629.26,631.99,629.26,631.52,3330.319
1776733200000,631.52,632.46,630.12,630.47,2210.166
1776736800000,630.47,630.69,628.42,628.64,2730.461
1776740400000,628.63,630.19,628.1,629.87,2824.533
1776744000000,629.87,630.76,628.81,630.61,1885.044
1776747600000,630.61,632.06,630.55,630.91,2394.992
1776751200000,630.9,633.08,630.04,632.46,2410.782
1776754800000,632.46,633.93,631.78,632.88,4448.528
1776758400000,632.89,637.51,632.2,635.2,7499.125
1776762000000,635.21,636.88,634.69,636.75,8379.993
1776765600000,636.76,640.7,636.76,638.55,10904.39
1776769200000,638.56,638.63,633.44,634.14,14905.16
1776772800000,634.14,634.87,629.9,631.96,6353.037
1776776400000,631.96,633.14,630.69,632.27,3734.742
1776780000000,632.28,635.17,630.12,630.39,5402.492
1776783600000,630.39,632.83,629.37,631.81,3819.154
1776787200000,631.82,633.66,631.24,631.88,3520.441
1776790800000,631.88,632.15,627.04,629.74,4209.655
1776794400000,629.74,630.49,628.31,630.3,2183.635
1776798000000,630.31,631.58,625.0,626.6,3082.909
1776801600000,626.59,630.7,625.56,629.8,3578.825
1776805200000,629.81,630.11,628.68,629.19,1530.739
1776808800000,629.19,629.71,627.71,628.9,1298.75
1776812400000,628.89,632.45,628.8,631.72,2735.367
1776816000000,631.73,633.34,631.73,632.84,2196.356
1776819600000,632.85,633.1,631.19,632.68,1606.108
1776823200000,632.68,640.82,632.44,640.08,11139.423
1776826800000,640.08,641.4,639.12,639.57,5626.561
1776830400000,639.57,640.58,638.66,639.74,2983.534
1776834000000,639.75,644.95,639.65,642.84,16398.539
1776837600000,642.83,643.2,641.46,642.3,3660.383
1776841200000,642.3,642.82,641.26,641.99,2917.39
1776844800000,642.0,642.96,641.0,642.17,4271.833
1776848400000,642.17,643.81,641.75,642.13,2477.283
1776852000000,642.13,643.17,641.0,642.07,5359.626
1776855600000,642.07,642.97,641.13,642.77,3225.857
1776859200000,642.78,643.93,642.14,643.45,3365.515
1776862800000,643.45,654.19,643.11,650.59,17645.769
1776866400000,650.6,653.4,647.7,650.26,11826.154
1776870000000,650.27,650.45,648.29,649.1,6171.514
1776873600000,649.1,650.96,642.89,644.4,8093.459
1776877200000,644.4,645.78,643.72,644.68,4425.562
1776880800000,644.69,646.85,644.68,645.08,3357.954
1776884400000,645.08,646.49,643.93,644.1,2421.601
1776888000000,644.1,644.18,640.46,641.06,7782.11
1776891600000,641.07,643.41,640.23,641.47,2592.139
1776895200000,641.47,642.43,639.42,640.0,2015.469
1776898800000,639.99,640.57,637.33,637.47,3426.2
1776902400000,637.47,639.5,633.95,638.57,7572.807
1776906000000,638.58,639.11,636.82,637.76,2992.97
1776909600000,637.76,638.16,633.79,634.87,4894.421
1776913200000,634.86,635.88,633.23,635.6,7106.479
1776916800000,635.61,636.38,635.01,636.18,2689.391
1776920400000,636.17,637.19,635.47,636.96,1859.158
1776924000000,636.96,638.43,636.58,636.94,3931.349
1776927600000,636.95,637.2,635.3,635.7,4703.614
1776931200000,635.7,636.29,634.17,635.37,3223.64
1776934800000,635.38,635.45,632.12,632.85,4305.627
1776938400000,632.86,633.33,631.0,631.62,5066.76
1776942000000,631.63,634.14,631.24,633.56,4291.687
1776945600000,633.56,634.98,632.0,634.7,5474.271
1776949200000,634.69,635.99,634.33,635.99,3608.782
1776952800000,636.0,637.33,635.33,637.01,3196.107
1776956400000,637.01,640.0,635.85,639.74,6122.711
1776960000000,639.74,640.38,638.41,638.54,4028.96
1776963600000,638.54,638.92,631.14,633.88,8471.805
1776967200000,633.89,636.66,633.62,634.11,3418.58
1776970800000,634.11,636.55,633.65,635.91,2106.695
1776974400000,635.9,638.55,635.6,637.8,3226.126
1776978000000,637.8,638.96,636.86,637.81,2115.811
1776981600000,637.81,639.79,637.8,638.57,1561.743
1776985200000,638.56,638.86,637.56,638.54,2439.762
1776988800000,638.55,640.42,638.08,639.92,2009.003
1776992400000,639.93,639.93,637.43,639.6,1772.705
1776996000000,639.6,639.76,636.6,636.77,2348.855
1776999600000,636.77,636.82,633.6,634.61,3401.037
1777003200000,634.61,634.61,632.45,633.87,3519.305
1777006800000,633.87,634.66,632.04,634.11,3629.088
1777010400000,634.11,635.36,633.38,634.56,3000.424
1777014000000,634.57,637.17,634.33,635.0,3460.321
1777017600000,634.99,637.87,634.54,637.04,3998.343
1777021200000,637.04,637.19,633.33,633.97,4751.51
1777024800000,633.97,635.55,633.6,634.88,2611.252
1777028400000,634.89,638.75,634.89,638.1,4605.173
1777032000000,638.1,638.82,636.48,638.56,2481.986
1777035600000,638.57,640.49,637.42,638.45,4329.815
1777039200000,638.44,639.11,636.05,638.23,4988.325
1777042800000,638.23,639.78,635.95,639.6,5154.399
1777046400000,639.6,639.97,636.75,637.9,3575.124
1777050000000,637.91,638.49,636.54,637.76,2544.083
1777053600000,637.77,637.86,635.34,637.48,1395.245
1777057200000,637.48,638.9,636.76,638.24,1375.004
1777060800000,638.24,638.3,636.46,637.99,1665.686
1777064400000,638.0,638.37,636.89,637.47,2026.913
1777068000000,637.47,637.71,635.43,636.11,1207.361
1777071600000,636.12,636.68,635.94,636.21,774.861
1777075200000,636.21,636.66,635.49,635.97,2530.278
1777078800000,635.97,637.34,635.75,637.04,1648.716
1777082400000,637.04,637.69,636.56,637.68,2301.189
1777086000000,637.69,637.69,636.91,637.45,2412.311
1777089600000,637.45,637.89,636.92,637.73,1051.799
1777093200000,637.72,637.72,636.41,636.7,1098.403
1777096800000,636.7,638.08,636.29,637.45,1496.898
1777100400000,637.46,637.61,636.7,636.7,1808.404
1777104000000,636.71,638.5,636.47,638.07,2755.457
1777107600000,638.08,638.34,637.16,637.65,2863.479
1777111200000,637.64,638.3,637.46,637.99,1182.141
1777114800000,637.99,637.99,634.2,634.66,2987.149
1777118400000,634.66,635.15,632.85,632.93,2782.914
1777122000000,632.94,633.9,632.73,632.74,4020.019
1777125600000,632.74,632.9,630.92,630.92,5414.339
1777129200000,630.92,631.67,629.11,629.91,7505.676
1777132800000,629.9,630.41,627.36,629.52,3821.678
1777136400000,629.52,629.99,627.32,627.41,2797.847
1777140000000,627.41,629.13,627.15,628.71,1665.064
1777143600000,628.71,629.4,628.17,628.66,1086.961
1777147200000,628.67,629.41,628.34,629.33,816.69
1777150800000,629.32,629.75,628.92,629.4,1704.993
1777154400000,629.41,630.43,629.01,629.57,1040.631
1777158000000,629.57,629.67,628.4,628.53,2125.301
1777161600000,628.52,629.34,627.5,628.81,2487.504
1777165200000,628.82,630.35,628.24,629.77,2323.55
1777168800000,629.77,630.11,629.18,629.94,1329.357
1777172400000,629.95,629.99,627.0,628.63,1773.533
1777176000000,628.63,630.72,628.27,630.09,1965.918
1777179600000,630.09,632.79,630.01,631.62,2962.866
1777183200000,631.62,632.46,630.76,631.04,2165.518
1777186800000,631.05,632.61,630.96,632.52,2718.101
1777190400000,632.52,632.75,629.9,630.6,3854.853
1777194000000,630.61,632.31,630.0,631.7,3126.565
1777197600000,631.7,631.84,631.19,631.44,1371.693
1777201200000,631.44,632.7,631.44,632.54,1459.701
1777204800000,632.55,632.55,630.6,630.97,1960.955
1777208400000,630.98,631.86,630.64,631.37,1905.487
1777212000000,631.38,633.03,630.88,632.14,3605.979
1777215600000,632.14,632.88,631.62,632.29,1904.968
1777219200000,632.29,632.54,631.08,631.15,1188.989
1777222800000,631.14,632.0,630.59,631.99,787.617
1777226400000,631.99,634.4,631.72,633.87,2853.772
1777230000000,633.86,636.74,633.5,635.89,4110.5
1777233600000,635.9,636.28,634.54,634.62,1181.827
1777237200000,634.62,636.84,633.0,635.7,2625.484
1777240800000,635.7,638.06,633.69,635.02,1879.351
1777244400000,635.03,636.79,633.84,635.76,2902.252
1777248000000,635.77,638.39,633.74,638.29,3026.52
1777251600000,638.3,639.81,635.73,638.49,5661.45
1777255200000,638.49,639.65,637.21,638.47,6653.152
1777258800000,638.48,639.78,638.18,638.27,2702.991
1777262400000,638.27,638.64,636.4,636.87,3931.953
1777266000000,636.88,637.11,627.88,629.2,11427.828
1777269600000,629.2,629.67,625.15,627.31,8870.59
1777273200000,627.32,627.59,625.5,625.87,4179.681
1777276800000,625.87,628.27,625.4,628.04,4345.813
1777280400000,628.04,628.94,627.3,628.49,2774.062
1777284000000,628.49,628.62,627.62,627.8,1619.312
1777287600000,627.8,627.92,626.57,627.4,2197.544
1777291200000,627.39,627.39,625.2,625.79,3674.327
1777294800000,625.79,627.02,624.17,625.49,4835.465
1777298400000,625.49,628.56,625.0,626.29,5291.122
1777302000000,626.3,626.45,618.38,620.94,11576.961
1777305600000,620.93,622.3,620.5,621.5,4483.678
1777309200000,621.5,624.02,621.49,623.06,4400.113
1777312800000,623.05,623.8,622.25,623.49,2511.359
1777316400000,623.49,623.58,621.01,623.53,2251.739
1777320000000,623.53,624.36,623.52,623.95,1240.727
1777323600000,623.96,624.68,623.33,623.34,2093.592
1777327200000,623.34,625.12,623.13,624.78,1378.746
1777330800000,624.78,627.31,624.3,626.83,2816.763
1777334400000,626.83,627.58,626.01,627.08,1550.845
1777338000000,627.07,627.1,625.5,625.82,1700.772
1777341600000,625.83,626.64,623.28,624.43,2348.921
1777345200000,624.42,624.66,623.44,624.52,1525.969
1777348800000,624.52,625.99,623.87,625.51,3005.751
1777352400000,625.51,626.62,624.43,624.75,2731.955
1777356000000,624.75,625.96,623.09,623.16,5546.394
1777359600000,623.16,624.5,621.86,624.26,5223.99
1777363200000,624.26,625.47,623.76,624.54,2067.307
1777366800000,624.55,624.91,622.4,622.97,2458.514
1777370400000,622.97,623.83,622.41,622.71,2359.953
1777374000000,622.7,622.96,621.21,621.85,2790.751
1777377600000,621.86,623.54,621.13,623.26,3280.393
1777381200000,623.26,623.63,620.54,622.22,4927.969
1777384800000,622.22,622.29,619.0,622.29,5463.353
1777388400000,622.3,623.0,621.81,622.82,3209.095
1777392000000,622.82,623.59,621.82,623.48,2351.294
1777395600000,623.48,624.0,622.43,623.52,2139.001
1777399200000,623.52,624.01,623.05,623.73,1294.775
1777402800000,623.73,624.3,622.97,624.17,1352.801
1777406400000,624.17,624.46,623.74,624.28,1865.94
1777410000000,624.29,624.66,623.0,623.61,1262.259
1777413600000,623.61,624.38,622.87,623.24,947.531
1777417200000,623.24,624.64,622.95,624.55,942.209
1777420800000,624.56,624.91,623.57,624.6,1524.91
1777424400000,624.61,625.33,622.56,624.72,2042.124
1777428000000,624.73,625.3,623.61,624.18,1881.419
1777431600000,624.19,626.73,624.11,626.05,4232.689
1777435200000,626.05,628.5,625.0,627.86,5066.669
1777438800000,627.86,628.23,627.05,627.35,3185.836
1777442400000,627.35,627.61,625.49,626.06,3185.459
1777446000000,626.06,626.73,625.0,625.13,5208.463
1777449600000,625.13,625.86,624.54,625.62,4525.758
1777453200000,625.62,629.45,625.25,629.05,5079.587
1777456800000,629.06,629.61,627.46,627.85,3873.105
1777460400000,627.85,628.0,625.92,626.02,6000.836
1777464000000,626.01,626.06,622.19,623.88,4988.261
1777467600000,623.88,624.2,620.02,622.17,4039.956
1777471200000,622.16,622.86,620.63,621.13,3858.497
1777474800000,621.14,621.33,615.48,616.51,8198.364
1777478400000,616.52,618.01,616.21,617.73,4088.9
1777482000000,617.73,620.01,617.73,619.92,3826.145
1777485600000,619.92,620.28,610.26,613.76,15726.037
1777489200000,613.76,614.46,612.37,613.31,2913.086
1777492800000,613.32,616.15,613.02,615.39,2991.729
1777496400000,615.38,618.58,615.03,617.19,2498.511
1777500000000,617.18,618.14,616.56,618.03,1278.418
1777503600000,618.03,618.24,616.72,617.39,1598.413
1777507200000,617.39,620.41,616.33,620.28,4532.131
1777510800000,620.27,620.53,619.22,619.23,2057.651
1777514400000,619.23,620.18,616.03,617.43,3999.705
1777518000000,617.42,618.48,616.99,617.88,1976.605
1777521600000,617.88,618.0,614.53,614.66,2812.091
1777525200000,614.66,616.51,613.47,616.35,5333.219
1777528800000,616.34,616.8,615.52,615.64,4085.447
1777532400000,615.65,618.26,615.52,617.5,6566.304
1777536000000,617.5,618.29,616.6,616.61,3506.393
1777539600000,616.61,618.75,616.57,616.9,2324.812
1777543200000,616.9,617.28,615.62,615.84,2833.008
1777546800000,615.85,617.33,614.38,615.63,5077.119
1777550400000,615.64,616.8,615.0,615.28,4345.726
1777554000000,615.29,616.7,614.14,615.6,4067.245
1777557600000,615.61,616.51,613.58,616.43,6486.738
1777561200000,616.42,618.13,615.76,617.1,4235.352
1777564800000,617.09,617.15,616.0,616.33,2402.697
1777568400000,616.33,617.36,615.75,617.11,2126.601
1777572000000,617.11,618.69,617.1,617.56,1601.471
1777575600000,617.57,618.84,617.23,618.45,1891.523
1777579200000,618.44,618.61,617.73,617.74,1528.017
1777582800000,617.73,617.79,616.0,616.01,1540.678
1777586400000,616.01,616.41,614.91,615.08,1793.655
1777590000000,615.08,615.63,614.79,615.38,1488.257
1777593600000,615.38,616.8,615.28,615.57,2894.365
1777597200000,615.57,617.54,615.5,617.51,1918.189
1777600800000,617.51,617.54,616.5,617.18,3678.681
1777604400000,617.18,621.29,616.9,618.5,5867.57
1777608000000,618.5,619.08,616.99,617.1,3437.91
1777611600000,617.11,618.29,616.99,617.9,1881.068
1777615200000,617.9,618.37,616.03,616.66,2140.455
1777618800000,616.67,617.61,616.13,617.42,2934.677
1777622400000,617.42,619.56,617.13,618.67,2320.242
1777626000000,618.66,618.7,616.44,616.87,2813.9
1777629600000,616.87,617.41,615.94,617.4,4370.999
1777633200000,617.41,619.0,617.41,618.92,3728.483
1777636800000,618.92,620.84,618.44,619.14,7659.518
1777640400000,619.14,622.84,619.14,622.48,7664.283
1777644000000,622.47,622.82,619.56,620.7,5312.87
1777647600000,620.71,622.62,619.74,620.83,4811.647
1777651200000,620.83,621.79,619.35,619.55,3583.013
1777654800000,619.55,620.5,618.98,620.36,2074.056
1777658400000,620.36,620.78,619.0,619.26,1754.886
1777662000000,619.26,620.38,618.9,619.24,1465.188
1777665600000,619.24,619.37,616.4,616.94,3082.45
1777669200000,616.94,617.69,616.73,617.32,1848.359
1777672800000,617.33,617.88,614.94,615.13,7672.397
1777676400000,615.12,615.66,613.79,615.34,3138.534
1777680000000,615.34,616.13,614.78,615.86,2589.412
1777683600000,615.86,616.58,615.59,615.81,1561.132
1777687200000,615.82,617.26,615.61,616.11,1684.156
1777690800000,616.11,616.87,615.4,616.19,1766.26
1777694400000,616.19,616.22,614.48,615.01,3363.201
1777698000000,615.01,615.67,614.15,615.21,1700.763
1777701600000,615.21,616.3,614.86,616.21,1376.908
1777705200000,616.21,616.4,615.25,615.91,1312.023
1777708800000,615.9,616.2,615.24,615.73,2066.39
1777712400000,615.74,615.93,615.22,615.64,1543.401
1777716000000,615.63,615.86,615.16,615.76,1436.752
1777719600000,615.76,615.76,614.71,615.66,1613.307
1777723200000,615.67,616.45,615.38,615.89,2966.674
1777726800000,615.89,617.19,615.89,617.18,2842.743
1777730400000,617.18,617.62,616.65,616.77,3751.839
1777734000000,616.77,618.27,616.69,618.22,2639.992
1777737600000,618.22,619.38,617.73,618.63,3447.533
1777741200000,618.63,618.89,618.02,618.33,2070.724
1777744800000,618.32,619.21,617.71,618.63,1678.539
1777748400000,618.63,618.97,618.23,618.83,1378.044
1777752000000,618.84,618.85,618.26,618.56,1506.933
1777755600000,618.57,621.81,618.56,619.57,3686.958
1777759200000,619.57,619.88,618.34,619.72,1730.131
1777762800000,619.71,619.71,617.77,618.03,2260.179
1777766400000,618.03,618.49,617.0,617.7,2163.222
1777770000000,617.7,617.77,615.55,616.02,2674.024
1777773600000,616.02,616.23,615.09,615.67,3621.007
1777777200000,615.67,616.56,615.35,616.22,2207.243
1777780800000,616.22,616.29,615.42,615.58,1697.096
1777784400000,615.58,617.6,615.57,617.09,2424.961
1777788000000,617.09,617.22,615.31,616.88,3716.314
1777791600000,616.88,618.35,616.49,616.96,1911.708
1777795200000,616.97,617.84,616.68,617.57,2568.151
1777798800000,617.58,619.4,617.55,618.64,3449.374
1777802400000,618.65,618.72,617.64,617.64,2947.455
1777806000000,617.64,619.54,617.14,618.81,3991.357
1777809600000,618.81,619.8,618.81,619.05,2808.033
1777813200000,619.06,619.25,618.14,619.0,3138.185
1777816800000,619.0,620.21,618.9,620.0,4112.627
1777820400000,619.99,620.57,619.59,619.87,3597.366
1777824000000,619.87,620.34,618.78,619.88,2334.978
1777827600000,619.88,620.78,618.95,619.78,3632.142
1777831200000,619.78,619.96,619.1,619.49,1799.882
1777834800000,619.5,619.96,618.91,619.26,1831.314
1777838400000,619.26,620.93,618.8,619.58,2935.306
1777842000000,619.59,619.95,617.9,618.88,3141.565
1777845600000,618.88,622.0,618.88,620.82,6399.603
1777849200000,620.83,622.27,617.0,617.27,3747.217
1777852800000,617.28,617.54,615.61,617.18,5142.093
1777856400000,617.18,623.2,616.33,622.21,5446.488
1777860000000,622.22,626.66,621.81,624.76,17256.271
1777863600000,624.76,626.58,623.88,626.57,9575.08
1777867200000,626.58,639.0,626.58,632.65,30948.662
1777870800000,632.65,634.63,631.84,633.26,13842.205
1777874400000,633.26,634.13,626.88,628.45,11387.357
1777878000000,628.46,629.58,627.68,628.4,4659.311
1777881600000,628.4,628.99,627.51,628.08,5494.794
1777885200000,628.09,631.01,627.73,630.55,4071.681
1777888800000,630.55,630.6,620.0,623.72,20388.276
1777892400000,623.71,624.57,622.36,622.9,4574.808
1777896000000,622.91,623.48,622.02,622.26,6629.273
1777899600000,622.27,624.5,621.19,623.36,9042.742
1777903200000,623.36,628.44,621.45,627.19,12256.113
1777906800000,627.19,628.43,623.48,625.47,15590.551
1777910400000,625.47,626.84,623.5,625.84,7400.547
1777914000000,625.84,628.8,625.71,627.74,5776.413
1777917600000,627.75,628.0,625.44,625.8,3495.096
1777921200000,625.8,625.86,624.72,624.93,2607.588
1777924800000,624.93,625.63,622.71,623.14,4832.665
1777928400000,623.15,625.41,623.14,625.03,2384.139
1777932000000,625.02,625.91,624.14,624.3,1892.089
1777935600000,624.31,624.31,622.6,622.63,1954.759
1777939200000,622.64,624.97,622.58,624.8,3454.31
1777942800000,624.8,625.68,624.14,624.65,3394.784
1777946400000,624.64,626.86,624.35,625.2,5106.271
1777950000000,625.21,628.86,624.8,627.81,7243.939
1777953600000,627.8,627.96,625.89,626.19,5115.396
1777957200000,626.19,628.6,625.73,628.21,4093.023
1777960800000,628.2,628.34,626.17,627.04,5711.079
1777964400000,627.04,628.81,626.78,627.54,7659.56
1777968000000,627.54,628.9,627.15,627.32,6116.396
1777971600000,627.32,627.47,625.94,626.99,5171.365
1777975200000,626.99,628.63,626.58,628.33,3840.331
1777978800000,628.32,628.94,627.93,628.59,8855.598
1777982400000,628.6,630.43,628.05,629.92,6350.758
1777986000000,629.92,634.0,629.91,631.04,13809.903
1777989600000,631.05,631.46,628.51,630.65,9406.747
1777993200000,630.65,632.34,630.23,631.01,5542.858
1777996800000,631.01,631.95,628.79,629.29,7200.006
1778000400000,629.3,629.42,627.81,628.97,7648.194
1778004000000,628.98,630.44,628.97,630.33,2745.516
1778007600000,630.33,632.38,630.18,631.72,5789.886
1778011200000,631.73,634.5,631.59,633.24,5975.417
1778014800000,633.24,635.0,631.7,633.28,5875.355
1778018400000,633.3,634.67,630.18,631.89,6975.854
1778022000000,631.88,632.31,629.71,630.42,3939.249
1778025600000,630.41,631.69,628.97,630.94,5027.862
1778029200000,630.93,634.46,630.53,634.35,4402.838
1778032800000,634.36,635.0,632.65,634.16,5154.551
1778036400000,634.16,636.01,631.16,635.17,8780.128
1778040000000,635.18,636.19,633.51,634.65,4657.171
1778043600000,634.65,634.94,632.85,634.85,3546.008
1778047200000,634.86,636.17,634.5,635.87,4027.874
1778050800000,635.88,640.43,635.69,637.99,13222.488
1778054400000,637.98,646.59,637.95,646.18,18204.554
1778058000000,646.18,647.7,643.44,646.96,15236.711
1778061600000,646.97,648.33,644.97,645.51,16548.52
1778065200000,645.51,652.66,645.39,652.56,28136.788
1778068800000,652.56,664.26,651.12,657.08,49770.698
1778072400000,657.08,657.09,645.86,647.41,15639.212
1778076000000,647.41,650.3,643.58,647.33,10650.277
1778079600000,647.34,649.54,646.71,648.51,5741.237
1778083200000,648.51,650.73,646.29,649.5,5950.472
1778086800000,649.5,650.41,647.8,648.59,4856.925
1778090400000,648.6,650.49,647.32,649.77,5875.308
1778094000000,649.77,650.93,648.78,650.45,3312.538
1778097600000,650.44,651.49,647.66,648.87,3055.02
1778101200000,648.87,650.51,647.38,649.78,1950.729
1778104800000,649.79,650.16,646.61,646.86,3583.751
1778108400000,646.86,647.76,644.46,647.74,4363.596
1778112000000,647.74,649.81,644.7,644.88,4766.74
1778115600000,644.88,645.46,641.94,645.11,11514.502
1778119200000,645.12,645.33,642.01,643.93,5883.638
1778122800000,643.94,644.51,641.64,642.53,7666.116
1778126400000,642.54,644.18,642.1,644.18,3731.792
1778130000000,644.18,647.08,644.13,647.08,4086.093
1778133600000,647.08,648.18,644.91,648.18,4855.548
1778137200000,648.18,653.49,647.62,651.91,6642.01
1778140800000,651.92,653.1,649.15,651.04,5158.696
1778144400000,651.05,651.07,647.48,648.91,7708.641
1778148000000,648.91,649.65,646.15,647.66,3866.919
1778151600000,647.66,649.23,646.51,648.01,4867.844
1778155200000,648.01,651.0,647.28,650.8,3966.895
1778158800000,650.8,650.8,645.36,646.82,7082.231
1778162400000,646.83,647.08,640.6,642.37,9140.019
1778166000000,642.37,644.02,639.41,642.45,9280.918
1778169600000,642.46,643.59,639.33,641.45,7909.232
1778173200000,641.45,643.65,639.75,643.63,4914.54
1778176800000,643.63,644.7,642.2,643.35,2673.188
1778180400000,643.35,644.19,641.92,643.71,2202.615
1778184000000,643.71,645.65,643.36,643.4,5723.42
1778187600000,643.41,643.92,641.22,642.48,2749.542
1778191200000,642.47,642.47,633.68,635.57,15114.031
1778194800000,635.57,637.5,634.35,637.02,2668.639
1778198400000,637.02,639.12,636.67,637.85,4557.393
1778202000000,637.85,638.53,636.0,638.1,2470.019
1778205600000,638.1,639.87,635.46,638.69,4681.681
1778209200000,638.69,640.54,636.81,639.44,3703.024
1778212800000,639.44,641.0,638.19,639.82,3288.616
1778216400000,639.83,640.13,638.0,638.0,3162.671
1778220000000,638.01,638.38,634.76,636.64,9441.31
1778223600000,636.64,637.07,634.91,636.91,8400.311
1778227200000,636.91,638.22,635.89,638.22,9632.427
1778230800000,638.22,639.66,637.54,638.38,3782.002
1778234400000,638.39,640.1,637.82,639.55,3831.669
1778238000000,639.55,641.56,639.55,641.02,4306.931
1778241600000,641.03,641.26,639.16,639.72,4182.501
1778245200000,639.72,640.09,637.54,638.96,3838.372
1778248800000,638.97,642.77,638.91,642.26,4532.975
1778252400000,642.26,644.0,639.42,643.92,5925.312
1778256000000,643.92,644.15,642.36,642.47,2523.88
1778259600000,642.47,647.08,642.38,645.75,4934.115
1778263200000,645.76,649.5,645.76,647.7,4763.448
1778266800000,647.71,648.77,646.89,648.09,2833.688
1778270400000,648.1,648.94,645.86,646.66,4486.012
1778274000000,646.67,650.01,646.19,650.01,2636.474
1778277600000,650.02,651.53,649.99,650.07,3484.235
1778281200000,650.07,650.5,647.81,649.36,2353.61
1778284800000,649.37,652.41,649.01,651.9,4427.702
1778288400000,651.9,655.88,651.87,654.41,6373.98
1778292000000,654.41,655.17,653.7,654.26,4306.747
1778295600000,654.26,654.92,652.98,653.66,3344.886
1778299200000,653.67,656.0,652.96,653.17,7758.841
1778302800000,653.17,653.17,650.91,651.15,14679.748
1778306400000,651.16,651.93,649.88,651.6,6798.258
1778310000000,651.6,651.6,648.95,649.77,3369.149
1778313600000,649.77,650.96,649.66,650.63,1954.073
1778317200000,650.63,651.03,648.55,649.8,2443.213
1778320800000,649.8,649.91,648.43,649.18,2669.912
1778324400000,649.19,650.61,649.07,650.04,2755.429
1778328000000,650.05,650.67,649.07,649.83,2516.72
1778331600000,649.84,649.96,648.42,649.46,2857.323
1778335200000,649.46,649.51,646.85,647.0,3317.145
1778338800000,647.0,648.5,646.23,647.66,2677.538
1778342400000,647.67,649.79,647.01,648.35,5753.775
1778346000000,648.35,650.62,648.34,649.9,6760.881
1778349600000,649.9,651.84,649.87,651.08,1857.939
1778353200000,651.09,651.27,650.46,651.01,1236.501
1778356800000,651.01,651.38,650.0,650.62,2647.714
1778360400000,650.63,652.33,650.61,651.48,4837.196
1778364000000,651.49,652.36,650.49,651.0,1773.34
1778367600000,650.99,651.59,649.53,649.75,1234.882
1778371200000,649.76,650.5,646.49,646.9,7885.408
1778374800000,646.9,646.9,644.84,646.69,4043.912
1778378400000,646.69,647.86,645.63,647.69,2478.35
1778382000000,647.7,648.89,646.95,647.7,3616.464
1778385600000,647.71,648.68,647.34,648.01,1281.783
1778389200000,648.0,648.79,647.58,648.39,1810.672
1778392800000,648.39,648.95,647.28,648.51,2809.221
1778396400000,648.51,649.29,647.83,648.28,2697.372
1778400000000,648.29,650.72,648.0,650.37,3265.296
1778403600000,650.37,651.9,649.64,651.37,6704.574
1778407200000,651.37,651.63,649.82,650.9,2560.84
1778410800000,650.91,651.41,647.71,649.59,3531.255
1778414400000,649.59,649.64,648.47,649.61,2186.297
1778418000000,649.62,651.52,649.18,651.09,3861.152
1778421600000,651.1,652.49,649.99,651.7,3921.31
1778425200000,651.71,656.2,651.7,655.5,7514.226
1778428800000,655.51,657.54,654.4,657.12,5192.061
1778432400000,657.13,661.0,656.16,660.6,6627.967
1778436000000,660.61,662.0,659.46,660.65,5202.078
1778439600000,660.66,662.38,658.8,661.14,2633.706
1778443200000,661.14,662.68,648.71,651.68,10292.33
1778446800000,651.68,654.66,650.77,652.53,6042.285
1778450400000,652.52,666.5,651.8,665.79,16892.653
1778454000000,665.79,666.66,663.24,663.55,6226.005
1778457600000,663.56,664.85,656.46,657.82,6733.129
1778461200000,657.82,660.54,655.76,657.2,7393.923
1778464800000,657.2,657.95,654.03,655.34,6930.179
1778468400000,655.35,655.35,650.07,651.79,9632.18
1778472000000,651.8,653.29,650.63,652.04,7741.232
1778475600000,652.05,653.84,651.04,652.99,6231.34
1778479200000,652.99,654.17,650.78,651.5,6268.152
1778482800000,651.5,651.5,650.03,650.61,6626.85
1778486400000,650.61,651.98,649.46,651.06,6694.325
1778490000000,651.06,653.22,650.91,653.07,7488.571
1778493600000,653.06,654.64,652.88,653.89,6908.955
1778497200000,653.89,655.92,653.2,655.92,6638.856
1778500800000,655.92,656.52,654.17,654.75,6077.356
1778504400000,654.75,656.72,651.49,654.5,7710.361
1778508000000,654.51,656.46,651.8,656.24,7434.147
1778511600000,656.24,661.51,655.71,661.5,9835.205
1778515200000,661.51,663.31,659.87,661.51,8591.558
1778518800000,661.52,663.0,659.5,662.54,5348.272
1778522400000,662.54,663.4,661.28,661.53,6192.67
1778526000000,661.54,663.56,660.98,663.32,7006.306
1778529600000,663.31,663.9,661.02,662.66,4717.593
1778533200000,662.66,664.36,662.46,663.94,4115.559
1778536800000,663.94,671.46,663.15,670.06,20457.094
1778540400000,670.07,673.0,668.14,670.6,10891.432
1778544000000,670.6,671.47,667.54,668.71,8667.849
1778547600000,668.71,669.7,659.09,663.45,17387.456
1778551200000,663.44,665.12,661.18,662.88,5417.198
1778554800000,662.89,663.65,661.04,662.02,2863.558
1778558400000,662.02,664.31,661.14,662.58,5215.846
1778562000000,662.58,664.18,662.37,662.37,3902.347
1778565600000,662.38,663.52,659.89,660.16,4846.778
1778569200000,660.17,660.86,657.76,658.59,5579.73
1778572800000,658.6,660.3,657.55,659.38,4607.493
1778576400000,659.38,662.0,658.62,661.86,3843.417
1778580000000,661.85,662.48,660.24,661.54,4040.643
1778583600000,661.55,663.4,660.76,663.4,5813.318
1778587200000,663.4,664.75,661.17,661.51,7608.403
1778590800000,661.52,662.87,656.4,657.14,9603.634
1778594400000,657.15,658.74,652.78,654.06,14974.178
1778598000000,654.07,656.32,650.49,652.26,12962.888
1778601600000,652.26,654.0,650.56,651.85,4493.719
1778605200000,651.86,656.8,651.86,656.45,4589.458
1778608800000,656.45,660.84,656.25,660.38,6850.442
1778612400000,660.39,663.38,660.38,663.07,5620.546
1778616000000,663.07,665.69,663.06,665.42,5537.278
1778619600000,665.42,667.29,664.48,665.26,6494.576
1778623200000,665.26,668.0,665.26,666.27,5108.961
1778626800000,666.27,666.68,664.1,664.95,5587.373
1778630400000,664.95,668.14,664.36,667.57,6216.016
1778634000000,667.57,679.87,666.99,678.34,31170.066
1778637600000,678.35,680.81,677.67,680.44,13214.823
1778641200000,680.44,682.95,679.66,681.28,12880.164
1778644800000,681.28,682.18,676.6,679.81,9762.272
1778648400000,679.81,681.3,677.7,678.15,10407.904
1778652000000,678.16,678.87,675.94,676.36,5831.064
1778655600000,676.37,679.03,676.02,679.02,5686.465
1778659200000,679.02,683.0,678.41,683.0,9785.858
1778662800000,683.0,685.68,681.79,685.18,11549.832
1778666400000,685.19,685.44,680.38,680.38,7476.421
1778670000000,680.39,680.9,677.41,678.42,7334.719
1778673600000,678.42,680.3,668.89,672.76,19908.391
1778677200000,672.76,674.8,667.17,667.67,13681.378
1778680800000,667.67,673.41,665.5,672.1,14319.073
1778684400000,672.11,673.87,663.77,664.19,13891.595
1778688000000,664.19,670.45,664.17,670.24,8432.823
1778691600000,670.24,671.4,669.08,670.76,5082.0
1778695200000,670.77,674.71,670.77,671.75,4125.281
1778698800000,671.74,672.05,669.1,671.32,3389.17
1778702400000,671.33,672.5,670.77,672.47,2684.248
1778706000000,672.47,672.5,669.07,669.28,2931.105
1778709600000,669.28,672.25,668.2,672.08,2829.462
1778713200000,672.09,673.84,671.15,671.68,3472.638
1778716800000,671.68,677.52,671.51,675.18,9694.164
1778720400000,675.18,676.39,673.86,675.5,4853.945
1778724000000,675.5,675.69,669.34,669.93,4115.397
1778727600000,669.94,671.64,665.42,665.92,6888.812
1778731200000,665.91,668.53,665.47,667.47,5541.643
1778734800000,667.47,671.5,667.05,669.75,6766.685
1778738400000,669.75,671.49,668.8,670.11,5589.752
1778742000000,670.11,672.06,668.2,669.34,6346.653
1778745600000,669.33,673.45,668.55,673.02,5586.126
1778749200000,673.02,673.39,669.33,670.63,5811.41
1778752800000,670.63,673.34,670.46,673.2,4702.751
1778756400000,673.21,673.96,670.84,670.85,4787.91
1778760000000,670.85,678.56,670.62,678.25,11877.128
1778763600000,678.25,678.64,673.79,674.36,8359.154
1778767200000,674.37,680.36,673.89,678.29,12136.988
1778770800000,678.29,680.58,676.4,679.98,10891.433
1778774400000,679.98,682.74,678.48,682.51,8495.615
1778778000000,682.51,687.66,680.67,682.0,12991.006
1778781600000,682.01,685.11,680.47,682.51,8836.665
1778785200000,682.51,683.06,679.18,680.2,4189.792
1778788800000,680.21,680.55,677.84,680.55,3658.797
1778792400000,680.54,681.3,679.33,681.13,2530.387
1778796000000,681.14,681.99,680.3,680.75,2004.445
1778799600000,680.75,680.75,677.2,678.27,3143.372
1778803200000,678.28,686.0,677.98,683.43,10947.224
1778806800000,683.43,685.04,679.56,679.82,6118.282
1778810400000,679.83,680.63,677.24,679.83,8477.249
1778814000000,679.84,683.8,678.67,681.95,6048.032
1778817600000,681.95,681.95,678.25,678.38,3103.505
1778821200000,678.38,679.68,673.79,676.36,7709.472
1778824800000,676.36,683.57,675.82,683.06,6801.311
1778828400000,683.07,689.14,681.29,684.3,17240.806
1778832000000,684.31,687.24,682.69,685.81,9857.393
1778835600000,685.82,686.17,681.63,683.03,8038.876
1778839200000,683.04,689.98,682.24,689.11,7127.836
1778842800000,689.12,689.67,685.4,686.47,6917.469
1778846400000,686.47,686.74,682.15,682.74,9412.363
1778850000000,682.75,682.75,670.65,671.51,18900.497
1778853600000,671.51,676.73,670.0,676.04,9644.948
1778857200000,676.03,676.5,669.16,671.73,8287.86
1778860800000,671.73,675.24,671.16,674.66,3406.597
1778864400000,674.67,676.72,674.44,675.31,2985.079
1778868000000,675.32,676.59,673.13,674.41,2132.772
1778871600000,674.4,675.31,672.42,674.04,1891.43
1778875200000,674.04,674.46,671.92,673.69,2122.954
1778878800000,673.69,674.56,671.68,672.1,4261.595
1778882400000,672.1,673.67,671.89,673.55,2522.184
1778886000000,673.54,673.59,671.21,672.38,2548.637
1778889600000,672.37,674.92,671.87,672.26,2742.209
1778893200000,672.27,673.68,670.44,670.46,3614.52
1778896800000,670.47,671.17,667.0,668.69,4504.025
1778900400000,668.69,668.91,664.9,665.29,7387.447
1778904000000,665.29,665.29,660.51,662.74,10775.312
1778907600000,662.73,665.04,661.59,664.48,5574.851
1778911200000,664.48,665.06,659.29,660.4,8232.783
1778914800000,660.4,661.32,656.2,660.68,15480.441
1778918400000,660.68,661.84,659.64,661.74,5644.244
1778922000000,661.74,661.97,651.21,652.49,18817.327
1778925600000,652.49,655.59,650.7,654.12,9706.976
1778929200000,654.13,656.2,654.12,654.28,4323.165
1778932800000,654.28,654.62,652.96,653.54,4630.365
1778936400000,653.54,653.62,651.95,652.28,3655.441
1778940000000,652.28,655.09,651.1,653.21,6065.412
1778943600000,653.2,658.0,653.11,655.2,4904.965
1778947200000,655.19,657.0,654.92,656.85,2932.385
1778950800000,656.86,657.47,655.2,655.78,2214.518
1778954400000,655.78,658.34,655.47,657.82,2277.304
1778958000000,657.82,657.89,655.9,656.16,1408.328
1778961600000,656.16,657.51,656.04,656.67,1303.568
1778965200000,656.67,657.62,656.2,657.4,1296.581
1778968800000,657.39,657.44,656.34,656.47,767.459
1778972400000,656.47,657.13,655.73,656.2,1518.71
1778976000000,656.2,657.28,651.14,652.0,7138.043
1778979600000,652.0,654.02,650.0,650.68,5365.333
1778983200000,650.68,652.51,650.67,651.36,3310.043
1778986800000,651.36,653.88,651.36,652.77,2524.614
1778990400000,652.77,654.91,652.41,654.74,2455.685
1778994000000,654.74,656.35,654.66,655.16,3311.555
1778997600000,655.16,656.06,654.45,655.26,2305.544
1779001200000,655.26,655.89,654.47,655.31,1842.571
1779004800000,655.31,655.39,653.64,653.83,2240.036
1779008400000,653.84,654.47,650.0,653.21,10620.711
1779012000000,653.21,655.44,653.21,654.81,3981.816
1779015600000,654.81,655.45,653.65,655.07,3250.843
1779019200000,655.07,657.51,654.63,656.5,3357.966
1779022800000,656.49,656.5,653.0,653.63,4035.602
1779026400000,653.64,653.77,650.57,652.11,4503.24
1779030000000,652.11,653.0,651.09,652.4,2566.47
1779033600000,652.41,653.56,651.36,651.71,2113.895
1779037200000,651.7,652.07,650.22,651.74,2269.568
1779040800000,651.75,653.46,650.87,653.46,2258.338
1779044400000,653.47,656.35,653.47,656.04,1484.697
1779048000000,656.04,656.27,653.87,654.59,1269.624
1779051600000,654.59,657.6,654.27,657.0,2352.223
1779055200000,657.0,657.0,653.06,653.77,2221.008
1779058800000,653.77,653.84,640.01,649.48,19032.527
1779062400000,649.48,649.7,644.86,646.24,9471.044
1779066000000,646.25,646.66,642.13,646.38,5666.936
1779069600000,646.37,648.07,644.0,644.5,5366.753
1779073200000,644.5,645.72,643.13,643.44,3565.387
1779076800000,643.44,644.53,640.96,643.74,5489.751
1779080400000,643.75,644.58,641.6,641.84,3495.885
1779084000000,641.85,642.72,637.54,640.62,8953.74
1779087600000,640.62,642.36,639.0,641.85,4169.67
1779091200000,641.86,642.14,638.74,640.21,4494.243
1779094800000,640.21,640.63,638.8,639.36,4317.78
1779098400000,639.36,639.46,637.54,638.34,3453.508
1779102000000,638.35,643.69,637.64,641.75,3999.973
1779105600000,641.75,645.54,641.67,643.28,6425.742
1779109200000,643.29,643.34,637.77,640.06,6242.88
1779112800000,640.05,640.05,635.11,636.89,9282.81
1779116400000,636.89,637.63,634.3,637.03,6847.297
1779120000000,637.04,640.19,635.74,639.49,11370.24
1779123600000,639.49,641.06,638.85,640.45,2109.492
1779127200000,640.45,640.49,636.08,637.78,2827.363
1779130800000,637.79,644.92,637.47,644.78,9105.763
1779134400000,644.79,645.51,642.19,642.7,2224.343
1779138000000,642.71,646.05,641.89,645.54,2323.409
1779141600000,645.54,646.4,644.0,645.02,3050.464
1779145200000,645.02,645.85,642.97,643.53,1926.747
1779148800000,643.53,647.19,643.42,645.73,2592.654
1779152400000,645.73,645.99,642.99,642.99,2961.477
1779156000000,642.99,644.64,641.17,641.96,4070.303
1779159600000,641.96,644.78,641.32,642.88,5457.332
1779163200000,642.87,644.53,641.71,643.38,2419.53
1779166800000,643.37,643.93,640.95,643.84,2463.012
1779170400000,643.84,645.33,643.12,644.45,3525.525
1779174000000,644.46,646.34,643.25,645.93,4470.698
1779177600000,645.93,646.02,641.83,642.33,4568.733
1779181200000,642.33,642.57,639.8,640.5,3891.078
1779184800000,640.5,641.17,637.98,640.07,5575.471
1779188400000,640.08,640.86,638.34,639.88,4196.234
1779192000000,639.87,641.57,639.32,641.47,4185.825
1779195600000,641.46,642.05,638.71,640.19,5694.384
1779199200000,640.18,641.29,636.1,638.19,7158.846
1779202800000,638.2,640.57,637.76,638.73,5115.45
1779206400000,638.74,640.74,637.87,640.61,2663.235
1779210000000,640.62,641.54,639.6,640.62,1488.172
1779213600000,640.63,641.19,639.24,640.38,1650.25
1779217200000,640.38,641.88,639.33,639.99,1157.632
1779220800000,639.98,641.3,639.89,641.24,1168.046
1779224400000,641.23,641.66,640.29,640.42,830.749
1779228000000,640.42,640.42,637.87,638.63,2037.889
1779231600000,638.64,641.41,638.18,640.02,1611.412
1779235200000,640.03,640.12,637.52,639.49,2219.108
1779238800000,639.48,640.95,637.8,640.32,2257.127
1779242400000,640.33,640.64,638.11,639.13,4559.955
1779246000000,639.14,640.52,638.13,640.12,1962.22
1779249600000,640.13,640.73,638.38,639.84,1632.705
1779253200000,639.84,643.6,639.83,642.63,6421.933
1779256800000,642.63,644.0,641.28,643.88,6060.946
1779260400000,643.89,645.0,643.07,643.41,2911.231
1779264000000,643.41,645.31,643.23,644.4,2923.177
1779267600000,644.4,645.18,643.69,644.43,2425.786
1779271200000,644.43,645.3,643.71,643.9,3204.666
1779274800000,643.91,644.11,642.3,643.33,2375.555
1779278400000,643.33,646.0,642.92,644.95,2968.01
1779282000000,644.96,645.17,641.75,643.19,3643.008
1779285600000,643.19,649.46,641.34,647.92,8075.515
1779289200000,647.93,649.97,646.85,648.8,6491.732
1779292800000,648.81,649.77,646.01,648.71,2802.244
1779296400000,648.72,651.19,647.75,649.64,3999.765
1779300000000,649.63,649.99,648.5,648.81,2425.06
1779303600000,648.81,651.0,648.0,650.57,2845.564
1779307200000,650.56,651.5,648.8,651.26,2271.431
1779310800000,651.27,651.77,649.39,649.41,4342.773
1779314400000,649.41,649.41,647.17,648.7,2136.563
1779318000000,648.69,649.73,647.43,649.5,1986.579
1779321600000,649.5,653.84,649.31,653.71,4136.092
1779325200000,653.71,654.78,652.31,653.07,3952.962
1779328800000,653.07,655.42,652.45,653.88,4403.658
1779332400000,653.87,656.0,653.0,654.81,3934.114
1779336000000,654.81,655.31,653.37,654.39,2392.599
1779339600000,654.39,655.33,651.91,652.83,4586.379
1779343200000,652.82,652.97,650.13,651.38,3815.55
1779346800000,651.38,653.14,651.02,652.93,4379.777
1779350400000,652.93,656.0,652.83,654.92,3632.874
1779354000000,654.93,655.47,652.96,653.31,2721.692
1779357600000,653.31,653.99,648.05,648.38,7296.958
1779361200000,648.38,649.56,647.36,647.77,2745.555
1779364800000,647.78,650.89,647.54,649.67,4315.368
1779368400000,649.67,650.89,646.33,649.6,5709.375
1779372000000,649.61,651.3,647.81,648.9,5386.741
1779375600000,648.9,653.08,648.75,652.39,6872.674
1779379200000,652.39,653.33,650.23,651.1,3531.286
1779382800000,651.1,659.82,651.0,657.79,10461.071
1779386400000,657.79,659.41,654.46,655.95,8368.706
1779390000000,655.94,658.53,655.82,657.87,2988.173
1779393600000,657.88,658.51,657.05,657.36,1676.941
1779397200000,657.35,659.0,657.35,657.51,1314.895
1779400800000,657.52,658.08,656.11,656.9,1067.439
1779404400000,656.9,658.66,656.35,658.58,3364.799
1779408000000,658.58,659.33,656.92,656.98,3576.462
1779411600000,656.98,660.2,656.14,659.34,3596.275
1779415200000,659.34,661.0,658.69,660.31,8892.205
1779418800000,660.31,661.42,659.34,659.61,3892.985
1779422400000,659.62,660.59,658.43,659.13,4930.88
1779426000000,659.13,659.23,656.56,657.15,7782.628
1779429600000,657.15,657.75,655.81,656.12,2950.529
1779433200000,656.13,659.72,655.48,659.49,3381.942
1779436800000,659.49,661.1,658.82,659.16,4093.517
1779440400000,659.16,659.16,656.2,657.25,8595.136
1779444000000,657.25,657.26,654.79,656.08,4676.383
1779447600000,656.08,657.95,655.31,657.94,2055.315
1779451200000,657.95,660.62,657.77,660.62,4904.05
1779454800000,660.62,664.0,660.21,663.99,8517.528
1779458400000,664.0,664.2,656.61,657.39,9619.78
1779462000000,657.39,659.83,656.45,658.51,4599.402
1779465600000,658.51,660.84,657.93,660.52,4660.485
1779469200000,660.53,661.58,658.72,659.83,5089.263
1779472800000,659.83,659.89,648.55,653.53,9200.437
1779476400000,653.53,654.11,648.31,652.48,7946.716
1779480000000,652.48,654.03,651.84,653.22,3223.788
1779483600000,653.22,654.03,652.36,653.23,1903.233
1779487200000,653.23,653.53,650.75,652.53,2149.759
1779490800000,652.53,653.37,648.7,650.44,3668.922
1779494400000,650.45,652.15,648.07,650.99,5169.201
1779498000000,651.0,652.31,649.57,650.36,1971.199
1779501600000,650.36,651.7,649.66,651.51,2214.625
1779505200000,651.51,653.0,650.16,652.34,3506.46
1779508800000,652.33,652.78,649.85,650.18,3086.519
1779512400000,650.19,650.31,648.33,648.97,5051.792
1779516000000,648.97,649.69,648.21,648.68,3481.915
1779519600000,648.69,648.98,635.29,636.76,18338.892
1779523200000,636.76,640.53,635.64,640.32,8255.882
1779526800000,640.33,640.76,638.63,638.63,3915.51
1779530400000,638.64,640.72,638.64,640.2,2808.929
1779534000000,640.2,641.27,639.76,640.22,4274.001
1779537600000,640.23,640.89,639.28,640.68,1734.393
1779541200000,640.67,643.43,640.51,643.06,5146.33
1779544800000,643.07,647.85,642.24,647.36,4863.707
1779548400000,647.36,648.8,646.35,647.49,4359.683
1779552000000,647.49,648.24,646.27,646.76,2897.53
1779555600000,646.76,649.54,646.76,649.12,2477.783
1779559200000,649.12,653.0,648.97,651.61,3407.319
1779562800000,651.62,653.17,650.77,652.34,2139.432
1779566400000,652.34,661.44,651.73,661.43,9260.169
1779570000000,661.43,663.93,655.12,657.66,9359.984
1779573600000,657.66,658.5,654.44,656.67,2736.627
1779577200000,656.66,657.53,655.99,656.26,2551.756
1779580800000,656.26,657.89,655.47,656.59,2660.753
1779584400000,656.59,658.17,656.36,657.4,2196.557
1779588000000,657.4,658.75,656.13,657.89,3068.899
1779591600000,657.9,658.91,656.36,657.14,2304.746
1779595200000,657.14,658.05,656.33,656.36,1535.085
1779598800000,656.36,656.36,654.01,655.35,3363.01
1779602400000,655.34,657.93,654.89,657.43,5205.179
1779606000000,657.43,657.65,655.93,656.64,1386.673
1779609600000,656.64,659.0,656.22,658.68,2857.685
1779613200000,658.69,660.17,658.08,659.79,4822.435
1779616800000,659.79,662.6,659.01,660.85,5312.81
1779620400000,660.86,662.6,660.51,661.27,4101.909
1779624000000,661.27,661.31,658.47,660.13,4153.103
1779627600000,660.13,660.8,656.46,657.45,3730.34
1779631200000,657.45,658.4,652.07,655.62,7580.183
1779634800000,655.61,656.65,655.16,655.51,2181.257
1779638400000,655.54,657.71,655.24,656.79,2114.362
1779642000000,656.78,657.54,656.29,656.29,1584.369
1779645600000,656.29,656.38,655.0,655.38,1842.356
1779649200000,655.39,656.45,655.21,656.16,802.786
1779652800000,656.16,656.28,655.0,655.16,1083.983
1779656400000,655.16,655.93,649.68,650.2,3854.275
1779660000000,650.2,656.0,650.19,654.68,4157.786
1779663600000,654.68,657.65,654.68,656.57,1767.636
1779667200000,656.58,659.71,656.58,658.91,2545.87
1779670800000,658.92,659.85,655.76,655.89,1894.746
1779674400000,655.9,659.98,655.9,657.01,2720.107
1779678000000,657.01,657.46,655.96,657.07,1795.948
1779681600000,657.08,659.88,656.4,659.36,2363.772
1779685200000,659.37,661.29,659.16,660.77,3758.661
1779688800000,660.77,661.98,659.14,660.81,3088.407
1779692400000,660.81,661.98,660.08,661.92,4186.963
1779696000000,661.92,662.74,660.86,662.1,3953.317
1779699600000,662.11,663.38,661.13,661.51,3070.477
1779703200000,661.51,662.5,661.23,661.69,2558.38
1779706800000,661.69,662.48,660.86,662.25,5015.127
1779710400000,662.25,671.16,662.13,669.61,16610.642
1779714000000,669.61,671.98,669.04,671.97,9600.425
1779717600000,671.98,673.07,670.5,671.39,7926.228
1779721200000,671.39,671.62,666.74,667.78,8992.831
1779724800000,667.78,668.25,666.48,667.07,3262.061
1779728400000,667.07,667.4,660.87,661.06,8477.457
1779732000000,661.07,664.02,660.95,662.98,6215.01
1779735600000,662.98,663.05,661.07,662.37,2378.375
1779739200000,662.37,663.0,660.43,661.37,3677.656
1779742800000,661.37,662.4,661.35,661.82,1753.367
1779746400000,661.82,663.09,660.38,660.72,4452.373
1779750000000,660.72,663.29,660.49,663.15,3946.553
1779753600000,663.15,663.75,657.2,659.52,14244.001
1779757200000,659.52,659.79,656.04,657.7,4419.569
1779760800000,657.7,659.71,656.99,659.34,6019.346
1779764400000,659.34,659.49,657.12,658.05,4313.21
1779768000000,658.06,659.59,656.95,658.83,4487.465
1779771600000,658.84,659.8,658.18,659.27,3059.651
1779775200000,659.27,659.82,657.56,658.11,3812.654
1779778800000,658.12,658.96,655.34,657.73,8803.963
1779782400000,657.73,658.12,656.43,657.14,3174.403
1779786000000,657.14,657.91,656.3,656.83,2830.33
1779789600000,656.82,664.6,656.44,662.78,7049.514
1779793200000,662.78,663.76,661.66,662.48,3697.955
1779796800000,662.48,662.95,660.21,662.48,3728.328
1779800400000,662.47,665.1,660.71,663.35,8024.959
1779804000000,663.36,668.01,660.88,662.89,10641.857
1779807600000,662.89,663.5,657.28,660.28,10706.226
1779811200000,660.29,661.05,657.67,659.77,6664.316
1779814800000,659.77,660.3,653.45,655.77,6095.138
1779818400000,655.77,657.75,655.04,655.53,1908.024
1779822000000,655.54,657.81,654.92,657.2,1293.741
1779825600000,657.21,657.85,656.6,657.3,1728.28
1779829200000,657.31,657.6,655.14,656.48,1642.835
1779832800000,656.49,657.5,655.31,655.98,2604.784
1779836400000,655.99,657.84,655.99,656.43,1382.733
1779840000000,656.43,658.62,656.32,658.54,1842.709
1779843600000,658.55,659.11,656.85,657.32,2987.309
1779847200000,657.33,657.44,654.63,656.66,3159.574
1779850800000,656.66,656.86,654.0,654.38,3614.368
1779854400000,654.39,654.47,650.75,654.31,5262.499
1779858000000,654.32,654.71,653.0,653.25,3337.474
1779861600000,653.25,653.8,652.08,652.92,5401.037
1779865200000,652.92,653.54,651.52,653.5,8096.622
1779868800000,653.47,654.94,652.31,653.72,5048.767
1779872400000,653.72,654.68,652.94,654.09,2453.614
1779876000000,654.09,655.77,652.76,654.62,4005.948
1779879600000,654.63,655.64,653.73,653.84,3352.581
1779883200000,653.85,657.22,653.18,655.21,4677.41
1779886800000,655.22,655.51,650.14,652.43,5882.576
1779890400000,652.43,654.38,651.42,654.12,5539.24
1779894000000,654.12,658.27,653.94,657.66,6706.702
1779897600000,657.67,659.9,654.78,655.99,3456.198
1779901200000,656.0,656.1,650.32,651.05,4390.995
1779904800000,651.06,653.82,650.27,653.74,2030.921
1779908400000,653.74,654.28,652.78,653.39,2023.685
1779912000000,653.4,654.97,653.15,653.92,2289.359
1779915600000,653.92,654.26,646.87,648.7,9293.997
1779919200000,648.7,650.13,647.0,647.01,3173.192
1779922800000,647.01,649.45,646.57,648.84,3710.817
1779926400000,648.83,649.03,646.99,648.95,2876.567
1779930000000,648.96,649.38,645.35,646.66,3893.907
1779933600000,646.67,647.01,644.0,644.91,3150.93
1779937200000,644.91,645.67,636.76,637.81,17259.522
1779940800000,637.81,637.91,633.11,636.59,15645.911
1779944400000,636.6,636.6,632.99,634.7,6681.177
1779948000000,634.7,635.27,631.47,634.03,7780.098
1779951600000,634.04,636.7,633.63,634.98,7504.294
1779955200000,634.99,635.36,633.65,634.74,4469.875
1779958800000,634.74,635.28,632.3,634.25,6795.113
1779962400000,634.25,635.13,632.59,633.42,5409.716
1779966000000,633.42,633.59,631.35,632.9,5915.538
1779969600000,632.9,633.54,630.42,633.16,5661.179
1779973200000,633.15,633.8,629.36,631.45,7891.517
1779976800000,631.45,636.66,628.22,635.21,10275.415
1779980400000,635.21,635.9,631.47,634.79,5794.953
1779984000000,634.79,640.61,633.45,640.23,8468.177
1779987600000,640.24,641.9,639.0,640.21,5508.127
1779991200000,640.22,642.59,640.14,641.83,2643.742
1779994800000,641.84,641.98,639.71,639.71,1896.972
1779998400000,639.72,641.52,638.44,640.92,2290.501
1780002000000,640.93,642.53,640.59,641.88,2160.82
1780005600000,641.89,642.43,638.46,638.87,1881.431
1780009200000,638.87,639.79,637.56,638.24,3402.203
1780012800000,638.23,639.47,638.23,638.49,2752.769
1780016400000,638.5,639.22,635.78,636.96,2224.797
1780020000000,636.97,637.53,633.79,634.27,3354.625
1780023600000,634.27,636.78,634.27,635.61,2484.846
1780027200000,635.6,636.75,634.56,636.57,2955.211
1780030800000,636.57,638.49,636.4,638.44,3739.956
1780034400000,638.43,639.49,637.48,638.16,4565.996
1780038000000,638.17,638.56,635.82,637.04,7305.062
1780041600000,637.04,638.27,636.68,636.75,3024.807
1780045200000,636.75,640.95,636.71,640.73,5717.114
1780048800000,640.73,641.19,638.98,639.13,4637.029
1780052400000,639.13,639.34,635.25,637.14,3455.81
1780056000000,637.14,637.17,635.2,635.91,2799.425
1780059600000,635.91,636.79,634.01,635.58,6162.533
1780063200000,635.58,636.83,630.86,634.9,11820.038
1780066800000,634.91,643.04,634.45,639.74,13874.095
1780070400000,639.75,644.08,638.16,644.0,11092.212
1780074000000,644.01,645.0,641.95,642.42,6554.289
1780077600000,642.43,643.0,638.32,639.64,4498.26
1780081200000,639.65,642.93,639.17,641.45,3007.155
1780084800000,641.46,643.33,641.45,642.21,2565.297
1780088400000,642.21,643.87,641.48,641.73,2410.816
1780092000000,641.73,643.5,641.66,642.8,1906.324
1780095600000,642.79,643.38,641.36,643.1,2346.797
1780099200000,643.11,647.36,642.66,646.89,9524.458
1780102800000,646.89,653.73,646.17,653.24,11845.799
1780106400000,653.25,658.67,651.99,658.01,25983.38
1780110000000,658.02,661.01,657.03,658.19,12759.123
1780113600000,658.2,660.62,656.52,658.91,8749.24
1780117200000,658.91,666.84,658.4,666.43,14419.016
1780120800000,666.43,668.94,665.09,667.54,16333.502
1780124400000,667.54,674.25,667.02,672.92,17876.4
1780128000000,672.93,675.47,669.5,673.3,12916.165
1780131600000,673.31,677.34,670.68,674.77,10038.917
1780135200000,674.78,676.01,674.2,675.19,6105.436
1780138800000,675.18,675.18,669.97,673.82,11687.941
1780142400000,673.82,674.07,671.72,673.13,4524.107
1780146000000,673.13,674.93,671.11,674.86,5845.697
1780149600000,674.87,687.58,674.3,686.67,36539.362
1780153200000,686.67,695.0,685.32,694.53,35930.681
1780156800000,694.53,710.38,694.4,708.57,53548.832
1780160400000,708.56,717.22,700.43,713.09,48845.445
1780164000000,713.09,717.0,708.89,716.55,20330.412
1780167600000,716.56,724.56,712.61,721.12,71297.115
1780171200000,721.13,723.67,717.83,719.65,53131.002
1780174800000,719.65,729.0,717.74,719.35,46271.81
1780178400000,719.35,720.06,707.31,715.97,22045.425
1780182000000,715.97,720.4,715.81,718.74,9831.701
1780185600000,718.74,727.37,718.74,723.32,19558.115
1780189200000,723.32,729.69,722.47,728.14,18793.642
1780192800000,728.14,743.57,727.27,739.89,47396.307
1780196400000,739.88,745.74,734.7,740.03,27951.386
1780200000000,740.02,742.28,731.29,734.32,18319.454
1780203600000,734.32,741.33,732.23,737.47,13442.505
1780207200000,737.47,737.57,731.85,735.94,17094.861
1780210800000,735.94,735.94,716.67,719.71,35886.456
1780214400000,719.71,725.23,718.78,723.41,16033.979
1780218000000,723.42,725.44,717.56,720.04,12556.904
1780221600000,720.04,724.39,719.39,721.06,9682.311
1780225200000,721.05,724.61,720.0,722.89,5745.385
1780228800000,722.89,726.16,721.77,724.88,9188.735
1780232400000,724.89,733.8,724.03,727.46,15363.148
1780236000000,727.46,730.0,718.36,719.79,20013.354
1780239600000,719.79,725.0,719.38,720.84,8609.066
1780243200000,720.84,722.0,703.0,709.19,30004.128
1780246800000,709.19,717.61,708.96,713.92,11116.678
1780250400000,713.92,713.92,708.43,709.62,10507.819
1780254000000,709.63,710.77,707.18,708.55,5790.24
1780257600000,708.55,711.32,708.55,710.22,5803.308
1780261200000,710.22,711.89,707.0,711.01,6273.48
1780264800000,711.02,714.83,707.66,711.46,7695.841
1780268400000,711.46,713.12,706.26,710.55,7338.63
1780272000000,710.54,717.32,708.93,710.63,29105.51
1780275600000,710.63,710.89,693.05,695.09,47977.626
1780279200000,695.1,708.87,693.97,707.54,20850.722
1780282800000,707.55,710.15,702.96,703.65,13764.893
1780286400000,703.65,705.57,696.0,698.01,16725.351
1780290000000,698.01,698.44,694.3,695.78,9020.714
1780293600000,695.78,696.26,691.09,693.39,21323.943
1780297200000,693.4,694.25,684.72,686.08,24125.391
1780300800000,686.08,689.78,685.25,689.61,10912.673
1780304400000,689.61,729.57,688.58,711.01,87825.457
1780308000000,711.01,714.53,695.05,702.27,49420.42
1780311600000,702.28,708.29,695.09,697.14,20847.708
1780315200000,697.14,698.38,686.16,692.7,23548.991
1780318800000,692.71,693.19,679.3,686.7,31962.241
1780322400000,686.71,686.74,674.51,678.58,23904.407
1780326000000,678.59,685.5,677.23,677.58,15760.334
1780329600000,677.59,685.93,674.07,684.66,14820.431
1780333200000,684.66,689.39,683.6,687.69,14717.025
1780336800000,687.69,695.68,686.48,691.28,14434.614
1780340400000,691.29,696.33,690.68,696.15,6111.513
1780344000000,696.14,701.73,694.82,695.81,12304.099
1780347600000,695.82,695.92,689.1,690.09,12453.69
1780351200000,690.09,694.5,688.42,693.52,8349.245
1780354800000,693.53,695.94,692.15,693.1,3075.528
1780358400000,693.1,693.97,690.01,690.47,5964.701
1780362000000,690.48,692.43,684.5,684.81,7434.745
1780365600000,684.82,693.3,681.18,691.12,17230.742
1780369200000,691.13,695.51,690.11,693.68,7352.91
1780372800000,693.68,694.24,686.0,686.61,9613.466
1780376400000,686.61,689.08,683.16,683.74,6482.114
1780380000000,683.74,685.39,680.47,683.3,8813.342
1780383600000,683.31,686.39,680.54,681.84,8335.776
1780387200000,681.84,685.57,680.75,681.81,6129.649
1780390800000,681.82,682.34,676.09,677.77,15926.033
1780394400000,677.77,681.15,675.58,680.11,8478.129
1780398000000,680.12,680.18,676.73,678.13,6630.375
1780401600000,678.13,680.21,675.05,676.12,10507.614
1780405200000,676.12,676.97,671.72,674.72,16530.859
1780408800000,674.73,677.5,666.67,673.35,27174.848
1780412400000,673.36,673.51,658.0,663.13,38112.735
1780416000000,663.14,671.5,660.5,663.95,14395.13
1780419600000,663.95,667.43,663.38,666.38,10879.126
1780423200000,666.38,667.59,659.15,659.76,13136.112
1780426800000,659.76,662.23,652.36,660.31,12545.936
1780430400000,660.31,662.88,656.19,661.6,6024.03
1780434000000,661.61,663.45,658.88,659.81,9403.993
1780437600000,659.8,659.8,642.47,648.39,24461.097
1780441200000,648.39,651.86,645.26,650.69,18573.878
1780444800000,650.7,657.51,650.22,654.63,11520.21
1780448400000,654.63,655.0,646.61,649.97,20527.582
1780452000000,649.98,650.49,644.04,644.77,14952.097
1780455600000,644.78,646.71,630.35,633.99,29370.222
1780459200000,633.97,640.11,632.81,636.66,18020.121
1780462800000,636.67,646.3,636.02,645.99,20929.44
1780466400000,646.0,646.78,640.34,640.63,7045.676
1780470000000,640.64,645.34,640.11,644.1,6121.829
1780473600000,644.1,645.9,640.91,644.7,5398.884
1780477200000,644.7,646.06,638.81,641.84,7009.915
1780480800000,641.84,646.01,640.9,641.7,5371.914
1780484400000,641.7,645.0,637.04,637.38,9225.307
1780488000000,637.38,637.53,633.12,635.43,13516.348
1780491600000,635.43,637.24,630.05,633.11,12653.366
1780495200000,633.11,637.64,630.18,637.02,8149.294
1780498800000,637.04,639.31,632.85,632.99,7974.219
1780502400000,633.0,633.6,620.0,628.25,26014.288
1780506000000,628.26,629.33,623.8,627.16,8781.307
1780509600000,627.16,629.0,625.23,628.13,3931.318
1780513200000,628.13,628.98,621.74,622.77,7868.897
1780516800000,622.77,625.78,616.21,619.8,16410.68
1780520400000,619.8,629.63,618.88,629.43,14405.889
1780524000000,629.44,630.0,625.83,627.43,16222.802
1780527600000,627.43,627.94,620.32,620.63,9491.838
1780531200000,620.63,624.57,612.93,616.23,18380.52
1780534800000,616.23,617.72,599.14,602.49,47294.911
1780538400000,602.5,609.99,590.46,608.05,48303.274
1780542000000,608.05,621.4,608.04,618.99,18063.028
1780545600000,618.99,621.36,613.87,614.63,10211.687
1780549200000,614.63,614.63,600.61,604.23,73980.682
1780552800000,604.24,610.98,603.49,605.4,11243.987
1780556400000,605.4,605.84,599.22,600.2,19246.776
1780560000000,600.2,603.7,596.45,602.28,10079.18
1780563600000,602.29,602.48,591.16,597.99,17195.49
1780567200000,597.99,598.09,588.1,590.47,18887.637
1780570800000,590.48,595.52,588.95,595.3,12611.737
1780574400000,595.31,604.98,593.94,603.55,14518.418
1780578000000,603.56,606.04,597.01,604.81,12780.278
1780581600000,604.82,606.56,602.17,604.75,12557.308
1780585200000,604.74,609.5,603.85,606.4,10729.259
1780588800000,606.4,607.46,603.03,603.74,10994.111
1780592400000,603.73,605.37,599.31,604.54,6651.581
1780596000000,604.54,610.35,602.87,609.17,5099.781
1780599600000,609.17,610.19,605.15,606.35,2597.667
1780603200000,606.35,606.56,603.1,605.42,2684.951
1780606800000,605.42,607.59,597.99,599.29,7755.48
1780610400000,599.29,603.71,598.15,603.0,5477.928
1780614000000,602.97,605.32,599.16,604.53,4086.094
1780617600000,604.5,608.0,601.72,602.09,7177.332
1780621200000,602.09,602.99,595.75,602.47,8235.02
1780624800000,602.47,603.12,594.56,595.92,9098.769
1780628400000,595.95,598.0,591.4,595.76,17604.833
1780632000000,595.76,602.74,593.47,602.01,16393.805
1780635600000,602.02,602.85,583.27,584.55,26109.986
1780639200000,584.55,585.42,570.61,580.62,52962.803
1780642800000,580.62,593.56,574.36,593.26,27976.015
1780646400000,593.26,593.26,585.6,587.02,10783.034
1780650000000,587.02,597.0,586.68,596.14,11893.822
1780653600000,596.14,596.72,590.88,592.89,7426.394
1780657200000,592.89,595.51,589.37,590.11,9080.901
1780660800000,590.12,593.75,586.74,591.15,16505.212
1780664400000,591.16,596.27,580.58,581.02,17282.295
1780668000000,581.02,589.96,580.0,582.93,24271.971
1780671600000,582.94,583.93,574.66,578.75,29111.598
1780675200000,578.75,583.0,567.79,577.76,100817.633
1780678800000,577.76,579.96,572.73,576.06,13599.092
1780682400000,576.09,576.9,560.83,561.32,35231.746
1780686000000,561.32,570.0,556.46,567.33,27872.222
1780689600000,567.28,578.37,563.19,577.54,12872.822
1780693200000,577.53,579.4,575.65,576.5,13318.714
1780696800000,576.5,578.1,572.23,577.01,18470.745
1780700400000,577.01,578.0,566.89,572.22,20741.271
1780704000000,572.17,577.8,571.99,576.52,12610.792
1780707600000,576.52,579.7,574.57,576.4,19109.922
1780711200000,576.39,579.0,573.65,576.4,19832.74
1780714800000,576.41,576.82,570.6,573.13,8924.167
1780718400000,573.13,575.67,559.68,565.47,20625.621
1780722000000,565.47,576.89,560.41,576.28,14502.955
1780725600000,576.27,579.09,574.8,576.39,22140.385
1780729200000,576.39,581.58,575.9,579.06,15575.801
1780732800000,579.06,584.43,578.0,580.78,6495.908
1780736400000,580.79,582.62,575.0,576.55,7235.734
1780740000000,576.55,576.57,571.05,573.81,17131.733
1780743600000,573.8,576.69,573.37,574.06,7736.105
1780747200000,574.07,577.4,571.89,575.91,5963.982
1780750800000,575.91,577.2,573.19,574.49,6537.79
1780754400000,574.5,577.2,574.03,574.95,5664.941
1780758000000,574.95,576.87,571.04,575.86,5683.404
1780761600000,575.86,577.66,571.25,574.11,7438.343
1780765200000,574.12,575.32,572.66,573.92,4356.598
1780768800000,573.92,576.08,573.06,574.38,2410.229
1780772400000,574.37,576.01,573.48,573.73,3221.19
1780776000000,573.74,575.61,572.65,574.8,3257.067
1780779600000,574.81,576.86,574.56,575.02,1971.547
1780783200000,575.01,575.01,570.93,572.46,4040.901
1780786800000,572.46,575.5,572.16,574.53,3722.668
1780790400000,574.54,576.1,573.9,574.13,4566.595
1780794000000,574.14,581.64,573.6,579.74,19320.52
1780797600000,579.73,581.28,577.0,579.08,8265.839
1780801200000,579.08,581.34,578.0,581.1,3817.049
1780804800000,581.09,582.95,578.0,582.79,6438.264
1780808400000,582.79,587.0,581.65,585.24,15959.061
1780812000000,585.24,589.0,583.85,588.4,11341.396
1780815600000,588.4,590.0,587.33,589.67,6330.935
1780819200000,589.67,599.0,587.45,597.94,15790.879
1780822800000,597.94,598.24,592.0,592.94,8499.454
1780826400000,592.95,594.0,590.04,592.82,6731.516
1780830000000,592.82,595.48,592.48,593.38,4790.134
1780833600000,593.37,593.99,585.73,588.51,13356.85
1780837200000,588.51,589.88,587.0,588.89,4585.182
1780840800000,588.89,593.91,588.67,591.4,5370.88
1780844400000,591.4,593.16,589.08,591.52,5310.96
1780848000000,591.53,595.28,590.04,594.05,5442.74
1780851600000,594.06,597.39,593.56,596.14,3506.591
1780855200000,596.16,597.65,594.88,595.1,1619.632
1780858800000,595.11,595.4,586.7,588.62,7149.261
1780862400000,588.64,594.55,587.8,593.92,3859.871
1780866000000,593.92,595.1,592.44,594.08,2114.588
1780869600000,594.09,610.54,592.93,603.45,21554.285
1780873200000,603.36,605.99,602.88,604.44,7121.88
1780876800000,604.44,608.39,603.0,605.65,7292.648
1780880400000,605.65,605.92,599.0,604.04,5783.484
1780884000000,604.05,604.47,601.45,601.93,3223.282
1780887600000,601.92,604.41,601.01,603.35,2348.288
1780891200000,603.36,603.7,596.0,596.4,6493.418
1780894800000,596.41,597.36,591.55,595.12,6226.674
1780898400000,595.12,597.54,594.86,595.88,5250.665
1780902000000,595.89,597.57,593.58,596.39,6961.08
1780905600000,596.4,596.44,593.43,595.33,5122.891
1780909200000,595.33,601.0,595.27,599.72,7089.155
1780912800000,599.72,600.02,596.86,598.02,4059.521
1780916400000,598.02,604.39,597.09,602.29,5979.227
1780920000000,602.29,603.59,597.86,603.36,7471.719
1780923600000,603.38,603.6,598.2,600.34,9166.896
1780927200000,600.35,603.48,599.49,603.29,5770.866
1780930800000,603.29,606.28,603.21,604.2,7552.279
1780934400000,604.21,607.75,603.33,603.84,4133.447
1780938000000,603.85,607.99,602.38,607.95,3831.349
1780941600000,607.95,609.98,606.61,607.77,5409.863
1780945200000,607.76,608.6,606.35,607.66,2308.146
1780948800000,607.67,608.19,605.48,606.83,1786.031
1780952400000,606.83,610.44,606.63,607.6,2894.178
1780956000000,607.59,607.59,604.24,606.27,2297.501
1780959600000,606.3,607.54,601.09,601.86,3022.898
1780963200000,601.86,602.92,593.1,595.72,10253.258
1780966800000,595.72,599.02,594.84,597.69,4160.447
1780970400000,597.69,598.34,594.59,598.32,3453.276
1780974000000,598.32,599.96,597.35,599.14,4210.245
1780977600000,599.14,603.25,596.5,602.4,4959.328
1780981200000,602.41,605.68,600.64,603.54,4351.209
1780984800000,603.55,605.2,602.81,604.04,3625.314
1780988400000,604.04,605.0,601.15,604.23,6961.752
1780992000000,604.24,604.58,601.24,601.95,4081.935
1780995600000,601.94,603.74,599.46,600.19,4416.256
1780999200000,600.19,601.09,597.05,600.09,4955.379
1781002800000,600.08,600.23,596.22,596.94,5236.143
1781006400000,596.93,599.68,596.1,597.46,6945.041
1781010000000,597.46,598.51,593.43,594.58,8779.7
1781013600000,594.58,595.5,584.63,588.79,14919.23
1781017200000,588.8,591.58,586.04,586.91,7890.546
1781020800000,586.91,589.53,583.84,588.6,10721.041
1781024400000,588.61,593.26,588.44,591.65,6167.06
1781028000000,591.65,595.15,591.25,594.34,3292.087
1781031600000,594.34,596.97,593.36,596.76,3690.354
1781035200000,596.76,598.62,596.06,597.04,2454.203
1781038800000,597.04,597.39,594.04,594.56,2731.966
1781042400000,594.56,596.02,592.44,592.89,2512.87
1781046000000,592.88,593.96,590.9,593.44,3868.085
1781049600000,593.44,594.83,590.03,593.43,4191.966
1781053200000,593.43,594.23,590.62,591.76,2952.233
1781056800000,591.77,592.77,586.48,586.86,4615.666
1781060400000,586.85,589.33,586.52,587.87,2497.383
1781064000000,587.88,588.24,584.15,585.39,4612.596
1781067600000,585.39,586.83,583.58,585.52,5544.872
1781071200000,585.53,586.79,583.99,586.1,6187.952
1781074800000,586.1,589.46,585.86,588.63,3930.983
1781078400000,588.63,588.64,583.96,584.68,4414.356
1781082000000,584.69,585.56,581.26,584.89,5412.589
1781085600000,584.89,585.82,583.0,584.49,2798.142
1781089200000,584.5,584.93,580.68,583.0,6007.418
1781092800000,583.01,591.32,582.4,589.0,7449.608
1781096400000,589.01,596.63,587.68,592.87,8888.926
1781100000000,592.88,594.36,590.42,592.99,5021.477
1781103600000,593.0,598.52,591.3,596.9,9136.195
1781107200000,596.9,597.16,590.75,592.45,5389.124
1781110800000,592.48,594.02,587.58,590.1,6085.064
1781114400000,590.1,590.8,587.05,589.84,2543.365
1781118000000,589.84,590.52,587.15,588.06,2598.04
1781121600000,588.05,589.22,586.24,587.25,3583.476
1781125200000,587.23,587.23,582.1,583.35,4635.12
1781128800000,583.35,585.96,582.31,584.0,3409.445
1781132400000,584.01,587.18,582.86,586.53,2940.006
1781136000000,586.51,590.0,586.51,589.02,2519.615
1781139600000,589.04,594.2,589.04,593.01,3956.463
1781143200000,593.02,593.25,589.51,592.35,3700.234
1781146800000,592.36,597.75,591.43,596.43,6778.777
1781150400000,596.43,596.57,594.04,595.14,4571.761
1781154000000,595.14,595.7,593.72,594.35,4579.745
1781157600000,594.35,597.63,594.0,596.08,3478.289
1781161200000,596.09,598.26,595.11,598.21,3219.63
1781164800000,598.21,603.77,598.15,601.2,11637.765
1781168400000,601.2,601.51,598.8,600.57,4094.615
1781172000000,600.58,600.83,598.5,599.86,5730.153
1781175600000,599.86,602.74,598.5,600.63,4743.227
1781179200000,600.64,601.08,597.28,599.88,6923.989
1781182800000,599.88,602.99,598.22,601.64,4408.499
1781186400000,601.65,602.2,598.04,598.85,3888.624
1781190000000,598.84,600.0,597.2,598.48,4278.553
1781193600000,598.48,600.52,598.0,598.39,3947.074
1781197200000,598.39,606.0,596.03,605.82,12343.012
1781200800000,605.77,607.33,603.33,604.67,3852.249
1781204400000,604.67,606.57,602.66,604.46,5158.555
1781208000000,604.44,604.68,600.8,602.5,2696.736
1781211600000,602.5,604.91,602.5,603.28,3757.339
1781215200000,603.29,604.9,603.18,603.5,1598.726
1781218800000,603.51,606.32,602.3,605.76,3942.299
1781222400000,605.77,606.0,603.77,604.19,2970.362
1781226000000,604.2,604.2,601.22,601.8,2328.301
1781229600000,601.8,606.15,601.8,604.8,5357.388
1781233200000,604.79,604.84,602.07,602.24,3446.3
1781236800000,602.24,604.9,601.79,603.53,4026.965
1781240400000,603.54,603.67,600.47,600.61,2801.628
1781244000000,600.6,601.95,596.58,598.15,5056.863
1781247600000,598.16,601.41,598.11,599.82,4888.443
1781251200000,599.83,606.0,599.78,605.23,5240.886
1781254800000,605.23,607.94,604.5,606.96,4680.722
1781258400000,606.96,607.83,604.56,605.98,3301.277
1781262000000,605.99,608.68,605.89,606.65,5340.86
1781265600000,606.64,606.64,604.87,606.36,5257.553
1781269200000,606.37,607.33,603.48,605.29,5616.089
1781272800000,605.3,610.19,604.93,609.54,8846.308
1781276400000,609.54,613.39,605.03,605.34,15771.959
1781280000000,605.34,609.04,604.7,608.51,4625.638
1781283600000,608.52,609.47,605.83,606.87,2874.278
1781287200000,606.87,607.95,605.59,605.86,2659.111
1781290800000,605.85,606.55,602.74,603.45,2711.527
1781294400000,603.46,604.61,602.74,602.85,1907.453
1781298000000,602.84,604.52,602.33,603.56,2092.796
1781301600000,603.57,604.08,602.38,602.97,1764.038
1781305200000,602.97,604.02,602.11,603.83,1769.582
1781308800000,603.84,605.27,603.42,604.88,2261.272
1781312400000,604.89,606.27,603.83,606.08,1651.112
1781316000000,606.09,606.15,603.33,603.72,3198.626
1781319600000,603.72,604.62,599.33,600.37,11330.855
1781323200000,600.37,601.27,599.5,599.55,3869.357
1781326800000,599.56,600.6,599.48,600.56,3064.593
1781330400000,600.56,602.93,600.41,602.7,4201.673
1781334000000,602.71,604.0,601.85,603.27,2179.231
1781337600000,603.28,604.5,602.72,603.88,3498.012
1781341200000,603.88,604.3,603.07,603.77,3757.141
1781344800000,603.78,605.62,603.58,604.97,1863.182
1781348400000,604.97,607.49,604.83,606.67,2621.935
1781352000000,606.67,609.0,606.16,608.9,5598.02
1781355600000,608.91,610.16,608.01,608.61,5023.707
1781359200000,608.61,610.57,607.87,610.45,3730.709
1781362800000,610.46,611.08,609.35,610.37,2597.504
1781366400000,610.38,610.49,607.49,608.9,2921.867
1781370000000,608.91,609.24,606.69,607.09,1984.364
1781373600000,607.09,608.69,607.09,607.81,709.304
1781377200000,607.81,608.79,607.35,608.48,877.877
1781380800000,608.49,609.47,607.68,608.99,1018.195
1781384400000,608.99,612.33,608.6,609.77,2521.059
1781388000000,609.78,609.87,608.42,609.09,1437.295
1781391600000,609.08,610.76,608.8,609.65,1574.263
1781395200000,609.66,610.13,608.88,609.47,1331.438
1781398800000,609.47,611.01,609.0,609.26,2482.222
1781402400000,609.26,610.62,609.08,609.33,1774.651
1781406000000,609.33,610.21,608.51,610.04,2868.001
1781409600000,610.04,610.21,608.0,608.81,3743.107
1781413200000,608.82,610.16,608.7,610.15,2975.207
1781416800000,610.14,612.1,610.14,611.32,2218.754
1781420400000,611.31,611.61,609.8,610.31,3248.748
1781424000000,610.32,611.63,610.13,610.54,2147.507
1781427600000,610.54,612.98,609.73,611.86,4484.276
1781431200000,611.87,613.03,610.9,611.09,4477.128
1781434800000,611.09,612.9,611.09,612.26,3309.89
1781438400000,612.26,612.5,610.01,611.26,7754.359
1781442000000,611.26,612.16,611.1,611.31,6213.0
1781445600000,611.31,611.83,605.34,605.85,11146.852
1781449200000,605.85,608.38,605.73,608.15,6191.044
1781452800000,608.16,608.76,606.0,606.2,4319.321
1781456400000,606.2,607.63,604.0,604.19,4045.542
1781460000000,604.2,605.49,603.57,604.4,4702.116
1781463600000,604.39,604.95,602.88,603.28,4326.182
1781467200000,603.27,605.86,602.79,604.92,2435.715
1781470800000,604.92,617.24,604.73,614.58,14779.085
1781474400000,614.59,616.57,611.68,614.11,16503.997
1781478000000,614.11,616.92,612.76,616.79,4549.469
1781481600000,616.79,618.08,614.7,615.51,5805.464
1781485200000,615.51,616.13,613.08,613.56,4810.278
1781488800000,613.56,616.81,612.66,615.62,2672.036
1781492400000,615.62,618.3,615.3,617.83,3272.408
1781496000000,617.84,617.99,615.97,616.67,3023.893
1781499600000,616.68,618.29,616.0,617.64,5594.48
1781503200000,617.64,619.0,616.5,617.44,5311.199
1781506800000,617.44,617.66,615.49,615.58,4369.195
1781510400000,615.59,617.15,615.32,616.13,2444.22
1781514000000,616.14,616.22,612.74,614.23,5109.253
1781517600000,614.24,618.42,614.14,617.53,4761.34
1781521200000,617.53,622.88,616.53,620.65,13777.468
1781524800000,620.65,624.5,619.34,624.5,9418.086
1781528400000,624.5,632.9,623.52,626.33,31812.211
1781532000000,626.33,629.35,625.37,627.9,9348.556
1781535600000,627.91,630.28,624.26,629.07,18979.725
1781539200000,629.07,629.68,627.2,627.71,8772.508
1781542800000,627.71,627.71,623.96,625.18,5777.82
1781546400000,625.19,625.19,621.92,622.02,4376.446
1781550000000,622.01,624.18,618.69,620.91,6926.054
1781553600000,620.91,621.77,619.33,619.68,3327.616
1781557200000,619.67,621.0,618.05,619.32,2669.503
1781560800000,619.32,620.25,615.66,615.67,4813.536
1781564400000,615.67,618.0,615.3,617.87,3364.347
1781568000000,617.87,619.13,615.48,615.94,5167.777
1781571600000,615.94,618.0,615.54,615.8,3582.804
1781575200000,615.79,615.92,611.1,612.44,8520.74
1781578800000,612.44,615.36,611.8,615.06,4869.397
1781582400000,615.07,615.88,611.8,612.9,7012.989
1781586000000,612.91,615.08,612.9,613.65,4430.334
1781589600000,613.66,616.5,613.66,615.38,5816.952
1781593200000,615.38,619.21,615.31,615.77,17125.616
1781596800000,615.77,619.5,615.48,619.06,8839.632
1781600400000,619.06,619.32,614.7,615.15,7144.441
1781604000000,615.16,616.32,613.6,613.87,6862.066
1781607600000,613.87,614.83,613.3,614.28,6789.64
1781611200000,614.29,617.94,613.36,614.54,9250.022
1781614800000,614.54,614.59,601.33,606.35,42955.524
1781618400000,606.36,608.15,602.3,605.72,16884.501
1781622000000,605.72,607.93,604.98,606.47,4985.293
1781625600000,606.48,608.0,604.05,604.26,6569.836
1781629200000,604.27,608.74,604.01,607.94,4493.534
1781632800000,607.94,610.76,607.17,607.98,3245.051
1781636400000,607.97,608.12,605.97,607.05,4171.372
1781640000000,607.06,608.93,606.42,608.32,2520.581
1781643600000,608.32,608.55,606.04,607.28,2741.623
1781647200000,607.29,608.0,605.28,606.15,3687.97
1781650800000,606.16,607.18,604.56,604.94,4521.722
1781654400000,604.94,606.54,604.73,605.09,4049.601
1781658000000,605.09,607.79,603.1,607.49,3899.288
1781661600000,607.5,608.4,604.19,605.23,4782.996
1781665200000,605.23,605.71,604.0,604.77,3668.928
1781668800000,604.78,609.4,604.3,607.59,6417.098
1781672400000,607.59,609.7,606.52,607.89,4542.543
1781676000000,607.89,608.31,605.55,607.15,4696.29
1781679600000,607.15,607.95,605.02,606.62,6216.177
1781683200000,606.63,606.69,601.42,602.43,7990.251
1781686800000,602.42,603.21,600.9,601.38,5415.079
1781690400000,601.38,603.14,600.99,602.05,3438.142
1781694000000,602.05,604.86,600.9,604.07,5455.24
1781697600000,604.07,609.6,603.74,609.47,11013.021
1781701200000,609.48,612.5,608.5,608.59,15477.512
1781704800000,608.59,608.59,601.01,601.6,26451.604
1781708400000,601.61,606.27,601.61,605.55,5073.338
1781712000000,605.56,609.4,602.35,605.69,9183.961
1781715600000,605.69,609.19,605.05,608.66,3745.51
1781719200000,608.67,609.75,600.39,607.76,10384.797
1781722800000,607.77,609.39,597.03,598.62,13434.642
1781726400000,598.6,601.02,597.6,600.86,5686.18
1781730000000,600.86,602.0,599.09,599.45,2215.811
1781733600000,599.45,601.11,595.11,599.52,4324.503
1781737200000,599.52,602.29,599.48,601.63,1821.677
1781740800000,601.63,603.35,601.36,602.32,3485.876
1781744400000,602.33,604.31,600.66,601.72,2384.519
1781748000000,601.73,603.47,600.74,601.8,4652.618
1781751600000,601.81,602.02,596.25,596.6,7121.608
1781755200000,596.6,597.04,590.75,591.23,10544.339
1781758800000,591.24,591.35,587.5,589.58,11594.667
1781762400000,589.58,590.51,587.38,589.37,7059.724
1781766000000,589.38,590.77,587.97,589.57,7251.356
1781769600000,589.56,592.8,589.13,591.59,4427.17
1781773200000,591.58,592.71,590.28,590.66,2307.893
1781776800000,590.67,591.2,588.84,590.36,3579.292
1781780400000,590.36,591.12,588.49,589.64,2770.87
1781784000000,589.64,591.96,589.02,591.51,6095.473
1781787600000,591.52,592.5,587.67,589.55,5272.913
1781791200000,589.56,592.4,588.1,589.55,3811.957
1781794800000,589.54,589.54,573.0,573.74,28972.473
1781798400000,573.75,579.83,573.48,577.66,12013.715
1781802000000,577.67,578.29,574.5,576.07,5597.307
1781805600000,576.08,577.87,575.0,576.19,6065.077
1781809200000,576.19,579.37,575.62,578.88,3761.011
1781812800000,578.88,581.12,578.88,579.88,3152.192
1781816400000,579.89,580.08,578.07,579.57,3137.54
1781820000000,579.57,580.64,577.45,578.23,4260.999
1781823600000,578.22,578.89,576.94,578.48,2248.223
1781827200000,578.48,579.89,577.62,579.38,2661.672
1781830800000,579.39,582.52,579.39,581.95,2999.775
1781834400000,581.96,582.84,580.56,582.49,2646.896
1781838000000,582.5,583.29,575.9,578.19,6380.178
1781841600000,578.19,578.89,570.82,572.61,8363.381
1781845200000,572.61,576.11,572.47,575.87,2280.633
1781848800000,575.87,577.16,573.49,574.5,5113.429
1781852400000,574.51,575.59,572.82,574.97,5594.452
1781856000000,574.97,575.28,573.26,574.17,4771.961
1781859600000,574.17,574.46,571.07,571.44,5475.482
1781863200000,571.44,573.42,571.0,573.04,4164.732
1781866800000,573.04,573.86,571.81,573.28,2797.88
1781870400000,573.29,576.17,572.12,575.55,4986.353
1781874000000,575.56,578.5,573.22,577.73,7096.902
1781877600000,577.73,579.24,576.47,577.61,4494.793
1781881200000,577.6,579.73,576.47,578.77,4777.955
1781884800000,578.77,580.7,577.2,577.46,3956.177
1781888400000,577.47,580.26,577.2,579.92,2277.959
1781892000000,579.93,580.16,578.26,579.25,1000.851
1781895600000,579.25,582.0,577.87,579.93,2394.813
1781899200000,579.94,581.86,578.97,581.7,3396.254
1781902800000,581.7,582.47,579.86,580.14,1761.259
1781906400000,580.13,581.5,579.83,580.57,1968.427
1781910000000,580.57,582.4,580.08,581.42,2980.977
1781913600000,581.41,582.75,580.7,580.91,5547.493
1781917200000,580.91,581.77,580.42,581.25,4133.62
1781920800000,581.25,581.48,580.13,580.18,2973.671
1781924400000,580.19,581.1,580.12,580.6,2670.22
1781928000000,580.6,581.2,580.24,581.0,5001.391
1781931600000,581.0,584.2,580.87,582.83,10503.437
1781935200000,582.83,588.5,582.83,587.25,5281.292
1781938800000,587.25,589.43,585.27,587.69,3879.368
1781942400000,587.7,587.87,585.38,585.67,4614.454
1781946000000,585.68,588.3,585.61,587.81,4007.031
1781949600000,587.81,587.92,585.68,586.98,2658.455
1781953200000,586.98,587.76,586.15,586.38,2964.67
1781956800000,586.37,587.15,585.71,586.42,1931.269
1781960400000,586.42,586.77,583.13,584.73,4301.904
1781964000000,584.73,588.27,582.0,586.04,6330.072
1781967600000,586.04,589.0,585.09,587.2,5669.861
1781971200000,587.21,587.4,585.47,586.8,2356.798
1781974800000,586.8,586.8,584.0,585.34,1648.486
1781978400000,585.34,587.04,585.3,585.37,1152.557
1781982000000,585.37,586.53,585.3,585.92,1086.004
1781985600000,585.92,586.55,585.0,586.39,1092.27
1781989200000,586.4,587.37,585.64,586.46,1027.673
1781992800000,586.46,588.5,585.99,587.91,2124.503
1781996400000,587.91,588.5,587.38,588.03,1583.671
1782000000000,588.03,588.65,587.32,587.49,2336.639
1782003600000,587.48,590.22,587.0,589.44,2145.182
1782007200000,589.44,589.7,588.41,589.52,1499.512
1782010800000,589.53,591.0,589.02,590.36,4386.66
1782014400000,590.37,590.86,589.1,589.24,3040.479
1782018000000,589.24,590.63,588.81,589.76,1478.677
1782021600000,589.76,591.65,589.07,590.27,3073.473
1782025200000,590.28,591.83,589.58,590.94,1834.521
1782028800000,590.94,591.01,587.51,588.88,3718.675
1782032400000,588.89,590.44,588.19,589.97,2337.992
1782036000000,589.97,591.78,589.76,590.21,2133.017
1782039600000,590.22,590.79,588.0,588.45,2413.046
1782043200000,588.44,588.56,585.15,587.08,8919.259
1782046800000,587.09,589.16,586.77,588.42,2358.935
1782050400000,588.43,589.83,587.84,589.82,1923.123
1782054000000,589.82,590.5,589.32,589.88,1969.77
1782057600000,589.88,590.39,588.58,589.8,1650.267
1782061200000,589.8,591.44,589.74,590.86,1976.196
1782064800000,590.85,591.78,589.14,591.68,1700.309
1782068400000,591.68,592.56,591.33,591.85,1556.075
1782072000000,591.85,591.89,587.4,588.46,1672.693
1782075600000,588.48,588.66,585.14,587.68,2494.854
1782079200000,587.67,588.9,585.58,587.49,3004.929
1782082800000,587.5,587.5,583.6,584.23,3736.969
1782086400000,584.23,589.43,584.07,587.88,3019.695
1782090000000,587.88,596.31,587.11,594.51,10651.335
1782093600000,594.52,594.72,591.32,591.33,5398.402
1782097200000,591.32,592.7,589.07,590.05,3536.436
1782100800000,590.05,590.67,589.31,590.57,3441.164
1782104400000,590.56,592.99,590.11,592.99,2003.415
1782108000000,593.0,594.12,590.46,590.82,3656.235
1782111600000,590.83,595.03,590.59,593.96,5770.683
1782115200000,593.97,594.9,592.41,593.18,2854.063
1782118800000,593.18,593.66,592.38,593.12,2822.643
1782122400000,593.11,593.33,591.23,592.07,2510.369
1782126000000,592.07,598.0,591.88,597.17,6219.059
1782129600000,597.17,601.0,597.17,600.63,7927.901
1782133200000,600.64,602.31,599.21,602.1,6136.855
1782136800000,602.11,602.3,596.12,597.96,11432.055
1782140400000,597.95,599.38,595.5,596.25,4992.024
1782144000000,596.25,596.43,592.58,594.79,4302.818
1782147600000,594.79,595.73,593.01,595.44,2515.29
1782151200000,595.44,597.0,593.17,593.35,2442.622
1782154800000,593.34,593.96,590.23,592.29,4947.445
1782158400000,592.29,593.15,589.92,591.56,2918.295
1782162000000,591.56,592.07,589.17,591.17,1354.201
1782165600000,591.16,591.94,587.88,589.97,2716.246
1782169200000,589.97,591.19,589.0,590.15,1862.379
1782172800000,590.14,591.77,588.8,591.4,3291.913
1782176400000,591.4,592.27,588.03,590.38,2804.639
1782180000000,590.38,592.83,589.85,592.62,2578.666
1782183600000,592.63,592.67,589.76,591.96,2973.224
1782187200000,591.97,592.31,587.1,587.21,2560.556
1782190800000,587.21,588.03,585.0,585.6,3695.872
1782194400000,585.61,585.97,577.46,581.14,10166.262
1782198000000,581.14,582.66,580.74,580.88,3828.884
1782201600000,580.87,581.43,570.57,574.08,14856.344
1782205200000,574.08,574.83,571.51,571.92,9033.779
1782208800000,571.92,573.61,570.86,572.11,7952.015
1782212400000,572.11,574.68,571.71,574.07,7108.936
1782216000000,574.07,575.6,573.0,573.76,5043.462
1782219600000,573.75,575.46,571.21,575.28,6484.265
1782223200000,575.27,577.02,573.21,573.84,4879.017
1782226800000,573.84,574.96,572.07,574.67,3133.828
1782230400000,574.67,577.25,574.12,574.72,2958.17
1782234000000,574.71,575.92,573.48,574.08,2498.201
1782237600000,574.07,575.19,572.7,573.82,1908.633
1782241200000,573.81,576.81,573.78,576.2,4047.805
1782244800000,576.2,577.11,575.51,576.25,1485.504
1782248400000,576.25,577.83,576.09,577.0,2129.481
1782252000000,577.01,578.4,576.48,577.99,1742.953
1782255600000,577.98,579.24,576.6,578.08,1692.473
1782259200000,578.09,581.11,577.95,579.82,2631.981
1782262800000,579.82,581.63,578.77,579.54,2489.814
1782266400000,579.54,579.75,577.33,577.49,1521.066
1782270000000,577.48,578.59,575.38,577.85,1952.54
1782273600000,577.85,578.81,574.24,577.45,2238.545
1782277200000,577.46,581.4,577.24,579.93,1649.201
1782280800000,579.92,580.58,578.84,579.0,1356.045
1782284400000,579.0,579.17,576.3,576.92,3357.405
1782288000000,576.93,578.13,576.53,577.88,3287.134
1782291600000,577.89,577.89,576.07,577.01,2045.99
1782295200000,577.0,577.05,575.22,575.52,3447.24
1782298800000,575.53,582.21,573.84,579.79,5068.222
1782302400000,579.79,580.33,576.54,576.75,4607.773
1782306000000,576.75,576.97,568.29,570.11,15787.258
1782309600000,570.14,571.76,567.59,570.45,9240.693
1782313200000,570.46,570.46,561.02,561.41,13788.594
1782316800000,561.4,563.79,552.0,554.75,24694.074
1782320400000,554.74,557.15,546.6,549.04,26835.278
1782324000000,549.05,556.0,548.14,553.59,8267.779
1782327600000,553.6,555.61,552.25,555.57,3791.253
1782331200000,555.57,564.61,554.67,563.2,10971.396
1782334800000,563.22,564.24,559.94,564.21,3833.835
1782338400000,564.21,566.26,562.92,563.35,4982.786
1782342000000,563.35,565.0,562.73,564.67,3062.096
1782345600000,564.66,565.98,563.09,564.05,3609.003
1782349200000,564.05,566.76,563.48,566.21,2442.141
1782352800000,566.2,567.11,565.32,565.82,3485.979
1782356400000,565.81,566.91,564.56,565.79,2178.241
1782360000000,565.78,568.96,563.79,568.46,2922.785
1782363600000,568.46,571.18,567.98,570.19,9522.894
1782367200000,570.19,572.72,570.18,571.3,4083.878
1782370800000,571.31,572.06,569.88,570.47,3701.724
1782374400000,570.47,570.61,568.99,569.56,4649.173
1782378000000,569.56,570.29,568.31,568.68,5185.723
1782381600000,568.67,568.87,562.44,563.7,5714.046
1782385200000,563.71,564.25,560.46,562.7,5992.075
1782388800000,562.71,566.9,561.07,563.06,6658.667
1782392400000,563.06,568.58,540.6,542.2,29723.13
1782396000000,542.2,559.47,542.2,553.16,30936.515
1782399600000,553.16,554.56,548.24,554.04,9318.825
1782403200000,554.04,557.35,552.46,554.17,4781.419
1782406800000,554.17,559.63,553.23,559.63,3899.467
1782410400000,559.63,560.24,554.72,555.52,4765.994
1782414000000,555.52,555.54,552.55,554.27,2473.806
1782417600000,554.28,557.2,554.27,555.47,2064.457
1782421200000,555.46,561.63,555.42,561.41,2718.751
1782424800000,561.4,561.4,559.51,560.37,2666.306
1782428400000,560.37,563.0,559.27,560.62,2772.917
1782432000000,560.63,564.98,559.6,560.8,13649.187
1782435600000,560.8,561.49,557.03,558.53,3799.224
1782439200000,558.53,558.63,550.37,552.43,12133.474
1782442800000,552.44,563.63,551.01,562.99,9672.76
1782446400000,562.99,563.31,559.52,560.28,5299.198
1782450000000,560.29,561.83,559.19,561.09,6750.559
1782453600000,561.1,565.32,559.04,564.14,6738.741
1782457200000,564.14,570.34,564.1,569.48,11913.636
1782460800000,569.49,569.96,566.7,568.58,6891.743
1782464400000,568.58,568.68,563.43,564.21,8875.516
1782468000000,564.21,566.49,563.03,564.17,9495.74
1782471600000,564.16,565.64,558.82,558.99,11503.368
1782475200000,558.99,561.41,554.36,556.27,18016.881
1782478800000,556.27,564.21,551.92,563.88,11062.196
1782482400000,563.9,564.9,559.15,559.8,12443.805
1782486000000,559.81,567.2,559.6,565.28,9102.192
1782489600000,565.28,568.98,562.77,566.83,9004.921
1782493200000,566.83,568.32,566.21,567.45,4057.055
1782496800000,567.45,568.57,564.8,565.3,3331.001
1782500400000,565.3,568.68,564.85,565.82,3773.224
1782504000000,565.85,568.59,564.63,565.05,2871.733
1782507600000,565.06,568.26,564.46,568.0,2166.127
1782511200000,568.01,568.5,565.72,568.23,2153.759
1782514800000,568.23,568.68,567.12,567.64,1497.367
1782518400000,567.65,568.66,565.8,567.72,1909.337
1782522000000,567.72,567.75,565.62,565.76,1666.719
1782525600000,565.75,568.44,565.23,567.88,4020.274
1782529200000,567.87,568.12,566.04,566.96,3071.858
1782532800000,566.96,567.95,564.34,564.54,3183.326
1782536400000,564.54,566.34,563.93,565.46,6619.128
1782540000000,565.45,566.7,564.41,565.43,2889.803
1782543600000,565.43,565.78,564.93,565.53,3093.826
1782547200000,565.53,565.72,564.3,565.41,4964.33
1782550800000,565.4,565.69,564.17,564.63,2268.188
1782554400000,564.62,564.77,563.63,564.64,3828.931
1782558000000,564.64,564.69,562.53,563.16,2146.586
1782561600000,563.16,564.67,562.47,564.3,1869.398
1782565200000,564.29,565.49,563.68,564.18,3913.198
1782568800000,564.18,565.29,563.18,564.5,3631.456
1782572400000,564.5,567.04,564.22,565.46,5628.729
1782576000000,565.47,566.6,565.0,566.51,2922.639
1782579600000,566.5,566.76,563.29,563.3,3819.059
1782583200000,563.3,563.51,561.8,562.24,2163.074
1782586800000,562.24,562.9,557.95,559.12,3238.301
1782590400000,559.11,559.99,559.03,559.73,2017.971
1782594000000,559.75,563.28,556.25,557.41,5795.87
1782597600000,557.4,559.07,554.53,559.0,5627.361
1782601200000,558.99,559.12,556.98,557.2,1122.548
1782604800000,557.19,558.48,556.85,557.87,1728.57
1782608400000,557.88,558.31,556.46,558.03,1371.058
1782612000000,558.03,558.8,556.78,557.57,1711.57
1782615600000,557.56,558.85,557.56,558.74,1056.064
1782619200000,558.74,558.74,556.78,556.92,1374.681
1782622800000,556.92,557.3,554.66,556.05,2517.44
1782626400000,556.06,556.37,554.03,554.94,2802.624
1782630000000,554.94,556.8,554.93,556.45,2072.333
1782633600000,556.46,558.89,555.3,557.37,2768.924
1782637200000,557.4,558.03,555.16,555.25,3901.51
1782640800000,555.26,556.24,554.35,555.16,2385.579
1782644400000,555.17,557.41,555.02,557.29,5715.843
1782648000000,557.29,558.0,555.5,556.63,2741.0
1782651600000,556.63,556.71,554.14,555.28,2921.332
1782655200000,555.28,557.09,554.94,554.95,2670.956
1782658800000,554.95,556.09,553.8,554.55,2687.264
1782662400000,554.56,554.84,551.48,552.42,3221.495
1782666000000,552.42,553.43,550.0,551.98,3946.316
1782669600000,551.98,553.94,551.32,553.86,2314.493
1782673200000,553.86,553.86,547.23,548.45,7821.897
1782676800000,548.44,555.28,548.33,550.1,9253.371
1782680400000,550.1,551.67,548.44,548.94,1368.308
1782684000000,548.94,553.13,545.62,547.29,5020.206
1782687600000,547.28,553.26,546.9,551.07,3495.023
1782691200000,551.07,553.09,546.67,552.84,3164.292
1782694800000,552.83,553.07,549.64,552.27,2362.648
1782698400000,552.28,554.8,547.42,553.78,3297.47
1782702000000,553.78,556.69,553.55,555.19,4093.218
1782705600000,555.2,555.26,550.91,551.33,2640.212
1782709200000,551.33,553.33,548.37,553.33,3819.279
1782712800000,553.33,555.53,553.01,554.0,4337.857
1782716400000,554.0,554.66,552.73,553.6,3558.863
1782720000000,553.6,554.48,551.52,552.94,4013.762
1782723600000,552.95,554.62,552.32,553.6,5032.163
1782727200000,553.59,555.78,553.51,553.8,3512.013
1782730800000,553.81,554.69,550.51,551.87,3898.734
1782734400000,551.86,558.42,549.68,553.3,7307.813
1782738000000,553.3,555.94,549.0,550.7,7584.574
1782741600000,550.71,552.04,546.17,550.98,7730.211
1782745200000,551.0,552.62,547.5,551.97,4146.023
1782748800000,551.97,559.04,550.34,556.15,14936.307
1782752400000,556.15,562.96,556.05,561.12,7657.348
1782756000000,561.13,562.4,560.34,561.14,2710.692
1782759600000,561.14,563.16,559.94,561.78,3657.287
1782763200000,561.78,562.21,559.98,560.08,1845.765
1782766800000,560.08,561.84,559.42,561.2,2031.71
1782770400000,561.2,561.88,560.01,560.12,1398.13
1782774000000,560.12,560.55,559.28,559.52,1057.753
1782777600000,559.51,560.4,555.27,555.71,2840.083
1782781200000,555.72,557.16,555.0,555.8,2265.45
1782784800000,555.8,557.38,554.53,556.59,2167.568
1782788400000,556.59,556.91,553.76,553.77,6410.792
1782792000000,553.76,554.73,551.62,553.17,3679.173
1782795600000,553.17,554.14,552.0,554.12,4697.823
1782799200000,554.13,554.19,552.48,553.3,2113.612
1782802800000,553.31,553.59,551.83,552.42,2549.116
1782806400000,552.42,553.06,549.53,550.16,5435.183
1782810000000,550.16,551.37,549.14,549.83,9552.218
1782813600000,549.83,550.6,549.16,549.45,4257.424
1782817200000,549.44,549.6,547.0,547.7,4055.732
1782820800000,547.71,547.77,543.79,543.8,10641.249
1782824400000,543.8,548.8,543.68,548.56,7193.052
1782828000000,548.56,551.56,544.94,545.57,8452.867
1782831600000,545.57,547.49,543.68,544.96,5562.831
1782835200000,544.96,547.94,544.86,546.76,4532.844
1782838800000,546.76,548.66,545.87,546.82,3421.891
1782842400000,546.83,548.55,545.52,546.94,2938.033
1782846000000,546.94,547.92,545.88,547.4,1845.96
1782849600000,547.38,547.7,545.22,545.52,3762.485
1782853200000,545.52,545.82,544.13,545.02,2952.696
1782856800000,545.03,545.97,544.41,544.87,3294.816
1782860400000,544.87,546.8,544.85,546.52,1692.622
1782864000000,546.52,548.56,545.25,547.86,5761.521
1782867600000,547.87,549.76,540.0,547.85,10504.27
1782871200000,547.85,550.5,547.12,549.78,5945.623
1782874800000,549.78,552.83,548.73,551.52,4062.827
1782878400000,551.52,552.65,550.67,551.09,4767.399
1782882000000,551.09,551.64,549.81,551.01,2970.736
1782885600000,551.01,551.12,545.08,545.91,5155.97
1782889200000,545.92,547.74,545.22,546.89,3091.276
1782892800000,546.88,547.31,544.06,547.25,5693.328
1782896400000,547.25,547.69,544.79,545.26,5607.393
1782900000000,545.26,545.73,542.0,542.21,6623.979
1782903600000,542.21,544.44,537.25,542.64,16438.388
1782907200000,542.64,543.72,541.32,542.66,4932.404
1782910800000,542.65,550.74,542.65,549.13,17753.922
1782914400000,549.13,552.53,547.37,549.48,9010.574
1782918000000,549.49,555.68,549.42,554.36,12303.441
1782921600000,554.36,554.96,550.79,551.66,8308.606
1782925200000,551.66,554.47,550.15,554.25,4932.036
1782928800000,554.25,554.35,552.23,552.92,4003.511
1782932400000,552.92,554.02,550.43,551.25,8065.95
1782936000000,551.26,552.48,550.03,552.47,2024.842
1782939600000,552.48,557.12,552.47,556.26,5175.652
1782943200000,556.25,559.55,553.2,553.7,6928.258
1782946800000,553.7,553.74,550.14,550.44,2011.266
1782950400000,550.45,550.56,546.21,547.78,3147.814
1782954000000,547.79,551.84,547.74,550.44,2917.629
1782957600000,550.44,551.89,549.0,551.05,3494.703
1782961200000,551.05,561.19,550.16,556.94,13729.155
1782964800000,556.93,556.93,552.8,554.33,5159.397
1782968400000,554.33,554.33,551.94,552.09,6769.328
1782972000000,552.09,552.27,549.0,549.03,5028.411
1782975600000,549.03,549.99,548.74,549.4,3803.362
1782979200000,549.4,551.13,549.25,550.87,3646.765
1782982800000,550.87,555.99,550.16,554.56,7117.477
1782986400000,554.56,556.83,553.87,555.95,10259.27
1782990000000,555.95,561.73,555.64,559.93,14037.64
1782993600000,559.94,563.3,559.14,563.05,9819.103
1782997200000,563.05,567.17,561.49,565.15,25043.083
1783000800000,565.15,566.41,560.02,561.99,10739.772
1783004400000,562.0,563.55,560.33,562.54,3629.86
1783008000000,562.54,564.16,559.44,561.89,4014.238
1783011600000,561.89,563.59,559.87,560.68,5678.457
1783015200000,560.69,561.82,559.88,560.16,1835.063
1783018800000,560.16,560.35,558.0,558.14,3222.09
1783022400000,558.14,558.88,557.39,558.42,1741.963
1783026000000,558.42,558.49,557.22,557.52,2292.607
1783029600000,557.52,558.33,556.16,557.37,3213.824
1783033200000,557.36,559.6,556.66,558.96,1975.803
1783036800000,558.95,559.26,556.99,557.69,3362.504
1783040400000,557.69,562.12,557.22,561.58,4077.478
1783044000000,561.58,562.01,559.14,561.52,2465.884
1783047600000,561.52,561.82,559.54,561.03,2313.14
1783051200000,561.03,561.71,560.04,560.74,2402.773
1783054800000,560.74,563.31,560.4,562.56,2587.482
1783058400000,562.56,563.97,561.34,561.54,3503.188
1783062000000,561.54,562.47,561.14,561.69,3879.416
1783065600000,561.68,564.0,561.34,562.29,4887.897
1783069200000,562.29,564.39,561.71,562.86,5726.675
1783072800000,562.87,566.5,562.66,565.91,6880.748
1783076400000,565.91,567.58,565.14,566.77,8853.931
1783080000000,566.78,567.84,564.38,564.97,5403.957
1783083600000,564.98,567.78,564.74,566.92,6165.148
1783087200000,566.91,566.91,563.23,565.89,6734.727
1783090800000,565.9,568.45,564.82,565.65,6584.534
1783094400000,565.66,567.24,564.6,566.74,2315.176
1783098000000,566.74,568.26,566.37,567.86,4276.499
1783101600000,567.87,568.77,567.67,568.42,3398.32
1783105200000,568.43,571.5,567.7,569.69,4537.071
1783108800000,569.69,574.73,569.51,573.17,5540.143
1783112400000,573.17,574.94,571.85,573.94,3040.867
1783116000000,573.94,574.37,572.34,573.14,2041.942
1783119600000,573.14,575.21,572.61,573.81,3679.491
1783123200000,573.81,575.71,573.46,574.08,3271.843
1783126800000,574.08,574.08,570.93,571.84,3613.278
1783130400000,571.84,572.56,571.16,571.91,3063.148
1783134000000,571.9,573.0,571.45,572.23,2743.027
1783137600000,572.23,573.36,571.46,573.18,2707.637
1783141200000,573.17,573.17,569.9,571.35,5447.094
1783144800000,571.36,572.38,568.74,569.96,5339.758
1783148400000,569.96,570.1,568.7,569.7,5855.275
1783152000000,569.71,576.24,569.21,575.21,9135.473
1783155600000,575.21,575.37,572.2,572.61,3658.428
1783159200000,572.62,573.0,571.36,572.01,5345.156
1783162800000,572.0,572.76,571.24,571.91,1842.2
1783166400000,571.91,573.66,571.9,573.28,1666.429
1783170000000,573.28,574.5,572.21,573.3,2262.093
1783173600000,573.29,576.0,573.19,574.63,3879.364
1783177200000,574.64,578.23,574.0,576.74,10571.117
1783180800000,576.74,576.82,574.84,575.78,6165.224
1783184400000,575.78,578.79,574.46,578.48,4266.459
1783188000000,578.48,578.82,576.46,576.87,1903.581
1783191600000,576.88,577.22,575.51,575.52,1719.754
1783195200000,575.52,575.95,573.16,573.21,3048.389
1783198800000,573.21,575.47,572.57,574.68,2820.62
1783202400000,574.68,578.27,574.49,576.67,3193.494
1783206000000,576.68,576.8,573.7,575.37,3195.293
1783209600000,575.38,575.43,572.15,573.26,2964.556
1783213200000,573.25,573.9,569.89,572.0,4179.775
1783216800000,571.99,572.28,568.19,569.38,4375.016
1783220400000,569.37,571.09,569.37,570.44,2272.27
1783224000000,570.44,572.14,569.88,571.48,2831.606
1783227600000,571.47,572.14,570.36,571.61,6229.72
1783231200000,571.62,572.4,570.58,571.61,3007.981
1783234800000,571.61,575.83,571.44,575.64,3489.995
1783238400000,575.65,579.0,574.84,578.32,6996.715
1783242000000,578.32,578.36,572.48,574.61,8037.239
1783245600000,574.6,576.39,573.8,576.13,5310.199
1783249200000,576.13,578.28,574.49,577.05,5766.8
1783252800000,577.06,586.54,576.19,583.72,10621.304
1783256400000,583.72,587.73,582.25,586.88,13009.758
1783260000000,586.87,589.82,586.29,587.29,9867.42
1783263600000,587.29,589.85,586.59,587.34,6167.397
1783267200000,587.34,588.95,584.87,585.76,5660.867
1783270800000,585.76,587.21,584.48,585.35,2588.311
1783274400000,585.34,591.8,583.49,590.59,7889.258
1783278000000,590.59,591.11,588.84,589.45,4439.499
1783281600000,589.44,590.6,587.62,588.07,2679.992
1783285200000,588.07,591.27,585.84,589.65,3903.627
1783288800000,589.65,593.47,588.9,591.55,6074.121
1783292400000,591.55,593.1,589.03,589.87,4473.408
1783296000000,589.88,591.87,587.01,591.77,4249.57
1783299600000,591.77,593.1,587.89,588.53,5955.818
1783303200000,588.53,589.32,585.47,586.41,4584.888
1783306800000,586.4,586.64,582.67,585.41,6864.786
1783310400000,585.41,585.68,583.43,584.07,2673.329
1783314000000,584.08,584.66,581.13,583.17,6444.833
1783317600000,583.17,583.39,581.62,582.39,3482.682
1783321200000,582.38,582.88,581.03,582.08,4264.398
1783324800000,582.07,582.9,579.9,580.63,6123.926
1783328400000,580.63,580.63,576.1,577.43,6703.417
1783332000000,577.44,581.0,577.3,580.18,2848.862
1783335600000,580.19,581.13,577.81,577.81,3421.051
1783339200000,577.81,577.86,571.85,571.95,13817.583
1783342800000,571.96,575.18,570.12,573.04,8725.602
1783346400000,573.05,578.93,572.95,577.1,11497.681
1783350000000,577.1,585.0,576.95,584.74,11087.27
1783353600000,584.75,586.71,583.32,585.31,10371.241
1783357200000,585.31,586.13,582.85,583.06,7435.421
1783360800000,583.07,585.19,582.85,584.4,1894.982
1783364400000,584.39,585.98,584.01,585.15,2507.85
1783368000000,585.15,586.29,583.55,585.72,2588.604
1783371600000,585.72,592.1,585.72,589.51,7134.471
1783375200000,589.52,589.71,587.47,588.11,3537.328
1783378800000,588.11,588.91,585.54,586.01,2589.902
1783382400000,586.02,587.92,585.57,586.91,3254.594
1783386000000,586.91,586.91,582.48,582.93,3667.711
1783389600000,582.94,583.5,580.24,580.98,3117.29
1783393200000,580.98,581.92,578.22,579.18,3572.446
1783396800000,579.18,579.41,577.61,578.84,2497.571
1783400400000,578.85,579.84,576.39,579.04,3173.882
1783404000000,579.04,580.79,578.06,579.98,4676.857
1783407600000,579.98,580.4,578.28,578.33,3979.503
1783411200000,578.32,578.56,576.52,577.22,3627.702
1783414800000,577.22,578.58,576.82,577.93,3215.671
1783418400000,577.94,580.0,577.82,578.47,3240.515
1783422000000,578.46,580.4,577.27,580.23,3702.431
1783425600000,580.23,582.4,579.98,581.09,4598.24
1783429200000,581.08,581.28,576.85,577.48,4490.299
1783432800000,577.5,581.52,575.28,581.01,6211.707
1783436400000,581.01,585.61,579.5,584.74,6826.746
1783440000000,584.73,587.16,583.41,585.28,4804.602
1783443600000,585.28,586.49,584.2,585.97,4903.827
1783447200000,585.98,585.98,582.28,582.38,3597.613
1783450800000,582.38,584.29,580.01,583.29,4385.155
1783454400000,583.29,583.8,580.18,580.71,2862.778
1783458000000,580.72,581.54,577.82,578.04,4540.947
1783461600000,578.05,579.63,576.69,578.59,2222.802
1783465200000,578.58,579.25,576.4,576.82,1897.6
1783468800000,576.83,578.94,576.16,578.62,3099.067
1783472400000,578.63,579.0,571.39,572.06,7098.01
1783476000000,572.07,572.07,567.45,571.14,8698.686
1783479600000,571.15,572.47,568.55,569.05,3654.818
1783483200000,569.06,569.87,568.19,569.54,3034.575
1783486800000,569.55,570.31,567.52,568.2,2408.679
1783490400000,568.21,568.37,565.98,566.56,5992.601
1783494000000,566.56,568.1,565.23,567.94,4031.619
1783497600000,567.94,568.76,560.73,561.55,9116.358
1783501200000,561.56,563.38,560.4,561.5,4525.845
1783504800000,561.51,563.36,560.61,562.83,4648.185
1783508400000,562.83,568.78,562.28,566.13,5834.56
1783512000000,566.14,566.72,563.76,563.93,2974.309
1783515600000,563.94,566.05,562.73,565.36,4455.721
1783519200000,565.37,567.38,563.31,564.48,6452.047
1783522800000,564.48,564.62,560.94,562.36,3692.874
1783526400000,562.36,566.8,561.64,566.59,4743.146
1783530000000,566.59,567.87,564.46,564.71,4013.949
1783533600000,564.71,566.92,564.3,566.29,2170.609
1783537200000,566.3,567.5,565.63,566.94,1400.539
1783540800000,566.95,567.72,565.83,566.25,2202.713
1783544400000,566.26,567.02,564.77,566.86,1680.149
1783548000000,566.87,568.35,566.51,568.03,1938.058
1783551600000,568.03,568.98,567.15,568.66,1549.871
1783555200000,568.66,569.36,567.65,568.67,2331.028
1783558800000,568.68,572.81,566.97,567.25,4242.216
1783562400000,567.25,569.44,566.05,566.11,2475.918
1783566000000,566.11,568.5,565.48,568.26,2157.856
1783569600000,568.26,570.51,567.66,570.5,2790.507
1783573200000,570.51,573.73,569.42,573.67,4704.288
1783576800000,573.67,575.21,572.43,574.75,4821.148
1783580400000,574.75,577.15,572.27,572.74,7477.494
1783584000000,572.74,573.52,571.93,572.2,7618.414
1783587600000,572.2,573.5,570.67,573.06,9199.192
1783591200000,573.07,573.27,569.45,569.94,4022.895
1783594800000,569.94,570.59,568.93,569.77,3200.15
1783598400000,569.77,570.73,568.12,569.04,4957.602
1783602000000,569.05,572.29,568.07,570.99,4193.802
1783605600000,570.99,572.11,568.81,572.07,3598.847
1783609200000,572.07,573.0,570.62,571.03,2300.148
1783612800000,571.02,571.59,569.3,569.9,3028.827
1783616400000,569.91,572.58,569.46,571.57,2112.279
1783620000000,571.58,573.67,571.04,571.86,2560.509
1783623600000,571.87,571.95,570.09,570.26,1837.876
1783627200000,570.26,570.75,569.47,570.08,1268.799
1783630800000,570.08,571.21,570.01,570.36,1244.871
1783634400000,570.36,571.06,569.76,570.43,1723.122
1783638000000,570.43,570.54,568.62,568.72,1753.821
1783641600000,568.73,570.8,568.02,570.8,2038.102
1783645200000,570.8,576.69,569.66,574.95,6068.86
1783648800000,574.95,575.7,574.0,575.41,5549.363
1783652400000,575.42,575.88,574.44,575.52,4047.581
1783656000000,575.52,577.34,575.01,576.19,2718.335
1783659600000,576.2,578.14,575.39,577.42,2842.355
1783663200000,577.42,577.66,575.91,576.57,6605.7
1783666800000,576.58,577.18,573.86,574.0,8386.584
1783670400000,574.0,577.16,573.93,576.05,5184.896
1783674000000,576.06,577.16,574.79,576.62,3585.472
1783677600000,576.63,577.66,575.45,576.33,4607.298
1783681200000,576.34,577.32,574.75,575.59,4452.252
1783684800000,575.6,577.0,573.56,573.63,4777.024
1783688400000,573.63,576.69,573.0,575.59,3298.743
1783692000000,575.59,575.7,569.63,572.22,4641.864
1783695600000,572.22,574.54,572.12,573.86,3500.025
1783699200000,573.86,577.5,573.86,577.17,3323.316
1783702800000,577.17,578.31,575.92,575.93,2214.577
1783706400000,575.93,577.58,574.75,575.28,1794.955
1783710000000,575.29,576.78,573.87,575.99,2764.175
1783713600000,575.99,576.37,574.73,575.23,1518.344
1783717200000,575.23,577.01,574.69,575.85,1497.286
1783720800000,575.86,576.57,575.65,576.04,1009.738
1783724400000,576.05,576.42,575.16,575.43,1079.529
1783728000000,575.44,575.76,574.42,574.73,1429.647
1783731600000,574.73,576.07,573.27,573.32,1582.114
1783735200000,573.32,575.1,573.06,575.0,1289.265
1783738800000,575.01,576.0,574.15,574.91,10090.681
1783742400000,574.92,576.0,574.31,575.27,3456.664
1783746000000,575.27,576.33,574.9,575.23,3218.498
1783749600000,575.24,576.33,574.88,576.2,1938.67
1783753200000,576.21,577.72,575.99,576.92,2805.19
1783756800000,576.92,579.28,576.61,579.26,2715.187
1783760400000,579.26,579.84,577.36,577.72,2448.249
1783764000000,577.72,578.91,577.04,578.91,2546.985
1783767600000,578.9,579.39,577.76,579.39,2596.269
1783771200000,579.39,580.36,578.76,579.49,2542.181
1783774800000,579.48,582.18,579.29,581.21,3452.98
1783778400000,581.21,583.01,580.91,581.7,6564.328
1783782000000,581.71,582.17,577.81,579.86,4505.554
1783785600000,579.87,580.45,579.23,579.89,1743.103
1783789200000,579.88,581.18,579.62,580.66,1559.989
1783792800000,580.65,581.31,580.41,580.92,1155.951
1783796400000,580.93,581.52,580.29,580.56,1174.774
1783800000000,580.57,581.51,580.57,580.99,701.382
1783803600000,581.0,581.52,580.86,581.18,1118.175
1783807200000,581.18,582.08,579.73,580.23,1626.798
1783810800000,580.23,580.71,574.65,574.65,3453.705
1783814400000,574.65,575.28,570.3,571.29,4723.759
1783818000000,571.3,574.28,570.78,574.04,3131.661
1783821600000,574.05,574.51,572.93,574.28,1907.398
1783825200000,574.28,575.89,574.0,575.39,1614.122
1783828800000,575.4,575.89,573.89,574.4,2342.037
1783832400000,574.41,574.48,572.68,573.09,2458.515
1783836000000,573.09,573.09,570.13,571.89,4632.923
1783839600000,571.89,572.72,571.67,572.37,2559.961
1783843200000,572.37,573.99,572.26,573.69,5808.471
1783846800000,573.68,575.05,572.33,574.41,3697.219
1783850400000,574.41,574.8,573.73,574.42,1725.818
1783854000000,574.43,580.53,573.71,580.17,5956.989
1783857600000,580.18,584.63,580.11,582.3,10661.57
1783861200000,582.3,582.45,580.48,581.02,3931.09
1783864800000,581.02,582.82,579.36,581.55,3334.308
1783868400000,581.54,581.54,580.12,581.1,3489.158
1783872000000,581.09,582.07,580.81,581.12,2790.46
1783875600000,581.12,581.22,578.88,579.3,3972.015
1783879200000,579.3,579.75,579.05,579.45,1330.638
1783882800000,579.45,579.88,578.88,579.86,1471.066
1783886400000,579.87,579.96,578.28,578.84,2034.183
1783890000000,578.85,579.43,575.69,575.75,1964.739
1783893600000,575.75,575.75,572.89,574.16,4872.073
1783897200000,574.16,574.99,573.15,573.91,1305.879
1783900800000,573.91,579.89,573.08,577.93,4729.911
1783904400000,577.93,579.08,572.19,572.3,3585.615
1783908000000,572.31,573.77,570.87,572.04,5065.513
1783911600000,572.05,572.05,566.67,569.04,7761.951
1783915200000,569.05,569.63,567.28,567.31,2553.159
1783918800000,567.32,569.53,566.28,568.59,3718.242
1783922400000,568.6,569.34,567.69,568.57,1503.616
1783926000000,568.57,570.58,567.88,570.11,3094.072
1783929600000,570.11,571.1,569.43,570.37,3498.008
1783933200000,570.37,570.4,569.29,569.62,3286.706
1783936800000,569.62,570.39,568.45,569.65,2646.892
1783940400000,569.65,570.92,569.31,569.66,2955.447
1783944000000,569.67,569.77,567.56,568.41,2631.442
1783947600000,568.41,569.57,566.41,568.05,3483.733
1783951200000,568.06,570.73,565.61,570.7,5148.813
1783954800000,570.71,571.78,568.31,568.72,2479.323
1783958400000,568.72,568.88,565.67,566.07,2806.812
1783962000000,566.07,566.7,562.4,562.62,3718.629
1783965600000,562.62,565.33,562.37,564.44,3059.842
1783969200000,564.44,566.35,564.04,566.29,2431.992
1783972800000,566.29,566.7,564.45,565.34,1830.03
1783976400000,565.35,565.59,563.31,564.86,2072.815
1783980000000,564.86,566.64,564.69,565.31,1036.458
1783983600000,565.31,567.5,565.09,567.49,1626.102
1783987200000,567.5,569.9,566.74,569.28,2561.083
1783990800000,569.27,570.57,568.61,569.95,2594.72
1783994400000,569.95,570.42,567.57,570.0,3181.588
1783998000000,570.0,570.54,568.02,569.98,3562.601
1784001600000,569.99,571.5,569.81,571.16,4747.849
1784005200000,571.17,571.68,570.0,570.45,3889.637
1784008800000,570.44,570.45,568.93,569.28,2513.924
1784012400000,569.29,570.46,568.93,570.15,2227.677
1784016000000,570.16,571.74,569.14,570.68,2904.441
1784019600000,570.68,571.24,569.48,569.99,2814.807
1784023200000,569.99,571.18,569.32,570.95,3489.782
1784026800000,570.96,571.46,570.45,570.96,3113.989
1784030400000,570.96,577.94,570.21,577.41,13080.212
1784034000000,577.42,582.0,576.24,578.97,18673.096
1784037600000,578.97,582.29,577.57,581.48,12856.061
1784041200000,581.48,584.64,581.09,582.87,9581.247
1784044800000,582.87,583.41,581.54,581.63,5159.056
1784048400000,581.63,581.67,579.1,580.84,9200.64
1784052000000,580.85,581.12,579.7,579.89,2747.314
1784055600000,579.88,581.56,579.88,580.64,2705.634
1784059200000,580.65,580.97,579.5,579.9,1894.474
1784062800000,579.91,581.25,579.56,580.68,1490.117
1784066400000,580.68,582.91,579.27,581.67,4001.901
1784070000000,581.75,582.9,581.11,581.87,4243.336
1784073600000,581.88,583.17,581.44,582.22,4543.826
1784077200000,582.23,582.23,579.95,580.09,3751.022
1784080800000,580.08,581.11,579.2,579.94,3220.098
1784084400000,579.95,581.29,579.67,580.71,3290.735
1784088000000,580.72,581.24,577.29,579.66,3858.444
1784091600000,579.67,580.77,578.71,580.6,3261.538
1784095200000,580.6,582.28,579.78,579.78,3779.461
1784098800000,579.79,580.19,576.49,576.49,9743.3
1784102400000,576.5,577.7,575.8,577.13,5287.453
1784106000000,577.12,577.98,576.56,577.14,4011.443
1784109600000,577.14,578.86,576.99,578.82,5247.953
1784113200000,578.82,579.1,577.83,579.01,3709.241
1784116800000,579.02,584.52,577.22,582.59,9320.893
1784120400000,582.6,585.3,580.99,582.47,12170.854
1784124000000,582.48,583.72,580.21,581.62,6402.896
1784127600000,581.62,582.33,580.4,581.73,6796.062
1784131200000,581.74,581.79,576.63,578.64,7227.608
1784134800000,578.65,580.83,578.35,580.09,3701.86
1784138400000,580.1,581.91,579.51,579.74,2267.169
1784142000000,579.75,580.37,578.55,579.48,1732.744
1784145600000,579.5,581.32,579.3,580.78,1734.464
1784149200000,580.78,581.49,580.48,581.09,2571.616
1784152800000,581.1,581.97,580.53,581.06,2800.784
1784156400000,581.07,581.66,579.9,580.55,2464.393
1784160000000,580.56,582.4,578.0,579.51,5371.393
1784163600000,579.51,580.49,577.85,579.91,4703.799
1784167200000,579.91,580.68,579.45,580.36,1819.519
1784170800000,580.36,581.52,580.15,581.46,2839.049
1784174400000,581.47,582.25,580.53,580.76,2044.482
1784178000000,580.76,585.87,580.76,583.6,6071.449
1784181600000,583.61,584.64,581.63,582.97,2783.551
1784185200000,582.98,583.12,578.88,579.86,3294.067
1784188800000,579.86,580.07,574.57,577.01,6999.322
1784192400000,577.01,578.09,576.7,577.58,2926.164
1784196000000,577.58,578.25,577.2,577.61,2139.317
1784199600000,577.61,578.48,576.31,578.09,2438.1
1784203200000,578.09,578.09,575.66,576.68,2939.109
1784206800000,576.67,579.57,576.15,578.31,2921.514
1784210400000,578.31,581.21,578.0,579.8,3962.756
1784214000000,579.8,580.97,577.15,579.48,5413.22
1784217600000,579.49,579.56,576.81,576.98,6944.992
1784221200000,576.99,576.99,574.28,575.22,5908.675
1784224800000,575.23,576.65,575.0,576.07,2735.853
1784228400000,576.07,576.38,575.16,575.8,2547.41
1784232000000,575.81,576.0,574.74,574.85,2260.388
1784235600000,574.85,576.86,574.68,576.23,1589.095
1784239200000,576.23,577.0,573.58,573.69,2322.848
1784242800000,573.7,573.91,571.69,572.45,3373.171
1784246400000,572.45,573.88,570.65,573.88,5360.268
1784250000000,573.88,574.84,571.21,571.62,3840.665
1784253600000,571.61,572.43,570.32,570.94,3726.981
1784257200000,570.94,573.47,570.69,572.36,4012.312
1784260800000,572.37,572.74,570.42,571.93,3042.199
1784264400000,571.94,571.94,567.27,567.8,8126.651
1784268000000,567.8,570.0,567.32,570.0,3952.693
1784271600000,570.0,570.15,566.0,566.0,5099.317
1784275200000,566.01,566.01,562.86,564.64,8083.401
1784278800000,564.64,565.61,564.17,564.36,10477.206
1784282400000,564.36,565.59,563.81,564.19,14166.865
1784286000000,564.18,564.82,563.0,564.78,16345.039
1784289600000,564.78,565.13,561.27,561.37,11933.671
1784293200000,561.38,561.38,555.59,560.54,13436.466
1784296800000,560.54,563.06,560.28,561.86,4624.29
1784300400000,561.87,562.97,559.29,562.97,5495.521
1784304000000,562.97,565.02,562.19,564.19,5805.251
1784307600000,564.2,567.77,564.19,566.19,6074.924
1784311200000,566.2,568.0,565.82,567.31,2479.93
1784314800000,567.31,568.05,565.66,568.05,1861.423
1784318400000,568.05,568.3,567.03,567.85,1464.569
1784322000000,567.85,569.16,567.84,568.62,1146.803
1784325600000,568.62,568.78,567.13,567.51,1103.388
1784329200000,567.51,568.61,566.62,568.09,1005.358
1784332800000,568.09,569.21,567.51,567.87,1664.392
1784336400000,567.87,567.87,566.66,566.82,1693.027
1784340000000,566.82,568.4,566.25,567.79,3605.485
1784343600000,567.79,568.85,567.74,568.39,4641.192
1784347200000,568.39,568.43,566.92,567.19,2619.804
1784350800000,567.2,567.67,566.92,567.67,5055.179
1784354400000,567.67,568.5,566.39,567.16,2262.785
1784358000000,567.16,567.99,567.15,567.97,2205.547
1784361600000,567.97,568.94,567.8,567.85,4045.762
1784365200000,567.85,568.84,567.69,568.48,4702.131
1784368800000,568.48,569.83,568.32,569.56,2225.052
1784372400000,569.56,570.51,569.54,569.76,3259.998
1784376000000,569.76,571.87,568.99,571.29,3402.727
1784379600000,571.29,571.29,569.0,569.45,2089.306
1784383200000,569.44,571.06,569.0,570.85,2895.261
1784386800000,570.85,570.92,569.72,570.86,2006.341
1784390400000,570.86,571.47,570.06,571.18,1861.263
1784394000000,571.19,572.75,570.55,571.38,2940.506
1784397600000,571.39,572.74,570.35,570.61,2714.364
1784401200000,570.62,571.46,570.41,570.64,973.133
1784404800000,570.65,572.22,570.5,571.44,985.435
1784408400000,571.45,572.5,570.09,570.82,1935.412
1784412000000,570.83,571.46,569.8,570.3,1551.949
1784415600000,570.31,571.22,569.66,570.65,1203.492
1784419200000,570.66,571.6,570.65,571.1,1476.14
1784422800000,571.1,571.11,570.24,570.59,1600.172
1784426400000,570.59,572.61,570.56,571.07,2652.42
1784430000000,571.07,571.2,568.7,569.15,2541.737
1784433600000,569.15,569.37,567.31,568.85,3385.038
1784437200000,568.84,569.41,568.59,568.84,2664.629
1784440800000,568.84,569.0,568.58,568.99,531.478
