ts,open,high,low,close,volume
1776668400000,84.47,85.76,84.44,84.73,172846.754
1776672000000,84.74,85.14,84.57,84.69,84844.806
1776675600000,84.68,85.26,84.64,85.08,68420.163
1776679200000,85.08,85.4,84.82,84.86,71989.163
1776682800000,84.85,85.37,84.78,85.07,79807.506
1776686400000,85.06,85.54,84.85,85.32,94827.027
1776690000000,85.32,85.54,84.87,85.31,126381.106
1776693600000,85.31,85.81,84.54,84.8,211847.287
1776697200000,84.8,85.88,84.42,85.86,191197.267
1776700800000,85.86,85.88,85.26,85.31,71216.643
1776704400000,85.31,86.12,85.25,85.69,78669.488
1776708000000,85.7,86.22,85.7,86.07,170230.155
1776711600000,86.07,86.11,85.77,85.8,54551.552
1776715200000,85.8,86.17,85.66,85.95,84584.866
1776718800000,85.95,86.21,85.58,85.79,58847.703
1776722400000,85.8,86.07,85.6,85.7,46906.985
1776726000000,85.71,85.71,85.21,85.28,91326.863
1776729600000,85.29,85.77,85.22,85.66,60105.1
1776733200000,85.66,85.83,85.35,85.43,34346.207
1776736800000,85.44,85.46,85.17,85.27,53373.23
1776740400000,85.26,85.55,85.0,85.17,108159.268
1776744000000,85.17,85.47,85.02,85.44,69685.661
1776747600000,85.43,85.83,85.41,85.67,100744.595
1776751200000,85.68,85.95,85.19,85.67,82830.908
1776754800000,85.68,85.98,85.41,85.71,65624.687
1776758400000,85.71,86.38,85.63,85.81,91833.757
1776762000000,85.8,85.91,85.52,85.89,48774.102
1776765600000,85.89,86.32,85.84,86.16,55031.485
1776769200000,86.16,86.17,85.72,85.85,61157.727
1776772800000,85.85,86.04,85.17,85.52,100889.045
1776776400000,85.51,85.85,85.3,85.81,74144.263
1776780000000,85.82,86.89,85.61,85.76,173602.333
1776783600000,85.77,86.28,85.4,86.05,100946.108
1776787200000,86.05,86.3,85.66,85.69,98335.232
1776790800000,85.7,85.8,84.73,85.31,152884.363
1776794400000,85.32,85.39,84.73,85.25,89556.45
1776798000000,85.24,85.72,84.31,84.57,100723.14
1776801600000,84.57,85.75,84.43,85.42,177588.999
1776805200000,85.42,85.59,85.01,85.16,57815.667
1776808800000,85.15,85.45,84.99,85.36,60127.15
1776812400000,85.35,86.13,85.34,86.03,93307.792
1776816000000,86.04,86.51,86.01,86.48,127542.216
1776819600000,86.49,86.53,86.09,86.27,72415.9
1776823200000,86.27,87.57,86.2,87.42,253231.316
1776826800000,87.42,87.87,87.12,87.24,131610.959
1776830400000,87.25,87.33,86.97,87.08,58817.761
1776834000000,87.08,88.33,87.01,88.02,276098.053
1776837600000,88.02,88.19,87.79,87.96,142534.286
1776841200000,87.96,88.27,87.7,88.05,138120.081
1776844800000,88.06,88.29,87.6,88.01,129429.894
1776848400000,88.0,88.88,87.83,88.3,167123.192
1776852000000,88.3,88.43,88.13,88.33,59553.373
1776855600000,88.34,88.5,88.16,88.31,52236.225
1776859200000,88.31,88.67,88.22,88.58,128408.464
1776862800000,88.58,89.18,88.44,89.1,226273.151
1776866400000,89.1,89.32,88.47,88.75,254829.985
1776870000000,88.74,88.81,87.99,88.18,220060.944
1776873600000,88.19,88.46,87.53,87.65,177009.728
1776877200000,87.65,88.02,87.63,87.83,102242.707
1776880800000,87.83,88.37,87.8,87.81,78895.429
1776884400000,87.82,87.83,87.09,87.37,142486.93
1776888000000,87.38,87.49,87.09,87.14,51156.841
1776891600000,87.14,87.67,87.12,87.6,38391.914
1776895200000,87.59,87.72,87.3,87.43,42600.277
1776898800000,87.43,87.47,86.81,86.87,83802.209
1776902400000,86.86,87.18,85.97,86.86,172699.667
1776906000000,86.87,86.87,86.12,86.44,91214.741
1776909600000,86.43,86.44,85.73,85.95,106182.202
1776913200000,85.94,86.09,85.48,85.79,73218.061
1776916800000,85.78,86.0,85.65,85.96,64355.955
1776920400000,85.96,86.13,85.51,85.87,98369.178
1776924000000,85.87,86.23,85.84,86.18,74788.939
1776927600000,86.19,86.24,85.86,85.9,70942.293
1776931200000,85.91,85.94,85.54,85.69,95461.864
1776934800000,85.68,85.69,85.25,85.51,75732.373
1776938400000,85.51,85.6,85.2,85.41,73948.867
1776942000000,85.42,85.9,85.36,85.81,84102.281
1776945600000,85.82,86.1,85.69,85.97,80870.776
1776949200000,85.97,86.04,85.57,85.77,122926.006
1776952800000,85.76,86.19,85.55,86.06,115785.777
1776956400000,86.05,86.66,85.81,86.35,268215.498
1776960000000,86.36,86.42,85.78,85.81,162577.292
1776963600000,85.82,85.88,84.48,85.34,382435.06
1776967200000,85.35,85.68,85.23,85.26,158433.075
1776970800000,85.26,85.58,85.15,85.3,188600.339
1776974400000,85.3,85.85,85.29,85.61,106937.598
1776978000000,85.61,86.01,85.52,85.79,63174.881
1776981600000,85.8,86.25,85.8,85.97,100121.322
1776985200000,85.96,86.2,85.58,86.12,63569.194
1776988800000,86.12,86.36,86.04,86.19,58919.73
1776992400000,86.19,86.32,85.82,86.28,43107.554
1776996000000,86.28,86.36,85.78,85.89,30027.976
1776999600000,85.89,85.94,85.4,85.69,92613.027
1777003200000,85.69,85.71,85.14,85.32,53578.907
1777006800000,85.31,85.82,85.15,85.7,102036.139
1777010400000,85.7,85.73,85.33,85.44,43334.762
1777014000000,85.44,85.62,85.34,85.51,88411.579
1777017600000,85.5,85.73,85.29,85.34,84858.035
1777021200000,85.35,85.48,84.92,85.48,91687.327
1777024800000,85.47,85.76,85.18,85.71,71177.265
1777028400000,85.72,86.28,85.71,86.19,153894.168
1777032000000,86.2,86.79,86.06,86.33,163867.002
1777035600000,86.34,86.6,85.86,86.09,109644.856
1777039200000,86.08,86.23,85.67,86.05,89286.631
1777042800000,86.05,86.56,85.53,86.52,106778.777
1777046400000,86.52,86.58,86.09,86.35,74474.282
1777050000000,86.34,86.56,86.12,86.49,55769.856
1777053600000,86.49,86.54,85.95,86.36,36132.27
1777057200000,86.37,86.53,86.25,86.33,43896.721
1777060800000,86.32,86.9,86.22,86.85,104016.015
1777064400000,86.85,86.94,86.36,86.46,54955.947
1777068000000,86.45,86.46,86.1,86.17,43500.124
1777071600000,86.18,86.3,86.15,86.18,22605.713
1777075200000,86.18,86.26,86.03,86.23,28986.536
1777078800000,86.23,86.36,86.13,86.27,24186.905
1777082400000,86.28,86.4,86.16,86.29,22169.588
1777086000000,86.28,86.5,86.27,86.46,21495.799
1777089600000,86.46,86.51,86.29,86.34,20095.541
1777093200000,86.34,86.34,86.11,86.2,38638.35
1777096800000,86.2,86.66,86.19,86.45,42154.635
1777100400000,86.45,86.51,86.25,86.36,58814.025
1777104000000,86.36,86.8,86.3,86.63,74414.269
1777107600000,86.62,86.8,86.57,86.58,35097.574
1777111200000,86.58,86.73,86.57,86.63,23513.249
1777114800000,86.63,86.64,86.25,86.36,47570.775
1777118400000,86.36,86.43,86.23,86.39,35887.945
1777122000000,86.39,86.67,86.38,86.61,33820.926
1777125600000,86.61,86.66,86.46,86.47,30516.351
1777129200000,86.46,86.64,86.1,86.22,34293.686
1777132800000,86.22,86.33,85.61,85.88,90095.578
1777136400000,85.88,85.88,85.55,85.57,65893.504
1777140000000,85.56,85.82,85.53,85.7,132658.504
1777143600000,85.69,85.72,85.55,85.68,47083.529
1777147200000,85.68,85.92,85.61,85.9,19049.104
1777150800000,85.9,86.11,85.74,85.91,60195.901
1777154400000,85.91,86.18,85.86,86.11,26636.799
1777158000000,86.11,86.2,86.04,86.18,20663.363
1777161600000,86.19,86.22,85.93,86.03,21382.919
1777165200000,86.03,86.13,85.97,85.97,20257.17
1777168800000,85.97,86.4,85.97,86.4,41425.667
1777172400000,86.4,86.46,85.84,85.99,79527.902
1777176000000,85.99,86.73,85.92,86.45,94667.561
1777179600000,86.44,86.7,86.15,86.45,142921.579
1777183200000,86.44,86.59,86.38,86.5,22622.752
1777186800000,86.5,86.63,86.44,86.62,22892.858
1777190400000,86.63,86.76,86.51,86.57,37931.668
1777194000000,86.57,86.59,86.46,86.55,21834.957
1777197600000,86.54,86.61,86.42,86.48,33217.87
1777201200000,86.47,86.64,86.46,86.48,29754.692
1777204800000,86.49,86.49,85.9,86.09,109065.477
1777208400000,86.09,86.27,85.97,86.12,97003.615
1777212000000,86.12,86.5,86.06,86.42,59997.046
1777215600000,86.42,86.59,86.36,86.56,58213.931
1777219200000,86.55,86.6,86.38,86.41,36339.705
1777222800000,86.42,86.59,86.27,86.53,22387.757
1777226400000,86.53,86.99,86.43,86.82,82390.927
1777230000000,86.82,87.2,86.68,86.88,64929.569
1777233600000,86.89,86.94,86.6,86.68,39823.078
1777237200000,86.69,87.14,86.19,86.83,149837.103
1777240800000,86.82,87.32,86.33,86.73,105092.204
1777244400000,86.73,87.17,86.53,86.93,59983.445
1777248000000,86.93,87.4,86.53,87.35,449528.698
1777251600000,87.34,87.87,87.25,87.82,173120.482
1777255200000,87.82,88.08,87.36,87.81,107886.372
1777258800000,87.81,88.07,87.69,87.72,71272.346
1777262400000,87.72,87.84,87.41,87.51,50545.411
1777266000000,87.52,87.54,85.8,85.95,334055.439
1777269600000,85.95,86.06,85.42,85.72,143088.86
1777273200000,85.72,85.79,85.26,85.27,131489.492
1777276800000,85.27,85.53,85.05,85.51,144091.352
1777280400000,85.51,85.63,85.15,85.49,121837.239
1777284000000,85.48,85.58,85.15,85.18,137125.637
1777287600000,85.19,85.28,85.07,85.26,47605.485
1777291200000,85.26,85.26,84.91,85.09,94824.519
1777294800000,85.09,85.38,84.72,85.13,107504.866
1777298400000,85.13,85.83,85.0,85.23,128931.463
1777302000000,85.23,85.24,83.63,84.17,280239.463
1777305600000,84.17,84.4,84.04,84.29,87373.324
1777309200000,84.28,84.69,84.27,84.47,69647.055
1777312800000,84.47,84.7,84.42,84.57,35052.616
1777316400000,84.57,84.66,83.83,84.19,103227.317
1777320000000,84.18,84.35,84.14,84.29,45598.606
1777323600000,84.28,84.51,84.11,84.27,36976.65
1777327200000,84.27,84.61,84.19,84.54,43183.23
1777330800000,84.53,84.9,84.46,84.82,64895.769
1777334400000,84.82,84.93,84.59,84.83,38462.116
1777338000000,84.82,84.87,84.39,84.4,33356.184
1777341600000,84.4,84.64,83.9,84.18,77933.314
1777345200000,84.17,84.2,84.02,84.17,32325.583
1777348800000,84.18,84.43,83.79,84.06,309426.202
1777352400000,84.06,84.43,84.02,84.2,91923.26
1777356000000,84.21,84.31,83.68,83.95,64058.079
1777359600000,83.95,84.06,83.65,84.02,62941.48
1777363200000,84.01,84.19,83.76,83.95,41869.254
1777366800000,83.95,83.97,83.42,83.64,55070.64
1777370400000,83.64,83.82,83.63,83.82,27404.109
1777374000000,83.82,83.85,83.3,83.42,61291.254
1777377600000,83.42,83.74,83.25,83.69,85949.186
1777381200000,83.68,84.0,83.2,83.55,86257.387
1777384800000,83.54,83.54,82.98,83.4,133500.132
1777388400000,83.41,83.51,83.22,83.46,65377.952
1777392000000,83.46,83.69,83.32,83.59,57718.7
1777395600000,83.58,83.81,83.37,83.61,44206.38
1777399200000,83.61,83.83,83.59,83.81,38978.859
1777402800000,83.81,84.02,83.7,83.89,34416.77
1777406400000,83.89,83.99,83.78,83.79,27939.98
1777410000000,83.78,83.95,83.62,83.73,39232.45
1777413600000,83.73,83.99,83.58,83.72,67692.395
1777417200000,83.72,84.15,83.65,84.06,87062.777
1777420800000,84.06,84.19,83.82,84.07,106617.569
1777424400000,84.06,84.22,83.81,84.1,33665.298
1777428000000,84.1,84.22,83.93,84.06,26097.629
1777431600000,84.05,84.74,84.05,84.59,71307.94
1777435200000,84.6,85.06,84.45,84.95,79560.488
1777438800000,84.96,85.0,84.71,84.85,66751.668
1777442400000,84.84,85.0,84.54,84.63,74304.658
1777446000000,84.63,84.86,84.6,84.71,55474.771
1777449600000,84.71,84.75,84.36,84.52,44525.874
1777453200000,84.51,85.56,83.2,85.29,281886.947
1777456800000,85.3,85.55,85.13,85.14,123673.971
1777460400000,85.14,85.16,84.8,84.91,127030.9
1777464000000,84.91,84.92,83.93,84.24,164587.676
1777467600000,84.24,84.28,83.65,84.0,109132.317
1777471200000,84.01,84.05,83.65,83.85,85181.818
1777474800000,83.85,83.93,83.0,83.26,207594.129
1777478400000,83.25,83.65,82.97,83.13,110938.654
1777482000000,83.14,83.37,82.74,83.36,94361.898
1777485600000,83.36,83.44,81.4,82.3,381086.939
1777489200000,82.3,82.36,82.0,82.19,98013.991
1777492800000,82.2,82.81,82.17,82.62,87281.454
1777496400000,82.62,83.22,82.52,82.91,71149.844
1777500000000,82.91,83.13,82.81,83.07,38321.764
1777503600000,83.07,83.11,82.82,83.04,37515.399
1777507200000,83.05,84.01,83.05,83.81,135602.644
1777510800000,83.8,84.0,83.66,83.75,60974.874
1777514400000,83.75,83.96,82.7,82.98,87928.988
1777518000000,82.98,83.24,82.86,83.06,34343.423
1777521600000,83.06,83.09,82.37,82.39,65352.698
1777525200000,82.4,82.79,82.16,82.57,55332.06
1777528800000,82.57,83.05,82.53,82.94,41984.122
1777532400000,82.95,83.39,82.9,83.35,95647.335
1777536000000,83.35,83.43,83.12,83.13,69631.313
1777539600000,83.12,83.55,83.06,83.15,41720.703
1777543200000,83.14,83.22,82.92,83.0,39540.488
1777546800000,83.01,83.39,82.79,83.01,60285.662
1777550400000,83.01,83.48,82.99,83.22,51331.05
1777554000000,83.22,83.56,82.88,83.21,61084.358
1777557600000,83.22,83.42,82.69,83.23,88355.98
1777561200000,83.23,83.83,83.03,83.36,87142.858
1777564800000,83.36,83.43,82.94,83.02,36573.768
1777568400000,83.02,83.14,82.87,83.04,56559.868
1777572000000,83.03,83.31,82.98,83.07,33383.341
1777575600000,83.06,83.29,83.0,83.04,45383.691
1777579200000,83.04,83.19,82.97,83.09,38846.046
1777582800000,83.1,83.14,82.83,82.85,31868.216
1777586400000,82.86,83.04,82.78,82.85,32161.667
1777590000000,82.85,83.09,82.85,83.09,21556.458
1777593600000,83.09,83.41,83.08,83.2,51546.849
1777597200000,83.2,83.69,83.19,83.61,59634.38
1777600800000,83.62,83.84,83.45,83.63,64650.931
1777604400000,83.62,84.38,83.56,83.89,87729.797
1777608000000,83.9,84.06,83.69,83.82,47884.731
1777611600000,83.81,84.23,83.74,84.05,78248.94
1777615200000,84.06,84.18,83.69,83.85,40771.811
1777618800000,83.86,83.97,83.67,83.96,122847.45
1777622400000,83.96,84.3,83.9,84.18,54059.797
1777626000000,84.18,84.19,83.89,83.97,63899.282
1777629600000,83.96,84.08,83.69,83.95,60312.684
1777633200000,83.96,84.22,83.87,84.01,36212.26
1777636800000,84.01,84.59,83.92,84.27,116975.373
1777640400000,84.27,84.86,84.24,84.6,145848.957
1777644000000,84.61,84.73,83.89,84.22,138280.496
1777647600000,84.21,84.62,84.01,84.47,116591.916
1777651200000,84.46,84.63,83.98,83.99,115466.218
1777654800000,83.99,84.28,83.92,84.23,49346.915
1777658400000,84.23,84.31,83.98,83.99,40359.454
1777662000000,83.99,84.07,83.79,83.9,60624.482
1777665600000,83.9,83.93,83.33,83.49,92171.086
1777669200000,83.48,83.8,83.41,83.72,46962.007
1777672800000,83.72,83.89,83.57,83.75,32960.377
1777676400000,83.74,83.9,83.56,83.76,74681.766
1777680000000,83.76,83.87,83.44,83.82,61212.615
1777683600000,83.83,84.05,83.77,84.03,25991.794
1777687200000,84.04,84.18,83.86,83.95,49527.08
1777690800000,83.94,83.98,83.7,83.82,29877.082
1777694400000,83.82,83.83,83.56,83.64,37522.792
1777698000000,83.64,83.75,83.54,83.7,25771.131
1777701600000,83.71,83.85,83.58,83.82,21004.553
1777705200000,83.83,83.86,83.72,83.74,26716.019
1777708800000,83.73,83.89,83.64,83.85,29367.366
1777712400000,83.85,84.17,83.83,84.0,70287.552
1777716000000,84.01,84.01,83.87,83.95,21697.186
1777719600000,83.94,83.94,83.52,83.7,44369.801
1777723200000,83.7,84.11,83.67,83.86,87564.944
1777726800000,83.87,84.08,83.86,83.94,40917.139
1777730400000,83.95,84.1,83.91,83.98,33210.793
1777734000000,83.98,84.07,83.93,84.04,21754.158
1777737600000,84.04,84.28,84.02,84.2,50881.054
1777741200000,84.2,84.21,84.0,84.05,23075.26
1777744800000,84.04,84.22,83.95,84.19,37581.454
1777748400000,84.2,84.31,84.17,84.22,18693.443
1777752000000,84.23,84.23,84.09,84.18,20752.4
1777755600000,84.19,84.97,84.15,84.55,103689.076
1777759200000,84.55,84.64,84.07,84.46,67579.887
1777762800000,84.45,84.51,84.22,84.26,78714.92
1777766400000,84.26,84.31,83.83,84.08,101338.345
1777770000000,84.08,84.08,83.72,83.75,58510.077
1777773600000,83.74,83.81,83.6,83.66,52438.389
1777777200000,83.66,83.74,83.58,83.67,34615.225
1777780800000,83.66,83.76,83.58,83.7,32617.709
1777784400000,83.7,83.86,83.67,83.76,21761.705
1777788000000,83.75,83.88,83.6,83.76,18777.997
1777791600000,83.76,84.02,83.75,83.88,64858.189
1777795200000,83.88,84.03,83.83,83.9,22629.474
1777798800000,83.89,84.11,83.88,84.06,41813.889
1777802400000,84.06,84.06,83.82,83.83,29559.325
1777806000000,83.82,84.2,83.75,83.96,69335.383
1777809600000,83.96,84.24,83.95,84.11,48345.212
1777813200000,84.11,84.22,83.99,84.1,31560.695
1777816800000,84.1,84.45,84.1,84.37,64998.685
1777820400000,84.37,84.44,84.11,84.16,54564.086
1777824000000,84.16,84.29,84.01,84.14,31005.07
1777827600000,84.15,84.33,84.0,84.2,30425.714
1777831200000,84.2,84.32,84.11,84.26,28205.499
1777834800000,84.26,84.5,84.24,84.38,30787.892
1777838400000,84.37,84.73,84.25,84.34,68290.012
1777842000000,84.34,84.46,83.88,84.14,69229.503
1777845600000,84.14,84.97,84.14,84.68,158795.948
1777849200000,84.67,84.79,83.87,83.91,104183.499
1777852800000,83.91,83.91,83.35,83.78,165599.525
1777856400000,83.78,84.93,83.43,84.77,191189.929
1777860000000,84.77,85.67,84.74,85.26,476617.468
1777863600000,85.26,85.58,85.11,85.41,115290.625
1777867200000,85.4,85.9,85.38,85.76,160903.883
1777870800000,85.77,85.8,85.28,85.38,173760.356
1777874400000,85.39,85.41,84.51,84.88,190382.531
1777878000000,84.88,85.01,84.68,84.87,46693.478
1777881600000,84.87,84.91,84.62,84.77,49877.782
1777885200000,84.77,85.2,84.68,85.03,73486.254
1777888800000,85.04,85.07,83.23,84.04,445109.106
1777892400000,84.04,84.15,83.83,83.95,82837.539
1777896000000,83.96,84.16,83.85,83.9,62536.146
1777899600000,83.89,84.34,83.59,84.0,109750.127
1777903200000,84.0,85.32,83.78,84.99,233613.631
1777906800000,84.99,85.18,83.99,84.47,299820.756
1777910400000,84.47,84.8,83.98,84.49,139026.599
1777914000000,84.48,85.19,84.48,84.93,149784.075
1777917600000,84.94,85.04,84.58,84.74,62608.745
1777921200000,84.74,84.76,84.36,84.44,43262.994
1777924800000,84.45,84.47,84.06,84.09,44687.272
1777928400000,84.09,84.51,84.08,84.43,37653.762
1777932000000,84.42,84.56,84.18,84.22,69935.771
1777935600000,84.22,84.23,84.02,84.1,44878.864
1777939200000,84.11,84.38,84.04,84.33,51790.398
1777942800000,84.33,84.47,84.14,84.41,49635.65
1777946400000,84.41,84.8,84.34,84.51,70518.814
1777950000000,84.51,84.97,84.41,84.78,86025.606
1777953600000,84.77,84.9,84.59,84.78,102045.589
1777957200000,84.78,85.12,84.72,84.92,168216.623
1777960800000,84.93,85.0,84.54,84.98,98845.991
1777964400000,84.99,85.06,84.78,84.87,96601.692
1777968000000,84.88,84.91,84.69,84.78,45117.104
1777971600000,84.79,84.8,84.45,84.53,69999.896
1777975200000,84.54,84.93,84.43,84.9,58350.434
1777978800000,84.9,85.01,84.7,84.97,62103.596
1777982400000,84.97,85.35,84.9,85.31,92374.563
1777986000000,85.31,86.1,85.31,85.63,352521.907
1777989600000,85.63,85.75,85.19,85.48,121684.766
1777993200000,85.47,85.88,85.35,85.5,97097.35
1777996800000,85.5,85.7,85.0,85.31,122049.347
1778000400000,85.32,85.53,85.12,85.45,27753.307
1778004000000,85.46,85.88,85.43,85.87,79396.672
1778007600000,85.87,86.56,85.8,86.49,187643.313
1778011200000,86.49,86.9,86.42,86.64,125495.392
1778014800000,86.65,86.93,86.26,86.72,119579.796
1778018400000,86.71,86.98,86.2,86.58,132342.519
1778022000000,86.57,86.67,86.17,86.29,61697.801
1778025600000,86.29,86.55,86.1,86.38,104611.407
1778029200000,86.38,87.0,86.31,86.86,75423.278
1778032800000,86.86,86.93,86.39,86.88,70600.83
1778036400000,86.89,87.51,86.88,87.33,207414.477
1778040000000,87.34,87.43,86.67,86.81,97077.211
1778043600000,86.8,87.46,86.75,87.41,139765.495
1778047200000,87.4,87.54,87.17,87.49,97202.093
1778050800000,87.49,87.89,87.46,87.7,95164.615
1778054400000,87.71,89.22,87.64,89.02,327673.23
1778058000000,89.02,89.54,88.59,89.48,315441.475
1778061600000,89.48,89.69,89.21,89.38,200162.046
1778065200000,89.38,90.03,89.31,89.87,182888.347
1778068800000,89.87,89.97,89.5,89.66,170431.869
1778072400000,89.66,89.66,88.07,88.33,368445.253
1778076000000,88.33,88.85,87.47,88.4,277070.483
1778079600000,88.4,89.06,88.3,88.97,123948.238
1778083200000,88.97,89.51,88.59,89.18,132083.21
1778086800000,89.18,89.44,88.53,88.83,107139.948
1778090400000,88.83,89.15,88.5,88.99,69118.327
1778094000000,88.98,89.32,88.9,89.27,57644.028
1778097600000,89.27,89.62,88.92,89.19,70319.086
1778101200000,89.19,89.6,89.07,89.47,86317.304
1778104800000,89.48,89.57,89.01,89.07,49468.004
1778108400000,89.07,89.18,88.65,89.16,57845.776
1778112000000,89.16,89.27,88.21,88.32,104627.917
1778115600000,88.32,88.53,87.9,88.31,88913.852
1778119200000,88.31,88.37,87.8,88.15,68125.633
1778122800000,88.14,88.15,87.63,87.75,73538.971
1778126400000,87.75,88.38,87.69,88.36,68645.444
1778130000000,88.37,88.91,88.32,88.65,121904.461
1778133600000,88.66,89.28,88.22,89.27,130700.692
1778137200000,89.28,90.44,89.14,90.16,257393.823
1778140800000,90.17,90.27,89.48,89.58,141624.926
1778144400000,89.59,89.6,89.2,89.46,102478.322
1778148000000,89.46,89.53,88.76,89.17,113606.736
1778151600000,89.17,89.69,89.17,89.57,105833.654
1778155200000,89.56,90.1,89.52,89.77,155489.056
1778158800000,89.76,89.76,88.38,88.68,276171.168
1778162400000,88.67,88.91,87.83,88.15,226519.289
1778166000000,88.15,88.58,87.79,88.32,129699.977
1778169600000,88.32,88.79,88.08,88.43,148766.934
1778173200000,88.44,88.86,87.96,88.8,83796.641
1778176800000,88.8,89.05,88.24,88.58,96654.086
1778180400000,88.58,88.74,88.22,88.45,59544.974
1778184000000,88.45,88.88,88.04,88.07,67246.743
1778187600000,88.07,88.23,87.67,87.97,96637.174
1778191200000,87.97,88.22,87.68,88.1,142223.352
1778194800000,88.09,88.48,88.06,88.42,32036.676
1778198400000,88.43,88.65,88.1,88.27,58894.192
1778202000000,88.27,88.37,87.92,88.13,41582.039
1778205600000,88.14,88.35,87.6,88.06,94579.379
1778209200000,88.06,88.37,87.63,88.22,79053.405
1778212800000,88.23,88.37,88.01,88.18,51039.65
1778216400000,88.17,88.42,88.05,88.05,50154.667
1778220000000,88.05,88.29,87.83,88.05,84278.015
1778223600000,88.05,88.23,87.65,88.22,154934.557
1778227200000,88.23,88.63,88.01,88.38,174012.249
1778230800000,88.38,88.72,88.23,88.44,74514.978
1778234400000,88.44,89.1,88.28,88.63,95571.514
1778238000000,88.64,88.74,88.47,88.64,63391.816
1778241600000,88.64,88.87,88.37,88.46,73483.086
1778245200000,88.47,88.56,88.01,88.34,89404.778
1778248800000,88.34,89.38,88.34,89.15,139037.71
1778252400000,89.16,89.6,88.43,89.59,98944.292
1778256000000,89.6,89.79,89.34,89.59,95968.23
1778259600000,89.6,91.95,89.56,91.65,397485.869
1778263200000,91.66,92.56,91.65,92.32,224383.484
1778266800000,92.32,92.8,92.04,92.6,169394.778
1778270400000,92.61,92.67,92.01,92.11,110211.486
1778274000000,92.12,92.39,91.75,92.3,83725.389
1778277600000,92.31,92.71,92.25,92.3,70571.616
1778281200000,92.3,92.3,91.73,92.01,69817.68
1778284800000,92.02,92.62,91.85,92.48,69972.009
1778288400000,92.48,93.91,92.42,93.51,317239.389
1778292000000,93.52,93.8,93.3,93.51,113673.566
1778295600000,93.51,93.77,93.41,93.64,75542.768
1778299200000,93.65,94.17,93.12,93.24,150603.327
1778302800000,93.24,93.78,92.84,93.75,115539.115
1778306400000,93.75,94.13,93.21,93.54,121346.799
1778310000000,93.54,94.0,93.34,93.76,108609.121
1778313600000,93.76,93.95,93.66,93.72,60729.91
1778317200000,93.71,93.71,93.05,93.29,100947.297
1778320800000,93.29,93.6,93.09,93.38,62974.354
1778324400000,93.38,93.69,93.33,93.62,42523.864
1778328000000,93.61,93.74,93.27,93.45,42377.019
1778331600000,93.45,93.47,93.01,93.47,54388.128
1778335200000,93.46,93.47,92.77,92.88,85544.613
1778338800000,92.88,93.01,92.39,93.01,106211.746
1778342400000,93.01,93.31,92.69,92.76,108396.571
1778346000000,92.77,93.48,92.76,93.21,51524.296
1778349600000,93.21,93.65,93.15,93.37,47121.013
1778353200000,93.37,93.58,93.22,93.51,27566.931
1778356800000,93.51,93.51,93.15,93.26,27584.435
1778360400000,93.25,93.56,93.25,93.49,29250.321
1778364000000,93.5,93.53,93.22,93.33,28953.096
1778367600000,93.33,93.49,93.05,93.13,25653.008
1778371200000,93.12,93.34,92.92,93.03,56620.24
1778374800000,93.03,93.03,92.6,92.97,50097.764
1778378400000,92.96,93.11,92.81,93.04,91209.483
1778382000000,93.05,93.51,92.98,93.42,114076.264
1778385600000,93.41,93.5,93.24,93.35,47407.397
1778389200000,93.36,93.5,93.24,93.34,29129.256
1778392800000,93.34,93.46,93.25,93.41,28480.459
1778396400000,93.41,93.63,93.37,93.46,43119.115
1778400000000,93.46,94.09,93.42,94.06,112531.093
1778403600000,94.06,94.8,94.06,94.3,151172.042
1778407200000,94.31,94.37,93.59,93.87,111118.1
1778410800000,93.86,94.02,92.91,93.55,136882.139
1778414400000,93.56,93.62,93.2,93.32,49753.187
1778418000000,93.31,93.94,93.24,93.77,82959.77
1778421600000,93.76,94.13,93.68,93.89,68907.127
1778425200000,93.89,94.73,93.89,94.53,119230.447
1778428800000,94.53,94.98,94.18,94.84,124904.232
1778432400000,94.84,96.5,94.84,96.49,267411.973
1778436000000,96.49,97.0,96.12,96.44,154698.036
1778439600000,96.43,96.88,95.75,96.47,108319.488
1778443200000,96.47,96.6,93.43,94.52,246294.26
1778446800000,94.51,95.6,94.47,95.08,105506.07
1778450400000,95.07,96.36,94.89,96.23,117448.138
1778454000000,96.24,96.86,95.99,96.47,141892.915
1778457600000,96.46,96.67,95.33,95.79,206743.721
1778461200000,95.79,96.4,95.32,96.05,151946.806
1778464800000,96.05,96.14,95.19,95.3,144781.899
1778468400000,95.3,95.34,94.46,94.76,163954.1
1778472000000,94.76,95.21,94.43,94.97,66738.2
1778475600000,94.97,95.88,94.94,95.71,91172.615
1778479200000,95.71,96.16,95.42,95.49,82022.414
1778482800000,95.5,95.58,95.17,95.33,77318.179
1778486400000,95.34,95.37,94.58,94.79,159754.609
1778490000000,94.78,95.35,94.76,95.3,67519.643
1778493600000,95.3,95.57,95.05,95.07,79536.026
1778497200000,95.06,95.49,94.89,95.25,82610.663
1778500800000,95.26,95.39,94.67,94.81,105823.297
1778504400000,94.8,95.48,94.56,95.23,162098.562
1778508000000,95.22,95.87,94.3,95.17,237291.414
1778511600000,95.18,96.8,94.9,96.8,244438.138
1778515200000,96.79,98.0,96.5,97.35,322883.753
1778518800000,97.34,97.97,96.9,97.77,125546.568
1778522400000,97.77,98.1,97.26,97.29,129225.945
1778526000000,97.29,98.39,97.01,98.19,116468.545
1778529600000,98.19,98.41,97.61,97.63,89238.478
1778533200000,97.64,97.81,97.33,97.41,50776.313
1778536800000,97.41,97.84,97.36,97.65,38937.034
1778540400000,97.65,97.65,97.1,97.37,81223.043
1778544000000,97.37,97.68,97.18,97.54,88583.693
1778547600000,97.54,97.67,95.54,96.28,247696.104
1778551200000,96.29,96.72,96.14,96.55,129651.451
1778554800000,96.55,96.64,96.05,96.14,65094.043
1778558400000,96.14,96.5,96.07,96.36,46943.555
1778562000000,96.37,96.77,96.23,96.58,56072.066
1778565600000,96.58,97.0,96.16,96.21,65063.828
1778569200000,96.2,96.31,95.82,96.05,90147.906
1778572800000,96.05,96.15,95.4,95.65,156889.567
1778576400000,95.65,96.06,95.29,95.78,226069.371
1778580000000,95.78,95.97,94.94,95.0,132724.234
1778583600000,95.0,95.05,94.6,94.98,101740.466
1778587200000,94.97,95.56,94.39,95.22,207135.036
1778590800000,95.22,95.4,94.55,94.7,145366.437
1778594400000,94.71,95.24,94.38,94.54,174677.52
1778598000000,94.55,94.78,93.55,93.85,260980.268
1778601600000,93.85,94.32,93.6,93.83,172188.7
1778605200000,93.84,94.68,93.82,94.52,100226.716
1778608800000,94.51,95.01,94.35,94.56,107060.652
1778612400000,94.56,95.0,94.56,94.92,73500.816
1778616000000,94.92,94.98,94.62,94.74,51057.883
1778619600000,94.75,94.86,94.54,94.67,29436.253
1778623200000,94.68,95.05,94.64,94.67,29283.975
1778626800000,94.67,94.75,94.23,94.28,52446.819
1778630400000,94.28,94.64,94.05,94.48,95898.475
1778634000000,94.48,95.44,94.48,95.2,126621.348
1778637600000,95.2,95.57,95.02,95.25,60375.316
1778641200000,95.24,95.59,95.08,95.56,64600.147
1778644800000,95.56,95.99,95.43,95.5,109194.512
1778648400000,95.49,95.51,95.1,95.26,76184.468
1778652000000,95.26,95.7,95.12,95.14,71587.873
1778655600000,95.14,95.31,94.88,95.14,50398.863
1778659200000,95.14,95.77,95.02,95.57,62202.818
1778662800000,95.57,95.89,95.57,95.73,126947.989
1778666400000,95.73,95.78,94.74,94.79,97157.99
1778670000000,94.8,94.83,94.25,94.33,156638.666
1778673600000,94.33,94.64,92.24,93.16,432095.012
1778677200000,93.17,93.44,91.95,92.28,259886.257
1778680800000,92.29,92.33,91.38,91.78,260102.823
1778684400000,91.77,91.94,90.27,90.43,283600.68
1778688000000,90.43,91.26,90.41,90.87,205102.942
1778691600000,90.87,91.16,90.71,90.89,190661.963
1778695200000,90.9,91.41,90.77,90.93,109640.793
1778698800000,90.93,91.02,90.49,90.96,81661.469
1778702400000,90.95,91.35,90.93,91.24,73017.48
1778706000000,91.25,91.27,90.73,90.89,72808.769
1778709600000,90.9,91.25,90.64,91.18,64516.576
1778713200000,91.17,91.33,91.06,91.17,61668.573
1778716800000,91.17,91.42,91.07,91.21,90373.867
1778720400000,91.21,91.37,91.0,91.16,58579.846
1778724000000,91.16,91.26,90.46,90.58,62938.656
1778727600000,90.58,90.78,89.82,89.93,210116.534
1778731200000,89.93,90.62,89.86,90.48,68374.598
1778734800000,90.48,91.47,90.4,91.29,84887.961
1778738400000,91.29,91.47,91.16,91.41,72664.345
1778742000000,91.42,92.02,90.69,90.88,211500.959
1778745600000,90.88,91.3,90.67,91.06,96681.757
1778749200000,91.07,91.15,90.59,90.86,47510.811
1778752800000,90.86,91.14,90.66,91.05,49418.133
1778756400000,91.05,91.1,90.62,90.64,48079.28
1778760000000,90.64,91.29,90.54,91.22,73211.47
1778763600000,91.22,91.5,90.74,90.78,141841.955
1778767200000,90.78,92.35,90.63,92.28,242705.269
1778770800000,92.29,93.25,91.96,93.16,244882.564
1778774400000,93.16,93.68,92.34,93.33,237010.993
1778778000000,93.32,93.59,92.29,93.02,229281.376
1778781600000,93.01,93.64,92.7,93.43,118079.556
1778785200000,93.44,93.64,92.8,92.9,98319.965
1778788800000,92.91,93.0,92.37,92.73,67708.851
1778792400000,92.73,92.95,92.54,92.7,40972.21
1778796000000,92.71,92.92,92.57,92.66,47111.979
1778799600000,92.65,92.67,92.11,92.15,66872.873
1778803200000,92.16,92.66,92.1,92.43,85253.343
1778806800000,92.43,92.55,91.69,91.74,86912.919
1778810400000,91.75,92.44,91.47,92.36,220224.853
1778814000000,92.36,92.47,91.88,92.06,54006.323
1778817600000,92.05,92.05,91.27,91.28,58584.874
1778821200000,91.29,91.54,90.26,90.6,232389.648
1778824800000,90.6,91.08,90.47,91.02,91725.431
1778828400000,91.02,91.72,90.94,91.6,136908.567
1778832000000,91.61,91.65,90.94,91.27,130850.788
1778835600000,91.27,91.33,90.92,91.17,116923.636
1778839200000,91.17,91.57,91.01,91.47,60278.857
1778842800000,91.47,91.54,91.18,91.27,48087.236
1778846400000,91.26,91.27,90.57,90.66,84522.222
1778850000000,90.66,90.66,88.69,88.9,328789.024
1778853600000,88.91,89.55,88.55,89.06,246328.874
1778857200000,89.05,89.28,88.7,89.04,131510.149
1778860800000,89.04,89.7,88.81,89.5,136491.806
1778864400000,89.51,89.9,89.49,89.82,87150.895
1778868000000,89.81,90.09,89.47,89.8,80704.797
1778871600000,89.79,89.8,89.35,89.42,77989.582
1778875200000,89.41,89.5,89.08,89.28,54982.758
1778878800000,89.28,89.43,89.0,89.05,50534.58
1778882400000,89.06,89.36,89.05,89.33,35182.51
1778886000000,89.33,89.39,89.21,89.24,39509.959
1778889600000,89.23,89.44,89.14,89.22,48371.907
1778893200000,89.22,89.35,88.95,89.3,70719.094
1778896800000,89.3,89.39,88.97,89.2,68116.284
1778900400000,89.2,89.27,89.0,89.05,32064.719
1778904000000,89.05,89.09,88.19,88.86,107366.17
1778907600000,88.86,88.93,88.28,88.57,100021.867
1778911200000,88.58,88.66,87.81,88.01,146511.234
1778914800000,88.01,88.01,86.72,87.47,278924.591
1778918400000,87.46,87.62,87.33,87.48,64301.788
1778922000000,87.48,87.51,85.78,86.05,284751.268
1778925600000,86.04,86.15,85.52,86.01,150819.398
1778929200000,86.02,86.33,86.02,86.11,69786.658
1778932800000,86.12,86.44,86.01,86.26,58569.733
1778936400000,86.26,86.35,86.11,86.26,46444.649
1778940000000,86.26,86.71,86.07,86.4,72773.013
1778943600000,86.39,86.67,86.27,86.5,60692.273
1778947200000,86.49,86.78,86.37,86.63,68240.945
1778950800000,86.64,86.96,86.63,86.81,35916.686
1778954400000,86.81,86.97,86.6,86.81,33878.033
1778958000000,86.81,86.85,86.65,86.69,46504.274
1778961600000,86.69,86.88,86.66,86.68,35040.018
1778965200000,86.67,86.77,86.49,86.59,34761.536
1778968800000,86.59,86.69,86.45,86.54,19068.773
1778972400000,86.53,86.7,86.49,86.54,29376.683
1778976000000,86.53,86.72,85.97,86.13,70464.417
1778979600000,86.12,86.34,85.59,85.75,87695.572
1778983200000,85.76,86.27,85.76,86.0,107963.896
1778986800000,86.01,86.63,85.99,86.53,57966.683
1778990400000,86.52,86.98,86.47,86.86,55765.015
1778994000000,86.87,87.29,86.85,86.91,64337.009
1778997600000,86.9,87.01,86.71,86.85,32049.946
1779001200000,86.85,87.1,86.78,86.97,37046.314
1779004800000,86.98,87.03,86.6,86.83,46327.463
1779008400000,86.82,87.02,86.72,86.89,70587.062
1779012000000,86.9,87.26,86.81,87.0,128394.8
1779015600000,86.99,87.02,86.78,86.89,48145.396
1779019200000,86.89,87.02,86.72,86.76,37497.772
1779022800000,86.76,86.78,86.3,86.41,71335.876
1779026400000,86.41,86.46,85.95,86.31,73813.277
1779030000000,86.31,86.49,86.17,86.46,30575.877
1779033600000,86.46,86.69,86.11,86.3,47111.045
1779037200000,86.31,86.36,86.0,86.24,50714.845
1779040800000,86.24,86.44,86.02,86.43,54578.943
1779044400000,86.43,86.94,86.43,86.79,45167.927
1779048000000,86.8,86.85,86.57,86.68,36171.315
1779051600000,86.68,86.97,86.6,86.94,28382.835
1779055200000,86.93,86.93,86.0,86.23,100795.122
1779058800000,86.24,86.25,83.5,85.24,531276.837
1779062400000,85.23,85.36,84.4,85.36,240723.167
1779066000000,85.35,85.47,84.54,84.98,138311.036
1779069600000,84.98,85.35,84.72,84.89,78591.99
1779073200000,84.88,85.25,84.69,84.85,104448.233
1779076800000,84.85,85.3,84.58,85.26,67062.113
1779080400000,85.26,85.36,84.64,84.86,130160.044
1779084000000,84.86,84.98,84.27,84.74,161330.388
1779087600000,84.74,85.01,84.41,84.76,65869.729
1779091200000,84.76,85.01,84.6,84.91,75191.966
1779094800000,84.9,84.93,84.46,84.49,55052.86
1779098400000,84.49,84.51,84.21,84.26,91211.556
1779102000000,84.27,85.32,84.08,84.96,133781.329
1779105600000,84.97,85.8,84.97,85.57,163342.221
1779109200000,85.57,85.57,84.33,84.69,192393.685
1779112800000,84.69,84.69,83.72,83.98,199022.415
1779116400000,83.98,84.4,83.62,84.2,141820.165
1779120000000,84.21,84.55,83.99,84.33,110320.191
1779123600000,84.33,84.7,84.25,84.41,52006.263
1779127200000,84.41,84.43,83.5,83.53,112939.377
1779130800000,83.53,85.23,83.51,84.99,184060.997
1779134400000,85.0,85.41,84.85,84.93,86888.22
1779138000000,84.93,85.67,84.79,85.57,87841.244
1779141600000,85.58,85.77,85.27,85.46,66192.682
1779145200000,85.45,85.64,85.26,85.38,33299.473
1779148800000,85.38,85.97,85.32,85.58,88823.636
1779152400000,85.58,85.6,84.9,84.9,71307.326
1779156000000,84.9,85.3,84.62,84.86,59531.513
1779159600000,84.85,85.23,84.73,85.07,34528.76
1779163200000,85.08,85.31,84.79,85.15,48136.676
1779166800000,85.15,85.28,84.47,85.19,88227.597
1779170400000,85.18,85.62,85.12,85.26,74932.501
1779174000000,85.27,85.64,85.13,85.51,46908.746
1779177600000,85.51,85.59,85.04,85.25,85274.811
1779181200000,85.24,85.31,84.5,84.77,112785.802
1779184800000,84.76,84.88,84.31,84.7,61440.928
1779188400000,84.71,84.83,84.27,84.39,63691.255
1779192000000,84.39,84.79,84.3,84.78,53888.67
1779195600000,84.78,85.1,84.39,84.8,101750.351
1779199200000,84.8,84.94,83.7,84.11,174412.297
1779202800000,84.12,84.58,84.03,84.37,74509.63
1779206400000,84.38,84.91,84.15,84.85,55948.635
1779210000000,84.85,85.04,84.47,84.68,59134.595
1779213600000,84.68,84.8,84.25,84.37,46123.609
1779217200000,84.37,84.74,84.22,84.35,55667.355
1779220800000,84.36,84.58,84.3,84.51,86367.588
1779224400000,84.52,84.66,84.39,84.44,42830.562
1779228000000,84.43,84.43,84.0,84.1,49804.435
1779231600000,84.1,84.59,84.03,84.29,26958.938
1779235200000,84.3,84.41,83.92,84.23,70096.92
1779238800000,84.23,84.54,83.85,84.36,62810.811
1779242400000,84.36,84.49,83.93,83.99,49265.498
1779246000000,83.99,84.28,83.86,84.1,24835.074
1779249600000,84.1,84.23,83.88,84.23,30849.568
1779253200000,84.23,84.95,84.22,84.78,91954.703
1779256800000,84.77,85.02,84.72,84.99,67399.859
1779260400000,84.99,85.13,84.7,84.77,52924.592
1779264000000,84.76,85.19,84.72,84.98,55361.312
1779267600000,84.99,85.1,84.85,84.9,53412.261
1779271200000,84.89,85.21,84.88,84.98,49370.74
1779274800000,84.98,85.06,84.58,84.7,61922.846
1779278400000,84.7,85.33,84.62,85.1,61199.803
1779282000000,85.1,85.15,84.19,84.69,97133.828
1779285600000,84.69,86.16,84.33,85.86,272070.779
1779289200000,85.85,86.27,85.43,85.92,186074.859
1779292800000,85.92,86.85,85.54,86.49,357900.742
1779296400000,86.49,87.09,86.32,86.52,150046.101
1779300000000,86.52,86.58,85.53,85.83,193504.706
1779303600000,85.83,86.29,85.61,86.16,65372.471
1779307200000,86.16,86.24,85.55,86.18,78154.834
1779310800000,86.17,86.33,85.95,85.99,54832.453
1779314400000,85.98,86.24,85.64,86.04,130104.192
1779318000000,86.03,86.18,85.88,86.17,48553.486
1779321600000,86.17,86.83,86.11,86.64,86420.595
1779325200000,86.64,87.06,86.39,86.54,91377.068
1779328800000,86.54,86.88,86.44,86.61,51901.381
1779332400000,86.61,86.91,86.54,86.85,74417.697
1779336000000,86.85,87.22,86.76,86.98,147799.558
1779339600000,86.98,87.11,86.36,86.51,69467.76
1779343200000,86.51,86.62,86.2,86.31,65105.686
1779346800000,86.31,86.73,86.26,86.64,48554.085
1779350400000,86.64,87.27,86.63,86.86,102192.922
1779354000000,86.86,87.06,86.46,86.5,68490.735
1779357600000,86.49,86.68,85.71,85.74,159097.608
1779361200000,85.75,85.94,85.57,85.58,95096.498
1779364800000,85.58,85.85,85.42,85.75,88240.799
1779368400000,85.75,86.13,85.32,86.07,162266.673
1779372000000,86.07,86.47,85.62,86.01,200878.902
1779375600000,86.01,86.9,85.9,86.46,190666.389
1779379200000,86.46,86.59,86.04,86.26,84224.896
1779382800000,86.27,88.0,86.18,87.59,412896.524
1779386400000,87.59,87.79,86.78,87.07,143367.121
1779390000000,87.07,87.88,87.07,87.83,101416.649
1779393600000,87.83,87.92,87.49,87.55,58881.459
1779397200000,87.56,87.71,87.31,87.35,71672.627
1779400800000,87.35,87.5,87.13,87.19,39825.505
1779404400000,87.19,87.38,87.02,87.36,40062.763
1779408000000,87.35,87.36,86.81,86.85,41758.667
1779411600000,86.84,87.1,86.59,87.08,73961.854
1779415200000,87.08,87.26,86.99,87.17,58346.684
1779418800000,87.17,87.31,86.92,87.03,36429.328
1779422400000,87.04,87.38,86.93,86.98,38065.164
1779426000000,86.98,87.15,86.73,86.81,34805.509
1779429600000,86.81,86.85,86.52,86.71,71982.585
1779433200000,86.72,87.15,86.53,86.97,95928.814
1779436800000,86.98,87.53,86.87,87.14,100546.91
1779440400000,87.15,87.4,87.05,87.27,72260.868
1779444000000,87.26,87.28,86.89,86.99,41700.794
1779447600000,87.0,87.33,86.72,87.32,56878.079
1779451200000,87.33,87.77,87.25,87.76,108340.371
1779454800000,87.76,87.85,87.1,87.4,113191.591
1779458400000,87.39,87.39,86.37,86.62,161712.123
1779462000000,86.61,86.98,86.27,86.77,108409.144
1779465600000,86.76,87.0,86.66,86.92,59642.479
1779469200000,86.92,87.19,86.5,86.63,86639.61
1779472800000,86.63,86.69,84.62,85.46,228881.8
1779476400000,85.46,85.63,84.0,84.55,282732.807
1779480000000,84.55,85.07,84.55,85.0,102055.063
1779483600000,84.99,85.28,84.93,85.17,54697.487
1779487200000,85.17,85.22,84.78,84.96,56157.437
1779490800000,84.95,85.15,84.0,84.4,123359.495
1779494400000,84.4,84.55,84.07,84.44,152682.941
1779498000000,84.44,84.65,84.32,84.53,52466.491
1779501600000,84.53,84.86,84.21,84.54,71432.08
1779505200000,84.53,84.75,84.49,84.68,32887.193
1779508800000,84.69,84.72,84.35,84.42,42184.357
1779512400000,84.41,84.47,84.18,84.46,43173.824
1779516000000,84.45,84.49,84.18,84.27,43696.192
1779519600000,84.27,84.33,81.5,82.25,551122.284
1779523200000,82.25,82.36,81.63,82.13,239163.964
1779526800000,82.13,82.25,81.99,82.01,73864.961
1779530400000,82.01,82.39,82.01,82.26,53942.834
1779534000000,82.27,82.49,82.23,82.31,41102.178
1779537600000,82.3,82.56,82.15,82.49,45766.671
1779541200000,82.5,83.49,82.49,83.22,144123.581
1779544800000,83.23,84.47,83.1,84.13,120078.49
1779548400000,84.14,84.54,83.63,84.1,137355.31
1779552000000,84.09,84.31,83.93,84.11,72498.943
1779555600000,84.11,84.35,83.99,84.21,49841.752
1779559200000,84.22,85.14,84.17,84.71,121230.166
1779562800000,84.72,85.11,84.62,84.96,80916.44
1779566400000,84.97,87.09,84.8,87.08,442248.406
1779570000000,87.08,87.5,86.0,86.28,206245.648
1779573600000,86.28,86.61,85.52,85.81,92579.804
1779577200000,85.81,85.94,85.67,85.75,62497.201
1779580800000,85.76,86.03,85.62,85.89,44726.666
1779584400000,85.89,86.23,85.87,86.01,49161.072
1779588000000,86.02,86.11,85.7,85.98,37780.957
1779591600000,85.99,86.13,85.63,85.81,37495.875
1779595200000,85.81,86.12,85.78,85.93,42576.619
1779598800000,85.94,86.18,85.58,86.16,58294.97
1779602400000,86.16,86.49,85.93,86.45,38412.794
1779606000000,86.46,86.7,86.0,86.07,63973.862
1779609600000,86.07,86.54,86.01,86.51,54511.479
1779613200000,86.51,87.0,86.37,86.55,113084.912
1779616800000,86.55,86.73,86.24,86.5,102230.961
1779620400000,86.5,86.92,86.41,86.66,127148.504
1779624000000,86.67,86.69,86.18,86.35,57436.398
1779627600000,86.36,86.46,85.73,85.9,93401.757
1779631200000,85.9,86.01,84.48,85.25,200702.214
1779634800000,85.25,85.46,85.14,85.31,48240.019
1779638400000,85.3,85.88,85.11,85.64,116324.475
1779642000000,85.65,85.79,85.49,85.65,41465.913
1779645600000,85.64,85.68,85.27,85.4,46432.363
1779649200000,85.41,85.51,85.23,85.37,43085.316
1779652800000,85.38,85.43,84.49,84.76,239925.577
1779656400000,84.76,84.96,83.7,83.97,176347.501
1779660000000,83.96,85.33,83.94,84.99,182836.569
1779663600000,85.0,85.52,85.0,85.27,71060.63
1779667200000,85.27,85.67,85.26,85.5,71590.419
1779670800000,85.5,85.59,84.83,84.87,57850.484
1779674400000,84.87,85.85,84.87,85.08,121300.437
1779678000000,85.08,85.18,84.8,84.95,51799.88
1779681600000,84.95,85.93,84.93,85.84,65412.611
1779685200000,85.85,86.18,85.76,85.98,84127.23
1779688800000,85.99,86.19,85.65,85.99,65553.168
1779692400000,85.99,86.16,85.48,85.96,80965.728
1779696000000,85.95,86.08,85.75,86.02,52393.798
1779699600000,86.03,86.22,85.93,85.94,54718.797
1779703200000,85.94,86.11,85.9,86.08,38851.696
1779706800000,86.07,86.14,85.7,85.76,45055.341
1779710400000,85.77,86.07,85.66,85.87,70282.189
1779714000000,85.87,86.03,85.77,86.01,39252.367
1779717600000,86.01,86.45,85.9,86.34,86107.815
1779721200000,86.34,86.52,86.06,86.26,79417.896
1779724800000,86.26,86.44,85.98,86.27,69860.988
1779728400000,86.26,86.38,86.06,86.13,70204.828
1779732000000,86.12,86.3,85.88,85.91,35848.669
1779735600000,85.91,85.92,85.52,85.64,78635.933
1779739200000,85.64,85.87,85.3,85.41,54513.141
1779742800000,85.4,85.56,85.27,85.38,37888.625
1779746400000,85.38,85.54,84.71,84.81,97179.48
1779750000000,84.8,85.21,84.73,85.06,53423.945
1779753600000,85.06,85.09,83.9,84.4,132643.991
1779757200000,84.4,84.57,83.85,84.11,96961.397
1779760800000,84.12,84.23,83.9,84.03,55429.958
1779764400000,84.03,84.27,83.85,84.22,47752.189
1779768000000,84.23,84.52,84.01,84.37,53034.445
1779771600000,84.37,84.97,84.28,84.67,75504.798
1779775200000,84.66,84.83,84.4,84.6,56970.101
1779778800000,84.61,84.63,84.1,84.35,80754.154
1779782400000,84.36,84.57,84.34,84.44,59335.634
1779786000000,84.44,84.72,84.29,84.48,58415.962
1779789600000,84.47,85.8,84.36,85.56,183698.566
1779793200000,85.57,85.66,85.21,85.21,91112.397
1779796800000,85.22,85.4,84.81,85.32,160039.674
1779800400000,85.32,85.77,84.69,85.5,146297.629
1779804000000,85.51,86.13,84.77,85.24,220713.906
1779807600000,85.23,85.36,84.03,84.49,194932.871
1779811200000,84.49,84.57,83.95,84.23,143497.998
1779814800000,84.23,84.39,83.15,83.59,209924.179
1779818400000,83.59,84.09,83.49,83.63,83062.071
1779822000000,83.63,84.02,83.36,83.8,74747.88
1779825600000,83.8,83.98,83.74,83.94,35022.905
1779829200000,83.94,83.97,83.57,83.7,36418.796
1779832800000,83.7,83.88,83.54,83.65,25596.949
1779836400000,83.66,83.85,83.63,83.72,36908.98
1779840000000,83.73,84.18,83.72,84.14,51872.541
1779843600000,84.13,84.19,83.8,83.86,39325.588
1779847200000,83.85,83.96,83.55,83.96,32006.417
1779850800000,83.96,84.07,83.48,83.63,51996.289
1779854400000,83.62,83.68,82.86,83.64,98948.351
1779858000000,83.64,83.93,83.57,83.89,37127.15
1779861600000,83.89,84.07,83.74,84.06,44875.778
1779865200000,84.06,84.21,83.89,84.21,46819.8
1779868800000,84.2,84.42,83.89,83.93,77659.248
1779872400000,83.93,83.96,83.6,83.78,70110.937
1779876000000,83.78,84.09,83.67,83.95,40788.979
1779879600000,83.95,84.23,83.91,83.94,64108.013
1779883200000,83.95,84.68,83.55,83.95,134139.978
1779886800000,83.94,84.06,82.98,83.63,139110.853
1779890400000,83.64,84.12,83.22,83.91,144628.697
1779894000000,83.91,84.84,83.88,84.44,218419.389
1779897600000,84.44,84.75,83.87,84.18,108536.454
1779901200000,84.18,84.2,83.16,83.41,148897.615
1779904800000,83.4,83.99,83.2,83.94,60867.62
1779908400000,83.94,84.14,83.87,83.91,62313.648
1779912000000,83.92,84.14,83.76,83.82,53378.037
1779915600000,83.82,83.82,82.1,82.49,206098.586
1779919200000,82.49,83.03,82.22,82.47,115782.572
1779922800000,82.46,82.7,82.2,82.44,71643.823
1779926400000,82.43,82.74,82.36,82.71,61588.421
1779930000000,82.72,82.76,81.93,82.27,152669.651
1779933600000,82.28,82.44,82.0,82.1,78589.947
1779937200000,82.11,82.25,80.5,80.7,306109.879
1779940800000,80.7,80.98,80.0,80.9,222109.557
1779944400000,80.9,81.0,80.42,80.7,91993.905
1779948000000,80.7,81.12,80.53,80.97,80847.152
1779951600000,80.97,81.3,80.86,81.26,97340.967
1779955200000,81.26,81.3,80.83,80.99,50944.095
1779958800000,80.99,81.32,80.83,81.22,83999.553
1779962400000,81.23,81.32,80.72,80.75,64016.774
1779966000000,80.75,80.93,80.6,80.88,40350.227
1779969600000,80.88,81.25,80.59,81.13,54576.523
1779973200000,81.14,81.36,80.53,80.79,100198.153
1779976800000,80.79,81.66,80.02,81.19,218768.323
1779980400000,81.2,81.38,80.56,81.14,77614.828
1779984000000,81.15,82.18,80.91,82.07,119764.688
1779987600000,82.08,82.64,81.84,82.3,65125.039
1779991200000,82.3,83.01,82.25,82.9,117421.506
1779994800000,82.89,82.89,82.17,82.19,50293.02
1779998400000,82.18,82.6,81.78,82.3,43031.984
1780002000000,82.3,82.7,82.22,82.44,53388.329
1780005600000,82.44,82.63,81.91,82.04,43604.141
1780009200000,82.03,82.28,82.0,82.11,32568.818
1780012800000,82.12,82.48,82.12,82.33,44227.163
1780016400000,82.33,82.48,82.06,82.21,44771.64
1780020000000,82.21,82.32,81.47,81.57,85401.787
1780023600000,81.57,81.96,81.52,81.61,40129.799
1780027200000,81.62,81.94,81.36,81.93,58649.542
1780030800000,81.93,82.2,81.82,82.07,58901.409
1780034400000,82.06,82.49,82.02,82.31,47792.747
1780038000000,82.31,82.46,81.92,82.24,122627.972
1780041600000,82.25,82.49,82.18,82.22,57065.615
1780045200000,82.23,82.65,82.21,82.44,62077.037
1780048800000,82.44,82.45,82.09,82.15,55962.432
1780052400000,82.15,82.21,81.52,81.77,82474.186
1780056000000,81.76,81.79,81.31,81.48,89507.527
1780059600000,81.48,81.78,81.1,81.44,87403.486
1780063200000,81.44,81.58,80.35,81.33,213503.036
1780066800000,81.33,83.24,81.2,82.59,318976.733
1780070400000,82.58,83.13,82.2,82.93,111480.069
1780074000000,82.93,83.22,82.67,82.79,112719.09
1780077600000,82.8,83.0,81.82,82.07,90897.665
1780081200000,82.06,82.41,81.6,82.06,57214.482
1780084800000,82.06,82.39,82.01,82.22,41563.509
1780088400000,82.23,82.4,81.7,81.71,56705.161
1780092000000,81.71,82.02,81.62,81.99,71666.376
1780095600000,81.98,82.11,81.76,82.04,52559.183
1780099200000,82.04,82.35,81.94,82.29,44417.277
1780102800000,82.3,83.0,82.22,82.82,59647.896
1780106400000,82.82,83.03,82.77,82.98,40547.38
1780110000000,82.97,83.1,82.62,82.67,34396.482
1780113600000,82.67,82.8,81.86,82.33,78885.714
1780117200000,82.32,82.77,82.2,82.6,77289.943
1780120800000,82.59,82.74,82.39,82.47,29474.382
1780124400000,82.48,82.52,82.26,82.37,32754.46
1780128000000,82.37,82.41,82.19,82.23,20767.929
1780131600000,82.23,82.39,82.2,82.34,30260.937
1780135200000,82.34,82.51,82.3,82.38,25328.398
1780138800000,82.39,82.55,82.22,82.33,19548.233
1780142400000,82.33,82.44,82.25,82.43,43052.052
1780146000000,82.43,82.57,82.25,82.48,35489.486
1780149600000,82.48,82.79,82.43,82.63,67065.937
1780153200000,82.63,82.92,82.48,82.69,81051.937
1780156800000,82.68,82.92,82.63,82.89,36497.145
1780160400000,82.88,83.06,82.63,83.05,47059.145
1780164000000,83.05,83.14,82.87,83.03,40910.983
1780167600000,83.02,83.05,82.78,82.99,38589.163
1780171200000,82.99,83.08,82.86,82.96,24764.884
1780174800000,82.96,83.17,82.91,83.02,41466.384
1780178400000,83.02,83.02,82.45,82.65,44641.477
1780182000000,82.64,82.89,82.52,82.73,24582.62
1780185600000,82.74,82.96,82.62,82.93,24737.64
1780189200000,82.93,83.25,82.92,83.02,51068.124
1780192800000,83.03,83.42,82.88,83.15,57438.18
1780196400000,83.16,83.35,83.1,83.25,30533.414
1780200000000,83.24,83.3,83.09,83.22,22050.49
1780203600000,83.21,83.22,83.0,83.03,27586.436
1780207200000,83.03,83.03,82.84,82.95,37499.62
1780210800000,82.96,82.96,82.52,82.66,40461.406
1780214400000,82.67,82.86,82.59,82.81,30621.667
1780218000000,82.8,83.05,82.64,82.75,32322.821
1780221600000,82.75,82.75,82.49,82.71,38083.093
1780225200000,82.71,82.85,82.67,82.76,19251.647
1780228800000,82.76,82.94,82.57,82.82,28099.328
1780232400000,82.82,83.12,82.66,82.77,29814.806
1780236000000,82.76,82.77,81.79,81.96,148012.05
1780239600000,81.96,82.27,81.81,81.88,43985.251
1780243200000,81.88,82.04,81.42,81.59,78396.656
1780246800000,81.58,81.9,81.46,81.87,39396.192
1780250400000,81.87,81.87,81.61,81.76,20947.376
1780254000000,81.75,81.8,81.33,81.58,27603.547
1780257600000,81.59,82.01,81.59,81.97,24807.536
1780261200000,81.97,82.37,81.88,82.3,28166.972
1780264800000,82.31,82.69,82.04,82.53,55921.078
1780268400000,82.52,82.92,81.95,82.44,57075.336
1780272000000,82.45,83.1,82.37,82.83,85074.537
1780275600000,82.83,82.87,81.75,81.76,74116.465
1780279200000,81.76,82.9,81.63,82.68,58203.479
1780282800000,82.68,82.99,82.56,82.63,74313.342
1780286400000,82.63,82.78,81.77,82.04,63756.645
1780290000000,82.03,82.11,81.63,81.82,43692.778
1780293600000,81.82,81.87,81.13,81.45,71844.779
1780297200000,81.45,81.58,80.63,80.74,69985.216
1780300800000,80.74,81.05,80.46,80.99,76555.839
1780304400000,80.99,81.29,80.99,81.08,73646.34
1780308000000,81.08,81.19,80.83,81.1,61932.621
1780311600000,81.1,81.26,80.6,80.81,101246.714
1780315200000,80.82,81.07,80.23,80.82,140019.467
1780318800000,80.82,80.86,79.28,79.84,314651.976
1780322400000,79.84,80.11,79.43,79.71,145590.94
1780326000000,79.71,80.05,79.2,79.6,120002.491
1780329600000,79.61,80.46,79.11,80.41,119404.2
1780333200000,80.4,81.21,80.29,80.93,134586.836
1780336800000,80.92,81.22,80.58,80.86,52921.751
1780340400000,80.86,81.31,80.6,81.2,52219.795
1780344000000,81.19,81.24,80.96,81.13,52430.236
1780347600000,81.14,81.14,80.5,80.68,115156.362
1780351200000,80.67,81.48,80.32,81.4,94615.138
1780354800000,81.41,81.65,81.07,81.28,113179.449
1780358400000,81.28,81.3,80.87,80.89,42277.445
1780362000000,80.89,81.01,80.04,80.11,75615.542
1780365600000,80.11,80.78,79.41,80.78,122227.642
1780369200000,80.78,81.05,80.64,80.92,66363.578
1780372800000,80.92,81.02,80.38,80.44,61469.761
1780376400000,80.44,80.59,79.57,79.63,83029.984
1780380000000,79.63,79.82,79.33,79.59,113130.612
1780383600000,79.6,79.94,79.16,79.67,75041.988
1780387200000,79.67,79.8,79.45,79.61,59264.398
1780390800000,79.62,79.64,78.78,79.1,129401.829
1780394400000,79.11,79.48,78.97,79.44,59917.175
1780398000000,79.43,79.45,78.85,78.94,72081.665
1780401600000,78.93,79.16,78.66,78.98,79062.512
1780405200000,78.97,79.22,78.8,78.95,83201.925
1780408800000,78.95,78.99,76.75,77.44,432986.793
1780412400000,77.44,77.49,75.58,76.38,418914.184
1780416000000,76.38,77.67,76.15,76.71,228269.734
1780419600000,76.72,77.19,76.48,76.84,164609.961
1780423200000,76.84,77.08,75.81,76.15,91384.374
1780426800000,76.16,76.27,74.5,75.53,344086.413
1780430400000,75.53,75.95,74.77,75.44,116900.273
1780434000000,75.44,76.08,75.33,75.67,96795.655
1780437600000,75.66,75.67,73.37,73.67,290461.886
1780441200000,73.68,74.32,72.73,74.23,336041.588
1780444800000,74.23,75.13,74.0,74.85,202547.302
1780448400000,74.85,75.05,74.15,74.75,111009.176
1780452000000,74.75,74.81,74.21,74.4,79705.256
1780455600000,74.41,74.54,72.28,72.71,254498.453
1780459200000,72.71,74.11,72.69,74.06,143688.804
1780462800000,74.06,74.92,74.05,74.75,169098.882
1780466400000,74.75,75.33,74.67,74.86,162671.761
1780470000000,74.86,75.4,74.76,75.27,93467.022
1780473600000,75.26,75.33,74.86,75.01,78085.895
1780477200000,75.0,75.41,74.73,75.01,140506.339
1780480800000,75.01,75.6,74.97,75.55,111179.566
1780484400000,75.55,75.71,75.0,75.12,75239.604
1780488000000,75.12,75.27,74.68,75.18,83437.504
1780491600000,75.19,75.37,74.39,74.57,127785.018
1780495200000,74.56,74.61,73.84,74.46,151500.761
1780498800000,74.46,74.48,73.24,73.31,136205.798
1780502400000,73.31,73.48,72.02,73.01,253803.687
1780506000000,73.01,74.1,72.4,73.17,136778.12
1780509600000,73.17,73.49,72.46,73.09,112565.336
1780513200000,73.1,73.17,71.71,71.99,243448.336
1780516800000,71.99,72.43,70.93,71.23,412273.108
1780520400000,71.22,72.86,71.03,72.82,169893.125
1780524000000,72.81,73.18,71.94,72.22,100282.043
1780527600000,72.22,72.28,71.57,71.61,105574.784
1780531200000,71.61,72.09,70.33,70.75,262808.474
1780534800000,70.76,70.96,68.42,68.63,532824.55
1780538400000,68.63,70.47,66.8,70.07,642074.708
1780542000000,70.07,71.65,70.04,71.48,294832.251
1780545600000,71.49,71.8,70.8,70.9,142724.495
1780549200000,70.89,70.89,69.91,70.35,131019.18
1780552800000,70.34,71.21,70.26,70.35,104601.425
1780556400000,70.36,70.4,69.14,69.15,145332.526
1780560000000,69.16,69.44,68.33,69.25,208429.027
1780563600000,69.24,69.27,67.74,68.86,206826.657
1780567200000,68.87,68.94,67.51,67.89,211805.825
1780570800000,67.89,68.71,67.37,68.7,212452.26
1780574400000,68.69,70.38,68.32,70.12,266361.497
1780578000000,70.12,70.58,69.02,70.38,185403.263
1780581600000,70.38,70.64,69.56,69.77,223518.479
1780585200000,69.76,70.5,69.38,69.64,288475.982
1780588800000,69.64,69.67,68.98,69.41,104450.235
1780592400000,69.41,69.74,68.48,69.25,98633.551
1780596000000,69.25,69.89,68.65,69.5,112317.193
1780599600000,69.49,69.71,69.03,69.1,109858.18
1780603200000,69.09,69.15,68.44,68.82,90783.732
1780606800000,68.81,69.06,67.61,67.8,109794.006
1780610400000,67.79,68.58,67.57,68.49,162189.322
1780614000000,68.48,68.93,68.0,68.88,80732.672
1780617600000,68.87,69.1,68.27,68.31,94482.783
1780621200000,68.3,68.82,67.58,68.52,170977.826
1780624800000,68.52,68.62,67.21,67.33,205697.435
1780628400000,67.33,67.87,66.94,67.09,205341.548
1780632000000,67.1,68.01,66.52,67.94,279233.158
1780635600000,67.95,68.1,66.07,66.24,227052.135
1780639200000,66.24,66.56,63.87,65.05,711566.681
1780642800000,65.05,66.31,63.93,66.18,404654.712
1780646400000,66.18,66.2,65.1,65.31,175461.816
1780650000000,65.32,66.62,65.31,66.55,208083.634
1780653600000,66.56,66.74,66.16,66.42,110468.156
1780657200000,66.41,66.8,65.84,66.08,152006.519
1780660800000,66.08,66.37,65.2,65.83,192608.052
1780664400000,65.82,66.83,64.3,64.32,372355.711
1780668000000,64.33,65.85,63.94,65.27,439146.751
1780671600000,65.27,65.34,63.78,64.24,467507.146
1780675200000,64.25,65.98,63.18,65.86,605057.033
1780678800000,65.86,66.06,64.8,65.09,221416.878
1780682400000,65.1,65.39,62.63,62.91,374915.582
1780686000000,62.9,63.84,61.48,63.44,543475.913
1780689600000,63.44,64.82,62.68,64.64,301434.009
1780693200000,64.63,65.42,64.53,64.89,189844.812
1780696800000,64.88,64.91,63.78,64.41,208505.233
1780700400000,64.41,64.79,62.64,63.64,180299.965
1780704000000,63.64,64.83,63.63,64.68,120881.287
1780707600000,64.68,64.86,63.78,63.85,108817.371
1780711200000,63.86,63.96,63.27,63.53,114641.909
1780714800000,63.52,63.54,62.58,62.84,139553.093
1780718400000,62.84,63.12,60.35,60.88,419817.254
1780722000000,60.89,62.72,60.13,62.62,293810.466
1780725600000,62.62,63.35,62.08,62.22,157531.056
1780729200000,62.22,63.16,62.06,62.78,123693.397
1780732800000,62.79,63.6,62.54,63.18,116203.679
1780736400000,63.17,63.56,62.49,62.71,84549.16
1780740000000,62.7,62.71,61.2,61.84,226017.518
1780743600000,61.84,62.69,61.77,62.46,135940.245
1780747200000,62.46,63.11,62.04,62.92,162475.471
1780750800000,62.93,63.06,62.17,62.45,88374.736
1780754400000,62.45,62.93,62.3,62.33,126534.329
1780758000000,62.33,62.48,61.32,62.03,296337.214
1780761600000,62.04,62.4,61.38,62.13,240041.71
1780765200000,62.13,62.28,61.46,61.63,100047.277
1780768800000,61.62,62.14,61.41,61.73,77417.593
1780772400000,61.74,62.2,61.62,61.64,77950.681
1780776000000,61.64,61.94,61.38,61.84,156326.464
1780779600000,61.85,62.38,61.83,61.91,77443.896
1780783200000,61.9,61.98,61.47,61.73,74264.556
1780786800000,61.72,62.3,61.68,62.2,52170.694
1780790400000,62.21,62.64,61.96,62.11,86470.166
1780794000000,62.11,63.86,62.04,63.67,203218.882
1780797600000,63.67,63.79,63.07,63.55,120313.278
1780801200000,63.55,64.15,63.41,63.84,132638.914
1780804800000,63.84,64.13,63.31,64.1,102582.666
1780808400000,64.09,64.5,63.9,64.26,136530.072
1780812000000,64.27,65.0,64.03,64.85,137142.167
1780815600000,64.85,65.02,64.61,64.93,138583.045
1780819200000,64.92,65.97,64.5,65.97,192726.319
1780822800000,65.96,66.11,64.85,65.02,125152.967
1780826400000,65.03,65.09,64.46,64.67,105980.139
1780830000000,64.67,65.25,64.55,65.04,58725.207
1780833600000,65.05,65.11,63.67,64.33,185560.454
1780837200000,64.33,64.44,64.09,64.34,77996.253
1780840800000,64.34,65.35,64.33,64.92,114695.185
1780844400000,64.92,65.24,64.63,64.99,83149.955
1780848000000,64.99,65.33,64.75,65.15,66802.943
1780851600000,65.15,65.62,65.09,65.32,60601.695
1780855200000,65.33,65.58,64.91,64.95,42035.734
1780858800000,64.96,64.98,63.64,63.95,151033.83
1780862400000,63.94,64.8,63.75,64.7,85671.223
1780866000000,64.69,64.93,64.31,64.63,51099.042
1780869600000,64.64,67.92,64.53,65.83,318835.326
1780873200000,65.82,66.67,65.77,66.5,164025.911
1780876800000,66.5,67.11,66.02,66.71,163104.513
1780880400000,66.72,66.81,65.4,66.19,160105.885
1780884000000,66.19,66.65,66.06,66.46,94192.49
1780887600000,66.46,66.75,66.18,66.37,74821.217
1780891200000,66.37,66.42,65.37,65.44,84719.446
1780894800000,65.44,65.65,64.98,65.34,79046.327
1780898400000,65.33,65.89,65.27,65.68,92447.115
1780902000000,65.68,66.23,65.38,66.11,82482.841
1780905600000,66.1,66.11,65.45,65.63,83103.334
1780909200000,65.63,66.39,65.6,66.38,101754.182
1780912800000,66.37,66.47,65.81,66.21,104538.124
1780916400000,66.21,67.06,66.04,66.68,217880.036
1780920000000,66.69,67.32,65.99,67.26,224854.095
1780923600000,67.26,67.29,66.42,66.78,151819.844
1780927200000,66.78,67.31,66.45,67.28,315674.903
1780930800000,67.28,67.82,67.06,67.18,204380.308
1780934400000,67.19,67.75,66.9,66.96,139256.473
1780938000000,66.95,67.39,66.56,67.38,147309.435
1780941600000,67.38,67.62,67.16,67.43,82951.272
1780945200000,67.43,67.82,67.28,67.46,121637.193
1780948800000,67.46,67.53,66.94,67.48,83656.84
1780952400000,67.48,68.17,67.42,67.48,110338.04
1780956000000,67.48,67.48,66.84,67.2,68957.83
1780959600000,67.2,67.42,66.65,66.82,69963.624
1780963200000,66.82,66.89,65.29,65.42,249065.565
1780966800000,65.41,66.08,65.39,65.99,99888.075
1780970400000,65.99,66.08,65.53,65.91,52849.551
1780974000000,65.92,66.1,65.68,66.01,55204.775
1780977600000,66.01,67.41,65.83,67.02,181033.509
1780981200000,67.02,67.39,66.7,67.18,276316.811
1780984800000,67.19,67.47,66.98,67.05,79074.98
1780988400000,67.06,67.34,66.62,66.89,99581.162
1780992000000,66.9,66.94,66.39,66.6,97943.408
1780995600000,66.6,66.83,66.08,66.18,68747.028
1780999200000,66.18,66.49,66.0,66.42,69047.846
1781002800000,66.41,66.47,65.9,66.11,100844.501
1781006400000,66.11,66.52,65.95,66.21,105180.147
1781010000000,66.22,66.38,65.6,65.86,168426.568
1781013600000,65.86,65.99,64.39,65.08,298483.712
1781017200000,65.08,65.31,64.26,64.33,175354.058
1781020800000,64.33,64.5,63.54,64.14,231566.578
1781024400000,64.15,65.17,64.09,64.79,200739.215
1781028000000,64.8,65.55,64.66,65.3,103269.15
1781031600000,65.29,65.65,65.05,65.41,118929.084
1781035200000,65.42,65.7,65.29,65.62,62861.212
1781038800000,65.63,65.65,64.88,65.02,56854.166
1781042400000,65.02,65.35,64.82,64.89,64684.189
1781046000000,64.89,65.18,64.69,64.96,66205.021
1781049600000,64.97,65.22,64.49,65.19,84233.108
1781053200000,65.18,65.32,64.81,65.09,76997.122
1781056800000,65.1,65.25,64.25,64.31,86926.448
1781060400000,64.31,64.86,64.27,64.51,44123.438
1781064000000,64.52,64.66,64.12,64.29,55630.869
1781067600000,64.29,64.38,63.92,64.13,60065.703
1781071200000,64.13,64.37,63.83,64.2,59606.958
1781074800000,64.21,64.8,64.14,64.5,67069.833
1781078400000,64.5,64.52,63.43,63.61,129989.981
1781082000000,63.62,63.76,63.07,63.64,98659.859
1781085600000,63.64,63.79,63.27,63.68,106704.681
1781089200000,63.68,63.77,62.95,63.49,200978.051
1781092800000,63.5,64.68,63.3,64.13,300376.717
1781096400000,64.12,65.54,64.01,65.08,250832.181
1781100000000,65.08,65.28,64.59,65.06,155732.145
1781103600000,65.07,65.77,64.56,65.44,226554.09
1781107200000,65.44,65.49,64.24,64.62,149914.241
1781110800000,64.62,64.97,63.63,64.04,154897.706
1781114400000,64.05,64.22,63.36,63.84,113822.262
1781118000000,63.84,63.95,63.39,63.56,106770.879
1781121600000,63.56,63.66,63.18,63.33,87301.945
1781125200000,63.32,63.32,62.34,62.59,95072.098
1781128800000,62.6,63.07,62.37,62.77,122688.629
1781132400000,62.78,63.31,62.46,63.19,102968.617
1781136000000,63.19,63.77,63.19,63.67,95512.483
1781139600000,63.67,65.16,63.67,64.9,203292.891
1781143200000,64.91,65.0,64.37,64.52,146307.144
1781146800000,64.53,65.48,64.33,65.27,148001.461
1781150400000,65.27,65.35,64.95,65.21,64368.101
1781154000000,65.21,65.26,64.95,64.97,54688.921
1781157600000,64.97,65.43,64.81,65.12,107378.558
1781161200000,65.12,65.18,64.77,65.04,102261.304
1781164800000,65.04,65.53,65.03,65.31,85090.677
1781168400000,65.31,65.56,65.01,65.38,138166.813
1781172000000,65.39,65.66,65.28,65.5,80089.375
1781175600000,65.5,66.15,65.33,65.88,134867.994
1781179200000,65.89,65.93,64.89,65.26,205429.977
1781182800000,65.26,65.74,65.06,65.53,131783.232
1781186400000,65.52,65.78,64.99,65.35,114293.376
1781190000000,65.35,65.87,65.0,65.55,124959.416
1781193600000,65.56,65.8,65.31,65.38,85836.555
1781197200000,65.39,67.19,65.05,67.15,309473.344
1781200800000,67.15,67.31,66.64,66.8,144330.852
1781204400000,66.8,67.42,66.6,66.93,176212.973
1781208000000,66.93,67.04,66.36,66.6,77772.936
1781211600000,66.6,67.1,66.58,66.91,45124.266
1781215200000,66.91,67.14,66.87,66.9,50238.15
1781218800000,66.89,67.13,66.69,66.93,56080.232
1781222400000,66.93,67.11,66.75,66.87,63689.552
1781226000000,66.87,66.87,66.42,66.7,75841.953
1781229600000,66.69,67.3,66.68,67.14,83188.342
1781233200000,67.15,67.18,66.68,67.04,70505.663
1781236800000,67.04,67.24,66.85,67.07,69480.827
1781240400000,67.07,67.08,66.63,66.74,60435.998
1781244000000,66.75,66.82,65.95,66.11,129304.937
1781247600000,66.12,66.49,66.12,66.32,79860.665
1781251200000,66.32,67.05,66.31,66.92,85054.006
1781254800000,66.92,67.49,66.85,67.17,192148.681
1781258400000,67.18,67.35,66.59,66.79,85061.882
1781262000000,66.79,67.1,66.78,66.93,63656.44
1781265600000,66.92,67.0,66.63,66.77,104701.082
1781269200000,66.77,67.01,66.37,66.72,179963.915
1781272800000,66.73,67.99,66.65,67.94,231104.047
1781276400000,67.93,68.82,67.18,67.25,567877.598
1781280000000,67.26,68.01,67.09,68.01,158168.031
1781283600000,68.02,68.22,67.27,67.4,116277.838
1781287200000,67.4,67.48,67.01,67.07,88739.808
1781290800000,67.07,67.42,66.68,66.78,104564.611
1781294400000,66.79,66.83,66.42,66.68,127370.815
1781298000000,66.69,66.95,66.47,66.57,41557.281
1781301600000,66.57,66.76,66.43,66.63,37270.483
1781305200000,66.64,66.83,66.48,66.82,23762.228
1781308800000,66.83,67.08,66.78,66.99,37463.438
1781312400000,67.0,67.51,66.98,67.45,46013.37
1781316000000,67.44,67.51,66.87,66.97,51075.761
1781319600000,66.97,67.05,66.7,66.88,44163.632
1781323200000,66.87,66.96,66.64,66.67,46461.185
1781326800000,66.67,66.88,66.59,66.79,50866.3
1781330400000,66.79,67.22,66.67,67.16,49209.984
1781334000000,67.16,67.47,66.96,67.37,82603.06
1781337600000,67.38,67.57,67.26,67.33,86604.603
1781341200000,67.32,67.54,67.29,67.37,64167.356
1781344800000,67.37,67.61,67.34,67.44,37022.35
1781348400000,67.44,67.96,67.38,67.9,41929.45
1781352000000,67.91,68.06,67.77,67.99,91464.722
1781355600000,67.98,68.45,67.83,68.02,118562.924
1781359200000,68.02,68.43,67.99,68.29,66425.661
1781362800000,68.29,68.71,68.18,68.6,83882.753
1781366400000,68.6,68.63,67.83,68.1,104269.086
1781370000000,68.09,68.28,67.84,68.0,50125.121
1781373600000,68.0,68.38,67.97,68.13,30809.045
1781377200000,68.13,68.4,68.03,68.23,26941.068
1781380800000,68.24,68.29,68.05,68.28,21443.639
1781384400000,68.28,69.59,68.23,69.27,162134.293
1781388000000,69.27,69.28,68.88,68.91,82127.308
1781391600000,68.9,69.18,68.79,68.94,49248.391
1781395200000,68.94,68.94,68.65,68.75,54693.338
1781398800000,68.75,69.1,68.64,68.82,52047.76
1781402400000,68.82,69.11,68.72,68.83,53277.924
1781406000000,68.83,69.04,68.76,68.94,35018.465
1781409600000,68.95,69.01,68.44,68.52,70637.384
1781413200000,68.53,68.6,67.88,68.24,193457.028
1781416800000,68.25,68.5,68.1,68.19,53542.124
1781420400000,68.2,68.25,68.04,68.23,43809.063
1781424000000,68.23,68.37,68.11,68.25,34707.264
1781427600000,68.25,68.5,67.92,68.47,53948.603
1781431200000,68.48,68.52,68.15,68.16,38112.983
1781434800000,68.16,68.35,68.02,68.11,30742.58
1781438400000,68.11,68.17,67.7,67.78,48284.66
1781442000000,67.78,67.87,67.51,67.77,72481.767
1781445600000,67.77,67.83,66.94,67.27,113223.716
1781449200000,67.27,67.55,67.26,67.43,47871.527
1781452800000,67.43,67.76,67.41,67.49,34354.22
1781456400000,67.48,67.74,67.3,67.34,30112.775
1781460000000,67.34,67.5,67.19,67.43,19753.904
1781463600000,67.43,67.75,67.35,67.57,24849.35
1781467200000,67.57,68.07,67.44,67.81,32460.669
1781470800000,67.8,70.55,67.8,70.16,316562.604
1781474400000,70.16,70.73,69.68,70.45,201736.797
1781478000000,70.45,71.29,70.15,71.28,196135.426
1781481600000,71.29,71.73,70.94,71.12,200381.55
1781485200000,71.13,71.35,70.66,71.01,90790.504
1781488800000,71.0,71.59,70.9,70.99,74590.745
1781492400000,70.98,71.37,70.91,71.24,66407.788
1781496000000,71.24,71.27,70.88,70.93,45074.674
1781499600000,70.92,71.31,70.81,71.22,47802.787
1781503200000,71.22,71.5,71.11,71.36,53592.34
1781506800000,71.36,71.5,71.12,71.28,88909.944
1781510400000,71.28,71.62,71.17,71.3,86589.39
1781514000000,71.3,71.48,70.8,71.23,89511.864
1781517600000,71.23,72.12,71.19,71.88,147883.696
1781521200000,71.88,72.82,71.65,72.61,207495.255
1781524800000,72.61,73.0,72.31,72.86,131794.055
1781528400000,72.85,74.23,72.72,73.64,313713.491
1781532000000,73.63,73.98,73.2,73.82,159755.143
1781535600000,73.81,75.26,73.79,75.25,232845.748
1781539200000,75.25,76.09,74.97,75.48,251768.114
1781542800000,75.47,75.48,74.65,75.28,239068.228
1781546400000,75.28,75.69,75.1,75.3,93095.678
1781550000000,75.3,75.81,74.58,75.28,108402.237
1781553600000,75.27,75.46,74.77,74.95,67283.555
1781557200000,74.95,75.03,74.4,74.45,78485.986
1781560800000,74.46,74.61,73.62,73.78,152145.124
1781564400000,73.77,74.07,73.62,73.98,75389.572
1781568000000,73.99,74.42,73.85,74.04,69224.92
1781571600000,74.05,74.35,73.85,73.88,65706.464
1781575200000,73.89,73.89,72.77,73.01,131869.867
1781578800000,73.02,73.81,72.87,73.74,80569.975
1781582400000,73.75,73.94,73.19,73.36,54902.773
1781586000000,73.37,73.84,73.36,73.67,52950.874
1781589600000,73.67,74.32,73.67,74.19,77618.241
1781593200000,74.19,74.54,74.13,74.46,84857.21
1781596800000,74.45,75.65,74.35,75.4,128588.068
1781600400000,75.39,75.46,74.81,74.85,79909.2
1781604000000,74.85,75.12,74.69,74.7,58614.181
1781607600000,74.7,74.9,74.38,74.66,79772.524
1781611200000,74.67,75.53,74.49,74.94,135358.982
1781614800000,74.94,74.97,73.87,73.99,182694.61
1781618400000,73.99,74.3,72.29,72.98,250959.387
1781622000000,72.97,73.65,72.87,73.29,114396.913
1781625600000,73.29,73.48,73.01,73.1,77637.565
1781629200000,73.11,73.84,73.06,73.67,85666.172
1781632800000,73.68,74.34,73.58,74.0,111996.48
1781636400000,74.0,74.23,73.48,73.84,84539.564
1781640000000,73.85,74.26,73.67,74.14,59635.319
1781643600000,74.14,74.22,73.73,73.94,51301.898
1781647200000,73.94,74.1,73.62,73.84,37779.45
1781650800000,73.85,73.97,73.42,73.52,29354.958
1781654400000,73.53,73.78,73.32,73.37,46997.719
1781658000000,73.37,74.0,73.17,73.93,60655.128
1781661600000,73.94,74.47,73.69,74.05,96814.02
1781665200000,74.05,74.06,73.52,73.68,56261.076
1781668800000,73.68,74.11,73.6,73.83,46444.709
1781672400000,73.84,74.01,73.44,73.65,51720.76
1781676000000,73.65,73.83,73.19,73.41,59659.269
1781679600000,73.41,73.61,72.99,73.26,87257.349
1781683200000,73.27,73.3,72.16,72.34,135226.521
1781686800000,72.34,72.67,72.31,72.54,63506.222
1781690400000,72.54,72.69,72.12,72.15,48941.844
1781694000000,72.15,72.24,71.71,72.04,84886.915
1781697600000,72.04,72.36,71.59,72.33,83612.499
1781701200000,72.33,72.77,72.16,72.43,98807.369
1781704800000,72.42,72.67,71.82,72.39,117857.886
1781708400000,72.39,73.87,72.36,73.81,133738.882
1781712000000,73.8,74.69,73.71,73.76,153649.037
1781715600000,73.77,74.35,73.47,74.22,81781.987
1781719200000,74.21,74.38,72.19,73.5,355750.323
1781722800000,73.49,73.71,71.43,71.66,292101.821
1781726400000,71.66,72.25,71.55,72.2,102640.899
1781730000000,72.19,72.23,71.38,71.62,62582.524
1781733600000,71.61,71.95,70.83,71.7,78960.944
1781737200000,71.71,72.13,71.69,72.05,43383.688
1781740800000,72.05,72.5,72.03,72.22,48547.507
1781744400000,72.22,72.64,72.09,72.21,37956.591
1781748000000,72.22,72.68,72.13,72.54,58257.5
1781751600000,72.53,72.55,71.54,71.65,60126.254
1781755200000,71.66,71.73,70.91,71.06,81871.729
1781758800000,71.05,71.14,70.64,71.14,75690.834
1781762400000,71.13,71.41,70.99,71.34,42452.534
1781766000000,71.35,71.85,71.16,71.78,53820.989
1781769600000,71.77,72.08,71.64,71.85,59084.128
1781773200000,71.86,72.16,71.75,71.85,37654.818
1781776800000,71.85,71.85,71.08,71.39,104010.109
1781780400000,71.39,71.56,70.72,70.94,79836.012
1781784000000,70.94,71.62,70.87,71.57,55981.246
1781787600000,71.57,71.8,70.73,71.05,93581.469
1781791200000,71.06,71.72,70.7,71.08,124384.941
1781794800000,71.08,71.1,68.35,68.44,498784.608
1781798400000,68.43,69.13,68.38,69.06,181301.529
1781802000000,69.07,69.15,68.5,68.64,102969.562
1781805600000,68.64,68.99,68.23,68.66,147840.926
1781809200000,68.66,69.53,68.57,69.37,89639.557
1781812800000,69.38,69.96,69.38,69.82,75565.732
1781816400000,69.81,69.9,69.41,69.57,60363.6
1781820000000,69.56,69.69,69.26,69.52,53927.783
1781823600000,69.51,69.79,69.27,69.71,40062.371
1781827200000,69.72,69.9,69.53,69.81,56062.941
1781830800000,69.8,70.03,69.54,69.94,48680.144
1781834400000,69.94,70.09,69.41,69.66,46462.891
1781838000000,69.65,69.74,68.64,69.05,164081.694
1781841600000,69.06,69.27,68.1,68.33,133933.868
1781845200000,68.33,68.75,68.32,68.7,96105.278
1781848800000,68.69,68.84,68.46,68.75,112846.885
1781852400000,68.75,68.77,67.98,68.38,94522.845
1781856000000,68.37,68.75,68.23,68.68,76368.919
1781859600000,68.69,68.76,68.22,68.33,67278.479
1781863200000,68.32,68.46,68.05,68.3,82241.402
1781866800000,68.31,68.47,68.09,68.25,61862.214
1781870400000,68.25,68.71,67.92,68.62,99976.23
1781874000000,68.62,69.58,68.4,69.28,149932.402
1781877600000,69.28,69.48,68.83,69.15,96828.392
1781881200000,69.14,69.54,68.93,69.33,66234.751
1781884800000,69.34,69.57,68.69,68.71,82500.095
1781888400000,68.72,69.52,68.63,69.31,65555.599
1781892000000,69.32,69.37,68.8,69.06,38052.658
1781895600000,69.05,69.16,68.78,68.97,44918.231
1781899200000,68.97,69.31,68.72,69.25,31454.211
1781902800000,69.25,69.31,68.91,69.02,34582.689
1781906400000,69.01,69.44,69.0,69.42,61373.262
1781910000000,69.43,69.87,69.24,69.74,72714.788
1781913600000,69.73,70.12,69.61,69.63,89692.457
1781917200000,69.62,69.95,69.54,69.8,32309.702
1781920800000,69.8,69.86,69.48,69.65,36533.063
1781924400000,69.66,70.11,69.62,70.0,53423.81
1781928000000,70.0,71.09,69.89,70.86,103542.958
1781931600000,70.87,72.46,70.72,71.8,173683.895
1781935200000,71.8,72.39,71.71,72.12,103980.817
1781938800000,72.12,72.15,71.45,71.6,75932.218
1781942400000,71.6,71.65,71.27,71.34,64686.511
1781946000000,71.34,71.63,71.21,71.57,55197.875
1781949600000,71.57,71.72,71.41,71.69,38092.521
1781953200000,71.69,72.1,71.45,71.78,56490.448
1781956800000,71.78,71.94,71.38,71.56,66486.387
1781960400000,71.55,71.58,70.75,71.19,85462.161
1781964000000,71.19,72.18,70.47,71.93,166026.559
1781967600000,71.94,72.62,71.49,72.02,345082.299
1781971200000,72.03,72.05,71.32,71.67,128031.775
1781974800000,71.67,71.68,71.09,71.55,52934.745
1781978400000,71.56,71.99,71.53,71.75,69624.594
1781982000000,71.75,71.92,71.6,71.86,53925.99
1781985600000,71.86,72.07,71.7,72.01,46159.868
1781989200000,72.02,72.45,71.96,72.41,49010.686
1781992800000,72.41,74.3,72.36,73.56,255371.48
1781996400000,73.56,73.65,73.21,73.22,65931.808
1782000000000,73.22,73.28,73.02,73.2,50783.813
1782003600000,73.2,73.32,72.88,73.19,55705.138
1782007200000,73.19,73.39,73.08,73.34,31953.75
1782010800000,73.34,73.86,73.13,73.63,113803.369
1782014400000,73.63,73.84,73.39,73.44,45055.876
1782018000000,73.44,73.52,73.01,73.09,45918.298
1782021600000,73.09,73.36,73.04,73.24,41475.298
1782025200000,73.25,73.45,73.07,73.21,166976.776
1782028800000,73.21,73.25,72.75,73.15,97362.467
1782032400000,73.16,74.1,73.08,74.05,123475.706
1782036000000,74.04,74.4,73.87,73.9,106025.042
1782039600000,73.91,74.04,73.07,73.21,75409.009
1782043200000,73.21,73.69,72.93,73.65,135448.191
1782046800000,73.65,73.93,73.47,73.91,116612.678
1782050400000,73.92,74.15,73.63,74.11,114476.757
1782054000000,74.11,74.29,73.91,74.14,66306.147
1782057600000,74.14,74.68,73.8,74.34,91123.039
1782061200000,74.34,74.64,74.04,74.24,95065.842
1782064800000,74.25,74.44,73.86,74.22,98577.389
1782068400000,74.21,74.47,74.11,74.42,37234.342
1782072000000,74.42,74.55,73.34,73.42,80489.03
1782075600000,73.43,73.47,72.42,73.15,150999.111
1782079200000,73.14,73.26,72.63,73.06,73823.856
1782082800000,73.05,73.1,72.31,72.46,108584.694
1782086400000,72.47,73.59,72.46,73.36,103710.641
1782090000000,73.37,74.99,73.27,74.37,191909.013
1782093600000,74.37,74.46,73.77,73.83,82099.166
1782097200000,73.84,74.06,73.29,73.52,95274.82
1782100800000,73.53,73.91,73.36,73.86,88522.178
1782104400000,73.87,74.15,73.8,73.95,59283.568
1782108000000,73.96,74.21,73.56,73.71,61212.293
1782111600000,73.72,74.48,73.67,74.1,84946.447
1782115200000,74.1,74.33,73.71,73.9,79772.549
1782118800000,73.89,74.03,73.57,73.8,61836.585
1782122400000,73.79,74.01,73.6,73.78,50650.13
1782126000000,73.77,74.44,73.64,74.17,250333.205
1782129600000,74.18,74.56,74.0,74.41,173681.723
1782133200000,74.42,74.98,74.24,74.98,191736.843
1782136800000,74.97,75.0,73.19,73.44,221209.13
1782140400000,73.45,73.8,72.98,73.14,132069.817
1782144000000,73.15,73.21,72.55,72.95,126835.764
1782147600000,72.95,73.34,72.63,73.28,59765.784
1782151200000,73.28,73.57,72.58,72.64,104171.034
1782154800000,72.64,72.81,72.45,72.71,86356.895
1782158400000,72.71,72.97,72.49,72.83,40056.151
1782162000000,72.82,72.89,72.28,72.73,47245.83
1782165600000,72.74,72.96,71.37,72.11,134404.111
1782169200000,72.11,72.17,71.82,71.95,40140.39
1782172800000,71.95,72.01,71.46,71.88,69273.443
1782176400000,71.89,72.04,71.31,71.72,66120.409
1782180000000,71.71,72.06,71.54,72.0,58271.013
1782183600000,71.99,72.01,71.73,72.0,43972.128
1782187200000,71.99,72.03,71.37,71.45,50400.276
1782190800000,71.46,71.6,70.9,71.02,81827.004
1782194400000,71.03,71.07,69.68,70.33,226879.089
1782198000000,70.33,70.56,69.97,70.01,147921.654
1782201600000,70.01,70.11,68.16,68.7,354240.759
1782205200000,68.71,69.06,68.68,68.93,115063.175
1782208800000,68.93,69.22,68.61,68.82,66289.858
1782212400000,68.82,69.38,68.82,69.33,88613.203
1782216000000,69.33,69.38,68.87,68.98,76392.781
1782219600000,68.98,69.37,68.64,69.2,147090.516
1782223200000,69.2,69.68,69.06,69.2,120384.98
1782226800000,69.2,69.2,68.4,68.92,87673.904
1782230400000,68.93,69.41,68.81,68.9,97343.659
1782234000000,68.89,69.19,68.64,68.78,37570.846
1782237600000,68.78,69.05,68.69,68.91,43917.128
1782241200000,68.9,69.11,68.73,68.84,48268.352
1782244800000,68.84,69.06,68.83,69.01,33350.563
1782248400000,69.02,69.31,68.97,69.27,44272.529
1782252000000,69.27,69.84,69.26,69.56,58575.578
1782255600000,69.56,69.82,69.31,69.71,38806.438
1782259200000,69.7,70.14,69.59,69.99,62322.349
1782262800000,70.0,70.41,69.67,70.09,80642.47
1782266400000,70.09,70.15,69.43,69.46,71586.522
1782270000000,69.46,69.77,69.1,69.56,49187.914
1782273600000,69.57,69.7,69.0,69.58,52609.006
1782277200000,69.59,70.22,69.52,69.95,69893.074
1782280800000,69.95,70.04,69.7,69.75,63506.548
1782284400000,69.75,69.79,69.28,69.38,65877.757
1782288000000,69.38,69.63,69.25,69.48,62541.362
1782291600000,69.48,69.55,69.2,69.31,97596.397
1782295200000,69.31,69.35,68.96,69.05,63646.967
1782298800000,69.05,70.44,68.77,69.82,116152.287
1782302400000,69.82,69.93,69.41,69.46,64524.267
1782306000000,69.46,69.5,68.37,68.88,250377.265
1782309600000,68.87,69.43,68.59,68.85,174917.477
1782313200000,68.86,68.9,67.24,67.33,178449.337
1782316800000,67.32,68.03,66.28,66.52,568454.036
1782320400000,66.52,66.92,64.71,64.98,409632.055
1782324000000,64.98,66.5,64.83,66.03,231997.633
1782327600000,66.04,66.39,65.54,66.13,128029.456
1782331200000,66.13,68.01,65.98,67.68,270507.541
1782334800000,67.69,68.12,67.22,68.09,123508.194
1782338400000,68.08,68.55,67.69,67.83,69717.518
1782342000000,67.84,68.2,67.76,68.11,42990.097
1782345600000,68.12,68.32,67.57,67.72,61805.237
1782349200000,67.72,68.01,67.4,67.89,75604.252
1782352800000,67.89,67.94,67.61,67.74,35486.972
1782356400000,67.75,67.87,67.47,67.7,60280.93
1782360000000,67.7,68.51,67.5,68.46,83359.396
1782363600000,68.47,69.31,68.35,69.04,193552.002
1782367200000,69.03,69.66,69.01,69.47,132524.603
1782370800000,69.48,69.58,69.24,69.45,90052.657
1782374400000,69.44,69.45,68.99,69.05,82641.573
1782378000000,69.06,69.19,68.8,68.83,47562.621
1782381600000,68.83,68.88,68.13,68.29,97123.555
1782385200000,68.3,68.44,68.0,68.18,102663.847
1782388800000,68.18,68.92,67.79,68.29,167650.431
1782392400000,68.29,68.45,64.04,64.23,570872.698
1782396000000,64.23,67.24,64.23,66.36,606207.423
1782399600000,66.37,66.39,65.24,66.32,224938.704
1782403200000,66.32,67.05,65.65,65.98,183517.994
1782406800000,65.98,67.35,65.82,67.13,176489.456
1782410400000,67.12,67.16,65.91,66.18,213512.177
1782414000000,66.19,66.22,65.65,66.2,103226.32
1782417600000,66.19,66.8,66.08,66.27,99763.52
1782421200000,66.28,67.31,66.27,67.28,69774.564
1782424800000,67.28,67.35,66.94,67.15,71115.209
1782428400000,67.16,68.81,67.0,67.72,167175.14
1782432000000,67.72,68.1,67.62,67.74,85692.205
1782435600000,67.74,67.91,67.14,67.32,113538.5
1782439200000,67.32,67.36,65.93,66.2,212243.61
1782442800000,66.21,68.5,65.91,68.21,273214.945
1782446400000,68.22,68.38,67.96,68.06,114284.508
1782450000000,68.07,68.47,67.97,68.38,99377.639
1782453600000,68.37,70.01,68.01,69.99,347176.399
1782457200000,70.0,70.99,69.93,70.77,326907.501
1782460800000,70.78,70.88,69.72,69.94,204505.664
1782464400000,69.95,69.95,68.85,69.01,162342.86
1782468000000,69.01,69.25,68.64,68.78,68124.134
1782471600000,68.78,69.1,68.39,68.61,68243.112
1782475200000,68.61,69.74,68.37,68.87,130724.263
1782478800000,68.87,70.94,68.19,70.71,269629.655
1782482400000,70.71,71.99,70.24,70.46,379679.254
1782486000000,70.47,72.24,70.31,72.07,260548.108
1782489600000,72.06,73.53,72.01,72.48,332248.046
1782493200000,72.49,72.88,72.18,72.56,142021.061
1782496800000,72.57,73.1,72.37,72.6,118672.417
1782500400000,72.6,73.93,72.48,73.01,219094.456
1782504000000,73.01,73.68,72.05,72.17,245579.176
1782507600000,72.18,72.4,71.8,71.99,108722.07
1782511200000,71.98,72.09,71.41,71.83,95015.562
1782514800000,71.82,72.02,71.68,71.9,45283.571
1782518400000,71.9,72.5,71.58,71.82,124374.672
1782522000000,71.83,71.83,71.36,71.44,58283.45
1782525600000,71.44,72.26,71.39,72.12,77157.586
1782529200000,72.11,72.43,71.84,72.27,108184.654
1782532800000,72.26,72.59,71.9,71.94,79180.17
1782536400000,71.93,72.03,71.51,71.81,118653.282
1782540000000,71.81,72.33,71.62,72.13,63569.363
1782543600000,72.13,72.35,72.01,72.31,55692.988
1782547200000,72.31,72.33,71.88,72.03,54585.252
1782550800000,72.03,72.11,71.72,71.86,42418.365
1782554400000,71.85,72.05,71.83,72.04,32281.48
1782558000000,72.04,72.09,71.53,71.81,55641.773
1782561600000,71.81,72.18,71.64,72.17,101149.805
1782565200000,72.17,72.61,72.13,72.36,85200.466
1782568800000,72.36,72.9,72.21,72.7,75932.262
1782572400000,72.71,73.19,72.62,72.84,96009.048
1782576000000,72.83,73.01,72.63,72.64,61295.872
1782579600000,72.64,72.65,71.9,72.06,135186.819
1782583200000,72.05,72.18,71.76,71.92,58373.363
1782586800000,71.92,72.01,70.94,71.11,141823.113
1782590400000,71.11,71.35,71.09,71.3,35153.436
1782594000000,71.31,71.63,70.81,70.98,101719.468
1782597600000,70.98,71.1,70.25,71.09,96202.616
1782601200000,71.09,71.16,70.42,70.5,63763.257
1782604800000,70.49,70.82,70.45,70.72,54279.501
1782608400000,70.72,70.93,70.44,70.83,37991.598
1782612000000,70.84,71.01,70.49,70.73,36480.141
1782615600000,70.72,70.98,70.72,70.87,40983.643
1782619200000,70.86,70.99,70.55,70.77,36424.954
1782622800000,70.77,70.77,70.14,70.52,99472.695
1782626400000,70.52,70.56,70.17,70.45,53833.992
1782630000000,70.45,71.09,70.44,71.08,55602.276
1782633600000,71.08,72.2,71.06,71.91,139131.441
1782637200000,71.91,72.05,71.45,71.54,71324.871
1782640800000,71.53,71.6,71.11,71.48,52654.536
1782644400000,71.48,72.03,71.41,71.92,74703.348
1782648000000,71.92,72.41,71.65,71.88,75592.064
1782651600000,71.87,72.1,71.33,71.74,59366.621
1782655200000,71.74,72.2,71.65,71.65,44268.526
1782658800000,71.66,72.12,71.45,72.09,67077.307
1782662400000,72.09,72.13,71.16,71.56,106698.406
1782666000000,71.56,71.98,70.97,71.55,67678.315
1782669600000,71.55,71.73,71.0,71.18,47572.662
1782673200000,71.18,71.32,70.25,70.74,72184.536
1782676800000,70.73,71.29,70.66,70.92,63919.142
1782680400000,70.92,71.07,70.26,70.46,63791.154
1782684000000,70.47,71.53,69.74,70.24,172709.212
1782687600000,70.23,71.82,70.14,71.38,115533.977
1782691200000,71.39,71.7,70.35,71.66,139706.996
1782694800000,71.66,71.7,70.95,71.49,90570.163
1782698400000,71.49,72.21,70.51,72.18,137598.885
1782702000000,72.19,73.33,72.18,72.68,185308.6
1782705600000,72.68,72.69,71.64,71.68,78551.207
1782709200000,71.69,72.35,71.03,72.32,108925.65
1782712800000,72.33,73.12,72.21,72.39,114185.101
1782716400000,72.39,72.93,72.08,72.72,66082.435
1782720000000,72.72,73.02,72.39,72.73,109603.194
1782723600000,72.72,73.17,72.61,72.94,78271.603
1782727200000,72.94,73.68,72.94,73.25,122356.997
1782730800000,73.25,73.28,72.25,72.52,133647.211
1782734400000,72.53,74.55,72.12,73.52,458704.032
1782738000000,73.52,74.35,72.72,73.74,392557.495
1782741600000,73.74,74.01,72.32,73.73,289453.192
1782745200000,73.74,74.43,72.79,73.92,225421.602
1782748800000,73.92,74.16,72.89,74.03,155885.544
1782752400000,74.02,76.49,74.0,75.31,446422.303
1782756000000,75.31,75.84,75.14,75.59,90882.628
1782759600000,75.6,76.22,75.41,75.98,129946.07
1782763200000,75.98,76.0,75.27,75.37,71069.533
1782766800000,75.38,75.8,75.23,75.53,88468.806
1782770400000,75.52,75.66,75.05,75.27,64064.357
1782774000000,75.28,75.44,74.89,75.16,84038.496
1782777600000,75.17,75.24,74.19,74.42,122255.061
1782781200000,74.43,74.67,74.05,74.41,94891.258
1782784800000,74.41,74.84,74.04,74.59,53074.697
1782788400000,74.6,74.89,74.14,74.19,56471.727
1782792000000,74.19,74.25,73.69,74.02,106409.917
1782795600000,74.03,74.23,73.85,74.23,50261.917
1782799200000,74.23,74.26,73.91,74.17,51848.771
1782802800000,74.17,74.25,73.86,74.16,56997.356
1782806400000,74.16,75.8,73.3,73.64,222120.819
1782810000000,73.63,73.88,73.55,73.8,97800.748
1782813600000,73.8,73.9,73.48,73.69,57815.212
1782817200000,73.69,73.78,73.34,73.4,74952.033
1782820800000,73.41,73.42,72.06,72.08,137868.486
1782824400000,72.08,72.94,71.9,72.88,459618.178
1782828000000,72.87,73.91,72.74,72.95,166319.159
1782831600000,72.96,74.1,72.6,73.13,196377.65
1782835200000,73.14,73.72,72.73,73.52,141863.663
1782838800000,73.52,73.93,73.16,73.18,92560.848
1782842400000,73.17,73.8,72.95,73.6,92931.644
1782846000000,73.6,73.97,73.35,73.75,78681.44
1782849600000,73.74,73.94,73.53,73.69,108021.974
1782853200000,73.69,73.8,73.19,73.49,64472.548
1782856800000,73.5,73.75,73.27,73.43,49634.252
1782860400000,73.44,73.71,73.32,73.67,35534.745
1782864000000,73.67,73.88,73.36,73.65,84635.394
1782867600000,73.65,74.36,72.25,73.95,178813.083
1782871200000,73.95,75.03,73.79,74.78,131997.894
1782874800000,74.78,75.69,74.35,75.48,211277.217
1782878400000,75.48,75.87,75.25,75.57,129662.044
1782882000000,75.56,75.79,75.14,75.25,77826.114
1782885600000,75.24,75.28,73.96,74.31,137912.853
1782889200000,74.32,74.96,74.1,74.87,117148.126
1782892800000,74.87,75.52,74.46,75.44,111391.919
1782896400000,75.44,75.58,75.05,75.45,166959.048
1782900000000,75.46,75.57,74.97,74.99,78051.014
1782903600000,74.99,75.32,74.64,74.84,137050.264
1782907200000,74.84,74.96,74.27,74.62,148280.336
1782910800000,74.61,76.34,74.61,76.04,314220.09
1782914400000,76.04,77.27,75.64,76.97,381964.185
1782918000000,76.97,77.8,76.82,77.43,207929.078
1782921600000,77.43,78.25,76.91,77.17,227425.268
1782925200000,77.17,77.98,76.85,77.77,109490.594
1782928800000,77.77,77.91,77.29,77.42,88106.478
1782932400000,77.42,77.69,76.8,77.0,78208.059
1782936000000,77.01,77.51,76.59,77.42,91107.046
1782939600000,77.43,78.7,77.43,78.42,143842.981
1782943200000,78.41,78.96,77.77,77.87,152885.592
1782946800000,77.86,77.9,77.26,77.46,107140.619
1782950400000,77.46,77.46,76.9,77.26,99982.113
1782954000000,77.27,78.71,77.23,78.2,88273.789
1782957600000,78.2,78.6,77.8,78.44,63065.311
1782961200000,78.44,78.96,77.76,78.72,189947.763
1782964800000,78.71,78.72,78.06,78.29,74617.907
1782968400000,78.28,78.36,77.79,78.11,51191.285
1782972000000,78.11,78.64,77.74,77.9,89241.45
1782975600000,77.91,78.2,77.59,77.99,78501.177
1782979200000,78.0,78.52,77.94,78.48,81362.815
1782982800000,78.48,79.8,78.29,79.5,280892.53
1782986400000,79.49,82.18,79.43,82.09,546659.945
1782990000000,82.09,82.78,81.51,82.38,451490.056
1782993600000,82.37,82.45,81.12,81.41,342925.02
1782997200000,81.4,81.99,80.72,81.51,271405.637
1783000800000,81.5,81.53,80.12,80.54,225131.868
1783004400000,80.54,80.92,80.09,80.86,106735.751
1783008000000,80.87,81.11,80.15,80.56,130433.907
1783011600000,80.55,81.24,80.51,80.63,181782.198
1783015200000,80.64,81.26,80.64,81.04,75834.33
1783018800000,81.04,81.32,80.8,80.83,72905.776
1783022400000,80.84,81.11,80.58,81.03,71255.418
1783026000000,81.03,81.17,80.5,80.8,39918.899
1783029600000,80.79,80.89,80.41,80.66,89672.337
1783033200000,80.66,80.78,80.5,80.73,37276.528
1783036800000,80.72,80.92,80.52,80.75,62314.824
1783040400000,80.74,81.69,80.71,81.48,80882.381
1783044000000,81.49,81.68,80.66,80.82,57374.163
1783047600000,80.81,80.98,80.34,80.73,62469.671
1783051200000,80.72,80.81,80.44,80.51,54434.024
1783054800000,80.5,81.26,80.47,81.15,46309.42
1783058400000,81.16,81.39,80.73,80.96,88714.081
1783062000000,80.97,81.51,80.83,81.22,55121.274
1783065600000,81.23,81.53,80.84,80.92,80455.146
1783069200000,80.91,81.3,80.67,81.02,70838.601
1783072800000,81.02,81.88,80.87,81.54,121888.584
1783076400000,81.55,81.71,81.25,81.58,76519.84
1783080000000,81.57,81.78,81.23,81.53,81760.055
1783083600000,81.54,81.85,81.43,81.61,70317.395
1783087200000,81.61,81.84,80.91,81.69,77681.258
1783090800000,81.69,82.06,81.15,81.21,90757.545
1783094400000,81.21,81.57,81.08,81.54,45739.966
1783098000000,81.54,81.98,81.47,81.78,58286.517
1783101600000,81.79,82.37,81.63,82.12,78448.819
1783105200000,82.12,83.22,82.08,82.48,161096.194
1783108800000,82.47,83.0,82.24,82.72,106115.341
1783112400000,82.72,83.05,82.16,82.66,61940.77
1783116000000,82.67,82.68,82.25,82.34,39911.665
1783119600000,82.35,82.51,82.18,82.34,39839.849
1783123200000,82.35,82.74,82.26,82.39,58520.845
1783126800000,82.39,82.39,81.8,81.95,69235.892
1783130400000,81.94,82.4,81.9,82.18,32896.719
1783134000000,82.18,82.85,82.05,82.74,153657.827
1783137600000,82.74,83.98,82.66,83.48,162634.455
1783141200000,83.47,83.49,82.9,83.38,83305.775
1783144800000,83.38,83.59,82.39,82.55,226691.074
1783148400000,82.55,82.83,82.26,82.72,68091.524
1783152000000,82.72,82.78,82.25,82.32,69486.769
1783155600000,82.31,82.34,81.61,81.74,88799.724
1783159200000,81.74,81.94,81.42,81.65,62870.639
1783162800000,81.64,81.93,81.53,81.82,71552.892
1783166400000,81.82,82.0,81.36,81.59,67204.927
1783170000000,81.59,81.92,81.39,81.66,45424.281
1783173600000,81.65,81.87,81.55,81.8,45005.885
1783177200000,81.8,82.42,81.72,82.23,96810.217
1783180800000,82.24,82.39,82.0,82.22,52344.217
1783184400000,82.21,82.83,81.9,82.52,95043.363
1783188000000,82.53,82.62,82.1,82.27,50845.9
1783191600000,82.27,82.34,81.71,81.88,61567.928
1783195200000,81.88,82.29,81.58,81.98,63181.482
1783198800000,81.99,82.23,81.85,82.0,29808.968
1783202400000,81.99,82.04,81.79,81.94,18657.325
1783206000000,81.93,81.94,81.45,81.8,80151.834
1783209600000,81.8,81.84,81.12,81.3,69479.951
1783213200000,81.31,81.46,80.54,80.84,134936.558
1783216800000,80.85,80.89,80.2,80.36,84342.82
1783220400000,80.37,80.61,80.35,80.56,41507.314
1783224000000,80.56,80.87,80.41,80.6,42993.241
1783227600000,80.59,80.59,80.24,80.48,33560.915
1783231200000,80.48,80.67,80.34,80.6,30317.292
1783234800000,80.6,80.77,80.37,80.72,34536.572
1783238400000,80.72,80.87,80.46,80.5,44572.817
1783242000000,80.5,80.55,79.68,79.9,95986.941
1783245600000,79.9,80.45,79.75,80.44,61161.69
1783249200000,80.44,80.66,80.36,80.57,42339.197
1783252800000,80.57,81.32,80.37,80.76,91543.402
1783256400000,80.76,81.25,80.69,81.25,56120.094
1783260000000,81.25,81.6,81.03,81.46,58191.791
1783263600000,81.45,81.75,81.12,81.36,43155.888
1783267200000,81.36,81.54,80.91,81.1,53830.87
1783270800000,81.09,81.38,81.01,81.14,33068.052
1783274400000,81.14,81.27,81.0,81.01,19898.958
1783278000000,81.01,81.13,80.81,81.04,43057.027
1783281600000,81.04,81.18,80.96,81.07,19029.154
1783285200000,81.08,82.22,80.79,81.8,79328.09
1783288800000,81.8,82.43,81.65,81.82,129910.541
1783292400000,81.82,82.08,81.44,81.59,62612.964
1783296000000,81.59,82.24,81.11,82.2,76464.004
1783299600000,82.2,82.33,81.48,81.55,57155.669
1783303200000,81.54,81.68,80.82,81.01,108512.702
1783306800000,81.01,81.05,80.45,80.8,63018.985
1783310400000,80.8,81.02,80.7,80.82,62372.524
1783314000000,80.81,80.82,80.15,80.42,53010.581
1783317600000,80.42,80.53,80.26,80.35,37071.64
1783321200000,80.36,81.02,80.27,80.82,70798.673
1783324800000,80.83,81.08,80.3,80.49,49045.977
1783328400000,80.49,80.5,80.06,80.08,49014.904
1783332000000,80.07,80.71,80.06,80.67,66359.703
1783335600000,80.66,81.0,80.38,80.39,57350.223
1783339200000,80.39,80.64,79.27,79.46,252460.46
1783342800000,79.46,80.91,79.23,80.16,199929.197
1783346400000,80.17,80.79,79.86,80.29,113912.291
1783350000000,80.3,81.54,80.29,81.5,158256.059
1783353600000,81.5,82.4,81.29,82.1,225823.934
1783357200000,82.1,82.19,81.45,81.65,81411.15
1783360800000,81.64,82.3,81.31,81.99,149312.058
1783364400000,81.99,82.18,81.81,82.07,69461.116
1783368000000,82.08,82.25,81.68,82.1,42002.289
1783371600000,82.1,83.74,82.06,82.82,229534.245
1783375200000,82.83,82.88,82.25,82.32,69758.17
1783378800000,82.33,82.43,81.91,81.94,51571.086
1783382400000,81.94,82.5,81.82,82.36,86146.145
1783386000000,82.36,82.37,81.81,81.9,48516.335
1783389600000,81.9,81.99,81.29,81.35,46660.553
1783393200000,81.36,81.48,80.97,81.05,56727.778
1783396800000,81.05,81.1,80.65,80.92,57179.65
1783400400000,80.91,81.22,80.46,81.11,76897.667
1783404000000,81.11,81.64,80.81,81.54,66490.696
1783407600000,81.55,81.76,81.35,81.5,70326.792
1783411200000,81.51,81.6,81.21,81.28,115628.842
1783414800000,81.28,81.49,81.14,81.31,61966.225
1783418400000,81.31,81.59,80.93,80.99,77915.607
1783422000000,80.99,81.4,80.76,81.32,55060.772
1783425600000,81.32,82.0,81.3,81.45,109334.517
1783429200000,81.45,81.62,80.66,80.84,124183.564
1783432800000,80.85,81.92,80.51,81.81,131754.052
1783436400000,81.81,82.36,81.5,82.11,124871.508
1783440000000,82.11,82.57,81.82,82.22,81896.252
1783443600000,82.21,82.79,82.09,82.72,60810.991
1783447200000,82.73,82.73,81.24,81.3,68631.646
1783450800000,81.3,81.56,80.78,81.37,101089.133
1783454400000,81.38,81.49,81.01,81.17,37655.91
1783458000000,81.17,81.42,80.57,80.84,77130.445
1783461600000,80.83,81.1,80.34,80.88,71034.461
1783465200000,80.87,81.15,80.51,80.58,51079.976
1783468800000,80.58,80.78,80.35,80.37,92383.664
1783472400000,80.37,80.42,78.82,79.1,168955.668
1783476000000,79.09,79.18,78.22,79.06,145442.63
1783479600000,79.07,79.34,78.62,78.73,65768.243
1783483200000,78.73,78.93,78.35,78.64,47502.726
1783486800000,78.65,78.82,78.35,78.42,75950.028
1783490400000,78.43,78.46,77.95,78.23,105746.595
1783494000000,78.23,78.34,77.8,78.28,174640.783
1783497600000,78.29,78.43,76.9,77.25,201507.595
1783501200000,77.26,77.49,77.01,77.19,78732.565
1783504800000,77.19,77.5,76.94,77.33,66068.265
1783508400000,77.33,77.71,77.08,77.56,75575.294
1783512000000,77.56,77.66,77.02,77.03,67212.054
1783515600000,77.03,77.47,76.64,77.31,196699.757
1783519200000,77.3,77.42,76.71,77.11,113392.189
1783522800000,77.11,77.15,76.29,76.75,104437.484
1783526400000,76.76,77.36,76.76,77.29,75682.973
1783530000000,77.29,77.68,77.04,77.13,77173.095
1783533600000,77.13,77.36,76.82,77.14,40185.337
1783537200000,77.15,77.49,76.95,77.42,49770.505
1783540800000,77.42,77.57,77.05,77.17,37142.429
1783544400000,77.18,77.35,76.93,77.26,30357.617
1783548000000,77.26,77.59,77.18,77.55,43417.443
1783551600000,77.54,77.95,77.43,77.83,37658.421
1783555200000,77.83,77.9,77.52,77.71,53552.598
1783558800000,77.72,78.78,77.25,77.35,116679.781
1783562400000,77.35,77.84,76.98,77.07,64513.214
1783566000000,77.06,77.41,76.71,77.38,53488.682
1783569600000,77.39,78.04,77.22,77.99,49556.853
1783573200000,77.98,78.4,77.74,78.4,77144.521
1783576800000,78.4,78.62,78.11,78.49,68073.739
1783580400000,78.5,78.83,78.14,78.21,90359.847
1783584000000,78.22,78.41,77.96,78.11,56128.508
1783587600000,78.11,78.18,77.86,78.14,44117.537
1783591200000,78.13,78.22,77.52,77.68,83102.414
1783594800000,77.69,77.78,77.32,77.61,50326.61
1783598400000,77.61,78.21,77.41,77.64,153550.337
1783602000000,77.64,78.49,77.35,78.22,87817.541
1783605600000,78.22,78.35,77.58,77.88,63101.347
1783609200000,77.88,78.2,77.51,77.63,54848.792
1783612800000,77.63,77.81,77.26,77.69,53100.1
1783616400000,77.69,78.16,77.63,78.06,51133.226
1783620000000,78.06,78.43,78.0,78.19,51711.54
1783623600000,78.2,78.32,77.91,78.15,29760.19
1783627200000,78.16,78.32,77.98,78.15,24332.185
1783630800000,78.16,78.29,77.9,78.04,28433.061
1783634400000,78.05,78.29,77.99,78.11,25710.488
1783638000000,78.11,78.21,77.74,78.04,27894.723
1783641600000,78.05,78.16,77.79,78.12,40025.564
1783645200000,78.12,79.45,77.94,79.05,103044.321
1783648800000,79.06,79.16,78.83,79.05,60267.898
1783652400000,79.05,79.13,78.73,79.07,89571.36
1783656000000,79.07,79.11,78.84,78.97,35451.251
1783659600000,78.97,79.37,78.87,79.18,105417.132
1783663200000,79.18,79.24,78.86,78.92,38219.563
1783666800000,78.92,79.08,78.75,78.87,39607.521
1783670400000,78.87,79.42,78.81,79.2,89265.764
1783674000000,79.19,79.38,78.95,79.22,69921.117
1783677600000,79.23,79.68,79.15,79.39,65102.536
1783681200000,79.4,79.52,79.18,79.36,45431.976
1783684800000,79.37,79.56,78.9,78.92,65434.658
1783688400000,78.92,79.35,78.77,78.99,83014.2
1783692000000,78.98,78.98,77.07,77.91,417405.181
1783695600000,77.9,78.36,77.78,78.14,82710.136
1783699200000,78.15,78.26,77.66,78.14,61178.963
1783702800000,78.14,78.17,77.58,77.59,81808.236
1783706400000,77.58,77.91,77.33,77.53,70765.371
1783710000000,77.52,78.05,77.45,77.89,43414.329
1783713600000,77.9,77.99,77.71,77.76,34881.234
1783717200000,77.75,78.11,77.73,78.0,31525.613
1783720800000,78.0,78.25,77.94,78.17,62504.207
1783724400000,78.17,78.18,77.93,78.13,37763.944
1783728000000,78.14,78.14,77.79,77.85,42959.285
1783731600000,77.85,78.07,77.47,77.54,57564.122
1783735200000,77.54,77.83,77.49,77.78,52804.732
1783738800000,77.78,77.88,77.6,77.79,35187.024
1783742400000,77.8,77.86,77.65,77.74,28642.927
1783746000000,77.74,77.98,77.6,77.9,36626.906
1783749600000,77.91,78.12,77.79,78.06,46872.82
1783753200000,78.07,78.11,77.93,78.0,45980.877
1783756800000,77.99,78.18,77.95,78.17,26548.007
1783760400000,78.16,78.34,77.83,77.84,39556.469
1783764000000,77.84,78.11,77.75,78.05,51207.442
1783767600000,78.05,78.15,77.99,78.13,25814.219
1783771200000,78.13,78.21,77.95,78.08,25724.666
1783774800000,78.09,78.45,78.03,78.18,32274.229
1783778400000,78.17,78.74,78.17,78.5,43928.048
1783782000000,78.5,78.88,77.97,78.38,107261.415
1783785600000,78.39,78.4,77.63,77.94,289995.388
1783789200000,77.93,78.19,77.82,78.09,47887.016
1783792800000,78.08,78.31,78.0,78.08,45323.202
1783796400000,78.08,78.15,77.88,78.15,40047.642
1783800000000,78.15,78.28,78.11,78.17,18030.692
1783803600000,78.17,78.32,78.13,78.23,33181.683
1783807200000,78.23,78.27,77.75,77.89,42089.598
1783810800000,77.89,77.93,76.77,76.79,125960.058
1783814400000,76.79,76.88,75.65,76.11,140521.188
1783818000000,76.1,76.88,76.04,76.84,68315.62
1783821600000,76.83,76.92,76.63,76.86,37965.738
1783825200000,76.86,77.09,76.75,77.04,67755.803
1783828800000,77.05,77.08,76.61,76.71,36569.952
1783832400000,76.71,76.83,76.38,76.44,32721.92
1783836000000,76.44,76.44,75.85,76.37,55318.341
1783839600000,76.37,76.71,76.31,76.51,36837.449
1783843200000,76.52,76.83,76.47,76.7,35106.013
1783846800000,76.71,76.91,76.39,76.75,38331.348
1783850400000,76.76,76.85,76.66,76.71,17467.216
1783854000000,76.72,77.28,76.53,76.95,40113.964
1783857600000,76.94,77.24,76.78,77.19,56862.275
1783861200000,77.19,77.49,77.13,77.15,46390.15
1783864800000,77.16,77.71,76.97,77.55,60382.375
1783868400000,77.55,77.62,77.28,77.46,56923.489
1783872000000,77.47,77.67,77.38,77.54,49559.074
1783875600000,77.55,77.61,77.23,77.35,19306.605
1783879200000,77.35,77.65,77.24,77.57,28119.636
1783882800000,77.58,77.78,77.44,77.68,18703.973
1783886400000,77.67,77.71,77.44,77.46,13127.961
1783890000000,77.46,77.7,76.97,77.1,44216.036
1783893600000,77.1,77.1,76.46,76.77,72297.142
1783897200000,76.77,76.95,76.65,76.92,34101.692
1783900800000,76.92,78.2,76.82,77.52,150612.79
1783904400000,77.52,77.66,76.29,76.32,92200.466
1783908000000,76.32,76.67,76.13,76.48,59194.652
1783911600000,76.48,76.5,75.43,75.86,108422.124
1783915200000,75.87,76.17,75.72,75.92,75432.494
1783918800000,75.93,76.47,75.74,76.4,88725.331
1783922400000,76.4,76.59,76.28,76.34,49233.863
1783926000000,76.34,76.69,76.23,76.44,50502.849
1783929600000,76.45,76.9,76.36,76.73,41703.128
1783933200000,76.74,76.75,76.6,76.62,22876.296
1783936800000,76.63,76.63,76.1,76.29,49372.317
1783940400000,76.29,76.59,76.28,76.34,50822.908
1783944000000,76.35,76.41,75.74,75.85,66390.115
1783947600000,75.85,75.95,75.11,75.4,95621.728
1783951200000,75.4,76.18,75.34,76.16,103230.011
1783954800000,76.16,76.31,75.75,75.81,53539.797
1783958400000,75.82,76.04,75.2,75.3,43155.532
1783962000000,75.3,75.47,74.52,74.59,102893.883
1783965600000,74.6,75.04,74.57,74.86,49735.288
1783969200000,74.87,75.25,74.75,75.2,47155.212
1783972800000,75.19,75.35,74.59,74.8,49368.803
1783976400000,74.81,74.81,74.1,74.42,69663.118
1783980000000,74.41,74.75,74.4,74.52,39885.173
1783983600000,74.52,75.02,74.41,75.01,38910.484
1783987200000,75.02,75.49,74.83,75.45,72029.001
1783990800000,75.45,75.56,75.22,75.3,41260.909
1783994400000,75.31,75.33,74.87,75.08,37800.252
1783998000000,75.08,75.17,74.56,75.15,32083.39
1784001600000,75.15,75.34,75.04,75.15,33710.009
1784005200000,75.16,75.48,75.1,75.42,31768.125
1784008800000,75.41,75.44,75.1,75.16,53315.765
1784012400000,75.16,75.26,74.91,74.97,40095.745
1784016000000,74.98,75.39,74.85,75.16,33657.531
1784019600000,75.16,75.31,74.88,75.08,30784.634
1784023200000,75.08,75.6,74.96,75.47,51927.463
1784026800000,75.48,75.62,75.34,75.4,71205.362
1784030400000,75.4,76.98,75.19,76.86,291221.758
1784034000000,76.86,77.73,76.5,76.94,254275.169
1784037600000,76.94,77.5,76.68,77.35,125652.705
1784041200000,77.35,77.95,77.18,77.38,163057.896
1784044800000,77.39,77.65,77.12,77.28,63318.691
1784048400000,77.29,77.3,76.81,77.18,60735.238
1784052000000,77.18,77.34,77.0,77.29,43864.276
1784055600000,77.3,77.53,77.11,77.17,50931.222
1784059200000,77.18,77.22,76.93,77.18,35902.246
1784062800000,77.18,77.41,77.13,77.21,39432.504
1784066400000,77.22,77.95,77.1,77.62,89696.171
1784070000000,77.63,77.92,77.55,77.87,50253.54
1784073600000,77.87,77.92,77.47,77.66,47671.994
1784077200000,77.67,77.82,77.28,77.44,61605.767
1784080800000,77.43,77.59,77.03,77.29,74804.377
1784084400000,77.3,77.9,77.23,77.78,47465.878
1784088000000,77.78,78.18,77.54,78.02,55833.135
1784091600000,78.02,78.33,77.65,78.26,75424.953
1784095200000,78.26,78.7,77.94,77.94,167363.776
1784098800000,77.95,78.01,77.4,77.42,54867.198
1784102400000,77.42,77.62,77.23,77.58,62008.649
1784106000000,77.57,77.91,77.43,77.49,38046.609
1784109600000,77.49,77.71,77.23,77.37,49120.592
1784113200000,77.37,77.53,77.34,77.52,37779.813
1784116800000,77.53,78.31,77.26,78.28,125652.339
1784120400000,78.28,79.04,77.71,78.11,253391.641
1784124000000,78.11,78.39,77.78,78.22,98123.199
1784127600000,78.22,78.25,77.76,78.07,100345.689
1784131200000,78.06,78.12,77.07,77.63,115744.444
1784134800000,77.63,78.05,77.5,77.82,63500.613
1784138400000,77.82,78.09,77.51,77.58,47315.924
1784142000000,77.59,77.69,76.94,77.18,82691.575
1784145600000,77.18,77.54,77.1,77.38,30726.918
1784149200000,77.38,77.52,77.24,77.41,32917.941
1784152800000,77.41,77.74,77.3,77.48,36814.471
1784156400000,77.48,77.61,77.21,77.29,30174.093
1784160000000,77.28,77.48,76.7,76.95,65093.466
1784163600000,76.94,77.15,76.7,77.09,64948.074
1784167200000,77.09,77.15,76.86,77.13,28369.744
1784170800000,77.13,77.28,76.81,76.95,53232.303
1784174400000,76.95,77.02,76.59,76.81,56859.375
1784178000000,76.82,77.52,76.74,77.48,66397.321
1784181600000,77.49,77.64,77.12,77.35,54368.906
1784185200000,77.35,77.35,76.14,76.41,156919.38
1784188800000,76.42,76.48,75.64,76.16,169472.804
1784192400000,76.16,76.26,75.99,76.02,55355.618
1784196000000,76.03,76.35,76.01,76.21,26069.46
1784199600000,76.21,76.29,76.04,76.28,43120.896
1784203200000,76.27,76.29,75.69,75.93,82239.063
1784206800000,75.92,76.63,75.91,76.36,86343.708
1784210400000,76.36,76.8,76.19,76.49,66142.586
1784214000000,76.5,76.86,76.0,76.63,63718.354
1784217600000,76.63,76.63,76.1,76.27,41365.783
1784221200000,76.27,76.27,75.39,75.61,90894.288
1784224800000,75.62,75.92,75.43,75.74,61014.12
1784228400000,75.73,75.94,75.62,75.81,40538.518
1784232000000,75.8,75.9,75.7,75.8,19713.701
1784235600000,75.79,76.08,75.77,75.94,24126.565
1784239200000,75.95,76.04,75.24,75.32,38814.838
1784242800000,75.32,75.42,75.01,75.32,70335.807
1784246400000,75.33,75.56,74.92,75.55,61959.453
1784250000000,75.56,75.75,74.98,75.1,53980.094
1784253600000,75.09,75.28,74.75,75.0,60917.52
1784257200000,75.0,75.45,74.99,75.23,28547.11
1784260800000,75.23,75.34,74.75,75.24,57934.7
1784264400000,75.23,75.23,74.29,74.4,76026.5
1784268000000,74.39,74.77,74.31,74.6,48343.231
1784271600000,74.6,74.76,74.42,74.61,53882.316
1784275200000,74.62,74.69,74.2,74.53,57543.24
1784278800000,74.53,74.82,74.47,74.65,28292.697
1784282400000,74.66,74.88,74.63,74.8,38575.961
1784286000000,74.8,75.0,74.64,74.86,41451.534
1784289600000,74.86,74.88,74.37,74.4,48894.815
1784293200000,74.4,74.4,73.39,74.33,211034.554
1784296800000,74.34,74.81,74.09,74.32,112199.427
1784300400000,74.32,74.78,73.8,74.77,79182.482
1784304000000,74.78,75.12,74.61,74.94,68877.711
1784307600000,74.95,75.6,74.95,75.24,62078.659
1784311200000,75.24,75.41,74.98,75.32,34049.599
1784314800000,75.32,75.37,74.86,75.2,38983.106
1784318400000,75.2,75.21,74.89,75.11,32625.442
1784322000000,75.11,75.24,74.96,75.01,26405.716
1784325600000,75.01,75.13,74.84,75.02,19069.92
1784329200000,75.03,75.14,74.85,75.04,20637.288
1784332800000,75.04,75.27,74.99,75.09,20031.214
1784336400000,75.1,75.24,75.04,75.23,21660.396
1784340000000,75.23,75.45,75.15,75.21,27213.666
1784343600000,75.21,75.38,75.14,75.38,17634.659
1784347200000,75.37,75.39,75.05,75.1,18664.413
1784350800000,75.11,75.12,74.87,74.92,26531.736
1784354400000,74.93,75.09,74.92,74.98,14717.253
1784358000000,74.98,75.05,74.9,74.97,25960.219
1784361600000,74.97,75.04,74.79,74.96,25244.004
1784365200000,74.96,75.01,74.66,74.85,27390.79
1784368800000,74.84,74.95,74.8,74.91,18490.987
1784372400000,74.91,75.02,74.89,74.97,15168.533
1784376000000,74.96,75.19,74.72,75.01,28522.925
1784379600000,75.0,75.01,74.5,74.73,47164.348
1784383200000,74.73,75.01,74.65,74.98,24448.016
1784386800000,74.99,75.04,74.81,74.97,19994.63
1784390400000,74.96,75.29,74.84,75.17,50772.559
1784394000000,75.17,75.41,75.06,75.35,51531.416
1784397600000,75.36,75.67,75.18,75.29,60282.568
1784401200000,75.28,75.45,75.23,75.44,15936.112
1784404800000,75.45,75.58,75.34,75.47,21091.681
1784408400000,75.47,75.64,75.35,75.49,26048.578
1784412000000,75.48,75.61,75.39,75.57,30048.334
1784415600000,75.57,75.6,75.4,75.52,16462.658
1784419200000,75.53,75.68,75.45,75.63,27362.288
1784422800000,75.64,75.74,75.51,75.68,78324.542
1784426400000,75.68,76.57,75.67,76.21,114697.438
1784430000000,76.2,76.45,75.81,75.96,43953.325
1784433600000,75.95,76.08,75.74,76.0,29404.94
1784437200000,76.01,76.1,75.9,75.97,21801.019
1784440800000,75.98,76.1,75.95,76.08,16695.013
