timestamp,strategy_nav,buy_hold_nav,cash_nav
2026-07-22T11:19:59.533818+00:00,9990.00999000999,9990.00999000999,10000.0
2026-07-22T11:20:05.087798+00:00,9992.229239572214,9992.229239572214,10000.0
2026-07-22T11:21:09.806318+00:00,10000.87743125931,10000.87743125931,10000.0
2026-07-22T11:22:15.460069+00:00,10004.439404309334,10004.439404309334,10000.0
2026-07-22T11:23:20.790109+00:00,10006.628775371371,10006.628775371371,10000.0
2026-07-22T11:24:25.894099+00:00,10007.567246767334,10007.567246767334,10000.0
2026-07-22T11:25:30.808187+00:00,10007.572957828837,10007.572957828837,10000.0
2026-07-22T11:26:36.993316+00:00,10004.997090636145,10004.997090636145,10000.0
2026-07-22T11:27:41.837602+00:00,10000.837456528392,10000.837456528392,10000.0
2026-07-22T11:28:46.827437+00:00,9997.641393475831,9997.641393475831,10000.0
2026-07-22T11:29:52.308048+00:00,9999.272309581338,9999.272309581338,10000.0
2026-07-22T11:30:57.748543+00:00,9996.062909233931,9996.067420063424,10000.0
2026-07-22T11:32:02.688002+00:00,9999.204918204192,9999.2088494087,10000.0
2026-07-22T11:33:07.946881+00:00,10000.969262144976,10000.97342947037,10000.0
2026-07-22T11:34:11.966147+00:00,10002.240229008567,10002.244024642356,10000.0
2026-07-22T11:35:16.363762+00:00,9999.902162608749,9999.905497036405,10000.0
2026-07-22T11:36:21.421072+00:00,9999.151757548252,9999.155595060396,10000.0
2026-07-22T11:37:26.450344+00:00,9996.927593310054,9996.930136718325,10000.0
2026-07-22T11:38:30.599674+00:00,9993.234427142243,9993.237882006084,10000.0
2026-07-22T11:39:34.673643+00:00,9994.738468516569,9994.741127311278,10000.0
2026-07-22T11:40:39.363622+00:00,9990.594931110934,9990.597648860767,10000.0
2026-07-22T11:41:44.197393+00:00,9985.704871947763,9985.714384083736,10000.0
2026-07-22T11:42:50.269747+00:00,9976.912247000708,9976.920740424457,10000.0
2026-07-22T11:43:54.589559+00:00,9977.784855586693,9977.79249183635,10000.0
2026-07-22T11:44:59.722841+00:00,9977.592299086502,9977.59949350173,10000.0
2026-07-22T11:46:05.213135+00:00,9978.42305752588,9978.429911431067,10000.0
2026-07-22T11:47:10.111149+00:00,9982.887864499568,9982.895210578306,10000.0
2026-07-22T11:48:14.956730+00:00,9991.744323390121,9991.751640883229,10000.0
2026-07-22T11:49:19.299326+00:00,9993.018596028563,9993.023873092741,10000.0
2026-07-22T11:50:23.608313+00:00,9989.10295337533,9989.109076514902,10000.0
2026-07-22T11:51:29.604181+00:00,9992.821313955188,9992.82605873687,10000.0
2026-07-22T11:52:34.961608+00:00,9989.672610880576,9989.67848045574,10000.0
2026-07-22T11:53:39.213745+00:00,9990.640413377689,9990.646314134414,10000.0
2026-07-22T11:54:46.512206+00:00,9991.484572132033,9991.490257296393,10000.0
2026-07-22T11:55:51.095074+00:00,9991.74486475879,9991.750203745047,10000.0
2026-07-22T11:56:55.727963+00:00,9989.272105912818,9989.278559148552,10000.0
2026-07-22T11:57:59.946654+00:00,9991.752970377536,9991.75758779139,10000.0
2026-07-22T11:59:04.145972+00:00,9991.015686306911,9991.018458897326,10000.0
2026-07-22T12:00:08.827317+00:00,9991.458225143333,9991.459380400305,10000.0
2026-07-22T12:01:13.372257+00:00,9989.441965220913,9989.439332736152,10000.0
2026-07-22T12:02:18.248573+00:00,9986.088925165892,9986.090100238736,10000.0
2026-07-22T12:03:22.734710+00:00,9982.852610479591,9982.860155350947,10000.0
2026-07-22T12:04:27.666911+00:00,9979.170671179609,9979.178437881787,10000.0
2026-07-22T12:05:32.087540+00:00,9978.229225941199,9978.237261456266,10000.0
2026-07-22T12:06:36.243267+00:00,9977.662464460234,9977.670927467581,10000.0
2026-07-22T12:07:40.729402+00:00,9974.685958385673,9974.694556867507,10000.0
2026-07-22T12:08:46.032019+00:00,9970.416154698734,9970.425402343697,10000.0
2026-07-22T12:09:50.305866+00:00,9972.224934955277,9972.234241077425,10000.0
2026-07-22T12:10:54.800544+00:00,9973.772592461506,9973.781625239404,10000.0
2026-07-22T12:11:58.868474+00:00,9974.609820892245,9974.619332618768,10000.0
2026-07-22T12:13:03.372659+00:00,9974.955750567644,9974.964516958898,10000.0
2026-07-22T12:14:07.439809+00:00,9977.18966882837,9977.198085378073,10000.0
2026-07-22T12:15:11.606723+00:00,9978.368412502605,9978.376953437624,10000.0
2026-07-22T12:16:16.093905+00:00,9977.059311752106,9977.068176500401,10000.0
2026-07-22T12:17:20.289656+00:00,9973.111038975065,9973.120300735518,10000.0
2026-07-22T12:18:24.673478+00:00,9968.290545219144,9968.301039840564,10000.0
2026-07-22T12:19:29.702044+00:00,9967.240653568568,9967.250489315571,10000.0
2026-07-22T12:20:34.688085+00:00,9969.755021550627,9969.763716846559,10000.0
2026-07-22T12:21:39.630792+00:00,9966.714268474561,9966.72298108544,10000.0
2026-07-22T12:22:44.306263+00:00,9967.786685353401,9967.795282453726,10000.0
2026-07-22T12:23:48.288596+00:00,9966.580019678344,9966.589425816608,10000.0
2026-07-22T12:24:52.759533+00:00,9962.352643687798,9962.368574096417,10000.0
2026-07-22T12:25:57.964100+00:00,9961.597370313912,9961.612809934106,10000.0
2026-07-22T12:27:03.246076+00:00,9962.21583254304,9962.233135905612,10000.0
2026-07-22T12:28:08.806776+00:00,9966.664447772411,9966.680905046516,10000.0
2026-07-22T12:29:14.185376+00:00,9961.656286239862,9961.675087171961,10000.0
2026-07-22T12:30:19.363319+00:00,9963.815720834007,9963.832405091456,10000.0
2026-07-22T12:31:24.905423+00:00,9961.082062465837,9961.100939670936,10000.0
2026-07-22T12:32:30.047065+00:00,9965.931138431455,9965.949862249296,10000.0
2026-07-22T12:33:35.367266+00:00,9965.16822720032,9965.185774600439,10000.0
2026-07-22T12:34:40.823925+00:00,9960.18212174934,9960.201059374887,10000.0
2026-07-22T12:35:45.009596+00:00,9957.74406007944,9957.760278294814,10000.0
2026-07-22T12:36:49.771122+00:00,9963.67168742583,9963.687410229568,10000.0
2026-07-22T12:37:53.784050+00:00,9965.41108963265,9965.424844752262,10000.0
2026-07-22T12:38:58.164797+00:00,9962.693479150039,9962.707233102672,10000.0
2026-07-22T12:40:04.711091+00:00,9965.951060597306,9965.966771315063,10000.0
2026-07-22T12:41:08.982397+00:00,9967.345068397597,9967.360132447051,10000.0
2026-07-22T12:42:13.074285+00:00,9965.917922545412,9965.93282545084,10000.0
2026-07-22T12:43:17.085636+00:00,9966.553165623849,9966.566750603708,10000.0
2026-07-22T12:44:22.143961+00:00,9962.80892135523,9962.823002945779,10000.0
2026-07-22T12:45:26.552515+00:00,9960.72660949514,9960.739334521102,10000.0
2026-07-22T12:46:30.941060+00:00,9962.623302250211,9962.639466943936,10000.0
2026-07-22T12:47:35.498810+00:00,9965.021731034227,9965.037594010393,10000.0
2026-07-22T12:48:39.431743+00:00,9965.635920028584,9965.652254124774,10000.0
2026-07-22T12:49:44.222302+00:00,9955.43526532439,9955.450649302184,10000.0
2026-07-22T12:50:48.234116+00:00,9954.58101015919,9954.597028475628,10000.0
2026-07-22T12:51:52.524332+00:00,9956.176371508074,9956.191391594539,10000.0
2026-07-22T12:52:56.448084+00:00,9959.955161074275,9959.969501296946,10000.0
2026-07-22T12:54:01.609188+00:00,9963.311201142493,9963.325849228298,10000.0
2026-07-22T12:55:06.145946+00:00,9966.49173248041,9966.503693343973,10000.0
2026-07-22T12:56:11.176831+00:00,9953.164530577584,9953.179007238687,10000.0
2026-07-22T12:57:16.158820+00:00,9937.156451195962,9937.187072319552,10000.0
2026-07-22T12:58:20.186506+00:00,9947.747942281545,9947.77597540034,10000.0
2026-07-22T12:59:25.339413+00:00,9957.109128395881,9957.133518755716,10000.0
2026-07-22T13:00:29.526600+00:00,9956.304585769478,9956.325947390103,10000.0
2026-07-22T13:01:34.416530+00:00,9950.05163092903,9950.07294848687,10000.0
2026-07-22T13:02:38.890961+00:00,9953.254838209452,9953.2755102564,10000.0
2026-07-22T13:03:43.041028+00:00,9956.534454648296,9956.553677269045,10000.0
2026-07-22T13:04:47.120925+00:00,9957.646207446542,9957.66188216021,10000.0
2026-07-22T13:05:52.442232+00:00,9960.474960701249,9960.489375081179,10000.0
2026-07-22T13:06:56.702963+00:00,9959.427813964105,9959.439084545596,10000.0
2026-07-22T13:08:01.436336+00:00,9956.493725946182,9956.515809811446,10000.0
2026-07-22T13:09:05.865999+00:00,9962.102475264248,9962.123160464016,10000.0
2026-07-22T13:10:09.821288+00:00,9966.566890800357,9966.587628098792,10000.0
2026-07-22T13:11:14.427118+00:00,9965.833103255374,9965.855608769441,10000.0
2026-07-22T13:12:19.034164+00:00,9962.569297980806,9962.591333605978,10000.0
2026-07-22T13:13:23.855107+00:00,9964.439695394589,9964.46267121074,10000.0
2026-07-22T13:14:28.215919+00:00,9966.121493739394,9966.146988841072,10000.0
2026-07-22T13:15:32.324513+00:00,9963.094415794129,9963.117979404708,10000.0
2026-07-22T13:16:36.460766+00:00,9962.201427667955,9962.226494231647,10000.0
2026-07-22T13:17:40.981559+00:00,9961.694515840269,9961.718473745137,10000.0
2026-07-22T13:18:45.350078+00:00,9958.863148886889,9958.888183459645,10000.0
2026-07-22T13:19:51.258365+00:00,9962.981336389941,9963.0058098549,10000.0
2026-07-22T13:20:56.921264+00:00,9957.583585442659,9957.605706115108,10000.0
2026-07-22T13:22:00.907915+00:00,9959.922973441591,9959.94336699771,10000.0
2026-07-22T13:23:05.934439+00:00,9959.041833999067,9959.0626478687,10000.0
2026-07-22T13:24:09.971391+00:00,9953.861165448656,9953.88105908246,10000.0
2026-07-22T13:25:14.324188+00:00,9954.452251151955,9954.473257297117,10000.0
2026-07-22T13:26:19.551686+00:00,9960.353270168196,9960.375454610057,10000.0
2026-07-22T13:27:24.163213+00:00,9959.235792444002,9959.257215244374,10000.0
2026-07-22T13:28:28.636607+00:00,9960.913652268455,9960.933758796253,10000.0
2026-07-22T13:29:33.286913+00:00,9961.072113185919,9961.096779170655,10000.0
2026-07-22T13:30:37.622580+00:00,9971.836388834705,9971.861359952192,10000.0
2026-07-22T13:31:41.664834+00:00,9968.229871139147,9968.25486765569,10000.0
2026-07-22T13:32:46.947085+00:00,9968.089949076522,9968.113414566973,10000.0
2026-07-22T13:33:51.752343+00:00,9971.706114784663,9971.726701022078,10000.0
2026-07-22T13:34:55.747589+00:00,9986.21961699859,9986.237875897694,10000.0
2026-07-22T13:36:00.185378+00:00,9988.417400063081,9988.435697060111,10000.0
2026-07-22T13:37:04.938578+00:00,9989.790661867035,9989.808553160186,10000.0
2026-07-22T13:38:09.025797+00:00,10002.362254197173,10002.380166849047,10000.0
2026-07-22T13:39:12.987822+00:00,9992.418290453596,9992.438085516796,10000.0
2026-07-22T13:40:16.967548+00:00,9996.910574604883,9996.940505315322,10000.0
2026-07-22T13:41:21.158533+00:00,10006.269795136483,10006.30286159631,10000.0
2026-07-22T13:42:25.509957+00:00,10012.974471603942,10013.00779802174,10000.0
2026-07-22T13:43:29.478015+00:00,10018.453881031477,10018.488690756936,10000.0
2026-07-22T13:44:33.675698+00:00,10017.02197985101,10017.057737345389,10000.0
2026-07-22T13:45:37.713180+00:00,10025.22990222503,10025.268105742736,10000.0
2026-07-22T13:46:41.727632+00:00,10039.477389819149,10039.529519776619,10000.0
2026-07-22T13:47:46.207662+00:00,10032.10244061443,10032.150936633117,10000.0
2026-07-22T13:48:51.285633+00:00,10018.161633244532,10018.206521362754,10000.0
2026-07-22T13:49:55.343248+00:00,10029.609979439987,10029.654517490631,10000.0
2026-07-22T13:50:59.586981+00:00,10016.73015420605,10016.779845873432,10000.0
2026-07-22T13:52:04.039005+00:00,10021.861882439454,10021.920637862724,10000.0
2026-07-22T13:53:08.195727+00:00,10019.837176142517,10019.891322527898,10000.0
2026-07-22T13:54:13.221713+00:00,10025.060299420578,10025.114312238109,10000.0
2026-07-22T13:55:17.890864+00:00,10032.737846504482,10032.790320177193,10000.0
2026-07-22T13:56:23.051507+00:00,10025.707231450335,10025.757010873242,10000.0
2026-07-22T13:57:27.375322+00:00,10026.312215849292,10026.367914387965,10000.0
2026-07-22T13:58:31.897246+00:00,10033.25078943247,10033.311838278036,10000.0
2026-07-22T13:59:36.631192+00:00,10042.590040505671,10042.677245917432,10000.0
2026-07-22T14:00:41.133540+00:00,10042.89060629076,10042.972031798687,10000.0
2026-07-22T14:01:45.823897+00:00,10035.649188264062,10035.743892843886,10000.0
2026-07-22T14:02:49.849315+00:00,10037.851477618922,10037.945280025757,10000.0
2026-07-22T14:03:53.850044+00:00,10041.381030731947,10041.487706449812,10000.0
2026-07-22T14:04:58.491086+00:00,10056.169770702392,10056.263529409522,10000.0
2026-07-22T14:06:02.501097+00:00,10101.508748317263,10101.700684971747,10000.0
2026-07-22T14:07:06.709777+00:00,10091.429075236632,10091.58442084435,10000.0
2026-07-22T14:08:10.704520+00:00,10070.8170041712,10070.983024224544,10000.0
2026-07-22T14:09:15.047251+00:00,10063.486285762441,10063.638425103705,10000.0
2026-07-22T14:10:20.117780+00:00,10062.801243138838,10062.935760617596,10000.0
2026-07-22T14:11:26.006440+00:00,10065.189916104971,10065.306422423046,10000.0
2026-07-22T14:12:30.991650+00:00,10065.316142352593,10065.452883762775,10000.0
2026-07-22T14:13:36.280989+00:00,10063.825283604037,10063.97541186823,10000.0
2026-07-22T14:14:41.515952+00:00,10054.804138931657,10054.935234890252,10000.0
2026-07-22T14:15:45.590648+00:00,10032.69427120325,10032.79606711723,10000.0
2026-07-22T14:16:50.510367+00:00,10033.838834815559,10033.94185426277,10000.0
2026-07-22T14:17:55.712049+00:00,10028.373056220662,10028.454834822038,10000.0
2026-07-22T14:18:59.784417+00:00,10027.301946750938,10027.383004871019,10000.0
2026-07-22T14:20:04.764076+00:00,10027.250409014465,10027.322464688057,10000.0
2026-07-22T14:21:09.412913+00:00,10024.140834315416,10024.205484184873,10000.0
2026-07-22T14:22:13.618504+00:00,10012.986792322186,10013.01869854747,10000.0
2026-07-22T14:23:18.155731+00:00,10005.103095691182,10005.150842618725,10000.0
2026-07-22T14:24:22.425811+00:00,10002.546107228805,10002.593982141183,10000.0
2026-07-22T14:25:27.026473+00:00,10003.578131642415,10003.618276494492,10000.0
2026-07-22T14:26:31.959713+00:00,10003.039482779906,10003.081696837402,10000.0
2026-07-22T14:27:36.335505+00:00,10000.17920318932,10000.222217498338,10000.0
2026-07-22T14:28:40.994069+00:00,9994.210357881419,9994.251848266356,10000.0
2026-07-22T14:29:45.171409+00:00,9985.266637869383,9985.306038787676,10000.0
2026-07-22T14:30:49.848635+00:00,9992.486755670066,9992.536636130231,10000.0
2026-07-22T14:31:54.364798+00:00,9994.518506977125,9994.564615575691,10000.0
2026-07-22T14:32:59.791220+00:00,10006.935489022195,10006.994445022501,10000.0
2026-07-22T14:34:04.430417+00:00,10007.09308874683,10007.150743461432,10000.0
2026-07-22T14:35:08.892661+00:00,10004.223185863633,10004.271114129984,10000.0
2026-07-22T14:36:13.284692+00:00,10007.064633937032,10007.116037655796,10000.0
2026-07-22T14:37:17.621330+00:00,10020.735355221592,10020.794358010737,10000.0
2026-07-22T14:38:21.896689+00:00,10011.275522959108,10011.328371138681,10000.0
2026-07-22T14:39:28.050147+00:00,10004.522938884684,10004.57743138813,10000.0
2026-07-22T14:40:33.003489+00:00,10007.643393819017,10007.695479996615,10000.0
2026-07-22T14:41:37.419319+00:00,10004.64853496203,10004.698485977104,10000.0
2026-07-22T14:42:42.051895+00:00,10009.236305533565,10009.293637781211,10000.0
2026-07-22T14:43:46.388500+00:00,10005.965012566723,10006.012078399806,10000.0
2026-07-22T14:44:50.821510+00:00,10007.466192535998,10007.517752829075,10000.0
2026-07-22T14:45:55.283148+00:00,10001.829198791997,10001.886697741145,10000.0
2026-07-22T14:46:59.841689+00:00,10012.308565485102,10012.381263000929,10000.0
2026-07-22T14:48:04.275425+00:00,10008.217797295052,10008.287059610979,10000.0
2026-07-22T14:49:10.131582+00:00,10004.68980451708,10004.748643686187,10000.0
2026-07-22T14:50:15.304127+00:00,10008.957004559354,10009.018171400572,10000.0
2026-07-22T14:51:19.296347+00:00,10006.780515232205,10006.836864778912,10000.0
2026-07-22T14:52:24.457577+00:00,10014.933513507489,10014.988356638592,10000.0
2026-07-22T14:53:29.464734+00:00,10013.86411625858,10013.914347502727,10000.0
2026-07-22T14:54:33.579902+00:00,10016.668200112685,10016.734356799012,10000.0
2026-07-22T14:55:37.843144+00:00,10006.337360511867,10006.404425194354,10000.0
2026-07-22T14:56:42.553373+00:00,10007.774094826675,10007.851649073986,10000.0
2026-07-22T14:57:46.908852+00:00,10009.029422657171,10009.112423070612,10000.0
2026-07-22T14:58:51.272738+00:00,10015.568595287783,10015.651393952208,10000.0
2026-07-22T14:59:56.169988+00:00,10021.419044419448,10021.507667868484,10000.0
2026-07-22T15:01:00.379890+00:00,10037.8776227691,10037.980486456769,10000.0
2026-07-22T15:02:05.730127+00:00,10030.265584743316,10030.37544223069,10000.0
2026-07-22T15:03:10.570217+00:00,10036.824302497005,10036.934567725453,10000.0
2026-07-22T15:04:15.599501+00:00,10059.04012999985,10059.173486355436,10000.0
2026-07-22T15:05:19.866104+00:00,10046.844378851873,10046.970832334644,10000.0
2026-07-22T15:06:23.994860+00:00,10044.963973052725,10045.109745528445,10000.0
2026-07-22T15:07:28.210821+00:00,10052.805438237481,10052.964931640141,10000.0
2026-07-22T15:08:33.338985+00:00,10049.350551642909,10049.515857146125,10000.0
2026-07-22T15:09:37.404528+00:00,10047.69943889871,10047.82867698752,10000.0
2026-07-22T15:10:41.944942+00:00,10052.70285087118,10052.834039176792,10000.0
2026-07-22T15:11:46.570422+00:00,10056.295850014903,10056.432525853139,10000.0
2026-07-22T15:12:51.782922+00:00,10054.308663090917,10054.451411796628,10000.0
2026-07-22T15:13:56.261863+00:00,10051.99509007394,10052.130152541013,10000.0
2026-07-22T15:15:00.744350+00:00,10069.476928210537,10069.65467932752,10000.0
2026-07-22T15:16:07.170663+00:00,10064.330042442993,10064.515159872346,10000.0
2026-07-22T15:17:11.141607+00:00,10070.395682750419,10070.614241820127,10000.0
2026-07-22T15:18:15.755818+00:00,10072.28390651432,10072.483774823791,10000.0
2026-07-22T15:19:20.161781+00:00,10071.588253668384,10071.800839151207,10000.0
2026-07-22T15:20:24.182667+00:00,10089.236731173793,10089.473840222547,10000.0
2026-07-22T15:21:28.409293+00:00,10096.90135899822,10097.14088335028,10000.0
2026-07-22T15:22:33.340726+00:00,10091.363934562218,10091.60688372602,10000.0
2026-07-22T15:23:37.292289+00:00,10092.888418959461,10093.092045811805,10000.0
2026-07-22T15:24:42.076964+00:00,10091.867390512689,10092.090092084487,10000.0
2026-07-22T15:25:46.831121+00:00,10085.982779494781,10086.187383011371,10000.0
2026-07-22T15:26:52.052253+00:00,10102.871035406843,10103.104198312676,10000.0
2026-07-22T15:27:56.278619+00:00,10101.096362415305,10101.345070527856,10000.0
2026-07-22T15:29:00.699351+00:00,10097.029261951826,10097.26911072547,10000.0
2026-07-22T15:30:05.241749+00:00,10104.630598268905,10104.879206501671,10000.0
2026-07-22T15:31:09.387811+00:00,10103.76578679001,10104.030888388803,10000.0
2026-07-22T15:32:13.665557+00:00,10104.508652378297,10104.783412078219,10000.0
2026-07-22T15:33:18.443995+00:00,10085.436375037332,10085.660750408402,10000.0
2026-07-22T15:34:22.477947+00:00,10087.759174365818,10088.00595476933,10000.0
2026-07-22T15:35:26.934432+00:00,10085.938445934722,10086.18897421789,10000.0
2026-07-22T15:36:31.089079+00:00,10085.11576887786,10085.385962836814,10000.0
2026-07-22T15:37:35.209386+00:00,10074.628143854066,10074.861476724278,10000.0
2026-07-22T15:38:40.205346+00:00,10076.433448144702,10076.670963231149,10000.0
2026-07-22T15:39:45.018661+00:00,10078.884906492918,10079.137109759558,10000.0
2026-07-22T15:40:49.933586+00:00,10078.337480446806,10078.580082436623,10000.0
2026-07-22T15:41:53.967087+00:00,10084.674929342316,10084.921467008204,10000.0
2026-07-22T15:42:58.978290+00:00,10080.034836158839,10080.261761762307,10000.0
2026-07-22T15:44:02.982466+00:00,10082.083969182475,10082.353542167582,10000.0
2026-07-22T15:45:07.844711+00:00,10090.067695063588,10090.350827510749,10000.0
2026-07-22T15:46:11.885510+00:00,10104.871128894196,10105.281059327412,10000.0
2026-07-22T15:47:16.719620+00:00,10094.83834568838,10095.248896834637,10000.0
2026-07-22T15:48:21.579309+00:00,10100.569856353648,10100.959830701588,10000.0
2026-07-22T15:49:25.636652+00:00,10102.298266777332,10102.7412392172,10000.0
2026-07-22T15:50:30.236633+00:00,10105.088453548424,10105.53793435826,10000.0
2026-07-22T15:51:35.183042+00:00,10105.448766016836,10105.86015614275,10000.0
2026-07-22T15:52:39.699658+00:00,10088.848487839417,10089.148925931891,10000.0
2026-07-22T15:53:44.985502+00:00,10082.496480744883,10082.788318287978,10000.0
2026-07-22T15:54:49.877194+00:00,10079.997582291473,10080.242742988132,10000.0
2026-07-22T15:55:54.780854+00:00,10088.510513350504,10088.805691527696,10000.0
2026-07-22T15:56:58.879283+00:00,10078.537093448675,10078.76210031385,10000.0
2026-07-22T15:58:03.671473+00:00,10079.196228113973,10079.421035988784,10000.0
2026-07-22T15:59:08.871677+00:00,10078.763033988662,10078.984189868544,10000.0
2026-07-22T16:00:13.726471+00:00,10084.39270868664,10084.65425116832,10000.0
2026-07-22T16:01:17.865068+00:00,10075.393963730057,10075.570198015623,10000.0
2026-07-22T16:02:22.019894+00:00,10075.743422512887,10075.933283335304,10000.0
2026-07-22T16:03:26.546992+00:00,10067.501386011463,10067.689101709948,10000.0
2026-07-22T16:04:30.653011+00:00,10072.949262401342,10073.130549695054,10000.0
2026-07-22T16:05:35.971951+00:00,10070.180303493411,10070.334741487703,10000.0
2026-07-22T16:06:40.259074+00:00,10078.936385105162,10079.131521614561,10000.0
2026-07-22T16:07:44.442799+00:00,10083.57460184624,10083.75610744801,10000.0
2026-07-22T16:08:48.629707+00:00,10088.801727835595,10088.98210004197,10000.0
2026-07-22T16:09:52.791318+00:00,10093.001921035302,10093.210315988857,10000.0
2026-07-22T16:10:58.008372+00:00,10079.413192242797,10079.606218837487,10000.0
2026-07-22T16:12:02.624103+00:00,10080.607010045214,10080.815714370807,10000.0
2026-07-22T16:13:07.043015+00:00,10086.465469204279,10086.704254241997,10000.0
2026-07-22T16:14:11.998887+00:00,10092.11563028018,10092.383766876323,10000.0
2026-07-22T16:15:16.598386+00:00,10077.625591052441,10077.887297815847,10000.0
2026-07-22T16:16:20.792413+00:00,10078.822597439254,10079.110175750671,10000.0
2026-07-22T16:17:25.243984+00:00,10064.737054064422,10064.984448101233,10000.0
2026-07-22T16:18:30.568213+00:00,10066.411509525165,10066.67323817704,10000.0
2026-07-22T16:19:35.595200+00:00,10076.30014991523,10076.594104021555,10000.0
2026-07-22T16:20:39.801110+00:00,10078.674883016061,10079.01443329952,10000.0
2026-07-22T16:21:44.113737+00:00,10079.149981735762,10079.563275961937,10000.0
2026-07-22T16:22:49.654464+00:00,10075.901933591646,10076.266421437533,10000.0
2026-07-22T16:23:54.260609+00:00,10073.172998284745,10073.506793456088,10000.0
2026-07-22T16:24:58.559954+00:00,10071.850516274473,10072.190511300494,10000.0
2026-07-22T16:26:02.987668+00:00,10064.065936912371,10064.390777959523,10000.0
2026-07-22T16:27:07.154711+00:00,10061.653667209372,10061.92453589784,10000.0
2026-07-22T16:28:11.698292+00:00,10066.11177330932,10066.422617087084,10000.0
2026-07-22T16:29:15.811297+00:00,10072.206054725559,10072.552751103689,10000.0
2026-07-22T16:30:20.386347+00:00,10076.82968530485,10077.167796607475,10000.0
2026-07-22T16:31:25.923145+00:00,10089.498887321455,10089.853410514777,10000.0
2026-07-22T16:32:31.229790+00:00,10101.601374726955,10101.96513526897,10000.0
2026-07-22T16:33:36.581291+00:00,10107.54524435897,10107.894428322441,10000.0
2026-07-22T16:34:40.713879+00:00,10119.656394213303,10120.025328101321,10000.0
2026-07-22T16:35:45.189211+00:00,10115.088638325853,10115.451835211737,10000.0
2026-07-22T16:36:49.686707+00:00,10121.583964052179,10121.963408480653,10000.0
2026-07-22T16:37:53.738963+00:00,10129.417404805108,10129.793593675302,10000.0
2026-07-22T16:38:57.926796+00:00,10140.330539060082,10140.813172780172,10000.0
2026-07-22T16:40:02.794561+00:00,10142.785592950737,10143.255289886665,10000.0
2026-07-22T16:41:07.671940+00:00,10128.386351947813,10128.802724807632,10000.0
2026-07-22T16:42:12.208011+00:00,10130.743636791232,10131.17206230586,10000.0
2026-07-22T16:43:16.538503+00:00,10133.900691895758,10134.340361998638,10000.0
2026-07-22T16:44:20.652916+00:00,10130.520241367327,10130.989862912109,10000.0
2026-07-22T16:45:25.599852+00:00,10134.246799596236,10134.719538977217,10000.0
2026-07-22T16:46:31.201463+00:00,10126.122399974676,10126.555620906582,10000.0
2026-07-22T16:47:35.801711+00:00,10116.22461524154,10116.604375755765,10000.0
2026-07-22T16:48:41.216889+00:00,10113.762937004658,10114.132471564402,10000.0
2026-07-22T16:49:45.537845+00:00,10111.806991725094,10112.177958447048,10000.0
2026-07-22T16:50:49.692731+00:00,10115.802261033885,10116.167535223158,10000.0
2026-07-22T16:51:56.250876+00:00,10119.929086627153,10120.361543427904,10000.0
2026-07-22T16:53:01.452314+00:00,10126.320914221991,10126.754578120162,10000.0
2026-07-22T16:54:07.262928+00:00,10117.796108070896,10118.215703141266,10000.0
2026-07-22T16:55:11.837438+00:00,10115.870188094763,10116.27725072975,10000.0
2026-07-22T16:56:16.916760+00:00,10124.54136933663,10125.038461382082,10000.0
2026-07-22T16:57:21.009689+00:00,10125.828208344794,10126.31854114235,10000.0
2026-07-22T16:58:26.833022+00:00,10124.322405568462,10124.817756708724,10000.0
2026-07-22T16:59:31.318518+00:00,10123.409343750278,10123.867291717734,10000.0
2026-07-22T17:00:36.455218+00:00,10123.102685958804,10123.560700651124,10000.0
2026-07-22T17:01:40.923330+00:00,10122.38386384281,10122.864316670335,10000.0
2026-07-22T17:02:45.866340+00:00,10122.042131993672,10122.479962573438,10000.0
2026-07-22T17:03:50.347606+00:00,10126.464389917774,10126.867792315203,10000.0
2026-07-22T17:04:54.849558+00:00,10111.618962297294,10111.9493980375,10000.0
2026-07-22T17:05:59.843043+00:00,10114.580937243529,10114.884387579026,10000.0
2026-07-22T17:07:05.363737+00:00,10118.22474705124,10118.538439073269,10000.0
2026-07-22T17:08:09.419505+00:00,10125.725576371435,10126.109606986438,10000.0
2026-07-22T17:09:13.947450+00:00,10124.256731222504,10124.623706815324,10000.0
2026-07-22T17:10:17.957618+00:00,10119.660513942432,10120.006521745956,10000.0
2026-07-22T17:11:22.125957+00:00,10117.020354142389,10117.394055732711,10000.0
2026-07-22T17:12:26.186374+00:00,10118.689786554334,10119.06107894631,10000.0
2026-07-22T17:13:30.376082+00:00,10114.271812040804,10114.61431080332,10000.0
2026-07-22T17:14:35.032811+00:00,10110.507300391564,10110.863554011843,10000.0
2026-07-22T17:15:39.226378+00:00,10105.302904599122,10105.624515167714,10000.0
2026-07-22T17:16:43.490272+00:00,10102.642008468472,10102.972340608361,10000.0
2026-07-22T17:17:47.577956+00:00,10093.831639524635,10094.16878510697,10000.0
2026-07-22T17:18:52.309854+00:00,10091.52309146269,10091.833322724813,10000.0
2026-07-22T17:19:57.044460+00:00,10088.559289319717,10088.85935041339,10000.0
2026-07-22T17:21:02.041428+00:00,10090.00300279408,10090.30316401288,10000.0
2026-07-22T17:22:06.114242+00:00,10083.752879677766,10084.05144195526,10000.0
2026-07-22T17:23:10.981531+00:00,10083.376405301435,10083.696745300364,10000.0
2026-07-22T17:24:16.373611+00:00,10079.113502246679,10079.404413841015,10000.0
2026-07-22T17:25:20.533048+00:00,10078.366234282676,10078.659518165075,10000.0
2026-07-22T17:26:24.811769+00:00,10069.032478514531,10069.30125908218,10000.0
2026-07-22T17:27:29.426468+00:00,10067.560521083098,10067.832748055314,10000.0
2026-07-22T17:28:33.643978+00:00,10067.207519721967,10067.483417850688,10000.0
2026-07-22T17:29:38.024779+00:00,10069.378784201284,10069.649523834494,10000.0
2026-07-22T17:30:42.251033+00:00,10069.941041809816,10070.21083920353,10000.0
2026-07-22T17:31:46.809161+00:00,10080.903376644996,10081.211562297583,10000.0
2026-07-22T17:32:51.411545+00:00,10081.899475135344,10082.20408874665,10000.0
2026-07-22T17:33:56.241022+00:00,10077.458295295746,10077.759474877801,10000.0
2026-07-22T17:35:00.648106+00:00,10075.817336659828,10076.139188584852,10000.0
2026-07-22T17:36:04.979989+00:00,10080.864692778568,10081.20546838365,10000.0
2026-07-22T17:37:09.135310+00:00,10082.535857154206,10082.877507154375,10000.0
2026-07-22T17:38:14.108509+00:00,10088.654783587488,10088.976897829707,10000.0
2026-07-22T17:39:18.189006+00:00,10085.66048734151,10085.991080739434,10000.0
2026-07-22T17:40:23.110542+00:00,10091.3976297312,10091.749930258304,10000.0
2026-07-22T17:41:27.383048+00:00,10088.595134362538,10088.934443246791,10000.0
2026-07-22T17:42:31.567128+00:00,10092.256205075988,10092.603797345446,10000.0
2026-07-22T17:43:35.858801+00:00,10094.996922671884,10095.335125921638,10000.0
2026-07-22T17:44:40.709173+00:00,10097.291458029917,10097.659605035513,10000.0
2026-07-22T17:45:45.154792+00:00,10092.142535070936,10092.471223145318,10000.0
2026-07-22T17:46:49.484315+00:00,10105.281432280926,10105.646161405255,10000.0
2026-07-22T17:47:54.144579+00:00,10100.498347798402,10100.841976371978,10000.0
2026-07-22T17:48:58.661925+00:00,10095.501438841366,10095.807944436438,10000.0
2026-07-22T17:50:03.990966+00:00,10088.97090816779,10089.261359745986,10000.0
2026-07-22T17:51:08.201982+00:00,10091.298584390835,10091.60276677783,10000.0
2026-07-22T17:52:12.774212+00:00,10089.786557878631,10090.075058340664,10000.0
2026-07-22T17:53:16.859320+00:00,10078.641469413209,10078.926055034019,10000.0
2026-07-22T17:54:20.989023+00:00,10076.346063971718,10076.637877456578,10000.0
2026-07-22T17:55:25.125106+00:00,10071.505804018281,10071.779486618349,10000.0
2026-07-22T17:56:29.686514+00:00,10072.601921848189,10072.870435693283,10000.0
2026-07-22T17:57:34.095085+00:00,10068.327071452948,10068.608824325747,10000.0
2026-07-22T17:58:39.937886+00:00,10067.724440488964,10067.992269570874,10000.0
2026-07-22T17:59:44.601145+00:00,10065.306795283308,10065.547940416549,10000.0
2026-07-22T18:00:49.234567+00:00,10070.079888020078,10070.327109535745,10000.0
2026-07-22T18:01:53.965852+00:00,10063.157708138435,10063.401986189632,10000.0
2026-07-22T18:02:58.898403+00:00,10061.334340458205,10061.582598525963,10000.0
2026-07-22T18:04:03.587753+00:00,10069.77807990833,10070.057252565202,10000.0
2026-07-22T18:05:08.352004+00:00,10070.82523659077,10071.100152178897,10000.0
2026-07-22T18:06:12.683937+00:00,10075.384028334138,10075.678756588926,10000.0
2026-07-22T18:07:17.105775+00:00,10066.477249688363,10066.757448492408,10000.0
2026-07-22T18:08:22.876680+00:00,10066.126314968993,10066.406333050722,10000.0
2026-07-22T18:09:27.518321+00:00,10060.616705769386,10060.882341859615,10000.0
2026-07-22T18:10:32.087607+00:00,10054.224373230309,10054.488816066525,10000.0
2026-07-22T18:11:36.866295+00:00,10059.017537122429,10059.301687794896,10000.0
2026-07-22T18:12:41.048081+00:00,10054.094643560551,10054.339753960645,10000.0
2026-07-22T18:13:45.295230+00:00,10052.965352347312,10053.147148259937,10000.0
2026-07-22T18:14:50.908578+00:00,10052.704880633133,10052.841359906544,10000.0
2026-07-22T18:15:55.588356+00:00,10048.582914863888,10048.729479140213,10000.0
2026-07-22T18:16:59.871436+00:00,10053.438940231561,10053.589445858224,10000.0
2026-07-22T18:18:04.460464+00:00,10054.531827797357,10054.694224681538,10000.0
2026-07-22T18:19:10.211213+00:00,10058.659069191755,10058.82689918133,10000.0
2026-07-22T18:20:14.697827+00:00,10059.49976397502,10059.684599029391,10000.0
2026-07-22T18:21:19.250652+00:00,10062.97346690561,10063.180717829451,10000.0
2026-07-22T18:22:23.454598+00:00,10040.82249181849,10040.99544443799,10000.0
2026-07-22T18:23:27.899756+00:00,10035.361486251895,10035.500039135488,10000.0
2026-07-22T18:24:32.514517+00:00,10042.462121087334,10042.632064336874,10000.0
2026-07-22T18:25:37.384366+00:00,10035.886429483879,10036.02781174145,10000.0
2026-07-22T18:26:42.271188+00:00,10034.038169288244,10034.165235442284,10000.0
2026-07-22T18:27:47.476356+00:00,10034.474692984071,10034.584478311355,10000.0
2026-07-22T18:28:51.889521+00:00,10031.223363872998,10031.322619017916,10000.0
2026-07-22T18:29:56.137278+00:00,10033.916942980457,10034.024463225689,10000.0
2026-07-22T18:31:01.417079+00:00,10025.395881544579,10025.498330216335,10000.0
2026-07-22T18:32:06.069341+00:00,10015.328192166691,10015.427929414684,10000.0
2026-07-22T18:33:10.972027+00:00,10002.15590259452,10002.226920072238,10000.0
2026-07-22T18:34:15.220085+00:00,10010.198254216877,10010.276668608934,10000.0
2026-07-22T18:35:19.450925+00:00,10004.481761046412,10004.558894753209,10000.0
2026-07-22T18:36:24.497476+00:00,10003.09604449064,10003.19039219281,10000.0
2026-07-22T18:37:30.667308+00:00,9999.068959156735,9999.1584186462,10000.0
2026-07-22T18:38:35.653027+00:00,9992.75230395266,9992.829926235981,10000.0
2026-07-22T18:39:40.149492+00:00,9995.26678965853,9995.338554905053,10000.0
2026-07-22T18:40:44.389218+00:00,9997.250622416528,9997.314744152183,10000.0
2026-07-22T18:41:48.731100+00:00,9997.993588268153,9998.063430101394,10000.0
2026-07-22T18:42:53.079766+00:00,9999.955740224555,10000.032508614126,10000.0
2026-07-22T18:43:58.203643+00:00,10001.30434455739,10001.389828393292,10000.0
2026-07-22T18:45:03.569912+00:00,9999.61451783162,9999.681791881714,10000.0
2026-07-22T18:46:08.071405+00:00,10003.324869948101,10003.396768604096,10000.0
2026-07-22T18:47:12.779412+00:00,10006.894825606885,10006.97125723393,10000.0
2026-07-22T18:48:17.535825+00:00,10014.628778232664,10014.713341423481,10000.0
2026-07-22T18:49:21.821755+00:00,10011.490472873642,10011.569373726563,10000.0
2026-07-22T18:50:26.439140+00:00,10010.525216094104,10010.584046330692,10000.0
2026-07-22T18:51:31.433755+00:00,10017.034612656716,10017.114439362163,10000.0
2026-07-22T18:52:35.665492+00:00,10012.395894059364,10012.461570852282,10000.0
2026-07-22T18:53:40.345513+00:00,10013.954208447432,10014.004327464208,10000.0
2026-07-22T18:54:44.536781+00:00,10018.916034308597,10018.979603604763,10000.0
2026-07-22T18:55:48.885236+00:00,10022.63315957283,10022.6891552996,10000.0
2026-07-22T18:56:53.908167+00:00,10018.593487452843,10018.635448311357,10000.0
2026-07-22T18:57:58.306933+00:00,10018.351781866477,10018.404300229773,10000.0
2026-07-22T18:59:03.139296+00:00,10015.523769951329,10015.570374437972,10000.0
2026-07-22T19:00:08.078541+00:00,10016.852735707274,10016.907904288695,10000.0
2026-07-22T19:01:12.482142+00:00,10014.509473533808,10014.569536207537,10000.0
2026-07-22T19:02:17.055511+00:00,10009.736493490002,10009.77200184794,10000.0
2026-07-22T19:03:22.317172+00:00,10006.912699912065,10006.954684828996,10000.0
2026-07-22T19:04:27.223496+00:00,10015.578934492729,10015.647089185499,10000.0
2026-07-22T19:05:31.976521+00:00,10010.795289877822,10010.850899535164,10000.0
2026-07-22T19:06:36.708439+00:00,10006.665082934136,10006.717535969823,10000.0
2026-07-22T19:07:41.251241+00:00,10003.28039779515,10003.326028985985,10000.0
2026-07-22T19:08:46.004509+00:00,10001.40227442645,10001.452629251027,10000.0
2026-07-22T19:09:50.691409+00:00,9997.618256563588,9997.663760711283,10000.0
2026-07-22T19:10:55.191434+00:00,9992.59869060695,9992.631438592567,10000.0
2026-07-22T19:12:00.084542+00:00,9987.910905249322,9987.91923032847,10000.0
2026-07-22T19:13:04.954135+00:00,9963.762766519223,9963.71244328212,10000.0
2026-07-22T19:14:09.772023+00:00,9970.375566966093,9970.341516236802,10000.0
2026-07-22T19:15:14.175246+00:00,9976.643775894961,9976.615184030441,10000.0
2026-07-22T19:16:18.885386+00:00,9982.2308225365,9982.20814363539,10000.0
2026-07-22T19:17:23.644236+00:00,9985.32486969895,9985.30500644175,10000.0
2026-07-22T19:18:28.070897+00:00,9983.290480326808,9983.26628177154,10000.0
2026-07-22T19:19:33.780911+00:00,9995.356491968449,9995.338143471286,10000.0
2026-07-22T19:20:38.238698+00:00,9989.209694861365,9989.192378182723,10000.0
2026-07-22T19:21:43.178871+00:00,9990.087428291568,9990.068974229658,10000.0
2026-07-22T19:22:47.840675+00:00,9993.276037662956,9993.253585224804,10000.0
2026-07-22T19:23:52.975036+00:00,9998.272024332764,9998.249264413731,10000.0
2026-07-22T19:24:57.743604+00:00,9996.01994469419,9995.993643268164,10000.0
2026-07-22T19:26:02.875277+00:00,9994.666641667214,9994.647078048481,10000.0
2026-07-22T19:27:07.374630+00:00,9999.354422002842,9999.342664840691,10000.0
2026-07-22T19:28:12.210387+00:00,10003.454735005456,10003.4531876662,10000.0
2026-07-22T19:29:17.511331+00:00,10002.326112107632,10002.329474354678,10000.0
2026-07-22T19:30:21.977911+00:00,9999.947915050134,9999.943763408073,10000.0
2026-07-22T19:31:26.315216+00:00,10002.730602051332,10002.724967250888,10000.0
2026-07-22T19:32:31.069655+00:00,10004.050082477888,10004.049263896623,10000.0
2026-07-22T19:33:35.828478+00:00,10003.081921391748,10003.075123560866,10000.0
2026-07-22T19:34:40.663309+00:00,10002.504874195422,10002.506140231557,10000.0
2026-07-22T19:35:45.967336+00:00,10001.661535447929,10001.656457001121,10000.0
2026-07-22T19:36:51.734572+00:00,9998.123262397394,9998.123484855534,10000.0
2026-07-22T19:37:55.924957+00:00,9999.515416103557,9999.504270032205,10000.0
2026-07-22T19:39:01.664364+00:00,9998.024073751016,9998.015582250897,10000.0
2026-07-22T19:40:06.654580+00:00,9994.263581663172,9994.24907959409,10000.0
2026-07-22T19:41:11.435501+00:00,9992.088807717355,9992.0764931483,10000.0
2026-07-22T19:42:15.881023+00:00,9995.483853602618,9995.473443616429,10000.0
2026-07-22T19:43:20.102515+00:00,9995.706959191488,9995.695825285778,10000.0
2026-07-22T19:44:25.233623+00:00,9991.38567186497,9991.370643879185,10000.0
2026-07-22T19:45:29.585551+00:00,9990.392057821333,9990.361880733386,10000.0
2026-07-22T19:46:34.320996+00:00,9987.041643755678,9987.013073718997,10000.0
2026-07-22T19:47:39.927071+00:00,9986.959505845956,9986.930520109312,10000.0
2026-07-22T19:48:45.093134+00:00,9990.713622154186,9990.686331567718,10000.0
2026-07-22T19:49:49.422531+00:00,9996.329421802262,9996.301639535228,10000.0
2026-07-22T19:50:53.799678+00:00,9987.913200626192,9987.879889762262,10000.0
2026-07-22T19:51:58.848798+00:00,9986.98760999242,9986.934757057033,10000.0
2026-07-22T19:53:04.342303+00:00,9994.751625772271,9994.70678206695,10000.0
2026-07-22T19:54:08.770020+00:00,9993.853751264596,9993.808731636129,10000.0
2026-07-22T19:55:13.257548+00:00,9993.629313684174,9993.585380365406,10000.0
2026-07-22T19:56:18.271307+00:00,9994.159858024075,9994.112241924286,10000.0
2026-07-22T19:57:24.329170+00:00,9994.64689791302,9994.595090067669,10000.0
2026-07-22T19:58:28.830878+00:00,9996.916966040317,9996.866444185769,10000.0
2026-07-22T19:59:33.496626+00:00,9996.073392832004,9996.030295598946,10000.0
2026-07-22T20:00:38.562650+00:00,10000.668923844978,10000.625852095169,10000.0
2026-07-22T20:01:43.786201+00:00,9992.631985033557,9992.580269848326,10000.0
2026-07-22T20:02:48.648033+00:00,9987.505052247714,9987.445061835242,10000.0
2026-07-22T20:03:53.421464+00:00,9999.131578901724,9999.085571082545,10000.0
2026-07-22T20:04:58.326378+00:00,9989.814946189903,9989.765279861016,10000.0
2026-07-22T20:06:03.214299+00:00,9987.469941961373,9987.422553642373,10000.0
2026-07-22T20:07:07.833716+00:00,9986.617171897582,9986.564704055709,10000.0
2026-07-22T20:08:12.565125+00:00,9987.68631577389,9987.633250424893,10000.0
2026-07-22T20:09:17.420094+00:00,9991.335049079387,9991.28337235582,10000.0
2026-07-22T20:10:22.199736+00:00,9988.401940173686,9988.344388134645,10000.0
2026-07-22T20:11:26.887013+00:00,9993.62281770869,9993.565613569333,10000.0
2026-07-22T20:12:31.413634+00:00,9998.891160121839,9998.834447520356,10000.0
2026-07-22T20:13:35.921203+00:00,10000.249194294094,10000.19730227372,10000.0
2026-07-22T20:14:41.334911+00:00,10006.988733475482,10006.940973298972,10000.0
2026-07-22T20:15:45.816967+00:00,10008.985083049149,10008.934040190601,10000.0
2026-07-22T20:16:50.554103+00:00,10002.810375015912,10002.759086021135,10000.0
2026-07-22T20:17:55.677618+00:00,10002.298060752708,10002.24342795713,10000.0
2026-07-22T20:19:00.508401+00:00,10001.788297634626,10001.737017747317,10000.0
2026-07-22T20:20:06.188235+00:00,10008.022779020781,10007.977719534649,10000.0
2026-07-22T20:21:11.531939+00:00,10005.593915625639,10005.53952340515,10000.0
2026-07-22T20:22:16.954684+00:00,10001.577838849234,10001.520956078199,10000.0
2026-07-22T20:23:22.255930+00:00,10003.32020222204,10003.262362846213,10000.0
2026-07-22T20:24:26.671197+00:00,10004.738833646328,10004.683675699358,10000.0
2026-07-22T20:25:31.756190+00:00,10011.415186524951,10011.359547125598,10000.0
2026-07-22T20:26:36.262081+00:00,10008.589713525498,10008.53966836004,10000.0
2026-07-22T20:27:40.596635+00:00,10002.118079782298,10002.062088614908,10000.0
2026-07-22T20:28:45.014013+00:00,10004.337687739084,10004.287394426234,10000.0
2026-07-22T20:29:50.292364+00:00,10007.857844458887,10007.811709608,10000.0
2026-07-22T20:30:55.050931+00:00,10006.575544479205,10006.52930447703,10000.0
2026-07-22T20:32:00.283879+00:00,10008.00218381683,10007.954299302033,10000.0
2026-07-22T20:33:13.100181+00:00,10011.524139081186,10011.47884770264,10000.0
2026-07-22T20:34:17.374281+00:00,10011.497110031005,10011.463886271858,10000.0
2026-07-22T20:35:23.033091+00:00,10005.630457209068,10005.58868326373,10000.0
2026-07-22T20:36:29.110311+00:00,10008.37070165337,10008.330840234079,10000.0
2026-07-22T20:37:33.640283+00:00,10004.279049434095,10004.23218268119,10000.0
2026-07-22T20:38:38.535331+00:00,10005.504905032405,10005.463182360014,10000.0
2026-07-22T20:39:43.914309+00:00,10008.304948276013,10008.265691929002,10000.0
2026-07-22T20:40:49.015455+00:00,10005.25978442058,10005.225154206577,10000.0
2026-07-22T20:41:53.523323+00:00,10006.486991956459,10006.45756894795,10000.0
2026-07-22T20:42:59.232869+00:00,10008.979641155649,10008.954411802644,10000.0
2026-07-22T20:44:04.563028+00:00,10008.589036900168,10008.558779302537,10000.0
2026-07-22T20:45:12.564226+00:00,10005.708523549894,10005.673579040964,10000.0
2026-07-22T20:46:17.848215+00:00,10002.78451906653,10002.745632101249,10000.0
2026-07-22T20:47:22.680008+00:00,10002.448315645188,10002.403933626305,10000.0
2026-07-22T20:48:29.047648+00:00,10002.238786122576,10002.200276669708,10000.0
2026-07-22T20:49:34.782213+00:00,10001.753627535467,10001.714607724272,10000.0
2026-07-22T20:50:39.577559+00:00,10003.536305921598,10003.495268747936,10000.0
2026-07-22T20:51:44.418808+00:00,10006.387456411432,10006.357772142965,10000.0
2026-07-22T20:52:48.974122+00:00,10005.759270300889,10005.724478538097,10000.0
2026-07-22T20:53:53.654446+00:00,10008.6745685189,10008.643410665942,10000.0
2026-07-22T20:54:58.902735+00:00,10003.171160322401,10003.136579041578,10000.0
2026-07-22T20:56:03.441223+00:00,10004.059078162034,10004.017580255753,10000.0
2026-07-22T20:57:08.959640+00:00,10005.65980021298,10005.623482049903,10000.0
2026-07-22T20:58:15.733975+00:00,10002.670017863471,10002.624444766436,10000.0
2026-07-22T20:59:20.389650+00:00,10003.049673566804,10003.009973446562,10000.0
2026-07-22T21:00:25.142849+00:00,10002.459508560509,10002.408462053894,10000.0
2026-07-22T21:01:30.212896+00:00,10004.240446146357,10004.188339639859,10000.0
2026-07-22T21:02:35.748584+00:00,10001.93344100541,10001.875345871611,10000.0
2026-07-22T21:03:41.917489+00:00,10000.832269112929,10000.774139454374,10000.0
2026-07-22T21:04:47.430739+00:00,10001.33659701956,10001.274107570542,10000.0
2026-07-22T21:05:56.065464+00:00,10008.753742911595,10008.70289950279,10000.0
2026-07-22T21:07:01.003322+00:00,10008.944535947314,10008.893270853274,10000.0
2026-07-22T21:08:06.127919+00:00,10007.64019061298,10007.589321727119,10000.0
2026-07-22T21:09:11.967287+00:00,10012.089234936522,10012.040109286674,10000.0
2026-07-22T21:10:17.696092+00:00,10010.570003326364,10010.525224380579,10000.0
2026-07-22T21:11:22.104719+00:00,10007.767244064686,10007.715886850465,10000.0
2026-07-22T21:12:27.070985+00:00,10006.715162291353,10006.668330083665,10000.0
2026-07-22T21:13:31.707867+00:00,10007.071757307936,10007.034576113803,10000.0
2026-07-22T21:14:36.314066+00:00,10004.727911054999,10004.68593503056,10000.0
2026-07-22T21:15:41.062458+00:00,10007.011067027892,10006.966475383932,10000.0
2026-07-22T21:16:48.498578+00:00,10007.968312655705,10007.922176590853,10000.0
2026-07-22T21:17:53.014679+00:00,10008.538509740461,10008.491057325891,10000.0
2026-07-22T21:18:58.280578+00:00,9999.571404077346,9999.5098080492,10000.0
2026-07-22T21:20:03.459784+00:00,10000.007968873228,9999.945548000282,10000.0
2026-07-22T21:21:07.922703+00:00,10005.078025874911,10005.01657812204,10000.0
2026-07-22T21:22:12.354619+00:00,10003.690689522473,10003.623479467018,10000.0
2026-07-22T21:23:17.085850+00:00,10001.467115639305,10001.39522956075,10000.0
2026-07-22T21:24:22.635744+00:00,10001.690612624474,10001.63132110015,10000.0
2026-07-22T21:25:27.124731+00:00,9999.142921897976,9999.080832940701,10000.0
2026-07-22T21:26:32.660384+00:00,10003.753149693146,10003.700969983376,10000.0
2026-07-22T21:27:37.508596+00:00,10002.241785808967,10002.186335828646,10000.0
2026-07-22T21:28:43.248759+00:00,10001.206570485294,10001.152728812824,10000.0
2026-07-22T21:29:48.170054+00:00,10000.516516715696,10000.462381987352,10000.0
2026-07-22T21:30:53.291210+00:00,10002.039327004395,10001.98664174228,10000.0
2026-07-22T21:31:57.593935+00:00,10004.510731527955,10004.461544112466,10000.0
2026-07-22T21:33:02.842497+00:00,10005.098127156378,10005.049499131597,10000.0
2026-07-22T21:34:08.036290+00:00,10007.927845363327,10007.882280265581,10000.0
2026-07-22T21:35:14.175413+00:00,10012.963377064083,10012.931224852522,10000.0
2026-07-22T21:36:18.624130+00:00,10025.219362960814,10025.18984109613,10000.0
2026-07-22T21:37:24.068561+00:00,10026.098067839615,10026.069963179792,10000.0
2026-07-22T21:38:28.406685+00:00,10027.130394792752,10027.101027158285,10000.0
2026-07-22T21:39:33.272237+00:00,10026.816751915196,10026.79387980566,10000.0
2026-07-22T21:40:38.434004+00:00,10030.61458283048,10030.581366858709,10000.0
2026-07-22T21:41:46.950769+00:00,10029.28140202202,10029.253476193015,10000.0
2026-07-22T21:42:51.311135+00:00,10034.03477390077,10034.014632667917,10000.0
2026-07-22T21:43:55.802790+00:00,10035.57398985977,10035.544233109089,10000.0
2026-07-22T21:44:59.983129+00:00,10035.087336372366,10035.052716360133,10000.0
2026-07-22T21:46:04.824364+00:00,10031.54358676207,10031.51216193209,10000.0
2026-07-22T21:47:09.234039+00:00,10030.060598085738,10030.024549467571,10000.0
2026-07-22T21:48:14.107721+00:00,10031.574401592863,10031.542436096535,10000.0
2026-07-22T21:49:18.911533+00:00,10034.486519407417,10034.458342140166,10000.0
2026-07-22T21:50:24.774341+00:00,10037.964527588154,10037.945598457121,10000.0
2026-07-22T21:51:29.597066+00:00,10041.606797049442,10041.591613647155,10000.0
2026-07-22T21:52:34.341515+00:00,10040.668747494681,10040.641765719543,10000.0
2026-07-22T21:53:39.519288+00:00,10033.754680130794,10033.726729181006,10000.0
2026-07-22T21:54:45.233952+00:00,10029.178929634249,10029.142725030359,10000.0
2026-07-22T21:55:49.770339+00:00,10031.641585073343,10031.610486936319,10000.0
2026-07-22T21:57:06.431377+00:00,10032.414872700041,10032.387356592804,10000.0
2026-07-22T21:58:09.245715+00:00,10034.576644545014,10034.5591841497,10000.0
2026-07-22T21:59:13.833792+00:00,10031.029697321648,10030.997460180039,10000.0
2026-07-22T22:00:19.391961+00:00,10026.518536581432,10026.48006267984,10000.0
2026-07-22T22:01:24.281126+00:00,10030.411108520826,10030.380127349315,10000.0
2026-07-22T22:02:29.800528+00:00,10023.862403160321,10023.833488008027,10000.0
2026-07-22T22:03:34.530521+00:00,10033.324922502703,10033.307211259744,10000.0
2026-07-22T22:04:40.735133+00:00,10029.113800650868,10029.105513318378,10000.0
2026-07-22T22:05:45.891395+00:00,10029.563228502555,10029.555192167618,10000.0
2026-07-22T22:06:51.978294+00:00,10033.488620007432,10033.477808137006,10000.0
2026-07-22T22:07:57.197582+00:00,10027.218672186551,10027.219214198303,10000.0
2026-07-22T22:09:01.985952+00:00,10025.186534608123,10025.17978279046,10000.0
2026-07-22T22:10:06.575862+00:00,10028.551919520314,10028.544329513845,10000.0
2026-07-22T22:11:11.681210+00:00,10029.196264530234,10029.193627860222,10000.0
2026-07-22T22:12:16.057662+00:00,10035.096043578675,10035.110153132584,10000.0
2026-07-22T22:13:20.378891+00:00,10035.565775887533,10035.59096016214,10000.0
2026-07-22T22:14:25.327237+00:00,10035.298464073452,10035.331199422304,10000.0
2026-07-22T22:15:31.816059+00:00,10031.864058599345,10031.886243621568,10000.0
2026-07-22T22:16:36.358596+00:00,10031.707540693855,10031.723399622471,10000.0
2026-07-22T22:17:40.538013+00:00,10027.536365449525,10027.55454444918,10000.0
2026-07-22T22:18:44.699769+00:00,10030.984385303302,10031.002646947572,10000.0
2026-07-22T22:19:50.290086+00:00,10025.195481980092,10025.194238025593,10000.0
2026-07-22T22:20:55.524523+00:00,10022.072205785658,10022.065565705721,10000.0
2026-07-22T22:22:00.236171+00:00,10020.738477066305,10020.736265346648,10000.0
2026-07-22T22:23:04.328835+00:00,10022.782566163854,10022.77657652761,10000.0
2026-07-22T22:24:09.860472+00:00,10022.662235529328,10022.657272903589,10000.0
2026-07-22T22:25:14.920670+00:00,10026.59342005109,10026.586476864824,10000.0
2026-07-22T22:26:19.762374+00:00,10030.689925192644,10030.687913435764,10000.0
2026-07-22T22:27:24.374257+00:00,10031.67084753209,10031.674873355798,10000.0
2026-07-22T22:28:29.115278+00:00,10031.86070424849,10031.86419659703,10000.0
2026-07-22T22:29:34.653117+00:00,10033.648006051562,10033.658346785713,10000.0
2026-07-22T22:30:38.914368+00:00,10030.013544164478,10030.02033718972,10000.0
2026-07-22T22:31:44.326393+00:00,10029.695016005684,10029.703491420345,10000.0
2026-07-22T22:32:49.810330+00:00,10029.492724304404,10029.509671641226,10000.0
2026-07-22T22:33:56.824001+00:00,10028.140832794546,10028.151226694545,10000.0
2026-07-22T22:35:02.160610+00:00,10021.955957188264,10021.965623123115,10000.0
2026-07-22T22:36:06.611627+00:00,10011.080007775512,10011.065533322779,10000.0
2026-07-22T22:37:11.249038+00:00,10009.041334844858,10009.022711248519,10000.0
2026-07-22T22:38:16.289289+00:00,10011.65932392651,10011.638748544843,10000.0
2026-07-22T22:39:21.388881+00:00,10010.406699527408,10010.379740493892,10000.0
2026-07-22T22:40:26.983491+00:00,10010.07559407995,10010.05697931215,10000.0
2026-07-22T22:41:34.044042+00:00,10011.343275322017,10011.329788389254,10000.0
2026-07-22T22:42:39.185745+00:00,10012.522128481773,10012.506681365066,10000.0
2026-07-22T22:43:44.715562+00:00,10015.509621247858,10015.49720298105,10000.0
2026-07-22T22:44:50.408484+00:00,10011.879291548146,10011.850941687864,10000.0
2026-07-22T22:45:55.606182+00:00,10009.663726846384,10009.63192788425,10000.0
2026-07-22T22:47:00.133083+00:00,10012.05764213918,10012.03690170118,10000.0
2026-07-22T22:48:05.321473+00:00,10014.050456398294,10014.027154376356,10000.0
2026-07-22T22:49:10.988364+00:00,10016.755321743969,10016.736090264912,10000.0
2026-07-22T22:50:15.675684+00:00,10023.662326792126,10023.650787524904,10000.0
2026-07-22T22:51:20.887792+00:00,10022.71968951238,10022.709249250442,10000.0
2026-07-22T22:52:25.168590+00:00,10026.07742314074,10026.06487533308,10000.0
2026-07-22T22:53:30.171485+00:00,10027.12952859976,10027.123836051114,10000.0
2026-07-22T22:54:34.498653+00:00,10032.72353136766,10032.72744774325,10000.0
2026-07-22T22:55:40.676673+00:00,10032.31878151154,10032.315565069624,10000.0
2026-07-22T22:56:45.897502+00:00,10037.962411937751,10037.968855920648,10000.0
2026-07-22T22:57:50.435014+00:00,10035.171051298532,10035.174302528467,10000.0
2026-07-22T22:58:55.684395+00:00,10034.733475538525,10034.736873353311,10000.0
2026-07-22T23:00:01.063263+00:00,10035.477544849049,10035.473183559554,10000.0
2026-07-22T23:01:05.403772+00:00,10031.287756327572,10031.279979315728,10000.0
2026-07-22T23:02:09.960334+00:00,10027.955608543345,10027.939611179327,10000.0
2026-07-22T23:03:14.396609+00:00,10022.159263120046,10022.13318324775,10000.0
2026-07-22T23:04:19.972591+00:00,10021.291758744122,10021.266002165894,10000.0
2026-07-22T23:05:24.067115+00:00,10015.585635860843,10015.530553489736,10000.0
2026-07-22T23:06:28.169962+00:00,10016.022106186852,10015.971712933706,10000.0
2026-07-22T23:08:36.328766+00:00,10021.959707759028,10021.909132898832,10000.0
2026-07-22T23:09:40.831603+00:00,10023.592639963894,10023.547415979769,10000.0
2026-07-22T23:10:45.234726+00:00,10023.967770064839,10023.928588222347,10000.0
2026-07-22T23:11:49.929531+00:00,10008.589599805257,10008.540940249788,10000.0
2026-07-22T23:12:54.680586+00:00,9998.141947962931,9998.084973331439,10000.0
2026-07-22T23:13:59.260659+00:00,9989.282666338693,9989.222103633474,10000.0
2026-07-22T23:15:03.792155+00:00,9982.579307700596,9982.514743116988,10000.0
2026-07-22T23:16:08.629371+00:00,9981.051065685582,9980.984738723502,10000.0
2026-07-22T23:17:13.054115+00:00,9981.97566113968,9981.913113374225,10000.0
2026-07-22T23:18:17.932353+00:00,9975.016590288276,9974.954271259476,10000.0
2026-07-22T23:19:22.185013+00:00,9980.120899946909,9980.056131135958,10000.0
2026-07-22T23:20:26.731164+00:00,9984.240032105135,9984.176376682251,10000.0
2026-07-22T23:21:31.384857+00:00,9986.304288517149,9986.238577270524,10000.0
2026-07-22T23:22:35.772385+00:00,9990.828682870788,9990.764762667808,10000.0
2026-07-22T23:23:40.655579+00:00,9992.280967835572,9992.215050911362,10000.0
2026-07-22T23:24:45.113712+00:00,9993.080040666806,9993.017705257656,10000.0
2026-07-22T23:25:49.851595+00:00,9992.62487225295,9992.565632701811,10000.0
2026-07-22T23:26:55.001224+00:00,9998.589150989523,9998.531346272768,10000.0
2026-07-22T23:28:00.485869+00:00,9999.288946990768,9999.234866424267,10000.0
2026-07-22T23:29:06.056250+00:00,9996.035434147245,9995.97625795797,10000.0
2026-07-22T23:30:10.771482+00:00,9996.148271052454,9996.092875054434,10000.0
2026-07-22T23:31:15.010674+00:00,9996.297853254284,9996.239199691527,10000.0
2026-07-22T23:32:19.635438+00:00,9997.246568043727,9997.18723871446,10000.0
2026-07-22T23:33:23.967186+00:00,9997.73668971222,9997.677769445118,10000.0
2026-07-22T23:34:28.644075+00:00,9998.776007282228,9998.717164644724,10000.0
2026-07-22T23:35:33.899662+00:00,9994.620528823038,9994.56237605751,10000.0
2026-07-22T23:36:38.597979+00:00,10000.174023053625,10000.117295105518,10000.0
2026-07-22T23:37:43.011184+00:00,9999.360258603854,9999.30612162207,10000.0
2026-07-22T23:38:48.116335+00:00,10000.711100922434,10000.65762474153,10000.0
2026-07-22T23:39:52.840376+00:00,10002.434614752496,10002.383268611276,10000.0
2026-07-22T23:42:12.733217+00:00,10002.000438415169,10001.946328138552,10000.0
2026-07-22T23:43:17.451557+00:00,10000.310575755128,10000.257296292679,10000.0
2026-07-22T23:44:21.934187+00:00,10002.480595096267,10002.429108131462,10000.0
2026-07-22T23:45:26.183737+00:00,10002.943373083826,10002.887955040718,10000.0
2026-07-22T23:46:30.377225+00:00,10008.559264674932,10008.50332222883,10000.0
2026-07-22T23:47:34.991921+00:00,10009.450850603598,10009.394694582576,10000.0
2026-07-22T23:48:40.133177+00:00,10009.294747946167,10009.238777887398,10000.0
2026-07-22T23:49:44.642326+00:00,10012.202787750382,10012.145909894829,10000.0
2026-07-22T23:50:50.801426+00:00,10013.167772144234,10013.110654048161,10000.0
2026-07-22T23:51:55.457313+00:00,10012.687140916585,10012.631645128926,10000.0
2026-07-22T23:52:59.684303+00:00,10013.125865466809,10013.071410065551,10000.0
2026-07-22T23:54:04.008882+00:00,10012.781616462875,10012.72451024305,10000.0
2026-07-22T23:55:08.288866+00:00,10018.678049229553,10018.627219451759,10000.0
2026-07-22T23:56:12.701363+00:00,10017.160803908879,10017.114450708048,10000.0
2026-07-22T23:57:17.510463+00:00,10024.788853299258,10024.74379850156,10000.0
2026-07-22T23:58:21.576157+00:00,10026.4876720752,10026.441372433865,10000.0
2026-07-22T23:59:26.519142+00:00,10024.553414234246,10024.507259833916,10000.0
2026-07-23T00:00:31.201098+00:00,10022.475415719218,10022.425631348517,10000.0
2026-07-23T00:01:35.850902+00:00,10018.771182454242,10018.72245490654,10000.0
2026-07-23T00:02:40.513012+00:00,10019.365068387244,10019.31449656764,10000.0
2026-07-23T00:03:45.783145+00:00,10021.07233756087,10021.024372789017,10000.0
2026-07-23T00:04:50.172949+00:00,10029.183424113053,10029.139831288383,10000.0
2026-07-23T00:05:54.700833+00:00,10032.527832834403,10032.488357145156,10000.0
2026-07-23T00:06:59.028844+00:00,10035.401730745843,10035.3682334686,10000.0
2026-07-23T00:08:03.897471+00:00,10033.952729805971,10033.918654177896,10000.0
2026-07-23T00:09:08.931787+00:00,10037.911778556907,10037.883421623072,10000.0
2026-07-23T00:10:14.030505+00:00,10039.437435174998,10039.409843407097,10000.0
2026-07-23T00:11:18.753966+00:00,10041.099278883805,10041.07640981282,10000.0
2026-07-23T00:12:23.242573+00:00,10044.313729749456,10044.295097924458,10000.0
2026-07-23T00:13:27.638263+00:00,10037.347720171701,10037.326968234971,10000.0
2026-07-23T00:14:32.622477+00:00,10035.66149681338,10035.638712034775,10000.0
2026-07-23T00:15:37.115915+00:00,10036.901249064418,10036.874913069174,10000.0
2026-07-23T00:16:42.097500+00:00,10033.138936715124,10033.109485502704,10000.0
2026-07-23T00:17:46.930207+00:00,10047.703545099515,10047.688897805845,10000.0
2026-07-23T00:18:51.684259+00:00,10032.063477145026,10032.027568675925,10000.0
2026-07-23T00:19:55.964760+00:00,10035.381470135619,10035.350703090973,10000.0
2026-07-23T00:21:00.245481+00:00,10045.812231253727,10045.794582671451,10000.0
2026-07-23T00:22:05.119723+00:00,10048.31584348191,10048.30591577065,10000.0
2026-07-23T00:23:09.774299+00:00,10054.239464382632,10054.237110492477,10000.0
2026-07-23T00:24:14.542633+00:00,10056.68875507097,10056.692441196523,10000.0
2026-07-23T00:25:18.879974+00:00,10058.62831463747,10058.632847655927,10000.0
2026-07-23T00:26:23.658684+00:00,10065.931851973386,10065.950761942218,10000.0
2026-07-23T00:27:28.459120+00:00,10069.2375395953,10069.261326508698,10000.0
2026-07-23T00:28:32.980296+00:00,10065.604508861286,10065.638748150152,10000.0
2026-07-23T00:29:38.848042+00:00,10059.746045823627,10059.771017031022,10000.0
2026-07-23T00:30:43.528644+00:00,10050.58731204143,10050.605730534204,10000.0
2026-07-23T00:31:48.370198+00:00,10053.003466453945,10053.039257150356,10000.0
2026-07-23T00:32:52.677407+00:00,10054.76407905948,10054.787084804768,10000.0
2026-07-23T00:33:57.275111+00:00,10053.846727621203,10053.879914220475,10000.0
2026-07-23T00:35:01.825357+00:00,10061.359970706317,10061.392509727695,10000.0
2026-07-23T00:36:07.415133+00:00,10061.484550982033,10061.516825686762,10000.0
2026-07-23T00:37:13.293985+00:00,10051.09068823347,10051.099642589568,10000.0
2026-07-23T00:38:18.840616+00:00,10050.48807747967,10050.495830319695,10000.0
2026-07-23T00:39:23.001106+00:00,10049.513861388143,10049.52253147148,10000.0
2026-07-23T00:40:27.923230+00:00,10049.643772937363,10049.643269744773,10000.0
2026-07-23T00:41:32.934825+00:00,10052.229030668346,10052.230066062626,10000.0
2026-07-23T00:42:38.447215+00:00,10049.235295758752,10049.241343143525,10000.0
2026-07-23T00:43:44.462422+00:00,10049.167498379857,10049.170614588174,10000.0
2026-07-23T00:44:49.574583+00:00,10047.47326477198,10047.47867953646,10000.0
2026-07-23T00:45:54.371468+00:00,10048.869873989257,10048.867032790913,10000.0
2026-07-23T00:46:59.643399+00:00,10054.300483714607,10054.317928388024,10000.0
2026-07-23T00:48:04.033680+00:00,10053.22414628077,10053.22636921067,10000.0
2026-07-23T00:49:08.605200+00:00,10053.332122081705,10053.343190477506,10000.0
2026-07-23T00:50:13.572734+00:00,10046.031980056889,10046.026096004367,10000.0
2026-07-23T00:51:17.786253+00:00,10045.268124838529,10045.268461095196,10000.0
2026-07-23T00:52:22.118732+00:00,10053.760067770618,10053.774015659557,10000.0
2026-07-23T00:53:26.217508+00:00,10045.835235475044,10045.842714312912,10000.0
2026-07-23T00:54:31.237698+00:00,10047.01014913176,10047.015557663753,10000.0
2026-07-23T00:55:35.405359+00:00,10043.348395594929,10043.357797904131,10000.0
2026-07-23T00:56:39.874819+00:00,10040.097898034883,10040.119006408022,10000.0
2026-07-23T00:57:44.857727+00:00,10037.060917202221,10037.078532975524,10000.0
2026-07-23T00:58:49.306011+00:00,10040.345413248342,10040.388115728138,10000.0
2026-07-23T00:59:53.337359+00:00,10038.450424327217,10038.48409127381,10000.0
2026-07-23T01:00:57.859397+00:00,10036.387573626691,10036.422148233338,10000.0
2026-07-23T01:02:05.598170+00:00,10035.665631554548,10035.680953112438,10000.0
2026-07-23T01:03:10.601214+00:00,10039.241843565494,10039.262071711542,10000.0
2026-07-23T01:04:15.089789+00:00,10041.959968995738,10041.986349973307,10000.0
2026-07-23T01:05:19.142564+00:00,10047.269599866977,10047.297098812145,10000.0
2026-07-23T01:06:23.347400+00:00,10051.332713239717,10051.350955265765,10000.0
2026-07-23T01:07:27.712772+00:00,10047.631116022898,10047.64570937847,10000.0
2026-07-23T01:08:31.867926+00:00,10038.961173013744,10038.970706711378,10000.0
2026-07-23T01:09:36.830777+00:00,10029.662767458229,10029.6672778223,10000.0
2026-07-23T01:10:40.852326+00:00,10032.302097615331,10032.297370313805,10000.0
2026-07-23T01:11:46.665740+00:00,10035.172493821461,10035.171033064227,10000.0
2026-07-23T01:12:51.432328+00:00,10029.664146580193,10029.643061548408,10000.0
2026-07-23T01:13:56.600497+00:00,10032.046811715263,10032.039270166062,10000.0
2026-07-23T01:15:00.964554+00:00,10032.099161728045,10032.091624325803,10000.0
2026-07-23T01:16:05.667043+00:00,10029.748104194403,10029.744549224339,10000.0
2026-07-23T01:17:10.281234+00:00,10024.862873837741,10024.858474234048,10000.0
2026-07-23T01:18:14.997769+00:00,10018.122601315079,10018.095690193117,10000.0
2026-07-23T01:19:20.629855+00:00,10012.48684143593,10012.449669035695,10000.0
2026-07-23T01:20:26.334368+00:00,10016.462394844833,10016.428415791692,10000.0
2026-07-23T01:21:30.928822+00:00,10027.145710393428,10027.119843779736,10000.0
2026-07-23T01:22:36.178520+00:00,10027.54947562789,10027.528613563423,10000.0
2026-07-23T01:23:41.050144+00:00,10023.329762449403,10023.299543468216,10000.0
2026-07-23T01:24:45.246025+00:00,10029.133889907675,10029.10975119981,10000.0
2026-07-23T01:25:49.513033+00:00,10022.46759873067,10022.443080727577,10000.0
2026-07-23T01:26:55.686404+00:00,10025.08780322487,10025.06703982792,10000.0
2026-07-23T01:28:00.623148+00:00,10028.661190046223,10028.644347509673,10000.0
2026-07-23T01:29:05.817394+00:00,10026.936666521504,10026.921102473158,10000.0
2026-07-23T01:30:10.122681+00:00,10023.133575250138,10023.106853817811,10000.0
2026-07-23T01:31:14.750189+00:00,10012.423010341377,10012.391915695222,10000.0
2026-07-23T01:32:19.224475+00:00,10004.21618082197,10004.17746482402,10000.0
2026-07-23T01:33:24.218925+00:00,10013.462411336963,10013.442209678331,10000.0
2026-07-23T01:34:28.654792+00:00,10010.792721435959,10010.763073580189,10000.0
2026-07-23T01:35:34.252883+00:00,10004.912476395863,10004.883528050768,10000.0
2026-07-23T01:36:40.748150+00:00,10000.955234571575,10000.923993721695,10000.0
2026-07-23T01:37:45.191088+00:00,10001.254824707865,10001.228395647746,10000.0
2026-07-23T01:38:51.080631+00:00,9998.74327421549,9998.721315255585,10000.0
2026-07-23T01:39:55.985789+00:00,9999.583734733502,9999.556170024069,10000.0
2026-07-23T01:41:00.103751+00:00,10002.761338205813,10002.738700709777,10000.0
2026-07-23T01:42:04.318350+00:00,10001.854438870396,10001.839159570689,10000.0
2026-07-23T01:43:08.836809+00:00,10004.531745534656,10004.506649918685,10000.0
2026-07-23T01:44:13.477680+00:00,10004.981499709333,10004.961831981827,10000.0
2026-07-23T01:45:18.040726+00:00,10001.509421479195,10001.490140193215,10000.0
2026-07-23T01:46:23.487127+00:00,10006.392056189312,10006.368780615778,10000.0
2026-07-23T01:47:28.021379+00:00,10002.597357019367,10002.571578424238,10000.0
2026-07-23T01:48:32.579647+00:00,10005.170605633371,10005.14342285307,10000.0
2026-07-23T01:49:37.640769+00:00,10008.25342608938,10008.233318378085,10000.0
2026-07-23T01:50:42.220750+00:00,10007.76979711114,10007.749710844382,10000.0
2026-07-23T01:51:46.494770+00:00,10011.66045732875,10011.649873699302,10000.0
2026-07-23T01:52:50.805853+00:00,10007.954612901554,10007.93507999489,10000.0
2026-07-23T01:53:55.234641+00:00,10005.771148241518,10005.757709673853,10000.0
2026-07-23T01:54:59.775095+00:00,10012.71672999151,10012.71224059327,10000.0
2026-07-23T01:56:04.238446+00:00,10013.357435017904,10013.353231503857,10000.0
2026-07-23T01:57:08.791442+00:00,10013.219381320396,10013.214771316085,10000.0
2026-07-23T01:58:13.810211+00:00,10010.134726789862,10010.12683034457,10000.0
2026-07-23T01:59:17.978434+00:00,10007.051865764457,10007.03179831765,10000.0
2026-07-23T02:00:23.238443+00:00,10003.71059962278,10003.685941915235,10000.0
2026-07-23T02:01:27.470151+00:00,10001.73970984615,10001.727455728047,10000.0
2026-07-23T02:02:31.652124+00:00,10001.923062238806,10001.90877115917,10000.0
2026-07-23T02:03:36.675034+00:00,9993.839562684247,9993.81751858257,10000.0
2026-07-23T02:04:41.059355+00:00,9997.243476941168,9997.210243798345,10000.0
2026-07-23T02:05:46.741133+00:00,9999.72841088049,9999.699631287689,10000.0
2026-07-23T02:06:50.822684+00:00,10001.491298644545,10001.465612264332,10000.0
2026-07-23T02:07:56.963340+00:00,10000.830470279116,10000.795928483549,10000.0
2026-07-23T02:09:01.408901+00:00,10000.63453232052,10000.599059650838,10000.0
2026-07-23T02:10:06.636738+00:00,9998.395951024424,9998.36236671106,10000.0
2026-07-23T02:11:12.309351+00:00,9997.529376778484,9997.48954558418,10000.0
2026-07-23T02:12:17.593502+00:00,9997.163436827926,9997.123773274245,10000.0
2026-07-23T02:13:21.764903+00:00,9993.566178595149,9993.522300018696,10000.0
2026-07-23T02:14:25.893767+00:00,9991.702271115872,9991.661981143125,10000.0
2026-07-23T02:15:30.089261+00:00,9990.442781383745,9990.403815084795,10000.0
2026-07-23T02:16:35.126222+00:00,9989.732962311331,9989.695362266328,10000.0
2026-07-23T02:17:39.265551+00:00,9988.752283300415,9988.713648304298,10000.0
2026-07-23T02:18:44.099856+00:00,9986.182823005833,9986.139375079849,10000.0
2026-07-23T02:19:49.723312+00:00,9992.182159835631,9992.1482555946,10000.0
2026-07-23T02:20:54.845780+00:00,9990.34787531058,9990.301925085452,10000.0
2026-07-23T02:21:59.215620+00:00,9985.862395363733,9985.810656932192,10000.0
2026-07-23T02:23:03.301107+00:00,9980.190992328024,9980.130232103533,10000.0
2026-07-23T02:24:08.605084+00:00,9978.46070283158,9978.400467727683,10000.0
2026-07-23T02:25:12.879657+00:00,9980.986336598617,9980.930121577425,10000.0
2026-07-23T02:26:17.063427+00:00,9974.744331109821,9974.679977266449,10000.0
2026-07-23T02:27:21.862871+00:00,9969.591643268042,9969.535371708971,10000.0
2026-07-23T02:28:26.660932+00:00,9977.905221299683,9977.850827404704,10000.0
2026-07-23T02:29:30.710524+00:00,9979.045608020275,9978.994936042625,10000.0
2026-07-23T02:30:34.773869+00:00,9981.687356914648,9981.635368228428,10000.0
2026-07-23T02:31:39.535120+00:00,9979.862610136197,9979.806243872687,10000.0
2026-07-23T02:32:44.566154+00:00,9987.550141473937,9987.501942647255,10000.0
2026-07-23T02:33:48.615110+00:00,9993.062791955454,9993.014921789189,10000.0
2026-07-23T02:34:54.381345+00:00,9994.89007471527,9994.840541638208,10000.0
2026-07-23T02:35:58.548377+00:00,9996.031342188262,9995.98622827124,10000.0
2026-07-23T02:37:02.897484+00:00,9992.879055704845,9992.832968844754,10000.0
2026-07-23T02:38:07.806240+00:00,9985.711821615652,9985.656680080738,10000.0
2026-07-23T02:39:12.570022+00:00,9985.716970640906,9985.667770462303,10000.0
2026-07-23T02:40:17.059005+00:00,9986.972580898095,9986.923010408036,10000.0
2026-07-23T02:41:21.477582+00:00,9983.98089631501,9983.927744978908,10000.0
2026-07-23T02:42:26.576238+00:00,9987.406984494006,9987.361287362823,10000.0
2026-07-23T02:43:31.856367+00:00,9987.692012775842,9987.640838359363,10000.0
2026-07-23T02:44:36.799704+00:00,9989.366125932727,9989.313942485862,10000.0
2026-07-23T02:45:41.653618+00:00,9995.430012750858,9995.376656682174,10000.0
2026-07-23T02:46:46.624116+00:00,9995.321688785245,9995.269267458654,10000.0
2026-07-23T02:47:53.447291+00:00,9989.556375332382,9989.498159011213,10000.0
2026-07-23T02:48:58.382718+00:00,9993.871898636793,9993.820565312446,10000.0
2026-07-23T02:50:02.541702+00:00,9992.813579493684,9992.763473460518,10000.0
2026-07-23T02:51:06.765346+00:00,9991.724384794874,9991.670416309502,10000.0
2026-07-23T02:52:10.941713+00:00,9998.734316394148,9998.684194756646,10000.0
2026-07-23T02:53:16.429949+00:00,9996.781078112395,9996.727524439573,10000.0
2026-07-23T02:54:20.613819+00:00,9999.364451539474,9999.318209639658,10000.0
2026-07-23T02:55:24.769506+00:00,9997.15618826024,9997.110757212362,10000.0
2026-07-23T02:56:29.789049+00:00,9998.877653269097,9998.835300852528,10000.0
2026-07-23T02:57:33.767082+00:00,10002.235915460958,10002.195444467645,10000.0
2026-07-23T02:58:37.761009+00:00,10003.989381717418,10003.95187426087,10000.0
2026-07-23T02:59:42.188875+00:00,10000.847081685195,10000.811679866032,10000.0
2026-07-23T03:00:46.806636+00:00,10000.834558898212,10000.792941790245,10000.0
2026-07-23T03:01:51.665898+00:00,9998.89292298949,9998.852589035516,10000.0
2026-07-23T03:02:55.617667+00:00,10001.466529064599,10001.436438450744,10000.0
2026-07-23T03:03:59.576075+00:00,9997.503945975765,9997.470726502106,10000.0
2026-07-23T03:05:03.710530+00:00,9991.699518107356,9991.666185755092,10000.0
2026-07-23T03:06:07.698571+00:00,9982.584261443904,9982.547165230577,10000.0
2026-07-23T03:07:11.711549+00:00,9987.276180055329,9987.240903384773,10000.0
2026-07-23T03:08:16.449284+00:00,9986.290918965722,9986.257025288764,10000.0
2026-07-23T03:09:20.634684+00:00,9981.74262459698,9981.706256098683,10000.0
2026-07-23T03:10:25.072472+00:00,9987.509783046824,9987.477440726512,10000.0
2026-07-23T03:11:30.348533+00:00,9977.529583849691,9977.492689183244,10000.0
2026-07-23T03:12:34.367078+00:00,9973.767158349896,9973.73140821681,10000.0
2026-07-23T03:13:38.770883+00:00,9968.360042013881,9968.326100111664,10000.0
2026-07-23T03:14:42.779467+00:00,9976.32320728595,9976.301177527857,10000.0
2026-07-23T03:15:46.808157+00:00,9976.141743731465,9976.12669811331,10000.0
2026-07-23T03:16:51.630228+00:00,9975.813752143698,9975.793071497972,10000.0
2026-07-23T03:17:55.835081+00:00,9977.647271086136,9977.631615909364,10000.0
2026-07-23T03:19:00.048385+00:00,9973.91055963248,9973.88004883161,10000.0
2026-07-23T03:20:05.368177+00:00,9974.0380571836,9974.007506456379,10000.0
2026-07-23T03:21:11.488314+00:00,9979.429073089355,9979.398776805125,10000.0
2026-07-23T03:22:16.523236+00:00,9981.81056306023,9981.785192500025,10000.0
2026-07-23T03:23:20.906228+00:00,9984.177012976465,9984.156355369196,10000.0
2026-07-23T03:24:24.946670+00:00,9980.315592000616,9980.298487727365,10000.0
2026-07-23T03:25:29.974719+00:00,9977.460596868388,9977.438747210888,10000.0
2026-07-23T03:26:34.145241+00:00,9970.949279488288,9970.927531510784,10000.0
2026-07-23T03:27:39.408213+00:00,9972.520446290762,9972.503069103275,10000.0
2026-07-23T03:28:43.979164+00:00,9974.376342036878,9974.357788173036,10000.0
2026-07-23T03:29:48.249877+00:00,9979.054888639514,9979.032207790264,10000.0
2026-07-23T03:30:52.299144+00:00,9988.841538331333,9988.830161641825,10000.0
2026-07-23T03:31:56.301948+00:00,9984.366115699117,9984.35654332567,10000.0
2026-07-23T03:33:01.256606+00:00,9984.349518146457,9984.340790833172,10000.0
2026-07-23T03:34:05.629836+00:00,9984.502638620967,9984.493158762156,10000.0
2026-07-23T03:35:09.777948+00:00,9983.302863639312,9983.288694859595,10000.0
2026-07-23T03:36:14.244631+00:00,9983.598928043111,9983.584527502839,10000.0
2026-07-23T03:37:18.549335+00:00,9984.426474812723,9984.396154501337,10000.0
2026-07-23T03:38:22.788549+00:00,9985.672249050467,9985.647667624637,10000.0
2026-07-23T03:39:26.835010+00:00,9989.45888454063,9989.44449831287,10000.0
2026-07-23T03:40:31.054888+00:00,9988.468484187151,9988.461178616664,10000.0
2026-07-23T03:41:35.362767+00:00,9985.393427757985,9985.390432464996,10000.0
2026-07-23T03:42:40.136894+00:00,9984.694053307046,9984.685478885904,10000.0
2026-07-23T03:43:44.476135+00:00,9981.759287991688,9981.75447487855,10000.0
2026-07-23T03:44:48.689383+00:00,9985.99367990362,9985.990886356207,10000.0
2026-07-23T03:45:53.296598+00:00,9985.8137522512,9985.809897405125,10000.0
2026-07-23T03:46:58.184736+00:00,9983.362241463909,9983.35373343897,10000.0
2026-07-23T03:48:02.743802+00:00,9984.047841859736,9984.038974615278,10000.0
2026-07-23T03:49:06.753982+00:00,9982.040137335813,9982.03309164069,10000.0
2026-07-23T03:50:11.589959+00:00,9969.696311515894,9969.677646572294,10000.0
2026-07-23T03:51:16.497351+00:00,9971.896364527034,9971.87723558826,10000.0
2026-07-23T03:52:20.563368+00:00,9970.220012156105,9970.188760791874,10000.0
2026-07-23T03:53:25.117279+00:00,9972.594068443745,9972.573859472279,10000.0
2026-07-23T03:54:29.167263+00:00,9973.848767896568,9973.841416075762,10000.0
2026-07-23T03:55:33.221569+00:00,9968.965400765228,9968.94844697213,10000.0
2026-07-23T03:56:38.020440+00:00,9968.036412186271,9968.013540205251,10000.0
2026-07-23T03:57:43.265613+00:00,9967.684860852576,9967.656484844732,10000.0
2026-07-23T03:58:47.280197+00:00,9968.080307959997,9968.05097272341,10000.0
2026-07-23T03:59:51.287232+00:00,9970.002094870746,9969.97875848649,10000.0
2026-07-23T04:00:55.937338+00:00,9962.135942521585,9962.094211085592,10000.0
2026-07-23T04:02:01.573206+00:00,9963.353349736737,9963.321752334297,10000.0
2026-07-23T04:03:05.697893+00:00,9965.817460951283,9965.783173161788,10000.0
2026-07-23T04:04:10.324981+00:00,9965.572824980125,9965.54122749715,10000.0
2026-07-23T04:05:14.400909+00:00,9971.599654647931,9971.565200538094,10000.0
2026-07-23T04:06:19.237707+00:00,9972.262872891051,9972.235596781937,10000.0
2026-07-23T04:07:23.636261+00:00,9966.417472722025,9966.389072438289,10000.0
2026-07-23T04:08:28.321970+00:00,9966.133130588605,9966.09991644933,10000.0
2026-07-23T04:09:32.486103+00:00,9971.233604857716,9971.206199385804,10000.0
2026-07-23T04:10:36.626940+00:00,9969.104627323493,9969.07247289879,10000.0
2026-07-23T04:11:41.042380+00:00,9968.31869095063,9968.2935342676,10000.0
2026-07-23T04:12:45.102234+00:00,9974.220516054735,9974.197093509434,10000.0
2026-07-23T04:13:49.332588+00:00,9977.781001646086,9977.766195502338,10000.0
2026-07-23T04:14:53.439808+00:00,9980.457607062397,9980.449596930512,10000.0
2026-07-23T04:15:58.331537+00:00,9984.738303407094,9984.730497353845,10000.0
2026-07-23T04:17:02.850583+00:00,9978.621112623407,9978.612950485774,10000.0
2026-07-23T04:18:07.091133+00:00,9978.395910697325,9978.387496373723,10000.0
2026-07-23T04:19:11.458688+00:00,9978.359714347882,9978.352049559899,10000.0
2026-07-23T04:20:15.900137+00:00,9981.476941615316,9981.471465630342,10000.0
2026-07-23T04:21:20.290659+00:00,9986.017777474548,9986.021235861797,10000.0
2026-07-23T04:22:24.366114+00:00,9989.347911890794,9989.361954602295,10000.0
2026-07-23T04:23:28.393149+00:00,9990.961158230833,9990.972686697563,10000.0
2026-07-23T04:24:32.827621+00:00,9992.645894884072,9992.656313172325,10000.0
2026-07-23T04:25:36.747624+00:00,9995.929796079794,9995.957172398776,10000.0
2026-07-23T04:26:41.338796+00:00,9999.946864186872,9999.975982034848,10000.0
2026-07-23T04:27:45.732178+00:00,9997.853403172188,9997.885139658054,10000.0
2026-07-23T04:28:49.874322+00:00,9996.081823584609,9996.115863313928,10000.0
2026-07-23T04:29:53.862480+00:00,9999.771276222993,9999.820827286947,10000.0
2026-07-23T04:30:58.725084+00:00,9997.223030617963,9997.269249340272,10000.0
2026-07-23T04:32:03.289978+00:00,9990.513086888159,9990.550367415275,10000.0
2026-07-23T04:33:07.658971+00:00,9990.482762459958,9990.517738548517,10000.0
2026-07-23T04:34:12.410894+00:00,9992.082219635024,9992.113392947142,10000.0
2026-07-23T04:35:16.661584+00:00,9992.823511885892,9992.85359322295,10000.0
2026-07-23T04:36:21.483649+00:00,9990.04575221076,9990.06571000052,10000.0
2026-07-23T04:37:26.163706+00:00,9990.279457625255,9990.298744614733,10000.0
2026-07-23T04:38:30.935478+00:00,9985.844582515301,9985.867505043507,10000.0
2026-07-23T04:39:35.284051+00:00,9983.558866297186,9983.567672724736,10000.0
2026-07-23T04:40:39.698667+00:00,9980.440107549017,9980.425997017568,10000.0
2026-07-23T04:41:44.227482+00:00,9976.200882490524,9976.182111657503,10000.0
2026-07-23T04:42:48.591703+00:00,9975.611186046617,9975.593545237673,10000.0
2026-07-23T04:43:52.532333+00:00,9977.207227202332,9977.187106547919,10000.0
2026-07-23T04:44:56.758727+00:00,9979.79963827187,9979.785684697446,10000.0
2026-07-23T04:46:01.393708+00:00,9979.362415904634,9979.359634106602,10000.0
2026-07-23T04:47:06.011119+00:00,9986.046261293523,9986.054126830588,10000.0
2026-07-23T04:48:10.654449+00:00,9988.243689987183,9988.249376970321,10000.0
2026-07-23T04:49:14.635629+00:00,9981.795066181914,9981.790679756872,10000.0
2026-07-23T04:50:18.703213+00:00,9976.292286612326,9976.278675471945,10000.0
2026-07-23T04:51:22.702579+00:00,9973.235941922334,9973.214309325938,10000.0
2026-07-23T04:52:27.194964+00:00,9971.93704595057,9971.918236287447,10000.0
2026-07-23T04:53:31.760990+00:00,9971.541683819834,9971.523460378783,10000.0
2026-07-23T04:54:35.882114+00:00,9968.696252694244,9968.669538895376,10000.0
2026-07-23T04:55:40.005215+00:00,9969.452325131157,9969.433390248194,10000.0
2026-07-23T04:56:44.126197+00:00,9967.696350590028,9967.683461860604,10000.0
2026-07-23T04:57:48.162266+00:00,9970.66014482814,9970.651077072676,10000.0
2026-07-23T04:58:52.419557+00:00,9970.536001399552,9970.535187922944,10000.0
2026-07-23T04:59:57.271950+00:00,9972.021251797913,9972.018973470085,10000.0
2026-07-23T05:01:01.355087+00:00,9967.744605948494,9967.740614453649,10000.0
2026-07-23T05:02:05.924283+00:00,9965.903597799424,9965.901350136566,10000.0
2026-07-23T05:03:10.751158+00:00,9968.149916178361,9968.160935627131,10000.0
2026-07-23T05:04:15.088276+00:00,9970.843853743201,9970.858031054515,10000.0
2026-07-23T05:05:19.182912+00:00,9968.585107872488,9968.603409982805,10000.0
2026-07-23T05:06:23.556619+00:00,9969.895518272773,9969.898216880962,10000.0
2026-07-23T05:07:27.594707+00:00,9969.18459335632,9969.188002025754,10000.0
2026-07-23T05:08:31.797610+00:00,9970.081794787346,9970.081552802405,10000.0
2026-07-23T05:09:35.975214+00:00,9972.010821285989,9972.015073243687,10000.0
2026-07-23T05:10:40.646411+00:00,9970.815777739632,9970.814372375387,10000.0
2026-07-23T05:11:44.637282+00:00,9966.967329102888,9966.972103184034,10000.0
2026-07-23T05:12:49.138052+00:00,9959.934688422498,9959.931222601468,10000.0
2026-07-23T05:13:54.096027+00:00,9964.039225217355,9964.022418162747,10000.0
2026-07-23T05:14:58.270007+00:00,9963.8324260118,9963.824875993152,10000.0
2026-07-23T05:16:02.499489+00:00,9963.438768927872,9963.425690309676,10000.0
2026-07-23T05:17:06.961006+00:00,9955.952526771962,9955.938081298244,10000.0
2026-07-23T05:18:11.126868+00:00,9963.865750195635,9963.853991961765,10000.0
2026-07-23T05:19:15.345762+00:00,9965.788495978846,9965.77550802889,10000.0
2026-07-23T05:20:19.883802+00:00,9966.802947304459,9966.794569163643,10000.0
2026-07-23T05:21:24.325074+00:00,9967.029229380725,9967.01677656099,10000.0
2026-07-23T05:22:28.839369+00:00,9972.10349108318,9972.098371322958,10000.0
2026-07-23T05:23:33.572355+00:00,9966.525185282437,9966.520292841551,10000.0
2026-07-23T05:24:38.776405+00:00,9964.339636309089,9964.33008390038,10000.0
2026-07-23T05:25:43.131176+00:00,9970.81800686724,9970.81399211825,10000.0
2026-07-23T05:26:48.569931+00:00,9977.483009130578,9977.48116493099,10000.0
2026-07-23T05:27:53.151905+00:00,9982.204806595324,9982.205307121541,10000.0
2026-07-23T05:28:57.820199+00:00,9982.508889626217,9982.51475670603,10000.0
2026-07-23T05:30:01.810412+00:00,9984.104831411802,9984.105951000045,10000.0
2026-07-23T05:31:07.120078+00:00,9993.92984624694,9993.940135395856,10000.0
2026-07-23T05:32:11.700849+00:00,9996.55073819005,9996.563095340729,10000.0
2026-07-23T05:33:15.687499+00:00,9994.683216497895,9994.693897166411,10000.0
2026-07-23T05:34:20.072656+00:00,9989.749326088115,9989.765399483398,10000.0
2026-07-23T05:35:24.544897+00:00,9988.211251085106,9988.227179904101,10000.0
2026-07-23T05:36:28.976858+00:00,9988.05060233035,9988.067462657946,10000.0
2026-07-23T05:37:33.069060+00:00,9986.107819258383,9986.12042809547,10000.0
2026-07-23T05:38:37.739663+00:00,9984.830642411078,9984.844760357617,10000.0
2026-07-23T05:39:42.873434+00:00,9981.331653620367,9981.335014573198,10000.0
2026-07-23T05:40:48.519016+00:00,9981.542885496841,9981.546880712693,10000.0
2026-07-23T05:41:56.241796+00:00,9984.021391575354,9984.023079238286,10000.0
2026-07-23T05:43:00.227928+00:00,9984.867909074826,9984.87662588675,10000.0
2026-07-23T05:44:04.458593+00:00,9982.431159167561,9982.434324009724,10000.0
2026-07-23T05:45:10.264159+00:00,9982.133642954503,9982.136016170116,10000.0
2026-07-23T05:46:14.851052+00:00,9983.093355132933,9983.0958543653,10000.0
2026-07-23T05:47:19.245091+00:00,9984.337841330922,9984.338301089865,10000.0
2026-07-23T05:48:24.685213+00:00,9976.847773111844,9976.843301542602,10000.0
2026-07-23T05:49:30.519112+00:00,9975.572346946326,9975.56987261843,10000.0
2026-07-23T05:50:36.503225+00:00,9965.832093628836,9965.818423692743,10000.0
2026-07-23T05:51:40.665905+00:00,9964.066441246441,9964.058202952927,10000.0
2026-07-23T05:52:45.268064+00:00,9965.807616422417,9965.79565966527,10000.0
2026-07-23T05:53:49.917528+00:00,9965.675953716593,9965.663122698235,10000.0
2026-07-23T05:54:55.386116+00:00,9965.457339512468,9965.4467549996,10000.0
2026-07-23T05:55:59.362616+00:00,9966.619084541346,9966.606207927422,10000.0
2026-07-23T05:57:03.646308+00:00,9971.606313835839,9971.593832084429,10000.0
2026-07-23T05:58:08.553712+00:00,9972.608807686527,9972.600041738318,10000.0
2026-07-23T05:59:13.418465+00:00,9972.812849822343,9972.80396976082,10000.0
2026-07-23T06:00:17.814187+00:00,9972.2510910487,9972.240188921796,10000.0
2026-07-23T06:01:22.896748+00:00,9977.417348191739,9977.415529871869,10000.0
2026-07-23T06:02:27.310059+00:00,9974.21535798946,9974.208583854797,10000.0
2026-07-23T06:03:32.163338+00:00,9971.559401462391,9971.549002223612,10000.0
2026-07-23T06:04:36.366068+00:00,9973.27818992573,9973.264226564545,10000.0
2026-07-23T06:05:40.398623+00:00,9975.492195135828,9975.482025061418,10000.0
2026-07-23T06:06:44.477420+00:00,9977.168609096521,9977.163820382013,10000.0
2026-07-23T06:07:49.268547+00:00,9970.453032674961,9970.431684370047,10000.0
2026-07-23T06:08:54.396508+00:00,9968.331284407264,9968.315009082746,10000.0
2026-07-23T06:09:58.990828+00:00,9965.903669029241,9965.887160798344,10000.0
2026-07-23T06:11:03.031940+00:00,9968.258253396509,9968.24566754951,10000.0
2026-07-23T06:12:06.981582+00:00,9964.668176222644,9964.653475928266,10000.0
2026-07-23T06:13:10.984176+00:00,9967.826372984917,9967.81343958812,10000.0
2026-07-23T06:14:15.032561+00:00,9971.871715514004,9971.854902901205,10000.0
2026-07-23T06:15:20.027945+00:00,9971.958028294035,9971.941496008008,10000.0
2026-07-23T06:16:24.149149+00:00,9972.205066850076,9972.194261715162,10000.0
2026-07-23T06:17:28.635274+00:00,9971.747618328462,9971.730375128143,10000.0
2026-07-23T06:18:32.826641+00:00,9973.729421265758,9973.717026203962,10000.0
2026-07-23T06:19:36.932508+00:00,9973.301894332562,9973.282950426072,10000.0
2026-07-23T06:20:41.193124+00:00,9981.898406853212,9981.887856178091,10000.0
2026-07-23T06:21:46.569319+00:00,9978.447578965064,9978.433643610913,10000.0
2026-07-23T06:22:51.454043+00:00,9972.172782351447,9972.150456897241,10000.0
2026-07-23T06:23:57.121247+00:00,9968.090364965119,9968.06819038607,10000.0
2026-07-23T06:25:02.275358+00:00,9963.314549707846,9963.290852771808,10000.0
2026-07-23T06:26:06.688206+00:00,9967.425934953242,9967.390808695834,10000.0
2026-07-23T06:27:10.675224+00:00,9971.232606402744,9971.19857665116,10000.0
2026-07-23T06:28:15.626442+00:00,9972.117090825963,9972.09038959599,10000.0
2026-07-23T06:29:20.313592+00:00,9976.472492399622,9976.445902564987,10000.0
2026-07-23T06:30:24.798401+00:00,9977.197276807125,9977.171484120512,10000.0
2026-07-23T06:31:29.605393+00:00,9976.206450226242,9976.172850120414,10000.0
2026-07-23T06:32:34.603779+00:00,9976.467539662897,9976.433398183095,10000.0
2026-07-23T06:33:38.719765+00:00,9976.88496157679,9976.851935475159,10000.0
2026-07-23T06:34:42.800253+00:00,9974.221484891312,9974.186258518992,10000.0
2026-07-23T06:35:47.320448+00:00,9971.960255071548,9971.915167084262,10000.0
2026-07-23T06:36:51.916949+00:00,9974.819176374369,9974.776539615448,10000.0
2026-07-23T06:37:56.258777+00:00,9975.342358698475,9975.29903680128,10000.0
2026-07-23T06:39:01.690240+00:00,9976.21450596111,9976.176302351485,10000.0
2026-07-23T06:40:07.016679+00:00,9975.815180136358,9975.772680974738,10000.0
2026-07-23T06:41:12.682442+00:00,9978.010870389355,9977.973246601694,10000.0
2026-07-23T06:42:17.559040+00:00,9980.501977834467,9980.46180070527,10000.0
2026-07-23T06:43:22.781532+00:00,9983.20294929026,9983.16044229914,10000.0
2026-07-23T06:44:27.822923+00:00,9981.033869402672,9981.000439754162,10000.0
2026-07-23T06:45:33.338317+00:00,9980.709606052696,9980.684911725712,10000.0
2026-07-23T06:46:38.421820+00:00,9984.0970797474,9984.067978615381,10000.0
2026-07-23T06:47:44.205792+00:00,9984.317186208727,9984.289245438169,10000.0
2026-07-23T06:48:50.056750+00:00,9984.96772700963,9984.94535719425,10000.0
2026-07-23T06:49:56.001395+00:00,9983.761149489066,9983.7347173112,10000.0
2026-07-23T06:51:02.089673+00:00,9984.298803704673,9984.273381862764,10000.0
2026-07-23T06:52:06.796366+00:00,9982.332690216495,9982.304158702582,10000.0
2026-07-23T06:53:11.570094+00:00,9978.744801100014,9978.714641703502,10000.0
2026-07-23T06:54:19.342753+00:00,9984.434809383663,9984.407034513431,10000.0
2026-07-23T06:55:24.005580+00:00,9981.717744578114,9981.692559516847,10000.0
2026-07-23T06:56:29.208660+00:00,9981.292451910733,9981.270214464617,10000.0
2026-07-23T06:57:33.709087+00:00,9981.48736860565,9981.465954426727,10000.0
2026-07-23T06:58:38.514634+00:00,9981.442031257484,9981.426873196398,10000.0
2026-07-23T06:59:43.164097+00:00,9982.644788299982,9982.620727027677,10000.0
2026-07-23T07:00:47.750281+00:00,9975.318169053373,9975.29818463488,10000.0
2026-07-23T07:01:52.259786+00:00,9968.532056953301,9968.505292398195,10000.0
2026-07-23T07:02:57.419095+00:00,9974.95633364549,9974.929657166735,10000.0
2026-07-23T07:04:02.137315+00:00,9977.006008470747,9976.99101602659,10000.0
2026-07-23T07:05:07.937416+00:00,9971.598050240149,9971.572064019056,10000.0
2026-07-23T07:06:13.804336+00:00,9969.540459007716,9969.515822396403,10000.0
2026-07-23T07:07:19.821646+00:00,9968.969528257425,9968.945674751265,10000.0
2026-07-23T07:08:25.724206+00:00,9966.078384926623,9966.052445817824,10000.0
2026-07-23T07:09:31.601632+00:00,9962.702824737724,9962.681097081548,10000.0
2026-07-23T07:10:37.632842+00:00,9962.261796159077,9962.23948858096,10000.0
2026-07-23T07:11:42.892225+00:00,9929.98082992401,9929.939254464896,10000.0
2026-07-23T07:12:48.284027+00:00,9918.627571904643,9918.5701993742,10000.0
2026-07-23T07:13:53.339987+00:00,9921.946936952983,9921.902729600732,10000.0
2026-07-23T07:15:00.288648+00:00,9938.8068008443,9938.767785292268,10000.0
2026-07-23T07:16:05.315394+00:00,9938.239408861387,9938.198522213313,10000.0
2026-07-23T07:17:11.195043+00:00,9940.153981180945,9940.121883530483,10000.0
2026-07-23T07:18:16.598497+00:00,9940.70058035711,9940.67358231511,10000.0
2026-07-23T07:19:22.519625+00:00,9936.995950505403,9936.96991620811,10000.0
2026-07-23T07:20:28.643139+00:00,9930.69704063234,9930.666397003524,10000.0
2026-07-23T07:21:34.800308+00:00,9936.501062731984,9936.473233806766,10000.0
2026-07-23T07:22:40.553887+00:00,9937.188607368002,9937.158177089234,10000.0
2026-07-23T07:23:47.035359+00:00,9938.638127960496,9938.612709796955,10000.0
2026-07-23T07:24:52.947912+00:00,9933.39452329857,9933.360713495491,10000.0
2026-07-23T07:25:59.120146+00:00,9938.786580276394,9938.759229177072,10000.0
2026-07-23T07:27:05.609995+00:00,9935.661743826215,9935.637519848018,10000.0
2026-07-23T07:28:10.811166+00:00,9937.934398216667,9937.905178875008,10000.0
2026-07-23T07:29:16.427411+00:00,9936.10029595604,9936.072968952296,10000.0
2026-07-23T07:30:23.184758+00:00,9938.789250104603,9938.763772348582,10000.0
2026-07-23T07:31:29.630987+00:00,9935.180112419095,9935.146514830698,10000.0
2026-07-23T07:32:35.324140+00:00,9933.673432508242,9933.647808309757,10000.0
2026-07-23T07:33:41.418688+00:00,9941.13081777897,9941.108783797728,10000.0
2026-07-23T07:34:47.654345+00:00,9937.397802660958,9937.370731071675,10000.0
2026-07-23T07:35:52.900444+00:00,9937.635679578983,9937.608753128825,10000.0
2026-07-23T07:36:58.985675+00:00,9941.311856861472,9941.285760259516,10000.0
2026-07-23T07:38:04.396265+00:00,9942.234114497292,9942.207129560233,10000.0
2026-07-23T07:39:10.314582+00:00,9941.279067999067,9941.249304414241,10000.0
2026-07-23T07:40:15.833423+00:00,9935.793231001673,9935.769714994436,10000.0
2026-07-23T07:41:21.798133+00:00,9934.68646671506,9934.659640249734,10000.0
2026-07-23T07:42:27.404320+00:00,9930.040515447727,9930.011743426821,10000.0
2026-07-23T07:43:32.713997+00:00,9929.284824766944,9929.25516267697,10000.0
2026-07-23T07:44:38.342160+00:00,9928.067946009636,9928.039525590584,10000.0
2026-07-23T07:45:44.356589+00:00,9925.468631528922,9925.442670621796,10000.0
2026-07-23T07:46:49.686244+00:00,9933.89847174061,9933.86881316257,10000.0
2026-07-23T07:47:55.146631+00:00,9929.509421584004,9929.474139591708,10000.0
2026-07-23T07:49:01.097005+00:00,9934.870537571818,9934.840760708164,10000.0
2026-07-23T07:50:08.069887+00:00,9930.816239954036,9930.787033651211,10000.0
2026-07-23T07:51:13.831733+00:00,9931.345943669368,9931.318737210164,10000.0
2026-07-23T07:52:20.373203+00:00,9928.135841196548,9928.110740962173,10000.0
2026-07-23T07:53:25.677167+00:00,9929.898873475917,9929.87422050387,10000.0
2026-07-23T07:54:30.979643+00:00,9932.426074247656,9932.397892084506,10000.0
2026-07-23T07:55:36.678527+00:00,9936.846663186445,9936.821733173287,10000.0
2026-07-23T07:56:42.547497+00:00,9938.626101041837,9938.610513297237,10000.0
2026-07-23T07:57:47.815714+00:00,9940.90197504894,9940.887247253202,10000.0
2026-07-23T07:58:53.069771+00:00,9939.209585007799,9939.195033692797,10000.0
2026-07-23T07:59:58.422662+00:00,9936.796254070217,9936.780598221601,10000.0
2026-07-23T08:01:04.463352+00:00,9935.271889204154,9935.25344054886,10000.0
2026-07-23T08:02:09.980602+00:00,9931.550157621186,9931.52695469553,10000.0
2026-07-23T08:03:15.773336+00:00,9931.894792640844,9931.87667638268,10000.0
2026-07-23T08:04:22.317275+00:00,9938.760772031583,9938.747291943322,10000.0
2026-07-23T08:05:28.066038+00:00,9937.193839597041,9937.180065544875,10000.0
2026-07-23T08:06:33.395515+00:00,9939.762168227884,9939.744349631914,10000.0
2026-07-23T08:07:39.279558+00:00,9942.333381167024,9942.313795275039,10000.0
2026-07-23T08:08:44.547662+00:00,9947.970963535241,9947.952816786099,10000.0
2026-07-23T08:09:50.047182+00:00,9946.143045522267,9946.12457228767,10000.0
2026-07-23T08:10:56.121613+00:00,9946.994565190582,9946.975914123013,10000.0
2026-07-23T08:12:01.876544+00:00,9951.651655144702,9951.631619918446,10000.0
2026-07-23T08:13:08.044545+00:00,9951.144487408217,9951.126580415847,10000.0
2026-07-23T08:14:13.774106+00:00,9950.261102447095,9950.242812295746,10000.0
2026-07-23T08:15:19.209073+00:00,9951.562068874631,9951.54282801246,10000.0
2026-07-23T08:16:25.217520+00:00,9945.686108928867,9945.66835106506,10000.0
2026-07-23T08:17:31.537241+00:00,9956.500729003252,9956.480698198226,10000.0
2026-07-23T08:18:37.417763+00:00,9957.846072926455,9957.828570747832,10000.0
2026-07-23T08:19:42.735785+00:00,9958.225658565341,9958.20850071429,10000.0
2026-07-23T08:20:47.331655+00:00,9958.992283379765,9958.974951046674,10000.0
2026-07-23T08:21:54.869250+00:00,9951.224469437453,9951.207428051306,10000.0
2026-07-23T08:22:59.647181+00:00,9950.595816091798,9950.573685797788,10000.0
2026-07-23T08:24:05.525960+00:00,9948.604647089112,9948.583371516585,10000.0
2026-07-23T08:25:11.369928+00:00,9948.12023709693,9948.097019286575,10000.0
2026-07-23T08:26:17.166548+00:00,9948.301959062344,9948.283523098857,10000.0
2026-07-23T08:27:22.605773+00:00,9954.154066825593,9954.133154605288,10000.0
2026-07-23T08:28:27.894478+00:00,9957.923788073174,9957.902860544267,10000.0
2026-07-23T08:29:33.228343+00:00,9958.658438623239,9958.63917606446,10000.0
2026-07-23T08:30:38.579606+00:00,9967.92763893741,9967.909756768384,10000.0
2026-07-23T08:31:44.127738+00:00,9972.723100384577,9972.707736358872,10000.0
2026-07-23T08:32:49.509404+00:00,9965.437180638199,9965.422740766897,10000.0
2026-07-23T08:33:55.516035+00:00,9965.804266031957,9965.789426236212,10000.0
2026-07-23T08:35:01.118137+00:00,9969.99056287682,9969.986924721768,10000.0
2026-07-23T08:36:07.375420+00:00,9970.124934438782,9970.122065613603,10000.0
2026-07-23T08:37:13.376716+00:00,9972.786365013642,9972.787389088007,10000.0
2026-07-23T08:38:19.931175+00:00,9970.695224984973,9970.695275003167,10000.0
2026-07-23T08:39:25.095287+00:00,9970.561609973493,9970.563361347595,10000.0
2026-07-23T08:40:31.053751+00:00,9968.466053246491,9968.46826808614,10000.0
2026-07-23T08:41:36.642810+00:00,9970.038300283179,9970.03890168676,10000.0
2026-07-23T08:42:42.955110+00:00,9970.382811901238,9970.38770356828,10000.0
2026-07-23T08:43:48.454445+00:00,9976.364641909298,9976.36286902581,10000.0
2026-07-23T08:44:55.100955+00:00,9973.517501846789,9973.51748529215,10000.0
2026-07-23T08:46:01.367315+00:00,9971.846012253154,9971.845772492072,10000.0
2026-07-23T08:47:07.916167+00:00,9972.224099015475,9972.222851281549,10000.0
2026-07-23T08:48:14.123798+00:00,9971.340270458299,9971.338519069692,10000.0
2026-07-23T08:49:19.974451+00:00,9972.447050927065,9972.449995681585,10000.0
2026-07-23T08:50:26.421748+00:00,9968.281234501083,9968.278231551,10000.0
2026-07-23T08:51:32.378568+00:00,9968.424862942253,9968.41945121114,10000.0
2026-07-23T08:52:37.973153+00:00,9971.003684747517,9971.001691736803,10000.0
2026-07-23T08:53:44.112482+00:00,9968.81448514539,9968.801006767475,10000.0
2026-07-23T08:54:49.928458+00:00,9971.063103533135,9971.04624302186,10000.0
2026-07-23T08:55:55.910338+00:00,9970.146712180702,9970.124814722138,10000.0
2026-07-23T08:57:01.482022+00:00,9973.402936599572,9973.385018164441,10000.0
2026-07-23T08:58:07.428934+00:00,9973.59292943806,9973.57465064265,10000.0
2026-07-23T08:59:13.358330+00:00,9976.142690999053,9976.127226832325,10000.0
2026-07-23T09:00:19.606147+00:00,9971.85026076496,9971.830769632434,10000.0
2026-07-23T09:01:25.614133+00:00,9969.987652272379,9969.962795849757,10000.0
2026-07-23T09:02:31.753174+00:00,9978.244116665677,9978.225603897412,10000.0
2026-07-23T09:03:37.671810+00:00,9987.223011008873,9987.214592658624,10000.0
2026-07-23T09:04:43.606736+00:00,9987.397573843395,9987.382916253868,10000.0
2026-07-23T09:05:50.465749+00:00,9988.766596858019,9988.748796820888,10000.0
2026-07-23T09:06:56.231524+00:00,9990.135106463376,9990.108150943668,10000.0
2026-07-23T09:08:01.155003+00:00,9988.886568028633,9988.872759845728,10000.0
2026-07-23T09:09:09.384720+00:00,9989.300326227536,9989.276322351032,10000.0
2026-07-23T09:10:15.280555+00:00,9987.378371463192,9987.361761453998,10000.0
2026-07-23T09:11:21.205409+00:00,9986.479791242493,9986.463420548096,10000.0
2026-07-23T09:12:27.102287+00:00,9986.359827538572,9986.344312540505,10000.0
2026-07-23T09:13:33.618875+00:00,9984.678730347483,9984.660453920234,10000.0
2026-07-23T09:14:38.875694+00:00,9985.944880188918,9985.924683432997,10000.0
2026-07-23T09:15:44.835781+00:00,9985.131178352296,9985.111603622394,10000.0
2026-07-23T09:16:50.884633+00:00,9988.193729720744,9988.177672616825,10000.0
2026-07-23T09:17:56.802622+00:00,9990.61534463919,9990.607115402674,10000.0
2026-07-23T09:19:02.387250+00:00,9992.120860118213,9992.111826431044,10000.0
2026-07-23T09:20:08.625807+00:00,9993.42669034493,9993.417163302978,10000.0
2026-07-23T09:21:15.572230+00:00,9997.193429331159,9997.17985947462,10000.0
2026-07-23T09:22:21.583807+00:00,9990.818251360706,9990.804468538066,10000.0
2026-07-23T09:23:27.057262+00:00,9987.534922167511,9987.523930295347,10000.0
2026-07-23T09:24:33.415180+00:00,9986.681776237467,9986.665171227265,10000.0
2026-07-23T09:25:39.637630+00:00,9984.883348354822,9984.862668850825,10000.0
2026-07-23T09:26:46.979554+00:00,9986.043165823688,9986.01621367698,10000.0
2026-07-23T09:27:52.937385+00:00,9986.30392533439,9986.28275095064,10000.0
2026-07-23T09:29:00.595391+00:00,9986.941632517717,9986.919632573214,10000.0
2026-07-23T09:30:09.251957+00:00,9984.46301353214,9984.444595035371,10000.0
2026-07-23T09:31:15.051419+00:00,9983.72266029011,9983.698457414004,10000.0
2026-07-23T09:32:21.195554+00:00,9987.119737399475,9987.098663165187,10000.0
2026-07-23T09:33:26.716745+00:00,9984.371952554662,9984.35200256667,10000.0
2026-07-23T09:34:33.033863+00:00,9980.214984019634,9980.192517176163,10000.0
2026-07-23T09:35:38.792841+00:00,9981.435021741454,9981.412414260272,10000.0
2026-07-23T09:36:45.382538+00:00,9982.373217292248,9982.350814982245,10000.0
2026-07-23T09:37:51.458126+00:00,9984.144120297753,9984.120353537384,10000.0
2026-07-23T09:38:58.733413+00:00,9983.47905432046,9983.4553827269,10000.0
2026-07-23T09:40:04.936325+00:00,9983.848796047505,9983.82993090976,10000.0
2026-07-23T09:41:10.927844+00:00,9983.347248797065,9983.330119339535,10000.0
2026-07-23T09:42:16.840345+00:00,9985.243797754478,9985.226660389792,10000.0
2026-07-23T09:43:23.200364+00:00,9985.629782348278,9985.606872443936,10000.0
2026-07-23T09:44:29.496635+00:00,9983.959034337217,9983.937132041357,10000.0
2026-07-23T09:45:35.427281+00:00,9984.047738149446,9984.02558486679,10000.0
2026-07-23T09:46:41.070986+00:00,9984.932484533254,9984.915122720042,10000.0
2026-07-23T09:47:46.533808+00:00,9980.153618904962,9980.128444684227,10000.0
2026-07-23T09:48:52.548052+00:00,9978.993184578212,9978.968592439087,10000.0
2026-07-23T09:49:58.584121+00:00,9977.9609601433,9977.936900652858,10000.0
2026-07-23T09:51:04.212643+00:00,9976.850520370755,9976.81977937807,10000.0
2026-07-23T09:52:09.733279+00:00,9973.235562060669,9973.208776566478,10000.0
2026-07-23T09:53:15.534849+00:00,9974.369809363701,9974.343463638126,10000.0
2026-07-23T09:54:21.371255+00:00,9975.173405579651,9975.145273851971,10000.0
2026-07-23T09:55:27.186721+00:00,9967.881870243433,9967.852780507905,10000.0
2026-07-23T09:56:32.523744+00:00,9970.021344663757,9969.990766658722,10000.0
2026-07-23T09:57:37.929870+00:00,9970.149882587668,9970.115419045256,10000.0
2026-07-23T09:58:43.002932+00:00,9965.60993566475,9965.577063152004,10000.0
2026-07-23T09:59:48.345914+00:00,9964.659559719763,9964.629396131038,10000.0
2026-07-23T10:00:55.923462+00:00,9957.937162028638,9957.902262396323,10000.0
2026-07-23T10:02:01.230314+00:00,9961.469623098776,9961.435888210008,10000.0
2026-07-23T10:03:06.479622+00:00,9966.285767032046,9966.253112726688,10000.0
2026-07-23T10:04:11.806966+00:00,9971.616197260118,9971.58793429966,10000.0
2026-07-23T10:05:17.520182+00:00,9975.636097654475,9975.608258892502,10000.0
2026-07-23T10:06:23.583878+00:00,9975.71258421379,9975.691740902997,10000.0
2026-07-23T10:07:29.173371+00:00,9973.0873265266,9973.066585317238,10000.0
2026-07-23T10:08:34.696862+00:00,9975.672046299504,9975.655898304889,10000.0
2026-07-23T10:09:39.896015+00:00,9973.02133195945,9973.001355885175,10000.0
2026-07-23T10:10:45.982423+00:00,9977.464400969653,9977.444100344836,10000.0
2026-07-23T10:11:51.447680+00:00,9977.98302193958,9977.964279291657,10000.0
2026-07-23T10:13:01.209457+00:00,9977.917942000324,9977.900036041945,10000.0
2026-07-23T10:14:07.105211+00:00,9978.246397841815,9978.23237655784,10000.0
2026-07-23T10:15:14.575049+00:00,9981.886768360539,9981.87843620856,10000.0
2026-07-23T10:16:20.740225+00:00,9978.856287166196,9978.848104579392,10000.0
2026-07-23T10:17:27.597846+00:00,9981.84459117406,9981.838755105833,10000.0
2026-07-23T10:18:33.933080+00:00,9980.902302793995,9980.893307612707,10000.0
2026-07-23T10:19:39.593385+00:00,9982.376894970386,9982.366690618786,10000.0
2026-07-23T10:20:45.395219+00:00,9978.787207856603,9978.774728022916,10000.0
2026-07-23T10:21:51.360417+00:00,9979.700084004493,9979.693934644058,10000.0
2026-07-23T10:22:57.538891+00:00,9982.344347577158,9982.340100679614,10000.0
2026-07-23T10:24:03.662443+00:00,9980.930494134334,9980.924082351527,10000.0
2026-07-23T10:25:09.837472+00:00,9984.992074322272,9984.99205305049,10000.0
2026-07-23T10:26:16.613060+00:00,9987.571492589856,9987.570541213081,10000.0
2026-07-23T10:27:22.608387+00:00,9991.954476247045,9991.955427164015,10000.0
2026-07-23T10:28:28.626871+00:00,9993.340889905328,9993.347298643743,10000.0
2026-07-23T10:29:34.523251+00:00,9992.764572506001,9992.764758966714,10000.0
2026-07-23T10:30:40.796766+00:00,9995.095421878546,9995.094999378896,10000.0
2026-07-23T10:31:47.333156+00:00,9995.913404972076,9995.91678433107,10000.0
2026-07-23T10:32:53.526643+00:00,9995.335392978823,9995.340395952184,10000.0
2026-07-23T10:34:00.043699+00:00,9995.188652118786,9995.194736198373,10000.0
2026-07-23T10:35:06.325961+00:00,9995.047394344732,9995.060124223586,10000.0
2026-07-23T10:36:11.423169+00:00,9997.405334369401,9997.415788927781,10000.0
2026-07-23T10:37:17.059343+00:00,9998.149927053826,9998.158383819686,10000.0
2026-07-23T10:38:21.824062+00:00,9999.96324466283,9999.978951345141,10000.0
2026-07-23T10:39:28.043248+00:00,9999.341115990792,9999.356543119868,10000.0
2026-07-23T10:40:33.414286+00:00,9999.082143780586,9999.097628371856,10000.0
2026-07-23T10:41:38.666560+00:00,9997.384340894929,9997.398792774133,10000.0
2026-07-23T10:42:44.130682+00:00,9995.96153955406,9995.97693015204,10000.0
2026-07-23T10:43:50.378614+00:00,9993.891495278116,9993.90319646667,10000.0
2026-07-23T10:44:56.136899+00:00,9994.594704617202,9994.605752365229,10000.0
2026-07-23T10:46:02.109093+00:00,9994.607644663049,9994.62349315144,10000.0
2026-07-23T10:47:07.518432+00:00,9992.70265105559,9992.723801312875,10000.0
2026-07-23T10:48:13.243283+00:00,9991.64063581743,9991.655270407022,10000.0
2026-07-23T10:49:19.773672+00:00,9993.111232293115,9993.123484752605,10000.0
2026-07-23T10:50:25.588505+00:00,9994.56519551707,9994.57600574417,10000.0
2026-07-23T10:51:31.861124+00:00,9992.022715011157,9992.037420046287,10000.0
2026-07-23T10:52:37.751213+00:00,9988.737794434941,9988.756098643355,10000.0
2026-07-23T10:53:43.507145+00:00,9989.225016294065,9989.241908266622,10000.0
2026-07-23T10:54:49.719510+00:00,9986.802166822423,9986.814383486684,10000.0
2026-07-23T10:55:55.773848+00:00,9988.266797660719,9988.277285231274,10000.0
2026-07-23T10:57:00.791248+00:00,9990.589953373126,9990.612767226603,10000.0
2026-07-23T10:58:06.208757+00:00,9989.119872193687,9989.145646083478,10000.0
2026-07-23T10:59:12.353588+00:00,9989.251701093342,9989.276757098194,10000.0
2026-07-23T11:00:18.445076+00:00,9989.500645252783,9989.524510318324,10000.0
2026-07-23T11:01:24.393353+00:00,9988.83168151997,9988.857481424955,10000.0
2026-07-23T11:02:30.010754+00:00,9981.723443956702,9981.748388777587,10000.0
2026-07-23T11:03:36.153934+00:00,9984.058035826745,9984.08197820337,10000.0
2026-07-23T11:04:41.425285+00:00,9985.09331322816,9985.117589038691,10000.0
2026-07-23T11:05:46.974415+00:00,9982.238964092576,9982.266555959806,10000.0
2026-07-23T11:06:53.621132+00:00,9985.753541026088,9985.784587061187,10000.0
2026-07-23T11:07:59.650334+00:00,9986.236570641053,9986.26754514302,10000.0
2026-07-23T11:09:05.384803+00:00,9984.068911658162,9984.0936715432,10000.0
2026-07-23T11:10:11.747361+00:00,9984.856435136968,9984.886811140917,10000.0
2026-07-23T11:11:17.701080+00:00,9986.950471521788,9986.98604019067,10000.0
2026-07-23T11:12:23.865556+00:00,9992.998942237618,9993.04888366766,10000.0
2026-07-23T11:13:29.833639+00:00,9994.41317130754,9994.46284738795,10000.0
2026-07-23T11:14:35.678130+00:00,9995.631841947039,9995.671916371313,10000.0
2026-07-23T11:15:42.302413+00:00,9998.655927990487,9998.705878796207,10000.0
2026-07-23T11:16:48.689789+00:00,10001.862410745862,10001.923589790158,10000.0
2026-07-23T11:17:55.057471+00:00,9994.758824996248,9994.789490208716,10000.0
2026-07-23T11:19:00.923047+00:00,9996.43663783409,9996.480322688127,10000.0
2026-07-23T11:20:06.787591+00:00,9998.877775105764,9998.95079208647,10000.0
2026-07-23T11:21:12.980025+00:00,10002.308260200265,10002.432894956775,10000.0
2026-07-23T11:22:18.902860+00:00,9999.463992996314,9999.555551473946,10000.0
2026-07-23T11:23:24.631178+00:00,9994.392316633772,9994.463559873151,10000.0
2026-07-23T11:24:30.394663+00:00,9990.359897598715,9990.428576516835,10000.0
2026-07-23T11:25:37.698677+00:00,9991.593079078712,9991.649520486995,10000.0
2026-07-23T11:26:43.639627+00:00,9990.399642358385,9990.448063148822,10000.0
2026-07-23T11:27:49.769449+00:00,9992.293791852744,9992.338068912095,10000.0
2026-07-23T11:28:56.127732+00:00,9991.675550698736,9991.711998993493,10000.0
2026-07-23T11:30:02.893843+00:00,9987.353192978502,9987.379948837694,10000.0
2026-07-23T11:31:10.073349+00:00,9985.549712401984,9985.573126630683,10000.0
2026-07-23T11:32:16.831071+00:00,9990.42089163119,9990.44580691344,10000.0
2026-07-23T11:33:22.012257+00:00,9983.751118778215,9983.775690417906,10000.0
2026-07-23T11:34:28.134968+00:00,9985.04563269676,9985.068174295047,10000.0
2026-07-23T11:35:33.321197+00:00,9979.240527008811,9979.253573219554,10000.0
2026-07-23T11:36:39.091720+00:00,9983.14897257274,9983.175393148149,10000.0
2026-07-23T11:37:44.370213+00:00,9982.301417661924,9982.330292686656,10000.0
2026-07-23T11:38:49.652406+00:00,9980.000450287549,9980.008462480731,10000.0
2026-07-23T11:39:54.930004+00:00,9980.989269690781,9981.005973933787,10000.0
2026-07-23T11:41:00.096370+00:00,9979.045635576336,9979.058244081078,10000.0
2026-07-23T11:42:06.233268+00:00,9978.718447514126,9978.743944751901,10000.0
2026-07-23T11:43:11.887477+00:00,9980.967392112218,9980.990682264915,10000.0
2026-07-23T11:44:18.480198+00:00,9977.860349504825,9977.873679188786,10000.0
2026-07-23T11:45:23.840233+00:00,9979.754881266354,9979.765343329766,10000.0
2026-07-23T11:46:29.706931+00:00,9978.335352754984,9978.353889631651,10000.0
2026-07-23T11:47:36.407747+00:00,9977.866162462178,9977.879127130942,10000.0
2026-07-23T11:48:42.398001+00:00,9979.20083856616,9979.203764504962,10000.0
2026-07-23T11:49:48.407695+00:00,9978.58364547497,9978.588810765454,10000.0
2026-07-23T11:50:54.419122+00:00,9979.695179113163,9979.704694214324,10000.0
2026-07-23T11:52:00.097955+00:00,9977.759548283237,9977.764694296777,10000.0
2026-07-23T11:53:07.017123+00:00,9976.955445687694,9976.957984121931,10000.0
2026-07-23T11:54:13.265053+00:00,9979.380292063901,9979.402365996753,10000.0
2026-07-23T11:55:19.153744+00:00,9976.568636697159,9976.593259174926,10000.0
2026-07-23T11:56:25.042506+00:00,9973.439596082188,9973.454424508293,10000.0
2026-07-23T11:57:31.742689+00:00,9976.399067866576,9976.42005899052,10000.0
2026-07-23T11:58:37.613758+00:00,9976.431518609506,9976.452360762096,10000.0
2026-07-23T11:59:43.862707+00:00,9979.760001786708,9979.792733466003,10000.0
2026-07-23T12:00:50.013419+00:00,9976.82988259865,9976.857142412699,10000.0
2026-07-23T12:01:56.482206+00:00,9973.807681260942,9973.832620670417,10000.0
2026-07-23T12:03:02.304964+00:00,9977.027348534732,9977.06221994384,10000.0
2026-07-23T12:04:08.895212+00:00,9983.87862140997,9983.922899749243,10000.0
2026-07-23T12:05:14.702448+00:00,9982.07934565964,9982.115155045609,10000.0
2026-07-23T12:06:24.576462+00:00,9973.628436596608,9973.665903051296,10000.0
2026-07-23T12:07:31.545495+00:00,9972.750754605284,9972.789830042673,10000.0
2026-07-23T12:08:36.822077+00:00,9976.226778872344,9976.285778608606,10000.0
2026-07-23T12:09:42.467727+00:00,9973.960595704286,9974.013653512751,10000.0
2026-07-23T12:10:48.626090+00:00,9971.641229725752,9971.698581644001,10000.0
2026-07-23T12:11:55.621717+00:00,9977.142967394224,9977.207228434381,10000.0
2026-07-23T12:13:01.648304+00:00,9977.10286351321,9977.17321077194,10000.0
2026-07-23T12:14:08.108522+00:00,9980.730002890114,9980.799134699766,10000.0
2026-07-23T12:15:13.944319+00:00,9981.534392428117,9981.61799273352,10000.0
2026-07-23T12:16:20.207940+00:00,9984.153784069678,9984.244347307424,10000.0
2026-07-23T12:17:26.854487+00:00,9973.86591850366,9973.929177065986,10000.0
2026-07-23T12:18:32.853561+00:00,9977.070924798809,9977.15380778941,10000.0
2026-07-23T12:19:38.407667+00:00,9972.09336143456,9972.174779684738,10000.0
2026-07-23T12:20:43.920836+00:00,9971.137465223712,9971.22217250915,10000.0
2026-07-23T12:21:50.463051+00:00,9975.99522826274,9976.06401430302,10000.0
2026-07-23T12:22:56.037787+00:00,9977.861579804225,9977.932815562994,10000.0
2026-07-23T12:24:01.590963+00:00,9972.23661074795,9972.307205757885,10000.0
2026-07-23T12:25:08.629312+00:00,9967.168703398602,9967.238900736018,10000.0
2026-07-23T12:26:14.336535+00:00,9968.47463375838,9968.541285574809,10000.0
2026-07-23T12:27:20.012432+00:00,9968.227022478273,9968.294747957974,10000.0
2026-07-23T12:28:25.820758+00:00,9963.14431711814,9963.200597415147,10000.0
2026-07-23T12:29:31.234167+00:00,9964.05287464327,9964.118572566154,10000.0
2026-07-23T12:30:36.935645+00:00,9962.044667068216,9962.104459987695,10000.0
2026-07-23T12:31:42.669422+00:00,9957.940495103769,9957.989122521849,10000.0
2026-07-23T12:32:48.746168+00:00,9957.535214370018,9957.584512551994,10000.0
2026-07-23T12:33:55.043776+00:00,9941.420100335185,9941.474946172008,10000.0
2026-07-23T12:35:01.271035+00:00,9937.611807601392,9937.68018360632,10000.0
2026-07-23T12:36:08.337350+00:00,9931.0432224209,9931.0981140695,10000.0
2026-07-23T12:37:15.043989+00:00,9905.692828006038,9905.753544927175,10000.0
2026-07-23T12:38:21.471164+00:00,9905.709282016904,9905.765959462198,10000.0
2026-07-23T12:39:27.826906+00:00,9907.123614857057,9907.18529019783,10000.0
2026-07-23T12:40:33.694504+00:00,9899.902880691188,9899.951671031591,10000.0
2026-07-23T12:41:43.549833+00:00,9900.573100293086,9900.627806045095,10000.0
2026-07-23T12:42:49.812158+00:00,9895.222677238255,9895.29443273729,10000.0
2026-07-23T12:43:55.707461+00:00,9901.247234808467,9901.316189449453,10000.0
2026-07-23T12:45:00.610180+00:00,9893.894610567371,9893.960311039418,10000.0
2026-07-23T12:46:06.777659+00:00,9872.902968676215,9872.999206489363,10000.0
2026-07-23T12:47:13.071477+00:00,9861.18217570043,9861.268023893594,10000.0
2026-07-23T12:48:19.303193+00:00,9864.617001965085,9864.699346895526,10000.0
2026-07-23T12:49:25.551527+00:00,9877.318158800947,9877.404659397947,10000.0
2026-07-23T12:50:32.029281+00:00,9885.432594448783,9885.524817948208,10000.0
2026-07-23T12:51:38.670325+00:00,9902.016590334955,9902.112198965808,10000.0
2026-07-23T12:52:44.902382+00:00,9897.327966652689,9897.426181078807,10000.0
2026-07-23T12:53:51.152385+00:00,9903.372531067842,9903.468893739224,10000.0
2026-07-23T12:54:56.201692+00:00,9899.429394787241,9899.53523573139,10000.0
2026-07-23T12:56:00.743915+00:00,9896.158355636113,9896.268375993124,10000.0
2026-07-23T12:57:06.818980+00:00,9897.521065999808,9897.625387087317,10000.0
2026-07-23T12:58:12.396197+00:00,9897.113655881907,9897.222160088508,10000.0
2026-07-23T12:59:17.704335+00:00,9888.071388185315,9888.176345293023,10000.0
2026-07-23T13:00:23.472207+00:00,9884.695094965524,9884.804527695713,10000.0
2026-07-23T13:01:29.644468+00:00,9888.407671059962,9888.515403464635,10000.0
2026-07-23T13:02:35.156533+00:00,9892.32057972438,9892.439650593384,10000.0
2026-07-23T13:03:40.637059+00:00,9885.078849491263,9885.20537242655,10000.0
2026-07-23T13:04:46.320623+00:00,9879.294597954291,9879.408082797952,10000.0
2026-07-23T13:05:51.335493+00:00,9870.324740057242,9870.444573015073,10000.0
2026-07-23T13:06:56.972470+00:00,9863.728632025082,9863.844864990835,10000.0
2026-07-23T13:08:02.348999+00:00,9876.431621160105,9876.541160910112,10000.0
2026-07-23T13:09:07.495675+00:00,9867.987143823539,9868.102915384748,10000.0
2026-07-23T13:10:12.748806+00:00,9864.351494715158,9864.470103913032,10000.0
2026-07-23T13:11:17.767188+00:00,9865.594345648478,9865.70653554318,10000.0
2026-07-23T13:12:22.906592+00:00,9864.638519395672,9864.75984392109,10000.0
2026-07-23T13:13:28.040863+00:00,9863.767259079432,9863.904371905166,10000.0
2026-07-23T13:14:33.258816+00:00,9855.32662080023,9855.46595867,10000.0
2026-07-23T13:15:38.863809+00:00,9859.577984272504,9859.720221134712,10000.0
2026-07-23T13:16:44.483160+00:00,9852.49195258394,9852.621561218573,10000.0
2026-07-23T13:17:49.893566+00:00,9853.32368006292,9853.441214595443,10000.0
2026-07-23T13:18:59.013807+00:00,9849.321765575025,9849.412108763745,10000.0
2026-07-23T13:20:04.738150+00:00,9850.747163218108,9850.836924264204,10000.0
2026-07-23T13:21:11.407234+00:00,9858.824530527236,9858.944703038991,10000.0
2026-07-23T13:22:16.852443+00:00,9860.686087312875,9860.815105994407,10000.0
2026-07-23T13:23:22.175906+00:00,9855.403551517222,9855.53730686614,10000.0
2026-07-23T13:24:28.227273+00:00,9860.246638348552,9860.380517521275,10000.0
2026-07-23T13:25:34.392504+00:00,9847.367768972752,9847.497795810448,10000.0
2026-07-23T13:26:40.158503+00:00,9824.753846351923,9824.961790143532,10000.0
2026-07-23T13:27:45.281672+00:00,9837.76845141941,9837.95319695417,10000.0
2026-07-23T13:28:50.428672+00:00,9838.783560091624,9838.96518271806,10000.0
2026-07-23T13:29:56.144344+00:00,9831.949067163598,9832.136887158174,10000.0
2026-07-23T13:31:02.412218+00:00,9836.572981772084,9836.75232869342,10000.0
2026-07-23T13:32:07.950785+00:00,9844.203628142788,9844.43761859554,10000.0
2026-07-23T13:33:13.746398+00:00,9860.095587955684,9860.323979659728,10000.0
2026-07-23T13:34:20.337102+00:00,9860.802186302244,9861.031519720558,10000.0
2026-07-23T13:35:25.806631+00:00,9867.59732822625,9867.82494228065,10000.0
2026-07-23T13:36:31.521503+00:00,9860.86720240188,9861.084401193886,10000.0
2026-07-23T13:37:38.721810+00:00,9853.640704368636,9853.878936167257,10000.0
2026-07-23T13:38:44.425785+00:00,9846.103961640443,9846.337248512982,10000.0
2026-07-23T13:39:49.648332+00:00,9847.617911098374,9847.842427861375,10000.0
2026-07-23T13:40:54.654448+00:00,9854.831389695573,9855.073409823459,10000.0
2026-07-23T13:41:59.940570+00:00,9861.974575679016,9862.202870528603,10000.0
2026-07-23T13:43:04.565522+00:00,9863.192519678261,9863.418536388617,10000.0
2026-07-23T13:44:09.548822+00:00,9865.238994456224,9865.462725431473,10000.0
2026-07-23T13:45:13.935199+00:00,9866.456702775009,9866.670728030529,10000.0
2026-07-23T13:46:18.908732+00:00,9850.457730100625,9850.672354553446,10000.0
2026-07-23T13:47:23.138947+00:00,9851.543089892144,9851.778017589822,10000.0
2026-07-23T13:48:27.173934+00:00,9840.364536609419,9840.606118542355,10000.0
2026-07-23T13:49:31.189528+00:00,9840.853240149807,9841.067579532999,10000.0
2026-07-23T13:50:35.702744+00:00,9849.538334731817,9849.750907089114,10000.0
2026-07-23T13:51:39.761296+00:00,9842.450607677582,9842.658876682668,10000.0
2026-07-23T13:52:43.858735+00:00,9842.1921698597,9842.387503928148,10000.0
2026-07-23T13:53:47.930355+00:00,9855.814641190425,9856.002282941061,10000.0
2026-07-23T13:54:52.292229+00:00,9867.52435621786,9867.732590397418,10000.0
2026-07-23T13:55:57.448158+00:00,9863.465289297954,9863.669707825808,10000.0
2026-07-23T13:57:04.482477+00:00,9852.908908639332,9853.113102635509,10000.0
2026-07-23T13:58:08.965933+00:00,9838.625679554945,9838.826900503494,10000.0
2026-07-23T13:59:13.113737+00:00,9835.378065943394,9835.577785209774,10000.0
2026-07-23T14:00:17.174067+00:00,9826.79701292258,9827.017526310965,10000.0
2026-07-23T14:01:22.469352+00:00,9826.788828164183,9827.025876099407,10000.0
2026-07-23T14:02:26.753287+00:00,9816.09060296382,9816.307671407572,10000.0
2026-07-23T14:03:31.037437+00:00,9823.144838768441,9823.358801762628,10000.0
2026-07-23T14:04:35.059829+00:00,9831.830920292741,9832.024434921539,10000.0
2026-07-23T14:05:40.041295+00:00,9836.265599510702,9836.461450130948,10000.0
2026-07-23T14:06:45.139542+00:00,9838.476027574205,9838.665398244397,10000.0
2026-07-23T14:07:52.817753+00:00,9839.133805936333,9839.309513550314,10000.0
2026-07-23T14:08:56.897396+00:00,9828.131211940048,9828.307610423672,10000.0
2026-07-23T14:10:01.512814+00:00,9833.771858737391,9833.928866961043,10000.0
2026-07-23T14:11:06.246527+00:00,9834.958458462932,9835.117313118102,10000.0
2026-07-23T14:12:10.891756+00:00,9844.235411825326,9844.381598268317,10000.0
2026-07-23T14:13:15.606054+00:00,9849.138677167975,9849.305036153692,10000.0
2026-07-23T14:14:20.511628+00:00,9847.658292823315,9847.819821523017,10000.0
2026-07-23T14:15:25.574136+00:00,9843.99198173145,9844.160512099714,10000.0
2026-07-23T14:16:30.968310+00:00,9837.606323975038,9837.752453340003,10000.0
2026-07-23T14:17:36.615768+00:00,9835.376937653607,9835.535390832985,10000.0
2026-07-23T14:18:41.189698+00:00,9841.24727481849,9841.415689102332,10000.0
2026-07-23T14:19:46.318231+00:00,9838.814162876371,9838.968913127817,10000.0
2026-07-23T14:20:51.060478+00:00,9847.81651430878,9847.960989496161,10000.0
2026-07-23T14:21:55.544469+00:00,9849.525839677242,9849.66919257011,10000.0
2026-07-23T14:22:59.613467+00:00,9847.532953433833,9847.66586016498,10000.0
2026-07-23T14:24:03.822566+00:00,9839.32678126977,9839.43743735549,10000.0
2026-07-23T14:25:08.608109+00:00,9838.3624443743,9838.478465167056,10000.0
2026-07-23T14:26:13.091645+00:00,9840.998055136624,9841.12905184069,10000.0
2026-07-23T14:27:17.231949+00:00,9839.678589596482,9839.808758484127,10000.0
2026-07-23T14:28:22.059666+00:00,9846.905640126479,9847.037763324086,10000.0
2026-07-23T14:29:26.994484+00:00,9841.139822999921,9841.271534571606,10000.0
2026-07-23T14:30:30.992868+00:00,9848.84054754105,9848.968857165717,10000.0
2026-07-23T14:31:35.487688+00:00,9843.772365285568,9843.903466441507,10000.0
2026-07-23T14:32:39.864912+00:00,9837.578595214849,9837.706608556904,10000.0
2026-07-23T14:33:43.902042+00:00,9833.755159010963,9833.881127102413,10000.0
2026-07-23T14:34:48.899509+00:00,9839.12424001677,9839.247404880763,10000.0
2026-07-23T14:35:53.219928+00:00,9835.65144911332,9835.779526330523,10000.0
2026-07-23T14:36:57.771950+00:00,9836.725618595012,9836.866005915545,10000.0
2026-07-23T14:38:02.340886+00:00,9857.65924037899,9857.80876337111,10000.0
2026-07-23T14:39:07.162930+00:00,9854.237259582864,9854.373118077006,10000.0
2026-07-23T14:40:12.624294+00:00,9853.302270412874,9853.435697763121,10000.0
2026-07-23T14:41:17.830649+00:00,9851.688371365743,9851.84003919997,10000.0
2026-07-23T14:42:22.784694+00:00,9845.374098376009,9845.529917135398,10000.0
2026-07-23T14:43:27.294056+00:00,9834.93607141207,9835.1023026883,10000.0
2026-07-23T14:44:31.829993+00:00,9836.434471778424,9836.60535890884,10000.0
2026-07-23T14:45:36.072266+00:00,9833.55904623555,9833.731582671247,10000.0
2026-07-23T14:46:41.554962+00:00,9832.586633753313,9832.782831685301,10000.0
2026-07-23T14:47:45.903200+00:00,9828.583359188997,9828.79366755822,10000.0
2026-07-23T14:48:50.549355+00:00,9821.959152030082,9822.162398731272,10000.0
2026-07-23T14:49:54.638081+00:00,9817.557345994894,9817.75262085351,10000.0
2026-07-23T14:50:59.566147+00:00,9813.069767931636,9813.238309029397,10000.0
2026-07-23T14:52:03.781356+00:00,9812.353866910287,9812.530702743175,10000.0
2026-07-23T14:53:07.825868+00:00,9814.604997855451,9814.786966643267,10000.0
2026-07-23T14:54:12.686804+00:00,9806.304978227574,9806.494720853701,10000.0
2026-07-23T14:55:16.688962+00:00,9801.335193450226,9801.514462919195,10000.0
2026-07-23T14:56:20.764401+00:00,9797.284307451544,9797.45954118127,10000.0
2026-07-23T14:57:25.210680+00:00,9796.284912568932,9796.452297601521,10000.0
2026-07-23T14:58:31.065982+00:00,9798.215019512763,9798.385175797415,10000.0
2026-07-23T14:59:35.878467+00:00,9800.154265767782,9800.317850137344,10000.0
2026-07-23T15:00:40.761558+00:00,9791.888057472395,9792.06153825747,10000.0
2026-07-23T15:01:45.246678+00:00,9789.142030691575,9789.312211865756,10000.0
2026-07-23T15:02:49.697207+00:00,9776.164060871795,9776.541325195403,10000.0
2026-07-23T15:03:54.648944+00:00,9783.348555745439,9783.668432601999,10000.0
2026-07-23T15:04:59.292508+00:00,9782.830834126447,9783.148417749253,10000.0
2026-07-23T15:06:04.601197+00:00,9770.386809645875,9770.703804317245,10000.0
2026-07-23T15:07:08.843551+00:00,9766.898804664095,9767.21312687175,10000.0
2026-07-23T15:08:13.248632+00:00,9763.421728016936,9763.746929345116,10000.0
2026-07-23T15:09:17.914138+00:00,9762.34649635791,9762.697877326336,10000.0
2026-07-23T15:10:22.466619+00:00,9743.087238327129,9743.691877415446,10000.0
2026-07-23T15:11:27.216481+00:00,9738.513634396988,9739.091331720618,10000.0
2026-07-23T15:12:31.463980+00:00,9732.4628784549,9733.027500885646,10000.0
2026-07-23T15:13:36.400680+00:00,9734.506295205323,9735.04689319705,10000.0
2026-07-23T15:14:41.146151+00:00,9730.702428045062,9731.184634917865,10000.0
2026-07-23T15:15:45.395079+00:00,9733.755381166558,9734.21596775069,10000.0
2026-07-23T15:16:49.414156+00:00,9740.590973724087,9741.052393337399,10000.0
2026-07-23T15:17:54.213497+00:00,9745.831825549283,9746.258113426482,10000.0
2026-07-23T15:18:58.822950+00:00,9752.955116439065,9753.358613706714,10000.0
2026-07-23T15:20:03.471348+00:00,9760.3823285961,9760.796480515917,10000.0
2026-07-23T15:21:08.050893+00:00,9769.177427413277,9769.597105648187,10000.0
2026-07-23T15:22:12.267871+00:00,9771.503843209657,9771.938808908855,10000.0
2026-07-23T15:23:17.189945+00:00,9763.856761022964,9764.298057024285,10000.0
2026-07-23T15:24:21.387819+00:00,9783.622586293883,9784.000511670807,10000.0
2026-07-23T15:25:25.646940+00:00,9788.476642598775,9788.90005361856,10000.0
2026-07-23T15:26:30.682286+00:00,9783.12787482126,9783.552731553464,10000.0
2026-07-23T15:27:35.250677+00:00,9784.851689706113,9785.277222850576,10000.0
2026-07-23T15:28:40.296803+00:00,9782.214312372897,9782.666508263053,10000.0
2026-07-23T15:29:44.860870+00:00,9777.590941854734,9778.050568235023,10000.0
2026-07-23T15:30:49.303777+00:00,9771.986804856633,9772.428879507312,10000.0
2026-07-23T15:31:53.979447+00:00,9774.597319581762,9775.013871873753,10000.0
2026-07-23T15:32:59.302606+00:00,9777.641059222238,9778.03024765029,10000.0
2026-07-23T15:34:03.455908+00:00,9777.953324784741,9778.329808929657,10000.0
2026-07-23T15:35:08.192569+00:00,9777.41838683238,9777.781317159286,10000.0
2026-07-23T15:36:12.454182+00:00,9777.68439389701,9778.059826609233,10000.0
2026-07-23T15:37:16.812332+00:00,9774.20627951097,9774.58249175292,10000.0
2026-07-23T15:38:21.557492+00:00,9784.816553793531,9785.181662698875,10000.0
2026-07-23T15:39:25.643644+00:00,9789.942785132193,9790.29967187469,10000.0
2026-07-23T15:40:29.661838+00:00,9793.175283622864,9793.520015769496,10000.0
2026-07-23T15:41:33.755884+00:00,9789.41673151351,9789.761449639365,10000.0
2026-07-23T15:42:37.997493+00:00,9794.532970940249,9794.87934168513,10000.0
2026-07-23T15:43:42.284214+00:00,9793.040222789497,9793.372733972463,10000.0
2026-07-23T15:44:47.131899+00:00,9788.579907794217,9788.906965721631,10000.0
2026-07-23T15:45:51.714057+00:00,9790.519295927503,9790.825332213879,10000.0
2026-07-23T15:46:55.690579+00:00,9787.631416980452,9787.91329459652,10000.0
2026-07-23T15:48:00.166184+00:00,9791.382913458761,9791.649716362555,10000.0
2026-07-23T15:49:05.212367+00:00,9797.296550687299,9797.546756064254,10000.0
2026-07-23T15:50:09.286601+00:00,9805.81146464257,9806.121007652684,10000.0
2026-07-23T15:51:13.325023+00:00,9811.946311637521,9812.254989253217,10000.0
2026-07-23T15:52:17.415891+00:00,9809.477788293052,9809.801097364534,10000.0
2026-07-23T15:53:21.584468+00:00,9808.05725332254,9808.351376778463,10000.0
2026-07-23T15:54:25.670409+00:00,9810.413535272397,9810.699809005191,10000.0
2026-07-23T15:55:29.992690+00:00,9811.930747942606,9812.233594000216,10000.0
2026-07-23T15:56:34.214901+00:00,9811.71065202906,9812.014446095058,10000.0
2026-07-23T15:57:38.212642+00:00,9812.486051365004,9812.785494399059,10000.0
2026-07-23T15:58:42.186955+00:00,9810.358922131498,9810.66048379078,10000.0
2026-07-23T15:59:46.574759+00:00,9807.72513701742,9808.041157252428,10000.0
2026-07-23T16:00:51.510709+00:00,9802.383988466072,9802.718429886223,10000.0
2026-07-23T16:01:55.450731+00:00,9793.557572815414,9793.901255760129,10000.0
2026-07-23T16:03:00.044031+00:00,9788.425788669738,9788.772565742645,10000.0
2026-07-23T16:04:04.118732+00:00,9785.148620479815,9785.47776515229,10000.0
2026-07-23T16:05:08.202168+00:00,9776.275795254964,9776.670066177689,10000.0
2026-07-23T16:06:12.717976+00:00,9770.968644876102,9771.385707896548,10000.0
2026-07-23T16:07:16.725599+00:00,9770.019343047123,9770.408193058476,10000.0
2026-07-23T16:08:21.639516+00:00,9773.044872715991,9773.40883765724,10000.0
2026-07-23T16:09:26.286959+00:00,9776.794648817733,9777.183718173139,10000.0
2026-07-23T16:10:30.288386+00:00,9779.093828937486,9779.484170963571,10000.0
2026-07-23T16:11:34.351527+00:00,9785.295612939082,9785.684383787033,10000.0
2026-07-23T16:12:38.836843+00:00,9785.786381527812,9786.164331809192,10000.0
2026-07-23T16:13:43.004266+00:00,9783.332836439235,9783.71664870114,10000.0
2026-07-23T16:14:47.335141+00:00,9786.406792838708,9786.771680533893,10000.0
2026-07-23T16:15:52.142403+00:00,9785.65850276751,9786.012465072183,10000.0
2026-07-23T16:16:57.450969+00:00,9782.289176327095,9782.633006030823,10000.0
2026-07-23T16:18:02.283880+00:00,9777.106046373327,9777.452690664959,10000.0
2026-07-23T16:19:06.342979+00:00,9772.27882476204,9772.616324519106,10000.0
2026-07-23T16:20:11.274964+00:00,9769.159705499882,9769.50479080787,10000.0
2026-07-23T16:21:17.627441+00:00,9773.691919969007,9774.007720211956,10000.0
2026-07-23T16:22:22.046301+00:00,9766.881816771796,9767.183587840213,10000.0
2026-07-23T16:23:26.823959+00:00,9777.328983438863,9777.614375153096,10000.0
2026-07-23T16:24:30.938362+00:00,9782.29060586751,9782.591791803326,10000.0
2026-07-23T16:25:35.043002+00:00,9786.806121927606,9787.108095191446,10000.0
2026-07-23T16:26:39.804792+00:00,9780.256765268257,9780.548867178808,10000.0
2026-07-23T16:27:43.978832+00:00,9780.65718543138,9780.943891419038,10000.0
2026-07-23T16:28:48.387584+00:00,9780.207216822108,9780.496691060212,10000.0
2026-07-23T16:29:52.964758+00:00,9787.786534493165,9788.055496046733,10000.0
2026-07-23T16:30:57.101976+00:00,9782.253602454284,9782.537312891336,10000.0
2026-07-23T16:32:01.515108+00:00,9779.827135634463,9780.119624025354,10000.0
2026-07-23T16:33:06.426300+00:00,9775.616814880863,9775.905544295978,10000.0
2026-07-23T16:34:10.575754+00:00,9778.754530539687,9779.027919359432,10000.0
2026-07-23T16:35:14.630215+00:00,9772.818049027672,9773.09117014968,10000.0
2026-07-23T16:36:19.108115+00:00,9777.022194554427,9777.27783694512,10000.0
2026-07-23T16:37:24.254963+00:00,9778.642579848829,9778.903088902447,10000.0
2026-07-23T16:38:29.247748+00:00,9780.110928489868,9780.366715048955,10000.0
2026-07-23T16:39:33.681257+00:00,9782.861238280702,9783.10763258084,10000.0
2026-07-23T16:40:38.954493+00:00,9782.395093535817,9782.642600220468,10000.0
2026-07-23T16:41:43.002057+00:00,9780.235089974329,9780.483292891917,10000.0
2026-07-23T16:42:47.875403+00:00,9776.527836433903,9776.786124831395,10000.0
2026-07-23T16:43:52.792303+00:00,9782.948144349857,9783.207783645168,10000.0
2026-07-23T16:44:56.798975+00:00,9779.421391226462,9779.684845911663,10000.0
2026-07-23T16:46:01.789523+00:00,9778.083758637304,9778.373141751355,10000.0
2026-07-23T16:47:06.343149+00:00,9776.123978075786,9776.417227074524,10000.0
2026-07-23T16:48:10.453860+00:00,9779.991936438322,9780.28464352936,10000.0
2026-07-23T16:49:14.633826+00:00,9781.107113791508,9781.400943695511,10000.0
2026-07-23T16:50:18.799191+00:00,9776.465628404658,9776.75810347472,10000.0
2026-07-23T16:51:23.213337+00:00,9778.557110310896,9778.852334819952,10000.0
2026-07-23T16:52:27.576622+00:00,9781.054233281464,9781.349146701878,10000.0
2026-07-23T16:53:33.540972+00:00,9775.995457044964,9776.297686187268,10000.0
2026-07-23T16:54:38.034965+00:00,9777.419905222658,9777.718166430057,10000.0
2026-07-23T16:55:43.104968+00:00,9778.23873282095,9778.532592100157,10000.0
2026-07-23T16:56:47.503974+00:00,9780.270153219011,9780.563208666832,10000.0
2026-07-23T16:57:52.111922+00:00,9783.310254299726,9783.608314755325,10000.0
2026-07-23T16:58:56.767734+00:00,9785.691756501177,9785.981767217741,10000.0
2026-07-23T17:00:02.184700+00:00,9775.772171814007,9776.071782388342,10000.0
2026-07-23T17:01:07.193647+00:00,9780.285253210193,9780.57560837386,10000.0
2026-07-23T17:02:11.290593+00:00,9774.993860681676,9775.320365463775,10000.0
2026-07-23T17:03:15.840717+00:00,9778.82866031496,9779.143130976943,10000.0
2026-07-23T17:04:20.390291+00:00,9777.004599407112,9777.315134265826,10000.0
2026-07-23T17:05:24.886886+00:00,9767.490695343871,9767.821486495843,10000.0
2026-07-23T17:06:29.740909+00:00,9774.603810107263,9774.913817569553,10000.0
2026-07-23T17:07:34.884700+00:00,9771.71200482476,9772.030119521933,10000.0
2026-07-23T17:08:40.140333+00:00,9774.093145379687,9774.408523659718,10000.0
2026-07-23T17:09:45.039879+00:00,9775.115912140745,9775.434717948301,10000.0
2026-07-23T17:10:49.253398+00:00,9778.697082944644,9779.01205446796,10000.0
2026-07-23T17:11:54.220599+00:00,9771.354428689285,9771.672212766955,10000.0
2026-07-23T17:12:59.050116+00:00,9778.027533696704,9778.345564044123,10000.0
2026-07-23T17:14:04.148002+00:00,9773.511612130615,9773.83205185445,10000.0
2026-07-23T17:15:10.781495+00:00,9776.891250977813,9777.20707455927,10000.0
2026-07-23T17:16:15.524254+00:00,9783.48065035877,9783.78939342729,10000.0
2026-07-23T17:17:19.640845+00:00,9783.616723623541,9783.928281087261,10000.0
2026-07-23T17:18:24.314574+00:00,9776.70150444223,9777.017044849512,10000.0
2026-07-23T17:19:28.678098+00:00,9775.577205657535,9775.895778578953,10000.0
2026-07-23T17:20:33.155405+00:00,9788.821470877592,9789.123901258225,10000.0
2026-07-23T17:21:38.036206+00:00,9787.598634594136,9787.89608827635,10000.0
2026-07-23T17:22:42.853634+00:00,9783.708350345258,9784.012582092584,10000.0
2026-07-23T17:23:47.676102+00:00,9790.24111196636,9790.541002555408,10000.0
2026-07-23T17:24:53.654173+00:00,9792.233094409901,9792.534499171095,10000.0
2026-07-23T17:25:57.678705+00:00,9789.165907654642,9789.461060422875,10000.0
2026-07-23T17:27:02.602353+00:00,9794.331908643693,9794.617436336155,10000.0
2026-07-23T17:28:07.497460+00:00,9794.429059340977,9794.725537098657,10000.0
2026-07-23T17:29:11.837585+00:00,9793.689612669114,9793.984942755525,10000.0
2026-07-23T17:30:16.347750+00:00,9790.700335028823,9791.004324155174,10000.0
2026-07-23T17:31:21.339466+00:00,9790.647830026277,9790.942112339062,10000.0
2026-07-23T17:32:25.462471+00:00,9787.747573464643,9788.053027280517,10000.0
2026-07-23T17:33:30.243543+00:00,9792.161994278278,9792.452502661086,10000.0
2026-07-23T17:34:34.827367+00:00,9795.658414067895,9795.956485128572,10000.0
2026-07-23T17:35:39.535259+00:00,9791.608772499174,9791.90795611213,10000.0
2026-07-23T17:36:44.761056+00:00,9785.366621626155,9785.670911651974,10000.0
2026-07-23T17:37:50.166468+00:00,9777.826218372184,9778.141060942786,10000.0
2026-07-23T17:38:55.839415+00:00,9780.498398743706,9780.814539387562,10000.0
2026-07-23T17:40:00.449389+00:00,9780.034385642777,9780.345770500002,10000.0
2026-07-23T17:41:05.319441+00:00,9776.440324458856,9776.748709586314,10000.0
2026-07-23T17:42:10.763987+00:00,9777.79464781071,9778.103144549219,10000.0
2026-07-23T17:43:15.065229+00:00,9780.328783601508,9780.632905469327,10000.0
2026-07-23T17:44:19.741674+00:00,9781.373662431824,9781.682517095725,10000.0
2026-07-23T17:45:23.753757+00:00,9777.753751509756,9778.081906407935,10000.0
2026-07-23T17:46:27.852497+00:00,9776.889908928202,9777.21006084972,10000.0
2026-07-23T17:47:32.424731+00:00,9780.85424522957,9781.167963991247,10000.0
2026-07-23T17:48:37.404819+00:00,9777.026066322185,9777.334325051399,10000.0
2026-07-23T17:49:41.533542+00:00,9781.287041409658,9781.585890251312,10000.0
2026-07-23T17:50:46.691268+00:00,9779.18273819527,9779.492328452214,10000.0
2026-07-23T17:51:50.949380+00:00,9770.892298244844,9771.205424192156,10000.0
2026-07-23T17:52:56.284764+00:00,9772.026883566614,9772.34773711422,10000.0
2026-07-23T17:54:01.486189+00:00,9769.360573754442,9769.686311318113,10000.0
2026-07-23T17:55:06.098527+00:00,9765.581277515288,9765.926896257408,10000.0
2026-07-23T17:56:12.838847+00:00,9753.473941375114,9753.81365624746,10000.0
2026-07-23T17:57:18.411210+00:00,9756.593192676948,9756.936497744045,10000.0
2026-07-23T17:58:23.261914+00:00,9749.445723731847,9749.77300598134,10000.0
2026-07-23T17:59:27.924988+00:00,9733.886890138123,9734.249221581775,10000.0
2026-07-23T18:00:32.678903+00:00,9743.0098539694,9743.365028253696,10000.0
2026-07-23T18:01:37.428411+00:00,9748.175505295472,9748.519757658853,10000.0
2026-07-23T18:02:41.787416+00:00,9741.857711437853,9742.225691007272,10000.0
2026-07-23T18:03:46.418342+00:00,9746.641322816135,9747.001041590935,10000.0
2026-07-23T18:04:51.472453+00:00,9743.407161378804,9743.773226763034,10000.0
2026-07-23T18:05:57.005337+00:00,9736.223740830983,9736.633185788025,10000.0
2026-07-23T18:07:01.306758+00:00,9744.194837136221,9744.593960307548,10000.0
2026-07-23T18:08:06.003028+00:00,9742.299931973072,9742.704128905298,10000.0
2026-07-23T18:09:11.069822+00:00,9747.893744731242,9748.297620595351,10000.0
2026-07-23T18:10:15.371246+00:00,9745.840424319562,9746.242182648319,10000.0
2026-07-23T18:11:20.845947+00:00,9741.865608617223,9742.269103255487,10000.0
2026-07-23T18:12:26.029591+00:00,9746.442020168679,9746.842951783974,10000.0
2026-07-23T18:13:30.416462+00:00,9750.356078766972,9750.74645978431,10000.0
2026-07-23T18:14:34.681342+00:00,9748.163004961458,9748.543598118102,10000.0
2026-07-23T18:15:38.928049+00:00,9750.543503764042,9750.932361848454,10000.0
2026-07-23T18:16:43.242934+00:00,9750.183257923272,9750.587398818432,10000.0
2026-07-23T18:17:48.887014+00:00,9740.353221939355,9740.790830219681,10000.0
2026-07-23T18:18:54.166118+00:00,9736.770582811145,9737.224470980722,10000.0
2026-07-23T18:19:59.237954+00:00,9742.921631059238,9743.349722641613,10000.0
2026-07-23T18:21:03.765561+00:00,9742.170998891448,9742.604130593507,10000.0
2026-07-23T18:22:07.940773+00:00,9740.379633097536,9740.816448285472,10000.0
2026-07-23T18:23:12.407066+00:00,9745.387294699714,9745.827313206482,10000.0
2026-07-23T18:24:17.070130+00:00,9752.808627190068,9753.232034365832,10000.0
2026-07-23T18:25:22.723967+00:00,9755.815545198782,9756.25221382664,10000.0
2026-07-23T18:26:27.407509+00:00,9754.811251864276,9755.227930942305,10000.0
2026-07-23T18:27:32.000381+00:00,9758.074596279448,9758.498540477987,10000.0
2026-07-23T18:28:36.498765+00:00,9759.103637849072,9759.529536671911,10000.0
2026-07-23T18:29:41.911219+00:00,9763.048761952077,9763.474168614412,10000.0
2026-07-23T18:30:47.951723+00:00,9761.728304962733,9762.142753217991,10000.0
2026-07-23T18:31:52.690009+00:00,9762.996676064107,9763.419655010955,10000.0
2026-07-23T18:33:00.053552+00:00,9767.63898797881,9768.070580793763,10000.0
2026-07-23T18:34:06.750096+00:00,9768.702041101682,9769.14313535642,10000.0
2026-07-23T18:35:16.217660+00:00,9768.173034271522,9768.620591641571,10000.0
2026-07-23T18:36:23.505510+00:00,9764.519036163303,9764.969606058688,10000.0
2026-07-23T18:37:30.320555+00:00,9757.407018677284,9757.874341190314,10000.0
2026-07-23T18:38:41.758475+00:00,9756.66853133843,9757.129201817705,10000.0
2026-07-23T18:39:47.697309+00:00,9752.650810269906,9753.120710451112,10000.0
2026-07-23T18:40:55.792510+00:00,9749.663773409966,9750.148179840558,10000.0
2026-07-23T18:42:01.005181+00:00,9742.8440608942,9743.341677157518,10000.0
2026-07-23T18:43:05.377334+00:00,9745.293388589553,9745.786495454122,10000.0
2026-07-23T18:44:12.504305+00:00,9751.213490525746,9751.696618553626,10000.0
2026-07-23T18:45:18.033843+00:00,9753.60143049712,9754.079233940214,10000.0
2026-07-23T18:46:22.755786+00:00,9757.710228715856,9758.2113015674,10000.0
2026-07-23T18:47:27.110604+00:00,9758.823070577526,9759.324564906072,10000.0
2026-07-23T18:48:32.504974+00:00,9763.389701726275,9763.883750469044,10000.0
2026-07-23T18:49:37.383839+00:00,9759.242680799796,9759.749177026259,10000.0
2026-07-23T18:50:42.745597+00:00,9759.303500843978,9759.814655914503,10000.0
2026-07-23T18:51:47.008834+00:00,9761.053798252327,9761.54306673927,10000.0
2026-07-23T18:52:51.051641+00:00,9763.916482203056,9764.397396166974,10000.0
2026-07-23T18:53:55.550183+00:00,9769.618549695688,9770.101877238889,10000.0
2026-07-23T18:54:59.836732+00:00,9762.19272910083,9762.663200757552,10000.0
2026-07-23T18:56:05.329058+00:00,9766.727832634893,9767.189473853134,10000.0
2026-07-23T18:57:09.726006+00:00,9763.028946239741,9763.514524992486,10000.0
2026-07-23T18:58:14.712032+00:00,9758.855749684762,9759.340430875916,10000.0
2026-07-23T18:59:19.782445+00:00,9759.013109591573,9759.494457817664,10000.0
2026-07-23T19:00:24.215037+00:00,9763.275043312158,9763.74754988838,10000.0
2026-07-23T19:01:28.896434+00:00,9764.871858344188,9765.34862383527,10000.0
2026-07-23T19:02:33.965055+00:00,9766.139612864928,9766.622707297922,10000.0
2026-07-23T19:03:38.568883+00:00,9762.282964996111,9762.773888524836,10000.0
2026-07-23T19:04:43.216785+00:00,9761.98980782899,9762.462830700564,10000.0
2026-07-23T19:05:48.439016+00:00,9764.026536130534,9764.485818887437,10000.0
2026-07-23T19:06:54.150383+00:00,9762.193126240738,9762.65249059946,10000.0
2026-07-23T19:08:00.158042+00:00,9761.490893934993,9761.943841595898,10000.0
2026-07-23T19:09:04.287884+00:00,9758.147302540046,9758.605478530695,10000.0
2026-07-23T19:10:09.190368+00:00,9758.502097744384,9758.960386888657,10000.0
2026-07-23T19:11:15.050784+00:00,9753.974051951582,9754.448419042055,10000.0
2026-07-23T19:12:19.849493+00:00,9752.338114723856,9752.816190309686,10000.0
2026-07-23T19:13:24.189798+00:00,9738.87117227839,9739.353993984847,10000.0
2026-07-23T19:14:28.682133+00:00,9739.46639488377,9739.950402837703,10000.0
2026-07-23T19:15:34.417830+00:00,9748.791462660156,9749.255986382625,10000.0
2026-07-23T19:16:40.688200+00:00,9749.351861841807,9749.827026426434,10000.0
2026-07-23T19:17:48.071408+00:00,9752.93587017888,9753.416794751782,10000.0
2026-07-23T19:18:52.455713+00:00,9745.463128679456,9745.96774176628,10000.0
2026-07-23T19:19:58.831384+00:00,9739.591024673911,9740.099956922095,10000.0
2026-07-23T19:21:03.910141+00:00,9744.358146318955,9744.852981535712,10000.0
2026-07-23T19:22:09.661466+00:00,9748.004378262534,9748.476443987716,10000.0
2026-07-23T19:23:15.024364+00:00,9744.681677588544,9745.168911960178,10000.0
2026-07-23T19:24:19.922027+00:00,9751.43729049658,9751.904978514434,10000.0
2026-07-23T19:25:24.522573+00:00,9759.379695588284,9759.846452261127,10000.0
2026-07-23T19:26:28.836316+00:00,9760.318429818008,9760.78809660842,10000.0
2026-07-23T19:27:35.027341+00:00,9762.218014012136,9762.686654692186,10000.0
2026-07-23T19:28:40.392390+00:00,9762.17853127253,9762.651411943676,10000.0
2026-07-23T19:29:46.231474+00:00,9764.442443544698,9764.913082745012,10000.0
2026-07-23T19:30:52.014535+00:00,9772.216221625406,9772.671574658068,10000.0
2026-07-23T19:31:56.446389+00:00,9763.58197687435,9764.044872209115,10000.0
2026-07-23T19:33:00.736268+00:00,9765.594637069351,9766.056791308092,10000.0
2026-07-23T19:34:05.658601+00:00,9764.817940774175,9765.2778209623,10000.0
2026-07-23T19:35:10.606990+00:00,9762.02961584521,9762.486244831694,10000.0
2026-07-23T19:36:16.710158+00:00,9759.826815987055,9760.281488069895,10000.0
2026-07-23T19:37:21.400552+00:00,9762.513743314294,9762.961247710906,10000.0
2026-07-23T19:38:26.172323+00:00,9759.600748132498,9760.053089344665,10000.0
2026-07-23T19:39:32.556583+00:00,9754.427834796585,9754.882017875676,10000.0
2026-07-23T19:40:37.532129+00:00,9752.906389330832,9753.349631392975,10000.0
2026-07-23T19:41:42.270208+00:00,9746.393430966258,9746.84065578353,10000.0
2026-07-23T19:42:47.173371+00:00,9742.194057009427,9742.639614061543,10000.0
2026-07-23T19:43:51.562475+00:00,9747.326650357069,9747.750146496332,10000.0
2026-07-23T19:44:56.631207+00:00,9744.607418102754,9745.046793289257,10000.0
2026-07-23T19:46:01.075829+00:00,9740.71452456162,9741.169100427785,10000.0
2026-07-23T19:47:05.700133+00:00,9735.738255542157,9736.197375353886,10000.0
2026-07-23T19:48:15.420606+00:00,9735.138864265356,9735.618092666136,10000.0
2026-07-23T19:49:20.083032+00:00,9729.530011920999,9730.018124806942,10000.0
2026-07-23T19:50:25.406146+00:00,9732.930681267155,9733.414804174445,10000.0
2026-07-23T19:51:30.029509+00:00,9727.326808592354,9727.831048471964,10000.0
2026-07-23T19:52:34.245423+00:00,9730.44499367773,9730.936007386988,10000.0
2026-07-23T19:53:40.038220+00:00,9733.706673445391,9734.20169198741,10000.0
2026-07-23T19:54:44.862573+00:00,9727.641625004295,9728.148993165352,10000.0
2026-07-23T19:55:50.085304+00:00,9733.892601539945,9734.392706176926,10000.0
2026-07-23T19:56:55.119426+00:00,9736.593639844406,9737.08160983695,10000.0
2026-07-23T19:57:59.572046+00:00,9740.779359073927,9741.264461043986,10000.0
2026-07-23T19:59:06.105966+00:00,9748.935865358231,9749.408840835022,10000.0
2026-07-23T20:00:11.791300+00:00,9751.446228486511,9751.918018124323,10000.0
2026-07-23T20:01:15.999433+00:00,9759.894555071389,9760.362865863348,10000.0
2026-07-23T20:02:20.464323+00:00,9765.883420800108,9766.334924896835,10000.0
2026-07-23T20:03:24.886668+00:00,9772.115196595156,9772.547712450212,10000.0
2026-07-23T20:04:29.410976+00:00,9773.872912552753,9774.315087020364,10000.0
2026-07-23T20:05:34.362527+00:00,9775.938966546406,9776.386909923567,10000.0
2026-07-23T20:06:40.530167+00:00,9782.315547225036,9782.765134773263,10000.0
2026-07-23T20:07:45.631832+00:00,9784.616477145883,9785.054175086398,10000.0
2026-07-23T20:08:50.383702+00:00,9785.547110763793,9785.983754611027,10000.0
2026-07-23T20:09:54.760485+00:00,9787.371492965725,9787.804488824453,10000.0
2026-07-23T20:10:59.196471+00:00,9787.577388819936,9788.014345997517,10000.0
2026-07-23T20:12:03.929634+00:00,9788.957074848448,9789.386463477655,10000.0
2026-07-23T20:13:09.220864+00:00,9789.688122507388,9790.117915893086,10000.0
2026-07-23T20:14:13.868630+00:00,9790.842142006895,9791.274726847647,10000.0
2026-07-23T20:15:18.297443+00:00,9790.634333329055,9791.070474443715,10000.0
2026-07-23T20:16:22.977115+00:00,9795.27849537382,9795.697073109177,10000.0
2026-07-23T20:17:27.912096+00:00,9797.9041978848,9798.340762104084,10000.0
2026-07-23T20:18:33.255741+00:00,9799.312331475763,9799.745812872432,10000.0
2026-07-23T20:19:38.092911+00:00,9799.117698001712,9799.55678741857,10000.0
2026-07-23T20:20:42.904226+00:00,9799.116137259107,9799.558189796971,10000.0
2026-07-23T20:21:47.406223+00:00,9795.694522723845,9796.146950563829,10000.0
2026-07-23T20:22:52.351577+00:00,9801.3180392581,9801.76675889592,10000.0
2026-07-23T20:23:57.017680+00:00,9802.313248524568,9802.748460557566,10000.0
2026-07-23T20:25:01.938928+00:00,9798.942249770875,9799.392296787868,10000.0
2026-07-23T20:26:06.331078+00:00,9800.744864028064,9801.183762385179,10000.0
2026-07-23T20:27:10.800111+00:00,9802.012379694801,9802.44532474887,10000.0
2026-07-23T20:28:15.311852+00:00,9807.367030562564,9807.793567239143,10000.0
2026-07-23T20:28:47.659078+00:00,9802.530056169384,9802.990411149382,10000.0
2026-07-23T20:29:22.691016+00:00,9803.126529019824,9803.55559371449,10000.0
2026-07-23T20:29:48.296909+00:00,9799.163284703378,9799.617252195621,10000.0
2026-07-23T20:30:27.451095+00:00,9803.220539187323,9803.645347183161,10000.0
2026-07-23T20:31:35.483578+00:00,9800.509266431809,9800.941123794739,10000.0
2026-07-23T20:32:40.453516+00:00,9799.647984929177,9800.076017645566,10000.0
2026-07-23T20:33:45.951276+00:00,9797.100549553343,9797.524132215869,10000.0
2026-07-23T20:34:50.127106+00:00,9798.638049733894,9799.06046873107,10000.0
2026-07-23T20:35:54.559162+00:00,9799.697082228942,9800.126764811375,10000.0
2026-07-23T20:36:59.888517+00:00,9797.735707797416,9798.167040020908,10000.0
2026-07-23T20:38:04.375466+00:00,9801.236058597746,9801.657871498584,10000.0
2026-07-23T20:39:09.306205+00:00,9796.799343634677,9797.198913762139,10000.0
2026-07-23T20:40:14.378837+00:00,9794.304101027066,9794.694996173146,10000.0
2026-07-23T20:41:19.374473+00:00,9789.750545038773,9790.139117358782,10000.0
2026-07-23T20:42:27.851172+00:00,9789.958941933583,9790.351824913469,10000.0
2026-07-23T20:43:32.787157+00:00,9788.482705905455,9788.883936626766,10000.0
2026-07-23T20:44:37.444486+00:00,9789.77734218194,9790.18136458963,10000.0
2026-07-23T20:45:42.508366+00:00,9790.082251515389,9790.48877708223,10000.0
2026-07-23T20:46:47.773513+00:00,9789.296742520695,9789.70810633276,10000.0
2026-07-23T20:47:52.753556+00:00,9790.206717742742,9790.604027765177,10000.0
2026-07-23T20:48:57.163689+00:00,9790.931322875938,9791.324294640419,10000.0
2026-07-23T20:50:01.662319+00:00,9794.252542474578,9794.640226809292,10000.0
2026-07-23T20:51:06.094591+00:00,9795.00589105472,9795.392699588063,10000.0
2026-07-23T20:52:10.798374+00:00,9791.810238549035,9792.205205732418,10000.0
2026-07-23T20:53:15.015031+00:00,9791.824513620097,9792.222164077313,10000.0
2026-07-23T20:54:19.554207+00:00,9791.361605498074,9791.753697680539,10000.0
2026-07-23T20:55:24.338506+00:00,9793.46801887045,9793.863026118783,10000.0
2026-07-23T20:56:28.693301+00:00,9796.118447241313,9796.507258208985,10000.0
2026-07-23T20:57:33.433003+00:00,9799.18465196175,9799.565210963645,10000.0
2026-07-23T20:58:37.907840+00:00,9796.813872483172,9797.19440156676,10000.0
2026-07-23T20:59:42.302119+00:00,9796.04825769553,9796.420027160797,10000.0
2026-07-23T21:00:48.093706+00:00,9796.996814915385,9797.370668647052,10000.0
2026-07-23T21:01:52.795859+00:00,9804.62533548369,9804.986046806802,10000.0
2026-07-23T21:02:57.637574+00:00,9804.682924590916,9805.03667164045,10000.0
2026-07-23T21:04:02.617776+00:00,9804.410181796655,9804.757281966726,10000.0
2026-07-23T21:05:09.086540+00:00,9800.63483052651,9800.990361845179,10000.0
2026-07-23T21:06:13.714370+00:00,9798.938676765629,9799.302023256681,10000.0
2026-07-23T21:07:20.707808+00:00,9794.50241312928,9794.873223957587,10000.0
2026-07-23T21:08:25.404130+00:00,9792.986917924603,9793.367024754541,10000.0
2026-07-23T21:09:31.334697+00:00,9788.82517340277,9789.219022419646,10000.0
2026-07-23T21:10:35.828551+00:00,9782.20266518175,9782.595688144469,10000.0
2026-07-23T21:11:39.994080+00:00,9784.801787279974,9785.186954174815,10000.0
2026-07-23T21:12:44.583914+00:00,9782.21655714511,9782.599257021378,10000.0
2026-07-23T21:13:50.078502+00:00,9777.383265982606,9777.789108290392,10000.0
2026-07-23T21:14:55.481247+00:00,9778.428332815467,9778.83575587361,10000.0
2026-07-23T21:16:00.346850+00:00,9777.885306388585,9778.282350162011,10000.0
2026-07-23T21:17:05.400150+00:00,9776.904326590982,9777.298455131258,10000.0
2026-07-23T21:18:09.791208+00:00,9773.336181322727,9773.734730728831,10000.0
2026-07-23T21:19:14.826073+00:00,9770.512877911491,9770.921061873418,10000.0
2026-07-23T21:20:20.651961+00:00,9772.131217354,9772.539600705575,10000.0
2026-07-23T21:21:25.626776+00:00,9772.344684600734,9772.742487275322,10000.0
2026-07-23T21:22:29.919734+00:00,9774.837547833358,9775.226087224153,10000.0
2026-07-23T21:23:34.666214+00:00,9776.265788635159,9776.658512688147,10000.0
2026-07-23T21:24:38.890923+00:00,9779.395929291,9779.799125441335,10000.0
2026-07-23T21:25:42.887942+00:00,9781.742724953714,9782.141471656465,10000.0
2026-07-23T21:26:47.253253+00:00,9785.039067263444,9785.432767973865,10000.0
2026-07-23T21:27:52.631831+00:00,9784.288332881113,9784.692209981942,10000.0
2026-07-23T21:28:57.002863+00:00,9779.740781732664,9780.152416036864,10000.0
2026-07-23T21:30:01.506800+00:00,9780.032103084262,9780.448402828522,10000.0
2026-07-23T21:31:07.692300+00:00,9781.459581563455,9781.869456220002,10000.0
2026-07-23T21:32:12.910730+00:00,9781.875264216795,9782.274052540388,10000.0
2026-07-23T21:33:19.461991+00:00,9779.5766063362,9779.983102730168,10000.0
2026-07-23T21:34:23.695801+00:00,9779.200409809553,9779.60779987991,10000.0
2026-07-23T21:35:28.184848+00:00,9781.011459813355,9781.411948321616,10000.0
2026-07-23T21:36:32.338925+00:00,9783.425708689985,9783.820839253814,10000.0
2026-07-23T21:37:37.032615+00:00,9777.416137984395,9777.810771954488,10000.0
2026-07-23T21:38:41.840049+00:00,9777.98549936108,9778.377273901147,10000.0
2026-07-23T21:39:46.235759+00:00,9775.718489099147,9776.113205324307,10000.0
2026-07-23T21:40:51.316943+00:00,9778.728141727515,9779.124380468484,10000.0
2026-07-23T21:41:56.202884+00:00,9776.38203936603,9776.780497983887,10000.0
2026-07-23T21:43:00.919220+00:00,9775.276813935896,9775.68159929068,10000.0
2026-07-23T21:44:05.055162+00:00,9773.900097892178,9774.317521138182,10000.0
2026-07-23T21:45:09.549724+00:00,9774.440341377303,9774.862483892193,10000.0
2026-07-23T21:46:14.956683+00:00,9776.622315626997,9777.055289780306,10000.0
2026-07-23T21:47:19.939587+00:00,9774.495030175769,9774.936238513326,10000.0
2026-07-23T21:48:25.086950+00:00,9776.782454150023,9777.207095733387,10000.0
2026-07-23T21:49:30.346691+00:00,9776.440174925541,9776.866629967968,10000.0
2026-07-23T21:50:35.092042+00:00,9777.223413858068,9777.657291323665,10000.0
2026-07-23T21:51:40.147863+00:00,9778.235764378092,9778.656420071122,10000.0
2026-07-23T21:52:46.200953+00:00,9779.286840067742,9779.709937350857,10000.0
2026-07-23T21:53:50.412977+00:00,9775.788604826439,9776.203658710714,10000.0
2026-07-23T21:54:55.279849+00:00,9771.74084960012,9772.17101278075,10000.0
2026-07-23T21:56:00.608111+00:00,9774.404942551133,9774.82174613731,10000.0
2026-07-23T21:57:05.023515+00:00,9774.810621390228,9775.242162265256,10000.0
2026-07-23T21:58:10.150130+00:00,9775.461434135348,9775.893362190005,10000.0
2026-07-23T21:59:14.448735+00:00,9773.23289213632,9773.660588048113,10000.0
2026-07-23T22:00:19.670525+00:00,9772.514206628217,9772.920072782603,10000.0
2026-07-23T22:01:24.379894+00:00,9772.065826808403,9772.492955477928,10000.0
2026-07-23T22:02:28.879670+00:00,9770.007229059831,9770.420593254903,10000.0
2026-07-23T22:03:33.045602+00:00,9776.49332552777,9776.88981646803,10000.0
2026-07-23T22:04:37.393154+00:00,9771.32943482939,9771.729658612476,10000.0
2026-07-23T22:05:42.152576+00:00,9776.608211591842,9777.001988448163,10000.0
2026-07-23T22:06:47.173997+00:00,9778.59556723984,9778.984067908534,10000.0
2026-07-23T22:07:51.532006+00:00,9783.291004488834,9783.663156231825,10000.0
2026-07-23T22:08:55.765960+00:00,9783.101629461113,9783.457075167935,10000.0
2026-07-23T22:10:00.268884+00:00,9783.064507292705,9783.427316391175,10000.0
2026-07-23T22:11:05.067096+00:00,9770.12026887914,9770.486441273326,10000.0
2026-07-23T22:12:09.295169+00:00,9773.093579101343,9773.457065315855,10000.0
2026-07-23T22:13:13.919506+00:00,9769.353518007112,9769.725611000378,10000.0
2026-07-23T22:14:18.421824+00:00,9763.291526363288,9763.680670812188,10000.0
2026-07-23T22:15:22.744537+00:00,9766.410296217055,9766.799291096399,10000.0
2026-07-23T22:16:26.994150+00:00,9761.4697774731,9761.877992234604,10000.0
2026-07-23T22:17:32.153369+00:00,9750.517700183264,9750.94554049289,10000.0
2026-07-23T22:18:37.047179+00:00,9752.332813391098,9752.747764396863,10000.0
2026-07-23T22:19:41.463663+00:00,9759.976528092118,9760.374689926728,10000.0
2026-07-23T22:20:45.740048+00:00,9762.48482152338,9762.898224203875,10000.0
2026-07-23T22:21:50.035225+00:00,9768.818308930018,9769.217148943928,10000.0
2026-07-23T22:22:54.370130+00:00,9770.614241749852,9771.006573105265,10000.0
2026-07-23T22:23:59.758902+00:00,9773.816803315984,9774.207334359895,10000.0
2026-07-23T22:25:04.644142+00:00,9776.938834123655,9777.320472432508,10000.0
2026-07-23T22:26:09.224359+00:00,9782.279452448713,9782.653640801,10000.0
2026-07-23T22:27:14.206560+00:00,9777.33648729444,9777.72439970987,10000.0
2026-07-23T22:28:18.300495+00:00,9779.74912512968,9780.120976733202,10000.0
2026-07-23T22:29:22.641019+00:00,9776.852336130269,9777.233612909708,10000.0
2026-07-23T22:30:27.132202+00:00,9779.26233054002,9779.638098799654,10000.0
2026-07-23T22:31:31.858118+00:00,9781.633070704826,9782.00592382909,10000.0
2026-07-23T22:32:36.623653+00:00,9782.741108742737,9783.110784808268,10000.0
2026-07-23T22:33:40.950224+00:00,9784.560301760892,9784.929302251134,10000.0
2026-07-23T22:34:45.548015+00:00,9784.892920508122,9785.25490750459,10000.0
2026-07-23T22:35:50.149383+00:00,9787.126581670427,9787.485831966358,10000.0
2026-07-23T22:36:55.583331+00:00,9785.561295778505,9785.939343481012,10000.0
2026-07-23T22:38:00.205821+00:00,9784.79846864434,9785.17611520237,10000.0
2026-07-23T22:39:04.618481+00:00,9789.270076102152,9789.632088301154,10000.0
2026-07-23T22:40:09.453846+00:00,9788.601298322772,9788.973638047295,10000.0
2026-07-23T22:41:14.440740+00:00,9783.55905512248,9783.942773758648,10000.0
2026-07-23T22:42:19.019407+00:00,9785.621330105392,9785.996738703545,10000.0
2026-07-23T22:43:25.041728+00:00,9789.280958788913,9789.65717627625,10000.0
2026-07-23T22:44:30.271440+00:00,9790.323450718028,9790.706071480761,10000.0
2026-07-23T22:45:35.085021+00:00,9788.943799252515,9789.323260263596,10000.0
2026-07-23T22:46:39.948166+00:00,9789.711024109656,9790.086289423707,10000.0
2026-07-23T22:47:44.588599+00:00,9784.597463596712,9784.99854193892,10000.0
2026-07-23T22:48:49.635978+00:00,9785.159317502448,9785.561389885563,10000.0
2026-07-23T22:49:53.995496+00:00,9780.968474559879,9781.38067976739,10000.0
2026-07-23T22:50:58.414395+00:00,9780.913351700277,9781.325493117425,10000.0
2026-07-23T22:52:02.879143+00:00,9779.134843597225,9779.55761764021,10000.0
2026-07-23T22:53:06.966896+00:00,9777.487980046395,9777.911471688518,10000.0
2026-07-23T22:54:11.870602+00:00,9780.996697300186,9781.417571506518,10000.0
2026-07-23T22:55:16.515300+00:00,9780.900208735638,9781.32351170013,10000.0
2026-07-23T22:56:21.334547+00:00,9785.106256369683,9785.526839445301,10000.0
2026-07-23T22:57:25.455758+00:00,9786.519309426893,9786.943689152413,10000.0
2026-07-23T22:58:29.687474+00:00,9784.576242219842,9785.004464512653,10000.0
2026-07-23T22:59:34.248427+00:00,9786.21132693362,9786.637788250722,10000.0
2026-07-23T23:00:38.869545+00:00,9790.265567062896,9790.696225113285,10000.0
2026-07-23T23:01:43.096094+00:00,9784.90731076143,9785.355359713454,10000.0
2026-07-23T23:02:48.760612+00:00,9785.704218016523,9786.142377185664,10000.0
2026-07-23T23:03:54.476987+00:00,9785.271829330159,9785.712102076432,10000.0
2026-07-23T23:04:59.168739+00:00,9780.68283185651,9781.144474670718,10000.0
2026-07-23T23:06:04.431152+00:00,9782.555799404281,9783.020398213403,10000.0
2026-07-23T23:07:08.827365+00:00,9781.212805762772,9781.689084972386,10000.0
2026-07-23T23:08:12.966978+00:00,9780.333131944933,9780.802082471886,10000.0
2026-07-23T23:09:17.836388+00:00,9781.650505153519,9782.123247429538,10000.0
2026-07-23T23:10:23.444684+00:00,9779.237575647088,9779.702448419233,10000.0
2026-07-23T23:11:28.273085+00:00,9778.548779003446,9779.013989216819,10000.0
2026-07-23T23:12:32.546522+00:00,9776.79618303598,9777.274056694578,10000.0
2026-07-23T23:13:37.879611+00:00,9776.696699257463,9777.168523209051,10000.0
2026-07-23T23:14:42.563937+00:00,9777.678102833182,9778.160692043652,10000.0
2026-07-23T23:15:47.539440+00:00,9780.887706595408,9781.357362366587,10000.0
2026-07-23T23:16:52.392942+00:00,9780.957255576064,9781.429501494044,10000.0
2026-07-23T23:17:57.123929+00:00,9779.704267616438,9780.185050877048,10000.0
2026-07-23T23:19:02.511453+00:00,9778.648260139262,9779.142089673924,10000.0
2026-07-23T23:20:07.535148+00:00,9782.513643256483,9782.995240563701,10000.0
2026-07-23T23:21:12.234155+00:00,9785.607098748269,9786.07027739123,10000.0
2026-07-23T23:22:16.606579+00:00,9787.46229230088,9787.929524359359,10000.0
2026-07-23T23:23:20.979245+00:00,9785.195789653842,9785.67636205315,10000.0
2026-07-23T23:24:26.236280+00:00,9784.166725743331,9784.642563372632,10000.0
2026-07-23T23:25:31.914758+00:00,9785.170271562454,9785.647821877463,10000.0
2026-07-23T23:26:36.903906+00:00,9781.91799562818,9782.399490772026,10000.0
2026-07-23T23:27:41.319328+00:00,9778.346149040266,9778.841651075438,10000.0
2026-07-23T23:28:46.768263+00:00,9777.837567968054,9778.333425107572,10000.0
2026-07-23T23:29:52.223507+00:00,9778.445837331772,9778.9430335334,10000.0
2026-07-23T23:30:57.093033+00:00,9779.559989479782,9780.057973627532,10000.0
2026-07-23T23:32:01.913120+00:00,9772.960455555203,9773.475771588068,10000.0
2026-07-23T23:33:06.873271+00:00,9769.72343305204,9770.256190477505,10000.0
2026-07-23T23:34:10.942412+00:00,9771.178502617122,9771.712300766849,10000.0
2026-07-23T23:35:15.997273+00:00,9778.482353504196,9778.99972339458,10000.0
2026-07-23T23:36:20.161915+00:00,9777.757142791854,9778.28278347021,10000.0
2026-07-23T23:37:24.347828+00:00,9771.997755310193,9772.546222893658,10000.0
2026-07-23T23:38:28.785347+00:00,9776.624494137399,9777.150359244173,10000.0
2026-07-23T23:39:33.141243+00:00,9775.546042146947,9776.074060780713,10000.0
2026-07-23T23:40:38.358837+00:00,9768.0067197249,9768.539110236685,10000.0
2026-07-23T23:41:42.920370+00:00,9770.393298908264,9770.93091335063,10000.0
2026-07-23T23:42:48.547069+00:00,9771.15893035182,9771.691294880002,10000.0
2026-07-23T23:43:52.881514+00:00,9768.642340866161,9769.175382160473,10000.0
2026-07-23T23:44:57.251083+00:00,9769.85188022606,9770.383506705555,10000.0
2026-07-23T23:46:01.506820+00:00,9769.822134201999,9770.36164871071,10000.0
2026-07-23T23:47:06.344167+00:00,9769.201014465636,9769.751272951176,10000.0
2026-07-23T23:48:11.138264+00:00,9766.753272792746,9767.301564156927,10000.0
2026-07-23T23:49:15.886596+00:00,9767.230299314228,9767.776779384756,10000.0
2026-07-23T23:50:21.621699+00:00,9763.478053595089,9764.047544687204,10000.0
2026-07-23T23:51:25.950321+00:00,9759.419171909512,9759.989429172223,10000.0
2026-07-23T23:52:31.054776+00:00,9754.233412347181,9754.807241533867,10000.0
2026-07-23T23:53:35.689737+00:00,9755.341652212168,9755.912628274209,10000.0
2026-07-23T23:54:40.332538+00:00,9752.883918567059,9753.46091311013,10000.0
2026-07-23T23:55:44.957899+00:00,9751.380457692241,9751.955719211364,10000.0
2026-07-23T23:56:49.833023+00:00,9750.190060234789,9750.766571663342,10000.0
2026-07-23T23:57:54.826932+00:00,9754.96207958615,9755.515735293546,10000.0
2026-07-23T23:59:00.301562+00:00,9759.951360005656,9760.496887188883,10000.0
2026-07-24T00:00:06.019192+00:00,9757.87363077308,9758.443424860321,10000.0
2026-07-24T00:01:10.568734+00:00,9749.651217468407,9750.219810130224,10000.0
2026-07-24T00:02:14.918306+00:00,9755.017360551965,9755.592697229344,10000.0
2026-07-24T00:03:20.400594+00:00,9747.13443592877,9747.720015988129,10000.0
2026-07-24T00:04:24.886257+00:00,9745.650656887823,9746.241644960399,10000.0
2026-07-24T00:05:29.304556+00:00,9738.11385657988,9738.71603963349,10000.0
2026-07-24T00:06:33.904006+00:00,9744.0465883493,9744.613298993074,10000.0
2026-07-24T00:07:39.045654+00:00,9741.467212467776,9742.070106916377,10000.0
2026-07-24T00:08:43.474342+00:00,9736.522763309747,9737.150609775805,10000.0
2026-07-24T00:09:48.042979+00:00,9731.798864283446,9732.472407973428,10000.0
2026-07-24T00:10:53.524809+00:00,9729.88968442882,9730.546019408783,10000.0
2026-07-24T00:11:58.788394+00:00,9730.11010848041,9730.776106742638,10000.0
2026-07-24T00:13:03.922692+00:00,9737.764871886466,9738.4091453542,10000.0
2026-07-24T00:14:09.438755+00:00,9738.386985254723,9739.037424082017,10000.0
2026-07-24T00:15:14.970543+00:00,9738.24363751782,9738.886323176272,10000.0
2026-07-24T00:16:19.270927+00:00,9735.260532179544,9735.90483315038,10000.0
2026-07-24T00:17:24.267853+00:00,9739.971348336385,9740.60191870066,10000.0
2026-07-24T00:18:29.416683+00:00,9737.352919220193,9737.969431140104,10000.0
2026-07-24T00:19:35.130157+00:00,9738.797928224989,9739.404900365742,10000.0
2026-07-24T00:20:39.648765+00:00,9735.46995274502,9736.08272221437,10000.0
2026-07-24T00:21:44.245322+00:00,9741.01423683092,9741.60394115021,10000.0
2026-07-24T00:22:48.710485+00:00,9744.090121119023,9744.666268332057,10000.0
2026-07-24T00:23:53.164515+00:00,9750.510723462357,9751.09351417824,10000.0
2026-07-24T00:25:01.194875+00:00,9745.003535483222,9745.60031318133,10000.0
2026-07-24T00:26:05.579421+00:00,9739.6996215343,9740.299382187743,10000.0
2026-07-24T00:27:09.934355+00:00,9742.77119505408,9743.35996391212,10000.0
2026-07-24T00:28:14.831189+00:00,9736.49046539727,9737.086468753669,10000.0
2026-07-24T00:29:19.361041+00:00,9732.98586629245,9733.596127761843,10000.0
2026-07-24T00:30:24.025051+00:00,9732.148054439484,9732.778020630116,10000.0
2026-07-24T00:31:29.211742+00:00,9733.055136800409,9733.670533616814,10000.0
2026-07-24T00:32:34.273841+00:00,9730.70288809066,9731.322366441518,10000.0
2026-07-24T00:33:38.431361+00:00,9705.1021967838,9705.755634805722,10000.0
2026-07-24T00:34:44.744567+00:00,9716.463471716183,9717.117716579862,10000.0
2026-07-24T00:35:50.204348+00:00,9725.53436159754,9726.155621183087,10000.0
2026-07-24T00:36:54.900024+00:00,9733.09430658524,9733.696766092406,10000.0
2026-07-24T00:37:59.073186+00:00,9729.454209628526,9730.053348828387,10000.0
2026-07-24T00:39:04.553610+00:00,9718.048810986827,9718.657942870132,10000.0
2026-07-24T00:40:08.920211+00:00,9719.986690299771,9720.576923414425,10000.0
2026-07-24T00:41:14.451371+00:00,9720.224671640648,9720.814679373476,10000.0
2026-07-24T00:42:18.934978+00:00,9717.524162714175,9718.111890891983,10000.0
2026-07-24T00:43:23.078633+00:00,9723.5897081355,9724.172118983643,10000.0
2026-07-24T00:44:30.407476+00:00,9724.108506123912,9724.693698925714,10000.0
2026-07-24T00:45:34.994278+00:00,9726.748642215793,9727.336264986505,10000.0
2026-07-24T00:46:39.360530+00:00,9732.398155631967,9732.989629416788,10000.0
2026-07-24T00:47:43.620227+00:00,9733.129548819992,9733.72523736061,10000.0
2026-07-24T00:48:48.958289+00:00,9732.230804998866,9732.837769213511,10000.0
2026-07-24T00:49:53.205745+00:00,9729.509260486191,9730.117463801904,10000.0
2026-07-24T00:50:58.240943+00:00,9730.176091249692,9730.787993691292,10000.0
2026-07-24T00:52:03.032073+00:00,9732.355734571775,9732.963759977627,10000.0
2026-07-24T00:53:07.187399+00:00,9728.82709700778,9729.448028679613,10000.0
2026-07-24T00:54:12.094033+00:00,9724.632304760038,9725.288169590296,10000.0
2026-07-24T00:55:17.154089+00:00,9721.722067864528,9722.374161085565,10000.0
2026-07-24T00:56:21.558270+00:00,9727.578713517822,9728.214897655123,10000.0
2026-07-24T00:57:26.693433+00:00,9730.759177253247,9731.38348947883,10000.0
2026-07-24T00:58:30.931718+00:00,9736.056313680328,9736.662649863725,10000.0
2026-07-24T00:59:35.449014+00:00,9736.283616533843,9736.892528843655,10000.0
2026-07-24T01:00:40.434501+00:00,9737.42599068053,9738.019993433501,10000.0
2026-07-24T01:01:44.824037+00:00,9736.02431489415,9736.63166018478,10000.0
2026-07-24T01:02:48.790907+00:00,9738.738748676838,9739.344086980447,10000.0
2026-07-24T01:03:53.019646+00:00,9734.176108772846,9734.818388566184,10000.0
2026-07-24T01:05:06.751412+00:00,9753.669817313064,9754.259989206916,10000.0
2026-07-24T01:06:10.996037+00:00,9749.648810647155,9750.251040150422,10000.0
2026-07-24T01:07:19.718641+00:00,9748.26501244318,9748.87360526224,10000.0
2026-07-24T01:08:24.111108+00:00,9748.599920832095,9749.18826648211,10000.0
2026-07-24T01:09:37.495917+00:00,9750.598508660436,9751.182586801193,10000.0
2026-07-24T01:10:43.338457+00:00,9751.079167782791,9751.675428419174,10000.0
2026-07-24T01:11:48.334295+00:00,9744.664603940795,9745.267705184458,10000.0
2026-07-24T01:12:52.641436+00:00,9743.425309424816,9744.02901875949,10000.0
2026-07-24T01:13:57.119154+00:00,9744.65021190311,9745.255510614506,10000.0
2026-07-24T01:15:01.524299+00:00,9742.0166782342,9742.6217182957,10000.0
2026-07-24T01:16:05.710517+00:00,9736.002191954824,9736.637223641184,10000.0
2026-07-24T01:17:10.632294+00:00,9734.62265028669,9735.258321643034,10000.0
2026-07-24T01:18:17.684234+00:00,9740.355367643146,9740.972753362406,10000.0
2026-07-24T01:19:21.796111+00:00,9734.867210153838,9735.49711507943,10000.0
2026-07-24T01:20:26.074365+00:00,9740.061275149998,9740.682672309273,10000.0
2026-07-24T01:21:31.761704+00:00,9735.494053367907,9736.120227266001,10000.0
2026-07-24T01:22:35.916183+00:00,9733.488140998295,9734.108647597433,10000.0
2026-07-24T01:23:40.558902+00:00,9736.206186867863,9736.841271833639,10000.0
2026-07-24T01:24:46.065085+00:00,9738.946151906093,9739.569547115223,10000.0
2026-07-24T01:25:51.522463+00:00,9746.526207197581,9747.140155308492,10000.0
2026-07-24T01:26:58.140793+00:00,9752.541228672038,9753.132982634863,10000.0
2026-07-24T01:28:03.217167+00:00,9755.389590102204,9755.974850028539,10000.0
2026-07-24T01:29:07.459248+00:00,9752.286088282928,9752.87230083435,10000.0
2026-07-24T01:30:12.030837+00:00,9738.543840895316,9739.161894723928,10000.0
2026-07-24T01:31:16.352809+00:00,9741.489414902982,9742.088836907684,10000.0
2026-07-24T01:32:20.928537+00:00,9737.61778005253,9738.212649258108,10000.0
2026-07-24T01:33:25.383249+00:00,9745.91466497541,9746.482276476836,10000.0
2026-07-24T01:34:32.169130+00:00,9752.182688461178,9752.77947441185,10000.0
2026-07-24T01:35:39.801313+00:00,9750.020286398536,9750.604653348813,10000.0
2026-07-24T01:36:44.669348+00:00,9749.4721746505,9750.065981805212,10000.0
2026-07-24T01:37:50.366167+00:00,9754.473119356528,9755.04722241382,10000.0
2026-07-24T01:38:55.031747+00:00,9755.069181136545,9755.65097982133,10000.0
2026-07-24T01:40:00.904139+00:00,9751.681353624157,9752.26764510328,10000.0
2026-07-24T01:41:06.649611+00:00,9752.176787232216,9752.765123598041,10000.0
2026-07-24T01:42:11.090001+00:00,9759.059225035007,9759.632040835451,10000.0
2026-07-24T01:43:15.542140+00:00,9755.936991447858,9756.510327530681,10000.0
2026-07-24T01:44:21.035224+00:00,9755.705867796869,9756.280463827816,10000.0
2026-07-24T01:45:26.200510+00:00,9753.139382713278,9753.711520297435,10000.0
2026-07-24T01:46:30.707862+00:00,9753.288118843708,9753.84670125691,10000.0
2026-07-24T01:47:35.527839+00:00,9753.021988791677,9753.592464114661,10000.0
2026-07-24T01:48:40.378802+00:00,9753.46051328502,9754.03941907374,10000.0
2026-07-24T01:49:45.517616+00:00,9753.302048209005,9753.890481465309,10000.0
2026-07-24T01:50:50.598533+00:00,9744.617488102627,9745.233375652915,10000.0
2026-07-24T01:51:56.177287+00:00,9742.542959424829,9743.150089314036,10000.0
2026-07-24T01:53:03.373597+00:00,9746.36016364633,9746.957433878562,10000.0
2026-07-24T01:54:07.997514+00:00,9749.08003080183,9749.673748055186,10000.0
2026-07-24T01:55:13.202889+00:00,9744.012280083552,9744.62095674503,10000.0
2026-07-24T01:56:17.314726+00:00,9740.916918758754,9741.529162468682,10000.0
2026-07-24T01:57:22.059614+00:00,9738.230499667738,9738.858916954507,10000.0
2026-07-24T01:58:29.887439+00:00,9737.175062672175,9737.797136148956,10000.0
2026-07-24T01:59:34.013426+00:00,9740.038800175194,9740.653982750622,10000.0
2026-07-24T02:00:41.436081+00:00,9739.23821308919,9739.845931509992,10000.0
2026-07-24T02:01:46.862941+00:00,9743.229163372003,9743.828054434998,10000.0
2026-07-24T02:02:51.888221+00:00,9743.095730556506,9743.704052854264,10000.0
2026-07-24T02:03:56.606001+00:00,9746.768860679413,9747.36153804446,10000.0
2026-07-24T02:05:01.773205+00:00,9738.04036741605,9738.643269291668,10000.0
2026-07-24T02:06:06.246624+00:00,9737.06839079537,9737.669659013874,10000.0
2026-07-24T02:07:10.738652+00:00,9737.81508058632,9738.42868730925,10000.0
2026-07-24T02:08:15.242104+00:00,9743.847576496632,9744.440882695597,10000.0
2026-07-24T02:09:19.690691+00:00,9743.57244501531,9744.158711973496,10000.0
2026-07-24T02:10:24.626476+00:00,9746.589948063256,9747.17265670557,10000.0
2026-07-24T02:11:30.187904+00:00,9748.694612944277,9749.251096418813,10000.0
2026-07-24T02:12:35.508745+00:00,9754.74172430725,9755.283858195713,10000.0
2026-07-24T02:13:40.452887+00:00,9756.430800703845,9756.972128369087,10000.0
2026-07-24T02:14:45.443174+00:00,9755.83282460513,9756.36759225994,10000.0
2026-07-24T02:15:49.760514+00:00,9755.380433474544,9755.911451371607,10000.0
2026-07-24T02:16:54.173741+00:00,9748.38434234929,9748.930693534196,10000.0
2026-07-24T02:18:00.012699+00:00,9747.077595544572,9747.621151913327,10000.0
2026-07-24T02:19:04.627774+00:00,9746.027241857832,9746.572791036557,10000.0
2026-07-24T02:20:08.659625+00:00,9746.485254466597,9747.02896837265,10000.0
2026-07-24T02:21:13.200276+00:00,9743.86686634545,9744.424840687123,10000.0
2026-07-24T02:22:19.045397+00:00,9742.146143967972,9742.701633498185,10000.0
2026-07-24T02:23:24.670529+00:00,9742.363741371284,9742.92632053958,10000.0
2026-07-24T02:24:29.059710+00:00,9750.453913943482,9750.997903639007,10000.0
2026-07-24T02:25:33.295109+00:00,9753.506753143742,9754.05870016118,10000.0
2026-07-24T02:26:37.342740+00:00,9756.32714259579,9756.87063528051,10000.0
2026-07-24T02:27:41.839681+00:00,9751.913139149769,9752.477588459835,10000.0
2026-07-24T02:28:45.868441+00:00,9752.744230815118,9753.301842136898,10000.0
2026-07-24T02:29:49.958685+00:00,9746.694561049866,9747.26398501823,10000.0
2026-07-24T02:30:54.264166+00:00,9746.604859220679,9747.17899903686,10000.0
2026-07-24T02:31:58.554624+00:00,9742.109775635396,9742.675996896973,10000.0
2026-07-24T02:33:03.492820+00:00,9737.755920969026,9738.339400373468,10000.0
2026-07-24T02:34:08.588135+00:00,9723.712621855497,9724.305572435851,10000.0
2026-07-24T02:35:12.700812+00:00,9715.111562513572,9715.741915935854,10000.0
2026-07-24T02:36:18.023733+00:00,9715.900933622359,9716.515909172824,10000.0
2026-07-24T02:37:23.170757+00:00,9712.39082047805,9713.036507601388,10000.0
2026-07-24T02:38:28.146972+00:00,9718.21946243611,9718.860288844267,10000.0
2026-07-24T02:39:33.166142+00:00,9716.930200822542,9717.58935388915,10000.0
2026-07-24T02:40:37.996409+00:00,9730.286375693482,9730.916816251894,10000.0
2026-07-24T02:41:43.393377+00:00,9726.113390367724,9726.765997049422,10000.0
2026-07-24T02:42:47.874258+00:00,9726.115782047285,9726.785412016536,10000.0
2026-07-24T02:43:53.340091+00:00,9724.645139898921,9725.311485710648,10000.0
2026-07-24T02:44:58.385250+00:00,9728.382246293178,9729.033729608505,10000.0
2026-07-24T02:46:03.399509+00:00,9726.959008555825,9727.603484006679,10000.0
2026-07-24T02:47:08.328670+00:00,9718.81706368248,9719.550437716713,10000.0
2026-07-24T02:48:13.176074+00:00,9704.806403421428,9705.537744927287,10000.0
2026-07-24T02:49:18.290602+00:00,9705.195711047749,9705.901647400902,10000.0
2026-07-24T02:50:22.331881+00:00,9704.32035752516,9705.028261981155,10000.0
2026-07-24T02:51:27.327877+00:00,9709.336300393408,9710.026771998611,10000.0
2026-07-24T02:52:31.970617+00:00,9714.475358097488,9715.137799372613,10000.0
2026-07-24T02:53:36.045737+00:00,9711.068720049665,9711.744526232445,10000.0
2026-07-24T02:54:40.003133+00:00,9707.686579333835,9708.374266912926,10000.0
2026-07-24T02:55:44.017942+00:00,9712.639655875182,9713.325075280873,10000.0
2026-07-24T02:56:48.570466+00:00,9715.983235522339,9716.663447600644,10000.0
2026-07-24T02:57:54.153993+00:00,9717.661641989065,9718.32509907669,10000.0
2026-07-24T02:58:59.130123+00:00,9722.226915456651,9722.884658147583,10000.0
2026-07-24T03:00:04.623026+00:00,9725.540128539975,9726.193686341283,10000.0
2026-07-24T03:01:09.985494+00:00,9722.36468132807,9723.041289322839,10000.0
2026-07-24T03:02:14.661393+00:00,9728.322904066183,9728.999409065013,10000.0
2026-07-24T03:03:19.990811+00:00,9737.553590671314,9738.198747677374,10000.0
2026-07-24T03:04:25.057923+00:00,9743.550785514508,9744.198280064546,10000.0
2026-07-24T03:05:30.238364+00:00,9743.102857149248,9743.759066299233,10000.0
2026-07-24T03:06:34.333087+00:00,9748.814388184708,9749.445330016106,10000.0
2026-07-24T03:07:38.980377+00:00,9747.29524205168,9747.932267152582,10000.0
2026-07-24T03:08:43.667972+00:00,9758.558052088656,9759.21444333829,10000.0
2026-07-24T03:09:47.914939+00:00,9754.510974782344,9755.18486203507,10000.0
2026-07-24T03:10:52.817562+00:00,9753.080234596613,9753.764429382982,10000.0
2026-07-24T03:11:58.013261+00:00,9752.207610047763,9752.917082016484,10000.0
2026-07-24T03:13:03.152336+00:00,9756.15552099669,9756.869406560974,10000.0
2026-07-24T03:14:09.350511+00:00,9756.870861473451,9757.572820264715,10000.0
2026-07-24T03:15:13.823290+00:00,9758.095312604191,9758.798675819888,10000.0
2026-07-24T03:16:18.171006+00:00,9766.929737755418,9767.621595058292,10000.0
2026-07-24T03:17:22.673334+00:00,9764.375539388782,9765.085000992498,10000.0
2026-07-24T03:18:28.098052+00:00,9769.034147606568,9769.735327160688,10000.0
2026-07-24T03:19:33.025789+00:00,9764.337962242058,9765.032568189788,10000.0
2026-07-24T03:20:37.124999+00:00,9765.47254663201,9766.175670576455,10000.0
2026-07-24T03:21:43.713108+00:00,9768.536021529631,9769.22949717859,10000.0
2026-07-24T03:22:48.180666+00:00,9768.460158562923,9769.143716057293,10000.0
2026-07-24T03:23:53.706409+00:00,9766.249016491269,9766.92396031567,10000.0
2026-07-24T03:24:57.829230+00:00,9766.054791660497,9766.732444680645,10000.0
2026-07-24T03:26:02.243771+00:00,9769.128762755374,9769.795707722287,10000.0
2026-07-24T03:27:06.624185+00:00,9771.504171868195,9772.184927717268,10000.0
2026-07-24T03:28:10.793911+00:00,9772.234699855508,9772.902831508314,10000.0
2026-07-24T03:29:14.852593+00:00,9773.655119706822,9774.316851189513,10000.0
2026-07-24T03:30:19.555513+00:00,9770.802330183307,9771.464657161287,10000.0
2026-07-24T03:31:23.711915+00:00,9771.11174827942,9771.781418758419,10000.0
2026-07-24T03:32:28.126765+00:00,9769.414031596487,9770.092314441252,10000.0
2026-07-24T03:33:33.887999+00:00,9764.298164549491,9764.992899496743,10000.0
2026-07-24T03:34:38.207061+00:00,9761.040929540875,9761.738550048545,10000.0
2026-07-24T03:35:42.362400+00:00,9763.3148798397,9763.999749764354,10000.0
2026-07-24T03:36:46.605608+00:00,9760.58333079456,9761.282244227168,10000.0
2026-07-24T03:37:51.161047+00:00,9761.888101071572,9762.575634570252,10000.0
2026-07-24T03:38:56.633794+00:00,9761.060020020168,9761.752766260348,10000.0
2026-07-24T03:40:01.647735+00:00,9761.383188795342,9762.066005751414,10000.0
2026-07-24T03:41:06.057009+00:00,9762.681053583672,9763.367903717393,10000.0
2026-07-24T03:42:10.545837+00:00,9761.75509156457,9762.447715778871,10000.0
2026-07-24T03:43:16.052389+00:00,9763.15425240587,9763.850315029333,10000.0
2026-07-24T03:44:20.880728+00:00,9765.044778429037,9765.758751781752,10000.0
2026-07-24T03:45:26.357362+00:00,9768.9438510256,9769.63679699037,10000.0
2026-07-24T03:46:30.811715+00:00,9768.577624260124,9769.26243188302,10000.0
2026-07-24T03:47:35.666546+00:00,9767.16373539652,9767.854928506958,10000.0
2026-07-24T03:48:40.248765+00:00,9767.816313071278,9768.509910997282,10000.0
2026-07-24T03:49:45.465240+00:00,9773.513579333021,9774.194381286423,10000.0
2026-07-24T03:50:49.690411+00:00,9769.599342097197,9770.295676803076,10000.0
2026-07-24T03:51:54.273057+00:00,9771.170159870688,9771.861844975108,10000.0
2026-07-24T03:52:59.783187+00:00,9770.821482285186,9771.518208125879,10000.0
2026-07-24T03:54:03.995268+00:00,9765.684569320334,9766.377337425227,10000.0
2026-07-24T03:55:08.218222+00:00,9762.245797799547,9762.942913349238,10000.0
2026-07-24T03:56:12.749563+00:00,9763.004279913785,9763.703178022633,10000.0
2026-07-24T03:57:18.175012+00:00,9768.17327074719,9768.841644062448,10000.0
2026-07-24T03:58:23.496387+00:00,9766.746461113256,9767.418734995665,10000.0
2026-07-24T03:59:28.706345+00:00,9766.361876419207,9767.034573021581,10000.0
2026-07-24T04:00:34.776049+00:00,9765.640248545582,9766.320036907258,10000.0
2026-07-24T04:01:38.778026+00:00,9760.37764522207,9761.084799638389,10000.0
2026-07-24T04:02:42.919218+00:00,9761.058311475646,9761.765431581694,10000.0
2026-07-24T04:03:46.868890+00:00,9762.535881761985,9763.236286527434,10000.0
2026-07-24T04:04:51.975558+00:00,9761.233361133067,9761.923154626867,10000.0
2026-07-24T04:05:56.581844+00:00,9762.385697446727,9763.081325653224,10000.0
2026-07-24T04:07:00.827084+00:00,9758.941959692009,9759.647794775905,10000.0
2026-07-24T04:08:06.017248+00:00,9762.755555672102,9763.435447445761,10000.0
2026-07-24T04:09:10.222709+00:00,9759.850705244258,9760.535332362473,10000.0
2026-07-24T04:10:16.076414+00:00,9757.655528454154,9758.35263200747,10000.0
2026-07-24T04:11:20.323554+00:00,9753.583907644977,9754.294939151694,10000.0
2026-07-24T04:12:24.789880+00:00,9755.086797246913,9755.81554554158,10000.0
2026-07-24T04:13:29.831604+00:00,9753.743442481547,9754.474255268971,10000.0
2026-07-24T04:14:34.263014+00:00,9749.890285509447,9750.65593845048,10000.0
2026-07-24T04:15:38.577933+00:00,9748.494458260671,9749.27206096101,10000.0
2026-07-24T04:16:43.243426+00:00,9744.48921302264,9745.281944332011,10000.0
2026-07-24T04:17:48.114967+00:00,9745.569376778012,9746.364265045007,10000.0
2026-07-24T04:18:53.226876+00:00,9750.496803425953,9751.250558442123,10000.0
2026-07-24T04:19:58.059629+00:00,9750.793445067524,9751.537258799277,10000.0
2026-07-24T04:21:06.152948+00:00,9742.785732472224,9743.588120189734,10000.0
2026-07-24T04:22:10.412655+00:00,9743.318376645355,9744.110604385698,10000.0
2026-07-24T04:23:15.625428+00:00,9748.810824159133,9749.589136760984,10000.0
2026-07-24T04:24:20.034476+00:00,9758.32981109256,9759.098554089893,10000.0
2026-07-24T04:25:25.200344+00:00,9754.945640305397,9755.701299728713,10000.0
2026-07-24T04:26:29.651675+00:00,9755.239518239874,9756.001761949068,10000.0
2026-07-24T04:27:33.645569+00:00,9758.581737471737,9759.306820877164,10000.0
2026-07-24T04:28:37.771113+00:00,9757.757510083953,9758.485752745299,10000.0
2026-07-24T04:29:42.297616+00:00,9757.844212261705,9758.565209749682,10000.0
2026-07-24T04:30:47.071852+00:00,9754.58948733841,9755.307276000083,10000.0
2026-07-24T04:31:51.105996+00:00,9755.91593634555,9756.628665523715,10000.0
2026-07-24T04:32:55.515015+00:00,9756.889511736848,9757.613724619307,10000.0
2026-07-24T04:33:59.502314+00:00,9759.235561033558,9759.955108515069,10000.0
2026-07-24T04:35:06.041855+00:00,9753.730299991536,9754.446628677098,10000.0
2026-07-24T04:36:10.105904+00:00,9752.446986809015,9753.160059588496,10000.0
2026-07-24T04:37:14.194856+00:00,9752.661406676436,9753.390277858176,10000.0
2026-07-24T04:38:19.113356+00:00,9748.798960421513,9749.53683046209,10000.0
2026-07-24T04:39:23.908042+00:00,9747.394835037514,9748.14222526882,10000.0
2026-07-24T04:40:28.357037+00:00,9742.969109093523,9743.736319414407,10000.0
2026-07-24T04:41:32.712685+00:00,9741.082872625175,9741.844231688463,10000.0
2026-07-24T04:42:37.528663+00:00,9738.42326501525,9739.193649863057,10000.0
2026-07-24T04:43:41.712633+00:00,9743.392797719902,9744.148177567155,10000.0
2026-07-24T04:44:45.784295+00:00,9744.1268371265,9744.8787816949,10000.0
2026-07-24T04:45:49.924207+00:00,9744.26538125241,9745.00544004902,10000.0
2026-07-24T04:46:54.637993+00:00,9741.090271312054,9741.84856674358,10000.0
2026-07-24T04:47:59.161258+00:00,9741.489258921012,9742.245387553776,10000.0
2026-07-24T04:49:03.536612+00:00,9739.911167077304,9740.669966975034,10000.0
2026-07-24T04:50:08.327776+00:00,9742.21523256399,9742.960824208207,10000.0
2026-07-24T04:51:13.426035+00:00,9739.598435431215,9740.351140186125,10000.0
2026-07-24T04:52:18.719865+00:00,9740.038878501471,9740.782991028886,10000.0
2026-07-24T04:53:22.882428+00:00,9741.488982444764,9742.223558081529,10000.0
2026-07-24T04:54:28.503500+00:00,9742.241984061156,9742.981960975216,10000.0
2026-07-24T04:55:34.353600+00:00,9739.957051273,9740.694677256859,10000.0
2026-07-24T04:56:38.938584+00:00,9738.62169324076,9739.354093909496,10000.0
2026-07-24T04:57:43.785747+00:00,9735.712481764034,9736.431624982595,10000.0
2026-07-24T04:58:48.664226+00:00,9731.999490485072,9732.72231705368,10000.0
2026-07-24T04:59:53.132801+00:00,9734.016808717295,9734.739637034356,10000.0
2026-07-24T05:00:58.068013+00:00,9736.22928827117,9736.946131761617,10000.0
2026-07-24T05:02:02.186905+00:00,9731.698814342362,9732.436953415614,10000.0
2026-07-24T05:03:06.608573+00:00,9737.674305975479,9738.369151823577,10000.0
2026-07-24T05:04:11.072799+00:00,9738.258322763088,9738.946839739752,10000.0
2026-07-24T05:05:15.720686+00:00,9735.026095858628,9735.745079024015,10000.0
2026-07-24T05:06:19.810462+00:00,9744.963603293178,9745.689467584547,10000.0
2026-07-24T05:07:24.819236+00:00,9749.978353650453,9750.697450577598,10000.0
2026-07-24T05:08:30.026367+00:00,9753.264119564183,9753.986804490361,10000.0
2026-07-24T05:09:34.266686+00:00,9753.951945469349,9754.686584697118,10000.0
2026-07-24T05:10:38.389025+00:00,9749.942388233705,9750.692151642179,10000.0
2026-07-24T05:11:42.739083+00:00,9746.107474114546,9746.859010625925,10000.0
2026-07-24T05:12:47.596360+00:00,9748.496947982745,9749.23939530168,10000.0
2026-07-24T05:13:51.887460+00:00,9748.832848023529,9749.58926927248,10000.0
2026-07-24T05:14:57.569041+00:00,9747.99673307417,9748.746521698602,10000.0
2026-07-24T05:16:01.768441+00:00,9747.696898703289,9748.448564216407,10000.0
2026-07-24T05:17:07.396402+00:00,9747.406275960917,9748.182615629663,10000.0
2026-07-24T05:18:11.829059+00:00,9752.166937920201,9752.877099166166,10000.0
2026-07-24T05:19:16.976514+00:00,9754.342100964768,9755.037688107199,10000.0
2026-07-24T05:20:22.007923+00:00,9755.113022909098,9755.793201233028,10000.0
2026-07-24T05:21:27.090224+00:00,9756.088956061269,9756.788402004626,10000.0
2026-07-24T05:22:31.770371+00:00,9750.376369304175,9751.08275130158,10000.0
2026-07-24T05:23:36.953140+00:00,9751.484268371481,9752.193179751655,10000.0
2026-07-24T05:24:41.304263+00:00,9750.505775215326,9751.215361066095,10000.0
2026-07-24T05:25:46.023744+00:00,9748.879863769582,9749.593656818883,10000.0
2026-07-24T05:26:51.430871+00:00,9751.634485859473,9752.33718875109,10000.0
2026-07-24T05:27:55.940640+00:00,9750.052535975423,9750.75682322905,10000.0
2026-07-24T05:29:01.240593+00:00,9751.148645487854,9751.846809794792,10000.0
2026-07-24T05:30:05.859602+00:00,9750.658693814115,9751.359004944432,10000.0
2026-07-24T05:31:10.226319+00:00,9747.984935361776,9748.684009448125,10000.0
2026-07-24T05:32:14.911883+00:00,9747.168050844803,9747.871110784385,10000.0
2026-07-24T05:33:19.579383+00:00,9745.745632129929,9746.450010201059,10000.0
2026-07-24T05:34:23.989274+00:00,9745.163168909194,9745.857917366166,10000.0
2026-07-24T05:35:28.564395+00:00,9743.307144721693,9744.017839650254,10000.0
2026-07-24T05:36:32.594366+00:00,9742.913781147998,9743.616672831646,10000.0
2026-07-24T05:37:37.099345+00:00,9744.638001318268,9745.34322436765,10000.0
2026-07-24T05:38:41.490609+00:00,9741.505919813582,9742.219442807418,10000.0
2026-07-24T05:39:45.596791+00:00,9741.243325604359,9741.941648703149,10000.0
2026-07-24T05:40:53.208301+00:00,9741.074029868309,9741.775700450826,10000.0
2026-07-24T05:41:57.303727+00:00,9741.221294218234,9741.923268394774,10000.0
2026-07-24T05:43:02.197015+00:00,9743.55429732214,9744.252004008604,10000.0
2026-07-24T05:44:06.641750+00:00,9746.165935359802,9746.860469778821,10000.0
2026-07-24T05:45:11.653589+00:00,9751.315580432865,9752.00937720664,10000.0
2026-07-24T05:46:16.628613+00:00,9753.414669490485,9754.098002110248,10000.0
2026-07-24T05:47:21.068004+00:00,9753.264355750689,9753.946422788535,10000.0
2026-07-24T05:48:26.153855+00:00,9755.284410589553,9755.975775735204,10000.0
2026-07-24T05:49:30.823038+00:00,9752.085540496726,9752.771399020026,10000.0
2026-07-24T05:50:35.380260+00:00,9747.22269618604,9747.927342425592,10000.0
2026-07-24T05:51:40.851703+00:00,9745.944957331329,9746.633512447244,10000.0
2026-07-24T05:52:45.624740+00:00,9744.890771657629,9745.587241522631,10000.0
2026-07-24T05:54:00.924736+00:00,9744.616515107646,9745.3279827701,10000.0
2026-07-24T05:55:05.712891+00:00,9748.38021393097,9749.090092938315,10000.0
2026-07-24T05:56:10.664268+00:00,9746.733592572045,9747.438255485224,10000.0
2026-07-24T05:57:15.116303+00:00,9746.490999555464,9747.21145093191,10000.0
2026-07-24T05:58:19.763665+00:00,9745.996821325814,9746.715056801442,10000.0
2026-07-24T05:59:24.103510+00:00,9746.450621532966,9747.163021709473,10000.0
2026-07-24T06:00:28.594879+00:00,9747.295747748685,9748.009261358007,10000.0
2026-07-24T06:01:33.866503+00:00,9745.528246233178,9746.25216355225,10000.0
2026-07-24T06:02:38.096038+00:00,9744.403370491635,9745.140459220125,10000.0
2026-07-24T06:03:43.002179+00:00,9746.157103704381,9746.879096208519,10000.0
2026-07-24T06:04:48.033509+00:00,9748.557335040787,9749.27834116956,10000.0
2026-07-24T06:05:52.338029+00:00,9745.984628652304,9746.716256089383,10000.0
2026-07-24T06:06:57.170834+00:00,9745.948575996326,9746.675556518294,10000.0
2026-07-24T06:08:01.474404+00:00,9746.139224941793,9746.8635208556,10000.0
2026-07-24T06:09:06.201338+00:00,9754.159833000867,9754.877771617348,10000.0
2026-07-24T06:10:10.824131+00:00,9756.107485459654,9756.813852915293,10000.0
2026-07-24T06:11:14.808328+00:00,9754.421706587005,9755.159194616886,10000.0
2026-07-24T06:12:19.343998+00:00,9754.964425140528,9755.689931192932,10000.0
2026-07-24T06:13:24.628174+00:00,9756.399400484974,9757.125741748288,10000.0
2026-07-24T06:14:29.974649+00:00,9754.316446188408,9755.071822744403,10000.0
2026-07-24T06:15:34.385562+00:00,9756.651389208084,9757.399602154064,10000.0
2026-07-24T06:16:39.337844+00:00,9755.910667353264,9756.678284664162,10000.0
2026-07-24T06:17:43.969233+00:00,9757.636119938928,9758.40285215991,10000.0
2026-07-24T06:18:49.285189+00:00,9758.106807851616,9758.862947017364,10000.0
2026-07-24T06:19:54.512525+00:00,9775.2096244211,9775.949167085011,10000.0
2026-07-24T06:20:59.138059+00:00,9773.143998892454,9773.860811936876,10000.0
2026-07-24T06:22:03.754136+00:00,9773.914992814973,9774.634174733726,10000.0
2026-07-24T06:23:08.313757+00:00,9768.262854114055,9768.980029260154,10000.0
2026-07-24T06:24:12.861636+00:00,9766.086771679353,9766.82169536449,10000.0
2026-07-24T06:25:17.054649+00:00,9768.603232232486,9769.326005635998,10000.0
2026-07-24T06:26:20.961635+00:00,9766.831606179547,9767.565987038666,10000.0
2026-07-24T06:27:24.762793+00:00,9767.438635924691,9768.168898455746,10000.0
2026-07-24T06:28:29.553086+00:00,9763.331462219834,9764.074030877116,10000.0
2026-07-24T06:29:34.340751+00:00,9759.784205728447,9760.546584159776,10000.0
2026-07-24T06:30:39.542751+00:00,9756.29784933827,9757.057228481874,10000.0
2026-07-24T06:31:43.334615+00:00,9762.037583580184,9762.805517005452,10000.0
2026-07-24T06:32:47.313988+00:00,9761.784370519055,9762.554122176934,10000.0
2026-07-24T06:33:52.007836+00:00,9764.151435334497,9764.895300031754,10000.0
2026-07-24T06:34:55.862638+00:00,9768.581632991574,9769.31464162165,10000.0
2026-07-24T06:35:59.933557+00:00,9772.263636789703,9772.984740310267,10000.0
2026-07-24T06:37:04.445458+00:00,9774.616919526603,9775.355001348114,10000.0
2026-07-24T06:38:08.686691+00:00,9777.924524155382,9778.64913726568,10000.0
2026-07-24T06:39:13.176204+00:00,9777.429397571646,9778.15923104855,10000.0
2026-07-24T06:40:17.067712+00:00,9774.768766582325,9775.510776779418,10000.0
2026-07-24T06:41:22.901426+00:00,9772.714017799522,9773.455987128198,10000.0
2026-07-24T06:42:27.414340+00:00,9772.578919036563,9773.31675172124,10000.0
2026-07-24T06:43:31.497560+00:00,9770.923237108893,9771.67199339106,10000.0
2026-07-24T06:44:36.186628+00:00,9769.679631531619,9770.429466031062,10000.0
2026-07-24T06:45:41.471905+00:00,9765.716770578687,9766.460185809114,10000.0
2026-07-24T06:46:45.296366+00:00,9768.510165493668,9769.263960991275,10000.0
2026-07-24T06:47:50.173640+00:00,9770.294143687956,9771.054093453213,10000.0
2026-07-24T06:48:54.478022+00:00,9770.423173035088,9771.187258405247,10000.0
2026-07-24T06:49:58.740444+00:00,9762.186143942574,9762.980288239874,10000.0
2026-07-24T06:51:02.805350+00:00,9765.142237246515,9765.898759187021,10000.0
2026-07-24T06:52:06.994878+00:00,9763.658708957704,9764.43492355744,10000.0
2026-07-24T06:53:10.783098+00:00,9765.785987400825,9766.557598582507,10000.0
2026-07-24T06:54:15.250976+00:00,9766.614222756949,9767.387824895119,10000.0
2026-07-24T06:55:20.288492+00:00,9766.252235796206,9767.02275632316,10000.0
2026-07-24T06:56:24.534950+00:00,9765.430221826611,9766.182754336514,10000.0
2026-07-24T06:57:28.334751+00:00,9765.93377929821,9766.677715245947,10000.0
2026-07-24T06:58:32.843589+00:00,9770.581715273316,9771.319700722755,10000.0
2026-07-24T06:59:37.485030+00:00,9772.208844006782,9772.944794834406,10000.0
2026-07-24T07:00:41.513346+00:00,9775.92724404419,9776.655387014767,10000.0
2026-07-24T07:01:46.883134+00:00,9776.049320100605,9776.774823293015,10000.0
2026-07-24T07:02:51.864444+00:00,9799.802461472842,9800.343184743399,10000.0
2026-07-24T07:03:55.859388+00:00,9798.10745779431,9798.719177217092,10000.0
2026-07-24T07:05:01.499669+00:00,9791.77835362945,9792.398705562155,10000.0
2026-07-24T07:06:05.765747+00:00,9791.313680236664,9791.956673557339,10000.0
2026-07-24T07:07:10.811141+00:00,9793.204343216348,9793.828805654282,10000.0
2026-07-24T07:08:14.588528+00:00,9794.828976887073,9795.438348872949,10000.0
2026-07-24T07:09:19.268646+00:00,9801.591599952068,9802.200513626603,10000.0
2026-07-24T07:10:23.917604+00:00,9823.6792454663,9824.247492690696,10000.0
2026-07-24T07:11:28.120755+00:00,9844.035287264278,9844.578951014135,10000.0
2026-07-24T07:12:32.647007+00:00,9846.930055414221,9847.486776596448,10000.0
2026-07-24T07:13:36.895008+00:00,9849.610137751231,9850.156820679964,10000.0
2026-07-24T07:14:40.860694+00:00,9847.520050154108,9848.066099971727,10000.0
2026-07-24T07:15:45.113818+00:00,9836.438516242484,9836.980534516722,10000.0
2026-07-24T07:16:49.388759+00:00,9847.664331506456,9848.214620449946,10000.0
2026-07-24T07:17:54.117888+00:00,9835.091140859211,9835.675731416115,10000.0
2026-07-24T07:18:57.914620+00:00,9832.585867931963,9833.176474875687,10000.0
2026-07-24T07:20:02.180615+00:00,9837.334205079665,9837.917194992555,10000.0
2026-07-24T07:21:06.994360+00:00,9835.266635796344,9835.843705152913,10000.0
2026-07-24T07:22:11.314332+00:00,9836.794557324283,9837.38917741247,10000.0
2026-07-24T07:23:15.735077+00:00,9838.144560352737,9838.711806233769,10000.0
2026-07-24T07:24:19.987201+00:00,9826.025786345706,9826.619860190458,10000.0
2026-07-24T07:25:24.807082+00:00,9822.048675412514,9822.629267056349,10000.0
2026-07-24T07:26:29.387591+00:00,9825.811763209304,9826.387089439355,10000.0
2026-07-24T07:27:34.384587+00:00,9822.431892798135,9823.03201792677,10000.0
2026-07-24T07:28:38.431122+00:00,9821.73746795782,9822.293845171185,10000.0
2026-07-24T07:29:43.005669+00:00,9823.04818926471,9823.620637119704,10000.0
2026-07-24T07:30:47.072809+00:00,9816.748272798894,9817.336842075993,10000.0
2026-07-24T07:31:52.734480+00:00,9825.813982938347,9826.393534356806,10000.0
2026-07-24T07:32:57.506615+00:00,9830.492805515889,9831.07158645842,10000.0
2026-07-24T07:34:01.373100+00:00,9817.278686635367,9817.871746550218,10000.0
2026-07-24T07:35:06.465524+00:00,9808.116708496762,9808.712257189529,10000.0
2026-07-24T07:36:10.508943+00:00,9801.676351275215,9802.276192623105,10000.0
2026-07-24T07:37:14.357984+00:00,9802.793828412778,9803.385276348314,10000.0
2026-07-24T07:38:18.381239+00:00,9804.828483253446,9805.418761239576,10000.0
2026-07-24T07:39:22.851144+00:00,9805.593654822002,9806.194713326944,10000.0
2026-07-24T07:40:27.409260+00:00,9801.849524155014,9802.431142631884,10000.0
2026-07-24T07:41:31.817662+00:00,9794.021798143958,9794.61443389807,10000.0
2026-07-24T07:42:36.475969+00:00,9778.780426276104,9779.38901104648,10000.0
2026-07-24T07:43:41.560351+00:00,9781.234209946932,9781.843800225599,10000.0
2026-07-24T07:44:45.872944+00:00,9784.690236388822,9785.28481156165,10000.0
2026-07-24T07:45:50.698621+00:00,9789.083887429486,9789.670340831419,10000.0
2026-07-24T07:46:54.876464+00:00,9793.987627859717,9794.539793131642,10000.0
2026-07-24T07:47:59.787935+00:00,9797.53393521748,9798.089374372443,10000.0
2026-07-24T07:49:04.042578+00:00,9801.265971212533,9801.816477567432,10000.0
2026-07-24T07:50:08.226181+00:00,9804.493432371548,9805.034407391127,10000.0
2026-07-24T07:51:12.483371+00:00,9803.326476402606,9803.847715298656,10000.0
2026-07-24T07:52:18.117529+00:00,9805.355839269825,9805.87215386856,10000.0
2026-07-24T07:53:23.294999+00:00,9805.156335320164,9805.671981240255,10000.0
2026-07-24T07:54:27.427733+00:00,9810.838662461061,9811.352608341384,10000.0
2026-07-24T07:55:32.086887+00:00,9814.57746536096,9815.094287700882,10000.0
2026-07-24T07:56:37.521806+00:00,9813.95445817066,9814.4798401205,10000.0
2026-07-24T07:57:43.538663+00:00,9814.534064970898,9815.044395811536,10000.0
2026-07-24T07:58:48.736640+00:00,9814.260770632498,9814.767046262983,10000.0
2026-07-24T07:59:53.273975+00:00,9816.912308823714,9817.407275546459,10000.0
2026-07-24T08:00:57.725861+00:00,9817.138046099531,9817.631601157946,10000.0
2026-07-24T08:02:01.836993+00:00,9814.505251270384,9815.02069612114,10000.0
2026-07-24T08:03:06.470333+00:00,9805.918409719678,9806.461634142133,10000.0
2026-07-24T08:04:11.495335+00:00,9804.762866297055,9805.291793098451,10000.0
2026-07-24T08:05:15.963262+00:00,9804.679411870322,9805.2077479775,10000.0
2026-07-24T08:06:21.127632+00:00,9806.180054693377,9806.70741512625,10000.0
2026-07-24T08:07:25.209277+00:00,9803.589677469228,9804.122296806512,10000.0
2026-07-24T08:08:30.335372+00:00,9810.13431584716,9810.645804442267,10000.0
2026-07-24T08:09:34.971349+00:00,9813.576907100214,9814.084559017367,10000.0
2026-07-24T08:10:39.055620+00:00,9807.96647455128,9808.474016948183,10000.0
2026-07-24T08:11:43.544002+00:00,9802.796708703214,9803.310490449752,10000.0
2026-07-24T08:12:47.892938+00:00,9800.342255338795,9800.861736656865,10000.0
2026-07-24T08:13:52.534481+00:00,9802.895147979496,9803.40378509512,10000.0
2026-07-24T08:14:56.944109+00:00,9805.300685222343,9805.797527564655,10000.0
2026-07-24T08:16:01.984863+00:00,9802.28196966377,9802.781555391037,10000.0
2026-07-24T08:17:06.672258+00:00,9807.080358079744,9807.578415067195,10000.0
2026-07-24T08:18:11.482199+00:00,9808.23554185178,9808.726382627025,10000.0
2026-07-24T08:19:16.544049+00:00,9800.466322011576,9800.968835845273,10000.0
2026-07-24T08:20:21.310400+00:00,9801.373765614811,9801.864264356402,10000.0
2026-07-24T08:21:25.628952+00:00,9799.047104261545,9799.539621445758,10000.0
2026-07-24T08:22:30.697719+00:00,9792.477184449375,9792.988034657905,10000.0
2026-07-24T08:23:35.703450+00:00,9791.179948903731,9791.69670129128,10000.0
2026-07-24T08:24:40.203915+00:00,9789.065001146575,9789.583192285783,10000.0
2026-07-24T08:25:44.939207+00:00,9783.469718497252,9784.014737873225,10000.0
2026-07-24T08:26:49.171277+00:00,9788.337131838034,9788.850597351866,10000.0
2026-07-24T08:27:53.519473+00:00,9788.666141014757,9789.18616216829,10000.0
2026-07-24T08:28:58.800710+00:00,9788.896817979054,9789.418880603713,10000.0
2026-07-24T08:30:05.068629+00:00,9794.667680555485,9795.152876413096,10000.0
2026-07-24T08:31:10.221090+00:00,9795.411084943176,9795.917726544565,10000.0
2026-07-24T08:32:14.959536+00:00,9798.326941585703,9798.82595009251,10000.0
2026-07-24T08:33:19.294802+00:00,9800.112542496454,9800.600018580435,10000.0
2026-07-24T08:34:24.589523+00:00,9800.13909977909,9800.621267777671,10000.0
2026-07-24T08:35:28.930593+00:00,9800.929248529028,9801.411054183955,10000.0
2026-07-24T08:36:33.654642+00:00,9796.930517549603,9797.422746866718,10000.0
2026-07-24T08:37:38.253140+00:00,9802.847486585679,9803.333792257818,10000.0
2026-07-24T08:38:43.070029+00:00,9804.68720312528,9805.163167016188,10000.0
2026-07-24T08:39:48.490712+00:00,9805.383590510566,9805.85686969125,10000.0
2026-07-24T08:40:53.091687+00:00,9805.501914041788,9805.987697415683,10000.0
2026-07-24T08:41:58.279545+00:00,9803.866563408117,9804.354778197066,10000.0
2026-07-24T08:43:03.482853+00:00,9803.050146111113,9803.550359142686,10000.0
2026-07-24T08:44:08.737429+00:00,9803.203109866956,9803.694350313428,10000.0
2026-07-24T08:45:14.350169+00:00,9805.922166470205,9806.41305933949,10000.0
2026-07-24T08:46:19.315937+00:00,9801.855253625505,9802.354031285107,10000.0
2026-07-24T08:47:23.745813+00:00,9802.615787490158,9803.101634281778,10000.0
2026-07-24T08:48:27.991697+00:00,9799.501342816193,9799.996269285532,10000.0
2026-07-24T08:49:31.984786+00:00,9798.373515618076,9798.870646777454,10000.0
2026-07-24T08:50:35.984380+00:00,9800.07995449894,9800.575990392554,10000.0
2026-07-24T08:51:40.332371+00:00,9794.092476069412,9794.581531216598,10000.0
2026-07-24T08:52:44.642832+00:00,9793.844608417003,9794.330123429783,10000.0
2026-07-24T08:53:49.015601+00:00,9791.061310787218,9791.547548360388,10000.0
2026-07-24T08:54:52.960394+00:00,9791.112117306278,9791.577203660487,10000.0
2026-07-24T08:55:57.312441+00:00,9791.456261633091,9791.919745120316,10000.0
2026-07-24T08:57:01.376348+00:00,9792.16322996497,9792.619807277386,10000.0
2026-07-24T08:58:06.168145+00:00,9792.65163987173,9793.099678431343,10000.0
2026-07-24T08:59:10.646842+00:00,9789.297944833066,9789.758106632007,10000.0
2026-07-24T09:00:15.426239+00:00,9790.070641833205,9790.51870969258,10000.0
2026-07-24T09:01:19.979628+00:00,9789.23260241878,9789.68782429235,10000.0
2026-07-24T09:02:24.006901+00:00,9790.947336390334,9791.393600326497,10000.0
2026-07-24T09:03:28.011882+00:00,9791.314314481495,9791.759232827993,10000.0
2026-07-24T09:04:32.452532+00:00,9787.342667787872,9787.78412325476,10000.0
2026-07-24T09:05:36.482032+00:00,9774.268283535515,9774.713018747312,10000.0
2026-07-24T09:06:41.007346+00:00,9770.741625142184,9771.216607136084,10000.0
2026-07-24T09:07:45.063337+00:00,9772.111179180376,9772.576333765966,10000.0
2026-07-24T09:08:49.616094+00:00,9771.020821080196,9771.497861479727,10000.0
2026-07-24T09:09:54.085127+00:00,9773.455594446861,9773.91340353774,10000.0
2026-07-24T09:10:58.379176+00:00,9771.042938099521,9771.513159937125,10000.0
2026-07-24T09:12:02.530720+00:00,9766.57302545122,9767.049654146855,10000.0
2026-07-24T09:13:06.783037+00:00,9766.816475813912,9767.281480182139,10000.0
2026-07-24T09:14:10.981240+00:00,9760.786951959723,9761.275934778507,10000.0
2026-07-24T09:15:15.315678+00:00,9755.458977122693,9755.960215905805,10000.0
2026-07-24T09:16:20.058038+00:00,9752.371233803184,9752.883722345661,10000.0
2026-07-24T09:17:25.545598+00:00,9754.012553377643,9754.521412885317,10000.0
2026-07-24T09:18:30.161290+00:00,9755.167411203543,9755.664275574054,10000.0
2026-07-24T09:19:35.452223+00:00,9747.935440392503,9748.447317201026,10000.0
2026-07-24T09:20:40.806625+00:00,9753.115324415126,9753.623434323494,10000.0
2026-07-24T09:21:45.048146+00:00,9751.92545755666,9752.42470604364,10000.0
2026-07-24T09:22:49.507375+00:00,9746.985748400813,9747.496387360052,10000.0
2026-07-24T09:23:54.291957+00:00,9754.443504380684,9754.950816424442,10000.0
2026-07-24T09:24:59.082949+00:00,9752.575518954342,9753.083328737994,10000.0
2026-07-24T09:26:03.898073+00:00,9759.800952819316,9760.281181478935,10000.0
2026-07-24T09:27:08.671746+00:00,9758.016408529547,9758.502818978384,10000.0
2026-07-24T09:28:12.697490+00:00,9757.967693496972,9758.436703262745,10000.0
2026-07-24T09:29:16.906836+00:00,9757.329208593816,9757.81605031827,10000.0
2026-07-24T09:30:21.618840+00:00,9758.216716434448,9758.691856632948,10000.0
2026-07-24T09:31:26.086245+00:00,9756.164520417362,9756.640605621486,10000.0
2026-07-24T09:32:30.974466+00:00,9761.375307719645,9761.844671290397,10000.0
2026-07-24T09:33:35.103309+00:00,9756.760344118713,9757.242290903358,10000.0
2026-07-24T09:34:39.826582+00:00,9754.410810029513,9754.913371882165,10000.0
2026-07-24T09:35:43.890917+00:00,9755.129817678457,9755.639687663905,10000.0
2026-07-24T09:36:48.979931+00:00,9758.425936520625,9758.925300155877,10000.0
2026-07-24T09:37:53.444991+00:00,9759.625839272938,9760.123900436301,10000.0
2026-07-24T09:38:58.311835+00:00,9758.821081413844,9759.322750645359,10000.0
2026-07-24T09:40:02.746944+00:00,9765.116029129978,9765.605971566283,10000.0
2026-07-24T09:41:07.284857+00:00,9770.318743981748,9770.802303369801,10000.0
2026-07-24T09:42:11.725465+00:00,9768.63704257921,9769.124396119281,10000.0
2026-07-24T09:43:15.912554+00:00,9772.982673281997,9773.461714592491,10000.0
2026-07-24T09:44:21.062076+00:00,9772.970617103947,9773.449109989473,10000.0
2026-07-24T09:45:25.554291+00:00,9771.331547596108,9771.812849971431,10000.0
2026-07-24T09:46:29.513542+00:00,9779.06116563574,9779.531290071125,10000.0
2026-07-24T09:47:34.222490+00:00,9777.40397645671,9777.879915408088,10000.0
2026-07-24T09:48:38.404458+00:00,9771.497777182281,9771.972123689875,10000.0
2026-07-24T09:49:43.370177+00:00,9772.394406426676,9772.872457723772,10000.0
2026-07-24T09:50:48.205287+00:00,9770.942499402849,9771.426408050454,10000.0
2026-07-24T09:51:52.564731+00:00,9773.985794577758,9774.459670935634,10000.0
2026-07-24T09:52:56.674587+00:00,9778.53821322143,9778.994672562583,10000.0
2026-07-24T09:54:00.804469+00:00,9777.386734758726,9777.850405675072,10000.0
2026-07-24T09:55:05.875959+00:00,9777.143083387244,9777.610095328126,10000.0
2026-07-24T09:56:09.869254+00:00,9776.360173542404,9776.829612711792,10000.0
2026-07-24T09:57:14.359595+00:00,9776.560802026575,9777.021303684314,10000.0
2026-07-24T09:58:18.674837+00:00,9775.455698736714,9775.916897041707,10000.0
2026-07-24T09:59:22.689625+00:00,9772.091972830414,9772.577158595865,10000.0
2026-07-24T10:00:27.076355+00:00,9776.074592669063,9776.535692042173,10000.0
2026-07-24T10:01:31.085029+00:00,9773.793079715522,9774.26591095683,10000.0
2026-07-24T10:02:35.891542+00:00,9773.355687526433,9773.846249453274,10000.0
2026-07-24T10:03:40.199885+00:00,9773.037598035466,9773.526842749032,10000.0
2026-07-24T10:04:44.311385+00:00,9774.357951701315,9774.852001372172,10000.0
2026-07-24T10:05:48.241496+00:00,9767.231686222884,9767.738141207297,10000.0
2026-07-24T10:06:52.829201+00:00,9766.83367257289,9767.335369951123,10000.0
2026-07-24T10:07:57.619594+00:00,9765.628985488498,9766.144587588786,10000.0
2026-07-24T10:09:02.197712+00:00,9764.256162472644,9764.75434116613,10000.0
2026-07-24T10:10:06.822631+00:00,9763.196991039082,9763.694270676795,10000.0
2026-07-24T10:11:11.369030+00:00,9760.869422699296,9761.366283963183,10000.0
2026-07-24T10:12:16.061273+00:00,9751.189482461981,9751.722996693807,10000.0
2026-07-24T10:13:20.781028+00:00,9748.509514499288,9749.050529923163,10000.0
2026-07-24T10:14:25.243148+00:00,9747.658800027304,9748.19356703384,10000.0
2026-07-24T10:15:30.520403+00:00,9747.049170232216,9747.568556499331,10000.0
2026-07-24T10:16:35.754723+00:00,9748.984706426869,9749.508772193922,10000.0
2026-07-24T10:17:40.517405+00:00,9747.76290306064,9748.282579158367,10000.0
2026-07-24T10:18:44.481624+00:00,9744.792948642917,9745.31725319926,10000.0
2026-07-24T10:19:48.459225+00:00,9741.940365934184,9742.48158143493,10000.0
2026-07-24T10:20:52.892021+00:00,9744.2444746224,9744.777569295191,10000.0
2026-07-24T10:21:56.905290+00:00,9746.799148310725,9747.314988457183,10000.0
2026-07-24T10:23:01.779644+00:00,9750.696513452422,9751.209054140016,10000.0
2026-07-24T10:24:05.832726+00:00,9753.118964623727,9753.616262007266,10000.0
2026-07-24T10:25:09.833937+00:00,9753.12174722316,9753.616268746588,10000.0
2026-07-24T10:26:14.346014+00:00,9753.064084850834,9753.564054569571,10000.0
2026-07-24T10:27:19.572148+00:00,9755.15394497669,9755.618783490729,10000.0
2026-07-24T10:28:23.795696+00:00,9756.521020048147,9756.990567688135,10000.0
2026-07-24T10:29:27.884244+00:00,9754.112931467494,9754.592202722604,10000.0
2026-07-24T10:30:32.689728+00:00,9754.285142000357,9754.7620115242,10000.0
2026-07-24T10:31:36.891376+00:00,9759.362624337531,9759.82225505281,10000.0
2026-07-24T10:32:41.349311+00:00,9756.846317162792,9757.31754039512,10000.0
2026-07-24T10:33:46.788069+00:00,9758.52986436828,9758.998426367283,10000.0
2026-07-24T10:34:51.130006+00:00,9755.021796500476,9755.484382340484,10000.0
2026-07-24T10:35:56.290389+00:00,9752.531325234564,9752.999779088743,10000.0
2026-07-24T10:37:02.394527+00:00,9754.12569892002,9754.598583462415,10000.0
2026-07-24T10:38:09.151720+00:00,9754.723072095077,9755.205007577919,10000.0
2026-07-24T10:39:15.168525+00:00,9757.01150379283,9757.478619164795,10000.0
2026-07-24T10:40:19.540430+00:00,9750.162365316522,9750.64316959857,10000.0
2026-07-24T10:41:24.189314+00:00,9754.904445716214,9755.392768595824,10000.0
2026-07-24T10:42:28.719775+00:00,9754.590955733043,9755.071108736616,10000.0
2026-07-24T10:43:33.077564+00:00,9753.688997648842,9754.156990792662,10000.0
2026-07-24T10:44:37.496671+00:00,9751.147961853563,9751.629532652485,10000.0
2026-07-24T10:45:42.128244+00:00,9751.424359630651,9751.90939107953,10000.0
2026-07-24T10:46:47.804348+00:00,9752.594780088566,9753.080676083968,10000.0
2026-07-24T10:47:53.918531+00:00,9754.352341248787,9754.810655242785,10000.0
2026-07-24T10:48:59.530045+00:00,9754.87144809996,9755.323476857502,10000.0
2026-07-24T10:50:04.592983+00:00,9755.327559009947,9755.77164866185,10000.0
2026-07-24T10:51:09.864140+00:00,9753.296639664986,9753.753047781698,10000.0
2026-07-24T10:52:14.270993+00:00,9747.141005326055,9747.614972545607,10000.0
2026-07-24T10:53:18.893817+00:00,9743.784853388694,9744.259467902557,10000.0
2026-07-24T10:54:23.589349+00:00,9736.315185099233,9736.80348760171,10000.0
2026-07-24T10:55:28.721604+00:00,9738.909232275255,9739.415601363471,10000.0
2026-07-24T10:56:33.368013+00:00,9744.450420849556,9744.939261326037,10000.0
2026-07-24T10:57:38.679692+00:00,9745.101653357191,9745.589945760206,10000.0
2026-07-24T10:58:44.430406+00:00,9746.624648964469,9747.110849553283,10000.0
2026-07-24T10:59:50.293956+00:00,9747.572774288843,9748.051244551214,10000.0
2026-07-24T11:00:55.076790+00:00,9739.514184745392,9740.001806353577,10000.0
2026-07-24T11:02:00.506090+00:00,9743.973207504643,9744.440421258938,10000.0
2026-07-24T11:03:05.729586+00:00,9746.15821900261,9746.61970310116,10000.0
2026-07-24T11:04:10.499907+00:00,9747.486739260605,9747.93499443195,10000.0
2026-07-24T11:05:15.954121+00:00,9749.418601088204,9749.860710912595,10000.0
2026-07-24T11:06:20.937206+00:00,9747.074584904905,9747.525141153605,10000.0
2026-07-24T11:07:25.924347+00:00,9749.53208475516,9749.98364262651,10000.0
2026-07-24T11:08:30.671499+00:00,9744.542565525866,9745.00226697968,10000.0
2026-07-24T11:09:35.108981+00:00,9740.046821990421,9740.514711729118,10000.0
2026-07-24T11:10:41.096050+00:00,9734.585504264427,9735.060834761653,10000.0
2026-07-24T11:11:45.555120+00:00,9737.994299611517,9738.456649953252,10000.0
2026-07-24T11:12:51.036071+00:00,9741.005569791258,9741.482055920262,10000.0
2026-07-24T11:13:56.370863+00:00,9742.597294929721,9743.07441848448,10000.0
2026-07-24T11:15:02.142105+00:00,9731.849094052477,9732.388036124667,10000.0
2026-07-24T11:16:06.731404+00:00,9742.437670014922,9742.94964030315,10000.0
2026-07-24T11:17:11.275419+00:00,9741.512713813298,9742.02094765077,10000.0
2026-07-24T11:19:16.843745+00:00,9740.760739686159,9741.27503653851,10000.0
2026-07-24T11:20:21.093399+00:00,9741.227189263078,9741.738085514218,10000.0
2026-07-24T11:21:25.731312+00:00,9740.884871006643,9741.421735034222,10000.0
2026-07-24T11:22:30.857246+00:00,9740.313017520846,9740.846413514986,10000.0
2026-07-24T11:23:35.330085+00:00,9738.64358328661,9739.173574351025,10000.0
2026-07-24T11:24:40.095000+00:00,9738.250734489155,9738.787708316002,10000.0
2026-07-24T11:25:44.911741+00:00,9734.180969371526,9734.723720712227,10000.0
2026-07-24T11:26:49.677361+00:00,9734.432573177202,9734.972510021715,10000.0
2026-07-24T11:27:55.080123+00:00,9735.442105494176,9736.007755135915,10000.0
2026-07-24T11:29:00.547258+00:00,9733.622540403716,9734.177301882282,10000.0
2026-07-24T11:30:05.989214+00:00,9734.78246624467,9735.333212475638,10000.0
2026-07-24T11:31:10.147453+00:00,9728.811827331016,9729.383562475661,10000.0
2026-07-24T11:32:15.904864+00:00,9721.160584353895,9721.762463217776,10000.0
2026-07-24T11:33:20.162291+00:00,9730.129468778767,9730.703040180295,10000.0
2026-07-24T11:34:25.523181+00:00,9729.835725031771,9730.402670230815,10000.0
2026-07-24T11:35:31.034742+00:00,9724.592649468239,9725.162512480949,10000.0
2026-07-24T11:36:35.507884+00:00,9722.468145227256,9723.042870412282,10000.0
2026-07-24T11:37:41.851292+00:00,9721.920138797059,9722.49834141996,10000.0
2026-07-24T11:38:46.998555+00:00,9723.849134699203,9724.435227116717,10000.0
2026-07-24T11:39:52.690657+00:00,9723.177401324507,9723.78131146298,10000.0
2026-07-24T11:40:58.273653+00:00,9717.719570716408,9718.361467802733,10000.0
2026-07-24T11:42:03.727858+00:00,9720.489239856077,9721.125200222607,10000.0
2026-07-24T11:43:10.958876+00:00,9718.581520302687,9719.213139599671,10000.0
2026-07-24T11:44:15.832192+00:00,9720.063304706486,9720.683178882897,10000.0
2026-07-24T11:45:21.396016+00:00,9715.794009888665,9716.424437832775,10000.0
2026-07-24T11:46:26.576211+00:00,9706.917282770792,9707.570155267424,10000.0
2026-07-24T11:47:34.486031+00:00,9705.806096571521,9706.464165843925,10000.0
2026-07-24T11:48:38.889427+00:00,9700.631979945265,9701.289772314502,10000.0
2026-07-24T11:49:43.505233+00:00,9709.675466125635,9710.318531911522,10000.0
2026-07-24T11:50:49.256705+00:00,9713.563917826858,9714.194829272643,10000.0
2026-07-24T11:51:54.701058+00:00,9713.18893145601,9713.831824492352,10000.0
2026-07-24T11:52:59.665610+00:00,9715.652825301055,9716.287780238346,10000.0
2026-07-24T11:54:04.333340+00:00,9721.358340323874,9721.991175421186,10000.0
2026-07-24T11:55:08.614228+00:00,9725.333603836665,9725.965736555852,10000.0
2026-07-24T11:56:13.948241+00:00,9721.26444647731,9721.908375777552,10000.0
2026-07-24T11:57:18.311126+00:00,9723.084649730767,9723.713534998526,10000.0
2026-07-24T11:58:22.747631+00:00,9719.204172062673,9719.831058170332,10000.0
2026-07-24T11:59:27.357520+00:00,9732.171186822412,9732.805644145305,10000.0
2026-07-24T12:00:31.800558+00:00,9724.41852363059,9725.066821339766,10000.0
2026-07-24T12:01:37.341934+00:00,9723.88047299,9724.52427972735,10000.0
2026-07-24T12:02:41.793391+00:00,9719.917894492353,9720.5746569646,10000.0
2026-07-24T12:03:45.905797+00:00,9716.848804058416,9717.517884859075,10000.0
2026-07-24T12:04:50.519937+00:00,9717.677123183305,9718.329585340307,10000.0
2026-07-24T12:05:54.723919+00:00,9715.913842749786,9716.573620171395,10000.0
2026-07-24T12:06:58.879930+00:00,9723.189892257758,9723.84145343057,10000.0
2026-07-24T12:08:03.205952+00:00,9723.676781518556,9724.317263868557,10000.0
2026-07-24T12:09:07.820369+00:00,9725.631602559532,9726.246936059373,10000.0
2026-07-24T12:10:13.674999+00:00,9733.710538715635,9734.332620130479,10000.0
2026-07-24T12:11:18.486275+00:00,9732.423276758733,9733.043808747067,10000.0
2026-07-24T12:12:22.944082+00:00,9729.917535417899,9730.539977854594,10000.0
2026-07-24T12:13:28.829241+00:00,9730.936038844711,9731.546637817384,10000.0
2026-07-24T12:14:33.154810+00:00,9730.706666501786,9731.311110878221,10000.0
2026-07-24T12:15:37.627887+00:00,9728.838361476974,9729.454536989679,10000.0
2026-07-24T12:16:42.134714+00:00,9728.601509887074,9729.215647645018,10000.0
2026-07-24T12:17:46.935237+00:00,9731.765170348477,9732.378026531715,10000.0
2026-07-24T12:18:51.367418+00:00,9730.753460062835,9731.350913765895,10000.0
2026-07-24T12:19:56.291524+00:00,9729.309930484598,9729.883922809837,10000.0
2026-07-24T12:21:01.647874+00:00,9728.502542802406,9729.074301566527,10000.0
2026-07-24T12:22:06.397161+00:00,9730.891324650105,9731.46669990441,10000.0
2026-07-24T12:23:10.807117+00:00,9734.312279973758,9734.894111123653,10000.0
2026-07-24T12:24:15.634462+00:00,9739.000553474873,9739.583333300332,10000.0
2026-07-24T12:25:20.404378+00:00,9738.921943351097,9739.485547207914,10000.0
2026-07-24T12:26:25.058824+00:00,9742.858836262176,9743.41720071086,10000.0
2026-07-24T12:27:30.274684+00:00,9746.17356018609,9746.747704779364,10000.0
2026-07-24T12:28:34.965718+00:00,9735.488260922702,9736.058574890358,10000.0
2026-07-24T12:29:39.502495+00:00,9733.190429827986,9733.774838266692,10000.0
2026-07-24T12:30:44.128928+00:00,9731.936989185868,9732.532507720947,10000.0
2026-07-24T12:31:48.516123+00:00,9731.408716213185,9732.025659536685,10000.0
2026-07-24T12:32:53.409626+00:00,9734.51588753838,9735.13501797302,10000.0
2026-07-24T12:33:59.066971+00:00,9735.32889197856,9735.940155413335,10000.0
2026-07-24T12:35:03.837642+00:00,9722.368616423866,9723.010753608261,10000.0
2026-07-24T12:36:09.220161+00:00,9723.370712824208,9724.000221951848,10000.0
2026-07-24T12:37:13.838976+00:00,9723.10095651167,9723.740570742892,10000.0
2026-07-24T12:38:18.517308+00:00,9723.839429442181,9724.475781028088,10000.0
2026-07-24T12:39:22.980864+00:00,9726.125532689097,9726.766973680444,10000.0
2026-07-24T12:40:29.193967+00:00,9722.629549300524,9723.263336493948,10000.0
2026-07-24T12:41:35.231042+00:00,9720.185300041403,9720.82773238552,10000.0
2026-07-24T12:42:42.254996+00:00,9713.312000479322,9713.965882573553,10000.0
2026-07-24T12:43:49.268821+00:00,9712.319684721695,9712.968850271332,10000.0
2026-07-24T12:44:59.262837+00:00,9709.307295734277,9709.95935098888,10000.0
2026-07-24T12:46:03.788234+00:00,9709.558895379303,9710.237893127396,10000.0
2026-07-24T12:47:09.504762+00:00,9694.208063464112,9694.936611100251,10000.0
2026-07-24T12:48:14.241179+00:00,9697.777479470282,9698.436360706582,10000.0
2026-07-24T12:49:20.026728+00:00,9690.95535121717,9691.640624255784,10000.0
2026-07-24T12:50:24.426139+00:00,9698.89709675684,9699.55564228835,10000.0
2026-07-24T12:51:28.881216+00:00,9701.123520271956,9701.795698494363,10000.0
2026-07-24T12:52:36.875154+00:00,9701.600890770264,9702.281587864323,10000.0
2026-07-24T12:53:44.346065+00:00,9697.772836175242,9698.434623661307,10000.0
2026-07-24T12:54:50.448289+00:00,9697.916961479581,9698.57496641472,10000.0
2026-07-24T12:55:54.917652+00:00,9701.244854985545,9701.89745353956,10000.0
2026-07-24T12:57:00.236348+00:00,9685.756805338046,9686.433690626433,10000.0
2026-07-24T12:58:05.603600+00:00,9684.55186480172,9685.191998231927,10000.0
2026-07-24T12:59:10.324180+00:00,9687.134076219127,9687.746148744674,10000.0
2026-07-24T13:00:15.192226+00:00,9687.52299496528,9688.155442017258,10000.0
2026-07-24T13:01:20.116299+00:00,9683.276820209805,9683.90325374674,10000.0
2026-07-24T13:02:24.670166+00:00,9678.630424045074,9679.260329337758,10000.0
2026-07-24T13:03:29.358710+00:00,9679.796172290655,9680.428882681508,10000.0
2026-07-24T13:04:34.750660+00:00,9676.4524079769,9677.117809103504,10000.0
2026-07-24T13:05:39.010596+00:00,9649.38151541322,9650.127147500209,10000.0
2026-07-24T13:06:43.997352+00:00,9649.998950678952,9650.646751968818,10000.0
2026-07-24T13:07:48.632474+00:00,9624.74154073019,9625.477514793289,10000.0
2026-07-24T13:08:53.388369+00:00,9629.466215803755,9630.144374851745,10000.0
2026-07-24T13:09:57.974134+00:00,9633.298577238926,9633.944452099484,10000.0
2026-07-24T13:11:02.454531+00:00,9632.838636614053,9633.488419563499,10000.0
2026-07-24T13:12:07.009853+00:00,9640.167925212165,9640.780689295643,10000.0
2026-07-24T13:13:11.870618+00:00,9636.1122282575,9636.72170302304,10000.0
2026-07-24T13:14:17.741915+00:00,9629.353476313916,9629.95415979299,10000.0
2026-07-24T13:15:22.204288+00:00,9635.163390096028,9635.748414072961,10000.0
2026-07-24T13:16:27.211406+00:00,9638.902623648775,9639.491243077784,10000.0
2026-07-24T13:17:32.517347+00:00,9641.501140240669,9642.093448198157,10000.0
2026-07-24T13:18:36.949944+00:00,9655.90832812494,9656.470374624008,10000.0
2026-07-24T13:19:41.726539+00:00,9655.572576850385,9656.137306366089,10000.0
2026-07-24T13:20:46.744075+00:00,9658.414808404174,9658.964764495744,10000.0
2026-07-24T13:21:51.418284+00:00,9656.844401847886,9657.402810436768,10000.0
2026-07-24T13:22:56.517515+00:00,9653.587142469052,9654.127407871316,10000.0
2026-07-24T13:24:01.419636+00:00,9657.647207838825,9658.188443636087,10000.0
2026-07-24T13:25:07.194247+00:00,9649.190866272358,9649.729011826508,10000.0
2026-07-24T13:26:12.151064+00:00,9648.46684572022,9648.988753835745,10000.0
2026-07-24T13:27:16.520106+00:00,9648.28917113869,9648.81638857343,10000.0
2026-07-24T13:28:21.221070+00:00,9647.557551773703,9648.09433579487,10000.0
2026-07-24T13:29:26.114063+00:00,9643.445202932511,9643.988807091706,10000.0
2026-07-24T13:30:31.193088+00:00,9643.773939042012,9644.312587773276,10000.0
2026-07-24T13:31:36.076013+00:00,9637.573222135616,9638.11111423185,10000.0
2026-07-24T13:32:40.600426+00:00,9636.805169136618,9637.339660906824,10000.0
2026-07-24T13:33:45.643327+00:00,9636.167246046667,9636.706616487327,10000.0
2026-07-24T13:34:51.084734+00:00,9640.111120266902,9640.63318344686,10000.0
2026-07-24T13:35:56.575453+00:00,9633.965870414557,9634.50815288001,10000.0
2026-07-24T13:37:01.167325+00:00,9631.552207569819,9632.096009810079,10000.0
2026-07-24T13:38:05.316820+00:00,9636.072975570374,9636.63521520001,10000.0
2026-07-24T13:39:10.516113+00:00,9624.5307463737,9625.064835836729,10000.0
2026-07-24T13:40:16.034935+00:00,9619.577724921044,9620.110160345654,10000.0
2026-07-24T13:41:20.071491+00:00,9621.498867519498,9622.037313084804,10000.0
2026-07-24T13:42:24.911908+00:00,9620.765685474758,9621.3055401033,10000.0
2026-07-24T13:43:29.124288+00:00,9627.23566144867,9627.74187685374,10000.0
2026-07-24T13:44:33.834186+00:00,9635.32404277238,9635.828820633527,10000.0
2026-07-24T13:45:39.676906+00:00,9645.50517050311,9646.006826209936,10000.0
2026-07-24T13:46:44.876766+00:00,9642.716110588017,9643.222510262565,10000.0
2026-07-24T13:47:50.652986+00:00,9635.862418107763,9636.37042838252,10000.0
2026-07-24T13:48:57.161468+00:00,9632.974816547368,9633.479065357362,10000.0
2026-07-24T13:50:03.886043+00:00,9631.637800118362,9632.130848722247,10000.0
2026-07-24T13:51:09.215125+00:00,9613.565319146923,9614.082394376564,10000.0
2026-07-24T13:52:14.068610+00:00,9607.976868773454,9608.493165353651,10000.0
2026-07-24T13:53:19.247353+00:00,9597.100255547988,9597.57581830634,10000.0
2026-07-24T13:54:24.341851+00:00,9583.068612313067,9583.543451926167,10000.0
2026-07-24T13:55:29.230590+00:00,9577.212661937989,9577.68503244425,10000.0
2026-07-24T13:56:34.868077+00:00,9578.01558184557,9578.499083940782,10000.0
2026-07-24T13:57:39.737717+00:00,9587.987655696756,9588.472314333641,10000.0
2026-07-24T13:58:44.855180+00:00,9599.398739942055,9599.878004731001,10000.0
2026-07-24T13:59:49.458323+00:00,9601.98769062543,9602.475520708584,10000.0
2026-07-24T14:00:53.988686+00:00,9605.28065739493,9605.751972229667,10000.0
2026-07-24T14:01:58.652925+00:00,9603.132455952256,9603.622459383834,10000.0
2026-07-24T14:03:03.126013+00:00,9597.516407542842,9598.025215913874,10000.0
2026-07-24T14:04:07.835284+00:00,9591.413029850602,9591.923874365773,10000.0
2026-07-24T14:05:12.703517+00:00,9588.469468492709,9588.994308033767,10000.0
2026-07-24T14:06:17.046905+00:00,9600.05932374608,9600.556767093976,10000.0
2026-07-24T14:07:21.296932+00:00,9593.124828155407,9593.637920839663,10000.0
2026-07-24T14:08:26.242309+00:00,9607.30382528472,9607.800095209705,10000.0
2026-07-24T14:09:31.096837+00:00,9608.81261821747,9609.321020827345,10000.0
2026-07-24T14:10:37.949324+00:00,9613.836362430271,9614.331042820368,10000.0
2026-07-24T14:11:42.506831+00:00,9611.864234993074,9612.352363442476,10000.0
2026-07-24T14:12:46.867291+00:00,9602.786586110775,9603.273910299034,10000.0
2026-07-24T14:13:50.907938+00:00,9594.52394310955,9595.012340357976,10000.0
2026-07-24T14:14:55.149805+00:00,9594.067699120511,9594.547488992363,10000.0
2026-07-24T14:15:59.705711+00:00,9589.471880231142,9589.944764294552,10000.0
2026-07-24T14:17:04.388314+00:00,9590.737808387908,9591.19441546806,10000.0
2026-07-24T14:18:08.755555+00:00,9579.971960947416,9580.458059604007,10000.0
2026-07-24T14:19:13.250118+00:00,9563.759163908317,9564.277072593237,10000.0
2026-07-24T14:20:18.122864+00:00,9561.892386761363,9562.418175693241,10000.0
2026-07-24T14:21:23.208852+00:00,9573.16763419313,9573.664061538819,10000.0
2026-07-24T14:22:28.090999+00:00,9575.093679410737,9575.60607005602,10000.0
2026-07-24T14:23:32.293017+00:00,9573.629377785812,9574.122204978778,10000.0
2026-07-24T14:24:37.467974+00:00,9575.27085423415,9575.761127832884,10000.0
2026-07-24T14:25:41.993007+00:00,9573.30569555532,9573.788713644566,10000.0
2026-07-24T14:26:47.640584+00:00,9574.57167477166,9575.059874631343,10000.0
2026-07-24T14:27:53.123620+00:00,9577.491614764294,9577.99173264162,10000.0
2026-07-24T14:28:58.572699+00:00,9582.1802971791,9582.678981956247,10000.0
2026-07-24T14:30:04.708231+00:00,9589.593657367133,9590.086257112815,10000.0
2026-07-24T14:31:09.404884+00:00,9581.72223428242,9582.23349392616,10000.0
2026-07-24T14:32:14.674890+00:00,9578.33719408208,9578.880992163515,10000.0
2026-07-24T14:33:19.901216+00:00,9579.200476758313,9579.73921225018,10000.0
2026-07-24T14:34:24.216724+00:00,9579.044724086305,9579.596961961719,10000.0
2026-07-24T14:35:28.811904+00:00,9584.902633749914,9585.438740280953,10000.0
2026-07-24T14:36:34.373826+00:00,9589.085036412589,9589.644397705702,10000.0
2026-07-24T14:37:39.558792+00:00,9583.104195896227,9583.672939105443,10000.0
2026-07-24T14:38:45.017112+00:00,9585.183259554116,9585.733213764563,10000.0
2026-07-24T14:39:52.344905+00:00,9575.474663131938,9576.033314313147,10000.0
2026-07-24T14:41:03.572370+00:00,9578.092391802093,9578.63901225156,10000.0
2026-07-24T14:42:10.472546+00:00,9576.672767263659,9577.244526534136,10000.0
2026-07-24T14:43:15.151240+00:00,9569.893220694818,9570.488797821286,10000.0
2026-07-24T14:44:19.939794+00:00,9569.888431476897,9570.509027060985,10000.0
2026-07-24T14:45:25.038092+00:00,9567.228947878604,9567.846453861968,10000.0
2026-07-24T14:46:29.627680+00:00,9562.665133159771,9563.29158066853,10000.0
2026-07-24T14:47:35.375811+00:00,9568.851719171022,9569.475020056536,10000.0
2026-07-24T14:48:39.376152+00:00,9563.449994025908,9564.062738655288,10000.0
2026-07-24T14:49:44.350484+00:00,9577.932791217017,9578.517721528207,10000.0
2026-07-24T14:50:48.717688+00:00,9599.19097369945,9599.742807891234,10000.0
2026-07-24T14:51:53.513901+00:00,9593.226667564126,9593.792484312109,10000.0
2026-07-24T14:52:57.946031+00:00,9591.162017556264,9591.723395558165,10000.0
2026-07-24T14:54:01.970970+00:00,9600.605463864338,9601.161349909657,10000.0
2026-07-24T14:55:07.372778+00:00,9599.75802056076,9600.302380778321,10000.0
2026-07-24T14:56:12.949035+00:00,9604.25367314548,9604.798771922544,10000.0
2026-07-24T14:57:18.554311+00:00,9611.119926942505,9611.669369627574,10000.0
2026-07-24T14:58:23.583721+00:00,9611.658618576444,9612.222550072707,10000.0
2026-07-24T14:59:30.470567+00:00,9615.756235636329,9616.292600761772,10000.0
2026-07-24T15:00:36.726771+00:00,9610.2404991378,9610.798729754817,10000.0
2026-07-24T15:01:42.394674+00:00,9607.357574813013,9607.915845936575,10000.0
2026-07-24T15:02:48.738892+00:00,9601.385797565892,9601.98641969552,10000.0
2026-07-24T15:03:53.997787+00:00,9599.04783887358,9599.639479863128,10000.0
2026-07-24T15:04:59.646985+00:00,9593.544881754233,9594.1489807843,10000.0
2026-07-24T15:06:05.871322+00:00,9589.253148053363,9589.873683194684,10000.0
2026-07-24T15:07:11.258175+00:00,9578.569718027109,9579.212993710298,10000.0
2026-07-24T15:08:16.890168+00:00,9593.048420586492,9593.64837905157,10000.0
2026-07-24T15:09:22.485356+00:00,9589.181517039415,9589.786059665348,10000.0
2026-07-24T15:10:27.843195+00:00,9590.700805624227,9591.306309961908,10000.0
2026-07-24T15:11:33.432889+00:00,9611.179735294549,9611.744450300019,10000.0
2026-07-24T15:12:39.949602+00:00,9610.834550480831,9611.420432849216,10000.0
2026-07-24T15:13:45.626541+00:00,9610.329319260141,9610.916635181053,10000.0
2026-07-24T15:14:51.781834+00:00,9627.888861347696,9628.458508654852,10000.0
2026-07-24T15:15:58.403193+00:00,9636.582647858431,9637.130326441296,10000.0
2026-07-24T15:17:04.080171+00:00,9632.140188198397,9632.697251344307,10000.0
2026-07-24T15:18:09.358217+00:00,9621.708444648932,9622.278318273347,10000.0
2026-07-24T15:19:14.468765+00:00,9612.640218080907,9613.215704344548,10000.0
2026-07-24T15:20:19.825973+00:00,9615.992701253666,9616.568654799285,10000.0
2026-07-24T15:21:25.190049+00:00,9620.239431300717,9620.824213890352,10000.0
2026-07-24T15:22:31.065913+00:00,9616.98256242177,9617.560169425022,10000.0
2026-07-24T15:23:37.208187+00:00,9622.864795373422,9623.449496303894,10000.0
2026-07-24T15:24:42.838430+00:00,9622.694775641585,9623.27731142547,10000.0
2026-07-24T15:25:48.365682+00:00,9623.108944049976,9623.682166100692,10000.0
2026-07-24T15:26:54.344798+00:00,9627.202850195214,9627.755334996908,10000.0
2026-07-24T15:28:01.301763+00:00,9630.525006243604,9631.051194511856,10000.0
2026-07-24T15:29:08.019005+00:00,9628.361119634326,9628.90947300496,10000.0
2026-07-24T15:30:14.380812+00:00,9623.871579670587,9624.412032787335,10000.0
2026-07-24T15:31:20.241645+00:00,9627.115755530689,9627.627197513197,10000.0
2026-07-24T15:32:25.487385+00:00,9630.612039039297,9631.141080494723,10000.0
2026-07-24T15:33:31.835346+00:00,9637.960578697548,9638.485412481481,10000.0
2026-07-24T15:34:40.261215+00:00,9640.903282555766,9641.41250391602,10000.0
2026-07-24T15:35:46.316588+00:00,9642.570059087911,9643.096610192933,10000.0
2026-07-24T15:36:51.781300+00:00,9643.127132167694,9643.65895844762,10000.0
2026-07-24T15:37:57.330087+00:00,9643.025531776706,9643.574645386134,10000.0
2026-07-24T15:39:03.319280+00:00,9648.133463434955,9648.669373568113,10000.0
2026-07-24T15:40:08.821255+00:00,9650.448159752552,9650.989789059506,10000.0
2026-07-24T15:41:14.505783+00:00,9649.776069095937,9650.314471760765,10000.0
2026-07-24T15:42:21.090344+00:00,9639.444496759917,9640.020499137567,10000.0
2026-07-24T15:43:26.613952+00:00,9635.295880569169,9635.87513405922,10000.0
2026-07-24T15:44:32.535392+00:00,9638.312157431721,9638.89486825587,10000.0
2026-07-24T15:45:38.524744+00:00,9635.151446586378,9635.717253246683,10000.0
2026-07-24T15:46:44.909713+00:00,9634.9940529255,9635.567512086987,10000.0
2026-07-24T15:47:51.225598+00:00,9628.559731149375,9629.146286678428,10000.0
2026-07-24T15:48:57.158036+00:00,9635.50882333792,9636.07846942683,10000.0
2026-07-24T15:50:03.970861+00:00,9631.288772229993,9631.847394686898,10000.0
2026-07-24T15:51:10.686074+00:00,9636.985135787243,9637.539333846371,10000.0
2026-07-24T15:52:17.011570+00:00,9632.254017970556,9632.802581966287,10000.0
2026-07-24T15:53:22.543214+00:00,9618.264302637846,9618.818579472892,10000.0
2026-07-24T15:54:27.276097+00:00,9620.226232150362,9620.779563173499,10000.0
2026-07-24T15:55:33.215142+00:00,9632.365194110218,9632.920986983667,10000.0
2026-07-24T15:56:39.205877+00:00,9632.843895654503,9633.380507160933,10000.0
2026-07-24T15:57:45.144941+00:00,9634.158778922869,9634.696258024058,10000.0
2026-07-24T15:58:51.225515+00:00,9628.519773795879,9629.05020913891,10000.0
2026-07-24T15:59:58.740605+00:00,9624.81319440128,9625.334164038935,10000.0
2026-07-24T16:01:07.934801+00:00,9615.77996483348,9616.337425674901,10000.0
2026-07-24T16:02:14.891070+00:00,9607.612096964096,9608.194436219943,10000.0
2026-07-24T16:03:20.762600+00:00,9612.275321571611,9612.858044068893,10000.0
2026-07-24T16:04:26.052958+00:00,9619.229831512885,9619.803538403226,10000.0
2026-07-24T16:05:32.174550+00:00,9622.903897998114,9623.495149563732,10000.0
2026-07-24T16:06:37.821478+00:00,9620.249717486893,9620.835337532737,10000.0
2026-07-24T16:07:43.900656+00:00,9627.3956841101,9627.974036807636,10000.0
2026-07-24T16:08:50.047608+00:00,9625.552701935207,9626.125364285317,10000.0
2026-07-24T16:09:57.044596+00:00,9626.776036863095,9627.349574092383,10000.0
2026-07-24T16:11:03.271844+00:00,9632.501473922064,9633.06942429837,10000.0
2026-07-24T16:12:10.813608+00:00,9621.33519157984,9621.929186645673,10000.0
2026-07-24T16:13:17.368373+00:00,9615.303819415252,9615.9106018832,10000.0
2026-07-24T16:14:22.894675+00:00,9614.964784720994,9615.574095672839,10000.0
2026-07-24T16:15:28.821104+00:00,9614.463459383502,9615.08779537021,10000.0
2026-07-24T16:16:35.923455+00:00,9615.598018444414,9616.220263068279,10000.0
2026-07-24T16:17:41.528733+00:00,9610.5350256826,9611.131061306001,10000.0
2026-07-24T16:18:47.231147+00:00,9615.296783294445,9615.88650827064,10000.0
2026-07-24T16:19:52.580494+00:00,9620.542243609078,9621.141810536043,10000.0
2026-07-24T16:20:59.012400+00:00,9621.804155064441,9622.397665473096,10000.0
2026-07-24T16:22:05.843433+00:00,9615.31036889899,9615.915642791013,10000.0
2026-07-24T16:23:11.902193+00:00,9623.134301821454,9623.740855812017,10000.0
2026-07-24T16:24:17.539711+00:00,9621.452513108754,9622.058663374915,10000.0
2026-07-24T16:25:23.587474+00:00,9622.288759375995,9622.88635399042,10000.0
2026-07-24T16:26:29.712824+00:00,9620.467307664885,9621.07171764534,10000.0
2026-07-24T16:27:35.275837+00:00,9611.553507763034,9612.182352476528,10000.0
2026-07-24T16:28:41.102973+00:00,9612.93413013361,9613.55303703762,10000.0
2026-07-24T16:29:46.785967+00:00,9612.750971554318,9613.376574580121,10000.0
2026-07-24T16:30:53.013735+00:00,9603.582249045212,9604.221664089378,10000.0
2026-07-24T16:31:58.083376+00:00,9600.536973037995,9601.165322941783,10000.0
2026-07-24T16:33:03.935904+00:00,9602.549206789508,9603.177401470999,10000.0
2026-07-24T16:34:09.850930+00:00,9601.520083804488,9602.149157792599,10000.0
2026-07-24T16:35:15.747412+00:00,9600.081993398066,9600.710570445683,10000.0
2026-07-24T16:36:21.722868+00:00,9595.273074870802,9595.919996600984,10000.0
2026-07-24T16:37:27.397775+00:00,9591.891339336067,9592.53389851971,10000.0
2026-07-24T16:38:33.701468+00:00,9594.923539913774,9595.576294046106,10000.0
2026-07-24T16:39:39.014722+00:00,9591.722132104596,9592.364735285984,10000.0
2026-07-24T16:40:45.344265+00:00,9592.02166706926,9592.663808750016,10000.0
2026-07-24T16:41:50.682479+00:00,9591.592713229613,9592.2377201946,10000.0
2026-07-24T16:42:55.732097+00:00,9588.657522268944,9589.307383481713,10000.0
2026-07-24T16:44:01.591736+00:00,9587.13124304591,9587.795835620576,10000.0
2026-07-24T16:45:06.894395+00:00,9586.086581774558,9586.73447930425,10000.0
2026-07-24T16:46:12.534638+00:00,9585.258654769314,9585.941324842954,10000.0
2026-07-24T16:47:17.821014+00:00,9578.18595859046,9578.905098816718,10000.0
2026-07-24T16:48:23.349702+00:00,9569.93736416887,9570.675317781028,10000.0
2026-07-24T16:49:29.613171+00:00,9573.114666216688,9573.84389271601,10000.0
2026-07-24T16:50:35.234301+00:00,9574.76405552529,9575.493948089677,10000.0
2026-07-24T16:51:41.638639+00:00,9573.959417408794,9574.693370311,10000.0
2026-07-24T16:52:48.053394+00:00,9574.966744769356,9575.694436101125,10000.0
2026-07-24T16:53:53.641367+00:00,9572.84602970745,9573.582524347541,10000.0
2026-07-24T16:54:59.927182+00:00,9579.78142929649,9580.502152980063,10000.0
2026-07-24T16:56:06.127010+00:00,9582.327481319908,9583.056460176198,10000.0
2026-07-24T16:57:12.532875+00:00,9588.426757726935,9589.130355692301,10000.0
2026-07-24T16:58:19.889438+00:00,9592.970542650586,9593.657848321502,10000.0
2026-07-24T16:59:27.082594+00:00,9593.91715646137,9594.60404544472,10000.0
2026-07-24T17:00:32.567390+00:00,9585.47821857122,9586.211498850116,10000.0
2026-07-24T17:01:37.447821+00:00,9581.588556383318,9582.32261759621,10000.0
2026-07-24T17:02:44.529759+00:00,9586.53588617044,9587.272786322992,10000.0
2026-07-24T17:03:51.229774+00:00,9588.140304460934,9588.853238665459,10000.0
2026-07-24T17:04:57.521161+00:00,9593.949312636283,9594.654830865,10000.0
2026-07-24T17:06:03.500881+00:00,9592.600252385182,9593.311806314277,10000.0
2026-07-24T17:07:09.534245+00:00,9583.999708889114,9584.71986065295,10000.0
2026-07-24T17:08:15.953293+00:00,9580.337653367505,9581.062482689615,10000.0
2026-07-24T17:09:21.743937+00:00,9584.932747848701,9585.657958075157,10000.0
2026-07-24T17:10:28.223821+00:00,9584.101860371376,9584.824418608901,10000.0
2026-07-24T17:11:34.652494+00:00,9583.246094511467,9583.980825422312,10000.0
2026-07-24T17:12:41.265621+00:00,9586.318644416062,9587.02171688191,10000.0
2026-07-24T17:13:47.246417+00:00,9584.466797670997,9585.164531018527,10000.0
2026-07-24T17:14:54.006715+00:00,9586.962557830138,9587.676741222134,10000.0
2026-07-24T17:16:01.242518+00:00,9586.95213341632,9587.655736597064,10000.0
2026-07-24T17:18:09.979910+00:00,9596.731133970494,9597.396106912633,10000.0
2026-07-24T17:19:18.331252+00:00,9601.119072282569,9601.789843520315,10000.0
2026-07-24T17:20:25.015367+00:00,9605.887617102695,9606.533641155445,10000.0
2026-07-24T17:21:31.463976+00:00,9606.904098053736,9607.564680502182,10000.0
2026-07-24T17:22:37.195834+00:00,9606.941222284946,9607.593104134136,10000.0
2026-07-24T17:23:44.365787+00:00,9606.4937965303,9607.142386810374,10000.0
2026-07-24T17:24:51.562632+00:00,9610.21136003895,9610.850725142705,10000.0
2026-07-24T17:26:05.797978+00:00,9616.302043996468,9616.954387141248,10000.0
2026-07-24T17:27:19.569947+00:00,9617.978896153618,9618.630191542396,10000.0
2026-07-24T17:28:32.026991+00:00,9619.470453165959,9620.130862648775,10000.0
2026-07-24T17:29:39.988089+00:00,9617.67116566956,9618.328234598968,10000.0
2026-07-24T17:30:46.280476+00:00,9617.890254725664,9618.546140475804,10000.0
2026-07-24T17:31:51.802005+00:00,9615.253741191986,9615.913167558072,10000.0
2026-07-24T17:32:57.618153+00:00,9621.533259921462,9622.196970686966,10000.0
2026-07-24T17:34:03.067371+00:00,9623.269978198201,9623.949508188012,10000.0
2026-07-24T17:35:08.500746+00:00,9627.457673812964,9628.120226638339,10000.0
2026-07-24T17:36:14.706650+00:00,9622.702095291193,9623.379326215912,10000.0
2026-07-24T17:37:21.392200+00:00,9618.682916344109,9619.377414215314,10000.0
2026-07-24T17:38:27.257248+00:00,9616.479284803718,9617.164334179888,10000.0
2026-07-24T17:39:33.496506+00:00,9616.163870438493,9616.855330089453,10000.0
2026-07-24T17:40:40.032697+00:00,9615.176793158864,9615.86456583026,10000.0
2026-07-24T17:41:45.724232+00:00,9615.88732485475,9616.585523896285,10000.0
2026-07-24T17:42:51.433131+00:00,9616.340447528244,9617.03769090257,10000.0
2026-07-24T17:43:59.130990+00:00,9616.547574763736,9617.253337805172,10000.0
2026-07-24T17:45:04.708592+00:00,9615.876651508359,9616.58553791129,10000.0
